2025-04-30 15:31:08.302 INFO: ===========VERIFYING SETTINGS===========
2025-04-30 15:31:08.302 INFO: MACE version: 0.3.13
2025-04-30 15:31:08.447 INFO: CUDA version: 11.7, CUDA device: 0
2025-04-30 15:31:09.002 INFO: ===========LOADING INPUT DATA===========
2025-04-30 15:31:09.002 INFO: Using heads: ['Default']
2025-04-30 15:31:09.002 INFO: Using the key specifications to parse data:
2025-04-30 15:31:09.002 INFO: Default: KeySpecification(info_keys={'energy': 'None', 'stress': 'None', 'virials': 'REF_virials', 'dipole': 'dipole', 'polarizability': 'susceptibility_tensor', 'head': 'head'}, arrays_keys={'forces': 'None', 'dipole_deriv': 'dipole_deriv', 'polarizability_deriv': 'raman_tensor'})
2025-04-30 15:31:09.002 INFO: =============    Processing head Default     ===========
2025-04-30 15:31:09.366 INFO: Training set 1/1 [energy: 0, stress: 0, virials: 0, dipole components: 0, polarizability: 651, head: 651, forces: 0, dipole_deriv: 0, polarizability_deriv: 651]
2025-04-30 15:31:09.370 INFO: Total Training set [energy: 0, stress: 0, virials: 0, dipole components: 0, polarizability: 651, head: 651, forces: 0, dipole_deriv: 0, polarizability_deriv: 651]
2025-04-30 15:31:09.370 INFO: No validation set provided, splitting training data instead.
2025-04-30 15:31:09.373 INFO: Using random 5% of training set for validation with indices saved in: ./valid_indices_123.txt
2025-04-30 15:31:09.377 INFO: Random Split Training set [energy: 0, stress: 0, virials: 0, dipole components: 0, polarizability: 619, head: 619, forces: 0, dipole_deriv: 0, polarizability_deriv: 619]
2025-04-30 15:31:09.377 INFO: Random Split Validation set [energy: 0, stress: 0, virials: 0, dipole components: 0, polarizability: 32, head: 32, forces: 0, dipole_deriv: 0, polarizability_deriv: 32]
2025-04-30 15:31:09.680 INFO: Test set 1/1 [energy: 0, stress: 0, virials: 0, dipole components: 0, polarizability: 651, head: 651, forces: 0, dipole_deriv: 0, polarizability_deriv: 651]
2025-04-30 15:31:09.685 INFO: Total Test set [energy: 0, stress: 0, virials: 0, dipole components: 0, polarizability: 651, head: 651, forces: 0, dipole_deriv: 0, polarizability_deriv: 651]
2025-04-30 15:31:09.685 INFO: Total number of configurations: train=619, valid=32, tests=[mono_Default: 76, bi_Default: 575],
2025-04-30 15:31:09.686 INFO: Atomic Numbers used: [16, 34, 42, 74]
2025-04-30 15:31:09.687 INFO: Processing datasets for head 'Default'
2025-04-30 15:31:10.268 INFO: Combining 1 list datasets for head 'Default'
2025-04-30 15:31:10.285 INFO: Head 'Default' training dataset size: 619
2025-04-30 15:31:10.285 INFO: Computing average number of neighbors
2025-04-30 15:31:17.188 INFO: Average number of neighbors: 71.95166279969064
2025-04-30 15:31:17.188 INFO: During training the following quantities will be reported: dipoles, polarizability, dipole_deriv, polarizability_deriv
2025-04-30 15:31:17.188 INFO: ===========MODEL DETAILS===========
2025-04-30 15:31:17.188 INFO: Building model
2025-04-30 15:31:17.189 INFO: Message passing with 128 channels and max_L=2 (128x0e + 128x1o + 128x2e)
2025-04-30 15:31:17.189 INFO: 2 layers, each with correlation order: 3 (body order: 4) and spherical harmonics up to: l=3
2025-04-30 15:31:17.189 INFO: 8 radial and 5 basis functions
2025-04-30 15:31:17.189 INFO: Radial cutoff: 8.0 A (total receptive field for each atom: 16.0 A)
2025-04-30 15:31:17.189 INFO: Distance transform for radial basis functions: None
2025-04-30 15:31:17.189 INFO: Hidden irreps: 128x0e + 128x1o + 128x2e
2025-04-30 15:31:59.015 INFO: Total number of parameters: 1104320
2025-04-30 15:31:59.016 INFO: 
2025-04-30 15:31:59.016 INFO: ===========OPTIMIZER INFORMATION===========
2025-04-30 15:31:59.016 INFO: Using ADAM as parameter optimizer
2025-04-30 15:31:59.016 INFO: Batch size: 10
2025-04-30 15:31:59.016 INFO: Number of gradient updates: 30950
2025-04-30 15:31:59.016 INFO: Learning rate: 0.01, weight decay: 5e-07
2025-04-30 15:31:59.016 INFO: DipolePolarizabilityDerivLoss(dipole_weight=0.000, polarizability_weight=10.000, dipole_deriv_weight=0.000, polarizability_deriv_weight=1.000)
2025-04-30 15:31:59.021 WARNING: Cannot find checkpoint with tag 'MoWSSe_aligned_ndata651_r8_w10_1_new_run-123' in './checkpoints'
2025-04-30 15:31:59.021 INFO: Using gradient clipping with tolerance=10.000
2025-04-30 15:31:59.021 INFO: 
2025-04-30 15:31:59.021 INFO: ===========TRAINING===========
2025-04-30 15:31:59.021 INFO: Started training, reporting errors on validation set
2025-04-30 15:31:59.021 INFO: Loss metrics on validation set
2025-04-30 15:32:14.400 INFO: Initial: head: Default, loss=154.1573, RMSE_MU_per_atom=0.00 mDebye, RMSE_MU_DERIV=0.00 mDebye / A, RMSE_ALPHA_per_atom=   10.85, RMSE_ALPHA_DERIV=    8.83
2025-04-30 15:32:36.485 INFO: Epoch 0: head: Default, loss=8.1240, RMSE_MU_per_atom=0.00 mDebye, RMSE_MU_DERIV=0.04 mDebye / A, RMSE_ALPHA_per_atom=    1.04, RMSE_ALPHA_DERIV=    8.35
2025-04-30 15:32:50.793 INFO: Epoch 1: head: Default, loss=4.2961, RMSE_MU_per_atom=0.00 mDebye, RMSE_MU_DERIV=0.04 mDebye / A, RMSE_ALPHA_per_atom=    0.41, RMSE_ALPHA_DERIV=    6.63
2025-04-30 15:33:05.151 INFO: Epoch 2: head: Default, loss=2.1704, RMSE_MU_per_atom=0.00 mDebye, RMSE_MU_DERIV=0.01 mDebye / A, RMSE_ALPHA_per_atom=    0.36, RMSE_ALPHA_DERIV=    4.63
2025-04-30 15:33:19.566 INFO: Epoch 3: head: Default, loss=2.5548, RMSE_MU_per_atom=0.00 mDebye, RMSE_MU_DERIV=0.00 mDebye / A, RMSE_ALPHA_per_atom=    0.68, RMSE_ALPHA_DERIV=    4.51
2025-04-30 15:33:33.837 INFO: Epoch 4: head: Default, loss=1.5381, RMSE_MU_per_atom=0.00 mDebye, RMSE_MU_DERIV=0.00 mDebye / A, RMSE_ALPHA_per_atom=    0.30, RMSE_ALPHA_DERIV=    3.84
2025-04-30 15:33:48.333 INFO: Epoch 5: head: Default, loss=1.3813, RMSE_MU_per_atom=0.00 mDebye, RMSE_MU_DERIV=0.00 mDebye / A, RMSE_ALPHA_per_atom=    0.28, RMSE_ALPHA_DERIV=    3.73
2025-04-30 15:34:02.719 INFO: Epoch 6: head: Default, loss=1.3314, RMSE_MU_per_atom=0.00 mDebye, RMSE_MU_DERIV=0.00 mDebye / A, RMSE_ALPHA_per_atom=    0.37, RMSE_ALPHA_DERIV=    3.54
2025-04-30 15:34:17.094 INFO: Epoch 7: head: Default, loss=1.0887, RMSE_MU_per_atom=0.00 mDebye, RMSE_MU_DERIV=0.00 mDebye / A, RMSE_ALPHA_per_atom=    0.24, RMSE_ALPHA_DERIV=    3.24
2025-04-30 15:34:31.453 INFO: Epoch 8: head: Default, loss=1.0807, RMSE_MU_per_atom=0.00 mDebye, RMSE_MU_DERIV=0.00 mDebye / A, RMSE_ALPHA_per_atom=    0.23, RMSE_ALPHA_DERIV=    3.22
2025-04-30 15:34:45.861 INFO: Epoch 9: head: Default, loss=1.2136, RMSE_MU_per_atom=0.00 mDebye, RMSE_MU_DERIV=0.00 mDebye / A, RMSE_ALPHA_per_atom=    0.30, RMSE_ALPHA_DERIV=    3.22
2025-04-30 15:35:00.225 INFO: Epoch 10: head: Default, loss=0.7805, RMSE_MU_per_atom=0.00 mDebye, RMSE_MU_DERIV=0.00 mDebye / A, RMSE_ALPHA_per_atom=    0.20, RMSE_ALPHA_DERIV=    2.77
2025-04-30 15:35:14.651 INFO: Epoch 11: head: Default, loss=0.9343, RMSE_MU_per_atom=0.00 mDebye, RMSE_MU_DERIV=0.00 mDebye / A, RMSE_ALPHA_per_atom=    0.43, RMSE_ALPHA_DERIV=    2.72
2025-04-30 15:35:28.927 INFO: Epoch 12: head: Default, loss=0.9942, RMSE_MU_per_atom=0.00 mDebye, RMSE_MU_DERIV=0.00 mDebye / A, RMSE_ALPHA_per_atom=    0.27, RMSE_ALPHA_DERIV=    3.08
2025-04-30 15:35:43.300 INFO: Epoch 13: head: Default, loss=1.4784, RMSE_MU_per_atom=0.00 mDebye, RMSE_MU_DERIV=0.00 mDebye / A, RMSE_ALPHA_per_atom=    0.42, RMSE_ALPHA_DERIV=    3.44
2025-04-30 15:35:57.692 INFO: Epoch 14: head: Default, loss=0.7177, RMSE_MU_per_atom=0.00 mDebye, RMSE_MU_DERIV=0.00 mDebye / A, RMSE_ALPHA_per_atom=    0.28, RMSE_ALPHA_DERIV=    2.53
2025-04-30 15:36:12.151 INFO: Epoch 15: head: Default, loss=0.7288, RMSE_MU_per_atom=0.00 mDebye, RMSE_MU_DERIV=0.00 mDebye / A, RMSE_ALPHA_per_atom=    0.26, RMSE_ALPHA_DERIV=    2.57
2025-04-30 15:36:26.445 INFO: Epoch 16: head: Default, loss=0.7424, RMSE_MU_per_atom=0.00 mDebye, RMSE_MU_DERIV=0.00 mDebye / A, RMSE_ALPHA_per_atom=    0.20, RMSE_ALPHA_DERIV=    2.59
2025-04-30 15:36:40.861 INFO: Epoch 17: head: Default, loss=0.9243, RMSE_MU_per_atom=0.00 mDebye, RMSE_MU_DERIV=0.00 mDebye / A, RMSE_ALPHA_per_atom=    0.34, RMSE_ALPHA_DERIV=    2.77
2025-04-30 15:36:55.227 INFO: Epoch 18: head: Default, loss=0.6174, RMSE_MU_per_atom=0.00 mDebye, RMSE_MU_DERIV=0.00 mDebye / A, RMSE_ALPHA_per_atom=    0.20, RMSE_ALPHA_DERIV=    2.43
2025-04-30 15:37:09.591 INFO: Epoch 19: head: Default, loss=0.5840, RMSE_MU_per_atom=0.00 mDebye, RMSE_MU_DERIV=0.00 mDebye / A, RMSE_ALPHA_per_atom=    0.18, RMSE_ALPHA_DERIV=    2.35
2025-04-30 15:37:23.946 INFO: Epoch 20: head: Default, loss=0.5233, RMSE_MU_per_atom=0.00 mDebye, RMSE_MU_DERIV=0.00 mDebye / A, RMSE_ALPHA_per_atom=    0.18, RMSE_ALPHA_DERIV=    2.20
2025-04-30 15:37:38.340 INFO: Epoch 21: head: Default, loss=0.5695, RMSE_MU_per_atom=0.00 mDebye, RMSE_MU_DERIV=0.00 mDebye / A, RMSE_ALPHA_per_atom=    0.24, RMSE_ALPHA_DERIV=    2.28
2025-04-30 15:37:52.668 INFO: Epoch 22: head: Default, loss=0.5921, RMSE_MU_per_atom=0.00 mDebye, RMSE_MU_DERIV=0.00 mDebye / A, RMSE_ALPHA_per_atom=    0.23, RMSE_ALPHA_DERIV=    2.29
2025-04-30 15:38:07.035 INFO: Epoch 23: head: Default, loss=0.5651, RMSE_MU_per_atom=0.00 mDebye, RMSE_MU_DERIV=0.00 mDebye / A, RMSE_ALPHA_per_atom=    0.20, RMSE_ALPHA_DERIV=    2.27
2025-04-30 15:38:21.394 INFO: Epoch 24: head: Default, loss=0.7476, RMSE_MU_per_atom=0.00 mDebye, RMSE_MU_DERIV=0.00 mDebye / A, RMSE_ALPHA_per_atom=    0.18, RMSE_ALPHA_DERIV=    2.72
2025-04-30 15:38:35.645 INFO: Epoch 25: head: Default, loss=0.5315, RMSE_MU_per_atom=0.00 mDebye, RMSE_MU_DERIV=0.00 mDebye / A, RMSE_ALPHA_per_atom=    0.23, RMSE_ALPHA_DERIV=    2.24
2025-04-30 15:38:50.136 INFO: Epoch 26: head: Default, loss=0.6422, RMSE_MU_per_atom=0.00 mDebye, RMSE_MU_DERIV=0.00 mDebye / A, RMSE_ALPHA_per_atom=    0.29, RMSE_ALPHA_DERIV=    2.33
2025-04-30 15:39:04.488 INFO: Epoch 27: head: Default, loss=0.5066, RMSE_MU_per_atom=0.00 mDebye, RMSE_MU_DERIV=0.00 mDebye / A, RMSE_ALPHA_per_atom=    0.29, RMSE_ALPHA_DERIV=    2.07
2025-04-30 15:39:18.895 INFO: Epoch 28: head: Default, loss=0.6915, RMSE_MU_per_atom=0.00 mDebye, RMSE_MU_DERIV=0.00 mDebye / A, RMSE_ALPHA_per_atom=    0.38, RMSE_ALPHA_DERIV=    2.29
2025-04-30 15:39:33.260 INFO: Epoch 29: head: Default, loss=0.5642, RMSE_MU_per_atom=0.00 mDebye, RMSE_MU_DERIV=0.00 mDebye / A, RMSE_ALPHA_per_atom=    0.29, RMSE_ALPHA_DERIV=    2.24
2025-04-30 15:39:47.629 INFO: Epoch 30: head: Default, loss=0.6360, RMSE_MU_per_atom=0.00 mDebye, RMSE_MU_DERIV=0.00 mDebye / A, RMSE_ALPHA_per_atom=    0.34, RMSE_ALPHA_DERIV=    2.27
2025-04-30 15:40:01.887 INFO: Epoch 31: head: Default, loss=0.4814, RMSE_MU_per_atom=0.00 mDebye, RMSE_MU_DERIV=0.00 mDebye / A, RMSE_ALPHA_per_atom=    0.12, RMSE_ALPHA_DERIV=    2.12
2025-04-30 15:40:16.258 INFO: Epoch 32: head: Default, loss=0.5442, RMSE_MU_per_atom=0.00 mDebye, RMSE_MU_DERIV=0.00 mDebye / A, RMSE_ALPHA_per_atom=    0.14, RMSE_ALPHA_DERIV=    2.32
2025-04-30 15:40:30.657 INFO: Epoch 33: head: Default, loss=0.3801, RMSE_MU_per_atom=0.00 mDebye, RMSE_MU_DERIV=0.00 mDebye / A, RMSE_ALPHA_per_atom=    0.19, RMSE_ALPHA_DERIV=    1.87
2025-04-30 15:40:45.430 INFO: Epoch 34: head: Default, loss=0.4969, RMSE_MU_per_atom=0.00 mDebye, RMSE_MU_DERIV=0.00 mDebye / A, RMSE_ALPHA_per_atom=    0.18, RMSE_ALPHA_DERIV=    2.13
2025-04-30 15:41:00.149 INFO: Epoch 35: head: Default, loss=0.4246, RMSE_MU_per_atom=0.00 mDebye, RMSE_MU_DERIV=0.00 mDebye / A, RMSE_ALPHA_per_atom=    0.20, RMSE_ALPHA_DERIV=    2.00
2025-04-30 15:41:14.610 INFO: Epoch 36: head: Default, loss=0.4152, RMSE_MU_per_atom=0.00 mDebye, RMSE_MU_DERIV=0.00 mDebye / A, RMSE_ALPHA_per_atom=    0.22, RMSE_ALPHA_DERIV=    1.90
2025-04-30 15:41:29.006 INFO: Epoch 37: head: Default, loss=0.4916, RMSE_MU_per_atom=0.00 mDebye, RMSE_MU_DERIV=0.00 mDebye / A, RMSE_ALPHA_per_atom=    0.26, RMSE_ALPHA_DERIV=    2.10
2025-04-30 15:41:43.429 INFO: Epoch 38: head: Default, loss=0.5424, RMSE_MU_per_atom=0.00 mDebye, RMSE_MU_DERIV=0.00 mDebye / A, RMSE_ALPHA_per_atom=    0.23, RMSE_ALPHA_DERIV=    2.25
2025-04-30 15:41:57.805 INFO: Epoch 39: head: Default, loss=0.4417, RMSE_MU_per_atom=0.00 mDebye, RMSE_MU_DERIV=0.00 mDebye / A, RMSE_ALPHA_per_atom=    0.10, RMSE_ALPHA_DERIV=    2.11
2025-04-30 15:42:12.152 INFO: Epoch 40: head: Default, loss=0.5390, RMSE_MU_per_atom=0.00 mDebye, RMSE_MU_DERIV=0.00 mDebye / A, RMSE_ALPHA_per_atom=    0.20, RMSE_ALPHA_DERIV=    2.28
2025-04-30 15:42:26.474 INFO: Epoch 41: head: Default, loss=0.3387, RMSE_MU_per_atom=0.00 mDebye, RMSE_MU_DERIV=0.00 mDebye / A, RMSE_ALPHA_per_atom=    0.14, RMSE_ALPHA_DERIV=    1.85
2025-04-30 15:42:40.878 INFO: Epoch 42: head: Default, loss=0.4806, RMSE_MU_per_atom=0.00 mDebye, RMSE_MU_DERIV=0.00 mDebye / A, RMSE_ALPHA_per_atom=    0.11, RMSE_ALPHA_DERIV=    2.20
2025-04-30 15:42:55.268 INFO: Epoch 43: head: Default, loss=0.7104, RMSE_MU_per_atom=0.00 mDebye, RMSE_MU_DERIV=0.00 mDebye / A, RMSE_ALPHA_per_atom=    0.25, RMSE_ALPHA_DERIV=    2.39
2025-04-30 15:43:09.614 INFO: Epoch 44: head: Default, loss=0.5451, RMSE_MU_per_atom=0.00 mDebye, RMSE_MU_DERIV=0.00 mDebye / A, RMSE_ALPHA_per_atom=    0.20, RMSE_ALPHA_DERIV=    2.27
2025-04-30 15:43:23.940 INFO: Epoch 45: head: Default, loss=0.3383, RMSE_MU_per_atom=0.00 mDebye, RMSE_MU_DERIV=0.00 mDebye / A, RMSE_ALPHA_per_atom=    0.18, RMSE_ALPHA_DERIV=    1.77
2025-04-30 15:43:38.351 INFO: Epoch 46: head: Default, loss=0.3606, RMSE_MU_per_atom=0.00 mDebye, RMSE_MU_DERIV=0.00 mDebye / A, RMSE_ALPHA_per_atom=    0.17, RMSE_ALPHA_DERIV=    1.80
2025-04-30 15:43:52.729 INFO: Epoch 47: head: Default, loss=0.3716, RMSE_MU_per_atom=0.00 mDebye, RMSE_MU_DERIV=0.00 mDebye / A, RMSE_ALPHA_per_atom=    0.12, RMSE_ALPHA_DERIV=    1.93
2025-04-30 15:44:07.054 INFO: Epoch 48: head: Default, loss=0.3124, RMSE_MU_per_atom=0.00 mDebye, RMSE_MU_DERIV=0.00 mDebye / A, RMSE_ALPHA_per_atom=    0.13, RMSE_ALPHA_DERIV=    1.75
2025-04-30 15:44:21.453 INFO: Epoch 49: head: Default, loss=0.3313, RMSE_MU_per_atom=0.00 mDebye, RMSE_MU_DERIV=0.00 mDebye / A, RMSE_ALPHA_per_atom=    0.19, RMSE_ALPHA_DERIV=    1.71
2025-04-30 15:44:35.733 INFO: Epoch 50: head: Default, loss=0.4508, RMSE_MU_per_atom=0.00 mDebye, RMSE_MU_DERIV=0.00 mDebye / A, RMSE_ALPHA_per_atom=    0.15, RMSE_ALPHA_DERIV=    2.11
2025-04-30 15:44:50.115 INFO: Epoch 51: head: Default, loss=0.6829, RMSE_MU_per_atom=0.00 mDebye, RMSE_MU_DERIV=0.00 mDebye / A, RMSE_ALPHA_per_atom=    0.39, RMSE_ALPHA_DERIV=    2.33
2025-04-30 15:45:04.522 INFO: Epoch 52: head: Default, loss=0.2776, RMSE_MU_per_atom=0.00 mDebye, RMSE_MU_DERIV=0.00 mDebye / A, RMSE_ALPHA_per_atom=    0.11, RMSE_ALPHA_DERIV=    1.68
2025-04-30 15:45:18.853 INFO: Epoch 53: head: Default, loss=0.3582, RMSE_MU_per_atom=0.00 mDebye, RMSE_MU_DERIV=0.00 mDebye / A, RMSE_ALPHA_per_atom=    0.18, RMSE_ALPHA_DERIV=    1.81
2025-04-30 15:45:33.224 INFO: Epoch 54: head: Default, loss=0.4912, RMSE_MU_per_atom=0.00 mDebye, RMSE_MU_DERIV=0.00 mDebye / A, RMSE_ALPHA_per_atom=    0.25, RMSE_ALPHA_DERIV=    2.06
2025-04-30 15:45:47.603 INFO: Epoch 55: head: Default, loss=0.3741, RMSE_MU_per_atom=0.00 mDebye, RMSE_MU_DERIV=0.00 mDebye / A, RMSE_ALPHA_per_atom=    0.16, RMSE_ALPHA_DERIV=    1.91
2025-04-30 15:46:02.036 INFO: Epoch 56: head: Default, loss=0.3425, RMSE_MU_per_atom=0.00 mDebye, RMSE_MU_DERIV=0.00 mDebye / A, RMSE_ALPHA_per_atom=    0.12, RMSE_ALPHA_DERIV=    1.85
2025-04-30 15:46:16.406 INFO: Epoch 57: head: Default, loss=0.4331, RMSE_MU_per_atom=0.00 mDebye, RMSE_MU_DERIV=0.00 mDebye / A, RMSE_ALPHA_per_atom=    0.35, RMSE_ALPHA_DERIV=    1.72
2025-04-30 15:46:30.684 INFO: Epoch 58: head: Default, loss=0.4395, RMSE_MU_per_atom=0.00 mDebye, RMSE_MU_DERIV=0.00 mDebye / A, RMSE_ALPHA_per_atom=    0.17, RMSE_ALPHA_DERIV=    2.03
2025-04-30 15:46:44.994 INFO: Epoch 59: head: Default, loss=0.2736, RMSE_MU_per_atom=0.00 mDebye, RMSE_MU_DERIV=0.00 mDebye / A, RMSE_ALPHA_per_atom=    0.12, RMSE_ALPHA_DERIV=    1.63
2025-04-30 15:46:59.410 INFO: Epoch 60: head: Default, loss=0.3196, RMSE_MU_per_atom=0.00 mDebye, RMSE_MU_DERIV=0.00 mDebye / A, RMSE_ALPHA_per_atom=    0.11, RMSE_ALPHA_DERIV=    1.80
2025-04-30 15:47:13.787 INFO: Epoch 61: head: Default, loss=0.4276, RMSE_MU_per_atom=0.00 mDebye, RMSE_MU_DERIV=0.00 mDebye / A, RMSE_ALPHA_per_atom=    0.21, RMSE_ALPHA_DERIV=    1.96
2025-04-30 15:47:28.157 INFO: Epoch 62: head: Default, loss=0.3214, RMSE_MU_per_atom=0.00 mDebye, RMSE_MU_DERIV=0.00 mDebye / A, RMSE_ALPHA_per_atom=    0.15, RMSE_ALPHA_DERIV=    1.76
2025-04-30 15:47:42.571 INFO: Epoch 63: head: Default, loss=0.4120, RMSE_MU_per_atom=0.00 mDebye, RMSE_MU_DERIV=0.00 mDebye / A, RMSE_ALPHA_per_atom=    0.19, RMSE_ALPHA_DERIV=    1.97
2025-04-30 15:47:56.949 INFO: Epoch 64: head: Default, loss=0.3926, RMSE_MU_per_atom=0.00 mDebye, RMSE_MU_DERIV=0.00 mDebye / A, RMSE_ALPHA_per_atom=    0.19, RMSE_ALPHA_DERIV=    1.92
2025-04-30 15:48:11.273 INFO: Epoch 65: head: Default, loss=0.2774, RMSE_MU_per_atom=0.00 mDebye, RMSE_MU_DERIV=0.00 mDebye / A, RMSE_ALPHA_per_atom=    0.18, RMSE_ALPHA_DERIV=    1.56
2025-04-30 15:48:25.531 INFO: Epoch 66: head: Default, loss=0.2954, RMSE_MU_per_atom=0.00 mDebye, RMSE_MU_DERIV=0.00 mDebye / A, RMSE_ALPHA_per_atom=    0.16, RMSE_ALPHA_DERIV=    1.66
2025-04-30 15:48:39.808 INFO: Epoch 67: head: Default, loss=0.3448, RMSE_MU_per_atom=0.00 mDebye, RMSE_MU_DERIV=0.00 mDebye / A, RMSE_ALPHA_per_atom=    0.30, RMSE_ALPHA_DERIV=    1.58
2025-04-30 15:48:54.040 INFO: Epoch 68: head: Default, loss=0.3292, RMSE_MU_per_atom=0.00 mDebye, RMSE_MU_DERIV=0.00 mDebye / A, RMSE_ALPHA_per_atom=    0.12, RMSE_ALPHA_DERIV=    1.82
2025-04-30 15:49:08.398 INFO: Epoch 69: head: Default, loss=0.2589, RMSE_MU_per_atom=0.00 mDebye, RMSE_MU_DERIV=0.00 mDebye / A, RMSE_ALPHA_per_atom=    0.11, RMSE_ALPHA_DERIV=    1.61
2025-04-30 15:49:22.800 INFO: Epoch 70: head: Default, loss=0.2905, RMSE_MU_per_atom=0.00 mDebye, RMSE_MU_DERIV=0.00 mDebye / A, RMSE_ALPHA_per_atom=    0.12, RMSE_ALPHA_DERIV=    1.68
2025-04-30 15:49:37.102 INFO: Epoch 71: head: Default, loss=0.4954, RMSE_MU_per_atom=0.00 mDebye, RMSE_MU_DERIV=0.00 mDebye / A, RMSE_ALPHA_per_atom=    0.37, RMSE_ALPHA_DERIV=    1.79
2025-04-30 15:49:51.433 INFO: Epoch 72: head: Default, loss=0.3963, RMSE_MU_per_atom=0.00 mDebye, RMSE_MU_DERIV=0.00 mDebye / A, RMSE_ALPHA_per_atom=    0.14, RMSE_ALPHA_DERIV=    1.96
2025-04-30 15:50:05.785 INFO: Epoch 73: head: Default, loss=0.3347, RMSE_MU_per_atom=0.00 mDebye, RMSE_MU_DERIV=0.00 mDebye / A, RMSE_ALPHA_per_atom=    0.18, RMSE_ALPHA_DERIV=    1.74
2025-04-30 15:50:20.084 INFO: Epoch 74: head: Default, loss=0.4194, RMSE_MU_per_atom=0.00 mDebye, RMSE_MU_DERIV=0.00 mDebye / A, RMSE_ALPHA_per_atom=    0.19, RMSE_ALPHA_DERIV=    1.99
2025-04-30 15:50:34.405 INFO: Epoch 75: head: Default, loss=0.3452, RMSE_MU_per_atom=0.00 mDebye, RMSE_MU_DERIV=0.00 mDebye / A, RMSE_ALPHA_per_atom=    0.15, RMSE_ALPHA_DERIV=    1.79
2025-04-30 15:50:48.728 INFO: Epoch 76: head: Default, loss=0.2787, RMSE_MU_per_atom=0.00 mDebye, RMSE_MU_DERIV=0.00 mDebye / A, RMSE_ALPHA_per_atom=    0.16, RMSE_ALPHA_DERIV=    1.59
2025-04-30 15:51:03.104 INFO: Epoch 77: head: Default, loss=0.4068, RMSE_MU_per_atom=0.00 mDebye, RMSE_MU_DERIV=0.00 mDebye / A, RMSE_ALPHA_per_atom=    0.19, RMSE_ALPHA_DERIV=    1.95
2025-04-30 15:51:17.476 INFO: Epoch 78: head: Default, loss=0.2271, RMSE_MU_per_atom=0.00 mDebye, RMSE_MU_DERIV=0.00 mDebye / A, RMSE_ALPHA_per_atom=    0.17, RMSE_ALPHA_DERIV=    1.42
2025-04-30 15:51:31.834 INFO: Epoch 79: head: Default, loss=0.3427, RMSE_MU_per_atom=0.00 mDebye, RMSE_MU_DERIV=0.00 mDebye / A, RMSE_ALPHA_per_atom=    0.13, RMSE_ALPHA_DERIV=    1.90
2025-04-30 15:51:46.172 INFO: Epoch 80: head: Default, loss=0.2862, RMSE_MU_per_atom=0.00 mDebye, RMSE_MU_DERIV=0.00 mDebye / A, RMSE_ALPHA_per_atom=    0.09, RMSE_ALPHA_DERIV=    1.71
2025-04-30 15:52:00.499 INFO: Epoch 81: head: Default, loss=0.2845, RMSE_MU_per_atom=0.00 mDebye, RMSE_MU_DERIV=0.00 mDebye / A, RMSE_ALPHA_per_atom=    0.12, RMSE_ALPHA_DERIV=    1.66
2025-04-30 15:52:14.953 INFO: Epoch 82: head: Default, loss=0.2239, RMSE_MU_per_atom=0.00 mDebye, RMSE_MU_DERIV=0.00 mDebye / A, RMSE_ALPHA_per_atom=    0.09, RMSE_ALPHA_DERIV=    1.50
2025-04-30 15:52:29.280 INFO: Epoch 83: head: Default, loss=0.2478, RMSE_MU_per_atom=0.00 mDebye, RMSE_MU_DERIV=0.00 mDebye / A, RMSE_ALPHA_per_atom=    0.09, RMSE_ALPHA_DERIV=    1.57
2025-04-30 15:52:43.607 INFO: Epoch 84: head: Default, loss=0.4432, RMSE_MU_per_atom=0.00 mDebye, RMSE_MU_DERIV=0.00 mDebye / A, RMSE_ALPHA_per_atom=    0.34, RMSE_ALPHA_DERIV=    1.75
2025-04-30 15:52:57.912 INFO: Epoch 85: head: Default, loss=0.3474, RMSE_MU_per_atom=0.00 mDebye, RMSE_MU_DERIV=0.00 mDebye / A, RMSE_ALPHA_per_atom=    0.19, RMSE_ALPHA_DERIV=    1.76
2025-04-30 15:53:12.241 INFO: Epoch 86: head: Default, loss=0.3320, RMSE_MU_per_atom=0.00 mDebye, RMSE_MU_DERIV=0.00 mDebye / A, RMSE_ALPHA_per_atom=    0.12, RMSE_ALPHA_DERIV=    1.85
2025-04-30 15:53:26.562 INFO: Epoch 87: head: Default, loss=0.3028, RMSE_MU_per_atom=0.00 mDebye, RMSE_MU_DERIV=0.00 mDebye / A, RMSE_ALPHA_per_atom=    0.12, RMSE_ALPHA_DERIV=    1.72
2025-04-30 15:53:40.931 INFO: Epoch 88: head: Default, loss=0.2823, RMSE_MU_per_atom=0.00 mDebye, RMSE_MU_DERIV=0.00 mDebye / A, RMSE_ALPHA_per_atom=    0.19, RMSE_ALPHA_DERIV=    1.57
2025-04-30 15:53:55.209 INFO: Epoch 89: head: Default, loss=0.2952, RMSE_MU_per_atom=0.00 mDebye, RMSE_MU_DERIV=0.00 mDebye / A, RMSE_ALPHA_per_atom=    0.12, RMSE_ALPHA_DERIV=    1.70
2025-04-30 15:54:09.545 INFO: Epoch 90: head: Default, loss=0.2525, RMSE_MU_per_atom=0.00 mDebye, RMSE_MU_DERIV=0.00 mDebye / A, RMSE_ALPHA_per_atom=    0.21, RMSE_ALPHA_DERIV=    1.44
2025-04-30 15:54:23.953 INFO: Epoch 91: head: Default, loss=0.2430, RMSE_MU_per_atom=0.00 mDebye, RMSE_MU_DERIV=0.00 mDebye / A, RMSE_ALPHA_per_atom=    0.07, RMSE_ALPHA_DERIV=    1.59
2025-04-30 15:54:38.321 INFO: Epoch 92: head: Default, loss=0.3390, RMSE_MU_per_atom=0.00 mDebye, RMSE_MU_DERIV=0.00 mDebye / A, RMSE_ALPHA_per_atom=    0.28, RMSE_ALPHA_DERIV=    1.62
2025-04-30 15:54:52.693 INFO: Epoch 93: head: Default, loss=0.2556, RMSE_MU_per_atom=0.00 mDebye, RMSE_MU_DERIV=0.00 mDebye / A, RMSE_ALPHA_per_atom=    0.07, RMSE_ALPHA_DERIV=    1.60
2025-04-30 15:55:06.983 INFO: Epoch 94: head: Default, loss=0.2585, RMSE_MU_per_atom=0.00 mDebye, RMSE_MU_DERIV=0.00 mDebye / A, RMSE_ALPHA_per_atom=    0.18, RMSE_ALPHA_DERIV=    1.49
2025-04-30 15:55:21.427 INFO: Epoch 95: head: Default, loss=0.2523, RMSE_MU_per_atom=0.00 mDebye, RMSE_MU_DERIV=0.00 mDebye / A, RMSE_ALPHA_per_atom=    0.19, RMSE_ALPHA_DERIV=    1.48
2025-04-30 15:55:35.976 INFO: Epoch 96: head: Default, loss=0.2272, RMSE_MU_per_atom=0.00 mDebye, RMSE_MU_DERIV=0.00 mDebye / A, RMSE_ALPHA_per_atom=    0.20, RMSE_ALPHA_DERIV=    1.38
2025-04-30 15:55:50.398 INFO: Epoch 97: head: Default, loss=0.1817, RMSE_MU_per_atom=0.00 mDebye, RMSE_MU_DERIV=0.00 mDebye / A, RMSE_ALPHA_per_atom=    0.09, RMSE_ALPHA_DERIV=    1.35
2025-04-30 15:56:04.766 INFO: Epoch 98: head: Default, loss=0.2074, RMSE_MU_per_atom=0.00 mDebye, RMSE_MU_DERIV=0.00 mDebye / A, RMSE_ALPHA_per_atom=    0.11, RMSE_ALPHA_DERIV=    1.41
2025-04-30 15:56:19.165 INFO: Epoch 99: head: Default, loss=0.2611, RMSE_MU_per_atom=0.00 mDebye, RMSE_MU_DERIV=0.00 mDebye / A, RMSE_ALPHA_per_atom=    0.20, RMSE_ALPHA_DERIV=    1.47
2025-04-30 15:56:33.559 INFO: Epoch 100: head: Default, loss=0.2773, RMSE_MU_per_atom=0.00 mDebye, RMSE_MU_DERIV=0.00 mDebye / A, RMSE_ALPHA_per_atom=    0.17, RMSE_ALPHA_DERIV=    1.54
2025-04-30 15:56:47.822 INFO: Epoch 101: head: Default, loss=0.2118, RMSE_MU_per_atom=0.00 mDebye, RMSE_MU_DERIV=0.00 mDebye / A, RMSE_ALPHA_per_atom=    0.10, RMSE_ALPHA_DERIV=    1.45
2025-04-30 15:57:02.211 INFO: Epoch 102: head: Default, loss=0.2738, RMSE_MU_per_atom=0.00 mDebye, RMSE_MU_DERIV=0.00 mDebye / A, RMSE_ALPHA_per_atom=    0.12, RMSE_ALPHA_DERIV=    1.64
2025-04-30 15:57:16.554 INFO: Epoch 103: head: Default, loss=0.3038, RMSE_MU_per_atom=0.00 mDebye, RMSE_MU_DERIV=0.00 mDebye / A, RMSE_ALPHA_per_atom=    0.13, RMSE_ALPHA_DERIV=    1.71
2025-04-30 15:57:30.825 INFO: Epoch 104: head: Default, loss=0.1925, RMSE_MU_per_atom=0.00 mDebye, RMSE_MU_DERIV=0.00 mDebye / A, RMSE_ALPHA_per_atom=    0.09, RMSE_ALPHA_DERIV=    1.38
2025-04-30 15:57:45.153 INFO: Epoch 105: head: Default, loss=0.2790, RMSE_MU_per_atom=0.00 mDebye, RMSE_MU_DERIV=0.00 mDebye / A, RMSE_ALPHA_per_atom=    0.07, RMSE_ALPHA_DERIV=    1.70
2025-04-30 15:57:59.500 INFO: Epoch 106: head: Default, loss=0.2563, RMSE_MU_per_atom=0.00 mDebye, RMSE_MU_DERIV=0.00 mDebye / A, RMSE_ALPHA_per_atom=    0.23, RMSE_ALPHA_DERIV=    1.39
2025-04-30 15:58:13.860 INFO: Epoch 107: head: Default, loss=0.1914, RMSE_MU_per_atom=0.00 mDebye, RMSE_MU_DERIV=0.00 mDebye / A, RMSE_ALPHA_per_atom=    0.11, RMSE_ALPHA_DERIV=    1.36
2025-04-30 15:58:28.213 INFO: Epoch 108: head: Default, loss=0.3970, RMSE_MU_per_atom=0.00 mDebye, RMSE_MU_DERIV=0.00 mDebye / A, RMSE_ALPHA_per_atom=    0.21, RMSE_ALPHA_DERIV=    1.90
2025-04-30 15:58:42.606 INFO: Epoch 109: head: Default, loss=0.2333, RMSE_MU_per_atom=0.00 mDebye, RMSE_MU_DERIV=0.00 mDebye / A, RMSE_ALPHA_per_atom=    0.13, RMSE_ALPHA_DERIV=    1.49
2025-04-30 15:58:56.959 INFO: Epoch 110: head: Default, loss=0.2548, RMSE_MU_per_atom=0.00 mDebye, RMSE_MU_DERIV=0.00 mDebye / A, RMSE_ALPHA_per_atom=    0.09, RMSE_ALPHA_DERIV=    1.56
2025-04-30 15:59:11.308 INFO: Epoch 111: head: Default, loss=0.1980, RMSE_MU_per_atom=0.00 mDebye, RMSE_MU_DERIV=0.00 mDebye / A, RMSE_ALPHA_per_atom=    0.06, RMSE_ALPHA_DERIV=    1.42
2025-04-30 15:59:25.672 INFO: Epoch 112: head: Default, loss=0.2376, RMSE_MU_per_atom=0.00 mDebye, RMSE_MU_DERIV=0.00 mDebye / A, RMSE_ALPHA_per_atom=    0.10, RMSE_ALPHA_DERIV=    1.53
2025-04-30 15:59:40.029 INFO: Epoch 113: head: Default, loss=0.2026, RMSE_MU_per_atom=0.00 mDebye, RMSE_MU_DERIV=0.00 mDebye / A, RMSE_ALPHA_per_atom=    0.13, RMSE_ALPHA_DERIV=    1.36
2025-04-30 15:59:54.379 INFO: Epoch 114: head: Default, loss=0.2927, RMSE_MU_per_atom=0.00 mDebye, RMSE_MU_DERIV=0.00 mDebye / A, RMSE_ALPHA_per_atom=    0.15, RMSE_ALPHA_DERIV=    1.65
2025-04-30 16:00:08.645 INFO: Epoch 115: head: Default, loss=0.2766, RMSE_MU_per_atom=0.00 mDebye, RMSE_MU_DERIV=0.00 mDebye / A, RMSE_ALPHA_per_atom=    0.26, RMSE_ALPHA_DERIV=    1.39
2025-04-30 16:00:22.994 INFO: Epoch 116: head: Default, loss=0.3587, RMSE_MU_per_atom=0.00 mDebye, RMSE_MU_DERIV=0.00 mDebye / A, RMSE_ALPHA_per_atom=    0.15, RMSE_ALPHA_DERIV=    1.84
2025-04-30 16:00:37.315 INFO: Epoch 117: head: Default, loss=0.3288, RMSE_MU_per_atom=0.00 mDebye, RMSE_MU_DERIV=0.00 mDebye / A, RMSE_ALPHA_per_atom=    0.13, RMSE_ALPHA_DERIV=    1.76
2025-04-30 16:00:51.742 INFO: Epoch 118: head: Default, loss=0.2376, RMSE_MU_per_atom=0.00 mDebye, RMSE_MU_DERIV=0.00 mDebye / A, RMSE_ALPHA_per_atom=    0.09, RMSE_ALPHA_DERIV=    1.52
2025-04-30 16:01:06.080 INFO: Epoch 119: head: Default, loss=0.3387, RMSE_MU_per_atom=0.00 mDebye, RMSE_MU_DERIV=0.00 mDebye / A, RMSE_ALPHA_per_atom=    0.24, RMSE_ALPHA_DERIV=    1.67
2025-04-30 16:01:20.413 INFO: Epoch 120: head: Default, loss=0.2146, RMSE_MU_per_atom=0.00 mDebye, RMSE_MU_DERIV=0.00 mDebye / A, RMSE_ALPHA_per_atom=    0.09, RMSE_ALPHA_DERIV=    1.44
2025-04-30 16:01:34.749 INFO: Epoch 121: head: Default, loss=0.2586, RMSE_MU_per_atom=0.00 mDebye, RMSE_MU_DERIV=0.00 mDebye / A, RMSE_ALPHA_per_atom=    0.07, RMSE_ALPHA_DERIV=    1.61
2025-04-30 16:01:49.071 INFO: Epoch 122: head: Default, loss=0.1997, RMSE_MU_per_atom=0.00 mDebye, RMSE_MU_DERIV=0.00 mDebye / A, RMSE_ALPHA_per_atom=    0.08, RMSE_ALPHA_DERIV=    1.38
2025-04-30 16:02:03.472 INFO: Epoch 123: head: Default, loss=0.2927, RMSE_MU_per_atom=0.00 mDebye, RMSE_MU_DERIV=0.00 mDebye / A, RMSE_ALPHA_per_atom=    0.13, RMSE_ALPHA_DERIV=    1.67
2025-04-30 16:02:17.840 INFO: Epoch 124: head: Default, loss=0.2343, RMSE_MU_per_atom=0.00 mDebye, RMSE_MU_DERIV=0.00 mDebye / A, RMSE_ALPHA_per_atom=    0.13, RMSE_ALPHA_DERIV=    1.49
2025-04-30 16:02:32.116 INFO: Epoch 125: head: Default, loss=0.2054, RMSE_MU_per_atom=0.00 mDebye, RMSE_MU_DERIV=0.00 mDebye / A, RMSE_ALPHA_per_atom=    0.16, RMSE_ALPHA_DERIV=    1.34
2025-04-30 16:02:46.494 INFO: Epoch 126: head: Default, loss=0.3016, RMSE_MU_per_atom=0.00 mDebye, RMSE_MU_DERIV=0.00 mDebye / A, RMSE_ALPHA_per_atom=    0.12, RMSE_ALPHA_DERIV=    1.72
2025-04-30 16:03:00.907 INFO: Epoch 127: head: Default, loss=0.2362, RMSE_MU_per_atom=0.00 mDebye, RMSE_MU_DERIV=0.00 mDebye / A, RMSE_ALPHA_per_atom=    0.10, RMSE_ALPHA_DERIV=    1.54
2025-04-30 16:03:15.329 INFO: Epoch 128: head: Default, loss=0.2653, RMSE_MU_per_atom=0.00 mDebye, RMSE_MU_DERIV=0.00 mDebye / A, RMSE_ALPHA_per_atom=    0.10, RMSE_ALPHA_DERIV=    1.62
2025-04-30 16:03:29.643 INFO: Epoch 129: head: Default, loss=0.3018, RMSE_MU_per_atom=0.00 mDebye, RMSE_MU_DERIV=0.00 mDebye / A, RMSE_ALPHA_per_atom=    0.18, RMSE_ALPHA_DERIV=    1.66
2025-04-30 16:03:44.015 INFO: Epoch 130: head: Default, loss=0.3850, RMSE_MU_per_atom=0.00 mDebye, RMSE_MU_DERIV=0.00 mDebye / A, RMSE_ALPHA_per_atom=    0.15, RMSE_ALPHA_DERIV=    1.91
2025-04-30 16:03:58.368 INFO: Epoch 131: head: Default, loss=0.1961, RMSE_MU_per_atom=0.00 mDebye, RMSE_MU_DERIV=0.00 mDebye / A, RMSE_ALPHA_per_atom=    0.15, RMSE_ALPHA_DERIV=    1.33
2025-04-30 16:04:12.658 INFO: Epoch 132: head: Default, loss=0.2204, RMSE_MU_per_atom=0.00 mDebye, RMSE_MU_DERIV=0.00 mDebye / A, RMSE_ALPHA_per_atom=    0.10, RMSE_ALPHA_DERIV=    1.48
2025-04-30 16:04:27.022 INFO: Epoch 133: head: Default, loss=0.1973, RMSE_MU_per_atom=0.00 mDebye, RMSE_MU_DERIV=0.00 mDebye / A, RMSE_ALPHA_per_atom=    0.08, RMSE_ALPHA_DERIV=    1.39
2025-04-30 16:04:41.358 INFO: Epoch 134: head: Default, loss=0.3590, RMSE_MU_per_atom=0.00 mDebye, RMSE_MU_DERIV=0.00 mDebye / A, RMSE_ALPHA_per_atom=    0.08, RMSE_ALPHA_DERIV=    1.93
2025-04-30 16:04:55.685 INFO: Epoch 135: head: Default, loss=0.1547, RMSE_MU_per_atom=0.00 mDebye, RMSE_MU_DERIV=0.00 mDebye / A, RMSE_ALPHA_per_atom=    0.06, RMSE_ALPHA_DERIV=    1.26
2025-04-30 16:05:10.054 INFO: Epoch 136: head: Default, loss=0.2158, RMSE_MU_per_atom=0.00 mDebye, RMSE_MU_DERIV=0.00 mDebye / A, RMSE_ALPHA_per_atom=    0.11, RMSE_ALPHA_DERIV=    1.44
2025-04-30 16:05:24.362 INFO: Epoch 137: head: Default, loss=0.2152, RMSE_MU_per_atom=0.00 mDebye, RMSE_MU_DERIV=0.00 mDebye / A, RMSE_ALPHA_per_atom=    0.09, RMSE_ALPHA_DERIV=    1.40
2025-04-30 16:05:38.608 INFO: Epoch 138: head: Default, loss=0.1968, RMSE_MU_per_atom=0.00 mDebye, RMSE_MU_DERIV=0.00 mDebye / A, RMSE_ALPHA_per_atom=    0.13, RMSE_ALPHA_DERIV=    1.35
2025-04-30 16:05:52.970 INFO: Epoch 139: head: Default, loss=0.1953, RMSE_MU_per_atom=0.00 mDebye, RMSE_MU_DERIV=0.00 mDebye / A, RMSE_ALPHA_per_atom=    0.17, RMSE_ALPHA_DERIV=    1.27
2025-04-30 16:06:07.308 INFO: Epoch 140: head: Default, loss=0.2420, RMSE_MU_per_atom=0.00 mDebye, RMSE_MU_DERIV=0.00 mDebye / A, RMSE_ALPHA_per_atom=    0.09, RMSE_ALPHA_DERIV=    1.57
2025-04-30 16:06:21.624 INFO: Epoch 141: head: Default, loss=0.1916, RMSE_MU_per_atom=0.00 mDebye, RMSE_MU_DERIV=0.00 mDebye / A, RMSE_ALPHA_per_atom=    0.10, RMSE_ALPHA_DERIV=    1.36
2025-04-30 16:06:35.999 INFO: Epoch 142: head: Default, loss=0.1732, RMSE_MU_per_atom=0.00 mDebye, RMSE_MU_DERIV=0.00 mDebye / A, RMSE_ALPHA_per_atom=    0.10, RMSE_ALPHA_DERIV=    1.29
2025-04-30 16:06:50.304 INFO: Epoch 143: head: Default, loss=0.2315, RMSE_MU_per_atom=0.00 mDebye, RMSE_MU_DERIV=0.00 mDebye / A, RMSE_ALPHA_per_atom=    0.14, RMSE_ALPHA_DERIV=    1.42
2025-04-30 16:07:04.632 INFO: Epoch 144: head: Default, loss=0.1900, RMSE_MU_per_atom=0.00 mDebye, RMSE_MU_DERIV=0.00 mDebye / A, RMSE_ALPHA_per_atom=    0.07, RMSE_ALPHA_DERIV=    1.39
2025-04-30 16:07:18.996 INFO: Epoch 145: head: Default, loss=0.2420, RMSE_MU_per_atom=0.00 mDebye, RMSE_MU_DERIV=0.00 mDebye / A, RMSE_ALPHA_per_atom=    0.11, RMSE_ALPHA_DERIV=    1.54
2025-04-30 16:07:33.396 INFO: Epoch 146: head: Default, loss=0.1624, RMSE_MU_per_atom=0.00 mDebye, RMSE_MU_DERIV=0.00 mDebye / A, RMSE_ALPHA_per_atom=    0.09, RMSE_ALPHA_DERIV=    1.26
2025-04-30 16:07:47.754 INFO: Epoch 147: head: Default, loss=0.1709, RMSE_MU_per_atom=0.00 mDebye, RMSE_MU_DERIV=0.00 mDebye / A, RMSE_ALPHA_per_atom=    0.13, RMSE_ALPHA_DERIV=    1.25
2025-04-30 16:08:02.082 INFO: Epoch 148: head: Default, loss=0.1759, RMSE_MU_per_atom=0.00 mDebye, RMSE_MU_DERIV=0.00 mDebye / A, RMSE_ALPHA_per_atom=    0.12, RMSE_ALPHA_DERIV=    1.27
2025-04-30 16:08:16.288 INFO: Epoch 149: head: Default, loss=0.1847, RMSE_MU_per_atom=0.00 mDebye, RMSE_MU_DERIV=0.00 mDebye / A, RMSE_ALPHA_per_atom=    0.09, RMSE_ALPHA_DERIV=    1.31
2025-04-30 16:08:30.698 INFO: Epoch 150: head: Default, loss=0.1710, RMSE_MU_per_atom=0.00 mDebye, RMSE_MU_DERIV=0.00 mDebye / A, RMSE_ALPHA_per_atom=    0.07, RMSE_ALPHA_DERIV=    1.30
2025-04-30 16:08:44.992 INFO: Epoch 151: head: Default, loss=0.1639, RMSE_MU_per_atom=0.00 mDebye, RMSE_MU_DERIV=0.00 mDebye / A, RMSE_ALPHA_per_atom=    0.07, RMSE_ALPHA_DERIV=    1.28
2025-04-30 16:08:59.363 INFO: Epoch 152: head: Default, loss=0.1712, RMSE_MU_per_atom=0.00 mDebye, RMSE_MU_DERIV=0.00 mDebye / A, RMSE_ALPHA_per_atom=    0.07, RMSE_ALPHA_DERIV=    1.30
2025-04-30 16:09:13.704 INFO: Epoch 153: head: Default, loss=0.2093, RMSE_MU_per_atom=0.00 mDebye, RMSE_MU_DERIV=0.00 mDebye / A, RMSE_ALPHA_per_atom=    0.12, RMSE_ALPHA_DERIV=    1.38
2025-04-30 16:09:28.123 INFO: Epoch 154: head: Default, loss=0.1915, RMSE_MU_per_atom=0.00 mDebye, RMSE_MU_DERIV=0.00 mDebye / A, RMSE_ALPHA_per_atom=    0.10, RMSE_ALPHA_DERIV=    1.37
2025-04-30 16:09:42.550 INFO: Epoch 155: head: Default, loss=0.2167, RMSE_MU_per_atom=0.00 mDebye, RMSE_MU_DERIV=0.00 mDebye / A, RMSE_ALPHA_per_atom=    0.20, RMSE_ALPHA_DERIV=    1.33
2025-04-30 16:09:56.901 INFO: Epoch 156: head: Default, loss=0.2170, RMSE_MU_per_atom=0.00 mDebye, RMSE_MU_DERIV=0.00 mDebye / A, RMSE_ALPHA_per_atom=    0.10, RMSE_ALPHA_DERIV=    1.45
2025-04-30 16:10:11.234 INFO: Epoch 157: head: Default, loss=0.1905, RMSE_MU_per_atom=0.00 mDebye, RMSE_MU_DERIV=0.00 mDebye / A, RMSE_ALPHA_per_atom=    0.15, RMSE_ALPHA_DERIV=    1.30
2025-04-30 16:10:25.599 INFO: Epoch 158: head: Default, loss=0.1936, RMSE_MU_per_atom=0.00 mDebye, RMSE_MU_DERIV=0.00 mDebye / A, RMSE_ALPHA_per_atom=    0.10, RMSE_ALPHA_DERIV=    1.37
2025-04-30 16:10:39.998 INFO: Epoch 159: head: Default, loss=0.1807, RMSE_MU_per_atom=0.00 mDebye, RMSE_MU_DERIV=0.00 mDebye / A, RMSE_ALPHA_per_atom=    0.15, RMSE_ALPHA_DERIV=    1.23
2025-04-30 16:10:54.360 INFO: Epoch 160: head: Default, loss=0.1569, RMSE_MU_per_atom=0.00 mDebye, RMSE_MU_DERIV=0.00 mDebye / A, RMSE_ALPHA_per_atom=    0.16, RMSE_ALPHA_DERIV=    1.17
2025-04-30 16:11:08.729 INFO: Epoch 161: head: Default, loss=0.1764, RMSE_MU_per_atom=0.00 mDebye, RMSE_MU_DERIV=0.00 mDebye / A, RMSE_ALPHA_per_atom=    0.20, RMSE_ALPHA_DERIV=    1.16
2025-04-30 16:11:23.015 INFO: Epoch 162: head: Default, loss=0.1632, RMSE_MU_per_atom=0.00 mDebye, RMSE_MU_DERIV=0.00 mDebye / A, RMSE_ALPHA_per_atom=    0.09, RMSE_ALPHA_DERIV=    1.23
2025-04-30 16:11:37.344 INFO: Epoch 163: head: Default, loss=0.1549, RMSE_MU_per_atom=0.00 mDebye, RMSE_MU_DERIV=0.00 mDebye / A, RMSE_ALPHA_per_atom=    0.09, RMSE_ALPHA_DERIV=    1.21
2025-04-30 16:11:51.673 INFO: Epoch 164: head: Default, loss=0.2182, RMSE_MU_per_atom=0.00 mDebye, RMSE_MU_DERIV=0.00 mDebye / A, RMSE_ALPHA_per_atom=    0.10, RMSE_ALPHA_DERIV=    1.46
2025-04-30 16:12:06.059 INFO: Epoch 165: head: Default, loss=0.1337, RMSE_MU_per_atom=0.00 mDebye, RMSE_MU_DERIV=0.00 mDebye / A, RMSE_ALPHA_per_atom=    0.05, RMSE_ALPHA_DERIV=    1.17
2025-04-30 16:12:20.370 INFO: Epoch 166: head: Default, loss=0.1505, RMSE_MU_per_atom=0.00 mDebye, RMSE_MU_DERIV=0.00 mDebye / A, RMSE_ALPHA_per_atom=    0.06, RMSE_ALPHA_DERIV=    1.23
2025-04-30 16:12:34.660 INFO: Epoch 167: head: Default, loss=0.1625, RMSE_MU_per_atom=0.00 mDebye, RMSE_MU_DERIV=0.00 mDebye / A, RMSE_ALPHA_per_atom=    0.07, RMSE_ALPHA_DERIV=    1.24
2025-04-30 16:12:49.050 INFO: Epoch 168: head: Default, loss=0.2207, RMSE_MU_per_atom=0.00 mDebye, RMSE_MU_DERIV=0.00 mDebye / A, RMSE_ALPHA_per_atom=    0.12, RMSE_ALPHA_DERIV=    1.46
2025-04-30 16:13:03.398 INFO: Epoch 169: head: Default, loss=0.1462, RMSE_MU_per_atom=0.00 mDebye, RMSE_MU_DERIV=0.00 mDebye / A, RMSE_ALPHA_per_atom=    0.10, RMSE_ALPHA_DERIV=    1.18
2025-04-30 16:13:18.001 INFO: Epoch 170: head: Default, loss=0.1659, RMSE_MU_per_atom=0.00 mDebye, RMSE_MU_DERIV=0.00 mDebye / A, RMSE_ALPHA_per_atom=    0.13, RMSE_ALPHA_DERIV=    1.24
2025-04-30 16:13:32.731 INFO: Epoch 171: head: Default, loss=0.2119, RMSE_MU_per_atom=0.00 mDebye, RMSE_MU_DERIV=0.00 mDebye / A, RMSE_ALPHA_per_atom=    0.06, RMSE_ALPHA_DERIV=    1.50
2025-04-30 16:13:47.175 INFO: Epoch 172: head: Default, loss=0.2975, RMSE_MU_per_atom=0.00 mDebye, RMSE_MU_DERIV=0.00 mDebye / A, RMSE_ALPHA_per_atom=    0.13, RMSE_ALPHA_DERIV=    1.70
2025-04-30 16:14:01.471 INFO: Epoch 173: head: Default, loss=0.1661, RMSE_MU_per_atom=0.00 mDebye, RMSE_MU_DERIV=0.00 mDebye / A, RMSE_ALPHA_per_atom=    0.12, RMSE_ALPHA_DERIV=    1.26
2025-04-30 16:14:15.866 INFO: Epoch 174: head: Default, loss=0.1440, RMSE_MU_per_atom=0.00 mDebye, RMSE_MU_DERIV=0.00 mDebye / A, RMSE_ALPHA_per_atom=    0.07, RMSE_ALPHA_DERIV=    1.20
2025-04-30 16:14:30.143 INFO: Epoch 175: head: Default, loss=0.1407, RMSE_MU_per_atom=0.00 mDebye, RMSE_MU_DERIV=0.00 mDebye / A, RMSE_ALPHA_per_atom=    0.11, RMSE_ALPHA_DERIV=    1.15
2025-04-30 16:14:44.494 INFO: Epoch 176: head: Default, loss=0.1322, RMSE_MU_per_atom=0.00 mDebye, RMSE_MU_DERIV=0.00 mDebye / A, RMSE_ALPHA_per_atom=    0.05, RMSE_ALPHA_DERIV=    1.16
2025-04-30 16:14:58.848 INFO: Epoch 177: head: Default, loss=0.2471, RMSE_MU_per_atom=0.00 mDebye, RMSE_MU_DERIV=0.00 mDebye / A, RMSE_ALPHA_per_atom=    0.14, RMSE_ALPHA_DERIV=    1.53
2025-04-30 16:15:13.193 INFO: Epoch 178: head: Default, loss=0.1637, RMSE_MU_per_atom=0.00 mDebye, RMSE_MU_DERIV=0.00 mDebye / A, RMSE_ALPHA_per_atom=    0.10, RMSE_ALPHA_DERIV=    1.24
2025-04-30 16:15:27.549 INFO: Epoch 179: head: Default, loss=0.1717, RMSE_MU_per_atom=0.00 mDebye, RMSE_MU_DERIV=0.00 mDebye / A, RMSE_ALPHA_per_atom=    0.08, RMSE_ALPHA_DERIV=    1.28
2025-04-30 16:15:41.914 INFO: Epoch 180: head: Default, loss=0.1450, RMSE_MU_per_atom=0.00 mDebye, RMSE_MU_DERIV=0.00 mDebye / A, RMSE_ALPHA_per_atom=    0.07, RMSE_ALPHA_DERIV=    1.21
2025-04-30 16:15:56.303 INFO: Epoch 181: head: Default, loss=0.1924, RMSE_MU_per_atom=0.00 mDebye, RMSE_MU_DERIV=0.00 mDebye / A, RMSE_ALPHA_per_atom=    0.09, RMSE_ALPHA_DERIV=    1.35
2025-04-30 16:16:10.700 INFO: Epoch 182: head: Default, loss=0.3850, RMSE_MU_per_atom=0.00 mDebye, RMSE_MU_DERIV=0.00 mDebye / A, RMSE_ALPHA_per_atom=    0.18, RMSE_ALPHA_DERIV=    1.86
2025-04-30 16:16:25.067 INFO: Epoch 183: head: Default, loss=0.2334, RMSE_MU_per_atom=0.00 mDebye, RMSE_MU_DERIV=0.00 mDebye / A, RMSE_ALPHA_per_atom=    0.15, RMSE_ALPHA_DERIV=    1.39
2025-04-30 16:16:39.465 INFO: Epoch 184: head: Default, loss=0.2061, RMSE_MU_per_atom=0.00 mDebye, RMSE_MU_DERIV=0.00 mDebye / A, RMSE_ALPHA_per_atom=    0.10, RMSE_ALPHA_DERIV=    1.39
2025-04-30 16:16:53.777 INFO: Epoch 185: head: Default, loss=0.1665, RMSE_MU_per_atom=0.00 mDebye, RMSE_MU_DERIV=0.00 mDebye / A, RMSE_ALPHA_per_atom=    0.16, RMSE_ALPHA_DERIV=    1.17
2025-04-30 16:17:08.097 INFO: Epoch 186: head: Default, loss=0.1445, RMSE_MU_per_atom=0.00 mDebye, RMSE_MU_DERIV=0.00 mDebye / A, RMSE_ALPHA_per_atom=    0.06, RMSE_ALPHA_DERIV=    1.20
2025-04-30 16:17:22.469 INFO: Epoch 187: head: Default, loss=0.1579, RMSE_MU_per_atom=0.00 mDebye, RMSE_MU_DERIV=0.00 mDebye / A, RMSE_ALPHA_per_atom=    0.05, RMSE_ALPHA_DERIV=    1.28
2025-04-30 16:17:36.780 INFO: Epoch 188: head: Default, loss=0.1631, RMSE_MU_per_atom=0.00 mDebye, RMSE_MU_DERIV=0.00 mDebye / A, RMSE_ALPHA_per_atom=    0.10, RMSE_ALPHA_DERIV=    1.26
2025-04-30 16:17:51.113 INFO: Epoch 189: head: Default, loss=0.1728, RMSE_MU_per_atom=0.00 mDebye, RMSE_MU_DERIV=0.00 mDebye / A, RMSE_ALPHA_per_atom=    0.10, RMSE_ALPHA_DERIV=    1.27
2025-04-30 16:18:05.447 INFO: Epoch 190: head: Default, loss=0.1340, RMSE_MU_per_atom=0.00 mDebye, RMSE_MU_DERIV=0.00 mDebye / A, RMSE_ALPHA_per_atom=    0.08, RMSE_ALPHA_DERIV=    1.14
2025-04-30 16:18:19.868 INFO: Epoch 191: head: Default, loss=0.1503, RMSE_MU_per_atom=0.00 mDebye, RMSE_MU_DERIV=0.00 mDebye / A, RMSE_ALPHA_per_atom=    0.08, RMSE_ALPHA_DERIV=    1.21
2025-04-30 16:18:34.166 INFO: Epoch 192: head: Default, loss=0.1444, RMSE_MU_per_atom=0.00 mDebye, RMSE_MU_DERIV=0.00 mDebye / A, RMSE_ALPHA_per_atom=    0.07, RMSE_ALPHA_DERIV=    1.20
2025-04-30 16:18:48.525 INFO: Epoch 193: head: Default, loss=0.1743, RMSE_MU_per_atom=0.00 mDebye, RMSE_MU_DERIV=0.00 mDebye / A, RMSE_ALPHA_per_atom=    0.14, RMSE_ALPHA_DERIV=    1.23
2025-04-30 16:19:02.821 INFO: Epoch 194: head: Default, loss=0.1886, RMSE_MU_per_atom=0.00 mDebye, RMSE_MU_DERIV=0.00 mDebye / A, RMSE_ALPHA_per_atom=    0.18, RMSE_ALPHA_DERIV=    1.25
2025-04-30 16:19:17.204 INFO: Epoch 195: head: Default, loss=0.1426, RMSE_MU_per_atom=0.00 mDebye, RMSE_MU_DERIV=0.00 mDebye / A, RMSE_ALPHA_per_atom=    0.06, RMSE_ALPHA_DERIV=    1.20
2025-04-30 16:19:31.540 INFO: Epoch 196: head: Default, loss=0.1198, RMSE_MU_per_atom=0.00 mDebye, RMSE_MU_DERIV=0.00 mDebye / A, RMSE_ALPHA_per_atom=    0.05, RMSE_ALPHA_DERIV=    1.10
2025-04-30 16:19:45.838 INFO: Epoch 197: head: Default, loss=0.1413, RMSE_MU_per_atom=0.00 mDebye, RMSE_MU_DERIV=0.00 mDebye / A, RMSE_ALPHA_per_atom=    0.09, RMSE_ALPHA_DERIV=    1.17
2025-04-30 16:20:00.185 INFO: Epoch 198: head: Default, loss=0.1734, RMSE_MU_per_atom=0.00 mDebye, RMSE_MU_DERIV=0.00 mDebye / A, RMSE_ALPHA_per_atom=    0.16, RMSE_ALPHA_DERIV=    1.22
2025-04-30 16:20:14.579 INFO: Epoch 199: head: Default, loss=0.1676, RMSE_MU_per_atom=0.00 mDebye, RMSE_MU_DERIV=0.00 mDebye / A, RMSE_ALPHA_per_atom=    0.07, RMSE_ALPHA_DERIV=    1.29
2025-04-30 16:20:28.927 INFO: Epoch 200: head: Default, loss=0.1508, RMSE_MU_per_atom=0.00 mDebye, RMSE_MU_DERIV=0.00 mDebye / A, RMSE_ALPHA_per_atom=    0.05, RMSE_ALPHA_DERIV=    1.25
2025-04-30 16:20:43.282 INFO: Epoch 201: head: Default, loss=0.1411, RMSE_MU_per_atom=0.00 mDebye, RMSE_MU_DERIV=0.00 mDebye / A, RMSE_ALPHA_per_atom=    0.08, RMSE_ALPHA_DERIV=    1.18
2025-04-30 16:20:57.642 INFO: Epoch 202: head: Default, loss=0.1582, RMSE_MU_per_atom=0.00 mDebye, RMSE_MU_DERIV=0.00 mDebye / A, RMSE_ALPHA_per_atom=    0.11, RMSE_ALPHA_DERIV=    1.20
2025-04-30 16:21:11.980 INFO: Epoch 203: head: Default, loss=0.1863, RMSE_MU_per_atom=0.00 mDebye, RMSE_MU_DERIV=0.00 mDebye / A, RMSE_ALPHA_per_atom=    0.09, RMSE_ALPHA_DERIV=    1.35
2025-04-30 16:21:26.451 INFO: Epoch 204: head: Default, loss=0.1334, RMSE_MU_per_atom=0.00 mDebye, RMSE_MU_DERIV=0.00 mDebye / A, RMSE_ALPHA_per_atom=    0.06, RMSE_ALPHA_DERIV=    1.15
2025-04-30 16:21:40.762 INFO: Epoch 205: head: Default, loss=0.1787, RMSE_MU_per_atom=0.00 mDebye, RMSE_MU_DERIV=0.00 mDebye / A, RMSE_ALPHA_per_atom=    0.08, RMSE_ALPHA_DERIV=    1.34
2025-04-30 16:21:55.172 INFO: Epoch 206: head: Default, loss=0.1585, RMSE_MU_per_atom=0.00 mDebye, RMSE_MU_DERIV=0.00 mDebye / A, RMSE_ALPHA_per_atom=    0.07, RMSE_ALPHA_DERIV=    1.26
2025-04-30 16:22:09.482 INFO: Epoch 207: head: Default, loss=0.1721, RMSE_MU_per_atom=0.00 mDebye, RMSE_MU_DERIV=0.00 mDebye / A, RMSE_ALPHA_per_atom=    0.17, RMSE_ALPHA_DERIV=    1.18
2025-04-30 16:22:23.848 INFO: Epoch 208: head: Default, loss=0.2143, RMSE_MU_per_atom=0.00 mDebye, RMSE_MU_DERIV=0.00 mDebye / A, RMSE_ALPHA_per_atom=    0.16, RMSE_ALPHA_DERIV=    1.36
2025-04-30 16:22:38.147 INFO: Epoch 209: head: Default, loss=0.1300, RMSE_MU_per_atom=0.00 mDebye, RMSE_MU_DERIV=0.00 mDebye / A, RMSE_ALPHA_per_atom=    0.05, RMSE_ALPHA_DERIV=    1.15
2025-04-30 16:22:52.583 INFO: Epoch 210: head: Default, loss=0.1563, RMSE_MU_per_atom=0.00 mDebye, RMSE_MU_DERIV=0.00 mDebye / A, RMSE_ALPHA_per_atom=    0.11, RMSE_ALPHA_DERIV=    1.21
2025-04-30 16:23:06.923 INFO: Epoch 211: head: Default, loss=0.2114, RMSE_MU_per_atom=0.00 mDebye, RMSE_MU_DERIV=0.00 mDebye / A, RMSE_ALPHA_per_atom=    0.09, RMSE_ALPHA_DERIV=    1.44
2025-04-30 16:23:21.275 INFO: Epoch 212: head: Default, loss=0.1403, RMSE_MU_per_atom=0.00 mDebye, RMSE_MU_DERIV=0.00 mDebye / A, RMSE_ALPHA_per_atom=    0.07, RMSE_ALPHA_DERIV=    1.18
2025-04-30 16:23:35.678 INFO: Epoch 213: head: Default, loss=0.1741, RMSE_MU_per_atom=0.00 mDebye, RMSE_MU_DERIV=0.00 mDebye / A, RMSE_ALPHA_per_atom=    0.10, RMSE_ALPHA_DERIV=    1.31
2025-04-30 16:23:50.161 INFO: Epoch 214: head: Default, loss=0.1722, RMSE_MU_per_atom=0.00 mDebye, RMSE_MU_DERIV=0.00 mDebye / A, RMSE_ALPHA_per_atom=    0.12, RMSE_ALPHA_DERIV=    1.27
2025-04-30 16:24:04.473 INFO: Epoch 215: head: Default, loss=0.1353, RMSE_MU_per_atom=0.00 mDebye, RMSE_MU_DERIV=0.00 mDebye / A, RMSE_ALPHA_per_atom=    0.06, RMSE_ALPHA_DERIV=    1.16
2025-04-30 16:24:18.855 INFO: Epoch 216: head: Default, loss=0.1407, RMSE_MU_per_atom=0.00 mDebye, RMSE_MU_DERIV=0.00 mDebye / A, RMSE_ALPHA_per_atom=    0.09, RMSE_ALPHA_DERIV=    1.16
2025-04-30 16:24:33.144 INFO: Epoch 217: head: Default, loss=0.1394, RMSE_MU_per_atom=0.00 mDebye, RMSE_MU_DERIV=0.00 mDebye / A, RMSE_ALPHA_per_atom=    0.09, RMSE_ALPHA_DERIV=    1.16
2025-04-30 16:24:47.485 INFO: Epoch 218: head: Default, loss=0.1531, RMSE_MU_per_atom=0.00 mDebye, RMSE_MU_DERIV=0.00 mDebye / A, RMSE_ALPHA_per_atom=    0.10, RMSE_ALPHA_DERIV=    1.21
2025-04-30 16:25:02.161 INFO: Epoch 219: head: Default, loss=0.1993, RMSE_MU_per_atom=0.00 mDebye, RMSE_MU_DERIV=0.00 mDebye / A, RMSE_ALPHA_per_atom=    0.09, RMSE_ALPHA_DERIV=    1.39
2025-04-30 16:25:16.903 INFO: Epoch 220: head: Default, loss=0.1867, RMSE_MU_per_atom=0.00 mDebye, RMSE_MU_DERIV=0.00 mDebye / A, RMSE_ALPHA_per_atom=    0.13, RMSE_ALPHA_DERIV=    1.29
2025-04-30 16:25:31.664 INFO: Epoch 221: head: Default, loss=0.1734, RMSE_MU_per_atom=0.00 mDebye, RMSE_MU_DERIV=0.00 mDebye / A, RMSE_ALPHA_per_atom=    0.08, RMSE_ALPHA_DERIV=    1.29
2025-04-30 16:25:46.017 INFO: Epoch 222: head: Default, loss=0.1437, RMSE_MU_per_atom=0.00 mDebye, RMSE_MU_DERIV=0.00 mDebye / A, RMSE_ALPHA_per_atom=    0.11, RMSE_ALPHA_DERIV=    1.13
2025-04-30 16:26:00.401 INFO: Epoch 223: head: Default, loss=0.1470, RMSE_MU_per_atom=0.00 mDebye, RMSE_MU_DERIV=0.00 mDebye / A, RMSE_ALPHA_per_atom=    0.09, RMSE_ALPHA_DERIV=    1.19
2025-04-30 16:26:14.811 INFO: Epoch 224: head: Default, loss=0.1992, RMSE_MU_per_atom=0.00 mDebye, RMSE_MU_DERIV=0.00 mDebye / A, RMSE_ALPHA_per_atom=    0.07, RMSE_ALPHA_DERIV=    1.42
2025-04-30 16:26:29.160 INFO: Epoch 225: head: Default, loss=0.1611, RMSE_MU_per_atom=0.00 mDebye, RMSE_MU_DERIV=0.00 mDebye / A, RMSE_ALPHA_per_atom=    0.09, RMSE_ALPHA_DERIV=    1.23
2025-04-30 16:26:43.476 INFO: Epoch 226: head: Default, loss=0.1359, RMSE_MU_per_atom=0.00 mDebye, RMSE_MU_DERIV=0.00 mDebye / A, RMSE_ALPHA_per_atom=    0.08, RMSE_ALPHA_DERIV=    1.14
2025-04-30 16:26:57.802 INFO: Epoch 227: head: Default, loss=0.1430, RMSE_MU_per_atom=0.00 mDebye, RMSE_MU_DERIV=0.00 mDebye / A, RMSE_ALPHA_per_atom=    0.05, RMSE_ALPHA_DERIV=    1.20
2025-04-30 16:27:12.194 INFO: Epoch 228: head: Default, loss=0.1250, RMSE_MU_per_atom=0.00 mDebye, RMSE_MU_DERIV=0.00 mDebye / A, RMSE_ALPHA_per_atom=    0.05, RMSE_ALPHA_DERIV=    1.13
2025-04-30 16:27:26.581 INFO: Epoch 229: head: Default, loss=0.1228, RMSE_MU_per_atom=0.00 mDebye, RMSE_MU_DERIV=0.00 mDebye / A, RMSE_ALPHA_per_atom=    0.07, RMSE_ALPHA_DERIV=    1.10
2025-04-30 16:27:40.917 INFO: Epoch 230: head: Default, loss=0.1693, RMSE_MU_per_atom=0.00 mDebye, RMSE_MU_DERIV=0.00 mDebye / A, RMSE_ALPHA_per_atom=    0.07, RMSE_ALPHA_DERIV=    1.29
2025-04-30 16:27:55.325 INFO: Epoch 231: head: Default, loss=0.1236, RMSE_MU_per_atom=0.00 mDebye, RMSE_MU_DERIV=0.00 mDebye / A, RMSE_ALPHA_per_atom=    0.07, RMSE_ALPHA_DERIV=    1.10
2025-04-30 16:28:09.671 INFO: Epoch 232: head: Default, loss=0.1263, RMSE_MU_per_atom=0.00 mDebye, RMSE_MU_DERIV=0.00 mDebye / A, RMSE_ALPHA_per_atom=    0.09, RMSE_ALPHA_DERIV=    1.11
2025-04-30 16:28:24.068 INFO: Epoch 233: head: Default, loss=0.1195, RMSE_MU_per_atom=0.00 mDebye, RMSE_MU_DERIV=0.00 mDebye / A, RMSE_ALPHA_per_atom=    0.08, RMSE_ALPHA_DERIV=    1.08
2025-04-30 16:28:38.455 INFO: Epoch 234: head: Default, loss=0.1684, RMSE_MU_per_atom=0.00 mDebye, RMSE_MU_DERIV=0.00 mDebye / A, RMSE_ALPHA_per_atom=    0.15, RMSE_ALPHA_DERIV=    1.21
2025-04-30 16:28:52.806 INFO: Epoch 235: head: Default, loss=0.1249, RMSE_MU_per_atom=0.00 mDebye, RMSE_MU_DERIV=0.00 mDebye / A, RMSE_ALPHA_per_atom=    0.09, RMSE_ALPHA_DERIV=    1.09
2025-04-30 16:29:07.110 INFO: Epoch 236: head: Default, loss=0.1159, RMSE_MU_per_atom=0.00 mDebye, RMSE_MU_DERIV=0.00 mDebye / A, RMSE_ALPHA_per_atom=    0.04, RMSE_ALPHA_DERIV=    1.09
2025-04-30 16:29:21.496 INFO: Epoch 237: head: Default, loss=0.1436, RMSE_MU_per_atom=0.00 mDebye, RMSE_MU_DERIV=0.00 mDebye / A, RMSE_ALPHA_per_atom=    0.07, RMSE_ALPHA_DERIV=    1.21
2025-04-30 16:29:35.878 INFO: Epoch 238: head: Default, loss=0.1850, RMSE_MU_per_atom=0.00 mDebye, RMSE_MU_DERIV=0.00 mDebye / A, RMSE_ALPHA_per_atom=    0.10, RMSE_ALPHA_DERIV=    1.34
2025-04-30 16:29:50.302 INFO: Epoch 239: head: Default, loss=0.1168, RMSE_MU_per_atom=0.00 mDebye, RMSE_MU_DERIV=0.00 mDebye / A, RMSE_ALPHA_per_atom=    0.06, RMSE_ALPHA_DERIV=    1.08
2025-04-30 16:30:04.660 INFO: Epoch 240: head: Default, loss=0.1196, RMSE_MU_per_atom=0.00 mDebye, RMSE_MU_DERIV=0.00 mDebye / A, RMSE_ALPHA_per_atom=    0.09, RMSE_ALPHA_DERIV=    1.07
2025-04-30 16:30:18.943 INFO: Epoch 241: head: Default, loss=0.1271, RMSE_MU_per_atom=0.00 mDebye, RMSE_MU_DERIV=0.00 mDebye / A, RMSE_ALPHA_per_atom=    0.08, RMSE_ALPHA_DERIV=    1.12
2025-04-30 16:30:33.319 INFO: Epoch 242: head: Default, loss=0.1037, RMSE_MU_per_atom=0.00 mDebye, RMSE_MU_DERIV=0.00 mDebye / A, RMSE_ALPHA_per_atom=    0.06, RMSE_ALPHA_DERIV=    1.03
2025-04-30 16:30:47.702 INFO: Epoch 243: head: Default, loss=0.1166, RMSE_MU_per_atom=0.00 mDebye, RMSE_MU_DERIV=0.00 mDebye / A, RMSE_ALPHA_per_atom=    0.09, RMSE_ALPHA_DERIV=    1.07
2025-04-30 16:31:02.046 INFO: Epoch 244: head: Default, loss=0.1038, RMSE_MU_per_atom=0.00 mDebye, RMSE_MU_DERIV=0.00 mDebye / A, RMSE_ALPHA_per_atom=    0.04, RMSE_ALPHA_DERIV=    1.04
2025-04-30 16:31:16.359 INFO: Epoch 245: head: Default, loss=0.1500, RMSE_MU_per_atom=0.00 mDebye, RMSE_MU_DERIV=0.00 mDebye / A, RMSE_ALPHA_per_atom=    0.18, RMSE_ALPHA_DERIV=    1.08
2025-04-30 16:31:30.646 INFO: Epoch 246: head: Default, loss=0.1102, RMSE_MU_per_atom=0.00 mDebye, RMSE_MU_DERIV=0.00 mDebye / A, RMSE_ALPHA_per_atom=    0.07, RMSE_ALPHA_DERIV=    1.04
2025-04-30 16:31:45.008 INFO: Epoch 247: head: Default, loss=0.1365, RMSE_MU_per_atom=0.00 mDebye, RMSE_MU_DERIV=0.00 mDebye / A, RMSE_ALPHA_per_atom=    0.12, RMSE_ALPHA_DERIV=    1.13
2025-04-30 16:31:59.338 INFO: Epoch 248: head: Default, loss=0.1103, RMSE_MU_per_atom=0.00 mDebye, RMSE_MU_DERIV=0.00 mDebye / A, RMSE_ALPHA_per_atom=    0.06, RMSE_ALPHA_DERIV=    1.04
2025-04-30 16:32:13.626 INFO: Epoch 249: head: Default, loss=0.1161, RMSE_MU_per_atom=0.00 mDebye, RMSE_MU_DERIV=0.00 mDebye / A, RMSE_ALPHA_per_atom=    0.04, RMSE_ALPHA_DERIV=    1.09
2025-04-30 16:32:27.915 INFO: Epoch 250: head: Default, loss=0.1090, RMSE_MU_per_atom=0.00 mDebye, RMSE_MU_DERIV=0.00 mDebye / A, RMSE_ALPHA_per_atom=    0.06, RMSE_ALPHA_DERIV=    1.05
2025-04-30 16:32:42.183 INFO: Epoch 251: head: Default, loss=0.1415, RMSE_MU_per_atom=0.00 mDebye, RMSE_MU_DERIV=0.00 mDebye / A, RMSE_ALPHA_per_atom=    0.07, RMSE_ALPHA_DERIV=    1.20
2025-04-30 16:32:56.515 INFO: Epoch 252: head: Default, loss=0.1278, RMSE_MU_per_atom=0.00 mDebye, RMSE_MU_DERIV=0.00 mDebye / A, RMSE_ALPHA_per_atom=    0.10, RMSE_ALPHA_DERIV=    1.10
2025-04-30 16:33:10.909 INFO: Epoch 253: head: Default, loss=0.0999, RMSE_MU_per_atom=0.00 mDebye, RMSE_MU_DERIV=0.00 mDebye / A, RMSE_ALPHA_per_atom=    0.05, RMSE_ALPHA_DERIV=    1.01
2025-04-30 16:33:25.277 INFO: Epoch 254: head: Default, loss=0.1169, RMSE_MU_per_atom=0.00 mDebye, RMSE_MU_DERIV=0.00 mDebye / A, RMSE_ALPHA_per_atom=    0.05, RMSE_ALPHA_DERIV=    1.09
2025-04-30 16:33:39.565 INFO: Epoch 255: head: Default, loss=0.1049, RMSE_MU_per_atom=0.00 mDebye, RMSE_MU_DERIV=0.00 mDebye / A, RMSE_ALPHA_per_atom=    0.05, RMSE_ALPHA_DERIV=    1.04
2025-04-30 16:33:53.859 INFO: Epoch 256: head: Default, loss=0.1159, RMSE_MU_per_atom=0.00 mDebye, RMSE_MU_DERIV=0.00 mDebye / A, RMSE_ALPHA_per_atom=    0.08, RMSE_ALPHA_DERIV=    1.05
2025-04-30 16:34:08.127 INFO: Epoch 257: head: Default, loss=0.1628, RMSE_MU_per_atom=0.00 mDebye, RMSE_MU_DERIV=0.00 mDebye / A, RMSE_ALPHA_per_atom=    0.06, RMSE_ALPHA_DERIV=    1.27
2025-04-30 16:34:22.439 INFO: Epoch 258: head: Default, loss=0.2169, RMSE_MU_per_atom=0.00 mDebye, RMSE_MU_DERIV=0.00 mDebye / A, RMSE_ALPHA_per_atom=    0.16, RMSE_ALPHA_DERIV=    1.40
2025-04-30 16:34:36.803 INFO: Epoch 259: head: Default, loss=0.1337, RMSE_MU_per_atom=0.00 mDebye, RMSE_MU_DERIV=0.00 mDebye / A, RMSE_ALPHA_per_atom=    0.06, RMSE_ALPHA_DERIV=    1.15
2025-04-30 16:34:51.102 INFO: Epoch 260: head: Default, loss=0.1212, RMSE_MU_per_atom=0.00 mDebye, RMSE_MU_DERIV=0.00 mDebye / A, RMSE_ALPHA_per_atom=    0.04, RMSE_ALPHA_DERIV=    1.11
2025-04-30 16:35:05.495 INFO: Epoch 261: head: Default, loss=0.1366, RMSE_MU_per_atom=0.00 mDebye, RMSE_MU_DERIV=0.00 mDebye / A, RMSE_ALPHA_per_atom=    0.09, RMSE_ALPHA_DERIV=    1.15
2025-04-30 16:35:19.824 INFO: Epoch 262: head: Default, loss=0.1184, RMSE_MU_per_atom=0.00 mDebye, RMSE_MU_DERIV=0.00 mDebye / A, RMSE_ALPHA_per_atom=    0.07, RMSE_ALPHA_DERIV=    1.09
2025-04-30 16:35:34.217 INFO: Epoch 263: head: Default, loss=0.1688, RMSE_MU_per_atom=0.00 mDebye, RMSE_MU_DERIV=0.00 mDebye / A, RMSE_ALPHA_per_atom=    0.15, RMSE_ALPHA_DERIV=    1.22
2025-04-30 16:35:48.567 INFO: Epoch 264: head: Default, loss=0.1283, RMSE_MU_per_atom=0.00 mDebye, RMSE_MU_DERIV=0.00 mDebye / A, RMSE_ALPHA_per_atom=    0.07, RMSE_ALPHA_DERIV=    1.11
2025-04-30 16:36:02.911 INFO: Epoch 265: head: Default, loss=0.1244, RMSE_MU_per_atom=0.00 mDebye, RMSE_MU_DERIV=0.00 mDebye / A, RMSE_ALPHA_per_atom=    0.08, RMSE_ALPHA_DERIV=    1.10
2025-04-30 16:36:17.202 INFO: Epoch 266: head: Default, loss=0.1118, RMSE_MU_per_atom=0.00 mDebye, RMSE_MU_DERIV=0.00 mDebye / A, RMSE_ALPHA_per_atom=    0.09, RMSE_ALPHA_DERIV=    1.04
2025-04-30 16:36:31.575 INFO: Epoch 267: head: Default, loss=0.1434, RMSE_MU_per_atom=0.00 mDebye, RMSE_MU_DERIV=0.00 mDebye / A, RMSE_ALPHA_per_atom=    0.12, RMSE_ALPHA_DERIV=    1.13
2025-04-30 16:36:45.924 INFO: Epoch 268: head: Default, loss=0.1218, RMSE_MU_per_atom=0.00 mDebye, RMSE_MU_DERIV=0.00 mDebye / A, RMSE_ALPHA_per_atom=    0.11, RMSE_ALPHA_DERIV=    1.06
2025-04-30 16:37:00.315 INFO: Epoch 269: head: Default, loss=0.1080, RMSE_MU_per_atom=0.00 mDebye, RMSE_MU_DERIV=0.00 mDebye / A, RMSE_ALPHA_per_atom=    0.05, RMSE_ALPHA_DERIV=    1.04
2025-04-30 16:37:14.634 INFO: Epoch 270: head: Default, loss=0.1447, RMSE_MU_per_atom=0.00 mDebye, RMSE_MU_DERIV=0.00 mDebye / A, RMSE_ALPHA_per_atom=    0.08, RMSE_ALPHA_DERIV=    1.17
2025-04-30 16:37:29.032 INFO: Epoch 271: head: Default, loss=0.1407, RMSE_MU_per_atom=0.00 mDebye, RMSE_MU_DERIV=0.00 mDebye / A, RMSE_ALPHA_per_atom=    0.11, RMSE_ALPHA_DERIV=    1.15
2025-04-30 16:37:43.392 INFO: Epoch 272: head: Default, loss=0.1648, RMSE_MU_per_atom=0.00 mDebye, RMSE_MU_DERIV=0.00 mDebye / A, RMSE_ALPHA_per_atom=    0.07, RMSE_ALPHA_DERIV=    1.29
2025-04-30 16:37:57.711 INFO: Epoch 273: head: Default, loss=0.1249, RMSE_MU_per_atom=0.00 mDebye, RMSE_MU_DERIV=0.00 mDebye / A, RMSE_ALPHA_per_atom=    0.07, RMSE_ALPHA_DERIV=    1.10
2025-04-30 16:38:12.048 INFO: Epoch 274: head: Default, loss=0.1323, RMSE_MU_per_atom=0.00 mDebye, RMSE_MU_DERIV=0.00 mDebye / A, RMSE_ALPHA_per_atom=    0.08, RMSE_ALPHA_DERIV=    1.14
2025-04-30 16:38:26.455 INFO: Epoch 275: head: Default, loss=0.1468, RMSE_MU_per_atom=0.00 mDebye, RMSE_MU_DERIV=0.00 mDebye / A, RMSE_ALPHA_per_atom=    0.09, RMSE_ALPHA_DERIV=    1.19
2025-04-30 16:38:40.677 INFO: Epoch 276: head: Default, loss=0.1553, RMSE_MU_per_atom=0.00 mDebye, RMSE_MU_DERIV=0.00 mDebye / A, RMSE_ALPHA_per_atom=    0.08, RMSE_ALPHA_DERIV=    1.24
2025-04-30 16:38:55.060 INFO: Epoch 277: head: Default, loss=0.1207, RMSE_MU_per_atom=0.00 mDebye, RMSE_MU_DERIV=0.00 mDebye / A, RMSE_ALPHA_per_atom=    0.10, RMSE_ALPHA_DERIV=    1.05
2025-04-30 16:39:09.428 INFO: Epoch 278: head: Default, loss=0.1208, RMSE_MU_per_atom=0.00 mDebye, RMSE_MU_DERIV=0.00 mDebye / A, RMSE_ALPHA_per_atom=    0.07, RMSE_ALPHA_DERIV=    1.09
2025-04-30 16:39:23.838 INFO: Epoch 279: head: Default, loss=0.0960, RMSE_MU_per_atom=0.00 mDebye, RMSE_MU_DERIV=0.00 mDebye / A, RMSE_ALPHA_per_atom=    0.04, RMSE_ALPHA_DERIV=    1.00
2025-04-30 16:39:38.196 INFO: Epoch 280: head: Default, loss=0.1408, RMSE_MU_per_atom=0.00 mDebye, RMSE_MU_DERIV=0.00 mDebye / A, RMSE_ALPHA_per_atom=    0.10, RMSE_ALPHA_DERIV=    1.17
2025-04-30 16:39:52.523 INFO: Epoch 281: head: Default, loss=0.1018, RMSE_MU_per_atom=0.00 mDebye, RMSE_MU_DERIV=0.00 mDebye / A, RMSE_ALPHA_per_atom=    0.04, RMSE_ALPHA_DERIV=    1.03
2025-04-30 16:40:06.905 INFO: Epoch 282: head: Default, loss=0.1438, RMSE_MU_per_atom=0.00 mDebye, RMSE_MU_DERIV=0.00 mDebye / A, RMSE_ALPHA_per_atom=    0.06, RMSE_ALPHA_DERIV=    1.21
2025-04-30 16:40:21.307 INFO: Epoch 283: head: Default, loss=0.1274, RMSE_MU_per_atom=0.00 mDebye, RMSE_MU_DERIV=0.00 mDebye / A, RMSE_ALPHA_per_atom=    0.09, RMSE_ALPHA_DERIV=    1.12
2025-04-30 16:40:35.680 INFO: Epoch 284: head: Default, loss=0.1178, RMSE_MU_per_atom=0.00 mDebye, RMSE_MU_DERIV=0.00 mDebye / A, RMSE_ALPHA_per_atom=    0.10, RMSE_ALPHA_DERIV=    1.04
2025-04-30 16:40:49.966 INFO: Epoch 285: head: Default, loss=0.1486, RMSE_MU_per_atom=0.00 mDebye, RMSE_MU_DERIV=0.00 mDebye / A, RMSE_ALPHA_per_atom=    0.10, RMSE_ALPHA_DERIV=    1.21
2025-04-30 16:41:04.254 INFO: Epoch 286: head: Default, loss=0.1193, RMSE_MU_per_atom=0.00 mDebye, RMSE_MU_DERIV=0.00 mDebye / A, RMSE_ALPHA_per_atom=    0.07, RMSE_ALPHA_DERIV=    1.09
2025-04-30 16:41:18.592 INFO: Epoch 287: head: Default, loss=0.1295, RMSE_MU_per_atom=0.00 mDebye, RMSE_MU_DERIV=0.00 mDebye / A, RMSE_ALPHA_per_atom=    0.15, RMSE_ALPHA_DERIV=    1.05
2025-04-30 16:41:32.946 INFO: Epoch 288: head: Default, loss=0.1155, RMSE_MU_per_atom=0.00 mDebye, RMSE_MU_DERIV=0.00 mDebye / A, RMSE_ALPHA_per_atom=    0.05, RMSE_ALPHA_DERIV=    1.10
2025-04-30 16:41:47.358 INFO: Epoch 289: head: Default, loss=0.1073, RMSE_MU_per_atom=0.00 mDebye, RMSE_MU_DERIV=0.00 mDebye / A, RMSE_ALPHA_per_atom=    0.04, RMSE_ALPHA_DERIV=    1.05
2025-04-30 16:42:01.673 INFO: Epoch 290: head: Default, loss=0.1200, RMSE_MU_per_atom=0.00 mDebye, RMSE_MU_DERIV=0.00 mDebye / A, RMSE_ALPHA_per_atom=    0.05, RMSE_ALPHA_DERIV=    1.11
2025-04-30 16:42:15.965 INFO: Epoch 291: head: Default, loss=0.1076, RMSE_MU_per_atom=0.00 mDebye, RMSE_MU_DERIV=0.00 mDebye / A, RMSE_ALPHA_per_atom=    0.05, RMSE_ALPHA_DERIV=    1.05
2025-04-30 16:42:30.355 INFO: Epoch 292: head: Default, loss=0.1626, RMSE_MU_per_atom=0.00 mDebye, RMSE_MU_DERIV=0.00 mDebye / A, RMSE_ALPHA_per_atom=    0.14, RMSE_ALPHA_DERIV=    1.20
2025-04-30 16:42:44.729 INFO: Epoch 293: head: Default, loss=0.1929, RMSE_MU_per_atom=0.00 mDebye, RMSE_MU_DERIV=0.00 mDebye / A, RMSE_ALPHA_per_atom=    0.11, RMSE_ALPHA_DERIV=    1.35
2025-04-30 16:42:59.062 INFO: Epoch 294: head: Default, loss=0.1235, RMSE_MU_per_atom=0.00 mDebye, RMSE_MU_DERIV=0.00 mDebye / A, RMSE_ALPHA_per_atom=    0.04, RMSE_ALPHA_DERIV=    1.12
2025-04-30 16:43:13.410 INFO: Epoch 295: head: Default, loss=0.1036, RMSE_MU_per_atom=0.00 mDebye, RMSE_MU_DERIV=0.00 mDebye / A, RMSE_ALPHA_per_atom=    0.08, RMSE_ALPHA_DERIV=    1.01
2025-04-30 16:43:27.749 INFO: Epoch 296: head: Default, loss=0.1594, RMSE_MU_per_atom=0.00 mDebye, RMSE_MU_DERIV=0.00 mDebye / A, RMSE_ALPHA_per_atom=    0.15, RMSE_ALPHA_DERIV=    1.16
2025-04-30 16:43:42.143 INFO: Epoch 297: head: Default, loss=0.1152, RMSE_MU_per_atom=0.00 mDebye, RMSE_MU_DERIV=0.00 mDebye / A, RMSE_ALPHA_per_atom=    0.11, RMSE_ALPHA_DERIV=    1.00
2025-04-30 16:43:56.493 INFO: Epoch 298: head: Default, loss=0.1117, RMSE_MU_per_atom=0.00 mDebye, RMSE_MU_DERIV=0.00 mDebye / A, RMSE_ALPHA_per_atom=    0.08, RMSE_ALPHA_DERIV=    1.05
2025-04-30 16:44:10.783 INFO: Epoch 299: head: Default, loss=0.1005, RMSE_MU_per_atom=0.00 mDebye, RMSE_MU_DERIV=0.00 mDebye / A, RMSE_ALPHA_per_atom=    0.03, RMSE_ALPHA_DERIV=    1.03
2025-04-30 16:44:25.119 INFO: Epoch 300: head: Default, loss=0.1024, RMSE_MU_per_atom=0.00 mDebye, RMSE_MU_DERIV=0.00 mDebye / A, RMSE_ALPHA_per_atom=    0.05, RMSE_ALPHA_DERIV=    1.02
2025-04-30 16:44:39.424 INFO: Epoch 301: head: Default, loss=0.1679, RMSE_MU_per_atom=0.00 mDebye, RMSE_MU_DERIV=0.00 mDebye / A, RMSE_ALPHA_per_atom=    0.16, RMSE_ALPHA_DERIV=    1.17
2025-04-30 16:44:53.749 INFO: Epoch 302: head: Default, loss=0.1159, RMSE_MU_per_atom=0.00 mDebye, RMSE_MU_DERIV=0.00 mDebye / A, RMSE_ALPHA_per_atom=    0.05, RMSE_ALPHA_DERIV=    1.07
2025-04-30 16:45:08.041 INFO: Epoch 303: head: Default, loss=0.1082, RMSE_MU_per_atom=0.00 mDebye, RMSE_MU_DERIV=0.00 mDebye / A, RMSE_ALPHA_per_atom=    0.05, RMSE_ALPHA_DERIV=    1.06
2025-04-30 16:45:22.399 INFO: Epoch 304: head: Default, loss=0.1003, RMSE_MU_per_atom=0.00 mDebye, RMSE_MU_DERIV=0.00 mDebye / A, RMSE_ALPHA_per_atom=    0.08, RMSE_ALPHA_DERIV=    0.99
2025-04-30 16:45:36.687 INFO: Epoch 305: head: Default, loss=0.1071, RMSE_MU_per_atom=0.00 mDebye, RMSE_MU_DERIV=0.00 mDebye / A, RMSE_ALPHA_per_atom=    0.03, RMSE_ALPHA_DERIV=    1.05
2025-04-30 16:45:51.069 INFO: Epoch 306: head: Default, loss=0.1040, RMSE_MU_per_atom=0.00 mDebye, RMSE_MU_DERIV=0.00 mDebye / A, RMSE_ALPHA_per_atom=    0.03, RMSE_ALPHA_DERIV=    1.04
2025-04-30 16:46:05.391 INFO: Epoch 307: head: Default, loss=0.1163, RMSE_MU_per_atom=0.00 mDebye, RMSE_MU_DERIV=0.00 mDebye / A, RMSE_ALPHA_per_atom=    0.10, RMSE_ALPHA_DERIV=    1.04
2025-04-30 16:46:19.789 INFO: Epoch 308: head: Default, loss=0.0990, RMSE_MU_per_atom=0.00 mDebye, RMSE_MU_DERIV=0.00 mDebye / A, RMSE_ALPHA_per_atom=    0.05, RMSE_ALPHA_DERIV=    1.00
2025-04-30 16:46:34.126 INFO: Epoch 309: head: Default, loss=0.1037, RMSE_MU_per_atom=0.00 mDebye, RMSE_MU_DERIV=0.00 mDebye / A, RMSE_ALPHA_per_atom=    0.05, RMSE_ALPHA_DERIV=    1.02
2025-04-30 16:46:48.516 INFO: Epoch 310: head: Default, loss=0.1341, RMSE_MU_per_atom=0.00 mDebye, RMSE_MU_DERIV=0.00 mDebye / A, RMSE_ALPHA_per_atom=    0.11, RMSE_ALPHA_DERIV=    1.13
2025-04-30 16:47:02.822 INFO: Epoch 311: head: Default, loss=0.1146, RMSE_MU_per_atom=0.00 mDebye, RMSE_MU_DERIV=0.00 mDebye / A, RMSE_ALPHA_per_atom=    0.08, RMSE_ALPHA_DERIV=    1.04
2025-04-30 16:47:17.114 INFO: Epoch 312: head: Default, loss=0.1066, RMSE_MU_per_atom=0.00 mDebye, RMSE_MU_DERIV=0.00 mDebye / A, RMSE_ALPHA_per_atom=    0.08, RMSE_ALPHA_DERIV=    1.01
2025-04-30 16:47:31.423 INFO: Epoch 313: head: Default, loss=0.1336, RMSE_MU_per_atom=0.00 mDebye, RMSE_MU_DERIV=0.00 mDebye / A, RMSE_ALPHA_per_atom=    0.12, RMSE_ALPHA_DERIV=    1.09
2025-04-30 16:47:45.789 INFO: Epoch 314: head: Default, loss=0.1124, RMSE_MU_per_atom=0.00 mDebye, RMSE_MU_DERIV=0.00 mDebye / A, RMSE_ALPHA_per_atom=    0.12, RMSE_ALPHA_DERIV=    1.01
2025-04-30 16:48:00.192 INFO: Epoch 315: head: Default, loss=0.1287, RMSE_MU_per_atom=0.00 mDebye, RMSE_MU_DERIV=0.00 mDebye / A, RMSE_ALPHA_per_atom=    0.05, RMSE_ALPHA_DERIV=    1.15
2025-04-30 16:48:14.509 INFO: Epoch 316: head: Default, loss=0.1133, RMSE_MU_per_atom=0.00 mDebye, RMSE_MU_DERIV=0.00 mDebye / A, RMSE_ALPHA_per_atom=    0.07, RMSE_ALPHA_DERIV=    1.05
2025-04-30 16:48:28.833 INFO: Epoch 317: head: Default, loss=0.1201, RMSE_MU_per_atom=0.00 mDebye, RMSE_MU_DERIV=0.00 mDebye / A, RMSE_ALPHA_per_atom=    0.04, RMSE_ALPHA_DERIV=    1.10
2025-04-30 16:48:43.151 INFO: Epoch 318: head: Default, loss=0.0920, RMSE_MU_per_atom=0.00 mDebye, RMSE_MU_DERIV=0.00 mDebye / A, RMSE_ALPHA_per_atom=    0.03, RMSE_ALPHA_DERIV=    0.98
2025-04-30 16:48:57.579 INFO: Epoch 319: head: Default, loss=0.0963, RMSE_MU_per_atom=0.00 mDebye, RMSE_MU_DERIV=0.00 mDebye / A, RMSE_ALPHA_per_atom=    0.05, RMSE_ALPHA_DERIV=    0.98
2025-04-30 16:49:11.827 INFO: Epoch 320: head: Default, loss=0.1010, RMSE_MU_per_atom=0.00 mDebye, RMSE_MU_DERIV=0.00 mDebye / A, RMSE_ALPHA_per_atom=    0.04, RMSE_ALPHA_DERIV=    1.01
2025-04-30 16:49:26.178 INFO: Epoch 321: head: Default, loss=0.1233, RMSE_MU_per_atom=0.00 mDebye, RMSE_MU_DERIV=0.00 mDebye / A, RMSE_ALPHA_per_atom=    0.10, RMSE_ALPHA_DERIV=    1.07
2025-04-30 16:49:40.528 INFO: Epoch 322: head: Default, loss=0.1048, RMSE_MU_per_atom=0.00 mDebye, RMSE_MU_DERIV=0.00 mDebye / A, RMSE_ALPHA_per_atom=    0.04, RMSE_ALPHA_DERIV=    1.03
2025-04-30 16:49:54.861 INFO: Epoch 323: head: Default, loss=0.1009, RMSE_MU_per_atom=0.00 mDebye, RMSE_MU_DERIV=0.00 mDebye / A, RMSE_ALPHA_per_atom=    0.06, RMSE_ALPHA_DERIV=    1.01
2025-04-30 16:50:09.219 INFO: Epoch 324: head: Default, loss=0.1056, RMSE_MU_per_atom=0.00 mDebye, RMSE_MU_DERIV=0.00 mDebye / A, RMSE_ALPHA_per_atom=    0.07, RMSE_ALPHA_DERIV=    1.02
2025-04-30 16:50:23.538 INFO: Epoch 325: head: Default, loss=0.0913, RMSE_MU_per_atom=0.00 mDebye, RMSE_MU_DERIV=0.00 mDebye / A, RMSE_ALPHA_per_atom=    0.03, RMSE_ALPHA_DERIV=    0.98
2025-04-30 16:50:38.241 INFO: Epoch 326: head: Default, loss=0.0994, RMSE_MU_per_atom=0.00 mDebye, RMSE_MU_DERIV=0.00 mDebye / A, RMSE_ALPHA_per_atom=    0.08, RMSE_ALPHA_DERIV=    0.98
2025-04-30 16:50:52.966 INFO: Epoch 327: head: Default, loss=0.1250, RMSE_MU_per_atom=0.00 mDebye, RMSE_MU_DERIV=0.00 mDebye / A, RMSE_ALPHA_per_atom=    0.09, RMSE_ALPHA_DERIV=    1.10
2025-04-30 16:51:07.637 INFO: Epoch 328: head: Default, loss=0.1410, RMSE_MU_per_atom=0.00 mDebye, RMSE_MU_DERIV=0.00 mDebye / A, RMSE_ALPHA_per_atom=    0.11, RMSE_ALPHA_DERIV=    1.15
2025-04-30 16:51:22.382 INFO: Epoch 329: head: Default, loss=0.1582, RMSE_MU_per_atom=0.00 mDebye, RMSE_MU_DERIV=0.00 mDebye / A, RMSE_ALPHA_per_atom=    0.14, RMSE_ALPHA_DERIV=    1.18
2025-04-30 16:51:37.203 INFO: Epoch 330: head: Default, loss=0.1105, RMSE_MU_per_atom=0.00 mDebye, RMSE_MU_DERIV=0.00 mDebye / A, RMSE_ALPHA_per_atom=    0.05, RMSE_ALPHA_DERIV=    1.07
2025-04-30 16:51:52.026 INFO: Epoch 331: head: Default, loss=0.1095, RMSE_MU_per_atom=0.00 mDebye, RMSE_MU_DERIV=0.00 mDebye / A, RMSE_ALPHA_per_atom=    0.04, RMSE_ALPHA_DERIV=    1.06
2025-04-30 16:52:06.756 INFO: Epoch 332: head: Default, loss=0.1159, RMSE_MU_per_atom=0.00 mDebye, RMSE_MU_DERIV=0.00 mDebye / A, RMSE_ALPHA_per_atom=    0.09, RMSE_ALPHA_DERIV=    1.06
2025-04-30 16:52:21.548 INFO: Epoch 333: head: Default, loss=0.0966, RMSE_MU_per_atom=0.00 mDebye, RMSE_MU_DERIV=0.00 mDebye / A, RMSE_ALPHA_per_atom=    0.04, RMSE_ALPHA_DERIV=    0.99
2025-04-30 16:52:36.290 INFO: Epoch 334: head: Default, loss=0.1091, RMSE_MU_per_atom=0.00 mDebye, RMSE_MU_DERIV=0.00 mDebye / A, RMSE_ALPHA_per_atom=    0.04, RMSE_ALPHA_DERIV=    1.06
2025-04-30 16:52:50.701 INFO: Epoch 335: head: Default, loss=0.0894, RMSE_MU_per_atom=0.00 mDebye, RMSE_MU_DERIV=0.00 mDebye / A, RMSE_ALPHA_per_atom=    0.04, RMSE_ALPHA_DERIV=    0.96
2025-04-30 16:53:05.117 INFO: Epoch 336: head: Default, loss=0.0921, RMSE_MU_per_atom=0.00 mDebye, RMSE_MU_DERIV=0.00 mDebye / A, RMSE_ALPHA_per_atom=    0.05, RMSE_ALPHA_DERIV=    0.96
2025-04-30 16:53:19.464 INFO: Epoch 337: head: Default, loss=0.0891, RMSE_MU_per_atom=0.00 mDebye, RMSE_MU_DERIV=0.00 mDebye / A, RMSE_ALPHA_per_atom=    0.03, RMSE_ALPHA_DERIV=    0.97
2025-04-30 16:53:33.914 INFO: Epoch 338: head: Default, loss=0.1051, RMSE_MU_per_atom=0.00 mDebye, RMSE_MU_DERIV=0.00 mDebye / A, RMSE_ALPHA_per_atom=    0.04, RMSE_ALPHA_DERIV=    1.04
2025-04-30 16:53:48.291 INFO: Epoch 339: head: Default, loss=0.0996, RMSE_MU_per_atom=0.00 mDebye, RMSE_MU_DERIV=0.00 mDebye / A, RMSE_ALPHA_per_atom=    0.07, RMSE_ALPHA_DERIV=    0.99
2025-04-30 16:54:02.671 INFO: Epoch 340: head: Default, loss=0.1311, RMSE_MU_per_atom=0.00 mDebye, RMSE_MU_DERIV=0.00 mDebye / A, RMSE_ALPHA_per_atom=    0.04, RMSE_ALPHA_DERIV=    1.16
2025-04-30 16:54:16.989 INFO: Epoch 341: head: Default, loss=0.0992, RMSE_MU_per_atom=0.00 mDebye, RMSE_MU_DERIV=0.00 mDebye / A, RMSE_ALPHA_per_atom=    0.05, RMSE_ALPHA_DERIV=    1.00
2025-04-30 16:54:31.306 INFO: Epoch 342: head: Default, loss=0.0943, RMSE_MU_per_atom=0.00 mDebye, RMSE_MU_DERIV=0.00 mDebye / A, RMSE_ALPHA_per_atom=    0.05, RMSE_ALPHA_DERIV=    0.98
2025-04-30 16:54:45.620 INFO: Epoch 343: head: Default, loss=0.1066, RMSE_MU_per_atom=0.00 mDebye, RMSE_MU_DERIV=0.00 mDebye / A, RMSE_ALPHA_per_atom=    0.04, RMSE_ALPHA_DERIV=    1.04
2025-04-30 16:55:00.036 INFO: Epoch 344: head: Default, loss=0.1141, RMSE_MU_per_atom=0.00 mDebye, RMSE_MU_DERIV=0.00 mDebye / A, RMSE_ALPHA_per_atom=    0.08, RMSE_ALPHA_DERIV=    1.06
2025-04-30 16:55:14.827 INFO: Epoch 345: head: Default, loss=0.0975, RMSE_MU_per_atom=0.00 mDebye, RMSE_MU_DERIV=0.00 mDebye / A, RMSE_ALPHA_per_atom=    0.05, RMSE_ALPHA_DERIV=    1.00
2025-04-30 16:55:29.430 INFO: Epoch 346: head: Default, loss=0.0873, RMSE_MU_per_atom=0.00 mDebye, RMSE_MU_DERIV=0.00 mDebye / A, RMSE_ALPHA_per_atom=    0.04, RMSE_ALPHA_DERIV=    0.95
2025-04-30 16:55:43.820 INFO: Epoch 347: head: Default, loss=0.1130, RMSE_MU_per_atom=0.00 mDebye, RMSE_MU_DERIV=0.00 mDebye / A, RMSE_ALPHA_per_atom=    0.06, RMSE_ALPHA_DERIV=    1.07
2025-04-30 16:55:58.187 INFO: Epoch 348: head: Default, loss=0.0949, RMSE_MU_per_atom=0.00 mDebye, RMSE_MU_DERIV=0.00 mDebye / A, RMSE_ALPHA_per_atom=    0.03, RMSE_ALPHA_DERIV=    1.00
2025-04-30 16:56:12.561 INFO: Epoch 349: head: Default, loss=0.1061, RMSE_MU_per_atom=0.00 mDebye, RMSE_MU_DERIV=0.00 mDebye / A, RMSE_ALPHA_per_atom=    0.05, RMSE_ALPHA_DERIV=    1.02
2025-04-30 16:56:26.929 INFO: Epoch 350: head: Default, loss=0.0979, RMSE_MU_per_atom=0.00 mDebye, RMSE_MU_DERIV=0.00 mDebye / A, RMSE_ALPHA_per_atom=    0.05, RMSE_ALPHA_DERIV=    1.00
2025-04-30 16:56:41.233 INFO: Epoch 351: head: Default, loss=0.1029, RMSE_MU_per_atom=0.00 mDebye, RMSE_MU_DERIV=0.00 mDebye / A, RMSE_ALPHA_per_atom=    0.05, RMSE_ALPHA_DERIV=    1.02
2025-04-30 16:56:55.534 INFO: Epoch 352: head: Default, loss=0.1011, RMSE_MU_per_atom=0.00 mDebye, RMSE_MU_DERIV=0.00 mDebye / A, RMSE_ALPHA_per_atom=    0.11, RMSE_ALPHA_DERIV=    0.95
2025-04-30 16:57:09.839 INFO: Epoch 353: head: Default, loss=0.0960, RMSE_MU_per_atom=0.00 mDebye, RMSE_MU_DERIV=0.00 mDebye / A, RMSE_ALPHA_per_atom=    0.04, RMSE_ALPHA_DERIV=    0.99
2025-04-30 16:57:24.155 INFO: Epoch 354: head: Default, loss=0.1211, RMSE_MU_per_atom=0.00 mDebye, RMSE_MU_DERIV=0.00 mDebye / A, RMSE_ALPHA_per_atom=    0.05, RMSE_ALPHA_DERIV=    1.11
2025-04-30 16:57:38.437 INFO: Epoch 355: head: Default, loss=0.0970, RMSE_MU_per_atom=0.00 mDebye, RMSE_MU_DERIV=0.00 mDebye / A, RMSE_ALPHA_per_atom=    0.05, RMSE_ALPHA_DERIV=    0.99
2025-04-30 16:57:52.869 INFO: Epoch 356: head: Default, loss=0.0982, RMSE_MU_per_atom=0.00 mDebye, RMSE_MU_DERIV=0.00 mDebye / A, RMSE_ALPHA_per_atom=    0.04, RMSE_ALPHA_DERIV=    1.00
2025-04-30 16:58:07.308 INFO: Epoch 357: head: Default, loss=0.0935, RMSE_MU_per_atom=0.00 mDebye, RMSE_MU_DERIV=0.00 mDebye / A, RMSE_ALPHA_per_atom=    0.03, RMSE_ALPHA_DERIV=    0.99
2025-04-30 16:58:21.647 INFO: Epoch 358: head: Default, loss=0.1035, RMSE_MU_per_atom=0.00 mDebye, RMSE_MU_DERIV=0.00 mDebye / A, RMSE_ALPHA_per_atom=    0.07, RMSE_ALPHA_DERIV=    1.01
2025-04-30 16:58:36.061 INFO: Epoch 359: head: Default, loss=0.1151, RMSE_MU_per_atom=0.00 mDebye, RMSE_MU_DERIV=0.00 mDebye / A, RMSE_ALPHA_per_atom=    0.03, RMSE_ALPHA_DERIV=    1.10
2025-04-30 16:58:50.492 INFO: Epoch 360: head: Default, loss=0.1298, RMSE_MU_per_atom=0.00 mDebye, RMSE_MU_DERIV=0.00 mDebye / A, RMSE_ALPHA_per_atom=    0.07, RMSE_ALPHA_DERIV=    1.15
2025-04-30 16:59:04.888 INFO: Epoch 361: head: Default, loss=0.1763, RMSE_MU_per_atom=0.00 mDebye, RMSE_MU_DERIV=0.00 mDebye / A, RMSE_ALPHA_per_atom=    0.09, RMSE_ALPHA_DERIV=    1.27
2025-04-30 16:59:19.156 INFO: Epoch 362: head: Default, loss=0.1182, RMSE_MU_per_atom=0.00 mDebye, RMSE_MU_DERIV=0.00 mDebye / A, RMSE_ALPHA_per_atom=    0.05, RMSE_ALPHA_DERIV=    1.10
2025-04-30 16:59:33.544 INFO: Epoch 363: head: Default, loss=0.1206, RMSE_MU_per_atom=0.00 mDebye, RMSE_MU_DERIV=0.00 mDebye / A, RMSE_ALPHA_per_atom=    0.05, RMSE_ALPHA_DERIV=    1.11
2025-04-30 16:59:47.876 INFO: Epoch 364: head: Default, loss=0.1095, RMSE_MU_per_atom=0.00 mDebye, RMSE_MU_DERIV=0.00 mDebye / A, RMSE_ALPHA_per_atom=    0.09, RMSE_ALPHA_DERIV=    1.02
2025-04-30 17:00:02.235 INFO: Epoch 365: head: Default, loss=0.1286, RMSE_MU_per_atom=0.00 mDebye, RMSE_MU_DERIV=0.00 mDebye / A, RMSE_ALPHA_per_atom=    0.09, RMSE_ALPHA_DERIV=    1.11
2025-04-30 17:00:16.607 INFO: Epoch 366: head: Default, loss=0.2610, RMSE_MU_per_atom=0.00 mDebye, RMSE_MU_DERIV=0.00 mDebye / A, RMSE_ALPHA_per_atom=    0.18, RMSE_ALPHA_DERIV=    1.54
2025-04-30 17:00:30.950 INFO: Epoch 367: head: Default, loss=0.1148, RMSE_MU_per_atom=0.00 mDebye, RMSE_MU_DERIV=0.00 mDebye / A, RMSE_ALPHA_per_atom=    0.05, RMSE_ALPHA_DERIV=    1.07
2025-04-30 17:00:45.401 INFO: Epoch 368: head: Default, loss=0.1100, RMSE_MU_per_atom=0.00 mDebye, RMSE_MU_DERIV=0.00 mDebye / A, RMSE_ALPHA_per_atom=    0.10, RMSE_ALPHA_DERIV=    1.00
2025-04-30 17:00:59.727 INFO: Epoch 369: head: Default, loss=0.0988, RMSE_MU_per_atom=0.00 mDebye, RMSE_MU_DERIV=0.00 mDebye / A, RMSE_ALPHA_per_atom=    0.04, RMSE_ALPHA_DERIV=    1.02
2025-04-30 17:01:14.125 INFO: Epoch 370: head: Default, loss=0.1028, RMSE_MU_per_atom=0.00 mDebye, RMSE_MU_DERIV=0.00 mDebye / A, RMSE_ALPHA_per_atom=    0.05, RMSE_ALPHA_DERIV=    1.02
2025-04-30 17:01:28.485 INFO: Epoch 371: head: Default, loss=0.0965, RMSE_MU_per_atom=0.00 mDebye, RMSE_MU_DERIV=0.00 mDebye / A, RMSE_ALPHA_per_atom=    0.06, RMSE_ALPHA_DERIV=    0.98
2025-04-30 17:01:42.844 INFO: Epoch 372: head: Default, loss=0.0958, RMSE_MU_per_atom=0.00 mDebye, RMSE_MU_DERIV=0.00 mDebye / A, RMSE_ALPHA_per_atom=    0.07, RMSE_ALPHA_DERIV=    0.97
2025-04-30 17:01:57.130 INFO: Epoch 373: head: Default, loss=0.0949, RMSE_MU_per_atom=0.00 mDebye, RMSE_MU_DERIV=0.00 mDebye / A, RMSE_ALPHA_per_atom=    0.06, RMSE_ALPHA_DERIV=    0.98
2025-04-30 17:02:11.455 INFO: Epoch 374: head: Default, loss=0.0981, RMSE_MU_per_atom=0.00 mDebye, RMSE_MU_DERIV=0.00 mDebye / A, RMSE_ALPHA_per_atom=    0.05, RMSE_ALPHA_DERIV=    1.00
2025-04-30 17:02:25.804 INFO: Epoch 375: head: Default, loss=0.1035, RMSE_MU_per_atom=0.00 mDebye, RMSE_MU_DERIV=0.00 mDebye / A, RMSE_ALPHA_per_atom=    0.06, RMSE_ALPHA_DERIV=    1.02
2025-04-30 17:02:40.130 INFO: Epoch 376: head: Default, loss=0.1394, RMSE_MU_per_atom=0.00 mDebye, RMSE_MU_DERIV=0.00 mDebye / A, RMSE_ALPHA_per_atom=    0.07, RMSE_ALPHA_DERIV=    1.20
2025-04-30 17:02:54.528 INFO: Epoch 377: head: Default, loss=0.0922, RMSE_MU_per_atom=0.00 mDebye, RMSE_MU_DERIV=0.00 mDebye / A, RMSE_ALPHA_per_atom=    0.06, RMSE_ALPHA_DERIV=    0.96
2025-04-30 17:03:08.885 INFO: Epoch 378: head: Default, loss=0.1040, RMSE_MU_per_atom=0.00 mDebye, RMSE_MU_DERIV=0.00 mDebye / A, RMSE_ALPHA_per_atom=    0.06, RMSE_ALPHA_DERIV=    1.02
2025-04-30 17:03:23.176 INFO: Epoch 379: head: Default, loss=0.1500, RMSE_MU_per_atom=0.00 mDebye, RMSE_MU_DERIV=0.00 mDebye / A, RMSE_ALPHA_per_atom=    0.08, RMSE_ALPHA_DERIV=    1.24
2025-04-30 17:03:37.592 INFO: Epoch 380: head: Default, loss=0.1010, RMSE_MU_per_atom=0.00 mDebye, RMSE_MU_DERIV=0.00 mDebye / A, RMSE_ALPHA_per_atom=    0.08, RMSE_ALPHA_DERIV=    0.99
2025-04-30 17:03:51.948 INFO: Epoch 381: head: Default, loss=0.1090, RMSE_MU_per_atom=0.00 mDebye, RMSE_MU_DERIV=0.00 mDebye / A, RMSE_ALPHA_per_atom=    0.06, RMSE_ALPHA_DERIV=    1.06
2025-04-30 17:04:06.353 INFO: Epoch 382: head: Default, loss=0.1445, RMSE_MU_per_atom=0.00 mDebye, RMSE_MU_DERIV=0.00 mDebye / A, RMSE_ALPHA_per_atom=    0.11, RMSE_ALPHA_DERIV=    1.16
2025-04-30 17:04:20.820 INFO: Epoch 383: head: Default, loss=0.0881, RMSE_MU_per_atom=0.00 mDebye, RMSE_MU_DERIV=0.00 mDebye / A, RMSE_ALPHA_per_atom=    0.04, RMSE_ALPHA_DERIV=    0.95
2025-04-30 17:04:35.088 INFO: Epoch 384: head: Default, loss=0.1101, RMSE_MU_per_atom=0.00 mDebye, RMSE_MU_DERIV=0.00 mDebye / A, RMSE_ALPHA_per_atom=    0.07, RMSE_ALPHA_DERIV=    1.03
2025-04-30 17:04:49.400 INFO: Epoch 385: head: Default, loss=0.0920, RMSE_MU_per_atom=0.00 mDebye, RMSE_MU_DERIV=0.00 mDebye / A, RMSE_ALPHA_per_atom=    0.07, RMSE_ALPHA_DERIV=    0.95
2025-04-30 17:05:03.764 INFO: Epoch 386: head: Default, loss=0.2009, RMSE_MU_per_atom=0.00 mDebye, RMSE_MU_DERIV=0.00 mDebye / A, RMSE_ALPHA_per_atom=    0.06, RMSE_ALPHA_DERIV=    1.44
2025-04-30 17:05:18.112 INFO: Epoch 387: head: Default, loss=0.0967, RMSE_MU_per_atom=0.00 mDebye, RMSE_MU_DERIV=0.00 mDebye / A, RMSE_ALPHA_per_atom=    0.05, RMSE_ALPHA_DERIV=    1.00
2025-04-30 17:05:32.489 INFO: Epoch 388: head: Default, loss=0.1089, RMSE_MU_per_atom=0.00 mDebye, RMSE_MU_DERIV=0.00 mDebye / A, RMSE_ALPHA_per_atom=    0.06, RMSE_ALPHA_DERIV=    1.04
2025-04-30 17:05:46.861 INFO: Epoch 389: head: Default, loss=0.1122, RMSE_MU_per_atom=0.00 mDebye, RMSE_MU_DERIV=0.00 mDebye / A, RMSE_ALPHA_per_atom=    0.11, RMSE_ALPHA_DERIV=    1.01
2025-04-30 17:06:01.253 INFO: Epoch 390: head: Default, loss=0.0941, RMSE_MU_per_atom=0.00 mDebye, RMSE_MU_DERIV=0.00 mDebye / A, RMSE_ALPHA_per_atom=    0.08, RMSE_ALPHA_DERIV=    0.95
2025-04-30 17:06:15.623 INFO: Epoch 391: head: Default, loss=0.1607, RMSE_MU_per_atom=0.00 mDebye, RMSE_MU_DERIV=0.00 mDebye / A, RMSE_ALPHA_per_atom=    0.18, RMSE_ALPHA_DERIV=    1.14
2025-04-30 17:06:29.952 INFO: Epoch 392: head: Default, loss=0.0942, RMSE_MU_per_atom=0.00 mDebye, RMSE_MU_DERIV=0.00 mDebye / A, RMSE_ALPHA_per_atom=    0.06, RMSE_ALPHA_DERIV=    0.97
2025-04-30 17:06:44.359 INFO: Epoch 393: head: Default, loss=0.0944, RMSE_MU_per_atom=0.00 mDebye, RMSE_MU_DERIV=0.00 mDebye / A, RMSE_ALPHA_per_atom=    0.04, RMSE_ALPHA_DERIV=    0.98
2025-04-30 17:06:58.683 INFO: Epoch 394: head: Default, loss=0.0955, RMSE_MU_per_atom=0.00 mDebye, RMSE_MU_DERIV=0.00 mDebye / A, RMSE_ALPHA_per_atom=    0.04, RMSE_ALPHA_DERIV=    0.99
2025-04-30 17:07:13.097 INFO: Epoch 395: head: Default, loss=0.0877, RMSE_MU_per_atom=0.00 mDebye, RMSE_MU_DERIV=0.00 mDebye / A, RMSE_ALPHA_per_atom=    0.03, RMSE_ALPHA_DERIV=    0.95
2025-04-30 17:07:27.413 INFO: Epoch 396: head: Default, loss=0.1136, RMSE_MU_per_atom=0.00 mDebye, RMSE_MU_DERIV=0.00 mDebye / A, RMSE_ALPHA_per_atom=    0.09, RMSE_ALPHA_DERIV=    1.05
2025-04-30 17:07:41.823 INFO: Epoch 397: head: Default, loss=0.0882, RMSE_MU_per_atom=0.00 mDebye, RMSE_MU_DERIV=0.00 mDebye / A, RMSE_ALPHA_per_atom=    0.05, RMSE_ALPHA_DERIV=    0.95
2025-04-30 17:07:56.203 INFO: Epoch 398: head: Default, loss=0.0827, RMSE_MU_per_atom=0.00 mDebye, RMSE_MU_DERIV=0.00 mDebye / A, RMSE_ALPHA_per_atom=    0.03, RMSE_ALPHA_DERIV=    0.93
2025-04-30 17:08:10.569 INFO: Epoch 399: head: Default, loss=0.0924, RMSE_MU_per_atom=0.00 mDebye, RMSE_MU_DERIV=0.00 mDebye / A, RMSE_ALPHA_per_atom=    0.04, RMSE_ALPHA_DERIV=    0.98
2025-04-30 17:08:24.968 INFO: Epoch 400: head: Default, loss=0.0838, RMSE_MU_per_atom=0.00 mDebye, RMSE_MU_DERIV=0.00 mDebye / A, RMSE_ALPHA_per_atom=    0.04, RMSE_ALPHA_DERIV=    0.93
2025-04-30 17:08:39.422 INFO: Epoch 401: head: Default, loss=0.0912, RMSE_MU_per_atom=0.00 mDebye, RMSE_MU_DERIV=0.00 mDebye / A, RMSE_ALPHA_per_atom=    0.06, RMSE_ALPHA_DERIV=    0.96
2025-04-30 17:08:53.881 INFO: Epoch 402: head: Default, loss=0.0916, RMSE_MU_per_atom=0.00 mDebye, RMSE_MU_DERIV=0.00 mDebye / A, RMSE_ALPHA_per_atom=    0.06, RMSE_ALPHA_DERIV=    0.96
2025-04-30 17:09:08.209 INFO: Epoch 403: head: Default, loss=0.0899, RMSE_MU_per_atom=0.00 mDebye, RMSE_MU_DERIV=0.00 mDebye / A, RMSE_ALPHA_per_atom=    0.03, RMSE_ALPHA_DERIV=    0.97
2025-04-30 17:09:22.596 INFO: Epoch 404: head: Default, loss=0.1209, RMSE_MU_per_atom=0.00 mDebye, RMSE_MU_DERIV=0.00 mDebye / A, RMSE_ALPHA_per_atom=    0.05, RMSE_ALPHA_DERIV=    1.12
2025-04-30 17:09:37.017 INFO: Epoch 405: head: Default, loss=0.0841, RMSE_MU_per_atom=0.00 mDebye, RMSE_MU_DERIV=0.00 mDebye / A, RMSE_ALPHA_per_atom=    0.04, RMSE_ALPHA_DERIV=    0.94
2025-04-30 17:09:51.365 INFO: Epoch 406: head: Default, loss=0.0995, RMSE_MU_per_atom=0.00 mDebye, RMSE_MU_DERIV=0.00 mDebye / A, RMSE_ALPHA_per_atom=    0.03, RMSE_ALPHA_DERIV=    1.02
2025-04-30 17:10:05.705 INFO: Epoch 407: head: Default, loss=0.1016, RMSE_MU_per_atom=0.00 mDebye, RMSE_MU_DERIV=0.00 mDebye / A, RMSE_ALPHA_per_atom=    0.07, RMSE_ALPHA_DERIV=    1.01
2025-04-30 17:10:20.064 INFO: Epoch 408: head: Default, loss=0.0854, RMSE_MU_per_atom=0.00 mDebye, RMSE_MU_DERIV=0.00 mDebye / A, RMSE_ALPHA_per_atom=    0.05, RMSE_ALPHA_DERIV=    0.93
2025-04-30 17:10:34.434 INFO: Epoch 409: head: Default, loss=0.0882, RMSE_MU_per_atom=0.00 mDebye, RMSE_MU_DERIV=0.00 mDebye / A, RMSE_ALPHA_per_atom=    0.05, RMSE_ALPHA_DERIV=    0.95
2025-04-30 17:10:48.752 INFO: Epoch 410: head: Default, loss=0.0871, RMSE_MU_per_atom=0.00 mDebye, RMSE_MU_DERIV=0.00 mDebye / A, RMSE_ALPHA_per_atom=    0.05, RMSE_ALPHA_DERIV=    0.94
2025-04-30 17:11:03.145 INFO: Epoch 411: head: Default, loss=0.1028, RMSE_MU_per_atom=0.00 mDebye, RMSE_MU_DERIV=0.00 mDebye / A, RMSE_ALPHA_per_atom=    0.05, RMSE_ALPHA_DERIV=    1.03
2025-04-30 17:11:17.550 INFO: Epoch 412: head: Default, loss=0.0889, RMSE_MU_per_atom=0.00 mDebye, RMSE_MU_DERIV=0.00 mDebye / A, RMSE_ALPHA_per_atom=    0.08, RMSE_ALPHA_DERIV=    0.93
2025-04-30 17:11:31.930 INFO: Epoch 413: head: Default, loss=0.0891, RMSE_MU_per_atom=0.00 mDebye, RMSE_MU_DERIV=0.00 mDebye / A, RMSE_ALPHA_per_atom=    0.03, RMSE_ALPHA_DERIV=    0.96
2025-04-30 17:11:46.319 INFO: Epoch 414: head: Default, loss=0.0819, RMSE_MU_per_atom=0.00 mDebye, RMSE_MU_DERIV=0.00 mDebye / A, RMSE_ALPHA_per_atom=    0.02, RMSE_ALPHA_DERIV=    0.93
2025-04-30 17:12:00.734 INFO: Epoch 415: head: Default, loss=0.0794, RMSE_MU_per_atom=0.00 mDebye, RMSE_MU_DERIV=0.00 mDebye / A, RMSE_ALPHA_per_atom=    0.03, RMSE_ALPHA_DERIV=    0.92
2025-04-30 17:12:15.074 INFO: Epoch 416: head: Default, loss=0.0949, RMSE_MU_per_atom=0.00 mDebye, RMSE_MU_DERIV=0.00 mDebye / A, RMSE_ALPHA_per_atom=    0.08, RMSE_ALPHA_DERIV=    0.95
2025-04-30 17:12:29.393 INFO: Epoch 417: head: Default, loss=0.0859, RMSE_MU_per_atom=0.00 mDebye, RMSE_MU_DERIV=0.00 mDebye / A, RMSE_ALPHA_per_atom=    0.05, RMSE_ALPHA_DERIV=    0.94
2025-04-30 17:12:43.759 INFO: Epoch 418: head: Default, loss=0.0837, RMSE_MU_per_atom=0.00 mDebye, RMSE_MU_DERIV=0.00 mDebye / A, RMSE_ALPHA_per_atom=    0.03, RMSE_ALPHA_DERIV=    0.94
2025-04-30 17:12:58.062 INFO: Epoch 419: head: Default, loss=0.0865, RMSE_MU_per_atom=0.00 mDebye, RMSE_MU_DERIV=0.00 mDebye / A, RMSE_ALPHA_per_atom=    0.05, RMSE_ALPHA_DERIV=    0.94
2025-04-30 17:13:12.393 INFO: Epoch 420: head: Default, loss=0.0880, RMSE_MU_per_atom=0.00 mDebye, RMSE_MU_DERIV=0.00 mDebye / A, RMSE_ALPHA_per_atom=    0.05, RMSE_ALPHA_DERIV=    0.95
2025-04-30 17:13:26.773 INFO: Epoch 421: head: Default, loss=0.0888, RMSE_MU_per_atom=0.00 mDebye, RMSE_MU_DERIV=0.00 mDebye / A, RMSE_ALPHA_per_atom=    0.05, RMSE_ALPHA_DERIV=    0.96
2025-04-30 17:13:41.137 INFO: Epoch 422: head: Default, loss=0.0839, RMSE_MU_per_atom=0.00 mDebye, RMSE_MU_DERIV=0.00 mDebye / A, RMSE_ALPHA_per_atom=    0.03, RMSE_ALPHA_DERIV=    0.94
2025-04-30 17:13:55.513 INFO: Epoch 423: head: Default, loss=0.0826, RMSE_MU_per_atom=0.00 mDebye, RMSE_MU_DERIV=0.00 mDebye / A, RMSE_ALPHA_per_atom=    0.03, RMSE_ALPHA_DERIV=    0.93
2025-04-30 17:14:09.970 INFO: Epoch 424: head: Default, loss=0.0814, RMSE_MU_per_atom=0.00 mDebye, RMSE_MU_DERIV=0.00 mDebye / A, RMSE_ALPHA_per_atom=    0.04, RMSE_ALPHA_DERIV=    0.92
2025-04-30 17:14:24.304 INFO: Epoch 425: head: Default, loss=0.0829, RMSE_MU_per_atom=0.00 mDebye, RMSE_MU_DERIV=0.00 mDebye / A, RMSE_ALPHA_per_atom=    0.06, RMSE_ALPHA_DERIV=    0.92
2025-04-30 17:14:38.738 INFO: Epoch 426: head: Default, loss=0.0852, RMSE_MU_per_atom=0.00 mDebye, RMSE_MU_DERIV=0.00 mDebye / A, RMSE_ALPHA_per_atom=    0.05, RMSE_ALPHA_DERIV=    0.93
2025-04-30 17:14:53.096 INFO: Epoch 427: head: Default, loss=0.0844, RMSE_MU_per_atom=0.00 mDebye, RMSE_MU_DERIV=0.00 mDebye / A, RMSE_ALPHA_per_atom=    0.04, RMSE_ALPHA_DERIV=    0.93
2025-04-30 17:15:07.489 INFO: Epoch 428: head: Default, loss=0.0848, RMSE_MU_per_atom=0.00 mDebye, RMSE_MU_DERIV=0.00 mDebye / A, RMSE_ALPHA_per_atom=    0.04, RMSE_ALPHA_DERIV=    0.94
2025-04-30 17:15:21.816 INFO: Epoch 429: head: Default, loss=0.0859, RMSE_MU_per_atom=0.00 mDebye, RMSE_MU_DERIV=0.00 mDebye / A, RMSE_ALPHA_per_atom=    0.03, RMSE_ALPHA_DERIV=    0.94
2025-04-30 17:15:36.210 INFO: Epoch 430: head: Default, loss=0.0858, RMSE_MU_per_atom=0.00 mDebye, RMSE_MU_DERIV=0.00 mDebye / A, RMSE_ALPHA_per_atom=    0.02, RMSE_ALPHA_DERIV=    0.95
2025-04-30 17:15:50.647 INFO: Epoch 431: head: Default, loss=0.0815, RMSE_MU_per_atom=0.00 mDebye, RMSE_MU_DERIV=0.00 mDebye / A, RMSE_ALPHA_per_atom=    0.03, RMSE_ALPHA_DERIV=    0.92
2025-04-30 17:16:05.009 INFO: Epoch 432: head: Default, loss=0.0771, RMSE_MU_per_atom=0.00 mDebye, RMSE_MU_DERIV=0.00 mDebye / A, RMSE_ALPHA_per_atom=    0.02, RMSE_ALPHA_DERIV=    0.90
2025-04-30 17:16:19.743 INFO: Epoch 433: head: Default, loss=0.0810, RMSE_MU_per_atom=0.00 mDebye, RMSE_MU_DERIV=0.00 mDebye / A, RMSE_ALPHA_per_atom=    0.04, RMSE_ALPHA_DERIV=    0.92
2025-04-30 17:16:34.058 INFO: Epoch 434: head: Default, loss=0.0849, RMSE_MU_per_atom=0.00 mDebye, RMSE_MU_DERIV=0.00 mDebye / A, RMSE_ALPHA_per_atom=    0.03, RMSE_ALPHA_DERIV=    0.94
2025-04-30 17:16:48.335 INFO: Epoch 435: head: Default, loss=0.0873, RMSE_MU_per_atom=0.00 mDebye, RMSE_MU_DERIV=0.00 mDebye / A, RMSE_ALPHA_per_atom=    0.04, RMSE_ALPHA_DERIV=    0.95
2025-04-30 17:17:02.689 INFO: Epoch 436: head: Default, loss=0.0812, RMSE_MU_per_atom=0.00 mDebye, RMSE_MU_DERIV=0.00 mDebye / A, RMSE_ALPHA_per_atom=    0.03, RMSE_ALPHA_DERIV=    0.92
2025-04-30 17:17:17.070 INFO: Epoch 437: head: Default, loss=0.0815, RMSE_MU_per_atom=0.00 mDebye, RMSE_MU_DERIV=0.00 mDebye / A, RMSE_ALPHA_per_atom=    0.03, RMSE_ALPHA_DERIV=    0.93
2025-04-30 17:17:31.400 INFO: Epoch 438: head: Default, loss=0.0815, RMSE_MU_per_atom=0.00 mDebye, RMSE_MU_DERIV=0.00 mDebye / A, RMSE_ALPHA_per_atom=    0.04, RMSE_ALPHA_DERIV=    0.92
2025-04-30 17:17:45.711 INFO: Epoch 439: head: Default, loss=0.0809, RMSE_MU_per_atom=0.00 mDebye, RMSE_MU_DERIV=0.00 mDebye / A, RMSE_ALPHA_per_atom=    0.04, RMSE_ALPHA_DERIV=    0.92
2025-04-30 17:18:00.090 INFO: Epoch 440: head: Default, loss=0.0945, RMSE_MU_per_atom=0.00 mDebye, RMSE_MU_DERIV=0.00 mDebye / A, RMSE_ALPHA_per_atom=    0.06, RMSE_ALPHA_DERIV=    0.98
2025-04-30 17:18:14.496 INFO: Epoch 441: head: Default, loss=0.0899, RMSE_MU_per_atom=0.00 mDebye, RMSE_MU_DERIV=0.00 mDebye / A, RMSE_ALPHA_per_atom=    0.04, RMSE_ALPHA_DERIV=    0.96
2025-04-30 17:18:28.873 INFO: Epoch 442: head: Default, loss=0.0773, RMSE_MU_per_atom=0.00 mDebye, RMSE_MU_DERIV=0.00 mDebye / A, RMSE_ALPHA_per_atom=    0.03, RMSE_ALPHA_DERIV=    0.90
2025-04-30 17:18:43.228 INFO: Epoch 443: head: Default, loss=0.0868, RMSE_MU_per_atom=0.00 mDebye, RMSE_MU_DERIV=0.00 mDebye / A, RMSE_ALPHA_per_atom=    0.04, RMSE_ALPHA_DERIV=    0.95
2025-04-30 17:18:57.431 INFO: Epoch 444: head: Default, loss=0.0838, RMSE_MU_per_atom=0.00 mDebye, RMSE_MU_DERIV=0.00 mDebye / A, RMSE_ALPHA_per_atom=    0.03, RMSE_ALPHA_DERIV=    0.93
2025-04-30 17:19:12.138 INFO: Epoch 445: head: Default, loss=0.0832, RMSE_MU_per_atom=0.00 mDebye, RMSE_MU_DERIV=0.00 mDebye / A, RMSE_ALPHA_per_atom=    0.05, RMSE_ALPHA_DERIV=    0.93
2025-04-30 17:19:26.718 INFO: Epoch 446: head: Default, loss=0.0856, RMSE_MU_per_atom=0.00 mDebye, RMSE_MU_DERIV=0.00 mDebye / A, RMSE_ALPHA_per_atom=    0.03, RMSE_ALPHA_DERIV=    0.95
2025-04-30 17:19:41.436 INFO: Epoch 447: head: Default, loss=0.1012, RMSE_MU_per_atom=0.00 mDebye, RMSE_MU_DERIV=0.00 mDebye / A, RMSE_ALPHA_per_atom=    0.03, RMSE_ALPHA_DERIV=    1.03
2025-04-30 17:19:56.158 INFO: Epoch 448: head: Default, loss=0.0788, RMSE_MU_per_atom=0.00 mDebye, RMSE_MU_DERIV=0.00 mDebye / A, RMSE_ALPHA_per_atom=    0.02, RMSE_ALPHA_DERIV=    0.91
2025-04-30 17:20:10.965 INFO: Epoch 449: head: Default, loss=0.1026, RMSE_MU_per_atom=0.00 mDebye, RMSE_MU_DERIV=0.00 mDebye / A, RMSE_ALPHA_per_atom=    0.06, RMSE_ALPHA_DERIV=    1.02
2025-04-30 17:20:25.720 INFO: Epoch 450: head: Default, loss=0.0911, RMSE_MU_per_atom=0.00 mDebye, RMSE_MU_DERIV=0.00 mDebye / A, RMSE_ALPHA_per_atom=    0.03, RMSE_ALPHA_DERIV=    0.97
2025-04-30 17:20:40.460 INFO: Epoch 451: head: Default, loss=0.0819, RMSE_MU_per_atom=0.00 mDebye, RMSE_MU_DERIV=0.00 mDebye / A, RMSE_ALPHA_per_atom=    0.05, RMSE_ALPHA_DERIV=    0.92
2025-04-30 17:20:55.184 INFO: Epoch 452: head: Default, loss=0.0807, RMSE_MU_per_atom=0.00 mDebye, RMSE_MU_DERIV=0.00 mDebye / A, RMSE_ALPHA_per_atom=    0.03, RMSE_ALPHA_DERIV=    0.92
2025-04-30 17:21:09.821 INFO: Epoch 453: head: Default, loss=0.0811, RMSE_MU_per_atom=0.00 mDebye, RMSE_MU_DERIV=0.00 mDebye / A, RMSE_ALPHA_per_atom=    0.03, RMSE_ALPHA_DERIV=    0.92
2025-04-30 17:21:24.549 INFO: Epoch 454: head: Default, loss=0.0863, RMSE_MU_per_atom=0.00 mDebye, RMSE_MU_DERIV=0.00 mDebye / A, RMSE_ALPHA_per_atom=    0.06, RMSE_ALPHA_DERIV=    0.93
2025-04-30 17:21:39.293 INFO: Epoch 455: head: Default, loss=0.0780, RMSE_MU_per_atom=0.00 mDebye, RMSE_MU_DERIV=0.00 mDebye / A, RMSE_ALPHA_per_atom=    0.04, RMSE_ALPHA_DERIV=    0.90
2025-04-30 17:21:54.076 INFO: Epoch 456: head: Default, loss=0.0875, RMSE_MU_per_atom=0.00 mDebye, RMSE_MU_DERIV=0.00 mDebye / A, RMSE_ALPHA_per_atom=    0.07, RMSE_ALPHA_DERIV=    0.93
2025-04-30 17:22:08.863 INFO: Epoch 457: head: Default, loss=0.1025, RMSE_MU_per_atom=0.00 mDebye, RMSE_MU_DERIV=0.00 mDebye / A, RMSE_ALPHA_per_atom=    0.04, RMSE_ALPHA_DERIV=    1.03
2025-04-30 17:22:23.602 INFO: Epoch 458: head: Default, loss=0.0887, RMSE_MU_per_atom=0.00 mDebye, RMSE_MU_DERIV=0.00 mDebye / A, RMSE_ALPHA_per_atom=    0.05, RMSE_ALPHA_DERIV=    0.96
2025-04-30 17:22:38.349 INFO: Epoch 459: head: Default, loss=0.0812, RMSE_MU_per_atom=0.00 mDebye, RMSE_MU_DERIV=0.00 mDebye / A, RMSE_ALPHA_per_atom=    0.02, RMSE_ALPHA_DERIV=    0.93
2025-04-30 17:22:53.058 INFO: Epoch 460: head: Default, loss=0.0827, RMSE_MU_per_atom=0.00 mDebye, RMSE_MU_DERIV=0.00 mDebye / A, RMSE_ALPHA_per_atom=    0.03, RMSE_ALPHA_DERIV=    0.93
2025-04-30 17:23:07.907 INFO: Epoch 461: head: Default, loss=0.0812, RMSE_MU_per_atom=0.00 mDebye, RMSE_MU_DERIV=0.00 mDebye / A, RMSE_ALPHA_per_atom=    0.03, RMSE_ALPHA_DERIV=    0.92
2025-04-30 17:23:22.682 INFO: Epoch 462: head: Default, loss=0.0896, RMSE_MU_per_atom=0.00 mDebye, RMSE_MU_DERIV=0.00 mDebye / A, RMSE_ALPHA_per_atom=    0.04, RMSE_ALPHA_DERIV=    0.96
2025-04-30 17:23:37.386 INFO: Epoch 463: head: Default, loss=0.1050, RMSE_MU_per_atom=0.00 mDebye, RMSE_MU_DERIV=0.00 mDebye / A, RMSE_ALPHA_per_atom=    0.03, RMSE_ALPHA_DERIV=    1.04
2025-04-30 17:23:52.073 INFO: Epoch 464: head: Default, loss=0.0875, RMSE_MU_per_atom=0.00 mDebye, RMSE_MU_DERIV=0.00 mDebye / A, RMSE_ALPHA_per_atom=    0.04, RMSE_ALPHA_DERIV=    0.96
2025-04-30 17:24:06.834 INFO: Epoch 465: head: Default, loss=0.0849, RMSE_MU_per_atom=0.00 mDebye, RMSE_MU_DERIV=0.00 mDebye / A, RMSE_ALPHA_per_atom=    0.03, RMSE_ALPHA_DERIV=    0.95
2025-04-30 17:24:21.573 INFO: Epoch 466: head: Default, loss=0.0934, RMSE_MU_per_atom=0.00 mDebye, RMSE_MU_DERIV=0.00 mDebye / A, RMSE_ALPHA_per_atom=    0.03, RMSE_ALPHA_DERIV=    0.99
2025-04-30 17:24:36.340 INFO: Epoch 467: head: Default, loss=0.0841, RMSE_MU_per_atom=0.00 mDebye, RMSE_MU_DERIV=0.00 mDebye / A, RMSE_ALPHA_per_atom=    0.04, RMSE_ALPHA_DERIV=    0.93
2025-04-30 17:24:51.072 INFO: Epoch 468: head: Default, loss=0.0857, RMSE_MU_per_atom=0.00 mDebye, RMSE_MU_DERIV=0.00 mDebye / A, RMSE_ALPHA_per_atom=    0.03, RMSE_ALPHA_DERIV=    0.95
2025-04-30 17:25:05.598 INFO: Epoch 469: head: Default, loss=0.0847, RMSE_MU_per_atom=0.00 mDebye, RMSE_MU_DERIV=0.00 mDebye / A, RMSE_ALPHA_per_atom=    0.04, RMSE_ALPHA_DERIV=    0.93
2025-04-30 17:25:20.311 INFO: Epoch 470: head: Default, loss=0.0852, RMSE_MU_per_atom=0.00 mDebye, RMSE_MU_DERIV=0.00 mDebye / A, RMSE_ALPHA_per_atom=    0.04, RMSE_ALPHA_DERIV=    0.94
2025-04-30 17:25:34.869 INFO: Epoch 471: head: Default, loss=0.0876, RMSE_MU_per_atom=0.00 mDebye, RMSE_MU_DERIV=0.00 mDebye / A, RMSE_ALPHA_per_atom=    0.04, RMSE_ALPHA_DERIV=    0.95
2025-04-30 17:25:49.288 INFO: Epoch 472: head: Default, loss=0.0910, RMSE_MU_per_atom=0.00 mDebye, RMSE_MU_DERIV=0.00 mDebye / A, RMSE_ALPHA_per_atom=    0.03, RMSE_ALPHA_DERIV=    0.98
2025-04-30 17:26:04.037 INFO: Epoch 473: head: Default, loss=0.0911, RMSE_MU_per_atom=0.00 mDebye, RMSE_MU_DERIV=0.00 mDebye / A, RMSE_ALPHA_per_atom=    0.03, RMSE_ALPHA_DERIV=    0.98
2025-04-30 17:26:18.774 INFO: Epoch 474: head: Default, loss=0.0787, RMSE_MU_per_atom=0.00 mDebye, RMSE_MU_DERIV=0.00 mDebye / A, RMSE_ALPHA_per_atom=    0.03, RMSE_ALPHA_DERIV=    0.91
2025-04-30 17:26:33.452 INFO: Epoch 475: head: Default, loss=0.0926, RMSE_MU_per_atom=0.00 mDebye, RMSE_MU_DERIV=0.00 mDebye / A, RMSE_ALPHA_per_atom=    0.03, RMSE_ALPHA_DERIV=    0.98
2025-04-30 17:26:48.198 INFO: Epoch 476: head: Default, loss=0.0923, RMSE_MU_per_atom=0.00 mDebye, RMSE_MU_DERIV=0.00 mDebye / A, RMSE_ALPHA_per_atom=    0.06, RMSE_ALPHA_DERIV=    0.96
2025-04-30 17:27:02.961 INFO: Epoch 477: head: Default, loss=0.0846, RMSE_MU_per_atom=0.00 mDebye, RMSE_MU_DERIV=0.00 mDebye / A, RMSE_ALPHA_per_atom=    0.03, RMSE_ALPHA_DERIV=    0.94
2025-04-30 17:27:17.785 INFO: Epoch 478: head: Default, loss=0.0858, RMSE_MU_per_atom=0.00 mDebye, RMSE_MU_DERIV=0.00 mDebye / A, RMSE_ALPHA_per_atom=    0.03, RMSE_ALPHA_DERIV=    0.95
2025-04-30 17:27:32.614 INFO: Epoch 479: head: Default, loss=0.0849, RMSE_MU_per_atom=0.00 mDebye, RMSE_MU_DERIV=0.00 mDebye / A, RMSE_ALPHA_per_atom=    0.04, RMSE_ALPHA_DERIV=    0.95
2025-04-30 17:27:47.342 INFO: Epoch 480: head: Default, loss=0.0824, RMSE_MU_per_atom=0.00 mDebye, RMSE_MU_DERIV=0.00 mDebye / A, RMSE_ALPHA_per_atom=    0.03, RMSE_ALPHA_DERIV=    0.92
2025-04-30 17:28:02.022 INFO: Epoch 481: head: Default, loss=0.0855, RMSE_MU_per_atom=0.00 mDebye, RMSE_MU_DERIV=0.00 mDebye / A, RMSE_ALPHA_per_atom=    0.06, RMSE_ALPHA_DERIV=    0.92
2025-04-30 17:28:16.464 INFO: Epoch 482: head: Default, loss=0.0789, RMSE_MU_per_atom=0.00 mDebye, RMSE_MU_DERIV=0.00 mDebye / A, RMSE_ALPHA_per_atom=    0.04, RMSE_ALPHA_DERIV=    0.90
2025-04-30 17:28:30.733 INFO: Epoch 483: head: Default, loss=0.0862, RMSE_MU_per_atom=0.00 mDebye, RMSE_MU_DERIV=0.00 mDebye / A, RMSE_ALPHA_per_atom=    0.03, RMSE_ALPHA_DERIV=    0.94
2025-04-30 17:28:45.104 INFO: Epoch 484: head: Default, loss=0.0855, RMSE_MU_per_atom=0.00 mDebye, RMSE_MU_DERIV=0.00 mDebye / A, RMSE_ALPHA_per_atom=    0.05, RMSE_ALPHA_DERIV=    0.93
2025-04-30 17:28:59.478 INFO: Epoch 485: head: Default, loss=0.0822, RMSE_MU_per_atom=0.00 mDebye, RMSE_MU_DERIV=0.00 mDebye / A, RMSE_ALPHA_per_atom=    0.02, RMSE_ALPHA_DERIV=    0.93
2025-04-30 17:29:13.831 INFO: Epoch 486: head: Default, loss=0.0771, RMSE_MU_per_atom=0.00 mDebye, RMSE_MU_DERIV=0.00 mDebye / A, RMSE_ALPHA_per_atom=    0.02, RMSE_ALPHA_DERIV=    0.90
2025-04-30 17:29:28.264 INFO: Epoch 487: head: Default, loss=0.0843, RMSE_MU_per_atom=0.00 mDebye, RMSE_MU_DERIV=0.00 mDebye / A, RMSE_ALPHA_per_atom=    0.03, RMSE_ALPHA_DERIV=    0.94
2025-04-30 17:29:42.652 INFO: Epoch 488: head: Default, loss=0.0822, RMSE_MU_per_atom=0.00 mDebye, RMSE_MU_DERIV=0.00 mDebye / A, RMSE_ALPHA_per_atom=    0.06, RMSE_ALPHA_DERIV=    0.91
2025-04-30 17:29:57.088 INFO: Epoch 489: head: Default, loss=0.1100, RMSE_MU_per_atom=0.00 mDebye, RMSE_MU_DERIV=0.00 mDebye / A, RMSE_ALPHA_per_atom=    0.03, RMSE_ALPHA_DERIV=    1.07
2025-04-30 17:30:11.491 INFO: Epoch 490: head: Default, loss=0.0849, RMSE_MU_per_atom=0.00 mDebye, RMSE_MU_DERIV=0.00 mDebye / A, RMSE_ALPHA_per_atom=    0.04, RMSE_ALPHA_DERIV=    0.94
2025-04-30 17:30:25.871 INFO: Epoch 491: head: Default, loss=0.0771, RMSE_MU_per_atom=0.00 mDebye, RMSE_MU_DERIV=0.00 mDebye / A, RMSE_ALPHA_per_atom=    0.02, RMSE_ALPHA_DERIV=    0.90
2025-04-30 17:30:40.598 INFO: Epoch 492: head: Default, loss=0.0846, RMSE_MU_per_atom=0.00 mDebye, RMSE_MU_DERIV=0.00 mDebye / A, RMSE_ALPHA_per_atom=    0.03, RMSE_ALPHA_DERIV=    0.94
2025-04-30 17:30:55.318 INFO: Epoch 493: head: Default, loss=0.0772, RMSE_MU_per_atom=0.00 mDebye, RMSE_MU_DERIV=0.00 mDebye / A, RMSE_ALPHA_per_atom=    0.02, RMSE_ALPHA_DERIV=    0.90
2025-04-30 17:31:10.052 INFO: Epoch 494: head: Default, loss=0.0800, RMSE_MU_per_atom=0.00 mDebye, RMSE_MU_DERIV=0.00 mDebye / A, RMSE_ALPHA_per_atom=    0.03, RMSE_ALPHA_DERIV=    0.92
2025-04-30 17:31:24.856 INFO: Epoch 495: head: Default, loss=0.0869, RMSE_MU_per_atom=0.00 mDebye, RMSE_MU_DERIV=0.00 mDebye / A, RMSE_ALPHA_per_atom=    0.03, RMSE_ALPHA_DERIV=    0.96
2025-04-30 17:31:39.685 INFO: Epoch 496: head: Default, loss=0.0768, RMSE_MU_per_atom=0.00 mDebye, RMSE_MU_DERIV=0.00 mDebye / A, RMSE_ALPHA_per_atom=    0.03, RMSE_ALPHA_DERIV=    0.90
2025-04-30 17:31:54.498 INFO: Epoch 497: head: Default, loss=0.0867, RMSE_MU_per_atom=0.00 mDebye, RMSE_MU_DERIV=0.00 mDebye / A, RMSE_ALPHA_per_atom=    0.03, RMSE_ALPHA_DERIV=    0.95
2025-04-30 17:32:09.242 INFO: Epoch 498: head: Default, loss=0.0853, RMSE_MU_per_atom=0.00 mDebye, RMSE_MU_DERIV=0.00 mDebye / A, RMSE_ALPHA_per_atom=    0.02, RMSE_ALPHA_DERIV=    0.95
2025-04-30 17:32:23.954 INFO: Epoch 499: head: Default, loss=0.0863, RMSE_MU_per_atom=0.00 mDebye, RMSE_MU_DERIV=0.00 mDebye / A, RMSE_ALPHA_per_atom=    0.03, RMSE_ALPHA_DERIV=    0.95
2025-04-30 17:32:23.954 INFO: Training complete
2025-04-30 17:32:23.954 INFO: 
2025-04-30 17:32:23.955 INFO: ===========RESULTS===========
2025-04-30 17:32:24.296 INFO: Loading checkpoint: ./checkpoints/MoWSSe_aligned_ndata651_r8_w10_1_new_run-123_epoch-496.pt
2025-04-30 17:32:24.339 INFO: Loaded Stage one model from epoch 496 for evaluation
2025-04-30 17:32:24.339 INFO: Saving model to checkpoints/MoWSSe_aligned_ndata651_r8_w10_1_new_run-123.model
2025-04-30 17:32:24.596 INFO: Compiling model, saving metadata to MoWSSe_aligned_ndata651_r8_w10_1_new_compiled.model
2025-04-30 17:32:25.521 INFO: Computing metrics for training, validation, and test sets
2025-04-30 17:32:25.522 INFO: Skipping evaluation for heads: ['pt_head']
2025-04-30 17:32:25.522 INFO: Evaluating train_Default ...
2025-04-30 17:32:31.922 INFO: Evaluating valid_Default ...
2025-04-30 17:32:32.321 INFO: Error-table on TRAIN and VALID:
+---------------+-------------------------+----------------+---------------+------------+-------------------+------------------+
|  config_type  | RMSE MU / mDebye / atom | rel. MU RMSE % | RMSE MU deriv | RMSE ALPHA | rel. ALPHA RMSE % | RMSE ALPHA deriv |
+---------------+-------------------------+----------------+---------------+------------+-------------------+------------------+
| train_Default |           0.00          |      0.0       |      0.00     |    0.03    |        0.3        |       0.61       |
| valid_Default |           0.00          |      0.0       |      0.00     |    0.03    |        0.3        |       0.90       |
+---------------+-------------------------+----------------+---------------+------------+-------------------+------------------+
2025-04-30 17:32:32.322 INFO: Evaluating bi_Default ...
2025-04-30 17:32:37.953 INFO: Evaluating mono_Default ...
2025-04-30 17:32:43.434 INFO: Error-table on TEST:
+--------------+-------------------------+----------------+---------------+------------+-------------------+------------------+
| config_type  | RMSE MU / mDebye / atom | rel. MU RMSE % | RMSE MU deriv | RMSE ALPHA | rel. ALPHA RMSE % | RMSE ALPHA deriv |
+--------------+-------------------------+----------------+---------------+------------+-------------------+------------------+
|  bi_Default  |           0.00          |      0.0       |      0.00     |    0.03    |        0.3        |       0.28       |
| mono_Default |           0.00          |      0.0       |      0.00     |    0.03    |        0.3        |       0.97       |
+--------------+-------------------------+----------------+---------------+------------+-------------------+------------------+
2025-04-30 17:32:56.324 INFO: Done
