2025-07-11 21:19:40.222 INFO: ===========VERIFYING SETTINGS===========
2025-07-11 21:19:40.223 INFO: MACE version: 0.3.13
2025-07-11 21:19:40.337 INFO: CUDA version: 12.4, CUDA device: 0
2025-07-11 21:19:40.568 INFO: ===========LOADING INPUT DATA===========
2025-07-11 21:19:40.568 INFO: Using heads: ['Default']
2025-07-11 21:19:40.568 INFO: Using the key specifications to parse data:
2025-07-11 21:19:40.568 INFO: Default: KeySpecification(info_keys={'energy': 'None', 'stress': 'None', 'virials': 'REF_virials', 'dipole': 'dipole', 'polarizability': 'susceptibility_tensor', 'head': 'head'}, arrays_keys={'forces': 'None', 'dipole_deriv': 'dipole_deriv', 'polarizability_deriv': 'raman_tensor'})
2025-07-11 21:19:40.568 INFO: =============    Processing head Default     ===========
2025-07-11 21:19:40.708 INFO: Training set 1/1 [energy: 0, stress: 0, virials: 0, dipole components: 0, polarizability: 160, head: 160, forces: 0, dipole_deriv: 0, polarizability_deriv: 160]
2025-07-11 21:19:40.709 INFO: Total Training set [energy: 0, stress: 0, virials: 0, dipole components: 0, polarizability: 160, head: 160, forces: 0, dipole_deriv: 0, polarizability_deriv: 160]
2025-07-11 21:19:40.709 INFO: No validation set provided, splitting training data instead.
2025-07-11 21:19:40.709 INFO: Using random 5% of training set for validation with following indices: [144, 73, 76, 5, 46, 150, 35, 153]
2025-07-11 21:19:40.710 INFO: Random Split Training set [energy: 0, stress: 0, virials: 0, dipole components: 0, polarizability: 152, head: 152, forces: 0, dipole_deriv: 0, polarizability_deriv: 152]
2025-07-11 21:19:40.710 INFO: Random Split Validation set [energy: 0, stress: 0, virials: 0, dipole components: 0, polarizability: 8, head: 8, forces: 0, dipole_deriv: 0, polarizability_deriv: 8]
2025-07-11 21:19:40.821 INFO: Test set 1/1 [energy: 0, stress: 0, virials: 0, dipole components: 0, polarizability: 160, head: 160, forces: 0, dipole_deriv: 0, polarizability_deriv: 160]
2025-07-11 21:19:40.821 INFO: Total Test set [energy: 0, stress: 0, virials: 0, dipole components: 0, polarizability: 160, head: 160, forces: 0, dipole_deriv: 0, polarizability_deriv: 160]
2025-07-11 21:19:40.822 INFO: Total number of configurations: train=152, valid=8, tests=[Default_Default: 160],
2025-07-11 21:19:40.822 WARNING: Validation batch size (10) is larger than the number of validation data (8)
2025-07-11 21:19:40.822 INFO: Atomic Numbers used: [16, 34, 42, 74]
2025-07-11 21:19:40.822 INFO: Processing datasets for head 'Default'
2025-07-11 21:19:40.973 INFO: Combining 1 list datasets for head 'Default'
2025-07-11 21:19:40.980 INFO: Head 'Default' training dataset size: 152
2025-07-11 21:19:40.980 INFO: Computing average number of neighbors
2025-07-11 21:19:41.201 INFO: Average number of neighbors: 19.012345679012345
2025-07-11 21:19:41.201 INFO: During training the following quantities will be reported: dipoles, polarizability, dipole_deriv, polarizability_deriv
2025-07-11 21:19:41.202 INFO: ===========MODEL DETAILS===========
2025-07-11 21:19:41.202 INFO: Building model
2025-07-11 21:19:41.202 INFO: Message passing with 128 channels and max_L=2 (128x0e + 128x1o + 128x2e)
2025-07-11 21:19:41.202 INFO: 2 layers, each with correlation order: 3 (body order: 4) and spherical harmonics up to: l=3
2025-07-11 21:19:41.202 INFO: 8 radial and 5 basis functions
2025-07-11 21:19:41.202 INFO: Radial cutoff: 5.0 A (total receptive field for each atom: 10.0 A)
2025-07-11 21:19:41.202 INFO: Distance transform for radial basis functions: None
2025-07-11 21:19:41.202 INFO: Hidden irreps: 128x0e + 128x1o + 128x2e
2025-07-11 21:19:43.804 INFO: Total number of parameters: 1104272
2025-07-11 21:19:43.804 INFO: 
2025-07-11 21:19:43.804 INFO: ===========OPTIMIZER INFORMATION===========
2025-07-11 21:19:43.804 INFO: Using ADAM as parameter optimizer
2025-07-11 21:19:43.804 INFO: Batch size: 10
2025-07-11 21:19:43.804 INFO: Number of gradient updates: 30400
2025-07-11 21:19:43.804 INFO: Learning rate: 0.01, weight decay: 5e-07
2025-07-11 21:19:43.806 INFO: DipolePolarizabilityDerivLoss(dipole_weight=0.000, polarizability_weight=10.000, dipole_deriv_weight=0.000, polarizability_deriv_weight=1.000)
2025-07-11 21:19:43.806 WARNING: Cannot find checkpoint with tag 'MoWSSe_susram_ndata_all_subset_160_weights_10_1_run-123' in './checkpoints'
2025-07-11 21:19:43.806 INFO: Using gradient clipping with tolerance=10.000
2025-07-11 21:19:43.806 INFO: 
2025-07-11 21:19:43.806 INFO: ===========TRAINING===========
2025-07-11 21:19:43.806 INFO: Started training, reporting errors on validation set
2025-07-11 21:19:43.806 INFO: Loss metrics on validation set
2025-07-11 21:19:46.692 INFO: Initial: head: Default, loss=172.3552, RMSE_MU_per_atom=0.00 mDebye, RMSE_MU_DERIV=0.01 mDebye / A, RMSE_ALPHA_per_atom=   11.05, RMSE_ALPHA_DERIV=   12.55
2025-07-11 21:20:22.151 INFO: Epoch 0: head: Default, loss=149.6348, RMSE_MU_per_atom=0.00 mDebye, RMSE_MU_DERIV=0.02 mDebye / A, RMSE_ALPHA_per_atom=   10.19, RMSE_ALPHA_DERIV=   12.59
2025-07-11 21:20:52.293 INFO: Epoch 1: head: Default, loss=94.6762, RMSE_MU_per_atom=0.00 mDebye, RMSE_MU_DERIV=0.07 mDebye / A, RMSE_ALPHA_per_atom=    6.54, RMSE_ALPHA_DERIV=   18.16
2025-07-11 21:21:22.016 INFO: Epoch 2: head: Default, loss=29.8945, RMSE_MU_per_atom=0.00 mDebye, RMSE_MU_DERIV=0.13 mDebye / A, RMSE_ALPHA_per_atom=    2.70, RMSE_ALPHA_DERIV=   12.88
2025-07-11 21:21:51.741 INFO: Epoch 3: head: Default, loss=10.8858, RMSE_MU_per_atom=0.00 mDebye, RMSE_MU_DERIV=0.21 mDebye / A, RMSE_ALPHA_per_atom=    1.07, RMSE_ALPHA_DERIV=    8.69
2025-07-11 21:22:21.457 INFO: Epoch 4: head: Default, loss=10.7941, RMSE_MU_per_atom=0.00 mDebye, RMSE_MU_DERIV=0.17 mDebye / A, RMSE_ALPHA_per_atom=    1.46, RMSE_ALPHA_DERIV=    8.06
2025-07-11 21:22:51.182 INFO: Epoch 5: head: Default, loss=8.0905, RMSE_MU_per_atom=0.00 mDebye, RMSE_MU_DERIV=0.17 mDebye / A, RMSE_ALPHA_per_atom=    1.04, RMSE_ALPHA_DERIV=    7.35
2025-07-11 21:23:20.910 INFO: Epoch 6: head: Default, loss=6.8085, RMSE_MU_per_atom=0.00 mDebye, RMSE_MU_DERIV=0.12 mDebye / A, RMSE_ALPHA_per_atom=    0.87, RMSE_ALPHA_DERIV=    6.85
2025-07-11 21:23:50.646 INFO: Epoch 7: head: Default, loss=5.8904, RMSE_MU_per_atom=0.00 mDebye, RMSE_MU_DERIV=0.10 mDebye / A, RMSE_ALPHA_per_atom=    0.64, RMSE_ALPHA_DERIV=    6.56
2025-07-11 21:24:20.370 INFO: Epoch 8: head: Default, loss=5.4525, RMSE_MU_per_atom=0.00 mDebye, RMSE_MU_DERIV=0.08 mDebye / A, RMSE_ALPHA_per_atom=    0.67, RMSE_ALPHA_DERIV=    6.26
2025-07-11 21:24:50.114 INFO: Epoch 9: head: Default, loss=4.7899, RMSE_MU_per_atom=0.00 mDebye, RMSE_MU_DERIV=0.06 mDebye / A, RMSE_ALPHA_per_atom=    0.57, RMSE_ALPHA_DERIV=    5.92
2025-07-11 21:25:19.836 INFO: Epoch 10: head: Default, loss=4.4662, RMSE_MU_per_atom=0.00 mDebye, RMSE_MU_DERIV=0.05 mDebye / A, RMSE_ALPHA_per_atom=    0.61, RMSE_ALPHA_DERIV=    5.66
2025-07-11 21:25:49.585 INFO: Epoch 11: head: Default, loss=3.6809, RMSE_MU_per_atom=0.00 mDebye, RMSE_MU_DERIV=0.04 mDebye / A, RMSE_ALPHA_per_atom=    0.45, RMSE_ALPHA_DERIV=    5.24
2025-07-11 21:26:19.319 INFO: Epoch 12: head: Default, loss=3.4861, RMSE_MU_per_atom=0.00 mDebye, RMSE_MU_DERIV=0.03 mDebye / A, RMSE_ALPHA_per_atom=    0.49, RMSE_ALPHA_DERIV=    5.05
2025-07-11 21:26:49.058 INFO: Epoch 13: head: Default, loss=3.0609, RMSE_MU_per_atom=0.00 mDebye, RMSE_MU_DERIV=0.02 mDebye / A, RMSE_ALPHA_per_atom=    0.48, RMSE_ALPHA_DERIV=    4.71
2025-07-11 21:27:18.784 INFO: Epoch 14: head: Default, loss=3.2462, RMSE_MU_per_atom=0.00 mDebye, RMSE_MU_DERIV=0.02 mDebye / A, RMSE_ALPHA_per_atom=    0.67, RMSE_ALPHA_DERIV=    4.63
2025-07-11 21:27:48.495 INFO: Epoch 15: head: Default, loss=3.2841, RMSE_MU_per_atom=0.00 mDebye, RMSE_MU_DERIV=0.02 mDebye / A, RMSE_ALPHA_per_atom=    0.82, RMSE_ALPHA_DERIV=    4.42
2025-07-11 21:28:18.186 INFO: Epoch 16: head: Default, loss=2.5729, RMSE_MU_per_atom=0.00 mDebye, RMSE_MU_DERIV=0.02 mDebye / A, RMSE_ALPHA_per_atom=    0.40, RMSE_ALPHA_DERIV=    4.36
2025-07-11 21:28:47.941 INFO: Epoch 17: head: Default, loss=2.3238, RMSE_MU_per_atom=0.00 mDebye, RMSE_MU_DERIV=0.01 mDebye / A, RMSE_ALPHA_per_atom=    0.41, RMSE_ALPHA_DERIV=    4.11
2025-07-11 21:29:17.695 INFO: Epoch 18: head: Default, loss=2.4670, RMSE_MU_per_atom=0.00 mDebye, RMSE_MU_DERIV=0.01 mDebye / A, RMSE_ALPHA_per_atom=    0.44, RMSE_ALPHA_DERIV=    4.22
2025-07-11 21:29:47.384 INFO: Epoch 19: head: Default, loss=2.2726, RMSE_MU_per_atom=0.00 mDebye, RMSE_MU_DERIV=0.01 mDebye / A, RMSE_ALPHA_per_atom=    0.43, RMSE_ALPHA_DERIV=    4.04
2025-07-11 21:30:17.137 INFO: Epoch 20: head: Default, loss=2.2315, RMSE_MU_per_atom=0.00 mDebye, RMSE_MU_DERIV=0.01 mDebye / A, RMSE_ALPHA_per_atom=    0.47, RMSE_ALPHA_DERIV=    3.95
2025-07-11 21:30:46.876 INFO: Epoch 21: head: Default, loss=1.9403, RMSE_MU_per_atom=0.00 mDebye, RMSE_MU_DERIV=0.01 mDebye / A, RMSE_ALPHA_per_atom=    0.22, RMSE_ALPHA_DERIV=    3.88
2025-07-11 21:31:16.614 INFO: Epoch 22: head: Default, loss=1.7804, RMSE_MU_per_atom=0.00 mDebye, RMSE_MU_DERIV=0.01 mDebye / A, RMSE_ALPHA_per_atom=    0.25, RMSE_ALPHA_DERIV=    3.69
2025-07-11 21:31:46.355 INFO: Epoch 23: head: Default, loss=1.9562, RMSE_MU_per_atom=0.00 mDebye, RMSE_MU_DERIV=0.00 mDebye / A, RMSE_ALPHA_per_atom=    0.35, RMSE_ALPHA_DERIV=    3.80
2025-07-11 21:32:16.038 INFO: Epoch 24: head: Default, loss=1.9600, RMSE_MU_per_atom=0.00 mDebye, RMSE_MU_DERIV=0.00 mDebye / A, RMSE_ALPHA_per_atom=    0.50, RMSE_ALPHA_DERIV=    3.63
2025-07-11 21:32:45.722 INFO: Epoch 25: head: Default, loss=2.1775, RMSE_MU_per_atom=0.00 mDebye, RMSE_MU_DERIV=0.00 mDebye / A, RMSE_ALPHA_per_atom=    0.27, RMSE_ALPHA_DERIV=    4.09
2025-07-11 21:33:15.422 INFO: Epoch 26: head: Default, loss=1.8063, RMSE_MU_per_atom=0.00 mDebye, RMSE_MU_DERIV=0.00 mDebye / A, RMSE_ALPHA_per_atom=    0.27, RMSE_ALPHA_DERIV=    3.71
2025-07-11 21:33:45.123 INFO: Epoch 27: head: Default, loss=1.8520, RMSE_MU_per_atom=0.00 mDebye, RMSE_MU_DERIV=0.00 mDebye / A, RMSE_ALPHA_per_atom=    0.19, RMSE_ALPHA_DERIV=    3.80
2025-07-11 21:34:14.818 INFO: Epoch 28: head: Default, loss=1.9779, RMSE_MU_per_atom=0.00 mDebye, RMSE_MU_DERIV=0.00 mDebye / A, RMSE_ALPHA_per_atom=    0.24, RMSE_ALPHA_DERIV=    3.90
2025-07-11 21:34:44.516 INFO: Epoch 29: head: Default, loss=1.7985, RMSE_MU_per_atom=0.00 mDebye, RMSE_MU_DERIV=0.00 mDebye / A, RMSE_ALPHA_per_atom=    0.32, RMSE_ALPHA_DERIV=    3.65
2025-07-11 21:35:14.190 INFO: Epoch 30: head: Default, loss=1.4715, RMSE_MU_per_atom=0.00 mDebye, RMSE_MU_DERIV=0.00 mDebye / A, RMSE_ALPHA_per_atom=    0.21, RMSE_ALPHA_DERIV=    3.37
2025-07-11 21:35:43.939 INFO: Epoch 31: head: Default, loss=1.4425, RMSE_MU_per_atom=0.00 mDebye, RMSE_MU_DERIV=0.00 mDebye / A, RMSE_ALPHA_per_atom=    0.31, RMSE_ALPHA_DERIV=    3.25
2025-07-11 21:36:13.679 INFO: Epoch 32: head: Default, loss=1.3153, RMSE_MU_per_atom=0.00 mDebye, RMSE_MU_DERIV=0.00 mDebye / A, RMSE_ALPHA_per_atom=    0.16, RMSE_ALPHA_DERIV=    3.20
2025-07-11 21:36:43.418 INFO: Epoch 33: head: Default, loss=1.2512, RMSE_MU_per_atom=0.00 mDebye, RMSE_MU_DERIV=0.00 mDebye / A, RMSE_ALPHA_per_atom=    0.13, RMSE_ALPHA_DERIV=    3.14
2025-07-11 21:37:13.163 INFO: Epoch 34: head: Default, loss=1.3064, RMSE_MU_per_atom=0.00 mDebye, RMSE_MU_DERIV=0.00 mDebye / A, RMSE_ALPHA_per_atom=    0.28, RMSE_ALPHA_DERIV=    3.11
2025-07-11 21:37:42.847 INFO: Epoch 35: head: Default, loss=1.5885, RMSE_MU_per_atom=0.00 mDebye, RMSE_MU_DERIV=0.00 mDebye / A, RMSE_ALPHA_per_atom=    0.28, RMSE_ALPHA_DERIV=    3.45
2025-07-11 21:38:12.514 INFO: Epoch 36: head: Default, loss=1.2335, RMSE_MU_per_atom=0.00 mDebye, RMSE_MU_DERIV=0.00 mDebye / A, RMSE_ALPHA_per_atom=    0.22, RMSE_ALPHA_DERIV=    3.07
2025-07-11 21:38:42.233 INFO: Epoch 37: head: Default, loss=1.1792, RMSE_MU_per_atom=0.00 mDebye, RMSE_MU_DERIV=0.00 mDebye / A, RMSE_ALPHA_per_atom=    0.14, RMSE_ALPHA_DERIV=    3.04
2025-07-11 21:39:11.943 INFO: Epoch 38: head: Default, loss=1.3392, RMSE_MU_per_atom=0.00 mDebye, RMSE_MU_DERIV=0.00 mDebye / A, RMSE_ALPHA_per_atom=    0.30, RMSE_ALPHA_DERIV=    3.13
2025-07-11 21:39:41.610 INFO: Epoch 39: head: Default, loss=1.2628, RMSE_MU_per_atom=0.00 mDebye, RMSE_MU_DERIV=0.00 mDebye / A, RMSE_ALPHA_per_atom=    0.28, RMSE_ALPHA_DERIV=    3.06
2025-07-11 21:40:11.284 INFO: Epoch 40: head: Default, loss=1.2561, RMSE_MU_per_atom=0.00 mDebye, RMSE_MU_DERIV=0.00 mDebye / A, RMSE_ALPHA_per_atom=    0.28, RMSE_ALPHA_DERIV=    3.05
2025-07-11 21:40:40.956 INFO: Epoch 41: head: Default, loss=1.3145, RMSE_MU_per_atom=0.00 mDebye, RMSE_MU_DERIV=0.00 mDebye / A, RMSE_ALPHA_per_atom=    0.32, RMSE_ALPHA_DERIV=    3.08
2025-07-11 21:41:10.633 INFO: Epoch 42: head: Default, loss=1.0667, RMSE_MU_per_atom=0.00 mDebye, RMSE_MU_DERIV=0.00 mDebye / A, RMSE_ALPHA_per_atom=    0.20, RMSE_ALPHA_DERIV=    2.85
2025-07-11 21:41:40.372 INFO: Epoch 43: head: Default, loss=1.1272, RMSE_MU_per_atom=0.00 mDebye, RMSE_MU_DERIV=0.00 mDebye / A, RMSE_ALPHA_per_atom=    0.28, RMSE_ALPHA_DERIV=    2.87
2025-07-11 21:42:10.038 INFO: Epoch 44: head: Default, loss=1.3693, RMSE_MU_per_atom=0.00 mDebye, RMSE_MU_DERIV=0.00 mDebye / A, RMSE_ALPHA_per_atom=    0.41, RMSE_ALPHA_DERIV=    3.04
2025-07-11 21:42:39.707 INFO: Epoch 45: head: Default, loss=1.3407, RMSE_MU_per_atom=0.00 mDebye, RMSE_MU_DERIV=0.00 mDebye / A, RMSE_ALPHA_per_atom=    0.46, RMSE_ALPHA_DERIV=    2.93
2025-07-11 21:43:09.369 INFO: Epoch 46: head: Default, loss=1.1084, RMSE_MU_per_atom=0.00 mDebye, RMSE_MU_DERIV=0.00 mDebye / A, RMSE_ALPHA_per_atom=    0.15, RMSE_ALPHA_DERIV=    2.94
2025-07-11 21:43:39.018 INFO: Epoch 47: head: Default, loss=1.1040, RMSE_MU_per_atom=0.00 mDebye, RMSE_MU_DERIV=0.00 mDebye / A, RMSE_ALPHA_per_atom=    0.20, RMSE_ALPHA_DERIV=    2.90
2025-07-11 21:44:08.671 INFO: Epoch 48: head: Default, loss=0.9881, RMSE_MU_per_atom=0.00 mDebye, RMSE_MU_DERIV=0.00 mDebye / A, RMSE_ALPHA_per_atom=    0.16, RMSE_ALPHA_DERIV=    2.76
2025-07-11 21:44:38.384 INFO: Epoch 49: head: Default, loss=1.0695, RMSE_MU_per_atom=0.00 mDebye, RMSE_MU_DERIV=0.00 mDebye / A, RMSE_ALPHA_per_atom=    0.11, RMSE_ALPHA_DERIV=    2.90
2025-07-11 21:45:08.055 INFO: Epoch 50: head: Default, loss=1.0457, RMSE_MU_per_atom=0.00 mDebye, RMSE_MU_DERIV=0.00 mDebye / A, RMSE_ALPHA_per_atom=    0.37, RMSE_ALPHA_DERIV=    2.65
2025-07-11 21:45:37.718 INFO: Epoch 51: head: Default, loss=0.9918, RMSE_MU_per_atom=0.00 mDebye, RMSE_MU_DERIV=0.00 mDebye / A, RMSE_ALPHA_per_atom=    0.21, RMSE_ALPHA_DERIV=    2.74
2025-07-11 21:46:07.359 INFO: Epoch 52: head: Default, loss=1.1283, RMSE_MU_per_atom=0.00 mDebye, RMSE_MU_DERIV=0.00 mDebye / A, RMSE_ALPHA_per_atom=    0.16, RMSE_ALPHA_DERIV=    2.96
2025-07-11 21:46:37.017 INFO: Epoch 53: head: Default, loss=0.9300, RMSE_MU_per_atom=0.00 mDebye, RMSE_MU_DERIV=0.00 mDebye / A, RMSE_ALPHA_per_atom=    0.17, RMSE_ALPHA_DERIV=    2.67
2025-07-11 21:47:06.745 INFO: Epoch 54: head: Default, loss=0.9631, RMSE_MU_per_atom=0.00 mDebye, RMSE_MU_DERIV=0.00 mDebye / A, RMSE_ALPHA_per_atom=    0.30, RMSE_ALPHA_DERIV=    2.61
2025-07-11 21:47:36.425 INFO: Epoch 55: head: Default, loss=0.9101, RMSE_MU_per_atom=0.00 mDebye, RMSE_MU_DERIV=0.00 mDebye / A, RMSE_ALPHA_per_atom=    0.19, RMSE_ALPHA_DERIV=    2.63
2025-07-11 21:48:06.130 INFO: Epoch 56: head: Default, loss=0.9271, RMSE_MU_per_atom=0.00 mDebye, RMSE_MU_DERIV=0.00 mDebye / A, RMSE_ALPHA_per_atom=    0.26, RMSE_ALPHA_DERIV=    2.59
2025-07-11 21:48:35.788 INFO: Epoch 57: head: Default, loss=0.8719, RMSE_MU_per_atom=0.00 mDebye, RMSE_MU_DERIV=0.00 mDebye / A, RMSE_ALPHA_per_atom=    0.20, RMSE_ALPHA_DERIV=    2.56
2025-07-11 21:49:05.521 INFO: Epoch 58: head: Default, loss=0.8715, RMSE_MU_per_atom=0.00 mDebye, RMSE_MU_DERIV=0.00 mDebye / A, RMSE_ALPHA_per_atom=    0.17, RMSE_ALPHA_DERIV=    2.59
2025-07-11 21:49:35.233 INFO: Epoch 59: head: Default, loss=0.8084, RMSE_MU_per_atom=0.00 mDebye, RMSE_MU_DERIV=0.00 mDebye / A, RMSE_ALPHA_per_atom=    0.13, RMSE_ALPHA_DERIV=    2.51
2025-07-11 21:50:04.934 INFO: Epoch 60: head: Default, loss=0.9864, RMSE_MU_per_atom=0.00 mDebye, RMSE_MU_DERIV=0.00 mDebye / A, RMSE_ALPHA_per_atom=    0.25, RMSE_ALPHA_DERIV=    2.70
2025-07-11 21:50:34.589 INFO: Epoch 61: head: Default, loss=0.8742, RMSE_MU_per_atom=0.00 mDebye, RMSE_MU_DERIV=0.00 mDebye / A, RMSE_ALPHA_per_atom=    0.22, RMSE_ALPHA_DERIV=    2.55
2025-07-11 21:51:04.229 INFO: Epoch 62: head: Default, loss=1.1523, RMSE_MU_per_atom=0.00 mDebye, RMSE_MU_DERIV=0.00 mDebye / A, RMSE_ALPHA_per_atom=    0.37, RMSE_ALPHA_DERIV=    2.81
2025-07-11 21:51:33.906 INFO: Epoch 63: head: Default, loss=1.0340, RMSE_MU_per_atom=0.00 mDebye, RMSE_MU_DERIV=0.00 mDebye / A, RMSE_ALPHA_per_atom=    0.41, RMSE_ALPHA_DERIV=    2.56
2025-07-11 21:52:03.582 INFO: Epoch 64: head: Default, loss=0.9947, RMSE_MU_per_atom=0.00 mDebye, RMSE_MU_DERIV=0.00 mDebye / A, RMSE_ALPHA_per_atom=    0.35, RMSE_ALPHA_DERIV=    2.60
2025-07-11 21:52:33.247 INFO: Epoch 65: head: Default, loss=0.8999, RMSE_MU_per_atom=0.00 mDebye, RMSE_MU_DERIV=0.00 mDebye / A, RMSE_ALPHA_per_atom=    0.29, RMSE_ALPHA_DERIV=    2.52
2025-07-11 21:53:02.920 INFO: Epoch 66: head: Default, loss=0.8798, RMSE_MU_per_atom=0.00 mDebye, RMSE_MU_DERIV=0.00 mDebye / A, RMSE_ALPHA_per_atom=    0.22, RMSE_ALPHA_DERIV=    2.56
2025-07-11 21:53:32.598 INFO: Epoch 67: head: Default, loss=0.9906, RMSE_MU_per_atom=0.00 mDebye, RMSE_MU_DERIV=0.00 mDebye / A, RMSE_ALPHA_per_atom=    0.24, RMSE_ALPHA_DERIV=    2.71
2025-07-11 21:54:02.284 INFO: Epoch 68: head: Default, loss=0.8818, RMSE_MU_per_atom=0.00 mDebye, RMSE_MU_DERIV=0.00 mDebye / A, RMSE_ALPHA_per_atom=    0.28, RMSE_ALPHA_DERIV=    2.50
2025-07-11 21:54:31.953 INFO: Epoch 69: head: Default, loss=0.8416, RMSE_MU_per_atom=0.00 mDebye, RMSE_MU_DERIV=0.00 mDebye / A, RMSE_ALPHA_per_atom=    0.14, RMSE_ALPHA_DERIV=    2.56
2025-07-11 21:55:01.621 INFO: Epoch 70: head: Default, loss=0.8581, RMSE_MU_per_atom=0.00 mDebye, RMSE_MU_DERIV=0.00 mDebye / A, RMSE_ALPHA_per_atom=    0.24, RMSE_ALPHA_DERIV=    2.50
2025-07-11 21:55:31.285 INFO: Epoch 71: head: Default, loss=1.0351, RMSE_MU_per_atom=0.00 mDebye, RMSE_MU_DERIV=0.00 mDebye / A, RMSE_ALPHA_per_atom=    0.21, RMSE_ALPHA_DERIV=    2.80
2025-07-11 21:56:00.957 INFO: Epoch 72: head: Default, loss=0.8092, RMSE_MU_per_atom=0.00 mDebye, RMSE_MU_DERIV=0.00 mDebye / A, RMSE_ALPHA_per_atom=    0.18, RMSE_ALPHA_DERIV=    2.48
2025-07-11 21:56:30.626 INFO: Epoch 73: head: Default, loss=0.7205, RMSE_MU_per_atom=0.00 mDebye, RMSE_MU_DERIV=0.00 mDebye / A, RMSE_ALPHA_per_atom=    0.14, RMSE_ALPHA_DERIV=    2.36
2025-07-11 21:57:00.346 INFO: Epoch 74: head: Default, loss=0.7321, RMSE_MU_per_atom=0.00 mDebye, RMSE_MU_DERIV=0.00 mDebye / A, RMSE_ALPHA_per_atom=    0.14, RMSE_ALPHA_DERIV=    2.38
2025-07-11 21:57:30.012 INFO: Epoch 75: head: Default, loss=0.8391, RMSE_MU_per_atom=0.00 mDebye, RMSE_MU_DERIV=0.00 mDebye / A, RMSE_ALPHA_per_atom=    0.32, RMSE_ALPHA_DERIV=    2.39
2025-07-11 21:57:59.686 INFO: Epoch 76: head: Default, loss=0.8218, RMSE_MU_per_atom=0.00 mDebye, RMSE_MU_DERIV=0.00 mDebye / A, RMSE_ALPHA_per_atom=    0.19, RMSE_ALPHA_DERIV=    2.49
2025-07-11 21:58:29.361 INFO: Epoch 77: head: Default, loss=0.7274, RMSE_MU_per_atom=0.00 mDebye, RMSE_MU_DERIV=0.00 mDebye / A, RMSE_ALPHA_per_atom=    0.10, RMSE_ALPHA_DERIV=    2.39
2025-07-11 21:58:59.053 INFO: Epoch 78: head: Default, loss=0.7187, RMSE_MU_per_atom=0.00 mDebye, RMSE_MU_DERIV=0.00 mDebye / A, RMSE_ALPHA_per_atom=    0.18, RMSE_ALPHA_DERIV=    2.33
2025-07-11 21:59:28.776 INFO: Epoch 79: head: Default, loss=0.7086, RMSE_MU_per_atom=0.00 mDebye, RMSE_MU_DERIV=0.00 mDebye / A, RMSE_ALPHA_per_atom=    0.12, RMSE_ALPHA_DERIV=    2.35
2025-07-11 21:59:58.501 INFO: Epoch 80: head: Default, loss=0.7865, RMSE_MU_per_atom=0.00 mDebye, RMSE_MU_DERIV=0.00 mDebye / A, RMSE_ALPHA_per_atom=    0.24, RMSE_ALPHA_DERIV=    2.39
2025-07-11 22:00:28.180 INFO: Epoch 81: head: Default, loss=0.6807, RMSE_MU_per_atom=0.00 mDebye, RMSE_MU_DERIV=0.00 mDebye / A, RMSE_ALPHA_per_atom=    0.13, RMSE_ALPHA_DERIV=    2.29
2025-07-11 22:00:57.890 INFO: Epoch 82: head: Default, loss=0.6343, RMSE_MU_per_atom=0.00 mDebye, RMSE_MU_DERIV=0.00 mDebye / A, RMSE_ALPHA_per_atom=    0.10, RMSE_ALPHA_DERIV=    2.23
2025-07-11 22:01:27.597 INFO: Epoch 83: head: Default, loss=0.8951, RMSE_MU_per_atom=0.00 mDebye, RMSE_MU_DERIV=0.00 mDebye / A, RMSE_ALPHA_per_atom=    0.30, RMSE_ALPHA_DERIV=    2.51
2025-07-11 22:01:57.267 INFO: Epoch 84: head: Default, loss=0.6678, RMSE_MU_per_atom=0.00 mDebye, RMSE_MU_DERIV=0.00 mDebye / A, RMSE_ALPHA_per_atom=    0.17, RMSE_ALPHA_DERIV=    2.25
2025-07-11 22:02:26.943 INFO: Epoch 85: head: Default, loss=0.9182, RMSE_MU_per_atom=0.00 mDebye, RMSE_MU_DERIV=0.00 mDebye / A, RMSE_ALPHA_per_atom=    0.32, RMSE_ALPHA_DERIV=    2.51
2025-07-11 22:02:56.624 INFO: Epoch 86: head: Default, loss=0.6739, RMSE_MU_per_atom=0.00 mDebye, RMSE_MU_DERIV=0.00 mDebye / A, RMSE_ALPHA_per_atom=    0.13, RMSE_ALPHA_DERIV=    2.28
2025-07-11 22:03:26.287 INFO: Epoch 87: head: Default, loss=0.6470, RMSE_MU_per_atom=0.00 mDebye, RMSE_MU_DERIV=0.00 mDebye / A, RMSE_ALPHA_per_atom=    0.09, RMSE_ALPHA_DERIV=    2.26
2025-07-11 22:03:55.963 INFO: Epoch 88: head: Default, loss=0.6653, RMSE_MU_per_atom=0.00 mDebye, RMSE_MU_DERIV=0.00 mDebye / A, RMSE_ALPHA_per_atom=    0.16, RMSE_ALPHA_DERIV=    2.25
2025-07-11 22:04:25.628 INFO: Epoch 89: head: Default, loss=0.7388, RMSE_MU_per_atom=0.00 mDebye, RMSE_MU_DERIV=0.00 mDebye / A, RMSE_ALPHA_per_atom=    0.16, RMSE_ALPHA_DERIV=    2.38
2025-07-11 22:04:55.279 INFO: Epoch 90: head: Default, loss=0.8312, RMSE_MU_per_atom=0.00 mDebye, RMSE_MU_DERIV=0.00 mDebye / A, RMSE_ALPHA_per_atom=    0.16, RMSE_ALPHA_DERIV=    2.53
2025-07-11 22:05:24.950 INFO: Epoch 91: head: Default, loss=0.7712, RMSE_MU_per_atom=0.00 mDebye, RMSE_MU_DERIV=0.00 mDebye / A, RMSE_ALPHA_per_atom=    0.16, RMSE_ALPHA_DERIV=    2.43
2025-07-11 22:05:54.610 INFO: Epoch 92: head: Default, loss=0.6996, RMSE_MU_per_atom=0.00 mDebye, RMSE_MU_DERIV=0.00 mDebye / A, RMSE_ALPHA_per_atom=    0.22, RMSE_ALPHA_DERIV=    2.27
2025-07-11 22:06:24.269 INFO: Epoch 93: head: Default, loss=0.6713, RMSE_MU_per_atom=0.00 mDebye, RMSE_MU_DERIV=0.00 mDebye / A, RMSE_ALPHA_per_atom=    0.12, RMSE_ALPHA_DERIV=    2.29
2025-07-11 22:06:53.934 INFO: Epoch 94: head: Default, loss=0.7054, RMSE_MU_per_atom=0.00 mDebye, RMSE_MU_DERIV=0.00 mDebye / A, RMSE_ALPHA_per_atom=    0.27, RMSE_ALPHA_DERIV=    2.22
2025-07-11 22:07:23.606 INFO: Epoch 95: head: Default, loss=0.7527, RMSE_MU_per_atom=0.00 mDebye, RMSE_MU_DERIV=0.00 mDebye / A, RMSE_ALPHA_per_atom=    0.25, RMSE_ALPHA_DERIV=    2.32
2025-07-11 22:07:53.277 INFO: Epoch 96: head: Default, loss=0.7743, RMSE_MU_per_atom=0.00 mDebye, RMSE_MU_DERIV=0.00 mDebye / A, RMSE_ALPHA_per_atom=    0.29, RMSE_ALPHA_DERIV=    2.31
2025-07-11 22:08:22.950 INFO: Epoch 97: head: Default, loss=0.6223, RMSE_MU_per_atom=0.00 mDebye, RMSE_MU_DERIV=0.00 mDebye / A, RMSE_ALPHA_per_atom=    0.14, RMSE_ALPHA_DERIV=    2.18
2025-07-11 22:08:52.670 INFO: Epoch 98: head: Default, loss=0.6219, RMSE_MU_per_atom=0.00 mDebye, RMSE_MU_DERIV=0.00 mDebye / A, RMSE_ALPHA_per_atom=    0.15, RMSE_ALPHA_DERIV=    2.18
2025-07-11 22:09:22.380 INFO: Epoch 99: head: Default, loss=0.5975, RMSE_MU_per_atom=0.00 mDebye, RMSE_MU_DERIV=0.00 mDebye / A, RMSE_ALPHA_per_atom=    0.10, RMSE_ALPHA_DERIV=    2.16
2025-07-11 22:09:52.107 INFO: Epoch 100: head: Default, loss=0.5775, RMSE_MU_per_atom=0.00 mDebye, RMSE_MU_DERIV=0.00 mDebye / A, RMSE_ALPHA_per_atom=    0.12, RMSE_ALPHA_DERIV=    2.11
2025-07-11 22:10:21.830 INFO: Epoch 101: head: Default, loss=0.5765, RMSE_MU_per_atom=0.00 mDebye, RMSE_MU_DERIV=0.00 mDebye / A, RMSE_ALPHA_per_atom=    0.12, RMSE_ALPHA_DERIV=    2.11
2025-07-11 22:10:51.550 INFO: Epoch 102: head: Default, loss=0.5972, RMSE_MU_per_atom=0.00 mDebye, RMSE_MU_DERIV=0.00 mDebye / A, RMSE_ALPHA_per_atom=    0.12, RMSE_ALPHA_DERIV=    2.15
2025-07-11 22:11:21.210 INFO: Epoch 103: head: Default, loss=0.5932, RMSE_MU_per_atom=0.00 mDebye, RMSE_MU_DERIV=0.00 mDebye / A, RMSE_ALPHA_per_atom=    0.15, RMSE_ALPHA_DERIV=    2.13
2025-07-11 22:11:50.879 INFO: Epoch 104: head: Default, loss=0.6261, RMSE_MU_per_atom=0.00 mDebye, RMSE_MU_DERIV=0.00 mDebye / A, RMSE_ALPHA_per_atom=    0.18, RMSE_ALPHA_DERIV=    2.16
2025-07-11 22:12:20.528 INFO: Epoch 105: head: Default, loss=0.5711, RMSE_MU_per_atom=0.00 mDebye, RMSE_MU_DERIV=0.00 mDebye / A, RMSE_ALPHA_per_atom=    0.14, RMSE_ALPHA_DERIV=    2.09
2025-07-11 22:12:50.263 INFO: Epoch 106: head: Default, loss=0.7876, RMSE_MU_per_atom=0.00 mDebye, RMSE_MU_DERIV=0.00 mDebye / A, RMSE_ALPHA_per_atom=    0.31, RMSE_ALPHA_DERIV=    2.31
2025-07-11 22:13:19.928 INFO: Epoch 107: head: Default, loss=0.7686, RMSE_MU_per_atom=0.00 mDebye, RMSE_MU_DERIV=0.00 mDebye / A, RMSE_ALPHA_per_atom=    0.34, RMSE_ALPHA_DERIV=    2.23
2025-07-11 22:13:49.592 INFO: Epoch 108: head: Default, loss=0.5680, RMSE_MU_per_atom=0.00 mDebye, RMSE_MU_DERIV=0.00 mDebye / A, RMSE_ALPHA_per_atom=    0.14, RMSE_ALPHA_DERIV=    2.08
2025-07-11 22:14:19.321 INFO: Epoch 109: head: Default, loss=0.6525, RMSE_MU_per_atom=0.00 mDebye, RMSE_MU_DERIV=0.00 mDebye / A, RMSE_ALPHA_per_atom=    0.25, RMSE_ALPHA_DERIV=    2.14
2025-07-11 22:14:48.988 INFO: Epoch 110: head: Default, loss=0.7339, RMSE_MU_per_atom=0.00 mDebye, RMSE_MU_DERIV=0.00 mDebye / A, RMSE_ALPHA_per_atom=    0.27, RMSE_ALPHA_DERIV=    2.27
2025-07-11 22:15:18.651 INFO: Epoch 111: head: Default, loss=0.6070, RMSE_MU_per_atom=0.00 mDebye, RMSE_MU_DERIV=0.00 mDebye / A, RMSE_ALPHA_per_atom=    0.16, RMSE_ALPHA_DERIV=    2.15
2025-07-11 22:15:48.313 INFO: Epoch 112: head: Default, loss=0.5445, RMSE_MU_per_atom=0.00 mDebye, RMSE_MU_DERIV=0.00 mDebye / A, RMSE_ALPHA_per_atom=    0.07, RMSE_ALPHA_DERIV=    2.08
2025-07-11 22:16:18.026 INFO: Epoch 113: head: Default, loss=0.5862, RMSE_MU_per_atom=0.00 mDebye, RMSE_MU_DERIV=0.00 mDebye / A, RMSE_ALPHA_per_atom=    0.16, RMSE_ALPHA_DERIV=    2.11
2025-07-11 22:16:47.676 INFO: Epoch 114: head: Default, loss=0.5391, RMSE_MU_per_atom=0.00 mDebye, RMSE_MU_DERIV=0.00 mDebye / A, RMSE_ALPHA_per_atom=    0.08, RMSE_ALPHA_DERIV=    2.06
2025-07-11 22:17:17.384 INFO: Epoch 115: head: Default, loss=0.5655, RMSE_MU_per_atom=0.00 mDebye, RMSE_MU_DERIV=0.00 mDebye / A, RMSE_ALPHA_per_atom=    0.12, RMSE_ALPHA_DERIV=    2.10
2025-07-11 22:17:47.040 INFO: Epoch 116: head: Default, loss=0.5517, RMSE_MU_per_atom=0.00 mDebye, RMSE_MU_DERIV=0.00 mDebye / A, RMSE_ALPHA_per_atom=    0.10, RMSE_ALPHA_DERIV=    2.08
2025-07-11 22:18:16.688 INFO: Epoch 117: head: Default, loss=0.5402, RMSE_MU_per_atom=0.00 mDebye, RMSE_MU_DERIV=0.00 mDebye / A, RMSE_ALPHA_per_atom=    0.09, RMSE_ALPHA_DERIV=    2.06
2025-07-11 22:18:46.355 INFO: Epoch 118: head: Default, loss=0.6109, RMSE_MU_per_atom=0.00 mDebye, RMSE_MU_DERIV=0.00 mDebye / A, RMSE_ALPHA_per_atom=    0.18, RMSE_ALPHA_DERIV=    2.13
2025-07-11 22:19:16.010 INFO: Epoch 119: head: Default, loss=0.5772, RMSE_MU_per_atom=0.00 mDebye, RMSE_MU_DERIV=0.00 mDebye / A, RMSE_ALPHA_per_atom=    0.09, RMSE_ALPHA_DERIV=    2.13
2025-07-11 22:19:45.666 INFO: Epoch 120: head: Default, loss=0.5739, RMSE_MU_per_atom=0.00 mDebye, RMSE_MU_DERIV=0.00 mDebye / A, RMSE_ALPHA_per_atom=    0.10, RMSE_ALPHA_DERIV=    2.12
2025-07-11 22:20:15.341 INFO: Epoch 121: head: Default, loss=0.6047, RMSE_MU_per_atom=0.00 mDebye, RMSE_MU_DERIV=0.00 mDebye / A, RMSE_ALPHA_per_atom=    0.12, RMSE_ALPHA_DERIV=    2.16
2025-07-11 22:20:44.979 INFO: Epoch 122: head: Default, loss=0.5622, RMSE_MU_per_atom=0.00 mDebye, RMSE_MU_DERIV=0.00 mDebye / A, RMSE_ALPHA_per_atom=    0.14, RMSE_ALPHA_DERIV=    2.08
2025-07-11 22:21:14.638 INFO: Epoch 123: head: Default, loss=0.5749, RMSE_MU_per_atom=0.00 mDebye, RMSE_MU_DERIV=0.00 mDebye / A, RMSE_ALPHA_per_atom=    0.13, RMSE_ALPHA_DERIV=    2.10
2025-07-11 22:21:44.281 INFO: Epoch 124: head: Default, loss=0.6425, RMSE_MU_per_atom=0.00 mDebye, RMSE_MU_DERIV=0.00 mDebye / A, RMSE_ALPHA_per_atom=    0.23, RMSE_ALPHA_DERIV=    2.15
2025-07-11 22:22:13.920 INFO: Epoch 125: head: Default, loss=0.5559, RMSE_MU_per_atom=0.00 mDebye, RMSE_MU_DERIV=0.00 mDebye / A, RMSE_ALPHA_per_atom=    0.11, RMSE_ALPHA_DERIV=    2.08
2025-07-11 22:22:43.582 INFO: Epoch 126: head: Default, loss=0.5486, RMSE_MU_per_atom=0.00 mDebye, RMSE_MU_DERIV=0.00 mDebye / A, RMSE_ALPHA_per_atom=    0.17, RMSE_ALPHA_DERIV=    2.03
2025-07-11 22:23:13.237 INFO: Epoch 127: head: Default, loss=0.5953, RMSE_MU_per_atom=0.00 mDebye, RMSE_MU_DERIV=0.00 mDebye / A, RMSE_ALPHA_per_atom=    0.24, RMSE_ALPHA_DERIV=    2.05
2025-07-11 22:23:42.885 INFO: Epoch 128: head: Default, loss=0.5450, RMSE_MU_per_atom=0.00 mDebye, RMSE_MU_DERIV=0.00 mDebye / A, RMSE_ALPHA_per_atom=    0.15, RMSE_ALPHA_DERIV=    2.03
2025-07-11 22:24:12.533 INFO: Epoch 129: head: Default, loss=0.5426, RMSE_MU_per_atom=0.00 mDebye, RMSE_MU_DERIV=0.00 mDebye / A, RMSE_ALPHA_per_atom=    0.15, RMSE_ALPHA_DERIV=    2.03
2025-07-11 22:24:42.197 INFO: Epoch 130: head: Default, loss=0.5970, RMSE_MU_per_atom=0.00 mDebye, RMSE_MU_DERIV=0.00 mDebye / A, RMSE_ALPHA_per_atom=    0.11, RMSE_ALPHA_DERIV=    2.16
2025-07-11 22:25:11.872 INFO: Epoch 131: head: Default, loss=0.5024, RMSE_MU_per_atom=0.00 mDebye, RMSE_MU_DERIV=0.00 mDebye / A, RMSE_ALPHA_per_atom=    0.11, RMSE_ALPHA_DERIV=    1.97
2025-07-11 22:25:41.564 INFO: Epoch 132: head: Default, loss=0.5526, RMSE_MU_per_atom=0.00 mDebye, RMSE_MU_DERIV=0.00 mDebye / A, RMSE_ALPHA_per_atom=    0.14, RMSE_ALPHA_DERIV=    2.05
2025-07-11 22:26:11.232 INFO: Epoch 133: head: Default, loss=0.5113, RMSE_MU_per_atom=0.00 mDebye, RMSE_MU_DERIV=0.00 mDebye / A, RMSE_ALPHA_per_atom=    0.10, RMSE_ALPHA_DERIV=    2.00
2025-07-11 22:26:40.888 INFO: Epoch 134: head: Default, loss=0.5633, RMSE_MU_per_atom=0.00 mDebye, RMSE_MU_DERIV=0.00 mDebye / A, RMSE_ALPHA_per_atom=    0.18, RMSE_ALPHA_DERIV=    2.04
2025-07-11 22:27:10.529 INFO: Epoch 135: head: Default, loss=0.4950, RMSE_MU_per_atom=0.00 mDebye, RMSE_MU_DERIV=0.00 mDebye / A, RMSE_ALPHA_per_atom=    0.07, RMSE_ALPHA_DERIV=    1.98
2025-07-11 22:27:40.234 INFO: Epoch 136: head: Default, loss=0.5788, RMSE_MU_per_atom=0.00 mDebye, RMSE_MU_DERIV=0.00 mDebye / A, RMSE_ALPHA_per_atom=    0.21, RMSE_ALPHA_DERIV=    2.04
2025-07-11 22:28:09.903 INFO: Epoch 137: head: Default, loss=0.5107, RMSE_MU_per_atom=0.00 mDebye, RMSE_MU_DERIV=0.00 mDebye / A, RMSE_ALPHA_per_atom=    0.06, RMSE_ALPHA_DERIV=    2.01
2025-07-11 22:28:39.569 INFO: Epoch 138: head: Default, loss=0.5408, RMSE_MU_per_atom=0.00 mDebye, RMSE_MU_DERIV=0.00 mDebye / A, RMSE_ALPHA_per_atom=    0.18, RMSE_ALPHA_DERIV=    2.00
2025-07-11 22:29:09.238 INFO: Epoch 139: head: Default, loss=0.5422, RMSE_MU_per_atom=0.00 mDebye, RMSE_MU_DERIV=0.00 mDebye / A, RMSE_ALPHA_per_atom=    0.12, RMSE_ALPHA_DERIV=    2.05
2025-07-11 22:29:38.884 INFO: Epoch 140: head: Default, loss=0.5366, RMSE_MU_per_atom=0.00 mDebye, RMSE_MU_DERIV=0.00 mDebye / A, RMSE_ALPHA_per_atom=    0.09, RMSE_ALPHA_DERIV=    2.05
2025-07-11 22:30:08.539 INFO: Epoch 141: head: Default, loss=0.5505, RMSE_MU_per_atom=0.00 mDebye, RMSE_MU_DERIV=0.00 mDebye / A, RMSE_ALPHA_per_atom=    0.13, RMSE_ALPHA_DERIV=    2.06
2025-07-11 22:30:38.207 INFO: Epoch 142: head: Default, loss=0.5092, RMSE_MU_per_atom=0.00 mDebye, RMSE_MU_DERIV=0.00 mDebye / A, RMSE_ALPHA_per_atom=    0.07, RMSE_ALPHA_DERIV=    2.01
2025-07-11 22:31:07.861 INFO: Epoch 143: head: Default, loss=0.5331, RMSE_MU_per_atom=0.00 mDebye, RMSE_MU_DERIV=0.00 mDebye / A, RMSE_ALPHA_per_atom=    0.11, RMSE_ALPHA_DERIV=    2.03
2025-07-11 22:31:37.518 INFO: Epoch 144: head: Default, loss=0.4976, RMSE_MU_per_atom=0.00 mDebye, RMSE_MU_DERIV=0.00 mDebye / A, RMSE_ALPHA_per_atom=    0.08, RMSE_ALPHA_DERIV=    1.98
2025-07-11 22:32:07.163 INFO: Epoch 145: head: Default, loss=0.5095, RMSE_MU_per_atom=0.00 mDebye, RMSE_MU_DERIV=0.00 mDebye / A, RMSE_ALPHA_per_atom=    0.17, RMSE_ALPHA_DERIV=    1.95
2025-07-11 22:32:36.840 INFO: Epoch 146: head: Default, loss=0.5379, RMSE_MU_per_atom=0.00 mDebye, RMSE_MU_DERIV=0.00 mDebye / A, RMSE_ALPHA_per_atom=    0.20, RMSE_ALPHA_DERIV=    1.98
2025-07-11 22:33:06.500 INFO: Epoch 147: head: Default, loss=0.5231, RMSE_MU_per_atom=0.00 mDebye, RMSE_MU_DERIV=0.00 mDebye / A, RMSE_ALPHA_per_atom=    0.15, RMSE_ALPHA_DERIV=    1.99
2025-07-11 22:33:36.158 INFO: Epoch 148: head: Default, loss=0.5004, RMSE_MU_per_atom=0.00 mDebye, RMSE_MU_DERIV=0.00 mDebye / A, RMSE_ALPHA_per_atom=    0.07, RMSE_ALPHA_DERIV=    1.99
2025-07-11 22:34:05.816 INFO: Epoch 149: head: Default, loss=0.5765, RMSE_MU_per_atom=0.00 mDebye, RMSE_MU_DERIV=0.00 mDebye / A, RMSE_ALPHA_per_atom=    0.15, RMSE_ALPHA_DERIV=    2.09
2025-07-11 22:34:35.489 INFO: Epoch 150: head: Default, loss=0.5697, RMSE_MU_per_atom=0.00 mDebye, RMSE_MU_DERIV=0.00 mDebye / A, RMSE_ALPHA_per_atom=    0.12, RMSE_ALPHA_DERIV=    2.10
2025-07-11 22:35:05.170 INFO: Epoch 151: head: Default, loss=0.5234, RMSE_MU_per_atom=0.00 mDebye, RMSE_MU_DERIV=0.00 mDebye / A, RMSE_ALPHA_per_atom=    0.15, RMSE_ALPHA_DERIV=    1.99
2025-07-11 22:35:34.839 INFO: Epoch 152: head: Default, loss=0.5342, RMSE_MU_per_atom=0.00 mDebye, RMSE_MU_DERIV=0.00 mDebye / A, RMSE_ALPHA_per_atom=    0.11, RMSE_ALPHA_DERIV=    2.04
2025-07-11 22:36:04.485 INFO: Epoch 153: head: Default, loss=0.4850, RMSE_MU_per_atom=0.00 mDebye, RMSE_MU_DERIV=0.00 mDebye / A, RMSE_ALPHA_per_atom=    0.09, RMSE_ALPHA_DERIV=    1.95
2025-07-11 22:36:34.181 INFO: Epoch 154: head: Default, loss=0.4991, RMSE_MU_per_atom=0.00 mDebye, RMSE_MU_DERIV=0.00 mDebye / A, RMSE_ALPHA_per_atom=    0.08, RMSE_ALPHA_DERIV=    1.98
2025-07-11 22:37:03.840 INFO: Epoch 155: head: Default, loss=0.6073, RMSE_MU_per_atom=0.00 mDebye, RMSE_MU_DERIV=0.00 mDebye / A, RMSE_ALPHA_per_atom=    0.25, RMSE_ALPHA_DERIV=    2.06
2025-07-11 22:37:33.504 INFO: Epoch 156: head: Default, loss=0.5145, RMSE_MU_per_atom=0.00 mDebye, RMSE_MU_DERIV=0.00 mDebye / A, RMSE_ALPHA_per_atom=    0.17, RMSE_ALPHA_DERIV=    1.95
2025-07-11 22:38:03.174 INFO: Epoch 157: head: Default, loss=0.5522, RMSE_MU_per_atom=0.00 mDebye, RMSE_MU_DERIV=0.00 mDebye / A, RMSE_ALPHA_per_atom=    0.25, RMSE_ALPHA_DERIV=    1.95
2025-07-11 22:38:32.824 INFO: Epoch 158: head: Default, loss=0.5799, RMSE_MU_per_atom=0.00 mDebye, RMSE_MU_DERIV=0.00 mDebye / A, RMSE_ALPHA_per_atom=    0.25, RMSE_ALPHA_DERIV=    2.00
2025-07-11 22:39:02.479 INFO: Epoch 159: head: Default, loss=0.4902, RMSE_MU_per_atom=0.00 mDebye, RMSE_MU_DERIV=0.00 mDebye / A, RMSE_ALPHA_per_atom=    0.09, RMSE_ALPHA_DERIV=    1.96
2025-07-11 22:39:32.145 INFO: Epoch 160: head: Default, loss=0.5220, RMSE_MU_per_atom=0.00 mDebye, RMSE_MU_DERIV=0.00 mDebye / A, RMSE_ALPHA_per_atom=    0.10, RMSE_ALPHA_DERIV=    2.02
2025-07-11 22:40:01.814 INFO: Epoch 161: head: Default, loss=0.4984, RMSE_MU_per_atom=0.00 mDebye, RMSE_MU_DERIV=0.00 mDebye / A, RMSE_ALPHA_per_atom=    0.09, RMSE_ALPHA_DERIV=    1.98
2025-07-11 22:40:31.473 INFO: Epoch 162: head: Default, loss=0.5294, RMSE_MU_per_atom=0.00 mDebye, RMSE_MU_DERIV=0.00 mDebye / A, RMSE_ALPHA_per_atom=    0.12, RMSE_ALPHA_DERIV=    2.02
2025-07-11 22:41:01.141 INFO: Epoch 163: head: Default, loss=0.5179, RMSE_MU_per_atom=0.00 mDebye, RMSE_MU_DERIV=0.00 mDebye / A, RMSE_ALPHA_per_atom=    0.20, RMSE_ALPHA_DERIV=    1.93
2025-07-11 22:41:30.802 INFO: Epoch 164: head: Default, loss=0.5218, RMSE_MU_per_atom=0.00 mDebye, RMSE_MU_DERIV=0.00 mDebye / A, RMSE_ALPHA_per_atom=    0.16, RMSE_ALPHA_DERIV=    1.98
2025-07-11 22:42:00.459 INFO: Epoch 165: head: Default, loss=0.6100, RMSE_MU_per_atom=0.00 mDebye, RMSE_MU_DERIV=0.00 mDebye / A, RMSE_ALPHA_per_atom=    0.18, RMSE_ALPHA_DERIV=    2.14
2025-07-11 22:42:30.104 INFO: Epoch 166: head: Default, loss=0.5345, RMSE_MU_per_atom=0.00 mDebye, RMSE_MU_DERIV=0.00 mDebye / A, RMSE_ALPHA_per_atom=    0.09, RMSE_ALPHA_DERIV=    2.05
2025-07-11 22:42:59.754 INFO: Epoch 167: head: Default, loss=0.5127, RMSE_MU_per_atom=0.00 mDebye, RMSE_MU_DERIV=0.00 mDebye / A, RMSE_ALPHA_per_atom=    0.14, RMSE_ALPHA_DERIV=    1.98
2025-07-11 22:43:29.426 INFO: Epoch 168: head: Default, loss=0.5698, RMSE_MU_per_atom=0.00 mDebye, RMSE_MU_DERIV=0.00 mDebye / A, RMSE_ALPHA_per_atom=    0.27, RMSE_ALPHA_DERIV=    1.95
2025-07-11 22:43:59.098 INFO: Epoch 169: head: Default, loss=0.5387, RMSE_MU_per_atom=0.00 mDebye, RMSE_MU_DERIV=0.00 mDebye / A, RMSE_ALPHA_per_atom=    0.21, RMSE_ALPHA_DERIV=    1.96
2025-07-11 22:44:28.756 INFO: Epoch 170: head: Default, loss=0.7443, RMSE_MU_per_atom=0.00 mDebye, RMSE_MU_DERIV=0.00 mDebye / A, RMSE_ALPHA_per_atom=    0.21, RMSE_ALPHA_DERIV=    2.35
2025-07-11 22:44:58.412 INFO: Epoch 171: head: Default, loss=0.5753, RMSE_MU_per_atom=0.00 mDebye, RMSE_MU_DERIV=0.00 mDebye / A, RMSE_ALPHA_per_atom=    0.17, RMSE_ALPHA_DERIV=    2.07
2025-07-11 22:45:28.068 INFO: Epoch 172: head: Default, loss=0.5336, RMSE_MU_per_atom=0.00 mDebye, RMSE_MU_DERIV=0.00 mDebye / A, RMSE_ALPHA_per_atom=    0.13, RMSE_ALPHA_DERIV=    2.03
2025-07-11 22:45:57.721 INFO: Epoch 173: head: Default, loss=0.5379, RMSE_MU_per_atom=0.00 mDebye, RMSE_MU_DERIV=0.00 mDebye / A, RMSE_ALPHA_per_atom=    0.12, RMSE_ALPHA_DERIV=    2.04
2025-07-11 22:46:27.379 INFO: Epoch 174: head: Default, loss=0.4962, RMSE_MU_per_atom=0.00 mDebye, RMSE_MU_DERIV=0.00 mDebye / A, RMSE_ALPHA_per_atom=    0.12, RMSE_ALPHA_DERIV=    1.96
2025-07-11 22:46:57.014 INFO: Epoch 175: head: Default, loss=0.4929, RMSE_MU_per_atom=0.00 mDebye, RMSE_MU_DERIV=0.00 mDebye / A, RMSE_ALPHA_per_atom=    0.14, RMSE_ALPHA_DERIV=    1.94
2025-07-11 22:47:26.668 INFO: Epoch 176: head: Default, loss=0.5322, RMSE_MU_per_atom=0.00 mDebye, RMSE_MU_DERIV=0.00 mDebye / A, RMSE_ALPHA_per_atom=    0.13, RMSE_ALPHA_DERIV=    2.02
2025-07-11 22:47:56.327 INFO: Epoch 177: head: Default, loss=0.4787, RMSE_MU_per_atom=0.00 mDebye, RMSE_MU_DERIV=0.00 mDebye / A, RMSE_ALPHA_per_atom=    0.08, RMSE_ALPHA_DERIV=    1.94
2025-07-11 22:48:26.046 INFO: Epoch 178: head: Default, loss=0.4767, RMSE_MU_per_atom=0.00 mDebye, RMSE_MU_DERIV=0.00 mDebye / A, RMSE_ALPHA_per_atom=    0.11, RMSE_ALPHA_DERIV=    1.92
2025-07-11 22:48:55.763 INFO: Epoch 179: head: Default, loss=0.5159, RMSE_MU_per_atom=0.00 mDebye, RMSE_MU_DERIV=0.00 mDebye / A, RMSE_ALPHA_per_atom=    0.14, RMSE_ALPHA_DERIV=    1.99
2025-07-11 22:49:25.430 INFO: Epoch 180: head: Default, loss=0.4608, RMSE_MU_per_atom=0.00 mDebye, RMSE_MU_DERIV=0.00 mDebye / A, RMSE_ALPHA_per_atom=    0.11, RMSE_ALPHA_DERIV=    1.89
2025-07-11 22:49:55.143 INFO: Epoch 181: head: Default, loss=0.4788, RMSE_MU_per_atom=0.00 mDebye, RMSE_MU_DERIV=0.00 mDebye / A, RMSE_ALPHA_per_atom=    0.08, RMSE_ALPHA_DERIV=    1.94
2025-07-11 22:50:24.795 INFO: Epoch 182: head: Default, loss=0.5033, RMSE_MU_per_atom=0.00 mDebye, RMSE_MU_DERIV=0.00 mDebye / A, RMSE_ALPHA_per_atom=    0.08, RMSE_ALPHA_DERIV=    1.99
2025-07-11 22:50:54.457 INFO: Epoch 183: head: Default, loss=0.4939, RMSE_MU_per_atom=0.00 mDebye, RMSE_MU_DERIV=0.00 mDebye / A, RMSE_ALPHA_per_atom=    0.11, RMSE_ALPHA_DERIV=    1.96
2025-07-11 22:51:24.106 INFO: Epoch 184: head: Default, loss=0.5120, RMSE_MU_per_atom=0.00 mDebye, RMSE_MU_DERIV=0.00 mDebye / A, RMSE_ALPHA_per_atom=    0.16, RMSE_ALPHA_DERIV=    1.96
2025-07-11 22:51:53.762 INFO: Epoch 185: head: Default, loss=0.5207, RMSE_MU_per_atom=0.00 mDebye, RMSE_MU_DERIV=0.00 mDebye / A, RMSE_ALPHA_per_atom=    0.10, RMSE_ALPHA_DERIV=    2.02
2025-07-11 22:52:23.412 INFO: Epoch 186: head: Default, loss=0.4840, RMSE_MU_per_atom=0.00 mDebye, RMSE_MU_DERIV=0.00 mDebye / A, RMSE_ALPHA_per_atom=    0.14, RMSE_ALPHA_DERIV=    1.91
2025-07-11 22:52:53.069 INFO: Epoch 187: head: Default, loss=0.4689, RMSE_MU_per_atom=0.00 mDebye, RMSE_MU_DERIV=0.00 mDebye / A, RMSE_ALPHA_per_atom=    0.09, RMSE_ALPHA_DERIV=    1.91
2025-07-11 22:53:22.720 INFO: Epoch 188: head: Default, loss=0.4923, RMSE_MU_per_atom=0.00 mDebye, RMSE_MU_DERIV=0.00 mDebye / A, RMSE_ALPHA_per_atom=    0.11, RMSE_ALPHA_DERIV=    1.95
2025-07-11 22:53:52.373 INFO: Epoch 189: head: Default, loss=0.4692, RMSE_MU_per_atom=0.00 mDebye, RMSE_MU_DERIV=0.00 mDebye / A, RMSE_ALPHA_per_atom=    0.09, RMSE_ALPHA_DERIV=    1.92
2025-07-11 22:54:22.016 INFO: Epoch 190: head: Default, loss=0.4712, RMSE_MU_per_atom=0.00 mDebye, RMSE_MU_DERIV=0.00 mDebye / A, RMSE_ALPHA_per_atom=    0.13, RMSE_ALPHA_DERIV=    1.90
2025-07-11 22:54:51.656 INFO: Epoch 191: head: Default, loss=0.5037, RMSE_MU_per_atom=0.00 mDebye, RMSE_MU_DERIV=0.00 mDebye / A, RMSE_ALPHA_per_atom=    0.13, RMSE_ALPHA_DERIV=    1.97
2025-07-11 22:55:21.293 INFO: Epoch 192: head: Default, loss=0.5013, RMSE_MU_per_atom=0.00 mDebye, RMSE_MU_DERIV=0.00 mDebye / A, RMSE_ALPHA_per_atom=    0.15, RMSE_ALPHA_DERIV=    1.95
2025-07-11 22:55:50.935 INFO: Epoch 193: head: Default, loss=0.4826, RMSE_MU_per_atom=0.00 mDebye, RMSE_MU_DERIV=0.00 mDebye / A, RMSE_ALPHA_per_atom=    0.10, RMSE_ALPHA_DERIV=    1.94
2025-07-11 22:56:20.573 INFO: Epoch 194: head: Default, loss=0.4963, RMSE_MU_per_atom=0.00 mDebye, RMSE_MU_DERIV=0.00 mDebye / A, RMSE_ALPHA_per_atom=    0.08, RMSE_ALPHA_DERIV=    1.98
2025-07-11 22:56:50.217 INFO: Epoch 195: head: Default, loss=0.5085, RMSE_MU_per_atom=0.00 mDebye, RMSE_MU_DERIV=0.00 mDebye / A, RMSE_ALPHA_per_atom=    0.10, RMSE_ALPHA_DERIV=    1.99
2025-07-11 22:57:19.862 INFO: Epoch 196: head: Default, loss=0.4723, RMSE_MU_per_atom=0.00 mDebye, RMSE_MU_DERIV=0.00 mDebye / A, RMSE_ALPHA_per_atom=    0.10, RMSE_ALPHA_DERIV=    1.92
2025-07-11 22:57:49.498 INFO: Epoch 197: head: Default, loss=0.4632, RMSE_MU_per_atom=0.00 mDebye, RMSE_MU_DERIV=0.00 mDebye / A, RMSE_ALPHA_per_atom=    0.08, RMSE_ALPHA_DERIV=    1.91
2025-07-11 22:58:19.134 INFO: Epoch 198: head: Default, loss=0.5319, RMSE_MU_per_atom=0.00 mDebye, RMSE_MU_DERIV=0.00 mDebye / A, RMSE_ALPHA_per_atom=    0.12, RMSE_ALPHA_DERIV=    2.03
2025-07-11 22:58:48.771 INFO: Epoch 199: head: Default, loss=0.5852, RMSE_MU_per_atom=0.00 mDebye, RMSE_MU_DERIV=0.00 mDebye / A, RMSE_ALPHA_per_atom=    0.20, RMSE_ALPHA_DERIV=    2.07
2025-07-11 22:59:18.413 INFO: Epoch 200: head: Default, loss=0.6620, RMSE_MU_per_atom=0.00 mDebye, RMSE_MU_DERIV=0.00 mDebye / A, RMSE_ALPHA_per_atom=    0.34, RMSE_ALPHA_DERIV=    2.03
2025-07-11 22:59:48.045 INFO: Epoch 201: head: Default, loss=0.5157, RMSE_MU_per_atom=0.00 mDebye, RMSE_MU_DERIV=0.00 mDebye / A, RMSE_ALPHA_per_atom=    0.12, RMSE_ALPHA_DERIV=    1.99
2025-07-11 23:00:17.697 INFO: Epoch 202: head: Default, loss=0.4583, RMSE_MU_per_atom=0.00 mDebye, RMSE_MU_DERIV=0.00 mDebye / A, RMSE_ALPHA_per_atom=    0.09, RMSE_ALPHA_DERIV=    1.90
2025-07-11 23:00:47.396 INFO: Epoch 203: head: Default, loss=0.4909, RMSE_MU_per_atom=0.00 mDebye, RMSE_MU_DERIV=0.00 mDebye / A, RMSE_ALPHA_per_atom=    0.10, RMSE_ALPHA_DERIV=    1.96
2025-07-11 23:01:17.040 INFO: Epoch 204: head: Default, loss=0.5404, RMSE_MU_per_atom=0.00 mDebye, RMSE_MU_DERIV=0.00 mDebye / A, RMSE_ALPHA_per_atom=    0.18, RMSE_ALPHA_DERIV=    2.00
2025-07-11 23:01:46.686 INFO: Epoch 205: head: Default, loss=0.4827, RMSE_MU_per_atom=0.00 mDebye, RMSE_MU_DERIV=0.00 mDebye / A, RMSE_ALPHA_per_atom=    0.11, RMSE_ALPHA_DERIV=    1.93
2025-07-11 23:02:16.328 INFO: Epoch 206: head: Default, loss=0.4615, RMSE_MU_per_atom=0.00 mDebye, RMSE_MU_DERIV=0.00 mDebye / A, RMSE_ALPHA_per_atom=    0.05, RMSE_ALPHA_DERIV=    1.91
2025-07-11 23:02:45.978 INFO: Epoch 207: head: Default, loss=0.4769, RMSE_MU_per_atom=0.00 mDebye, RMSE_MU_DERIV=0.00 mDebye / A, RMSE_ALPHA_per_atom=    0.09, RMSE_ALPHA_DERIV=    1.93
2025-07-11 23:03:15.647 INFO: Epoch 208: head: Default, loss=0.5045, RMSE_MU_per_atom=0.00 mDebye, RMSE_MU_DERIV=0.00 mDebye / A, RMSE_ALPHA_per_atom=    0.15, RMSE_ALPHA_DERIV=    1.95
2025-07-11 23:03:45.303 INFO: Epoch 209: head: Default, loss=0.5156, RMSE_MU_per_atom=0.00 mDebye, RMSE_MU_DERIV=0.00 mDebye / A, RMSE_ALPHA_per_atom=    0.15, RMSE_ALPHA_DERIV=    1.97
2025-07-11 23:04:14.959 INFO: Epoch 210: head: Default, loss=0.4556, RMSE_MU_per_atom=0.00 mDebye, RMSE_MU_DERIV=0.00 mDebye / A, RMSE_ALPHA_per_atom=    0.07, RMSE_ALPHA_DERIV=    1.90
2025-07-11 23:04:44.665 INFO: Epoch 211: head: Default, loss=0.4805, RMSE_MU_per_atom=0.00 mDebye, RMSE_MU_DERIV=0.00 mDebye / A, RMSE_ALPHA_per_atom=    0.16, RMSE_ALPHA_DERIV=    1.89
2025-07-11 23:05:14.316 INFO: Epoch 212: head: Default, loss=0.4864, RMSE_MU_per_atom=0.00 mDebye, RMSE_MU_DERIV=0.00 mDebye / A, RMSE_ALPHA_per_atom=    0.10, RMSE_ALPHA_DERIV=    1.94
2025-07-11 23:05:43.970 INFO: Epoch 213: head: Default, loss=0.5509, RMSE_MU_per_atom=0.00 mDebye, RMSE_MU_DERIV=0.00 mDebye / A, RMSE_ALPHA_per_atom=    0.24, RMSE_ALPHA_DERIV=    1.96
2025-07-11 23:06:13.633 INFO: Epoch 214: head: Default, loss=0.5039, RMSE_MU_per_atom=0.00 mDebye, RMSE_MU_DERIV=0.00 mDebye / A, RMSE_ALPHA_per_atom=    0.12, RMSE_ALPHA_DERIV=    1.97
2025-07-11 23:06:43.276 INFO: Epoch 215: head: Default, loss=0.5783, RMSE_MU_per_atom=0.00 mDebye, RMSE_MU_DERIV=0.00 mDebye / A, RMSE_ALPHA_per_atom=    0.13, RMSE_ALPHA_DERIV=    2.11
2025-07-11 23:07:12.926 INFO: Epoch 216: head: Default, loss=0.4852, RMSE_MU_per_atom=0.00 mDebye, RMSE_MU_DERIV=0.00 mDebye / A, RMSE_ALPHA_per_atom=    0.09, RMSE_ALPHA_DERIV=    1.95
2025-07-11 23:07:42.566 INFO: Epoch 217: head: Default, loss=0.4602, RMSE_MU_per_atom=0.00 mDebye, RMSE_MU_DERIV=0.00 mDebye / A, RMSE_ALPHA_per_atom=    0.10, RMSE_ALPHA_DERIV=    1.89
2025-07-11 23:08:12.212 INFO: Epoch 218: head: Default, loss=0.4875, RMSE_MU_per_atom=0.00 mDebye, RMSE_MU_DERIV=0.00 mDebye / A, RMSE_ALPHA_per_atom=    0.13, RMSE_ALPHA_DERIV=    1.93
2025-07-11 23:08:41.846 INFO: Epoch 219: head: Default, loss=0.5074, RMSE_MU_per_atom=0.00 mDebye, RMSE_MU_DERIV=0.00 mDebye / A, RMSE_ALPHA_per_atom=    0.05, RMSE_ALPHA_DERIV=    2.01
2025-07-11 23:09:11.497 INFO: Epoch 220: head: Default, loss=0.4638, RMSE_MU_per_atom=0.00 mDebye, RMSE_MU_DERIV=0.00 mDebye / A, RMSE_ALPHA_per_atom=    0.12, RMSE_ALPHA_DERIV=    1.89
2025-07-11 23:09:41.154 INFO: Epoch 221: head: Default, loss=0.4895, RMSE_MU_per_atom=0.00 mDebye, RMSE_MU_DERIV=0.00 mDebye / A, RMSE_ALPHA_per_atom=    0.14, RMSE_ALPHA_DERIV=    1.93
2025-07-11 23:10:10.806 INFO: Epoch 222: head: Default, loss=0.5170, RMSE_MU_per_atom=0.00 mDebye, RMSE_MU_DERIV=0.00 mDebye / A, RMSE_ALPHA_per_atom=    0.09, RMSE_ALPHA_DERIV=    2.01
2025-07-11 23:10:40.455 INFO: Epoch 223: head: Default, loss=0.4617, RMSE_MU_per_atom=0.00 mDebye, RMSE_MU_DERIV=0.00 mDebye / A, RMSE_ALPHA_per_atom=    0.06, RMSE_ALPHA_DERIV=    1.91
2025-07-11 23:11:10.110 INFO: Epoch 224: head: Default, loss=0.4793, RMSE_MU_per_atom=0.00 mDebye, RMSE_MU_DERIV=0.00 mDebye / A, RMSE_ALPHA_per_atom=    0.11, RMSE_ALPHA_DERIV=    1.92
2025-07-11 23:11:39.749 INFO: Epoch 225: head: Default, loss=0.5298, RMSE_MU_per_atom=0.00 mDebye, RMSE_MU_DERIV=0.00 mDebye / A, RMSE_ALPHA_per_atom=    0.23, RMSE_ALPHA_DERIV=    1.93
2025-07-11 23:12:09.390 INFO: Epoch 226: head: Default, loss=0.5090, RMSE_MU_per_atom=0.00 mDebye, RMSE_MU_DERIV=0.00 mDebye / A, RMSE_ALPHA_per_atom=    0.08, RMSE_ALPHA_DERIV=    2.00
2025-07-11 23:12:39.031 INFO: Epoch 227: head: Default, loss=0.4712, RMSE_MU_per_atom=0.00 mDebye, RMSE_MU_DERIV=0.00 mDebye / A, RMSE_ALPHA_per_atom=    0.11, RMSE_ALPHA_DERIV=    1.91
2025-07-11 23:13:08.676 INFO: Epoch 228: head: Default, loss=0.4925, RMSE_MU_per_atom=0.00 mDebye, RMSE_MU_DERIV=0.00 mDebye / A, RMSE_ALPHA_per_atom=    0.14, RMSE_ALPHA_DERIV=    1.94
2025-07-11 23:13:38.327 INFO: Epoch 229: head: Default, loss=0.5288, RMSE_MU_per_atom=0.00 mDebye, RMSE_MU_DERIV=0.00 mDebye / A, RMSE_ALPHA_per_atom=    0.19, RMSE_ALPHA_DERIV=    1.97
2025-07-11 23:14:07.963 INFO: Epoch 230: head: Default, loss=0.5171, RMSE_MU_per_atom=0.00 mDebye, RMSE_MU_DERIV=0.00 mDebye / A, RMSE_ALPHA_per_atom=    0.10, RMSE_ALPHA_DERIV=    2.01
2025-07-11 23:14:37.611 INFO: Epoch 231: head: Default, loss=0.5378, RMSE_MU_per_atom=0.00 mDebye, RMSE_MU_DERIV=0.00 mDebye / A, RMSE_ALPHA_per_atom=    0.16, RMSE_ALPHA_DERIV=    2.01
2025-07-11 23:15:07.266 INFO: Epoch 232: head: Default, loss=0.4851, RMSE_MU_per_atom=0.00 mDebye, RMSE_MU_DERIV=0.00 mDebye / A, RMSE_ALPHA_per_atom=    0.10, RMSE_ALPHA_DERIV=    1.94
2025-07-11 23:15:36.928 INFO: Epoch 233: head: Default, loss=0.4477, RMSE_MU_per_atom=0.00 mDebye, RMSE_MU_DERIV=0.00 mDebye / A, RMSE_ALPHA_per_atom=    0.04, RMSE_ALPHA_DERIV=    1.89
2025-07-11 23:16:06.633 INFO: Epoch 234: head: Default, loss=0.4713, RMSE_MU_per_atom=0.00 mDebye, RMSE_MU_DERIV=0.00 mDebye / A, RMSE_ALPHA_per_atom=    0.13, RMSE_ALPHA_DERIV=    1.90
2025-07-11 23:16:36.271 INFO: Epoch 235: head: Default, loss=0.4610, RMSE_MU_per_atom=0.00 mDebye, RMSE_MU_DERIV=0.00 mDebye / A, RMSE_ALPHA_per_atom=    0.14, RMSE_ALPHA_DERIV=    1.87
2025-07-11 23:17:05.919 INFO: Epoch 236: head: Default, loss=0.4938, RMSE_MU_per_atom=0.00 mDebye, RMSE_MU_DERIV=0.00 mDebye / A, RMSE_ALPHA_per_atom=    0.15, RMSE_ALPHA_DERIV=    1.93
2025-07-11 23:17:35.567 INFO: Epoch 237: head: Default, loss=0.5049, RMSE_MU_per_atom=0.00 mDebye, RMSE_MU_DERIV=0.00 mDebye / A, RMSE_ALPHA_per_atom=    0.15, RMSE_ALPHA_DERIV=    1.95
2025-07-11 23:18:05.214 INFO: Epoch 238: head: Default, loss=0.4599, RMSE_MU_per_atom=0.00 mDebye, RMSE_MU_DERIV=0.00 mDebye / A, RMSE_ALPHA_per_atom=    0.10, RMSE_ALPHA_DERIV=    1.89
2025-07-11 23:18:34.859 INFO: Epoch 239: head: Default, loss=0.4503, RMSE_MU_per_atom=0.00 mDebye, RMSE_MU_DERIV=0.00 mDebye / A, RMSE_ALPHA_per_atom=    0.09, RMSE_ALPHA_DERIV=    1.88
2025-07-11 23:19:04.508 INFO: Epoch 240: head: Default, loss=0.4470, RMSE_MU_per_atom=0.00 mDebye, RMSE_MU_DERIV=0.00 mDebye / A, RMSE_ALPHA_per_atom=    0.05, RMSE_ALPHA_DERIV=    1.88
2025-07-11 23:19:34.212 INFO: Epoch 241: head: Default, loss=0.4767, RMSE_MU_per_atom=0.00 mDebye, RMSE_MU_DERIV=0.00 mDebye / A, RMSE_ALPHA_per_atom=    0.08, RMSE_ALPHA_DERIV=    1.94
2025-07-11 23:20:03.866 INFO: Epoch 242: head: Default, loss=0.4764, RMSE_MU_per_atom=0.00 mDebye, RMSE_MU_DERIV=0.00 mDebye / A, RMSE_ALPHA_per_atom=    0.11, RMSE_ALPHA_DERIV=    1.92
2025-07-11 23:20:33.515 INFO: Epoch 243: head: Default, loss=0.4605, RMSE_MU_per_atom=0.00 mDebye, RMSE_MU_DERIV=0.00 mDebye / A, RMSE_ALPHA_per_atom=    0.08, RMSE_ALPHA_DERIV=    1.90
2025-07-11 23:21:03.162 INFO: Epoch 244: head: Default, loss=0.4604, RMSE_MU_per_atom=0.00 mDebye, RMSE_MU_DERIV=0.00 mDebye / A, RMSE_ALPHA_per_atom=    0.07, RMSE_ALPHA_DERIV=    1.91
2025-07-11 23:21:32.808 INFO: Epoch 245: head: Default, loss=0.4720, RMSE_MU_per_atom=0.00 mDebye, RMSE_MU_DERIV=0.00 mDebye / A, RMSE_ALPHA_per_atom=    0.13, RMSE_ALPHA_DERIV=    1.90
2025-07-11 23:22:02.452 INFO: Epoch 246: head: Default, loss=0.4977, RMSE_MU_per_atom=0.00 mDebye, RMSE_MU_DERIV=0.00 mDebye / A, RMSE_ALPHA_per_atom=    0.11, RMSE_ALPHA_DERIV=    1.97
2025-07-11 23:22:32.100 INFO: Epoch 247: head: Default, loss=0.4604, RMSE_MU_per_atom=0.00 mDebye, RMSE_MU_DERIV=0.00 mDebye / A, RMSE_ALPHA_per_atom=    0.07, RMSE_ALPHA_DERIV=    1.91
2025-07-11 23:23:01.731 INFO: Epoch 248: head: Default, loss=0.4360, RMSE_MU_per_atom=0.00 mDebye, RMSE_MU_DERIV=0.00 mDebye / A, RMSE_ALPHA_per_atom=    0.07, RMSE_ALPHA_DERIV=    1.85
2025-07-11 23:23:31.414 INFO: Epoch 249: head: Default, loss=0.4443, RMSE_MU_per_atom=0.00 mDebye, RMSE_MU_DERIV=0.00 mDebye / A, RMSE_ALPHA_per_atom=    0.04, RMSE_ALPHA_DERIV=    1.88
2025-07-11 23:24:01.039 INFO: Epoch 250: head: Default, loss=0.4576, RMSE_MU_per_atom=0.00 mDebye, RMSE_MU_DERIV=0.00 mDebye / A, RMSE_ALPHA_per_atom=    0.06, RMSE_ALPHA_DERIV=    1.90
2025-07-11 23:24:30.665 INFO: Epoch 251: head: Default, loss=0.4833, RMSE_MU_per_atom=0.00 mDebye, RMSE_MU_DERIV=0.00 mDebye / A, RMSE_ALPHA_per_atom=    0.12, RMSE_ALPHA_DERIV=    1.93
2025-07-11 23:25:00.280 INFO: Epoch 252: head: Default, loss=0.4496, RMSE_MU_per_atom=0.00 mDebye, RMSE_MU_DERIV=0.00 mDebye / A, RMSE_ALPHA_per_atom=    0.06, RMSE_ALPHA_DERIV=    1.89
2025-07-11 23:25:29.904 INFO: Epoch 253: head: Default, loss=0.4484, RMSE_MU_per_atom=0.00 mDebye, RMSE_MU_DERIV=0.00 mDebye / A, RMSE_ALPHA_per_atom=    0.06, RMSE_ALPHA_DERIV=    1.89
2025-07-11 23:25:59.541 INFO: Epoch 254: head: Default, loss=0.4497, RMSE_MU_per_atom=0.00 mDebye, RMSE_MU_DERIV=0.00 mDebye / A, RMSE_ALPHA_per_atom=    0.07, RMSE_ALPHA_DERIV=    1.88
2025-07-11 23:26:29.177 INFO: Epoch 255: head: Default, loss=0.4442, RMSE_MU_per_atom=0.00 mDebye, RMSE_MU_DERIV=0.00 mDebye / A, RMSE_ALPHA_per_atom=    0.09, RMSE_ALPHA_DERIV=    1.86
2025-07-11 23:26:58.800 INFO: Epoch 256: head: Default, loss=0.4386, RMSE_MU_per_atom=0.00 mDebye, RMSE_MU_DERIV=0.00 mDebye / A, RMSE_ALPHA_per_atom=    0.09, RMSE_ALPHA_DERIV=    1.85
2025-07-11 23:27:28.433 INFO: Epoch 257: head: Default, loss=0.4558, RMSE_MU_per_atom=0.00 mDebye, RMSE_MU_DERIV=0.00 mDebye / A, RMSE_ALPHA_per_atom=    0.13, RMSE_ALPHA_DERIV=    1.87
2025-07-11 23:27:58.082 INFO: Epoch 258: head: Default, loss=0.4508, RMSE_MU_per_atom=0.00 mDebye, RMSE_MU_DERIV=0.00 mDebye / A, RMSE_ALPHA_per_atom=    0.06, RMSE_ALPHA_DERIV=    1.89
2025-07-11 23:28:27.724 INFO: Epoch 259: head: Default, loss=0.4318, RMSE_MU_per_atom=0.00 mDebye, RMSE_MU_DERIV=0.00 mDebye / A, RMSE_ALPHA_per_atom=    0.08, RMSE_ALPHA_DERIV=    1.84
2025-07-11 23:28:57.412 INFO: Epoch 260: head: Default, loss=0.4753, RMSE_MU_per_atom=0.00 mDebye, RMSE_MU_DERIV=0.00 mDebye / A, RMSE_ALPHA_per_atom=    0.10, RMSE_ALPHA_DERIV=    1.93
2025-07-11 23:29:27.061 INFO: Epoch 261: head: Default, loss=0.4693, RMSE_MU_per_atom=0.00 mDebye, RMSE_MU_DERIV=0.00 mDebye / A, RMSE_ALPHA_per_atom=    0.10, RMSE_ALPHA_DERIV=    1.91
2025-07-11 23:29:56.706 INFO: Epoch 262: head: Default, loss=0.4748, RMSE_MU_per_atom=0.00 mDebye, RMSE_MU_DERIV=0.00 mDebye / A, RMSE_ALPHA_per_atom=    0.10, RMSE_ALPHA_DERIV=    1.92
2025-07-11 23:30:26.344 INFO: Epoch 263: head: Default, loss=0.4265, RMSE_MU_per_atom=0.00 mDebye, RMSE_MU_DERIV=0.00 mDebye / A, RMSE_ALPHA_per_atom=    0.08, RMSE_ALPHA_DERIV=    1.83
2025-07-11 23:30:56.047 INFO: Epoch 264: head: Default, loss=0.4627, RMSE_MU_per_atom=0.00 mDebye, RMSE_MU_DERIV=0.00 mDebye / A, RMSE_ALPHA_per_atom=    0.12, RMSE_ALPHA_DERIV=    1.89
2025-07-11 23:31:25.700 INFO: Epoch 265: head: Default, loss=0.4477, RMSE_MU_per_atom=0.00 mDebye, RMSE_MU_DERIV=0.00 mDebye / A, RMSE_ALPHA_per_atom=    0.09, RMSE_ALPHA_DERIV=    1.87
2025-07-11 23:31:55.330 INFO: Epoch 266: head: Default, loss=0.4635, RMSE_MU_per_atom=0.00 mDebye, RMSE_MU_DERIV=0.00 mDebye / A, RMSE_ALPHA_per_atom=    0.07, RMSE_ALPHA_DERIV=    1.91
2025-07-11 23:32:24.959 INFO: Epoch 267: head: Default, loss=0.4650, RMSE_MU_per_atom=0.00 mDebye, RMSE_MU_DERIV=0.00 mDebye / A, RMSE_ALPHA_per_atom=    0.11, RMSE_ALPHA_DERIV=    1.90
2025-07-11 23:32:54.601 INFO: Epoch 268: head: Default, loss=0.5439, RMSE_MU_per_atom=0.00 mDebye, RMSE_MU_DERIV=0.00 mDebye / A, RMSE_ALPHA_per_atom=    0.22, RMSE_ALPHA_DERIV=    1.97
2025-07-11 23:33:24.235 INFO: Epoch 269: head: Default, loss=0.4488, RMSE_MU_per_atom=0.00 mDebye, RMSE_MU_DERIV=0.00 mDebye / A, RMSE_ALPHA_per_atom=    0.09, RMSE_ALPHA_DERIV=    1.87
2025-07-11 23:33:53.872 INFO: Epoch 270: head: Default, loss=0.4446, RMSE_MU_per_atom=0.00 mDebye, RMSE_MU_DERIV=0.00 mDebye / A, RMSE_ALPHA_per_atom=    0.06, RMSE_ALPHA_DERIV=    1.87
2025-07-11 23:34:23.520 INFO: Epoch 271: head: Default, loss=0.4481, RMSE_MU_per_atom=0.00 mDebye, RMSE_MU_DERIV=0.00 mDebye / A, RMSE_ALPHA_per_atom=    0.08, RMSE_ALPHA_DERIV=    1.88
2025-07-11 23:34:53.173 INFO: Epoch 272: head: Default, loss=0.4716, RMSE_MU_per_atom=0.00 mDebye, RMSE_MU_DERIV=0.00 mDebye / A, RMSE_ALPHA_per_atom=    0.16, RMSE_ALPHA_DERIV=    1.88
2025-07-11 23:35:22.826 INFO: Epoch 273: head: Default, loss=0.4800, RMSE_MU_per_atom=0.00 mDebye, RMSE_MU_DERIV=0.00 mDebye / A, RMSE_ALPHA_per_atom=    0.13, RMSE_ALPHA_DERIV=    1.92
2025-07-11 23:35:52.481 INFO: Epoch 274: head: Default, loss=0.4699, RMSE_MU_per_atom=0.00 mDebye, RMSE_MU_DERIV=0.00 mDebye / A, RMSE_ALPHA_per_atom=    0.08, RMSE_ALPHA_DERIV=    1.92
2025-07-11 23:36:22.128 INFO: Epoch 275: head: Default, loss=0.4342, RMSE_MU_per_atom=0.00 mDebye, RMSE_MU_DERIV=0.00 mDebye / A, RMSE_ALPHA_per_atom=    0.09, RMSE_ALPHA_DERIV=    1.84
2025-07-11 23:36:51.765 INFO: Epoch 276: head: Default, loss=0.4652, RMSE_MU_per_atom=0.00 mDebye, RMSE_MU_DERIV=0.00 mDebye / A, RMSE_ALPHA_per_atom=    0.14, RMSE_ALPHA_DERIV=    1.88
2025-07-11 23:37:21.395 INFO: Epoch 277: head: Default, loss=0.4894, RMSE_MU_per_atom=0.00 mDebye, RMSE_MU_DERIV=0.00 mDebye / A, RMSE_ALPHA_per_atom=    0.10, RMSE_ALPHA_DERIV=    1.95
2025-07-11 23:37:51.036 INFO: Epoch 278: head: Default, loss=0.4874, RMSE_MU_per_atom=0.00 mDebye, RMSE_MU_DERIV=0.00 mDebye / A, RMSE_ALPHA_per_atom=    0.12, RMSE_ALPHA_DERIV=    1.94
2025-07-11 23:38:20.682 INFO: Epoch 279: head: Default, loss=0.4259, RMSE_MU_per_atom=0.00 mDebye, RMSE_MU_DERIV=0.00 mDebye / A, RMSE_ALPHA_per_atom=    0.04, RMSE_ALPHA_DERIV=    1.84
2025-07-11 23:38:50.356 INFO: Epoch 280: head: Default, loss=0.4316, RMSE_MU_per_atom=0.00 mDebye, RMSE_MU_DERIV=0.00 mDebye / A, RMSE_ALPHA_per_atom=    0.08, RMSE_ALPHA_DERIV=    1.84
2025-07-11 23:39:19.986 INFO: Epoch 281: head: Default, loss=0.4737, RMSE_MU_per_atom=0.00 mDebye, RMSE_MU_DERIV=0.00 mDebye / A, RMSE_ALPHA_per_atom=    0.14, RMSE_ALPHA_DERIV=    1.89
2025-07-11 23:39:49.622 INFO: Epoch 282: head: Default, loss=0.4455, RMSE_MU_per_atom=0.00 mDebye, RMSE_MU_DERIV=0.00 mDebye / A, RMSE_ALPHA_per_atom=    0.08, RMSE_ALPHA_DERIV=    1.87
2025-07-11 23:40:19.256 INFO: Epoch 283: head: Default, loss=0.4911, RMSE_MU_per_atom=0.00 mDebye, RMSE_MU_DERIV=0.00 mDebye / A, RMSE_ALPHA_per_atom=    0.07, RMSE_ALPHA_DERIV=    1.97
2025-07-11 23:40:48.883 INFO: Epoch 284: head: Default, loss=0.4763, RMSE_MU_per_atom=0.00 mDebye, RMSE_MU_DERIV=0.00 mDebye / A, RMSE_ALPHA_per_atom=    0.11, RMSE_ALPHA_DERIV=    1.92
2025-07-11 23:41:18.540 INFO: Epoch 285: head: Default, loss=0.5026, RMSE_MU_per_atom=0.00 mDebye, RMSE_MU_DERIV=0.00 mDebye / A, RMSE_ALPHA_per_atom=    0.19, RMSE_ALPHA_DERIV=    1.92
2025-07-11 23:41:48.175 INFO: Epoch 286: head: Default, loss=0.4446, RMSE_MU_per_atom=0.00 mDebye, RMSE_MU_DERIV=0.00 mDebye / A, RMSE_ALPHA_per_atom=    0.10, RMSE_ALPHA_DERIV=    1.86
2025-07-11 23:42:17.806 INFO: Epoch 287: head: Default, loss=0.4493, RMSE_MU_per_atom=0.00 mDebye, RMSE_MU_DERIV=0.00 mDebye / A, RMSE_ALPHA_per_atom=    0.07, RMSE_ALPHA_DERIV=    1.88
2025-07-11 23:42:47.448 INFO: Epoch 288: head: Default, loss=0.4653, RMSE_MU_per_atom=0.00 mDebye, RMSE_MU_DERIV=0.00 mDebye / A, RMSE_ALPHA_per_atom=    0.10, RMSE_ALPHA_DERIV=    1.90
2025-07-11 23:43:17.080 INFO: Epoch 289: head: Default, loss=0.4979, RMSE_MU_per_atom=0.00 mDebye, RMSE_MU_DERIV=0.00 mDebye / A, RMSE_ALPHA_per_atom=    0.12, RMSE_ALPHA_DERIV=    1.96
2025-07-11 23:43:46.714 INFO: Epoch 290: head: Default, loss=0.4677, RMSE_MU_per_atom=0.00 mDebye, RMSE_MU_DERIV=0.00 mDebye / A, RMSE_ALPHA_per_atom=    0.14, RMSE_ALPHA_DERIV=    1.88
2025-07-11 23:44:16.350 INFO: Epoch 291: head: Default, loss=0.4702, RMSE_MU_per_atom=0.00 mDebye, RMSE_MU_DERIV=0.00 mDebye / A, RMSE_ALPHA_per_atom=    0.08, RMSE_ALPHA_DERIV=    1.92
2025-07-11 23:44:45.969 INFO: Epoch 292: head: Default, loss=0.5027, RMSE_MU_per_atom=0.00 mDebye, RMSE_MU_DERIV=0.00 mDebye / A, RMSE_ALPHA_per_atom=    0.20, RMSE_ALPHA_DERIV=    1.91
2025-07-11 23:45:15.593 INFO: Epoch 293: head: Default, loss=0.5018, RMSE_MU_per_atom=0.00 mDebye, RMSE_MU_DERIV=0.00 mDebye / A, RMSE_ALPHA_per_atom=    0.13, RMSE_ALPHA_DERIV=    1.96
2025-07-11 23:45:45.221 INFO: Epoch 294: head: Default, loss=0.4369, RMSE_MU_per_atom=0.00 mDebye, RMSE_MU_DERIV=0.00 mDebye / A, RMSE_ALPHA_per_atom=    0.07, RMSE_ALPHA_DERIV=    1.86
2025-07-11 23:46:14.854 INFO: Epoch 295: head: Default, loss=0.4595, RMSE_MU_per_atom=0.00 mDebye, RMSE_MU_DERIV=0.00 mDebye / A, RMSE_ALPHA_per_atom=    0.08, RMSE_ALPHA_DERIV=    1.90
2025-07-11 23:46:44.491 INFO: Epoch 296: head: Default, loss=0.4811, RMSE_MU_per_atom=0.00 mDebye, RMSE_MU_DERIV=0.00 mDebye / A, RMSE_ALPHA_per_atom=    0.09, RMSE_ALPHA_DERIV=    1.94
2025-07-11 23:47:14.137 INFO: Epoch 297: head: Default, loss=0.4464, RMSE_MU_per_atom=0.00 mDebye, RMSE_MU_DERIV=0.00 mDebye / A, RMSE_ALPHA_per_atom=    0.07, RMSE_ALPHA_DERIV=    1.88
2025-07-11 23:47:43.796 INFO: Epoch 298: head: Default, loss=0.4424, RMSE_MU_per_atom=0.00 mDebye, RMSE_MU_DERIV=0.00 mDebye / A, RMSE_ALPHA_per_atom=    0.06, RMSE_ALPHA_DERIV=    1.87
2025-07-11 23:48:13.449 INFO: Epoch 299: head: Default, loss=0.4673, RMSE_MU_per_atom=0.00 mDebye, RMSE_MU_DERIV=0.00 mDebye / A, RMSE_ALPHA_per_atom=    0.05, RMSE_ALPHA_DERIV=    1.93
2025-07-11 23:48:43.113 INFO: Epoch 300: head: Default, loss=0.4698, RMSE_MU_per_atom=0.00 mDebye, RMSE_MU_DERIV=0.00 mDebye / A, RMSE_ALPHA_per_atom=    0.12, RMSE_ALPHA_DERIV=    1.90
2025-07-11 23:49:12.761 INFO: Epoch 301: head: Default, loss=0.4782, RMSE_MU_per_atom=0.00 mDebye, RMSE_MU_DERIV=0.00 mDebye / A, RMSE_ALPHA_per_atom=    0.08, RMSE_ALPHA_DERIV=    1.94
2025-07-11 23:49:42.417 INFO: Epoch 302: head: Default, loss=0.4581, RMSE_MU_per_atom=0.00 mDebye, RMSE_MU_DERIV=0.00 mDebye / A, RMSE_ALPHA_per_atom=    0.11, RMSE_ALPHA_DERIV=    1.88
2025-07-11 23:50:12.063 INFO: Epoch 303: head: Default, loss=0.4504, RMSE_MU_per_atom=0.00 mDebye, RMSE_MU_DERIV=0.00 mDebye / A, RMSE_ALPHA_per_atom=    0.12, RMSE_ALPHA_DERIV=    1.86
2025-07-11 23:50:41.716 INFO: Epoch 304: head: Default, loss=0.4398, RMSE_MU_per_atom=0.00 mDebye, RMSE_MU_DERIV=0.00 mDebye / A, RMSE_ALPHA_per_atom=    0.08, RMSE_ALPHA_DERIV=    1.86
2025-07-11 23:51:11.369 INFO: Epoch 305: head: Default, loss=0.4483, RMSE_MU_per_atom=0.00 mDebye, RMSE_MU_DERIV=0.00 mDebye / A, RMSE_ALPHA_per_atom=    0.06, RMSE_ALPHA_DERIV=    1.89
2025-07-11 23:51:41.021 INFO: Epoch 306: head: Default, loss=0.4348, RMSE_MU_per_atom=0.00 mDebye, RMSE_MU_DERIV=0.00 mDebye / A, RMSE_ALPHA_per_atom=    0.06, RMSE_ALPHA_DERIV=    1.86
2025-07-11 23:52:10.668 INFO: Epoch 307: head: Default, loss=0.4318, RMSE_MU_per_atom=0.00 mDebye, RMSE_MU_DERIV=0.00 mDebye / A, RMSE_ALPHA_per_atom=    0.04, RMSE_ALPHA_DERIV=    1.85
2025-07-11 23:52:40.314 INFO: Epoch 308: head: Default, loss=0.4361, RMSE_MU_per_atom=0.00 mDebye, RMSE_MU_DERIV=0.00 mDebye / A, RMSE_ALPHA_per_atom=    0.06, RMSE_ALPHA_DERIV=    1.86
2025-07-11 23:53:09.959 INFO: Epoch 309: head: Default, loss=0.4307, RMSE_MU_per_atom=0.00 mDebye, RMSE_MU_DERIV=0.00 mDebye / A, RMSE_ALPHA_per_atom=    0.06, RMSE_ALPHA_DERIV=    1.85
2025-07-11 23:53:39.602 INFO: Epoch 310: head: Default, loss=0.4333, RMSE_MU_per_atom=0.00 mDebye, RMSE_MU_DERIV=0.00 mDebye / A, RMSE_ALPHA_per_atom=    0.07, RMSE_ALPHA_DERIV=    1.85
2025-07-11 23:54:09.237 INFO: Epoch 311: head: Default, loss=0.4286, RMSE_MU_per_atom=0.00 mDebye, RMSE_MU_DERIV=0.00 mDebye / A, RMSE_ALPHA_per_atom=    0.08, RMSE_ALPHA_DERIV=    1.84
2025-07-11 23:54:38.885 INFO: Epoch 312: head: Default, loss=0.4427, RMSE_MU_per_atom=0.00 mDebye, RMSE_MU_DERIV=0.00 mDebye / A, RMSE_ALPHA_per_atom=    0.09, RMSE_ALPHA_DERIV=    1.86
2025-07-11 23:55:08.528 INFO: Epoch 313: head: Default, loss=0.4439, RMSE_MU_per_atom=0.00 mDebye, RMSE_MU_DERIV=0.00 mDebye / A, RMSE_ALPHA_per_atom=    0.08, RMSE_ALPHA_DERIV=    1.87
2025-07-11 23:55:38.183 INFO: Epoch 314: head: Default, loss=0.4824, RMSE_MU_per_atom=0.00 mDebye, RMSE_MU_DERIV=0.00 mDebye / A, RMSE_ALPHA_per_atom=    0.10, RMSE_ALPHA_DERIV=    1.94
2025-07-11 23:56:07.835 INFO: Epoch 315: head: Default, loss=0.4592, RMSE_MU_per_atom=0.00 mDebye, RMSE_MU_DERIV=0.00 mDebye / A, RMSE_ALPHA_per_atom=    0.12, RMSE_ALPHA_DERIV=    1.88
2025-07-11 23:56:37.486 INFO: Epoch 316: head: Default, loss=0.4804, RMSE_MU_per_atom=0.00 mDebye, RMSE_MU_DERIV=0.00 mDebye / A, RMSE_ALPHA_per_atom=    0.13, RMSE_ALPHA_DERIV=    1.91
2025-07-11 23:57:07.140 INFO: Epoch 317: head: Default, loss=0.4571, RMSE_MU_per_atom=0.00 mDebye, RMSE_MU_DERIV=0.00 mDebye / A, RMSE_ALPHA_per_atom=    0.10, RMSE_ALPHA_DERIV=    1.89
2025-07-11 23:57:36.779 INFO: Epoch 318: head: Default, loss=0.4228, RMSE_MU_per_atom=0.00 mDebye, RMSE_MU_DERIV=0.00 mDebye / A, RMSE_ALPHA_per_atom=    0.08, RMSE_ALPHA_DERIV=    1.82
2025-07-11 23:58:06.470 INFO: Epoch 319: head: Default, loss=0.4430, RMSE_MU_per_atom=0.00 mDebye, RMSE_MU_DERIV=0.00 mDebye / A, RMSE_ALPHA_per_atom=    0.08, RMSE_ALPHA_DERIV=    1.87
2025-07-11 23:58:36.121 INFO: Epoch 320: head: Default, loss=0.4402, RMSE_MU_per_atom=0.00 mDebye, RMSE_MU_DERIV=0.00 mDebye / A, RMSE_ALPHA_per_atom=    0.06, RMSE_ALPHA_DERIV=    1.87
2025-07-11 23:59:05.752 INFO: Epoch 321: head: Default, loss=0.4550, RMSE_MU_per_atom=0.00 mDebye, RMSE_MU_DERIV=0.00 mDebye / A, RMSE_ALPHA_per_atom=    0.09, RMSE_ALPHA_DERIV=    1.89
2025-07-11 23:59:35.401 INFO: Epoch 322: head: Default, loss=0.4379, RMSE_MU_per_atom=0.00 mDebye, RMSE_MU_DERIV=0.00 mDebye / A, RMSE_ALPHA_per_atom=    0.08, RMSE_ALPHA_DERIV=    1.85
2025-07-12 00:00:05.036 INFO: Epoch 323: head: Default, loss=0.4486, RMSE_MU_per_atom=0.00 mDebye, RMSE_MU_DERIV=0.00 mDebye / A, RMSE_ALPHA_per_atom=    0.07, RMSE_ALPHA_DERIV=    1.88
2025-07-12 00:00:34.675 INFO: Epoch 324: head: Default, loss=0.4413, RMSE_MU_per_atom=0.00 mDebye, RMSE_MU_DERIV=0.00 mDebye / A, RMSE_ALPHA_per_atom=    0.10, RMSE_ALPHA_DERIV=    1.85
2025-07-12 00:01:04.316 INFO: Epoch 325: head: Default, loss=0.4265, RMSE_MU_per_atom=0.00 mDebye, RMSE_MU_DERIV=0.00 mDebye / A, RMSE_ALPHA_per_atom=    0.06, RMSE_ALPHA_DERIV=    1.84
2025-07-12 00:01:33.960 INFO: Epoch 326: head: Default, loss=0.4364, RMSE_MU_per_atom=0.00 mDebye, RMSE_MU_DERIV=0.00 mDebye / A, RMSE_ALPHA_per_atom=    0.08, RMSE_ALPHA_DERIV=    1.85
2025-07-12 00:02:03.608 INFO: Epoch 327: head: Default, loss=0.4348, RMSE_MU_per_atom=0.00 mDebye, RMSE_MU_DERIV=0.00 mDebye / A, RMSE_ALPHA_per_atom=    0.07, RMSE_ALPHA_DERIV=    1.85
2025-07-12 00:02:33.248 INFO: Epoch 328: head: Default, loss=0.4304, RMSE_MU_per_atom=0.00 mDebye, RMSE_MU_DERIV=0.00 mDebye / A, RMSE_ALPHA_per_atom=    0.06, RMSE_ALPHA_DERIV=    1.85
2025-07-12 00:03:02.890 INFO: Epoch 329: head: Default, loss=0.4356, RMSE_MU_per_atom=0.00 mDebye, RMSE_MU_DERIV=0.00 mDebye / A, RMSE_ALPHA_per_atom=    0.06, RMSE_ALPHA_DERIV=    1.86
2025-07-12 00:03:32.531 INFO: Epoch 330: head: Default, loss=0.4779, RMSE_MU_per_atom=0.00 mDebye, RMSE_MU_DERIV=0.00 mDebye / A, RMSE_ALPHA_per_atom=    0.15, RMSE_ALPHA_DERIV=    1.90
2025-07-12 00:04:02.165 INFO: Epoch 331: head: Default, loss=0.4254, RMSE_MU_per_atom=0.00 mDebye, RMSE_MU_DERIV=0.00 mDebye / A, RMSE_ALPHA_per_atom=    0.07, RMSE_ALPHA_DERIV=    1.83
2025-07-12 00:04:31.804 INFO: Epoch 332: head: Default, loss=0.4526, RMSE_MU_per_atom=0.00 mDebye, RMSE_MU_DERIV=0.00 mDebye / A, RMSE_ALPHA_per_atom=    0.08, RMSE_ALPHA_DERIV=    1.88
2025-07-12 00:05:01.433 INFO: Epoch 333: head: Default, loss=0.4372, RMSE_MU_per_atom=0.00 mDebye, RMSE_MU_DERIV=0.00 mDebye / A, RMSE_ALPHA_per_atom=    0.07, RMSE_ALPHA_DERIV=    1.86
2025-07-12 00:05:31.092 INFO: Epoch 334: head: Default, loss=0.4557, RMSE_MU_per_atom=0.00 mDebye, RMSE_MU_DERIV=0.00 mDebye / A, RMSE_ALPHA_per_atom=    0.10, RMSE_ALPHA_DERIV=    1.88
2025-07-12 00:06:00.741 INFO: Epoch 335: head: Default, loss=0.4896, RMSE_MU_per_atom=0.00 mDebye, RMSE_MU_DERIV=0.00 mDebye / A, RMSE_ALPHA_per_atom=    0.12, RMSE_ALPHA_DERIV=    1.94
2025-07-12 00:06:30.383 INFO: Epoch 336: head: Default, loss=0.4316, RMSE_MU_per_atom=0.00 mDebye, RMSE_MU_DERIV=0.00 mDebye / A, RMSE_ALPHA_per_atom=    0.10, RMSE_ALPHA_DERIV=    1.83
2025-07-12 00:07:00.031 INFO: Epoch 337: head: Default, loss=0.4619, RMSE_MU_per_atom=0.00 mDebye, RMSE_MU_DERIV=0.00 mDebye / A, RMSE_ALPHA_per_atom=    0.08, RMSE_ALPHA_DERIV=    1.91
2025-07-12 00:07:29.666 INFO: Epoch 338: head: Default, loss=0.4308, RMSE_MU_per_atom=0.00 mDebye, RMSE_MU_DERIV=0.00 mDebye / A, RMSE_ALPHA_per_atom=    0.06, RMSE_ALPHA_DERIV=    1.85
2025-07-12 00:07:59.310 INFO: Epoch 339: head: Default, loss=0.4345, RMSE_MU_per_atom=0.00 mDebye, RMSE_MU_DERIV=0.00 mDebye / A, RMSE_ALPHA_per_atom=    0.10, RMSE_ALPHA_DERIV=    1.84
2025-07-12 00:08:28.952 INFO: Epoch 340: head: Default, loss=0.4410, RMSE_MU_per_atom=0.00 mDebye, RMSE_MU_DERIV=0.00 mDebye / A, RMSE_ALPHA_per_atom=    0.06, RMSE_ALPHA_DERIV=    1.87
2025-07-12 00:08:58.588 INFO: Epoch 341: head: Default, loss=0.4303, RMSE_MU_per_atom=0.00 mDebye, RMSE_MU_DERIV=0.00 mDebye / A, RMSE_ALPHA_per_atom=    0.06, RMSE_ALPHA_DERIV=    1.85
2025-07-12 00:09:28.236 INFO: Epoch 342: head: Default, loss=0.4272, RMSE_MU_per_atom=0.00 mDebye, RMSE_MU_DERIV=0.00 mDebye / A, RMSE_ALPHA_per_atom=    0.05, RMSE_ALPHA_DERIV=    1.84
2025-07-12 00:09:57.884 INFO: Epoch 343: head: Default, loss=0.4354, RMSE_MU_per_atom=0.00 mDebye, RMSE_MU_DERIV=0.00 mDebye / A, RMSE_ALPHA_per_atom=    0.08, RMSE_ALPHA_DERIV=    1.85
2025-07-12 00:10:27.529 INFO: Epoch 344: head: Default, loss=0.4514, RMSE_MU_per_atom=0.00 mDebye, RMSE_MU_DERIV=0.00 mDebye / A, RMSE_ALPHA_per_atom=    0.10, RMSE_ALPHA_DERIV=    1.87
2025-07-12 00:10:57.181 INFO: Epoch 345: head: Default, loss=0.4299, RMSE_MU_per_atom=0.00 mDebye, RMSE_MU_DERIV=0.00 mDebye / A, RMSE_ALPHA_per_atom=    0.05, RMSE_ALPHA_DERIV=    1.85
2025-07-12 00:11:26.836 INFO: Epoch 346: head: Default, loss=0.4221, RMSE_MU_per_atom=0.00 mDebye, RMSE_MU_DERIV=0.00 mDebye / A, RMSE_ALPHA_per_atom=    0.07, RMSE_ALPHA_DERIV=    1.82
2025-07-12 00:11:56.539 INFO: Epoch 347: head: Default, loss=0.4426, RMSE_MU_per_atom=0.00 mDebye, RMSE_MU_DERIV=0.00 mDebye / A, RMSE_ALPHA_per_atom=    0.08, RMSE_ALPHA_DERIV=    1.86
2025-07-12 00:12:26.186 INFO: Epoch 348: head: Default, loss=0.4385, RMSE_MU_per_atom=0.00 mDebye, RMSE_MU_DERIV=0.00 mDebye / A, RMSE_ALPHA_per_atom=    0.08, RMSE_ALPHA_DERIV=    1.86
2025-07-12 00:12:55.826 INFO: Epoch 349: head: Default, loss=0.4610, RMSE_MU_per_atom=0.00 mDebye, RMSE_MU_DERIV=0.00 mDebye / A, RMSE_ALPHA_per_atom=    0.11, RMSE_ALPHA_DERIV=    1.89
2025-07-12 00:13:25.466 INFO: Epoch 350: head: Default, loss=0.4511, RMSE_MU_per_atom=0.00 mDebye, RMSE_MU_DERIV=0.00 mDebye / A, RMSE_ALPHA_per_atom=    0.10, RMSE_ALPHA_DERIV=    1.87
2025-07-12 00:13:55.121 INFO: Epoch 351: head: Default, loss=0.4468, RMSE_MU_per_atom=0.00 mDebye, RMSE_MU_DERIV=0.00 mDebye / A, RMSE_ALPHA_per_atom=    0.06, RMSE_ALPHA_DERIV=    1.88
2025-07-12 00:14:24.767 INFO: Epoch 352: head: Default, loss=0.4220, RMSE_MU_per_atom=0.00 mDebye, RMSE_MU_DERIV=0.00 mDebye / A, RMSE_ALPHA_per_atom=    0.04, RMSE_ALPHA_DERIV=    1.83
2025-07-12 00:14:54.462 INFO: Epoch 353: head: Default, loss=0.4686, RMSE_MU_per_atom=0.00 mDebye, RMSE_MU_DERIV=0.00 mDebye / A, RMSE_ALPHA_per_atom=    0.08, RMSE_ALPHA_DERIV=    1.92
2025-07-12 00:15:24.115 INFO: Epoch 354: head: Default, loss=0.4358, RMSE_MU_per_atom=0.00 mDebye, RMSE_MU_DERIV=0.00 mDebye / A, RMSE_ALPHA_per_atom=    0.10, RMSE_ALPHA_DERIV=    1.84
2025-07-12 00:15:53.749 INFO: Epoch 355: head: Default, loss=0.4235, RMSE_MU_per_atom=0.00 mDebye, RMSE_MU_DERIV=0.00 mDebye / A, RMSE_ALPHA_per_atom=    0.08, RMSE_ALPHA_DERIV=    1.83
2025-07-12 00:16:23.391 INFO: Epoch 356: head: Default, loss=0.4689, RMSE_MU_per_atom=0.00 mDebye, RMSE_MU_DERIV=0.00 mDebye / A, RMSE_ALPHA_per_atom=    0.11, RMSE_ALPHA_DERIV=    1.90
2025-07-12 00:16:53.042 INFO: Epoch 357: head: Default, loss=0.4312, RMSE_MU_per_atom=0.00 mDebye, RMSE_MU_DERIV=0.00 mDebye / A, RMSE_ALPHA_per_atom=    0.08, RMSE_ALPHA_DERIV=    1.84
2025-07-12 00:17:22.710 INFO: Epoch 358: head: Default, loss=0.4472, RMSE_MU_per_atom=0.00 mDebye, RMSE_MU_DERIV=0.00 mDebye / A, RMSE_ALPHA_per_atom=    0.10, RMSE_ALPHA_DERIV=    1.86
2025-07-12 00:17:52.341 INFO: Epoch 359: head: Default, loss=0.4413, RMSE_MU_per_atom=0.00 mDebye, RMSE_MU_DERIV=0.00 mDebye / A, RMSE_ALPHA_per_atom=    0.08, RMSE_ALPHA_DERIV=    1.86
2025-07-12 00:18:21.988 INFO: Epoch 360: head: Default, loss=0.4485, RMSE_MU_per_atom=0.00 mDebye, RMSE_MU_DERIV=0.00 mDebye / A, RMSE_ALPHA_per_atom=    0.11, RMSE_ALPHA_DERIV=    1.86
2025-07-12 00:18:51.634 INFO: Epoch 361: head: Default, loss=0.4403, RMSE_MU_per_atom=0.00 mDebye, RMSE_MU_DERIV=0.00 mDebye / A, RMSE_ALPHA_per_atom=    0.07, RMSE_ALPHA_DERIV=    1.86
2025-07-12 00:19:21.275 INFO: Epoch 362: head: Default, loss=0.4385, RMSE_MU_per_atom=0.00 mDebye, RMSE_MU_DERIV=0.00 mDebye / A, RMSE_ALPHA_per_atom=    0.09, RMSE_ALPHA_DERIV=    1.85
2025-07-12 00:19:50.912 INFO: Epoch 363: head: Default, loss=0.4739, RMSE_MU_per_atom=0.00 mDebye, RMSE_MU_DERIV=0.00 mDebye / A, RMSE_ALPHA_per_atom=    0.11, RMSE_ALPHA_DERIV=    1.92
2025-07-12 00:20:20.563 INFO: Epoch 364: head: Default, loss=0.4259, RMSE_MU_per_atom=0.00 mDebye, RMSE_MU_DERIV=0.00 mDebye / A, RMSE_ALPHA_per_atom=    0.07, RMSE_ALPHA_DERIV=    1.83
2025-07-12 00:20:50.199 INFO: Epoch 365: head: Default, loss=0.4364, RMSE_MU_per_atom=0.00 mDebye, RMSE_MU_DERIV=0.00 mDebye / A, RMSE_ALPHA_per_atom=    0.07, RMSE_ALPHA_DERIV=    1.85
2025-07-12 00:21:19.850 INFO: Epoch 366: head: Default, loss=0.4219, RMSE_MU_per_atom=0.00 mDebye, RMSE_MU_DERIV=0.00 mDebye / A, RMSE_ALPHA_per_atom=    0.04, RMSE_ALPHA_DERIV=    1.83
2025-07-12 00:21:49.544 INFO: Epoch 367: head: Default, loss=0.4583, RMSE_MU_per_atom=0.00 mDebye, RMSE_MU_DERIV=0.00 mDebye / A, RMSE_ALPHA_per_atom=    0.08, RMSE_ALPHA_DERIV=    1.90
2025-07-12 00:22:19.185 INFO: Epoch 368: head: Default, loss=0.4823, RMSE_MU_per_atom=0.00 mDebye, RMSE_MU_DERIV=0.00 mDebye / A, RMSE_ALPHA_per_atom=    0.16, RMSE_ALPHA_DERIV=    1.90
2025-07-12 00:22:48.817 INFO: Epoch 369: head: Default, loss=0.4582, RMSE_MU_per_atom=0.00 mDebye, RMSE_MU_DERIV=0.00 mDebye / A, RMSE_ALPHA_per_atom=    0.06, RMSE_ALPHA_DERIV=    1.90
2025-07-12 00:23:18.453 INFO: Epoch 370: head: Default, loss=0.4335, RMSE_MU_per_atom=0.00 mDebye, RMSE_MU_DERIV=0.00 mDebye / A, RMSE_ALPHA_per_atom=    0.09, RMSE_ALPHA_DERIV=    1.84
2025-07-12 00:23:48.089 INFO: Epoch 371: head: Default, loss=0.4483, RMSE_MU_per_atom=0.00 mDebye, RMSE_MU_DERIV=0.00 mDebye / A, RMSE_ALPHA_per_atom=    0.06, RMSE_ALPHA_DERIV=    1.88
2025-07-12 00:24:17.744 INFO: Epoch 372: head: Default, loss=0.4396, RMSE_MU_per_atom=0.00 mDebye, RMSE_MU_DERIV=0.00 mDebye / A, RMSE_ALPHA_per_atom=    0.08, RMSE_ALPHA_DERIV=    1.86
2025-07-12 00:24:47.392 INFO: Epoch 373: head: Default, loss=0.4432, RMSE_MU_per_atom=0.00 mDebye, RMSE_MU_DERIV=0.00 mDebye / A, RMSE_ALPHA_per_atom=    0.05, RMSE_ALPHA_DERIV=    1.88
2025-07-12 00:25:17.035 INFO: Epoch 374: head: Default, loss=0.4372, RMSE_MU_per_atom=0.00 mDebye, RMSE_MU_DERIV=0.00 mDebye / A, RMSE_ALPHA_per_atom=    0.08, RMSE_ALPHA_DERIV=    1.85
2025-07-12 00:25:46.672 INFO: Epoch 375: head: Default, loss=0.4649, RMSE_MU_per_atom=0.00 mDebye, RMSE_MU_DERIV=0.00 mDebye / A, RMSE_ALPHA_per_atom=    0.13, RMSE_ALPHA_DERIV=    1.88
2025-07-12 00:26:16.309 INFO: Epoch 376: head: Default, loss=0.4436, RMSE_MU_per_atom=0.00 mDebye, RMSE_MU_DERIV=0.00 mDebye / A, RMSE_ALPHA_per_atom=    0.09, RMSE_ALPHA_DERIV=    1.86
2025-07-12 00:26:45.964 INFO: Epoch 377: head: Default, loss=0.4501, RMSE_MU_per_atom=0.00 mDebye, RMSE_MU_DERIV=0.00 mDebye / A, RMSE_ALPHA_per_atom=    0.09, RMSE_ALPHA_DERIV=    1.88
2025-07-12 00:27:15.612 INFO: Epoch 378: head: Default, loss=0.4410, RMSE_MU_per_atom=0.00 mDebye, RMSE_MU_DERIV=0.00 mDebye / A, RMSE_ALPHA_per_atom=    0.08, RMSE_ALPHA_DERIV=    1.86
2025-07-12 00:27:45.263 INFO: Epoch 379: head: Default, loss=0.4467, RMSE_MU_per_atom=0.00 mDebye, RMSE_MU_DERIV=0.00 mDebye / A, RMSE_ALPHA_per_atom=    0.09, RMSE_ALPHA_DERIV=    1.87
2025-07-12 00:28:14.913 INFO: Epoch 380: head: Default, loss=0.4576, RMSE_MU_per_atom=0.00 mDebye, RMSE_MU_DERIV=0.00 mDebye / A, RMSE_ALPHA_per_atom=    0.10, RMSE_ALPHA_DERIV=    1.89
2025-07-12 00:28:44.552 INFO: Epoch 381: head: Default, loss=0.4443, RMSE_MU_per_atom=0.00 mDebye, RMSE_MU_DERIV=0.00 mDebye / A, RMSE_ALPHA_per_atom=    0.07, RMSE_ALPHA_DERIV=    1.87
2025-07-12 00:29:14.198 INFO: Epoch 382: head: Default, loss=0.4502, RMSE_MU_per_atom=0.00 mDebye, RMSE_MU_DERIV=0.00 mDebye / A, RMSE_ALPHA_per_atom=    0.12, RMSE_ALPHA_DERIV=    1.86
2025-07-12 00:29:43.858 INFO: Epoch 383: head: Default, loss=0.4481, RMSE_MU_per_atom=0.00 mDebye, RMSE_MU_DERIV=0.00 mDebye / A, RMSE_ALPHA_per_atom=    0.13, RMSE_ALPHA_DERIV=    1.85
2025-07-12 00:30:13.501 INFO: Epoch 384: head: Default, loss=0.4391, RMSE_MU_per_atom=0.00 mDebye, RMSE_MU_DERIV=0.00 mDebye / A, RMSE_ALPHA_per_atom=    0.08, RMSE_ALPHA_DERIV=    1.86
2025-07-12 00:30:43.144 INFO: Epoch 385: head: Default, loss=0.4371, RMSE_MU_per_atom=0.00 mDebye, RMSE_MU_DERIV=0.00 mDebye / A, RMSE_ALPHA_per_atom=    0.08, RMSE_ALPHA_DERIV=    1.85
2025-07-12 00:31:12.786 INFO: Epoch 386: head: Default, loss=0.4277, RMSE_MU_per_atom=0.00 mDebye, RMSE_MU_DERIV=0.00 mDebye / A, RMSE_ALPHA_per_atom=    0.04, RMSE_ALPHA_DERIV=    1.85
2025-07-12 00:31:42.428 INFO: Epoch 387: head: Default, loss=0.4476, RMSE_MU_per_atom=0.00 mDebye, RMSE_MU_DERIV=0.00 mDebye / A, RMSE_ALPHA_per_atom=    0.08, RMSE_ALPHA_DERIV=    1.88
2025-07-12 00:32:12.059 INFO: Epoch 388: head: Default, loss=0.4501, RMSE_MU_per_atom=0.00 mDebye, RMSE_MU_DERIV=0.00 mDebye / A, RMSE_ALPHA_per_atom=    0.08, RMSE_ALPHA_DERIV=    1.88
2025-07-12 00:32:41.694 INFO: Epoch 389: head: Default, loss=0.4511, RMSE_MU_per_atom=0.00 mDebye, RMSE_MU_DERIV=0.00 mDebye / A, RMSE_ALPHA_per_atom=    0.12, RMSE_ALPHA_DERIV=    1.86
2025-07-12 00:33:11.327 INFO: Epoch 390: head: Default, loss=0.4546, RMSE_MU_per_atom=0.00 mDebye, RMSE_MU_DERIV=0.00 mDebye / A, RMSE_ALPHA_per_atom=    0.09, RMSE_ALPHA_DERIV=    1.88
2025-07-12 00:33:40.965 INFO: Epoch 391: head: Default, loss=0.4477, RMSE_MU_per_atom=0.00 mDebye, RMSE_MU_DERIV=0.00 mDebye / A, RMSE_ALPHA_per_atom=    0.10, RMSE_ALPHA_DERIV=    1.86
2025-07-12 00:34:10.596 INFO: Epoch 392: head: Default, loss=0.4425, RMSE_MU_per_atom=0.00 mDebye, RMSE_MU_DERIV=0.00 mDebye / A, RMSE_ALPHA_per_atom=    0.05, RMSE_ALPHA_DERIV=    1.87
2025-07-12 00:34:40.239 INFO: Epoch 393: head: Default, loss=0.4490, RMSE_MU_per_atom=0.00 mDebye, RMSE_MU_DERIV=0.00 mDebye / A, RMSE_ALPHA_per_atom=    0.08, RMSE_ALPHA_DERIV=    1.88
2025-07-12 00:35:09.891 INFO: Epoch 394: head: Default, loss=0.4274, RMSE_MU_per_atom=0.00 mDebye, RMSE_MU_DERIV=0.00 mDebye / A, RMSE_ALPHA_per_atom=    0.04, RMSE_ALPHA_DERIV=    1.85
2025-07-12 00:35:39.534 INFO: Epoch 395: head: Default, loss=0.4990, RMSE_MU_per_atom=0.00 mDebye, RMSE_MU_DERIV=0.00 mDebye / A, RMSE_ALPHA_per_atom=    0.20, RMSE_ALPHA_DERIV=    1.90
2025-07-12 00:36:09.184 INFO: Epoch 396: head: Default, loss=0.4441, RMSE_MU_per_atom=0.00 mDebye, RMSE_MU_DERIV=0.00 mDebye / A, RMSE_ALPHA_per_atom=    0.08, RMSE_ALPHA_DERIV=    1.87
2025-07-12 00:36:38.834 INFO: Epoch 397: head: Default, loss=0.4490, RMSE_MU_per_atom=0.00 mDebye, RMSE_MU_DERIV=0.00 mDebye / A, RMSE_ALPHA_per_atom=    0.08, RMSE_ALPHA_DERIV=    1.88
2025-07-12 00:37:08.475 INFO: Epoch 398: head: Default, loss=0.4110, RMSE_MU_per_atom=0.00 mDebye, RMSE_MU_DERIV=0.00 mDebye / A, RMSE_ALPHA_per_atom=    0.04, RMSE_ALPHA_DERIV=    1.81
2025-07-12 00:37:38.163 INFO: Epoch 399: head: Default, loss=0.4552, RMSE_MU_per_atom=0.00 mDebye, RMSE_MU_DERIV=0.00 mDebye / A, RMSE_ALPHA_per_atom=    0.13, RMSE_ALPHA_DERIV=    1.86
2025-07-12 00:38:07.800 INFO: Epoch 400: head: Default, loss=0.4853, RMSE_MU_per_atom=0.00 mDebye, RMSE_MU_DERIV=0.00 mDebye / A, RMSE_ALPHA_per_atom=    0.05, RMSE_ALPHA_DERIV=    1.96
2025-07-12 00:38:37.427 INFO: Epoch 401: head: Default, loss=0.4391, RMSE_MU_per_atom=0.00 mDebye, RMSE_MU_DERIV=0.00 mDebye / A, RMSE_ALPHA_per_atom=    0.06, RMSE_ALPHA_DERIV=    1.86
2025-07-12 00:39:07.062 INFO: Epoch 402: head: Default, loss=0.4420, RMSE_MU_per_atom=0.00 mDebye, RMSE_MU_DERIV=0.00 mDebye / A, RMSE_ALPHA_per_atom=    0.07, RMSE_ALPHA_DERIV=    1.87
2025-07-12 00:39:36.701 INFO: Epoch 403: head: Default, loss=0.4178, RMSE_MU_per_atom=0.00 mDebye, RMSE_MU_DERIV=0.00 mDebye / A, RMSE_ALPHA_per_atom=    0.05, RMSE_ALPHA_DERIV=    1.82
2025-07-12 00:40:06.340 INFO: Epoch 404: head: Default, loss=0.4437, RMSE_MU_per_atom=0.00 mDebye, RMSE_MU_DERIV=0.00 mDebye / A, RMSE_ALPHA_per_atom=    0.07, RMSE_ALPHA_DERIV=    1.87
2025-07-12 00:40:35.968 INFO: Epoch 405: head: Default, loss=0.4460, RMSE_MU_per_atom=0.00 mDebye, RMSE_MU_DERIV=0.00 mDebye / A, RMSE_ALPHA_per_atom=    0.05, RMSE_ALPHA_DERIV=    1.88
2025-07-12 00:41:05.605 INFO: Epoch 406: head: Default, loss=0.4482, RMSE_MU_per_atom=0.00 mDebye, RMSE_MU_DERIV=0.00 mDebye / A, RMSE_ALPHA_per_atom=    0.07, RMSE_ALPHA_DERIV=    1.88
2025-07-12 00:41:35.239 INFO: Epoch 407: head: Default, loss=0.4718, RMSE_MU_per_atom=0.00 mDebye, RMSE_MU_DERIV=0.00 mDebye / A, RMSE_ALPHA_per_atom=    0.11, RMSE_ALPHA_DERIV=    1.91
2025-07-12 00:42:04.866 INFO: Epoch 408: head: Default, loss=0.4577, RMSE_MU_per_atom=0.00 mDebye, RMSE_MU_DERIV=0.00 mDebye / A, RMSE_ALPHA_per_atom=    0.11, RMSE_ALPHA_DERIV=    1.88
2025-07-12 00:42:34.488 INFO: Epoch 409: head: Default, loss=0.4381, RMSE_MU_per_atom=0.00 mDebye, RMSE_MU_DERIV=0.00 mDebye / A, RMSE_ALPHA_per_atom=    0.06, RMSE_ALPHA_DERIV=    1.86
2025-07-12 00:43:04.109 INFO: Epoch 410: head: Default, loss=0.4391, RMSE_MU_per_atom=0.00 mDebye, RMSE_MU_DERIV=0.00 mDebye / A, RMSE_ALPHA_per_atom=    0.08, RMSE_ALPHA_DERIV=    1.86
2025-07-12 00:43:33.748 INFO: Epoch 411: head: Default, loss=0.4342, RMSE_MU_per_atom=0.00 mDebye, RMSE_MU_DERIV=0.00 mDebye / A, RMSE_ALPHA_per_atom=    0.06, RMSE_ALPHA_DERIV=    1.86
2025-07-12 00:44:03.389 INFO: Epoch 412: head: Default, loss=0.4318, RMSE_MU_per_atom=0.00 mDebye, RMSE_MU_DERIV=0.00 mDebye / A, RMSE_ALPHA_per_atom=    0.09, RMSE_ALPHA_DERIV=    1.84
2025-07-12 00:44:33.026 INFO: Epoch 413: head: Default, loss=0.4327, RMSE_MU_per_atom=0.00 mDebye, RMSE_MU_DERIV=0.00 mDebye / A, RMSE_ALPHA_per_atom=    0.07, RMSE_ALPHA_DERIV=    1.85
2025-07-12 00:45:02.673 INFO: Epoch 414: head: Default, loss=0.4277, RMSE_MU_per_atom=0.00 mDebye, RMSE_MU_DERIV=0.00 mDebye / A, RMSE_ALPHA_per_atom=    0.06, RMSE_ALPHA_DERIV=    1.84
2025-07-12 00:45:32.311 INFO: Epoch 415: head: Default, loss=0.4303, RMSE_MU_per_atom=0.00 mDebye, RMSE_MU_DERIV=0.00 mDebye / A, RMSE_ALPHA_per_atom=    0.08, RMSE_ALPHA_DERIV=    1.84
2025-07-12 00:46:01.951 INFO: Epoch 416: head: Default, loss=0.4266, RMSE_MU_per_atom=0.00 mDebye, RMSE_MU_DERIV=0.00 mDebye / A, RMSE_ALPHA_per_atom=    0.05, RMSE_ALPHA_DERIV=    1.84
2025-07-12 00:46:31.586 INFO: Epoch 417: head: Default, loss=0.4335, RMSE_MU_per_atom=0.00 mDebye, RMSE_MU_DERIV=0.00 mDebye / A, RMSE_ALPHA_per_atom=    0.07, RMSE_ALPHA_DERIV=    1.85
2025-07-12 00:47:01.219 INFO: Epoch 418: head: Default, loss=0.4233, RMSE_MU_per_atom=0.00 mDebye, RMSE_MU_DERIV=0.00 mDebye / A, RMSE_ALPHA_per_atom=    0.07, RMSE_ALPHA_DERIV=    1.83
2025-07-12 00:47:30.843 INFO: Epoch 419: head: Default, loss=0.4439, RMSE_MU_per_atom=0.00 mDebye, RMSE_MU_DERIV=0.00 mDebye / A, RMSE_ALPHA_per_atom=    0.07, RMSE_ALPHA_DERIV=    1.87
2025-07-12 00:48:00.466 INFO: Epoch 420: head: Default, loss=0.4208, RMSE_MU_per_atom=0.00 mDebye, RMSE_MU_DERIV=0.00 mDebye / A, RMSE_ALPHA_per_atom=    0.05, RMSE_ALPHA_DERIV=    1.83
2025-07-12 00:48:30.102 INFO: Epoch 421: head: Default, loss=0.4268, RMSE_MU_per_atom=0.00 mDebye, RMSE_MU_DERIV=0.00 mDebye / A, RMSE_ALPHA_per_atom=    0.05, RMSE_ALPHA_DERIV=    1.84
2025-07-12 00:48:59.719 INFO: Epoch 422: head: Default, loss=0.4333, RMSE_MU_per_atom=0.00 mDebye, RMSE_MU_DERIV=0.00 mDebye / A, RMSE_ALPHA_per_atom=    0.08, RMSE_ALPHA_DERIV=    1.84
2025-07-12 00:49:29.337 INFO: Epoch 423: head: Default, loss=0.4436, RMSE_MU_per_atom=0.00 mDebye, RMSE_MU_DERIV=0.00 mDebye / A, RMSE_ALPHA_per_atom=    0.07, RMSE_ALPHA_DERIV=    1.87
2025-07-12 00:49:58.966 INFO: Epoch 424: head: Default, loss=0.4379, RMSE_MU_per_atom=0.00 mDebye, RMSE_MU_DERIV=0.00 mDebye / A, RMSE_ALPHA_per_atom=    0.07, RMSE_ALPHA_DERIV=    1.86
2025-07-12 00:50:28.581 INFO: Epoch 425: head: Default, loss=0.4314, RMSE_MU_per_atom=0.00 mDebye, RMSE_MU_DERIV=0.00 mDebye / A, RMSE_ALPHA_per_atom=    0.04, RMSE_ALPHA_DERIV=    1.85
2025-07-12 00:50:58.217 INFO: Epoch 426: head: Default, loss=0.4178, RMSE_MU_per_atom=0.00 mDebye, RMSE_MU_DERIV=0.00 mDebye / A, RMSE_ALPHA_per_atom=    0.04, RMSE_ALPHA_DERIV=    1.82
2025-07-12 00:51:27.850 INFO: Epoch 427: head: Default, loss=0.4165, RMSE_MU_per_atom=0.00 mDebye, RMSE_MU_DERIV=0.00 mDebye / A, RMSE_ALPHA_per_atom=    0.06, RMSE_ALPHA_DERIV=    1.81
2025-07-12 00:51:57.481 INFO: Epoch 428: head: Default, loss=0.4404, RMSE_MU_per_atom=0.00 mDebye, RMSE_MU_DERIV=0.00 mDebye / A, RMSE_ALPHA_per_atom=    0.08, RMSE_ALPHA_DERIV=    1.86
2025-07-12 00:52:27.105 INFO: Epoch 429: head: Default, loss=0.4959, RMSE_MU_per_atom=0.00 mDebye, RMSE_MU_DERIV=0.00 mDebye / A, RMSE_ALPHA_per_atom=    0.14, RMSE_ALPHA_DERIV=    1.94
2025-07-12 00:52:56.739 INFO: Epoch 430: head: Default, loss=0.4520, RMSE_MU_per_atom=0.00 mDebye, RMSE_MU_DERIV=0.00 mDebye / A, RMSE_ALPHA_per_atom=    0.08, RMSE_ALPHA_DERIV=    1.89
2025-07-12 00:53:26.374 INFO: Epoch 431: head: Default, loss=0.4483, RMSE_MU_per_atom=0.00 mDebye, RMSE_MU_DERIV=0.00 mDebye / A, RMSE_ALPHA_per_atom=    0.07, RMSE_ALPHA_DERIV=    1.88
2025-07-12 00:53:56.006 INFO: Epoch 432: head: Default, loss=0.5182, RMSE_MU_per_atom=0.00 mDebye, RMSE_MU_DERIV=0.00 mDebye / A, RMSE_ALPHA_per_atom=    0.17, RMSE_ALPHA_DERIV=    1.97
2025-07-12 00:54:25.629 INFO: Epoch 433: head: Default, loss=0.5566, RMSE_MU_per_atom=0.00 mDebye, RMSE_MU_DERIV=0.00 mDebye / A, RMSE_ALPHA_per_atom=    0.15, RMSE_ALPHA_DERIV=    2.06
2025-07-12 00:54:55.260 INFO: Epoch 434: head: Default, loss=0.4706, RMSE_MU_per_atom=0.00 mDebye, RMSE_MU_DERIV=0.00 mDebye / A, RMSE_ALPHA_per_atom=    0.11, RMSE_ALPHA_DERIV=    1.91
2025-07-12 00:55:24.900 INFO: Epoch 435: head: Default, loss=0.4365, RMSE_MU_per_atom=0.00 mDebye, RMSE_MU_DERIV=0.00 mDebye / A, RMSE_ALPHA_per_atom=    0.09, RMSE_ALPHA_DERIV=    1.85
2025-07-12 00:55:54.540 INFO: Epoch 436: head: Default, loss=0.4334, RMSE_MU_per_atom=0.00 mDebye, RMSE_MU_DERIV=0.00 mDebye / A, RMSE_ALPHA_per_atom=    0.08, RMSE_ALPHA_DERIV=    1.85
2025-07-12 00:56:24.167 INFO: Epoch 437: head: Default, loss=0.4506, RMSE_MU_per_atom=0.00 mDebye, RMSE_MU_DERIV=0.00 mDebye / A, RMSE_ALPHA_per_atom=    0.13, RMSE_ALPHA_DERIV=    1.85
2025-07-12 00:56:53.799 INFO: Epoch 438: head: Default, loss=0.4334, RMSE_MU_per_atom=0.00 mDebye, RMSE_MU_DERIV=0.00 mDebye / A, RMSE_ALPHA_per_atom=    0.08, RMSE_ALPHA_DERIV=    1.84
2025-07-12 00:57:23.427 INFO: Epoch 439: head: Default, loss=0.4732, RMSE_MU_per_atom=0.00 mDebye, RMSE_MU_DERIV=0.00 mDebye / A, RMSE_ALPHA_per_atom=    0.08, RMSE_ALPHA_DERIV=    1.93
2025-07-12 00:57:53.054 INFO: Epoch 440: head: Default, loss=0.4670, RMSE_MU_per_atom=0.00 mDebye, RMSE_MU_DERIV=0.00 mDebye / A, RMSE_ALPHA_per_atom=    0.13, RMSE_ALPHA_DERIV=    1.89
2025-07-12 00:58:22.678 INFO: Epoch 441: head: Default, loss=0.4427, RMSE_MU_per_atom=0.00 mDebye, RMSE_MU_DERIV=0.00 mDebye / A, RMSE_ALPHA_per_atom=    0.04, RMSE_ALPHA_DERIV=    1.88
2025-07-12 00:58:52.315 INFO: Epoch 442: head: Default, loss=0.4323, RMSE_MU_per_atom=0.00 mDebye, RMSE_MU_DERIV=0.00 mDebye / A, RMSE_ALPHA_per_atom=    0.06, RMSE_ALPHA_DERIV=    1.85
2025-07-12 00:59:21.956 INFO: Epoch 443: head: Default, loss=0.4534, RMSE_MU_per_atom=0.00 mDebye, RMSE_MU_DERIV=0.00 mDebye / A, RMSE_ALPHA_per_atom=    0.09, RMSE_ALPHA_DERIV=    1.88
2025-07-12 00:59:51.589 INFO: Epoch 444: head: Default, loss=0.4390, RMSE_MU_per_atom=0.00 mDebye, RMSE_MU_DERIV=0.00 mDebye / A, RMSE_ALPHA_per_atom=    0.07, RMSE_ALPHA_DERIV=    1.86
2025-07-12 01:00:21.219 INFO: Epoch 445: head: Default, loss=0.4425, RMSE_MU_per_atom=0.00 mDebye, RMSE_MU_DERIV=0.00 mDebye / A, RMSE_ALPHA_per_atom=    0.06, RMSE_ALPHA_DERIV=    1.87
2025-07-12 01:00:50.841 INFO: Epoch 446: head: Default, loss=0.4314, RMSE_MU_per_atom=0.00 mDebye, RMSE_MU_DERIV=0.00 mDebye / A, RMSE_ALPHA_per_atom=    0.05, RMSE_ALPHA_DERIV=    1.85
2025-07-12 01:01:20.475 INFO: Epoch 447: head: Default, loss=0.4594, RMSE_MU_per_atom=0.00 mDebye, RMSE_MU_DERIV=0.00 mDebye / A, RMSE_ALPHA_per_atom=    0.11, RMSE_ALPHA_DERIV=    1.88
2025-07-12 01:01:50.115 INFO: Epoch 448: head: Default, loss=0.4511, RMSE_MU_per_atom=0.00 mDebye, RMSE_MU_DERIV=0.00 mDebye / A, RMSE_ALPHA_per_atom=    0.10, RMSE_ALPHA_DERIV=    1.87
2025-07-12 01:02:19.747 INFO: Epoch 449: head: Default, loss=0.4794, RMSE_MU_per_atom=0.00 mDebye, RMSE_MU_DERIV=0.00 mDebye / A, RMSE_ALPHA_per_atom=    0.08, RMSE_ALPHA_DERIV=    1.94
2025-07-12 01:02:49.394 INFO: Epoch 450: head: Default, loss=0.4651, RMSE_MU_per_atom=0.00 mDebye, RMSE_MU_DERIV=0.00 mDebye / A, RMSE_ALPHA_per_atom=    0.12, RMSE_ALPHA_DERIV=    1.89
2025-07-12 01:03:19.038 INFO: Epoch 451: head: Default, loss=0.4288, RMSE_MU_per_atom=0.00 mDebye, RMSE_MU_DERIV=0.00 mDebye / A, RMSE_ALPHA_per_atom=    0.04, RMSE_ALPHA_DERIV=    1.85
2025-07-12 01:03:48.689 INFO: Epoch 452: head: Default, loss=0.4356, RMSE_MU_per_atom=0.00 mDebye, RMSE_MU_DERIV=0.00 mDebye / A, RMSE_ALPHA_per_atom=    0.05, RMSE_ALPHA_DERIV=    1.86
2025-07-12 01:04:18.347 INFO: Epoch 453: head: Default, loss=0.4279, RMSE_MU_per_atom=0.00 mDebye, RMSE_MU_DERIV=0.00 mDebye / A, RMSE_ALPHA_per_atom=    0.05, RMSE_ALPHA_DERIV=    1.84
2025-07-12 01:04:47.986 INFO: Epoch 454: head: Default, loss=0.4225, RMSE_MU_per_atom=0.00 mDebye, RMSE_MU_DERIV=0.00 mDebye / A, RMSE_ALPHA_per_atom=    0.04, RMSE_ALPHA_DERIV=    1.83
2025-07-12 01:05:17.611 INFO: Epoch 455: head: Default, loss=0.4160, RMSE_MU_per_atom=0.00 mDebye, RMSE_MU_DERIV=0.00 mDebye / A, RMSE_ALPHA_per_atom=    0.04, RMSE_ALPHA_DERIV=    1.82
2025-07-12 01:05:47.257 INFO: Epoch 456: head: Default, loss=0.4230, RMSE_MU_per_atom=0.00 mDebye, RMSE_MU_DERIV=0.00 mDebye / A, RMSE_ALPHA_per_atom=    0.06, RMSE_ALPHA_DERIV=    1.83
2025-07-12 01:06:16.890 INFO: Epoch 457: head: Default, loss=0.4162, RMSE_MU_per_atom=0.00 mDebye, RMSE_MU_DERIV=0.00 mDebye / A, RMSE_ALPHA_per_atom=    0.04, RMSE_ALPHA_DERIV=    1.82
2025-07-12 01:06:46.530 INFO: Epoch 458: head: Default, loss=0.4264, RMSE_MU_per_atom=0.00 mDebye, RMSE_MU_DERIV=0.00 mDebye / A, RMSE_ALPHA_per_atom=    0.06, RMSE_ALPHA_DERIV=    1.84
2025-07-12 01:07:16.164 INFO: Epoch 459: head: Default, loss=0.4226, RMSE_MU_per_atom=0.00 mDebye, RMSE_MU_DERIV=0.00 mDebye / A, RMSE_ALPHA_per_atom=    0.05, RMSE_ALPHA_DERIV=    1.83
2025-07-12 01:07:45.790 INFO: Epoch 460: head: Default, loss=0.4177, RMSE_MU_per_atom=0.00 mDebye, RMSE_MU_DERIV=0.00 mDebye / A, RMSE_ALPHA_per_atom=    0.04, RMSE_ALPHA_DERIV=    1.82
2025-07-12 01:08:15.432 INFO: Epoch 461: head: Default, loss=0.4284, RMSE_MU_per_atom=0.00 mDebye, RMSE_MU_DERIV=0.00 mDebye / A, RMSE_ALPHA_per_atom=    0.06, RMSE_ALPHA_DERIV=    1.84
2025-07-12 01:08:45.063 INFO: Epoch 462: head: Default, loss=0.4201, RMSE_MU_per_atom=0.00 mDebye, RMSE_MU_DERIV=0.00 mDebye / A, RMSE_ALPHA_per_atom=    0.04, RMSE_ALPHA_DERIV=    1.83
2025-07-12 01:09:14.682 INFO: Epoch 463: head: Default, loss=0.4423, RMSE_MU_per_atom=0.00 mDebye, RMSE_MU_DERIV=0.00 mDebye / A, RMSE_ALPHA_per_atom=    0.08, RMSE_ALPHA_DERIV=    1.87
2025-07-12 01:09:44.303 INFO: Epoch 464: head: Default, loss=0.4260, RMSE_MU_per_atom=0.00 mDebye, RMSE_MU_DERIV=0.00 mDebye / A, RMSE_ALPHA_per_atom=    0.04, RMSE_ALPHA_DERIV=    1.84
2025-07-12 01:10:13.920 INFO: Epoch 465: head: Default, loss=0.4278, RMSE_MU_per_atom=0.00 mDebye, RMSE_MU_DERIV=0.00 mDebye / A, RMSE_ALPHA_per_atom=    0.05, RMSE_ALPHA_DERIV=    1.84
2025-07-12 01:10:43.547 INFO: Epoch 466: head: Default, loss=0.4239, RMSE_MU_per_atom=0.00 mDebye, RMSE_MU_DERIV=0.00 mDebye / A, RMSE_ALPHA_per_atom=    0.03, RMSE_ALPHA_DERIV=    1.84
2025-07-12 01:11:13.184 INFO: Epoch 467: head: Default, loss=0.4277, RMSE_MU_per_atom=0.00 mDebye, RMSE_MU_DERIV=0.00 mDebye / A, RMSE_ALPHA_per_atom=    0.08, RMSE_ALPHA_DERIV=    1.83
2025-07-12 01:11:42.805 INFO: Epoch 468: head: Default, loss=0.4211, RMSE_MU_per_atom=0.00 mDebye, RMSE_MU_DERIV=0.00 mDebye / A, RMSE_ALPHA_per_atom=    0.04, RMSE_ALPHA_DERIV=    1.83
2025-07-12 01:12:12.434 INFO: Epoch 469: head: Default, loss=0.4209, RMSE_MU_per_atom=0.00 mDebye, RMSE_MU_DERIV=0.00 mDebye / A, RMSE_ALPHA_per_atom=    0.05, RMSE_ALPHA_DERIV=    1.83
2025-07-12 01:12:42.066 INFO: Epoch 470: head: Default, loss=0.4214, RMSE_MU_per_atom=0.00 mDebye, RMSE_MU_DERIV=0.00 mDebye / A, RMSE_ALPHA_per_atom=    0.04, RMSE_ALPHA_DERIV=    1.83
2025-07-12 01:13:11.696 INFO: Epoch 471: head: Default, loss=0.4180, RMSE_MU_per_atom=0.00 mDebye, RMSE_MU_DERIV=0.00 mDebye / A, RMSE_ALPHA_per_atom=    0.06, RMSE_ALPHA_DERIV=    1.82
2025-07-12 01:13:41.319 INFO: Epoch 472: head: Default, loss=0.4200, RMSE_MU_per_atom=0.00 mDebye, RMSE_MU_DERIV=0.00 mDebye / A, RMSE_ALPHA_per_atom=    0.04, RMSE_ALPHA_DERIV=    1.83
2025-07-12 01:14:10.950 INFO: Epoch 473: head: Default, loss=0.4333, RMSE_MU_per_atom=0.00 mDebye, RMSE_MU_DERIV=0.00 mDebye / A, RMSE_ALPHA_per_atom=    0.05, RMSE_ALPHA_DERIV=    1.85
2025-07-12 01:14:40.570 INFO: Epoch 474: head: Default, loss=0.4218, RMSE_MU_per_atom=0.00 mDebye, RMSE_MU_DERIV=0.00 mDebye / A, RMSE_ALPHA_per_atom=    0.04, RMSE_ALPHA_DERIV=    1.83
2025-07-12 01:15:10.193 INFO: Epoch 475: head: Default, loss=0.4295, RMSE_MU_per_atom=0.00 mDebye, RMSE_MU_DERIV=0.00 mDebye / A, RMSE_ALPHA_per_atom=    0.04, RMSE_ALPHA_DERIV=    1.85
2025-07-12 01:15:39.826 INFO: Epoch 476: head: Default, loss=0.4122, RMSE_MU_per_atom=0.00 mDebye, RMSE_MU_DERIV=0.00 mDebye / A, RMSE_ALPHA_per_atom=    0.03, RMSE_ALPHA_DERIV=    1.81
2025-07-12 01:16:09.451 INFO: Epoch 477: head: Default, loss=0.4168, RMSE_MU_per_atom=0.00 mDebye, RMSE_MU_DERIV=0.00 mDebye / A, RMSE_ALPHA_per_atom=    0.05, RMSE_ALPHA_DERIV=    1.82
2025-07-12 01:16:39.082 INFO: Epoch 478: head: Default, loss=0.4259, RMSE_MU_per_atom=0.00 mDebye, RMSE_MU_DERIV=0.00 mDebye / A, RMSE_ALPHA_per_atom=    0.05, RMSE_ALPHA_DERIV=    1.84
2025-07-12 01:17:08.712 INFO: Epoch 479: head: Default, loss=0.4262, RMSE_MU_per_atom=0.00 mDebye, RMSE_MU_DERIV=0.00 mDebye / A, RMSE_ALPHA_per_atom=    0.07, RMSE_ALPHA_DERIV=    1.83
2025-07-12 01:17:38.328 INFO: Epoch 480: head: Default, loss=0.4230, RMSE_MU_per_atom=0.00 mDebye, RMSE_MU_DERIV=0.00 mDebye / A, RMSE_ALPHA_per_atom=    0.04, RMSE_ALPHA_DERIV=    1.84
2025-07-12 01:18:07.952 INFO: Epoch 481: head: Default, loss=0.4269, RMSE_MU_per_atom=0.00 mDebye, RMSE_MU_DERIV=0.00 mDebye / A, RMSE_ALPHA_per_atom=    0.04, RMSE_ALPHA_DERIV=    1.84
2025-07-12 01:18:37.573 INFO: Epoch 482: head: Default, loss=0.4287, RMSE_MU_per_atom=0.00 mDebye, RMSE_MU_DERIV=0.00 mDebye / A, RMSE_ALPHA_per_atom=    0.06, RMSE_ALPHA_DERIV=    1.84
2025-07-12 01:19:07.196 INFO: Epoch 483: head: Default, loss=0.4353, RMSE_MU_per_atom=0.00 mDebye, RMSE_MU_DERIV=0.00 mDebye / A, RMSE_ALPHA_per_atom=    0.04, RMSE_ALPHA_DERIV=    1.86
2025-07-12 01:19:36.820 INFO: Epoch 484: head: Default, loss=0.4249, RMSE_MU_per_atom=0.00 mDebye, RMSE_MU_DERIV=0.00 mDebye / A, RMSE_ALPHA_per_atom=    0.04, RMSE_ALPHA_DERIV=    1.84
2025-07-12 01:20:06.457 INFO: Epoch 485: head: Default, loss=0.4251, RMSE_MU_per_atom=0.00 mDebye, RMSE_MU_DERIV=0.00 mDebye / A, RMSE_ALPHA_per_atom=    0.05, RMSE_ALPHA_DERIV=    1.84
2025-07-12 01:20:36.081 INFO: Epoch 486: head: Default, loss=0.4164, RMSE_MU_per_atom=0.00 mDebye, RMSE_MU_DERIV=0.00 mDebye / A, RMSE_ALPHA_per_atom=    0.06, RMSE_ALPHA_DERIV=    1.82
2025-07-12 01:21:05.710 INFO: Epoch 487: head: Default, loss=0.4199, RMSE_MU_per_atom=0.00 mDebye, RMSE_MU_DERIV=0.00 mDebye / A, RMSE_ALPHA_per_atom=    0.06, RMSE_ALPHA_DERIV=    1.82
2025-07-12 01:21:35.347 INFO: Epoch 488: head: Default, loss=0.4234, RMSE_MU_per_atom=0.00 mDebye, RMSE_MU_DERIV=0.00 mDebye / A, RMSE_ALPHA_per_atom=    0.08, RMSE_ALPHA_DERIV=    1.82
2025-07-12 01:22:04.976 INFO: Epoch 489: head: Default, loss=0.4192, RMSE_MU_per_atom=0.00 mDebye, RMSE_MU_DERIV=0.00 mDebye / A, RMSE_ALPHA_per_atom=    0.04, RMSE_ALPHA_DERIV=    1.83
2025-07-12 01:22:34.589 INFO: Epoch 490: head: Default, loss=0.4155, RMSE_MU_per_atom=0.00 mDebye, RMSE_MU_DERIV=0.00 mDebye / A, RMSE_ALPHA_per_atom=    0.05, RMSE_ALPHA_DERIV=    1.82
2025-07-12 01:23:04.206 INFO: Epoch 491: head: Default, loss=0.4278, RMSE_MU_per_atom=0.00 mDebye, RMSE_MU_DERIV=0.00 mDebye / A, RMSE_ALPHA_per_atom=    0.04, RMSE_ALPHA_DERIV=    1.85
2025-07-12 01:23:33.825 INFO: Epoch 492: head: Default, loss=0.4228, RMSE_MU_per_atom=0.00 mDebye, RMSE_MU_DERIV=0.00 mDebye / A, RMSE_ALPHA_per_atom=    0.04, RMSE_ALPHA_DERIV=    1.83
2025-07-12 01:24:03.440 INFO: Epoch 493: head: Default, loss=0.4217, RMSE_MU_per_atom=0.00 mDebye, RMSE_MU_DERIV=0.00 mDebye / A, RMSE_ALPHA_per_atom=    0.04, RMSE_ALPHA_DERIV=    1.83
2025-07-12 01:24:33.060 INFO: Epoch 494: head: Default, loss=0.4263, RMSE_MU_per_atom=0.00 mDebye, RMSE_MU_DERIV=0.00 mDebye / A, RMSE_ALPHA_per_atom=    0.03, RMSE_ALPHA_DERIV=    1.84
2025-07-12 01:25:02.700 INFO: Epoch 495: head: Default, loss=0.4198, RMSE_MU_per_atom=0.00 mDebye, RMSE_MU_DERIV=0.00 mDebye / A, RMSE_ALPHA_per_atom=    0.07, RMSE_ALPHA_DERIV=    1.82
2025-07-12 01:25:32.318 INFO: Epoch 496: head: Default, loss=0.4195, RMSE_MU_per_atom=0.00 mDebye, RMSE_MU_DERIV=0.00 mDebye / A, RMSE_ALPHA_per_atom=    0.04, RMSE_ALPHA_DERIV=    1.83
2025-07-12 01:26:01.940 INFO: Epoch 497: head: Default, loss=0.4187, RMSE_MU_per_atom=0.00 mDebye, RMSE_MU_DERIV=0.00 mDebye / A, RMSE_ALPHA_per_atom=    0.04, RMSE_ALPHA_DERIV=    1.83
2025-07-12 01:26:31.559 INFO: Epoch 498: head: Default, loss=0.4408, RMSE_MU_per_atom=0.00 mDebye, RMSE_MU_DERIV=0.00 mDebye / A, RMSE_ALPHA_per_atom=    0.06, RMSE_ALPHA_DERIV=    1.87
2025-07-12 01:27:01.179 INFO: Epoch 499: head: Default, loss=0.4248, RMSE_MU_per_atom=0.00 mDebye, RMSE_MU_DERIV=0.00 mDebye / A, RMSE_ALPHA_per_atom=    0.03, RMSE_ALPHA_DERIV=    1.84
2025-07-12 01:27:30.796 INFO: Epoch 500: head: Default, loss=0.4251, RMSE_MU_per_atom=0.00 mDebye, RMSE_MU_DERIV=0.00 mDebye / A, RMSE_ALPHA_per_atom=    0.08, RMSE_ALPHA_DERIV=    1.83
2025-07-12 01:28:00.412 INFO: Epoch 501: head: Default, loss=0.4212, RMSE_MU_per_atom=0.00 mDebye, RMSE_MU_DERIV=0.00 mDebye / A, RMSE_ALPHA_per_atom=    0.04, RMSE_ALPHA_DERIV=    1.83
2025-07-12 01:28:30.021 INFO: Epoch 502: head: Default, loss=0.4211, RMSE_MU_per_atom=0.00 mDebye, RMSE_MU_DERIV=0.00 mDebye / A, RMSE_ALPHA_per_atom=    0.05, RMSE_ALPHA_DERIV=    1.83
2025-07-12 01:28:59.636 INFO: Epoch 503: head: Default, loss=0.4267, RMSE_MU_per_atom=0.00 mDebye, RMSE_MU_DERIV=0.00 mDebye / A, RMSE_ALPHA_per_atom=    0.06, RMSE_ALPHA_DERIV=    1.84
2025-07-12 01:29:29.270 INFO: Epoch 504: head: Default, loss=0.4332, RMSE_MU_per_atom=0.00 mDebye, RMSE_MU_DERIV=0.00 mDebye / A, RMSE_ALPHA_per_atom=    0.05, RMSE_ALPHA_DERIV=    1.85
2025-07-12 01:29:58.905 INFO: Epoch 505: head: Default, loss=0.4216, RMSE_MU_per_atom=0.00 mDebye, RMSE_MU_DERIV=0.00 mDebye / A, RMSE_ALPHA_per_atom=    0.04, RMSE_ALPHA_DERIV=    1.83
2025-07-12 01:30:28.547 INFO: Epoch 506: head: Default, loss=0.4162, RMSE_MU_per_atom=0.00 mDebye, RMSE_MU_DERIV=0.00 mDebye / A, RMSE_ALPHA_per_atom=    0.03, RMSE_ALPHA_DERIV=    1.82
2025-07-12 01:30:58.189 INFO: Epoch 507: head: Default, loss=0.4134, RMSE_MU_per_atom=0.00 mDebye, RMSE_MU_DERIV=0.00 mDebye / A, RMSE_ALPHA_per_atom=    0.04, RMSE_ALPHA_DERIV=    1.81
2025-07-12 01:31:27.829 INFO: Epoch 508: head: Default, loss=0.4203, RMSE_MU_per_atom=0.00 mDebye, RMSE_MU_DERIV=0.00 mDebye / A, RMSE_ALPHA_per_atom=    0.04, RMSE_ALPHA_DERIV=    1.83
2025-07-12 01:31:57.460 INFO: Epoch 509: head: Default, loss=0.4211, RMSE_MU_per_atom=0.00 mDebye, RMSE_MU_DERIV=0.00 mDebye / A, RMSE_ALPHA_per_atom=    0.05, RMSE_ALPHA_DERIV=    1.83
2025-07-12 01:32:27.084 INFO: Epoch 510: head: Default, loss=0.4167, RMSE_MU_per_atom=0.00 mDebye, RMSE_MU_DERIV=0.00 mDebye / A, RMSE_ALPHA_per_atom=    0.04, RMSE_ALPHA_DERIV=    1.82
2025-07-12 01:32:56.706 INFO: Epoch 511: head: Default, loss=0.4166, RMSE_MU_per_atom=0.00 mDebye, RMSE_MU_DERIV=0.00 mDebye / A, RMSE_ALPHA_per_atom=    0.03, RMSE_ALPHA_DERIV=    1.82
2025-07-12 01:33:26.338 INFO: Epoch 512: head: Default, loss=0.4251, RMSE_MU_per_atom=0.00 mDebye, RMSE_MU_DERIV=0.00 mDebye / A, RMSE_ALPHA_per_atom=    0.07, RMSE_ALPHA_DERIV=    1.83
2025-07-12 01:33:55.983 INFO: Epoch 513: head: Default, loss=0.4332, RMSE_MU_per_atom=0.00 mDebye, RMSE_MU_DERIV=0.00 mDebye / A, RMSE_ALPHA_per_atom=    0.04, RMSE_ALPHA_DERIV=    1.86
2025-07-12 01:34:25.614 INFO: Epoch 514: head: Default, loss=0.4385, RMSE_MU_per_atom=0.00 mDebye, RMSE_MU_DERIV=0.00 mDebye / A, RMSE_ALPHA_per_atom=    0.09, RMSE_ALPHA_DERIV=    1.85
2025-07-12 01:34:55.248 INFO: Epoch 515: head: Default, loss=0.4124, RMSE_MU_per_atom=0.00 mDebye, RMSE_MU_DERIV=0.00 mDebye / A, RMSE_ALPHA_per_atom=    0.04, RMSE_ALPHA_DERIV=    1.81
2025-07-12 01:35:24.877 INFO: Epoch 516: head: Default, loss=0.4231, RMSE_MU_per_atom=0.00 mDebye, RMSE_MU_DERIV=0.00 mDebye / A, RMSE_ALPHA_per_atom=    0.06, RMSE_ALPHA_DERIV=    1.83
2025-07-12 01:35:54.506 INFO: Epoch 517: head: Default, loss=0.4197, RMSE_MU_per_atom=0.00 mDebye, RMSE_MU_DERIV=0.00 mDebye / A, RMSE_ALPHA_per_atom=    0.03, RMSE_ALPHA_DERIV=    1.83
2025-07-12 01:36:24.130 INFO: Epoch 518: head: Default, loss=0.4269, RMSE_MU_per_atom=0.00 mDebye, RMSE_MU_DERIV=0.00 mDebye / A, RMSE_ALPHA_per_atom=    0.03, RMSE_ALPHA_DERIV=    1.85
2025-07-12 01:36:53.768 INFO: Epoch 519: head: Default, loss=0.4248, RMSE_MU_per_atom=0.00 mDebye, RMSE_MU_DERIV=0.00 mDebye / A, RMSE_ALPHA_per_atom=    0.05, RMSE_ALPHA_DERIV=    1.84
2025-07-12 01:37:23.395 INFO: Epoch 520: head: Default, loss=0.4195, RMSE_MU_per_atom=0.00 mDebye, RMSE_MU_DERIV=0.00 mDebye / A, RMSE_ALPHA_per_atom=    0.03, RMSE_ALPHA_DERIV=    1.83
2025-07-12 01:37:53.021 INFO: Epoch 521: head: Default, loss=0.4141, RMSE_MU_per_atom=0.00 mDebye, RMSE_MU_DERIV=0.00 mDebye / A, RMSE_ALPHA_per_atom=    0.04, RMSE_ALPHA_DERIV=    1.82
2025-07-12 01:38:22.650 INFO: Epoch 522: head: Default, loss=0.4268, RMSE_MU_per_atom=0.00 mDebye, RMSE_MU_DERIV=0.00 mDebye / A, RMSE_ALPHA_per_atom=    0.04, RMSE_ALPHA_DERIV=    1.84
2025-07-12 01:38:52.271 INFO: Epoch 523: head: Default, loss=0.4226, RMSE_MU_per_atom=0.00 mDebye, RMSE_MU_DERIV=0.00 mDebye / A, RMSE_ALPHA_per_atom=    0.04, RMSE_ALPHA_DERIV=    1.83
2025-07-12 01:39:21.892 INFO: Epoch 524: head: Default, loss=0.4223, RMSE_MU_per_atom=0.00 mDebye, RMSE_MU_DERIV=0.00 mDebye / A, RMSE_ALPHA_per_atom=    0.03, RMSE_ALPHA_DERIV=    1.84
2025-07-12 01:39:51.525 INFO: Epoch 525: head: Default, loss=0.4152, RMSE_MU_per_atom=0.00 mDebye, RMSE_MU_DERIV=0.00 mDebye / A, RMSE_ALPHA_per_atom=    0.04, RMSE_ALPHA_DERIV=    1.82
2025-07-12 01:40:21.165 INFO: Epoch 526: head: Default, loss=0.4130, RMSE_MU_per_atom=0.00 mDebye, RMSE_MU_DERIV=0.00 mDebye / A, RMSE_ALPHA_per_atom=    0.04, RMSE_ALPHA_DERIV=    1.81
2025-07-12 01:40:50.795 INFO: Epoch 527: head: Default, loss=0.4177, RMSE_MU_per_atom=0.00 mDebye, RMSE_MU_DERIV=0.00 mDebye / A, RMSE_ALPHA_per_atom=    0.05, RMSE_ALPHA_DERIV=    1.82
2025-07-12 01:41:20.425 INFO: Epoch 528: head: Default, loss=0.4225, RMSE_MU_per_atom=0.00 mDebye, RMSE_MU_DERIV=0.00 mDebye / A, RMSE_ALPHA_per_atom=    0.04, RMSE_ALPHA_DERIV=    1.84
2025-07-12 01:41:50.056 INFO: Epoch 529: head: Default, loss=0.4186, RMSE_MU_per_atom=0.00 mDebye, RMSE_MU_DERIV=0.00 mDebye / A, RMSE_ALPHA_per_atom=    0.03, RMSE_ALPHA_DERIV=    1.83
2025-07-12 01:42:19.684 INFO: Epoch 530: head: Default, loss=0.4200, RMSE_MU_per_atom=0.00 mDebye, RMSE_MU_DERIV=0.00 mDebye / A, RMSE_ALPHA_per_atom=    0.04, RMSE_ALPHA_DERIV=    1.83
2025-07-12 01:42:49.317 INFO: Epoch 531: head: Default, loss=0.4158, RMSE_MU_per_atom=0.00 mDebye, RMSE_MU_DERIV=0.00 mDebye / A, RMSE_ALPHA_per_atom=    0.04, RMSE_ALPHA_DERIV=    1.82
2025-07-12 01:43:18.951 INFO: Epoch 532: head: Default, loss=0.4228, RMSE_MU_per_atom=0.00 mDebye, RMSE_MU_DERIV=0.00 mDebye / A, RMSE_ALPHA_per_atom=    0.04, RMSE_ALPHA_DERIV=    1.84
2025-07-12 01:43:48.580 INFO: Epoch 533: head: Default, loss=0.4210, RMSE_MU_per_atom=0.00 mDebye, RMSE_MU_DERIV=0.00 mDebye / A, RMSE_ALPHA_per_atom=    0.05, RMSE_ALPHA_DERIV=    1.83
2025-07-12 01:44:18.212 INFO: Epoch 534: head: Default, loss=0.4187, RMSE_MU_per_atom=0.00 mDebye, RMSE_MU_DERIV=0.00 mDebye / A, RMSE_ALPHA_per_atom=    0.05, RMSE_ALPHA_DERIV=    1.82
2025-07-12 01:44:47.848 INFO: Epoch 535: head: Default, loss=0.4179, RMSE_MU_per_atom=0.00 mDebye, RMSE_MU_DERIV=0.00 mDebye / A, RMSE_ALPHA_per_atom=    0.04, RMSE_ALPHA_DERIV=    1.82
2025-07-12 01:45:17.476 INFO: Epoch 536: head: Default, loss=0.4270, RMSE_MU_per_atom=0.00 mDebye, RMSE_MU_DERIV=0.00 mDebye / A, RMSE_ALPHA_per_atom=    0.04, RMSE_ALPHA_DERIV=    1.84
2025-07-12 01:45:47.092 INFO: Epoch 537: head: Default, loss=0.4215, RMSE_MU_per_atom=0.00 mDebye, RMSE_MU_DERIV=0.00 mDebye / A, RMSE_ALPHA_per_atom=    0.04, RMSE_ALPHA_DERIV=    1.83
2025-07-12 01:46:16.720 INFO: Epoch 538: head: Default, loss=0.4181, RMSE_MU_per_atom=0.00 mDebye, RMSE_MU_DERIV=0.00 mDebye / A, RMSE_ALPHA_per_atom=    0.03, RMSE_ALPHA_DERIV=    1.83
2025-07-12 01:46:46.346 INFO: Epoch 539: head: Default, loss=0.4287, RMSE_MU_per_atom=0.00 mDebye, RMSE_MU_DERIV=0.00 mDebye / A, RMSE_ALPHA_per_atom=    0.04, RMSE_ALPHA_DERIV=    1.85
2025-07-12 01:47:15.967 INFO: Epoch 540: head: Default, loss=0.4143, RMSE_MU_per_atom=0.00 mDebye, RMSE_MU_DERIV=0.00 mDebye / A, RMSE_ALPHA_per_atom=    0.04, RMSE_ALPHA_DERIV=    1.82
2025-07-12 01:47:45.590 INFO: Epoch 541: head: Default, loss=0.4179, RMSE_MU_per_atom=0.00 mDebye, RMSE_MU_DERIV=0.00 mDebye / A, RMSE_ALPHA_per_atom=    0.04, RMSE_ALPHA_DERIV=    1.82
2025-07-12 01:48:15.216 INFO: Epoch 542: head: Default, loss=0.4185, RMSE_MU_per_atom=0.00 mDebye, RMSE_MU_DERIV=0.00 mDebye / A, RMSE_ALPHA_per_atom=    0.03, RMSE_ALPHA_DERIV=    1.83
2025-07-12 01:48:44.863 INFO: Epoch 543: head: Default, loss=0.4177, RMSE_MU_per_atom=0.00 mDebye, RMSE_MU_DERIV=0.00 mDebye / A, RMSE_ALPHA_per_atom=    0.04, RMSE_ALPHA_DERIV=    1.82
2025-07-12 01:49:14.499 INFO: Epoch 544: head: Default, loss=0.4106, RMSE_MU_per_atom=0.00 mDebye, RMSE_MU_DERIV=0.00 mDebye / A, RMSE_ALPHA_per_atom=    0.05, RMSE_ALPHA_DERIV=    1.81
2025-07-12 01:49:44.184 INFO: Epoch 545: head: Default, loss=0.4198, RMSE_MU_per_atom=0.00 mDebye, RMSE_MU_DERIV=0.00 mDebye / A, RMSE_ALPHA_per_atom=    0.03, RMSE_ALPHA_DERIV=    1.83
2025-07-12 01:50:13.821 INFO: Epoch 546: head: Default, loss=0.4228, RMSE_MU_per_atom=0.00 mDebye, RMSE_MU_DERIV=0.00 mDebye / A, RMSE_ALPHA_per_atom=    0.04, RMSE_ALPHA_DERIV=    1.84
2025-07-12 01:50:43.448 INFO: Epoch 547: head: Default, loss=0.4219, RMSE_MU_per_atom=0.00 mDebye, RMSE_MU_DERIV=0.00 mDebye / A, RMSE_ALPHA_per_atom=    0.03, RMSE_ALPHA_DERIV=    1.83
2025-07-12 01:51:13.076 INFO: Epoch 548: head: Default, loss=0.4370, RMSE_MU_per_atom=0.00 mDebye, RMSE_MU_DERIV=0.00 mDebye / A, RMSE_ALPHA_per_atom=    0.08, RMSE_ALPHA_DERIV=    1.85
2025-07-12 01:51:42.694 INFO: Epoch 549: head: Default, loss=0.4365, RMSE_MU_per_atom=0.00 mDebye, RMSE_MU_DERIV=0.00 mDebye / A, RMSE_ALPHA_per_atom=    0.07, RMSE_ALPHA_DERIV=    1.85
2025-07-12 01:52:12.317 INFO: Epoch 550: head: Default, loss=0.4265, RMSE_MU_per_atom=0.00 mDebye, RMSE_MU_DERIV=0.00 mDebye / A, RMSE_ALPHA_per_atom=    0.05, RMSE_ALPHA_DERIV=    1.84
2025-07-12 01:52:41.944 INFO: Epoch 551: head: Default, loss=0.4145, RMSE_MU_per_atom=0.00 mDebye, RMSE_MU_DERIV=0.00 mDebye / A, RMSE_ALPHA_per_atom=    0.05, RMSE_ALPHA_DERIV=    1.82
2025-07-12 01:53:11.564 INFO: Epoch 552: head: Default, loss=0.4276, RMSE_MU_per_atom=0.00 mDebye, RMSE_MU_DERIV=0.00 mDebye / A, RMSE_ALPHA_per_atom=    0.03, RMSE_ALPHA_DERIV=    1.85
2025-07-12 01:53:41.185 INFO: Epoch 553: head: Default, loss=0.4300, RMSE_MU_per_atom=0.00 mDebye, RMSE_MU_DERIV=0.00 mDebye / A, RMSE_ALPHA_per_atom=    0.03, RMSE_ALPHA_DERIV=    1.85
2025-07-12 01:54:10.805 INFO: Epoch 554: head: Default, loss=0.4222, RMSE_MU_per_atom=0.00 mDebye, RMSE_MU_DERIV=0.00 mDebye / A, RMSE_ALPHA_per_atom=    0.06, RMSE_ALPHA_DERIV=    1.83
2025-07-12 01:54:40.427 INFO: Epoch 555: head: Default, loss=0.4276, RMSE_MU_per_atom=0.00 mDebye, RMSE_MU_DERIV=0.00 mDebye / A, RMSE_ALPHA_per_atom=    0.05, RMSE_ALPHA_DERIV=    1.84
2025-07-12 01:55:10.054 INFO: Epoch 556: head: Default, loss=0.4189, RMSE_MU_per_atom=0.00 mDebye, RMSE_MU_DERIV=0.00 mDebye / A, RMSE_ALPHA_per_atom=    0.04, RMSE_ALPHA_DERIV=    1.83
2025-07-12 01:55:39.678 INFO: Epoch 557: head: Default, loss=0.4179, RMSE_MU_per_atom=0.00 mDebye, RMSE_MU_DERIV=0.00 mDebye / A, RMSE_ALPHA_per_atom=    0.03, RMSE_ALPHA_DERIV=    1.83
2025-07-12 01:56:09.299 INFO: Epoch 558: head: Default, loss=0.4208, RMSE_MU_per_atom=0.00 mDebye, RMSE_MU_DERIV=0.00 mDebye / A, RMSE_ALPHA_per_atom=    0.05, RMSE_ALPHA_DERIV=    1.83
2025-07-12 01:56:38.927 INFO: Epoch 559: head: Default, loss=0.4348, RMSE_MU_per_atom=0.00 mDebye, RMSE_MU_DERIV=0.00 mDebye / A, RMSE_ALPHA_per_atom=    0.04, RMSE_ALPHA_DERIV=    1.86
2025-07-12 01:57:08.550 INFO: Epoch 560: head: Default, loss=0.4221, RMSE_MU_per_atom=0.00 mDebye, RMSE_MU_DERIV=0.00 mDebye / A, RMSE_ALPHA_per_atom=    0.04, RMSE_ALPHA_DERIV=    1.83
2025-07-12 01:57:38.168 INFO: Epoch 561: head: Default, loss=0.4316, RMSE_MU_per_atom=0.00 mDebye, RMSE_MU_DERIV=0.00 mDebye / A, RMSE_ALPHA_per_atom=    0.07, RMSE_ALPHA_DERIV=    1.85
2025-07-12 01:58:07.788 INFO: Epoch 562: head: Default, loss=0.4210, RMSE_MU_per_atom=0.00 mDebye, RMSE_MU_DERIV=0.00 mDebye / A, RMSE_ALPHA_per_atom=    0.05, RMSE_ALPHA_DERIV=    1.83
2025-07-12 01:58:37.433 INFO: Epoch 563: head: Default, loss=0.4200, RMSE_MU_per_atom=0.00 mDebye, RMSE_MU_DERIV=0.00 mDebye / A, RMSE_ALPHA_per_atom=    0.04, RMSE_ALPHA_DERIV=    1.83
2025-07-12 01:59:07.069 INFO: Epoch 564: head: Default, loss=0.4251, RMSE_MU_per_atom=0.00 mDebye, RMSE_MU_DERIV=0.00 mDebye / A, RMSE_ALPHA_per_atom=    0.03, RMSE_ALPHA_DERIV=    1.84
2025-07-12 01:59:36.702 INFO: Epoch 565: head: Default, loss=0.4267, RMSE_MU_per_atom=0.00 mDebye, RMSE_MU_DERIV=0.00 mDebye / A, RMSE_ALPHA_per_atom=    0.05, RMSE_ALPHA_DERIV=    1.84
2025-07-12 02:00:06.342 INFO: Epoch 566: head: Default, loss=0.4201, RMSE_MU_per_atom=0.00 mDebye, RMSE_MU_DERIV=0.00 mDebye / A, RMSE_ALPHA_per_atom=    0.04, RMSE_ALPHA_DERIV=    1.83
2025-07-12 02:00:35.970 INFO: Epoch 567: head: Default, loss=0.4348, RMSE_MU_per_atom=0.00 mDebye, RMSE_MU_DERIV=0.00 mDebye / A, RMSE_ALPHA_per_atom=    0.03, RMSE_ALPHA_DERIV=    1.86
2025-07-12 02:01:05.600 INFO: Epoch 568: head: Default, loss=0.4175, RMSE_MU_per_atom=0.00 mDebye, RMSE_MU_DERIV=0.00 mDebye / A, RMSE_ALPHA_per_atom=    0.04, RMSE_ALPHA_DERIV=    1.82
2025-07-12 02:01:35.222 INFO: Epoch 569: head: Default, loss=0.4220, RMSE_MU_per_atom=0.00 mDebye, RMSE_MU_DERIV=0.00 mDebye / A, RMSE_ALPHA_per_atom=    0.04, RMSE_ALPHA_DERIV=    1.83
2025-07-12 02:02:04.851 INFO: Epoch 570: head: Default, loss=0.4253, RMSE_MU_per_atom=0.00 mDebye, RMSE_MU_DERIV=0.00 mDebye / A, RMSE_ALPHA_per_atom=    0.04, RMSE_ALPHA_DERIV=    1.84
2025-07-12 02:02:34.492 INFO: Epoch 571: head: Default, loss=0.4222, RMSE_MU_per_atom=0.00 mDebye, RMSE_MU_DERIV=0.00 mDebye / A, RMSE_ALPHA_per_atom=    0.06, RMSE_ALPHA_DERIV=    1.83
2025-07-12 02:03:04.132 INFO: Epoch 572: head: Default, loss=0.4190, RMSE_MU_per_atom=0.00 mDebye, RMSE_MU_DERIV=0.00 mDebye / A, RMSE_ALPHA_per_atom=    0.03, RMSE_ALPHA_DERIV=    1.83
2025-07-12 02:03:33.767 INFO: Epoch 573: head: Default, loss=0.4252, RMSE_MU_per_atom=0.00 mDebye, RMSE_MU_DERIV=0.00 mDebye / A, RMSE_ALPHA_per_atom=    0.04, RMSE_ALPHA_DERIV=    1.84
2025-07-12 02:04:03.391 INFO: Epoch 574: head: Default, loss=0.4215, RMSE_MU_per_atom=0.00 mDebye, RMSE_MU_DERIV=0.00 mDebye / A, RMSE_ALPHA_per_atom=    0.04, RMSE_ALPHA_DERIV=    1.83
2025-07-12 02:04:33.032 INFO: Epoch 575: head: Default, loss=0.4130, RMSE_MU_per_atom=0.00 mDebye, RMSE_MU_DERIV=0.00 mDebye / A, RMSE_ALPHA_per_atom=    0.03, RMSE_ALPHA_DERIV=    1.81
2025-07-12 02:05:02.662 INFO: Epoch 576: head: Default, loss=0.4182, RMSE_MU_per_atom=0.00 mDebye, RMSE_MU_DERIV=0.00 mDebye / A, RMSE_ALPHA_per_atom=    0.03, RMSE_ALPHA_DERIV=    1.83
2025-07-12 02:05:32.289 INFO: Epoch 577: head: Default, loss=0.4216, RMSE_MU_per_atom=0.00 mDebye, RMSE_MU_DERIV=0.00 mDebye / A, RMSE_ALPHA_per_atom=    0.04, RMSE_ALPHA_DERIV=    1.83
2025-07-12 02:06:01.913 INFO: Epoch 578: head: Default, loss=0.4164, RMSE_MU_per_atom=0.00 mDebye, RMSE_MU_DERIV=0.00 mDebye / A, RMSE_ALPHA_per_atom=    0.03, RMSE_ALPHA_DERIV=    1.82
2025-07-12 02:06:31.546 INFO: Epoch 579: head: Default, loss=0.4312, RMSE_MU_per_atom=0.00 mDebye, RMSE_MU_DERIV=0.00 mDebye / A, RMSE_ALPHA_per_atom=    0.07, RMSE_ALPHA_DERIV=    1.84
2025-07-12 02:07:01.186 INFO: Epoch 580: head: Default, loss=0.4156, RMSE_MU_per_atom=0.00 mDebye, RMSE_MU_DERIV=0.00 mDebye / A, RMSE_ALPHA_per_atom=    0.04, RMSE_ALPHA_DERIV=    1.82
2025-07-12 02:07:30.819 INFO: Epoch 581: head: Default, loss=0.4197, RMSE_MU_per_atom=0.00 mDebye, RMSE_MU_DERIV=0.00 mDebye / A, RMSE_ALPHA_per_atom=    0.04, RMSE_ALPHA_DERIV=    1.83
2025-07-12 02:08:00.441 INFO: Epoch 582: head: Default, loss=0.4270, RMSE_MU_per_atom=0.00 mDebye, RMSE_MU_DERIV=0.00 mDebye / A, RMSE_ALPHA_per_atom=    0.04, RMSE_ALPHA_DERIV=    1.84
2025-07-12 02:08:30.062 INFO: Epoch 583: head: Default, loss=0.4204, RMSE_MU_per_atom=0.00 mDebye, RMSE_MU_DERIV=0.00 mDebye / A, RMSE_ALPHA_per_atom=    0.04, RMSE_ALPHA_DERIV=    1.83
2025-07-12 02:08:59.680 INFO: Epoch 584: head: Default, loss=0.4261, RMSE_MU_per_atom=0.00 mDebye, RMSE_MU_DERIV=0.00 mDebye / A, RMSE_ALPHA_per_atom=    0.05, RMSE_ALPHA_DERIV=    1.84
2025-07-12 02:09:29.313 INFO: Epoch 585: head: Default, loss=0.4213, RMSE_MU_per_atom=0.00 mDebye, RMSE_MU_DERIV=0.00 mDebye / A, RMSE_ALPHA_per_atom=    0.03, RMSE_ALPHA_DERIV=    1.83
2025-07-12 02:09:58.962 INFO: Epoch 586: head: Default, loss=0.4177, RMSE_MU_per_atom=0.00 mDebye, RMSE_MU_DERIV=0.00 mDebye / A, RMSE_ALPHA_per_atom=    0.05, RMSE_ALPHA_DERIV=    1.82
2025-07-12 02:10:28.598 INFO: Epoch 587: head: Default, loss=0.4141, RMSE_MU_per_atom=0.00 mDebye, RMSE_MU_DERIV=0.00 mDebye / A, RMSE_ALPHA_per_atom=    0.04, RMSE_ALPHA_DERIV=    1.82
2025-07-12 02:10:58.230 INFO: Epoch 588: head: Default, loss=0.4174, RMSE_MU_per_atom=0.00 mDebye, RMSE_MU_DERIV=0.00 mDebye / A, RMSE_ALPHA_per_atom=    0.03, RMSE_ALPHA_DERIV=    1.82
2025-07-12 02:11:27.866 INFO: Epoch 589: head: Default, loss=0.4160, RMSE_MU_per_atom=0.00 mDebye, RMSE_MU_DERIV=0.00 mDebye / A, RMSE_ALPHA_per_atom=    0.03, RMSE_ALPHA_DERIV=    1.82
2025-07-12 02:11:57.492 INFO: Epoch 590: head: Default, loss=0.4188, RMSE_MU_per_atom=0.00 mDebye, RMSE_MU_DERIV=0.00 mDebye / A, RMSE_ALPHA_per_atom=    0.04, RMSE_ALPHA_DERIV=    1.83
2025-07-12 02:12:27.110 INFO: Epoch 591: head: Default, loss=0.4256, RMSE_MU_per_atom=0.00 mDebye, RMSE_MU_DERIV=0.00 mDebye / A, RMSE_ALPHA_per_atom=    0.05, RMSE_ALPHA_DERIV=    1.84
2025-07-12 02:12:56.731 INFO: Epoch 592: head: Default, loss=0.4321, RMSE_MU_per_atom=0.00 mDebye, RMSE_MU_DERIV=0.00 mDebye / A, RMSE_ALPHA_per_atom=    0.06, RMSE_ALPHA_DERIV=    1.85
2025-07-12 02:13:26.350 INFO: Epoch 593: head: Default, loss=0.4258, RMSE_MU_per_atom=0.00 mDebye, RMSE_MU_DERIV=0.00 mDebye / A, RMSE_ALPHA_per_atom=    0.04, RMSE_ALPHA_DERIV=    1.84
2025-07-12 02:13:55.979 INFO: Epoch 594: head: Default, loss=0.4268, RMSE_MU_per_atom=0.00 mDebye, RMSE_MU_DERIV=0.00 mDebye / A, RMSE_ALPHA_per_atom=    0.05, RMSE_ALPHA_DERIV=    1.84
2025-07-12 02:14:25.617 INFO: Epoch 595: head: Default, loss=0.4286, RMSE_MU_per_atom=0.00 mDebye, RMSE_MU_DERIV=0.00 mDebye / A, RMSE_ALPHA_per_atom=    0.04, RMSE_ALPHA_DERIV=    1.85
2025-07-12 02:14:55.244 INFO: Epoch 596: head: Default, loss=0.4192, RMSE_MU_per_atom=0.00 mDebye, RMSE_MU_DERIV=0.00 mDebye / A, RMSE_ALPHA_per_atom=    0.03, RMSE_ALPHA_DERIV=    1.83
2025-07-12 02:15:24.876 INFO: Epoch 597: head: Default, loss=0.4251, RMSE_MU_per_atom=0.00 mDebye, RMSE_MU_DERIV=0.00 mDebye / A, RMSE_ALPHA_per_atom=    0.05, RMSE_ALPHA_DERIV=    1.84
2025-07-12 02:15:54.509 INFO: Epoch 598: head: Default, loss=0.4112, RMSE_MU_per_atom=0.00 mDebye, RMSE_MU_DERIV=0.00 mDebye / A, RMSE_ALPHA_per_atom=    0.03, RMSE_ALPHA_DERIV=    1.81
2025-07-12 02:16:24.145 INFO: Epoch 599: head: Default, loss=0.4132, RMSE_MU_per_atom=0.00 mDebye, RMSE_MU_DERIV=0.00 mDebye / A, RMSE_ALPHA_per_atom=    0.03, RMSE_ALPHA_DERIV=    1.82
2025-07-12 02:16:53.774 INFO: Epoch 600: head: Default, loss=0.4164, RMSE_MU_per_atom=0.00 mDebye, RMSE_MU_DERIV=0.00 mDebye / A, RMSE_ALPHA_per_atom=    0.03, RMSE_ALPHA_DERIV=    1.82
2025-07-12 02:17:23.418 INFO: Epoch 601: head: Default, loss=0.4201, RMSE_MU_per_atom=0.00 mDebye, RMSE_MU_DERIV=0.00 mDebye / A, RMSE_ALPHA_per_atom=    0.04, RMSE_ALPHA_DERIV=    1.83
2025-07-12 02:17:53.047 INFO: Epoch 602: head: Default, loss=0.4165, RMSE_MU_per_atom=0.00 mDebye, RMSE_MU_DERIV=0.00 mDebye / A, RMSE_ALPHA_per_atom=    0.04, RMSE_ALPHA_DERIV=    1.82
2025-07-12 02:18:22.667 INFO: Epoch 603: head: Default, loss=0.4152, RMSE_MU_per_atom=0.00 mDebye, RMSE_MU_DERIV=0.00 mDebye / A, RMSE_ALPHA_per_atom=    0.04, RMSE_ALPHA_DERIV=    1.82
2025-07-12 02:18:52.302 INFO: Epoch 604: head: Default, loss=0.4224, RMSE_MU_per_atom=0.00 mDebye, RMSE_MU_DERIV=0.00 mDebye / A, RMSE_ALPHA_per_atom=    0.04, RMSE_ALPHA_DERIV=    1.83
2025-07-12 02:19:21.944 INFO: Epoch 605: head: Default, loss=0.4110, RMSE_MU_per_atom=0.00 mDebye, RMSE_MU_DERIV=0.00 mDebye / A, RMSE_ALPHA_per_atom=    0.04, RMSE_ALPHA_DERIV=    1.81
2025-07-12 02:19:51.563 INFO: Epoch 606: head: Default, loss=0.4248, RMSE_MU_per_atom=0.00 mDebye, RMSE_MU_DERIV=0.00 mDebye / A, RMSE_ALPHA_per_atom=    0.05, RMSE_ALPHA_DERIV=    1.84
2025-07-12 02:20:21.188 INFO: Epoch 607: head: Default, loss=0.4198, RMSE_MU_per_atom=0.00 mDebye, RMSE_MU_DERIV=0.00 mDebye / A, RMSE_ALPHA_per_atom=    0.03, RMSE_ALPHA_DERIV=    1.83
2025-07-12 02:20:50.820 INFO: Epoch 608: head: Default, loss=0.4176, RMSE_MU_per_atom=0.00 mDebye, RMSE_MU_DERIV=0.00 mDebye / A, RMSE_ALPHA_per_atom=    0.04, RMSE_ALPHA_DERIV=    1.82
2025-07-12 02:21:20.449 INFO: Epoch 609: head: Default, loss=0.4205, RMSE_MU_per_atom=0.00 mDebye, RMSE_MU_DERIV=0.00 mDebye / A, RMSE_ALPHA_per_atom=    0.04, RMSE_ALPHA_DERIV=    1.83
2025-07-12 02:21:50.069 INFO: Epoch 610: head: Default, loss=0.4220, RMSE_MU_per_atom=0.00 mDebye, RMSE_MU_DERIV=0.00 mDebye / A, RMSE_ALPHA_per_atom=    0.05, RMSE_ALPHA_DERIV=    1.83
2025-07-12 02:22:19.697 INFO: Epoch 611: head: Default, loss=0.4178, RMSE_MU_per_atom=0.00 mDebye, RMSE_MU_DERIV=0.00 mDebye / A, RMSE_ALPHA_per_atom=    0.03, RMSE_ALPHA_DERIV=    1.83
2025-07-12 02:22:49.316 INFO: Epoch 612: head: Default, loss=0.4217, RMSE_MU_per_atom=0.00 mDebye, RMSE_MU_DERIV=0.00 mDebye / A, RMSE_ALPHA_per_atom=    0.04, RMSE_ALPHA_DERIV=    1.83
2025-07-12 02:23:18.932 INFO: Epoch 613: head: Default, loss=0.4186, RMSE_MU_per_atom=0.00 mDebye, RMSE_MU_DERIV=0.00 mDebye / A, RMSE_ALPHA_per_atom=    0.03, RMSE_ALPHA_DERIV=    1.83
2025-07-12 02:23:48.551 INFO: Epoch 614: head: Default, loss=0.4135, RMSE_MU_per_atom=0.00 mDebye, RMSE_MU_DERIV=0.00 mDebye / A, RMSE_ALPHA_per_atom=    0.03, RMSE_ALPHA_DERIV=    1.82
2025-07-12 02:24:18.177 INFO: Epoch 615: head: Default, loss=0.4244, RMSE_MU_per_atom=0.00 mDebye, RMSE_MU_DERIV=0.00 mDebye / A, RMSE_ALPHA_per_atom=    0.03, RMSE_ALPHA_DERIV=    1.84
2025-07-12 02:24:47.806 INFO: Epoch 616: head: Default, loss=0.4199, RMSE_MU_per_atom=0.00 mDebye, RMSE_MU_DERIV=0.00 mDebye / A, RMSE_ALPHA_per_atom=    0.04, RMSE_ALPHA_DERIV=    1.83
2025-07-12 02:25:17.441 INFO: Epoch 617: head: Default, loss=0.4135, RMSE_MU_per_atom=0.00 mDebye, RMSE_MU_DERIV=0.00 mDebye / A, RMSE_ALPHA_per_atom=    0.04, RMSE_ALPHA_DERIV=    1.82
2025-07-12 02:25:47.066 INFO: Epoch 618: head: Default, loss=0.4095, RMSE_MU_per_atom=0.00 mDebye, RMSE_MU_DERIV=0.00 mDebye / A, RMSE_ALPHA_per_atom=    0.03, RMSE_ALPHA_DERIV=    1.81
2025-07-12 02:26:16.732 INFO: Epoch 619: head: Default, loss=0.4148, RMSE_MU_per_atom=0.00 mDebye, RMSE_MU_DERIV=0.00 mDebye / A, RMSE_ALPHA_per_atom=    0.03, RMSE_ALPHA_DERIV=    1.82
2025-07-12 02:26:46.359 INFO: Epoch 620: head: Default, loss=0.4195, RMSE_MU_per_atom=0.00 mDebye, RMSE_MU_DERIV=0.00 mDebye / A, RMSE_ALPHA_per_atom=    0.03, RMSE_ALPHA_DERIV=    1.83
2025-07-12 02:27:15.988 INFO: Epoch 621: head: Default, loss=0.4187, RMSE_MU_per_atom=0.00 mDebye, RMSE_MU_DERIV=0.00 mDebye / A, RMSE_ALPHA_per_atom=    0.03, RMSE_ALPHA_DERIV=    1.83
2025-07-12 02:27:45.610 INFO: Epoch 622: head: Default, loss=0.4113, RMSE_MU_per_atom=0.00 mDebye, RMSE_MU_DERIV=0.00 mDebye / A, RMSE_ALPHA_per_atom=    0.04, RMSE_ALPHA_DERIV=    1.81
2025-07-12 02:28:15.237 INFO: Epoch 623: head: Default, loss=0.4200, RMSE_MU_per_atom=0.00 mDebye, RMSE_MU_DERIV=0.00 mDebye / A, RMSE_ALPHA_per_atom=    0.03, RMSE_ALPHA_DERIV=    1.83
2025-07-12 02:28:44.876 INFO: Epoch 624: head: Default, loss=0.4205, RMSE_MU_per_atom=0.00 mDebye, RMSE_MU_DERIV=0.00 mDebye / A, RMSE_ALPHA_per_atom=    0.03, RMSE_ALPHA_DERIV=    1.83
2025-07-12 02:29:14.489 INFO: Epoch 625: head: Default, loss=0.4165, RMSE_MU_per_atom=0.00 mDebye, RMSE_MU_DERIV=0.00 mDebye / A, RMSE_ALPHA_per_atom=    0.04, RMSE_ALPHA_DERIV=    1.82
2025-07-12 02:29:44.115 INFO: Epoch 626: head: Default, loss=0.4271, RMSE_MU_per_atom=0.00 mDebye, RMSE_MU_DERIV=0.00 mDebye / A, RMSE_ALPHA_per_atom=    0.04, RMSE_ALPHA_DERIV=    1.84
2025-07-12 02:30:13.727 INFO: Epoch 627: head: Default, loss=0.4144, RMSE_MU_per_atom=0.00 mDebye, RMSE_MU_DERIV=0.00 mDebye / A, RMSE_ALPHA_per_atom=    0.03, RMSE_ALPHA_DERIV=    1.82
2025-07-12 02:30:43.322 INFO: Epoch 628: head: Default, loss=0.4219, RMSE_MU_per_atom=0.00 mDebye, RMSE_MU_DERIV=0.00 mDebye / A, RMSE_ALPHA_per_atom=    0.03, RMSE_ALPHA_DERIV=    1.83
2025-07-12 02:31:12.938 INFO: Epoch 629: head: Default, loss=0.4152, RMSE_MU_per_atom=0.00 mDebye, RMSE_MU_DERIV=0.00 mDebye / A, RMSE_ALPHA_per_atom=    0.03, RMSE_ALPHA_DERIV=    1.82
2025-07-12 02:31:42.563 INFO: Epoch 630: head: Default, loss=0.4162, RMSE_MU_per_atom=0.00 mDebye, RMSE_MU_DERIV=0.00 mDebye / A, RMSE_ALPHA_per_atom=    0.03, RMSE_ALPHA_DERIV=    1.82
2025-07-12 02:32:12.187 INFO: Epoch 631: head: Default, loss=0.4181, RMSE_MU_per_atom=0.00 mDebye, RMSE_MU_DERIV=0.00 mDebye / A, RMSE_ALPHA_per_atom=    0.03, RMSE_ALPHA_DERIV=    1.83
2025-07-12 02:32:41.793 INFO: Epoch 632: head: Default, loss=0.4172, RMSE_MU_per_atom=0.00 mDebye, RMSE_MU_DERIV=0.00 mDebye / A, RMSE_ALPHA_per_atom=    0.04, RMSE_ALPHA_DERIV=    1.82
2025-07-12 02:33:11.412 INFO: Epoch 633: head: Default, loss=0.4144, RMSE_MU_per_atom=0.00 mDebye, RMSE_MU_DERIV=0.00 mDebye / A, RMSE_ALPHA_per_atom=    0.03, RMSE_ALPHA_DERIV=    1.82
2025-07-12 02:33:41.036 INFO: Epoch 634: head: Default, loss=0.4214, RMSE_MU_per_atom=0.00 mDebye, RMSE_MU_DERIV=0.00 mDebye / A, RMSE_ALPHA_per_atom=    0.06, RMSE_ALPHA_DERIV=    1.83
2025-07-12 02:34:10.657 INFO: Epoch 635: head: Default, loss=0.4259, RMSE_MU_per_atom=0.00 mDebye, RMSE_MU_DERIV=0.00 mDebye / A, RMSE_ALPHA_per_atom=    0.04, RMSE_ALPHA_DERIV=    1.84
2025-07-12 02:34:40.299 INFO: Epoch 636: head: Default, loss=0.4162, RMSE_MU_per_atom=0.00 mDebye, RMSE_MU_DERIV=0.00 mDebye / A, RMSE_ALPHA_per_atom=    0.03, RMSE_ALPHA_DERIV=    1.82
2025-07-12 02:35:09.936 INFO: Epoch 637: head: Default, loss=0.4244, RMSE_MU_per_atom=0.00 mDebye, RMSE_MU_DERIV=0.00 mDebye / A, RMSE_ALPHA_per_atom=    0.03, RMSE_ALPHA_DERIV=    1.84
2025-07-12 02:35:39.572 INFO: Epoch 638: head: Default, loss=0.4144, RMSE_MU_per_atom=0.00 mDebye, RMSE_MU_DERIV=0.00 mDebye / A, RMSE_ALPHA_per_atom=    0.03, RMSE_ALPHA_DERIV=    1.82
2025-07-12 02:36:09.199 INFO: Epoch 639: head: Default, loss=0.4098, RMSE_MU_per_atom=0.00 mDebye, RMSE_MU_DERIV=0.00 mDebye / A, RMSE_ALPHA_per_atom=    0.03, RMSE_ALPHA_DERIV=    1.81
2025-07-12 02:36:38.838 INFO: Epoch 640: head: Default, loss=0.4158, RMSE_MU_per_atom=0.00 mDebye, RMSE_MU_DERIV=0.00 mDebye / A, RMSE_ALPHA_per_atom=    0.03, RMSE_ALPHA_DERIV=    1.82
2025-07-12 02:37:08.458 INFO: Epoch 641: head: Default, loss=0.4139, RMSE_MU_per_atom=0.00 mDebye, RMSE_MU_DERIV=0.00 mDebye / A, RMSE_ALPHA_per_atom=    0.04, RMSE_ALPHA_DERIV=    1.82
2025-07-12 02:37:38.076 INFO: Epoch 642: head: Default, loss=0.4181, RMSE_MU_per_atom=0.00 mDebye, RMSE_MU_DERIV=0.00 mDebye / A, RMSE_ALPHA_per_atom=    0.04, RMSE_ALPHA_DERIV=    1.82
2025-07-12 02:38:07.697 INFO: Epoch 643: head: Default, loss=0.4202, RMSE_MU_per_atom=0.00 mDebye, RMSE_MU_DERIV=0.00 mDebye / A, RMSE_ALPHA_per_atom=    0.04, RMSE_ALPHA_DERIV=    1.83
2025-07-12 02:38:37.320 INFO: Epoch 644: head: Default, loss=0.4150, RMSE_MU_per_atom=0.00 mDebye, RMSE_MU_DERIV=0.00 mDebye / A, RMSE_ALPHA_per_atom=    0.03, RMSE_ALPHA_DERIV=    1.82
2025-07-12 02:39:06.943 INFO: Epoch 645: head: Default, loss=0.4168, RMSE_MU_per_atom=0.00 mDebye, RMSE_MU_DERIV=0.00 mDebye / A, RMSE_ALPHA_per_atom=    0.03, RMSE_ALPHA_DERIV=    1.82
2025-07-12 02:39:36.564 INFO: Epoch 646: head: Default, loss=0.4112, RMSE_MU_per_atom=0.00 mDebye, RMSE_MU_DERIV=0.00 mDebye / A, RMSE_ALPHA_per_atom=    0.03, RMSE_ALPHA_DERIV=    1.81
2025-07-12 02:40:06.182 INFO: Epoch 647: head: Default, loss=0.4125, RMSE_MU_per_atom=0.00 mDebye, RMSE_MU_DERIV=0.00 mDebye / A, RMSE_ALPHA_per_atom=    0.03, RMSE_ALPHA_DERIV=    1.81
2025-07-12 02:40:35.801 INFO: Epoch 648: head: Default, loss=0.4136, RMSE_MU_per_atom=0.00 mDebye, RMSE_MU_DERIV=0.00 mDebye / A, RMSE_ALPHA_per_atom=    0.03, RMSE_ALPHA_DERIV=    1.82
2025-07-12 02:41:05.419 INFO: Epoch 649: head: Default, loss=0.4152, RMSE_MU_per_atom=0.00 mDebye, RMSE_MU_DERIV=0.00 mDebye / A, RMSE_ALPHA_per_atom=    0.04, RMSE_ALPHA_DERIV=    1.82
2025-07-12 02:41:35.053 INFO: Epoch 650: head: Default, loss=0.4181, RMSE_MU_per_atom=0.00 mDebye, RMSE_MU_DERIV=0.00 mDebye / A, RMSE_ALPHA_per_atom=    0.03, RMSE_ALPHA_DERIV=    1.83
2025-07-12 02:42:04.692 INFO: Epoch 651: head: Default, loss=0.4151, RMSE_MU_per_atom=0.00 mDebye, RMSE_MU_DERIV=0.00 mDebye / A, RMSE_ALPHA_per_atom=    0.03, RMSE_ALPHA_DERIV=    1.82
2025-07-12 02:42:34.316 INFO: Epoch 652: head: Default, loss=0.4092, RMSE_MU_per_atom=0.00 mDebye, RMSE_MU_DERIV=0.00 mDebye / A, RMSE_ALPHA_per_atom=    0.03, RMSE_ALPHA_DERIV=    1.81
2025-07-12 02:43:03.984 INFO: Epoch 653: head: Default, loss=0.4164, RMSE_MU_per_atom=0.00 mDebye, RMSE_MU_DERIV=0.00 mDebye / A, RMSE_ALPHA_per_atom=    0.04, RMSE_ALPHA_DERIV=    1.82
2025-07-12 02:43:33.608 INFO: Epoch 654: head: Default, loss=0.4174, RMSE_MU_per_atom=0.00 mDebye, RMSE_MU_DERIV=0.00 mDebye / A, RMSE_ALPHA_per_atom=    0.04, RMSE_ALPHA_DERIV=    1.82
2025-07-12 02:44:03.240 INFO: Epoch 655: head: Default, loss=0.4185, RMSE_MU_per_atom=0.00 mDebye, RMSE_MU_DERIV=0.00 mDebye / A, RMSE_ALPHA_per_atom=    0.03, RMSE_ALPHA_DERIV=    1.83
2025-07-12 02:44:32.866 INFO: Epoch 656: head: Default, loss=0.4142, RMSE_MU_per_atom=0.00 mDebye, RMSE_MU_DERIV=0.00 mDebye / A, RMSE_ALPHA_per_atom=    0.03, RMSE_ALPHA_DERIV=    1.82
2025-07-12 02:45:02.496 INFO: Epoch 657: head: Default, loss=0.4163, RMSE_MU_per_atom=0.00 mDebye, RMSE_MU_DERIV=0.00 mDebye / A, RMSE_ALPHA_per_atom=    0.03, RMSE_ALPHA_DERIV=    1.82
2025-07-12 02:45:32.127 INFO: Epoch 658: head: Default, loss=0.4153, RMSE_MU_per_atom=0.00 mDebye, RMSE_MU_DERIV=0.00 mDebye / A, RMSE_ALPHA_per_atom=    0.04, RMSE_ALPHA_DERIV=    1.82
2025-07-12 02:46:01.767 INFO: Epoch 659: head: Default, loss=0.4212, RMSE_MU_per_atom=0.00 mDebye, RMSE_MU_DERIV=0.00 mDebye / A, RMSE_ALPHA_per_atom=    0.04, RMSE_ALPHA_DERIV=    1.83
2025-07-12 02:46:31.393 INFO: Epoch 660: head: Default, loss=0.4160, RMSE_MU_per_atom=0.00 mDebye, RMSE_MU_DERIV=0.00 mDebye / A, RMSE_ALPHA_per_atom=    0.04, RMSE_ALPHA_DERIV=    1.82
2025-07-12 02:47:01.019 INFO: Epoch 661: head: Default, loss=0.4215, RMSE_MU_per_atom=0.00 mDebye, RMSE_MU_DERIV=0.00 mDebye / A, RMSE_ALPHA_per_atom=    0.05, RMSE_ALPHA_DERIV=    1.83
2025-07-12 02:47:30.642 INFO: Epoch 662: head: Default, loss=0.4156, RMSE_MU_per_atom=0.00 mDebye, RMSE_MU_DERIV=0.00 mDebye / A, RMSE_ALPHA_per_atom=    0.05, RMSE_ALPHA_DERIV=    1.82
2025-07-12 02:48:00.266 INFO: Epoch 663: head: Default, loss=0.4172, RMSE_MU_per_atom=0.00 mDebye, RMSE_MU_DERIV=0.00 mDebye / A, RMSE_ALPHA_per_atom=    0.03, RMSE_ALPHA_DERIV=    1.82
2025-07-12 02:48:29.897 INFO: Epoch 664: head: Default, loss=0.4207, RMSE_MU_per_atom=0.00 mDebye, RMSE_MU_DERIV=0.00 mDebye / A, RMSE_ALPHA_per_atom=    0.03, RMSE_ALPHA_DERIV=    1.83
2025-07-12 02:48:59.522 INFO: Epoch 665: head: Default, loss=0.4138, RMSE_MU_per_atom=0.00 mDebye, RMSE_MU_DERIV=0.00 mDebye / A, RMSE_ALPHA_per_atom=    0.03, RMSE_ALPHA_DERIV=    1.82
2025-07-12 02:49:29.139 INFO: Epoch 666: head: Default, loss=0.4142, RMSE_MU_per_atom=0.00 mDebye, RMSE_MU_DERIV=0.00 mDebye / A, RMSE_ALPHA_per_atom=    0.03, RMSE_ALPHA_DERIV=    1.82
2025-07-12 02:49:58.750 INFO: Epoch 667: head: Default, loss=0.4182, RMSE_MU_per_atom=0.00 mDebye, RMSE_MU_DERIV=0.00 mDebye / A, RMSE_ALPHA_per_atom=    0.03, RMSE_ALPHA_DERIV=    1.83
2025-07-12 02:50:28.366 INFO: Epoch 668: head: Default, loss=0.4157, RMSE_MU_per_atom=0.00 mDebye, RMSE_MU_DERIV=0.00 mDebye / A, RMSE_ALPHA_per_atom=    0.03, RMSE_ALPHA_DERIV=    1.82
2025-07-12 02:50:57.990 INFO: Epoch 669: head: Default, loss=0.4214, RMSE_MU_per_atom=0.00 mDebye, RMSE_MU_DERIV=0.00 mDebye / A, RMSE_ALPHA_per_atom=    0.05, RMSE_ALPHA_DERIV=    1.83
2025-07-12 02:51:27.623 INFO: Epoch 670: head: Default, loss=0.4144, RMSE_MU_per_atom=0.00 mDebye, RMSE_MU_DERIV=0.00 mDebye / A, RMSE_ALPHA_per_atom=    0.03, RMSE_ALPHA_DERIV=    1.82
2025-07-12 02:51:57.255 INFO: Epoch 671: head: Default, loss=0.4139, RMSE_MU_per_atom=0.00 mDebye, RMSE_MU_DERIV=0.00 mDebye / A, RMSE_ALPHA_per_atom=    0.03, RMSE_ALPHA_DERIV=    1.82
2025-07-12 02:52:26.890 INFO: Epoch 672: head: Default, loss=0.4169, RMSE_MU_per_atom=0.00 mDebye, RMSE_MU_DERIV=0.00 mDebye / A, RMSE_ALPHA_per_atom=    0.03, RMSE_ALPHA_DERIV=    1.82
2025-07-12 02:52:56.516 INFO: Epoch 673: head: Default, loss=0.4174, RMSE_MU_per_atom=0.00 mDebye, RMSE_MU_DERIV=0.00 mDebye / A, RMSE_ALPHA_per_atom=    0.04, RMSE_ALPHA_DERIV=    1.82
2025-07-12 02:53:26.148 INFO: Epoch 674: head: Default, loss=0.4178, RMSE_MU_per_atom=0.00 mDebye, RMSE_MU_DERIV=0.00 mDebye / A, RMSE_ALPHA_per_atom=    0.03, RMSE_ALPHA_DERIV=    1.83
2025-07-12 02:53:55.768 INFO: Epoch 675: head: Default, loss=0.4146, RMSE_MU_per_atom=0.00 mDebye, RMSE_MU_DERIV=0.00 mDebye / A, RMSE_ALPHA_per_atom=    0.04, RMSE_ALPHA_DERIV=    1.82
2025-07-12 02:54:25.394 INFO: Epoch 676: head: Default, loss=0.4179, RMSE_MU_per_atom=0.00 mDebye, RMSE_MU_DERIV=0.00 mDebye / A, RMSE_ALPHA_per_atom=    0.03, RMSE_ALPHA_DERIV=    1.83
2025-07-12 02:54:55.014 INFO: Epoch 677: head: Default, loss=0.4184, RMSE_MU_per_atom=0.00 mDebye, RMSE_MU_DERIV=0.00 mDebye / A, RMSE_ALPHA_per_atom=    0.04, RMSE_ALPHA_DERIV=    1.82
2025-07-12 02:55:24.640 INFO: Epoch 678: head: Default, loss=0.4167, RMSE_MU_per_atom=0.00 mDebye, RMSE_MU_DERIV=0.00 mDebye / A, RMSE_ALPHA_per_atom=    0.03, RMSE_ALPHA_DERIV=    1.82
2025-07-12 02:55:54.268 INFO: Epoch 679: head: Default, loss=0.4184, RMSE_MU_per_atom=0.00 mDebye, RMSE_MU_DERIV=0.00 mDebye / A, RMSE_ALPHA_per_atom=    0.03, RMSE_ALPHA_DERIV=    1.83
2025-07-12 02:56:23.894 INFO: Epoch 680: head: Default, loss=0.4159, RMSE_MU_per_atom=0.00 mDebye, RMSE_MU_DERIV=0.00 mDebye / A, RMSE_ALPHA_per_atom=    0.03, RMSE_ALPHA_DERIV=    1.82
2025-07-12 02:56:53.513 INFO: Epoch 681: head: Default, loss=0.4128, RMSE_MU_per_atom=0.00 mDebye, RMSE_MU_DERIV=0.00 mDebye / A, RMSE_ALPHA_per_atom=    0.03, RMSE_ALPHA_DERIV=    1.81
2025-07-12 02:57:23.133 INFO: Epoch 682: head: Default, loss=0.4149, RMSE_MU_per_atom=0.00 mDebye, RMSE_MU_DERIV=0.00 mDebye / A, RMSE_ALPHA_per_atom=    0.03, RMSE_ALPHA_DERIV=    1.82
2025-07-12 02:57:52.757 INFO: Epoch 683: head: Default, loss=0.4139, RMSE_MU_per_atom=0.00 mDebye, RMSE_MU_DERIV=0.00 mDebye / A, RMSE_ALPHA_per_atom=    0.03, RMSE_ALPHA_DERIV=    1.82
2025-07-12 02:58:22.377 INFO: Epoch 684: head: Default, loss=0.4247, RMSE_MU_per_atom=0.00 mDebye, RMSE_MU_DERIV=0.00 mDebye / A, RMSE_ALPHA_per_atom=    0.04, RMSE_ALPHA_DERIV=    1.84
2025-07-12 02:58:52.004 INFO: Epoch 685: head: Default, loss=0.4188, RMSE_MU_per_atom=0.00 mDebye, RMSE_MU_DERIV=0.00 mDebye / A, RMSE_ALPHA_per_atom=    0.04, RMSE_ALPHA_DERIV=    1.83
2025-07-12 02:59:21.629 INFO: Epoch 686: head: Default, loss=0.4281, RMSE_MU_per_atom=0.00 mDebye, RMSE_MU_DERIV=0.00 mDebye / A, RMSE_ALPHA_per_atom=    0.04, RMSE_ALPHA_DERIV=    1.85
2025-07-12 02:59:51.252 INFO: Epoch 687: head: Default, loss=0.4129, RMSE_MU_per_atom=0.00 mDebye, RMSE_MU_DERIV=0.00 mDebye / A, RMSE_ALPHA_per_atom=    0.04, RMSE_ALPHA_DERIV=    1.81
2025-07-12 03:00:20.866 INFO: Epoch 688: head: Default, loss=0.4188, RMSE_MU_per_atom=0.00 mDebye, RMSE_MU_DERIV=0.00 mDebye / A, RMSE_ALPHA_per_atom=    0.04, RMSE_ALPHA_DERIV=    1.83
2025-07-12 03:00:50.484 INFO: Epoch 689: head: Default, loss=0.4151, RMSE_MU_per_atom=0.00 mDebye, RMSE_MU_DERIV=0.00 mDebye / A, RMSE_ALPHA_per_atom=    0.04, RMSE_ALPHA_DERIV=    1.82
2025-07-12 03:01:20.093 INFO: Epoch 690: head: Default, loss=0.4088, RMSE_MU_per_atom=0.00 mDebye, RMSE_MU_DERIV=0.00 mDebye / A, RMSE_ALPHA_per_atom=    0.03, RMSE_ALPHA_DERIV=    1.81
2025-07-12 03:01:49.759 INFO: Epoch 691: head: Default, loss=0.4167, RMSE_MU_per_atom=0.00 mDebye, RMSE_MU_DERIV=0.00 mDebye / A, RMSE_ALPHA_per_atom=    0.03, RMSE_ALPHA_DERIV=    1.82
2025-07-12 03:02:19.370 INFO: Epoch 692: head: Default, loss=0.4263, RMSE_MU_per_atom=0.00 mDebye, RMSE_MU_DERIV=0.00 mDebye / A, RMSE_ALPHA_per_atom=    0.03, RMSE_ALPHA_DERIV=    1.84
2025-07-12 03:02:48.983 INFO: Epoch 693: head: Default, loss=0.4236, RMSE_MU_per_atom=0.00 mDebye, RMSE_MU_DERIV=0.00 mDebye / A, RMSE_ALPHA_per_atom=    0.03, RMSE_ALPHA_DERIV=    1.84
2025-07-12 03:03:18.598 INFO: Epoch 694: head: Default, loss=0.4192, RMSE_MU_per_atom=0.00 mDebye, RMSE_MU_DERIV=0.00 mDebye / A, RMSE_ALPHA_per_atom=    0.03, RMSE_ALPHA_DERIV=    1.83
2025-07-12 03:03:48.206 INFO: Epoch 695: head: Default, loss=0.4221, RMSE_MU_per_atom=0.00 mDebye, RMSE_MU_DERIV=0.00 mDebye / A, RMSE_ALPHA_per_atom=    0.04, RMSE_ALPHA_DERIV=    1.83
2025-07-12 03:04:17.820 INFO: Epoch 696: head: Default, loss=0.4216, RMSE_MU_per_atom=0.00 mDebye, RMSE_MU_DERIV=0.00 mDebye / A, RMSE_ALPHA_per_atom=    0.05, RMSE_ALPHA_DERIV=    1.83
2025-07-12 03:04:47.432 INFO: Epoch 697: head: Default, loss=0.4214, RMSE_MU_per_atom=0.00 mDebye, RMSE_MU_DERIV=0.00 mDebye / A, RMSE_ALPHA_per_atom=    0.03, RMSE_ALPHA_DERIV=    1.83
2025-07-12 03:05:17.057 INFO: Epoch 698: head: Default, loss=0.4223, RMSE_MU_per_atom=0.00 mDebye, RMSE_MU_DERIV=0.00 mDebye / A, RMSE_ALPHA_per_atom=    0.04, RMSE_ALPHA_DERIV=    1.83
2025-07-12 03:05:46.680 INFO: Epoch 699: head: Default, loss=0.4148, RMSE_MU_per_atom=0.00 mDebye, RMSE_MU_DERIV=0.00 mDebye / A, RMSE_ALPHA_per_atom=    0.03, RMSE_ALPHA_DERIV=    1.82
2025-07-12 03:06:16.303 INFO: Epoch 700: head: Default, loss=0.4077, RMSE_MU_per_atom=0.00 mDebye, RMSE_MU_DERIV=0.00 mDebye / A, RMSE_ALPHA_per_atom=    0.03, RMSE_ALPHA_DERIV=    1.80
2025-07-12 03:06:45.976 INFO: Epoch 701: head: Default, loss=0.4150, RMSE_MU_per_atom=0.00 mDebye, RMSE_MU_DERIV=0.00 mDebye / A, RMSE_ALPHA_per_atom=    0.03, RMSE_ALPHA_DERIV=    1.82
2025-07-12 03:07:15.602 INFO: Epoch 702: head: Default, loss=0.4131, RMSE_MU_per_atom=0.00 mDebye, RMSE_MU_DERIV=0.00 mDebye / A, RMSE_ALPHA_per_atom=    0.03, RMSE_ALPHA_DERIV=    1.82
2025-07-12 03:07:45.230 INFO: Epoch 703: head: Default, loss=0.4116, RMSE_MU_per_atom=0.00 mDebye, RMSE_MU_DERIV=0.00 mDebye / A, RMSE_ALPHA_per_atom=    0.03, RMSE_ALPHA_DERIV=    1.81
2025-07-12 03:08:14.855 INFO: Epoch 704: head: Default, loss=0.4185, RMSE_MU_per_atom=0.00 mDebye, RMSE_MU_DERIV=0.00 mDebye / A, RMSE_ALPHA_per_atom=    0.03, RMSE_ALPHA_DERIV=    1.83
2025-07-12 03:08:44.488 INFO: Epoch 705: head: Default, loss=0.4177, RMSE_MU_per_atom=0.00 mDebye, RMSE_MU_DERIV=0.00 mDebye / A, RMSE_ALPHA_per_atom=    0.04, RMSE_ALPHA_DERIV=    1.82
2025-07-12 03:09:14.105 INFO: Epoch 706: head: Default, loss=0.4205, RMSE_MU_per_atom=0.00 mDebye, RMSE_MU_DERIV=0.00 mDebye / A, RMSE_ALPHA_per_atom=    0.03, RMSE_ALPHA_DERIV=    1.83
2025-07-12 03:09:43.723 INFO: Epoch 707: head: Default, loss=0.4215, RMSE_MU_per_atom=0.00 mDebye, RMSE_MU_DERIV=0.00 mDebye / A, RMSE_ALPHA_per_atom=    0.03, RMSE_ALPHA_DERIV=    1.83
2025-07-12 03:10:13.348 INFO: Epoch 708: head: Default, loss=0.4121, RMSE_MU_per_atom=0.00 mDebye, RMSE_MU_DERIV=0.00 mDebye / A, RMSE_ALPHA_per_atom=    0.04, RMSE_ALPHA_DERIV=    1.81
2025-07-12 03:10:42.974 INFO: Epoch 709: head: Default, loss=0.4260, RMSE_MU_per_atom=0.00 mDebye, RMSE_MU_DERIV=0.00 mDebye / A, RMSE_ALPHA_per_atom=    0.03, RMSE_ALPHA_DERIV=    1.84
2025-07-12 03:11:12.603 INFO: Epoch 710: head: Default, loss=0.4177, RMSE_MU_per_atom=0.00 mDebye, RMSE_MU_DERIV=0.00 mDebye / A, RMSE_ALPHA_per_atom=    0.04, RMSE_ALPHA_DERIV=    1.82
2025-07-12 03:11:42.231 INFO: Epoch 711: head: Default, loss=0.4174, RMSE_MU_per_atom=0.00 mDebye, RMSE_MU_DERIV=0.00 mDebye / A, RMSE_ALPHA_per_atom=    0.03, RMSE_ALPHA_DERIV=    1.82
2025-07-12 03:12:11.854 INFO: Epoch 712: head: Default, loss=0.4126, RMSE_MU_per_atom=0.00 mDebye, RMSE_MU_DERIV=0.00 mDebye / A, RMSE_ALPHA_per_atom=    0.03, RMSE_ALPHA_DERIV=    1.81
2025-07-12 03:12:41.485 INFO: Epoch 713: head: Default, loss=0.4185, RMSE_MU_per_atom=0.00 mDebye, RMSE_MU_DERIV=0.00 mDebye / A, RMSE_ALPHA_per_atom=    0.04, RMSE_ALPHA_DERIV=    1.83
2025-07-12 03:13:11.112 INFO: Epoch 714: head: Default, loss=0.4211, RMSE_MU_per_atom=0.00 mDebye, RMSE_MU_DERIV=0.00 mDebye / A, RMSE_ALPHA_per_atom=    0.03, RMSE_ALPHA_DERIV=    1.83
2025-07-12 03:13:40.728 INFO: Epoch 715: head: Default, loss=0.4136, RMSE_MU_per_atom=0.00 mDebye, RMSE_MU_DERIV=0.00 mDebye / A, RMSE_ALPHA_per_atom=    0.03, RMSE_ALPHA_DERIV=    1.82
2025-07-12 03:14:10.343 INFO: Epoch 716: head: Default, loss=0.4167, RMSE_MU_per_atom=0.00 mDebye, RMSE_MU_DERIV=0.00 mDebye / A, RMSE_ALPHA_per_atom=    0.03, RMSE_ALPHA_DERIV=    1.82
2025-07-12 03:14:39.961 INFO: Epoch 717: head: Default, loss=0.4185, RMSE_MU_per_atom=0.00 mDebye, RMSE_MU_DERIV=0.00 mDebye / A, RMSE_ALPHA_per_atom=    0.03, RMSE_ALPHA_DERIV=    1.83
2025-07-12 03:15:09.595 INFO: Epoch 718: head: Default, loss=0.4187, RMSE_MU_per_atom=0.00 mDebye, RMSE_MU_DERIV=0.00 mDebye / A, RMSE_ALPHA_per_atom=    0.03, RMSE_ALPHA_DERIV=    1.83
2025-07-12 03:15:39.228 INFO: Epoch 719: head: Default, loss=0.4181, RMSE_MU_per_atom=0.00 mDebye, RMSE_MU_DERIV=0.00 mDebye / A, RMSE_ALPHA_per_atom=    0.04, RMSE_ALPHA_DERIV=    1.83
2025-07-12 03:16:08.845 INFO: Epoch 720: head: Default, loss=0.4161, RMSE_MU_per_atom=0.00 mDebye, RMSE_MU_DERIV=0.00 mDebye / A, RMSE_ALPHA_per_atom=    0.03, RMSE_ALPHA_DERIV=    1.82
2025-07-12 03:16:38.466 INFO: Epoch 721: head: Default, loss=0.4135, RMSE_MU_per_atom=0.00 mDebye, RMSE_MU_DERIV=0.00 mDebye / A, RMSE_ALPHA_per_atom=    0.03, RMSE_ALPHA_DERIV=    1.82
2025-07-12 03:17:08.081 INFO: Epoch 722: head: Default, loss=0.4151, RMSE_MU_per_atom=0.00 mDebye, RMSE_MU_DERIV=0.00 mDebye / A, RMSE_ALPHA_per_atom=    0.03, RMSE_ALPHA_DERIV=    1.82
2025-07-12 03:17:37.694 INFO: Epoch 723: head: Default, loss=0.4193, RMSE_MU_per_atom=0.00 mDebye, RMSE_MU_DERIV=0.00 mDebye / A, RMSE_ALPHA_per_atom=    0.03, RMSE_ALPHA_DERIV=    1.83
2025-07-12 03:18:07.309 INFO: Epoch 724: head: Default, loss=0.4171, RMSE_MU_per_atom=0.00 mDebye, RMSE_MU_DERIV=0.00 mDebye / A, RMSE_ALPHA_per_atom=    0.03, RMSE_ALPHA_DERIV=    1.82
2025-07-12 03:18:36.927 INFO: Epoch 725: head: Default, loss=0.4149, RMSE_MU_per_atom=0.00 mDebye, RMSE_MU_DERIV=0.00 mDebye / A, RMSE_ALPHA_per_atom=    0.03, RMSE_ALPHA_DERIV=    1.82
2025-07-12 03:19:06.535 INFO: Epoch 726: head: Default, loss=0.4213, RMSE_MU_per_atom=0.00 mDebye, RMSE_MU_DERIV=0.00 mDebye / A, RMSE_ALPHA_per_atom=    0.04, RMSE_ALPHA_DERIV=    1.83
2025-07-12 03:19:36.144 INFO: Epoch 727: head: Default, loss=0.4164, RMSE_MU_per_atom=0.00 mDebye, RMSE_MU_DERIV=0.00 mDebye / A, RMSE_ALPHA_per_atom=    0.04, RMSE_ALPHA_DERIV=    1.82
2025-07-12 03:20:05.749 INFO: Epoch 728: head: Default, loss=0.4161, RMSE_MU_per_atom=0.00 mDebye, RMSE_MU_DERIV=0.00 mDebye / A, RMSE_ALPHA_per_atom=    0.03, RMSE_ALPHA_DERIV=    1.82
2025-07-12 03:20:35.360 INFO: Epoch 729: head: Default, loss=0.4117, RMSE_MU_per_atom=0.00 mDebye, RMSE_MU_DERIV=0.00 mDebye / A, RMSE_ALPHA_per_atom=    0.03, RMSE_ALPHA_DERIV=    1.81
2025-07-12 03:21:04.969 INFO: Epoch 730: head: Default, loss=0.4151, RMSE_MU_per_atom=0.00 mDebye, RMSE_MU_DERIV=0.00 mDebye / A, RMSE_ALPHA_per_atom=    0.03, RMSE_ALPHA_DERIV=    1.82
2025-07-12 03:21:34.578 INFO: Epoch 731: head: Default, loss=0.4215, RMSE_MU_per_atom=0.00 mDebye, RMSE_MU_DERIV=0.00 mDebye / A, RMSE_ALPHA_per_atom=    0.04, RMSE_ALPHA_DERIV=    1.83
2025-07-12 03:22:04.190 INFO: Epoch 732: head: Default, loss=0.4276, RMSE_MU_per_atom=0.00 mDebye, RMSE_MU_DERIV=0.00 mDebye / A, RMSE_ALPHA_per_atom=    0.04, RMSE_ALPHA_DERIV=    1.84
2025-07-12 03:22:33.802 INFO: Epoch 733: head: Default, loss=0.4174, RMSE_MU_per_atom=0.00 mDebye, RMSE_MU_DERIV=0.00 mDebye / A, RMSE_ALPHA_per_atom=    0.04, RMSE_ALPHA_DERIV=    1.82
2025-07-12 03:23:03.411 INFO: Epoch 734: head: Default, loss=0.4208, RMSE_MU_per_atom=0.00 mDebye, RMSE_MU_DERIV=0.00 mDebye / A, RMSE_ALPHA_per_atom=    0.03, RMSE_ALPHA_DERIV=    1.83
2025-07-12 03:23:33.024 INFO: Epoch 735: head: Default, loss=0.4223, RMSE_MU_per_atom=0.00 mDebye, RMSE_MU_DERIV=0.00 mDebye / A, RMSE_ALPHA_per_atom=    0.05, RMSE_ALPHA_DERIV=    1.83
2025-07-12 03:24:02.637 INFO: Epoch 736: head: Default, loss=0.4153, RMSE_MU_per_atom=0.00 mDebye, RMSE_MU_DERIV=0.00 mDebye / A, RMSE_ALPHA_per_atom=    0.03, RMSE_ALPHA_DERIV=    1.82
2025-07-12 03:24:32.248 INFO: Epoch 737: head: Default, loss=0.4178, RMSE_MU_per_atom=0.00 mDebye, RMSE_MU_DERIV=0.00 mDebye / A, RMSE_ALPHA_per_atom=    0.03, RMSE_ALPHA_DERIV=    1.83
2025-07-12 03:25:01.860 INFO: Epoch 738: head: Default, loss=0.4239, RMSE_MU_per_atom=0.00 mDebye, RMSE_MU_DERIV=0.00 mDebye / A, RMSE_ALPHA_per_atom=    0.04, RMSE_ALPHA_DERIV=    1.84
2025-07-12 03:25:31.476 INFO: Epoch 739: head: Default, loss=0.4136, RMSE_MU_per_atom=0.00 mDebye, RMSE_MU_DERIV=0.00 mDebye / A, RMSE_ALPHA_per_atom=    0.04, RMSE_ALPHA_DERIV=    1.82
2025-07-12 03:26:01.085 INFO: Epoch 740: head: Default, loss=0.4137, RMSE_MU_per_atom=0.00 mDebye, RMSE_MU_DERIV=0.00 mDebye / A, RMSE_ALPHA_per_atom=    0.04, RMSE_ALPHA_DERIV=    1.81
2025-07-12 03:26:30.703 INFO: Epoch 741: head: Default, loss=0.4197, RMSE_MU_per_atom=0.00 mDebye, RMSE_MU_DERIV=0.00 mDebye / A, RMSE_ALPHA_per_atom=    0.03, RMSE_ALPHA_DERIV=    1.83
2025-07-12 03:27:00.321 INFO: Epoch 742: head: Default, loss=0.4151, RMSE_MU_per_atom=0.00 mDebye, RMSE_MU_DERIV=0.00 mDebye / A, RMSE_ALPHA_per_atom=    0.03, RMSE_ALPHA_DERIV=    1.82
2025-07-12 03:27:29.926 INFO: Epoch 743: head: Default, loss=0.4196, RMSE_MU_per_atom=0.00 mDebye, RMSE_MU_DERIV=0.00 mDebye / A, RMSE_ALPHA_per_atom=    0.03, RMSE_ALPHA_DERIV=    1.83
2025-07-12 03:27:59.533 INFO: Epoch 744: head: Default, loss=0.4161, RMSE_MU_per_atom=0.00 mDebye, RMSE_MU_DERIV=0.00 mDebye / A, RMSE_ALPHA_per_atom=    0.04, RMSE_ALPHA_DERIV=    1.82
2025-07-12 03:28:29.140 INFO: Epoch 745: head: Default, loss=0.4189, RMSE_MU_per_atom=0.00 mDebye, RMSE_MU_DERIV=0.00 mDebye / A, RMSE_ALPHA_per_atom=    0.03, RMSE_ALPHA_DERIV=    1.83
2025-07-12 03:28:58.743 INFO: Epoch 746: head: Default, loss=0.4239, RMSE_MU_per_atom=0.00 mDebye, RMSE_MU_DERIV=0.00 mDebye / A, RMSE_ALPHA_per_atom=    0.03, RMSE_ALPHA_DERIV=    1.84
2025-07-12 03:29:28.353 INFO: Epoch 747: head: Default, loss=0.4155, RMSE_MU_per_atom=0.00 mDebye, RMSE_MU_DERIV=0.00 mDebye / A, RMSE_ALPHA_per_atom=    0.03, RMSE_ALPHA_DERIV=    1.82
2025-07-12 03:29:57.963 INFO: Epoch 748: head: Default, loss=0.4144, RMSE_MU_per_atom=0.00 mDebye, RMSE_MU_DERIV=0.00 mDebye / A, RMSE_ALPHA_per_atom=    0.03, RMSE_ALPHA_DERIV=    1.82
2025-07-12 03:30:27.579 INFO: Epoch 749: head: Default, loss=0.4226, RMSE_MU_per_atom=0.00 mDebye, RMSE_MU_DERIV=0.00 mDebye / A, RMSE_ALPHA_per_atom=    0.04, RMSE_ALPHA_DERIV=    1.84
2025-07-12 03:30:57.186 INFO: Epoch 750: head: Default, loss=0.4215, RMSE_MU_per_atom=0.00 mDebye, RMSE_MU_DERIV=0.00 mDebye / A, RMSE_ALPHA_per_atom=    0.03, RMSE_ALPHA_DERIV=    1.83
2025-07-12 03:31:26.792 INFO: Epoch 751: head: Default, loss=0.4178, RMSE_MU_per_atom=0.00 mDebye, RMSE_MU_DERIV=0.00 mDebye / A, RMSE_ALPHA_per_atom=    0.03, RMSE_ALPHA_DERIV=    1.83
2025-07-12 03:31:56.403 INFO: Epoch 752: head: Default, loss=0.4170, RMSE_MU_per_atom=0.00 mDebye, RMSE_MU_DERIV=0.00 mDebye / A, RMSE_ALPHA_per_atom=    0.03, RMSE_ALPHA_DERIV=    1.82
2025-07-12 03:32:26.015 INFO: Epoch 753: head: Default, loss=0.4146, RMSE_MU_per_atom=0.00 mDebye, RMSE_MU_DERIV=0.00 mDebye / A, RMSE_ALPHA_per_atom=    0.03, RMSE_ALPHA_DERIV=    1.82
2025-07-12 03:32:55.626 INFO: Epoch 754: head: Default, loss=0.4204, RMSE_MU_per_atom=0.00 mDebye, RMSE_MU_DERIV=0.00 mDebye / A, RMSE_ALPHA_per_atom=    0.03, RMSE_ALPHA_DERIV=    1.83
2025-07-12 03:33:25.236 INFO: Epoch 755: head: Default, loss=0.4227, RMSE_MU_per_atom=0.00 mDebye, RMSE_MU_DERIV=0.00 mDebye / A, RMSE_ALPHA_per_atom=    0.04, RMSE_ALPHA_DERIV=    1.83
2025-07-12 03:33:54.836 INFO: Epoch 756: head: Default, loss=0.4217, RMSE_MU_per_atom=0.00 mDebye, RMSE_MU_DERIV=0.00 mDebye / A, RMSE_ALPHA_per_atom=    0.04, RMSE_ALPHA_DERIV=    1.83
2025-07-12 03:34:24.438 INFO: Epoch 757: head: Default, loss=0.4187, RMSE_MU_per_atom=0.00 mDebye, RMSE_MU_DERIV=0.00 mDebye / A, RMSE_ALPHA_per_atom=    0.03, RMSE_ALPHA_DERIV=    1.83
2025-07-12 03:34:54.040 INFO: Epoch 758: head: Default, loss=0.4230, RMSE_MU_per_atom=0.00 mDebye, RMSE_MU_DERIV=0.00 mDebye / A, RMSE_ALPHA_per_atom=    0.03, RMSE_ALPHA_DERIV=    1.84
2025-07-12 03:35:23.650 INFO: Epoch 759: head: Default, loss=0.4169, RMSE_MU_per_atom=0.00 mDebye, RMSE_MU_DERIV=0.00 mDebye / A, RMSE_ALPHA_per_atom=    0.04, RMSE_ALPHA_DERIV=    1.82
2025-07-12 03:35:53.259 INFO: Epoch 760: head: Default, loss=0.4170, RMSE_MU_per_atom=0.00 mDebye, RMSE_MU_DERIV=0.00 mDebye / A, RMSE_ALPHA_per_atom=    0.03, RMSE_ALPHA_DERIV=    1.82
2025-07-12 03:36:22.870 INFO: Epoch 761: head: Default, loss=0.4175, RMSE_MU_per_atom=0.00 mDebye, RMSE_MU_DERIV=0.00 mDebye / A, RMSE_ALPHA_per_atom=    0.03, RMSE_ALPHA_DERIV=    1.83
2025-07-12 03:36:52.479 INFO: Epoch 762: head: Default, loss=0.4158, RMSE_MU_per_atom=0.00 mDebye, RMSE_MU_DERIV=0.00 mDebye / A, RMSE_ALPHA_per_atom=    0.03, RMSE_ALPHA_DERIV=    1.82
2025-07-12 03:37:22.094 INFO: Epoch 763: head: Default, loss=0.4186, RMSE_MU_per_atom=0.00 mDebye, RMSE_MU_DERIV=0.00 mDebye / A, RMSE_ALPHA_per_atom=    0.03, RMSE_ALPHA_DERIV=    1.83
2025-07-12 03:37:51.702 INFO: Epoch 764: head: Default, loss=0.4143, RMSE_MU_per_atom=0.00 mDebye, RMSE_MU_DERIV=0.00 mDebye / A, RMSE_ALPHA_per_atom=    0.03, RMSE_ALPHA_DERIV=    1.82
2025-07-12 03:38:21.310 INFO: Epoch 765: head: Default, loss=0.4128, RMSE_MU_per_atom=0.00 mDebye, RMSE_MU_DERIV=0.00 mDebye / A, RMSE_ALPHA_per_atom=    0.03, RMSE_ALPHA_DERIV=    1.81
2025-07-12 03:38:50.918 INFO: Epoch 766: head: Default, loss=0.4218, RMSE_MU_per_atom=0.00 mDebye, RMSE_MU_DERIV=0.00 mDebye / A, RMSE_ALPHA_per_atom=    0.03, RMSE_ALPHA_DERIV=    1.83
2025-07-12 03:39:20.527 INFO: Epoch 767: head: Default, loss=0.4221, RMSE_MU_per_atom=0.00 mDebye, RMSE_MU_DERIV=0.00 mDebye / A, RMSE_ALPHA_per_atom=    0.05, RMSE_ALPHA_DERIV=    1.83
2025-07-12 03:39:50.140 INFO: Epoch 768: head: Default, loss=0.4105, RMSE_MU_per_atom=0.00 mDebye, RMSE_MU_DERIV=0.00 mDebye / A, RMSE_ALPHA_per_atom=    0.03, RMSE_ALPHA_DERIV=    1.81
2025-07-12 03:40:19.757 INFO: Epoch 769: head: Default, loss=0.4181, RMSE_MU_per_atom=0.00 mDebye, RMSE_MU_DERIV=0.00 mDebye / A, RMSE_ALPHA_per_atom=    0.03, RMSE_ALPHA_DERIV=    1.83
2025-07-12 03:40:49.372 INFO: Epoch 770: head: Default, loss=0.4173, RMSE_MU_per_atom=0.00 mDebye, RMSE_MU_DERIV=0.00 mDebye / A, RMSE_ALPHA_per_atom=    0.03, RMSE_ALPHA_DERIV=    1.83
2025-07-12 03:41:18.983 INFO: Epoch 771: head: Default, loss=0.4215, RMSE_MU_per_atom=0.00 mDebye, RMSE_MU_DERIV=0.00 mDebye / A, RMSE_ALPHA_per_atom=    0.03, RMSE_ALPHA_DERIV=    1.83
2025-07-12 03:41:48.594 INFO: Epoch 772: head: Default, loss=0.4183, RMSE_MU_per_atom=0.00 mDebye, RMSE_MU_DERIV=0.00 mDebye / A, RMSE_ALPHA_per_atom=    0.03, RMSE_ALPHA_DERIV=    1.83
2025-07-12 03:42:18.208 INFO: Epoch 773: head: Default, loss=0.4209, RMSE_MU_per_atom=0.00 mDebye, RMSE_MU_DERIV=0.00 mDebye / A, RMSE_ALPHA_per_atom=    0.03, RMSE_ALPHA_DERIV=    1.83
2025-07-12 03:42:47.819 INFO: Epoch 774: head: Default, loss=0.4212, RMSE_MU_per_atom=0.00 mDebye, RMSE_MU_DERIV=0.00 mDebye / A, RMSE_ALPHA_per_atom=    0.03, RMSE_ALPHA_DERIV=    1.83
2025-07-12 03:43:17.429 INFO: Epoch 775: head: Default, loss=0.4131, RMSE_MU_per_atom=0.00 mDebye, RMSE_MU_DERIV=0.00 mDebye / A, RMSE_ALPHA_per_atom=    0.03, RMSE_ALPHA_DERIV=    1.82
2025-07-12 03:43:47.034 INFO: Epoch 776: head: Default, loss=0.4183, RMSE_MU_per_atom=0.00 mDebye, RMSE_MU_DERIV=0.00 mDebye / A, RMSE_ALPHA_per_atom=    0.03, RMSE_ALPHA_DERIV=    1.83
2025-07-12 03:44:16.641 INFO: Epoch 777: head: Default, loss=0.4153, RMSE_MU_per_atom=0.00 mDebye, RMSE_MU_DERIV=0.00 mDebye / A, RMSE_ALPHA_per_atom=    0.03, RMSE_ALPHA_DERIV=    1.82
2025-07-12 03:44:46.250 INFO: Epoch 778: head: Default, loss=0.4153, RMSE_MU_per_atom=0.00 mDebye, RMSE_MU_DERIV=0.00 mDebye / A, RMSE_ALPHA_per_atom=    0.03, RMSE_ALPHA_DERIV=    1.82
2025-07-12 03:45:15.860 INFO: Epoch 779: head: Default, loss=0.4156, RMSE_MU_per_atom=0.00 mDebye, RMSE_MU_DERIV=0.00 mDebye / A, RMSE_ALPHA_per_atom=    0.03, RMSE_ALPHA_DERIV=    1.82
2025-07-12 03:45:45.472 INFO: Epoch 780: head: Default, loss=0.4181, RMSE_MU_per_atom=0.00 mDebye, RMSE_MU_DERIV=0.00 mDebye / A, RMSE_ALPHA_per_atom=    0.04, RMSE_ALPHA_DERIV=    1.82
2025-07-12 03:46:15.083 INFO: Epoch 781: head: Default, loss=0.4178, RMSE_MU_per_atom=0.00 mDebye, RMSE_MU_DERIV=0.00 mDebye / A, RMSE_ALPHA_per_atom=    0.03, RMSE_ALPHA_DERIV=    1.83
2025-07-12 03:46:44.700 INFO: Epoch 782: head: Default, loss=0.4169, RMSE_MU_per_atom=0.00 mDebye, RMSE_MU_DERIV=0.00 mDebye / A, RMSE_ALPHA_per_atom=    0.03, RMSE_ALPHA_DERIV=    1.82
2025-07-12 03:47:14.316 INFO: Epoch 783: head: Default, loss=0.4171, RMSE_MU_per_atom=0.00 mDebye, RMSE_MU_DERIV=0.00 mDebye / A, RMSE_ALPHA_per_atom=    0.03, RMSE_ALPHA_DERIV=    1.82
2025-07-12 03:47:43.928 INFO: Epoch 784: head: Default, loss=0.4139, RMSE_MU_per_atom=0.00 mDebye, RMSE_MU_DERIV=0.00 mDebye / A, RMSE_ALPHA_per_atom=    0.03, RMSE_ALPHA_DERIV=    1.82
2025-07-12 03:48:13.534 INFO: Epoch 785: head: Default, loss=0.4182, RMSE_MU_per_atom=0.00 mDebye, RMSE_MU_DERIV=0.00 mDebye / A, RMSE_ALPHA_per_atom=    0.03, RMSE_ALPHA_DERIV=    1.83
2025-07-12 03:48:43.151 INFO: Epoch 786: head: Default, loss=0.4185, RMSE_MU_per_atom=0.00 mDebye, RMSE_MU_DERIV=0.00 mDebye / A, RMSE_ALPHA_per_atom=    0.03, RMSE_ALPHA_DERIV=    1.83
2025-07-12 03:49:12.770 INFO: Epoch 787: head: Default, loss=0.4137, RMSE_MU_per_atom=0.00 mDebye, RMSE_MU_DERIV=0.00 mDebye / A, RMSE_ALPHA_per_atom=    0.04, RMSE_ALPHA_DERIV=    1.81
2025-07-12 03:49:42.390 INFO: Epoch 788: head: Default, loss=0.4185, RMSE_MU_per_atom=0.00 mDebye, RMSE_MU_DERIV=0.00 mDebye / A, RMSE_ALPHA_per_atom=    0.03, RMSE_ALPHA_DERIV=    1.83
2025-07-12 03:50:12.001 INFO: Epoch 789: head: Default, loss=0.4148, RMSE_MU_per_atom=0.00 mDebye, RMSE_MU_DERIV=0.00 mDebye / A, RMSE_ALPHA_per_atom=    0.03, RMSE_ALPHA_DERIV=    1.82
2025-07-12 03:50:41.628 INFO: Epoch 790: head: Default, loss=0.4256, RMSE_MU_per_atom=0.00 mDebye, RMSE_MU_DERIV=0.00 mDebye / A, RMSE_ALPHA_per_atom=    0.04, RMSE_ALPHA_DERIV=    1.84
2025-07-12 03:51:11.240 INFO: Epoch 791: head: Default, loss=0.4241, RMSE_MU_per_atom=0.00 mDebye, RMSE_MU_DERIV=0.00 mDebye / A, RMSE_ALPHA_per_atom=    0.03, RMSE_ALPHA_DERIV=    1.84
2025-07-12 03:51:40.863 INFO: Epoch 792: head: Default, loss=0.4166, RMSE_MU_per_atom=0.00 mDebye, RMSE_MU_DERIV=0.00 mDebye / A, RMSE_ALPHA_per_atom=    0.03, RMSE_ALPHA_DERIV=    1.82
2025-07-12 03:52:10.485 INFO: Epoch 793: head: Default, loss=0.4254, RMSE_MU_per_atom=0.00 mDebye, RMSE_MU_DERIV=0.00 mDebye / A, RMSE_ALPHA_per_atom=    0.03, RMSE_ALPHA_DERIV=    1.84
2025-07-12 03:52:40.099 INFO: Epoch 794: head: Default, loss=0.4167, RMSE_MU_per_atom=0.00 mDebye, RMSE_MU_DERIV=0.00 mDebye / A, RMSE_ALPHA_per_atom=    0.03, RMSE_ALPHA_DERIV=    1.82
2025-07-12 03:53:09.720 INFO: Epoch 795: head: Default, loss=0.4185, RMSE_MU_per_atom=0.00 mDebye, RMSE_MU_DERIV=0.00 mDebye / A, RMSE_ALPHA_per_atom=    0.03, RMSE_ALPHA_DERIV=    1.83
2025-07-12 03:53:39.340 INFO: Epoch 796: head: Default, loss=0.4153, RMSE_MU_per_atom=0.00 mDebye, RMSE_MU_DERIV=0.00 mDebye / A, RMSE_ALPHA_per_atom=    0.04, RMSE_ALPHA_DERIV=    1.82
2025-07-12 03:54:08.961 INFO: Epoch 797: head: Default, loss=0.4188, RMSE_MU_per_atom=0.00 mDebye, RMSE_MU_DERIV=0.00 mDebye / A, RMSE_ALPHA_per_atom=    0.03, RMSE_ALPHA_DERIV=    1.83
2025-07-12 03:54:38.577 INFO: Epoch 798: head: Default, loss=0.4160, RMSE_MU_per_atom=0.00 mDebye, RMSE_MU_DERIV=0.00 mDebye / A, RMSE_ALPHA_per_atom=    0.03, RMSE_ALPHA_DERIV=    1.82
2025-07-12 03:55:08.187 INFO: Epoch 799: head: Default, loss=0.4230, RMSE_MU_per_atom=0.00 mDebye, RMSE_MU_DERIV=0.00 mDebye / A, RMSE_ALPHA_per_atom=    0.03, RMSE_ALPHA_DERIV=    1.84
2025-07-12 03:55:37.790 INFO: Epoch 800: head: Default, loss=0.4239, RMSE_MU_per_atom=0.00 mDebye, RMSE_MU_DERIV=0.00 mDebye / A, RMSE_ALPHA_per_atom=    0.03, RMSE_ALPHA_DERIV=    1.84
2025-07-12 03:56:07.393 INFO: Epoch 801: head: Default, loss=0.4236, RMSE_MU_per_atom=0.00 mDebye, RMSE_MU_DERIV=0.00 mDebye / A, RMSE_ALPHA_per_atom=    0.03, RMSE_ALPHA_DERIV=    1.84
2025-07-12 03:56:37.000 INFO: Epoch 802: head: Default, loss=0.4197, RMSE_MU_per_atom=0.00 mDebye, RMSE_MU_DERIV=0.00 mDebye / A, RMSE_ALPHA_per_atom=    0.04, RMSE_ALPHA_DERIV=    1.83
2025-07-12 03:57:06.610 INFO: Epoch 803: head: Default, loss=0.4201, RMSE_MU_per_atom=0.00 mDebye, RMSE_MU_DERIV=0.00 mDebye / A, RMSE_ALPHA_per_atom=    0.04, RMSE_ALPHA_DERIV=    1.83
2025-07-12 03:57:36.221 INFO: Epoch 804: head: Default, loss=0.4188, RMSE_MU_per_atom=0.00 mDebye, RMSE_MU_DERIV=0.00 mDebye / A, RMSE_ALPHA_per_atom=    0.03, RMSE_ALPHA_DERIV=    1.83
2025-07-12 03:58:05.835 INFO: Epoch 805: head: Default, loss=0.4219, RMSE_MU_per_atom=0.00 mDebye, RMSE_MU_DERIV=0.00 mDebye / A, RMSE_ALPHA_per_atom=    0.03, RMSE_ALPHA_DERIV=    1.83
2025-07-12 03:58:35.453 INFO: Epoch 806: head: Default, loss=0.4137, RMSE_MU_per_atom=0.00 mDebye, RMSE_MU_DERIV=0.00 mDebye / A, RMSE_ALPHA_per_atom=    0.03, RMSE_ALPHA_DERIV=    1.82
2025-07-12 03:59:05.072 INFO: Epoch 807: head: Default, loss=0.4198, RMSE_MU_per_atom=0.00 mDebye, RMSE_MU_DERIV=0.00 mDebye / A, RMSE_ALPHA_per_atom=    0.03, RMSE_ALPHA_DERIV=    1.83
2025-07-12 03:59:34.690 INFO: Epoch 808: head: Default, loss=0.4152, RMSE_MU_per_atom=0.00 mDebye, RMSE_MU_DERIV=0.00 mDebye / A, RMSE_ALPHA_per_atom=    0.03, RMSE_ALPHA_DERIV=    1.82
2025-07-12 04:00:04.324 INFO: Epoch 809: head: Default, loss=0.4155, RMSE_MU_per_atom=0.00 mDebye, RMSE_MU_DERIV=0.00 mDebye / A, RMSE_ALPHA_per_atom=    0.03, RMSE_ALPHA_DERIV=    1.82
2025-07-12 04:00:33.958 INFO: Epoch 810: head: Default, loss=0.4168, RMSE_MU_per_atom=0.00 mDebye, RMSE_MU_DERIV=0.00 mDebye / A, RMSE_ALPHA_per_atom=    0.03, RMSE_ALPHA_DERIV=    1.82
2025-07-12 04:01:03.592 INFO: Epoch 811: head: Default, loss=0.4181, RMSE_MU_per_atom=0.00 mDebye, RMSE_MU_DERIV=0.00 mDebye / A, RMSE_ALPHA_per_atom=    0.04, RMSE_ALPHA_DERIV=    1.82
2025-07-12 04:01:33.215 INFO: Epoch 812: head: Default, loss=0.4156, RMSE_MU_per_atom=0.00 mDebye, RMSE_MU_DERIV=0.00 mDebye / A, RMSE_ALPHA_per_atom=    0.03, RMSE_ALPHA_DERIV=    1.82
2025-07-12 04:02:02.841 INFO: Epoch 813: head: Default, loss=0.4174, RMSE_MU_per_atom=0.00 mDebye, RMSE_MU_DERIV=0.00 mDebye / A, RMSE_ALPHA_per_atom=    0.03, RMSE_ALPHA_DERIV=    1.82
2025-07-12 04:02:32.460 INFO: Epoch 814: head: Default, loss=0.4169, RMSE_MU_per_atom=0.00 mDebye, RMSE_MU_DERIV=0.00 mDebye / A, RMSE_ALPHA_per_atom=    0.03, RMSE_ALPHA_DERIV=    1.82
2025-07-12 04:03:02.085 INFO: Epoch 815: head: Default, loss=0.4187, RMSE_MU_per_atom=0.00 mDebye, RMSE_MU_DERIV=0.00 mDebye / A, RMSE_ALPHA_per_atom=    0.03, RMSE_ALPHA_DERIV=    1.83
2025-07-12 04:03:31.731 INFO: Epoch 816: head: Default, loss=0.4151, RMSE_MU_per_atom=0.00 mDebye, RMSE_MU_DERIV=0.00 mDebye / A, RMSE_ALPHA_per_atom=    0.03, RMSE_ALPHA_DERIV=    1.82
2025-07-12 04:04:01.356 INFO: Epoch 817: head: Default, loss=0.4190, RMSE_MU_per_atom=0.00 mDebye, RMSE_MU_DERIV=0.00 mDebye / A, RMSE_ALPHA_per_atom=    0.03, RMSE_ALPHA_DERIV=    1.83
2025-07-12 04:04:30.992 INFO: Epoch 818: head: Default, loss=0.4124, RMSE_MU_per_atom=0.00 mDebye, RMSE_MU_DERIV=0.00 mDebye / A, RMSE_ALPHA_per_atom=    0.03, RMSE_ALPHA_DERIV=    1.81
2025-07-12 04:05:00.618 INFO: Epoch 819: head: Default, loss=0.4172, RMSE_MU_per_atom=0.00 mDebye, RMSE_MU_DERIV=0.00 mDebye / A, RMSE_ALPHA_per_atom=    0.03, RMSE_ALPHA_DERIV=    1.82
2025-07-12 04:05:30.245 INFO: Epoch 820: head: Default, loss=0.4179, RMSE_MU_per_atom=0.00 mDebye, RMSE_MU_DERIV=0.00 mDebye / A, RMSE_ALPHA_per_atom=    0.03, RMSE_ALPHA_DERIV=    1.83
2025-07-12 04:05:59.871 INFO: Epoch 821: head: Default, loss=0.4195, RMSE_MU_per_atom=0.00 mDebye, RMSE_MU_DERIV=0.00 mDebye / A, RMSE_ALPHA_per_atom=    0.03, RMSE_ALPHA_DERIV=    1.83
2025-07-12 04:06:29.494 INFO: Epoch 822: head: Default, loss=0.4155, RMSE_MU_per_atom=0.00 mDebye, RMSE_MU_DERIV=0.00 mDebye / A, RMSE_ALPHA_per_atom=    0.03, RMSE_ALPHA_DERIV=    1.82
2025-07-12 04:06:59.114 INFO: Epoch 823: head: Default, loss=0.4200, RMSE_MU_per_atom=0.00 mDebye, RMSE_MU_DERIV=0.00 mDebye / A, RMSE_ALPHA_per_atom=    0.03, RMSE_ALPHA_DERIV=    1.83
2025-07-12 04:07:28.728 INFO: Epoch 824: head: Default, loss=0.4148, RMSE_MU_per_atom=0.00 mDebye, RMSE_MU_DERIV=0.00 mDebye / A, RMSE_ALPHA_per_atom=    0.03, RMSE_ALPHA_DERIV=    1.82
2025-07-12 04:07:58.353 INFO: Epoch 825: head: Default, loss=0.4185, RMSE_MU_per_atom=0.00 mDebye, RMSE_MU_DERIV=0.00 mDebye / A, RMSE_ALPHA_per_atom=    0.03, RMSE_ALPHA_DERIV=    1.83
2025-07-12 04:08:27.965 INFO: Epoch 826: head: Default, loss=0.4215, RMSE_MU_per_atom=0.00 mDebye, RMSE_MU_DERIV=0.00 mDebye / A, RMSE_ALPHA_per_atom=    0.03, RMSE_ALPHA_DERIV=    1.83
2025-07-12 04:08:57.579 INFO: Epoch 827: head: Default, loss=0.4180, RMSE_MU_per_atom=0.00 mDebye, RMSE_MU_DERIV=0.00 mDebye / A, RMSE_ALPHA_per_atom=    0.03, RMSE_ALPHA_DERIV=    1.83
2025-07-12 04:09:27.193 INFO: Epoch 828: head: Default, loss=0.4167, RMSE_MU_per_atom=0.00 mDebye, RMSE_MU_DERIV=0.00 mDebye / A, RMSE_ALPHA_per_atom=    0.04, RMSE_ALPHA_DERIV=    1.82
2025-07-12 04:09:56.805 INFO: Epoch 829: head: Default, loss=0.4186, RMSE_MU_per_atom=0.00 mDebye, RMSE_MU_DERIV=0.00 mDebye / A, RMSE_ALPHA_per_atom=    0.04, RMSE_ALPHA_DERIV=    1.83
2025-07-12 04:10:26.425 INFO: Epoch 830: head: Default, loss=0.4148, RMSE_MU_per_atom=0.00 mDebye, RMSE_MU_DERIV=0.00 mDebye / A, RMSE_ALPHA_per_atom=    0.03, RMSE_ALPHA_DERIV=    1.82
2025-07-12 04:10:56.037 INFO: Epoch 831: head: Default, loss=0.4180, RMSE_MU_per_atom=0.00 mDebye, RMSE_MU_DERIV=0.00 mDebye / A, RMSE_ALPHA_per_atom=    0.03, RMSE_ALPHA_DERIV=    1.83
2025-07-12 04:11:25.646 INFO: Epoch 832: head: Default, loss=0.4251, RMSE_MU_per_atom=0.00 mDebye, RMSE_MU_DERIV=0.00 mDebye / A, RMSE_ALPHA_per_atom=    0.03, RMSE_ALPHA_DERIV=    1.84
2025-07-12 04:11:55.256 INFO: Epoch 833: head: Default, loss=0.4196, RMSE_MU_per_atom=0.00 mDebye, RMSE_MU_DERIV=0.00 mDebye / A, RMSE_ALPHA_per_atom=    0.03, RMSE_ALPHA_DERIV=    1.83
2025-07-12 04:12:24.863 INFO: Epoch 834: head: Default, loss=0.4169, RMSE_MU_per_atom=0.00 mDebye, RMSE_MU_DERIV=0.00 mDebye / A, RMSE_ALPHA_per_atom=    0.03, RMSE_ALPHA_DERIV=    1.82
2025-07-12 04:12:54.481 INFO: Epoch 835: head: Default, loss=0.4181, RMSE_MU_per_atom=0.00 mDebye, RMSE_MU_DERIV=0.00 mDebye / A, RMSE_ALPHA_per_atom=    0.04, RMSE_ALPHA_DERIV=    1.83
2025-07-12 04:13:24.092 INFO: Epoch 836: head: Default, loss=0.4181, RMSE_MU_per_atom=0.00 mDebye, RMSE_MU_DERIV=0.00 mDebye / A, RMSE_ALPHA_per_atom=    0.03, RMSE_ALPHA_DERIV=    1.83
2025-07-12 04:13:53.714 INFO: Epoch 837: head: Default, loss=0.4208, RMSE_MU_per_atom=0.00 mDebye, RMSE_MU_DERIV=0.00 mDebye / A, RMSE_ALPHA_per_atom=    0.03, RMSE_ALPHA_DERIV=    1.83
2025-07-12 04:14:23.339 INFO: Epoch 838: head: Default, loss=0.4169, RMSE_MU_per_atom=0.00 mDebye, RMSE_MU_DERIV=0.00 mDebye / A, RMSE_ALPHA_per_atom=    0.03, RMSE_ALPHA_DERIV=    1.82
2025-07-12 04:14:52.962 INFO: Epoch 839: head: Default, loss=0.4182, RMSE_MU_per_atom=0.00 mDebye, RMSE_MU_DERIV=0.00 mDebye / A, RMSE_ALPHA_per_atom=    0.03, RMSE_ALPHA_DERIV=    1.83
2025-07-12 04:15:22.587 INFO: Epoch 840: head: Default, loss=0.4147, RMSE_MU_per_atom=0.00 mDebye, RMSE_MU_DERIV=0.00 mDebye / A, RMSE_ALPHA_per_atom=    0.03, RMSE_ALPHA_DERIV=    1.82
2025-07-12 04:15:52.210 INFO: Epoch 841: head: Default, loss=0.4194, RMSE_MU_per_atom=0.00 mDebye, RMSE_MU_DERIV=0.00 mDebye / A, RMSE_ALPHA_per_atom=    0.03, RMSE_ALPHA_DERIV=    1.83
2025-07-12 04:16:21.832 INFO: Epoch 842: head: Default, loss=0.4184, RMSE_MU_per_atom=0.00 mDebye, RMSE_MU_DERIV=0.00 mDebye / A, RMSE_ALPHA_per_atom=    0.03, RMSE_ALPHA_DERIV=    1.83
2025-07-12 04:16:51.455 INFO: Epoch 843: head: Default, loss=0.4155, RMSE_MU_per_atom=0.00 mDebye, RMSE_MU_DERIV=0.00 mDebye / A, RMSE_ALPHA_per_atom=    0.03, RMSE_ALPHA_DERIV=    1.82
2025-07-12 04:17:21.078 INFO: Epoch 844: head: Default, loss=0.4158, RMSE_MU_per_atom=0.00 mDebye, RMSE_MU_DERIV=0.00 mDebye / A, RMSE_ALPHA_per_atom=    0.03, RMSE_ALPHA_DERIV=    1.82
2025-07-12 04:17:50.693 INFO: Epoch 845: head: Default, loss=0.4174, RMSE_MU_per_atom=0.00 mDebye, RMSE_MU_DERIV=0.00 mDebye / A, RMSE_ALPHA_per_atom=    0.03, RMSE_ALPHA_DERIV=    1.82
2025-07-12 04:18:20.309 INFO: Epoch 846: head: Default, loss=0.4227, RMSE_MU_per_atom=0.00 mDebye, RMSE_MU_DERIV=0.00 mDebye / A, RMSE_ALPHA_per_atom=    0.03, RMSE_ALPHA_DERIV=    1.84
2025-07-12 04:18:49.927 INFO: Epoch 847: head: Default, loss=0.4175, RMSE_MU_per_atom=0.00 mDebye, RMSE_MU_DERIV=0.00 mDebye / A, RMSE_ALPHA_per_atom=    0.03, RMSE_ALPHA_DERIV=    1.83
2025-07-12 04:19:19.540 INFO: Epoch 848: head: Default, loss=0.4153, RMSE_MU_per_atom=0.00 mDebye, RMSE_MU_DERIV=0.00 mDebye / A, RMSE_ALPHA_per_atom=    0.03, RMSE_ALPHA_DERIV=    1.82
2025-07-12 04:19:49.152 INFO: Epoch 849: head: Default, loss=0.4168, RMSE_MU_per_atom=0.00 mDebye, RMSE_MU_DERIV=0.00 mDebye / A, RMSE_ALPHA_per_atom=    0.03, RMSE_ALPHA_DERIV=    1.82
2025-07-12 04:20:18.773 INFO: Epoch 850: head: Default, loss=0.4206, RMSE_MU_per_atom=0.00 mDebye, RMSE_MU_DERIV=0.00 mDebye / A, RMSE_ALPHA_per_atom=    0.03, RMSE_ALPHA_DERIV=    1.83
2025-07-12 04:20:48.389 INFO: Epoch 851: head: Default, loss=0.4166, RMSE_MU_per_atom=0.00 mDebye, RMSE_MU_DERIV=0.00 mDebye / A, RMSE_ALPHA_per_atom=    0.03, RMSE_ALPHA_DERIV=    1.82
2025-07-12 04:21:18.004 INFO: Epoch 852: head: Default, loss=0.4180, RMSE_MU_per_atom=0.00 mDebye, RMSE_MU_DERIV=0.00 mDebye / A, RMSE_ALPHA_per_atom=    0.03, RMSE_ALPHA_DERIV=    1.83
2025-07-12 04:21:47.609 INFO: Epoch 853: head: Default, loss=0.4170, RMSE_MU_per_atom=0.00 mDebye, RMSE_MU_DERIV=0.00 mDebye / A, RMSE_ALPHA_per_atom=    0.03, RMSE_ALPHA_DERIV=    1.82
2025-07-12 04:22:17.223 INFO: Epoch 854: head: Default, loss=0.4195, RMSE_MU_per_atom=0.00 mDebye, RMSE_MU_DERIV=0.00 mDebye / A, RMSE_ALPHA_per_atom=    0.03, RMSE_ALPHA_DERIV=    1.83
2025-07-12 04:22:46.840 INFO: Epoch 855: head: Default, loss=0.4143, RMSE_MU_per_atom=0.00 mDebye, RMSE_MU_DERIV=0.00 mDebye / A, RMSE_ALPHA_per_atom=    0.03, RMSE_ALPHA_DERIV=    1.82
2025-07-12 04:23:16.451 INFO: Epoch 856: head: Default, loss=0.4150, RMSE_MU_per_atom=0.00 mDebye, RMSE_MU_DERIV=0.00 mDebye / A, RMSE_ALPHA_per_atom=    0.04, RMSE_ALPHA_DERIV=    1.82
2025-07-12 04:23:46.057 INFO: Epoch 857: head: Default, loss=0.4183, RMSE_MU_per_atom=0.00 mDebye, RMSE_MU_DERIV=0.00 mDebye / A, RMSE_ALPHA_per_atom=    0.03, RMSE_ALPHA_DERIV=    1.83
2025-07-12 04:24:15.664 INFO: Epoch 858: head: Default, loss=0.4180, RMSE_MU_per_atom=0.00 mDebye, RMSE_MU_DERIV=0.00 mDebye / A, RMSE_ALPHA_per_atom=    0.03, RMSE_ALPHA_DERIV=    1.83
2025-07-12 04:24:45.264 INFO: Epoch 859: head: Default, loss=0.4191, RMSE_MU_per_atom=0.00 mDebye, RMSE_MU_DERIV=0.00 mDebye / A, RMSE_ALPHA_per_atom=    0.03, RMSE_ALPHA_DERIV=    1.83
2025-07-12 04:25:14.877 INFO: Epoch 860: head: Default, loss=0.4163, RMSE_MU_per_atom=0.00 mDebye, RMSE_MU_DERIV=0.00 mDebye / A, RMSE_ALPHA_per_atom=    0.03, RMSE_ALPHA_DERIV=    1.82
2025-07-12 04:25:44.498 INFO: Epoch 861: head: Default, loss=0.4204, RMSE_MU_per_atom=0.00 mDebye, RMSE_MU_DERIV=0.00 mDebye / A, RMSE_ALPHA_per_atom=    0.03, RMSE_ALPHA_DERIV=    1.83
2025-07-12 04:26:14.118 INFO: Epoch 862: head: Default, loss=0.4152, RMSE_MU_per_atom=0.00 mDebye, RMSE_MU_DERIV=0.00 mDebye / A, RMSE_ALPHA_per_atom=    0.03, RMSE_ALPHA_DERIV=    1.82
2025-07-12 04:26:43.744 INFO: Epoch 863: head: Default, loss=0.4197, RMSE_MU_per_atom=0.00 mDebye, RMSE_MU_DERIV=0.00 mDebye / A, RMSE_ALPHA_per_atom=    0.03, RMSE_ALPHA_DERIV=    1.83
2025-07-12 04:27:13.365 INFO: Epoch 864: head: Default, loss=0.4210, RMSE_MU_per_atom=0.00 mDebye, RMSE_MU_DERIV=0.00 mDebye / A, RMSE_ALPHA_per_atom=    0.03, RMSE_ALPHA_DERIV=    1.83
2025-07-12 04:27:43.002 INFO: Epoch 865: head: Default, loss=0.4200, RMSE_MU_per_atom=0.00 mDebye, RMSE_MU_DERIV=0.00 mDebye / A, RMSE_ALPHA_per_atom=    0.03, RMSE_ALPHA_DERIV=    1.83
2025-07-12 04:28:12.633 INFO: Epoch 866: head: Default, loss=0.4175, RMSE_MU_per_atom=0.00 mDebye, RMSE_MU_DERIV=0.00 mDebye / A, RMSE_ALPHA_per_atom=    0.03, RMSE_ALPHA_DERIV=    1.83
2025-07-12 04:28:42.247 INFO: Epoch 867: head: Default, loss=0.4153, RMSE_MU_per_atom=0.00 mDebye, RMSE_MU_DERIV=0.00 mDebye / A, RMSE_ALPHA_per_atom=    0.03, RMSE_ALPHA_DERIV=    1.82
2025-07-12 04:29:11.856 INFO: Epoch 868: head: Default, loss=0.4198, RMSE_MU_per_atom=0.00 mDebye, RMSE_MU_DERIV=0.00 mDebye / A, RMSE_ALPHA_per_atom=    0.03, RMSE_ALPHA_DERIV=    1.83
2025-07-12 04:29:41.460 INFO: Epoch 869: head: Default, loss=0.4183, RMSE_MU_per_atom=0.00 mDebye, RMSE_MU_DERIV=0.00 mDebye / A, RMSE_ALPHA_per_atom=    0.03, RMSE_ALPHA_DERIV=    1.83
2025-07-12 04:30:11.073 INFO: Epoch 870: head: Default, loss=0.4194, RMSE_MU_per_atom=0.00 mDebye, RMSE_MU_DERIV=0.00 mDebye / A, RMSE_ALPHA_per_atom=    0.03, RMSE_ALPHA_DERIV=    1.83
2025-07-12 04:30:40.683 INFO: Epoch 871: head: Default, loss=0.4209, RMSE_MU_per_atom=0.00 mDebye, RMSE_MU_DERIV=0.00 mDebye / A, RMSE_ALPHA_per_atom=    0.03, RMSE_ALPHA_DERIV=    1.83
2025-07-12 04:31:10.297 INFO: Epoch 872: head: Default, loss=0.4166, RMSE_MU_per_atom=0.00 mDebye, RMSE_MU_DERIV=0.00 mDebye / A, RMSE_ALPHA_per_atom=    0.03, RMSE_ALPHA_DERIV=    1.82
2025-07-12 04:31:39.916 INFO: Epoch 873: head: Default, loss=0.4218, RMSE_MU_per_atom=0.00 mDebye, RMSE_MU_DERIV=0.00 mDebye / A, RMSE_ALPHA_per_atom=    0.03, RMSE_ALPHA_DERIV=    1.83
2025-07-12 04:32:09.531 INFO: Epoch 874: head: Default, loss=0.4163, RMSE_MU_per_atom=0.00 mDebye, RMSE_MU_DERIV=0.00 mDebye / A, RMSE_ALPHA_per_atom=    0.03, RMSE_ALPHA_DERIV=    1.82
2025-07-12 04:32:39.145 INFO: Epoch 875: head: Default, loss=0.4184, RMSE_MU_per_atom=0.00 mDebye, RMSE_MU_DERIV=0.00 mDebye / A, RMSE_ALPHA_per_atom=    0.03, RMSE_ALPHA_DERIV=    1.83
2025-07-12 04:33:08.765 INFO: Epoch 876: head: Default, loss=0.4210, RMSE_MU_per_atom=0.00 mDebye, RMSE_MU_DERIV=0.00 mDebye / A, RMSE_ALPHA_per_atom=    0.03, RMSE_ALPHA_DERIV=    1.83
2025-07-12 04:33:38.376 INFO: Epoch 877: head: Default, loss=0.4144, RMSE_MU_per_atom=0.00 mDebye, RMSE_MU_DERIV=0.00 mDebye / A, RMSE_ALPHA_per_atom=    0.03, RMSE_ALPHA_DERIV=    1.82
2025-07-12 04:34:07.984 INFO: Epoch 878: head: Default, loss=0.4199, RMSE_MU_per_atom=0.00 mDebye, RMSE_MU_DERIV=0.00 mDebye / A, RMSE_ALPHA_per_atom=    0.03, RMSE_ALPHA_DERIV=    1.83
2025-07-12 04:34:37.596 INFO: Epoch 879: head: Default, loss=0.4207, RMSE_MU_per_atom=0.00 mDebye, RMSE_MU_DERIV=0.00 mDebye / A, RMSE_ALPHA_per_atom=    0.03, RMSE_ALPHA_DERIV=    1.83
2025-07-12 04:35:07.210 INFO: Epoch 880: head: Default, loss=0.4197, RMSE_MU_per_atom=0.00 mDebye, RMSE_MU_DERIV=0.00 mDebye / A, RMSE_ALPHA_per_atom=    0.03, RMSE_ALPHA_DERIV=    1.83
2025-07-12 04:35:36.832 INFO: Epoch 881: head: Default, loss=0.4207, RMSE_MU_per_atom=0.00 mDebye, RMSE_MU_DERIV=0.00 mDebye / A, RMSE_ALPHA_per_atom=    0.03, RMSE_ALPHA_DERIV=    1.83
2025-07-12 04:36:06.470 INFO: Epoch 882: head: Default, loss=0.4198, RMSE_MU_per_atom=0.00 mDebye, RMSE_MU_DERIV=0.00 mDebye / A, RMSE_ALPHA_per_atom=    0.03, RMSE_ALPHA_DERIV=    1.83
2025-07-12 04:36:36.099 INFO: Epoch 883: head: Default, loss=0.4201, RMSE_MU_per_atom=0.00 mDebye, RMSE_MU_DERIV=0.00 mDebye / A, RMSE_ALPHA_per_atom=    0.03, RMSE_ALPHA_DERIV=    1.83
2025-07-12 04:37:05.726 INFO: Epoch 884: head: Default, loss=0.4189, RMSE_MU_per_atom=0.00 mDebye, RMSE_MU_DERIV=0.00 mDebye / A, RMSE_ALPHA_per_atom=    0.03, RMSE_ALPHA_DERIV=    1.83
2025-07-12 04:37:35.360 INFO: Epoch 885: head: Default, loss=0.4210, RMSE_MU_per_atom=0.00 mDebye, RMSE_MU_DERIV=0.00 mDebye / A, RMSE_ALPHA_per_atom=    0.03, RMSE_ALPHA_DERIV=    1.83
2025-07-12 04:38:04.979 INFO: Epoch 886: head: Default, loss=0.4158, RMSE_MU_per_atom=0.00 mDebye, RMSE_MU_DERIV=0.00 mDebye / A, RMSE_ALPHA_per_atom=    0.03, RMSE_ALPHA_DERIV=    1.82
2025-07-12 04:38:34.596 INFO: Epoch 887: head: Default, loss=0.4186, RMSE_MU_per_atom=0.00 mDebye, RMSE_MU_DERIV=0.00 mDebye / A, RMSE_ALPHA_per_atom=    0.03, RMSE_ALPHA_DERIV=    1.83
2025-07-12 04:39:04.214 INFO: Epoch 888: head: Default, loss=0.4202, RMSE_MU_per_atom=0.00 mDebye, RMSE_MU_DERIV=0.00 mDebye / A, RMSE_ALPHA_per_atom=    0.03, RMSE_ALPHA_DERIV=    1.83
2025-07-12 04:39:33.826 INFO: Epoch 889: head: Default, loss=0.4175, RMSE_MU_per_atom=0.00 mDebye, RMSE_MU_DERIV=0.00 mDebye / A, RMSE_ALPHA_per_atom=    0.03, RMSE_ALPHA_DERIV=    1.83
2025-07-12 04:40:03.446 INFO: Epoch 890: head: Default, loss=0.4189, RMSE_MU_per_atom=0.00 mDebye, RMSE_MU_DERIV=0.00 mDebye / A, RMSE_ALPHA_per_atom=    0.03, RMSE_ALPHA_DERIV=    1.83
2025-07-12 04:40:33.066 INFO: Epoch 891: head: Default, loss=0.4179, RMSE_MU_per_atom=0.00 mDebye, RMSE_MU_DERIV=0.00 mDebye / A, RMSE_ALPHA_per_atom=    0.03, RMSE_ALPHA_DERIV=    1.83
2025-07-12 04:41:02.678 INFO: Epoch 892: head: Default, loss=0.4199, RMSE_MU_per_atom=0.00 mDebye, RMSE_MU_DERIV=0.00 mDebye / A, RMSE_ALPHA_per_atom=    0.03, RMSE_ALPHA_DERIV=    1.83
2025-07-12 04:41:32.300 INFO: Epoch 893: head: Default, loss=0.4171, RMSE_MU_per_atom=0.00 mDebye, RMSE_MU_DERIV=0.00 mDebye / A, RMSE_ALPHA_per_atom=    0.03, RMSE_ALPHA_DERIV=    1.82
2025-07-12 04:42:01.912 INFO: Epoch 894: head: Default, loss=0.4183, RMSE_MU_per_atom=0.00 mDebye, RMSE_MU_DERIV=0.00 mDebye / A, RMSE_ALPHA_per_atom=    0.03, RMSE_ALPHA_DERIV=    1.83
2025-07-12 04:42:31.526 INFO: Epoch 895: head: Default, loss=0.4162, RMSE_MU_per_atom=0.00 mDebye, RMSE_MU_DERIV=0.00 mDebye / A, RMSE_ALPHA_per_atom=    0.03, RMSE_ALPHA_DERIV=    1.82
2025-07-12 04:43:01.141 INFO: Epoch 896: head: Default, loss=0.4181, RMSE_MU_per_atom=0.00 mDebye, RMSE_MU_DERIV=0.00 mDebye / A, RMSE_ALPHA_per_atom=    0.03, RMSE_ALPHA_DERIV=    1.83
2025-07-12 04:43:30.755 INFO: Epoch 897: head: Default, loss=0.4194, RMSE_MU_per_atom=0.00 mDebye, RMSE_MU_DERIV=0.00 mDebye / A, RMSE_ALPHA_per_atom=    0.03, RMSE_ALPHA_DERIV=    1.83
2025-07-12 04:44:00.374 INFO: Epoch 898: head: Default, loss=0.4197, RMSE_MU_per_atom=0.00 mDebye, RMSE_MU_DERIV=0.00 mDebye / A, RMSE_ALPHA_per_atom=    0.03, RMSE_ALPHA_DERIV=    1.83
2025-07-12 04:44:29.986 INFO: Epoch 899: head: Default, loss=0.4213, RMSE_MU_per_atom=0.00 mDebye, RMSE_MU_DERIV=0.00 mDebye / A, RMSE_ALPHA_per_atom=    0.03, RMSE_ALPHA_DERIV=    1.83
2025-07-12 04:44:59.605 INFO: Epoch 900: head: Default, loss=0.4169, RMSE_MU_per_atom=0.00 mDebye, RMSE_MU_DERIV=0.00 mDebye / A, RMSE_ALPHA_per_atom=    0.03, RMSE_ALPHA_DERIV=    1.82
2025-07-12 04:45:29.215 INFO: Epoch 901: head: Default, loss=0.4167, RMSE_MU_per_atom=0.00 mDebye, RMSE_MU_DERIV=0.00 mDebye / A, RMSE_ALPHA_per_atom=    0.03, RMSE_ALPHA_DERIV=    1.82
2025-07-12 04:45:58.830 INFO: Epoch 902: head: Default, loss=0.4184, RMSE_MU_per_atom=0.00 mDebye, RMSE_MU_DERIV=0.00 mDebye / A, RMSE_ALPHA_per_atom=    0.03, RMSE_ALPHA_DERIV=    1.83
2025-07-12 04:46:28.445 INFO: Epoch 903: head: Default, loss=0.4191, RMSE_MU_per_atom=0.00 mDebye, RMSE_MU_DERIV=0.00 mDebye / A, RMSE_ALPHA_per_atom=    0.03, RMSE_ALPHA_DERIV=    1.83
2025-07-12 04:46:58.062 INFO: Epoch 904: head: Default, loss=0.4221, RMSE_MU_per_atom=0.00 mDebye, RMSE_MU_DERIV=0.00 mDebye / A, RMSE_ALPHA_per_atom=    0.03, RMSE_ALPHA_DERIV=    1.84
2025-07-12 04:47:27.676 INFO: Epoch 905: head: Default, loss=0.4184, RMSE_MU_per_atom=0.00 mDebye, RMSE_MU_DERIV=0.00 mDebye / A, RMSE_ALPHA_per_atom=    0.03, RMSE_ALPHA_DERIV=    1.83
2025-07-12 04:47:57.282 INFO: Epoch 906: head: Default, loss=0.4175, RMSE_MU_per_atom=0.00 mDebye, RMSE_MU_DERIV=0.00 mDebye / A, RMSE_ALPHA_per_atom=    0.03, RMSE_ALPHA_DERIV=    1.83
2025-07-12 04:48:26.886 INFO: Epoch 907: head: Default, loss=0.4183, RMSE_MU_per_atom=0.00 mDebye, RMSE_MU_DERIV=0.00 mDebye / A, RMSE_ALPHA_per_atom=    0.03, RMSE_ALPHA_DERIV=    1.83
2025-07-12 04:48:56.507 INFO: Epoch 908: head: Default, loss=0.4178, RMSE_MU_per_atom=0.00 mDebye, RMSE_MU_DERIV=0.00 mDebye / A, RMSE_ALPHA_per_atom=    0.03, RMSE_ALPHA_DERIV=    1.83
2025-07-12 04:49:26.121 INFO: Epoch 909: head: Default, loss=0.4193, RMSE_MU_per_atom=0.00 mDebye, RMSE_MU_DERIV=0.00 mDebye / A, RMSE_ALPHA_per_atom=    0.03, RMSE_ALPHA_DERIV=    1.83
2025-07-12 04:49:55.739 INFO: Epoch 910: head: Default, loss=0.4213, RMSE_MU_per_atom=0.00 mDebye, RMSE_MU_DERIV=0.00 mDebye / A, RMSE_ALPHA_per_atom=    0.03, RMSE_ALPHA_DERIV=    1.83
2025-07-12 04:50:25.355 INFO: Epoch 911: head: Default, loss=0.4174, RMSE_MU_per_atom=0.00 mDebye, RMSE_MU_DERIV=0.00 mDebye / A, RMSE_ALPHA_per_atom=    0.03, RMSE_ALPHA_DERIV=    1.83
2025-07-12 04:50:54.967 INFO: Epoch 912: head: Default, loss=0.4184, RMSE_MU_per_atom=0.00 mDebye, RMSE_MU_DERIV=0.00 mDebye / A, RMSE_ALPHA_per_atom=    0.03, RMSE_ALPHA_DERIV=    1.83
2025-07-12 04:51:24.589 INFO: Epoch 913: head: Default, loss=0.4186, RMSE_MU_per_atom=0.00 mDebye, RMSE_MU_DERIV=0.00 mDebye / A, RMSE_ALPHA_per_atom=    0.03, RMSE_ALPHA_DERIV=    1.83
2025-07-12 04:51:54.206 INFO: Epoch 914: head: Default, loss=0.4198, RMSE_MU_per_atom=0.00 mDebye, RMSE_MU_DERIV=0.00 mDebye / A, RMSE_ALPHA_per_atom=    0.03, RMSE_ALPHA_DERIV=    1.83
2025-07-12 04:52:23.836 INFO: Epoch 915: head: Default, loss=0.4195, RMSE_MU_per_atom=0.00 mDebye, RMSE_MU_DERIV=0.00 mDebye / A, RMSE_ALPHA_per_atom=    0.03, RMSE_ALPHA_DERIV=    1.83
2025-07-12 04:52:53.453 INFO: Epoch 916: head: Default, loss=0.4160, RMSE_MU_per_atom=0.00 mDebye, RMSE_MU_DERIV=0.00 mDebye / A, RMSE_ALPHA_per_atom=    0.03, RMSE_ALPHA_DERIV=    1.82
2025-07-12 04:53:23.066 INFO: Epoch 917: head: Default, loss=0.4192, RMSE_MU_per_atom=0.00 mDebye, RMSE_MU_DERIV=0.00 mDebye / A, RMSE_ALPHA_per_atom=    0.03, RMSE_ALPHA_DERIV=    1.83
2025-07-12 04:53:52.682 INFO: Epoch 918: head: Default, loss=0.4188, RMSE_MU_per_atom=0.00 mDebye, RMSE_MU_DERIV=0.00 mDebye / A, RMSE_ALPHA_per_atom=    0.03, RMSE_ALPHA_DERIV=    1.83
2025-07-12 04:54:22.313 INFO: Epoch 919: head: Default, loss=0.4177, RMSE_MU_per_atom=0.00 mDebye, RMSE_MU_DERIV=0.00 mDebye / A, RMSE_ALPHA_per_atom=    0.03, RMSE_ALPHA_DERIV=    1.83
2025-07-12 04:54:51.932 INFO: Epoch 920: head: Default, loss=0.4204, RMSE_MU_per_atom=0.00 mDebye, RMSE_MU_DERIV=0.00 mDebye / A, RMSE_ALPHA_per_atom=    0.03, RMSE_ALPHA_DERIV=    1.83
2025-07-12 04:55:21.557 INFO: Epoch 921: head: Default, loss=0.4203, RMSE_MU_per_atom=0.00 mDebye, RMSE_MU_DERIV=0.00 mDebye / A, RMSE_ALPHA_per_atom=    0.03, RMSE_ALPHA_DERIV=    1.83
2025-07-12 04:55:51.178 INFO: Epoch 922: head: Default, loss=0.4165, RMSE_MU_per_atom=0.00 mDebye, RMSE_MU_DERIV=0.00 mDebye / A, RMSE_ALPHA_per_atom=    0.03, RMSE_ALPHA_DERIV=    1.82
2025-07-12 04:56:20.818 INFO: Epoch 923: head: Default, loss=0.4196, RMSE_MU_per_atom=0.00 mDebye, RMSE_MU_DERIV=0.00 mDebye / A, RMSE_ALPHA_per_atom=    0.03, RMSE_ALPHA_DERIV=    1.83
2025-07-12 04:56:50.435 INFO: Epoch 924: head: Default, loss=0.4181, RMSE_MU_per_atom=0.00 mDebye, RMSE_MU_DERIV=0.00 mDebye / A, RMSE_ALPHA_per_atom=    0.03, RMSE_ALPHA_DERIV=    1.83
2025-07-12 04:57:20.052 INFO: Epoch 925: head: Default, loss=0.4189, RMSE_MU_per_atom=0.00 mDebye, RMSE_MU_DERIV=0.00 mDebye / A, RMSE_ALPHA_per_atom=    0.03, RMSE_ALPHA_DERIV=    1.83
2025-07-12 04:57:49.675 INFO: Epoch 926: head: Default, loss=0.4170, RMSE_MU_per_atom=0.00 mDebye, RMSE_MU_DERIV=0.00 mDebye / A, RMSE_ALPHA_per_atom=    0.03, RMSE_ALPHA_DERIV=    1.82
2025-07-12 04:58:19.295 INFO: Epoch 927: head: Default, loss=0.4206, RMSE_MU_per_atom=0.00 mDebye, RMSE_MU_DERIV=0.00 mDebye / A, RMSE_ALPHA_per_atom=    0.03, RMSE_ALPHA_DERIV=    1.83
2025-07-12 04:58:48.910 INFO: Epoch 928: head: Default, loss=0.4191, RMSE_MU_per_atom=0.00 mDebye, RMSE_MU_DERIV=0.00 mDebye / A, RMSE_ALPHA_per_atom=    0.03, RMSE_ALPHA_DERIV=    1.83
2025-07-12 04:59:18.514 INFO: Epoch 929: head: Default, loss=0.4175, RMSE_MU_per_atom=0.00 mDebye, RMSE_MU_DERIV=0.00 mDebye / A, RMSE_ALPHA_per_atom=    0.03, RMSE_ALPHA_DERIV=    1.83
2025-07-12 04:59:48.129 INFO: Epoch 930: head: Default, loss=0.4186, RMSE_MU_per_atom=0.00 mDebye, RMSE_MU_DERIV=0.00 mDebye / A, RMSE_ALPHA_per_atom=    0.03, RMSE_ALPHA_DERIV=    1.83
2025-07-12 05:00:17.738 INFO: Epoch 931: head: Default, loss=0.4179, RMSE_MU_per_atom=0.00 mDebye, RMSE_MU_DERIV=0.00 mDebye / A, RMSE_ALPHA_per_atom=    0.03, RMSE_ALPHA_DERIV=    1.83
2025-07-12 05:00:47.359 INFO: Epoch 932: head: Default, loss=0.4203, RMSE_MU_per_atom=0.00 mDebye, RMSE_MU_DERIV=0.00 mDebye / A, RMSE_ALPHA_per_atom=    0.03, RMSE_ALPHA_DERIV=    1.83
2025-07-12 05:01:16.983 INFO: Epoch 933: head: Default, loss=0.4199, RMSE_MU_per_atom=0.00 mDebye, RMSE_MU_DERIV=0.00 mDebye / A, RMSE_ALPHA_per_atom=    0.03, RMSE_ALPHA_DERIV=    1.83
2025-07-12 05:01:46.621 INFO: Epoch 934: head: Default, loss=0.4196, RMSE_MU_per_atom=0.00 mDebye, RMSE_MU_DERIV=0.00 mDebye / A, RMSE_ALPHA_per_atom=    0.03, RMSE_ALPHA_DERIV=    1.83
2025-07-12 05:02:16.256 INFO: Epoch 935: head: Default, loss=0.4169, RMSE_MU_per_atom=0.00 mDebye, RMSE_MU_DERIV=0.00 mDebye / A, RMSE_ALPHA_per_atom=    0.03, RMSE_ALPHA_DERIV=    1.82
2025-07-12 05:02:45.879 INFO: Epoch 936: head: Default, loss=0.4168, RMSE_MU_per_atom=0.00 mDebye, RMSE_MU_DERIV=0.00 mDebye / A, RMSE_ALPHA_per_atom=    0.03, RMSE_ALPHA_DERIV=    1.82
2025-07-12 05:03:15.501 INFO: Epoch 937: head: Default, loss=0.4209, RMSE_MU_per_atom=0.00 mDebye, RMSE_MU_DERIV=0.00 mDebye / A, RMSE_ALPHA_per_atom=    0.03, RMSE_ALPHA_DERIV=    1.83
2025-07-12 05:03:45.113 INFO: Epoch 938: head: Default, loss=0.4192, RMSE_MU_per_atom=0.00 mDebye, RMSE_MU_DERIV=0.00 mDebye / A, RMSE_ALPHA_per_atom=    0.03, RMSE_ALPHA_DERIV=    1.83
2025-07-12 05:04:14.723 INFO: Epoch 939: head: Default, loss=0.4219, RMSE_MU_per_atom=0.00 mDebye, RMSE_MU_DERIV=0.00 mDebye / A, RMSE_ALPHA_per_atom=    0.03, RMSE_ALPHA_DERIV=    1.84
2025-07-12 05:04:44.335 INFO: Epoch 940: head: Default, loss=0.4201, RMSE_MU_per_atom=0.00 mDebye, RMSE_MU_DERIV=0.00 mDebye / A, RMSE_ALPHA_per_atom=    0.03, RMSE_ALPHA_DERIV=    1.83
2025-07-12 05:05:13.950 INFO: Epoch 941: head: Default, loss=0.4179, RMSE_MU_per_atom=0.00 mDebye, RMSE_MU_DERIV=0.00 mDebye / A, RMSE_ALPHA_per_atom=    0.03, RMSE_ALPHA_DERIV=    1.83
2025-07-12 05:05:43.565 INFO: Epoch 942: head: Default, loss=0.4170, RMSE_MU_per_atom=0.00 mDebye, RMSE_MU_DERIV=0.00 mDebye / A, RMSE_ALPHA_per_atom=    0.03, RMSE_ALPHA_DERIV=    1.82
2025-07-12 05:06:13.181 INFO: Epoch 943: head: Default, loss=0.4170, RMSE_MU_per_atom=0.00 mDebye, RMSE_MU_DERIV=0.00 mDebye / A, RMSE_ALPHA_per_atom=    0.03, RMSE_ALPHA_DERIV=    1.82
2025-07-12 05:06:42.797 INFO: Epoch 944: head: Default, loss=0.4190, RMSE_MU_per_atom=0.00 mDebye, RMSE_MU_DERIV=0.00 mDebye / A, RMSE_ALPHA_per_atom=    0.03, RMSE_ALPHA_DERIV=    1.83
2025-07-12 05:07:12.410 INFO: Epoch 945: head: Default, loss=0.4196, RMSE_MU_per_atom=0.00 mDebye, RMSE_MU_DERIV=0.00 mDebye / A, RMSE_ALPHA_per_atom=    0.03, RMSE_ALPHA_DERIV=    1.83
2025-07-12 05:07:42.026 INFO: Epoch 946: head: Default, loss=0.4193, RMSE_MU_per_atom=0.00 mDebye, RMSE_MU_DERIV=0.00 mDebye / A, RMSE_ALPHA_per_atom=    0.03, RMSE_ALPHA_DERIV=    1.83
2025-07-12 05:08:11.644 INFO: Epoch 947: head: Default, loss=0.4211, RMSE_MU_per_atom=0.00 mDebye, RMSE_MU_DERIV=0.00 mDebye / A, RMSE_ALPHA_per_atom=    0.03, RMSE_ALPHA_DERIV=    1.83
2025-07-12 05:08:41.261 INFO: Epoch 948: head: Default, loss=0.4205, RMSE_MU_per_atom=0.00 mDebye, RMSE_MU_DERIV=0.00 mDebye / A, RMSE_ALPHA_per_atom=    0.03, RMSE_ALPHA_DERIV=    1.83
2025-07-12 05:09:10.878 INFO: Epoch 949: head: Default, loss=0.4196, RMSE_MU_per_atom=0.00 mDebye, RMSE_MU_DERIV=0.00 mDebye / A, RMSE_ALPHA_per_atom=    0.03, RMSE_ALPHA_DERIV=    1.83
2025-07-12 05:09:40.498 INFO: Epoch 950: head: Default, loss=0.4179, RMSE_MU_per_atom=0.00 mDebye, RMSE_MU_DERIV=0.00 mDebye / A, RMSE_ALPHA_per_atom=    0.03, RMSE_ALPHA_DERIV=    1.83
2025-07-12 05:10:10.117 INFO: Epoch 951: head: Default, loss=0.4192, RMSE_MU_per_atom=0.00 mDebye, RMSE_MU_DERIV=0.00 mDebye / A, RMSE_ALPHA_per_atom=    0.03, RMSE_ALPHA_DERIV=    1.83
2025-07-12 05:10:39.729 INFO: Epoch 952: head: Default, loss=0.4215, RMSE_MU_per_atom=0.00 mDebye, RMSE_MU_DERIV=0.00 mDebye / A, RMSE_ALPHA_per_atom=    0.03, RMSE_ALPHA_DERIV=    1.83
2025-07-12 05:11:09.340 INFO: Epoch 953: head: Default, loss=0.4194, RMSE_MU_per_atom=0.00 mDebye, RMSE_MU_DERIV=0.00 mDebye / A, RMSE_ALPHA_per_atom=    0.03, RMSE_ALPHA_DERIV=    1.83
2025-07-12 05:11:38.956 INFO: Epoch 954: head: Default, loss=0.4191, RMSE_MU_per_atom=0.00 mDebye, RMSE_MU_DERIV=0.00 mDebye / A, RMSE_ALPHA_per_atom=    0.03, RMSE_ALPHA_DERIV=    1.83
2025-07-12 05:12:08.570 INFO: Epoch 955: head: Default, loss=0.4215, RMSE_MU_per_atom=0.00 mDebye, RMSE_MU_DERIV=0.00 mDebye / A, RMSE_ALPHA_per_atom=    0.03, RMSE_ALPHA_DERIV=    1.83
2025-07-12 05:12:38.184 INFO: Epoch 956: head: Default, loss=0.4203, RMSE_MU_per_atom=0.00 mDebye, RMSE_MU_DERIV=0.00 mDebye / A, RMSE_ALPHA_per_atom=    0.03, RMSE_ALPHA_DERIV=    1.83
2025-07-12 05:13:07.805 INFO: Epoch 957: head: Default, loss=0.4225, RMSE_MU_per_atom=0.00 mDebye, RMSE_MU_DERIV=0.00 mDebye / A, RMSE_ALPHA_per_atom=    0.03, RMSE_ALPHA_DERIV=    1.84
2025-07-12 05:13:37.425 INFO: Epoch 958: head: Default, loss=0.4167, RMSE_MU_per_atom=0.00 mDebye, RMSE_MU_DERIV=0.00 mDebye / A, RMSE_ALPHA_per_atom=    0.03, RMSE_ALPHA_DERIV=    1.82
2025-07-12 05:14:07.045 INFO: Epoch 959: head: Default, loss=0.4187, RMSE_MU_per_atom=0.00 mDebye, RMSE_MU_DERIV=0.00 mDebye / A, RMSE_ALPHA_per_atom=    0.03, RMSE_ALPHA_DERIV=    1.83
2025-07-12 05:14:36.667 INFO: Epoch 960: head: Default, loss=0.4192, RMSE_MU_per_atom=0.00 mDebye, RMSE_MU_DERIV=0.00 mDebye / A, RMSE_ALPHA_per_atom=    0.03, RMSE_ALPHA_DERIV=    1.83
2025-07-12 05:15:06.292 INFO: Epoch 961: head: Default, loss=0.4191, RMSE_MU_per_atom=0.00 mDebye, RMSE_MU_DERIV=0.00 mDebye / A, RMSE_ALPHA_per_atom=    0.03, RMSE_ALPHA_DERIV=    1.83
2025-07-12 05:15:35.916 INFO: Epoch 962: head: Default, loss=0.4191, RMSE_MU_per_atom=0.00 mDebye, RMSE_MU_DERIV=0.00 mDebye / A, RMSE_ALPHA_per_atom=    0.03, RMSE_ALPHA_DERIV=    1.83
2025-07-12 05:16:05.537 INFO: Epoch 963: head: Default, loss=0.4198, RMSE_MU_per_atom=0.00 mDebye, RMSE_MU_DERIV=0.00 mDebye / A, RMSE_ALPHA_per_atom=    0.03, RMSE_ALPHA_DERIV=    1.83
2025-07-12 05:16:35.161 INFO: Epoch 964: head: Default, loss=0.4203, RMSE_MU_per_atom=0.00 mDebye, RMSE_MU_DERIV=0.00 mDebye / A, RMSE_ALPHA_per_atom=    0.03, RMSE_ALPHA_DERIV=    1.83
2025-07-12 05:17:04.798 INFO: Epoch 965: head: Default, loss=0.4191, RMSE_MU_per_atom=0.00 mDebye, RMSE_MU_DERIV=0.00 mDebye / A, RMSE_ALPHA_per_atom=    0.03, RMSE_ALPHA_DERIV=    1.83
2025-07-12 05:17:34.433 INFO: Epoch 966: head: Default, loss=0.4205, RMSE_MU_per_atom=0.00 mDebye, RMSE_MU_DERIV=0.00 mDebye / A, RMSE_ALPHA_per_atom=    0.03, RMSE_ALPHA_DERIV=    1.83
2025-07-12 05:18:04.070 INFO: Epoch 967: head: Default, loss=0.4196, RMSE_MU_per_atom=0.00 mDebye, RMSE_MU_DERIV=0.00 mDebye / A, RMSE_ALPHA_per_atom=    0.03, RMSE_ALPHA_DERIV=    1.83
2025-07-12 05:18:33.700 INFO: Epoch 968: head: Default, loss=0.4204, RMSE_MU_per_atom=0.00 mDebye, RMSE_MU_DERIV=0.00 mDebye / A, RMSE_ALPHA_per_atom=    0.03, RMSE_ALPHA_DERIV=    1.83
2025-07-12 05:19:03.342 INFO: Epoch 969: head: Default, loss=0.4216, RMSE_MU_per_atom=0.00 mDebye, RMSE_MU_DERIV=0.00 mDebye / A, RMSE_ALPHA_per_atom=    0.03, RMSE_ALPHA_DERIV=    1.83
2025-07-12 05:19:32.982 INFO: Epoch 970: head: Default, loss=0.4191, RMSE_MU_per_atom=0.00 mDebye, RMSE_MU_DERIV=0.00 mDebye / A, RMSE_ALPHA_per_atom=    0.03, RMSE_ALPHA_DERIV=    1.83
2025-07-12 05:20:02.604 INFO: Epoch 971: head: Default, loss=0.4212, RMSE_MU_per_atom=0.00 mDebye, RMSE_MU_DERIV=0.00 mDebye / A, RMSE_ALPHA_per_atom=    0.03, RMSE_ALPHA_DERIV=    1.83
2025-07-12 05:20:32.232 INFO: Epoch 972: head: Default, loss=0.4180, RMSE_MU_per_atom=0.00 mDebye, RMSE_MU_DERIV=0.00 mDebye / A, RMSE_ALPHA_per_atom=    0.03, RMSE_ALPHA_DERIV=    1.83
2025-07-12 05:21:01.857 INFO: Epoch 973: head: Default, loss=0.4195, RMSE_MU_per_atom=0.00 mDebye, RMSE_MU_DERIV=0.00 mDebye / A, RMSE_ALPHA_per_atom=    0.03, RMSE_ALPHA_DERIV=    1.83
2025-07-12 05:21:31.486 INFO: Epoch 974: head: Default, loss=0.4197, RMSE_MU_per_atom=0.00 mDebye, RMSE_MU_DERIV=0.00 mDebye / A, RMSE_ALPHA_per_atom=    0.03, RMSE_ALPHA_DERIV=    1.83
2025-07-12 05:22:01.104 INFO: Epoch 975: head: Default, loss=0.4202, RMSE_MU_per_atom=0.00 mDebye, RMSE_MU_DERIV=0.00 mDebye / A, RMSE_ALPHA_per_atom=    0.03, RMSE_ALPHA_DERIV=    1.83
2025-07-12 05:22:30.719 INFO: Epoch 976: head: Default, loss=0.4210, RMSE_MU_per_atom=0.00 mDebye, RMSE_MU_DERIV=0.00 mDebye / A, RMSE_ALPHA_per_atom=    0.03, RMSE_ALPHA_DERIV=    1.83
2025-07-12 05:23:00.350 INFO: Epoch 977: head: Default, loss=0.4183, RMSE_MU_per_atom=0.00 mDebye, RMSE_MU_DERIV=0.00 mDebye / A, RMSE_ALPHA_per_atom=    0.03, RMSE_ALPHA_DERIV=    1.83
2025-07-12 05:23:29.974 INFO: Epoch 978: head: Default, loss=0.4179, RMSE_MU_per_atom=0.00 mDebye, RMSE_MU_DERIV=0.00 mDebye / A, RMSE_ALPHA_per_atom=    0.03, RMSE_ALPHA_DERIV=    1.83
2025-07-12 05:23:59.590 INFO: Epoch 979: head: Default, loss=0.4209, RMSE_MU_per_atom=0.00 mDebye, RMSE_MU_DERIV=0.00 mDebye / A, RMSE_ALPHA_per_atom=    0.03, RMSE_ALPHA_DERIV=    1.83
2025-07-12 05:24:29.211 INFO: Epoch 980: head: Default, loss=0.4197, RMSE_MU_per_atom=0.00 mDebye, RMSE_MU_DERIV=0.00 mDebye / A, RMSE_ALPHA_per_atom=    0.03, RMSE_ALPHA_DERIV=    1.83
2025-07-12 05:24:58.831 INFO: Epoch 981: head: Default, loss=0.4192, RMSE_MU_per_atom=0.00 mDebye, RMSE_MU_DERIV=0.00 mDebye / A, RMSE_ALPHA_per_atom=    0.03, RMSE_ALPHA_DERIV=    1.83
2025-07-12 05:25:28.448 INFO: Epoch 982: head: Default, loss=0.4194, RMSE_MU_per_atom=0.00 mDebye, RMSE_MU_DERIV=0.00 mDebye / A, RMSE_ALPHA_per_atom=    0.03, RMSE_ALPHA_DERIV=    1.83
2025-07-12 05:25:58.072 INFO: Epoch 983: head: Default, loss=0.4210, RMSE_MU_per_atom=0.00 mDebye, RMSE_MU_DERIV=0.00 mDebye / A, RMSE_ALPHA_per_atom=    0.03, RMSE_ALPHA_DERIV=    1.83
2025-07-12 05:26:27.696 INFO: Epoch 984: head: Default, loss=0.4183, RMSE_MU_per_atom=0.00 mDebye, RMSE_MU_DERIV=0.00 mDebye / A, RMSE_ALPHA_per_atom=    0.03, RMSE_ALPHA_DERIV=    1.83
2025-07-12 05:26:57.310 INFO: Epoch 985: head: Default, loss=0.4194, RMSE_MU_per_atom=0.00 mDebye, RMSE_MU_DERIV=0.00 mDebye / A, RMSE_ALPHA_per_atom=    0.03, RMSE_ALPHA_DERIV=    1.83
2025-07-12 05:27:26.937 INFO: Epoch 986: head: Default, loss=0.4195, RMSE_MU_per_atom=0.00 mDebye, RMSE_MU_DERIV=0.00 mDebye / A, RMSE_ALPHA_per_atom=    0.03, RMSE_ALPHA_DERIV=    1.83
2025-07-12 05:27:56.552 INFO: Epoch 987: head: Default, loss=0.4213, RMSE_MU_per_atom=0.00 mDebye, RMSE_MU_DERIV=0.00 mDebye / A, RMSE_ALPHA_per_atom=    0.03, RMSE_ALPHA_DERIV=    1.83
2025-07-12 05:28:26.167 INFO: Epoch 988: head: Default, loss=0.4172, RMSE_MU_per_atom=0.00 mDebye, RMSE_MU_DERIV=0.00 mDebye / A, RMSE_ALPHA_per_atom=    0.03, RMSE_ALPHA_DERIV=    1.82
2025-07-12 05:28:55.795 INFO: Epoch 989: head: Default, loss=0.4201, RMSE_MU_per_atom=0.00 mDebye, RMSE_MU_DERIV=0.00 mDebye / A, RMSE_ALPHA_per_atom=    0.03, RMSE_ALPHA_DERIV=    1.83
2025-07-12 05:29:25.412 INFO: Epoch 990: head: Default, loss=0.4180, RMSE_MU_per_atom=0.00 mDebye, RMSE_MU_DERIV=0.00 mDebye / A, RMSE_ALPHA_per_atom=    0.03, RMSE_ALPHA_DERIV=    1.83
2025-07-12 05:29:55.029 INFO: Epoch 991: head: Default, loss=0.4189, RMSE_MU_per_atom=0.00 mDebye, RMSE_MU_DERIV=0.00 mDebye / A, RMSE_ALPHA_per_atom=    0.03, RMSE_ALPHA_DERIV=    1.83
2025-07-12 05:30:24.649 INFO: Epoch 992: head: Default, loss=0.4180, RMSE_MU_per_atom=0.00 mDebye, RMSE_MU_DERIV=0.00 mDebye / A, RMSE_ALPHA_per_atom=    0.03, RMSE_ALPHA_DERIV=    1.83
2025-07-12 05:30:54.271 INFO: Epoch 993: head: Default, loss=0.4213, RMSE_MU_per_atom=0.00 mDebye, RMSE_MU_DERIV=0.00 mDebye / A, RMSE_ALPHA_per_atom=    0.03, RMSE_ALPHA_DERIV=    1.83
2025-07-12 05:31:23.898 INFO: Epoch 994: head: Default, loss=0.4181, RMSE_MU_per_atom=0.00 mDebye, RMSE_MU_DERIV=0.00 mDebye / A, RMSE_ALPHA_per_atom=    0.03, RMSE_ALPHA_DERIV=    1.83
2025-07-12 05:31:53.528 INFO: Epoch 995: head: Default, loss=0.4199, RMSE_MU_per_atom=0.00 mDebye, RMSE_MU_DERIV=0.00 mDebye / A, RMSE_ALPHA_per_atom=    0.03, RMSE_ALPHA_DERIV=    1.83
2025-07-12 05:32:23.153 INFO: Epoch 996: head: Default, loss=0.4204, RMSE_MU_per_atom=0.00 mDebye, RMSE_MU_DERIV=0.00 mDebye / A, RMSE_ALPHA_per_atom=    0.03, RMSE_ALPHA_DERIV=    1.83
2025-07-12 05:32:52.772 INFO: Epoch 997: head: Default, loss=0.4189, RMSE_MU_per_atom=0.00 mDebye, RMSE_MU_DERIV=0.00 mDebye / A, RMSE_ALPHA_per_atom=    0.03, RMSE_ALPHA_DERIV=    1.83
2025-07-12 05:33:22.387 INFO: Epoch 998: head: Default, loss=0.4188, RMSE_MU_per_atom=0.00 mDebye, RMSE_MU_DERIV=0.00 mDebye / A, RMSE_ALPHA_per_atom=    0.03, RMSE_ALPHA_DERIV=    1.83
2025-07-12 05:33:52.011 INFO: Epoch 999: head: Default, loss=0.4200, RMSE_MU_per_atom=0.00 mDebye, RMSE_MU_DERIV=0.00 mDebye / A, RMSE_ALPHA_per_atom=    0.03, RMSE_ALPHA_DERIV=    1.83
2025-07-12 05:34:21.638 INFO: Epoch 1000: head: Default, loss=0.4193, RMSE_MU_per_atom=0.00 mDebye, RMSE_MU_DERIV=0.00 mDebye / A, RMSE_ALPHA_per_atom=    0.03, RMSE_ALPHA_DERIV=    1.83
2025-07-12 05:34:51.278 INFO: Epoch 1001: head: Default, loss=0.4189, RMSE_MU_per_atom=0.00 mDebye, RMSE_MU_DERIV=0.00 mDebye / A, RMSE_ALPHA_per_atom=    0.03, RMSE_ALPHA_DERIV=    1.83
2025-07-12 05:35:20.910 INFO: Epoch 1002: head: Default, loss=0.4222, RMSE_MU_per_atom=0.00 mDebye, RMSE_MU_DERIV=0.00 mDebye / A, RMSE_ALPHA_per_atom=    0.03, RMSE_ALPHA_DERIV=    1.84
2025-07-12 05:35:50.547 INFO: Epoch 1003: head: Default, loss=0.4185, RMSE_MU_per_atom=0.00 mDebye, RMSE_MU_DERIV=0.00 mDebye / A, RMSE_ALPHA_per_atom=    0.03, RMSE_ALPHA_DERIV=    1.83
2025-07-12 05:36:20.177 INFO: Epoch 1004: head: Default, loss=0.4197, RMSE_MU_per_atom=0.00 mDebye, RMSE_MU_DERIV=0.00 mDebye / A, RMSE_ALPHA_per_atom=    0.03, RMSE_ALPHA_DERIV=    1.83
2025-07-12 05:36:49.800 INFO: Epoch 1005: head: Default, loss=0.4182, RMSE_MU_per_atom=0.00 mDebye, RMSE_MU_DERIV=0.00 mDebye / A, RMSE_ALPHA_per_atom=    0.03, RMSE_ALPHA_DERIV=    1.83
2025-07-12 05:37:19.433 INFO: Epoch 1006: head: Default, loss=0.4219, RMSE_MU_per_atom=0.00 mDebye, RMSE_MU_DERIV=0.00 mDebye / A, RMSE_ALPHA_per_atom=    0.03, RMSE_ALPHA_DERIV=    1.84
2025-07-12 05:37:49.051 INFO: Epoch 1007: head: Default, loss=0.4189, RMSE_MU_per_atom=0.00 mDebye, RMSE_MU_DERIV=0.00 mDebye / A, RMSE_ALPHA_per_atom=    0.03, RMSE_ALPHA_DERIV=    1.83
2025-07-12 05:38:18.669 INFO: Epoch 1008: head: Default, loss=0.4195, RMSE_MU_per_atom=0.00 mDebye, RMSE_MU_DERIV=0.00 mDebye / A, RMSE_ALPHA_per_atom=    0.03, RMSE_ALPHA_DERIV=    1.83
2025-07-12 05:38:48.288 INFO: Epoch 1009: head: Default, loss=0.4196, RMSE_MU_per_atom=0.00 mDebye, RMSE_MU_DERIV=0.00 mDebye / A, RMSE_ALPHA_per_atom=    0.03, RMSE_ALPHA_DERIV=    1.83
2025-07-12 05:39:17.900 INFO: Epoch 1010: head: Default, loss=0.4184, RMSE_MU_per_atom=0.00 mDebye, RMSE_MU_DERIV=0.00 mDebye / A, RMSE_ALPHA_per_atom=    0.03, RMSE_ALPHA_DERIV=    1.83
2025-07-12 05:39:47.518 INFO: Epoch 1011: head: Default, loss=0.4204, RMSE_MU_per_atom=0.00 mDebye, RMSE_MU_DERIV=0.00 mDebye / A, RMSE_ALPHA_per_atom=    0.03, RMSE_ALPHA_DERIV=    1.83
2025-07-12 05:40:17.124 INFO: Epoch 1012: head: Default, loss=0.4195, RMSE_MU_per_atom=0.00 mDebye, RMSE_MU_DERIV=0.00 mDebye / A, RMSE_ALPHA_per_atom=    0.03, RMSE_ALPHA_DERIV=    1.83
2025-07-12 05:40:46.742 INFO: Epoch 1013: head: Default, loss=0.4201, RMSE_MU_per_atom=0.00 mDebye, RMSE_MU_DERIV=0.00 mDebye / A, RMSE_ALPHA_per_atom=    0.03, RMSE_ALPHA_DERIV=    1.83
2025-07-12 05:41:16.358 INFO: Epoch 1014: head: Default, loss=0.4194, RMSE_MU_per_atom=0.00 mDebye, RMSE_MU_DERIV=0.00 mDebye / A, RMSE_ALPHA_per_atom=    0.03, RMSE_ALPHA_DERIV=    1.83
2025-07-12 05:41:45.975 INFO: Epoch 1015: head: Default, loss=0.4196, RMSE_MU_per_atom=0.00 mDebye, RMSE_MU_DERIV=0.00 mDebye / A, RMSE_ALPHA_per_atom=    0.03, RMSE_ALPHA_DERIV=    1.83
2025-07-12 05:42:15.588 INFO: Epoch 1016: head: Default, loss=0.4195, RMSE_MU_per_atom=0.00 mDebye, RMSE_MU_DERIV=0.00 mDebye / A, RMSE_ALPHA_per_atom=    0.03, RMSE_ALPHA_DERIV=    1.83
2025-07-12 05:42:45.194 INFO: Epoch 1017: head: Default, loss=0.4199, RMSE_MU_per_atom=0.00 mDebye, RMSE_MU_DERIV=0.00 mDebye / A, RMSE_ALPHA_per_atom=    0.03, RMSE_ALPHA_DERIV=    1.83
2025-07-12 05:43:14.799 INFO: Epoch 1018: head: Default, loss=0.4202, RMSE_MU_per_atom=0.00 mDebye, RMSE_MU_DERIV=0.00 mDebye / A, RMSE_ALPHA_per_atom=    0.03, RMSE_ALPHA_DERIV=    1.83
2025-07-12 05:43:44.412 INFO: Epoch 1019: head: Default, loss=0.4196, RMSE_MU_per_atom=0.00 mDebye, RMSE_MU_DERIV=0.00 mDebye / A, RMSE_ALPHA_per_atom=    0.03, RMSE_ALPHA_DERIV=    1.83
2025-07-12 05:44:14.017 INFO: Epoch 1020: head: Default, loss=0.4176, RMSE_MU_per_atom=0.00 mDebye, RMSE_MU_DERIV=0.00 mDebye / A, RMSE_ALPHA_per_atom=    0.03, RMSE_ALPHA_DERIV=    1.83
2025-07-12 05:44:43.625 INFO: Epoch 1021: head: Default, loss=0.4203, RMSE_MU_per_atom=0.00 mDebye, RMSE_MU_DERIV=0.00 mDebye / A, RMSE_ALPHA_per_atom=    0.03, RMSE_ALPHA_DERIV=    1.83
2025-07-12 05:45:13.225 INFO: Epoch 1022: head: Default, loss=0.4196, RMSE_MU_per_atom=0.00 mDebye, RMSE_MU_DERIV=0.00 mDebye / A, RMSE_ALPHA_per_atom=    0.03, RMSE_ALPHA_DERIV=    1.83
2025-07-12 05:45:42.826 INFO: Epoch 1023: head: Default, loss=0.4201, RMSE_MU_per_atom=0.00 mDebye, RMSE_MU_DERIV=0.00 mDebye / A, RMSE_ALPHA_per_atom=    0.03, RMSE_ALPHA_DERIV=    1.83
2025-07-12 05:46:12.430 INFO: Epoch 1024: head: Default, loss=0.4206, RMSE_MU_per_atom=0.00 mDebye, RMSE_MU_DERIV=0.00 mDebye / A, RMSE_ALPHA_per_atom=    0.03, RMSE_ALPHA_DERIV=    1.83
2025-07-12 05:46:42.036 INFO: Epoch 1025: head: Default, loss=0.4205, RMSE_MU_per_atom=0.00 mDebye, RMSE_MU_DERIV=0.00 mDebye / A, RMSE_ALPHA_per_atom=    0.03, RMSE_ALPHA_DERIV=    1.83
2025-07-12 05:47:11.652 INFO: Epoch 1026: head: Default, loss=0.4193, RMSE_MU_per_atom=0.00 mDebye, RMSE_MU_DERIV=0.00 mDebye / A, RMSE_ALPHA_per_atom=    0.03, RMSE_ALPHA_DERIV=    1.83
2025-07-12 05:47:41.261 INFO: Epoch 1027: head: Default, loss=0.4207, RMSE_MU_per_atom=0.00 mDebye, RMSE_MU_DERIV=0.00 mDebye / A, RMSE_ALPHA_per_atom=    0.03, RMSE_ALPHA_DERIV=    1.83
2025-07-12 05:48:10.862 INFO: Epoch 1028: head: Default, loss=0.4195, RMSE_MU_per_atom=0.00 mDebye, RMSE_MU_DERIV=0.00 mDebye / A, RMSE_ALPHA_per_atom=    0.03, RMSE_ALPHA_DERIV=    1.83
2025-07-12 05:48:40.469 INFO: Epoch 1029: head: Default, loss=0.4201, RMSE_MU_per_atom=0.00 mDebye, RMSE_MU_DERIV=0.00 mDebye / A, RMSE_ALPHA_per_atom=    0.03, RMSE_ALPHA_DERIV=    1.83
2025-07-12 05:49:10.085 INFO: Epoch 1030: head: Default, loss=0.4197, RMSE_MU_per_atom=0.00 mDebye, RMSE_MU_DERIV=0.00 mDebye / A, RMSE_ALPHA_per_atom=    0.03, RMSE_ALPHA_DERIV=    1.83
2025-07-12 05:49:39.684 INFO: Epoch 1031: head: Default, loss=0.4206, RMSE_MU_per_atom=0.00 mDebye, RMSE_MU_DERIV=0.00 mDebye / A, RMSE_ALPHA_per_atom=    0.03, RMSE_ALPHA_DERIV=    1.83
2025-07-12 05:50:09.291 INFO: Epoch 1032: head: Default, loss=0.4218, RMSE_MU_per_atom=0.00 mDebye, RMSE_MU_DERIV=0.00 mDebye / A, RMSE_ALPHA_per_atom=    0.03, RMSE_ALPHA_DERIV=    1.84
2025-07-12 05:50:38.898 INFO: Epoch 1033: head: Default, loss=0.4186, RMSE_MU_per_atom=0.00 mDebye, RMSE_MU_DERIV=0.00 mDebye / A, RMSE_ALPHA_per_atom=    0.03, RMSE_ALPHA_DERIV=    1.83
2025-07-12 05:51:08.510 INFO: Epoch 1034: head: Default, loss=0.4210, RMSE_MU_per_atom=0.00 mDebye, RMSE_MU_DERIV=0.00 mDebye / A, RMSE_ALPHA_per_atom=    0.03, RMSE_ALPHA_DERIV=    1.83
2025-07-12 05:51:38.114 INFO: Epoch 1035: head: Default, loss=0.4183, RMSE_MU_per_atom=0.00 mDebye, RMSE_MU_DERIV=0.00 mDebye / A, RMSE_ALPHA_per_atom=    0.03, RMSE_ALPHA_DERIV=    1.83
2025-07-12 05:52:07.731 INFO: Epoch 1036: head: Default, loss=0.4194, RMSE_MU_per_atom=0.00 mDebye, RMSE_MU_DERIV=0.00 mDebye / A, RMSE_ALPHA_per_atom=    0.03, RMSE_ALPHA_DERIV=    1.83
2025-07-12 05:52:37.341 INFO: Epoch 1037: head: Default, loss=0.4191, RMSE_MU_per_atom=0.00 mDebye, RMSE_MU_DERIV=0.00 mDebye / A, RMSE_ALPHA_per_atom=    0.03, RMSE_ALPHA_DERIV=    1.83
2025-07-12 05:53:06.959 INFO: Epoch 1038: head: Default, loss=0.4196, RMSE_MU_per_atom=0.00 mDebye, RMSE_MU_DERIV=0.00 mDebye / A, RMSE_ALPHA_per_atom=    0.03, RMSE_ALPHA_DERIV=    1.83
2025-07-12 05:53:36.571 INFO: Epoch 1039: head: Default, loss=0.4242, RMSE_MU_per_atom=0.00 mDebye, RMSE_MU_DERIV=0.00 mDebye / A, RMSE_ALPHA_per_atom=    0.03, RMSE_ALPHA_DERIV=    1.84
2025-07-12 05:54:06.180 INFO: Epoch 1040: head: Default, loss=0.4212, RMSE_MU_per_atom=0.00 mDebye, RMSE_MU_DERIV=0.00 mDebye / A, RMSE_ALPHA_per_atom=    0.03, RMSE_ALPHA_DERIV=    1.83
2025-07-12 05:54:35.788 INFO: Epoch 1041: head: Default, loss=0.4193, RMSE_MU_per_atom=0.00 mDebye, RMSE_MU_DERIV=0.00 mDebye / A, RMSE_ALPHA_per_atom=    0.03, RMSE_ALPHA_DERIV=    1.83
2025-07-12 05:55:05.399 INFO: Epoch 1042: head: Default, loss=0.4204, RMSE_MU_per_atom=0.00 mDebye, RMSE_MU_DERIV=0.00 mDebye / A, RMSE_ALPHA_per_atom=    0.03, RMSE_ALPHA_DERIV=    1.83
2025-07-12 05:55:35.008 INFO: Epoch 1043: head: Default, loss=0.4212, RMSE_MU_per_atom=0.00 mDebye, RMSE_MU_DERIV=0.00 mDebye / A, RMSE_ALPHA_per_atom=    0.03, RMSE_ALPHA_DERIV=    1.83
2025-07-12 05:56:04.618 INFO: Epoch 1044: head: Default, loss=0.4206, RMSE_MU_per_atom=0.00 mDebye, RMSE_MU_DERIV=0.00 mDebye / A, RMSE_ALPHA_per_atom=    0.03, RMSE_ALPHA_DERIV=    1.83
2025-07-12 05:56:34.229 INFO: Epoch 1045: head: Default, loss=0.4199, RMSE_MU_per_atom=0.00 mDebye, RMSE_MU_DERIV=0.00 mDebye / A, RMSE_ALPHA_per_atom=    0.03, RMSE_ALPHA_DERIV=    1.83
2025-07-12 05:57:03.832 INFO: Epoch 1046: head: Default, loss=0.4208, RMSE_MU_per_atom=0.00 mDebye, RMSE_MU_DERIV=0.00 mDebye / A, RMSE_ALPHA_per_atom=    0.03, RMSE_ALPHA_DERIV=    1.83
2025-07-12 05:57:33.440 INFO: Epoch 1047: head: Default, loss=0.4204, RMSE_MU_per_atom=0.00 mDebye, RMSE_MU_DERIV=0.00 mDebye / A, RMSE_ALPHA_per_atom=    0.03, RMSE_ALPHA_DERIV=    1.83
2025-07-12 05:58:03.050 INFO: Epoch 1048: head: Default, loss=0.4197, RMSE_MU_per_atom=0.00 mDebye, RMSE_MU_DERIV=0.00 mDebye / A, RMSE_ALPHA_per_atom=    0.03, RMSE_ALPHA_DERIV=    1.83
2025-07-12 05:58:32.662 INFO: Epoch 1049: head: Default, loss=0.4193, RMSE_MU_per_atom=0.00 mDebye, RMSE_MU_DERIV=0.00 mDebye / A, RMSE_ALPHA_per_atom=    0.03, RMSE_ALPHA_DERIV=    1.83
2025-07-12 05:59:02.275 INFO: Epoch 1050: head: Default, loss=0.4205, RMSE_MU_per_atom=0.00 mDebye, RMSE_MU_DERIV=0.00 mDebye / A, RMSE_ALPHA_per_atom=    0.03, RMSE_ALPHA_DERIV=    1.83
2025-07-12 05:59:31.887 INFO: Epoch 1051: head: Default, loss=0.4206, RMSE_MU_per_atom=0.00 mDebye, RMSE_MU_DERIV=0.00 mDebye / A, RMSE_ALPHA_per_atom=    0.03, RMSE_ALPHA_DERIV=    1.83
2025-07-12 06:00:01.493 INFO: Epoch 1052: head: Default, loss=0.4207, RMSE_MU_per_atom=0.00 mDebye, RMSE_MU_DERIV=0.00 mDebye / A, RMSE_ALPHA_per_atom=    0.03, RMSE_ALPHA_DERIV=    1.83
2025-07-12 06:00:31.102 INFO: Epoch 1053: head: Default, loss=0.4195, RMSE_MU_per_atom=0.00 mDebye, RMSE_MU_DERIV=0.00 mDebye / A, RMSE_ALPHA_per_atom=    0.03, RMSE_ALPHA_DERIV=    1.83
2025-07-12 06:01:00.711 INFO: Epoch 1054: head: Default, loss=0.4191, RMSE_MU_per_atom=0.00 mDebye, RMSE_MU_DERIV=0.00 mDebye / A, RMSE_ALPHA_per_atom=    0.03, RMSE_ALPHA_DERIV=    1.83
2025-07-12 06:01:30.321 INFO: Epoch 1055: head: Default, loss=0.4190, RMSE_MU_per_atom=0.00 mDebye, RMSE_MU_DERIV=0.00 mDebye / A, RMSE_ALPHA_per_atom=    0.03, RMSE_ALPHA_DERIV=    1.83
2025-07-12 06:01:59.930 INFO: Epoch 1056: head: Default, loss=0.4210, RMSE_MU_per_atom=0.00 mDebye, RMSE_MU_DERIV=0.00 mDebye / A, RMSE_ALPHA_per_atom=    0.03, RMSE_ALPHA_DERIV=    1.83
2025-07-12 06:02:29.536 INFO: Epoch 1057: head: Default, loss=0.4202, RMSE_MU_per_atom=0.00 mDebye, RMSE_MU_DERIV=0.00 mDebye / A, RMSE_ALPHA_per_atom=    0.03, RMSE_ALPHA_DERIV=    1.83
2025-07-12 06:02:59.143 INFO: Epoch 1058: head: Default, loss=0.4205, RMSE_MU_per_atom=0.00 mDebye, RMSE_MU_DERIV=0.00 mDebye / A, RMSE_ALPHA_per_atom=    0.03, RMSE_ALPHA_DERIV=    1.83
2025-07-12 06:03:28.743 INFO: Epoch 1059: head: Default, loss=0.4205, RMSE_MU_per_atom=0.00 mDebye, RMSE_MU_DERIV=0.00 mDebye / A, RMSE_ALPHA_per_atom=    0.03, RMSE_ALPHA_DERIV=    1.83
2025-07-12 06:03:58.355 INFO: Epoch 1060: head: Default, loss=0.4196, RMSE_MU_per_atom=0.00 mDebye, RMSE_MU_DERIV=0.00 mDebye / A, RMSE_ALPHA_per_atom=    0.03, RMSE_ALPHA_DERIV=    1.83
2025-07-12 06:04:27.974 INFO: Epoch 1061: head: Default, loss=0.4196, RMSE_MU_per_atom=0.00 mDebye, RMSE_MU_DERIV=0.00 mDebye / A, RMSE_ALPHA_per_atom=    0.03, RMSE_ALPHA_DERIV=    1.83
2025-07-12 06:04:57.592 INFO: Epoch 1062: head: Default, loss=0.4194, RMSE_MU_per_atom=0.00 mDebye, RMSE_MU_DERIV=0.00 mDebye / A, RMSE_ALPHA_per_atom=    0.03, RMSE_ALPHA_DERIV=    1.83
2025-07-12 06:05:27.207 INFO: Epoch 1063: head: Default, loss=0.4193, RMSE_MU_per_atom=0.00 mDebye, RMSE_MU_DERIV=0.00 mDebye / A, RMSE_ALPHA_per_atom=    0.03, RMSE_ALPHA_DERIV=    1.83
2025-07-12 06:05:56.826 INFO: Epoch 1064: head: Default, loss=0.4204, RMSE_MU_per_atom=0.00 mDebye, RMSE_MU_DERIV=0.00 mDebye / A, RMSE_ALPHA_per_atom=    0.03, RMSE_ALPHA_DERIV=    1.83
2025-07-12 06:06:26.437 INFO: Epoch 1065: head: Default, loss=0.4201, RMSE_MU_per_atom=0.00 mDebye, RMSE_MU_DERIV=0.00 mDebye / A, RMSE_ALPHA_per_atom=    0.03, RMSE_ALPHA_DERIV=    1.83
2025-07-12 06:06:56.050 INFO: Epoch 1066: head: Default, loss=0.4188, RMSE_MU_per_atom=0.00 mDebye, RMSE_MU_DERIV=0.00 mDebye / A, RMSE_ALPHA_per_atom=    0.03, RMSE_ALPHA_DERIV=    1.83
2025-07-12 06:07:25.663 INFO: Epoch 1067: head: Default, loss=0.4197, RMSE_MU_per_atom=0.00 mDebye, RMSE_MU_DERIV=0.00 mDebye / A, RMSE_ALPHA_per_atom=    0.03, RMSE_ALPHA_DERIV=    1.83
2025-07-12 06:07:55.274 INFO: Epoch 1068: head: Default, loss=0.4199, RMSE_MU_per_atom=0.00 mDebye, RMSE_MU_DERIV=0.00 mDebye / A, RMSE_ALPHA_per_atom=    0.03, RMSE_ALPHA_DERIV=    1.83
2025-07-12 06:08:24.890 INFO: Epoch 1069: head: Default, loss=0.4218, RMSE_MU_per_atom=0.00 mDebye, RMSE_MU_DERIV=0.00 mDebye / A, RMSE_ALPHA_per_atom=    0.03, RMSE_ALPHA_DERIV=    1.83
2025-07-12 06:08:54.507 INFO: Epoch 1070: head: Default, loss=0.4202, RMSE_MU_per_atom=0.00 mDebye, RMSE_MU_DERIV=0.00 mDebye / A, RMSE_ALPHA_per_atom=    0.03, RMSE_ALPHA_DERIV=    1.83
2025-07-12 06:09:24.112 INFO: Epoch 1071: head: Default, loss=0.4190, RMSE_MU_per_atom=0.00 mDebye, RMSE_MU_DERIV=0.00 mDebye / A, RMSE_ALPHA_per_atom=    0.03, RMSE_ALPHA_DERIV=    1.83
2025-07-12 06:09:53.721 INFO: Epoch 1072: head: Default, loss=0.4206, RMSE_MU_per_atom=0.00 mDebye, RMSE_MU_DERIV=0.00 mDebye / A, RMSE_ALPHA_per_atom=    0.03, RMSE_ALPHA_DERIV=    1.83
2025-07-12 06:10:23.345 INFO: Epoch 1073: head: Default, loss=0.4190, RMSE_MU_per_atom=0.00 mDebye, RMSE_MU_DERIV=0.00 mDebye / A, RMSE_ALPHA_per_atom=    0.03, RMSE_ALPHA_DERIV=    1.83
2025-07-12 06:10:52.958 INFO: Epoch 1074: head: Default, loss=0.4204, RMSE_MU_per_atom=0.00 mDebye, RMSE_MU_DERIV=0.00 mDebye / A, RMSE_ALPHA_per_atom=    0.03, RMSE_ALPHA_DERIV=    1.83
2025-07-12 06:11:22.570 INFO: Epoch 1075: head: Default, loss=0.4204, RMSE_MU_per_atom=0.00 mDebye, RMSE_MU_DERIV=0.00 mDebye / A, RMSE_ALPHA_per_atom=    0.03, RMSE_ALPHA_DERIV=    1.83
2025-07-12 06:11:52.186 INFO: Epoch 1076: head: Default, loss=0.4198, RMSE_MU_per_atom=0.00 mDebye, RMSE_MU_DERIV=0.00 mDebye / A, RMSE_ALPHA_per_atom=    0.03, RMSE_ALPHA_DERIV=    1.83
2025-07-12 06:12:21.788 INFO: Epoch 1077: head: Default, loss=0.4194, RMSE_MU_per_atom=0.00 mDebye, RMSE_MU_DERIV=0.00 mDebye / A, RMSE_ALPHA_per_atom=    0.03, RMSE_ALPHA_DERIV=    1.83
2025-07-12 06:12:51.396 INFO: Epoch 1078: head: Default, loss=0.4193, RMSE_MU_per_atom=0.00 mDebye, RMSE_MU_DERIV=0.00 mDebye / A, RMSE_ALPHA_per_atom=    0.03, RMSE_ALPHA_DERIV=    1.83
2025-07-12 06:13:21.006 INFO: Epoch 1079: head: Default, loss=0.4206, RMSE_MU_per_atom=0.00 mDebye, RMSE_MU_DERIV=0.00 mDebye / A, RMSE_ALPHA_per_atom=    0.03, RMSE_ALPHA_DERIV=    1.83
2025-07-12 06:13:50.622 INFO: Epoch 1080: head: Default, loss=0.4208, RMSE_MU_per_atom=0.00 mDebye, RMSE_MU_DERIV=0.00 mDebye / A, RMSE_ALPHA_per_atom=    0.03, RMSE_ALPHA_DERIV=    1.83
2025-07-12 06:14:20.235 INFO: Epoch 1081: head: Default, loss=0.4205, RMSE_MU_per_atom=0.00 mDebye, RMSE_MU_DERIV=0.00 mDebye / A, RMSE_ALPHA_per_atom=    0.03, RMSE_ALPHA_DERIV=    1.83
2025-07-12 06:14:49.847 INFO: Epoch 1082: head: Default, loss=0.4192, RMSE_MU_per_atom=0.00 mDebye, RMSE_MU_DERIV=0.00 mDebye / A, RMSE_ALPHA_per_atom=    0.03, RMSE_ALPHA_DERIV=    1.83
2025-07-12 06:15:19.453 INFO: Epoch 1083: head: Default, loss=0.4203, RMSE_MU_per_atom=0.00 mDebye, RMSE_MU_DERIV=0.00 mDebye / A, RMSE_ALPHA_per_atom=    0.03, RMSE_ALPHA_DERIV=    1.83
2025-07-12 06:15:49.069 INFO: Epoch 1084: head: Default, loss=0.4215, RMSE_MU_per_atom=0.00 mDebye, RMSE_MU_DERIV=0.00 mDebye / A, RMSE_ALPHA_per_atom=    0.03, RMSE_ALPHA_DERIV=    1.83
2025-07-12 06:16:18.684 INFO: Epoch 1085: head: Default, loss=0.4214, RMSE_MU_per_atom=0.00 mDebye, RMSE_MU_DERIV=0.00 mDebye / A, RMSE_ALPHA_per_atom=    0.03, RMSE_ALPHA_DERIV=    1.83
2025-07-12 06:16:48.293 INFO: Epoch 1086: head: Default, loss=0.4211, RMSE_MU_per_atom=0.00 mDebye, RMSE_MU_DERIV=0.00 mDebye / A, RMSE_ALPHA_per_atom=    0.03, RMSE_ALPHA_DERIV=    1.83
2025-07-12 06:17:17.907 INFO: Epoch 1087: head: Default, loss=0.4195, RMSE_MU_per_atom=0.00 mDebye, RMSE_MU_DERIV=0.00 mDebye / A, RMSE_ALPHA_per_atom=    0.03, RMSE_ALPHA_DERIV=    1.83
2025-07-12 06:17:47.526 INFO: Epoch 1088: head: Default, loss=0.4197, RMSE_MU_per_atom=0.00 mDebye, RMSE_MU_DERIV=0.00 mDebye / A, RMSE_ALPHA_per_atom=    0.03, RMSE_ALPHA_DERIV=    1.83
2025-07-12 06:18:17.139 INFO: Epoch 1089: head: Default, loss=0.4194, RMSE_MU_per_atom=0.00 mDebye, RMSE_MU_DERIV=0.00 mDebye / A, RMSE_ALPHA_per_atom=    0.03, RMSE_ALPHA_DERIV=    1.83
2025-07-12 06:18:46.750 INFO: Epoch 1090: head: Default, loss=0.4210, RMSE_MU_per_atom=0.00 mDebye, RMSE_MU_DERIV=0.00 mDebye / A, RMSE_ALPHA_per_atom=    0.03, RMSE_ALPHA_DERIV=    1.83
2025-07-12 06:19:16.362 INFO: Epoch 1091: head: Default, loss=0.4201, RMSE_MU_per_atom=0.00 mDebye, RMSE_MU_DERIV=0.00 mDebye / A, RMSE_ALPHA_per_atom=    0.03, RMSE_ALPHA_DERIV=    1.83
2025-07-12 06:19:45.961 INFO: Epoch 1092: head: Default, loss=0.4204, RMSE_MU_per_atom=0.00 mDebye, RMSE_MU_DERIV=0.00 mDebye / A, RMSE_ALPHA_per_atom=    0.03, RMSE_ALPHA_DERIV=    1.83
2025-07-12 06:20:15.569 INFO: Epoch 1093: head: Default, loss=0.4193, RMSE_MU_per_atom=0.00 mDebye, RMSE_MU_DERIV=0.00 mDebye / A, RMSE_ALPHA_per_atom=    0.03, RMSE_ALPHA_DERIV=    1.83
2025-07-12 06:20:45.180 INFO: Epoch 1094: head: Default, loss=0.4216, RMSE_MU_per_atom=0.00 mDebye, RMSE_MU_DERIV=0.00 mDebye / A, RMSE_ALPHA_per_atom=    0.03, RMSE_ALPHA_DERIV=    1.83
2025-07-12 06:21:14.783 INFO: Epoch 1095: head: Default, loss=0.4191, RMSE_MU_per_atom=0.00 mDebye, RMSE_MU_DERIV=0.00 mDebye / A, RMSE_ALPHA_per_atom=    0.03, RMSE_ALPHA_DERIV=    1.83
2025-07-12 06:21:44.389 INFO: Epoch 1096: head: Default, loss=0.4196, RMSE_MU_per_atom=0.00 mDebye, RMSE_MU_DERIV=0.00 mDebye / A, RMSE_ALPHA_per_atom=    0.03, RMSE_ALPHA_DERIV=    1.83
2025-07-12 06:22:13.996 INFO: Epoch 1097: head: Default, loss=0.4224, RMSE_MU_per_atom=0.00 mDebye, RMSE_MU_DERIV=0.00 mDebye / A, RMSE_ALPHA_per_atom=    0.03, RMSE_ALPHA_DERIV=    1.84
2025-07-12 06:22:43.589 INFO: Epoch 1098: head: Default, loss=0.4188, RMSE_MU_per_atom=0.00 mDebye, RMSE_MU_DERIV=0.00 mDebye / A, RMSE_ALPHA_per_atom=    0.03, RMSE_ALPHA_DERIV=    1.83
2025-07-12 06:23:13.194 INFO: Epoch 1099: head: Default, loss=0.4210, RMSE_MU_per_atom=0.00 mDebye, RMSE_MU_DERIV=0.00 mDebye / A, RMSE_ALPHA_per_atom=    0.03, RMSE_ALPHA_DERIV=    1.83
2025-07-12 06:23:42.801 INFO: Epoch 1100: head: Default, loss=0.4209, RMSE_MU_per_atom=0.00 mDebye, RMSE_MU_DERIV=0.00 mDebye / A, RMSE_ALPHA_per_atom=    0.03, RMSE_ALPHA_DERIV=    1.83
2025-07-12 06:24:12.411 INFO: Epoch 1101: head: Default, loss=0.4206, RMSE_MU_per_atom=0.00 mDebye, RMSE_MU_DERIV=0.00 mDebye / A, RMSE_ALPHA_per_atom=    0.03, RMSE_ALPHA_DERIV=    1.83
2025-07-12 06:24:42.033 INFO: Epoch 1102: head: Default, loss=0.4185, RMSE_MU_per_atom=0.00 mDebye, RMSE_MU_DERIV=0.00 mDebye / A, RMSE_ALPHA_per_atom=    0.03, RMSE_ALPHA_DERIV=    1.83
2025-07-12 06:25:11.654 INFO: Epoch 1103: head: Default, loss=0.4184, RMSE_MU_per_atom=0.00 mDebye, RMSE_MU_DERIV=0.00 mDebye / A, RMSE_ALPHA_per_atom=    0.03, RMSE_ALPHA_DERIV=    1.83
2025-07-12 06:25:41.278 INFO: Epoch 1104: head: Default, loss=0.4197, RMSE_MU_per_atom=0.00 mDebye, RMSE_MU_DERIV=0.00 mDebye / A, RMSE_ALPHA_per_atom=    0.03, RMSE_ALPHA_DERIV=    1.83
2025-07-12 06:26:10.896 INFO: Epoch 1105: head: Default, loss=0.4199, RMSE_MU_per_atom=0.00 mDebye, RMSE_MU_DERIV=0.00 mDebye / A, RMSE_ALPHA_per_atom=    0.03, RMSE_ALPHA_DERIV=    1.83
2025-07-12 06:26:40.503 INFO: Epoch 1106: head: Default, loss=0.4203, RMSE_MU_per_atom=0.00 mDebye, RMSE_MU_DERIV=0.00 mDebye / A, RMSE_ALPHA_per_atom=    0.03, RMSE_ALPHA_DERIV=    1.83
2025-07-12 06:27:10.111 INFO: Epoch 1107: head: Default, loss=0.4193, RMSE_MU_per_atom=0.00 mDebye, RMSE_MU_DERIV=0.00 mDebye / A, RMSE_ALPHA_per_atom=    0.03, RMSE_ALPHA_DERIV=    1.83
2025-07-12 06:27:39.726 INFO: Epoch 1108: head: Default, loss=0.4218, RMSE_MU_per_atom=0.00 mDebye, RMSE_MU_DERIV=0.00 mDebye / A, RMSE_ALPHA_per_atom=    0.03, RMSE_ALPHA_DERIV=    1.83
2025-07-12 06:28:09.344 INFO: Epoch 1109: head: Default, loss=0.4216, RMSE_MU_per_atom=0.00 mDebye, RMSE_MU_DERIV=0.00 mDebye / A, RMSE_ALPHA_per_atom=    0.03, RMSE_ALPHA_DERIV=    1.83
2025-07-12 06:28:38.962 INFO: Epoch 1110: head: Default, loss=0.4212, RMSE_MU_per_atom=0.00 mDebye, RMSE_MU_DERIV=0.00 mDebye / A, RMSE_ALPHA_per_atom=    0.03, RMSE_ALPHA_DERIV=    1.83
2025-07-12 06:29:08.589 INFO: Epoch 1111: head: Default, loss=0.4194, RMSE_MU_per_atom=0.00 mDebye, RMSE_MU_DERIV=0.00 mDebye / A, RMSE_ALPHA_per_atom=    0.03, RMSE_ALPHA_DERIV=    1.83
2025-07-12 06:29:38.212 INFO: Epoch 1112: head: Default, loss=0.4214, RMSE_MU_per_atom=0.00 mDebye, RMSE_MU_DERIV=0.00 mDebye / A, RMSE_ALPHA_per_atom=    0.03, RMSE_ALPHA_DERIV=    1.83
2025-07-12 06:30:07.830 INFO: Epoch 1113: head: Default, loss=0.4194, RMSE_MU_per_atom=0.00 mDebye, RMSE_MU_DERIV=0.00 mDebye / A, RMSE_ALPHA_per_atom=    0.03, RMSE_ALPHA_DERIV=    1.83
2025-07-12 06:30:37.443 INFO: Epoch 1114: head: Default, loss=0.4198, RMSE_MU_per_atom=0.00 mDebye, RMSE_MU_DERIV=0.00 mDebye / A, RMSE_ALPHA_per_atom=    0.03, RMSE_ALPHA_DERIV=    1.83
2025-07-12 06:31:07.054 INFO: Epoch 1115: head: Default, loss=0.4205, RMSE_MU_per_atom=0.00 mDebye, RMSE_MU_DERIV=0.00 mDebye / A, RMSE_ALPHA_per_atom=    0.03, RMSE_ALPHA_DERIV=    1.83
2025-07-12 06:31:36.665 INFO: Epoch 1116: head: Default, loss=0.4199, RMSE_MU_per_atom=0.00 mDebye, RMSE_MU_DERIV=0.00 mDebye / A, RMSE_ALPHA_per_atom=    0.03, RMSE_ALPHA_DERIV=    1.83
2025-07-12 06:32:06.270 INFO: Epoch 1117: head: Default, loss=0.4209, RMSE_MU_per_atom=0.00 mDebye, RMSE_MU_DERIV=0.00 mDebye / A, RMSE_ALPHA_per_atom=    0.03, RMSE_ALPHA_DERIV=    1.83
2025-07-12 06:32:35.877 INFO: Epoch 1118: head: Default, loss=0.4205, RMSE_MU_per_atom=0.00 mDebye, RMSE_MU_DERIV=0.00 mDebye / A, RMSE_ALPHA_per_atom=    0.03, RMSE_ALPHA_DERIV=    1.83
2025-07-12 06:33:05.495 INFO: Epoch 1119: head: Default, loss=0.4220, RMSE_MU_per_atom=0.00 mDebye, RMSE_MU_DERIV=0.00 mDebye / A, RMSE_ALPHA_per_atom=    0.03, RMSE_ALPHA_DERIV=    1.84
2025-07-12 06:33:35.106 INFO: Epoch 1120: head: Default, loss=0.4217, RMSE_MU_per_atom=0.00 mDebye, RMSE_MU_DERIV=0.00 mDebye / A, RMSE_ALPHA_per_atom=    0.03, RMSE_ALPHA_DERIV=    1.83
2025-07-12 06:34:04.719 INFO: Epoch 1121: head: Default, loss=0.4197, RMSE_MU_per_atom=0.00 mDebye, RMSE_MU_DERIV=0.00 mDebye / A, RMSE_ALPHA_per_atom=    0.03, RMSE_ALPHA_DERIV=    1.83
2025-07-12 06:34:34.331 INFO: Epoch 1122: head: Default, loss=0.4209, RMSE_MU_per_atom=0.00 mDebye, RMSE_MU_DERIV=0.00 mDebye / A, RMSE_ALPHA_per_atom=    0.03, RMSE_ALPHA_DERIV=    1.83
2025-07-12 06:35:03.941 INFO: Epoch 1123: head: Default, loss=0.4221, RMSE_MU_per_atom=0.00 mDebye, RMSE_MU_DERIV=0.00 mDebye / A, RMSE_ALPHA_per_atom=    0.03, RMSE_ALPHA_DERIV=    1.84
2025-07-12 06:35:33.556 INFO: Epoch 1124: head: Default, loss=0.4212, RMSE_MU_per_atom=0.00 mDebye, RMSE_MU_DERIV=0.00 mDebye / A, RMSE_ALPHA_per_atom=    0.03, RMSE_ALPHA_DERIV=    1.83
2025-07-12 06:36:03.171 INFO: Epoch 1125: head: Default, loss=0.4203, RMSE_MU_per_atom=0.00 mDebye, RMSE_MU_DERIV=0.00 mDebye / A, RMSE_ALPHA_per_atom=    0.03, RMSE_ALPHA_DERIV=    1.83
2025-07-12 06:36:32.785 INFO: Epoch 1126: head: Default, loss=0.4197, RMSE_MU_per_atom=0.00 mDebye, RMSE_MU_DERIV=0.00 mDebye / A, RMSE_ALPHA_per_atom=    0.03, RMSE_ALPHA_DERIV=    1.83
2025-07-12 06:37:02.399 INFO: Epoch 1127: head: Default, loss=0.4215, RMSE_MU_per_atom=0.00 mDebye, RMSE_MU_DERIV=0.00 mDebye / A, RMSE_ALPHA_per_atom=    0.03, RMSE_ALPHA_DERIV=    1.83
2025-07-12 06:37:32.008 INFO: Epoch 1128: head: Default, loss=0.4210, RMSE_MU_per_atom=0.00 mDebye, RMSE_MU_DERIV=0.00 mDebye / A, RMSE_ALPHA_per_atom=    0.03, RMSE_ALPHA_DERIV=    1.83
2025-07-12 06:38:01.620 INFO: Epoch 1129: head: Default, loss=0.4208, RMSE_MU_per_atom=0.00 mDebye, RMSE_MU_DERIV=0.00 mDebye / A, RMSE_ALPHA_per_atom=    0.03, RMSE_ALPHA_DERIV=    1.83
2025-07-12 06:38:31.232 INFO: Epoch 1130: head: Default, loss=0.4206, RMSE_MU_per_atom=0.00 mDebye, RMSE_MU_DERIV=0.00 mDebye / A, RMSE_ALPHA_per_atom=    0.03, RMSE_ALPHA_DERIV=    1.83
2025-07-12 06:39:00.841 INFO: Epoch 1131: head: Default, loss=0.4213, RMSE_MU_per_atom=0.00 mDebye, RMSE_MU_DERIV=0.00 mDebye / A, RMSE_ALPHA_per_atom=    0.03, RMSE_ALPHA_DERIV=    1.83
2025-07-12 06:39:30.445 INFO: Epoch 1132: head: Default, loss=0.4207, RMSE_MU_per_atom=0.00 mDebye, RMSE_MU_DERIV=0.00 mDebye / A, RMSE_ALPHA_per_atom=    0.03, RMSE_ALPHA_DERIV=    1.83
2025-07-12 06:40:00.055 INFO: Epoch 1133: head: Default, loss=0.4193, RMSE_MU_per_atom=0.00 mDebye, RMSE_MU_DERIV=0.00 mDebye / A, RMSE_ALPHA_per_atom=    0.03, RMSE_ALPHA_DERIV=    1.83
2025-07-12 06:40:29.664 INFO: Epoch 1134: head: Default, loss=0.4202, RMSE_MU_per_atom=0.00 mDebye, RMSE_MU_DERIV=0.00 mDebye / A, RMSE_ALPHA_per_atom=    0.03, RMSE_ALPHA_DERIV=    1.83
2025-07-12 06:40:59.271 INFO: Epoch 1135: head: Default, loss=0.4213, RMSE_MU_per_atom=0.00 mDebye, RMSE_MU_DERIV=0.00 mDebye / A, RMSE_ALPHA_per_atom=    0.03, RMSE_ALPHA_DERIV=    1.83
2025-07-12 06:41:28.871 INFO: Epoch 1136: head: Default, loss=0.4210, RMSE_MU_per_atom=0.00 mDebye, RMSE_MU_DERIV=0.00 mDebye / A, RMSE_ALPHA_per_atom=    0.03, RMSE_ALPHA_DERIV=    1.83
2025-07-12 06:41:58.484 INFO: Epoch 1137: head: Default, loss=0.4212, RMSE_MU_per_atom=0.00 mDebye, RMSE_MU_DERIV=0.00 mDebye / A, RMSE_ALPHA_per_atom=    0.03, RMSE_ALPHA_DERIV=    1.83
2025-07-12 06:42:28.094 INFO: Epoch 1138: head: Default, loss=0.4193, RMSE_MU_per_atom=0.00 mDebye, RMSE_MU_DERIV=0.00 mDebye / A, RMSE_ALPHA_per_atom=    0.03, RMSE_ALPHA_DERIV=    1.83
2025-07-12 06:42:57.698 INFO: Epoch 1139: head: Default, loss=0.4199, RMSE_MU_per_atom=0.00 mDebye, RMSE_MU_DERIV=0.00 mDebye / A, RMSE_ALPHA_per_atom=    0.03, RMSE_ALPHA_DERIV=    1.83
2025-07-12 06:43:27.303 INFO: Epoch 1140: head: Default, loss=0.4204, RMSE_MU_per_atom=0.00 mDebye, RMSE_MU_DERIV=0.00 mDebye / A, RMSE_ALPHA_per_atom=    0.03, RMSE_ALPHA_DERIV=    1.83
2025-07-12 06:43:56.908 INFO: Epoch 1141: head: Default, loss=0.4200, RMSE_MU_per_atom=0.00 mDebye, RMSE_MU_DERIV=0.00 mDebye / A, RMSE_ALPHA_per_atom=    0.03, RMSE_ALPHA_DERIV=    1.83
2025-07-12 06:44:26.514 INFO: Epoch 1142: head: Default, loss=0.4217, RMSE_MU_per_atom=0.00 mDebye, RMSE_MU_DERIV=0.00 mDebye / A, RMSE_ALPHA_per_atom=    0.03, RMSE_ALPHA_DERIV=    1.83
2025-07-12 06:44:56.122 INFO: Epoch 1143: head: Default, loss=0.4216, RMSE_MU_per_atom=0.00 mDebye, RMSE_MU_DERIV=0.00 mDebye / A, RMSE_ALPHA_per_atom=    0.03, RMSE_ALPHA_DERIV=    1.83
2025-07-12 06:45:25.729 INFO: Epoch 1144: head: Default, loss=0.4207, RMSE_MU_per_atom=0.00 mDebye, RMSE_MU_DERIV=0.00 mDebye / A, RMSE_ALPHA_per_atom=    0.03, RMSE_ALPHA_DERIV=    1.83
2025-07-12 06:45:55.337 INFO: Epoch 1145: head: Default, loss=0.4213, RMSE_MU_per_atom=0.00 mDebye, RMSE_MU_DERIV=0.00 mDebye / A, RMSE_ALPHA_per_atom=    0.03, RMSE_ALPHA_DERIV=    1.83
2025-07-12 06:46:24.948 INFO: Epoch 1146: head: Default, loss=0.4213, RMSE_MU_per_atom=0.00 mDebye, RMSE_MU_DERIV=0.00 mDebye / A, RMSE_ALPHA_per_atom=    0.03, RMSE_ALPHA_DERIV=    1.83
2025-07-12 06:46:54.557 INFO: Epoch 1147: head: Default, loss=0.4220, RMSE_MU_per_atom=0.00 mDebye, RMSE_MU_DERIV=0.00 mDebye / A, RMSE_ALPHA_per_atom=    0.03, RMSE_ALPHA_DERIV=    1.84
2025-07-12 06:47:24.171 INFO: Epoch 1148: head: Default, loss=0.4207, RMSE_MU_per_atom=0.00 mDebye, RMSE_MU_DERIV=0.00 mDebye / A, RMSE_ALPHA_per_atom=    0.03, RMSE_ALPHA_DERIV=    1.83
2025-07-12 06:47:53.774 INFO: Epoch 1149: head: Default, loss=0.4212, RMSE_MU_per_atom=0.00 mDebye, RMSE_MU_DERIV=0.00 mDebye / A, RMSE_ALPHA_per_atom=    0.03, RMSE_ALPHA_DERIV=    1.83
2025-07-12 06:48:23.379 INFO: Epoch 1150: head: Default, loss=0.4200, RMSE_MU_per_atom=0.00 mDebye, RMSE_MU_DERIV=0.00 mDebye / A, RMSE_ALPHA_per_atom=    0.03, RMSE_ALPHA_DERIV=    1.83
2025-07-12 06:48:52.982 INFO: Epoch 1151: head: Default, loss=0.4206, RMSE_MU_per_atom=0.00 mDebye, RMSE_MU_DERIV=0.00 mDebye / A, RMSE_ALPHA_per_atom=    0.03, RMSE_ALPHA_DERIV=    1.83
2025-07-12 06:49:22.592 INFO: Epoch 1152: head: Default, loss=0.4195, RMSE_MU_per_atom=0.00 mDebye, RMSE_MU_DERIV=0.00 mDebye / A, RMSE_ALPHA_per_atom=    0.03, RMSE_ALPHA_DERIV=    1.83
2025-07-12 06:49:52.207 INFO: Epoch 1153: head: Default, loss=0.4214, RMSE_MU_per_atom=0.00 mDebye, RMSE_MU_DERIV=0.00 mDebye / A, RMSE_ALPHA_per_atom=    0.03, RMSE_ALPHA_DERIV=    1.83
2025-07-12 06:50:21.819 INFO: Epoch 1154: head: Default, loss=0.4195, RMSE_MU_per_atom=0.00 mDebye, RMSE_MU_DERIV=0.00 mDebye / A, RMSE_ALPHA_per_atom=    0.03, RMSE_ALPHA_DERIV=    1.83
2025-07-12 06:50:51.431 INFO: Epoch 1155: head: Default, loss=0.4209, RMSE_MU_per_atom=0.00 mDebye, RMSE_MU_DERIV=0.00 mDebye / A, RMSE_ALPHA_per_atom=    0.03, RMSE_ALPHA_DERIV=    1.83
2025-07-12 06:51:21.045 INFO: Epoch 1156: head: Default, loss=0.4208, RMSE_MU_per_atom=0.00 mDebye, RMSE_MU_DERIV=0.00 mDebye / A, RMSE_ALPHA_per_atom=    0.03, RMSE_ALPHA_DERIV=    1.83
2025-07-12 06:51:50.656 INFO: Epoch 1157: head: Default, loss=0.4203, RMSE_MU_per_atom=0.00 mDebye, RMSE_MU_DERIV=0.00 mDebye / A, RMSE_ALPHA_per_atom=    0.03, RMSE_ALPHA_DERIV=    1.83
2025-07-12 06:52:20.263 INFO: Epoch 1158: head: Default, loss=0.4213, RMSE_MU_per_atom=0.00 mDebye, RMSE_MU_DERIV=0.00 mDebye / A, RMSE_ALPHA_per_atom=    0.03, RMSE_ALPHA_DERIV=    1.83
2025-07-12 06:52:49.865 INFO: Epoch 1159: head: Default, loss=0.4206, RMSE_MU_per_atom=0.00 mDebye, RMSE_MU_DERIV=0.00 mDebye / A, RMSE_ALPHA_per_atom=    0.03, RMSE_ALPHA_DERIV=    1.83
2025-07-12 06:53:19.481 INFO: Epoch 1160: head: Default, loss=0.4201, RMSE_MU_per_atom=0.00 mDebye, RMSE_MU_DERIV=0.00 mDebye / A, RMSE_ALPHA_per_atom=    0.03, RMSE_ALPHA_DERIV=    1.83
2025-07-12 06:53:49.097 INFO: Epoch 1161: head: Default, loss=0.4198, RMSE_MU_per_atom=0.00 mDebye, RMSE_MU_DERIV=0.00 mDebye / A, RMSE_ALPHA_per_atom=    0.03, RMSE_ALPHA_DERIV=    1.83
2025-07-12 06:54:18.716 INFO: Epoch 1162: head: Default, loss=0.4203, RMSE_MU_per_atom=0.00 mDebye, RMSE_MU_DERIV=0.00 mDebye / A, RMSE_ALPHA_per_atom=    0.03, RMSE_ALPHA_DERIV=    1.83
2025-07-12 06:54:48.321 INFO: Epoch 1163: head: Default, loss=0.4211, RMSE_MU_per_atom=0.00 mDebye, RMSE_MU_DERIV=0.00 mDebye / A, RMSE_ALPHA_per_atom=    0.03, RMSE_ALPHA_DERIV=    1.83
2025-07-12 06:55:17.922 INFO: Epoch 1164: head: Default, loss=0.4201, RMSE_MU_per_atom=0.00 mDebye, RMSE_MU_DERIV=0.00 mDebye / A, RMSE_ALPHA_per_atom=    0.03, RMSE_ALPHA_DERIV=    1.83
2025-07-12 06:55:47.525 INFO: Epoch 1165: head: Default, loss=0.4199, RMSE_MU_per_atom=0.00 mDebye, RMSE_MU_DERIV=0.00 mDebye / A, RMSE_ALPHA_per_atom=    0.03, RMSE_ALPHA_DERIV=    1.83
2025-07-12 06:56:17.129 INFO: Epoch 1166: head: Default, loss=0.4206, RMSE_MU_per_atom=0.00 mDebye, RMSE_MU_DERIV=0.00 mDebye / A, RMSE_ALPHA_per_atom=    0.03, RMSE_ALPHA_DERIV=    1.83
2025-07-12 06:56:46.739 INFO: Epoch 1167: head: Default, loss=0.4210, RMSE_MU_per_atom=0.00 mDebye, RMSE_MU_DERIV=0.00 mDebye / A, RMSE_ALPHA_per_atom=    0.03, RMSE_ALPHA_DERIV=    1.83
2025-07-12 06:57:16.343 INFO: Epoch 1168: head: Default, loss=0.4208, RMSE_MU_per_atom=0.00 mDebye, RMSE_MU_DERIV=0.00 mDebye / A, RMSE_ALPHA_per_atom=    0.03, RMSE_ALPHA_DERIV=    1.83
2025-07-12 06:57:45.949 INFO: Epoch 1169: head: Default, loss=0.4201, RMSE_MU_per_atom=0.00 mDebye, RMSE_MU_DERIV=0.00 mDebye / A, RMSE_ALPHA_per_atom=    0.03, RMSE_ALPHA_DERIV=    1.83
2025-07-12 06:58:15.551 INFO: Epoch 1170: head: Default, loss=0.4207, RMSE_MU_per_atom=0.00 mDebye, RMSE_MU_DERIV=0.00 mDebye / A, RMSE_ALPHA_per_atom=    0.03, RMSE_ALPHA_DERIV=    1.83
2025-07-12 06:58:45.155 INFO: Epoch 1171: head: Default, loss=0.4206, RMSE_MU_per_atom=0.00 mDebye, RMSE_MU_DERIV=0.00 mDebye / A, RMSE_ALPHA_per_atom=    0.03, RMSE_ALPHA_DERIV=    1.83
2025-07-12 06:59:14.765 INFO: Epoch 1172: head: Default, loss=0.4211, RMSE_MU_per_atom=0.00 mDebye, RMSE_MU_DERIV=0.00 mDebye / A, RMSE_ALPHA_per_atom=    0.03, RMSE_ALPHA_DERIV=    1.83
2025-07-12 06:59:44.385 INFO: Epoch 1173: head: Default, loss=0.4208, RMSE_MU_per_atom=0.00 mDebye, RMSE_MU_DERIV=0.00 mDebye / A, RMSE_ALPHA_per_atom=    0.03, RMSE_ALPHA_DERIV=    1.83
2025-07-12 07:00:13.994 INFO: Epoch 1174: head: Default, loss=0.4204, RMSE_MU_per_atom=0.00 mDebye, RMSE_MU_DERIV=0.00 mDebye / A, RMSE_ALPHA_per_atom=    0.03, RMSE_ALPHA_DERIV=    1.83
2025-07-12 07:00:43.603 INFO: Epoch 1175: head: Default, loss=0.4214, RMSE_MU_per_atom=0.00 mDebye, RMSE_MU_DERIV=0.00 mDebye / A, RMSE_ALPHA_per_atom=    0.03, RMSE_ALPHA_DERIV=    1.83
2025-07-12 07:01:13.206 INFO: Epoch 1176: head: Default, loss=0.4207, RMSE_MU_per_atom=0.00 mDebye, RMSE_MU_DERIV=0.00 mDebye / A, RMSE_ALPHA_per_atom=    0.03, RMSE_ALPHA_DERIV=    1.83
2025-07-12 07:01:42.819 INFO: Epoch 1177: head: Default, loss=0.4211, RMSE_MU_per_atom=0.00 mDebye, RMSE_MU_DERIV=0.00 mDebye / A, RMSE_ALPHA_per_atom=    0.03, RMSE_ALPHA_DERIV=    1.83
2025-07-12 07:02:12.431 INFO: Epoch 1178: head: Default, loss=0.4202, RMSE_MU_per_atom=0.00 mDebye, RMSE_MU_DERIV=0.00 mDebye / A, RMSE_ALPHA_per_atom=    0.03, RMSE_ALPHA_DERIV=    1.83
2025-07-12 07:02:42.042 INFO: Epoch 1179: head: Default, loss=0.4220, RMSE_MU_per_atom=0.00 mDebye, RMSE_MU_DERIV=0.00 mDebye / A, RMSE_ALPHA_per_atom=    0.03, RMSE_ALPHA_DERIV=    1.84
2025-07-12 07:03:11.650 INFO: Epoch 1180: head: Default, loss=0.4200, RMSE_MU_per_atom=0.00 mDebye, RMSE_MU_DERIV=0.00 mDebye / A, RMSE_ALPHA_per_atom=    0.03, RMSE_ALPHA_DERIV=    1.83
2025-07-12 07:03:41.263 INFO: Epoch 1181: head: Default, loss=0.4230, RMSE_MU_per_atom=0.00 mDebye, RMSE_MU_DERIV=0.00 mDebye / A, RMSE_ALPHA_per_atom=    0.03, RMSE_ALPHA_DERIV=    1.84
2025-07-12 07:04:10.877 INFO: Epoch 1182: head: Default, loss=0.4207, RMSE_MU_per_atom=0.00 mDebye, RMSE_MU_DERIV=0.00 mDebye / A, RMSE_ALPHA_per_atom=    0.03, RMSE_ALPHA_DERIV=    1.83
2025-07-12 07:04:40.489 INFO: Epoch 1183: head: Default, loss=0.4213, RMSE_MU_per_atom=0.00 mDebye, RMSE_MU_DERIV=0.00 mDebye / A, RMSE_ALPHA_per_atom=    0.03, RMSE_ALPHA_DERIV=    1.83
2025-07-12 07:05:10.202 INFO: Epoch 1184: head: Default, loss=0.4213, RMSE_MU_per_atom=0.00 mDebye, RMSE_MU_DERIV=0.00 mDebye / A, RMSE_ALPHA_per_atom=    0.03, RMSE_ALPHA_DERIV=    1.83
2025-07-12 07:05:39.813 INFO: Epoch 1185: head: Default, loss=0.4205, RMSE_MU_per_atom=0.00 mDebye, RMSE_MU_DERIV=0.00 mDebye / A, RMSE_ALPHA_per_atom=    0.03, RMSE_ALPHA_DERIV=    1.83
2025-07-12 07:06:09.420 INFO: Epoch 1186: head: Default, loss=0.4206, RMSE_MU_per_atom=0.00 mDebye, RMSE_MU_DERIV=0.00 mDebye / A, RMSE_ALPHA_per_atom=    0.03, RMSE_ALPHA_DERIV=    1.83
2025-07-12 07:06:39.027 INFO: Epoch 1187: head: Default, loss=0.4197, RMSE_MU_per_atom=0.00 mDebye, RMSE_MU_DERIV=0.00 mDebye / A, RMSE_ALPHA_per_atom=    0.03, RMSE_ALPHA_DERIV=    1.83
2025-07-12 07:07:08.640 INFO: Epoch 1188: head: Default, loss=0.4219, RMSE_MU_per_atom=0.00 mDebye, RMSE_MU_DERIV=0.00 mDebye / A, RMSE_ALPHA_per_atom=    0.03, RMSE_ALPHA_DERIV=    1.83
2025-07-12 07:07:38.247 INFO: Epoch 1189: head: Default, loss=0.4210, RMSE_MU_per_atom=0.00 mDebye, RMSE_MU_DERIV=0.00 mDebye / A, RMSE_ALPHA_per_atom=    0.03, RMSE_ALPHA_DERIV=    1.83
2025-07-12 07:08:07.856 INFO: Epoch 1190: head: Default, loss=0.4208, RMSE_MU_per_atom=0.00 mDebye, RMSE_MU_DERIV=0.00 mDebye / A, RMSE_ALPHA_per_atom=    0.03, RMSE_ALPHA_DERIV=    1.83
2025-07-12 07:08:37.470 INFO: Epoch 1191: head: Default, loss=0.4198, RMSE_MU_per_atom=0.00 mDebye, RMSE_MU_DERIV=0.00 mDebye / A, RMSE_ALPHA_per_atom=    0.03, RMSE_ALPHA_DERIV=    1.83
2025-07-12 07:09:07.088 INFO: Epoch 1192: head: Default, loss=0.4212, RMSE_MU_per_atom=0.00 mDebye, RMSE_MU_DERIV=0.00 mDebye / A, RMSE_ALPHA_per_atom=    0.03, RMSE_ALPHA_DERIV=    1.83
2025-07-12 07:09:36.706 INFO: Epoch 1193: head: Default, loss=0.4200, RMSE_MU_per_atom=0.00 mDebye, RMSE_MU_DERIV=0.00 mDebye / A, RMSE_ALPHA_per_atom=    0.03, RMSE_ALPHA_DERIV=    1.83
2025-07-12 07:10:06.327 INFO: Epoch 1194: head: Default, loss=0.4202, RMSE_MU_per_atom=0.00 mDebye, RMSE_MU_DERIV=0.00 mDebye / A, RMSE_ALPHA_per_atom=    0.03, RMSE_ALPHA_DERIV=    1.83
2025-07-12 07:10:35.943 INFO: Epoch 1195: head: Default, loss=0.4210, RMSE_MU_per_atom=0.00 mDebye, RMSE_MU_DERIV=0.00 mDebye / A, RMSE_ALPHA_per_atom=    0.03, RMSE_ALPHA_DERIV=    1.83
2025-07-12 07:11:05.553 INFO: Epoch 1196: head: Default, loss=0.4211, RMSE_MU_per_atom=0.00 mDebye, RMSE_MU_DERIV=0.00 mDebye / A, RMSE_ALPHA_per_atom=    0.03, RMSE_ALPHA_DERIV=    1.83
2025-07-12 07:11:35.169 INFO: Epoch 1197: head: Default, loss=0.4216, RMSE_MU_per_atom=0.00 mDebye, RMSE_MU_DERIV=0.00 mDebye / A, RMSE_ALPHA_per_atom=    0.03, RMSE_ALPHA_DERIV=    1.83
2025-07-12 07:12:04.789 INFO: Epoch 1198: head: Default, loss=0.4209, RMSE_MU_per_atom=0.00 mDebye, RMSE_MU_DERIV=0.00 mDebye / A, RMSE_ALPHA_per_atom=    0.03, RMSE_ALPHA_DERIV=    1.83
2025-07-12 07:12:34.410 INFO: Epoch 1199: head: Default, loss=0.4207, RMSE_MU_per_atom=0.00 mDebye, RMSE_MU_DERIV=0.00 mDebye / A, RMSE_ALPHA_per_atom=    0.03, RMSE_ALPHA_DERIV=    1.83
2025-07-12 07:13:04.019 INFO: Epoch 1200: head: Default, loss=0.4212, RMSE_MU_per_atom=0.00 mDebye, RMSE_MU_DERIV=0.00 mDebye / A, RMSE_ALPHA_per_atom=    0.03, RMSE_ALPHA_DERIV=    1.83
2025-07-12 07:13:33.635 INFO: Epoch 1201: head: Default, loss=0.4212, RMSE_MU_per_atom=0.00 mDebye, RMSE_MU_DERIV=0.00 mDebye / A, RMSE_ALPHA_per_atom=    0.03, RMSE_ALPHA_DERIV=    1.83
2025-07-12 07:14:03.253 INFO: Epoch 1202: head: Default, loss=0.4210, RMSE_MU_per_atom=0.00 mDebye, RMSE_MU_DERIV=0.00 mDebye / A, RMSE_ALPHA_per_atom=    0.03, RMSE_ALPHA_DERIV=    1.83
2025-07-12 07:14:32.867 INFO: Epoch 1203: head: Default, loss=0.4211, RMSE_MU_per_atom=0.00 mDebye, RMSE_MU_DERIV=0.00 mDebye / A, RMSE_ALPHA_per_atom=    0.03, RMSE_ALPHA_DERIV=    1.83
2025-07-12 07:15:02.479 INFO: Epoch 1204: head: Default, loss=0.4204, RMSE_MU_per_atom=0.00 mDebye, RMSE_MU_DERIV=0.00 mDebye / A, RMSE_ALPHA_per_atom=    0.03, RMSE_ALPHA_DERIV=    1.83
2025-07-12 07:15:32.084 INFO: Epoch 1205: head: Default, loss=0.4213, RMSE_MU_per_atom=0.00 mDebye, RMSE_MU_DERIV=0.00 mDebye / A, RMSE_ALPHA_per_atom=    0.03, RMSE_ALPHA_DERIV=    1.83
2025-07-12 07:16:01.692 INFO: Epoch 1206: head: Default, loss=0.4217, RMSE_MU_per_atom=0.00 mDebye, RMSE_MU_DERIV=0.00 mDebye / A, RMSE_ALPHA_per_atom=    0.03, RMSE_ALPHA_DERIV=    1.83
2025-07-12 07:16:31.303 INFO: Epoch 1207: head: Default, loss=0.4196, RMSE_MU_per_atom=0.00 mDebye, RMSE_MU_DERIV=0.00 mDebye / A, RMSE_ALPHA_per_atom=    0.03, RMSE_ALPHA_DERIV=    1.83
2025-07-12 07:17:00.911 INFO: Epoch 1208: head: Default, loss=0.4209, RMSE_MU_per_atom=0.00 mDebye, RMSE_MU_DERIV=0.00 mDebye / A, RMSE_ALPHA_per_atom=    0.03, RMSE_ALPHA_DERIV=    1.83
2025-07-12 07:17:30.526 INFO: Epoch 1209: head: Default, loss=0.4203, RMSE_MU_per_atom=0.00 mDebye, RMSE_MU_DERIV=0.00 mDebye / A, RMSE_ALPHA_per_atom=    0.03, RMSE_ALPHA_DERIV=    1.83
2025-07-12 07:18:00.136 INFO: Epoch 1210: head: Default, loss=0.4209, RMSE_MU_per_atom=0.00 mDebye, RMSE_MU_DERIV=0.00 mDebye / A, RMSE_ALPHA_per_atom=    0.03, RMSE_ALPHA_DERIV=    1.83
2025-07-12 07:18:29.751 INFO: Epoch 1211: head: Default, loss=0.4204, RMSE_MU_per_atom=0.00 mDebye, RMSE_MU_DERIV=0.00 mDebye / A, RMSE_ALPHA_per_atom=    0.03, RMSE_ALPHA_DERIV=    1.83
2025-07-12 07:18:59.365 INFO: Epoch 1212: head: Default, loss=0.4220, RMSE_MU_per_atom=0.00 mDebye, RMSE_MU_DERIV=0.00 mDebye / A, RMSE_ALPHA_per_atom=    0.03, RMSE_ALPHA_DERIV=    1.84
2025-07-12 07:19:28.976 INFO: Epoch 1213: head: Default, loss=0.4203, RMSE_MU_per_atom=0.00 mDebye, RMSE_MU_DERIV=0.00 mDebye / A, RMSE_ALPHA_per_atom=    0.03, RMSE_ALPHA_DERIV=    1.83
2025-07-12 07:19:58.586 INFO: Epoch 1214: head: Default, loss=0.4205, RMSE_MU_per_atom=0.00 mDebye, RMSE_MU_DERIV=0.00 mDebye / A, RMSE_ALPHA_per_atom=    0.03, RMSE_ALPHA_DERIV=    1.83
2025-07-12 07:20:28.195 INFO: Epoch 1215: head: Default, loss=0.4208, RMSE_MU_per_atom=0.00 mDebye, RMSE_MU_DERIV=0.00 mDebye / A, RMSE_ALPHA_per_atom=    0.03, RMSE_ALPHA_DERIV=    1.83
2025-07-12 07:20:57.807 INFO: Epoch 1216: head: Default, loss=0.4212, RMSE_MU_per_atom=0.00 mDebye, RMSE_MU_DERIV=0.00 mDebye / A, RMSE_ALPHA_per_atom=    0.03, RMSE_ALPHA_DERIV=    1.83
2025-07-12 07:21:27.417 INFO: Epoch 1217: head: Default, loss=0.4207, RMSE_MU_per_atom=0.00 mDebye, RMSE_MU_DERIV=0.00 mDebye / A, RMSE_ALPHA_per_atom=    0.03, RMSE_ALPHA_DERIV=    1.83
2025-07-12 07:21:57.031 INFO: Epoch 1218: head: Default, loss=0.4210, RMSE_MU_per_atom=0.00 mDebye, RMSE_MU_DERIV=0.00 mDebye / A, RMSE_ALPHA_per_atom=    0.03, RMSE_ALPHA_DERIV=    1.83
2025-07-12 07:22:26.644 INFO: Epoch 1219: head: Default, loss=0.4213, RMSE_MU_per_atom=0.00 mDebye, RMSE_MU_DERIV=0.00 mDebye / A, RMSE_ALPHA_per_atom=    0.03, RMSE_ALPHA_DERIV=    1.83
2025-07-12 07:22:56.266 INFO: Epoch 1220: head: Default, loss=0.4216, RMSE_MU_per_atom=0.00 mDebye, RMSE_MU_DERIV=0.00 mDebye / A, RMSE_ALPHA_per_atom=    0.03, RMSE_ALPHA_DERIV=    1.83
2025-07-12 07:23:25.882 INFO: Epoch 1221: head: Default, loss=0.4207, RMSE_MU_per_atom=0.00 mDebye, RMSE_MU_DERIV=0.00 mDebye / A, RMSE_ALPHA_per_atom=    0.03, RMSE_ALPHA_DERIV=    1.83
2025-07-12 07:23:55.501 INFO: Epoch 1222: head: Default, loss=0.4206, RMSE_MU_per_atom=0.00 mDebye, RMSE_MU_DERIV=0.00 mDebye / A, RMSE_ALPHA_per_atom=    0.03, RMSE_ALPHA_DERIV=    1.83
2025-07-12 07:24:25.126 INFO: Epoch 1223: head: Default, loss=0.4209, RMSE_MU_per_atom=0.00 mDebye, RMSE_MU_DERIV=0.00 mDebye / A, RMSE_ALPHA_per_atom=    0.03, RMSE_ALPHA_DERIV=    1.83
2025-07-12 07:24:54.750 INFO: Epoch 1224: head: Default, loss=0.4213, RMSE_MU_per_atom=0.00 mDebye, RMSE_MU_DERIV=0.00 mDebye / A, RMSE_ALPHA_per_atom=    0.03, RMSE_ALPHA_DERIV=    1.83
2025-07-12 07:25:24.373 INFO: Epoch 1225: head: Default, loss=0.4212, RMSE_MU_per_atom=0.00 mDebye, RMSE_MU_DERIV=0.00 mDebye / A, RMSE_ALPHA_per_atom=    0.03, RMSE_ALPHA_DERIV=    1.83
2025-07-12 07:25:53.984 INFO: Epoch 1226: head: Default, loss=0.4211, RMSE_MU_per_atom=0.00 mDebye, RMSE_MU_DERIV=0.00 mDebye / A, RMSE_ALPHA_per_atom=    0.03, RMSE_ALPHA_DERIV=    1.83
2025-07-12 07:26:23.602 INFO: Epoch 1227: head: Default, loss=0.4204, RMSE_MU_per_atom=0.00 mDebye, RMSE_MU_DERIV=0.00 mDebye / A, RMSE_ALPHA_per_atom=    0.03, RMSE_ALPHA_DERIV=    1.83
2025-07-12 07:26:53.233 INFO: Epoch 1228: head: Default, loss=0.4216, RMSE_MU_per_atom=0.00 mDebye, RMSE_MU_DERIV=0.00 mDebye / A, RMSE_ALPHA_per_atom=    0.03, RMSE_ALPHA_DERIV=    1.83
2025-07-12 07:27:22.871 INFO: Epoch 1229: head: Default, loss=0.4205, RMSE_MU_per_atom=0.00 mDebye, RMSE_MU_DERIV=0.00 mDebye / A, RMSE_ALPHA_per_atom=    0.03, RMSE_ALPHA_DERIV=    1.83
2025-07-12 07:27:52.516 INFO: Epoch 1230: head: Default, loss=0.4218, RMSE_MU_per_atom=0.00 mDebye, RMSE_MU_DERIV=0.00 mDebye / A, RMSE_ALPHA_per_atom=    0.03, RMSE_ALPHA_DERIV=    1.83
2025-07-12 07:28:22.132 INFO: Epoch 1231: head: Default, loss=0.4206, RMSE_MU_per_atom=0.00 mDebye, RMSE_MU_DERIV=0.00 mDebye / A, RMSE_ALPHA_per_atom=    0.03, RMSE_ALPHA_DERIV=    1.83
2025-07-12 07:28:51.748 INFO: Epoch 1232: head: Default, loss=0.4207, RMSE_MU_per_atom=0.00 mDebye, RMSE_MU_DERIV=0.00 mDebye / A, RMSE_ALPHA_per_atom=    0.03, RMSE_ALPHA_DERIV=    1.83
2025-07-12 07:29:21.361 INFO: Epoch 1233: head: Default, loss=0.4211, RMSE_MU_per_atom=0.00 mDebye, RMSE_MU_DERIV=0.00 mDebye / A, RMSE_ALPHA_per_atom=    0.03, RMSE_ALPHA_DERIV=    1.83
2025-07-12 07:29:50.986 INFO: Epoch 1234: head: Default, loss=0.4213, RMSE_MU_per_atom=0.00 mDebye, RMSE_MU_DERIV=0.00 mDebye / A, RMSE_ALPHA_per_atom=    0.03, RMSE_ALPHA_DERIV=    1.83
2025-07-12 07:30:20.626 INFO: Epoch 1235: head: Default, loss=0.4208, RMSE_MU_per_atom=0.00 mDebye, RMSE_MU_DERIV=0.00 mDebye / A, RMSE_ALPHA_per_atom=    0.03, RMSE_ALPHA_DERIV=    1.83
2025-07-12 07:30:50.246 INFO: Epoch 1236: head: Default, loss=0.4215, RMSE_MU_per_atom=0.00 mDebye, RMSE_MU_DERIV=0.00 mDebye / A, RMSE_ALPHA_per_atom=    0.03, RMSE_ALPHA_DERIV=    1.83
2025-07-12 07:31:19.868 INFO: Epoch 1237: head: Default, loss=0.4206, RMSE_MU_per_atom=0.00 mDebye, RMSE_MU_DERIV=0.00 mDebye / A, RMSE_ALPHA_per_atom=    0.03, RMSE_ALPHA_DERIV=    1.83
2025-07-12 07:31:49.491 INFO: Epoch 1238: head: Default, loss=0.4207, RMSE_MU_per_atom=0.00 mDebye, RMSE_MU_DERIV=0.00 mDebye / A, RMSE_ALPHA_per_atom=    0.03, RMSE_ALPHA_DERIV=    1.83
2025-07-12 07:32:19.119 INFO: Epoch 1239: head: Default, loss=0.4214, RMSE_MU_per_atom=0.00 mDebye, RMSE_MU_DERIV=0.00 mDebye / A, RMSE_ALPHA_per_atom=    0.03, RMSE_ALPHA_DERIV=    1.83
2025-07-12 07:32:48.735 INFO: Epoch 1240: head: Default, loss=0.4209, RMSE_MU_per_atom=0.00 mDebye, RMSE_MU_DERIV=0.00 mDebye / A, RMSE_ALPHA_per_atom=    0.03, RMSE_ALPHA_DERIV=    1.83
2025-07-12 07:33:18.360 INFO: Epoch 1241: head: Default, loss=0.4206, RMSE_MU_per_atom=0.00 mDebye, RMSE_MU_DERIV=0.00 mDebye / A, RMSE_ALPHA_per_atom=    0.03, RMSE_ALPHA_DERIV=    1.83
2025-07-12 07:33:47.980 INFO: Epoch 1242: head: Default, loss=0.4213, RMSE_MU_per_atom=0.00 mDebye, RMSE_MU_DERIV=0.00 mDebye / A, RMSE_ALPHA_per_atom=    0.03, RMSE_ALPHA_DERIV=    1.83
2025-07-12 07:34:17.599 INFO: Epoch 1243: head: Default, loss=0.4208, RMSE_MU_per_atom=0.00 mDebye, RMSE_MU_DERIV=0.00 mDebye / A, RMSE_ALPHA_per_atom=    0.03, RMSE_ALPHA_DERIV=    1.83
2025-07-12 07:34:47.219 INFO: Epoch 1244: head: Default, loss=0.4214, RMSE_MU_per_atom=0.00 mDebye, RMSE_MU_DERIV=0.00 mDebye / A, RMSE_ALPHA_per_atom=    0.03, RMSE_ALPHA_DERIV=    1.83
2025-07-12 07:35:16.839 INFO: Epoch 1245: head: Default, loss=0.4207, RMSE_MU_per_atom=0.00 mDebye, RMSE_MU_DERIV=0.00 mDebye / A, RMSE_ALPHA_per_atom=    0.03, RMSE_ALPHA_DERIV=    1.83
2025-07-12 07:35:46.446 INFO: Epoch 1246: head: Default, loss=0.4217, RMSE_MU_per_atom=0.00 mDebye, RMSE_MU_DERIV=0.00 mDebye / A, RMSE_ALPHA_per_atom=    0.03, RMSE_ALPHA_DERIV=    1.83
2025-07-12 07:36:16.053 INFO: Epoch 1247: head: Default, loss=0.4202, RMSE_MU_per_atom=0.00 mDebye, RMSE_MU_DERIV=0.00 mDebye / A, RMSE_ALPHA_per_atom=    0.03, RMSE_ALPHA_DERIV=    1.83
2025-07-12 07:36:45.671 INFO: Epoch 1248: head: Default, loss=0.4221, RMSE_MU_per_atom=0.00 mDebye, RMSE_MU_DERIV=0.00 mDebye / A, RMSE_ALPHA_per_atom=    0.03, RMSE_ALPHA_DERIV=    1.84
2025-07-12 07:37:15.292 INFO: Epoch 1249: head: Default, loss=0.4212, RMSE_MU_per_atom=0.00 mDebye, RMSE_MU_DERIV=0.00 mDebye / A, RMSE_ALPHA_per_atom=    0.03, RMSE_ALPHA_DERIV=    1.83
2025-07-12 07:37:44.906 INFO: Epoch 1250: head: Default, loss=0.4211, RMSE_MU_per_atom=0.00 mDebye, RMSE_MU_DERIV=0.00 mDebye / A, RMSE_ALPHA_per_atom=    0.03, RMSE_ALPHA_DERIV=    1.83
2025-07-12 07:38:14.523 INFO: Epoch 1251: head: Default, loss=0.4206, RMSE_MU_per_atom=0.00 mDebye, RMSE_MU_DERIV=0.00 mDebye / A, RMSE_ALPHA_per_atom=    0.03, RMSE_ALPHA_DERIV=    1.83
2025-07-12 07:38:44.135 INFO: Epoch 1252: head: Default, loss=0.4211, RMSE_MU_per_atom=0.00 mDebye, RMSE_MU_DERIV=0.00 mDebye / A, RMSE_ALPHA_per_atom=    0.03, RMSE_ALPHA_DERIV=    1.83
2025-07-12 07:39:13.762 INFO: Epoch 1253: head: Default, loss=0.4209, RMSE_MU_per_atom=0.00 mDebye, RMSE_MU_DERIV=0.00 mDebye / A, RMSE_ALPHA_per_atom=    0.03, RMSE_ALPHA_DERIV=    1.83
2025-07-12 07:39:43.390 INFO: Epoch 1254: head: Default, loss=0.4201, RMSE_MU_per_atom=0.00 mDebye, RMSE_MU_DERIV=0.00 mDebye / A, RMSE_ALPHA_per_atom=    0.03, RMSE_ALPHA_DERIV=    1.83
2025-07-12 07:40:13.013 INFO: Epoch 1255: head: Default, loss=0.4212, RMSE_MU_per_atom=0.00 mDebye, RMSE_MU_DERIV=0.00 mDebye / A, RMSE_ALPHA_per_atom=    0.03, RMSE_ALPHA_DERIV=    1.83
2025-07-12 07:40:42.628 INFO: Epoch 1256: head: Default, loss=0.4212, RMSE_MU_per_atom=0.00 mDebye, RMSE_MU_DERIV=0.00 mDebye / A, RMSE_ALPHA_per_atom=    0.03, RMSE_ALPHA_DERIV=    1.83
2025-07-12 07:41:12.232 INFO: Epoch 1257: head: Default, loss=0.4205, RMSE_MU_per_atom=0.00 mDebye, RMSE_MU_DERIV=0.00 mDebye / A, RMSE_ALPHA_per_atom=    0.03, RMSE_ALPHA_DERIV=    1.83
2025-07-12 07:41:41.842 INFO: Epoch 1258: head: Default, loss=0.4201, RMSE_MU_per_atom=0.00 mDebye, RMSE_MU_DERIV=0.00 mDebye / A, RMSE_ALPHA_per_atom=    0.03, RMSE_ALPHA_DERIV=    1.83
2025-07-12 07:42:11.447 INFO: Epoch 1259: head: Default, loss=0.4198, RMSE_MU_per_atom=0.00 mDebye, RMSE_MU_DERIV=0.00 mDebye / A, RMSE_ALPHA_per_atom=    0.03, RMSE_ALPHA_DERIV=    1.83
2025-07-12 07:42:41.049 INFO: Epoch 1260: head: Default, loss=0.4221, RMSE_MU_per_atom=0.00 mDebye, RMSE_MU_DERIV=0.00 mDebye / A, RMSE_ALPHA_per_atom=    0.03, RMSE_ALPHA_DERIV=    1.84
2025-07-12 07:43:10.653 INFO: Epoch 1261: head: Default, loss=0.4209, RMSE_MU_per_atom=0.00 mDebye, RMSE_MU_DERIV=0.00 mDebye / A, RMSE_ALPHA_per_atom=    0.03, RMSE_ALPHA_DERIV=    1.83
2025-07-12 07:43:40.257 INFO: Epoch 1262: head: Default, loss=0.4210, RMSE_MU_per_atom=0.00 mDebye, RMSE_MU_DERIV=0.00 mDebye / A, RMSE_ALPHA_per_atom=    0.03, RMSE_ALPHA_DERIV=    1.83
2025-07-12 07:44:09.869 INFO: Epoch 1263: head: Default, loss=0.4211, RMSE_MU_per_atom=0.00 mDebye, RMSE_MU_DERIV=0.00 mDebye / A, RMSE_ALPHA_per_atom=    0.03, RMSE_ALPHA_DERIV=    1.83
2025-07-12 07:44:39.488 INFO: Epoch 1264: head: Default, loss=0.4211, RMSE_MU_per_atom=0.00 mDebye, RMSE_MU_DERIV=0.00 mDebye / A, RMSE_ALPHA_per_atom=    0.03, RMSE_ALPHA_DERIV=    1.83
2025-07-12 07:45:09.105 INFO: Epoch 1265: head: Default, loss=0.4219, RMSE_MU_per_atom=0.00 mDebye, RMSE_MU_DERIV=0.00 mDebye / A, RMSE_ALPHA_per_atom=    0.03, RMSE_ALPHA_DERIV=    1.83
2025-07-12 07:45:38.728 INFO: Epoch 1266: head: Default, loss=0.4207, RMSE_MU_per_atom=0.00 mDebye, RMSE_MU_DERIV=0.00 mDebye / A, RMSE_ALPHA_per_atom=    0.03, RMSE_ALPHA_DERIV=    1.83
2025-07-12 07:46:08.351 INFO: Epoch 1267: head: Default, loss=0.4205, RMSE_MU_per_atom=0.00 mDebye, RMSE_MU_DERIV=0.00 mDebye / A, RMSE_ALPHA_per_atom=    0.03, RMSE_ALPHA_DERIV=    1.83
2025-07-12 07:46:37.971 INFO: Epoch 1268: head: Default, loss=0.4211, RMSE_MU_per_atom=0.00 mDebye, RMSE_MU_DERIV=0.00 mDebye / A, RMSE_ALPHA_per_atom=    0.03, RMSE_ALPHA_DERIV=    1.83
2025-07-12 07:47:07.590 INFO: Epoch 1269: head: Default, loss=0.4208, RMSE_MU_per_atom=0.00 mDebye, RMSE_MU_DERIV=0.00 mDebye / A, RMSE_ALPHA_per_atom=    0.03, RMSE_ALPHA_DERIV=    1.83
2025-07-12 07:47:37.205 INFO: Epoch 1270: head: Default, loss=0.4206, RMSE_MU_per_atom=0.00 mDebye, RMSE_MU_DERIV=0.00 mDebye / A, RMSE_ALPHA_per_atom=    0.03, RMSE_ALPHA_DERIV=    1.83
2025-07-12 07:48:06.820 INFO: Epoch 1271: head: Default, loss=0.4213, RMSE_MU_per_atom=0.00 mDebye, RMSE_MU_DERIV=0.00 mDebye / A, RMSE_ALPHA_per_atom=    0.03, RMSE_ALPHA_DERIV=    1.83
2025-07-12 07:48:36.436 INFO: Epoch 1272: head: Default, loss=0.4209, RMSE_MU_per_atom=0.00 mDebye, RMSE_MU_DERIV=0.00 mDebye / A, RMSE_ALPHA_per_atom=    0.03, RMSE_ALPHA_DERIV=    1.83
2025-07-12 07:49:06.064 INFO: Epoch 1273: head: Default, loss=0.4211, RMSE_MU_per_atom=0.00 mDebye, RMSE_MU_DERIV=0.00 mDebye / A, RMSE_ALPHA_per_atom=    0.03, RMSE_ALPHA_DERIV=    1.83
2025-07-12 07:49:35.688 INFO: Epoch 1274: head: Default, loss=0.4209, RMSE_MU_per_atom=0.00 mDebye, RMSE_MU_DERIV=0.00 mDebye / A, RMSE_ALPHA_per_atom=    0.03, RMSE_ALPHA_DERIV=    1.83
2025-07-12 07:50:05.313 INFO: Epoch 1275: head: Default, loss=0.4215, RMSE_MU_per_atom=0.00 mDebye, RMSE_MU_DERIV=0.00 mDebye / A, RMSE_ALPHA_per_atom=    0.03, RMSE_ALPHA_DERIV=    1.83
2025-07-12 07:50:34.932 INFO: Epoch 1276: head: Default, loss=0.4212, RMSE_MU_per_atom=0.00 mDebye, RMSE_MU_DERIV=0.00 mDebye / A, RMSE_ALPHA_per_atom=    0.03, RMSE_ALPHA_DERIV=    1.83
2025-07-12 07:51:04.560 INFO: Epoch 1277: head: Default, loss=0.4207, RMSE_MU_per_atom=0.00 mDebye, RMSE_MU_DERIV=0.00 mDebye / A, RMSE_ALPHA_per_atom=    0.03, RMSE_ALPHA_DERIV=    1.83
2025-07-12 07:51:34.192 INFO: Epoch 1278: head: Default, loss=0.4217, RMSE_MU_per_atom=0.00 mDebye, RMSE_MU_DERIV=0.00 mDebye / A, RMSE_ALPHA_per_atom=    0.03, RMSE_ALPHA_DERIV=    1.83
2025-07-12 07:52:03.817 INFO: Epoch 1279: head: Default, loss=0.4207, RMSE_MU_per_atom=0.00 mDebye, RMSE_MU_DERIV=0.00 mDebye / A, RMSE_ALPHA_per_atom=    0.03, RMSE_ALPHA_DERIV=    1.83
2025-07-12 07:52:33.454 INFO: Epoch 1280: head: Default, loss=0.4214, RMSE_MU_per_atom=0.00 mDebye, RMSE_MU_DERIV=0.00 mDebye / A, RMSE_ALPHA_per_atom=    0.03, RMSE_ALPHA_DERIV=    1.83
2025-07-12 07:53:03.085 INFO: Epoch 1281: head: Default, loss=0.4213, RMSE_MU_per_atom=0.00 mDebye, RMSE_MU_DERIV=0.00 mDebye / A, RMSE_ALPHA_per_atom=    0.03, RMSE_ALPHA_DERIV=    1.83
2025-07-12 07:53:32.707 INFO: Epoch 1282: head: Default, loss=0.4212, RMSE_MU_per_atom=0.00 mDebye, RMSE_MU_DERIV=0.00 mDebye / A, RMSE_ALPHA_per_atom=    0.03, RMSE_ALPHA_DERIV=    1.83
2025-07-12 07:54:02.336 INFO: Epoch 1283: head: Default, loss=0.4203, RMSE_MU_per_atom=0.00 mDebye, RMSE_MU_DERIV=0.00 mDebye / A, RMSE_ALPHA_per_atom=    0.03, RMSE_ALPHA_DERIV=    1.83
2025-07-12 07:54:31.970 INFO: Epoch 1284: head: Default, loss=0.4212, RMSE_MU_per_atom=0.00 mDebye, RMSE_MU_DERIV=0.00 mDebye / A, RMSE_ALPHA_per_atom=    0.03, RMSE_ALPHA_DERIV=    1.83
2025-07-12 07:55:01.596 INFO: Epoch 1285: head: Default, loss=0.4210, RMSE_MU_per_atom=0.00 mDebye, RMSE_MU_DERIV=0.00 mDebye / A, RMSE_ALPHA_per_atom=    0.03, RMSE_ALPHA_DERIV=    1.83
2025-07-12 07:55:31.217 INFO: Epoch 1286: head: Default, loss=0.4217, RMSE_MU_per_atom=0.00 mDebye, RMSE_MU_DERIV=0.00 mDebye / A, RMSE_ALPHA_per_atom=    0.03, RMSE_ALPHA_DERIV=    1.83
2025-07-12 07:56:00.833 INFO: Epoch 1287: head: Default, loss=0.4207, RMSE_MU_per_atom=0.00 mDebye, RMSE_MU_DERIV=0.00 mDebye / A, RMSE_ALPHA_per_atom=    0.03, RMSE_ALPHA_DERIV=    1.83
2025-07-12 07:56:30.446 INFO: Epoch 1288: head: Default, loss=0.4210, RMSE_MU_per_atom=0.00 mDebye, RMSE_MU_DERIV=0.00 mDebye / A, RMSE_ALPHA_per_atom=    0.03, RMSE_ALPHA_DERIV=    1.83
2025-07-12 07:57:00.062 INFO: Epoch 1289: head: Default, loss=0.4208, RMSE_MU_per_atom=0.00 mDebye, RMSE_MU_DERIV=0.00 mDebye / A, RMSE_ALPHA_per_atom=    0.03, RMSE_ALPHA_DERIV=    1.83
2025-07-12 07:57:29.674 INFO: Epoch 1290: head: Default, loss=0.4211, RMSE_MU_per_atom=0.00 mDebye, RMSE_MU_DERIV=0.00 mDebye / A, RMSE_ALPHA_per_atom=    0.03, RMSE_ALPHA_DERIV=    1.83
2025-07-12 07:57:59.284 INFO: Epoch 1291: head: Default, loss=0.4209, RMSE_MU_per_atom=0.00 mDebye, RMSE_MU_DERIV=0.00 mDebye / A, RMSE_ALPHA_per_atom=    0.03, RMSE_ALPHA_DERIV=    1.83
2025-07-12 07:58:28.896 INFO: Epoch 1292: head: Default, loss=0.4210, RMSE_MU_per_atom=0.00 mDebye, RMSE_MU_DERIV=0.00 mDebye / A, RMSE_ALPHA_per_atom=    0.03, RMSE_ALPHA_DERIV=    1.83
2025-07-12 07:58:58.507 INFO: Epoch 1293: head: Default, loss=0.4212, RMSE_MU_per_atom=0.00 mDebye, RMSE_MU_DERIV=0.00 mDebye / A, RMSE_ALPHA_per_atom=    0.03, RMSE_ALPHA_DERIV=    1.83
2025-07-12 07:59:28.117 INFO: Epoch 1294: head: Default, loss=0.4208, RMSE_MU_per_atom=0.00 mDebye, RMSE_MU_DERIV=0.00 mDebye / A, RMSE_ALPHA_per_atom=    0.03, RMSE_ALPHA_DERIV=    1.83
2025-07-12 07:59:57.722 INFO: Epoch 1295: head: Default, loss=0.4205, RMSE_MU_per_atom=0.00 mDebye, RMSE_MU_DERIV=0.00 mDebye / A, RMSE_ALPHA_per_atom=    0.03, RMSE_ALPHA_DERIV=    1.83
2025-07-12 08:00:27.333 INFO: Epoch 1296: head: Default, loss=0.4213, RMSE_MU_per_atom=0.00 mDebye, RMSE_MU_DERIV=0.00 mDebye / A, RMSE_ALPHA_per_atom=    0.03, RMSE_ALPHA_DERIV=    1.83
2025-07-12 08:00:56.949 INFO: Epoch 1297: head: Default, loss=0.4213, RMSE_MU_per_atom=0.00 mDebye, RMSE_MU_DERIV=0.00 mDebye / A, RMSE_ALPHA_per_atom=    0.03, RMSE_ALPHA_DERIV=    1.83
2025-07-12 08:01:26.573 INFO: Epoch 1298: head: Default, loss=0.4214, RMSE_MU_per_atom=0.00 mDebye, RMSE_MU_DERIV=0.00 mDebye / A, RMSE_ALPHA_per_atom=    0.03, RMSE_ALPHA_DERIV=    1.83
2025-07-12 08:01:56.190 INFO: Epoch 1299: head: Default, loss=0.4210, RMSE_MU_per_atom=0.00 mDebye, RMSE_MU_DERIV=0.00 mDebye / A, RMSE_ALPHA_per_atom=    0.03, RMSE_ALPHA_DERIV=    1.83
2025-07-12 08:02:25.808 INFO: Epoch 1300: head: Default, loss=0.4212, RMSE_MU_per_atom=0.00 mDebye, RMSE_MU_DERIV=0.00 mDebye / A, RMSE_ALPHA_per_atom=    0.03, RMSE_ALPHA_DERIV=    1.83
2025-07-12 08:02:55.430 INFO: Epoch 1301: head: Default, loss=0.4211, RMSE_MU_per_atom=0.00 mDebye, RMSE_MU_DERIV=0.00 mDebye / A, RMSE_ALPHA_per_atom=    0.03, RMSE_ALPHA_DERIV=    1.83
2025-07-12 08:03:25.045 INFO: Epoch 1302: head: Default, loss=0.4214, RMSE_MU_per_atom=0.00 mDebye, RMSE_MU_DERIV=0.00 mDebye / A, RMSE_ALPHA_per_atom=    0.03, RMSE_ALPHA_DERIV=    1.83
2025-07-12 08:03:54.653 INFO: Epoch 1303: head: Default, loss=0.4208, RMSE_MU_per_atom=0.00 mDebye, RMSE_MU_DERIV=0.00 mDebye / A, RMSE_ALPHA_per_atom=    0.03, RMSE_ALPHA_DERIV=    1.83
2025-07-12 08:04:24.270 INFO: Epoch 1304: head: Default, loss=0.4213, RMSE_MU_per_atom=0.00 mDebye, RMSE_MU_DERIV=0.00 mDebye / A, RMSE_ALPHA_per_atom=    0.03, RMSE_ALPHA_DERIV=    1.83
2025-07-12 08:04:53.886 INFO: Epoch 1305: head: Default, loss=0.4213, RMSE_MU_per_atom=0.00 mDebye, RMSE_MU_DERIV=0.00 mDebye / A, RMSE_ALPHA_per_atom=    0.03, RMSE_ALPHA_DERIV=    1.83
2025-07-12 08:05:23.505 INFO: Epoch 1306: head: Default, loss=0.4211, RMSE_MU_per_atom=0.00 mDebye, RMSE_MU_DERIV=0.00 mDebye / A, RMSE_ALPHA_per_atom=    0.03, RMSE_ALPHA_DERIV=    1.83
2025-07-12 08:05:53.130 INFO: Epoch 1307: head: Default, loss=0.4215, RMSE_MU_per_atom=0.00 mDebye, RMSE_MU_DERIV=0.00 mDebye / A, RMSE_ALPHA_per_atom=    0.03, RMSE_ALPHA_DERIV=    1.83
2025-07-12 08:06:22.759 INFO: Epoch 1308: head: Default, loss=0.4215, RMSE_MU_per_atom=0.00 mDebye, RMSE_MU_DERIV=0.00 mDebye / A, RMSE_ALPHA_per_atom=    0.03, RMSE_ALPHA_DERIV=    1.83
2025-07-12 08:06:52.388 INFO: Epoch 1309: head: Default, loss=0.4206, RMSE_MU_per_atom=0.00 mDebye, RMSE_MU_DERIV=0.00 mDebye / A, RMSE_ALPHA_per_atom=    0.03, RMSE_ALPHA_DERIV=    1.83
2025-07-12 08:07:22.007 INFO: Epoch 1310: head: Default, loss=0.4213, RMSE_MU_per_atom=0.00 mDebye, RMSE_MU_DERIV=0.00 mDebye / A, RMSE_ALPHA_per_atom=    0.03, RMSE_ALPHA_DERIV=    1.83
2025-07-12 08:07:51.624 INFO: Epoch 1311: head: Default, loss=0.4210, RMSE_MU_per_atom=0.00 mDebye, RMSE_MU_DERIV=0.00 mDebye / A, RMSE_ALPHA_per_atom=    0.03, RMSE_ALPHA_DERIV=    1.83
2025-07-12 08:08:21.254 INFO: Epoch 1312: head: Default, loss=0.4211, RMSE_MU_per_atom=0.00 mDebye, RMSE_MU_DERIV=0.00 mDebye / A, RMSE_ALPHA_per_atom=    0.03, RMSE_ALPHA_DERIV=    1.83
2025-07-12 08:08:50.891 INFO: Epoch 1313: head: Default, loss=0.4212, RMSE_MU_per_atom=0.00 mDebye, RMSE_MU_DERIV=0.00 mDebye / A, RMSE_ALPHA_per_atom=    0.03, RMSE_ALPHA_DERIV=    1.83
2025-07-12 08:09:20.513 INFO: Epoch 1314: head: Default, loss=0.4220, RMSE_MU_per_atom=0.00 mDebye, RMSE_MU_DERIV=0.00 mDebye / A, RMSE_ALPHA_per_atom=    0.03, RMSE_ALPHA_DERIV=    1.84
2025-07-12 08:09:50.137 INFO: Epoch 1315: head: Default, loss=0.4214, RMSE_MU_per_atom=0.00 mDebye, RMSE_MU_DERIV=0.00 mDebye / A, RMSE_ALPHA_per_atom=    0.03, RMSE_ALPHA_DERIV=    1.83
2025-07-12 08:10:19.758 INFO: Epoch 1316: head: Default, loss=0.4207, RMSE_MU_per_atom=0.00 mDebye, RMSE_MU_DERIV=0.00 mDebye / A, RMSE_ALPHA_per_atom=    0.03, RMSE_ALPHA_DERIV=    1.83
2025-07-12 08:10:49.387 INFO: Epoch 1317: head: Default, loss=0.4212, RMSE_MU_per_atom=0.00 mDebye, RMSE_MU_DERIV=0.00 mDebye / A, RMSE_ALPHA_per_atom=    0.03, RMSE_ALPHA_DERIV=    1.83
2025-07-12 08:11:19.006 INFO: Epoch 1318: head: Default, loss=0.4213, RMSE_MU_per_atom=0.00 mDebye, RMSE_MU_DERIV=0.00 mDebye / A, RMSE_ALPHA_per_atom=    0.03, RMSE_ALPHA_DERIV=    1.83
2025-07-12 08:11:48.617 INFO: Epoch 1319: head: Default, loss=0.4210, RMSE_MU_per_atom=0.00 mDebye, RMSE_MU_DERIV=0.00 mDebye / A, RMSE_ALPHA_per_atom=    0.03, RMSE_ALPHA_DERIV=    1.83
2025-07-12 08:12:18.239 INFO: Epoch 1320: head: Default, loss=0.4210, RMSE_MU_per_atom=0.00 mDebye, RMSE_MU_DERIV=0.00 mDebye / A, RMSE_ALPHA_per_atom=    0.03, RMSE_ALPHA_DERIV=    1.83
2025-07-12 08:12:47.862 INFO: Epoch 1321: head: Default, loss=0.4220, RMSE_MU_per_atom=0.00 mDebye, RMSE_MU_DERIV=0.00 mDebye / A, RMSE_ALPHA_per_atom=    0.03, RMSE_ALPHA_DERIV=    1.84
2025-07-12 08:13:17.472 INFO: Epoch 1322: head: Default, loss=0.4208, RMSE_MU_per_atom=0.00 mDebye, RMSE_MU_DERIV=0.00 mDebye / A, RMSE_ALPHA_per_atom=    0.03, RMSE_ALPHA_DERIV=    1.83
2025-07-12 08:13:47.093 INFO: Epoch 1323: head: Default, loss=0.4215, RMSE_MU_per_atom=0.00 mDebye, RMSE_MU_DERIV=0.00 mDebye / A, RMSE_ALPHA_per_atom=    0.03, RMSE_ALPHA_DERIV=    1.83
2025-07-12 08:14:16.708 INFO: Epoch 1324: head: Default, loss=0.4213, RMSE_MU_per_atom=0.00 mDebye, RMSE_MU_DERIV=0.00 mDebye / A, RMSE_ALPHA_per_atom=    0.03, RMSE_ALPHA_DERIV=    1.83
2025-07-12 08:14:46.327 INFO: Epoch 1325: head: Default, loss=0.4213, RMSE_MU_per_atom=0.00 mDebye, RMSE_MU_DERIV=0.00 mDebye / A, RMSE_ALPHA_per_atom=    0.03, RMSE_ALPHA_DERIV=    1.83
2025-07-12 08:15:15.945 INFO: Epoch 1326: head: Default, loss=0.4212, RMSE_MU_per_atom=0.00 mDebye, RMSE_MU_DERIV=0.00 mDebye / A, RMSE_ALPHA_per_atom=    0.03, RMSE_ALPHA_DERIV=    1.83
2025-07-12 08:15:45.559 INFO: Epoch 1327: head: Default, loss=0.4207, RMSE_MU_per_atom=0.00 mDebye, RMSE_MU_DERIV=0.00 mDebye / A, RMSE_ALPHA_per_atom=    0.03, RMSE_ALPHA_DERIV=    1.83
2025-07-12 08:16:15.178 INFO: Epoch 1328: head: Default, loss=0.4217, RMSE_MU_per_atom=0.00 mDebye, RMSE_MU_DERIV=0.00 mDebye / A, RMSE_ALPHA_per_atom=    0.03, RMSE_ALPHA_DERIV=    1.83
2025-07-12 08:16:44.791 INFO: Epoch 1329: head: Default, loss=0.4209, RMSE_MU_per_atom=0.00 mDebye, RMSE_MU_DERIV=0.00 mDebye / A, RMSE_ALPHA_per_atom=    0.03, RMSE_ALPHA_DERIV=    1.83
2025-07-12 08:17:14.400 INFO: Epoch 1330: head: Default, loss=0.4215, RMSE_MU_per_atom=0.00 mDebye, RMSE_MU_DERIV=0.00 mDebye / A, RMSE_ALPHA_per_atom=    0.03, RMSE_ALPHA_DERIV=    1.83
2025-07-12 08:17:44.014 INFO: Epoch 1331: head: Default, loss=0.4211, RMSE_MU_per_atom=0.00 mDebye, RMSE_MU_DERIV=0.00 mDebye / A, RMSE_ALPHA_per_atom=    0.03, RMSE_ALPHA_DERIV=    1.83
2025-07-12 08:18:13.635 INFO: Epoch 1332: head: Default, loss=0.4215, RMSE_MU_per_atom=0.00 mDebye, RMSE_MU_DERIV=0.00 mDebye / A, RMSE_ALPHA_per_atom=    0.03, RMSE_ALPHA_DERIV=    1.83
2025-07-12 08:18:43.252 INFO: Epoch 1333: head: Default, loss=0.4219, RMSE_MU_per_atom=0.00 mDebye, RMSE_MU_DERIV=0.00 mDebye / A, RMSE_ALPHA_per_atom=    0.03, RMSE_ALPHA_DERIV=    1.84
2025-07-12 08:19:12.871 INFO: Epoch 1334: head: Default, loss=0.4211, RMSE_MU_per_atom=0.00 mDebye, RMSE_MU_DERIV=0.00 mDebye / A, RMSE_ALPHA_per_atom=    0.03, RMSE_ALPHA_DERIV=    1.83
2025-07-12 08:19:42.492 INFO: Epoch 1335: head: Default, loss=0.4216, RMSE_MU_per_atom=0.00 mDebye, RMSE_MU_DERIV=0.00 mDebye / A, RMSE_ALPHA_per_atom=    0.03, RMSE_ALPHA_DERIV=    1.83
2025-07-12 08:20:12.110 INFO: Epoch 1336: head: Default, loss=0.4215, RMSE_MU_per_atom=0.00 mDebye, RMSE_MU_DERIV=0.00 mDebye / A, RMSE_ALPHA_per_atom=    0.03, RMSE_ALPHA_DERIV=    1.83
2025-07-12 08:20:41.739 INFO: Epoch 1337: head: Default, loss=0.4213, RMSE_MU_per_atom=0.00 mDebye, RMSE_MU_DERIV=0.00 mDebye / A, RMSE_ALPHA_per_atom=    0.03, RMSE_ALPHA_DERIV=    1.83
2025-07-12 08:21:11.366 INFO: Epoch 1338: head: Default, loss=0.4214, RMSE_MU_per_atom=0.00 mDebye, RMSE_MU_DERIV=0.00 mDebye / A, RMSE_ALPHA_per_atom=    0.03, RMSE_ALPHA_DERIV=    1.83
2025-07-12 08:21:41.000 INFO: Epoch 1339: head: Default, loss=0.4213, RMSE_MU_per_atom=0.00 mDebye, RMSE_MU_DERIV=0.00 mDebye / A, RMSE_ALPHA_per_atom=    0.03, RMSE_ALPHA_DERIV=    1.83
2025-07-12 08:22:10.616 INFO: Epoch 1340: head: Default, loss=0.4212, RMSE_MU_per_atom=0.00 mDebye, RMSE_MU_DERIV=0.00 mDebye / A, RMSE_ALPHA_per_atom=    0.03, RMSE_ALPHA_DERIV=    1.83
2025-07-12 08:22:40.237 INFO: Epoch 1341: head: Default, loss=0.4215, RMSE_MU_per_atom=0.00 mDebye, RMSE_MU_DERIV=0.00 mDebye / A, RMSE_ALPHA_per_atom=    0.03, RMSE_ALPHA_DERIV=    1.83
2025-07-12 08:23:09.850 INFO: Epoch 1342: head: Default, loss=0.4215, RMSE_MU_per_atom=0.00 mDebye, RMSE_MU_DERIV=0.00 mDebye / A, RMSE_ALPHA_per_atom=    0.03, RMSE_ALPHA_DERIV=    1.83
2025-07-12 08:23:39.461 INFO: Epoch 1343: head: Default, loss=0.4215, RMSE_MU_per_atom=0.00 mDebye, RMSE_MU_DERIV=0.00 mDebye / A, RMSE_ALPHA_per_atom=    0.03, RMSE_ALPHA_DERIV=    1.83
2025-07-12 08:24:09.070 INFO: Epoch 1344: head: Default, loss=0.4214, RMSE_MU_per_atom=0.00 mDebye, RMSE_MU_DERIV=0.00 mDebye / A, RMSE_ALPHA_per_atom=    0.03, RMSE_ALPHA_DERIV=    1.83
2025-07-12 08:24:38.687 INFO: Epoch 1345: head: Default, loss=0.4217, RMSE_MU_per_atom=0.00 mDebye, RMSE_MU_DERIV=0.00 mDebye / A, RMSE_ALPHA_per_atom=    0.03, RMSE_ALPHA_DERIV=    1.83
2025-07-12 08:25:08.303 INFO: Epoch 1346: head: Default, loss=0.4207, RMSE_MU_per_atom=0.00 mDebye, RMSE_MU_DERIV=0.00 mDebye / A, RMSE_ALPHA_per_atom=    0.03, RMSE_ALPHA_DERIV=    1.83
2025-07-12 08:25:37.920 INFO: Epoch 1347: head: Default, loss=0.4216, RMSE_MU_per_atom=0.00 mDebye, RMSE_MU_DERIV=0.00 mDebye / A, RMSE_ALPHA_per_atom=    0.03, RMSE_ALPHA_DERIV=    1.83
2025-07-12 08:26:07.535 INFO: Epoch 1348: head: Default, loss=0.4214, RMSE_MU_per_atom=0.00 mDebye, RMSE_MU_DERIV=0.00 mDebye / A, RMSE_ALPHA_per_atom=    0.03, RMSE_ALPHA_DERIV=    1.83
2025-07-12 08:26:37.155 INFO: Epoch 1349: head: Default, loss=0.4219, RMSE_MU_per_atom=0.00 mDebye, RMSE_MU_DERIV=0.00 mDebye / A, RMSE_ALPHA_per_atom=    0.03, RMSE_ALPHA_DERIV=    1.84
2025-07-12 08:27:06.774 INFO: Epoch 1350: head: Default, loss=0.4212, RMSE_MU_per_atom=0.00 mDebye, RMSE_MU_DERIV=0.00 mDebye / A, RMSE_ALPHA_per_atom=    0.03, RMSE_ALPHA_DERIV=    1.83
2025-07-12 08:27:36.386 INFO: Epoch 1351: head: Default, loss=0.4217, RMSE_MU_per_atom=0.00 mDebye, RMSE_MU_DERIV=0.00 mDebye / A, RMSE_ALPHA_per_atom=    0.03, RMSE_ALPHA_DERIV=    1.83
2025-07-12 08:28:06.002 INFO: Epoch 1352: head: Default, loss=0.4215, RMSE_MU_per_atom=0.00 mDebye, RMSE_MU_DERIV=0.00 mDebye / A, RMSE_ALPHA_per_atom=    0.03, RMSE_ALPHA_DERIV=    1.83
2025-07-12 08:28:35.614 INFO: Epoch 1353: head: Default, loss=0.4217, RMSE_MU_per_atom=0.00 mDebye, RMSE_MU_DERIV=0.00 mDebye / A, RMSE_ALPHA_per_atom=    0.03, RMSE_ALPHA_DERIV=    1.83
2025-07-12 08:29:05.230 INFO: Epoch 1354: head: Default, loss=0.4222, RMSE_MU_per_atom=0.00 mDebye, RMSE_MU_DERIV=0.00 mDebye / A, RMSE_ALPHA_per_atom=    0.03, RMSE_ALPHA_DERIV=    1.84
2025-07-12 08:29:34.845 INFO: Epoch 1355: head: Default, loss=0.4208, RMSE_MU_per_atom=0.00 mDebye, RMSE_MU_DERIV=0.00 mDebye / A, RMSE_ALPHA_per_atom=    0.03, RMSE_ALPHA_DERIV=    1.83
2025-07-12 08:30:04.454 INFO: Epoch 1356: head: Default, loss=0.4216, RMSE_MU_per_atom=0.00 mDebye, RMSE_MU_DERIV=0.00 mDebye / A, RMSE_ALPHA_per_atom=    0.03, RMSE_ALPHA_DERIV=    1.83
2025-07-12 08:30:34.059 INFO: Epoch 1357: head: Default, loss=0.4212, RMSE_MU_per_atom=0.00 mDebye, RMSE_MU_DERIV=0.00 mDebye / A, RMSE_ALPHA_per_atom=    0.03, RMSE_ALPHA_DERIV=    1.83
2025-07-12 08:31:03.663 INFO: Epoch 1358: head: Default, loss=0.4218, RMSE_MU_per_atom=0.00 mDebye, RMSE_MU_DERIV=0.00 mDebye / A, RMSE_ALPHA_per_atom=    0.03, RMSE_ALPHA_DERIV=    1.83
2025-07-12 08:31:33.264 INFO: Epoch 1359: head: Default, loss=0.4214, RMSE_MU_per_atom=0.00 mDebye, RMSE_MU_DERIV=0.00 mDebye / A, RMSE_ALPHA_per_atom=    0.03, RMSE_ALPHA_DERIV=    1.83
2025-07-12 08:32:02.864 INFO: Epoch 1360: head: Default, loss=0.4214, RMSE_MU_per_atom=0.00 mDebye, RMSE_MU_DERIV=0.00 mDebye / A, RMSE_ALPHA_per_atom=    0.03, RMSE_ALPHA_DERIV=    1.83
2025-07-12 08:32:32.472 INFO: Epoch 1361: head: Default, loss=0.4216, RMSE_MU_per_atom=0.00 mDebye, RMSE_MU_DERIV=0.00 mDebye / A, RMSE_ALPHA_per_atom=    0.03, RMSE_ALPHA_DERIV=    1.83
2025-07-12 08:33:02.090 INFO: Epoch 1362: head: Default, loss=0.4214, RMSE_MU_per_atom=0.00 mDebye, RMSE_MU_DERIV=0.00 mDebye / A, RMSE_ALPHA_per_atom=    0.03, RMSE_ALPHA_DERIV=    1.83
2025-07-12 08:33:31.706 INFO: Epoch 1363: head: Default, loss=0.4211, RMSE_MU_per_atom=0.00 mDebye, RMSE_MU_DERIV=0.00 mDebye / A, RMSE_ALPHA_per_atom=    0.03, RMSE_ALPHA_DERIV=    1.83
2025-07-12 08:34:01.316 INFO: Epoch 1364: head: Default, loss=0.4216, RMSE_MU_per_atom=0.00 mDebye, RMSE_MU_DERIV=0.00 mDebye / A, RMSE_ALPHA_per_atom=    0.03, RMSE_ALPHA_DERIV=    1.83
2025-07-12 08:34:30.926 INFO: Epoch 1365: head: Default, loss=0.4216, RMSE_MU_per_atom=0.00 mDebye, RMSE_MU_DERIV=0.00 mDebye / A, RMSE_ALPHA_per_atom=    0.03, RMSE_ALPHA_DERIV=    1.83
2025-07-12 08:35:00.548 INFO: Epoch 1366: head: Default, loss=0.4214, RMSE_MU_per_atom=0.00 mDebye, RMSE_MU_DERIV=0.00 mDebye / A, RMSE_ALPHA_per_atom=    0.03, RMSE_ALPHA_DERIV=    1.83
2025-07-12 08:35:30.168 INFO: Epoch 1367: head: Default, loss=0.4215, RMSE_MU_per_atom=0.00 mDebye, RMSE_MU_DERIV=0.00 mDebye / A, RMSE_ALPHA_per_atom=    0.03, RMSE_ALPHA_DERIV=    1.83
2025-07-12 08:35:59.780 INFO: Epoch 1368: head: Default, loss=0.4211, RMSE_MU_per_atom=0.00 mDebye, RMSE_MU_DERIV=0.00 mDebye / A, RMSE_ALPHA_per_atom=    0.03, RMSE_ALPHA_DERIV=    1.83
2025-07-12 08:36:29.391 INFO: Epoch 1369: head: Default, loss=0.4216, RMSE_MU_per_atom=0.00 mDebye, RMSE_MU_DERIV=0.00 mDebye / A, RMSE_ALPHA_per_atom=    0.03, RMSE_ALPHA_DERIV=    1.83
2025-07-12 08:36:59.003 INFO: Epoch 1370: head: Default, loss=0.4213, RMSE_MU_per_atom=0.00 mDebye, RMSE_MU_DERIV=0.00 mDebye / A, RMSE_ALPHA_per_atom=    0.03, RMSE_ALPHA_DERIV=    1.83
2025-07-12 08:37:28.623 INFO: Epoch 1371: head: Default, loss=0.4217, RMSE_MU_per_atom=0.00 mDebye, RMSE_MU_DERIV=0.00 mDebye / A, RMSE_ALPHA_per_atom=    0.03, RMSE_ALPHA_DERIV=    1.83
2025-07-12 08:37:58.242 INFO: Epoch 1372: head: Default, loss=0.4213, RMSE_MU_per_atom=0.00 mDebye, RMSE_MU_DERIV=0.00 mDebye / A, RMSE_ALPHA_per_atom=    0.03, RMSE_ALPHA_DERIV=    1.83
2025-07-12 08:38:27.870 INFO: Epoch 1373: head: Default, loss=0.4214, RMSE_MU_per_atom=0.00 mDebye, RMSE_MU_DERIV=0.00 mDebye / A, RMSE_ALPHA_per_atom=    0.03, RMSE_ALPHA_DERIV=    1.83
2025-07-12 08:38:57.491 INFO: Epoch 1374: head: Default, loss=0.4216, RMSE_MU_per_atom=0.00 mDebye, RMSE_MU_DERIV=0.00 mDebye / A, RMSE_ALPHA_per_atom=    0.03, RMSE_ALPHA_DERIV=    1.83
2025-07-12 08:39:27.109 INFO: Epoch 1375: head: Default, loss=0.4217, RMSE_MU_per_atom=0.00 mDebye, RMSE_MU_DERIV=0.00 mDebye / A, RMSE_ALPHA_per_atom=    0.03, RMSE_ALPHA_DERIV=    1.83
2025-07-12 08:39:56.728 INFO: Epoch 1376: head: Default, loss=0.4216, RMSE_MU_per_atom=0.00 mDebye, RMSE_MU_DERIV=0.00 mDebye / A, RMSE_ALPHA_per_atom=    0.03, RMSE_ALPHA_DERIV=    1.83
2025-07-12 08:40:26.346 INFO: Epoch 1377: head: Default, loss=0.4213, RMSE_MU_per_atom=0.00 mDebye, RMSE_MU_DERIV=0.00 mDebye / A, RMSE_ALPHA_per_atom=    0.03, RMSE_ALPHA_DERIV=    1.83
2025-07-12 08:40:55.959 INFO: Epoch 1378: head: Default, loss=0.4218, RMSE_MU_per_atom=0.00 mDebye, RMSE_MU_DERIV=0.00 mDebye / A, RMSE_ALPHA_per_atom=    0.03, RMSE_ALPHA_DERIV=    1.83
2025-07-12 08:41:25.578 INFO: Epoch 1379: head: Default, loss=0.4219, RMSE_MU_per_atom=0.00 mDebye, RMSE_MU_DERIV=0.00 mDebye / A, RMSE_ALPHA_per_atom=    0.03, RMSE_ALPHA_DERIV=    1.83
2025-07-12 08:41:55.198 INFO: Epoch 1380: head: Default, loss=0.4216, RMSE_MU_per_atom=0.00 mDebye, RMSE_MU_DERIV=0.00 mDebye / A, RMSE_ALPHA_per_atom=    0.03, RMSE_ALPHA_DERIV=    1.83
2025-07-12 08:42:24.811 INFO: Epoch 1381: head: Default, loss=0.4214, RMSE_MU_per_atom=0.00 mDebye, RMSE_MU_DERIV=0.00 mDebye / A, RMSE_ALPHA_per_atom=    0.03, RMSE_ALPHA_DERIV=    1.83
2025-07-12 08:42:54.423 INFO: Epoch 1382: head: Default, loss=0.4214, RMSE_MU_per_atom=0.00 mDebye, RMSE_MU_DERIV=0.00 mDebye / A, RMSE_ALPHA_per_atom=    0.03, RMSE_ALPHA_DERIV=    1.83
2025-07-12 08:43:24.046 INFO: Epoch 1383: head: Default, loss=0.4214, RMSE_MU_per_atom=0.00 mDebye, RMSE_MU_DERIV=0.00 mDebye / A, RMSE_ALPHA_per_atom=    0.03, RMSE_ALPHA_DERIV=    1.83
2025-07-12 08:43:53.677 INFO: Epoch 1384: head: Default, loss=0.4212, RMSE_MU_per_atom=0.00 mDebye, RMSE_MU_DERIV=0.00 mDebye / A, RMSE_ALPHA_per_atom=    0.03, RMSE_ALPHA_DERIV=    1.83
2025-07-12 08:44:23.305 INFO: Epoch 1385: head: Default, loss=0.4215, RMSE_MU_per_atom=0.00 mDebye, RMSE_MU_DERIV=0.00 mDebye / A, RMSE_ALPHA_per_atom=    0.03, RMSE_ALPHA_DERIV=    1.83
2025-07-12 08:44:52.919 INFO: Epoch 1386: head: Default, loss=0.4213, RMSE_MU_per_atom=0.00 mDebye, RMSE_MU_DERIV=0.00 mDebye / A, RMSE_ALPHA_per_atom=    0.03, RMSE_ALPHA_DERIV=    1.83
2025-07-12 08:45:22.536 INFO: Epoch 1387: head: Default, loss=0.4221, RMSE_MU_per_atom=0.00 mDebye, RMSE_MU_DERIV=0.00 mDebye / A, RMSE_ALPHA_per_atom=    0.03, RMSE_ALPHA_DERIV=    1.84
2025-07-12 08:45:52.151 INFO: Epoch 1388: head: Default, loss=0.4213, RMSE_MU_per_atom=0.00 mDebye, RMSE_MU_DERIV=0.00 mDebye / A, RMSE_ALPHA_per_atom=    0.03, RMSE_ALPHA_DERIV=    1.83
2025-07-12 08:46:21.769 INFO: Epoch 1389: head: Default, loss=0.4218, RMSE_MU_per_atom=0.00 mDebye, RMSE_MU_DERIV=0.00 mDebye / A, RMSE_ALPHA_per_atom=    0.03, RMSE_ALPHA_DERIV=    1.83
2025-07-12 08:46:51.383 INFO: Epoch 1390: head: Default, loss=0.4218, RMSE_MU_per_atom=0.00 mDebye, RMSE_MU_DERIV=0.00 mDebye / A, RMSE_ALPHA_per_atom=    0.03, RMSE_ALPHA_DERIV=    1.83
2025-07-12 08:47:21.006 INFO: Epoch 1391: head: Default, loss=0.4214, RMSE_MU_per_atom=0.00 mDebye, RMSE_MU_DERIV=0.00 mDebye / A, RMSE_ALPHA_per_atom=    0.03, RMSE_ALPHA_DERIV=    1.83
2025-07-12 08:47:50.643 INFO: Epoch 1392: head: Default, loss=0.4217, RMSE_MU_per_atom=0.00 mDebye, RMSE_MU_DERIV=0.00 mDebye / A, RMSE_ALPHA_per_atom=    0.03, RMSE_ALPHA_DERIV=    1.83
2025-07-12 08:48:20.268 INFO: Epoch 1393: head: Default, loss=0.4218, RMSE_MU_per_atom=0.00 mDebye, RMSE_MU_DERIV=0.00 mDebye / A, RMSE_ALPHA_per_atom=    0.03, RMSE_ALPHA_DERIV=    1.83
2025-07-12 08:48:49.894 INFO: Epoch 1394: head: Default, loss=0.4213, RMSE_MU_per_atom=0.00 mDebye, RMSE_MU_DERIV=0.00 mDebye / A, RMSE_ALPHA_per_atom=    0.03, RMSE_ALPHA_DERIV=    1.83
2025-07-12 08:49:19.514 INFO: Epoch 1395: head: Default, loss=0.4216, RMSE_MU_per_atom=0.00 mDebye, RMSE_MU_DERIV=0.00 mDebye / A, RMSE_ALPHA_per_atom=    0.03, RMSE_ALPHA_DERIV=    1.83
2025-07-12 08:49:49.132 INFO: Epoch 1396: head: Default, loss=0.4212, RMSE_MU_per_atom=0.00 mDebye, RMSE_MU_DERIV=0.00 mDebye / A, RMSE_ALPHA_per_atom=    0.03, RMSE_ALPHA_DERIV=    1.83
2025-07-12 08:50:18.751 INFO: Epoch 1397: head: Default, loss=0.4217, RMSE_MU_per_atom=0.00 mDebye, RMSE_MU_DERIV=0.00 mDebye / A, RMSE_ALPHA_per_atom=    0.03, RMSE_ALPHA_DERIV=    1.83
2025-07-12 08:50:48.369 INFO: Epoch 1398: head: Default, loss=0.4216, RMSE_MU_per_atom=0.00 mDebye, RMSE_MU_DERIV=0.00 mDebye / A, RMSE_ALPHA_per_atom=    0.03, RMSE_ALPHA_DERIV=    1.83
2025-07-12 08:51:17.986 INFO: Epoch 1399: head: Default, loss=0.4215, RMSE_MU_per_atom=0.00 mDebye, RMSE_MU_DERIV=0.00 mDebye / A, RMSE_ALPHA_per_atom=    0.03, RMSE_ALPHA_DERIV=    1.83
2025-07-12 08:51:47.597 INFO: Epoch 1400: head: Default, loss=0.4214, RMSE_MU_per_atom=0.00 mDebye, RMSE_MU_DERIV=0.00 mDebye / A, RMSE_ALPHA_per_atom=    0.03, RMSE_ALPHA_DERIV=    1.83
2025-07-12 08:52:17.203 INFO: Epoch 1401: head: Default, loss=0.4219, RMSE_MU_per_atom=0.00 mDebye, RMSE_MU_DERIV=0.00 mDebye / A, RMSE_ALPHA_per_atom=    0.03, RMSE_ALPHA_DERIV=    1.84
2025-07-12 08:52:46.811 INFO: Epoch 1402: head: Default, loss=0.4215, RMSE_MU_per_atom=0.00 mDebye, RMSE_MU_DERIV=0.00 mDebye / A, RMSE_ALPHA_per_atom=    0.03, RMSE_ALPHA_DERIV=    1.83
2025-07-12 08:53:16.421 INFO: Epoch 1403: head: Default, loss=0.4218, RMSE_MU_per_atom=0.00 mDebye, RMSE_MU_DERIV=0.00 mDebye / A, RMSE_ALPHA_per_atom=    0.03, RMSE_ALPHA_DERIV=    1.83
2025-07-12 08:53:46.035 INFO: Epoch 1404: head: Default, loss=0.4214, RMSE_MU_per_atom=0.00 mDebye, RMSE_MU_DERIV=0.00 mDebye / A, RMSE_ALPHA_per_atom=    0.03, RMSE_ALPHA_DERIV=    1.83
2025-07-12 08:54:15.646 INFO: Epoch 1405: head: Default, loss=0.4217, RMSE_MU_per_atom=0.00 mDebye, RMSE_MU_DERIV=0.00 mDebye / A, RMSE_ALPHA_per_atom=    0.03, RMSE_ALPHA_DERIV=    1.83
2025-07-12 08:54:45.254 INFO: Epoch 1406: head: Default, loss=0.4215, RMSE_MU_per_atom=0.00 mDebye, RMSE_MU_DERIV=0.00 mDebye / A, RMSE_ALPHA_per_atom=    0.03, RMSE_ALPHA_DERIV=    1.83
2025-07-12 08:55:14.878 INFO: Epoch 1407: head: Default, loss=0.4216, RMSE_MU_per_atom=0.00 mDebye, RMSE_MU_DERIV=0.00 mDebye / A, RMSE_ALPHA_per_atom=    0.03, RMSE_ALPHA_DERIV=    1.83
2025-07-12 08:55:44.495 INFO: Epoch 1408: head: Default, loss=0.4220, RMSE_MU_per_atom=0.00 mDebye, RMSE_MU_DERIV=0.00 mDebye / A, RMSE_ALPHA_per_atom=    0.03, RMSE_ALPHA_DERIV=    1.84
2025-07-12 08:56:14.119 INFO: Epoch 1409: head: Default, loss=0.4217, RMSE_MU_per_atom=0.00 mDebye, RMSE_MU_DERIV=0.00 mDebye / A, RMSE_ALPHA_per_atom=    0.03, RMSE_ALPHA_DERIV=    1.83
2025-07-12 08:56:43.755 INFO: Epoch 1410: head: Default, loss=0.4217, RMSE_MU_per_atom=0.00 mDebye, RMSE_MU_DERIV=0.00 mDebye / A, RMSE_ALPHA_per_atom=    0.03, RMSE_ALPHA_DERIV=    1.83
2025-07-12 08:57:13.391 INFO: Epoch 1411: head: Default, loss=0.4219, RMSE_MU_per_atom=0.00 mDebye, RMSE_MU_DERIV=0.00 mDebye / A, RMSE_ALPHA_per_atom=    0.03, RMSE_ALPHA_DERIV=    1.84
2025-07-12 08:57:43.013 INFO: Epoch 1412: head: Default, loss=0.4216, RMSE_MU_per_atom=0.00 mDebye, RMSE_MU_DERIV=0.00 mDebye / A, RMSE_ALPHA_per_atom=    0.03, RMSE_ALPHA_DERIV=    1.83
2025-07-12 08:58:12.639 INFO: Epoch 1413: head: Default, loss=0.4217, RMSE_MU_per_atom=0.00 mDebye, RMSE_MU_DERIV=0.00 mDebye / A, RMSE_ALPHA_per_atom=    0.03, RMSE_ALPHA_DERIV=    1.83
2025-07-12 08:58:42.272 INFO: Epoch 1414: head: Default, loss=0.4220, RMSE_MU_per_atom=0.00 mDebye, RMSE_MU_DERIV=0.00 mDebye / A, RMSE_ALPHA_per_atom=    0.03, RMSE_ALPHA_DERIV=    1.84
2025-07-12 08:59:11.911 INFO: Epoch 1415: head: Default, loss=0.4215, RMSE_MU_per_atom=0.00 mDebye, RMSE_MU_DERIV=0.00 mDebye / A, RMSE_ALPHA_per_atom=    0.03, RMSE_ALPHA_DERIV=    1.83
2025-07-12 08:59:41.546 INFO: Epoch 1416: head: Default, loss=0.4218, RMSE_MU_per_atom=0.00 mDebye, RMSE_MU_DERIV=0.00 mDebye / A, RMSE_ALPHA_per_atom=    0.03, RMSE_ALPHA_DERIV=    1.83
2025-07-12 09:00:11.180 INFO: Epoch 1417: head: Default, loss=0.4218, RMSE_MU_per_atom=0.00 mDebye, RMSE_MU_DERIV=0.00 mDebye / A, RMSE_ALPHA_per_atom=    0.03, RMSE_ALPHA_DERIV=    1.83
2025-07-12 09:00:40.799 INFO: Epoch 1418: head: Default, loss=0.4212, RMSE_MU_per_atom=0.00 mDebye, RMSE_MU_DERIV=0.00 mDebye / A, RMSE_ALPHA_per_atom=    0.03, RMSE_ALPHA_DERIV=    1.83
2025-07-12 09:01:10.415 INFO: Epoch 1419: head: Default, loss=0.4213, RMSE_MU_per_atom=0.00 mDebye, RMSE_MU_DERIV=0.00 mDebye / A, RMSE_ALPHA_per_atom=    0.03, RMSE_ALPHA_DERIV=    1.83
2025-07-12 09:01:40.039 INFO: Epoch 1420: head: Default, loss=0.4215, RMSE_MU_per_atom=0.00 mDebye, RMSE_MU_DERIV=0.00 mDebye / A, RMSE_ALPHA_per_atom=    0.03, RMSE_ALPHA_DERIV=    1.83
2025-07-12 09:02:09.662 INFO: Epoch 1421: head: Default, loss=0.4216, RMSE_MU_per_atom=0.00 mDebye, RMSE_MU_DERIV=0.00 mDebye / A, RMSE_ALPHA_per_atom=    0.03, RMSE_ALPHA_DERIV=    1.83
2025-07-12 09:02:43.130 INFO: Epoch 1422: head: Default, loss=0.4216, RMSE_MU_per_atom=0.00 mDebye, RMSE_MU_DERIV=0.00 mDebye / A, RMSE_ALPHA_per_atom=    0.03, RMSE_ALPHA_DERIV=    1.83
2025-07-12 09:03:12.908 INFO: Epoch 1423: head: Default, loss=0.4214, RMSE_MU_per_atom=0.00 mDebye, RMSE_MU_DERIV=0.00 mDebye / A, RMSE_ALPHA_per_atom=    0.03, RMSE_ALPHA_DERIV=    1.83
2025-07-12 09:03:42.690 INFO: Epoch 1424: head: Default, loss=0.4214, RMSE_MU_per_atom=0.00 mDebye, RMSE_MU_DERIV=0.00 mDebye / A, RMSE_ALPHA_per_atom=    0.03, RMSE_ALPHA_DERIV=    1.83
2025-07-12 09:04:12.483 INFO: Epoch 1425: head: Default, loss=0.4219, RMSE_MU_per_atom=0.00 mDebye, RMSE_MU_DERIV=0.00 mDebye / A, RMSE_ALPHA_per_atom=    0.03, RMSE_ALPHA_DERIV=    1.84
2025-07-12 09:04:42.261 INFO: Epoch 1426: head: Default, loss=0.4218, RMSE_MU_per_atom=0.00 mDebye, RMSE_MU_DERIV=0.00 mDebye / A, RMSE_ALPHA_per_atom=    0.03, RMSE_ALPHA_DERIV=    1.83
2025-07-12 09:05:12.029 INFO: Epoch 1427: head: Default, loss=0.4219, RMSE_MU_per_atom=0.00 mDebye, RMSE_MU_DERIV=0.00 mDebye / A, RMSE_ALPHA_per_atom=    0.03, RMSE_ALPHA_DERIV=    1.84
2025-07-12 09:05:41.647 INFO: Epoch 1428: head: Default, loss=0.4217, RMSE_MU_per_atom=0.00 mDebye, RMSE_MU_DERIV=0.00 mDebye / A, RMSE_ALPHA_per_atom=    0.03, RMSE_ALPHA_DERIV=    1.83
2025-07-12 09:06:11.255 INFO: Epoch 1429: head: Default, loss=0.4219, RMSE_MU_per_atom=0.00 mDebye, RMSE_MU_DERIV=0.00 mDebye / A, RMSE_ALPHA_per_atom=    0.03, RMSE_ALPHA_DERIV=    1.84
2025-07-12 09:06:40.862 INFO: Epoch 1430: head: Default, loss=0.4214, RMSE_MU_per_atom=0.00 mDebye, RMSE_MU_DERIV=0.00 mDebye / A, RMSE_ALPHA_per_atom=    0.03, RMSE_ALPHA_DERIV=    1.83
2025-07-12 09:07:10.473 INFO: Epoch 1431: head: Default, loss=0.4218, RMSE_MU_per_atom=0.00 mDebye, RMSE_MU_DERIV=0.00 mDebye / A, RMSE_ALPHA_per_atom=    0.03, RMSE_ALPHA_DERIV=    1.83
2025-07-12 09:07:40.082 INFO: Epoch 1432: head: Default, loss=0.4217, RMSE_MU_per_atom=0.00 mDebye, RMSE_MU_DERIV=0.00 mDebye / A, RMSE_ALPHA_per_atom=    0.03, RMSE_ALPHA_DERIV=    1.83
2025-07-12 09:08:09.703 INFO: Epoch 1433: head: Default, loss=0.4216, RMSE_MU_per_atom=0.00 mDebye, RMSE_MU_DERIV=0.00 mDebye / A, RMSE_ALPHA_per_atom=    0.03, RMSE_ALPHA_DERIV=    1.83
2025-07-12 09:08:39.323 INFO: Epoch 1434: head: Default, loss=0.4216, RMSE_MU_per_atom=0.00 mDebye, RMSE_MU_DERIV=0.00 mDebye / A, RMSE_ALPHA_per_atom=    0.03, RMSE_ALPHA_DERIV=    1.83
2025-07-12 09:09:08.949 INFO: Epoch 1435: head: Default, loss=0.4216, RMSE_MU_per_atom=0.00 mDebye, RMSE_MU_DERIV=0.00 mDebye / A, RMSE_ALPHA_per_atom=    0.03, RMSE_ALPHA_DERIV=    1.83
2025-07-12 09:09:38.568 INFO: Epoch 1436: head: Default, loss=0.4215, RMSE_MU_per_atom=0.00 mDebye, RMSE_MU_DERIV=0.00 mDebye / A, RMSE_ALPHA_per_atom=    0.03, RMSE_ALPHA_DERIV=    1.83
2025-07-12 09:10:08.190 INFO: Epoch 1437: head: Default, loss=0.4214, RMSE_MU_per_atom=0.00 mDebye, RMSE_MU_DERIV=0.00 mDebye / A, RMSE_ALPHA_per_atom=    0.03, RMSE_ALPHA_DERIV=    1.83
2025-07-12 09:10:37.806 INFO: Epoch 1438: head: Default, loss=0.4219, RMSE_MU_per_atom=0.00 mDebye, RMSE_MU_DERIV=0.00 mDebye / A, RMSE_ALPHA_per_atom=    0.03, RMSE_ALPHA_DERIV=    1.84
2025-07-12 09:11:07.421 INFO: Epoch 1439: head: Default, loss=0.4215, RMSE_MU_per_atom=0.00 mDebye, RMSE_MU_DERIV=0.00 mDebye / A, RMSE_ALPHA_per_atom=    0.03, RMSE_ALPHA_DERIV=    1.83
2025-07-12 09:11:37.035 INFO: Epoch 1440: head: Default, loss=0.4214, RMSE_MU_per_atom=0.00 mDebye, RMSE_MU_DERIV=0.00 mDebye / A, RMSE_ALPHA_per_atom=    0.03, RMSE_ALPHA_DERIV=    1.83
2025-07-12 09:12:06.642 INFO: Epoch 1441: head: Default, loss=0.4214, RMSE_MU_per_atom=0.00 mDebye, RMSE_MU_DERIV=0.00 mDebye / A, RMSE_ALPHA_per_atom=    0.03, RMSE_ALPHA_DERIV=    1.83
2025-07-12 09:12:36.251 INFO: Epoch 1442: head: Default, loss=0.4215, RMSE_MU_per_atom=0.00 mDebye, RMSE_MU_DERIV=0.00 mDebye / A, RMSE_ALPHA_per_atom=    0.03, RMSE_ALPHA_DERIV=    1.83
2025-07-12 09:13:05.858 INFO: Epoch 1443: head: Default, loss=0.4215, RMSE_MU_per_atom=0.00 mDebye, RMSE_MU_DERIV=0.00 mDebye / A, RMSE_ALPHA_per_atom=    0.03, RMSE_ALPHA_DERIV=    1.83
2025-07-12 09:13:35.472 INFO: Epoch 1444: head: Default, loss=0.4217, RMSE_MU_per_atom=0.00 mDebye, RMSE_MU_DERIV=0.00 mDebye / A, RMSE_ALPHA_per_atom=    0.03, RMSE_ALPHA_DERIV=    1.83
2025-07-12 09:14:05.089 INFO: Epoch 1445: head: Default, loss=0.4216, RMSE_MU_per_atom=0.00 mDebye, RMSE_MU_DERIV=0.00 mDebye / A, RMSE_ALPHA_per_atom=    0.03, RMSE_ALPHA_DERIV=    1.83
2025-07-12 09:14:34.702 INFO: Epoch 1446: head: Default, loss=0.4217, RMSE_MU_per_atom=0.00 mDebye, RMSE_MU_DERIV=0.00 mDebye / A, RMSE_ALPHA_per_atom=    0.03, RMSE_ALPHA_DERIV=    1.83
2025-07-12 09:15:04.323 INFO: Epoch 1447: head: Default, loss=0.4217, RMSE_MU_per_atom=0.00 mDebye, RMSE_MU_DERIV=0.00 mDebye / A, RMSE_ALPHA_per_atom=    0.03, RMSE_ALPHA_DERIV=    1.83
2025-07-12 09:15:33.945 INFO: Epoch 1448: head: Default, loss=0.4216, RMSE_MU_per_atom=0.00 mDebye, RMSE_MU_DERIV=0.00 mDebye / A, RMSE_ALPHA_per_atom=    0.03, RMSE_ALPHA_DERIV=    1.83
2025-07-12 09:16:03.568 INFO: Epoch 1449: head: Default, loss=0.4213, RMSE_MU_per_atom=0.00 mDebye, RMSE_MU_DERIV=0.00 mDebye / A, RMSE_ALPHA_per_atom=    0.03, RMSE_ALPHA_DERIV=    1.83
2025-07-12 09:16:33.193 INFO: Epoch 1450: head: Default, loss=0.4217, RMSE_MU_per_atom=0.00 mDebye, RMSE_MU_DERIV=0.00 mDebye / A, RMSE_ALPHA_per_atom=    0.03, RMSE_ALPHA_DERIV=    1.83
2025-07-12 09:17:02.820 INFO: Epoch 1451: head: Default, loss=0.4216, RMSE_MU_per_atom=0.00 mDebye, RMSE_MU_DERIV=0.00 mDebye / A, RMSE_ALPHA_per_atom=    0.03, RMSE_ALPHA_DERIV=    1.83
2025-07-12 09:17:32.433 INFO: Epoch 1452: head: Default, loss=0.4216, RMSE_MU_per_atom=0.00 mDebye, RMSE_MU_DERIV=0.00 mDebye / A, RMSE_ALPHA_per_atom=    0.03, RMSE_ALPHA_DERIV=    1.83
2025-07-12 09:18:02.058 INFO: Epoch 1453: head: Default, loss=0.4215, RMSE_MU_per_atom=0.00 mDebye, RMSE_MU_DERIV=0.00 mDebye / A, RMSE_ALPHA_per_atom=    0.03, RMSE_ALPHA_DERIV=    1.83
2025-07-12 09:18:31.689 INFO: Epoch 1454: head: Default, loss=0.4216, RMSE_MU_per_atom=0.00 mDebye, RMSE_MU_DERIV=0.00 mDebye / A, RMSE_ALPHA_per_atom=    0.03, RMSE_ALPHA_DERIV=    1.83
2025-07-12 09:19:01.327 INFO: Epoch 1455: head: Default, loss=0.4215, RMSE_MU_per_atom=0.00 mDebye, RMSE_MU_DERIV=0.00 mDebye / A, RMSE_ALPHA_per_atom=    0.03, RMSE_ALPHA_DERIV=    1.83
2025-07-12 09:19:30.948 INFO: Epoch 1456: head: Default, loss=0.4215, RMSE_MU_per_atom=0.00 mDebye, RMSE_MU_DERIV=0.00 mDebye / A, RMSE_ALPHA_per_atom=    0.03, RMSE_ALPHA_DERIV=    1.83
2025-07-12 09:20:00.580 INFO: Epoch 1457: head: Default, loss=0.4215, RMSE_MU_per_atom=0.00 mDebye, RMSE_MU_DERIV=0.00 mDebye / A, RMSE_ALPHA_per_atom=    0.03, RMSE_ALPHA_DERIV=    1.83
2025-07-12 09:20:30.203 INFO: Epoch 1458: head: Default, loss=0.4217, RMSE_MU_per_atom=0.00 mDebye, RMSE_MU_DERIV=0.00 mDebye / A, RMSE_ALPHA_per_atom=    0.03, RMSE_ALPHA_DERIV=    1.83
2025-07-12 09:20:59.833 INFO: Epoch 1459: head: Default, loss=0.4216, RMSE_MU_per_atom=0.00 mDebye, RMSE_MU_DERIV=0.00 mDebye / A, RMSE_ALPHA_per_atom=    0.03, RMSE_ALPHA_DERIV=    1.83
2025-07-12 09:21:29.448 INFO: Epoch 1460: head: Default, loss=0.4217, RMSE_MU_per_atom=0.00 mDebye, RMSE_MU_DERIV=0.00 mDebye / A, RMSE_ALPHA_per_atom=    0.03, RMSE_ALPHA_DERIV=    1.83
2025-07-12 09:21:59.065 INFO: Epoch 1461: head: Default, loss=0.4216, RMSE_MU_per_atom=0.00 mDebye, RMSE_MU_DERIV=0.00 mDebye / A, RMSE_ALPHA_per_atom=    0.03, RMSE_ALPHA_DERIV=    1.83
2025-07-12 09:22:28.694 INFO: Epoch 1462: head: Default, loss=0.4217, RMSE_MU_per_atom=0.00 mDebye, RMSE_MU_DERIV=0.00 mDebye / A, RMSE_ALPHA_per_atom=    0.03, RMSE_ALPHA_DERIV=    1.83
2025-07-12 09:22:58.325 INFO: Epoch 1463: head: Default, loss=0.4212, RMSE_MU_per_atom=0.00 mDebye, RMSE_MU_DERIV=0.00 mDebye / A, RMSE_ALPHA_per_atom=    0.03, RMSE_ALPHA_DERIV=    1.83
2025-07-12 09:23:27.947 INFO: Epoch 1464: head: Default, loss=0.4217, RMSE_MU_per_atom=0.00 mDebye, RMSE_MU_DERIV=0.00 mDebye / A, RMSE_ALPHA_per_atom=    0.03, RMSE_ALPHA_DERIV=    1.83
2025-07-12 09:23:57.575 INFO: Epoch 1465: head: Default, loss=0.4217, RMSE_MU_per_atom=0.00 mDebye, RMSE_MU_DERIV=0.00 mDebye / A, RMSE_ALPHA_per_atom=    0.03, RMSE_ALPHA_DERIV=    1.83
2025-07-12 09:24:27.207 INFO: Epoch 1466: head: Default, loss=0.4215, RMSE_MU_per_atom=0.00 mDebye, RMSE_MU_DERIV=0.00 mDebye / A, RMSE_ALPHA_per_atom=    0.03, RMSE_ALPHA_DERIV=    1.83
2025-07-12 09:24:56.825 INFO: Epoch 1467: head: Default, loss=0.4216, RMSE_MU_per_atom=0.00 mDebye, RMSE_MU_DERIV=0.00 mDebye / A, RMSE_ALPHA_per_atom=    0.03, RMSE_ALPHA_DERIV=    1.83
2025-07-12 09:25:26.462 INFO: Epoch 1468: head: Default, loss=0.4216, RMSE_MU_per_atom=0.00 mDebye, RMSE_MU_DERIV=0.00 mDebye / A, RMSE_ALPHA_per_atom=    0.03, RMSE_ALPHA_DERIV=    1.83
2025-07-12 09:25:56.092 INFO: Epoch 1469: head: Default, loss=0.4216, RMSE_MU_per_atom=0.00 mDebye, RMSE_MU_DERIV=0.00 mDebye / A, RMSE_ALPHA_per_atom=    0.03, RMSE_ALPHA_DERIV=    1.83
2025-07-12 09:26:25.726 INFO: Epoch 1470: head: Default, loss=0.4213, RMSE_MU_per_atom=0.00 mDebye, RMSE_MU_DERIV=0.00 mDebye / A, RMSE_ALPHA_per_atom=    0.03, RMSE_ALPHA_DERIV=    1.83
2025-07-12 09:26:55.354 INFO: Epoch 1471: head: Default, loss=0.4215, RMSE_MU_per_atom=0.00 mDebye, RMSE_MU_DERIV=0.00 mDebye / A, RMSE_ALPHA_per_atom=    0.03, RMSE_ALPHA_DERIV=    1.83
2025-07-12 09:27:24.978 INFO: Epoch 1472: head: Default, loss=0.4217, RMSE_MU_per_atom=0.00 mDebye, RMSE_MU_DERIV=0.00 mDebye / A, RMSE_ALPHA_per_atom=    0.03, RMSE_ALPHA_DERIV=    1.83
2025-07-12 09:27:54.595 INFO: Epoch 1473: head: Default, loss=0.4216, RMSE_MU_per_atom=0.00 mDebye, RMSE_MU_DERIV=0.00 mDebye / A, RMSE_ALPHA_per_atom=    0.03, RMSE_ALPHA_DERIV=    1.83
2025-07-12 09:28:24.206 INFO: Epoch 1474: head: Default, loss=0.4216, RMSE_MU_per_atom=0.00 mDebye, RMSE_MU_DERIV=0.00 mDebye / A, RMSE_ALPHA_per_atom=    0.03, RMSE_ALPHA_DERIV=    1.83
2025-07-12 09:28:53.817 INFO: Epoch 1475: head: Default, loss=0.4217, RMSE_MU_per_atom=0.00 mDebye, RMSE_MU_DERIV=0.00 mDebye / A, RMSE_ALPHA_per_atom=    0.03, RMSE_ALPHA_DERIV=    1.83
2025-07-12 09:29:23.437 INFO: Epoch 1476: head: Default, loss=0.4220, RMSE_MU_per_atom=0.00 mDebye, RMSE_MU_DERIV=0.00 mDebye / A, RMSE_ALPHA_per_atom=    0.03, RMSE_ALPHA_DERIV=    1.84
2025-07-12 09:29:53.057 INFO: Epoch 1477: head: Default, loss=0.4217, RMSE_MU_per_atom=0.00 mDebye, RMSE_MU_DERIV=0.00 mDebye / A, RMSE_ALPHA_per_atom=    0.03, RMSE_ALPHA_DERIV=    1.83
2025-07-12 09:30:22.679 INFO: Epoch 1478: head: Default, loss=0.4215, RMSE_MU_per_atom=0.00 mDebye, RMSE_MU_DERIV=0.00 mDebye / A, RMSE_ALPHA_per_atom=    0.03, RMSE_ALPHA_DERIV=    1.83
2025-07-12 09:30:52.302 INFO: Epoch 1479: head: Default, loss=0.4214, RMSE_MU_per_atom=0.00 mDebye, RMSE_MU_DERIV=0.00 mDebye / A, RMSE_ALPHA_per_atom=    0.03, RMSE_ALPHA_DERIV=    1.83
2025-07-12 09:31:21.922 INFO: Epoch 1480: head: Default, loss=0.4217, RMSE_MU_per_atom=0.00 mDebye, RMSE_MU_DERIV=0.00 mDebye / A, RMSE_ALPHA_per_atom=    0.03, RMSE_ALPHA_DERIV=    1.83
2025-07-12 09:31:51.549 INFO: Epoch 1481: head: Default, loss=0.4217, RMSE_MU_per_atom=0.00 mDebye, RMSE_MU_DERIV=0.00 mDebye / A, RMSE_ALPHA_per_atom=    0.03, RMSE_ALPHA_DERIV=    1.83
2025-07-12 09:32:21.178 INFO: Epoch 1482: head: Default, loss=0.4219, RMSE_MU_per_atom=0.00 mDebye, RMSE_MU_DERIV=0.00 mDebye / A, RMSE_ALPHA_per_atom=    0.03, RMSE_ALPHA_DERIV=    1.84
2025-07-12 09:32:50.805 INFO: Epoch 1483: head: Default, loss=0.4215, RMSE_MU_per_atom=0.00 mDebye, RMSE_MU_DERIV=0.00 mDebye / A, RMSE_ALPHA_per_atom=    0.03, RMSE_ALPHA_DERIV=    1.83
2025-07-12 09:33:20.434 INFO: Epoch 1484: head: Default, loss=0.4216, RMSE_MU_per_atom=0.00 mDebye, RMSE_MU_DERIV=0.00 mDebye / A, RMSE_ALPHA_per_atom=    0.03, RMSE_ALPHA_DERIV=    1.83
2025-07-12 09:33:50.055 INFO: Epoch 1485: head: Default, loss=0.4218, RMSE_MU_per_atom=0.00 mDebye, RMSE_MU_DERIV=0.00 mDebye / A, RMSE_ALPHA_per_atom=    0.03, RMSE_ALPHA_DERIV=    1.83
2025-07-12 09:34:19.675 INFO: Epoch 1486: head: Default, loss=0.4216, RMSE_MU_per_atom=0.00 mDebye, RMSE_MU_DERIV=0.00 mDebye / A, RMSE_ALPHA_per_atom=    0.03, RMSE_ALPHA_DERIV=    1.83
2025-07-12 09:34:49.298 INFO: Epoch 1487: head: Default, loss=0.4217, RMSE_MU_per_atom=0.00 mDebye, RMSE_MU_DERIV=0.00 mDebye / A, RMSE_ALPHA_per_atom=    0.03, RMSE_ALPHA_DERIV=    1.83
2025-07-12 09:35:18.919 INFO: Epoch 1488: head: Default, loss=0.4219, RMSE_MU_per_atom=0.00 mDebye, RMSE_MU_DERIV=0.00 mDebye / A, RMSE_ALPHA_per_atom=    0.03, RMSE_ALPHA_DERIV=    1.84
2025-07-12 09:35:48.542 INFO: Epoch 1489: head: Default, loss=0.4217, RMSE_MU_per_atom=0.00 mDebye, RMSE_MU_DERIV=0.00 mDebye / A, RMSE_ALPHA_per_atom=    0.03, RMSE_ALPHA_DERIV=    1.83
2025-07-12 09:36:18.165 INFO: Epoch 1490: head: Default, loss=0.4215, RMSE_MU_per_atom=0.00 mDebye, RMSE_MU_DERIV=0.00 mDebye / A, RMSE_ALPHA_per_atom=    0.03, RMSE_ALPHA_DERIV=    1.83
2025-07-12 09:36:47.787 INFO: Epoch 1491: head: Default, loss=0.4215, RMSE_MU_per_atom=0.00 mDebye, RMSE_MU_DERIV=0.00 mDebye / A, RMSE_ALPHA_per_atom=    0.03, RMSE_ALPHA_DERIV=    1.83
2025-07-12 09:37:17.416 INFO: Epoch 1492: head: Default, loss=0.4216, RMSE_MU_per_atom=0.00 mDebye, RMSE_MU_DERIV=0.00 mDebye / A, RMSE_ALPHA_per_atom=    0.03, RMSE_ALPHA_DERIV=    1.83
2025-07-12 09:37:47.039 INFO: Epoch 1493: head: Default, loss=0.4219, RMSE_MU_per_atom=0.00 mDebye, RMSE_MU_DERIV=0.00 mDebye / A, RMSE_ALPHA_per_atom=    0.03, RMSE_ALPHA_DERIV=    1.83
2025-07-12 09:38:16.662 INFO: Epoch 1494: head: Default, loss=0.4220, RMSE_MU_per_atom=0.00 mDebye, RMSE_MU_DERIV=0.00 mDebye / A, RMSE_ALPHA_per_atom=    0.03, RMSE_ALPHA_DERIV=    1.84
2025-07-12 09:38:46.279 INFO: Epoch 1495: head: Default, loss=0.4218, RMSE_MU_per_atom=0.00 mDebye, RMSE_MU_DERIV=0.00 mDebye / A, RMSE_ALPHA_per_atom=    0.03, RMSE_ALPHA_DERIV=    1.83
2025-07-12 09:39:15.893 INFO: Epoch 1496: head: Default, loss=0.4220, RMSE_MU_per_atom=0.00 mDebye, RMSE_MU_DERIV=0.00 mDebye / A, RMSE_ALPHA_per_atom=    0.03, RMSE_ALPHA_DERIV=    1.84
2025-07-12 09:39:45.528 INFO: Epoch 1497: head: Default, loss=0.4217, RMSE_MU_per_atom=0.00 mDebye, RMSE_MU_DERIV=0.00 mDebye / A, RMSE_ALPHA_per_atom=    0.03, RMSE_ALPHA_DERIV=    1.83
2025-07-12 09:40:15.149 INFO: Epoch 1498: head: Default, loss=0.4216, RMSE_MU_per_atom=0.00 mDebye, RMSE_MU_DERIV=0.00 mDebye / A, RMSE_ALPHA_per_atom=    0.03, RMSE_ALPHA_DERIV=    1.83
2025-07-12 09:40:44.777 INFO: Epoch 1499: head: Default, loss=0.4215, RMSE_MU_per_atom=0.00 mDebye, RMSE_MU_DERIV=0.00 mDebye / A, RMSE_ALPHA_per_atom=    0.03, RMSE_ALPHA_DERIV=    1.83
2025-07-12 09:41:14.398 INFO: Epoch 1500: head: Default, loss=0.4215, RMSE_MU_per_atom=0.00 mDebye, RMSE_MU_DERIV=0.00 mDebye / A, RMSE_ALPHA_per_atom=    0.03, RMSE_ALPHA_DERIV=    1.83
2025-07-12 09:41:44.022 INFO: Epoch 1501: head: Default, loss=0.4217, RMSE_MU_per_atom=0.00 mDebye, RMSE_MU_DERIV=0.00 mDebye / A, RMSE_ALPHA_per_atom=    0.03, RMSE_ALPHA_DERIV=    1.83
2025-07-12 09:42:13.641 INFO: Epoch 1502: head: Default, loss=0.4219, RMSE_MU_per_atom=0.00 mDebye, RMSE_MU_DERIV=0.00 mDebye / A, RMSE_ALPHA_per_atom=    0.03, RMSE_ALPHA_DERIV=    1.83
2025-07-12 09:42:43.268 INFO: Epoch 1503: head: Default, loss=0.4215, RMSE_MU_per_atom=0.00 mDebye, RMSE_MU_DERIV=0.00 mDebye / A, RMSE_ALPHA_per_atom=    0.03, RMSE_ALPHA_DERIV=    1.83
2025-07-12 09:43:12.894 INFO: Epoch 1504: head: Default, loss=0.4218, RMSE_MU_per_atom=0.00 mDebye, RMSE_MU_DERIV=0.00 mDebye / A, RMSE_ALPHA_per_atom=    0.03, RMSE_ALPHA_DERIV=    1.83
2025-07-12 09:43:42.514 INFO: Epoch 1505: head: Default, loss=0.4215, RMSE_MU_per_atom=0.00 mDebye, RMSE_MU_DERIV=0.00 mDebye / A, RMSE_ALPHA_per_atom=    0.03, RMSE_ALPHA_DERIV=    1.83
2025-07-12 09:44:12.131 INFO: Epoch 1506: head: Default, loss=0.4216, RMSE_MU_per_atom=0.00 mDebye, RMSE_MU_DERIV=0.00 mDebye / A, RMSE_ALPHA_per_atom=    0.03, RMSE_ALPHA_DERIV=    1.83
2025-07-12 09:44:41.751 INFO: Epoch 1507: head: Default, loss=0.4219, RMSE_MU_per_atom=0.00 mDebye, RMSE_MU_DERIV=0.00 mDebye / A, RMSE_ALPHA_per_atom=    0.03, RMSE_ALPHA_DERIV=    1.84
2025-07-12 09:45:11.380 INFO: Epoch 1508: head: Default, loss=0.4215, RMSE_MU_per_atom=0.00 mDebye, RMSE_MU_DERIV=0.00 mDebye / A, RMSE_ALPHA_per_atom=    0.03, RMSE_ALPHA_DERIV=    1.83
2025-07-12 09:45:41.004 INFO: Epoch 1509: head: Default, loss=0.4218, RMSE_MU_per_atom=0.00 mDebye, RMSE_MU_DERIV=0.00 mDebye / A, RMSE_ALPHA_per_atom=    0.03, RMSE_ALPHA_DERIV=    1.83
2025-07-12 09:46:10.634 INFO: Epoch 1510: head: Default, loss=0.4218, RMSE_MU_per_atom=0.00 mDebye, RMSE_MU_DERIV=0.00 mDebye / A, RMSE_ALPHA_per_atom=    0.03, RMSE_ALPHA_DERIV=    1.83
2025-07-12 09:46:40.258 INFO: Epoch 1511: head: Default, loss=0.4214, RMSE_MU_per_atom=0.00 mDebye, RMSE_MU_DERIV=0.00 mDebye / A, RMSE_ALPHA_per_atom=    0.03, RMSE_ALPHA_DERIV=    1.83
2025-07-12 09:47:09.880 INFO: Epoch 1512: head: Default, loss=0.4216, RMSE_MU_per_atom=0.00 mDebye, RMSE_MU_DERIV=0.00 mDebye / A, RMSE_ALPHA_per_atom=    0.03, RMSE_ALPHA_DERIV=    1.83
2025-07-12 09:47:39.494 INFO: Epoch 1513: head: Default, loss=0.4218, RMSE_MU_per_atom=0.00 mDebye, RMSE_MU_DERIV=0.00 mDebye / A, RMSE_ALPHA_per_atom=    0.03, RMSE_ALPHA_DERIV=    1.83
2025-07-12 09:48:09.109 INFO: Epoch 1514: head: Default, loss=0.4216, RMSE_MU_per_atom=0.00 mDebye, RMSE_MU_DERIV=0.00 mDebye / A, RMSE_ALPHA_per_atom=    0.03, RMSE_ALPHA_DERIV=    1.83
2025-07-12 09:48:38.721 INFO: Epoch 1515: head: Default, loss=0.4220, RMSE_MU_per_atom=0.00 mDebye, RMSE_MU_DERIV=0.00 mDebye / A, RMSE_ALPHA_per_atom=    0.03, RMSE_ALPHA_DERIV=    1.84
2025-07-12 09:49:08.332 INFO: Epoch 1516: head: Default, loss=0.4215, RMSE_MU_per_atom=0.00 mDebye, RMSE_MU_DERIV=0.00 mDebye / A, RMSE_ALPHA_per_atom=    0.03, RMSE_ALPHA_DERIV=    1.83
2025-07-12 09:49:37.932 INFO: Epoch 1517: head: Default, loss=0.4219, RMSE_MU_per_atom=0.00 mDebye, RMSE_MU_DERIV=0.00 mDebye / A, RMSE_ALPHA_per_atom=    0.03, RMSE_ALPHA_DERIV=    1.84
2025-07-12 09:50:07.541 INFO: Epoch 1518: head: Default, loss=0.4214, RMSE_MU_per_atom=0.00 mDebye, RMSE_MU_DERIV=0.00 mDebye / A, RMSE_ALPHA_per_atom=    0.03, RMSE_ALPHA_DERIV=    1.83
2025-07-12 09:50:37.162 INFO: Epoch 1519: head: Default, loss=0.4217, RMSE_MU_per_atom=0.00 mDebye, RMSE_MU_DERIV=0.00 mDebye / A, RMSE_ALPHA_per_atom=    0.03, RMSE_ALPHA_DERIV=    1.83
2025-07-12 09:51:06.785 INFO: Epoch 1520: head: Default, loss=0.4219, RMSE_MU_per_atom=0.00 mDebye, RMSE_MU_DERIV=0.00 mDebye / A, RMSE_ALPHA_per_atom=    0.03, RMSE_ALPHA_DERIV=    1.84
2025-07-12 09:51:36.406 INFO: Epoch 1521: head: Default, loss=0.4217, RMSE_MU_per_atom=0.00 mDebye, RMSE_MU_DERIV=0.00 mDebye / A, RMSE_ALPHA_per_atom=    0.03, RMSE_ALPHA_DERIV=    1.83
2025-07-12 09:52:06.031 INFO: Epoch 1522: head: Default, loss=0.4215, RMSE_MU_per_atom=0.00 mDebye, RMSE_MU_DERIV=0.00 mDebye / A, RMSE_ALPHA_per_atom=    0.03, RMSE_ALPHA_DERIV=    1.83
2025-07-12 09:52:35.661 INFO: Epoch 1523: head: Default, loss=0.4216, RMSE_MU_per_atom=0.00 mDebye, RMSE_MU_DERIV=0.00 mDebye / A, RMSE_ALPHA_per_atom=    0.03, RMSE_ALPHA_DERIV=    1.83
2025-07-12 09:53:05.284 INFO: Epoch 1524: head: Default, loss=0.4217, RMSE_MU_per_atom=0.00 mDebye, RMSE_MU_DERIV=0.00 mDebye / A, RMSE_ALPHA_per_atom=    0.03, RMSE_ALPHA_DERIV=    1.83
2025-07-12 09:53:34.899 INFO: Epoch 1525: head: Default, loss=0.4215, RMSE_MU_per_atom=0.00 mDebye, RMSE_MU_DERIV=0.00 mDebye / A, RMSE_ALPHA_per_atom=    0.03, RMSE_ALPHA_DERIV=    1.83
2025-07-12 09:54:04.520 INFO: Epoch 1526: head: Default, loss=0.4215, RMSE_MU_per_atom=0.00 mDebye, RMSE_MU_DERIV=0.00 mDebye / A, RMSE_ALPHA_per_atom=    0.03, RMSE_ALPHA_DERIV=    1.83
2025-07-12 09:54:34.139 INFO: Epoch 1527: head: Default, loss=0.4216, RMSE_MU_per_atom=0.00 mDebye, RMSE_MU_DERIV=0.00 mDebye / A, RMSE_ALPHA_per_atom=    0.03, RMSE_ALPHA_DERIV=    1.83
2025-07-12 09:55:03.761 INFO: Epoch 1528: head: Default, loss=0.4218, RMSE_MU_per_atom=0.00 mDebye, RMSE_MU_DERIV=0.00 mDebye / A, RMSE_ALPHA_per_atom=    0.03, RMSE_ALPHA_DERIV=    1.83
2025-07-12 09:55:33.389 INFO: Epoch 1529: head: Default, loss=0.4216, RMSE_MU_per_atom=0.00 mDebye, RMSE_MU_DERIV=0.00 mDebye / A, RMSE_ALPHA_per_atom=    0.03, RMSE_ALPHA_DERIV=    1.83
2025-07-12 09:56:03.025 INFO: Epoch 1530: head: Default, loss=0.4217, RMSE_MU_per_atom=0.00 mDebye, RMSE_MU_DERIV=0.00 mDebye / A, RMSE_ALPHA_per_atom=    0.03, RMSE_ALPHA_DERIV=    1.83
2025-07-12 09:56:32.648 INFO: Epoch 1531: head: Default, loss=0.4216, RMSE_MU_per_atom=0.00 mDebye, RMSE_MU_DERIV=0.00 mDebye / A, RMSE_ALPHA_per_atom=    0.03, RMSE_ALPHA_DERIV=    1.83
2025-07-12 09:57:02.289 INFO: Epoch 1532: head: Default, loss=0.4215, RMSE_MU_per_atom=0.00 mDebye, RMSE_MU_DERIV=0.00 mDebye / A, RMSE_ALPHA_per_atom=    0.03, RMSE_ALPHA_DERIV=    1.83
2025-07-12 09:57:31.940 INFO: Epoch 1533: head: Default, loss=0.4216, RMSE_MU_per_atom=0.00 mDebye, RMSE_MU_DERIV=0.00 mDebye / A, RMSE_ALPHA_per_atom=    0.03, RMSE_ALPHA_DERIV=    1.83
2025-07-12 09:58:01.572 INFO: Epoch 1534: head: Default, loss=0.4219, RMSE_MU_per_atom=0.00 mDebye, RMSE_MU_DERIV=0.00 mDebye / A, RMSE_ALPHA_per_atom=    0.03, RMSE_ALPHA_DERIV=    1.84
2025-07-12 09:58:31.197 INFO: Epoch 1535: head: Default, loss=0.4218, RMSE_MU_per_atom=0.00 mDebye, RMSE_MU_DERIV=0.00 mDebye / A, RMSE_ALPHA_per_atom=    0.03, RMSE_ALPHA_DERIV=    1.83
2025-07-12 09:59:00.823 INFO: Epoch 1536: head: Default, loss=0.4216, RMSE_MU_per_atom=0.00 mDebye, RMSE_MU_DERIV=0.00 mDebye / A, RMSE_ALPHA_per_atom=    0.03, RMSE_ALPHA_DERIV=    1.83
2025-07-12 09:59:30.450 INFO: Epoch 1537: head: Default, loss=0.4220, RMSE_MU_per_atom=0.00 mDebye, RMSE_MU_DERIV=0.00 mDebye / A, RMSE_ALPHA_per_atom=    0.03, RMSE_ALPHA_DERIV=    1.84
2025-07-12 10:00:00.086 INFO: Epoch 1538: head: Default, loss=0.4218, RMSE_MU_per_atom=0.00 mDebye, RMSE_MU_DERIV=0.00 mDebye / A, RMSE_ALPHA_per_atom=    0.03, RMSE_ALPHA_DERIV=    1.83
2025-07-12 10:00:29.726 INFO: Epoch 1539: head: Default, loss=0.4217, RMSE_MU_per_atom=0.00 mDebye, RMSE_MU_DERIV=0.00 mDebye / A, RMSE_ALPHA_per_atom=    0.03, RMSE_ALPHA_DERIV=    1.83
2025-07-12 10:00:59.362 INFO: Epoch 1540: head: Default, loss=0.4219, RMSE_MU_per_atom=0.00 mDebye, RMSE_MU_DERIV=0.00 mDebye / A, RMSE_ALPHA_per_atom=    0.03, RMSE_ALPHA_DERIV=    1.84
2025-07-12 10:01:28.997 INFO: Epoch 1541: head: Default, loss=0.4218, RMSE_MU_per_atom=0.00 mDebye, RMSE_MU_DERIV=0.00 mDebye / A, RMSE_ALPHA_per_atom=    0.03, RMSE_ALPHA_DERIV=    1.83
2025-07-12 10:01:58.626 INFO: Epoch 1542: head: Default, loss=0.4218, RMSE_MU_per_atom=0.00 mDebye, RMSE_MU_DERIV=0.00 mDebye / A, RMSE_ALPHA_per_atom=    0.03, RMSE_ALPHA_DERIV=    1.83
2025-07-12 10:02:28.255 INFO: Epoch 1543: head: Default, loss=0.4216, RMSE_MU_per_atom=0.00 mDebye, RMSE_MU_DERIV=0.00 mDebye / A, RMSE_ALPHA_per_atom=    0.03, RMSE_ALPHA_DERIV=    1.83
2025-07-12 10:02:57.874 INFO: Epoch 1544: head: Default, loss=0.4216, RMSE_MU_per_atom=0.00 mDebye, RMSE_MU_DERIV=0.00 mDebye / A, RMSE_ALPHA_per_atom=    0.03, RMSE_ALPHA_DERIV=    1.83
2025-07-12 10:03:27.503 INFO: Epoch 1545: head: Default, loss=0.4215, RMSE_MU_per_atom=0.00 mDebye, RMSE_MU_DERIV=0.00 mDebye / A, RMSE_ALPHA_per_atom=    0.03, RMSE_ALPHA_DERIV=    1.83
2025-07-12 10:03:57.142 INFO: Epoch 1546: head: Default, loss=0.4218, RMSE_MU_per_atom=0.00 mDebye, RMSE_MU_DERIV=0.00 mDebye / A, RMSE_ALPHA_per_atom=    0.03, RMSE_ALPHA_DERIV=    1.83
2025-07-12 10:04:26.785 INFO: Epoch 1547: head: Default, loss=0.4216, RMSE_MU_per_atom=0.00 mDebye, RMSE_MU_DERIV=0.00 mDebye / A, RMSE_ALPHA_per_atom=    0.03, RMSE_ALPHA_DERIV=    1.83
2025-07-12 10:04:56.419 INFO: Epoch 1548: head: Default, loss=0.4217, RMSE_MU_per_atom=0.00 mDebye, RMSE_MU_DERIV=0.00 mDebye / A, RMSE_ALPHA_per_atom=    0.03, RMSE_ALPHA_DERIV=    1.83
2025-07-12 10:05:26.052 INFO: Epoch 1549: head: Default, loss=0.4216, RMSE_MU_per_atom=0.00 mDebye, RMSE_MU_DERIV=0.00 mDebye / A, RMSE_ALPHA_per_atom=    0.03, RMSE_ALPHA_DERIV=    1.83
2025-07-12 10:05:55.691 INFO: Epoch 1550: head: Default, loss=0.4219, RMSE_MU_per_atom=0.00 mDebye, RMSE_MU_DERIV=0.00 mDebye / A, RMSE_ALPHA_per_atom=    0.03, RMSE_ALPHA_DERIV=    1.84
2025-07-12 10:06:25.316 INFO: Epoch 1551: head: Default, loss=0.4217, RMSE_MU_per_atom=0.00 mDebye, RMSE_MU_DERIV=0.00 mDebye / A, RMSE_ALPHA_per_atom=    0.03, RMSE_ALPHA_DERIV=    1.83
2025-07-12 10:06:54.943 INFO: Epoch 1552: head: Default, loss=0.4216, RMSE_MU_per_atom=0.00 mDebye, RMSE_MU_DERIV=0.00 mDebye / A, RMSE_ALPHA_per_atom=    0.03, RMSE_ALPHA_DERIV=    1.83
2025-07-12 10:07:24.556 INFO: Epoch 1553: head: Default, loss=0.4217, RMSE_MU_per_atom=0.00 mDebye, RMSE_MU_DERIV=0.00 mDebye / A, RMSE_ALPHA_per_atom=    0.03, RMSE_ALPHA_DERIV=    1.83
2025-07-12 10:07:54.177 INFO: Epoch 1554: head: Default, loss=0.4219, RMSE_MU_per_atom=0.00 mDebye, RMSE_MU_DERIV=0.00 mDebye / A, RMSE_ALPHA_per_atom=    0.03, RMSE_ALPHA_DERIV=    1.83
2025-07-12 10:08:23.795 INFO: Epoch 1555: head: Default, loss=0.4220, RMSE_MU_per_atom=0.00 mDebye, RMSE_MU_DERIV=0.00 mDebye / A, RMSE_ALPHA_per_atom=    0.03, RMSE_ALPHA_DERIV=    1.84
2025-07-12 10:08:53.441 INFO: Epoch 1556: head: Default, loss=0.4215, RMSE_MU_per_atom=0.00 mDebye, RMSE_MU_DERIV=0.00 mDebye / A, RMSE_ALPHA_per_atom=    0.03, RMSE_ALPHA_DERIV=    1.83
2025-07-12 10:09:23.078 INFO: Epoch 1557: head: Default, loss=0.4218, RMSE_MU_per_atom=0.00 mDebye, RMSE_MU_DERIV=0.00 mDebye / A, RMSE_ALPHA_per_atom=    0.03, RMSE_ALPHA_DERIV=    1.83
2025-07-12 10:09:52.702 INFO: Epoch 1558: head: Default, loss=0.4220, RMSE_MU_per_atom=0.00 mDebye, RMSE_MU_DERIV=0.00 mDebye / A, RMSE_ALPHA_per_atom=    0.03, RMSE_ALPHA_DERIV=    1.84
2025-07-12 10:10:22.339 INFO: Epoch 1559: head: Default, loss=0.4217, RMSE_MU_per_atom=0.00 mDebye, RMSE_MU_DERIV=0.00 mDebye / A, RMSE_ALPHA_per_atom=    0.03, RMSE_ALPHA_DERIV=    1.83
2025-07-12 10:10:51.974 INFO: Epoch 1560: head: Default, loss=0.4215, RMSE_MU_per_atom=0.00 mDebye, RMSE_MU_DERIV=0.00 mDebye / A, RMSE_ALPHA_per_atom=    0.03, RMSE_ALPHA_DERIV=    1.83
2025-07-12 10:11:21.607 INFO: Epoch 1561: head: Default, loss=0.4218, RMSE_MU_per_atom=0.00 mDebye, RMSE_MU_DERIV=0.00 mDebye / A, RMSE_ALPHA_per_atom=    0.03, RMSE_ALPHA_DERIV=    1.83
2025-07-12 10:11:51.233 INFO: Epoch 1562: head: Default, loss=0.4218, RMSE_MU_per_atom=0.00 mDebye, RMSE_MU_DERIV=0.00 mDebye / A, RMSE_ALPHA_per_atom=    0.03, RMSE_ALPHA_DERIV=    1.83
2025-07-12 10:12:20.868 INFO: Epoch 1563: head: Default, loss=0.4219, RMSE_MU_per_atom=0.00 mDebye, RMSE_MU_DERIV=0.00 mDebye / A, RMSE_ALPHA_per_atom=    0.03, RMSE_ALPHA_DERIV=    1.84
2025-07-12 10:12:50.515 INFO: Epoch 1564: head: Default, loss=0.4219, RMSE_MU_per_atom=0.00 mDebye, RMSE_MU_DERIV=0.00 mDebye / A, RMSE_ALPHA_per_atom=    0.03, RMSE_ALPHA_DERIV=    1.84
2025-07-12 10:13:20.162 INFO: Epoch 1565: head: Default, loss=0.4217, RMSE_MU_per_atom=0.00 mDebye, RMSE_MU_DERIV=0.00 mDebye / A, RMSE_ALPHA_per_atom=    0.03, RMSE_ALPHA_DERIV=    1.83
2025-07-12 10:13:49.809 INFO: Epoch 1566: head: Default, loss=0.4217, RMSE_MU_per_atom=0.00 mDebye, RMSE_MU_DERIV=0.00 mDebye / A, RMSE_ALPHA_per_atom=    0.03, RMSE_ALPHA_DERIV=    1.83
2025-07-12 10:14:19.433 INFO: Epoch 1567: head: Default, loss=0.4218, RMSE_MU_per_atom=0.00 mDebye, RMSE_MU_DERIV=0.00 mDebye / A, RMSE_ALPHA_per_atom=    0.03, RMSE_ALPHA_DERIV=    1.83
2025-07-12 10:14:49.071 INFO: Epoch 1568: head: Default, loss=0.4216, RMSE_MU_per_atom=0.00 mDebye, RMSE_MU_DERIV=0.00 mDebye / A, RMSE_ALPHA_per_atom=    0.03, RMSE_ALPHA_DERIV=    1.83
2025-07-12 10:15:18.698 INFO: Epoch 1569: head: Default, loss=0.4216, RMSE_MU_per_atom=0.00 mDebye, RMSE_MU_DERIV=0.00 mDebye / A, RMSE_ALPHA_per_atom=    0.03, RMSE_ALPHA_DERIV=    1.83
2025-07-12 10:15:48.331 INFO: Epoch 1570: head: Default, loss=0.4216, RMSE_MU_per_atom=0.00 mDebye, RMSE_MU_DERIV=0.00 mDebye / A, RMSE_ALPHA_per_atom=    0.03, RMSE_ALPHA_DERIV=    1.83
2025-07-12 10:16:17.961 INFO: Epoch 1571: head: Default, loss=0.4216, RMSE_MU_per_atom=0.00 mDebye, RMSE_MU_DERIV=0.00 mDebye / A, RMSE_ALPHA_per_atom=    0.03, RMSE_ALPHA_DERIV=    1.83
2025-07-12 10:16:47.594 INFO: Epoch 1572: head: Default, loss=0.4217, RMSE_MU_per_atom=0.00 mDebye, RMSE_MU_DERIV=0.00 mDebye / A, RMSE_ALPHA_per_atom=    0.03, RMSE_ALPHA_DERIV=    1.83
2025-07-12 10:17:17.211 INFO: Epoch 1573: head: Default, loss=0.4216, RMSE_MU_per_atom=0.00 mDebye, RMSE_MU_DERIV=0.00 mDebye / A, RMSE_ALPHA_per_atom=    0.03, RMSE_ALPHA_DERIV=    1.83
2025-07-12 10:17:46.823 INFO: Epoch 1574: head: Default, loss=0.4217, RMSE_MU_per_atom=0.00 mDebye, RMSE_MU_DERIV=0.00 mDebye / A, RMSE_ALPHA_per_atom=    0.03, RMSE_ALPHA_DERIV=    1.83
2025-07-12 10:18:16.450 INFO: Epoch 1575: head: Default, loss=0.4217, RMSE_MU_per_atom=0.00 mDebye, RMSE_MU_DERIV=0.00 mDebye / A, RMSE_ALPHA_per_atom=    0.03, RMSE_ALPHA_DERIV=    1.83
2025-07-12 10:18:46.060 INFO: Epoch 1576: head: Default, loss=0.4217, RMSE_MU_per_atom=0.00 mDebye, RMSE_MU_DERIV=0.00 mDebye / A, RMSE_ALPHA_per_atom=    0.03, RMSE_ALPHA_DERIV=    1.83
2025-07-12 10:19:15.678 INFO: Epoch 1577: head: Default, loss=0.4218, RMSE_MU_per_atom=0.00 mDebye, RMSE_MU_DERIV=0.00 mDebye / A, RMSE_ALPHA_per_atom=    0.03, RMSE_ALPHA_DERIV=    1.83
2025-07-12 10:19:45.306 INFO: Epoch 1578: head: Default, loss=0.4220, RMSE_MU_per_atom=0.00 mDebye, RMSE_MU_DERIV=0.00 mDebye / A, RMSE_ALPHA_per_atom=    0.03, RMSE_ALPHA_DERIV=    1.84
2025-07-12 10:20:14.947 INFO: Epoch 1579: head: Default, loss=0.4218, RMSE_MU_per_atom=0.00 mDebye, RMSE_MU_DERIV=0.00 mDebye / A, RMSE_ALPHA_per_atom=    0.03, RMSE_ALPHA_DERIV=    1.83
2025-07-12 10:20:44.577 INFO: Epoch 1580: head: Default, loss=0.4214, RMSE_MU_per_atom=0.00 mDebye, RMSE_MU_DERIV=0.00 mDebye / A, RMSE_ALPHA_per_atom=    0.03, RMSE_ALPHA_DERIV=    1.83
2025-07-12 10:21:14.200 INFO: Epoch 1581: head: Default, loss=0.4217, RMSE_MU_per_atom=0.00 mDebye, RMSE_MU_DERIV=0.00 mDebye / A, RMSE_ALPHA_per_atom=    0.03, RMSE_ALPHA_DERIV=    1.83
2025-07-12 10:21:43.828 INFO: Epoch 1582: head: Default, loss=0.4217, RMSE_MU_per_atom=0.00 mDebye, RMSE_MU_DERIV=0.00 mDebye / A, RMSE_ALPHA_per_atom=    0.03, RMSE_ALPHA_DERIV=    1.83
2025-07-12 10:22:13.460 INFO: Epoch 1583: head: Default, loss=0.4218, RMSE_MU_per_atom=0.00 mDebye, RMSE_MU_DERIV=0.00 mDebye / A, RMSE_ALPHA_per_atom=    0.03, RMSE_ALPHA_DERIV=    1.83
2025-07-12 10:22:43.096 INFO: Epoch 1584: head: Default, loss=0.4218, RMSE_MU_per_atom=0.00 mDebye, RMSE_MU_DERIV=0.00 mDebye / A, RMSE_ALPHA_per_atom=    0.03, RMSE_ALPHA_DERIV=    1.83
2025-07-12 10:23:12.728 INFO: Epoch 1585: head: Default, loss=0.4218, RMSE_MU_per_atom=0.00 mDebye, RMSE_MU_DERIV=0.00 mDebye / A, RMSE_ALPHA_per_atom=    0.03, RMSE_ALPHA_DERIV=    1.83
2025-07-12 10:23:42.354 INFO: Epoch 1586: head: Default, loss=0.4217, RMSE_MU_per_atom=0.00 mDebye, RMSE_MU_DERIV=0.00 mDebye / A, RMSE_ALPHA_per_atom=    0.03, RMSE_ALPHA_DERIV=    1.83
2025-07-12 10:24:11.982 INFO: Epoch 1587: head: Default, loss=0.4219, RMSE_MU_per_atom=0.00 mDebye, RMSE_MU_DERIV=0.00 mDebye / A, RMSE_ALPHA_per_atom=    0.03, RMSE_ALPHA_DERIV=    1.83
2025-07-12 10:24:41.601 INFO: Epoch 1588: head: Default, loss=0.4218, RMSE_MU_per_atom=0.00 mDebye, RMSE_MU_DERIV=0.00 mDebye / A, RMSE_ALPHA_per_atom=    0.03, RMSE_ALPHA_DERIV=    1.83
2025-07-12 10:25:11.234 INFO: Epoch 1589: head: Default, loss=0.4220, RMSE_MU_per_atom=0.00 mDebye, RMSE_MU_DERIV=0.00 mDebye / A, RMSE_ALPHA_per_atom=    0.03, RMSE_ALPHA_DERIV=    1.84
2025-07-12 10:25:40.860 INFO: Epoch 1590: head: Default, loss=0.4217, RMSE_MU_per_atom=0.00 mDebye, RMSE_MU_DERIV=0.00 mDebye / A, RMSE_ALPHA_per_atom=    0.03, RMSE_ALPHA_DERIV=    1.83
2025-07-12 10:26:10.478 INFO: Epoch 1591: head: Default, loss=0.4217, RMSE_MU_per_atom=0.00 mDebye, RMSE_MU_DERIV=0.00 mDebye / A, RMSE_ALPHA_per_atom=    0.03, RMSE_ALPHA_DERIV=    1.83
2025-07-12 10:26:40.094 INFO: Epoch 1592: head: Default, loss=0.4218, RMSE_MU_per_atom=0.00 mDebye, RMSE_MU_DERIV=0.00 mDebye / A, RMSE_ALPHA_per_atom=    0.03, RMSE_ALPHA_DERIV=    1.83
2025-07-12 10:27:09.710 INFO: Epoch 1593: head: Default, loss=0.4218, RMSE_MU_per_atom=0.00 mDebye, RMSE_MU_DERIV=0.00 mDebye / A, RMSE_ALPHA_per_atom=    0.03, RMSE_ALPHA_DERIV=    1.83
2025-07-12 10:27:39.333 INFO: Epoch 1594: head: Default, loss=0.4217, RMSE_MU_per_atom=0.00 mDebye, RMSE_MU_DERIV=0.00 mDebye / A, RMSE_ALPHA_per_atom=    0.03, RMSE_ALPHA_DERIV=    1.83
2025-07-12 10:28:08.963 INFO: Epoch 1595: head: Default, loss=0.4219, RMSE_MU_per_atom=0.00 mDebye, RMSE_MU_DERIV=0.00 mDebye / A, RMSE_ALPHA_per_atom=    0.03, RMSE_ALPHA_DERIV=    1.84
2025-07-12 10:28:38.585 INFO: Epoch 1596: head: Default, loss=0.4218, RMSE_MU_per_atom=0.00 mDebye, RMSE_MU_DERIV=0.00 mDebye / A, RMSE_ALPHA_per_atom=    0.03, RMSE_ALPHA_DERIV=    1.83
2025-07-12 10:29:08.207 INFO: Epoch 1597: head: Default, loss=0.4215, RMSE_MU_per_atom=0.00 mDebye, RMSE_MU_DERIV=0.00 mDebye / A, RMSE_ALPHA_per_atom=    0.03, RMSE_ALPHA_DERIV=    1.83
2025-07-12 10:29:37.832 INFO: Epoch 1598: head: Default, loss=0.4217, RMSE_MU_per_atom=0.00 mDebye, RMSE_MU_DERIV=0.00 mDebye / A, RMSE_ALPHA_per_atom=    0.03, RMSE_ALPHA_DERIV=    1.83
2025-07-12 10:30:07.452 INFO: Epoch 1599: head: Default, loss=0.4217, RMSE_MU_per_atom=0.00 mDebye, RMSE_MU_DERIV=0.00 mDebye / A, RMSE_ALPHA_per_atom=    0.03, RMSE_ALPHA_DERIV=    1.83
2025-07-12 10:30:37.088 INFO: Epoch 1600: head: Default, loss=0.4218, RMSE_MU_per_atom=0.00 mDebye, RMSE_MU_DERIV=0.00 mDebye / A, RMSE_ALPHA_per_atom=    0.03, RMSE_ALPHA_DERIV=    1.83
2025-07-12 10:31:06.729 INFO: Epoch 1601: head: Default, loss=0.4218, RMSE_MU_per_atom=0.00 mDebye, RMSE_MU_DERIV=0.00 mDebye / A, RMSE_ALPHA_per_atom=    0.03, RMSE_ALPHA_DERIV=    1.83
2025-07-12 10:31:36.358 INFO: Epoch 1602: head: Default, loss=0.4218, RMSE_MU_per_atom=0.00 mDebye, RMSE_MU_DERIV=0.00 mDebye / A, RMSE_ALPHA_per_atom=    0.03, RMSE_ALPHA_DERIV=    1.83
2025-07-12 10:32:05.981 INFO: Epoch 1603: head: Default, loss=0.4219, RMSE_MU_per_atom=0.00 mDebye, RMSE_MU_DERIV=0.00 mDebye / A, RMSE_ALPHA_per_atom=    0.03, RMSE_ALPHA_DERIV=    1.84
2025-07-12 10:32:35.605 INFO: Epoch 1604: head: Default, loss=0.4217, RMSE_MU_per_atom=0.00 mDebye, RMSE_MU_DERIV=0.00 mDebye / A, RMSE_ALPHA_per_atom=    0.03, RMSE_ALPHA_DERIV=    1.83
2025-07-12 10:33:05.246 INFO: Epoch 1605: head: Default, loss=0.4219, RMSE_MU_per_atom=0.00 mDebye, RMSE_MU_DERIV=0.00 mDebye / A, RMSE_ALPHA_per_atom=    0.03, RMSE_ALPHA_DERIV=    1.84
2025-07-12 10:33:34.860 INFO: Epoch 1606: head: Default, loss=0.4218, RMSE_MU_per_atom=0.00 mDebye, RMSE_MU_DERIV=0.00 mDebye / A, RMSE_ALPHA_per_atom=    0.03, RMSE_ALPHA_DERIV=    1.83
2025-07-12 10:34:04.477 INFO: Epoch 1607: head: Default, loss=0.4218, RMSE_MU_per_atom=0.00 mDebye, RMSE_MU_DERIV=0.00 mDebye / A, RMSE_ALPHA_per_atom=    0.03, RMSE_ALPHA_DERIV=    1.83
2025-07-12 10:34:34.103 INFO: Epoch 1608: head: Default, loss=0.4217, RMSE_MU_per_atom=0.00 mDebye, RMSE_MU_DERIV=0.00 mDebye / A, RMSE_ALPHA_per_atom=    0.03, RMSE_ALPHA_DERIV=    1.83
2025-07-12 10:35:03.730 INFO: Epoch 1609: head: Default, loss=0.4220, RMSE_MU_per_atom=0.00 mDebye, RMSE_MU_DERIV=0.00 mDebye / A, RMSE_ALPHA_per_atom=    0.03, RMSE_ALPHA_DERIV=    1.84
2025-07-12 10:35:33.345 INFO: Epoch 1610: head: Default, loss=0.4217, RMSE_MU_per_atom=0.00 mDebye, RMSE_MU_DERIV=0.00 mDebye / A, RMSE_ALPHA_per_atom=    0.03, RMSE_ALPHA_DERIV=    1.83
2025-07-12 10:36:02.965 INFO: Epoch 1611: head: Default, loss=0.4218, RMSE_MU_per_atom=0.00 mDebye, RMSE_MU_DERIV=0.00 mDebye / A, RMSE_ALPHA_per_atom=    0.03, RMSE_ALPHA_DERIV=    1.83
2025-07-12 10:36:32.581 INFO: Epoch 1612: head: Default, loss=0.4218, RMSE_MU_per_atom=0.00 mDebye, RMSE_MU_DERIV=0.00 mDebye / A, RMSE_ALPHA_per_atom=    0.03, RMSE_ALPHA_DERIV=    1.83
2025-07-12 10:37:02.196 INFO: Epoch 1613: head: Default, loss=0.4219, RMSE_MU_per_atom=0.00 mDebye, RMSE_MU_DERIV=0.00 mDebye / A, RMSE_ALPHA_per_atom=    0.03, RMSE_ALPHA_DERIV=    1.84
2025-07-12 10:37:31.812 INFO: Epoch 1614: head: Default, loss=0.4219, RMSE_MU_per_atom=0.00 mDebye, RMSE_MU_DERIV=0.00 mDebye / A, RMSE_ALPHA_per_atom=    0.03, RMSE_ALPHA_DERIV=    1.84
2025-07-12 10:38:01.435 INFO: Epoch 1615: head: Default, loss=0.4220, RMSE_MU_per_atom=0.00 mDebye, RMSE_MU_DERIV=0.00 mDebye / A, RMSE_ALPHA_per_atom=    0.03, RMSE_ALPHA_DERIV=    1.84
2025-07-12 10:38:31.074 INFO: Epoch 1616: head: Default, loss=0.4218, RMSE_MU_per_atom=0.00 mDebye, RMSE_MU_DERIV=0.00 mDebye / A, RMSE_ALPHA_per_atom=    0.03, RMSE_ALPHA_DERIV=    1.83
2025-07-12 10:39:00.709 INFO: Epoch 1617: head: Default, loss=0.4220, RMSE_MU_per_atom=0.00 mDebye, RMSE_MU_DERIV=0.00 mDebye / A, RMSE_ALPHA_per_atom=    0.03, RMSE_ALPHA_DERIV=    1.84
2025-07-12 10:39:30.341 INFO: Epoch 1618: head: Default, loss=0.4217, RMSE_MU_per_atom=0.00 mDebye, RMSE_MU_DERIV=0.00 mDebye / A, RMSE_ALPHA_per_atom=    0.03, RMSE_ALPHA_DERIV=    1.83
2025-07-12 10:39:59.969 INFO: Epoch 1619: head: Default, loss=0.4218, RMSE_MU_per_atom=0.00 mDebye, RMSE_MU_DERIV=0.00 mDebye / A, RMSE_ALPHA_per_atom=    0.03, RMSE_ALPHA_DERIV=    1.83
2025-07-12 10:40:29.605 INFO: Epoch 1620: head: Default, loss=0.4220, RMSE_MU_per_atom=0.00 mDebye, RMSE_MU_DERIV=0.00 mDebye / A, RMSE_ALPHA_per_atom=    0.03, RMSE_ALPHA_DERIV=    1.84
2025-07-12 10:40:59.239 INFO: Epoch 1621: head: Default, loss=0.4218, RMSE_MU_per_atom=0.00 mDebye, RMSE_MU_DERIV=0.00 mDebye / A, RMSE_ALPHA_per_atom=    0.03, RMSE_ALPHA_DERIV=    1.83
2025-07-12 10:41:28.868 INFO: Epoch 1622: head: Default, loss=0.4219, RMSE_MU_per_atom=0.00 mDebye, RMSE_MU_DERIV=0.00 mDebye / A, RMSE_ALPHA_per_atom=    0.03, RMSE_ALPHA_DERIV=    1.84
2025-07-12 10:41:58.501 INFO: Epoch 1623: head: Default, loss=0.4218, RMSE_MU_per_atom=0.00 mDebye, RMSE_MU_DERIV=0.00 mDebye / A, RMSE_ALPHA_per_atom=    0.03, RMSE_ALPHA_DERIV=    1.83
2025-07-12 10:42:28.133 INFO: Epoch 1624: head: Default, loss=0.4217, RMSE_MU_per_atom=0.00 mDebye, RMSE_MU_DERIV=0.00 mDebye / A, RMSE_ALPHA_per_atom=    0.03, RMSE_ALPHA_DERIV=    1.83
2025-07-12 10:42:57.763 INFO: Epoch 1625: head: Default, loss=0.4219, RMSE_MU_per_atom=0.00 mDebye, RMSE_MU_DERIV=0.00 mDebye / A, RMSE_ALPHA_per_atom=    0.03, RMSE_ALPHA_DERIV=    1.84
2025-07-12 10:43:27.381 INFO: Epoch 1626: head: Default, loss=0.4218, RMSE_MU_per_atom=0.00 mDebye, RMSE_MU_DERIV=0.00 mDebye / A, RMSE_ALPHA_per_atom=    0.03, RMSE_ALPHA_DERIV=    1.83
2025-07-12 10:43:57.009 INFO: Epoch 1627: head: Default, loss=0.4217, RMSE_MU_per_atom=0.00 mDebye, RMSE_MU_DERIV=0.00 mDebye / A, RMSE_ALPHA_per_atom=    0.03, RMSE_ALPHA_DERIV=    1.83
2025-07-12 10:44:26.616 INFO: Epoch 1628: head: Default, loss=0.4220, RMSE_MU_per_atom=0.00 mDebye, RMSE_MU_DERIV=0.00 mDebye / A, RMSE_ALPHA_per_atom=    0.03, RMSE_ALPHA_DERIV=    1.84
2025-07-12 10:44:56.242 INFO: Epoch 1629: head: Default, loss=0.4219, RMSE_MU_per_atom=0.00 mDebye, RMSE_MU_DERIV=0.00 mDebye / A, RMSE_ALPHA_per_atom=    0.03, RMSE_ALPHA_DERIV=    1.84
2025-07-12 10:45:25.875 INFO: Epoch 1630: head: Default, loss=0.4218, RMSE_MU_per_atom=0.00 mDebye, RMSE_MU_DERIV=0.00 mDebye / A, RMSE_ALPHA_per_atom=    0.03, RMSE_ALPHA_DERIV=    1.83
2025-07-12 10:45:55.502 INFO: Epoch 1631: head: Default, loss=0.4218, RMSE_MU_per_atom=0.00 mDebye, RMSE_MU_DERIV=0.00 mDebye / A, RMSE_ALPHA_per_atom=    0.03, RMSE_ALPHA_DERIV=    1.83
2025-07-12 10:46:25.139 INFO: Epoch 1632: head: Default, loss=0.4216, RMSE_MU_per_atom=0.00 mDebye, RMSE_MU_DERIV=0.00 mDebye / A, RMSE_ALPHA_per_atom=    0.03, RMSE_ALPHA_DERIV=    1.83
2025-07-12 10:46:54.769 INFO: Epoch 1633: head: Default, loss=0.4218, RMSE_MU_per_atom=0.00 mDebye, RMSE_MU_DERIV=0.00 mDebye / A, RMSE_ALPHA_per_atom=    0.03, RMSE_ALPHA_DERIV=    1.83
2025-07-12 10:47:24.404 INFO: Epoch 1634: head: Default, loss=0.4216, RMSE_MU_per_atom=0.00 mDebye, RMSE_MU_DERIV=0.00 mDebye / A, RMSE_ALPHA_per_atom=    0.03, RMSE_ALPHA_DERIV=    1.83
2025-07-12 10:47:54.033 INFO: Epoch 1635: head: Default, loss=0.4218, RMSE_MU_per_atom=0.00 mDebye, RMSE_MU_DERIV=0.00 mDebye / A, RMSE_ALPHA_per_atom=    0.03, RMSE_ALPHA_DERIV=    1.83
2025-07-12 10:48:23.671 INFO: Epoch 1636: head: Default, loss=0.4218, RMSE_MU_per_atom=0.00 mDebye, RMSE_MU_DERIV=0.00 mDebye / A, RMSE_ALPHA_per_atom=    0.03, RMSE_ALPHA_DERIV=    1.83
2025-07-12 10:48:53.309 INFO: Epoch 1637: head: Default, loss=0.4220, RMSE_MU_per_atom=0.00 mDebye, RMSE_MU_DERIV=0.00 mDebye / A, RMSE_ALPHA_per_atom=    0.03, RMSE_ALPHA_DERIV=    1.84
2025-07-12 10:49:22.950 INFO: Epoch 1638: head: Default, loss=0.4218, RMSE_MU_per_atom=0.00 mDebye, RMSE_MU_DERIV=0.00 mDebye / A, RMSE_ALPHA_per_atom=    0.03, RMSE_ALPHA_DERIV=    1.83
2025-07-12 10:49:52.594 INFO: Epoch 1639: head: Default, loss=0.4220, RMSE_MU_per_atom=0.00 mDebye, RMSE_MU_DERIV=0.00 mDebye / A, RMSE_ALPHA_per_atom=    0.03, RMSE_ALPHA_DERIV=    1.84
2025-07-12 10:50:22.224 INFO: Epoch 1640: head: Default, loss=0.4219, RMSE_MU_per_atom=0.00 mDebye, RMSE_MU_DERIV=0.00 mDebye / A, RMSE_ALPHA_per_atom=    0.03, RMSE_ALPHA_DERIV=    1.84
2025-07-12 10:50:51.851 INFO: Epoch 1641: head: Default, loss=0.4218, RMSE_MU_per_atom=0.00 mDebye, RMSE_MU_DERIV=0.00 mDebye / A, RMSE_ALPHA_per_atom=    0.03, RMSE_ALPHA_DERIV=    1.83
2025-07-12 10:51:21.481 INFO: Epoch 1642: head: Default, loss=0.4217, RMSE_MU_per_atom=0.00 mDebye, RMSE_MU_DERIV=0.00 mDebye / A, RMSE_ALPHA_per_atom=    0.03, RMSE_ALPHA_DERIV=    1.83
2025-07-12 10:51:51.132 INFO: Epoch 1643: head: Default, loss=0.4219, RMSE_MU_per_atom=0.00 mDebye, RMSE_MU_DERIV=0.00 mDebye / A, RMSE_ALPHA_per_atom=    0.03, RMSE_ALPHA_DERIV=    1.84
2025-07-12 10:52:20.767 INFO: Epoch 1644: head: Default, loss=0.4218, RMSE_MU_per_atom=0.00 mDebye, RMSE_MU_DERIV=0.00 mDebye / A, RMSE_ALPHA_per_atom=    0.03, RMSE_ALPHA_DERIV=    1.83
2025-07-12 10:52:50.401 INFO: Epoch 1645: head: Default, loss=0.4218, RMSE_MU_per_atom=0.00 mDebye, RMSE_MU_DERIV=0.00 mDebye / A, RMSE_ALPHA_per_atom=    0.03, RMSE_ALPHA_DERIV=    1.83
2025-07-12 10:53:20.033 INFO: Epoch 1646: head: Default, loss=0.4219, RMSE_MU_per_atom=0.00 mDebye, RMSE_MU_DERIV=0.00 mDebye / A, RMSE_ALPHA_per_atom=    0.03, RMSE_ALPHA_DERIV=    1.84
2025-07-12 10:53:49.663 INFO: Epoch 1647: head: Default, loss=0.4220, RMSE_MU_per_atom=0.00 mDebye, RMSE_MU_DERIV=0.00 mDebye / A, RMSE_ALPHA_per_atom=    0.03, RMSE_ALPHA_DERIV=    1.84
2025-07-12 10:54:19.293 INFO: Epoch 1648: head: Default, loss=0.4220, RMSE_MU_per_atom=0.00 mDebye, RMSE_MU_DERIV=0.00 mDebye / A, RMSE_ALPHA_per_atom=    0.03, RMSE_ALPHA_DERIV=    1.84
2025-07-12 10:54:48.929 INFO: Epoch 1649: head: Default, loss=0.4218, RMSE_MU_per_atom=0.00 mDebye, RMSE_MU_DERIV=0.00 mDebye / A, RMSE_ALPHA_per_atom=    0.03, RMSE_ALPHA_DERIV=    1.83
2025-07-12 10:55:18.555 INFO: Epoch 1650: head: Default, loss=0.4219, RMSE_MU_per_atom=0.00 mDebye, RMSE_MU_DERIV=0.00 mDebye / A, RMSE_ALPHA_per_atom=    0.03, RMSE_ALPHA_DERIV=    1.84
2025-07-12 10:55:48.177 INFO: Epoch 1651: head: Default, loss=0.4218, RMSE_MU_per_atom=0.00 mDebye, RMSE_MU_DERIV=0.00 mDebye / A, RMSE_ALPHA_per_atom=    0.03, RMSE_ALPHA_DERIV=    1.83
2025-07-12 10:56:17.795 INFO: Epoch 1652: head: Default, loss=0.4218, RMSE_MU_per_atom=0.00 mDebye, RMSE_MU_DERIV=0.00 mDebye / A, RMSE_ALPHA_per_atom=    0.03, RMSE_ALPHA_DERIV=    1.83
2025-07-12 10:56:47.417 INFO: Epoch 1653: head: Default, loss=0.4217, RMSE_MU_per_atom=0.00 mDebye, RMSE_MU_DERIV=0.00 mDebye / A, RMSE_ALPHA_per_atom=    0.03, RMSE_ALPHA_DERIV=    1.83
2025-07-12 10:57:17.043 INFO: Epoch 1654: head: Default, loss=0.4219, RMSE_MU_per_atom=0.00 mDebye, RMSE_MU_DERIV=0.00 mDebye / A, RMSE_ALPHA_per_atom=    0.03, RMSE_ALPHA_DERIV=    1.84
2025-07-12 10:57:46.670 INFO: Epoch 1655: head: Default, loss=0.4218, RMSE_MU_per_atom=0.00 mDebye, RMSE_MU_DERIV=0.00 mDebye / A, RMSE_ALPHA_per_atom=    0.03, RMSE_ALPHA_DERIV=    1.83
2025-07-12 10:58:16.301 INFO: Epoch 1656: head: Default, loss=0.4218, RMSE_MU_per_atom=0.00 mDebye, RMSE_MU_DERIV=0.00 mDebye / A, RMSE_ALPHA_per_atom=    0.03, RMSE_ALPHA_DERIV=    1.83
2025-07-12 10:58:45.940 INFO: Epoch 1657: head: Default, loss=0.4218, RMSE_MU_per_atom=0.00 mDebye, RMSE_MU_DERIV=0.00 mDebye / A, RMSE_ALPHA_per_atom=    0.03, RMSE_ALPHA_DERIV=    1.83
2025-07-12 10:59:15.582 INFO: Epoch 1658: head: Default, loss=0.4218, RMSE_MU_per_atom=0.00 mDebye, RMSE_MU_DERIV=0.00 mDebye / A, RMSE_ALPHA_per_atom=    0.03, RMSE_ALPHA_DERIV=    1.83
2025-07-12 10:59:45.218 INFO: Epoch 1659: head: Default, loss=0.4219, RMSE_MU_per_atom=0.00 mDebye, RMSE_MU_DERIV=0.00 mDebye / A, RMSE_ALPHA_per_atom=    0.03, RMSE_ALPHA_DERIV=    1.84
2025-07-12 11:00:14.860 INFO: Epoch 1660: head: Default, loss=0.4218, RMSE_MU_per_atom=0.00 mDebye, RMSE_MU_DERIV=0.00 mDebye / A, RMSE_ALPHA_per_atom=    0.03, RMSE_ALPHA_DERIV=    1.83
2025-07-12 11:00:44.496 INFO: Epoch 1661: head: Default, loss=0.4219, RMSE_MU_per_atom=0.00 mDebye, RMSE_MU_DERIV=0.00 mDebye / A, RMSE_ALPHA_per_atom=    0.03, RMSE_ALPHA_DERIV=    1.84
2025-07-12 11:01:14.119 INFO: Epoch 1662: head: Default, loss=0.4219, RMSE_MU_per_atom=0.00 mDebye, RMSE_MU_DERIV=0.00 mDebye / A, RMSE_ALPHA_per_atom=    0.03, RMSE_ALPHA_DERIV=    1.84
2025-07-12 11:01:43.754 INFO: Epoch 1663: head: Default, loss=0.4217, RMSE_MU_per_atom=0.00 mDebye, RMSE_MU_DERIV=0.00 mDebye / A, RMSE_ALPHA_per_atom=    0.03, RMSE_ALPHA_DERIV=    1.83
2025-07-12 11:02:13.376 INFO: Epoch 1664: head: Default, loss=0.4218, RMSE_MU_per_atom=0.00 mDebye, RMSE_MU_DERIV=0.00 mDebye / A, RMSE_ALPHA_per_atom=    0.03, RMSE_ALPHA_DERIV=    1.83
2025-07-12 11:02:43.003 INFO: Epoch 1665: head: Default, loss=0.4218, RMSE_MU_per_atom=0.00 mDebye, RMSE_MU_DERIV=0.00 mDebye / A, RMSE_ALPHA_per_atom=    0.03, RMSE_ALPHA_DERIV=    1.83
2025-07-12 11:03:12.633 INFO: Epoch 1666: head: Default, loss=0.4219, RMSE_MU_per_atom=0.00 mDebye, RMSE_MU_DERIV=0.00 mDebye / A, RMSE_ALPHA_per_atom=    0.03, RMSE_ALPHA_DERIV=    1.84
2025-07-12 11:03:42.257 INFO: Epoch 1667: head: Default, loss=0.4218, RMSE_MU_per_atom=0.00 mDebye, RMSE_MU_DERIV=0.00 mDebye / A, RMSE_ALPHA_per_atom=    0.03, RMSE_ALPHA_DERIV=    1.83
2025-07-12 11:04:11.899 INFO: Epoch 1668: head: Default, loss=0.4219, RMSE_MU_per_atom=0.00 mDebye, RMSE_MU_DERIV=0.00 mDebye / A, RMSE_ALPHA_per_atom=    0.03, RMSE_ALPHA_DERIV=    1.84
2025-07-12 11:04:41.551 INFO: Epoch 1669: head: Default, loss=0.4219, RMSE_MU_per_atom=0.00 mDebye, RMSE_MU_DERIV=0.00 mDebye / A, RMSE_ALPHA_per_atom=    0.03, RMSE_ALPHA_DERIV=    1.84
2025-07-12 11:05:11.182 INFO: Epoch 1670: head: Default, loss=0.4219, RMSE_MU_per_atom=0.00 mDebye, RMSE_MU_DERIV=0.00 mDebye / A, RMSE_ALPHA_per_atom=    0.03, RMSE_ALPHA_DERIV=    1.84
2025-07-12 11:05:40.821 INFO: Epoch 1671: head: Default, loss=0.4218, RMSE_MU_per_atom=0.00 mDebye, RMSE_MU_DERIV=0.00 mDebye / A, RMSE_ALPHA_per_atom=    0.03, RMSE_ALPHA_DERIV=    1.83
2025-07-12 11:06:10.462 INFO: Epoch 1672: head: Default, loss=0.4221, RMSE_MU_per_atom=0.00 mDebye, RMSE_MU_DERIV=0.00 mDebye / A, RMSE_ALPHA_per_atom=    0.03, RMSE_ALPHA_DERIV=    1.84
2025-07-12 11:06:40.099 INFO: Epoch 1673: head: Default, loss=0.4218, RMSE_MU_per_atom=0.00 mDebye, RMSE_MU_DERIV=0.00 mDebye / A, RMSE_ALPHA_per_atom=    0.03, RMSE_ALPHA_DERIV=    1.83
2025-07-12 11:07:09.741 INFO: Epoch 1674: head: Default, loss=0.4218, RMSE_MU_per_atom=0.00 mDebye, RMSE_MU_DERIV=0.00 mDebye / A, RMSE_ALPHA_per_atom=    0.03, RMSE_ALPHA_DERIV=    1.83
2025-07-12 11:07:39.383 INFO: Epoch 1675: head: Default, loss=0.4218, RMSE_MU_per_atom=0.00 mDebye, RMSE_MU_DERIV=0.00 mDebye / A, RMSE_ALPHA_per_atom=    0.03, RMSE_ALPHA_DERIV=    1.83
2025-07-12 11:08:09.029 INFO: Epoch 1676: head: Default, loss=0.4219, RMSE_MU_per_atom=0.00 mDebye, RMSE_MU_DERIV=0.00 mDebye / A, RMSE_ALPHA_per_atom=    0.03, RMSE_ALPHA_DERIV=    1.84
2025-07-12 11:08:38.672 INFO: Epoch 1677: head: Default, loss=0.4218, RMSE_MU_per_atom=0.00 mDebye, RMSE_MU_DERIV=0.00 mDebye / A, RMSE_ALPHA_per_atom=    0.03, RMSE_ALPHA_DERIV=    1.83
2025-07-12 11:09:08.316 INFO: Epoch 1678: head: Default, loss=0.4218, RMSE_MU_per_atom=0.00 mDebye, RMSE_MU_DERIV=0.00 mDebye / A, RMSE_ALPHA_per_atom=    0.03, RMSE_ALPHA_DERIV=    1.83
2025-07-12 11:09:37.954 INFO: Epoch 1679: head: Default, loss=0.4217, RMSE_MU_per_atom=0.00 mDebye, RMSE_MU_DERIV=0.00 mDebye / A, RMSE_ALPHA_per_atom=    0.03, RMSE_ALPHA_DERIV=    1.83
2025-07-12 11:10:07.581 INFO: Epoch 1680: head: Default, loss=0.4218, RMSE_MU_per_atom=0.00 mDebye, RMSE_MU_DERIV=0.00 mDebye / A, RMSE_ALPHA_per_atom=    0.03, RMSE_ALPHA_DERIV=    1.83
2025-07-12 11:10:37.215 INFO: Epoch 1681: head: Default, loss=0.4220, RMSE_MU_per_atom=0.00 mDebye, RMSE_MU_DERIV=0.00 mDebye / A, RMSE_ALPHA_per_atom=    0.03, RMSE_ALPHA_DERIV=    1.84
2025-07-12 11:11:06.860 INFO: Epoch 1682: head: Default, loss=0.4220, RMSE_MU_per_atom=0.00 mDebye, RMSE_MU_DERIV=0.00 mDebye / A, RMSE_ALPHA_per_atom=    0.03, RMSE_ALPHA_DERIV=    1.84
2025-07-12 11:11:36.490 INFO: Epoch 1683: head: Default, loss=0.4219, RMSE_MU_per_atom=0.00 mDebye, RMSE_MU_DERIV=0.00 mDebye / A, RMSE_ALPHA_per_atom=    0.03, RMSE_ALPHA_DERIV=    1.84
2025-07-12 11:12:06.136 INFO: Epoch 1684: head: Default, loss=0.4219, RMSE_MU_per_atom=0.00 mDebye, RMSE_MU_DERIV=0.00 mDebye / A, RMSE_ALPHA_per_atom=    0.03, RMSE_ALPHA_DERIV=    1.84
2025-07-12 11:12:35.778 INFO: Epoch 1685: head: Default, loss=0.4217, RMSE_MU_per_atom=0.00 mDebye, RMSE_MU_DERIV=0.00 mDebye / A, RMSE_ALPHA_per_atom=    0.03, RMSE_ALPHA_DERIV=    1.83
2025-07-12 11:13:05.416 INFO: Epoch 1686: head: Default, loss=0.4218, RMSE_MU_per_atom=0.00 mDebye, RMSE_MU_DERIV=0.00 mDebye / A, RMSE_ALPHA_per_atom=    0.03, RMSE_ALPHA_DERIV=    1.83
2025-07-12 11:13:35.051 INFO: Epoch 1687: head: Default, loss=0.4219, RMSE_MU_per_atom=0.00 mDebye, RMSE_MU_DERIV=0.00 mDebye / A, RMSE_ALPHA_per_atom=    0.03, RMSE_ALPHA_DERIV=    1.84
2025-07-12 11:14:04.677 INFO: Epoch 1688: head: Default, loss=0.4219, RMSE_MU_per_atom=0.00 mDebye, RMSE_MU_DERIV=0.00 mDebye / A, RMSE_ALPHA_per_atom=    0.03, RMSE_ALPHA_DERIV=    1.84
2025-07-12 11:14:34.308 INFO: Epoch 1689: head: Default, loss=0.4218, RMSE_MU_per_atom=0.00 mDebye, RMSE_MU_DERIV=0.00 mDebye / A, RMSE_ALPHA_per_atom=    0.03, RMSE_ALPHA_DERIV=    1.83
2025-07-12 11:15:03.949 INFO: Epoch 1690: head: Default, loss=0.4219, RMSE_MU_per_atom=0.00 mDebye, RMSE_MU_DERIV=0.00 mDebye / A, RMSE_ALPHA_per_atom=    0.03, RMSE_ALPHA_DERIV=    1.84
2025-07-12 11:15:33.591 INFO: Epoch 1691: head: Default, loss=0.4219, RMSE_MU_per_atom=0.00 mDebye, RMSE_MU_DERIV=0.00 mDebye / A, RMSE_ALPHA_per_atom=    0.03, RMSE_ALPHA_DERIV=    1.84
2025-07-12 11:16:03.235 INFO: Epoch 1692: head: Default, loss=0.4219, RMSE_MU_per_atom=0.00 mDebye, RMSE_MU_DERIV=0.00 mDebye / A, RMSE_ALPHA_per_atom=    0.03, RMSE_ALPHA_DERIV=    1.84
2025-07-12 11:16:32.877 INFO: Epoch 1693: head: Default, loss=0.4218, RMSE_MU_per_atom=0.00 mDebye, RMSE_MU_DERIV=0.00 mDebye / A, RMSE_ALPHA_per_atom=    0.03, RMSE_ALPHA_DERIV=    1.83
2025-07-12 11:17:02.511 INFO: Epoch 1694: head: Default, loss=0.4220, RMSE_MU_per_atom=0.00 mDebye, RMSE_MU_DERIV=0.00 mDebye / A, RMSE_ALPHA_per_atom=    0.03, RMSE_ALPHA_DERIV=    1.84
2025-07-12 11:17:32.139 INFO: Epoch 1695: head: Default, loss=0.4218, RMSE_MU_per_atom=0.00 mDebye, RMSE_MU_DERIV=0.00 mDebye / A, RMSE_ALPHA_per_atom=    0.03, RMSE_ALPHA_DERIV=    1.83
2025-07-12 11:18:01.784 INFO: Epoch 1696: head: Default, loss=0.4218, RMSE_MU_per_atom=0.00 mDebye, RMSE_MU_DERIV=0.00 mDebye / A, RMSE_ALPHA_per_atom=    0.03, RMSE_ALPHA_DERIV=    1.83
2025-07-12 11:18:31.429 INFO: Epoch 1697: head: Default, loss=0.4218, RMSE_MU_per_atom=0.00 mDebye, RMSE_MU_DERIV=0.00 mDebye / A, RMSE_ALPHA_per_atom=    0.03, RMSE_ALPHA_DERIV=    1.83
2025-07-12 11:19:01.074 INFO: Epoch 1698: head: Default, loss=0.4217, RMSE_MU_per_atom=0.00 mDebye, RMSE_MU_DERIV=0.00 mDebye / A, RMSE_ALPHA_per_atom=    0.03, RMSE_ALPHA_DERIV=    1.83
2025-07-12 11:19:30.714 INFO: Epoch 1699: head: Default, loss=0.4219, RMSE_MU_per_atom=0.00 mDebye, RMSE_MU_DERIV=0.00 mDebye / A, RMSE_ALPHA_per_atom=    0.03, RMSE_ALPHA_DERIV=    1.84
2025-07-12 11:20:00.357 INFO: Epoch 1700: head: Default, loss=0.4217, RMSE_MU_per_atom=0.00 mDebye, RMSE_MU_DERIV=0.00 mDebye / A, RMSE_ALPHA_per_atom=    0.03, RMSE_ALPHA_DERIV=    1.83
2025-07-12 11:20:30.003 INFO: Epoch 1701: head: Default, loss=0.4218, RMSE_MU_per_atom=0.00 mDebye, RMSE_MU_DERIV=0.00 mDebye / A, RMSE_ALPHA_per_atom=    0.03, RMSE_ALPHA_DERIV=    1.83
2025-07-12 11:20:59.638 INFO: Epoch 1702: head: Default, loss=0.4217, RMSE_MU_per_atom=0.00 mDebye, RMSE_MU_DERIV=0.00 mDebye / A, RMSE_ALPHA_per_atom=    0.03, RMSE_ALPHA_DERIV=    1.83
2025-07-12 11:21:29.283 INFO: Epoch 1703: head: Default, loss=0.4218, RMSE_MU_per_atom=0.00 mDebye, RMSE_MU_DERIV=0.00 mDebye / A, RMSE_ALPHA_per_atom=    0.03, RMSE_ALPHA_DERIV=    1.83
2025-07-12 11:21:58.913 INFO: Epoch 1704: head: Default, loss=0.4218, RMSE_MU_per_atom=0.00 mDebye, RMSE_MU_DERIV=0.00 mDebye / A, RMSE_ALPHA_per_atom=    0.03, RMSE_ALPHA_DERIV=    1.83
2025-07-12 11:22:28.554 INFO: Epoch 1705: head: Default, loss=0.4218, RMSE_MU_per_atom=0.00 mDebye, RMSE_MU_DERIV=0.00 mDebye / A, RMSE_ALPHA_per_atom=    0.03, RMSE_ALPHA_DERIV=    1.83
2025-07-12 11:22:58.195 INFO: Epoch 1706: head: Default, loss=0.4218, RMSE_MU_per_atom=0.00 mDebye, RMSE_MU_DERIV=0.00 mDebye / A, RMSE_ALPHA_per_atom=    0.03, RMSE_ALPHA_DERIV=    1.83
2025-07-12 11:23:27.831 INFO: Epoch 1707: head: Default, loss=0.4216, RMSE_MU_per_atom=0.00 mDebye, RMSE_MU_DERIV=0.00 mDebye / A, RMSE_ALPHA_per_atom=    0.03, RMSE_ALPHA_DERIV=    1.83
2025-07-12 11:23:57.455 INFO: Epoch 1708: head: Default, loss=0.4218, RMSE_MU_per_atom=0.00 mDebye, RMSE_MU_DERIV=0.00 mDebye / A, RMSE_ALPHA_per_atom=    0.03, RMSE_ALPHA_DERIV=    1.83
2025-07-12 11:24:27.096 INFO: Epoch 1709: head: Default, loss=0.4218, RMSE_MU_per_atom=0.00 mDebye, RMSE_MU_DERIV=0.00 mDebye / A, RMSE_ALPHA_per_atom=    0.03, RMSE_ALPHA_DERIV=    1.83
2025-07-12 11:24:56.750 INFO: Epoch 1710: head: Default, loss=0.4218, RMSE_MU_per_atom=0.00 mDebye, RMSE_MU_DERIV=0.00 mDebye / A, RMSE_ALPHA_per_atom=    0.03, RMSE_ALPHA_DERIV=    1.83
2025-07-12 11:25:26.391 INFO: Epoch 1711: head: Default, loss=0.4217, RMSE_MU_per_atom=0.00 mDebye, RMSE_MU_DERIV=0.00 mDebye / A, RMSE_ALPHA_per_atom=    0.03, RMSE_ALPHA_DERIV=    1.83
2025-07-12 11:25:56.034 INFO: Epoch 1712: head: Default, loss=0.4218, RMSE_MU_per_atom=0.00 mDebye, RMSE_MU_DERIV=0.00 mDebye / A, RMSE_ALPHA_per_atom=    0.03, RMSE_ALPHA_DERIV=    1.83
2025-07-12 11:26:25.674 INFO: Epoch 1713: head: Default, loss=0.4217, RMSE_MU_per_atom=0.00 mDebye, RMSE_MU_DERIV=0.00 mDebye / A, RMSE_ALPHA_per_atom=    0.03, RMSE_ALPHA_DERIV=    1.83
2025-07-12 11:26:55.317 INFO: Epoch 1714: head: Default, loss=0.4219, RMSE_MU_per_atom=0.00 mDebye, RMSE_MU_DERIV=0.00 mDebye / A, RMSE_ALPHA_per_atom=    0.03, RMSE_ALPHA_DERIV=    1.84
2025-07-12 11:27:24.965 INFO: Epoch 1715: head: Default, loss=0.4219, RMSE_MU_per_atom=0.00 mDebye, RMSE_MU_DERIV=0.00 mDebye / A, RMSE_ALPHA_per_atom=    0.03, RMSE_ALPHA_DERIV=    1.84
2025-07-12 11:27:54.611 INFO: Epoch 1716: head: Default, loss=0.4220, RMSE_MU_per_atom=0.00 mDebye, RMSE_MU_DERIV=0.00 mDebye / A, RMSE_ALPHA_per_atom=    0.03, RMSE_ALPHA_DERIV=    1.84
2025-07-12 11:28:24.255 INFO: Epoch 1717: head: Default, loss=0.4219, RMSE_MU_per_atom=0.00 mDebye, RMSE_MU_DERIV=0.00 mDebye / A, RMSE_ALPHA_per_atom=    0.03, RMSE_ALPHA_DERIV=    1.84
2025-07-12 11:28:53.899 INFO: Epoch 1718: head: Default, loss=0.4218, RMSE_MU_per_atom=0.00 mDebye, RMSE_MU_DERIV=0.00 mDebye / A, RMSE_ALPHA_per_atom=    0.03, RMSE_ALPHA_DERIV=    1.83
2025-07-12 11:29:23.530 INFO: Epoch 1719: head: Default, loss=0.4217, RMSE_MU_per_atom=0.00 mDebye, RMSE_MU_DERIV=0.00 mDebye / A, RMSE_ALPHA_per_atom=    0.03, RMSE_ALPHA_DERIV=    1.83
2025-07-12 11:29:53.182 INFO: Epoch 1720: head: Default, loss=0.4219, RMSE_MU_per_atom=0.00 mDebye, RMSE_MU_DERIV=0.00 mDebye / A, RMSE_ALPHA_per_atom=    0.03, RMSE_ALPHA_DERIV=    1.84
2025-07-12 11:30:22.814 INFO: Epoch 1721: head: Default, loss=0.4218, RMSE_MU_per_atom=0.00 mDebye, RMSE_MU_DERIV=0.00 mDebye / A, RMSE_ALPHA_per_atom=    0.03, RMSE_ALPHA_DERIV=    1.83
2025-07-12 11:30:52.449 INFO: Epoch 1722: head: Default, loss=0.4217, RMSE_MU_per_atom=0.00 mDebye, RMSE_MU_DERIV=0.00 mDebye / A, RMSE_ALPHA_per_atom=    0.03, RMSE_ALPHA_DERIV=    1.83
2025-07-12 11:31:22.093 INFO: Epoch 1723: head: Default, loss=0.4218, RMSE_MU_per_atom=0.00 mDebye, RMSE_MU_DERIV=0.00 mDebye / A, RMSE_ALPHA_per_atom=    0.03, RMSE_ALPHA_DERIV=    1.83
2025-07-12 11:31:51.738 INFO: Epoch 1724: head: Default, loss=0.4219, RMSE_MU_per_atom=0.00 mDebye, RMSE_MU_DERIV=0.00 mDebye / A, RMSE_ALPHA_per_atom=    0.03, RMSE_ALPHA_DERIV=    1.84
2025-07-12 11:32:21.388 INFO: Epoch 1725: head: Default, loss=0.4219, RMSE_MU_per_atom=0.00 mDebye, RMSE_MU_DERIV=0.00 mDebye / A, RMSE_ALPHA_per_atom=    0.03, RMSE_ALPHA_DERIV=    1.84
2025-07-12 11:32:51.033 INFO: Epoch 1726: head: Default, loss=0.4219, RMSE_MU_per_atom=0.00 mDebye, RMSE_MU_DERIV=0.00 mDebye / A, RMSE_ALPHA_per_atom=    0.03, RMSE_ALPHA_DERIV=    1.84
2025-07-12 11:33:20.672 INFO: Epoch 1727: head: Default, loss=0.4219, RMSE_MU_per_atom=0.00 mDebye, RMSE_MU_DERIV=0.00 mDebye / A, RMSE_ALPHA_per_atom=    0.03, RMSE_ALPHA_DERIV=    1.84
2025-07-12 11:33:50.325 INFO: Epoch 1728: head: Default, loss=0.4219, RMSE_MU_per_atom=0.00 mDebye, RMSE_MU_DERIV=0.00 mDebye / A, RMSE_ALPHA_per_atom=    0.03, RMSE_ALPHA_DERIV=    1.84
2025-07-12 11:34:19.986 INFO: Epoch 1729: head: Default, loss=0.4219, RMSE_MU_per_atom=0.00 mDebye, RMSE_MU_DERIV=0.00 mDebye / A, RMSE_ALPHA_per_atom=    0.03, RMSE_ALPHA_DERIV=    1.83
2025-07-12 11:34:49.641 INFO: Epoch 1730: head: Default, loss=0.4219, RMSE_MU_per_atom=0.00 mDebye, RMSE_MU_DERIV=0.00 mDebye / A, RMSE_ALPHA_per_atom=    0.03, RMSE_ALPHA_DERIV=    1.83
2025-07-12 11:35:19.288 INFO: Epoch 1731: head: Default, loss=0.4217, RMSE_MU_per_atom=0.00 mDebye, RMSE_MU_DERIV=0.00 mDebye / A, RMSE_ALPHA_per_atom=    0.03, RMSE_ALPHA_DERIV=    1.83
2025-07-12 11:35:48.927 INFO: Epoch 1732: head: Default, loss=0.4219, RMSE_MU_per_atom=0.00 mDebye, RMSE_MU_DERIV=0.00 mDebye / A, RMSE_ALPHA_per_atom=    0.03, RMSE_ALPHA_DERIV=    1.84
2025-07-12 11:36:18.560 INFO: Epoch 1733: head: Default, loss=0.4218, RMSE_MU_per_atom=0.00 mDebye, RMSE_MU_DERIV=0.00 mDebye / A, RMSE_ALPHA_per_atom=    0.03, RMSE_ALPHA_DERIV=    1.83
2025-07-12 11:36:48.207 INFO: Epoch 1734: head: Default, loss=0.4218, RMSE_MU_per_atom=0.00 mDebye, RMSE_MU_DERIV=0.00 mDebye / A, RMSE_ALPHA_per_atom=    0.03, RMSE_ALPHA_DERIV=    1.83
2025-07-12 11:37:17.857 INFO: Epoch 1735: head: Default, loss=0.4218, RMSE_MU_per_atom=0.00 mDebye, RMSE_MU_DERIV=0.00 mDebye / A, RMSE_ALPHA_per_atom=    0.03, RMSE_ALPHA_DERIV=    1.83
2025-07-12 11:37:47.509 INFO: Epoch 1736: head: Default, loss=0.4218, RMSE_MU_per_atom=0.00 mDebye, RMSE_MU_DERIV=0.00 mDebye / A, RMSE_ALPHA_per_atom=    0.03, RMSE_ALPHA_DERIV=    1.83
2025-07-12 11:38:17.152 INFO: Epoch 1737: head: Default, loss=0.4219, RMSE_MU_per_atom=0.00 mDebye, RMSE_MU_DERIV=0.00 mDebye / A, RMSE_ALPHA_per_atom=    0.03, RMSE_ALPHA_DERIV=    1.84
2025-07-12 11:38:46.790 INFO: Epoch 1738: head: Default, loss=0.4219, RMSE_MU_per_atom=0.00 mDebye, RMSE_MU_DERIV=0.00 mDebye / A, RMSE_ALPHA_per_atom=    0.03, RMSE_ALPHA_DERIV=    1.83
2025-07-12 11:39:16.428 INFO: Epoch 1739: head: Default, loss=0.4218, RMSE_MU_per_atom=0.00 mDebye, RMSE_MU_DERIV=0.00 mDebye / A, RMSE_ALPHA_per_atom=    0.03, RMSE_ALPHA_DERIV=    1.83
2025-07-12 11:39:46.060 INFO: Epoch 1740: head: Default, loss=0.4217, RMSE_MU_per_atom=0.00 mDebye, RMSE_MU_DERIV=0.00 mDebye / A, RMSE_ALPHA_per_atom=    0.03, RMSE_ALPHA_DERIV=    1.83
2025-07-12 11:40:15.690 INFO: Epoch 1741: head: Default, loss=0.4218, RMSE_MU_per_atom=0.00 mDebye, RMSE_MU_DERIV=0.00 mDebye / A, RMSE_ALPHA_per_atom=    0.03, RMSE_ALPHA_DERIV=    1.83
2025-07-12 11:40:45.324 INFO: Epoch 1742: head: Default, loss=0.4218, RMSE_MU_per_atom=0.00 mDebye, RMSE_MU_DERIV=0.00 mDebye / A, RMSE_ALPHA_per_atom=    0.03, RMSE_ALPHA_DERIV=    1.83
2025-07-12 11:41:14.955 INFO: Epoch 1743: head: Default, loss=0.4218, RMSE_MU_per_atom=0.00 mDebye, RMSE_MU_DERIV=0.00 mDebye / A, RMSE_ALPHA_per_atom=    0.03, RMSE_ALPHA_DERIV=    1.83
2025-07-12 11:41:44.591 INFO: Epoch 1744: head: Default, loss=0.4219, RMSE_MU_per_atom=0.00 mDebye, RMSE_MU_DERIV=0.00 mDebye / A, RMSE_ALPHA_per_atom=    0.03, RMSE_ALPHA_DERIV=    1.84
2025-07-12 11:42:14.221 INFO: Epoch 1745: head: Default, loss=0.4219, RMSE_MU_per_atom=0.00 mDebye, RMSE_MU_DERIV=0.00 mDebye / A, RMSE_ALPHA_per_atom=    0.03, RMSE_ALPHA_DERIV=    1.84
2025-07-12 11:42:43.845 INFO: Epoch 1746: head: Default, loss=0.4219, RMSE_MU_per_atom=0.00 mDebye, RMSE_MU_DERIV=0.00 mDebye / A, RMSE_ALPHA_per_atom=    0.03, RMSE_ALPHA_DERIV=    1.84
2025-07-12 11:43:13.479 INFO: Epoch 1747: head: Default, loss=0.4218, RMSE_MU_per_atom=0.00 mDebye, RMSE_MU_DERIV=0.00 mDebye / A, RMSE_ALPHA_per_atom=    0.03, RMSE_ALPHA_DERIV=    1.83
2025-07-12 11:43:43.100 INFO: Epoch 1748: head: Default, loss=0.4217, RMSE_MU_per_atom=0.00 mDebye, RMSE_MU_DERIV=0.00 mDebye / A, RMSE_ALPHA_per_atom=    0.03, RMSE_ALPHA_DERIV=    1.83
2025-07-12 11:44:12.745 INFO: Epoch 1749: head: Default, loss=0.4219, RMSE_MU_per_atom=0.00 mDebye, RMSE_MU_DERIV=0.00 mDebye / A, RMSE_ALPHA_per_atom=    0.03, RMSE_ALPHA_DERIV=    1.84
2025-07-12 11:44:42.385 INFO: Epoch 1750: head: Default, loss=0.4220, RMSE_MU_per_atom=0.00 mDebye, RMSE_MU_DERIV=0.00 mDebye / A, RMSE_ALPHA_per_atom=    0.03, RMSE_ALPHA_DERIV=    1.84
2025-07-12 11:45:12.028 INFO: Epoch 1751: head: Default, loss=0.4219, RMSE_MU_per_atom=0.00 mDebye, RMSE_MU_DERIV=0.00 mDebye / A, RMSE_ALPHA_per_atom=    0.03, RMSE_ALPHA_DERIV=    1.84
2025-07-12 11:45:41.671 INFO: Epoch 1752: head: Default, loss=0.4219, RMSE_MU_per_atom=0.00 mDebye, RMSE_MU_DERIV=0.00 mDebye / A, RMSE_ALPHA_per_atom=    0.03, RMSE_ALPHA_DERIV=    1.84
2025-07-12 11:46:11.304 INFO: Epoch 1753: head: Default, loss=0.4218, RMSE_MU_per_atom=0.00 mDebye, RMSE_MU_DERIV=0.00 mDebye / A, RMSE_ALPHA_per_atom=    0.03, RMSE_ALPHA_DERIV=    1.83
2025-07-12 11:46:40.939 INFO: Epoch 1754: head: Default, loss=0.4219, RMSE_MU_per_atom=0.00 mDebye, RMSE_MU_DERIV=0.00 mDebye / A, RMSE_ALPHA_per_atom=    0.03, RMSE_ALPHA_DERIV=    1.84
2025-07-12 11:47:10.581 INFO: Epoch 1755: head: Default, loss=0.4219, RMSE_MU_per_atom=0.00 mDebye, RMSE_MU_DERIV=0.00 mDebye / A, RMSE_ALPHA_per_atom=    0.03, RMSE_ALPHA_DERIV=    1.84
2025-07-12 11:47:40.228 INFO: Epoch 1756: head: Default, loss=0.4218, RMSE_MU_per_atom=0.00 mDebye, RMSE_MU_DERIV=0.00 mDebye / A, RMSE_ALPHA_per_atom=    0.03, RMSE_ALPHA_DERIV=    1.83
2025-07-12 11:48:09.871 INFO: Epoch 1757: head: Default, loss=0.4217, RMSE_MU_per_atom=0.00 mDebye, RMSE_MU_DERIV=0.00 mDebye / A, RMSE_ALPHA_per_atom=    0.03, RMSE_ALPHA_DERIV=    1.83
2025-07-12 11:48:39.510 INFO: Epoch 1758: head: Default, loss=0.4218, RMSE_MU_per_atom=0.00 mDebye, RMSE_MU_DERIV=0.00 mDebye / A, RMSE_ALPHA_per_atom=    0.03, RMSE_ALPHA_DERIV=    1.83
2025-07-12 11:49:09.156 INFO: Epoch 1759: head: Default, loss=0.4219, RMSE_MU_per_atom=0.00 mDebye, RMSE_MU_DERIV=0.00 mDebye / A, RMSE_ALPHA_per_atom=    0.03, RMSE_ALPHA_DERIV=    1.84
2025-07-12 11:49:38.799 INFO: Epoch 1760: head: Default, loss=0.4218, RMSE_MU_per_atom=0.00 mDebye, RMSE_MU_DERIV=0.00 mDebye / A, RMSE_ALPHA_per_atom=    0.03, RMSE_ALPHA_DERIV=    1.83
2025-07-12 11:50:08.433 INFO: Epoch 1761: head: Default, loss=0.4220, RMSE_MU_per_atom=0.00 mDebye, RMSE_MU_DERIV=0.00 mDebye / A, RMSE_ALPHA_per_atom=    0.03, RMSE_ALPHA_DERIV=    1.84
2025-07-12 11:50:38.070 INFO: Epoch 1762: head: Default, loss=0.4218, RMSE_MU_per_atom=0.00 mDebye, RMSE_MU_DERIV=0.00 mDebye / A, RMSE_ALPHA_per_atom=    0.03, RMSE_ALPHA_DERIV=    1.83
2025-07-12 11:51:07.703 INFO: Epoch 1763: head: Default, loss=0.4218, RMSE_MU_per_atom=0.00 mDebye, RMSE_MU_DERIV=0.00 mDebye / A, RMSE_ALPHA_per_atom=    0.03, RMSE_ALPHA_DERIV=    1.83
2025-07-12 11:51:37.354 INFO: Epoch 1764: head: Default, loss=0.4219, RMSE_MU_per_atom=0.00 mDebye, RMSE_MU_DERIV=0.00 mDebye / A, RMSE_ALPHA_per_atom=    0.03, RMSE_ALPHA_DERIV=    1.84
2025-07-12 11:52:07.010 INFO: Epoch 1765: head: Default, loss=0.4218, RMSE_MU_per_atom=0.00 mDebye, RMSE_MU_DERIV=0.00 mDebye / A, RMSE_ALPHA_per_atom=    0.03, RMSE_ALPHA_DERIV=    1.83
2025-07-12 11:52:36.648 INFO: Epoch 1766: head: Default, loss=0.4218, RMSE_MU_per_atom=0.00 mDebye, RMSE_MU_DERIV=0.00 mDebye / A, RMSE_ALPHA_per_atom=    0.03, RMSE_ALPHA_DERIV=    1.83
2025-07-12 11:53:06.287 INFO: Epoch 1767: head: Default, loss=0.4218, RMSE_MU_per_atom=0.00 mDebye, RMSE_MU_DERIV=0.00 mDebye / A, RMSE_ALPHA_per_atom=    0.03, RMSE_ALPHA_DERIV=    1.83
2025-07-12 11:53:35.923 INFO: Epoch 1768: head: Default, loss=0.4219, RMSE_MU_per_atom=0.00 mDebye, RMSE_MU_DERIV=0.00 mDebye / A, RMSE_ALPHA_per_atom=    0.03, RMSE_ALPHA_DERIV=    1.84
2025-07-12 11:54:05.549 INFO: Epoch 1769: head: Default, loss=0.4218, RMSE_MU_per_atom=0.00 mDebye, RMSE_MU_DERIV=0.00 mDebye / A, RMSE_ALPHA_per_atom=    0.03, RMSE_ALPHA_DERIV=    1.83
2025-07-12 11:54:35.179 INFO: Epoch 1770: head: Default, loss=0.4218, RMSE_MU_per_atom=0.00 mDebye, RMSE_MU_DERIV=0.00 mDebye / A, RMSE_ALPHA_per_atom=    0.03, RMSE_ALPHA_DERIV=    1.83
2025-07-12 11:55:04.818 INFO: Epoch 1771: head: Default, loss=0.4218, RMSE_MU_per_atom=0.00 mDebye, RMSE_MU_DERIV=0.00 mDebye / A, RMSE_ALPHA_per_atom=    0.03, RMSE_ALPHA_DERIV=    1.83
2025-07-12 11:55:34.456 INFO: Epoch 1772: head: Default, loss=0.4218, RMSE_MU_per_atom=0.00 mDebye, RMSE_MU_DERIV=0.00 mDebye / A, RMSE_ALPHA_per_atom=    0.03, RMSE_ALPHA_DERIV=    1.83
2025-07-12 11:56:04.084 INFO: Epoch 1773: head: Default, loss=0.4219, RMSE_MU_per_atom=0.00 mDebye, RMSE_MU_DERIV=0.00 mDebye / A, RMSE_ALPHA_per_atom=    0.03, RMSE_ALPHA_DERIV=    1.84
2025-07-12 11:56:33.722 INFO: Epoch 1774: head: Default, loss=0.4219, RMSE_MU_per_atom=0.00 mDebye, RMSE_MU_DERIV=0.00 mDebye / A, RMSE_ALPHA_per_atom=    0.03, RMSE_ALPHA_DERIV=    1.84
2025-07-12 11:57:03.372 INFO: Epoch 1775: head: Default, loss=0.4219, RMSE_MU_per_atom=0.00 mDebye, RMSE_MU_DERIV=0.00 mDebye / A, RMSE_ALPHA_per_atom=    0.03, RMSE_ALPHA_DERIV=    1.84
2025-07-12 11:57:33.018 INFO: Epoch 1776: head: Default, loss=0.4219, RMSE_MU_per_atom=0.00 mDebye, RMSE_MU_DERIV=0.00 mDebye / A, RMSE_ALPHA_per_atom=    0.03, RMSE_ALPHA_DERIV=    1.84
2025-07-12 11:58:02.649 INFO: Epoch 1777: head: Default, loss=0.4219, RMSE_MU_per_atom=0.00 mDebye, RMSE_MU_DERIV=0.00 mDebye / A, RMSE_ALPHA_per_atom=    0.03, RMSE_ALPHA_DERIV=    1.84
2025-07-12 11:58:32.298 INFO: Epoch 1778: head: Default, loss=0.4219, RMSE_MU_per_atom=0.00 mDebye, RMSE_MU_DERIV=0.00 mDebye / A, RMSE_ALPHA_per_atom=    0.03, RMSE_ALPHA_DERIV=    1.84
2025-07-12 11:59:01.936 INFO: Epoch 1779: head: Default, loss=0.4219, RMSE_MU_per_atom=0.00 mDebye, RMSE_MU_DERIV=0.00 mDebye / A, RMSE_ALPHA_per_atom=    0.03, RMSE_ALPHA_DERIV=    1.84
2025-07-12 11:59:31.579 INFO: Epoch 1780: head: Default, loss=0.4219, RMSE_MU_per_atom=0.00 mDebye, RMSE_MU_DERIV=0.00 mDebye / A, RMSE_ALPHA_per_atom=    0.03, RMSE_ALPHA_DERIV=    1.84
2025-07-12 12:00:01.227 INFO: Epoch 1781: head: Default, loss=0.4219, RMSE_MU_per_atom=0.00 mDebye, RMSE_MU_DERIV=0.00 mDebye / A, RMSE_ALPHA_per_atom=    0.03, RMSE_ALPHA_DERIV=    1.84
2025-07-12 12:00:30.868 INFO: Epoch 1782: head: Default, loss=0.4218, RMSE_MU_per_atom=0.00 mDebye, RMSE_MU_DERIV=0.00 mDebye / A, RMSE_ALPHA_per_atom=    0.03, RMSE_ALPHA_DERIV=    1.83
2025-07-12 12:01:00.515 INFO: Epoch 1783: head: Default, loss=0.4219, RMSE_MU_per_atom=0.00 mDebye, RMSE_MU_DERIV=0.00 mDebye / A, RMSE_ALPHA_per_atom=    0.03, RMSE_ALPHA_DERIV=    1.83
2025-07-12 12:01:30.154 INFO: Epoch 1784: head: Default, loss=0.4218, RMSE_MU_per_atom=0.00 mDebye, RMSE_MU_DERIV=0.00 mDebye / A, RMSE_ALPHA_per_atom=    0.03, RMSE_ALPHA_DERIV=    1.83
2025-07-12 12:01:59.806 INFO: Epoch 1785: head: Default, loss=0.4218, RMSE_MU_per_atom=0.00 mDebye, RMSE_MU_DERIV=0.00 mDebye / A, RMSE_ALPHA_per_atom=    0.03, RMSE_ALPHA_DERIV=    1.83
2025-07-12 12:02:29.437 INFO: Epoch 1786: head: Default, loss=0.4219, RMSE_MU_per_atom=0.00 mDebye, RMSE_MU_DERIV=0.00 mDebye / A, RMSE_ALPHA_per_atom=    0.03, RMSE_ALPHA_DERIV=    1.84
2025-07-12 12:02:59.076 INFO: Epoch 1787: head: Default, loss=0.4219, RMSE_MU_per_atom=0.00 mDebye, RMSE_MU_DERIV=0.00 mDebye / A, RMSE_ALPHA_per_atom=    0.03, RMSE_ALPHA_DERIV=    1.84
2025-07-12 12:03:28.708 INFO: Epoch 1788: head: Default, loss=0.4218, RMSE_MU_per_atom=0.00 mDebye, RMSE_MU_DERIV=0.00 mDebye / A, RMSE_ALPHA_per_atom=    0.03, RMSE_ALPHA_DERIV=    1.83
2025-07-12 12:03:58.341 INFO: Epoch 1789: head: Default, loss=0.4217, RMSE_MU_per_atom=0.00 mDebye, RMSE_MU_DERIV=0.00 mDebye / A, RMSE_ALPHA_per_atom=    0.03, RMSE_ALPHA_DERIV=    1.83
2025-07-12 12:04:27.967 INFO: Epoch 1790: head: Default, loss=0.4219, RMSE_MU_per_atom=0.00 mDebye, RMSE_MU_DERIV=0.00 mDebye / A, RMSE_ALPHA_per_atom=    0.03, RMSE_ALPHA_DERIV=    1.84
2025-07-12 12:04:57.598 INFO: Epoch 1791: head: Default, loss=0.4219, RMSE_MU_per_atom=0.00 mDebye, RMSE_MU_DERIV=0.00 mDebye / A, RMSE_ALPHA_per_atom=    0.03, RMSE_ALPHA_DERIV=    1.84
2025-07-12 12:05:27.228 INFO: Epoch 1792: head: Default, loss=0.4219, RMSE_MU_per_atom=0.00 mDebye, RMSE_MU_DERIV=0.00 mDebye / A, RMSE_ALPHA_per_atom=    0.03, RMSE_ALPHA_DERIV=    1.84
2025-07-12 12:05:56.865 INFO: Epoch 1793: head: Default, loss=0.4219, RMSE_MU_per_atom=0.00 mDebye, RMSE_MU_DERIV=0.00 mDebye / A, RMSE_ALPHA_per_atom=    0.03, RMSE_ALPHA_DERIV=    1.84
2025-07-12 12:06:26.499 INFO: Epoch 1794: head: Default, loss=0.4220, RMSE_MU_per_atom=0.00 mDebye, RMSE_MU_DERIV=0.00 mDebye / A, RMSE_ALPHA_per_atom=    0.03, RMSE_ALPHA_DERIV=    1.84
2025-07-12 12:06:56.125 INFO: Epoch 1795: head: Default, loss=0.4219, RMSE_MU_per_atom=0.00 mDebye, RMSE_MU_DERIV=0.00 mDebye / A, RMSE_ALPHA_per_atom=    0.03, RMSE_ALPHA_DERIV=    1.84
2025-07-12 12:07:25.761 INFO: Epoch 1796: head: Default, loss=0.4218, RMSE_MU_per_atom=0.00 mDebye, RMSE_MU_DERIV=0.00 mDebye / A, RMSE_ALPHA_per_atom=    0.03, RMSE_ALPHA_DERIV=    1.83
2025-07-12 12:07:55.413 INFO: Epoch 1797: head: Default, loss=0.4218, RMSE_MU_per_atom=0.00 mDebye, RMSE_MU_DERIV=0.00 mDebye / A, RMSE_ALPHA_per_atom=    0.03, RMSE_ALPHA_DERIV=    1.83
2025-07-12 12:08:25.049 INFO: Epoch 1798: head: Default, loss=0.4218, RMSE_MU_per_atom=0.00 mDebye, RMSE_MU_DERIV=0.00 mDebye / A, RMSE_ALPHA_per_atom=    0.03, RMSE_ALPHA_DERIV=    1.83
2025-07-12 12:08:54.685 INFO: Epoch 1799: head: Default, loss=0.4218, RMSE_MU_per_atom=0.00 mDebye, RMSE_MU_DERIV=0.00 mDebye / A, RMSE_ALPHA_per_atom=    0.03, RMSE_ALPHA_DERIV=    1.83
2025-07-12 12:09:24.330 INFO: Epoch 1800: head: Default, loss=0.4218, RMSE_MU_per_atom=0.00 mDebye, RMSE_MU_DERIV=0.00 mDebye / A, RMSE_ALPHA_per_atom=    0.03, RMSE_ALPHA_DERIV=    1.83
2025-07-12 12:09:53.978 INFO: Epoch 1801: head: Default, loss=0.4218, RMSE_MU_per_atom=0.00 mDebye, RMSE_MU_DERIV=0.00 mDebye / A, RMSE_ALPHA_per_atom=    0.03, RMSE_ALPHA_DERIV=    1.83
2025-07-12 12:10:23.611 INFO: Epoch 1802: head: Default, loss=0.4219, RMSE_MU_per_atom=0.00 mDebye, RMSE_MU_DERIV=0.00 mDebye / A, RMSE_ALPHA_per_atom=    0.03, RMSE_ALPHA_DERIV=    1.84
2025-07-12 12:10:53.244 INFO: Epoch 1803: head: Default, loss=0.4218, RMSE_MU_per_atom=0.00 mDebye, RMSE_MU_DERIV=0.00 mDebye / A, RMSE_ALPHA_per_atom=    0.03, RMSE_ALPHA_DERIV=    1.83
2025-07-12 12:11:22.874 INFO: Epoch 1804: head: Default, loss=0.4219, RMSE_MU_per_atom=0.00 mDebye, RMSE_MU_DERIV=0.00 mDebye / A, RMSE_ALPHA_per_atom=    0.03, RMSE_ALPHA_DERIV=    1.84
2025-07-12 12:11:52.514 INFO: Epoch 1805: head: Default, loss=0.4219, RMSE_MU_per_atom=0.00 mDebye, RMSE_MU_DERIV=0.00 mDebye / A, RMSE_ALPHA_per_atom=    0.03, RMSE_ALPHA_DERIV=    1.84
2025-07-12 12:12:22.157 INFO: Epoch 1806: head: Default, loss=0.4218, RMSE_MU_per_atom=0.00 mDebye, RMSE_MU_DERIV=0.00 mDebye / A, RMSE_ALPHA_per_atom=    0.03, RMSE_ALPHA_DERIV=    1.83
2025-07-12 12:12:51.792 INFO: Epoch 1807: head: Default, loss=0.4218, RMSE_MU_per_atom=0.00 mDebye, RMSE_MU_DERIV=0.00 mDebye / A, RMSE_ALPHA_per_atom=    0.03, RMSE_ALPHA_DERIV=    1.83
2025-07-12 12:13:21.430 INFO: Epoch 1808: head: Default, loss=0.4218, RMSE_MU_per_atom=0.00 mDebye, RMSE_MU_DERIV=0.00 mDebye / A, RMSE_ALPHA_per_atom=    0.03, RMSE_ALPHA_DERIV=    1.83
2025-07-12 12:13:51.071 INFO: Epoch 1809: head: Default, loss=0.4219, RMSE_MU_per_atom=0.00 mDebye, RMSE_MU_DERIV=0.00 mDebye / A, RMSE_ALPHA_per_atom=    0.03, RMSE_ALPHA_DERIV=    1.84
2025-07-12 12:14:20.720 INFO: Epoch 1810: head: Default, loss=0.4218, RMSE_MU_per_atom=0.00 mDebye, RMSE_MU_DERIV=0.00 mDebye / A, RMSE_ALPHA_per_atom=    0.03, RMSE_ALPHA_DERIV=    1.83
2025-07-12 12:14:50.371 INFO: Epoch 1811: head: Default, loss=0.4219, RMSE_MU_per_atom=0.00 mDebye, RMSE_MU_DERIV=0.00 mDebye / A, RMSE_ALPHA_per_atom=    0.03, RMSE_ALPHA_DERIV=    1.84
2025-07-12 12:15:20.028 INFO: Epoch 1812: head: Default, loss=0.4218, RMSE_MU_per_atom=0.00 mDebye, RMSE_MU_DERIV=0.00 mDebye / A, RMSE_ALPHA_per_atom=    0.03, RMSE_ALPHA_DERIV=    1.83
2025-07-12 12:15:49.693 INFO: Epoch 1813: head: Default, loss=0.4219, RMSE_MU_per_atom=0.00 mDebye, RMSE_MU_DERIV=0.00 mDebye / A, RMSE_ALPHA_per_atom=    0.03, RMSE_ALPHA_DERIV=    1.83
2025-07-12 12:16:19.341 INFO: Epoch 1814: head: Default, loss=0.4218, RMSE_MU_per_atom=0.00 mDebye, RMSE_MU_DERIV=0.00 mDebye / A, RMSE_ALPHA_per_atom=    0.03, RMSE_ALPHA_DERIV=    1.83
2025-07-12 12:16:48.991 INFO: Epoch 1815: head: Default, loss=0.4218, RMSE_MU_per_atom=0.00 mDebye, RMSE_MU_DERIV=0.00 mDebye / A, RMSE_ALPHA_per_atom=    0.03, RMSE_ALPHA_DERIV=    1.83
2025-07-12 12:17:18.642 INFO: Epoch 1816: head: Default, loss=0.4219, RMSE_MU_per_atom=0.00 mDebye, RMSE_MU_DERIV=0.00 mDebye / A, RMSE_ALPHA_per_atom=    0.03, RMSE_ALPHA_DERIV=    1.84
2025-07-12 12:17:48.288 INFO: Epoch 1817: head: Default, loss=0.4219, RMSE_MU_per_atom=0.00 mDebye, RMSE_MU_DERIV=0.00 mDebye / A, RMSE_ALPHA_per_atom=    0.03, RMSE_ALPHA_DERIV=    1.84
2025-07-12 12:18:17.936 INFO: Epoch 1818: head: Default, loss=0.4218, RMSE_MU_per_atom=0.00 mDebye, RMSE_MU_DERIV=0.00 mDebye / A, RMSE_ALPHA_per_atom=    0.03, RMSE_ALPHA_DERIV=    1.83
2025-07-12 12:18:47.586 INFO: Epoch 1819: head: Default, loss=0.4218, RMSE_MU_per_atom=0.00 mDebye, RMSE_MU_DERIV=0.00 mDebye / A, RMSE_ALPHA_per_atom=    0.03, RMSE_ALPHA_DERIV=    1.83
2025-07-12 12:19:17.241 INFO: Epoch 1820: head: Default, loss=0.4218, RMSE_MU_per_atom=0.00 mDebye, RMSE_MU_DERIV=0.00 mDebye / A, RMSE_ALPHA_per_atom=    0.03, RMSE_ALPHA_DERIV=    1.83
2025-07-12 12:19:46.893 INFO: Epoch 1821: head: Default, loss=0.4218, RMSE_MU_per_atom=0.00 mDebye, RMSE_MU_DERIV=0.00 mDebye / A, RMSE_ALPHA_per_atom=    0.03, RMSE_ALPHA_DERIV=    1.83
2025-07-12 12:20:16.537 INFO: Epoch 1822: head: Default, loss=0.4219, RMSE_MU_per_atom=0.00 mDebye, RMSE_MU_DERIV=0.00 mDebye / A, RMSE_ALPHA_per_atom=    0.03, RMSE_ALPHA_DERIV=    1.84
2025-07-12 12:20:46.187 INFO: Epoch 1823: head: Default, loss=0.4218, RMSE_MU_per_atom=0.00 mDebye, RMSE_MU_DERIV=0.00 mDebye / A, RMSE_ALPHA_per_atom=    0.03, RMSE_ALPHA_DERIV=    1.83
2025-07-12 12:21:15.840 INFO: Epoch 1824: head: Default, loss=0.4219, RMSE_MU_per_atom=0.00 mDebye, RMSE_MU_DERIV=0.00 mDebye / A, RMSE_ALPHA_per_atom=    0.03, RMSE_ALPHA_DERIV=    1.83
2025-07-12 12:21:45.491 INFO: Epoch 1825: head: Default, loss=0.4219, RMSE_MU_per_atom=0.00 mDebye, RMSE_MU_DERIV=0.00 mDebye / A, RMSE_ALPHA_per_atom=    0.03, RMSE_ALPHA_DERIV=    1.84
2025-07-12 12:22:15.145 INFO: Epoch 1826: head: Default, loss=0.4219, RMSE_MU_per_atom=0.00 mDebye, RMSE_MU_DERIV=0.00 mDebye / A, RMSE_ALPHA_per_atom=    0.03, RMSE_ALPHA_DERIV=    1.83
2025-07-12 12:22:44.793 INFO: Epoch 1827: head: Default, loss=0.4218, RMSE_MU_per_atom=0.00 mDebye, RMSE_MU_DERIV=0.00 mDebye / A, RMSE_ALPHA_per_atom=    0.03, RMSE_ALPHA_DERIV=    1.83
2025-07-12 12:23:14.452 INFO: Epoch 1828: head: Default, loss=0.4219, RMSE_MU_per_atom=0.00 mDebye, RMSE_MU_DERIV=0.00 mDebye / A, RMSE_ALPHA_per_atom=    0.03, RMSE_ALPHA_DERIV=    1.84
2025-07-12 12:23:44.104 INFO: Epoch 1829: head: Default, loss=0.4219, RMSE_MU_per_atom=0.00 mDebye, RMSE_MU_DERIV=0.00 mDebye / A, RMSE_ALPHA_per_atom=    0.03, RMSE_ALPHA_DERIV=    1.84
2025-07-12 12:24:13.753 INFO: Epoch 1830: head: Default, loss=0.4220, RMSE_MU_per_atom=0.00 mDebye, RMSE_MU_DERIV=0.00 mDebye / A, RMSE_ALPHA_per_atom=    0.03, RMSE_ALPHA_DERIV=    1.84
2025-07-12 12:24:43.393 INFO: Epoch 1831: head: Default, loss=0.4219, RMSE_MU_per_atom=0.00 mDebye, RMSE_MU_DERIV=0.00 mDebye / A, RMSE_ALPHA_per_atom=    0.03, RMSE_ALPHA_DERIV=    1.84
2025-07-12 12:25:13.031 INFO: Epoch 1832: head: Default, loss=0.4219, RMSE_MU_per_atom=0.00 mDebye, RMSE_MU_DERIV=0.00 mDebye / A, RMSE_ALPHA_per_atom=    0.03, RMSE_ALPHA_DERIV=    1.84
2025-07-12 12:25:42.681 INFO: Epoch 1833: head: Default, loss=0.4219, RMSE_MU_per_atom=0.00 mDebye, RMSE_MU_DERIV=0.00 mDebye / A, RMSE_ALPHA_per_atom=    0.03, RMSE_ALPHA_DERIV=    1.83
2025-07-12 12:26:12.333 INFO: Epoch 1834: head: Default, loss=0.4218, RMSE_MU_per_atom=0.00 mDebye, RMSE_MU_DERIV=0.00 mDebye / A, RMSE_ALPHA_per_atom=    0.03, RMSE_ALPHA_DERIV=    1.83
2025-07-12 12:26:41.987 INFO: Epoch 1835: head: Default, loss=0.4218, RMSE_MU_per_atom=0.00 mDebye, RMSE_MU_DERIV=0.00 mDebye / A, RMSE_ALPHA_per_atom=    0.03, RMSE_ALPHA_DERIV=    1.83
2025-07-12 12:27:11.650 INFO: Epoch 1836: head: Default, loss=0.4219, RMSE_MU_per_atom=0.00 mDebye, RMSE_MU_DERIV=0.00 mDebye / A, RMSE_ALPHA_per_atom=    0.03, RMSE_ALPHA_DERIV=    1.84
2025-07-12 12:27:41.303 INFO: Epoch 1837: head: Default, loss=0.4219, RMSE_MU_per_atom=0.00 mDebye, RMSE_MU_DERIV=0.00 mDebye / A, RMSE_ALPHA_per_atom=    0.03, RMSE_ALPHA_DERIV=    1.83
2025-07-12 12:28:10.946 INFO: Epoch 1838: head: Default, loss=0.4219, RMSE_MU_per_atom=0.00 mDebye, RMSE_MU_DERIV=0.00 mDebye / A, RMSE_ALPHA_per_atom=    0.03, RMSE_ALPHA_DERIV=    1.84
2025-07-12 12:28:40.591 INFO: Epoch 1839: head: Default, loss=0.4219, RMSE_MU_per_atom=0.00 mDebye, RMSE_MU_DERIV=0.00 mDebye / A, RMSE_ALPHA_per_atom=    0.03, RMSE_ALPHA_DERIV=    1.84
2025-07-12 12:29:10.242 INFO: Epoch 1840: head: Default, loss=0.4219, RMSE_MU_per_atom=0.00 mDebye, RMSE_MU_DERIV=0.00 mDebye / A, RMSE_ALPHA_per_atom=    0.03, RMSE_ALPHA_DERIV=    1.84
2025-07-12 12:29:39.906 INFO: Epoch 1841: head: Default, loss=0.4219, RMSE_MU_per_atom=0.00 mDebye, RMSE_MU_DERIV=0.00 mDebye / A, RMSE_ALPHA_per_atom=    0.03, RMSE_ALPHA_DERIV=    1.84
2025-07-12 12:30:09.567 INFO: Epoch 1842: head: Default, loss=0.4219, RMSE_MU_per_atom=0.00 mDebye, RMSE_MU_DERIV=0.00 mDebye / A, RMSE_ALPHA_per_atom=    0.03, RMSE_ALPHA_DERIV=    1.84
2025-07-12 12:30:39.225 INFO: Epoch 1843: head: Default, loss=0.4218, RMSE_MU_per_atom=0.00 mDebye, RMSE_MU_DERIV=0.00 mDebye / A, RMSE_ALPHA_per_atom=    0.03, RMSE_ALPHA_DERIV=    1.83
2025-07-12 12:31:08.878 INFO: Epoch 1844: head: Default, loss=0.4218, RMSE_MU_per_atom=0.00 mDebye, RMSE_MU_DERIV=0.00 mDebye / A, RMSE_ALPHA_per_atom=    0.03, RMSE_ALPHA_DERIV=    1.83
2025-07-12 12:31:38.530 INFO: Epoch 1845: head: Default, loss=0.4218, RMSE_MU_per_atom=0.00 mDebye, RMSE_MU_DERIV=0.00 mDebye / A, RMSE_ALPHA_per_atom=    0.03, RMSE_ALPHA_DERIV=    1.83
2025-07-12 12:32:08.186 INFO: Epoch 1846: head: Default, loss=0.4219, RMSE_MU_per_atom=0.00 mDebye, RMSE_MU_DERIV=0.00 mDebye / A, RMSE_ALPHA_per_atom=    0.03, RMSE_ALPHA_DERIV=    1.83
2025-07-12 12:32:37.835 INFO: Epoch 1847: head: Default, loss=0.4218, RMSE_MU_per_atom=0.00 mDebye, RMSE_MU_DERIV=0.00 mDebye / A, RMSE_ALPHA_per_atom=    0.03, RMSE_ALPHA_DERIV=    1.83
2025-07-12 12:33:07.483 INFO: Epoch 1848: head: Default, loss=0.4219, RMSE_MU_per_atom=0.00 mDebye, RMSE_MU_DERIV=0.00 mDebye / A, RMSE_ALPHA_per_atom=    0.03, RMSE_ALPHA_DERIV=    1.84
2025-07-12 12:33:37.136 INFO: Epoch 1849: head: Default, loss=0.4219, RMSE_MU_per_atom=0.00 mDebye, RMSE_MU_DERIV=0.00 mDebye / A, RMSE_ALPHA_per_atom=    0.03, RMSE_ALPHA_DERIV=    1.84
2025-07-12 12:34:06.786 INFO: Epoch 1850: head: Default, loss=0.4218, RMSE_MU_per_atom=0.00 mDebye, RMSE_MU_DERIV=0.00 mDebye / A, RMSE_ALPHA_per_atom=    0.03, RMSE_ALPHA_DERIV=    1.83
2025-07-12 12:34:36.448 INFO: Epoch 1851: head: Default, loss=0.4218, RMSE_MU_per_atom=0.00 mDebye, RMSE_MU_DERIV=0.00 mDebye / A, RMSE_ALPHA_per_atom=    0.03, RMSE_ALPHA_DERIV=    1.83
2025-07-12 12:35:06.099 INFO: Epoch 1852: head: Default, loss=0.4218, RMSE_MU_per_atom=0.00 mDebye, RMSE_MU_DERIV=0.00 mDebye / A, RMSE_ALPHA_per_atom=    0.03, RMSE_ALPHA_DERIV=    1.83
2025-07-12 12:35:35.755 INFO: Epoch 1853: head: Default, loss=0.4218, RMSE_MU_per_atom=0.00 mDebye, RMSE_MU_DERIV=0.00 mDebye / A, RMSE_ALPHA_per_atom=    0.03, RMSE_ALPHA_DERIV=    1.83
2025-07-12 12:36:05.445 INFO: Epoch 1854: head: Default, loss=0.4219, RMSE_MU_per_atom=0.00 mDebye, RMSE_MU_DERIV=0.00 mDebye / A, RMSE_ALPHA_per_atom=    0.03, RMSE_ALPHA_DERIV=    1.84
2025-07-12 12:36:35.099 INFO: Epoch 1855: head: Default, loss=0.4219, RMSE_MU_per_atom=0.00 mDebye, RMSE_MU_DERIV=0.00 mDebye / A, RMSE_ALPHA_per_atom=    0.03, RMSE_ALPHA_DERIV=    1.84
2025-07-12 12:37:04.768 INFO: Epoch 1856: head: Default, loss=0.4219, RMSE_MU_per_atom=0.00 mDebye, RMSE_MU_DERIV=0.00 mDebye / A, RMSE_ALPHA_per_atom=    0.03, RMSE_ALPHA_DERIV=    1.84
2025-07-12 12:37:34.418 INFO: Epoch 1857: head: Default, loss=0.4219, RMSE_MU_per_atom=0.00 mDebye, RMSE_MU_DERIV=0.00 mDebye / A, RMSE_ALPHA_per_atom=    0.03, RMSE_ALPHA_DERIV=    1.84
2025-07-12 12:38:04.068 INFO: Epoch 1858: head: Default, loss=0.4218, RMSE_MU_per_atom=0.00 mDebye, RMSE_MU_DERIV=0.00 mDebye / A, RMSE_ALPHA_per_atom=    0.03, RMSE_ALPHA_DERIV=    1.83
2025-07-12 12:38:33.709 INFO: Epoch 1859: head: Default, loss=0.4217, RMSE_MU_per_atom=0.00 mDebye, RMSE_MU_DERIV=0.00 mDebye / A, RMSE_ALPHA_per_atom=    0.03, RMSE_ALPHA_DERIV=    1.83
2025-07-12 12:39:03.368 INFO: Epoch 1860: head: Default, loss=0.4218, RMSE_MU_per_atom=0.00 mDebye, RMSE_MU_DERIV=0.00 mDebye / A, RMSE_ALPHA_per_atom=    0.03, RMSE_ALPHA_DERIV=    1.83
2025-07-12 12:39:33.020 INFO: Epoch 1861: head: Default, loss=0.4218, RMSE_MU_per_atom=0.00 mDebye, RMSE_MU_DERIV=0.00 mDebye / A, RMSE_ALPHA_per_atom=    0.03, RMSE_ALPHA_DERIV=    1.83
2025-07-12 12:40:02.667 INFO: Epoch 1862: head: Default, loss=0.4219, RMSE_MU_per_atom=0.00 mDebye, RMSE_MU_DERIV=0.00 mDebye / A, RMSE_ALPHA_per_atom=    0.03, RMSE_ALPHA_DERIV=    1.84
2025-07-12 12:40:32.308 INFO: Epoch 1863: head: Default, loss=0.4219, RMSE_MU_per_atom=0.00 mDebye, RMSE_MU_DERIV=0.00 mDebye / A, RMSE_ALPHA_per_atom=    0.03, RMSE_ALPHA_DERIV=    1.84
2025-07-12 12:41:01.971 INFO: Epoch 1864: head: Default, loss=0.4218, RMSE_MU_per_atom=0.00 mDebye, RMSE_MU_DERIV=0.00 mDebye / A, RMSE_ALPHA_per_atom=    0.03, RMSE_ALPHA_DERIV=    1.83
2025-07-12 12:41:31.632 INFO: Epoch 1865: head: Default, loss=0.4219, RMSE_MU_per_atom=0.00 mDebye, RMSE_MU_DERIV=0.00 mDebye / A, RMSE_ALPHA_per_atom=    0.03, RMSE_ALPHA_DERIV=    1.83
2025-07-12 12:42:01.284 INFO: Epoch 1866: head: Default, loss=0.4217, RMSE_MU_per_atom=0.00 mDebye, RMSE_MU_DERIV=0.00 mDebye / A, RMSE_ALPHA_per_atom=    0.03, RMSE_ALPHA_DERIV=    1.83
2025-07-12 12:42:30.951 INFO: Epoch 1867: head: Default, loss=0.4218, RMSE_MU_per_atom=0.00 mDebye, RMSE_MU_DERIV=0.00 mDebye / A, RMSE_ALPHA_per_atom=    0.03, RMSE_ALPHA_DERIV=    1.83
2025-07-12 12:43:00.608 INFO: Epoch 1868: head: Default, loss=0.4219, RMSE_MU_per_atom=0.00 mDebye, RMSE_MU_DERIV=0.00 mDebye / A, RMSE_ALPHA_per_atom=    0.03, RMSE_ALPHA_DERIV=    1.83
2025-07-12 12:43:30.264 INFO: Epoch 1869: head: Default, loss=0.4219, RMSE_MU_per_atom=0.00 mDebye, RMSE_MU_DERIV=0.00 mDebye / A, RMSE_ALPHA_per_atom=    0.03, RMSE_ALPHA_DERIV=    1.84
2025-07-12 12:43:59.927 INFO: Epoch 1870: head: Default, loss=0.4218, RMSE_MU_per_atom=0.00 mDebye, RMSE_MU_DERIV=0.00 mDebye / A, RMSE_ALPHA_per_atom=    0.03, RMSE_ALPHA_DERIV=    1.83
2025-07-12 12:44:29.569 INFO: Epoch 1871: head: Default, loss=0.4219, RMSE_MU_per_atom=0.00 mDebye, RMSE_MU_DERIV=0.00 mDebye / A, RMSE_ALPHA_per_atom=    0.03, RMSE_ALPHA_DERIV=    1.84
2025-07-12 12:44:59.229 INFO: Epoch 1872: head: Default, loss=0.4219, RMSE_MU_per_atom=0.00 mDebye, RMSE_MU_DERIV=0.00 mDebye / A, RMSE_ALPHA_per_atom=    0.03, RMSE_ALPHA_DERIV=    1.84
2025-07-12 12:45:28.881 INFO: Epoch 1873: head: Default, loss=0.4219, RMSE_MU_per_atom=0.00 mDebye, RMSE_MU_DERIV=0.00 mDebye / A, RMSE_ALPHA_per_atom=    0.03, RMSE_ALPHA_DERIV=    1.84
2025-07-12 12:45:58.524 INFO: Epoch 1874: head: Default, loss=0.4219, RMSE_MU_per_atom=0.00 mDebye, RMSE_MU_DERIV=0.00 mDebye / A, RMSE_ALPHA_per_atom=    0.03, RMSE_ALPHA_DERIV=    1.84
2025-07-12 12:46:28.168 INFO: Epoch 1875: head: Default, loss=0.4218, RMSE_MU_per_atom=0.00 mDebye, RMSE_MU_DERIV=0.00 mDebye / A, RMSE_ALPHA_per_atom=    0.03, RMSE_ALPHA_DERIV=    1.83
2025-07-12 12:46:57.826 INFO: Epoch 1876: head: Default, loss=0.4218, RMSE_MU_per_atom=0.00 mDebye, RMSE_MU_DERIV=0.00 mDebye / A, RMSE_ALPHA_per_atom=    0.03, RMSE_ALPHA_DERIV=    1.83
2025-07-12 12:47:27.480 INFO: Epoch 1877: head: Default, loss=0.4218, RMSE_MU_per_atom=0.00 mDebye, RMSE_MU_DERIV=0.00 mDebye / A, RMSE_ALPHA_per_atom=    0.03, RMSE_ALPHA_DERIV=    1.83
2025-07-12 12:47:57.134 INFO: Epoch 1878: head: Default, loss=0.4218, RMSE_MU_per_atom=0.00 mDebye, RMSE_MU_DERIV=0.00 mDebye / A, RMSE_ALPHA_per_atom=    0.03, RMSE_ALPHA_DERIV=    1.83
2025-07-12 12:48:26.790 INFO: Epoch 1879: head: Default, loss=0.4218, RMSE_MU_per_atom=0.00 mDebye, RMSE_MU_DERIV=0.00 mDebye / A, RMSE_ALPHA_per_atom=    0.03, RMSE_ALPHA_DERIV=    1.83
2025-07-12 12:48:56.435 INFO: Epoch 1880: head: Default, loss=0.4218, RMSE_MU_per_atom=0.00 mDebye, RMSE_MU_DERIV=0.00 mDebye / A, RMSE_ALPHA_per_atom=    0.03, RMSE_ALPHA_DERIV=    1.83
2025-07-12 12:49:26.093 INFO: Epoch 1881: head: Default, loss=0.4219, RMSE_MU_per_atom=0.00 mDebye, RMSE_MU_DERIV=0.00 mDebye / A, RMSE_ALPHA_per_atom=    0.03, RMSE_ALPHA_DERIV=    1.83
2025-07-12 12:49:55.745 INFO: Epoch 1882: head: Default, loss=0.4219, RMSE_MU_per_atom=0.00 mDebye, RMSE_MU_DERIV=0.00 mDebye / A, RMSE_ALPHA_per_atom=    0.03, RMSE_ALPHA_DERIV=    1.84
2025-07-12 12:50:25.404 INFO: Epoch 1883: head: Default, loss=0.4219, RMSE_MU_per_atom=0.00 mDebye, RMSE_MU_DERIV=0.00 mDebye / A, RMSE_ALPHA_per_atom=    0.03, RMSE_ALPHA_DERIV=    1.84
2025-07-12 12:50:55.066 INFO: Epoch 1884: head: Default, loss=0.4219, RMSE_MU_per_atom=0.00 mDebye, RMSE_MU_DERIV=0.00 mDebye / A, RMSE_ALPHA_per_atom=    0.03, RMSE_ALPHA_DERIV=    1.83
2025-07-12 12:51:24.721 INFO: Epoch 1885: head: Default, loss=0.4218, RMSE_MU_per_atom=0.00 mDebye, RMSE_MU_DERIV=0.00 mDebye / A, RMSE_ALPHA_per_atom=    0.03, RMSE_ALPHA_DERIV=    1.83
2025-07-12 12:51:54.373 INFO: Epoch 1886: head: Default, loss=0.4218, RMSE_MU_per_atom=0.00 mDebye, RMSE_MU_DERIV=0.00 mDebye / A, RMSE_ALPHA_per_atom=    0.03, RMSE_ALPHA_DERIV=    1.83
2025-07-12 12:52:24.011 INFO: Epoch 1887: head: Default, loss=0.4219, RMSE_MU_per_atom=0.00 mDebye, RMSE_MU_DERIV=0.00 mDebye / A, RMSE_ALPHA_per_atom=    0.03, RMSE_ALPHA_DERIV=    1.84
2025-07-12 12:52:53.652 INFO: Epoch 1888: head: Default, loss=0.4218, RMSE_MU_per_atom=0.00 mDebye, RMSE_MU_DERIV=0.00 mDebye / A, RMSE_ALPHA_per_atom=    0.03, RMSE_ALPHA_DERIV=    1.83
2025-07-12 12:53:23.279 INFO: Epoch 1889: head: Default, loss=0.4219, RMSE_MU_per_atom=0.00 mDebye, RMSE_MU_DERIV=0.00 mDebye / A, RMSE_ALPHA_per_atom=    0.03, RMSE_ALPHA_DERIV=    1.84
2025-07-12 12:53:52.925 INFO: Epoch 1890: head: Default, loss=0.4218, RMSE_MU_per_atom=0.00 mDebye, RMSE_MU_DERIV=0.00 mDebye / A, RMSE_ALPHA_per_atom=    0.03, RMSE_ALPHA_DERIV=    1.83
2025-07-12 12:54:22.556 INFO: Epoch 1891: head: Default, loss=0.4219, RMSE_MU_per_atom=0.00 mDebye, RMSE_MU_DERIV=0.00 mDebye / A, RMSE_ALPHA_per_atom=    0.03, RMSE_ALPHA_DERIV=    1.84
2025-07-12 12:54:52.183 INFO: Epoch 1892: head: Default, loss=0.4219, RMSE_MU_per_atom=0.00 mDebye, RMSE_MU_DERIV=0.00 mDebye / A, RMSE_ALPHA_per_atom=    0.03, RMSE_ALPHA_DERIV=    1.84
2025-07-12 12:55:21.828 INFO: Epoch 1893: head: Default, loss=0.4219, RMSE_MU_per_atom=0.00 mDebye, RMSE_MU_DERIV=0.00 mDebye / A, RMSE_ALPHA_per_atom=    0.03, RMSE_ALPHA_DERIV=    1.84
2025-07-12 12:55:51.469 INFO: Epoch 1894: head: Default, loss=0.4219, RMSE_MU_per_atom=0.00 mDebye, RMSE_MU_DERIV=0.00 mDebye / A, RMSE_ALPHA_per_atom=    0.03, RMSE_ALPHA_DERIV=    1.84
2025-07-12 12:56:21.111 INFO: Epoch 1895: head: Default, loss=0.4218, RMSE_MU_per_atom=0.00 mDebye, RMSE_MU_DERIV=0.00 mDebye / A, RMSE_ALPHA_per_atom=    0.03, RMSE_ALPHA_DERIV=    1.83
2025-07-12 12:56:50.765 INFO: Epoch 1896: head: Default, loss=0.4218, RMSE_MU_per_atom=0.00 mDebye, RMSE_MU_DERIV=0.00 mDebye / A, RMSE_ALPHA_per_atom=    0.03, RMSE_ALPHA_DERIV=    1.83
2025-07-12 12:57:20.403 INFO: Epoch 1897: head: Default, loss=0.4218, RMSE_MU_per_atom=0.00 mDebye, RMSE_MU_DERIV=0.00 mDebye / A, RMSE_ALPHA_per_atom=    0.03, RMSE_ALPHA_DERIV=    1.83
2025-07-12 12:57:50.044 INFO: Epoch 1898: head: Default, loss=0.4219, RMSE_MU_per_atom=0.00 mDebye, RMSE_MU_DERIV=0.00 mDebye / A, RMSE_ALPHA_per_atom=    0.03, RMSE_ALPHA_DERIV=    1.83
2025-07-12 12:58:19.696 INFO: Epoch 1899: head: Default, loss=0.4218, RMSE_MU_per_atom=0.00 mDebye, RMSE_MU_DERIV=0.00 mDebye / A, RMSE_ALPHA_per_atom=    0.03, RMSE_ALPHA_DERIV=    1.83
2025-07-12 12:58:49.337 INFO: Epoch 1900: head: Default, loss=0.4218, RMSE_MU_per_atom=0.00 mDebye, RMSE_MU_DERIV=0.00 mDebye / A, RMSE_ALPHA_per_atom=    0.03, RMSE_ALPHA_DERIV=    1.83
2025-07-12 12:59:18.986 INFO: Epoch 1901: head: Default, loss=0.4218, RMSE_MU_per_atom=0.00 mDebye, RMSE_MU_DERIV=0.00 mDebye / A, RMSE_ALPHA_per_atom=    0.03, RMSE_ALPHA_DERIV=    1.83
2025-07-12 12:59:48.641 INFO: Epoch 1902: head: Default, loss=0.4218, RMSE_MU_per_atom=0.00 mDebye, RMSE_MU_DERIV=0.00 mDebye / A, RMSE_ALPHA_per_atom=    0.03, RMSE_ALPHA_DERIV=    1.83
2025-07-12 13:00:18.305 INFO: Epoch 1903: head: Default, loss=0.4218, RMSE_MU_per_atom=0.00 mDebye, RMSE_MU_DERIV=0.00 mDebye / A, RMSE_ALPHA_per_atom=    0.03, RMSE_ALPHA_DERIV=    1.83
2025-07-12 13:00:47.970 INFO: Epoch 1904: head: Default, loss=0.4219, RMSE_MU_per_atom=0.00 mDebye, RMSE_MU_DERIV=0.00 mDebye / A, RMSE_ALPHA_per_atom=    0.03, RMSE_ALPHA_DERIV=    1.83
2025-07-12 13:01:17.615 INFO: Epoch 1905: head: Default, loss=0.4219, RMSE_MU_per_atom=0.00 mDebye, RMSE_MU_DERIV=0.00 mDebye / A, RMSE_ALPHA_per_atom=    0.03, RMSE_ALPHA_DERIV=    1.84
2025-07-12 13:01:47.283 INFO: Epoch 1906: head: Default, loss=0.4219, RMSE_MU_per_atom=0.00 mDebye, RMSE_MU_DERIV=0.00 mDebye / A, RMSE_ALPHA_per_atom=    0.03, RMSE_ALPHA_DERIV=    1.84
2025-07-12 13:02:16.943 INFO: Epoch 1907: head: Default, loss=0.4219, RMSE_MU_per_atom=0.00 mDebye, RMSE_MU_DERIV=0.00 mDebye / A, RMSE_ALPHA_per_atom=    0.03, RMSE_ALPHA_DERIV=    1.84
2025-07-12 13:02:46.597 INFO: Epoch 1908: head: Default, loss=0.4219, RMSE_MU_per_atom=0.00 mDebye, RMSE_MU_DERIV=0.00 mDebye / A, RMSE_ALPHA_per_atom=    0.03, RMSE_ALPHA_DERIV=    1.84
2025-07-12 13:03:16.262 INFO: Epoch 1909: head: Default, loss=0.4218, RMSE_MU_per_atom=0.00 mDebye, RMSE_MU_DERIV=0.00 mDebye / A, RMSE_ALPHA_per_atom=    0.03, RMSE_ALPHA_DERIV=    1.83
2025-07-12 13:03:45.915 INFO: Epoch 1910: head: Default, loss=0.4218, RMSE_MU_per_atom=0.00 mDebye, RMSE_MU_DERIV=0.00 mDebye / A, RMSE_ALPHA_per_atom=    0.03, RMSE_ALPHA_DERIV=    1.83
2025-07-12 13:04:15.565 INFO: Epoch 1911: head: Default, loss=0.4218, RMSE_MU_per_atom=0.00 mDebye, RMSE_MU_DERIV=0.00 mDebye / A, RMSE_ALPHA_per_atom=    0.03, RMSE_ALPHA_DERIV=    1.83
2025-07-12 13:04:45.213 INFO: Epoch 1912: head: Default, loss=0.4218, RMSE_MU_per_atom=0.00 mDebye, RMSE_MU_DERIV=0.00 mDebye / A, RMSE_ALPHA_per_atom=    0.03, RMSE_ALPHA_DERIV=    1.83
2025-07-12 13:05:14.873 INFO: Epoch 1913: head: Default, loss=0.4219, RMSE_MU_per_atom=0.00 mDebye, RMSE_MU_DERIV=0.00 mDebye / A, RMSE_ALPHA_per_atom=    0.03, RMSE_ALPHA_DERIV=    1.84
2025-07-12 13:05:44.528 INFO: Epoch 1914: head: Default, loss=0.4219, RMSE_MU_per_atom=0.00 mDebye, RMSE_MU_DERIV=0.00 mDebye / A, RMSE_ALPHA_per_atom=    0.03, RMSE_ALPHA_DERIV=    1.84
2025-07-12 13:06:14.177 INFO: Epoch 1915: head: Default, loss=0.4218, RMSE_MU_per_atom=0.00 mDebye, RMSE_MU_DERIV=0.00 mDebye / A, RMSE_ALPHA_per_atom=    0.03, RMSE_ALPHA_DERIV=    1.83
2025-07-12 13:06:43.837 INFO: Epoch 1916: head: Default, loss=0.4218, RMSE_MU_per_atom=0.00 mDebye, RMSE_MU_DERIV=0.00 mDebye / A, RMSE_ALPHA_per_atom=    0.03, RMSE_ALPHA_DERIV=    1.83
2025-07-12 13:07:13.494 INFO: Epoch 1917: head: Default, loss=0.4218, RMSE_MU_per_atom=0.00 mDebye, RMSE_MU_DERIV=0.00 mDebye / A, RMSE_ALPHA_per_atom=    0.03, RMSE_ALPHA_DERIV=    1.83
2025-07-12 13:07:43.144 INFO: Epoch 1918: head: Default, loss=0.4218, RMSE_MU_per_atom=0.00 mDebye, RMSE_MU_DERIV=0.00 mDebye / A, RMSE_ALPHA_per_atom=    0.03, RMSE_ALPHA_DERIV=    1.83
2025-07-12 13:08:12.806 INFO: Epoch 1919: head: Default, loss=0.4219, RMSE_MU_per_atom=0.00 mDebye, RMSE_MU_DERIV=0.00 mDebye / A, RMSE_ALPHA_per_atom=    0.03, RMSE_ALPHA_DERIV=    1.83
2025-07-12 13:08:42.460 INFO: Epoch 1920: head: Default, loss=0.4219, RMSE_MU_per_atom=0.00 mDebye, RMSE_MU_DERIV=0.00 mDebye / A, RMSE_ALPHA_per_atom=    0.03, RMSE_ALPHA_DERIV=    1.84
2025-07-12 13:09:12.122 INFO: Epoch 1921: head: Default, loss=0.4219, RMSE_MU_per_atom=0.00 mDebye, RMSE_MU_DERIV=0.00 mDebye / A, RMSE_ALPHA_per_atom=    0.03, RMSE_ALPHA_DERIV=    1.84
2025-07-12 13:09:41.796 INFO: Epoch 1922: head: Default, loss=0.4218, RMSE_MU_per_atom=0.00 mDebye, RMSE_MU_DERIV=0.00 mDebye / A, RMSE_ALPHA_per_atom=    0.03, RMSE_ALPHA_DERIV=    1.83
2025-07-12 13:10:11.448 INFO: Epoch 1923: head: Default, loss=0.4218, RMSE_MU_per_atom=0.00 mDebye, RMSE_MU_DERIV=0.00 mDebye / A, RMSE_ALPHA_per_atom=    0.03, RMSE_ALPHA_DERIV=    1.83
2025-07-12 13:10:41.108 INFO: Epoch 1924: head: Default, loss=0.4218, RMSE_MU_per_atom=0.00 mDebye, RMSE_MU_DERIV=0.00 mDebye / A, RMSE_ALPHA_per_atom=    0.03, RMSE_ALPHA_DERIV=    1.83
2025-07-12 13:11:10.764 INFO: Epoch 1925: head: Default, loss=0.4219, RMSE_MU_per_atom=0.00 mDebye, RMSE_MU_DERIV=0.00 mDebye / A, RMSE_ALPHA_per_atom=    0.03, RMSE_ALPHA_DERIV=    1.84
2025-07-12 13:11:40.431 INFO: Epoch 1926: head: Default, loss=0.4218, RMSE_MU_per_atom=0.00 mDebye, RMSE_MU_DERIV=0.00 mDebye / A, RMSE_ALPHA_per_atom=    0.03, RMSE_ALPHA_DERIV=    1.83
2025-07-12 13:12:10.084 INFO: Epoch 1927: head: Default, loss=0.4219, RMSE_MU_per_atom=0.00 mDebye, RMSE_MU_DERIV=0.00 mDebye / A, RMSE_ALPHA_per_atom=    0.03, RMSE_ALPHA_DERIV=    1.84
2025-07-12 13:12:39.727 INFO: Epoch 1928: head: Default, loss=0.4218, RMSE_MU_per_atom=0.00 mDebye, RMSE_MU_DERIV=0.00 mDebye / A, RMSE_ALPHA_per_atom=    0.03, RMSE_ALPHA_DERIV=    1.83
2025-07-12 13:13:09.383 INFO: Epoch 1929: head: Default, loss=0.4218, RMSE_MU_per_atom=0.00 mDebye, RMSE_MU_DERIV=0.00 mDebye / A, RMSE_ALPHA_per_atom=    0.03, RMSE_ALPHA_DERIV=    1.83
2025-07-12 13:13:39.040 INFO: Epoch 1930: head: Default, loss=0.4219, RMSE_MU_per_atom=0.00 mDebye, RMSE_MU_DERIV=0.00 mDebye / A, RMSE_ALPHA_per_atom=    0.03, RMSE_ALPHA_DERIV=    1.84
2025-07-12 13:14:08.700 INFO: Epoch 1931: head: Default, loss=0.4218, RMSE_MU_per_atom=0.00 mDebye, RMSE_MU_DERIV=0.00 mDebye / A, RMSE_ALPHA_per_atom=    0.03, RMSE_ALPHA_DERIV=    1.83
2025-07-12 13:14:38.358 INFO: Epoch 1932: head: Default, loss=0.4219, RMSE_MU_per_atom=0.00 mDebye, RMSE_MU_DERIV=0.00 mDebye / A, RMSE_ALPHA_per_atom=    0.03, RMSE_ALPHA_DERIV=    1.84
2025-07-12 13:15:08.020 INFO: Epoch 1933: head: Default, loss=0.4219, RMSE_MU_per_atom=0.00 mDebye, RMSE_MU_DERIV=0.00 mDebye / A, RMSE_ALPHA_per_atom=    0.03, RMSE_ALPHA_DERIV=    1.84
2025-07-12 13:15:37.677 INFO: Epoch 1934: head: Default, loss=0.4218, RMSE_MU_per_atom=0.00 mDebye, RMSE_MU_DERIV=0.00 mDebye / A, RMSE_ALPHA_per_atom=    0.03, RMSE_ALPHA_DERIV=    1.83
2025-07-12 13:16:07.337 INFO: Epoch 1935: head: Default, loss=0.4218, RMSE_MU_per_atom=0.00 mDebye, RMSE_MU_DERIV=0.00 mDebye / A, RMSE_ALPHA_per_atom=    0.03, RMSE_ALPHA_DERIV=    1.83
2025-07-12 13:16:37.002 INFO: Epoch 1936: head: Default, loss=0.4219, RMSE_MU_per_atom=0.00 mDebye, RMSE_MU_DERIV=0.00 mDebye / A, RMSE_ALPHA_per_atom=    0.03, RMSE_ALPHA_DERIV=    1.84
2025-07-12 13:17:06.668 INFO: Epoch 1937: head: Default, loss=0.4219, RMSE_MU_per_atom=0.00 mDebye, RMSE_MU_DERIV=0.00 mDebye / A, RMSE_ALPHA_per_atom=    0.03, RMSE_ALPHA_DERIV=    1.84
2025-07-12 13:17:36.325 INFO: Epoch 1938: head: Default, loss=0.4219, RMSE_MU_per_atom=0.00 mDebye, RMSE_MU_DERIV=0.00 mDebye / A, RMSE_ALPHA_per_atom=    0.03, RMSE_ALPHA_DERIV=    1.83
2025-07-12 13:18:05.967 INFO: Epoch 1939: head: Default, loss=0.4219, RMSE_MU_per_atom=0.00 mDebye, RMSE_MU_DERIV=0.00 mDebye / A, RMSE_ALPHA_per_atom=    0.03, RMSE_ALPHA_DERIV=    1.84
2025-07-12 13:18:35.625 INFO: Epoch 1940: head: Default, loss=0.4219, RMSE_MU_per_atom=0.00 mDebye, RMSE_MU_DERIV=0.00 mDebye / A, RMSE_ALPHA_per_atom=    0.03, RMSE_ALPHA_DERIV=    1.84
2025-07-12 13:19:05.283 INFO: Epoch 1941: head: Default, loss=0.4218, RMSE_MU_per_atom=0.00 mDebye, RMSE_MU_DERIV=0.00 mDebye / A, RMSE_ALPHA_per_atom=    0.03, RMSE_ALPHA_DERIV=    1.83
2025-07-12 13:19:34.929 INFO: Epoch 1942: head: Default, loss=0.4218, RMSE_MU_per_atom=0.00 mDebye, RMSE_MU_DERIV=0.00 mDebye / A, RMSE_ALPHA_per_atom=    0.03, RMSE_ALPHA_DERIV=    1.83
2025-07-12 13:20:04.595 INFO: Epoch 1943: head: Default, loss=0.4219, RMSE_MU_per_atom=0.00 mDebye, RMSE_MU_DERIV=0.00 mDebye / A, RMSE_ALPHA_per_atom=    0.03, RMSE_ALPHA_DERIV=    1.84
2025-07-12 13:20:34.276 INFO: Epoch 1944: head: Default, loss=0.4219, RMSE_MU_per_atom=0.00 mDebye, RMSE_MU_DERIV=0.00 mDebye / A, RMSE_ALPHA_per_atom=    0.03, RMSE_ALPHA_DERIV=    1.84
2025-07-12 13:21:03.948 INFO: Epoch 1945: head: Default, loss=0.4219, RMSE_MU_per_atom=0.00 mDebye, RMSE_MU_DERIV=0.00 mDebye / A, RMSE_ALPHA_per_atom=    0.03, RMSE_ALPHA_DERIV=    1.84
2025-07-12 13:21:33.618 INFO: Epoch 1946: head: Default, loss=0.4219, RMSE_MU_per_atom=0.00 mDebye, RMSE_MU_DERIV=0.00 mDebye / A, RMSE_ALPHA_per_atom=    0.03, RMSE_ALPHA_DERIV=    1.84
2025-07-12 13:22:03.279 INFO: Epoch 1947: head: Default, loss=0.4219, RMSE_MU_per_atom=0.00 mDebye, RMSE_MU_DERIV=0.00 mDebye / A, RMSE_ALPHA_per_atom=    0.03, RMSE_ALPHA_DERIV=    1.84
2025-07-12 13:22:32.947 INFO: Epoch 1948: head: Default, loss=0.4218, RMSE_MU_per_atom=0.00 mDebye, RMSE_MU_DERIV=0.00 mDebye / A, RMSE_ALPHA_per_atom=    0.03, RMSE_ALPHA_DERIV=    1.83
2025-07-12 13:23:02.603 INFO: Epoch 1949: head: Default, loss=0.4219, RMSE_MU_per_atom=0.00 mDebye, RMSE_MU_DERIV=0.00 mDebye / A, RMSE_ALPHA_per_atom=    0.03, RMSE_ALPHA_DERIV=    1.83
2025-07-12 13:23:32.264 INFO: Epoch 1950: head: Default, loss=0.4219, RMSE_MU_per_atom=0.00 mDebye, RMSE_MU_DERIV=0.00 mDebye / A, RMSE_ALPHA_per_atom=    0.03, RMSE_ALPHA_DERIV=    1.83
2025-07-12 13:24:01.925 INFO: Epoch 1951: head: Default, loss=0.4219, RMSE_MU_per_atom=0.00 mDebye, RMSE_MU_DERIV=0.00 mDebye / A, RMSE_ALPHA_per_atom=    0.03, RMSE_ALPHA_DERIV=    1.84
2025-07-12 13:24:31.578 INFO: Epoch 1952: head: Default, loss=0.4219, RMSE_MU_per_atom=0.00 mDebye, RMSE_MU_DERIV=0.00 mDebye / A, RMSE_ALPHA_per_atom=    0.03, RMSE_ALPHA_DERIV=    1.84
2025-07-12 13:25:01.232 INFO: Epoch 1953: head: Default, loss=0.4219, RMSE_MU_per_atom=0.00 mDebye, RMSE_MU_DERIV=0.00 mDebye / A, RMSE_ALPHA_per_atom=    0.03, RMSE_ALPHA_DERIV=    1.84
2025-07-12 13:25:30.889 INFO: Epoch 1954: head: Default, loss=0.4219, RMSE_MU_per_atom=0.00 mDebye, RMSE_MU_DERIV=0.00 mDebye / A, RMSE_ALPHA_per_atom=    0.03, RMSE_ALPHA_DERIV=    1.83
2025-07-12 13:26:00.559 INFO: Epoch 1955: head: Default, loss=0.4218, RMSE_MU_per_atom=0.00 mDebye, RMSE_MU_DERIV=0.00 mDebye / A, RMSE_ALPHA_per_atom=    0.03, RMSE_ALPHA_DERIV=    1.83
2025-07-12 13:26:30.230 INFO: Epoch 1956: head: Default, loss=0.4218, RMSE_MU_per_atom=0.00 mDebye, RMSE_MU_DERIV=0.00 mDebye / A, RMSE_ALPHA_per_atom=    0.03, RMSE_ALPHA_DERIV=    1.83
2025-07-12 13:26:59.897 INFO: Epoch 1957: head: Default, loss=0.4219, RMSE_MU_per_atom=0.00 mDebye, RMSE_MU_DERIV=0.00 mDebye / A, RMSE_ALPHA_per_atom=    0.03, RMSE_ALPHA_DERIV=    1.84
2025-07-12 13:27:29.565 INFO: Epoch 1958: head: Default, loss=0.4219, RMSE_MU_per_atom=0.00 mDebye, RMSE_MU_DERIV=0.00 mDebye / A, RMSE_ALPHA_per_atom=    0.03, RMSE_ALPHA_DERIV=    1.84
2025-07-12 13:27:59.222 INFO: Epoch 1959: head: Default, loss=0.4218, RMSE_MU_per_atom=0.00 mDebye, RMSE_MU_DERIV=0.00 mDebye / A, RMSE_ALPHA_per_atom=    0.03, RMSE_ALPHA_DERIV=    1.83
2025-07-12 13:28:28.886 INFO: Epoch 1960: head: Default, loss=0.4218, RMSE_MU_per_atom=0.00 mDebye, RMSE_MU_DERIV=0.00 mDebye / A, RMSE_ALPHA_per_atom=    0.03, RMSE_ALPHA_DERIV=    1.83
2025-07-12 13:28:58.540 INFO: Epoch 1961: head: Default, loss=0.4219, RMSE_MU_per_atom=0.00 mDebye, RMSE_MU_DERIV=0.00 mDebye / A, RMSE_ALPHA_per_atom=    0.03, RMSE_ALPHA_DERIV=    1.84
2025-07-12 13:29:28.193 INFO: Epoch 1962: head: Default, loss=0.4219, RMSE_MU_per_atom=0.00 mDebye, RMSE_MU_DERIV=0.00 mDebye / A, RMSE_ALPHA_per_atom=    0.03, RMSE_ALPHA_DERIV=    1.84
2025-07-12 13:29:57.880 INFO: Epoch 1963: head: Default, loss=0.4219, RMSE_MU_per_atom=0.00 mDebye, RMSE_MU_DERIV=0.00 mDebye / A, RMSE_ALPHA_per_atom=    0.03, RMSE_ALPHA_DERIV=    1.84
2025-07-12 13:30:27.555 INFO: Epoch 1964: head: Default, loss=0.4219, RMSE_MU_per_atom=0.00 mDebye, RMSE_MU_DERIV=0.00 mDebye / A, RMSE_ALPHA_per_atom=    0.03, RMSE_ALPHA_DERIV=    1.84
2025-07-12 13:30:57.226 INFO: Epoch 1965: head: Default, loss=0.4219, RMSE_MU_per_atom=0.00 mDebye, RMSE_MU_DERIV=0.00 mDebye / A, RMSE_ALPHA_per_atom=    0.03, RMSE_ALPHA_DERIV=    1.84
2025-07-12 13:31:26.882 INFO: Epoch 1966: head: Default, loss=0.4219, RMSE_MU_per_atom=0.00 mDebye, RMSE_MU_DERIV=0.00 mDebye / A, RMSE_ALPHA_per_atom=    0.03, RMSE_ALPHA_DERIV=    1.84
2025-07-12 13:31:56.538 INFO: Epoch 1967: head: Default, loss=0.4219, RMSE_MU_per_atom=0.00 mDebye, RMSE_MU_DERIV=0.00 mDebye / A, RMSE_ALPHA_per_atom=    0.03, RMSE_ALPHA_DERIV=    1.84
2025-07-12 13:32:26.202 INFO: Epoch 1968: head: Default, loss=0.4219, RMSE_MU_per_atom=0.00 mDebye, RMSE_MU_DERIV=0.00 mDebye / A, RMSE_ALPHA_per_atom=    0.03, RMSE_ALPHA_DERIV=    1.84
2025-07-12 13:32:55.859 INFO: Epoch 1969: head: Default, loss=0.4219, RMSE_MU_per_atom=0.00 mDebye, RMSE_MU_DERIV=0.00 mDebye / A, RMSE_ALPHA_per_atom=    0.03, RMSE_ALPHA_DERIV=    1.84
2025-07-12 13:33:25.513 INFO: Epoch 1970: head: Default, loss=0.4219, RMSE_MU_per_atom=0.00 mDebye, RMSE_MU_DERIV=0.00 mDebye / A, RMSE_ALPHA_per_atom=    0.03, RMSE_ALPHA_DERIV=    1.84
2025-07-12 13:33:55.177 INFO: Epoch 1971: head: Default, loss=0.4218, RMSE_MU_per_atom=0.00 mDebye, RMSE_MU_DERIV=0.00 mDebye / A, RMSE_ALPHA_per_atom=    0.03, RMSE_ALPHA_DERIV=    1.83
2025-07-12 13:34:24.833 INFO: Epoch 1972: head: Default, loss=0.4218, RMSE_MU_per_atom=0.00 mDebye, RMSE_MU_DERIV=0.00 mDebye / A, RMSE_ALPHA_per_atom=    0.03, RMSE_ALPHA_DERIV=    1.83
2025-07-12 13:34:54.498 INFO: Epoch 1973: head: Default, loss=0.4219, RMSE_MU_per_atom=0.00 mDebye, RMSE_MU_DERIV=0.00 mDebye / A, RMSE_ALPHA_per_atom=    0.03, RMSE_ALPHA_DERIV=    1.84
2025-07-12 13:35:24.153 INFO: Epoch 1974: head: Default, loss=0.4218, RMSE_MU_per_atom=0.00 mDebye, RMSE_MU_DERIV=0.00 mDebye / A, RMSE_ALPHA_per_atom=    0.03, RMSE_ALPHA_DERIV=    1.83
2025-07-12 13:35:53.807 INFO: Epoch 1975: head: Default, loss=0.4219, RMSE_MU_per_atom=0.00 mDebye, RMSE_MU_DERIV=0.00 mDebye / A, RMSE_ALPHA_per_atom=    0.03, RMSE_ALPHA_DERIV=    1.84
2025-07-12 13:36:23.460 INFO: Epoch 1976: head: Default, loss=0.4219, RMSE_MU_per_atom=0.00 mDebye, RMSE_MU_DERIV=0.00 mDebye / A, RMSE_ALPHA_per_atom=    0.03, RMSE_ALPHA_DERIV=    1.84
2025-07-12 13:36:53.145 INFO: Epoch 1977: head: Default, loss=0.4218, RMSE_MU_per_atom=0.00 mDebye, RMSE_MU_DERIV=0.00 mDebye / A, RMSE_ALPHA_per_atom=    0.03, RMSE_ALPHA_DERIV=    1.83
2025-07-12 13:37:22.807 INFO: Epoch 1978: head: Default, loss=0.4218, RMSE_MU_per_atom=0.00 mDebye, RMSE_MU_DERIV=0.00 mDebye / A, RMSE_ALPHA_per_atom=    0.03, RMSE_ALPHA_DERIV=    1.83
2025-07-12 13:37:52.468 INFO: Epoch 1979: head: Default, loss=0.4219, RMSE_MU_per_atom=0.00 mDebye, RMSE_MU_DERIV=0.00 mDebye / A, RMSE_ALPHA_per_atom=    0.03, RMSE_ALPHA_DERIV=    1.84
2025-07-12 13:38:22.129 INFO: Epoch 1980: head: Default, loss=0.4218, RMSE_MU_per_atom=0.00 mDebye, RMSE_MU_DERIV=0.00 mDebye / A, RMSE_ALPHA_per_atom=    0.03, RMSE_ALPHA_DERIV=    1.83
2025-07-12 13:38:51.796 INFO: Epoch 1981: head: Default, loss=0.4219, RMSE_MU_per_atom=0.00 mDebye, RMSE_MU_DERIV=0.00 mDebye / A, RMSE_ALPHA_per_atom=    0.03, RMSE_ALPHA_DERIV=    1.84
2025-07-12 13:39:21.471 INFO: Epoch 1982: head: Default, loss=0.4219, RMSE_MU_per_atom=0.00 mDebye, RMSE_MU_DERIV=0.00 mDebye / A, RMSE_ALPHA_per_atom=    0.03, RMSE_ALPHA_DERIV=    1.84
2025-07-12 13:39:51.129 INFO: Epoch 1983: head: Default, loss=0.4219, RMSE_MU_per_atom=0.00 mDebye, RMSE_MU_DERIV=0.00 mDebye / A, RMSE_ALPHA_per_atom=    0.03, RMSE_ALPHA_DERIV=    1.84
2025-07-12 13:40:20.796 INFO: Epoch 1984: head: Default, loss=0.4219, RMSE_MU_per_atom=0.00 mDebye, RMSE_MU_DERIV=0.00 mDebye / A, RMSE_ALPHA_per_atom=    0.03, RMSE_ALPHA_DERIV=    1.84
2025-07-12 13:40:50.458 INFO: Epoch 1985: head: Default, loss=0.4218, RMSE_MU_per_atom=0.00 mDebye, RMSE_MU_DERIV=0.00 mDebye / A, RMSE_ALPHA_per_atom=    0.03, RMSE_ALPHA_DERIV=    1.83
2025-07-12 13:41:20.114 INFO: Epoch 1986: head: Default, loss=0.4218, RMSE_MU_per_atom=0.00 mDebye, RMSE_MU_DERIV=0.00 mDebye / A, RMSE_ALPHA_per_atom=    0.03, RMSE_ALPHA_DERIV=    1.83
2025-07-12 13:41:49.768 INFO: Epoch 1987: head: Default, loss=0.4219, RMSE_MU_per_atom=0.00 mDebye, RMSE_MU_DERIV=0.00 mDebye / A, RMSE_ALPHA_per_atom=    0.03, RMSE_ALPHA_DERIV=    1.84
2025-07-12 13:42:19.422 INFO: Epoch 1988: head: Default, loss=0.4219, RMSE_MU_per_atom=0.00 mDebye, RMSE_MU_DERIV=0.00 mDebye / A, RMSE_ALPHA_per_atom=    0.03, RMSE_ALPHA_DERIV=    1.84
2025-07-12 13:42:49.100 INFO: Epoch 1989: head: Default, loss=0.4219, RMSE_MU_per_atom=0.00 mDebye, RMSE_MU_DERIV=0.00 mDebye / A, RMSE_ALPHA_per_atom=    0.03, RMSE_ALPHA_DERIV=    1.83
2025-07-12 13:43:18.765 INFO: Epoch 1990: head: Default, loss=0.4219, RMSE_MU_per_atom=0.00 mDebye, RMSE_MU_DERIV=0.00 mDebye / A, RMSE_ALPHA_per_atom=    0.03, RMSE_ALPHA_DERIV=    1.84
2025-07-12 13:43:48.426 INFO: Epoch 1991: head: Default, loss=0.4218, RMSE_MU_per_atom=0.00 mDebye, RMSE_MU_DERIV=0.00 mDebye / A, RMSE_ALPHA_per_atom=    0.03, RMSE_ALPHA_DERIV=    1.83
2025-07-12 13:44:18.083 INFO: Epoch 1992: head: Default, loss=0.4219, RMSE_MU_per_atom=0.00 mDebye, RMSE_MU_DERIV=0.00 mDebye / A, RMSE_ALPHA_per_atom=    0.03, RMSE_ALPHA_DERIV=    1.84
2025-07-12 13:44:47.732 INFO: Epoch 1993: head: Default, loss=0.4219, RMSE_MU_per_atom=0.00 mDebye, RMSE_MU_DERIV=0.00 mDebye / A, RMSE_ALPHA_per_atom=    0.03, RMSE_ALPHA_DERIV=    1.84
2025-07-12 13:45:17.375 INFO: Epoch 1994: head: Default, loss=0.4218, RMSE_MU_per_atom=0.00 mDebye, RMSE_MU_DERIV=0.00 mDebye / A, RMSE_ALPHA_per_atom=    0.03, RMSE_ALPHA_DERIV=    1.83
2025-07-12 13:45:47.024 INFO: Epoch 1995: head: Default, loss=0.4218, RMSE_MU_per_atom=0.00 mDebye, RMSE_MU_DERIV=0.00 mDebye / A, RMSE_ALPHA_per_atom=    0.03, RMSE_ALPHA_DERIV=    1.83
2025-07-12 13:46:16.681 INFO: Epoch 1996: head: Default, loss=0.4219, RMSE_MU_per_atom=0.00 mDebye, RMSE_MU_DERIV=0.00 mDebye / A, RMSE_ALPHA_per_atom=    0.03, RMSE_ALPHA_DERIV=    1.84
2025-07-12 13:46:46.340 INFO: Epoch 1997: head: Default, loss=0.4219, RMSE_MU_per_atom=0.00 mDebye, RMSE_MU_DERIV=0.00 mDebye / A, RMSE_ALPHA_per_atom=    0.03, RMSE_ALPHA_DERIV=    1.83
2025-07-12 13:47:15.995 INFO: Epoch 1998: head: Default, loss=0.4219, RMSE_MU_per_atom=0.00 mDebye, RMSE_MU_DERIV=0.00 mDebye / A, RMSE_ALPHA_per_atom=    0.03, RMSE_ALPHA_DERIV=    1.84
2025-07-12 13:47:45.681 INFO: Epoch 1999: head: Default, loss=0.4219, RMSE_MU_per_atom=0.00 mDebye, RMSE_MU_DERIV=0.00 mDebye / A, RMSE_ALPHA_per_atom=    0.03, RMSE_ALPHA_DERIV=    1.83
2025-07-12 13:47:45.681 INFO: Training complete
2025-07-12 13:47:45.681 INFO: 
2025-07-12 13:47:45.681 INFO: ===========RESULTS===========
2025-07-12 13:47:45.805 INFO: Loading checkpoint: ./checkpoints/MoWSSe_susram_ndata_all_subset_160_weights_10_1_run-123_epoch-700.pt
2025-07-12 13:47:45.874 INFO: Loaded Stage one model from epoch 700 for evaluation
2025-07-12 13:47:45.874 INFO: Saving model to checkpoints/MoWSSe_susram_ndata_all_subset_160_weights_10_1_run-123.model
2025-07-12 13:47:46.263 INFO: Compiling model, saving metadata to MoWSSe_susram_ndata_all_subset_160_weights_10_1_compiled.model
2025-07-12 13:47:47.380 INFO: Computing metrics for training, validation, and test sets
2025-07-12 13:47:47.381 INFO: Skipping evaluation for heads: ['pt_head']
2025-07-12 13:47:47.381 INFO: Evaluating train_Default ...
2025-07-12 13:47:58.477 INFO: Evaluating valid_Default ...
2025-07-12 13:47:59.128 INFO: Error-table on TRAIN and VALID:
+---------------+-------------------------+----------------+---------------+------------+-------------------+------------------+
|  config_type  | RMSE MU / mDebye / atom | rel. MU RMSE % | RMSE MU deriv | RMSE ALPHA | rel. ALPHA RMSE % | RMSE ALPHA deriv |
+---------------+-------------------------+----------------+---------------+------------+-------------------+------------------+
| train_Default |           0.00          |      0.0       |      0.00     |    0.02    |        0.2        |       0.84       |
| valid_Default |           0.00          |      0.0       |      0.00     |    0.03    |        0.3        |       1.80       |
+---------------+-------------------------+----------------+---------------+------------+-------------------+------------------+
2025-07-12 13:47:59.128 INFO: Evaluating Default_Default ...
2025-07-12 13:48:10.425 INFO: Error-table on TEST:
+-----------------+-------------------------+----------------+---------------+------------+-------------------+------------------+
|   config_type   | RMSE MU / mDebye / atom | rel. MU RMSE % | RMSE MU deriv | RMSE ALPHA | rel. ALPHA RMSE % | RMSE ALPHA deriv |
+-----------------+-------------------------+----------------+---------------+------------+-------------------+------------------+
| Default_Default |           0.00          |      0.0       |      0.00     |    0.02    |        0.2        |       0.91       |
+-----------------+-------------------------+----------------+---------------+------------+-------------------+------------------+
2025-07-12 13:48:33.289 INFO: Done
