2025-07-12 05:05:21.400 INFO: ===========VERIFYING SETTINGS===========
2025-07-12 05:05:21.400 INFO: MACE version: 0.3.13
2025-07-12 05:05:21.400 DEBUG: Configuration: Namespace(config=None, name='MoWSSe_susram_ndata_all_subset_240_weights_10_1', seed=123, work_dir='.', log_dir='./logs', model_dir='.', checkpoints_dir='./checkpoints', results_dir='./results', downloads_dir='./downloads', device='cuda', default_dtype='float64', distributed=False, log_level='INFO', plot=True, plot_frequency=0, error_table='DipolePolarizabilityDerivRMSE', model='AtomicDipolesMACE', r_max=5.0, radial_type='bessel', num_radial_basis=8, num_cutoff_basis=5, pair_repulsion=False, distance_transform='None', interaction='RealAgnosticResidualInteractionBlock', interaction_first='RealAgnosticResidualInteractionBlock', max_ell=3, correlation=3, num_interactions=2, MLP_irreps='16x0e', radial_MLP='[64, 64, 64]', hidden_irreps='128x0e + 128x1o + 128x2e', num_channels=128, max_L=2, gate='silu', scaling='rms_forces_scaling', avg_num_neighbors=1, compute_avg_num_neighbors=True, compute_stress=False, compute_forces=False, train_file='all_subset_240.xyz', valid_file=None, valid_fraction=0.05, test_file='all_subset_240.xyz', test_dir=None, multi_processed_test=False, num_workers=0, pin_memory=True, atomic_numbers=None, mean=None, std=None, statistics_file=None, E0s=None, foundation_filter_elements=True, heads=None, multiheads_finetuning=True, foundation_head=None, weight_pt_head=1.0, num_samples_pt=10000, force_mh_ft_lr=False, subselect_pt='random', filter_type_pt='none', pt_train_file=None, pt_valid_file=None, foundation_model_elements=False, keep_isolated_atoms=False, energy_key='None', forces_key='None', virials_key='REF_virials', stress_key='None', dipole_key='dipole', dipole_deriv_key='dipole_deriv', polarizability_key='susceptibility_tensor', polarizability_deriv_key='raman_tensor', head_key='head', skip_evaluate_heads='pt_head', loss='dipole_polarizability_deriv', forces_weight=100.0, swa_forces_weight=100.0, energy_weight=1.0, swa_energy_weight=1000.0, virials_weight=1.0, swa_virials_weight=10.0, stress_weight=1.0, swa_stress_weight=10.0, dipole_weight=0.0, swa_dipole_weight=1.0, dipole_deriv_weight=0.0, swa_dipole_deriv_weight=1.0, polarizability_weight=10.0, swa_polarizability_weight=1.0, polarizability_deriv_weight=1.0, swa_polarizability_deriv_weight=1.0, config_type_weights='{"Default":1.0}', huber_delta=0.01, optimizer='adam', beta=0.9, batch_size=10, valid_batch_size=10, lr=0.01, swa_lr=0.001, weight_decay=5e-07, amsgrad=True, scheduler='ReduceLROnPlateau', lr_factor=0.8, scheduler_patience=50, lr_scheduler_gamma=0.9993, swa=False, start_swa=None, lbfgs=False, ema=False, ema_decay=0.99, max_num_epochs=2000, patience=2048, foundation_model=None, foundation_model_readout=True, eval_interval=1, keep_checkpoints=False, save_all_checkpoints=False, restart_latest=True, save_cpu=False, clip_grad=10.0, dry_run=False, enable_cueq=False, wandb=False, wandb_dir=None, wandb_project='', wandb_entity='', wandb_name='', wandb_log_hypers=['num_channels', 'max_L', 'correlation', 'lr', 'swa_lr', 'weight_decay', 'batch_size', 'max_num_epochs', 'start_swa', 'energy_weight', 'forces_weight'], key_specification=KeySpecification(info_keys={'energy': 'None', 'stress': 'None', 'virials': 'REF_virials', 'dipole': 'dipole', 'polarizability': 'susceptibility_tensor', 'head': 'head'}, arrays_keys={'forces': 'None', 'dipole_deriv': 'dipole_deriv', 'polarizability_deriv': 'raman_tensor'}))
2025-07-12 05:05:21.507 INFO: CUDA version: 12.4, CUDA device: 0
2025-07-12 05:05:21.593 DEBUG: Popen(['git', 'version'], cwd=/gpfs/home/theory/phrrpq/dielectrics/training_conv, stdin=None, shell=False, universal_newlines=False)
2025-07-12 05:05:21.644 DEBUG: Popen(['git', 'version'], cwd=/gpfs/home/theory/phrrpq/dielectrics/training_conv, stdin=None, shell=False, universal_newlines=False)
2025-07-12 05:05:21.729 DEBUG: Error accessing Git repository: /gpfs/home/theory/phrrpq/dielectrics/training_conv
2025-07-12 05:05:21.730 INFO: ===========LOADING INPUT DATA===========
2025-07-12 05:05:21.730 INFO: Using heads: ['Default']
2025-07-12 05:05:21.730 INFO: Using the key specifications to parse data:
2025-07-12 05:05:21.730 INFO: Default: KeySpecification(info_keys={'energy': 'None', 'stress': 'None', 'virials': 'REF_virials', 'dipole': 'dipole', 'polarizability': 'susceptibility_tensor', 'head': 'head'}, arrays_keys={'forces': 'None', 'dipole_deriv': 'dipole_deriv', 'polarizability_deriv': 'raman_tensor'})
2025-07-12 05:05:21.730 INFO: =============    Processing head Default     ===========
2025-07-12 05:05:21.730 DEBUG: Loading training file: all_subset_240.xyz
2025-07-12 05:05:21.920 INFO: Training set 1/1 [energy: 0, stress: 0, virials: 0, dipole components: 0, polarizability: 240, head: 240, forces: 0, dipole_deriv: 0, polarizability_deriv: 240]
2025-07-12 05:05:21.922 INFO: Total Training set [energy: 0, stress: 0, virials: 0, dipole components: 0, polarizability: 240, head: 240, forces: 0, dipole_deriv: 0, polarizability_deriv: 240]
2025-07-12 05:05:21.922 INFO: No validation set provided, splitting training data instead.
2025-07-12 05:05:21.924 INFO: Using random 5% of training set for validation with indices saved in: ./valid_indices_123.txt
2025-07-12 05:05:21.925 INFO: Random Split Training set [energy: 0, stress: 0, virials: 0, dipole components: 0, polarizability: 228, head: 228, forces: 0, dipole_deriv: 0, polarizability_deriv: 228]
2025-07-12 05:05:21.925 INFO: Random Split Validation set [energy: 0, stress: 0, virials: 0, dipole components: 0, polarizability: 12, head: 12, forces: 0, dipole_deriv: 0, polarizability_deriv: 12]
2025-07-12 05:05:22.087 INFO: Test set 1/1 [energy: 0, stress: 0, virials: 0, dipole components: 0, polarizability: 240, head: 240, forces: 0, dipole_deriv: 0, polarizability_deriv: 240]
2025-07-12 05:05:22.088 INFO: Total Test set [energy: 0, stress: 0, virials: 0, dipole components: 0, polarizability: 240, head: 240, forces: 0, dipole_deriv: 0, polarizability_deriv: 240]
2025-07-12 05:05:22.088 INFO: Total number of configurations: train=228, valid=12, tests=[Default_Default: 240],
2025-07-12 05:05:22.089 INFO: Atomic Numbers used: [16, 34, 42, 74]
2025-07-12 05:05:22.089 INFO: Processing datasets for head 'Default'
2025-07-12 05:05:22.268 DEBUG: Successfully loaded dataset from ASE files: ['all_subset_240.xyz']
2025-07-12 05:05:22.268 INFO: Combining 1 list datasets for head 'Default'
2025-07-12 05:05:22.278 INFO: Head 'Default' training dataset size: 228
2025-07-12 05:05:22.278 INFO: Computing average number of neighbors
2025-07-12 05:05:22.454 INFO: Average number of neighbors: 18.983838383838386
2025-07-12 05:05:22.454 INFO: During training the following quantities will be reported: dipoles, polarizability, dipole_deriv, polarizability_deriv
2025-07-12 05:05:22.454 INFO: ===========MODEL DETAILS===========
2025-07-12 05:05:22.456 INFO: Building model
2025-07-12 05:05:22.456 INFO: Message passing with 128 channels and max_L=2 (128x0e + 128x1o + 128x2e)
2025-07-12 05:05:22.456 INFO: 2 layers, each with correlation order: 3 (body order: 4) and spherical harmonics up to: l=3
2025-07-12 05:05:22.456 INFO: 8 radial and 5 basis functions
2025-07-12 05:05:22.456 INFO: Radial cutoff: 5.0 A (total receptive field for each atom: 10.0 A)
2025-07-12 05:05:22.456 INFO: Distance transform for radial basis functions: None
2025-07-12 05:05:22.456 INFO: Hidden irreps: 128x0e + 128x1o + 128x2e
2025-07-12 05:05:24.764 DEBUG: AtomicDipolesMACE(
  (node_embedding): LinearNodeEmbeddingBlock(
    (linear): Linear(4x0e -> 128x0e | 512 weights)
  )
  (radial_embedding): RadialEmbeddingBlock(
    (bessel_fn): BesselBasis(r_max=5.0, num_basis=8, trainable=False)
    (cutoff_fn): PolynomialCutoff(p=5, r_max=5.0)
  )
  (spherical_harmonics): SphericalHarmonics()
  (interactions): ModuleList(
    (0): RealAgnosticInteractionBlock(
      (linear_up): Linear(128x0e -> 128x0e | 16384 weights)
      (conv_tp): TensorProduct(128x0e x 1x0e+1x1o+1x2e+1x3o -> 128x0e+128x1o+128x2e+128x3o | 512 paths | 512 weights)
      (conv_tp_weights): FullyConnectedNet[8, 64, 64, 64, 512]
      (linear): Linear(128x0e+128x1o+128x2e+128x3o -> 128x0e+128x1o+128x2e+128x3o | 65536 weights)
      (skip_tp): FullyConnectedTensorProduct(128x0e+128x1o+128x2e+128x3o x 4x0e -> 128x0e+128x1o+128x2e+128x3o | 262144 paths | 262144 weights)
      (reshape): reshape_irreps()
    )
    (1): RealAgnosticResidualInteractionBlock(
      (linear_up): Linear(128x0e+128x1o+128x2e -> 128x0e+128x1o+128x2e | 49152 weights)
      (conv_tp): TensorProduct(128x0e+128x1o+128x2e x 1x0e+1x1o+1x2e+1x3o -> 384x0e+640x1o+640x2e+512x3o | 2176 paths | 2176 weights)
      (conv_tp_weights): FullyConnectedNet[8, 64, 64, 64, 2176]
      (linear): Linear(128x0e+128x0e+128x0e+128x1o+128x1o+128x1o+128x1o+128x1o+128x2e+128x2e+128x2e+128x2e+128x2e+128x3o+128x3o+128x3o+128x3o -> 128x0e+128x1o+128x2e+128x3o | 278528 weights)
      (skip_tp): FullyConnectedTensorProduct(128x0e+128x1o+128x2e x 4x0e -> 128x1o | 65536 paths | 65536 weights)
      (reshape): reshape_irreps()
    )
  )
  (products): ModuleList(
    (0): EquivariantProductBasisBlock(
      (symmetric_contractions): SymmetricContraction(
        (contractions): ModuleList(
          (0): Contraction(
            (contractions_weighting): ModuleList(
              (0-1): 2 x GraphModule()
            )
            (contractions_features): ModuleList(
              (0-1): 2 x GraphModule()
            )
            (weights): ParameterList(
                (0): Parameter containing: [torch.float64 of size 4x4x128 (cuda:0)]
                (1): Parameter containing: [torch.float64 of size 4x1x128 (cuda:0)]
            )
            (graph_opt_main): GraphModule()
          )
          (1): Contraction(
            (contractions_weighting): ModuleList(
              (0-1): 2 x GraphModule()
            )
            (contractions_features): ModuleList(
              (0-1): 2 x GraphModule()
            )
            (weights): ParameterList(
                (0): Parameter containing: [torch.float64 of size 4x6x128 (cuda:0)]
                (1): Parameter containing: [torch.float64 of size 4x1x128 (cuda:0)]
            )
            (graph_opt_main): GraphModule()
          )
          (2): Contraction(
            (contractions_weighting): ModuleList(
              (0-1): 2 x GraphModule()
            )
            (contractions_features): ModuleList(
              (0-1): 2 x GraphModule()
            )
            (weights): ParameterList(
                (0): Parameter containing: [torch.float64 of size 4x7x128 (cuda:0)]
                (1): Parameter containing: [torch.float64 of size 4x1x128 (cuda:0)]
            )
            (graph_opt_main): GraphModule()
          )
        )
      )
      (linear): Linear(128x0e+128x1o+128x2e -> 128x0e+128x1o+128x2e | 49152 weights)
    )
    (1): EquivariantProductBasisBlock(
      (symmetric_contractions): SymmetricContraction(
        (contractions): ModuleList(
          (0): Contraction(
            (contractions_weighting): ModuleList(
              (0-1): 2 x GraphModule()
            )
            (contractions_features): ModuleList(
              (0-1): 2 x GraphModule()
            )
            (weights): ParameterList(
                (0): Parameter containing: [torch.float64 of size 4x6x128 (cuda:0)]
                (1): Parameter containing: [torch.float64 of size 4x1x128 (cuda:0)]
            )
            (graph_opt_main): GraphModule()
          )
        )
      )
      (linear): Linear(128x1o -> 128x1o | 16384 weights)
    )
  )
  (readouts): ModuleList(
    (0): LinearDipoleReadoutBlock(
      (linear): Linear(128x0e+128x1o+128x2e -> 1x0e+1x1o+1x2e | 384 weights)
    )
    (1): NonLinearDipoleReadoutBlock(
      (equivariant_nonlin): Gate (16x0e -> 16x0e)
      (linear_1): Linear(128x1o -> 16x0e | 0 weights)
      (linear_2): Linear(16x0e -> 1x0e+1x1o+1x2e | 16 weights)
    )
  )
  (rtp): ReducedTensorProducts(
      in: 1x1o times 1x1o
      out: 1x0e+1x2e
  )
)
2025-07-12 05:05:24.765 INFO: Total number of parameters: 1104272
2025-07-12 05:05:24.765 INFO: 
2025-07-12 05:05:24.765 INFO: ===========OPTIMIZER INFORMATION===========
2025-07-12 05:05:24.765 INFO: Using ADAM as parameter optimizer
2025-07-12 05:05:24.766 INFO: Batch size: 10
2025-07-12 05:05:24.766 INFO: Number of gradient updates: 45600
2025-07-12 05:05:24.766 INFO: Learning rate: 0.01, weight decay: 5e-07
2025-07-12 05:05:24.766 INFO: DipolePolarizabilityDerivLoss(dipole_weight=0.000, polarizability_weight=10.000, dipole_deriv_weight=0.000, polarizability_deriv_weight=1.000)
2025-07-12 05:05:24.769 WARNING: Cannot find checkpoint with tag 'MoWSSe_susram_ndata_all_subset_240_weights_10_1_run-123' in './checkpoints'
2025-07-12 05:05:24.769 INFO: Using gradient clipping with tolerance=10.000
2025-07-12 05:05:24.769 INFO: 
2025-07-12 05:05:24.769 INFO: ===========TRAINING===========
2025-07-12 05:05:24.769 INFO: Started training, reporting errors on validation set
2025-07-12 05:05:24.769 INFO: Loss metrics on validation set
2025-07-12 05:05:27.806 INFO: Initial: head: Default, loss=317.2961, RMSE_MU_per_atom=0.00 mDebye, RMSE_MU_DERIV=0.01 mDebye / A, RMSE_ALPHA_per_atom=   11.77, RMSE_ALPHA_DERIV=   14.44
2025-07-12 05:06:16.414 INFO: Epoch 0: head: Default, loss=114.1683, RMSE_MU_per_atom=0.00 mDebye, RMSE_MU_DERIV=0.07 mDebye / A, RMSE_ALPHA_per_atom=    3.63, RMSE_ALPHA_DERIV=   18.77
2025-07-12 05:06:16.415 DEBUG: Saving checkpoint: ./checkpoints/MoWSSe_susram_ndata_all_subset_240_weights_10_1_run-123_epoch-0.pt
2025-07-12 05:07:00.108 INFO: Epoch 1: head: Default, loss=63.7003, RMSE_MU_per_atom=0.00 mDebye, RMSE_MU_DERIV=0.12 mDebye / A, RMSE_ALPHA_per_atom=    1.51, RMSE_ALPHA_DERIV=   15.64
2025-07-12 05:07:00.109 DEBUG: Deleting old checkpoint file: ./checkpoints/MoWSSe_susram_ndata_all_subset_240_weights_10_1_run-123_epoch-0.pt
2025-07-12 05:07:00.109 DEBUG: Saving checkpoint: ./checkpoints/MoWSSe_susram_ndata_all_subset_240_weights_10_1_run-123_epoch-1.pt
2025-07-12 05:07:43.835 INFO: Epoch 2: head: Default, loss=24.9503, RMSE_MU_per_atom=0.00 mDebye, RMSE_MU_DERIV=0.29 mDebye / A, RMSE_ALPHA_per_atom=    1.15, RMSE_ALPHA_DERIV=    9.44
2025-07-12 05:07:43.836 DEBUG: Deleting old checkpoint file: ./checkpoints/MoWSSe_susram_ndata_all_subset_240_weights_10_1_run-123_epoch-1.pt
2025-07-12 05:07:43.836 DEBUG: Saving checkpoint: ./checkpoints/MoWSSe_susram_ndata_all_subset_240_weights_10_1_run-123_epoch-2.pt
2025-07-12 05:08:27.550 INFO: Epoch 3: head: Default, loss=24.6931, RMSE_MU_per_atom=0.00 mDebye, RMSE_MU_DERIV=0.18 mDebye / A, RMSE_ALPHA_per_atom=    1.07, RMSE_ALPHA_DERIV=    8.76
2025-07-12 05:08:27.551 DEBUG: Deleting old checkpoint file: ./checkpoints/MoWSSe_susram_ndata_all_subset_240_weights_10_1_run-123_epoch-2.pt
2025-07-12 05:08:27.551 DEBUG: Saving checkpoint: ./checkpoints/MoWSSe_susram_ndata_all_subset_240_weights_10_1_run-123_epoch-3.pt
2025-07-12 05:09:11.277 INFO: Epoch 4: head: Default, loss=24.7917, RMSE_MU_per_atom=0.00 mDebye, RMSE_MU_DERIV=0.11 mDebye / A, RMSE_ALPHA_per_atom=    1.15, RMSE_ALPHA_DERIV=    8.35
2025-07-12 05:09:54.951 INFO: Epoch 5: head: Default, loss=17.1969, RMSE_MU_per_atom=0.00 mDebye, RMSE_MU_DERIV=0.07 mDebye / A, RMSE_ALPHA_per_atom=    1.01, RMSE_ALPHA_DERIV=    7.13
2025-07-12 05:09:54.952 DEBUG: Deleting old checkpoint file: ./checkpoints/MoWSSe_susram_ndata_all_subset_240_weights_10_1_run-123_epoch-3.pt
2025-07-12 05:09:54.952 DEBUG: Saving checkpoint: ./checkpoints/MoWSSe_susram_ndata_all_subset_240_weights_10_1_run-123_epoch-5.pt
2025-07-12 05:10:38.671 INFO: Epoch 6: head: Default, loss=15.4296, RMSE_MU_per_atom=0.00 mDebye, RMSE_MU_DERIV=0.04 mDebye / A, RMSE_ALPHA_per_atom=    0.71, RMSE_ALPHA_DERIV=    6.89
2025-07-12 05:10:38.671 DEBUG: Deleting old checkpoint file: ./checkpoints/MoWSSe_susram_ndata_all_subset_240_weights_10_1_run-123_epoch-5.pt
2025-07-12 05:10:38.672 DEBUG: Saving checkpoint: ./checkpoints/MoWSSe_susram_ndata_all_subset_240_weights_10_1_run-123_epoch-6.pt
2025-07-12 05:11:22.386 INFO: Epoch 7: head: Default, loss=12.0701, RMSE_MU_per_atom=0.00 mDebye, RMSE_MU_DERIV=0.03 mDebye / A, RMSE_ALPHA_per_atom=    0.49, RMSE_ALPHA_DERIV=    6.26
2025-07-12 05:11:22.386 DEBUG: Deleting old checkpoint file: ./checkpoints/MoWSSe_susram_ndata_all_subset_240_weights_10_1_run-123_epoch-6.pt
2025-07-12 05:11:22.387 DEBUG: Saving checkpoint: ./checkpoints/MoWSSe_susram_ndata_all_subset_240_weights_10_1_run-123_epoch-7.pt
2025-07-12 05:12:06.117 INFO: Epoch 8: head: Default, loss=11.3628, RMSE_MU_per_atom=0.00 mDebye, RMSE_MU_DERIV=0.02 mDebye / A, RMSE_ALPHA_per_atom=    0.72, RMSE_ALPHA_DERIV=    5.77
2025-07-12 05:12:06.118 DEBUG: Deleting old checkpoint file: ./checkpoints/MoWSSe_susram_ndata_all_subset_240_weights_10_1_run-123_epoch-7.pt
2025-07-12 05:12:06.118 DEBUG: Saving checkpoint: ./checkpoints/MoWSSe_susram_ndata_all_subset_240_weights_10_1_run-123_epoch-8.pt
2025-07-12 05:12:49.837 INFO: Epoch 9: head: Default, loss=9.3406, RMSE_MU_per_atom=0.00 mDebye, RMSE_MU_DERIV=0.02 mDebye / A, RMSE_ALPHA_per_atom=    0.42, RMSE_ALPHA_DERIV=    5.54
2025-07-12 05:12:49.838 DEBUG: Deleting old checkpoint file: ./checkpoints/MoWSSe_susram_ndata_all_subset_240_weights_10_1_run-123_epoch-8.pt
2025-07-12 05:12:49.838 DEBUG: Saving checkpoint: ./checkpoints/MoWSSe_susram_ndata_all_subset_240_weights_10_1_run-123_epoch-9.pt
2025-07-12 05:13:33.557 INFO: Epoch 10: head: Default, loss=9.6228, RMSE_MU_per_atom=0.00 mDebye, RMSE_MU_DERIV=0.02 mDebye / A, RMSE_ALPHA_per_atom=    0.52, RMSE_ALPHA_DERIV=    5.43
2025-07-12 05:14:17.221 INFO: Epoch 11: head: Default, loss=8.4653, RMSE_MU_per_atom=0.00 mDebye, RMSE_MU_DERIV=0.01 mDebye / A, RMSE_ALPHA_per_atom=    0.55, RMSE_ALPHA_DERIV=    5.14
2025-07-12 05:14:17.222 DEBUG: Deleting old checkpoint file: ./checkpoints/MoWSSe_susram_ndata_all_subset_240_weights_10_1_run-123_epoch-9.pt
2025-07-12 05:14:17.222 DEBUG: Saving checkpoint: ./checkpoints/MoWSSe_susram_ndata_all_subset_240_weights_10_1_run-123_epoch-11.pt
2025-07-12 05:15:00.934 INFO: Epoch 12: head: Default, loss=6.4506, RMSE_MU_per_atom=0.00 mDebye, RMSE_MU_DERIV=0.01 mDebye / A, RMSE_ALPHA_per_atom=    0.45, RMSE_ALPHA_DERIV=    4.58
2025-07-12 05:15:00.935 DEBUG: Deleting old checkpoint file: ./checkpoints/MoWSSe_susram_ndata_all_subset_240_weights_10_1_run-123_epoch-11.pt
2025-07-12 05:15:00.935 DEBUG: Saving checkpoint: ./checkpoints/MoWSSe_susram_ndata_all_subset_240_weights_10_1_run-123_epoch-12.pt
2025-07-12 05:15:44.659 INFO: Epoch 13: head: Default, loss=7.0828, RMSE_MU_per_atom=0.00 mDebye, RMSE_MU_DERIV=0.01 mDebye / A, RMSE_ALPHA_per_atom=    0.35, RMSE_ALPHA_DERIV=    4.77
2025-07-12 05:16:28.333 INFO: Epoch 14: head: Default, loss=6.0906, RMSE_MU_per_atom=0.00 mDebye, RMSE_MU_DERIV=0.01 mDebye / A, RMSE_ALPHA_per_atom=    0.28, RMSE_ALPHA_DERIV=    4.51
2025-07-12 05:16:28.334 DEBUG: Deleting old checkpoint file: ./checkpoints/MoWSSe_susram_ndata_all_subset_240_weights_10_1_run-123_epoch-12.pt
2025-07-12 05:16:28.335 DEBUG: Saving checkpoint: ./checkpoints/MoWSSe_susram_ndata_all_subset_240_weights_10_1_run-123_epoch-14.pt
2025-07-12 05:17:12.058 INFO: Epoch 15: head: Default, loss=5.9636, RMSE_MU_per_atom=0.00 mDebye, RMSE_MU_DERIV=0.00 mDebye / A, RMSE_ALPHA_per_atom=    0.20, RMSE_ALPHA_DERIV=    4.38
2025-07-12 05:17:12.059 DEBUG: Deleting old checkpoint file: ./checkpoints/MoWSSe_susram_ndata_all_subset_240_weights_10_1_run-123_epoch-14.pt
2025-07-12 05:17:12.059 DEBUG: Saving checkpoint: ./checkpoints/MoWSSe_susram_ndata_all_subset_240_weights_10_1_run-123_epoch-15.pt
2025-07-12 05:17:55.796 INFO: Epoch 16: head: Default, loss=6.7582, RMSE_MU_per_atom=0.00 mDebye, RMSE_MU_DERIV=0.00 mDebye / A, RMSE_ALPHA_per_atom=    0.41, RMSE_ALPHA_DERIV=    4.61
2025-07-12 05:18:39.470 INFO: Epoch 17: head: Default, loss=5.5233, RMSE_MU_per_atom=0.00 mDebye, RMSE_MU_DERIV=0.00 mDebye / A, RMSE_ALPHA_per_atom=    0.26, RMSE_ALPHA_DERIV=    4.22
2025-07-12 05:18:39.471 DEBUG: Deleting old checkpoint file: ./checkpoints/MoWSSe_susram_ndata_all_subset_240_weights_10_1_run-123_epoch-15.pt
2025-07-12 05:18:39.471 DEBUG: Saving checkpoint: ./checkpoints/MoWSSe_susram_ndata_all_subset_240_weights_10_1_run-123_epoch-17.pt
2025-07-12 05:19:23.205 INFO: Epoch 18: head: Default, loss=5.7039, RMSE_MU_per_atom=0.00 mDebye, RMSE_MU_DERIV=0.00 mDebye / A, RMSE_ALPHA_per_atom=    0.24, RMSE_ALPHA_DERIV=    4.25
2025-07-12 05:20:06.891 INFO: Epoch 19: head: Default, loss=5.1708, RMSE_MU_per_atom=0.00 mDebye, RMSE_MU_DERIV=0.00 mDebye / A, RMSE_ALPHA_per_atom=    0.42, RMSE_ALPHA_DERIV=    4.00
2025-07-12 05:20:06.892 DEBUG: Deleting old checkpoint file: ./checkpoints/MoWSSe_susram_ndata_all_subset_240_weights_10_1_run-123_epoch-17.pt
2025-07-12 05:20:06.892 DEBUG: Saving checkpoint: ./checkpoints/MoWSSe_susram_ndata_all_subset_240_weights_10_1_run-123_epoch-19.pt
2025-07-12 05:20:50.610 INFO: Epoch 20: head: Default, loss=6.8110, RMSE_MU_per_atom=0.00 mDebye, RMSE_MU_DERIV=0.00 mDebye / A, RMSE_ALPHA_per_atom=    0.49, RMSE_ALPHA_DERIV=    4.43
2025-07-12 05:21:34.281 INFO: Epoch 21: head: Default, loss=5.1826, RMSE_MU_per_atom=0.00 mDebye, RMSE_MU_DERIV=0.00 mDebye / A, RMSE_ALPHA_per_atom=    0.19, RMSE_ALPHA_DERIV=    4.07
2025-07-12 05:22:17.950 INFO: Epoch 22: head: Default, loss=4.0555, RMSE_MU_per_atom=0.00 mDebye, RMSE_MU_DERIV=0.00 mDebye / A, RMSE_ALPHA_per_atom=    0.38, RMSE_ALPHA_DERIV=    3.89
2025-07-12 05:22:17.951 DEBUG: Deleting old checkpoint file: ./checkpoints/MoWSSe_susram_ndata_all_subset_240_weights_10_1_run-123_epoch-19.pt
2025-07-12 05:22:17.951 DEBUG: Saving checkpoint: ./checkpoints/MoWSSe_susram_ndata_all_subset_240_weights_10_1_run-123_epoch-22.pt
2025-07-12 05:23:01.674 INFO: Epoch 23: head: Default, loss=3.9341, RMSE_MU_per_atom=0.00 mDebye, RMSE_MU_DERIV=0.00 mDebye / A, RMSE_ALPHA_per_atom=    0.27, RMSE_ALPHA_DERIV=    3.71
2025-07-12 05:23:01.674 DEBUG: Deleting old checkpoint file: ./checkpoints/MoWSSe_susram_ndata_all_subset_240_weights_10_1_run-123_epoch-22.pt
2025-07-12 05:23:01.675 DEBUG: Saving checkpoint: ./checkpoints/MoWSSe_susram_ndata_all_subset_240_weights_10_1_run-123_epoch-23.pt
2025-07-12 05:23:45.402 INFO: Epoch 24: head: Default, loss=6.8961, RMSE_MU_per_atom=0.00 mDebye, RMSE_MU_DERIV=0.00 mDebye / A, RMSE_ALPHA_per_atom=    0.46, RMSE_ALPHA_DERIV=    4.58
2025-07-12 05:24:29.083 INFO: Epoch 25: head: Default, loss=3.7500, RMSE_MU_per_atom=0.00 mDebye, RMSE_MU_DERIV=0.00 mDebye / A, RMSE_ALPHA_per_atom=    0.24, RMSE_ALPHA_DERIV=    3.52
2025-07-12 05:24:29.084 DEBUG: Deleting old checkpoint file: ./checkpoints/MoWSSe_susram_ndata_all_subset_240_weights_10_1_run-123_epoch-23.pt
2025-07-12 05:24:29.084 DEBUG: Saving checkpoint: ./checkpoints/MoWSSe_susram_ndata_all_subset_240_weights_10_1_run-123_epoch-25.pt
2025-07-12 05:25:12.799 INFO: Epoch 26: head: Default, loss=4.4281, RMSE_MU_per_atom=0.00 mDebye, RMSE_MU_DERIV=0.00 mDebye / A, RMSE_ALPHA_per_atom=    0.44, RMSE_ALPHA_DERIV=    3.65
2025-07-12 05:25:56.487 INFO: Epoch 27: head: Default, loss=4.0374, RMSE_MU_per_atom=0.00 mDebye, RMSE_MU_DERIV=0.00 mDebye / A, RMSE_ALPHA_per_atom=    0.41, RMSE_ALPHA_DERIV=    3.60
2025-07-12 05:26:40.161 INFO: Epoch 28: head: Default, loss=5.6686, RMSE_MU_per_atom=0.00 mDebye, RMSE_MU_DERIV=0.00 mDebye / A, RMSE_ALPHA_per_atom=    0.27, RMSE_ALPHA_DERIV=    4.19
2025-07-12 05:27:23.833 INFO: Epoch 29: head: Default, loss=3.6357, RMSE_MU_per_atom=0.00 mDebye, RMSE_MU_DERIV=0.00 mDebye / A, RMSE_ALPHA_per_atom=    0.40, RMSE_ALPHA_DERIV=    3.79
2025-07-12 05:27:23.834 DEBUG: Deleting old checkpoint file: ./checkpoints/MoWSSe_susram_ndata_all_subset_240_weights_10_1_run-123_epoch-25.pt
2025-07-12 05:27:23.834 DEBUG: Saving checkpoint: ./checkpoints/MoWSSe_susram_ndata_all_subset_240_weights_10_1_run-123_epoch-29.pt
2025-07-12 05:28:07.565 INFO: Epoch 30: head: Default, loss=3.5426, RMSE_MU_per_atom=0.00 mDebye, RMSE_MU_DERIV=0.00 mDebye / A, RMSE_ALPHA_per_atom=    0.23, RMSE_ALPHA_DERIV=    3.62
2025-07-12 05:28:07.566 DEBUG: Deleting old checkpoint file: ./checkpoints/MoWSSe_susram_ndata_all_subset_240_weights_10_1_run-123_epoch-29.pt
2025-07-12 05:28:07.566 DEBUG: Saving checkpoint: ./checkpoints/MoWSSe_susram_ndata_all_subset_240_weights_10_1_run-123_epoch-30.pt
2025-07-12 05:28:51.291 INFO: Epoch 31: head: Default, loss=4.0497, RMSE_MU_per_atom=0.00 mDebye, RMSE_MU_DERIV=0.00 mDebye / A, RMSE_ALPHA_per_atom=    0.33, RMSE_ALPHA_DERIV=    3.58
2025-07-12 05:29:34.976 INFO: Epoch 32: head: Default, loss=3.1978, RMSE_MU_per_atom=0.00 mDebye, RMSE_MU_DERIV=0.00 mDebye / A, RMSE_ALPHA_per_atom=    0.21, RMSE_ALPHA_DERIV=    3.30
2025-07-12 05:29:34.977 DEBUG: Deleting old checkpoint file: ./checkpoints/MoWSSe_susram_ndata_all_subset_240_weights_10_1_run-123_epoch-30.pt
2025-07-12 05:29:34.977 DEBUG: Saving checkpoint: ./checkpoints/MoWSSe_susram_ndata_all_subset_240_weights_10_1_run-123_epoch-32.pt
2025-07-12 05:30:18.694 INFO: Epoch 33: head: Default, loss=3.3947, RMSE_MU_per_atom=0.00 mDebye, RMSE_MU_DERIV=0.00 mDebye / A, RMSE_ALPHA_per_atom=    0.18, RMSE_ALPHA_DERIV=    3.35
2025-07-12 05:31:02.375 INFO: Epoch 34: head: Default, loss=3.5600, RMSE_MU_per_atom=0.00 mDebye, RMSE_MU_DERIV=0.00 mDebye / A, RMSE_ALPHA_per_atom=    0.31, RMSE_ALPHA_DERIV=    3.59
2025-07-12 05:31:46.041 INFO: Epoch 35: head: Default, loss=4.2755, RMSE_MU_per_atom=0.00 mDebye, RMSE_MU_DERIV=0.00 mDebye / A, RMSE_ALPHA_per_atom=    0.22, RMSE_ALPHA_DERIV=    3.64
2025-07-12 05:32:29.716 INFO: Epoch 36: head: Default, loss=3.6965, RMSE_MU_per_atom=0.00 mDebye, RMSE_MU_DERIV=0.00 mDebye / A, RMSE_ALPHA_per_atom=    0.35, RMSE_ALPHA_DERIV=    3.47
2025-07-12 05:33:13.385 INFO: Epoch 37: head: Default, loss=3.9618, RMSE_MU_per_atom=0.00 mDebye, RMSE_MU_DERIV=0.00 mDebye / A, RMSE_ALPHA_per_atom=    0.27, RMSE_ALPHA_DERIV=    3.51
2025-07-12 05:33:57.053 INFO: Epoch 38: head: Default, loss=4.1894, RMSE_MU_per_atom=0.00 mDebye, RMSE_MU_DERIV=0.00 mDebye / A, RMSE_ALPHA_per_atom=    0.25, RMSE_ALPHA_DERIV=    3.60
2025-07-12 05:34:40.722 INFO: Epoch 39: head: Default, loss=3.1044, RMSE_MU_per_atom=0.00 mDebye, RMSE_MU_DERIV=0.00 mDebye / A, RMSE_ALPHA_per_atom=    0.26, RMSE_ALPHA_DERIV=    3.18
2025-07-12 05:34:40.723 DEBUG: Deleting old checkpoint file: ./checkpoints/MoWSSe_susram_ndata_all_subset_240_weights_10_1_run-123_epoch-32.pt
2025-07-12 05:34:40.723 DEBUG: Saving checkpoint: ./checkpoints/MoWSSe_susram_ndata_all_subset_240_weights_10_1_run-123_epoch-39.pt
2025-07-12 05:35:24.434 INFO: Epoch 40: head: Default, loss=3.2829, RMSE_MU_per_atom=0.00 mDebye, RMSE_MU_DERIV=0.00 mDebye / A, RMSE_ALPHA_per_atom=    0.11, RMSE_ALPHA_DERIV=    3.29
2025-07-12 05:36:08.102 INFO: Epoch 41: head: Default, loss=3.1796, RMSE_MU_per_atom=0.00 mDebye, RMSE_MU_DERIV=0.00 mDebye / A, RMSE_ALPHA_per_atom=    0.31, RMSE_ALPHA_DERIV=    3.19
2025-07-12 05:36:51.783 INFO: Epoch 42: head: Default, loss=3.6516, RMSE_MU_per_atom=0.00 mDebye, RMSE_MU_DERIV=0.00 mDebye / A, RMSE_ALPHA_per_atom=    0.15, RMSE_ALPHA_DERIV=    3.37
2025-07-12 05:37:35.456 INFO: Epoch 43: head: Default, loss=2.9531, RMSE_MU_per_atom=0.00 mDebye, RMSE_MU_DERIV=0.00 mDebye / A, RMSE_ALPHA_per_atom=    0.09, RMSE_ALPHA_DERIV=    3.14
2025-07-12 05:37:35.457 DEBUG: Deleting old checkpoint file: ./checkpoints/MoWSSe_susram_ndata_all_subset_240_weights_10_1_run-123_epoch-39.pt
2025-07-12 05:37:35.457 DEBUG: Saving checkpoint: ./checkpoints/MoWSSe_susram_ndata_all_subset_240_weights_10_1_run-123_epoch-43.pt
2025-07-12 05:38:19.169 INFO: Epoch 44: head: Default, loss=2.7257, RMSE_MU_per_atom=0.00 mDebye, RMSE_MU_DERIV=0.00 mDebye / A, RMSE_ALPHA_per_atom=    0.21, RMSE_ALPHA_DERIV=    3.01
2025-07-12 05:38:19.169 DEBUG: Deleting old checkpoint file: ./checkpoints/MoWSSe_susram_ndata_all_subset_240_weights_10_1_run-123_epoch-43.pt
2025-07-12 05:38:19.170 DEBUG: Saving checkpoint: ./checkpoints/MoWSSe_susram_ndata_all_subset_240_weights_10_1_run-123_epoch-44.pt
2025-07-12 05:39:02.890 INFO: Epoch 45: head: Default, loss=3.0335, RMSE_MU_per_atom=0.00 mDebye, RMSE_MU_DERIV=0.00 mDebye / A, RMSE_ALPHA_per_atom=    0.12, RMSE_ALPHA_DERIV=    3.17
2025-07-12 05:39:46.557 INFO: Epoch 46: head: Default, loss=2.9819, RMSE_MU_per_atom=0.00 mDebye, RMSE_MU_DERIV=0.00 mDebye / A, RMSE_ALPHA_per_atom=    0.13, RMSE_ALPHA_DERIV=    3.12
2025-07-12 05:40:30.226 INFO: Epoch 47: head: Default, loss=2.7373, RMSE_MU_per_atom=0.00 mDebye, RMSE_MU_DERIV=0.00 mDebye / A, RMSE_ALPHA_per_atom=    0.13, RMSE_ALPHA_DERIV=    3.09
2025-07-12 05:41:13.925 INFO: Epoch 48: head: Default, loss=3.4279, RMSE_MU_per_atom=0.00 mDebye, RMSE_MU_DERIV=0.00 mDebye / A, RMSE_ALPHA_per_atom=    0.29, RMSE_ALPHA_DERIV=    3.24
2025-07-12 05:41:57.603 INFO: Epoch 49: head: Default, loss=3.2218, RMSE_MU_per_atom=0.00 mDebye, RMSE_MU_DERIV=0.00 mDebye / A, RMSE_ALPHA_per_atom=    0.12, RMSE_ALPHA_DERIV=    3.20
2025-07-12 05:42:41.276 INFO: Epoch 50: head: Default, loss=3.3010, RMSE_MU_per_atom=0.00 mDebye, RMSE_MU_DERIV=0.00 mDebye / A, RMSE_ALPHA_per_atom=    0.22, RMSE_ALPHA_DERIV=    3.21
2025-07-12 05:43:24.944 INFO: Epoch 51: head: Default, loss=3.0324, RMSE_MU_per_atom=0.00 mDebye, RMSE_MU_DERIV=0.00 mDebye / A, RMSE_ALPHA_per_atom=    0.27, RMSE_ALPHA_DERIV=    3.21
2025-07-12 05:44:08.622 INFO: Epoch 52: head: Default, loss=2.9118, RMSE_MU_per_atom=0.00 mDebye, RMSE_MU_DERIV=0.00 mDebye / A, RMSE_ALPHA_per_atom=    0.25, RMSE_ALPHA_DERIV=    3.05
2025-07-12 05:44:52.297 INFO: Epoch 53: head: Default, loss=2.8593, RMSE_MU_per_atom=0.00 mDebye, RMSE_MU_DERIV=0.00 mDebye / A, RMSE_ALPHA_per_atom=    0.24, RMSE_ALPHA_DERIV=    3.03
2025-07-12 05:45:35.986 INFO: Epoch 54: head: Default, loss=2.9440, RMSE_MU_per_atom=0.00 mDebye, RMSE_MU_DERIV=0.00 mDebye / A, RMSE_ALPHA_per_atom=    0.15, RMSE_ALPHA_DERIV=    3.05
2025-07-12 05:46:19.658 INFO: Epoch 55: head: Default, loss=3.2546, RMSE_MU_per_atom=0.00 mDebye, RMSE_MU_DERIV=0.00 mDebye / A, RMSE_ALPHA_per_atom=    0.16, RMSE_ALPHA_DERIV=    3.20
2025-07-12 05:47:03.333 INFO: Epoch 56: head: Default, loss=2.7501, RMSE_MU_per_atom=0.00 mDebye, RMSE_MU_DERIV=0.00 mDebye / A, RMSE_ALPHA_per_atom=    0.09, RMSE_ALPHA_DERIV=    3.02
2025-07-12 05:47:47.009 INFO: Epoch 57: head: Default, loss=2.3386, RMSE_MU_per_atom=0.00 mDebye, RMSE_MU_DERIV=0.00 mDebye / A, RMSE_ALPHA_per_atom=    0.22, RMSE_ALPHA_DERIV=    2.81
2025-07-12 05:47:47.010 DEBUG: Deleting old checkpoint file: ./checkpoints/MoWSSe_susram_ndata_all_subset_240_weights_10_1_run-123_epoch-44.pt
2025-07-12 05:47:47.010 DEBUG: Saving checkpoint: ./checkpoints/MoWSSe_susram_ndata_all_subset_240_weights_10_1_run-123_epoch-57.pt
2025-07-12 05:48:30.721 INFO: Epoch 58: head: Default, loss=2.3376, RMSE_MU_per_atom=0.00 mDebye, RMSE_MU_DERIV=0.00 mDebye / A, RMSE_ALPHA_per_atom=    0.12, RMSE_ALPHA_DERIV=    2.83
2025-07-12 05:48:30.722 DEBUG: Deleting old checkpoint file: ./checkpoints/MoWSSe_susram_ndata_all_subset_240_weights_10_1_run-123_epoch-57.pt
2025-07-12 05:48:30.723 DEBUG: Saving checkpoint: ./checkpoints/MoWSSe_susram_ndata_all_subset_240_weights_10_1_run-123_epoch-58.pt
2025-07-12 05:49:14.427 INFO: Epoch 59: head: Default, loss=3.1891, RMSE_MU_per_atom=0.00 mDebye, RMSE_MU_DERIV=0.00 mDebye / A, RMSE_ALPHA_per_atom=    0.20, RMSE_ALPHA_DERIV=    3.13
2025-07-12 05:49:58.101 INFO: Epoch 60: head: Default, loss=3.2138, RMSE_MU_per_atom=0.00 mDebye, RMSE_MU_DERIV=0.00 mDebye / A, RMSE_ALPHA_per_atom=    0.14, RMSE_ALPHA_DERIV=    3.14
2025-07-12 05:50:41.782 INFO: Epoch 61: head: Default, loss=2.8436, RMSE_MU_per_atom=0.00 mDebye, RMSE_MU_DERIV=0.00 mDebye / A, RMSE_ALPHA_per_atom=    0.37, RMSE_ALPHA_DERIV=    2.94
2025-07-12 05:51:25.450 INFO: Epoch 62: head: Default, loss=2.8035, RMSE_MU_per_atom=0.00 mDebye, RMSE_MU_DERIV=0.00 mDebye / A, RMSE_ALPHA_per_atom=    0.17, RMSE_ALPHA_DERIV=    3.02
2025-07-12 05:52:09.122 INFO: Epoch 63: head: Default, loss=3.0224, RMSE_MU_per_atom=0.00 mDebye, RMSE_MU_DERIV=0.00 mDebye / A, RMSE_ALPHA_per_atom=    0.08, RMSE_ALPHA_DERIV=    3.18
2025-07-12 05:52:52.795 INFO: Epoch 64: head: Default, loss=2.3577, RMSE_MU_per_atom=0.00 mDebye, RMSE_MU_DERIV=0.00 mDebye / A, RMSE_ALPHA_per_atom=    0.18, RMSE_ALPHA_DERIV=    2.80
2025-07-12 05:53:36.473 INFO: Epoch 65: head: Default, loss=2.8210, RMSE_MU_per_atom=0.00 mDebye, RMSE_MU_DERIV=0.00 mDebye / A, RMSE_ALPHA_per_atom=    0.07, RMSE_ALPHA_DERIV=    2.98
2025-07-12 05:54:20.132 INFO: Epoch 66: head: Default, loss=3.1559, RMSE_MU_per_atom=0.00 mDebye, RMSE_MU_DERIV=0.00 mDebye / A, RMSE_ALPHA_per_atom=    0.13, RMSE_ALPHA_DERIV=    3.12
2025-07-12 05:55:03.779 INFO: Epoch 67: head: Default, loss=2.2024, RMSE_MU_per_atom=0.00 mDebye, RMSE_MU_DERIV=0.00 mDebye / A, RMSE_ALPHA_per_atom=    0.16, RMSE_ALPHA_DERIV=    2.73
2025-07-12 05:55:03.780 DEBUG: Deleting old checkpoint file: ./checkpoints/MoWSSe_susram_ndata_all_subset_240_weights_10_1_run-123_epoch-58.pt
2025-07-12 05:55:03.780 DEBUG: Saving checkpoint: ./checkpoints/MoWSSe_susram_ndata_all_subset_240_weights_10_1_run-123_epoch-67.pt
2025-07-12 05:55:47.499 INFO: Epoch 68: head: Default, loss=2.3383, RMSE_MU_per_atom=0.00 mDebye, RMSE_MU_DERIV=0.00 mDebye / A, RMSE_ALPHA_per_atom=    0.15, RMSE_ALPHA_DERIV=    2.83
2025-07-12 05:56:31.188 INFO: Epoch 69: head: Default, loss=2.1130, RMSE_MU_per_atom=0.00 mDebye, RMSE_MU_DERIV=0.00 mDebye / A, RMSE_ALPHA_per_atom=    0.15, RMSE_ALPHA_DERIV=    2.82
2025-07-12 05:56:31.189 DEBUG: Deleting old checkpoint file: ./checkpoints/MoWSSe_susram_ndata_all_subset_240_weights_10_1_run-123_epoch-67.pt
2025-07-12 05:56:31.189 DEBUG: Saving checkpoint: ./checkpoints/MoWSSe_susram_ndata_all_subset_240_weights_10_1_run-123_epoch-69.pt
2025-07-12 05:57:14.912 INFO: Epoch 70: head: Default, loss=2.8468, RMSE_MU_per_atom=0.00 mDebye, RMSE_MU_DERIV=0.00 mDebye / A, RMSE_ALPHA_per_atom=    0.12, RMSE_ALPHA_DERIV=    2.98
2025-07-12 05:57:58.609 INFO: Epoch 71: head: Default, loss=2.3985, RMSE_MU_per_atom=0.00 mDebye, RMSE_MU_DERIV=0.00 mDebye / A, RMSE_ALPHA_per_atom=    0.20, RMSE_ALPHA_DERIV=    2.83
2025-07-12 05:58:42.285 INFO: Epoch 72: head: Default, loss=2.5568, RMSE_MU_per_atom=0.00 mDebye, RMSE_MU_DERIV=0.00 mDebye / A, RMSE_ALPHA_per_atom=    0.13, RMSE_ALPHA_DERIV=    2.89
2025-07-12 05:59:25.943 INFO: Epoch 73: head: Default, loss=2.4001, RMSE_MU_per_atom=0.00 mDebye, RMSE_MU_DERIV=0.00 mDebye / A, RMSE_ALPHA_per_atom=    0.18, RMSE_ALPHA_DERIV=    2.77
2025-07-12 06:00:09.607 INFO: Epoch 74: head: Default, loss=2.6836, RMSE_MU_per_atom=0.00 mDebye, RMSE_MU_DERIV=0.00 mDebye / A, RMSE_ALPHA_per_atom=    0.13, RMSE_ALPHA_DERIV=    2.90
2025-07-12 06:00:53.274 INFO: Epoch 75: head: Default, loss=2.2218, RMSE_MU_per_atom=0.00 mDebye, RMSE_MU_DERIV=0.00 mDebye / A, RMSE_ALPHA_per_atom=    0.06, RMSE_ALPHA_DERIV=    2.73
2025-07-12 06:01:36.954 INFO: Epoch 76: head: Default, loss=2.8439, RMSE_MU_per_atom=0.00 mDebye, RMSE_MU_DERIV=0.00 mDebye / A, RMSE_ALPHA_per_atom=    0.15, RMSE_ALPHA_DERIV=    2.96
2025-07-12 06:02:20.641 INFO: Epoch 77: head: Default, loss=2.2326, RMSE_MU_per_atom=0.00 mDebye, RMSE_MU_DERIV=0.00 mDebye / A, RMSE_ALPHA_per_atom=    0.15, RMSE_ALPHA_DERIV=    2.86
2025-07-12 06:03:04.312 INFO: Epoch 78: head: Default, loss=2.1791, RMSE_MU_per_atom=0.00 mDebye, RMSE_MU_DERIV=0.00 mDebye / A, RMSE_ALPHA_per_atom=    0.09, RMSE_ALPHA_DERIV=    2.72
2025-07-12 06:03:47.971 INFO: Epoch 79: head: Default, loss=2.9493, RMSE_MU_per_atom=0.00 mDebye, RMSE_MU_DERIV=0.00 mDebye / A, RMSE_ALPHA_per_atom=    0.18, RMSE_ALPHA_DERIV=    2.98
2025-07-12 06:04:31.642 INFO: Epoch 80: head: Default, loss=2.6496, RMSE_MU_per_atom=0.00 mDebye, RMSE_MU_DERIV=0.00 mDebye / A, RMSE_ALPHA_per_atom=    0.20, RMSE_ALPHA_DERIV=    2.87
2025-07-12 06:05:15.327 INFO: Epoch 81: head: Default, loss=2.2418, RMSE_MU_per_atom=0.00 mDebye, RMSE_MU_DERIV=0.00 mDebye / A, RMSE_ALPHA_per_atom=    0.24, RMSE_ALPHA_DERIV=    2.68
2025-07-12 06:05:58.998 INFO: Epoch 82: head: Default, loss=2.4475, RMSE_MU_per_atom=0.00 mDebye, RMSE_MU_DERIV=0.00 mDebye / A, RMSE_ALPHA_per_atom=    0.10, RMSE_ALPHA_DERIV=    2.77
2025-07-12 06:06:42.671 INFO: Epoch 83: head: Default, loss=2.5112, RMSE_MU_per_atom=0.00 mDebye, RMSE_MU_DERIV=0.00 mDebye / A, RMSE_ALPHA_per_atom=    0.15, RMSE_ALPHA_DERIV=    2.81
2025-07-12 06:07:26.354 INFO: Epoch 84: head: Default, loss=2.5264, RMSE_MU_per_atom=0.00 mDebye, RMSE_MU_DERIV=0.00 mDebye / A, RMSE_ALPHA_per_atom=    0.10, RMSE_ALPHA_DERIV=    2.83
2025-07-12 06:08:10.029 INFO: Epoch 85: head: Default, loss=2.0359, RMSE_MU_per_atom=0.00 mDebye, RMSE_MU_DERIV=0.00 mDebye / A, RMSE_ALPHA_per_atom=    0.08, RMSE_ALPHA_DERIV=    2.60
2025-07-12 06:08:10.030 DEBUG: Deleting old checkpoint file: ./checkpoints/MoWSSe_susram_ndata_all_subset_240_weights_10_1_run-123_epoch-69.pt
2025-07-12 06:08:10.030 DEBUG: Saving checkpoint: ./checkpoints/MoWSSe_susram_ndata_all_subset_240_weights_10_1_run-123_epoch-85.pt
2025-07-12 06:08:53.758 INFO: Epoch 86: head: Default, loss=2.7174, RMSE_MU_per_atom=0.00 mDebye, RMSE_MU_DERIV=0.00 mDebye / A, RMSE_ALPHA_per_atom=    0.21, RMSE_ALPHA_DERIV=    2.85
2025-07-12 06:09:37.436 INFO: Epoch 87: head: Default, loss=2.6737, RMSE_MU_per_atom=0.00 mDebye, RMSE_MU_DERIV=0.00 mDebye / A, RMSE_ALPHA_per_atom=    0.12, RMSE_ALPHA_DERIV=    2.85
2025-07-12 06:10:21.114 INFO: Epoch 88: head: Default, loss=2.4415, RMSE_MU_per_atom=0.00 mDebye, RMSE_MU_DERIV=0.00 mDebye / A, RMSE_ALPHA_per_atom=    0.13, RMSE_ALPHA_DERIV=    2.78
2025-07-12 06:11:04.784 INFO: Epoch 89: head: Default, loss=2.0467, RMSE_MU_per_atom=0.00 mDebye, RMSE_MU_DERIV=0.00 mDebye / A, RMSE_ALPHA_per_atom=    0.14, RMSE_ALPHA_DERIV=    2.59
2025-07-12 06:11:48.454 INFO: Epoch 90: head: Default, loss=3.0028, RMSE_MU_per_atom=0.00 mDebye, RMSE_MU_DERIV=0.00 mDebye / A, RMSE_ALPHA_per_atom=    0.22, RMSE_ALPHA_DERIV=    2.99
2025-07-12 06:12:32.113 INFO: Epoch 91: head: Default, loss=2.8598, RMSE_MU_per_atom=0.00 mDebye, RMSE_MU_DERIV=0.00 mDebye / A, RMSE_ALPHA_per_atom=    0.10, RMSE_ALPHA_DERIV=    2.96
2025-07-12 06:13:15.794 INFO: Epoch 92: head: Default, loss=2.3836, RMSE_MU_per_atom=0.00 mDebye, RMSE_MU_DERIV=0.00 mDebye / A, RMSE_ALPHA_per_atom=    0.26, RMSE_ALPHA_DERIV=    2.69
2025-07-12 06:13:59.465 INFO: Epoch 93: head: Default, loss=2.1017, RMSE_MU_per_atom=0.00 mDebye, RMSE_MU_DERIV=0.00 mDebye / A, RMSE_ALPHA_per_atom=    0.26, RMSE_ALPHA_DERIV=    2.64
2025-07-12 06:14:43.141 INFO: Epoch 94: head: Default, loss=2.2082, RMSE_MU_per_atom=0.00 mDebye, RMSE_MU_DERIV=0.00 mDebye / A, RMSE_ALPHA_per_atom=    0.15, RMSE_ALPHA_DERIV=    2.63
2025-07-12 06:15:26.821 INFO: Epoch 95: head: Default, loss=2.0383, RMSE_MU_per_atom=0.00 mDebye, RMSE_MU_DERIV=0.00 mDebye / A, RMSE_ALPHA_per_atom=    0.08, RMSE_ALPHA_DERIV=    2.58
2025-07-12 06:16:10.517 INFO: Epoch 96: head: Default, loss=2.3662, RMSE_MU_per_atom=0.00 mDebye, RMSE_MU_DERIV=0.00 mDebye / A, RMSE_ALPHA_per_atom=    0.16, RMSE_ALPHA_DERIV=    2.70
2025-07-12 06:16:54.208 INFO: Epoch 97: head: Default, loss=2.2899, RMSE_MU_per_atom=0.00 mDebye, RMSE_MU_DERIV=0.00 mDebye / A, RMSE_ALPHA_per_atom=    0.09, RMSE_ALPHA_DERIV=    2.71
2025-07-12 06:17:37.889 INFO: Epoch 98: head: Default, loss=2.2317, RMSE_MU_per_atom=0.00 mDebye, RMSE_MU_DERIV=0.00 mDebye / A, RMSE_ALPHA_per_atom=    0.24, RMSE_ALPHA_DERIV=    2.70
2025-07-12 06:18:21.554 INFO: Epoch 99: head: Default, loss=2.0164, RMSE_MU_per_atom=0.00 mDebye, RMSE_MU_DERIV=0.00 mDebye / A, RMSE_ALPHA_per_atom=    0.17, RMSE_ALPHA_DERIV=    2.59
2025-07-12 06:18:21.555 DEBUG: Deleting old checkpoint file: ./checkpoints/MoWSSe_susram_ndata_all_subset_240_weights_10_1_run-123_epoch-85.pt
2025-07-12 06:18:21.555 DEBUG: Saving checkpoint: ./checkpoints/MoWSSe_susram_ndata_all_subset_240_weights_10_1_run-123_epoch-99.pt
2025-07-12 06:19:05.275 INFO: Epoch 100: head: Default, loss=1.8821, RMSE_MU_per_atom=0.00 mDebye, RMSE_MU_DERIV=0.00 mDebye / A, RMSE_ALPHA_per_atom=    0.21, RMSE_ALPHA_DERIV=    2.55
2025-07-12 06:19:05.275 DEBUG: Deleting old checkpoint file: ./checkpoints/MoWSSe_susram_ndata_all_subset_240_weights_10_1_run-123_epoch-99.pt
2025-07-12 06:19:05.276 DEBUG: Saving checkpoint: ./checkpoints/MoWSSe_susram_ndata_all_subset_240_weights_10_1_run-123_epoch-100.pt
2025-07-12 06:19:49.003 INFO: Epoch 101: head: Default, loss=2.0105, RMSE_MU_per_atom=0.00 mDebye, RMSE_MU_DERIV=0.00 mDebye / A, RMSE_ALPHA_per_atom=    0.22, RMSE_ALPHA_DERIV=    2.55
2025-07-12 06:20:32.678 INFO: Epoch 102: head: Default, loss=2.6018, RMSE_MU_per_atom=0.00 mDebye, RMSE_MU_DERIV=0.00 mDebye / A, RMSE_ALPHA_per_atom=    0.12, RMSE_ALPHA_DERIV=    2.78
2025-07-12 06:21:16.340 INFO: Epoch 103: head: Default, loss=2.4079, RMSE_MU_per_atom=0.00 mDebye, RMSE_MU_DERIV=0.00 mDebye / A, RMSE_ALPHA_per_atom=    0.12, RMSE_ALPHA_DERIV=    2.75
2025-07-12 06:22:00.008 INFO: Epoch 104: head: Default, loss=2.2799, RMSE_MU_per_atom=0.00 mDebye, RMSE_MU_DERIV=0.00 mDebye / A, RMSE_ALPHA_per_atom=    0.21, RMSE_ALPHA_DERIV=    2.64
2025-07-12 06:22:43.664 INFO: Epoch 105: head: Default, loss=1.9421, RMSE_MU_per_atom=0.00 mDebye, RMSE_MU_DERIV=0.00 mDebye / A, RMSE_ALPHA_per_atom=    0.09, RMSE_ALPHA_DERIV=    2.55
2025-07-12 06:23:27.338 INFO: Epoch 106: head: Default, loss=2.3740, RMSE_MU_per_atom=0.00 mDebye, RMSE_MU_DERIV=0.00 mDebye / A, RMSE_ALPHA_per_atom=    0.10, RMSE_ALPHA_DERIV=    2.71
2025-07-12 06:24:11.024 INFO: Epoch 107: head: Default, loss=2.7723, RMSE_MU_per_atom=0.00 mDebye, RMSE_MU_DERIV=0.00 mDebye / A, RMSE_ALPHA_per_atom=    0.18, RMSE_ALPHA_DERIV=    2.85
2025-07-12 06:24:54.695 INFO: Epoch 108: head: Default, loss=2.1496, RMSE_MU_per_atom=0.00 mDebye, RMSE_MU_DERIV=0.00 mDebye / A, RMSE_ALPHA_per_atom=    0.13, RMSE_ALPHA_DERIV=    2.61
2025-07-12 06:25:38.376 INFO: Epoch 109: head: Default, loss=2.3878, RMSE_MU_per_atom=0.00 mDebye, RMSE_MU_DERIV=0.00 mDebye / A, RMSE_ALPHA_per_atom=    0.09, RMSE_ALPHA_DERIV=    2.74
2025-07-12 06:26:22.050 INFO: Epoch 110: head: Default, loss=2.3050, RMSE_MU_per_atom=0.00 mDebye, RMSE_MU_DERIV=0.00 mDebye / A, RMSE_ALPHA_per_atom=    0.15, RMSE_ALPHA_DERIV=    2.67
2025-07-12 06:27:05.729 INFO: Epoch 111: head: Default, loss=2.0685, RMSE_MU_per_atom=0.00 mDebye, RMSE_MU_DERIV=0.00 mDebye / A, RMSE_ALPHA_per_atom=    0.13, RMSE_ALPHA_DERIV=    2.55
2025-07-12 06:27:49.394 INFO: Epoch 112: head: Default, loss=2.0255, RMSE_MU_per_atom=0.00 mDebye, RMSE_MU_DERIV=0.00 mDebye / A, RMSE_ALPHA_per_atom=    0.07, RMSE_ALPHA_DERIV=    2.55
2025-07-12 06:28:33.055 INFO: Epoch 113: head: Default, loss=2.2993, RMSE_MU_per_atom=0.00 mDebye, RMSE_MU_DERIV=0.00 mDebye / A, RMSE_ALPHA_per_atom=    0.10, RMSE_ALPHA_DERIV=    2.67
2025-07-12 06:29:16.734 INFO: Epoch 114: head: Default, loss=2.6382, RMSE_MU_per_atom=0.00 mDebye, RMSE_MU_DERIV=0.00 mDebye / A, RMSE_ALPHA_per_atom=    0.17, RMSE_ALPHA_DERIV=    2.80
2025-07-12 06:30:00.404 INFO: Epoch 115: head: Default, loss=2.1417, RMSE_MU_per_atom=0.00 mDebye, RMSE_MU_DERIV=0.00 mDebye / A, RMSE_ALPHA_per_atom=    0.13, RMSE_ALPHA_DERIV=    2.61
2025-07-12 06:30:44.073 INFO: Epoch 116: head: Default, loss=2.6037, RMSE_MU_per_atom=0.00 mDebye, RMSE_MU_DERIV=0.00 mDebye / A, RMSE_ALPHA_per_atom=    0.14, RMSE_ALPHA_DERIV=    2.79
2025-07-12 06:31:27.759 INFO: Epoch 117: head: Default, loss=2.1769, RMSE_MU_per_atom=0.00 mDebye, RMSE_MU_DERIV=0.00 mDebye / A, RMSE_ALPHA_per_atom=    0.11, RMSE_ALPHA_DERIV=    2.61
2025-07-12 06:32:11.419 INFO: Epoch 118: head: Default, loss=2.5249, RMSE_MU_per_atom=0.00 mDebye, RMSE_MU_DERIV=0.00 mDebye / A, RMSE_ALPHA_per_atom=    0.13, RMSE_ALPHA_DERIV=    2.76
2025-07-12 06:32:55.097 INFO: Epoch 119: head: Default, loss=2.3752, RMSE_MU_per_atom=0.00 mDebye, RMSE_MU_DERIV=0.00 mDebye / A, RMSE_ALPHA_per_atom=    0.11, RMSE_ALPHA_DERIV=    2.72
2025-07-12 06:33:38.770 INFO: Epoch 120: head: Default, loss=1.8945, RMSE_MU_per_atom=0.00 mDebye, RMSE_MU_DERIV=0.00 mDebye / A, RMSE_ALPHA_per_atom=    0.06, RMSE_ALPHA_DERIV=    2.48
2025-07-12 06:34:22.454 INFO: Epoch 121: head: Default, loss=1.7877, RMSE_MU_per_atom=0.00 mDebye, RMSE_MU_DERIV=0.00 mDebye / A, RMSE_ALPHA_per_atom=    0.15, RMSE_ALPHA_DERIV=    2.44
2025-07-12 06:34:22.455 DEBUG: Deleting old checkpoint file: ./checkpoints/MoWSSe_susram_ndata_all_subset_240_weights_10_1_run-123_epoch-100.pt
2025-07-12 06:34:22.456 DEBUG: Saving checkpoint: ./checkpoints/MoWSSe_susram_ndata_all_subset_240_weights_10_1_run-123_epoch-121.pt
2025-07-12 06:35:06.177 INFO: Epoch 122: head: Default, loss=2.1834, RMSE_MU_per_atom=0.00 mDebye, RMSE_MU_DERIV=0.00 mDebye / A, RMSE_ALPHA_per_atom=    0.09, RMSE_ALPHA_DERIV=    2.60
2025-07-12 06:35:49.865 INFO: Epoch 123: head: Default, loss=2.5161, RMSE_MU_per_atom=0.00 mDebye, RMSE_MU_DERIV=0.00 mDebye / A, RMSE_ALPHA_per_atom=    0.09, RMSE_ALPHA_DERIV=    2.76
2025-07-12 06:36:33.556 INFO: Epoch 124: head: Default, loss=1.9553, RMSE_MU_per_atom=0.00 mDebye, RMSE_MU_DERIV=0.00 mDebye / A, RMSE_ALPHA_per_atom=    0.12, RMSE_ALPHA_DERIV=    2.52
2025-07-12 06:37:17.231 INFO: Epoch 125: head: Default, loss=2.1524, RMSE_MU_per_atom=0.00 mDebye, RMSE_MU_DERIV=0.00 mDebye / A, RMSE_ALPHA_per_atom=    0.22, RMSE_ALPHA_DERIV=    2.59
2025-07-12 06:38:00.912 INFO: Epoch 126: head: Default, loss=3.3369, RMSE_MU_per_atom=0.00 mDebye, RMSE_MU_DERIV=0.00 mDebye / A, RMSE_ALPHA_per_atom=    0.22, RMSE_ALPHA_DERIV=    3.05
2025-07-12 06:38:44.579 INFO: Epoch 127: head: Default, loss=1.9402, RMSE_MU_per_atom=0.00 mDebye, RMSE_MU_DERIV=0.00 mDebye / A, RMSE_ALPHA_per_atom=    0.08, RMSE_ALPHA_DERIV=    2.49
2025-07-12 06:39:28.264 INFO: Epoch 128: head: Default, loss=2.1769, RMSE_MU_per_atom=0.00 mDebye, RMSE_MU_DERIV=0.00 mDebye / A, RMSE_ALPHA_per_atom=    0.13, RMSE_ALPHA_DERIV=    2.59
2025-07-12 06:40:11.940 INFO: Epoch 129: head: Default, loss=1.8933, RMSE_MU_per_atom=0.00 mDebye, RMSE_MU_DERIV=0.00 mDebye / A, RMSE_ALPHA_per_atom=    0.12, RMSE_ALPHA_DERIV=    2.47
2025-07-12 06:40:55.636 INFO: Epoch 130: head: Default, loss=1.9329, RMSE_MU_per_atom=0.00 mDebye, RMSE_MU_DERIV=0.00 mDebye / A, RMSE_ALPHA_per_atom=    0.11, RMSE_ALPHA_DERIV=    2.50
2025-07-12 06:41:39.338 INFO: Epoch 131: head: Default, loss=2.2975, RMSE_MU_per_atom=0.00 mDebye, RMSE_MU_DERIV=0.00 mDebye / A, RMSE_ALPHA_per_atom=    0.19, RMSE_ALPHA_DERIV=    2.65
2025-07-12 06:42:23.020 INFO: Epoch 132: head: Default, loss=2.3609, RMSE_MU_per_atom=0.00 mDebye, RMSE_MU_DERIV=0.00 mDebye / A, RMSE_ALPHA_per_atom=    0.21, RMSE_ALPHA_DERIV=    2.65
2025-07-12 06:43:06.697 INFO: Epoch 133: head: Default, loss=2.1730, RMSE_MU_per_atom=0.00 mDebye, RMSE_MU_DERIV=0.00 mDebye / A, RMSE_ALPHA_per_atom=    0.13, RMSE_ALPHA_DERIV=    2.59
2025-07-12 06:43:50.383 INFO: Epoch 134: head: Default, loss=2.4034, RMSE_MU_per_atom=0.00 mDebye, RMSE_MU_DERIV=0.00 mDebye / A, RMSE_ALPHA_per_atom=    0.15, RMSE_ALPHA_DERIV=    2.68
2025-07-12 06:44:34.067 INFO: Epoch 135: head: Default, loss=2.1696, RMSE_MU_per_atom=0.00 mDebye, RMSE_MU_DERIV=0.00 mDebye / A, RMSE_ALPHA_per_atom=    0.13, RMSE_ALPHA_DERIV=    2.58
2025-07-12 06:45:17.750 INFO: Epoch 136: head: Default, loss=2.3024, RMSE_MU_per_atom=0.00 mDebye, RMSE_MU_DERIV=0.00 mDebye / A, RMSE_ALPHA_per_atom=    0.21, RMSE_ALPHA_DERIV=    2.62
2025-07-12 06:46:01.425 INFO: Epoch 137: head: Default, loss=2.1783, RMSE_MU_per_atom=0.00 mDebye, RMSE_MU_DERIV=0.00 mDebye / A, RMSE_ALPHA_per_atom=    0.06, RMSE_ALPHA_DERIV=    2.58
2025-07-12 06:46:45.088 INFO: Epoch 138: head: Default, loss=2.3727, RMSE_MU_per_atom=0.00 mDebye, RMSE_MU_DERIV=0.00 mDebye / A, RMSE_ALPHA_per_atom=    0.28, RMSE_ALPHA_DERIV=    2.61
2025-07-12 06:47:28.760 INFO: Epoch 139: head: Default, loss=2.7328, RMSE_MU_per_atom=0.00 mDebye, RMSE_MU_DERIV=0.00 mDebye / A, RMSE_ALPHA_per_atom=    0.21, RMSE_ALPHA_DERIV=    2.82
2025-07-12 06:48:12.440 INFO: Epoch 140: head: Default, loss=2.2085, RMSE_MU_per_atom=0.00 mDebye, RMSE_MU_DERIV=0.00 mDebye / A, RMSE_ALPHA_per_atom=    0.12, RMSE_ALPHA_DERIV=    2.61
2025-07-12 06:48:56.111 INFO: Epoch 141: head: Default, loss=2.8146, RMSE_MU_per_atom=0.00 mDebye, RMSE_MU_DERIV=0.00 mDebye / A, RMSE_ALPHA_per_atom=    0.12, RMSE_ALPHA_DERIV=    2.85
2025-07-12 06:49:39.806 INFO: Epoch 142: head: Default, loss=1.8891, RMSE_MU_per_atom=0.00 mDebye, RMSE_MU_DERIV=0.00 mDebye / A, RMSE_ALPHA_per_atom=    0.23, RMSE_ALPHA_DERIV=    2.47
2025-07-12 06:50:23.497 INFO: Epoch 143: head: Default, loss=2.0965, RMSE_MU_per_atom=0.00 mDebye, RMSE_MU_DERIV=0.00 mDebye / A, RMSE_ALPHA_per_atom=    0.14, RMSE_ALPHA_DERIV=    2.55
2025-07-12 06:51:07.145 INFO: Epoch 144: head: Default, loss=2.4090, RMSE_MU_per_atom=0.00 mDebye, RMSE_MU_DERIV=0.00 mDebye / A, RMSE_ALPHA_per_atom=    0.15, RMSE_ALPHA_DERIV=    2.68
2025-07-12 06:51:50.821 INFO: Epoch 145: head: Default, loss=2.0957, RMSE_MU_per_atom=0.00 mDebye, RMSE_MU_DERIV=0.00 mDebye / A, RMSE_ALPHA_per_atom=    0.19, RMSE_ALPHA_DERIV=    2.53
2025-07-12 06:52:34.493 INFO: Epoch 146: head: Default, loss=1.8845, RMSE_MU_per_atom=0.00 mDebye, RMSE_MU_DERIV=0.00 mDebye / A, RMSE_ALPHA_per_atom=    0.10, RMSE_ALPHA_DERIV=    2.49
2025-07-12 06:53:18.176 INFO: Epoch 147: head: Default, loss=2.3314, RMSE_MU_per_atom=0.00 mDebye, RMSE_MU_DERIV=0.00 mDebye / A, RMSE_ALPHA_per_atom=    0.06, RMSE_ALPHA_DERIV=    2.64
2025-07-12 06:54:01.856 INFO: Epoch 148: head: Default, loss=2.0901, RMSE_MU_per_atom=0.00 mDebye, RMSE_MU_DERIV=0.00 mDebye / A, RMSE_ALPHA_per_atom=    0.08, RMSE_ALPHA_DERIV=    2.56
2025-07-12 06:54:45.541 INFO: Epoch 149: head: Default, loss=2.1875, RMSE_MU_per_atom=0.00 mDebye, RMSE_MU_DERIV=0.00 mDebye / A, RMSE_ALPHA_per_atom=    0.09, RMSE_ALPHA_DERIV=    2.58
2025-07-12 06:55:29.224 INFO: Epoch 150: head: Default, loss=2.1567, RMSE_MU_per_atom=0.00 mDebye, RMSE_MU_DERIV=0.00 mDebye / A, RMSE_ALPHA_per_atom=    0.07, RMSE_ALPHA_DERIV=    2.59
2025-07-12 06:56:12.913 INFO: Epoch 151: head: Default, loss=2.1653, RMSE_MU_per_atom=0.00 mDebye, RMSE_MU_DERIV=0.00 mDebye / A, RMSE_ALPHA_per_atom=    0.09, RMSE_ALPHA_DERIV=    2.56
2025-07-12 06:56:56.592 INFO: Epoch 152: head: Default, loss=1.7053, RMSE_MU_per_atom=0.00 mDebye, RMSE_MU_DERIV=0.00 mDebye / A, RMSE_ALPHA_per_atom=    0.11, RMSE_ALPHA_DERIV=    2.36
2025-07-12 06:56:56.593 DEBUG: Deleting old checkpoint file: ./checkpoints/MoWSSe_susram_ndata_all_subset_240_weights_10_1_run-123_epoch-121.pt
2025-07-12 06:56:56.593 DEBUG: Saving checkpoint: ./checkpoints/MoWSSe_susram_ndata_all_subset_240_weights_10_1_run-123_epoch-152.pt
2025-07-12 06:57:40.332 INFO: Epoch 153: head: Default, loss=1.9443, RMSE_MU_per_atom=0.00 mDebye, RMSE_MU_DERIV=0.00 mDebye / A, RMSE_ALPHA_per_atom=    0.05, RMSE_ALPHA_DERIV=    2.46
2025-07-12 06:58:24.007 INFO: Epoch 154: head: Default, loss=2.2471, RMSE_MU_per_atom=0.00 mDebye, RMSE_MU_DERIV=0.00 mDebye / A, RMSE_ALPHA_per_atom=    0.18, RMSE_ALPHA_DERIV=    2.60
2025-07-12 06:59:07.684 INFO: Epoch 155: head: Default, loss=2.4971, RMSE_MU_per_atom=0.00 mDebye, RMSE_MU_DERIV=0.00 mDebye / A, RMSE_ALPHA_per_atom=    0.18, RMSE_ALPHA_DERIV=    2.68
2025-07-12 06:59:51.355 INFO: Epoch 156: head: Default, loss=2.0145, RMSE_MU_per_atom=0.00 mDebye, RMSE_MU_DERIV=0.00 mDebye / A, RMSE_ALPHA_per_atom=    0.09, RMSE_ALPHA_DERIV=    2.48
2025-07-12 07:00:35.032 INFO: Epoch 157: head: Default, loss=1.7044, RMSE_MU_per_atom=0.00 mDebye, RMSE_MU_DERIV=0.00 mDebye / A, RMSE_ALPHA_per_atom=    0.13, RMSE_ALPHA_DERIV=    2.38
2025-07-12 07:00:35.033 DEBUG: Deleting old checkpoint file: ./checkpoints/MoWSSe_susram_ndata_all_subset_240_weights_10_1_run-123_epoch-152.pt
2025-07-12 07:00:35.033 DEBUG: Saving checkpoint: ./checkpoints/MoWSSe_susram_ndata_all_subset_240_weights_10_1_run-123_epoch-157.pt
2025-07-12 07:01:18.752 INFO: Epoch 158: head: Default, loss=2.5743, RMSE_MU_per_atom=0.00 mDebye, RMSE_MU_DERIV=0.00 mDebye / A, RMSE_ALPHA_per_atom=    0.14, RMSE_ALPHA_DERIV=    2.73
2025-07-12 07:02:02.418 INFO: Epoch 159: head: Default, loss=2.0087, RMSE_MU_per_atom=0.00 mDebye, RMSE_MU_DERIV=0.00 mDebye / A, RMSE_ALPHA_per_atom=    0.09, RMSE_ALPHA_DERIV=    2.55
2025-07-12 07:02:46.091 INFO: Epoch 160: head: Default, loss=2.0697, RMSE_MU_per_atom=0.00 mDebye, RMSE_MU_DERIV=0.00 mDebye / A, RMSE_ALPHA_per_atom=    0.09, RMSE_ALPHA_DERIV=    2.54
2025-07-12 07:03:29.769 INFO: Epoch 161: head: Default, loss=2.1834, RMSE_MU_per_atom=0.00 mDebye, RMSE_MU_DERIV=0.00 mDebye / A, RMSE_ALPHA_per_atom=    0.07, RMSE_ALPHA_DERIV=    2.56
2025-07-12 07:04:13.430 INFO: Epoch 162: head: Default, loss=1.5483, RMSE_MU_per_atom=0.00 mDebye, RMSE_MU_DERIV=0.00 mDebye / A, RMSE_ALPHA_per_atom=    0.09, RMSE_ALPHA_DERIV=    2.30
2025-07-12 07:04:13.431 DEBUG: Deleting old checkpoint file: ./checkpoints/MoWSSe_susram_ndata_all_subset_240_weights_10_1_run-123_epoch-157.pt
2025-07-12 07:04:13.432 DEBUG: Saving checkpoint: ./checkpoints/MoWSSe_susram_ndata_all_subset_240_weights_10_1_run-123_epoch-162.pt
2025-07-12 07:04:57.146 INFO: Epoch 163: head: Default, loss=2.5760, RMSE_MU_per_atom=0.00 mDebye, RMSE_MU_DERIV=0.00 mDebye / A, RMSE_ALPHA_per_atom=    0.10, RMSE_ALPHA_DERIV=    2.72
2025-07-12 07:05:40.817 INFO: Epoch 164: head: Default, loss=1.9911, RMSE_MU_per_atom=0.00 mDebye, RMSE_MU_DERIV=0.00 mDebye / A, RMSE_ALPHA_per_atom=    0.17, RMSE_ALPHA_DERIV=    2.47
2025-07-12 07:06:24.475 INFO: Epoch 165: head: Default, loss=1.7768, RMSE_MU_per_atom=0.00 mDebye, RMSE_MU_DERIV=0.00 mDebye / A, RMSE_ALPHA_per_atom=    0.14, RMSE_ALPHA_DERIV=    2.54
2025-07-12 07:07:08.145 INFO: Epoch 166: head: Default, loss=1.9850, RMSE_MU_per_atom=0.00 mDebye, RMSE_MU_DERIV=0.00 mDebye / A, RMSE_ALPHA_per_atom=    0.12, RMSE_ALPHA_DERIV=    2.51
2025-07-12 07:07:51.803 INFO: Epoch 167: head: Default, loss=1.8317, RMSE_MU_per_atom=0.00 mDebye, RMSE_MU_DERIV=0.00 mDebye / A, RMSE_ALPHA_per_atom=    0.10, RMSE_ALPHA_DERIV=    2.45
2025-07-12 07:08:35.454 INFO: Epoch 168: head: Default, loss=2.1283, RMSE_MU_per_atom=0.00 mDebye, RMSE_MU_DERIV=0.00 mDebye / A, RMSE_ALPHA_per_atom=    0.07, RMSE_ALPHA_DERIV=    2.54
2025-07-12 07:09:19.106 INFO: Epoch 169: head: Default, loss=2.2508, RMSE_MU_per_atom=0.00 mDebye, RMSE_MU_DERIV=0.00 mDebye / A, RMSE_ALPHA_per_atom=    0.07, RMSE_ALPHA_DERIV=    2.59
2025-07-12 07:10:02.758 INFO: Epoch 170: head: Default, loss=2.3154, RMSE_MU_per_atom=0.00 mDebye, RMSE_MU_DERIV=0.00 mDebye / A, RMSE_ALPHA_per_atom=    0.12, RMSE_ALPHA_DERIV=    2.60
2025-07-12 07:10:46.425 INFO: Epoch 171: head: Default, loss=1.9505, RMSE_MU_per_atom=0.00 mDebye, RMSE_MU_DERIV=0.00 mDebye / A, RMSE_ALPHA_per_atom=    0.06, RMSE_ALPHA_DERIV=    2.47
2025-07-12 07:11:30.072 INFO: Epoch 172: head: Default, loss=2.1512, RMSE_MU_per_atom=0.00 mDebye, RMSE_MU_DERIV=0.00 mDebye / A, RMSE_ALPHA_per_atom=    0.06, RMSE_ALPHA_DERIV=    2.54
2025-07-12 07:12:13.726 INFO: Epoch 173: head: Default, loss=2.6012, RMSE_MU_per_atom=0.00 mDebye, RMSE_MU_DERIV=0.00 mDebye / A, RMSE_ALPHA_per_atom=    0.13, RMSE_ALPHA_DERIV=    2.71
2025-07-12 07:12:57.381 INFO: Epoch 174: head: Default, loss=1.8657, RMSE_MU_per_atom=0.00 mDebye, RMSE_MU_DERIV=0.00 mDebye / A, RMSE_ALPHA_per_atom=    0.07, RMSE_ALPHA_DERIV=    2.42
2025-07-12 07:13:41.020 INFO: Epoch 175: head: Default, loss=1.9627, RMSE_MU_per_atom=0.00 mDebye, RMSE_MU_DERIV=0.00 mDebye / A, RMSE_ALPHA_per_atom=    0.11, RMSE_ALPHA_DERIV=    2.50
2025-07-12 07:14:24.666 INFO: Epoch 176: head: Default, loss=1.9306, RMSE_MU_per_atom=0.00 mDebye, RMSE_MU_DERIV=0.00 mDebye / A, RMSE_ALPHA_per_atom=    0.09, RMSE_ALPHA_DERIV=    2.43
2025-07-12 07:15:08.325 INFO: Epoch 177: head: Default, loss=1.8522, RMSE_MU_per_atom=0.00 mDebye, RMSE_MU_DERIV=0.00 mDebye / A, RMSE_ALPHA_per_atom=    0.11, RMSE_ALPHA_DERIV=    2.45
2025-07-12 07:15:51.996 INFO: Epoch 178: head: Default, loss=1.9671, RMSE_MU_per_atom=0.00 mDebye, RMSE_MU_DERIV=0.00 mDebye / A, RMSE_ALPHA_per_atom=    0.10, RMSE_ALPHA_DERIV=    2.47
2025-07-12 07:16:35.658 INFO: Epoch 179: head: Default, loss=2.2843, RMSE_MU_per_atom=0.00 mDebye, RMSE_MU_DERIV=0.00 mDebye / A, RMSE_ALPHA_per_atom=    0.14, RMSE_ALPHA_DERIV=    2.61
2025-07-12 07:17:19.325 INFO: Epoch 180: head: Default, loss=2.1836, RMSE_MU_per_atom=0.00 mDebye, RMSE_MU_DERIV=0.00 mDebye / A, RMSE_ALPHA_per_atom=    0.17, RMSE_ALPHA_DERIV=    2.55
2025-07-12 07:18:02.984 INFO: Epoch 181: head: Default, loss=1.8670, RMSE_MU_per_atom=0.00 mDebye, RMSE_MU_DERIV=0.00 mDebye / A, RMSE_ALPHA_per_atom=    0.16, RMSE_ALPHA_DERIV=    2.42
2025-07-12 07:18:46.648 INFO: Epoch 182: head: Default, loss=1.8310, RMSE_MU_per_atom=0.00 mDebye, RMSE_MU_DERIV=0.00 mDebye / A, RMSE_ALPHA_per_atom=    0.07, RMSE_ALPHA_DERIV=    2.39
2025-07-12 07:19:30.286 INFO: Epoch 183: head: Default, loss=2.1407, RMSE_MU_per_atom=0.00 mDebye, RMSE_MU_DERIV=0.00 mDebye / A, RMSE_ALPHA_per_atom=    0.07, RMSE_ALPHA_DERIV=    2.52
2025-07-12 07:20:13.925 INFO: Epoch 184: head: Default, loss=1.8434, RMSE_MU_per_atom=0.00 mDebye, RMSE_MU_DERIV=0.00 mDebye / A, RMSE_ALPHA_per_atom=    0.05, RMSE_ALPHA_DERIV=    2.41
2025-07-12 07:20:57.587 INFO: Epoch 185: head: Default, loss=1.9893, RMSE_MU_per_atom=0.00 mDebye, RMSE_MU_DERIV=0.00 mDebye / A, RMSE_ALPHA_per_atom=    0.20, RMSE_ALPHA_DERIV=    2.47
2025-07-12 07:21:41.232 INFO: Epoch 186: head: Default, loss=1.9224, RMSE_MU_per_atom=0.00 mDebye, RMSE_MU_DERIV=0.00 mDebye / A, RMSE_ALPHA_per_atom=    0.07, RMSE_ALPHA_DERIV=    2.45
2025-07-12 07:22:24.905 INFO: Epoch 187: head: Default, loss=2.2175, RMSE_MU_per_atom=0.00 mDebye, RMSE_MU_DERIV=0.00 mDebye / A, RMSE_ALPHA_per_atom=    0.12, RMSE_ALPHA_DERIV=    2.55
2025-07-12 07:23:08.582 INFO: Epoch 188: head: Default, loss=2.0277, RMSE_MU_per_atom=0.00 mDebye, RMSE_MU_DERIV=0.00 mDebye / A, RMSE_ALPHA_per_atom=    0.07, RMSE_ALPHA_DERIV=    2.48
2025-07-12 07:23:52.235 INFO: Epoch 189: head: Default, loss=1.7808, RMSE_MU_per_atom=0.00 mDebye, RMSE_MU_DERIV=0.00 mDebye / A, RMSE_ALPHA_per_atom=    0.07, RMSE_ALPHA_DERIV=    2.38
2025-07-12 07:24:35.885 INFO: Epoch 190: head: Default, loss=1.8956, RMSE_MU_per_atom=0.00 mDebye, RMSE_MU_DERIV=0.00 mDebye / A, RMSE_ALPHA_per_atom=    0.07, RMSE_ALPHA_DERIV=    2.44
2025-07-12 07:25:19.540 INFO: Epoch 191: head: Default, loss=1.9655, RMSE_MU_per_atom=0.00 mDebye, RMSE_MU_DERIV=0.00 mDebye / A, RMSE_ALPHA_per_atom=    0.11, RMSE_ALPHA_DERIV=    2.46
2025-07-12 07:26:03.191 INFO: Epoch 192: head: Default, loss=1.8881, RMSE_MU_per_atom=0.00 mDebye, RMSE_MU_DERIV=0.00 mDebye / A, RMSE_ALPHA_per_atom=    0.15, RMSE_ALPHA_DERIV=    2.45
2025-07-12 07:26:46.848 INFO: Epoch 193: head: Default, loss=2.3605, RMSE_MU_per_atom=0.00 mDebye, RMSE_MU_DERIV=0.00 mDebye / A, RMSE_ALPHA_per_atom=    0.08, RMSE_ALPHA_DERIV=    2.62
2025-07-12 07:27:30.509 INFO: Epoch 194: head: Default, loss=2.0473, RMSE_MU_per_atom=0.00 mDebye, RMSE_MU_DERIV=0.00 mDebye / A, RMSE_ALPHA_per_atom=    0.10, RMSE_ALPHA_DERIV=    2.51
2025-07-12 07:28:14.153 INFO: Epoch 195: head: Default, loss=1.9532, RMSE_MU_per_atom=0.00 mDebye, RMSE_MU_DERIV=0.00 mDebye / A, RMSE_ALPHA_per_atom=    0.07, RMSE_ALPHA_DERIV=    2.45
2025-07-12 07:28:57.805 INFO: Epoch 196: head: Default, loss=2.4599, RMSE_MU_per_atom=0.00 mDebye, RMSE_MU_DERIV=0.00 mDebye / A, RMSE_ALPHA_per_atom=    0.25, RMSE_ALPHA_DERIV=    2.66
2025-07-12 07:29:41.441 INFO: Epoch 197: head: Default, loss=2.5858, RMSE_MU_per_atom=0.00 mDebye, RMSE_MU_DERIV=0.00 mDebye / A, RMSE_ALPHA_per_atom=    0.24, RMSE_ALPHA_DERIV=    2.71
2025-07-12 07:30:25.101 INFO: Epoch 198: head: Default, loss=2.2681, RMSE_MU_per_atom=0.00 mDebye, RMSE_MU_DERIV=0.00 mDebye / A, RMSE_ALPHA_per_atom=    0.18, RMSE_ALPHA_DERIV=    2.60
2025-07-12 07:31:08.747 INFO: Epoch 199: head: Default, loss=2.1979, RMSE_MU_per_atom=0.00 mDebye, RMSE_MU_DERIV=0.00 mDebye / A, RMSE_ALPHA_per_atom=    0.09, RMSE_ALPHA_DERIV=    2.59
2025-07-12 07:31:52.402 INFO: Epoch 200: head: Default, loss=2.2521, RMSE_MU_per_atom=0.00 mDebye, RMSE_MU_DERIV=0.00 mDebye / A, RMSE_ALPHA_per_atom=    0.27, RMSE_ALPHA_DERIV=    2.57
2025-07-12 07:32:36.073 INFO: Epoch 201: head: Default, loss=2.2927, RMSE_MU_per_atom=0.00 mDebye, RMSE_MU_DERIV=0.00 mDebye / A, RMSE_ALPHA_per_atom=    0.13, RMSE_ALPHA_DERIV=    2.58
2025-07-12 07:33:19.737 INFO: Epoch 202: head: Default, loss=2.5091, RMSE_MU_per_atom=0.00 mDebye, RMSE_MU_DERIV=0.00 mDebye / A, RMSE_ALPHA_per_atom=    0.26, RMSE_ALPHA_DERIV=    2.65
2025-07-12 07:34:03.380 INFO: Epoch 203: head: Default, loss=2.1469, RMSE_MU_per_atom=0.00 mDebye, RMSE_MU_DERIV=0.00 mDebye / A, RMSE_ALPHA_per_atom=    0.09, RMSE_ALPHA_DERIV=    2.52
2025-07-12 07:34:47.020 INFO: Epoch 204: head: Default, loss=2.2034, RMSE_MU_per_atom=0.00 mDebye, RMSE_MU_DERIV=0.00 mDebye / A, RMSE_ALPHA_per_atom=    0.12, RMSE_ALPHA_DERIV=    2.57
2025-07-12 07:35:30.671 INFO: Epoch 205: head: Default, loss=2.4553, RMSE_MU_per_atom=0.00 mDebye, RMSE_MU_DERIV=0.00 mDebye / A, RMSE_ALPHA_per_atom=    0.16, RMSE_ALPHA_DERIV=    2.70
2025-07-12 07:36:14.325 INFO: Epoch 206: head: Default, loss=2.2935, RMSE_MU_per_atom=0.00 mDebye, RMSE_MU_DERIV=0.00 mDebye / A, RMSE_ALPHA_per_atom=    0.14, RMSE_ALPHA_DERIV=    2.58
2025-07-12 07:36:57.985 INFO: Epoch 207: head: Default, loss=2.5134, RMSE_MU_per_atom=0.00 mDebye, RMSE_MU_DERIV=0.00 mDebye / A, RMSE_ALPHA_per_atom=    0.08, RMSE_ALPHA_DERIV=    2.71
2025-07-12 07:37:41.638 INFO: Epoch 208: head: Default, loss=2.0965, RMSE_MU_per_atom=0.00 mDebye, RMSE_MU_DERIV=0.00 mDebye / A, RMSE_ALPHA_per_atom=    0.07, RMSE_ALPHA_DERIV=    2.50
2025-07-12 07:38:25.304 INFO: Epoch 209: head: Default, loss=1.9246, RMSE_MU_per_atom=0.00 mDebye, RMSE_MU_DERIV=0.00 mDebye / A, RMSE_ALPHA_per_atom=    0.07, RMSE_ALPHA_DERIV=    2.45
2025-07-12 07:39:08.963 INFO: Epoch 210: head: Default, loss=1.9740, RMSE_MU_per_atom=0.00 mDebye, RMSE_MU_DERIV=0.00 mDebye / A, RMSE_ALPHA_per_atom=    0.08, RMSE_ALPHA_DERIV=    2.45
2025-07-12 07:39:52.616 INFO: Epoch 211: head: Default, loss=2.2791, RMSE_MU_per_atom=0.00 mDebye, RMSE_MU_DERIV=0.00 mDebye / A, RMSE_ALPHA_per_atom=    0.13, RMSE_ALPHA_DERIV=    2.57
2025-07-12 07:40:36.273 INFO: Epoch 212: head: Default, loss=2.0839, RMSE_MU_per_atom=0.00 mDebye, RMSE_MU_DERIV=0.00 mDebye / A, RMSE_ALPHA_per_atom=    0.07, RMSE_ALPHA_DERIV=    2.50
2025-07-12 07:41:19.917 INFO: Epoch 213: head: Default, loss=1.9622, RMSE_MU_per_atom=0.00 mDebye, RMSE_MU_DERIV=0.00 mDebye / A, RMSE_ALPHA_per_atom=    0.10, RMSE_ALPHA_DERIV=    2.44
2025-07-12 07:42:03.576 INFO: Epoch 214: head: Default, loss=1.9002, RMSE_MU_per_atom=0.00 mDebye, RMSE_MU_DERIV=0.00 mDebye / A, RMSE_ALPHA_per_atom=    0.07, RMSE_ALPHA_DERIV=    2.43
2025-07-12 07:42:47.233 INFO: Epoch 215: head: Default, loss=1.8910, RMSE_MU_per_atom=0.00 mDebye, RMSE_MU_DERIV=0.00 mDebye / A, RMSE_ALPHA_per_atom=    0.07, RMSE_ALPHA_DERIV=    2.44
2025-07-12 07:43:30.897 INFO: Epoch 216: head: Default, loss=1.9239, RMSE_MU_per_atom=0.00 mDebye, RMSE_MU_DERIV=0.00 mDebye / A, RMSE_ALPHA_per_atom=    0.09, RMSE_ALPHA_DERIV=    2.43
2025-07-12 07:44:14.538 INFO: Epoch 217: head: Default, loss=2.0972, RMSE_MU_per_atom=0.00 mDebye, RMSE_MU_DERIV=0.00 mDebye / A, RMSE_ALPHA_per_atom=    0.06, RMSE_ALPHA_DERIV=    2.49
2025-07-12 07:44:58.187 INFO: Epoch 218: head: Default, loss=2.0585, RMSE_MU_per_atom=0.00 mDebye, RMSE_MU_DERIV=0.00 mDebye / A, RMSE_ALPHA_per_atom=    0.06, RMSE_ALPHA_DERIV=    2.48
2025-07-12 07:45:41.846 INFO: Epoch 219: head: Default, loss=2.0656, RMSE_MU_per_atom=0.00 mDebye, RMSE_MU_DERIV=0.00 mDebye / A, RMSE_ALPHA_per_atom=    0.13, RMSE_ALPHA_DERIV=    2.50
2025-07-12 07:46:25.502 INFO: Epoch 220: head: Default, loss=1.8219, RMSE_MU_per_atom=0.00 mDebye, RMSE_MU_DERIV=0.00 mDebye / A, RMSE_ALPHA_per_atom=    0.19, RMSE_ALPHA_DERIV=    2.39
2025-07-12 07:47:09.140 INFO: Epoch 221: head: Default, loss=2.1349, RMSE_MU_per_atom=0.00 mDebye, RMSE_MU_DERIV=0.00 mDebye / A, RMSE_ALPHA_per_atom=    0.11, RMSE_ALPHA_DERIV=    2.51
2025-07-12 07:47:52.801 INFO: Epoch 222: head: Default, loss=1.7973, RMSE_MU_per_atom=0.00 mDebye, RMSE_MU_DERIV=0.00 mDebye / A, RMSE_ALPHA_per_atom=    0.07, RMSE_ALPHA_DERIV=    2.40
2025-07-12 07:48:36.456 INFO: Epoch 223: head: Default, loss=1.7860, RMSE_MU_per_atom=0.00 mDebye, RMSE_MU_DERIV=0.00 mDebye / A, RMSE_ALPHA_per_atom=    0.10, RMSE_ALPHA_DERIV=    2.36
2025-07-12 07:49:20.118 INFO: Epoch 224: head: Default, loss=1.8553, RMSE_MU_per_atom=0.00 mDebye, RMSE_MU_DERIV=0.00 mDebye / A, RMSE_ALPHA_per_atom=    0.06, RMSE_ALPHA_DERIV=    2.40
2025-07-12 07:50:03.776 INFO: Epoch 225: head: Default, loss=1.9909, RMSE_MU_per_atom=0.00 mDebye, RMSE_MU_DERIV=0.00 mDebye / A, RMSE_ALPHA_per_atom=    0.05, RMSE_ALPHA_DERIV=    2.45
2025-07-12 07:50:47.434 INFO: Epoch 226: head: Default, loss=1.8747, RMSE_MU_per_atom=0.00 mDebye, RMSE_MU_DERIV=0.00 mDebye / A, RMSE_ALPHA_per_atom=    0.09, RMSE_ALPHA_DERIV=    2.42
2025-07-12 07:51:31.074 INFO: Epoch 227: head: Default, loss=2.0336, RMSE_MU_per_atom=0.00 mDebye, RMSE_MU_DERIV=0.00 mDebye / A, RMSE_ALPHA_per_atom=    0.06, RMSE_ALPHA_DERIV=    2.47
2025-07-12 07:52:14.706 INFO: Epoch 228: head: Default, loss=1.9326, RMSE_MU_per_atom=0.00 mDebye, RMSE_MU_DERIV=0.00 mDebye / A, RMSE_ALPHA_per_atom=    0.06, RMSE_ALPHA_DERIV=    2.43
2025-07-12 07:52:58.375 INFO: Epoch 229: head: Default, loss=1.9487, RMSE_MU_per_atom=0.00 mDebye, RMSE_MU_DERIV=0.00 mDebye / A, RMSE_ALPHA_per_atom=    0.07, RMSE_ALPHA_DERIV=    2.44
2025-07-12 07:53:42.048 INFO: Epoch 230: head: Default, loss=1.6826, RMSE_MU_per_atom=0.00 mDebye, RMSE_MU_DERIV=0.00 mDebye / A, RMSE_ALPHA_per_atom=    0.04, RMSE_ALPHA_DERIV=    2.33
2025-07-12 07:54:25.710 INFO: Epoch 231: head: Default, loss=1.6813, RMSE_MU_per_atom=0.00 mDebye, RMSE_MU_DERIV=0.00 mDebye / A, RMSE_ALPHA_per_atom=    0.04, RMSE_ALPHA_DERIV=    2.33
2025-07-12 07:55:09.360 INFO: Epoch 232: head: Default, loss=1.6760, RMSE_MU_per_atom=0.00 mDebye, RMSE_MU_DERIV=0.00 mDebye / A, RMSE_ALPHA_per_atom=    0.06, RMSE_ALPHA_DERIV=    2.35
2025-07-12 07:55:53.002 INFO: Epoch 233: head: Default, loss=1.9962, RMSE_MU_per_atom=0.00 mDebye, RMSE_MU_DERIV=0.00 mDebye / A, RMSE_ALPHA_per_atom=    0.06, RMSE_ALPHA_DERIV=    2.47
2025-07-12 07:56:36.651 INFO: Epoch 234: head: Default, loss=2.1410, RMSE_MU_per_atom=0.00 mDebye, RMSE_MU_DERIV=0.00 mDebye / A, RMSE_ALPHA_per_atom=    0.06, RMSE_ALPHA_DERIV=    2.53
2025-07-12 07:57:20.306 INFO: Epoch 235: head: Default, loss=1.9415, RMSE_MU_per_atom=0.00 mDebye, RMSE_MU_DERIV=0.00 mDebye / A, RMSE_ALPHA_per_atom=    0.04, RMSE_ALPHA_DERIV=    2.44
2025-07-12 07:58:03.967 INFO: Epoch 236: head: Default, loss=1.9025, RMSE_MU_per_atom=0.00 mDebye, RMSE_MU_DERIV=0.00 mDebye / A, RMSE_ALPHA_per_atom=    0.07, RMSE_ALPHA_DERIV=    2.41
2025-07-12 07:58:47.634 INFO: Epoch 237: head: Default, loss=1.8903, RMSE_MU_per_atom=0.00 mDebye, RMSE_MU_DERIV=0.00 mDebye / A, RMSE_ALPHA_per_atom=    0.05, RMSE_ALPHA_DERIV=    2.40
2025-07-12 07:59:31.296 INFO: Epoch 238: head: Default, loss=1.7058, RMSE_MU_per_atom=0.00 mDebye, RMSE_MU_DERIV=0.00 mDebye / A, RMSE_ALPHA_per_atom=    0.06, RMSE_ALPHA_DERIV=    2.33
2025-07-12 08:00:14.956 INFO: Epoch 239: head: Default, loss=1.6109, RMSE_MU_per_atom=0.00 mDebye, RMSE_MU_DERIV=0.00 mDebye / A, RMSE_ALPHA_per_atom=    0.07, RMSE_ALPHA_DERIV=    2.31
2025-07-12 08:00:58.601 INFO: Epoch 240: head: Default, loss=1.8665, RMSE_MU_per_atom=0.00 mDebye, RMSE_MU_DERIV=0.00 mDebye / A, RMSE_ALPHA_per_atom=    0.05, RMSE_ALPHA_DERIV=    2.41
2025-07-12 08:01:42.271 INFO: Epoch 241: head: Default, loss=1.8519, RMSE_MU_per_atom=0.00 mDebye, RMSE_MU_DERIV=0.00 mDebye / A, RMSE_ALPHA_per_atom=    0.07, RMSE_ALPHA_DERIV=    2.39
2025-07-12 08:02:25.915 INFO: Epoch 242: head: Default, loss=1.6020, RMSE_MU_per_atom=0.00 mDebye, RMSE_MU_DERIV=0.00 mDebye / A, RMSE_ALPHA_per_atom=    0.11, RMSE_ALPHA_DERIV=    2.29
2025-07-12 08:03:09.582 INFO: Epoch 243: head: Default, loss=1.5932, RMSE_MU_per_atom=0.00 mDebye, RMSE_MU_DERIV=0.00 mDebye / A, RMSE_ALPHA_per_atom=    0.06, RMSE_ALPHA_DERIV=    2.30
2025-07-12 08:03:53.234 INFO: Epoch 244: head: Default, loss=1.8211, RMSE_MU_per_atom=0.00 mDebye, RMSE_MU_DERIV=0.00 mDebye / A, RMSE_ALPHA_per_atom=    0.07, RMSE_ALPHA_DERIV=    2.38
2025-07-12 08:04:36.894 INFO: Epoch 245: head: Default, loss=2.0518, RMSE_MU_per_atom=0.00 mDebye, RMSE_MU_DERIV=0.00 mDebye / A, RMSE_ALPHA_per_atom=    0.08, RMSE_ALPHA_DERIV=    2.49
2025-07-12 08:05:20.531 INFO: Epoch 246: head: Default, loss=1.8740, RMSE_MU_per_atom=0.00 mDebye, RMSE_MU_DERIV=0.00 mDebye / A, RMSE_ALPHA_per_atom=    0.08, RMSE_ALPHA_DERIV=    2.40
2025-07-12 08:06:04.177 INFO: Epoch 247: head: Default, loss=1.8486, RMSE_MU_per_atom=0.00 mDebye, RMSE_MU_DERIV=0.00 mDebye / A, RMSE_ALPHA_per_atom=    0.05, RMSE_ALPHA_DERIV=    2.42
2025-07-12 08:06:47.846 INFO: Epoch 248: head: Default, loss=1.6615, RMSE_MU_per_atom=0.00 mDebye, RMSE_MU_DERIV=0.00 mDebye / A, RMSE_ALPHA_per_atom=    0.05, RMSE_ALPHA_DERIV=    2.32
2025-07-12 08:07:31.495 INFO: Epoch 249: head: Default, loss=1.7043, RMSE_MU_per_atom=0.00 mDebye, RMSE_MU_DERIV=0.00 mDebye / A, RMSE_ALPHA_per_atom=    0.06, RMSE_ALPHA_DERIV=    2.35
2025-07-12 08:08:15.175 INFO: Epoch 250: head: Default, loss=1.8220, RMSE_MU_per_atom=0.00 mDebye, RMSE_MU_DERIV=0.00 mDebye / A, RMSE_ALPHA_per_atom=    0.07, RMSE_ALPHA_DERIV=    2.39
2025-07-12 08:08:58.839 INFO: Epoch 251: head: Default, loss=1.6440, RMSE_MU_per_atom=0.00 mDebye, RMSE_MU_DERIV=0.00 mDebye / A, RMSE_ALPHA_per_atom=    0.04, RMSE_ALPHA_DERIV=    2.31
2025-07-12 08:09:42.503 INFO: Epoch 252: head: Default, loss=1.7426, RMSE_MU_per_atom=0.00 mDebye, RMSE_MU_DERIV=0.00 mDebye / A, RMSE_ALPHA_per_atom=    0.05, RMSE_ALPHA_DERIV=    2.34
2025-07-12 08:10:26.157 INFO: Epoch 253: head: Default, loss=1.8170, RMSE_MU_per_atom=0.00 mDebye, RMSE_MU_DERIV=0.00 mDebye / A, RMSE_ALPHA_per_atom=    0.06, RMSE_ALPHA_DERIV=    2.38
2025-07-12 08:11:09.815 INFO: Epoch 254: head: Default, loss=1.9260, RMSE_MU_per_atom=0.00 mDebye, RMSE_MU_DERIV=0.00 mDebye / A, RMSE_ALPHA_per_atom=    0.09, RMSE_ALPHA_DERIV=    2.45
2025-07-12 08:11:53.471 INFO: Epoch 255: head: Default, loss=1.6959, RMSE_MU_per_atom=0.00 mDebye, RMSE_MU_DERIV=0.00 mDebye / A, RMSE_ALPHA_per_atom=    0.05, RMSE_ALPHA_DERIV=    2.34
2025-07-12 08:12:37.135 INFO: Epoch 256: head: Default, loss=1.7192, RMSE_MU_per_atom=0.00 mDebye, RMSE_MU_DERIV=0.00 mDebye / A, RMSE_ALPHA_per_atom=    0.05, RMSE_ALPHA_DERIV=    2.34
2025-07-12 08:13:20.804 INFO: Epoch 257: head: Default, loss=1.7799, RMSE_MU_per_atom=0.00 mDebye, RMSE_MU_DERIV=0.00 mDebye / A, RMSE_ALPHA_per_atom=    0.04, RMSE_ALPHA_DERIV=    2.36
2025-07-12 08:14:04.466 INFO: Epoch 258: head: Default, loss=1.9045, RMSE_MU_per_atom=0.00 mDebye, RMSE_MU_DERIV=0.00 mDebye / A, RMSE_ALPHA_per_atom=    0.06, RMSE_ALPHA_DERIV=    2.42
2025-07-12 08:14:48.122 INFO: Epoch 259: head: Default, loss=1.8307, RMSE_MU_per_atom=0.00 mDebye, RMSE_MU_DERIV=0.00 mDebye / A, RMSE_ALPHA_per_atom=    0.07, RMSE_ALPHA_DERIV=    2.39
2025-07-12 08:15:31.762 INFO: Epoch 260: head: Default, loss=1.7108, RMSE_MU_per_atom=0.00 mDebye, RMSE_MU_DERIV=0.00 mDebye / A, RMSE_ALPHA_per_atom=    0.04, RMSE_ALPHA_DERIV=    2.32
2025-07-12 08:16:15.425 INFO: Epoch 261: head: Default, loss=1.6748, RMSE_MU_per_atom=0.00 mDebye, RMSE_MU_DERIV=0.00 mDebye / A, RMSE_ALPHA_per_atom=    0.05, RMSE_ALPHA_DERIV=    2.32
2025-07-12 08:16:59.075 INFO: Epoch 262: head: Default, loss=1.8392, RMSE_MU_per_atom=0.00 mDebye, RMSE_MU_DERIV=0.00 mDebye / A, RMSE_ALPHA_per_atom=    0.09, RMSE_ALPHA_DERIV=    2.42
2025-07-12 08:17:42.720 INFO: Epoch 263: head: Default, loss=1.7934, RMSE_MU_per_atom=0.00 mDebye, RMSE_MU_DERIV=0.00 mDebye / A, RMSE_ALPHA_per_atom=    0.10, RMSE_ALPHA_DERIV=    2.36
2025-07-12 08:18:26.372 INFO: Epoch 264: head: Default, loss=1.9158, RMSE_MU_per_atom=0.00 mDebye, RMSE_MU_DERIV=0.00 mDebye / A, RMSE_ALPHA_per_atom=    0.11, RMSE_ALPHA_DERIV=    2.41
2025-07-12 08:19:10.016 INFO: Epoch 265: head: Default, loss=1.7251, RMSE_MU_per_atom=0.00 mDebye, RMSE_MU_DERIV=0.00 mDebye / A, RMSE_ALPHA_per_atom=    0.08, RMSE_ALPHA_DERIV=    2.36
2025-07-12 08:19:53.665 INFO: Epoch 266: head: Default, loss=1.7291, RMSE_MU_per_atom=0.00 mDebye, RMSE_MU_DERIV=0.00 mDebye / A, RMSE_ALPHA_per_atom=    0.09, RMSE_ALPHA_DERIV=    2.35
2025-07-12 08:20:37.314 INFO: Epoch 267: head: Default, loss=1.5378, RMSE_MU_per_atom=0.00 mDebye, RMSE_MU_DERIV=0.00 mDebye / A, RMSE_ALPHA_per_atom=    0.05, RMSE_ALPHA_DERIV=    2.28
2025-07-12 08:20:37.314 DEBUG: Deleting old checkpoint file: ./checkpoints/MoWSSe_susram_ndata_all_subset_240_weights_10_1_run-123_epoch-162.pt
2025-07-12 08:20:37.315 DEBUG: Saving checkpoint: ./checkpoints/MoWSSe_susram_ndata_all_subset_240_weights_10_1_run-123_epoch-267.pt
2025-07-12 08:21:21.018 INFO: Epoch 268: head: Default, loss=1.7128, RMSE_MU_per_atom=0.00 mDebye, RMSE_MU_DERIV=0.00 mDebye / A, RMSE_ALPHA_per_atom=    0.07, RMSE_ALPHA_DERIV=    2.33
2025-07-12 08:22:04.657 INFO: Epoch 269: head: Default, loss=1.7950, RMSE_MU_per_atom=0.00 mDebye, RMSE_MU_DERIV=0.00 mDebye / A, RMSE_ALPHA_per_atom=    0.05, RMSE_ALPHA_DERIV=    2.35
2025-07-12 08:22:48.316 INFO: Epoch 270: head: Default, loss=1.8709, RMSE_MU_per_atom=0.00 mDebye, RMSE_MU_DERIV=0.00 mDebye / A, RMSE_ALPHA_per_atom=    0.05, RMSE_ALPHA_DERIV=    2.40
2025-07-12 08:23:31.968 INFO: Epoch 271: head: Default, loss=1.7818, RMSE_MU_per_atom=0.00 mDebye, RMSE_MU_DERIV=0.00 mDebye / A, RMSE_ALPHA_per_atom=    0.04, RMSE_ALPHA_DERIV=    2.36
2025-07-12 08:24:15.621 INFO: Epoch 272: head: Default, loss=1.8114, RMSE_MU_per_atom=0.00 mDebye, RMSE_MU_DERIV=0.00 mDebye / A, RMSE_ALPHA_per_atom=    0.04, RMSE_ALPHA_DERIV=    2.37
2025-07-12 08:24:59.287 INFO: Epoch 273: head: Default, loss=1.7279, RMSE_MU_per_atom=0.00 mDebye, RMSE_MU_DERIV=0.00 mDebye / A, RMSE_ALPHA_per_atom=    0.05, RMSE_ALPHA_DERIV=    2.35
2025-07-12 08:25:42.943 INFO: Epoch 274: head: Default, loss=1.9928, RMSE_MU_per_atom=0.00 mDebye, RMSE_MU_DERIV=0.00 mDebye / A, RMSE_ALPHA_per_atom=    0.06, RMSE_ALPHA_DERIV=    2.45
2025-07-12 08:26:26.600 INFO: Epoch 275: head: Default, loss=1.6944, RMSE_MU_per_atom=0.00 mDebye, RMSE_MU_DERIV=0.00 mDebye / A, RMSE_ALPHA_per_atom=    0.05, RMSE_ALPHA_DERIV=    2.32
2025-07-12 08:27:10.242 INFO: Epoch 276: head: Default, loss=1.9338, RMSE_MU_per_atom=0.00 mDebye, RMSE_MU_DERIV=0.00 mDebye / A, RMSE_ALPHA_per_atom=    0.07, RMSE_ALPHA_DERIV=    2.43
2025-07-12 08:27:53.893 INFO: Epoch 277: head: Default, loss=1.6692, RMSE_MU_per_atom=0.00 mDebye, RMSE_MU_DERIV=0.00 mDebye / A, RMSE_ALPHA_per_atom=    0.04, RMSE_ALPHA_DERIV=    2.32
2025-07-12 08:28:37.545 INFO: Epoch 278: head: Default, loss=1.5389, RMSE_MU_per_atom=0.00 mDebye, RMSE_MU_DERIV=0.00 mDebye / A, RMSE_ALPHA_per_atom=    0.03, RMSE_ALPHA_DERIV=    2.25
2025-07-12 08:29:21.207 INFO: Epoch 279: head: Default, loss=1.6501, RMSE_MU_per_atom=0.00 mDebye, RMSE_MU_DERIV=0.00 mDebye / A, RMSE_ALPHA_per_atom=    0.04, RMSE_ALPHA_DERIV=    2.31
2025-07-12 08:30:04.874 INFO: Epoch 280: head: Default, loss=1.8534, RMSE_MU_per_atom=0.00 mDebye, RMSE_MU_DERIV=0.00 mDebye / A, RMSE_ALPHA_per_atom=    0.05, RMSE_ALPHA_DERIV=    2.39
2025-07-12 08:30:48.535 INFO: Epoch 281: head: Default, loss=1.7525, RMSE_MU_per_atom=0.00 mDebye, RMSE_MU_DERIV=0.00 mDebye / A, RMSE_ALPHA_per_atom=    0.05, RMSE_ALPHA_DERIV=    2.35
2025-07-12 08:31:32.185 INFO: Epoch 282: head: Default, loss=1.8176, RMSE_MU_per_atom=0.00 mDebye, RMSE_MU_DERIV=0.00 mDebye / A, RMSE_ALPHA_per_atom=    0.04, RMSE_ALPHA_DERIV=    2.37
2025-07-12 08:32:15.850 INFO: Epoch 283: head: Default, loss=1.7315, RMSE_MU_per_atom=0.00 mDebye, RMSE_MU_DERIV=0.00 mDebye / A, RMSE_ALPHA_per_atom=    0.05, RMSE_ALPHA_DERIV=    2.34
2025-07-12 08:32:59.515 INFO: Epoch 284: head: Default, loss=1.7069, RMSE_MU_per_atom=0.00 mDebye, RMSE_MU_DERIV=0.00 mDebye / A, RMSE_ALPHA_per_atom=    0.05, RMSE_ALPHA_DERIV=    2.33
2025-07-12 08:33:43.181 INFO: Epoch 285: head: Default, loss=1.6268, RMSE_MU_per_atom=0.00 mDebye, RMSE_MU_DERIV=0.00 mDebye / A, RMSE_ALPHA_per_atom=    0.08, RMSE_ALPHA_DERIV=    2.29
2025-07-12 08:34:26.847 INFO: Epoch 286: head: Default, loss=1.6344, RMSE_MU_per_atom=0.00 mDebye, RMSE_MU_DERIV=0.00 mDebye / A, RMSE_ALPHA_per_atom=    0.08, RMSE_ALPHA_DERIV=    2.30
2025-07-12 08:35:10.506 INFO: Epoch 287: head: Default, loss=1.9039, RMSE_MU_per_atom=0.00 mDebye, RMSE_MU_DERIV=0.00 mDebye / A, RMSE_ALPHA_per_atom=    0.06, RMSE_ALPHA_DERIV=    2.41
2025-07-12 08:35:54.167 INFO: Epoch 288: head: Default, loss=1.7784, RMSE_MU_per_atom=0.00 mDebye, RMSE_MU_DERIV=0.00 mDebye / A, RMSE_ALPHA_per_atom=    0.05, RMSE_ALPHA_DERIV=    2.36
2025-07-12 08:36:37.826 INFO: Epoch 289: head: Default, loss=1.6219, RMSE_MU_per_atom=0.00 mDebye, RMSE_MU_DERIV=0.00 mDebye / A, RMSE_ALPHA_per_atom=    0.04, RMSE_ALPHA_DERIV=    2.28
2025-07-12 08:37:21.474 INFO: Epoch 290: head: Default, loss=1.8091, RMSE_MU_per_atom=0.00 mDebye, RMSE_MU_DERIV=0.00 mDebye / A, RMSE_ALPHA_per_atom=    0.06, RMSE_ALPHA_DERIV=    2.38
2025-07-12 08:38:05.124 INFO: Epoch 291: head: Default, loss=1.6968, RMSE_MU_per_atom=0.00 mDebye, RMSE_MU_DERIV=0.00 mDebye / A, RMSE_ALPHA_per_atom=    0.04, RMSE_ALPHA_DERIV=    2.32
2025-07-12 08:38:48.777 INFO: Epoch 292: head: Default, loss=1.7577, RMSE_MU_per_atom=0.00 mDebye, RMSE_MU_DERIV=0.00 mDebye / A, RMSE_ALPHA_per_atom=    0.08, RMSE_ALPHA_DERIV=    2.35
2025-07-12 08:39:32.416 INFO: Epoch 293: head: Default, loss=1.6770, RMSE_MU_per_atom=0.00 mDebye, RMSE_MU_DERIV=0.00 mDebye / A, RMSE_ALPHA_per_atom=    0.05, RMSE_ALPHA_DERIV=    2.31
2025-07-12 08:40:16.081 INFO: Epoch 294: head: Default, loss=1.7975, RMSE_MU_per_atom=0.00 mDebye, RMSE_MU_DERIV=0.00 mDebye / A, RMSE_ALPHA_per_atom=    0.06, RMSE_ALPHA_DERIV=    2.36
2025-07-12 08:40:59.735 INFO: Epoch 295: head: Default, loss=1.7699, RMSE_MU_per_atom=0.00 mDebye, RMSE_MU_DERIV=0.00 mDebye / A, RMSE_ALPHA_per_atom=    0.04, RMSE_ALPHA_DERIV=    2.35
2025-07-12 08:41:43.397 INFO: Epoch 296: head: Default, loss=1.7891, RMSE_MU_per_atom=0.00 mDebye, RMSE_MU_DERIV=0.00 mDebye / A, RMSE_ALPHA_per_atom=    0.05, RMSE_ALPHA_DERIV=    2.35
2025-07-12 08:42:27.040 INFO: Epoch 297: head: Default, loss=1.8291, RMSE_MU_per_atom=0.00 mDebye, RMSE_MU_DERIV=0.00 mDebye / A, RMSE_ALPHA_per_atom=    0.05, RMSE_ALPHA_DERIV=    2.37
2025-07-12 08:43:10.698 INFO: Epoch 298: head: Default, loss=1.6890, RMSE_MU_per_atom=0.00 mDebye, RMSE_MU_DERIV=0.00 mDebye / A, RMSE_ALPHA_per_atom=    0.04, RMSE_ALPHA_DERIV=    2.33
2025-07-12 08:43:54.356 INFO: Epoch 299: head: Default, loss=1.7681, RMSE_MU_per_atom=0.00 mDebye, RMSE_MU_DERIV=0.00 mDebye / A, RMSE_ALPHA_per_atom=    0.05, RMSE_ALPHA_DERIV=    2.35
2025-07-12 08:44:38.004 INFO: Epoch 300: head: Default, loss=1.8565, RMSE_MU_per_atom=0.00 mDebye, RMSE_MU_DERIV=0.00 mDebye / A, RMSE_ALPHA_per_atom=    0.06, RMSE_ALPHA_DERIV=    2.39
2025-07-12 08:45:21.659 INFO: Epoch 301: head: Default, loss=1.7241, RMSE_MU_per_atom=0.00 mDebye, RMSE_MU_DERIV=0.00 mDebye / A, RMSE_ALPHA_per_atom=    0.07, RMSE_ALPHA_DERIV=    2.34
2025-07-12 08:46:05.317 INFO: Epoch 302: head: Default, loss=1.8233, RMSE_MU_per_atom=0.00 mDebye, RMSE_MU_DERIV=0.00 mDebye / A, RMSE_ALPHA_per_atom=    0.06, RMSE_ALPHA_DERIV=    2.38
2025-07-12 08:46:48.986 INFO: Epoch 303: head: Default, loss=1.8055, RMSE_MU_per_atom=0.00 mDebye, RMSE_MU_DERIV=0.00 mDebye / A, RMSE_ALPHA_per_atom=    0.08, RMSE_ALPHA_DERIV=    2.37
2025-07-12 08:47:32.636 INFO: Epoch 304: head: Default, loss=1.9385, RMSE_MU_per_atom=0.00 mDebye, RMSE_MU_DERIV=0.00 mDebye / A, RMSE_ALPHA_per_atom=    0.08, RMSE_ALPHA_DERIV=    2.42
2025-07-12 08:48:16.302 INFO: Epoch 305: head: Default, loss=1.6228, RMSE_MU_per_atom=0.00 mDebye, RMSE_MU_DERIV=0.00 mDebye / A, RMSE_ALPHA_per_atom=    0.05, RMSE_ALPHA_DERIV=    2.30
2025-07-12 08:48:59.962 INFO: Epoch 306: head: Default, loss=1.6416, RMSE_MU_per_atom=0.00 mDebye, RMSE_MU_DERIV=0.00 mDebye / A, RMSE_ALPHA_per_atom=    0.04, RMSE_ALPHA_DERIV=    2.31
2025-07-12 08:49:43.620 INFO: Epoch 307: head: Default, loss=1.4449, RMSE_MU_per_atom=0.00 mDebye, RMSE_MU_DERIV=0.00 mDebye / A, RMSE_ALPHA_per_atom=    0.06, RMSE_ALPHA_DERIV=    2.22
2025-07-12 08:49:43.621 DEBUG: Deleting old checkpoint file: ./checkpoints/MoWSSe_susram_ndata_all_subset_240_weights_10_1_run-123_epoch-267.pt
2025-07-12 08:49:43.621 DEBUG: Saving checkpoint: ./checkpoints/MoWSSe_susram_ndata_all_subset_240_weights_10_1_run-123_epoch-307.pt
2025-07-12 08:50:27.332 INFO: Epoch 308: head: Default, loss=1.6645, RMSE_MU_per_atom=0.00 mDebye, RMSE_MU_DERIV=0.00 mDebye / A, RMSE_ALPHA_per_atom=    0.12, RMSE_ALPHA_DERIV=    2.32
2025-07-12 08:51:10.980 INFO: Epoch 309: head: Default, loss=1.6268, RMSE_MU_per_atom=0.00 mDebye, RMSE_MU_DERIV=0.00 mDebye / A, RMSE_ALPHA_per_atom=    0.04, RMSE_ALPHA_DERIV=    2.30
2025-07-12 08:51:54.626 INFO: Epoch 310: head: Default, loss=1.7515, RMSE_MU_per_atom=0.00 mDebye, RMSE_MU_DERIV=0.00 mDebye / A, RMSE_ALPHA_per_atom=    0.10, RMSE_ALPHA_DERIV=    2.34
2025-07-12 08:52:38.275 INFO: Epoch 311: head: Default, loss=1.7291, RMSE_MU_per_atom=0.00 mDebye, RMSE_MU_DERIV=0.00 mDebye / A, RMSE_ALPHA_per_atom=    0.05, RMSE_ALPHA_DERIV=    2.34
2025-07-12 08:53:21.935 INFO: Epoch 312: head: Default, loss=1.7407, RMSE_MU_per_atom=0.00 mDebye, RMSE_MU_DERIV=0.00 mDebye / A, RMSE_ALPHA_per_atom=    0.06, RMSE_ALPHA_DERIV=    2.33
2025-07-12 08:54:05.586 INFO: Epoch 313: head: Default, loss=1.7264, RMSE_MU_per_atom=0.00 mDebye, RMSE_MU_DERIV=0.00 mDebye / A, RMSE_ALPHA_per_atom=    0.04, RMSE_ALPHA_DERIV=    2.33
2025-07-12 08:54:49.239 INFO: Epoch 314: head: Default, loss=1.7535, RMSE_MU_per_atom=0.00 mDebye, RMSE_MU_DERIV=0.00 mDebye / A, RMSE_ALPHA_per_atom=    0.05, RMSE_ALPHA_DERIV=    2.34
2025-07-12 08:55:32.889 INFO: Epoch 315: head: Default, loss=1.6648, RMSE_MU_per_atom=0.00 mDebye, RMSE_MU_DERIV=0.00 mDebye / A, RMSE_ALPHA_per_atom=    0.05, RMSE_ALPHA_DERIV=    2.31
2025-07-12 08:56:16.539 INFO: Epoch 316: head: Default, loss=1.6787, RMSE_MU_per_atom=0.00 mDebye, RMSE_MU_DERIV=0.00 mDebye / A, RMSE_ALPHA_per_atom=    0.04, RMSE_ALPHA_DERIV=    2.31
2025-07-12 08:57:00.213 INFO: Epoch 317: head: Default, loss=1.8118, RMSE_MU_per_atom=0.00 mDebye, RMSE_MU_DERIV=0.00 mDebye / A, RMSE_ALPHA_per_atom=    0.05, RMSE_ALPHA_DERIV=    2.37
2025-07-12 08:57:43.861 INFO: Epoch 318: head: Default, loss=1.5523, RMSE_MU_per_atom=0.00 mDebye, RMSE_MU_DERIV=0.00 mDebye / A, RMSE_ALPHA_per_atom=    0.07, RMSE_ALPHA_DERIV=    2.27
2025-07-12 08:58:27.535 INFO: Epoch 319: head: Default, loss=1.6206, RMSE_MU_per_atom=0.00 mDebye, RMSE_MU_DERIV=0.00 mDebye / A, RMSE_ALPHA_per_atom=    0.04, RMSE_ALPHA_DERIV=    2.28
2025-07-12 08:59:11.193 INFO: Epoch 320: head: Default, loss=1.7068, RMSE_MU_per_atom=0.00 mDebye, RMSE_MU_DERIV=0.00 mDebye / A, RMSE_ALPHA_per_atom=    0.10, RMSE_ALPHA_DERIV=    2.36
2025-07-12 08:59:54.840 INFO: Epoch 321: head: Default, loss=1.9120, RMSE_MU_per_atom=0.00 mDebye, RMSE_MU_DERIV=0.00 mDebye / A, RMSE_ALPHA_per_atom=    0.12, RMSE_ALPHA_DERIV=    2.40
2025-07-12 09:00:38.495 INFO: Epoch 322: head: Default, loss=1.6391, RMSE_MU_per_atom=0.00 mDebye, RMSE_MU_DERIV=0.00 mDebye / A, RMSE_ALPHA_per_atom=    0.10, RMSE_ALPHA_DERIV=    2.29
2025-07-12 09:01:22.169 INFO: Epoch 323: head: Default, loss=1.8162, RMSE_MU_per_atom=0.00 mDebye, RMSE_MU_DERIV=0.00 mDebye / A, RMSE_ALPHA_per_atom=    0.05, RMSE_ALPHA_DERIV=    2.37
2025-07-12 09:02:05.820 INFO: Epoch 324: head: Default, loss=1.9115, RMSE_MU_per_atom=0.00 mDebye, RMSE_MU_DERIV=0.00 mDebye / A, RMSE_ALPHA_per_atom=    0.07, RMSE_ALPHA_DERIV=    2.41
2025-07-12 09:02:49.477 INFO: Epoch 325: head: Default, loss=1.5940, RMSE_MU_per_atom=0.00 mDebye, RMSE_MU_DERIV=0.00 mDebye / A, RMSE_ALPHA_per_atom=    0.04, RMSE_ALPHA_DERIV=    2.28
2025-07-12 09:03:33.131 INFO: Epoch 326: head: Default, loss=1.7054, RMSE_MU_per_atom=0.00 mDebye, RMSE_MU_DERIV=0.00 mDebye / A, RMSE_ALPHA_per_atom=    0.06, RMSE_ALPHA_DERIV=    2.33
2025-07-12 09:04:16.789 INFO: Epoch 327: head: Default, loss=1.6958, RMSE_MU_per_atom=0.00 mDebye, RMSE_MU_DERIV=0.00 mDebye / A, RMSE_ALPHA_per_atom=    0.04, RMSE_ALPHA_DERIV=    2.31
2025-07-12 09:05:00.437 INFO: Epoch 328: head: Default, loss=1.7277, RMSE_MU_per_atom=0.00 mDebye, RMSE_MU_DERIV=0.00 mDebye / A, RMSE_ALPHA_per_atom=    0.04, RMSE_ALPHA_DERIV=    2.34
2025-07-12 09:05:44.095 INFO: Epoch 329: head: Default, loss=1.6049, RMSE_MU_per_atom=0.00 mDebye, RMSE_MU_DERIV=0.00 mDebye / A, RMSE_ALPHA_per_atom=    0.05, RMSE_ALPHA_DERIV=    2.28
2025-07-12 09:06:27.747 INFO: Epoch 330: head: Default, loss=1.7225, RMSE_MU_per_atom=0.00 mDebye, RMSE_MU_DERIV=0.00 mDebye / A, RMSE_ALPHA_per_atom=    0.08, RMSE_ALPHA_DERIV=    2.33
2025-07-12 09:07:11.403 INFO: Epoch 331: head: Default, loss=1.6653, RMSE_MU_per_atom=0.00 mDebye, RMSE_MU_DERIV=0.00 mDebye / A, RMSE_ALPHA_per_atom=    0.07, RMSE_ALPHA_DERIV=    2.32
2025-07-12 09:07:55.057 INFO: Epoch 332: head: Default, loss=1.6751, RMSE_MU_per_atom=0.00 mDebye, RMSE_MU_DERIV=0.00 mDebye / A, RMSE_ALPHA_per_atom=    0.05, RMSE_ALPHA_DERIV=    2.31
2025-07-12 09:08:38.712 INFO: Epoch 333: head: Default, loss=1.8812, RMSE_MU_per_atom=0.00 mDebye, RMSE_MU_DERIV=0.00 mDebye / A, RMSE_ALPHA_per_atom=    0.04, RMSE_ALPHA_DERIV=    2.40
2025-07-12 09:09:22.378 INFO: Epoch 334: head: Default, loss=1.7170, RMSE_MU_per_atom=0.00 mDebye, RMSE_MU_DERIV=0.00 mDebye / A, RMSE_ALPHA_per_atom=    0.05, RMSE_ALPHA_DERIV=    2.33
2025-07-12 09:10:06.048 INFO: Epoch 335: head: Default, loss=1.7834, RMSE_MU_per_atom=0.00 mDebye, RMSE_MU_DERIV=0.00 mDebye / A, RMSE_ALPHA_per_atom=    0.09, RMSE_ALPHA_DERIV=    2.35
2025-07-12 09:10:49.716 INFO: Epoch 336: head: Default, loss=1.6299, RMSE_MU_per_atom=0.00 mDebye, RMSE_MU_DERIV=0.00 mDebye / A, RMSE_ALPHA_per_atom=    0.04, RMSE_ALPHA_DERIV=    2.28
2025-07-12 09:11:33.384 INFO: Epoch 337: head: Default, loss=1.7788, RMSE_MU_per_atom=0.00 mDebye, RMSE_MU_DERIV=0.00 mDebye / A, RMSE_ALPHA_per_atom=    0.04, RMSE_ALPHA_DERIV=    2.36
2025-07-12 09:12:17.040 INFO: Epoch 338: head: Default, loss=1.5969, RMSE_MU_per_atom=0.00 mDebye, RMSE_MU_DERIV=0.00 mDebye / A, RMSE_ALPHA_per_atom=    0.03, RMSE_ALPHA_DERIV=    2.28
2025-07-12 09:13:00.685 INFO: Epoch 339: head: Default, loss=1.6355, RMSE_MU_per_atom=0.00 mDebye, RMSE_MU_DERIV=0.00 mDebye / A, RMSE_ALPHA_per_atom=    0.06, RMSE_ALPHA_DERIV=    2.30
2025-07-12 09:13:44.340 INFO: Epoch 340: head: Default, loss=1.6216, RMSE_MU_per_atom=0.00 mDebye, RMSE_MU_DERIV=0.00 mDebye / A, RMSE_ALPHA_per_atom=    0.05, RMSE_ALPHA_DERIV=    2.29
2025-07-12 09:14:27.985 INFO: Epoch 341: head: Default, loss=1.6669, RMSE_MU_per_atom=0.00 mDebye, RMSE_MU_DERIV=0.00 mDebye / A, RMSE_ALPHA_per_atom=    0.05, RMSE_ALPHA_DERIV=    2.30
2025-07-12 09:15:11.649 INFO: Epoch 342: head: Default, loss=1.6657, RMSE_MU_per_atom=0.00 mDebye, RMSE_MU_DERIV=0.00 mDebye / A, RMSE_ALPHA_per_atom=    0.04, RMSE_ALPHA_DERIV=    2.31
2025-07-12 09:15:55.312 INFO: Epoch 343: head: Default, loss=1.5216, RMSE_MU_per_atom=0.00 mDebye, RMSE_MU_DERIV=0.00 mDebye / A, RMSE_ALPHA_per_atom=    0.03, RMSE_ALPHA_DERIV=    2.25
2025-07-12 09:16:38.981 INFO: Epoch 344: head: Default, loss=1.5846, RMSE_MU_per_atom=0.00 mDebye, RMSE_MU_DERIV=0.00 mDebye / A, RMSE_ALPHA_per_atom=    0.05, RMSE_ALPHA_DERIV=    2.27
2025-07-12 09:17:22.641 INFO: Epoch 345: head: Default, loss=1.7083, RMSE_MU_per_atom=0.00 mDebye, RMSE_MU_DERIV=0.00 mDebye / A, RMSE_ALPHA_per_atom=    0.04, RMSE_ALPHA_DERIV=    2.32
2025-07-12 09:18:06.291 INFO: Epoch 346: head: Default, loss=1.7310, RMSE_MU_per_atom=0.00 mDebye, RMSE_MU_DERIV=0.00 mDebye / A, RMSE_ALPHA_per_atom=    0.06, RMSE_ALPHA_DERIV=    2.34
2025-07-12 09:18:49.950 INFO: Epoch 347: head: Default, loss=1.7275, RMSE_MU_per_atom=0.00 mDebye, RMSE_MU_DERIV=0.00 mDebye / A, RMSE_ALPHA_per_atom=    0.06, RMSE_ALPHA_DERIV=    2.34
2025-07-12 09:19:33.605 INFO: Epoch 348: head: Default, loss=1.7279, RMSE_MU_per_atom=0.00 mDebye, RMSE_MU_DERIV=0.00 mDebye / A, RMSE_ALPHA_per_atom=    0.04, RMSE_ALPHA_DERIV=    2.34
2025-07-12 09:20:17.268 INFO: Epoch 349: head: Default, loss=1.7022, RMSE_MU_per_atom=0.00 mDebye, RMSE_MU_DERIV=0.00 mDebye / A, RMSE_ALPHA_per_atom=    0.07, RMSE_ALPHA_DERIV=    2.32
2025-07-12 09:21:00.939 INFO: Epoch 350: head: Default, loss=1.6856, RMSE_MU_per_atom=0.00 mDebye, RMSE_MU_DERIV=0.00 mDebye / A, RMSE_ALPHA_per_atom=    0.06, RMSE_ALPHA_DERIV=    2.32
2025-07-12 09:21:44.579 INFO: Epoch 351: head: Default, loss=1.8511, RMSE_MU_per_atom=0.00 mDebye, RMSE_MU_DERIV=0.00 mDebye / A, RMSE_ALPHA_per_atom=    0.06, RMSE_ALPHA_DERIV=    2.39
2025-07-12 09:22:28.237 INFO: Epoch 352: head: Default, loss=1.5535, RMSE_MU_per_atom=0.00 mDebye, RMSE_MU_DERIV=0.00 mDebye / A, RMSE_ALPHA_per_atom=    0.05, RMSE_ALPHA_DERIV=    2.25
2025-07-12 09:23:11.882 INFO: Epoch 353: head: Default, loss=1.5562, RMSE_MU_per_atom=0.00 mDebye, RMSE_MU_DERIV=0.00 mDebye / A, RMSE_ALPHA_per_atom=    0.06, RMSE_ALPHA_DERIV=    2.26
2025-07-12 09:23:55.532 INFO: Epoch 354: head: Default, loss=1.8598, RMSE_MU_per_atom=0.00 mDebye, RMSE_MU_DERIV=0.00 mDebye / A, RMSE_ALPHA_per_atom=    0.07, RMSE_ALPHA_DERIV=    2.39
2025-07-12 09:24:39.186 INFO: Epoch 355: head: Default, loss=1.6014, RMSE_MU_per_atom=0.00 mDebye, RMSE_MU_DERIV=0.00 mDebye / A, RMSE_ALPHA_per_atom=    0.05, RMSE_ALPHA_DERIV=    2.27
2025-07-12 09:25:22.843 INFO: Epoch 356: head: Default, loss=1.6926, RMSE_MU_per_atom=0.00 mDebye, RMSE_MU_DERIV=0.00 mDebye / A, RMSE_ALPHA_per_atom=    0.04, RMSE_ALPHA_DERIV=    2.32
2025-07-12 09:26:06.494 INFO: Epoch 357: head: Default, loss=1.5699, RMSE_MU_per_atom=0.00 mDebye, RMSE_MU_DERIV=0.00 mDebye / A, RMSE_ALPHA_per_atom=    0.05, RMSE_ALPHA_DERIV=    2.28
2025-07-12 09:26:50.149 INFO: Epoch 358: head: Default, loss=1.5121, RMSE_MU_per_atom=0.00 mDebye, RMSE_MU_DERIV=0.00 mDebye / A, RMSE_ALPHA_per_atom=    0.04, RMSE_ALPHA_DERIV=    2.23
2025-07-12 09:27:33.801 INFO: Epoch 359: head: Default, loss=1.5583, RMSE_MU_per_atom=0.00 mDebye, RMSE_MU_DERIV=0.00 mDebye / A, RMSE_ALPHA_per_atom=    0.03, RMSE_ALPHA_DERIV=    2.25
2025-07-12 09:28:17.451 INFO: Epoch 360: head: Default, loss=1.7848, RMSE_MU_per_atom=0.00 mDebye, RMSE_MU_DERIV=0.00 mDebye / A, RMSE_ALPHA_per_atom=    0.05, RMSE_ALPHA_DERIV=    2.37
2025-07-12 09:29:01.104 INFO: Epoch 361: head: Default, loss=1.6797, RMSE_MU_per_atom=0.00 mDebye, RMSE_MU_DERIV=0.00 mDebye / A, RMSE_ALPHA_per_atom=    0.04, RMSE_ALPHA_DERIV=    2.31
2025-07-12 09:29:44.770 INFO: Epoch 362: head: Default, loss=1.5364, RMSE_MU_per_atom=0.00 mDebye, RMSE_MU_DERIV=0.00 mDebye / A, RMSE_ALPHA_per_atom=    0.04, RMSE_ALPHA_DERIV=    2.24
2025-07-12 09:30:28.424 INFO: Epoch 363: head: Default, loss=1.5878, RMSE_MU_per_atom=0.00 mDebye, RMSE_MU_DERIV=0.00 mDebye / A, RMSE_ALPHA_per_atom=    0.03, RMSE_ALPHA_DERIV=    2.27
2025-07-12 09:31:12.080 INFO: Epoch 364: head: Default, loss=1.5743, RMSE_MU_per_atom=0.00 mDebye, RMSE_MU_DERIV=0.00 mDebye / A, RMSE_ALPHA_per_atom=    0.03, RMSE_ALPHA_DERIV=    2.25
2025-07-12 09:31:55.725 INFO: Epoch 365: head: Default, loss=1.7297, RMSE_MU_per_atom=0.00 mDebye, RMSE_MU_DERIV=0.00 mDebye / A, RMSE_ALPHA_per_atom=    0.04, RMSE_ALPHA_DERIV=    2.33
2025-07-12 09:32:39.396 INFO: Epoch 366: head: Default, loss=1.6556, RMSE_MU_per_atom=0.00 mDebye, RMSE_MU_DERIV=0.00 mDebye / A, RMSE_ALPHA_per_atom=    0.04, RMSE_ALPHA_DERIV=    2.29
2025-07-12 09:33:23.052 INFO: Epoch 367: head: Default, loss=1.6186, RMSE_MU_per_atom=0.00 mDebye, RMSE_MU_DERIV=0.00 mDebye / A, RMSE_ALPHA_per_atom=    0.03, RMSE_ALPHA_DERIV=    2.28
2025-07-12 09:34:06.714 INFO: Epoch 368: head: Default, loss=1.8155, RMSE_MU_per_atom=0.00 mDebye, RMSE_MU_DERIV=0.00 mDebye / A, RMSE_ALPHA_per_atom=    0.08, RMSE_ALPHA_DERIV=    2.36
2025-07-12 09:34:50.355 INFO: Epoch 369: head: Default, loss=1.6561, RMSE_MU_per_atom=0.00 mDebye, RMSE_MU_DERIV=0.00 mDebye / A, RMSE_ALPHA_per_atom=    0.06, RMSE_ALPHA_DERIV=    2.29
2025-07-12 09:35:34.018 INFO: Epoch 370: head: Default, loss=1.5494, RMSE_MU_per_atom=0.00 mDebye, RMSE_MU_DERIV=0.00 mDebye / A, RMSE_ALPHA_per_atom=    0.04, RMSE_ALPHA_DERIV=    2.25
2025-07-12 09:36:17.680 INFO: Epoch 371: head: Default, loss=1.5727, RMSE_MU_per_atom=0.00 mDebye, RMSE_MU_DERIV=0.00 mDebye / A, RMSE_ALPHA_per_atom=    0.05, RMSE_ALPHA_DERIV=    2.27
2025-07-12 09:37:01.330 INFO: Epoch 372: head: Default, loss=1.6717, RMSE_MU_per_atom=0.00 mDebye, RMSE_MU_DERIV=0.00 mDebye / A, RMSE_ALPHA_per_atom=    0.04, RMSE_ALPHA_DERIV=    2.31
2025-07-12 09:37:44.985 INFO: Epoch 373: head: Default, loss=1.5242, RMSE_MU_per_atom=0.00 mDebye, RMSE_MU_DERIV=0.00 mDebye / A, RMSE_ALPHA_per_atom=    0.04, RMSE_ALPHA_DERIV=    2.25
2025-07-12 09:38:28.644 INFO: Epoch 374: head: Default, loss=1.6684, RMSE_MU_per_atom=0.00 mDebye, RMSE_MU_DERIV=0.00 mDebye / A, RMSE_ALPHA_per_atom=    0.04, RMSE_ALPHA_DERIV=    2.30
2025-07-12 09:39:12.304 INFO: Epoch 375: head: Default, loss=1.7584, RMSE_MU_per_atom=0.00 mDebye, RMSE_MU_DERIV=0.00 mDebye / A, RMSE_ALPHA_per_atom=    0.05, RMSE_ALPHA_DERIV=    2.35
2025-07-12 09:39:55.965 INFO: Epoch 376: head: Default, loss=1.4451, RMSE_MU_per_atom=0.00 mDebye, RMSE_MU_DERIV=0.00 mDebye / A, RMSE_ALPHA_per_atom=    0.04, RMSE_ALPHA_DERIV=    2.20
2025-07-12 09:40:39.619 INFO: Epoch 377: head: Default, loss=1.5819, RMSE_MU_per_atom=0.00 mDebye, RMSE_MU_DERIV=0.00 mDebye / A, RMSE_ALPHA_per_atom=    0.04, RMSE_ALPHA_DERIV=    2.26
2025-07-12 09:41:23.287 INFO: Epoch 378: head: Default, loss=1.6982, RMSE_MU_per_atom=0.00 mDebye, RMSE_MU_DERIV=0.00 mDebye / A, RMSE_ALPHA_per_atom=    0.04, RMSE_ALPHA_DERIV=    2.31
2025-07-12 09:42:06.952 INFO: Epoch 379: head: Default, loss=1.7405, RMSE_MU_per_atom=0.00 mDebye, RMSE_MU_DERIV=0.00 mDebye / A, RMSE_ALPHA_per_atom=    0.04, RMSE_ALPHA_DERIV=    2.33
2025-07-12 09:42:50.607 INFO: Epoch 380: head: Default, loss=1.4337, RMSE_MU_per_atom=0.00 mDebye, RMSE_MU_DERIV=0.00 mDebye / A, RMSE_ALPHA_per_atom=    0.04, RMSE_ALPHA_DERIV=    2.21
2025-07-12 09:42:50.608 DEBUG: Deleting old checkpoint file: ./checkpoints/MoWSSe_susram_ndata_all_subset_240_weights_10_1_run-123_epoch-307.pt
2025-07-12 09:42:50.610 DEBUG: Saving checkpoint: ./checkpoints/MoWSSe_susram_ndata_all_subset_240_weights_10_1_run-123_epoch-380.pt
2025-07-12 09:43:34.318 INFO: Epoch 381: head: Default, loss=1.6215, RMSE_MU_per_atom=0.00 mDebye, RMSE_MU_DERIV=0.00 mDebye / A, RMSE_ALPHA_per_atom=    0.04, RMSE_ALPHA_DERIV=    2.30
2025-07-12 09:44:17.964 INFO: Epoch 382: head: Default, loss=1.5251, RMSE_MU_per_atom=0.00 mDebye, RMSE_MU_DERIV=0.00 mDebye / A, RMSE_ALPHA_per_atom=    0.06, RMSE_ALPHA_DERIV=    2.24
2025-07-12 09:45:01.623 INFO: Epoch 383: head: Default, loss=1.5163, RMSE_MU_per_atom=0.00 mDebye, RMSE_MU_DERIV=0.00 mDebye / A, RMSE_ALPHA_per_atom=    0.05, RMSE_ALPHA_DERIV=    2.25
2025-07-12 09:45:45.266 INFO: Epoch 384: head: Default, loss=1.5865, RMSE_MU_per_atom=0.00 mDebye, RMSE_MU_DERIV=0.00 mDebye / A, RMSE_ALPHA_per_atom=    0.05, RMSE_ALPHA_DERIV=    2.27
2025-07-12 09:46:28.912 INFO: Epoch 385: head: Default, loss=1.7638, RMSE_MU_per_atom=0.00 mDebye, RMSE_MU_DERIV=0.00 mDebye / A, RMSE_ALPHA_per_atom=    0.08, RMSE_ALPHA_DERIV=    2.34
2025-07-12 09:47:12.558 INFO: Epoch 386: head: Default, loss=1.5988, RMSE_MU_per_atom=0.00 mDebye, RMSE_MU_DERIV=0.00 mDebye / A, RMSE_ALPHA_per_atom=    0.03, RMSE_ALPHA_DERIV=    2.27
2025-07-12 09:47:56.212 INFO: Epoch 387: head: Default, loss=1.6445, RMSE_MU_per_atom=0.00 mDebye, RMSE_MU_DERIV=0.00 mDebye / A, RMSE_ALPHA_per_atom=    0.05, RMSE_ALPHA_DERIV=    2.28
2025-07-12 09:48:39.864 INFO: Epoch 388: head: Default, loss=1.6399, RMSE_MU_per_atom=0.00 mDebye, RMSE_MU_DERIV=0.00 mDebye / A, RMSE_ALPHA_per_atom=    0.06, RMSE_ALPHA_DERIV=    2.30
2025-07-12 09:49:23.526 INFO: Epoch 389: head: Default, loss=1.5574, RMSE_MU_per_atom=0.00 mDebye, RMSE_MU_DERIV=0.00 mDebye / A, RMSE_ALPHA_per_atom=    0.04, RMSE_ALPHA_DERIV=    2.25
2025-07-12 09:50:07.192 INFO: Epoch 390: head: Default, loss=1.6422, RMSE_MU_per_atom=0.00 mDebye, RMSE_MU_DERIV=0.00 mDebye / A, RMSE_ALPHA_per_atom=    0.04, RMSE_ALPHA_DERIV=    2.29
2025-07-12 09:50:50.841 INFO: Epoch 391: head: Default, loss=1.6666, RMSE_MU_per_atom=0.00 mDebye, RMSE_MU_DERIV=0.00 mDebye / A, RMSE_ALPHA_per_atom=    0.04, RMSE_ALPHA_DERIV=    2.30
2025-07-12 09:51:34.492 INFO: Epoch 392: head: Default, loss=1.6071, RMSE_MU_per_atom=0.00 mDebye, RMSE_MU_DERIV=0.00 mDebye / A, RMSE_ALPHA_per_atom=    0.04, RMSE_ALPHA_DERIV=    2.29
2025-07-12 09:52:18.164 INFO: Epoch 393: head: Default, loss=1.6980, RMSE_MU_per_atom=0.00 mDebye, RMSE_MU_DERIV=0.00 mDebye / A, RMSE_ALPHA_per_atom=    0.04, RMSE_ALPHA_DERIV=    2.31
2025-07-12 09:53:01.814 INFO: Epoch 394: head: Default, loss=1.4747, RMSE_MU_per_atom=0.00 mDebye, RMSE_MU_DERIV=0.00 mDebye / A, RMSE_ALPHA_per_atom=    0.05, RMSE_ALPHA_DERIV=    2.21
2025-07-12 09:53:45.449 INFO: Epoch 395: head: Default, loss=1.6631, RMSE_MU_per_atom=0.00 mDebye, RMSE_MU_DERIV=0.00 mDebye / A, RMSE_ALPHA_per_atom=    0.04, RMSE_ALPHA_DERIV=    2.30
2025-07-12 09:54:29.096 INFO: Epoch 396: head: Default, loss=1.7012, RMSE_MU_per_atom=0.00 mDebye, RMSE_MU_DERIV=0.00 mDebye / A, RMSE_ALPHA_per_atom=    0.06, RMSE_ALPHA_DERIV=    2.31
2025-07-12 09:55:12.750 INFO: Epoch 397: head: Default, loss=1.6017, RMSE_MU_per_atom=0.00 mDebye, RMSE_MU_DERIV=0.00 mDebye / A, RMSE_ALPHA_per_atom=    0.04, RMSE_ALPHA_DERIV=    2.27
2025-07-12 09:55:56.416 INFO: Epoch 398: head: Default, loss=1.6504, RMSE_MU_per_atom=0.00 mDebye, RMSE_MU_DERIV=0.00 mDebye / A, RMSE_ALPHA_per_atom=    0.04, RMSE_ALPHA_DERIV=    2.29
2025-07-12 09:56:40.071 INFO: Epoch 399: head: Default, loss=1.6079, RMSE_MU_per_atom=0.00 mDebye, RMSE_MU_DERIV=0.00 mDebye / A, RMSE_ALPHA_per_atom=    0.04, RMSE_ALPHA_DERIV=    2.28
2025-07-12 09:57:23.713 INFO: Epoch 400: head: Default, loss=1.6491, RMSE_MU_per_atom=0.00 mDebye, RMSE_MU_DERIV=0.00 mDebye / A, RMSE_ALPHA_per_atom=    0.04, RMSE_ALPHA_DERIV=    2.29
2025-07-12 09:58:07.349 INFO: Epoch 401: head: Default, loss=1.5771, RMSE_MU_per_atom=0.00 mDebye, RMSE_MU_DERIV=0.00 mDebye / A, RMSE_ALPHA_per_atom=    0.04, RMSE_ALPHA_DERIV=    2.26
2025-07-12 09:58:51.000 INFO: Epoch 402: head: Default, loss=1.6384, RMSE_MU_per_atom=0.00 mDebye, RMSE_MU_DERIV=0.00 mDebye / A, RMSE_ALPHA_per_atom=    0.04, RMSE_ALPHA_DERIV=    2.28
2025-07-12 09:59:34.652 INFO: Epoch 403: head: Default, loss=1.5874, RMSE_MU_per_atom=0.00 mDebye, RMSE_MU_DERIV=0.00 mDebye / A, RMSE_ALPHA_per_atom=    0.07, RMSE_ALPHA_DERIV=    2.26
2025-07-12 10:00:18.297 INFO: Epoch 404: head: Default, loss=1.7285, RMSE_MU_per_atom=0.00 mDebye, RMSE_MU_DERIV=0.00 mDebye / A, RMSE_ALPHA_per_atom=    0.06, RMSE_ALPHA_DERIV=    2.32
2025-07-12 10:01:01.947 INFO: Epoch 405: head: Default, loss=1.5874, RMSE_MU_per_atom=0.00 mDebye, RMSE_MU_DERIV=0.00 mDebye / A, RMSE_ALPHA_per_atom=    0.04, RMSE_ALPHA_DERIV=    2.27
2025-07-12 10:01:45.595 INFO: Epoch 406: head: Default, loss=1.5785, RMSE_MU_per_atom=0.00 mDebye, RMSE_MU_DERIV=0.00 mDebye / A, RMSE_ALPHA_per_atom=    0.04, RMSE_ALPHA_DERIV=    2.26
2025-07-12 10:02:29.256 INFO: Epoch 407: head: Default, loss=1.5498, RMSE_MU_per_atom=0.00 mDebye, RMSE_MU_DERIV=0.00 mDebye / A, RMSE_ALPHA_per_atom=    0.04, RMSE_ALPHA_DERIV=    2.26
2025-07-12 10:03:12.910 INFO: Epoch 408: head: Default, loss=1.6389, RMSE_MU_per_atom=0.00 mDebye, RMSE_MU_DERIV=0.00 mDebye / A, RMSE_ALPHA_per_atom=    0.04, RMSE_ALPHA_DERIV=    2.28
2025-07-12 10:03:56.577 INFO: Epoch 409: head: Default, loss=1.6108, RMSE_MU_per_atom=0.00 mDebye, RMSE_MU_DERIV=0.00 mDebye / A, RMSE_ALPHA_per_atom=    0.04, RMSE_ALPHA_DERIV=    2.28
2025-07-12 10:04:40.243 INFO: Epoch 410: head: Default, loss=1.5374, RMSE_MU_per_atom=0.00 mDebye, RMSE_MU_DERIV=0.00 mDebye / A, RMSE_ALPHA_per_atom=    0.09, RMSE_ALPHA_DERIV=    2.24
2025-07-12 10:05:23.902 INFO: Epoch 411: head: Default, loss=1.5460, RMSE_MU_per_atom=0.00 mDebye, RMSE_MU_DERIV=0.00 mDebye / A, RMSE_ALPHA_per_atom=    0.04, RMSE_ALPHA_DERIV=    2.25
2025-07-12 10:06:07.570 INFO: Epoch 412: head: Default, loss=1.7019, RMSE_MU_per_atom=0.00 mDebye, RMSE_MU_DERIV=0.00 mDebye / A, RMSE_ALPHA_per_atom=    0.05, RMSE_ALPHA_DERIV=    2.31
2025-07-12 10:06:51.221 INFO: Epoch 413: head: Default, loss=1.6278, RMSE_MU_per_atom=0.00 mDebye, RMSE_MU_DERIV=0.00 mDebye / A, RMSE_ALPHA_per_atom=    0.05, RMSE_ALPHA_DERIV=    2.28
2025-07-12 10:07:34.878 INFO: Epoch 414: head: Default, loss=1.6631, RMSE_MU_per_atom=0.00 mDebye, RMSE_MU_DERIV=0.00 mDebye / A, RMSE_ALPHA_per_atom=    0.06, RMSE_ALPHA_DERIV=    2.29
2025-07-12 10:08:18.533 INFO: Epoch 415: head: Default, loss=1.6234, RMSE_MU_per_atom=0.00 mDebye, RMSE_MU_DERIV=0.00 mDebye / A, RMSE_ALPHA_per_atom=    0.06, RMSE_ALPHA_DERIV=    2.28
2025-07-12 10:09:02.194 INFO: Epoch 416: head: Default, loss=1.6175, RMSE_MU_per_atom=0.00 mDebye, RMSE_MU_DERIV=0.00 mDebye / A, RMSE_ALPHA_per_atom=    0.04, RMSE_ALPHA_DERIV=    2.27
2025-07-12 10:09:45.853 INFO: Epoch 417: head: Default, loss=1.5507, RMSE_MU_per_atom=0.00 mDebye, RMSE_MU_DERIV=0.00 mDebye / A, RMSE_ALPHA_per_atom=    0.03, RMSE_ALPHA_DERIV=    2.24
2025-07-12 10:10:29.496 INFO: Epoch 418: head: Default, loss=1.5862, RMSE_MU_per_atom=0.00 mDebye, RMSE_MU_DERIV=0.00 mDebye / A, RMSE_ALPHA_per_atom=    0.04, RMSE_ALPHA_DERIV=    2.26
2025-07-12 10:11:13.146 INFO: Epoch 419: head: Default, loss=1.5075, RMSE_MU_per_atom=0.00 mDebye, RMSE_MU_DERIV=0.00 mDebye / A, RMSE_ALPHA_per_atom=    0.03, RMSE_ALPHA_DERIV=    2.24
2025-07-12 10:11:56.817 INFO: Epoch 420: head: Default, loss=1.5654, RMSE_MU_per_atom=0.00 mDebye, RMSE_MU_DERIV=0.00 mDebye / A, RMSE_ALPHA_per_atom=    0.04, RMSE_ALPHA_DERIV=    2.26
2025-07-12 10:12:40.478 INFO: Epoch 421: head: Default, loss=1.6731, RMSE_MU_per_atom=0.00 mDebye, RMSE_MU_DERIV=0.00 mDebye / A, RMSE_ALPHA_per_atom=    0.05, RMSE_ALPHA_DERIV=    2.30
2025-07-12 10:13:24.131 INFO: Epoch 422: head: Default, loss=1.6590, RMSE_MU_per_atom=0.00 mDebye, RMSE_MU_DERIV=0.00 mDebye / A, RMSE_ALPHA_per_atom=    0.04, RMSE_ALPHA_DERIV=    2.29
2025-07-12 10:14:07.789 INFO: Epoch 423: head: Default, loss=1.5697, RMSE_MU_per_atom=0.00 mDebye, RMSE_MU_DERIV=0.00 mDebye / A, RMSE_ALPHA_per_atom=    0.04, RMSE_ALPHA_DERIV=    2.25
2025-07-12 10:14:51.461 INFO: Epoch 424: head: Default, loss=1.5523, RMSE_MU_per_atom=0.00 mDebye, RMSE_MU_DERIV=0.00 mDebye / A, RMSE_ALPHA_per_atom=    0.04, RMSE_ALPHA_DERIV=    2.25
2025-07-12 10:15:35.127 INFO: Epoch 425: head: Default, loss=1.4567, RMSE_MU_per_atom=0.00 mDebye, RMSE_MU_DERIV=0.00 mDebye / A, RMSE_ALPHA_per_atom=    0.07, RMSE_ALPHA_DERIV=    2.21
2025-07-12 10:16:18.773 INFO: Epoch 426: head: Default, loss=1.5198, RMSE_MU_per_atom=0.00 mDebye, RMSE_MU_DERIV=0.00 mDebye / A, RMSE_ALPHA_per_atom=    0.06, RMSE_ALPHA_DERIV=    2.23
2025-07-12 10:17:02.456 INFO: Epoch 427: head: Default, loss=1.5118, RMSE_MU_per_atom=0.00 mDebye, RMSE_MU_DERIV=0.00 mDebye / A, RMSE_ALPHA_per_atom=    0.07, RMSE_ALPHA_DERIV=    2.22
2025-07-12 10:17:46.110 INFO: Epoch 428: head: Default, loss=1.4931, RMSE_MU_per_atom=0.00 mDebye, RMSE_MU_DERIV=0.00 mDebye / A, RMSE_ALPHA_per_atom=    0.06, RMSE_ALPHA_DERIV=    2.22
2025-07-12 10:18:29.753 INFO: Epoch 429: head: Default, loss=1.6056, RMSE_MU_per_atom=0.00 mDebye, RMSE_MU_DERIV=0.00 mDebye / A, RMSE_ALPHA_per_atom=    0.04, RMSE_ALPHA_DERIV=    2.28
2025-07-12 10:19:13.409 INFO: Epoch 430: head: Default, loss=1.6580, RMSE_MU_per_atom=0.00 mDebye, RMSE_MU_DERIV=0.00 mDebye / A, RMSE_ALPHA_per_atom=    0.04, RMSE_ALPHA_DERIV=    2.29
2025-07-12 10:19:57.063 INFO: Epoch 431: head: Default, loss=1.5507, RMSE_MU_per_atom=0.00 mDebye, RMSE_MU_DERIV=0.00 mDebye / A, RMSE_ALPHA_per_atom=    0.04, RMSE_ALPHA_DERIV=    2.25
2025-07-12 10:20:40.733 INFO: Epoch 432: head: Default, loss=1.6083, RMSE_MU_per_atom=0.00 mDebye, RMSE_MU_DERIV=0.00 mDebye / A, RMSE_ALPHA_per_atom=    0.04, RMSE_ALPHA_DERIV=    2.27
2025-07-12 10:21:24.392 INFO: Epoch 433: head: Default, loss=1.5963, RMSE_MU_per_atom=0.00 mDebye, RMSE_MU_DERIV=0.00 mDebye / A, RMSE_ALPHA_per_atom=    0.03, RMSE_ALPHA_DERIV=    2.26
2025-07-12 10:22:08.048 INFO: Epoch 434: head: Default, loss=1.5684, RMSE_MU_per_atom=0.00 mDebye, RMSE_MU_DERIV=0.00 mDebye / A, RMSE_ALPHA_per_atom=    0.04, RMSE_ALPHA_DERIV=    2.25
2025-07-12 10:22:51.699 INFO: Epoch 435: head: Default, loss=1.5820, RMSE_MU_per_atom=0.00 mDebye, RMSE_MU_DERIV=0.00 mDebye / A, RMSE_ALPHA_per_atom=    0.03, RMSE_ALPHA_DERIV=    2.26
2025-07-12 10:23:35.335 INFO: Epoch 436: head: Default, loss=1.5903, RMSE_MU_per_atom=0.00 mDebye, RMSE_MU_DERIV=0.00 mDebye / A, RMSE_ALPHA_per_atom=    0.05, RMSE_ALPHA_DERIV=    2.25
2025-07-12 10:24:18.986 INFO: Epoch 437: head: Default, loss=1.5321, RMSE_MU_per_atom=0.00 mDebye, RMSE_MU_DERIV=0.00 mDebye / A, RMSE_ALPHA_per_atom=    0.03, RMSE_ALPHA_DERIV=    2.24
2025-07-12 10:25:02.643 INFO: Epoch 438: head: Default, loss=1.6367, RMSE_MU_per_atom=0.00 mDebye, RMSE_MU_DERIV=0.00 mDebye / A, RMSE_ALPHA_per_atom=    0.05, RMSE_ALPHA_DERIV=    2.28
2025-07-12 10:25:46.299 INFO: Epoch 439: head: Default, loss=1.5726, RMSE_MU_per_atom=0.00 mDebye, RMSE_MU_DERIV=0.00 mDebye / A, RMSE_ALPHA_per_atom=    0.04, RMSE_ALPHA_DERIV=    2.25
2025-07-12 10:26:29.971 INFO: Epoch 440: head: Default, loss=1.5886, RMSE_MU_per_atom=0.00 mDebye, RMSE_MU_DERIV=0.00 mDebye / A, RMSE_ALPHA_per_atom=    0.04, RMSE_ALPHA_DERIV=    2.26
2025-07-12 10:27:13.620 INFO: Epoch 441: head: Default, loss=1.5007, RMSE_MU_per_atom=0.00 mDebye, RMSE_MU_DERIV=0.00 mDebye / A, RMSE_ALPHA_per_atom=    0.04, RMSE_ALPHA_DERIV=    2.22
2025-07-12 10:27:57.289 INFO: Epoch 442: head: Default, loss=1.5648, RMSE_MU_per_atom=0.00 mDebye, RMSE_MU_DERIV=0.00 mDebye / A, RMSE_ALPHA_per_atom=    0.03, RMSE_ALPHA_DERIV=    2.25
2025-07-12 10:28:40.957 INFO: Epoch 443: head: Default, loss=1.7006, RMSE_MU_per_atom=0.00 mDebye, RMSE_MU_DERIV=0.00 mDebye / A, RMSE_ALPHA_per_atom=    0.04, RMSE_ALPHA_DERIV=    2.30
2025-07-12 10:29:24.630 INFO: Epoch 444: head: Default, loss=1.5169, RMSE_MU_per_atom=0.00 mDebye, RMSE_MU_DERIV=0.00 mDebye / A, RMSE_ALPHA_per_atom=    0.04, RMSE_ALPHA_DERIV=    2.23
2025-07-12 10:30:08.280 INFO: Epoch 445: head: Default, loss=1.7348, RMSE_MU_per_atom=0.00 mDebye, RMSE_MU_DERIV=0.00 mDebye / A, RMSE_ALPHA_per_atom=    0.06, RMSE_ALPHA_DERIV=    2.32
2025-07-12 10:30:51.950 INFO: Epoch 446: head: Default, loss=1.6483, RMSE_MU_per_atom=0.00 mDebye, RMSE_MU_DERIV=0.00 mDebye / A, RMSE_ALPHA_per_atom=    0.04, RMSE_ALPHA_DERIV=    2.28
2025-07-12 10:31:35.608 INFO: Epoch 447: head: Default, loss=1.5236, RMSE_MU_per_atom=0.00 mDebye, RMSE_MU_DERIV=0.00 mDebye / A, RMSE_ALPHA_per_atom=    0.07, RMSE_ALPHA_DERIV=    2.23
2025-07-12 10:32:19.268 INFO: Epoch 448: head: Default, loss=1.5654, RMSE_MU_per_atom=0.00 mDebye, RMSE_MU_DERIV=0.00 mDebye / A, RMSE_ALPHA_per_atom=    0.04, RMSE_ALPHA_DERIV=    2.25
2025-07-12 10:33:02.936 INFO: Epoch 449: head: Default, loss=1.5554, RMSE_MU_per_atom=0.00 mDebye, RMSE_MU_DERIV=0.00 mDebye / A, RMSE_ALPHA_per_atom=    0.03, RMSE_ALPHA_DERIV=    2.24
2025-07-12 10:33:46.590 INFO: Epoch 450: head: Default, loss=1.5394, RMSE_MU_per_atom=0.00 mDebye, RMSE_MU_DERIV=0.00 mDebye / A, RMSE_ALPHA_per_atom=    0.04, RMSE_ALPHA_DERIV=    2.24
2025-07-12 10:34:30.244 INFO: Epoch 451: head: Default, loss=1.5086, RMSE_MU_per_atom=0.00 mDebye, RMSE_MU_DERIV=0.00 mDebye / A, RMSE_ALPHA_per_atom=    0.04, RMSE_ALPHA_DERIV=    2.24
2025-07-12 10:35:13.902 INFO: Epoch 452: head: Default, loss=1.5185, RMSE_MU_per_atom=0.00 mDebye, RMSE_MU_DERIV=0.00 mDebye / A, RMSE_ALPHA_per_atom=    0.05, RMSE_ALPHA_DERIV=    2.22
2025-07-12 10:35:57.568 INFO: Epoch 453: head: Default, loss=1.5046, RMSE_MU_per_atom=0.00 mDebye, RMSE_MU_DERIV=0.00 mDebye / A, RMSE_ALPHA_per_atom=    0.04, RMSE_ALPHA_DERIV=    2.23
2025-07-12 10:36:41.222 INFO: Epoch 454: head: Default, loss=1.6084, RMSE_MU_per_atom=0.00 mDebye, RMSE_MU_DERIV=0.00 mDebye / A, RMSE_ALPHA_per_atom=    0.04, RMSE_ALPHA_DERIV=    2.27
2025-07-12 10:37:24.890 INFO: Epoch 455: head: Default, loss=1.6429, RMSE_MU_per_atom=0.00 mDebye, RMSE_MU_DERIV=0.00 mDebye / A, RMSE_ALPHA_per_atom=    0.04, RMSE_ALPHA_DERIV=    2.28
2025-07-12 10:38:08.555 INFO: Epoch 456: head: Default, loss=1.7380, RMSE_MU_per_atom=0.00 mDebye, RMSE_MU_DERIV=0.00 mDebye / A, RMSE_ALPHA_per_atom=    0.05, RMSE_ALPHA_DERIV=    2.33
2025-07-12 10:38:52.217 INFO: Epoch 457: head: Default, loss=1.6743, RMSE_MU_per_atom=0.00 mDebye, RMSE_MU_DERIV=0.00 mDebye / A, RMSE_ALPHA_per_atom=    0.05, RMSE_ALPHA_DERIV=    2.29
2025-07-12 10:39:35.875 INFO: Epoch 458: head: Default, loss=1.6563, RMSE_MU_per_atom=0.00 mDebye, RMSE_MU_DERIV=0.00 mDebye / A, RMSE_ALPHA_per_atom=    0.04, RMSE_ALPHA_DERIV=    2.29
2025-07-12 10:40:19.532 INFO: Epoch 459: head: Default, loss=1.7131, RMSE_MU_per_atom=0.00 mDebye, RMSE_MU_DERIV=0.00 mDebye / A, RMSE_ALPHA_per_atom=    0.05, RMSE_ALPHA_DERIV=    2.31
2025-07-12 10:41:03.192 INFO: Epoch 460: head: Default, loss=1.4833, RMSE_MU_per_atom=0.00 mDebye, RMSE_MU_DERIV=0.00 mDebye / A, RMSE_ALPHA_per_atom=    0.03, RMSE_ALPHA_DERIV=    2.22
2025-07-12 10:41:46.859 INFO: Epoch 461: head: Default, loss=1.4997, RMSE_MU_per_atom=0.00 mDebye, RMSE_MU_DERIV=0.00 mDebye / A, RMSE_ALPHA_per_atom=    0.03, RMSE_ALPHA_DERIV=    2.22
2025-07-12 10:42:30.505 INFO: Epoch 462: head: Default, loss=1.6434, RMSE_MU_per_atom=0.00 mDebye, RMSE_MU_DERIV=0.00 mDebye / A, RMSE_ALPHA_per_atom=    0.04, RMSE_ALPHA_DERIV=    2.28
2025-07-12 10:43:14.159 INFO: Epoch 463: head: Default, loss=1.7139, RMSE_MU_per_atom=0.00 mDebye, RMSE_MU_DERIV=0.00 mDebye / A, RMSE_ALPHA_per_atom=    0.04, RMSE_ALPHA_DERIV=    2.31
2025-07-12 10:43:57.817 INFO: Epoch 464: head: Default, loss=1.4636, RMSE_MU_per_atom=0.00 mDebye, RMSE_MU_DERIV=0.00 mDebye / A, RMSE_ALPHA_per_atom=    0.04, RMSE_ALPHA_DERIV=    2.21
2025-07-12 10:44:41.456 INFO: Epoch 465: head: Default, loss=1.4999, RMSE_MU_per_atom=0.00 mDebye, RMSE_MU_DERIV=0.00 mDebye / A, RMSE_ALPHA_per_atom=    0.05, RMSE_ALPHA_DERIV=    2.22
2025-07-12 10:45:25.131 INFO: Epoch 466: head: Default, loss=1.5988, RMSE_MU_per_atom=0.00 mDebye, RMSE_MU_DERIV=0.00 mDebye / A, RMSE_ALPHA_per_atom=    0.04, RMSE_ALPHA_DERIV=    2.26
2025-07-12 10:46:08.795 INFO: Epoch 467: head: Default, loss=1.5141, RMSE_MU_per_atom=0.00 mDebye, RMSE_MU_DERIV=0.00 mDebye / A, RMSE_ALPHA_per_atom=    0.03, RMSE_ALPHA_DERIV=    2.23
2025-07-12 10:46:52.442 INFO: Epoch 468: head: Default, loss=1.5754, RMSE_MU_per_atom=0.00 mDebye, RMSE_MU_DERIV=0.00 mDebye / A, RMSE_ALPHA_per_atom=    0.03, RMSE_ALPHA_DERIV=    2.25
2025-07-12 10:47:36.098 INFO: Epoch 469: head: Default, loss=1.5874, RMSE_MU_per_atom=0.00 mDebye, RMSE_MU_DERIV=0.00 mDebye / A, RMSE_ALPHA_per_atom=    0.03, RMSE_ALPHA_DERIV=    2.26
2025-07-12 10:48:19.744 INFO: Epoch 470: head: Default, loss=1.4750, RMSE_MU_per_atom=0.00 mDebye, RMSE_MU_DERIV=0.00 mDebye / A, RMSE_ALPHA_per_atom=    0.05, RMSE_ALPHA_DERIV=    2.22
2025-07-12 10:49:03.382 INFO: Epoch 471: head: Default, loss=1.5746, RMSE_MU_per_atom=0.00 mDebye, RMSE_MU_DERIV=0.00 mDebye / A, RMSE_ALPHA_per_atom=    0.03, RMSE_ALPHA_DERIV=    2.25
2025-07-12 10:49:47.024 INFO: Epoch 472: head: Default, loss=1.5299, RMSE_MU_per_atom=0.00 mDebye, RMSE_MU_DERIV=0.00 mDebye / A, RMSE_ALPHA_per_atom=    0.04, RMSE_ALPHA_DERIV=    2.22
2025-07-12 10:50:30.673 INFO: Epoch 473: head: Default, loss=1.4567, RMSE_MU_per_atom=0.00 mDebye, RMSE_MU_DERIV=0.00 mDebye / A, RMSE_ALPHA_per_atom=    0.04, RMSE_ALPHA_DERIV=    2.20
2025-07-12 10:51:14.329 INFO: Epoch 474: head: Default, loss=1.6232, RMSE_MU_per_atom=0.00 mDebye, RMSE_MU_DERIV=0.00 mDebye / A, RMSE_ALPHA_per_atom=    0.04, RMSE_ALPHA_DERIV=    2.27
2025-07-12 10:51:57.991 INFO: Epoch 475: head: Default, loss=1.4861, RMSE_MU_per_atom=0.00 mDebye, RMSE_MU_DERIV=0.00 mDebye / A, RMSE_ALPHA_per_atom=    0.04, RMSE_ALPHA_DERIV=    2.21
2025-07-12 10:52:41.638 INFO: Epoch 476: head: Default, loss=1.6372, RMSE_MU_per_atom=0.00 mDebye, RMSE_MU_DERIV=0.00 mDebye / A, RMSE_ALPHA_per_atom=    0.04, RMSE_ALPHA_DERIV=    2.27
2025-07-12 10:53:25.289 INFO: Epoch 477: head: Default, loss=1.4933, RMSE_MU_per_atom=0.00 mDebye, RMSE_MU_DERIV=0.00 mDebye / A, RMSE_ALPHA_per_atom=    0.04, RMSE_ALPHA_DERIV=    2.21
2025-07-12 10:54:08.937 INFO: Epoch 478: head: Default, loss=1.3979, RMSE_MU_per_atom=0.00 mDebye, RMSE_MU_DERIV=0.00 mDebye / A, RMSE_ALPHA_per_atom=    0.04, RMSE_ALPHA_DERIV=    2.17
2025-07-12 10:54:08.938 DEBUG: Deleting old checkpoint file: ./checkpoints/MoWSSe_susram_ndata_all_subset_240_weights_10_1_run-123_epoch-380.pt
2025-07-12 10:54:08.940 DEBUG: Saving checkpoint: ./checkpoints/MoWSSe_susram_ndata_all_subset_240_weights_10_1_run-123_epoch-478.pt
2025-07-12 10:54:52.647 INFO: Epoch 479: head: Default, loss=1.6792, RMSE_MU_per_atom=0.00 mDebye, RMSE_MU_DERIV=0.00 mDebye / A, RMSE_ALPHA_per_atom=    0.04, RMSE_ALPHA_DERIV=    2.30
2025-07-12 10:55:36.316 INFO: Epoch 480: head: Default, loss=1.5361, RMSE_MU_per_atom=0.00 mDebye, RMSE_MU_DERIV=0.00 mDebye / A, RMSE_ALPHA_per_atom=    0.04, RMSE_ALPHA_DERIV=    2.23
2025-07-12 10:56:19.968 INFO: Epoch 481: head: Default, loss=1.5745, RMSE_MU_per_atom=0.00 mDebye, RMSE_MU_DERIV=0.00 mDebye / A, RMSE_ALPHA_per_atom=    0.03, RMSE_ALPHA_DERIV=    2.26
2025-07-12 10:57:03.637 INFO: Epoch 482: head: Default, loss=1.5562, RMSE_MU_per_atom=0.00 mDebye, RMSE_MU_DERIV=0.00 mDebye / A, RMSE_ALPHA_per_atom=    0.03, RMSE_ALPHA_DERIV=    2.23
2025-07-12 10:57:47.287 INFO: Epoch 483: head: Default, loss=1.5754, RMSE_MU_per_atom=0.00 mDebye, RMSE_MU_DERIV=0.00 mDebye / A, RMSE_ALPHA_per_atom=    0.04, RMSE_ALPHA_DERIV=    2.25
2025-07-12 10:58:30.942 INFO: Epoch 484: head: Default, loss=1.6190, RMSE_MU_per_atom=0.00 mDebye, RMSE_MU_DERIV=0.00 mDebye / A, RMSE_ALPHA_per_atom=    0.03, RMSE_ALPHA_DERIV=    2.27
2025-07-12 10:59:14.595 INFO: Epoch 485: head: Default, loss=1.5723, RMSE_MU_per_atom=0.00 mDebye, RMSE_MU_DERIV=0.00 mDebye / A, RMSE_ALPHA_per_atom=    0.04, RMSE_ALPHA_DERIV=    2.25
2025-07-12 10:59:58.265 INFO: Epoch 486: head: Default, loss=1.6204, RMSE_MU_per_atom=0.00 mDebye, RMSE_MU_DERIV=0.00 mDebye / A, RMSE_ALPHA_per_atom=    0.03, RMSE_ALPHA_DERIV=    2.27
2025-07-12 11:00:41.919 INFO: Epoch 487: head: Default, loss=1.4895, RMSE_MU_per_atom=0.00 mDebye, RMSE_MU_DERIV=0.00 mDebye / A, RMSE_ALPHA_per_atom=    0.04, RMSE_ALPHA_DERIV=    2.21
2025-07-12 11:01:25.589 INFO: Epoch 488: head: Default, loss=1.5755, RMSE_MU_per_atom=0.00 mDebye, RMSE_MU_DERIV=0.00 mDebye / A, RMSE_ALPHA_per_atom=    0.04, RMSE_ALPHA_DERIV=    2.24
2025-07-12 11:02:09.228 INFO: Epoch 489: head: Default, loss=1.4490, RMSE_MU_per_atom=0.00 mDebye, RMSE_MU_DERIV=0.00 mDebye / A, RMSE_ALPHA_per_atom=    0.03, RMSE_ALPHA_DERIV=    2.20
2025-07-12 11:02:52.880 INFO: Epoch 490: head: Default, loss=1.4780, RMSE_MU_per_atom=0.00 mDebye, RMSE_MU_DERIV=0.00 mDebye / A, RMSE_ALPHA_per_atom=    0.04, RMSE_ALPHA_DERIV=    2.22
2025-07-12 11:03:36.540 INFO: Epoch 491: head: Default, loss=1.5723, RMSE_MU_per_atom=0.00 mDebye, RMSE_MU_DERIV=0.00 mDebye / A, RMSE_ALPHA_per_atom=    0.04, RMSE_ALPHA_DERIV=    2.25
2025-07-12 11:04:20.203 INFO: Epoch 492: head: Default, loss=1.4576, RMSE_MU_per_atom=0.00 mDebye, RMSE_MU_DERIV=0.00 mDebye / A, RMSE_ALPHA_per_atom=    0.07, RMSE_ALPHA_DERIV=    2.21
2025-07-12 11:05:03.847 INFO: Epoch 493: head: Default, loss=1.5115, RMSE_MU_per_atom=0.00 mDebye, RMSE_MU_DERIV=0.00 mDebye / A, RMSE_ALPHA_per_atom=    0.03, RMSE_ALPHA_DERIV=    2.23
2025-07-12 11:05:47.509 INFO: Epoch 494: head: Default, loss=1.5558, RMSE_MU_per_atom=0.00 mDebye, RMSE_MU_DERIV=0.00 mDebye / A, RMSE_ALPHA_per_atom=    0.04, RMSE_ALPHA_DERIV=    2.24
2025-07-12 11:06:31.187 INFO: Epoch 495: head: Default, loss=1.6016, RMSE_MU_per_atom=0.00 mDebye, RMSE_MU_DERIV=0.00 mDebye / A, RMSE_ALPHA_per_atom=    0.04, RMSE_ALPHA_DERIV=    2.26
2025-07-12 11:07:14.842 INFO: Epoch 496: head: Default, loss=1.5858, RMSE_MU_per_atom=0.00 mDebye, RMSE_MU_DERIV=0.00 mDebye / A, RMSE_ALPHA_per_atom=    0.04, RMSE_ALPHA_DERIV=    2.25
2025-07-12 11:07:58.505 INFO: Epoch 497: head: Default, loss=1.4688, RMSE_MU_per_atom=0.00 mDebye, RMSE_MU_DERIV=0.00 mDebye / A, RMSE_ALPHA_per_atom=    0.04, RMSE_ALPHA_DERIV=    2.21
2025-07-12 11:08:42.165 INFO: Epoch 498: head: Default, loss=1.6160, RMSE_MU_per_atom=0.00 mDebye, RMSE_MU_DERIV=0.00 mDebye / A, RMSE_ALPHA_per_atom=    0.04, RMSE_ALPHA_DERIV=    2.27
2025-07-12 11:09:25.813 INFO: Epoch 499: head: Default, loss=1.5915, RMSE_MU_per_atom=0.00 mDebye, RMSE_MU_DERIV=0.00 mDebye / A, RMSE_ALPHA_per_atom=    0.05, RMSE_ALPHA_DERIV=    2.26
2025-07-12 11:10:09.467 INFO: Epoch 500: head: Default, loss=1.6072, RMSE_MU_per_atom=0.00 mDebye, RMSE_MU_DERIV=0.00 mDebye / A, RMSE_ALPHA_per_atom=    0.03, RMSE_ALPHA_DERIV=    2.26
2025-07-12 11:10:53.136 INFO: Epoch 501: head: Default, loss=1.5258, RMSE_MU_per_atom=0.00 mDebye, RMSE_MU_DERIV=0.00 mDebye / A, RMSE_ALPHA_per_atom=    0.03, RMSE_ALPHA_DERIV=    2.23
2025-07-12 11:11:36.786 INFO: Epoch 502: head: Default, loss=1.5068, RMSE_MU_per_atom=0.00 mDebye, RMSE_MU_DERIV=0.00 mDebye / A, RMSE_ALPHA_per_atom=    0.03, RMSE_ALPHA_DERIV=    2.22
2025-07-12 11:12:20.445 INFO: Epoch 503: head: Default, loss=1.6344, RMSE_MU_per_atom=0.00 mDebye, RMSE_MU_DERIV=0.00 mDebye / A, RMSE_ALPHA_per_atom=    0.05, RMSE_ALPHA_DERIV=    2.28
2025-07-12 11:13:04.094 INFO: Epoch 504: head: Default, loss=1.6894, RMSE_MU_per_atom=0.00 mDebye, RMSE_MU_DERIV=0.00 mDebye / A, RMSE_ALPHA_per_atom=    0.05, RMSE_ALPHA_DERIV=    2.30
2025-07-12 11:13:47.745 INFO: Epoch 505: head: Default, loss=1.4405, RMSE_MU_per_atom=0.00 mDebye, RMSE_MU_DERIV=0.00 mDebye / A, RMSE_ALPHA_per_atom=    0.06, RMSE_ALPHA_DERIV=    2.20
2025-07-12 11:14:31.401 INFO: Epoch 506: head: Default, loss=1.7551, RMSE_MU_per_atom=0.00 mDebye, RMSE_MU_DERIV=0.00 mDebye / A, RMSE_ALPHA_per_atom=    0.09, RMSE_ALPHA_DERIV=    2.33
2025-07-12 11:15:15.050 INFO: Epoch 507: head: Default, loss=1.6434, RMSE_MU_per_atom=0.00 mDebye, RMSE_MU_DERIV=0.00 mDebye / A, RMSE_ALPHA_per_atom=    0.04, RMSE_ALPHA_DERIV=    2.27
2025-07-12 11:15:58.711 INFO: Epoch 508: head: Default, loss=1.4971, RMSE_MU_per_atom=0.00 mDebye, RMSE_MU_DERIV=0.00 mDebye / A, RMSE_ALPHA_per_atom=    0.06, RMSE_ALPHA_DERIV=    2.22
2025-07-12 11:16:42.354 INFO: Epoch 509: head: Default, loss=1.5544, RMSE_MU_per_atom=0.00 mDebye, RMSE_MU_DERIV=0.00 mDebye / A, RMSE_ALPHA_per_atom=    0.05, RMSE_ALPHA_DERIV=    2.24
2025-07-12 11:17:26.003 INFO: Epoch 510: head: Default, loss=1.5799, RMSE_MU_per_atom=0.00 mDebye, RMSE_MU_DERIV=0.00 mDebye / A, RMSE_ALPHA_per_atom=    0.05, RMSE_ALPHA_DERIV=    2.24
2025-07-12 11:18:09.667 INFO: Epoch 511: head: Default, loss=1.6483, RMSE_MU_per_atom=0.00 mDebye, RMSE_MU_DERIV=0.00 mDebye / A, RMSE_ALPHA_per_atom=    0.05, RMSE_ALPHA_DERIV=    2.28
2025-07-12 11:18:53.342 INFO: Epoch 512: head: Default, loss=1.5187, RMSE_MU_per_atom=0.00 mDebye, RMSE_MU_DERIV=0.00 mDebye / A, RMSE_ALPHA_per_atom=    0.04, RMSE_ALPHA_DERIV=    2.22
2025-07-12 11:19:36.997 INFO: Epoch 513: head: Default, loss=1.5241, RMSE_MU_per_atom=0.00 mDebye, RMSE_MU_DERIV=0.00 mDebye / A, RMSE_ALPHA_per_atom=    0.04, RMSE_ALPHA_DERIV=    2.23
2025-07-12 11:20:20.654 INFO: Epoch 514: head: Default, loss=1.5700, RMSE_MU_per_atom=0.00 mDebye, RMSE_MU_DERIV=0.00 mDebye / A, RMSE_ALPHA_per_atom=    0.04, RMSE_ALPHA_DERIV=    2.25
2025-07-12 11:21:04.306 INFO: Epoch 515: head: Default, loss=1.6051, RMSE_MU_per_atom=0.00 mDebye, RMSE_MU_DERIV=0.00 mDebye / A, RMSE_ALPHA_per_atom=    0.04, RMSE_ALPHA_DERIV=    2.26
2025-07-12 11:21:47.980 INFO: Epoch 516: head: Default, loss=1.6398, RMSE_MU_per_atom=0.00 mDebye, RMSE_MU_DERIV=0.00 mDebye / A, RMSE_ALPHA_per_atom=    0.04, RMSE_ALPHA_DERIV=    2.28
2025-07-12 11:22:31.645 INFO: Epoch 517: head: Default, loss=1.5447, RMSE_MU_per_atom=0.00 mDebye, RMSE_MU_DERIV=0.00 mDebye / A, RMSE_ALPHA_per_atom=    0.03, RMSE_ALPHA_DERIV=    2.24
2025-07-12 11:23:15.308 INFO: Epoch 518: head: Default, loss=1.6140, RMSE_MU_per_atom=0.00 mDebye, RMSE_MU_DERIV=0.00 mDebye / A, RMSE_ALPHA_per_atom=    0.03, RMSE_ALPHA_DERIV=    2.27
2025-07-12 11:23:58.969 INFO: Epoch 519: head: Default, loss=1.4450, RMSE_MU_per_atom=0.00 mDebye, RMSE_MU_DERIV=0.00 mDebye / A, RMSE_ALPHA_per_atom=    0.04, RMSE_ALPHA_DERIV=    2.19
2025-07-12 11:24:42.613 INFO: Epoch 520: head: Default, loss=1.5120, RMSE_MU_per_atom=0.00 mDebye, RMSE_MU_DERIV=0.00 mDebye / A, RMSE_ALPHA_per_atom=    0.04, RMSE_ALPHA_DERIV=    2.22
2025-07-12 11:25:26.270 INFO: Epoch 521: head: Default, loss=1.5336, RMSE_MU_per_atom=0.00 mDebye, RMSE_MU_DERIV=0.00 mDebye / A, RMSE_ALPHA_per_atom=    0.03, RMSE_ALPHA_DERIV=    2.23
2025-07-12 11:26:09.926 INFO: Epoch 522: head: Default, loss=1.6008, RMSE_MU_per_atom=0.00 mDebye, RMSE_MU_DERIV=0.00 mDebye / A, RMSE_ALPHA_per_atom=    0.03, RMSE_ALPHA_DERIV=    2.26
2025-07-12 11:26:53.595 INFO: Epoch 523: head: Default, loss=1.5114, RMSE_MU_per_atom=0.00 mDebye, RMSE_MU_DERIV=0.00 mDebye / A, RMSE_ALPHA_per_atom=    0.03, RMSE_ALPHA_DERIV=    2.22
2025-07-12 11:27:37.246 INFO: Epoch 524: head: Default, loss=1.4794, RMSE_MU_per_atom=0.00 mDebye, RMSE_MU_DERIV=0.00 mDebye / A, RMSE_ALPHA_per_atom=    0.04, RMSE_ALPHA_DERIV=    2.20
2025-07-12 11:28:20.893 INFO: Epoch 525: head: Default, loss=1.5440, RMSE_MU_per_atom=0.00 mDebye, RMSE_MU_DERIV=0.00 mDebye / A, RMSE_ALPHA_per_atom=    0.04, RMSE_ALPHA_DERIV=    2.24
2025-07-12 11:29:04.540 INFO: Epoch 526: head: Default, loss=1.5711, RMSE_MU_per_atom=0.00 mDebye, RMSE_MU_DERIV=0.00 mDebye / A, RMSE_ALPHA_per_atom=    0.04, RMSE_ALPHA_DERIV=    2.25
2025-07-12 11:29:48.200 INFO: Epoch 527: head: Default, loss=1.6113, RMSE_MU_per_atom=0.00 mDebye, RMSE_MU_DERIV=0.00 mDebye / A, RMSE_ALPHA_per_atom=    0.05, RMSE_ALPHA_DERIV=    2.27
2025-07-12 11:30:31.865 INFO: Epoch 528: head: Default, loss=1.6848, RMSE_MU_per_atom=0.00 mDebye, RMSE_MU_DERIV=0.00 mDebye / A, RMSE_ALPHA_per_atom=    0.04, RMSE_ALPHA_DERIV=    2.29
2025-07-12 11:31:15.523 INFO: Epoch 529: head: Default, loss=1.5801, RMSE_MU_per_atom=0.00 mDebye, RMSE_MU_DERIV=0.00 mDebye / A, RMSE_ALPHA_per_atom=    0.04, RMSE_ALPHA_DERIV=    2.26
2025-07-12 11:31:59.184 INFO: Epoch 530: head: Default, loss=1.5397, RMSE_MU_per_atom=0.00 mDebye, RMSE_MU_DERIV=0.00 mDebye / A, RMSE_ALPHA_per_atom=    0.04, RMSE_ALPHA_DERIV=    2.22
2025-07-12 11:32:42.837 INFO: Epoch 531: head: Default, loss=1.5595, RMSE_MU_per_atom=0.00 mDebye, RMSE_MU_DERIV=0.00 mDebye / A, RMSE_ALPHA_per_atom=    0.03, RMSE_ALPHA_DERIV=    2.25
2025-07-12 11:33:26.490 INFO: Epoch 532: head: Default, loss=1.4651, RMSE_MU_per_atom=0.00 mDebye, RMSE_MU_DERIV=0.00 mDebye / A, RMSE_ALPHA_per_atom=    0.04, RMSE_ALPHA_DERIV=    2.19
2025-07-12 11:34:10.142 INFO: Epoch 533: head: Default, loss=1.5691, RMSE_MU_per_atom=0.00 mDebye, RMSE_MU_DERIV=0.00 mDebye / A, RMSE_ALPHA_per_atom=    0.04, RMSE_ALPHA_DERIV=    2.24
2025-07-12 11:34:53.801 INFO: Epoch 534: head: Default, loss=1.4893, RMSE_MU_per_atom=0.00 mDebye, RMSE_MU_DERIV=0.00 mDebye / A, RMSE_ALPHA_per_atom=    0.04, RMSE_ALPHA_DERIV=    2.22
2025-07-12 11:35:37.455 INFO: Epoch 535: head: Default, loss=1.5745, RMSE_MU_per_atom=0.00 mDebye, RMSE_MU_DERIV=0.00 mDebye / A, RMSE_ALPHA_per_atom=    0.04, RMSE_ALPHA_DERIV=    2.25
2025-07-12 11:36:21.105 INFO: Epoch 536: head: Default, loss=1.5018, RMSE_MU_per_atom=0.00 mDebye, RMSE_MU_DERIV=0.00 mDebye / A, RMSE_ALPHA_per_atom=    0.04, RMSE_ALPHA_DERIV=    2.22
2025-07-12 11:37:04.766 INFO: Epoch 537: head: Default, loss=1.5015, RMSE_MU_per_atom=0.00 mDebye, RMSE_MU_DERIV=0.00 mDebye / A, RMSE_ALPHA_per_atom=    0.03, RMSE_ALPHA_DERIV=    2.21
2025-07-12 11:37:48.408 INFO: Epoch 538: head: Default, loss=1.5865, RMSE_MU_per_atom=0.00 mDebye, RMSE_MU_DERIV=0.00 mDebye / A, RMSE_ALPHA_per_atom=    0.04, RMSE_ALPHA_DERIV=    2.25
2025-07-12 11:38:32.075 INFO: Epoch 539: head: Default, loss=1.6069, RMSE_MU_per_atom=0.00 mDebye, RMSE_MU_DERIV=0.00 mDebye / A, RMSE_ALPHA_per_atom=    0.04, RMSE_ALPHA_DERIV=    2.26
2025-07-12 11:39:15.725 INFO: Epoch 540: head: Default, loss=1.5814, RMSE_MU_per_atom=0.00 mDebye, RMSE_MU_DERIV=0.00 mDebye / A, RMSE_ALPHA_per_atom=    0.03, RMSE_ALPHA_DERIV=    2.25
2025-07-12 11:39:59.373 INFO: Epoch 541: head: Default, loss=1.5857, RMSE_MU_per_atom=0.00 mDebye, RMSE_MU_DERIV=0.00 mDebye / A, RMSE_ALPHA_per_atom=    0.04, RMSE_ALPHA_DERIV=    2.25
2025-07-12 11:40:43.035 INFO: Epoch 542: head: Default, loss=1.6237, RMSE_MU_per_atom=0.00 mDebye, RMSE_MU_DERIV=0.00 mDebye / A, RMSE_ALPHA_per_atom=    0.05, RMSE_ALPHA_DERIV=    2.26
2025-07-12 11:41:26.699 INFO: Epoch 543: head: Default, loss=1.5038, RMSE_MU_per_atom=0.00 mDebye, RMSE_MU_DERIV=0.00 mDebye / A, RMSE_ALPHA_per_atom=    0.03, RMSE_ALPHA_DERIV=    2.21
2025-07-12 11:42:10.360 INFO: Epoch 544: head: Default, loss=1.6450, RMSE_MU_per_atom=0.00 mDebye, RMSE_MU_DERIV=0.00 mDebye / A, RMSE_ALPHA_per_atom=    0.03, RMSE_ALPHA_DERIV=    2.28
2025-07-12 11:42:54.018 INFO: Epoch 545: head: Default, loss=1.5682, RMSE_MU_per_atom=0.00 mDebye, RMSE_MU_DERIV=0.00 mDebye / A, RMSE_ALPHA_per_atom=    0.03, RMSE_ALPHA_DERIV=    2.24
2025-07-12 11:43:37.669 INFO: Epoch 546: head: Default, loss=1.5764, RMSE_MU_per_atom=0.00 mDebye, RMSE_MU_DERIV=0.00 mDebye / A, RMSE_ALPHA_per_atom=    0.03, RMSE_ALPHA_DERIV=    2.24
2025-07-12 11:44:21.316 INFO: Epoch 547: head: Default, loss=1.5765, RMSE_MU_per_atom=0.00 mDebye, RMSE_MU_DERIV=0.00 mDebye / A, RMSE_ALPHA_per_atom=    0.03, RMSE_ALPHA_DERIV=    2.25
2025-07-12 11:45:04.972 INFO: Epoch 548: head: Default, loss=1.5788, RMSE_MU_per_atom=0.00 mDebye, RMSE_MU_DERIV=0.00 mDebye / A, RMSE_ALPHA_per_atom=    0.03, RMSE_ALPHA_DERIV=    2.25
2025-07-12 11:45:48.630 INFO: Epoch 549: head: Default, loss=1.5899, RMSE_MU_per_atom=0.00 mDebye, RMSE_MU_DERIV=0.00 mDebye / A, RMSE_ALPHA_per_atom=    0.04, RMSE_ALPHA_DERIV=    2.26
2025-07-12 11:46:32.279 INFO: Epoch 550: head: Default, loss=1.5435, RMSE_MU_per_atom=0.00 mDebye, RMSE_MU_DERIV=0.00 mDebye / A, RMSE_ALPHA_per_atom=    0.04, RMSE_ALPHA_DERIV=    2.24
2025-07-12 11:47:15.931 INFO: Epoch 551: head: Default, loss=1.5450, RMSE_MU_per_atom=0.00 mDebye, RMSE_MU_DERIV=0.00 mDebye / A, RMSE_ALPHA_per_atom=    0.03, RMSE_ALPHA_DERIV=    2.23
2025-07-12 11:47:59.606 INFO: Epoch 552: head: Default, loss=1.4765, RMSE_MU_per_atom=0.00 mDebye, RMSE_MU_DERIV=0.00 mDebye / A, RMSE_ALPHA_per_atom=    0.03, RMSE_ALPHA_DERIV=    2.21
2025-07-12 11:48:43.264 INFO: Epoch 553: head: Default, loss=1.5045, RMSE_MU_per_atom=0.00 mDebye, RMSE_MU_DERIV=0.00 mDebye / A, RMSE_ALPHA_per_atom=    0.03, RMSE_ALPHA_DERIV=    2.22
2025-07-12 11:49:26.930 INFO: Epoch 554: head: Default, loss=1.4722, RMSE_MU_per_atom=0.00 mDebye, RMSE_MU_DERIV=0.00 mDebye / A, RMSE_ALPHA_per_atom=    0.04, RMSE_ALPHA_DERIV=    2.21
2025-07-12 11:50:10.568 INFO: Epoch 555: head: Default, loss=1.6086, RMSE_MU_per_atom=0.00 mDebye, RMSE_MU_DERIV=0.00 mDebye / A, RMSE_ALPHA_per_atom=    0.04, RMSE_ALPHA_DERIV=    2.26
2025-07-12 11:50:54.212 INFO: Epoch 556: head: Default, loss=1.6329, RMSE_MU_per_atom=0.00 mDebye, RMSE_MU_DERIV=0.00 mDebye / A, RMSE_ALPHA_per_atom=    0.04, RMSE_ALPHA_DERIV=    2.27
2025-07-12 11:51:37.873 INFO: Epoch 557: head: Default, loss=1.6197, RMSE_MU_per_atom=0.00 mDebye, RMSE_MU_DERIV=0.00 mDebye / A, RMSE_ALPHA_per_atom=    0.04, RMSE_ALPHA_DERIV=    2.27
2025-07-12 11:52:21.524 INFO: Epoch 558: head: Default, loss=1.6359, RMSE_MU_per_atom=0.00 mDebye, RMSE_MU_DERIV=0.00 mDebye / A, RMSE_ALPHA_per_atom=    0.04, RMSE_ALPHA_DERIV=    2.27
2025-07-12 11:53:05.182 INFO: Epoch 559: head: Default, loss=1.5840, RMSE_MU_per_atom=0.00 mDebye, RMSE_MU_DERIV=0.00 mDebye / A, RMSE_ALPHA_per_atom=    0.04, RMSE_ALPHA_DERIV=    2.25
2025-07-12 11:53:48.825 INFO: Epoch 560: head: Default, loss=1.5192, RMSE_MU_per_atom=0.00 mDebye, RMSE_MU_DERIV=0.00 mDebye / A, RMSE_ALPHA_per_atom=    0.05, RMSE_ALPHA_DERIV=    2.23
2025-07-12 11:54:32.478 INFO: Epoch 561: head: Default, loss=1.5265, RMSE_MU_per_atom=0.00 mDebye, RMSE_MU_DERIV=0.00 mDebye / A, RMSE_ALPHA_per_atom=    0.03, RMSE_ALPHA_DERIV=    2.22
2025-07-12 11:55:16.139 INFO: Epoch 562: head: Default, loss=1.5657, RMSE_MU_per_atom=0.00 mDebye, RMSE_MU_DERIV=0.00 mDebye / A, RMSE_ALPHA_per_atom=    0.05, RMSE_ALPHA_DERIV=    2.24
2025-07-12 11:55:59.799 INFO: Epoch 563: head: Default, loss=1.5209, RMSE_MU_per_atom=0.00 mDebye, RMSE_MU_DERIV=0.00 mDebye / A, RMSE_ALPHA_per_atom=    0.04, RMSE_ALPHA_DERIV=    2.22
2025-07-12 11:56:43.466 INFO: Epoch 564: head: Default, loss=1.5671, RMSE_MU_per_atom=0.00 mDebye, RMSE_MU_DERIV=0.00 mDebye / A, RMSE_ALPHA_per_atom=    0.05, RMSE_ALPHA_DERIV=    2.24
2025-07-12 11:57:27.119 INFO: Epoch 565: head: Default, loss=1.4945, RMSE_MU_per_atom=0.00 mDebye, RMSE_MU_DERIV=0.00 mDebye / A, RMSE_ALPHA_per_atom=    0.03, RMSE_ALPHA_DERIV=    2.21
2025-07-12 11:58:10.745 INFO: Epoch 566: head: Default, loss=1.5184, RMSE_MU_per_atom=0.00 mDebye, RMSE_MU_DERIV=0.00 mDebye / A, RMSE_ALPHA_per_atom=    0.04, RMSE_ALPHA_DERIV=    2.23
2025-07-12 11:58:54.396 INFO: Epoch 567: head: Default, loss=1.5538, RMSE_MU_per_atom=0.00 mDebye, RMSE_MU_DERIV=0.00 mDebye / A, RMSE_ALPHA_per_atom=    0.04, RMSE_ALPHA_DERIV=    2.23
2025-07-12 11:59:38.030 INFO: Epoch 568: head: Default, loss=1.5722, RMSE_MU_per_atom=0.00 mDebye, RMSE_MU_DERIV=0.00 mDebye / A, RMSE_ALPHA_per_atom=    0.03, RMSE_ALPHA_DERIV=    2.24
2025-07-12 12:00:21.680 INFO: Epoch 569: head: Default, loss=1.5785, RMSE_MU_per_atom=0.00 mDebye, RMSE_MU_DERIV=0.00 mDebye / A, RMSE_ALPHA_per_atom=    0.04, RMSE_ALPHA_DERIV=    2.24
2025-07-12 12:01:05.314 INFO: Epoch 570: head: Default, loss=1.5038, RMSE_MU_per_atom=0.00 mDebye, RMSE_MU_DERIV=0.00 mDebye / A, RMSE_ALPHA_per_atom=    0.04, RMSE_ALPHA_DERIV=    2.22
2025-07-12 12:01:48.945 INFO: Epoch 571: head: Default, loss=1.5600, RMSE_MU_per_atom=0.00 mDebye, RMSE_MU_DERIV=0.00 mDebye / A, RMSE_ALPHA_per_atom=    0.03, RMSE_ALPHA_DERIV=    2.23
2025-07-12 12:02:32.586 INFO: Epoch 572: head: Default, loss=1.5466, RMSE_MU_per_atom=0.00 mDebye, RMSE_MU_DERIV=0.00 mDebye / A, RMSE_ALPHA_per_atom=    0.04, RMSE_ALPHA_DERIV=    2.23
2025-07-12 12:03:16.232 INFO: Epoch 573: head: Default, loss=1.5481, RMSE_MU_per_atom=0.00 mDebye, RMSE_MU_DERIV=0.00 mDebye / A, RMSE_ALPHA_per_atom=    0.04, RMSE_ALPHA_DERIV=    2.23
2025-07-12 12:03:59.846 INFO: Epoch 574: head: Default, loss=1.5901, RMSE_MU_per_atom=0.00 mDebye, RMSE_MU_DERIV=0.00 mDebye / A, RMSE_ALPHA_per_atom=    0.05, RMSE_ALPHA_DERIV=    2.25
2025-07-12 12:04:43.480 INFO: Epoch 575: head: Default, loss=1.5599, RMSE_MU_per_atom=0.00 mDebye, RMSE_MU_DERIV=0.00 mDebye / A, RMSE_ALPHA_per_atom=    0.03, RMSE_ALPHA_DERIV=    2.23
2025-07-12 12:05:27.112 INFO: Epoch 576: head: Default, loss=1.5435, RMSE_MU_per_atom=0.00 mDebye, RMSE_MU_DERIV=0.00 mDebye / A, RMSE_ALPHA_per_atom=    0.04, RMSE_ALPHA_DERIV=    2.23
2025-07-12 12:06:10.750 INFO: Epoch 577: head: Default, loss=1.5676, RMSE_MU_per_atom=0.00 mDebye, RMSE_MU_DERIV=0.00 mDebye / A, RMSE_ALPHA_per_atom=    0.04, RMSE_ALPHA_DERIV=    2.24
2025-07-12 12:06:54.398 INFO: Epoch 578: head: Default, loss=1.4982, RMSE_MU_per_atom=0.00 mDebye, RMSE_MU_DERIV=0.00 mDebye / A, RMSE_ALPHA_per_atom=    0.03, RMSE_ALPHA_DERIV=    2.21
2025-07-12 12:07:38.022 INFO: Epoch 579: head: Default, loss=1.5432, RMSE_MU_per_atom=0.00 mDebye, RMSE_MU_DERIV=0.00 mDebye / A, RMSE_ALPHA_per_atom=    0.04, RMSE_ALPHA_DERIV=    2.23
2025-07-12 12:08:21.649 INFO: Epoch 580: head: Default, loss=1.5652, RMSE_MU_per_atom=0.00 mDebye, RMSE_MU_DERIV=0.00 mDebye / A, RMSE_ALPHA_per_atom=    0.04, RMSE_ALPHA_DERIV=    2.24
2025-07-12 12:09:05.293 INFO: Epoch 581: head: Default, loss=1.5638, RMSE_MU_per_atom=0.00 mDebye, RMSE_MU_DERIV=0.00 mDebye / A, RMSE_ALPHA_per_atom=    0.04, RMSE_ALPHA_DERIV=    2.24
2025-07-12 12:09:48.926 INFO: Epoch 582: head: Default, loss=1.5686, RMSE_MU_per_atom=0.00 mDebye, RMSE_MU_DERIV=0.00 mDebye / A, RMSE_ALPHA_per_atom=    0.04, RMSE_ALPHA_DERIV=    2.24
2025-07-12 12:10:32.572 INFO: Epoch 583: head: Default, loss=1.5149, RMSE_MU_per_atom=0.00 mDebye, RMSE_MU_DERIV=0.00 mDebye / A, RMSE_ALPHA_per_atom=    0.03, RMSE_ALPHA_DERIV=    2.22
2025-07-12 12:11:16.193 INFO: Epoch 584: head: Default, loss=1.6143, RMSE_MU_per_atom=0.00 mDebye, RMSE_MU_DERIV=0.00 mDebye / A, RMSE_ALPHA_per_atom=    0.04, RMSE_ALPHA_DERIV=    2.26
2025-07-12 12:11:59.814 INFO: Epoch 585: head: Default, loss=1.5358, RMSE_MU_per_atom=0.00 mDebye, RMSE_MU_DERIV=0.00 mDebye / A, RMSE_ALPHA_per_atom=    0.04, RMSE_ALPHA_DERIV=    2.23
2025-07-12 12:12:43.454 INFO: Epoch 586: head: Default, loss=1.5126, RMSE_MU_per_atom=0.00 mDebye, RMSE_MU_DERIV=0.00 mDebye / A, RMSE_ALPHA_per_atom=    0.04, RMSE_ALPHA_DERIV=    2.22
2025-07-12 12:13:27.095 INFO: Epoch 587: head: Default, loss=1.4944, RMSE_MU_per_atom=0.00 mDebye, RMSE_MU_DERIV=0.00 mDebye / A, RMSE_ALPHA_per_atom=    0.04, RMSE_ALPHA_DERIV=    2.21
2025-07-12 12:14:10.724 INFO: Epoch 588: head: Default, loss=1.5439, RMSE_MU_per_atom=0.00 mDebye, RMSE_MU_DERIV=0.00 mDebye / A, RMSE_ALPHA_per_atom=    0.05, RMSE_ALPHA_DERIV=    2.23
2025-07-12 12:14:54.353 INFO: Epoch 589: head: Default, loss=1.5719, RMSE_MU_per_atom=0.00 mDebye, RMSE_MU_DERIV=0.00 mDebye / A, RMSE_ALPHA_per_atom=    0.05, RMSE_ALPHA_DERIV=    2.24
2025-07-12 12:15:37.977 INFO: Epoch 590: head: Default, loss=1.5585, RMSE_MU_per_atom=0.00 mDebye, RMSE_MU_DERIV=0.00 mDebye / A, RMSE_ALPHA_per_atom=    0.04, RMSE_ALPHA_DERIV=    2.23
2025-07-12 12:16:21.617 INFO: Epoch 591: head: Default, loss=1.5936, RMSE_MU_per_atom=0.00 mDebye, RMSE_MU_DERIV=0.00 mDebye / A, RMSE_ALPHA_per_atom=    0.04, RMSE_ALPHA_DERIV=    2.25
2025-07-12 12:17:05.241 INFO: Epoch 592: head: Default, loss=1.5489, RMSE_MU_per_atom=0.00 mDebye, RMSE_MU_DERIV=0.00 mDebye / A, RMSE_ALPHA_per_atom=    0.04, RMSE_ALPHA_DERIV=    2.23
2025-07-12 12:17:48.871 INFO: Epoch 593: head: Default, loss=1.5354, RMSE_MU_per_atom=0.00 mDebye, RMSE_MU_DERIV=0.00 mDebye / A, RMSE_ALPHA_per_atom=    0.04, RMSE_ALPHA_DERIV=    2.23
2025-07-12 12:18:32.502 INFO: Epoch 594: head: Default, loss=1.5560, RMSE_MU_per_atom=0.00 mDebye, RMSE_MU_DERIV=0.00 mDebye / A, RMSE_ALPHA_per_atom=    0.03, RMSE_ALPHA_DERIV=    2.23
2025-07-12 12:19:16.132 INFO: Epoch 595: head: Default, loss=1.5177, RMSE_MU_per_atom=0.00 mDebye, RMSE_MU_DERIV=0.00 mDebye / A, RMSE_ALPHA_per_atom=    0.04, RMSE_ALPHA_DERIV=    2.22
2025-07-12 12:19:59.771 INFO: Epoch 596: head: Default, loss=1.5154, RMSE_MU_per_atom=0.00 mDebye, RMSE_MU_DERIV=0.00 mDebye / A, RMSE_ALPHA_per_atom=    0.04, RMSE_ALPHA_DERIV=    2.22
2025-07-12 12:20:43.406 INFO: Epoch 597: head: Default, loss=1.5668, RMSE_MU_per_atom=0.00 mDebye, RMSE_MU_DERIV=0.00 mDebye / A, RMSE_ALPHA_per_atom=    0.04, RMSE_ALPHA_DERIV=    2.24
2025-07-12 12:21:27.045 INFO: Epoch 598: head: Default, loss=1.5168, RMSE_MU_per_atom=0.00 mDebye, RMSE_MU_DERIV=0.00 mDebye / A, RMSE_ALPHA_per_atom=    0.03, RMSE_ALPHA_DERIV=    2.21
2025-07-12 12:22:10.680 INFO: Epoch 599: head: Default, loss=1.5530, RMSE_MU_per_atom=0.00 mDebye, RMSE_MU_DERIV=0.00 mDebye / A, RMSE_ALPHA_per_atom=    0.03, RMSE_ALPHA_DERIV=    2.24
2025-07-12 12:22:54.307 INFO: Epoch 600: head: Default, loss=1.5355, RMSE_MU_per_atom=0.00 mDebye, RMSE_MU_DERIV=0.00 mDebye / A, RMSE_ALPHA_per_atom=    0.04, RMSE_ALPHA_DERIV=    2.23
2025-07-12 12:23:37.929 INFO: Epoch 601: head: Default, loss=1.5310, RMSE_MU_per_atom=0.00 mDebye, RMSE_MU_DERIV=0.00 mDebye / A, RMSE_ALPHA_per_atom=    0.03, RMSE_ALPHA_DERIV=    2.22
2025-07-12 12:24:21.555 INFO: Epoch 602: head: Default, loss=1.5739, RMSE_MU_per_atom=0.00 mDebye, RMSE_MU_DERIV=0.00 mDebye / A, RMSE_ALPHA_per_atom=    0.04, RMSE_ALPHA_DERIV=    2.24
2025-07-12 12:25:05.180 INFO: Epoch 603: head: Default, loss=1.5147, RMSE_MU_per_atom=0.00 mDebye, RMSE_MU_DERIV=0.00 mDebye / A, RMSE_ALPHA_per_atom=    0.03, RMSE_ALPHA_DERIV=    2.22
2025-07-12 12:25:48.822 INFO: Epoch 604: head: Default, loss=1.5746, RMSE_MU_per_atom=0.00 mDebye, RMSE_MU_DERIV=0.00 mDebye / A, RMSE_ALPHA_per_atom=    0.05, RMSE_ALPHA_DERIV=    2.24
2025-07-12 12:26:32.465 INFO: Epoch 605: head: Default, loss=1.5274, RMSE_MU_per_atom=0.00 mDebye, RMSE_MU_DERIV=0.00 mDebye / A, RMSE_ALPHA_per_atom=    0.04, RMSE_ALPHA_DERIV=    2.22
2025-07-12 12:27:16.107 INFO: Epoch 606: head: Default, loss=1.5270, RMSE_MU_per_atom=0.00 mDebye, RMSE_MU_DERIV=0.00 mDebye / A, RMSE_ALPHA_per_atom=    0.04, RMSE_ALPHA_DERIV=    2.22
2025-07-12 12:27:59.738 INFO: Epoch 607: head: Default, loss=1.5068, RMSE_MU_per_atom=0.00 mDebye, RMSE_MU_DERIV=0.00 mDebye / A, RMSE_ALPHA_per_atom=    0.04, RMSE_ALPHA_DERIV=    2.21
2025-07-12 12:28:43.379 INFO: Epoch 608: head: Default, loss=1.5630, RMSE_MU_per_atom=0.00 mDebye, RMSE_MU_DERIV=0.00 mDebye / A, RMSE_ALPHA_per_atom=    0.03, RMSE_ALPHA_DERIV=    2.24
2025-07-12 12:29:27.008 INFO: Epoch 609: head: Default, loss=1.5807, RMSE_MU_per_atom=0.00 mDebye, RMSE_MU_DERIV=0.00 mDebye / A, RMSE_ALPHA_per_atom=    0.04, RMSE_ALPHA_DERIV=    2.25
2025-07-12 12:30:10.648 INFO: Epoch 610: head: Default, loss=1.5184, RMSE_MU_per_atom=0.00 mDebye, RMSE_MU_DERIV=0.00 mDebye / A, RMSE_ALPHA_per_atom=    0.04, RMSE_ALPHA_DERIV=    2.22
2025-07-12 12:30:54.279 INFO: Epoch 611: head: Default, loss=1.5648, RMSE_MU_per_atom=0.00 mDebye, RMSE_MU_DERIV=0.00 mDebye / A, RMSE_ALPHA_per_atom=    0.04, RMSE_ALPHA_DERIV=    2.24
2025-07-12 12:31:37.905 INFO: Epoch 612: head: Default, loss=1.5268, RMSE_MU_per_atom=0.00 mDebye, RMSE_MU_DERIV=0.00 mDebye / A, RMSE_ALPHA_per_atom=    0.04, RMSE_ALPHA_DERIV=    2.23
2025-07-12 12:32:21.530 INFO: Epoch 613: head: Default, loss=1.6186, RMSE_MU_per_atom=0.00 mDebye, RMSE_MU_DERIV=0.00 mDebye / A, RMSE_ALPHA_per_atom=    0.05, RMSE_ALPHA_DERIV=    2.26
2025-07-12 12:33:05.184 INFO: Epoch 614: head: Default, loss=1.6211, RMSE_MU_per_atom=0.00 mDebye, RMSE_MU_DERIV=0.00 mDebye / A, RMSE_ALPHA_per_atom=    0.04, RMSE_ALPHA_DERIV=    2.27
2025-07-12 12:33:48.804 INFO: Epoch 615: head: Default, loss=1.6346, RMSE_MU_per_atom=0.00 mDebye, RMSE_MU_DERIV=0.00 mDebye / A, RMSE_ALPHA_per_atom=    0.04, RMSE_ALPHA_DERIV=    2.27
2025-07-12 12:34:32.431 INFO: Epoch 616: head: Default, loss=1.5764, RMSE_MU_per_atom=0.00 mDebye, RMSE_MU_DERIV=0.00 mDebye / A, RMSE_ALPHA_per_atom=    0.04, RMSE_ALPHA_DERIV=    2.24
2025-07-12 12:35:16.074 INFO: Epoch 617: head: Default, loss=1.5477, RMSE_MU_per_atom=0.00 mDebye, RMSE_MU_DERIV=0.00 mDebye / A, RMSE_ALPHA_per_atom=    0.03, RMSE_ALPHA_DERIV=    2.23
2025-07-12 12:35:59.707 INFO: Epoch 618: head: Default, loss=1.4832, RMSE_MU_per_atom=0.00 mDebye, RMSE_MU_DERIV=0.00 mDebye / A, RMSE_ALPHA_per_atom=    0.03, RMSE_ALPHA_DERIV=    2.20
2025-07-12 12:36:43.349 INFO: Epoch 619: head: Default, loss=1.4556, RMSE_MU_per_atom=0.00 mDebye, RMSE_MU_DERIV=0.00 mDebye / A, RMSE_ALPHA_per_atom=    0.03, RMSE_ALPHA_DERIV=    2.19
2025-07-12 12:37:27.004 INFO: Epoch 620: head: Default, loss=1.5839, RMSE_MU_per_atom=0.00 mDebye, RMSE_MU_DERIV=0.00 mDebye / A, RMSE_ALPHA_per_atom=    0.04, RMSE_ALPHA_DERIV=    2.25
2025-07-12 12:38:10.642 INFO: Epoch 621: head: Default, loss=1.5583, RMSE_MU_per_atom=0.00 mDebye, RMSE_MU_DERIV=0.00 mDebye / A, RMSE_ALPHA_per_atom=    0.04, RMSE_ALPHA_DERIV=    2.23
2025-07-12 12:38:54.271 INFO: Epoch 622: head: Default, loss=1.5357, RMSE_MU_per_atom=0.00 mDebye, RMSE_MU_DERIV=0.00 mDebye / A, RMSE_ALPHA_per_atom=    0.03, RMSE_ALPHA_DERIV=    2.23
2025-07-12 12:39:37.923 INFO: Epoch 623: head: Default, loss=1.5722, RMSE_MU_per_atom=0.00 mDebye, RMSE_MU_DERIV=0.00 mDebye / A, RMSE_ALPHA_per_atom=    0.03, RMSE_ALPHA_DERIV=    2.24
2025-07-12 12:40:21.546 INFO: Epoch 624: head: Default, loss=1.5786, RMSE_MU_per_atom=0.00 mDebye, RMSE_MU_DERIV=0.00 mDebye / A, RMSE_ALPHA_per_atom=    0.04, RMSE_ALPHA_DERIV=    2.25
2025-07-12 12:41:05.185 INFO: Epoch 625: head: Default, loss=1.5594, RMSE_MU_per_atom=0.00 mDebye, RMSE_MU_DERIV=0.00 mDebye / A, RMSE_ALPHA_per_atom=    0.04, RMSE_ALPHA_DERIV=    2.23
2025-07-12 12:41:48.816 INFO: Epoch 626: head: Default, loss=1.6158, RMSE_MU_per_atom=0.00 mDebye, RMSE_MU_DERIV=0.00 mDebye / A, RMSE_ALPHA_per_atom=    0.04, RMSE_ALPHA_DERIV=    2.26
2025-07-12 12:42:32.442 INFO: Epoch 627: head: Default, loss=1.5547, RMSE_MU_per_atom=0.00 mDebye, RMSE_MU_DERIV=0.00 mDebye / A, RMSE_ALPHA_per_atom=    0.03, RMSE_ALPHA_DERIV=    2.24
2025-07-12 12:43:16.081 INFO: Epoch 628: head: Default, loss=1.5321, RMSE_MU_per_atom=0.00 mDebye, RMSE_MU_DERIV=0.00 mDebye / A, RMSE_ALPHA_per_atom=    0.03, RMSE_ALPHA_DERIV=    2.22
2025-07-12 12:43:59.712 INFO: Epoch 629: head: Default, loss=1.5716, RMSE_MU_per_atom=0.00 mDebye, RMSE_MU_DERIV=0.00 mDebye / A, RMSE_ALPHA_per_atom=    0.04, RMSE_ALPHA_DERIV=    2.24
2025-07-12 12:44:43.341 INFO: Epoch 630: head: Default, loss=1.5965, RMSE_MU_per_atom=0.00 mDebye, RMSE_MU_DERIV=0.00 mDebye / A, RMSE_ALPHA_per_atom=    0.04, RMSE_ALPHA_DERIV=    2.26
2025-07-12 12:45:26.976 INFO: Epoch 631: head: Default, loss=1.5422, RMSE_MU_per_atom=0.00 mDebye, RMSE_MU_DERIV=0.00 mDebye / A, RMSE_ALPHA_per_atom=    0.03, RMSE_ALPHA_DERIV=    2.23
2025-07-12 12:46:10.616 INFO: Epoch 632: head: Default, loss=1.4869, RMSE_MU_per_atom=0.00 mDebye, RMSE_MU_DERIV=0.00 mDebye / A, RMSE_ALPHA_per_atom=    0.03, RMSE_ALPHA_DERIV=    2.20
2025-07-12 12:46:54.250 INFO: Epoch 633: head: Default, loss=1.4716, RMSE_MU_per_atom=0.00 mDebye, RMSE_MU_DERIV=0.00 mDebye / A, RMSE_ALPHA_per_atom=    0.03, RMSE_ALPHA_DERIV=    2.20
2025-07-12 12:47:37.882 INFO: Epoch 634: head: Default, loss=1.4900, RMSE_MU_per_atom=0.00 mDebye, RMSE_MU_DERIV=0.00 mDebye / A, RMSE_ALPHA_per_atom=    0.03, RMSE_ALPHA_DERIV=    2.21
2025-07-12 12:48:21.515 INFO: Epoch 635: head: Default, loss=1.5307, RMSE_MU_per_atom=0.00 mDebye, RMSE_MU_DERIV=0.00 mDebye / A, RMSE_ALPHA_per_atom=    0.03, RMSE_ALPHA_DERIV=    2.22
2025-07-12 12:49:05.157 INFO: Epoch 636: head: Default, loss=1.5580, RMSE_MU_per_atom=0.00 mDebye, RMSE_MU_DERIV=0.00 mDebye / A, RMSE_ALPHA_per_atom=    0.03, RMSE_ALPHA_DERIV=    2.23
2025-07-12 12:49:48.785 INFO: Epoch 637: head: Default, loss=1.4768, RMSE_MU_per_atom=0.00 mDebye, RMSE_MU_DERIV=0.00 mDebye / A, RMSE_ALPHA_per_atom=    0.03, RMSE_ALPHA_DERIV=    2.20
2025-07-12 12:50:32.429 INFO: Epoch 638: head: Default, loss=1.4744, RMSE_MU_per_atom=0.00 mDebye, RMSE_MU_DERIV=0.00 mDebye / A, RMSE_ALPHA_per_atom=    0.03, RMSE_ALPHA_DERIV=    2.20
2025-07-12 12:51:16.073 INFO: Epoch 639: head: Default, loss=1.5149, RMSE_MU_per_atom=0.00 mDebye, RMSE_MU_DERIV=0.00 mDebye / A, RMSE_ALPHA_per_atom=    0.03, RMSE_ALPHA_DERIV=    2.22
2025-07-12 12:51:59.727 INFO: Epoch 640: head: Default, loss=1.5315, RMSE_MU_per_atom=0.00 mDebye, RMSE_MU_DERIV=0.00 mDebye / A, RMSE_ALPHA_per_atom=    0.03, RMSE_ALPHA_DERIV=    2.22
2025-07-12 12:52:43.355 INFO: Epoch 641: head: Default, loss=1.5874, RMSE_MU_per_atom=0.00 mDebye, RMSE_MU_DERIV=0.00 mDebye / A, RMSE_ALPHA_per_atom=    0.04, RMSE_ALPHA_DERIV=    2.25
2025-07-12 12:53:26.979 INFO: Epoch 642: head: Default, loss=1.5737, RMSE_MU_per_atom=0.00 mDebye, RMSE_MU_DERIV=0.00 mDebye / A, RMSE_ALPHA_per_atom=    0.04, RMSE_ALPHA_DERIV=    2.24
2025-07-12 12:54:10.609 INFO: Epoch 643: head: Default, loss=1.6710, RMSE_MU_per_atom=0.00 mDebye, RMSE_MU_DERIV=0.00 mDebye / A, RMSE_ALPHA_per_atom=    0.04, RMSE_ALPHA_DERIV=    2.29
2025-07-12 12:54:54.234 INFO: Epoch 644: head: Default, loss=1.5393, RMSE_MU_per_atom=0.00 mDebye, RMSE_MU_DERIV=0.00 mDebye / A, RMSE_ALPHA_per_atom=    0.04, RMSE_ALPHA_DERIV=    2.22
2025-07-12 12:55:37.878 INFO: Epoch 645: head: Default, loss=1.4902, RMSE_MU_per_atom=0.00 mDebye, RMSE_MU_DERIV=0.00 mDebye / A, RMSE_ALPHA_per_atom=    0.03, RMSE_ALPHA_DERIV=    2.21
2025-07-12 12:56:21.505 INFO: Epoch 646: head: Default, loss=1.5560, RMSE_MU_per_atom=0.00 mDebye, RMSE_MU_DERIV=0.00 mDebye / A, RMSE_ALPHA_per_atom=    0.04, RMSE_ALPHA_DERIV=    2.24
2025-07-12 12:57:05.149 INFO: Epoch 647: head: Default, loss=1.4881, RMSE_MU_per_atom=0.00 mDebye, RMSE_MU_DERIV=0.00 mDebye / A, RMSE_ALPHA_per_atom=    0.03, RMSE_ALPHA_DERIV=    2.21
2025-07-12 12:57:48.787 INFO: Epoch 648: head: Default, loss=1.5666, RMSE_MU_per_atom=0.00 mDebye, RMSE_MU_DERIV=0.00 mDebye / A, RMSE_ALPHA_per_atom=    0.03, RMSE_ALPHA_DERIV=    2.24
2025-07-12 12:58:32.427 INFO: Epoch 649: head: Default, loss=1.5419, RMSE_MU_per_atom=0.00 mDebye, RMSE_MU_DERIV=0.00 mDebye / A, RMSE_ALPHA_per_atom=    0.03, RMSE_ALPHA_DERIV=    2.23
2025-07-12 12:59:16.041 INFO: Epoch 650: head: Default, loss=1.5794, RMSE_MU_per_atom=0.00 mDebye, RMSE_MU_DERIV=0.00 mDebye / A, RMSE_ALPHA_per_atom=    0.04, RMSE_ALPHA_DERIV=    2.25
2025-07-12 12:59:59.686 INFO: Epoch 651: head: Default, loss=1.5398, RMSE_MU_per_atom=0.00 mDebye, RMSE_MU_DERIV=0.00 mDebye / A, RMSE_ALPHA_per_atom=    0.03, RMSE_ALPHA_DERIV=    2.22
2025-07-12 13:00:43.332 INFO: Epoch 652: head: Default, loss=1.4674, RMSE_MU_per_atom=0.00 mDebye, RMSE_MU_DERIV=0.00 mDebye / A, RMSE_ALPHA_per_atom=    0.03, RMSE_ALPHA_DERIV=    2.20
2025-07-12 13:01:26.971 INFO: Epoch 653: head: Default, loss=1.5744, RMSE_MU_per_atom=0.00 mDebye, RMSE_MU_DERIV=0.00 mDebye / A, RMSE_ALPHA_per_atom=    0.03, RMSE_ALPHA_DERIV=    2.25
2025-07-12 13:02:10.606 INFO: Epoch 654: head: Default, loss=1.5096, RMSE_MU_per_atom=0.00 mDebye, RMSE_MU_DERIV=0.00 mDebye / A, RMSE_ALPHA_per_atom=    0.03, RMSE_ALPHA_DERIV=    2.21
2025-07-12 13:02:54.251 INFO: Epoch 655: head: Default, loss=1.5136, RMSE_MU_per_atom=0.00 mDebye, RMSE_MU_DERIV=0.00 mDebye / A, RMSE_ALPHA_per_atom=    0.03, RMSE_ALPHA_DERIV=    2.21
2025-07-12 13:03:37.882 INFO: Epoch 656: head: Default, loss=1.5354, RMSE_MU_per_atom=0.00 mDebye, RMSE_MU_DERIV=0.00 mDebye / A, RMSE_ALPHA_per_atom=    0.03, RMSE_ALPHA_DERIV=    2.22
2025-07-12 13:04:21.516 INFO: Epoch 657: head: Default, loss=1.5340, RMSE_MU_per_atom=0.00 mDebye, RMSE_MU_DERIV=0.00 mDebye / A, RMSE_ALPHA_per_atom=    0.04, RMSE_ALPHA_DERIV=    2.22
2025-07-12 13:05:05.130 INFO: Epoch 658: head: Default, loss=1.4999, RMSE_MU_per_atom=0.00 mDebye, RMSE_MU_DERIV=0.00 mDebye / A, RMSE_ALPHA_per_atom=    0.03, RMSE_ALPHA_DERIV=    2.21
2025-07-12 13:05:48.782 INFO: Epoch 659: head: Default, loss=1.5303, RMSE_MU_per_atom=0.00 mDebye, RMSE_MU_DERIV=0.00 mDebye / A, RMSE_ALPHA_per_atom=    0.03, RMSE_ALPHA_DERIV=    2.22
2025-07-12 13:06:32.413 INFO: Epoch 660: head: Default, loss=1.5378, RMSE_MU_per_atom=0.00 mDebye, RMSE_MU_DERIV=0.00 mDebye / A, RMSE_ALPHA_per_atom=    0.03, RMSE_ALPHA_DERIV=    2.23
2025-07-12 13:07:16.068 INFO: Epoch 661: head: Default, loss=1.5473, RMSE_MU_per_atom=0.00 mDebye, RMSE_MU_DERIV=0.00 mDebye / A, RMSE_ALPHA_per_atom=    0.03, RMSE_ALPHA_DERIV=    2.23
2025-07-12 13:07:59.719 INFO: Epoch 662: head: Default, loss=1.5308, RMSE_MU_per_atom=0.00 mDebye, RMSE_MU_DERIV=0.00 mDebye / A, RMSE_ALPHA_per_atom=    0.03, RMSE_ALPHA_DERIV=    2.22
2025-07-12 13:08:43.353 INFO: Epoch 663: head: Default, loss=1.5609, RMSE_MU_per_atom=0.00 mDebye, RMSE_MU_DERIV=0.00 mDebye / A, RMSE_ALPHA_per_atom=    0.04, RMSE_ALPHA_DERIV=    2.23
2025-07-12 13:09:26.995 INFO: Epoch 664: head: Default, loss=1.5041, RMSE_MU_per_atom=0.00 mDebye, RMSE_MU_DERIV=0.00 mDebye / A, RMSE_ALPHA_per_atom=    0.03, RMSE_ALPHA_DERIV=    2.21
2025-07-12 13:10:10.643 INFO: Epoch 665: head: Default, loss=1.5446, RMSE_MU_per_atom=0.00 mDebye, RMSE_MU_DERIV=0.00 mDebye / A, RMSE_ALPHA_per_atom=    0.04, RMSE_ALPHA_DERIV=    2.22
2025-07-12 13:10:54.269 INFO: Epoch 666: head: Default, loss=1.4872, RMSE_MU_per_atom=0.00 mDebye, RMSE_MU_DERIV=0.00 mDebye / A, RMSE_ALPHA_per_atom=    0.03, RMSE_ALPHA_DERIV=    2.21
2025-07-12 13:11:37.904 INFO: Epoch 667: head: Default, loss=1.5145, RMSE_MU_per_atom=0.00 mDebye, RMSE_MU_DERIV=0.00 mDebye / A, RMSE_ALPHA_per_atom=    0.03, RMSE_ALPHA_DERIV=    2.21
2025-07-12 13:12:21.516 INFO: Epoch 668: head: Default, loss=1.4831, RMSE_MU_per_atom=0.00 mDebye, RMSE_MU_DERIV=0.00 mDebye / A, RMSE_ALPHA_per_atom=    0.03, RMSE_ALPHA_DERIV=    2.20
2025-07-12 13:13:05.159 INFO: Epoch 669: head: Default, loss=1.4206, RMSE_MU_per_atom=0.00 mDebye, RMSE_MU_DERIV=0.00 mDebye / A, RMSE_ALPHA_per_atom=    0.03, RMSE_ALPHA_DERIV=    2.18
2025-07-12 13:13:48.769 INFO: Epoch 670: head: Default, loss=1.4784, RMSE_MU_per_atom=0.00 mDebye, RMSE_MU_DERIV=0.00 mDebye / A, RMSE_ALPHA_per_atom=    0.03, RMSE_ALPHA_DERIV=    2.20
2025-07-12 13:14:32.410 INFO: Epoch 671: head: Default, loss=1.4635, RMSE_MU_per_atom=0.00 mDebye, RMSE_MU_DERIV=0.00 mDebye / A, RMSE_ALPHA_per_atom=    0.03, RMSE_ALPHA_DERIV=    2.19
2025-07-12 13:15:16.051 INFO: Epoch 672: head: Default, loss=1.5234, RMSE_MU_per_atom=0.00 mDebye, RMSE_MU_DERIV=0.00 mDebye / A, RMSE_ALPHA_per_atom=    0.04, RMSE_ALPHA_DERIV=    2.21
2025-07-12 13:15:59.654 INFO: Epoch 673: head: Default, loss=1.5202, RMSE_MU_per_atom=0.00 mDebye, RMSE_MU_DERIV=0.00 mDebye / A, RMSE_ALPHA_per_atom=    0.04, RMSE_ALPHA_DERIV=    2.21
2025-07-12 13:16:43.298 INFO: Epoch 674: head: Default, loss=1.5628, RMSE_MU_per_atom=0.00 mDebye, RMSE_MU_DERIV=0.00 mDebye / A, RMSE_ALPHA_per_atom=    0.04, RMSE_ALPHA_DERIV=    2.23
2025-07-12 13:17:26.925 INFO: Epoch 675: head: Default, loss=1.5774, RMSE_MU_per_atom=0.00 mDebye, RMSE_MU_DERIV=0.00 mDebye / A, RMSE_ALPHA_per_atom=    0.04, RMSE_ALPHA_DERIV=    2.24
2025-07-12 13:18:10.556 INFO: Epoch 676: head: Default, loss=1.5328, RMSE_MU_per_atom=0.00 mDebye, RMSE_MU_DERIV=0.00 mDebye / A, RMSE_ALPHA_per_atom=    0.05, RMSE_ALPHA_DERIV=    2.22
2025-07-12 13:18:54.198 INFO: Epoch 677: head: Default, loss=1.5149, RMSE_MU_per_atom=0.00 mDebye, RMSE_MU_DERIV=0.00 mDebye / A, RMSE_ALPHA_per_atom=    0.04, RMSE_ALPHA_DERIV=    2.21
2025-07-12 13:19:37.840 INFO: Epoch 678: head: Default, loss=1.5283, RMSE_MU_per_atom=0.00 mDebye, RMSE_MU_DERIV=0.00 mDebye / A, RMSE_ALPHA_per_atom=    0.04, RMSE_ALPHA_DERIV=    2.22
2025-07-12 13:20:21.475 INFO: Epoch 679: head: Default, loss=1.5243, RMSE_MU_per_atom=0.00 mDebye, RMSE_MU_DERIV=0.00 mDebye / A, RMSE_ALPHA_per_atom=    0.03, RMSE_ALPHA_DERIV=    2.22
2025-07-12 13:21:05.101 INFO: Epoch 680: head: Default, loss=1.4994, RMSE_MU_per_atom=0.00 mDebye, RMSE_MU_DERIV=0.00 mDebye / A, RMSE_ALPHA_per_atom=    0.04, RMSE_ALPHA_DERIV=    2.21
2025-07-12 13:21:48.726 INFO: Epoch 681: head: Default, loss=1.4633, RMSE_MU_per_atom=0.00 mDebye, RMSE_MU_DERIV=0.00 mDebye / A, RMSE_ALPHA_per_atom=    0.03, RMSE_ALPHA_DERIV=    2.19
2025-07-12 13:22:32.364 INFO: Epoch 682: head: Default, loss=1.4662, RMSE_MU_per_atom=0.00 mDebye, RMSE_MU_DERIV=0.00 mDebye / A, RMSE_ALPHA_per_atom=    0.03, RMSE_ALPHA_DERIV=    2.20
2025-07-12 13:23:15.996 INFO: Epoch 683: head: Default, loss=1.5109, RMSE_MU_per_atom=0.00 mDebye, RMSE_MU_DERIV=0.00 mDebye / A, RMSE_ALPHA_per_atom=    0.03, RMSE_ALPHA_DERIV=    2.21
2025-07-12 13:23:59.628 INFO: Epoch 684: head: Default, loss=1.4574, RMSE_MU_per_atom=0.00 mDebye, RMSE_MU_DERIV=0.00 mDebye / A, RMSE_ALPHA_per_atom=    0.03, RMSE_ALPHA_DERIV=    2.18
2025-07-12 13:24:43.265 INFO: Epoch 685: head: Default, loss=1.5915, RMSE_MU_per_atom=0.00 mDebye, RMSE_MU_DERIV=0.00 mDebye / A, RMSE_ALPHA_per_atom=    0.03, RMSE_ALPHA_DERIV=    2.25
2025-07-12 13:25:26.877 INFO: Epoch 686: head: Default, loss=1.4887, RMSE_MU_per_atom=0.00 mDebye, RMSE_MU_DERIV=0.00 mDebye / A, RMSE_ALPHA_per_atom=    0.03, RMSE_ALPHA_DERIV=    2.20
2025-07-12 13:26:10.509 INFO: Epoch 687: head: Default, loss=1.5346, RMSE_MU_per_atom=0.00 mDebye, RMSE_MU_DERIV=0.00 mDebye / A, RMSE_ALPHA_per_atom=    0.03, RMSE_ALPHA_DERIV=    2.23
2025-07-12 13:26:54.136 INFO: Epoch 688: head: Default, loss=1.5249, RMSE_MU_per_atom=0.00 mDebye, RMSE_MU_DERIV=0.00 mDebye / A, RMSE_ALPHA_per_atom=    0.04, RMSE_ALPHA_DERIV=    2.22
2025-07-12 13:27:37.778 INFO: Epoch 689: head: Default, loss=1.5310, RMSE_MU_per_atom=0.00 mDebye, RMSE_MU_DERIV=0.00 mDebye / A, RMSE_ALPHA_per_atom=    0.03, RMSE_ALPHA_DERIV=    2.22
2025-07-12 13:28:21.407 INFO: Epoch 690: head: Default, loss=1.4977, RMSE_MU_per_atom=0.00 mDebye, RMSE_MU_DERIV=0.00 mDebye / A, RMSE_ALPHA_per_atom=    0.03, RMSE_ALPHA_DERIV=    2.21
2025-07-12 13:29:05.031 INFO: Epoch 691: head: Default, loss=1.4782, RMSE_MU_per_atom=0.00 mDebye, RMSE_MU_DERIV=0.00 mDebye / A, RMSE_ALPHA_per_atom=    0.03, RMSE_ALPHA_DERIV=    2.20
2025-07-12 13:29:48.668 INFO: Epoch 692: head: Default, loss=1.5082, RMSE_MU_per_atom=0.00 mDebye, RMSE_MU_DERIV=0.00 mDebye / A, RMSE_ALPHA_per_atom=    0.03, RMSE_ALPHA_DERIV=    2.21
2025-07-12 13:30:32.312 INFO: Epoch 693: head: Default, loss=1.5491, RMSE_MU_per_atom=0.00 mDebye, RMSE_MU_DERIV=0.00 mDebye / A, RMSE_ALPHA_per_atom=    0.04, RMSE_ALPHA_DERIV=    2.23
2025-07-12 13:31:15.954 INFO: Epoch 694: head: Default, loss=1.5673, RMSE_MU_per_atom=0.00 mDebye, RMSE_MU_DERIV=0.00 mDebye / A, RMSE_ALPHA_per_atom=    0.05, RMSE_ALPHA_DERIV=    2.23
2025-07-12 13:31:59.584 INFO: Epoch 695: head: Default, loss=1.5319, RMSE_MU_per_atom=0.00 mDebye, RMSE_MU_DERIV=0.00 mDebye / A, RMSE_ALPHA_per_atom=    0.04, RMSE_ALPHA_DERIV=    2.22
2025-07-12 13:32:43.204 INFO: Epoch 696: head: Default, loss=1.5198, RMSE_MU_per_atom=0.00 mDebye, RMSE_MU_DERIV=0.00 mDebye / A, RMSE_ALPHA_per_atom=    0.04, RMSE_ALPHA_DERIV=    2.21
2025-07-12 13:33:26.843 INFO: Epoch 697: head: Default, loss=1.4980, RMSE_MU_per_atom=0.00 mDebye, RMSE_MU_DERIV=0.00 mDebye / A, RMSE_ALPHA_per_atom=    0.03, RMSE_ALPHA_DERIV=    2.21
2025-07-12 13:34:10.471 INFO: Epoch 698: head: Default, loss=1.4839, RMSE_MU_per_atom=0.00 mDebye, RMSE_MU_DERIV=0.00 mDebye / A, RMSE_ALPHA_per_atom=    0.03, RMSE_ALPHA_DERIV=    2.20
2025-07-12 13:34:54.106 INFO: Epoch 699: head: Default, loss=1.5959, RMSE_MU_per_atom=0.00 mDebye, RMSE_MU_DERIV=0.00 mDebye / A, RMSE_ALPHA_per_atom=    0.04, RMSE_ALPHA_DERIV=    2.25
2025-07-12 13:35:37.734 INFO: Epoch 700: head: Default, loss=1.4933, RMSE_MU_per_atom=0.00 mDebye, RMSE_MU_DERIV=0.00 mDebye / A, RMSE_ALPHA_per_atom=    0.03, RMSE_ALPHA_DERIV=    2.21
2025-07-12 13:36:21.362 INFO: Epoch 701: head: Default, loss=1.4932, RMSE_MU_per_atom=0.00 mDebye, RMSE_MU_DERIV=0.00 mDebye / A, RMSE_ALPHA_per_atom=    0.03, RMSE_ALPHA_DERIV=    2.21
2025-07-12 13:37:04.988 INFO: Epoch 702: head: Default, loss=1.5839, RMSE_MU_per_atom=0.00 mDebye, RMSE_MU_DERIV=0.00 mDebye / A, RMSE_ALPHA_per_atom=    0.03, RMSE_ALPHA_DERIV=    2.25
2025-07-12 13:37:48.632 INFO: Epoch 703: head: Default, loss=1.5171, RMSE_MU_per_atom=0.00 mDebye, RMSE_MU_DERIV=0.00 mDebye / A, RMSE_ALPHA_per_atom=    0.04, RMSE_ALPHA_DERIV=    2.21
2025-07-12 13:38:32.259 INFO: Epoch 704: head: Default, loss=1.5203, RMSE_MU_per_atom=0.00 mDebye, RMSE_MU_DERIV=0.00 mDebye / A, RMSE_ALPHA_per_atom=    0.04, RMSE_ALPHA_DERIV=    2.22
2025-07-12 13:39:15.881 INFO: Epoch 705: head: Default, loss=1.5564, RMSE_MU_per_atom=0.00 mDebye, RMSE_MU_DERIV=0.00 mDebye / A, RMSE_ALPHA_per_atom=    0.04, RMSE_ALPHA_DERIV=    2.23
2025-07-12 13:39:59.526 INFO: Epoch 706: head: Default, loss=1.4506, RMSE_MU_per_atom=0.00 mDebye, RMSE_MU_DERIV=0.00 mDebye / A, RMSE_ALPHA_per_atom=    0.03, RMSE_ALPHA_DERIV=    2.19
2025-07-12 13:40:43.160 INFO: Epoch 707: head: Default, loss=1.5409, RMSE_MU_per_atom=0.00 mDebye, RMSE_MU_DERIV=0.00 mDebye / A, RMSE_ALPHA_per_atom=    0.03, RMSE_ALPHA_DERIV=    2.23
2025-07-12 13:41:26.791 INFO: Epoch 708: head: Default, loss=1.5403, RMSE_MU_per_atom=0.00 mDebye, RMSE_MU_DERIV=0.00 mDebye / A, RMSE_ALPHA_per_atom=    0.04, RMSE_ALPHA_DERIV=    2.22
2025-07-12 13:42:10.431 INFO: Epoch 709: head: Default, loss=1.5214, RMSE_MU_per_atom=0.00 mDebye, RMSE_MU_DERIV=0.00 mDebye / A, RMSE_ALPHA_per_atom=    0.04, RMSE_ALPHA_DERIV=    2.21
2025-07-12 13:42:54.061 INFO: Epoch 710: head: Default, loss=1.5050, RMSE_MU_per_atom=0.00 mDebye, RMSE_MU_DERIV=0.00 mDebye / A, RMSE_ALPHA_per_atom=    0.03, RMSE_ALPHA_DERIV=    2.21
2025-07-12 13:43:37.689 INFO: Epoch 711: head: Default, loss=1.4946, RMSE_MU_per_atom=0.00 mDebye, RMSE_MU_DERIV=0.00 mDebye / A, RMSE_ALPHA_per_atom=    0.03, RMSE_ALPHA_DERIV=    2.21
2025-07-12 13:44:21.331 INFO: Epoch 712: head: Default, loss=1.5680, RMSE_MU_per_atom=0.00 mDebye, RMSE_MU_DERIV=0.00 mDebye / A, RMSE_ALPHA_per_atom=    0.04, RMSE_ALPHA_DERIV=    2.24
2025-07-12 13:45:04.960 INFO: Epoch 713: head: Default, loss=1.5541, RMSE_MU_per_atom=0.00 mDebye, RMSE_MU_DERIV=0.00 mDebye / A, RMSE_ALPHA_per_atom=    0.04, RMSE_ALPHA_DERIV=    2.23
2025-07-12 13:45:48.596 INFO: Epoch 714: head: Default, loss=1.4832, RMSE_MU_per_atom=0.00 mDebye, RMSE_MU_DERIV=0.00 mDebye / A, RMSE_ALPHA_per_atom=    0.04, RMSE_ALPHA_DERIV=    2.20
2025-07-12 13:46:32.230 INFO: Epoch 715: head: Default, loss=1.5114, RMSE_MU_per_atom=0.00 mDebye, RMSE_MU_DERIV=0.00 mDebye / A, RMSE_ALPHA_per_atom=    0.04, RMSE_ALPHA_DERIV=    2.21
2025-07-12 13:47:15.858 INFO: Epoch 716: head: Default, loss=1.5152, RMSE_MU_per_atom=0.00 mDebye, RMSE_MU_DERIV=0.00 mDebye / A, RMSE_ALPHA_per_atom=    0.03, RMSE_ALPHA_DERIV=    2.21
2025-07-12 13:47:59.479 INFO: Epoch 717: head: Default, loss=1.5240, RMSE_MU_per_atom=0.00 mDebye, RMSE_MU_DERIV=0.00 mDebye / A, RMSE_ALPHA_per_atom=    0.03, RMSE_ALPHA_DERIV=    2.22
2025-07-12 13:48:43.124 INFO: Epoch 718: head: Default, loss=1.5467, RMSE_MU_per_atom=0.00 mDebye, RMSE_MU_DERIV=0.00 mDebye / A, RMSE_ALPHA_per_atom=    0.04, RMSE_ALPHA_DERIV=    2.23
2025-07-12 13:49:26.769 INFO: Epoch 719: head: Default, loss=1.4995, RMSE_MU_per_atom=0.00 mDebye, RMSE_MU_DERIV=0.00 mDebye / A, RMSE_ALPHA_per_atom=    0.03, RMSE_ALPHA_DERIV=    2.21
2025-07-12 13:50:10.401 INFO: Epoch 720: head: Default, loss=1.4532, RMSE_MU_per_atom=0.00 mDebye, RMSE_MU_DERIV=0.00 mDebye / A, RMSE_ALPHA_per_atom=    0.03, RMSE_ALPHA_DERIV=    2.19
2025-07-12 13:50:54.025 INFO: Epoch 721: head: Default, loss=1.5316, RMSE_MU_per_atom=0.00 mDebye, RMSE_MU_DERIV=0.00 mDebye / A, RMSE_ALPHA_per_atom=    0.04, RMSE_ALPHA_DERIV=    2.22
2025-07-12 13:51:37.667 INFO: Epoch 722: head: Default, loss=1.5207, RMSE_MU_per_atom=0.00 mDebye, RMSE_MU_DERIV=0.00 mDebye / A, RMSE_ALPHA_per_atom=    0.03, RMSE_ALPHA_DERIV=    2.22
2025-07-12 13:52:21.289 INFO: Epoch 723: head: Default, loss=1.5331, RMSE_MU_per_atom=0.00 mDebye, RMSE_MU_DERIV=0.00 mDebye / A, RMSE_ALPHA_per_atom=    0.03, RMSE_ALPHA_DERIV=    2.22
2025-07-12 13:53:04.922 INFO: Epoch 724: head: Default, loss=1.5239, RMSE_MU_per_atom=0.00 mDebye, RMSE_MU_DERIV=0.00 mDebye / A, RMSE_ALPHA_per_atom=    0.03, RMSE_ALPHA_DERIV=    2.22
2025-07-12 13:53:48.551 INFO: Epoch 725: head: Default, loss=1.5006, RMSE_MU_per_atom=0.00 mDebye, RMSE_MU_DERIV=0.00 mDebye / A, RMSE_ALPHA_per_atom=    0.03, RMSE_ALPHA_DERIV=    2.21
2025-07-12 13:54:32.186 INFO: Epoch 726: head: Default, loss=1.5598, RMSE_MU_per_atom=0.00 mDebye, RMSE_MU_DERIV=0.00 mDebye / A, RMSE_ALPHA_per_atom=    0.03, RMSE_ALPHA_DERIV=    2.23
2025-07-12 13:55:15.816 INFO: Epoch 727: head: Default, loss=1.4695, RMSE_MU_per_atom=0.00 mDebye, RMSE_MU_DERIV=0.00 mDebye / A, RMSE_ALPHA_per_atom=    0.03, RMSE_ALPHA_DERIV=    2.19
2025-07-12 13:55:59.458 INFO: Epoch 728: head: Default, loss=1.4774, RMSE_MU_per_atom=0.00 mDebye, RMSE_MU_DERIV=0.00 mDebye / A, RMSE_ALPHA_per_atom=    0.03, RMSE_ALPHA_DERIV=    2.20
2025-07-12 13:56:43.104 INFO: Epoch 729: head: Default, loss=1.4904, RMSE_MU_per_atom=0.00 mDebye, RMSE_MU_DERIV=0.00 mDebye / A, RMSE_ALPHA_per_atom=    0.03, RMSE_ALPHA_DERIV=    2.20
2025-07-12 13:57:26.736 INFO: Epoch 730: head: Default, loss=1.5119, RMSE_MU_per_atom=0.00 mDebye, RMSE_MU_DERIV=0.00 mDebye / A, RMSE_ALPHA_per_atom=    0.04, RMSE_ALPHA_DERIV=    2.21
2025-07-12 13:58:10.357 INFO: Epoch 731: head: Default, loss=1.5446, RMSE_MU_per_atom=0.00 mDebye, RMSE_MU_DERIV=0.00 mDebye / A, RMSE_ALPHA_per_atom=    0.04, RMSE_ALPHA_DERIV=    2.23
2025-07-12 13:58:53.996 INFO: Epoch 732: head: Default, loss=1.5475, RMSE_MU_per_atom=0.00 mDebye, RMSE_MU_DERIV=0.00 mDebye / A, RMSE_ALPHA_per_atom=    0.04, RMSE_ALPHA_DERIV=    2.23
2025-07-12 13:59:37.620 INFO: Epoch 733: head: Default, loss=1.4865, RMSE_MU_per_atom=0.00 mDebye, RMSE_MU_DERIV=0.00 mDebye / A, RMSE_ALPHA_per_atom=    0.03, RMSE_ALPHA_DERIV=    2.20
2025-07-12 14:00:21.259 INFO: Epoch 734: head: Default, loss=1.4897, RMSE_MU_per_atom=0.00 mDebye, RMSE_MU_DERIV=0.00 mDebye / A, RMSE_ALPHA_per_atom=    0.03, RMSE_ALPHA_DERIV=    2.20
2025-07-12 14:01:04.890 INFO: Epoch 735: head: Default, loss=1.5752, RMSE_MU_per_atom=0.00 mDebye, RMSE_MU_DERIV=0.00 mDebye / A, RMSE_ALPHA_per_atom=    0.04, RMSE_ALPHA_DERIV=    2.24
2025-07-12 14:01:48.516 INFO: Epoch 736: head: Default, loss=1.5340, RMSE_MU_per_atom=0.00 mDebye, RMSE_MU_DERIV=0.00 mDebye / A, RMSE_ALPHA_per_atom=    0.03, RMSE_ALPHA_DERIV=    2.22
2025-07-12 14:02:32.139 INFO: Epoch 737: head: Default, loss=1.5851, RMSE_MU_per_atom=0.00 mDebye, RMSE_MU_DERIV=0.00 mDebye / A, RMSE_ALPHA_per_atom=    0.05, RMSE_ALPHA_DERIV=    2.24
2025-07-12 14:03:15.763 INFO: Epoch 738: head: Default, loss=1.5076, RMSE_MU_per_atom=0.00 mDebye, RMSE_MU_DERIV=0.00 mDebye / A, RMSE_ALPHA_per_atom=    0.03, RMSE_ALPHA_DERIV=    2.21
2025-07-12 14:03:59.390 INFO: Epoch 739: head: Default, loss=1.4958, RMSE_MU_per_atom=0.00 mDebye, RMSE_MU_DERIV=0.00 mDebye / A, RMSE_ALPHA_per_atom=    0.04, RMSE_ALPHA_DERIV=    2.20
2025-07-12 14:04:43.021 INFO: Epoch 740: head: Default, loss=1.5860, RMSE_MU_per_atom=0.00 mDebye, RMSE_MU_DERIV=0.00 mDebye / A, RMSE_ALPHA_per_atom=    0.04, RMSE_ALPHA_DERIV=    2.25
2025-07-12 14:05:26.657 INFO: Epoch 741: head: Default, loss=1.4923, RMSE_MU_per_atom=0.00 mDebye, RMSE_MU_DERIV=0.00 mDebye / A, RMSE_ALPHA_per_atom=    0.03, RMSE_ALPHA_DERIV=    2.20
2025-07-12 14:06:10.287 INFO: Epoch 742: head: Default, loss=1.4925, RMSE_MU_per_atom=0.00 mDebye, RMSE_MU_DERIV=0.00 mDebye / A, RMSE_ALPHA_per_atom=    0.03, RMSE_ALPHA_DERIV=    2.21
2025-07-12 14:06:53.932 INFO: Epoch 743: head: Default, loss=1.5247, RMSE_MU_per_atom=0.00 mDebye, RMSE_MU_DERIV=0.00 mDebye / A, RMSE_ALPHA_per_atom=    0.04, RMSE_ALPHA_DERIV=    2.22
2025-07-12 14:07:37.564 INFO: Epoch 744: head: Default, loss=1.4599, RMSE_MU_per_atom=0.00 mDebye, RMSE_MU_DERIV=0.00 mDebye / A, RMSE_ALPHA_per_atom=    0.03, RMSE_ALPHA_DERIV=    2.19
2025-07-12 14:08:21.194 INFO: Epoch 745: head: Default, loss=1.5029, RMSE_MU_per_atom=0.00 mDebye, RMSE_MU_DERIV=0.00 mDebye / A, RMSE_ALPHA_per_atom=    0.03, RMSE_ALPHA_DERIV=    2.21
2025-07-12 14:09:04.825 INFO: Epoch 746: head: Default, loss=1.5352, RMSE_MU_per_atom=0.00 mDebye, RMSE_MU_DERIV=0.00 mDebye / A, RMSE_ALPHA_per_atom=    0.04, RMSE_ALPHA_DERIV=    2.22
2025-07-12 14:09:48.451 INFO: Epoch 747: head: Default, loss=1.5301, RMSE_MU_per_atom=0.00 mDebye, RMSE_MU_DERIV=0.00 mDebye / A, RMSE_ALPHA_per_atom=    0.04, RMSE_ALPHA_DERIV=    2.22
2025-07-12 14:10:32.094 INFO: Epoch 748: head: Default, loss=1.4917, RMSE_MU_per_atom=0.00 mDebye, RMSE_MU_DERIV=0.00 mDebye / A, RMSE_ALPHA_per_atom=    0.03, RMSE_ALPHA_DERIV=    2.20
2025-07-12 14:11:15.721 INFO: Epoch 749: head: Default, loss=1.5147, RMSE_MU_per_atom=0.00 mDebye, RMSE_MU_DERIV=0.00 mDebye / A, RMSE_ALPHA_per_atom=    0.03, RMSE_ALPHA_DERIV=    2.21
2025-07-12 14:11:59.351 INFO: Epoch 750: head: Default, loss=1.4951, RMSE_MU_per_atom=0.00 mDebye, RMSE_MU_DERIV=0.00 mDebye / A, RMSE_ALPHA_per_atom=    0.03, RMSE_ALPHA_DERIV=    2.21
2025-07-12 14:12:42.966 INFO: Epoch 751: head: Default, loss=1.4753, RMSE_MU_per_atom=0.00 mDebye, RMSE_MU_DERIV=0.00 mDebye / A, RMSE_ALPHA_per_atom=    0.03, RMSE_ALPHA_DERIV=    2.19
2025-07-12 14:13:26.599 INFO: Epoch 752: head: Default, loss=1.5094, RMSE_MU_per_atom=0.00 mDebye, RMSE_MU_DERIV=0.00 mDebye / A, RMSE_ALPHA_per_atom=    0.03, RMSE_ALPHA_DERIV=    2.21
2025-07-12 14:14:10.227 INFO: Epoch 753: head: Default, loss=1.5303, RMSE_MU_per_atom=0.00 mDebye, RMSE_MU_DERIV=0.00 mDebye / A, RMSE_ALPHA_per_atom=    0.04, RMSE_ALPHA_DERIV=    2.22
2025-07-12 14:14:53.863 INFO: Epoch 754: head: Default, loss=1.5246, RMSE_MU_per_atom=0.00 mDebye, RMSE_MU_DERIV=0.00 mDebye / A, RMSE_ALPHA_per_atom=    0.03, RMSE_ALPHA_DERIV=    2.22
2025-07-12 14:15:37.510 INFO: Epoch 755: head: Default, loss=1.4637, RMSE_MU_per_atom=0.00 mDebye, RMSE_MU_DERIV=0.00 mDebye / A, RMSE_ALPHA_per_atom=    0.04, RMSE_ALPHA_DERIV=    2.19
2025-07-12 14:16:21.146 INFO: Epoch 756: head: Default, loss=1.5410, RMSE_MU_per_atom=0.00 mDebye, RMSE_MU_DERIV=0.00 mDebye / A, RMSE_ALPHA_per_atom=    0.04, RMSE_ALPHA_DERIV=    2.22
2025-07-12 14:17:04.777 INFO: Epoch 757: head: Default, loss=1.5028, RMSE_MU_per_atom=0.00 mDebye, RMSE_MU_DERIV=0.00 mDebye / A, RMSE_ALPHA_per_atom=    0.03, RMSE_ALPHA_DERIV=    2.21
2025-07-12 14:17:48.407 INFO: Epoch 758: head: Default, loss=1.5277, RMSE_MU_per_atom=0.00 mDebye, RMSE_MU_DERIV=0.00 mDebye / A, RMSE_ALPHA_per_atom=    0.03, RMSE_ALPHA_DERIV=    2.22
2025-07-12 14:18:32.029 INFO: Epoch 759: head: Default, loss=1.4897, RMSE_MU_per_atom=0.00 mDebye, RMSE_MU_DERIV=0.00 mDebye / A, RMSE_ALPHA_per_atom=    0.03, RMSE_ALPHA_DERIV=    2.20
2025-07-12 14:19:15.674 INFO: Epoch 760: head: Default, loss=1.5484, RMSE_MU_per_atom=0.00 mDebye, RMSE_MU_DERIV=0.00 mDebye / A, RMSE_ALPHA_per_atom=    0.04, RMSE_ALPHA_DERIV=    2.23
2025-07-12 14:19:59.293 INFO: Epoch 761: head: Default, loss=1.5419, RMSE_MU_per_atom=0.00 mDebye, RMSE_MU_DERIV=0.00 mDebye / A, RMSE_ALPHA_per_atom=    0.04, RMSE_ALPHA_DERIV=    2.23
2025-07-12 14:20:42.920 INFO: Epoch 762: head: Default, loss=1.5668, RMSE_MU_per_atom=0.00 mDebye, RMSE_MU_DERIV=0.00 mDebye / A, RMSE_ALPHA_per_atom=    0.04, RMSE_ALPHA_DERIV=    2.23
2025-07-12 14:21:26.545 INFO: Epoch 763: head: Default, loss=1.5164, RMSE_MU_per_atom=0.00 mDebye, RMSE_MU_DERIV=0.00 mDebye / A, RMSE_ALPHA_per_atom=    0.03, RMSE_ALPHA_DERIV=    2.21
2025-07-12 14:22:10.177 INFO: Epoch 764: head: Default, loss=1.4456, RMSE_MU_per_atom=0.00 mDebye, RMSE_MU_DERIV=0.00 mDebye / A, RMSE_ALPHA_per_atom=    0.03, RMSE_ALPHA_DERIV=    2.18
2025-07-12 14:22:53.805 INFO: Epoch 765: head: Default, loss=1.5154, RMSE_MU_per_atom=0.00 mDebye, RMSE_MU_DERIV=0.00 mDebye / A, RMSE_ALPHA_per_atom=    0.04, RMSE_ALPHA_DERIV=    2.21
2025-07-12 14:23:37.437 INFO: Epoch 766: head: Default, loss=1.5277, RMSE_MU_per_atom=0.00 mDebye, RMSE_MU_DERIV=0.00 mDebye / A, RMSE_ALPHA_per_atom=    0.04, RMSE_ALPHA_DERIV=    2.22
2025-07-12 14:24:21.058 INFO: Epoch 767: head: Default, loss=1.5145, RMSE_MU_per_atom=0.00 mDebye, RMSE_MU_DERIV=0.00 mDebye / A, RMSE_ALPHA_per_atom=    0.04, RMSE_ALPHA_DERIV=    2.21
2025-07-12 14:25:04.686 INFO: Epoch 768: head: Default, loss=1.5175, RMSE_MU_per_atom=0.00 mDebye, RMSE_MU_DERIV=0.00 mDebye / A, RMSE_ALPHA_per_atom=    0.03, RMSE_ALPHA_DERIV=    2.21
2025-07-12 14:25:48.329 INFO: Epoch 769: head: Default, loss=1.5006, RMSE_MU_per_atom=0.00 mDebye, RMSE_MU_DERIV=0.00 mDebye / A, RMSE_ALPHA_per_atom=    0.03, RMSE_ALPHA_DERIV=    2.20
2025-07-12 14:26:31.963 INFO: Epoch 770: head: Default, loss=1.4917, RMSE_MU_per_atom=0.00 mDebye, RMSE_MU_DERIV=0.00 mDebye / A, RMSE_ALPHA_per_atom=    0.03, RMSE_ALPHA_DERIV=    2.20
2025-07-12 14:27:15.603 INFO: Epoch 771: head: Default, loss=1.4912, RMSE_MU_per_atom=0.00 mDebye, RMSE_MU_DERIV=0.00 mDebye / A, RMSE_ALPHA_per_atom=    0.03, RMSE_ALPHA_DERIV=    2.20
2025-07-12 14:27:59.239 INFO: Epoch 772: head: Default, loss=1.5464, RMSE_MU_per_atom=0.00 mDebye, RMSE_MU_DERIV=0.00 mDebye / A, RMSE_ALPHA_per_atom=    0.04, RMSE_ALPHA_DERIV=    2.23
2025-07-12 14:28:42.886 INFO: Epoch 773: head: Default, loss=1.4915, RMSE_MU_per_atom=0.00 mDebye, RMSE_MU_DERIV=0.00 mDebye / A, RMSE_ALPHA_per_atom=    0.03, RMSE_ALPHA_DERIV=    2.20
2025-07-12 14:29:26.526 INFO: Epoch 774: head: Default, loss=1.5069, RMSE_MU_per_atom=0.00 mDebye, RMSE_MU_DERIV=0.00 mDebye / A, RMSE_ALPHA_per_atom=    0.03, RMSE_ALPHA_DERIV=    2.21
2025-07-12 14:30:10.157 INFO: Epoch 775: head: Default, loss=1.5084, RMSE_MU_per_atom=0.00 mDebye, RMSE_MU_DERIV=0.00 mDebye / A, RMSE_ALPHA_per_atom=    0.03, RMSE_ALPHA_DERIV=    2.21
2025-07-12 14:30:53.788 INFO: Epoch 776: head: Default, loss=1.4917, RMSE_MU_per_atom=0.00 mDebye, RMSE_MU_DERIV=0.00 mDebye / A, RMSE_ALPHA_per_atom=    0.04, RMSE_ALPHA_DERIV=    2.20
2025-07-12 14:31:37.413 INFO: Epoch 777: head: Default, loss=1.5130, RMSE_MU_per_atom=0.00 mDebye, RMSE_MU_DERIV=0.00 mDebye / A, RMSE_ALPHA_per_atom=    0.03, RMSE_ALPHA_DERIV=    2.21
2025-07-12 14:32:21.052 INFO: Epoch 778: head: Default, loss=1.5383, RMSE_MU_per_atom=0.00 mDebye, RMSE_MU_DERIV=0.00 mDebye / A, RMSE_ALPHA_per_atom=    0.03, RMSE_ALPHA_DERIV=    2.22
2025-07-12 14:33:04.698 INFO: Epoch 779: head: Default, loss=1.5012, RMSE_MU_per_atom=0.00 mDebye, RMSE_MU_DERIV=0.00 mDebye / A, RMSE_ALPHA_per_atom=    0.03, RMSE_ALPHA_DERIV=    2.21
2025-07-12 14:33:48.350 INFO: Epoch 780: head: Default, loss=1.5596, RMSE_MU_per_atom=0.00 mDebye, RMSE_MU_DERIV=0.00 mDebye / A, RMSE_ALPHA_per_atom=    0.04, RMSE_ALPHA_DERIV=    2.23
2025-07-12 14:34:31.984 INFO: Epoch 781: head: Default, loss=1.5176, RMSE_MU_per_atom=0.00 mDebye, RMSE_MU_DERIV=0.00 mDebye / A, RMSE_ALPHA_per_atom=    0.04, RMSE_ALPHA_DERIV=    2.21
2025-07-12 14:35:15.600 INFO: Epoch 782: head: Default, loss=1.4813, RMSE_MU_per_atom=0.00 mDebye, RMSE_MU_DERIV=0.00 mDebye / A, RMSE_ALPHA_per_atom=    0.03, RMSE_ALPHA_DERIV=    2.19
2025-07-12 14:35:59.244 INFO: Epoch 783: head: Default, loss=1.5099, RMSE_MU_per_atom=0.00 mDebye, RMSE_MU_DERIV=0.00 mDebye / A, RMSE_ALPHA_per_atom=    0.03, RMSE_ALPHA_DERIV=    2.21
2025-07-12 14:36:42.874 INFO: Epoch 784: head: Default, loss=1.5252, RMSE_MU_per_atom=0.00 mDebye, RMSE_MU_DERIV=0.00 mDebye / A, RMSE_ALPHA_per_atom=    0.04, RMSE_ALPHA_DERIV=    2.22
2025-07-12 14:37:26.509 INFO: Epoch 785: head: Default, loss=1.5508, RMSE_MU_per_atom=0.00 mDebye, RMSE_MU_DERIV=0.00 mDebye / A, RMSE_ALPHA_per_atom=    0.04, RMSE_ALPHA_DERIV=    2.23
2025-07-12 14:38:10.166 INFO: Epoch 786: head: Default, loss=1.4948, RMSE_MU_per_atom=0.00 mDebye, RMSE_MU_DERIV=0.00 mDebye / A, RMSE_ALPHA_per_atom=    0.03, RMSE_ALPHA_DERIV=    2.20
2025-07-12 14:38:53.797 INFO: Epoch 787: head: Default, loss=1.5028, RMSE_MU_per_atom=0.00 mDebye, RMSE_MU_DERIV=0.00 mDebye / A, RMSE_ALPHA_per_atom=    0.03, RMSE_ALPHA_DERIV=    2.21
2025-07-12 14:39:37.429 INFO: Epoch 788: head: Default, loss=1.4828, RMSE_MU_per_atom=0.00 mDebye, RMSE_MU_DERIV=0.00 mDebye / A, RMSE_ALPHA_per_atom=    0.03, RMSE_ALPHA_DERIV=    2.20
2025-07-12 14:40:21.066 INFO: Epoch 789: head: Default, loss=1.4853, RMSE_MU_per_atom=0.00 mDebye, RMSE_MU_DERIV=0.00 mDebye / A, RMSE_ALPHA_per_atom=    0.03, RMSE_ALPHA_DERIV=    2.20
2025-07-12 14:41:04.703 INFO: Epoch 790: head: Default, loss=1.5041, RMSE_MU_per_atom=0.00 mDebye, RMSE_MU_DERIV=0.00 mDebye / A, RMSE_ALPHA_per_atom=    0.04, RMSE_ALPHA_DERIV=    2.20
2025-07-12 14:41:48.341 INFO: Epoch 791: head: Default, loss=1.4938, RMSE_MU_per_atom=0.00 mDebye, RMSE_MU_DERIV=0.00 mDebye / A, RMSE_ALPHA_per_atom=    0.03, RMSE_ALPHA_DERIV=    2.20
2025-07-12 14:42:31.979 INFO: Epoch 792: head: Default, loss=1.5077, RMSE_MU_per_atom=0.00 mDebye, RMSE_MU_DERIV=0.00 mDebye / A, RMSE_ALPHA_per_atom=    0.03, RMSE_ALPHA_DERIV=    2.21
2025-07-12 14:43:15.607 INFO: Epoch 793: head: Default, loss=1.5050, RMSE_MU_per_atom=0.00 mDebye, RMSE_MU_DERIV=0.00 mDebye / A, RMSE_ALPHA_per_atom=    0.03, RMSE_ALPHA_DERIV=    2.21
2025-07-12 14:43:59.240 INFO: Epoch 794: head: Default, loss=1.5251, RMSE_MU_per_atom=0.00 mDebye, RMSE_MU_DERIV=0.00 mDebye / A, RMSE_ALPHA_per_atom=    0.03, RMSE_ALPHA_DERIV=    2.22
2025-07-12 14:44:42.882 INFO: Epoch 795: head: Default, loss=1.5309, RMSE_MU_per_atom=0.00 mDebye, RMSE_MU_DERIV=0.00 mDebye / A, RMSE_ALPHA_per_atom=    0.04, RMSE_ALPHA_DERIV=    2.22
2025-07-12 14:45:26.508 INFO: Epoch 796: head: Default, loss=1.4976, RMSE_MU_per_atom=0.00 mDebye, RMSE_MU_DERIV=0.00 mDebye / A, RMSE_ALPHA_per_atom=    0.03, RMSE_ALPHA_DERIV=    2.20
2025-07-12 14:46:10.142 INFO: Epoch 797: head: Default, loss=1.5174, RMSE_MU_per_atom=0.00 mDebye, RMSE_MU_DERIV=0.00 mDebye / A, RMSE_ALPHA_per_atom=    0.04, RMSE_ALPHA_DERIV=    2.21
2025-07-12 14:46:53.783 INFO: Epoch 798: head: Default, loss=1.5166, RMSE_MU_per_atom=0.00 mDebye, RMSE_MU_DERIV=0.00 mDebye / A, RMSE_ALPHA_per_atom=    0.03, RMSE_ALPHA_DERIV=    2.21
2025-07-12 14:47:37.417 INFO: Epoch 799: head: Default, loss=1.5031, RMSE_MU_per_atom=0.00 mDebye, RMSE_MU_DERIV=0.00 mDebye / A, RMSE_ALPHA_per_atom=    0.03, RMSE_ALPHA_DERIV=    2.21
2025-07-12 14:48:21.044 INFO: Epoch 800: head: Default, loss=1.5345, RMSE_MU_per_atom=0.00 mDebye, RMSE_MU_DERIV=0.00 mDebye / A, RMSE_ALPHA_per_atom=    0.04, RMSE_ALPHA_DERIV=    2.22
2025-07-12 14:49:04.681 INFO: Epoch 801: head: Default, loss=1.5227, RMSE_MU_per_atom=0.00 mDebye, RMSE_MU_DERIV=0.00 mDebye / A, RMSE_ALPHA_per_atom=    0.03, RMSE_ALPHA_DERIV=    2.21
2025-07-12 14:49:48.315 INFO: Epoch 802: head: Default, loss=1.5453, RMSE_MU_per_atom=0.00 mDebye, RMSE_MU_DERIV=0.00 mDebye / A, RMSE_ALPHA_per_atom=    0.04, RMSE_ALPHA_DERIV=    2.22
2025-07-12 14:50:31.945 INFO: Epoch 803: head: Default, loss=1.5043, RMSE_MU_per_atom=0.00 mDebye, RMSE_MU_DERIV=0.00 mDebye / A, RMSE_ALPHA_per_atom=    0.03, RMSE_ALPHA_DERIV=    2.21
2025-07-12 14:51:15.598 INFO: Epoch 804: head: Default, loss=1.5198, RMSE_MU_per_atom=0.00 mDebye, RMSE_MU_DERIV=0.00 mDebye / A, RMSE_ALPHA_per_atom=    0.03, RMSE_ALPHA_DERIV=    2.21
2025-07-12 14:51:59.225 INFO: Epoch 805: head: Default, loss=1.5174, RMSE_MU_per_atom=0.00 mDebye, RMSE_MU_DERIV=0.00 mDebye / A, RMSE_ALPHA_per_atom=    0.03, RMSE_ALPHA_DERIV=    2.22
2025-07-12 14:52:42.860 INFO: Epoch 806: head: Default, loss=1.5277, RMSE_MU_per_atom=0.00 mDebye, RMSE_MU_DERIV=0.00 mDebye / A, RMSE_ALPHA_per_atom=    0.04, RMSE_ALPHA_DERIV=    2.22
2025-07-12 14:53:26.497 INFO: Epoch 807: head: Default, loss=1.5050, RMSE_MU_per_atom=0.00 mDebye, RMSE_MU_DERIV=0.00 mDebye / A, RMSE_ALPHA_per_atom=    0.04, RMSE_ALPHA_DERIV=    2.21
2025-07-12 14:54:10.123 INFO: Epoch 808: head: Default, loss=1.5216, RMSE_MU_per_atom=0.00 mDebye, RMSE_MU_DERIV=0.00 mDebye / A, RMSE_ALPHA_per_atom=    0.03, RMSE_ALPHA_DERIV=    2.22
2025-07-12 14:54:53.761 INFO: Epoch 809: head: Default, loss=1.5173, RMSE_MU_per_atom=0.00 mDebye, RMSE_MU_DERIV=0.00 mDebye / A, RMSE_ALPHA_per_atom=    0.04, RMSE_ALPHA_DERIV=    2.21
2025-07-12 14:55:37.391 INFO: Epoch 810: head: Default, loss=1.4851, RMSE_MU_per_atom=0.00 mDebye, RMSE_MU_DERIV=0.00 mDebye / A, RMSE_ALPHA_per_atom=    0.03, RMSE_ALPHA_DERIV=    2.20
2025-07-12 14:56:21.018 INFO: Epoch 811: head: Default, loss=1.5410, RMSE_MU_per_atom=0.00 mDebye, RMSE_MU_DERIV=0.00 mDebye / A, RMSE_ALPHA_per_atom=    0.04, RMSE_ALPHA_DERIV=    2.22
2025-07-12 14:57:04.656 INFO: Epoch 812: head: Default, loss=1.5175, RMSE_MU_per_atom=0.00 mDebye, RMSE_MU_DERIV=0.00 mDebye / A, RMSE_ALPHA_per_atom=    0.03, RMSE_ALPHA_DERIV=    2.21
2025-07-12 14:57:48.286 INFO: Epoch 813: head: Default, loss=1.5200, RMSE_MU_per_atom=0.00 mDebye, RMSE_MU_DERIV=0.00 mDebye / A, RMSE_ALPHA_per_atom=    0.03, RMSE_ALPHA_DERIV=    2.21
2025-07-12 14:58:31.918 INFO: Epoch 814: head: Default, loss=1.5048, RMSE_MU_per_atom=0.00 mDebye, RMSE_MU_DERIV=0.00 mDebye / A, RMSE_ALPHA_per_atom=    0.03, RMSE_ALPHA_DERIV=    2.21
2025-07-12 14:59:15.560 INFO: Epoch 815: head: Default, loss=1.5082, RMSE_MU_per_atom=0.00 mDebye, RMSE_MU_DERIV=0.00 mDebye / A, RMSE_ALPHA_per_atom=    0.03, RMSE_ALPHA_DERIV=    2.21
2025-07-12 14:59:59.191 INFO: Epoch 816: head: Default, loss=1.4992, RMSE_MU_per_atom=0.00 mDebye, RMSE_MU_DERIV=0.00 mDebye / A, RMSE_ALPHA_per_atom=    0.03, RMSE_ALPHA_DERIV=    2.20
2025-07-12 15:00:42.834 INFO: Epoch 817: head: Default, loss=1.4798, RMSE_MU_per_atom=0.00 mDebye, RMSE_MU_DERIV=0.00 mDebye / A, RMSE_ALPHA_per_atom=    0.03, RMSE_ALPHA_DERIV=    2.20
2025-07-12 15:01:26.471 INFO: Epoch 818: head: Default, loss=1.5123, RMSE_MU_per_atom=0.00 mDebye, RMSE_MU_DERIV=0.00 mDebye / A, RMSE_ALPHA_per_atom=    0.03, RMSE_ALPHA_DERIV=    2.21
2025-07-12 15:02:10.100 INFO: Epoch 819: head: Default, loss=1.5123, RMSE_MU_per_atom=0.00 mDebye, RMSE_MU_DERIV=0.00 mDebye / A, RMSE_ALPHA_per_atom=    0.04, RMSE_ALPHA_DERIV=    2.21
2025-07-12 15:02:53.725 INFO: Epoch 820: head: Default, loss=1.5061, RMSE_MU_per_atom=0.00 mDebye, RMSE_MU_DERIV=0.00 mDebye / A, RMSE_ALPHA_per_atom=    0.03, RMSE_ALPHA_DERIV=    2.21
2025-07-12 15:03:37.356 INFO: Epoch 821: head: Default, loss=1.4916, RMSE_MU_per_atom=0.00 mDebye, RMSE_MU_DERIV=0.00 mDebye / A, RMSE_ALPHA_per_atom=    0.04, RMSE_ALPHA_DERIV=    2.20
2025-07-12 15:04:20.974 INFO: Epoch 822: head: Default, loss=1.4703, RMSE_MU_per_atom=0.00 mDebye, RMSE_MU_DERIV=0.00 mDebye / A, RMSE_ALPHA_per_atom=    0.03, RMSE_ALPHA_DERIV=    2.19
2025-07-12 15:05:04.616 INFO: Epoch 823: head: Default, loss=1.5170, RMSE_MU_per_atom=0.00 mDebye, RMSE_MU_DERIV=0.00 mDebye / A, RMSE_ALPHA_per_atom=    0.03, RMSE_ALPHA_DERIV=    2.21
2025-07-12 15:05:48.269 INFO: Epoch 824: head: Default, loss=1.5021, RMSE_MU_per_atom=0.00 mDebye, RMSE_MU_DERIV=0.00 mDebye / A, RMSE_ALPHA_per_atom=    0.03, RMSE_ALPHA_DERIV=    2.21
2025-07-12 15:06:31.903 INFO: Epoch 825: head: Default, loss=1.5133, RMSE_MU_per_atom=0.00 mDebye, RMSE_MU_DERIV=0.00 mDebye / A, RMSE_ALPHA_per_atom=    0.03, RMSE_ALPHA_DERIV=    2.21
2025-07-12 15:07:15.534 INFO: Epoch 826: head: Default, loss=1.5092, RMSE_MU_per_atom=0.00 mDebye, RMSE_MU_DERIV=0.00 mDebye / A, RMSE_ALPHA_per_atom=    0.03, RMSE_ALPHA_DERIV=    2.21
2025-07-12 15:07:59.169 INFO: Epoch 827: head: Default, loss=1.4994, RMSE_MU_per_atom=0.00 mDebye, RMSE_MU_DERIV=0.00 mDebye / A, RMSE_ALPHA_per_atom=    0.03, RMSE_ALPHA_DERIV=    2.20
2025-07-12 15:08:42.815 INFO: Epoch 828: head: Default, loss=1.5083, RMSE_MU_per_atom=0.00 mDebye, RMSE_MU_DERIV=0.00 mDebye / A, RMSE_ALPHA_per_atom=    0.03, RMSE_ALPHA_DERIV=    2.21
2025-07-12 15:09:26.441 INFO: Epoch 829: head: Default, loss=1.4893, RMSE_MU_per_atom=0.00 mDebye, RMSE_MU_DERIV=0.00 mDebye / A, RMSE_ALPHA_per_atom=    0.03, RMSE_ALPHA_DERIV=    2.20
2025-07-12 15:10:10.090 INFO: Epoch 830: head: Default, loss=1.5232, RMSE_MU_per_atom=0.00 mDebye, RMSE_MU_DERIV=0.00 mDebye / A, RMSE_ALPHA_per_atom=    0.03, RMSE_ALPHA_DERIV=    2.21
2025-07-12 15:10:53.714 INFO: Epoch 831: head: Default, loss=1.4819, RMSE_MU_per_atom=0.00 mDebye, RMSE_MU_DERIV=0.00 mDebye / A, RMSE_ALPHA_per_atom=    0.04, RMSE_ALPHA_DERIV=    2.19
2025-07-12 15:11:37.354 INFO: Epoch 832: head: Default, loss=1.5125, RMSE_MU_per_atom=0.00 mDebye, RMSE_MU_DERIV=0.00 mDebye / A, RMSE_ALPHA_per_atom=    0.03, RMSE_ALPHA_DERIV=    2.21
2025-07-12 15:12:20.985 INFO: Epoch 833: head: Default, loss=1.5325, RMSE_MU_per_atom=0.00 mDebye, RMSE_MU_DERIV=0.00 mDebye / A, RMSE_ALPHA_per_atom=    0.04, RMSE_ALPHA_DERIV=    2.22
2025-07-12 15:13:04.611 INFO: Epoch 834: head: Default, loss=1.4793, RMSE_MU_per_atom=0.00 mDebye, RMSE_MU_DERIV=0.00 mDebye / A, RMSE_ALPHA_per_atom=    0.03, RMSE_ALPHA_DERIV=    2.20
2025-07-12 15:13:48.238 INFO: Epoch 835: head: Default, loss=1.5320, RMSE_MU_per_atom=0.00 mDebye, RMSE_MU_DERIV=0.00 mDebye / A, RMSE_ALPHA_per_atom=    0.03, RMSE_ALPHA_DERIV=    2.22
2025-07-12 15:14:31.869 INFO: Epoch 836: head: Default, loss=1.4835, RMSE_MU_per_atom=0.00 mDebye, RMSE_MU_DERIV=0.00 mDebye / A, RMSE_ALPHA_per_atom=    0.04, RMSE_ALPHA_DERIV=    2.20
2025-07-12 15:15:15.513 INFO: Epoch 837: head: Default, loss=1.5408, RMSE_MU_per_atom=0.00 mDebye, RMSE_MU_DERIV=0.00 mDebye / A, RMSE_ALPHA_per_atom=    0.04, RMSE_ALPHA_DERIV=    2.22
2025-07-12 15:15:59.152 INFO: Epoch 838: head: Default, loss=1.4931, RMSE_MU_per_atom=0.00 mDebye, RMSE_MU_DERIV=0.00 mDebye / A, RMSE_ALPHA_per_atom=    0.03, RMSE_ALPHA_DERIV=    2.20
2025-07-12 15:16:42.791 INFO: Epoch 839: head: Default, loss=1.5235, RMSE_MU_per_atom=0.00 mDebye, RMSE_MU_DERIV=0.00 mDebye / A, RMSE_ALPHA_per_atom=    0.03, RMSE_ALPHA_DERIV=    2.21
2025-07-12 15:17:26.436 INFO: Epoch 840: head: Default, loss=1.5102, RMSE_MU_per_atom=0.00 mDebye, RMSE_MU_DERIV=0.00 mDebye / A, RMSE_ALPHA_per_atom=    0.03, RMSE_ALPHA_DERIV=    2.21
2025-07-12 15:18:10.070 INFO: Epoch 841: head: Default, loss=1.4821, RMSE_MU_per_atom=0.00 mDebye, RMSE_MU_DERIV=0.00 mDebye / A, RMSE_ALPHA_per_atom=    0.03, RMSE_ALPHA_DERIV=    2.20
2025-07-12 15:18:53.716 INFO: Epoch 842: head: Default, loss=1.4942, RMSE_MU_per_atom=0.00 mDebye, RMSE_MU_DERIV=0.00 mDebye / A, RMSE_ALPHA_per_atom=    0.03, RMSE_ALPHA_DERIV=    2.20
2025-07-12 15:19:37.359 INFO: Epoch 843: head: Default, loss=1.4999, RMSE_MU_per_atom=0.00 mDebye, RMSE_MU_DERIV=0.00 mDebye / A, RMSE_ALPHA_per_atom=    0.04, RMSE_ALPHA_DERIV=    2.20
2025-07-12 15:20:20.989 INFO: Epoch 844: head: Default, loss=1.5170, RMSE_MU_per_atom=0.00 mDebye, RMSE_MU_DERIV=0.00 mDebye / A, RMSE_ALPHA_per_atom=    0.03, RMSE_ALPHA_DERIV=    2.21
2025-07-12 15:21:04.619 INFO: Epoch 845: head: Default, loss=1.4957, RMSE_MU_per_atom=0.00 mDebye, RMSE_MU_DERIV=0.00 mDebye / A, RMSE_ALPHA_per_atom=    0.03, RMSE_ALPHA_DERIV=    2.20
2025-07-12 15:21:48.263 INFO: Epoch 846: head: Default, loss=1.4850, RMSE_MU_per_atom=0.00 mDebye, RMSE_MU_DERIV=0.00 mDebye / A, RMSE_ALPHA_per_atom=    0.03, RMSE_ALPHA_DERIV=    2.20
2025-07-12 15:22:31.892 INFO: Epoch 847: head: Default, loss=1.5426, RMSE_MU_per_atom=0.00 mDebye, RMSE_MU_DERIV=0.00 mDebye / A, RMSE_ALPHA_per_atom=    0.04, RMSE_ALPHA_DERIV=    2.22
2025-07-12 15:23:15.539 INFO: Epoch 848: head: Default, loss=1.5154, RMSE_MU_per_atom=0.00 mDebye, RMSE_MU_DERIV=0.00 mDebye / A, RMSE_ALPHA_per_atom=    0.03, RMSE_ALPHA_DERIV=    2.21
2025-07-12 15:23:59.165 INFO: Epoch 849: head: Default, loss=1.5006, RMSE_MU_per_atom=0.00 mDebye, RMSE_MU_DERIV=0.00 mDebye / A, RMSE_ALPHA_per_atom=    0.03, RMSE_ALPHA_DERIV=    2.20
2025-07-12 15:24:42.799 INFO: Epoch 850: head: Default, loss=1.5231, RMSE_MU_per_atom=0.00 mDebye, RMSE_MU_DERIV=0.00 mDebye / A, RMSE_ALPHA_per_atom=    0.03, RMSE_ALPHA_DERIV=    2.21
2025-07-12 15:25:26.426 INFO: Epoch 851: head: Default, loss=1.5012, RMSE_MU_per_atom=0.00 mDebye, RMSE_MU_DERIV=0.00 mDebye / A, RMSE_ALPHA_per_atom=    0.04, RMSE_ALPHA_DERIV=    2.20
2025-07-12 15:26:10.070 INFO: Epoch 852: head: Default, loss=1.4772, RMSE_MU_per_atom=0.00 mDebye, RMSE_MU_DERIV=0.00 mDebye / A, RMSE_ALPHA_per_atom=    0.03, RMSE_ALPHA_DERIV=    2.20
2025-07-12 15:26:53.692 INFO: Epoch 853: head: Default, loss=1.5039, RMSE_MU_per_atom=0.00 mDebye, RMSE_MU_DERIV=0.00 mDebye / A, RMSE_ALPHA_per_atom=    0.03, RMSE_ALPHA_DERIV=    2.21
2025-07-12 15:27:37.319 INFO: Epoch 854: head: Default, loss=1.4897, RMSE_MU_per_atom=0.00 mDebye, RMSE_MU_DERIV=0.00 mDebye / A, RMSE_ALPHA_per_atom=    0.03, RMSE_ALPHA_DERIV=    2.20
2025-07-12 15:28:20.951 INFO: Epoch 855: head: Default, loss=1.4948, RMSE_MU_per_atom=0.00 mDebye, RMSE_MU_DERIV=0.00 mDebye / A, RMSE_ALPHA_per_atom=    0.03, RMSE_ALPHA_DERIV=    2.20
2025-07-12 15:29:04.588 INFO: Epoch 856: head: Default, loss=1.5211, RMSE_MU_per_atom=0.00 mDebye, RMSE_MU_DERIV=0.00 mDebye / A, RMSE_ALPHA_per_atom=    0.04, RMSE_ALPHA_DERIV=    2.21
2025-07-12 15:29:48.214 INFO: Epoch 857: head: Default, loss=1.4698, RMSE_MU_per_atom=0.00 mDebye, RMSE_MU_DERIV=0.00 mDebye / A, RMSE_ALPHA_per_atom=    0.03, RMSE_ALPHA_DERIV=    2.19
2025-07-12 15:30:31.842 INFO: Epoch 858: head: Default, loss=1.4946, RMSE_MU_per_atom=0.00 mDebye, RMSE_MU_DERIV=0.00 mDebye / A, RMSE_ALPHA_per_atom=    0.04, RMSE_ALPHA_DERIV=    2.20
2025-07-12 15:31:15.481 INFO: Epoch 859: head: Default, loss=1.4998, RMSE_MU_per_atom=0.00 mDebye, RMSE_MU_DERIV=0.00 mDebye / A, RMSE_ALPHA_per_atom=    0.03, RMSE_ALPHA_DERIV=    2.20
2025-07-12 15:31:59.099 INFO: Epoch 860: head: Default, loss=1.4824, RMSE_MU_per_atom=0.00 mDebye, RMSE_MU_DERIV=0.00 mDebye / A, RMSE_ALPHA_per_atom=    0.03, RMSE_ALPHA_DERIV=    2.20
2025-07-12 15:32:42.750 INFO: Epoch 861: head: Default, loss=1.4969, RMSE_MU_per_atom=0.00 mDebye, RMSE_MU_DERIV=0.00 mDebye / A, RMSE_ALPHA_per_atom=    0.04, RMSE_ALPHA_DERIV=    2.20
2025-07-12 15:33:26.385 INFO: Epoch 862: head: Default, loss=1.4931, RMSE_MU_per_atom=0.00 mDebye, RMSE_MU_DERIV=0.00 mDebye / A, RMSE_ALPHA_per_atom=    0.03, RMSE_ALPHA_DERIV=    2.20
2025-07-12 15:34:10.022 INFO: Epoch 863: head: Default, loss=1.4800, RMSE_MU_per_atom=0.00 mDebye, RMSE_MU_DERIV=0.00 mDebye / A, RMSE_ALPHA_per_atom=    0.03, RMSE_ALPHA_DERIV=    2.19
2025-07-12 15:34:53.644 INFO: Epoch 864: head: Default, loss=1.5282, RMSE_MU_per_atom=0.00 mDebye, RMSE_MU_DERIV=0.00 mDebye / A, RMSE_ALPHA_per_atom=    0.04, RMSE_ALPHA_DERIV=    2.21
2025-07-12 15:35:37.283 INFO: Epoch 865: head: Default, loss=1.5061, RMSE_MU_per_atom=0.00 mDebye, RMSE_MU_DERIV=0.00 mDebye / A, RMSE_ALPHA_per_atom=    0.03, RMSE_ALPHA_DERIV=    2.21
2025-07-12 15:36:20.907 INFO: Epoch 866: head: Default, loss=1.5011, RMSE_MU_per_atom=0.00 mDebye, RMSE_MU_DERIV=0.00 mDebye / A, RMSE_ALPHA_per_atom=    0.03, RMSE_ALPHA_DERIV=    2.20
2025-07-12 15:37:04.552 INFO: Epoch 867: head: Default, loss=1.5125, RMSE_MU_per_atom=0.00 mDebye, RMSE_MU_DERIV=0.00 mDebye / A, RMSE_ALPHA_per_atom=    0.03, RMSE_ALPHA_DERIV=    2.21
2025-07-12 15:37:48.183 INFO: Epoch 868: head: Default, loss=1.4994, RMSE_MU_per_atom=0.00 mDebye, RMSE_MU_DERIV=0.00 mDebye / A, RMSE_ALPHA_per_atom=    0.03, RMSE_ALPHA_DERIV=    2.20
2025-07-12 15:38:31.824 INFO: Epoch 869: head: Default, loss=1.5008, RMSE_MU_per_atom=0.00 mDebye, RMSE_MU_DERIV=0.00 mDebye / A, RMSE_ALPHA_per_atom=    0.03, RMSE_ALPHA_DERIV=    2.20
2025-07-12 15:39:15.453 INFO: Epoch 870: head: Default, loss=1.4938, RMSE_MU_per_atom=0.00 mDebye, RMSE_MU_DERIV=0.00 mDebye / A, RMSE_ALPHA_per_atom=    0.03, RMSE_ALPHA_DERIV=    2.20
2025-07-12 15:39:59.090 INFO: Epoch 871: head: Default, loss=1.5113, RMSE_MU_per_atom=0.00 mDebye, RMSE_MU_DERIV=0.00 mDebye / A, RMSE_ALPHA_per_atom=    0.03, RMSE_ALPHA_DERIV=    2.21
2025-07-12 15:40:42.730 INFO: Epoch 872: head: Default, loss=1.4891, RMSE_MU_per_atom=0.00 mDebye, RMSE_MU_DERIV=0.00 mDebye / A, RMSE_ALPHA_per_atom=    0.03, RMSE_ALPHA_DERIV=    2.20
2025-07-12 15:41:26.354 INFO: Epoch 873: head: Default, loss=1.4993, RMSE_MU_per_atom=0.00 mDebye, RMSE_MU_DERIV=0.00 mDebye / A, RMSE_ALPHA_per_atom=    0.03, RMSE_ALPHA_DERIV=    2.20
2025-07-12 15:42:09.980 INFO: Epoch 874: head: Default, loss=1.4832, RMSE_MU_per_atom=0.00 mDebye, RMSE_MU_DERIV=0.00 mDebye / A, RMSE_ALPHA_per_atom=    0.04, RMSE_ALPHA_DERIV=    2.19
2025-07-12 15:42:53.622 INFO: Epoch 875: head: Default, loss=1.5221, RMSE_MU_per_atom=0.00 mDebye, RMSE_MU_DERIV=0.00 mDebye / A, RMSE_ALPHA_per_atom=    0.03, RMSE_ALPHA_DERIV=    2.21
2025-07-12 15:43:37.244 INFO: Epoch 876: head: Default, loss=1.4790, RMSE_MU_per_atom=0.00 mDebye, RMSE_MU_DERIV=0.00 mDebye / A, RMSE_ALPHA_per_atom=    0.03, RMSE_ALPHA_DERIV=    2.19
2025-07-12 15:44:20.881 INFO: Epoch 877: head: Default, loss=1.5002, RMSE_MU_per_atom=0.00 mDebye, RMSE_MU_DERIV=0.00 mDebye / A, RMSE_ALPHA_per_atom=    0.03, RMSE_ALPHA_DERIV=    2.20
2025-07-12 15:45:04.497 INFO: Epoch 878: head: Default, loss=1.5112, RMSE_MU_per_atom=0.00 mDebye, RMSE_MU_DERIV=0.00 mDebye / A, RMSE_ALPHA_per_atom=    0.03, RMSE_ALPHA_DERIV=    2.21
2025-07-12 15:45:48.132 INFO: Epoch 879: head: Default, loss=1.4726, RMSE_MU_per_atom=0.00 mDebye, RMSE_MU_DERIV=0.00 mDebye / A, RMSE_ALPHA_per_atom=    0.04, RMSE_ALPHA_DERIV=    2.19
2025-07-12 15:46:31.771 INFO: Epoch 880: head: Default, loss=1.5105, RMSE_MU_per_atom=0.00 mDebye, RMSE_MU_DERIV=0.00 mDebye / A, RMSE_ALPHA_per_atom=    0.03, RMSE_ALPHA_DERIV=    2.21
2025-07-12 15:47:15.408 INFO: Epoch 881: head: Default, loss=1.5059, RMSE_MU_per_atom=0.00 mDebye, RMSE_MU_DERIV=0.00 mDebye / A, RMSE_ALPHA_per_atom=    0.03, RMSE_ALPHA_DERIV=    2.20
2025-07-12 15:47:59.047 INFO: Epoch 882: head: Default, loss=1.4798, RMSE_MU_per_atom=0.00 mDebye, RMSE_MU_DERIV=0.00 mDebye / A, RMSE_ALPHA_per_atom=    0.03, RMSE_ALPHA_DERIV=    2.19
2025-07-12 15:48:42.688 INFO: Epoch 883: head: Default, loss=1.5167, RMSE_MU_per_atom=0.00 mDebye, RMSE_MU_DERIV=0.00 mDebye / A, RMSE_ALPHA_per_atom=    0.04, RMSE_ALPHA_DERIV=    2.21
2025-07-12 15:49:26.309 INFO: Epoch 884: head: Default, loss=1.5150, RMSE_MU_per_atom=0.00 mDebye, RMSE_MU_DERIV=0.00 mDebye / A, RMSE_ALPHA_per_atom=    0.03, RMSE_ALPHA_DERIV=    2.21
2025-07-12 15:50:09.934 INFO: Epoch 885: head: Default, loss=1.4799, RMSE_MU_per_atom=0.00 mDebye, RMSE_MU_DERIV=0.00 mDebye / A, RMSE_ALPHA_per_atom=    0.03, RMSE_ALPHA_DERIV=    2.20
2025-07-12 15:50:53.569 INFO: Epoch 886: head: Default, loss=1.5178, RMSE_MU_per_atom=0.00 mDebye, RMSE_MU_DERIV=0.00 mDebye / A, RMSE_ALPHA_per_atom=    0.03, RMSE_ALPHA_DERIV=    2.21
2025-07-12 15:51:37.219 INFO: Epoch 887: head: Default, loss=1.5268, RMSE_MU_per_atom=0.00 mDebye, RMSE_MU_DERIV=0.00 mDebye / A, RMSE_ALPHA_per_atom=    0.03, RMSE_ALPHA_DERIV=    2.21
2025-07-12 15:52:20.844 INFO: Epoch 888: head: Default, loss=1.4974, RMSE_MU_per_atom=0.00 mDebye, RMSE_MU_DERIV=0.00 mDebye / A, RMSE_ALPHA_per_atom=    0.03, RMSE_ALPHA_DERIV=    2.20
2025-07-12 15:53:04.474 INFO: Epoch 889: head: Default, loss=1.5097, RMSE_MU_per_atom=0.00 mDebye, RMSE_MU_DERIV=0.00 mDebye / A, RMSE_ALPHA_per_atom=    0.03, RMSE_ALPHA_DERIV=    2.21
2025-07-12 15:53:48.102 INFO: Epoch 890: head: Default, loss=1.5528, RMSE_MU_per_atom=0.00 mDebye, RMSE_MU_DERIV=0.00 mDebye / A, RMSE_ALPHA_per_atom=    0.04, RMSE_ALPHA_DERIV=    2.23
2025-07-12 15:54:31.748 INFO: Epoch 891: head: Default, loss=1.4802, RMSE_MU_per_atom=0.00 mDebye, RMSE_MU_DERIV=0.00 mDebye / A, RMSE_ALPHA_per_atom=    0.03, RMSE_ALPHA_DERIV=    2.20
2025-07-12 15:55:15.378 INFO: Epoch 892: head: Default, loss=1.5082, RMSE_MU_per_atom=0.00 mDebye, RMSE_MU_DERIV=0.00 mDebye / A, RMSE_ALPHA_per_atom=    0.04, RMSE_ALPHA_DERIV=    2.21
2025-07-12 15:55:58.999 INFO: Epoch 893: head: Default, loss=1.4908, RMSE_MU_per_atom=0.00 mDebye, RMSE_MU_DERIV=0.00 mDebye / A, RMSE_ALPHA_per_atom=    0.03, RMSE_ALPHA_DERIV=    2.20
2025-07-12 15:56:42.627 INFO: Epoch 894: head: Default, loss=1.4881, RMSE_MU_per_atom=0.00 mDebye, RMSE_MU_DERIV=0.00 mDebye / A, RMSE_ALPHA_per_atom=    0.03, RMSE_ALPHA_DERIV=    2.20
2025-07-12 15:57:26.268 INFO: Epoch 895: head: Default, loss=1.5359, RMSE_MU_per_atom=0.00 mDebye, RMSE_MU_DERIV=0.00 mDebye / A, RMSE_ALPHA_per_atom=    0.04, RMSE_ALPHA_DERIV=    2.22
2025-07-12 15:58:09.918 INFO: Epoch 896: head: Default, loss=1.5059, RMSE_MU_per_atom=0.00 mDebye, RMSE_MU_DERIV=0.00 mDebye / A, RMSE_ALPHA_per_atom=    0.03, RMSE_ALPHA_DERIV=    2.20
2025-07-12 15:58:53.532 INFO: Epoch 897: head: Default, loss=1.4764, RMSE_MU_per_atom=0.00 mDebye, RMSE_MU_DERIV=0.00 mDebye / A, RMSE_ALPHA_per_atom=    0.03, RMSE_ALPHA_DERIV=    2.19
2025-07-12 15:59:37.171 INFO: Epoch 898: head: Default, loss=1.4817, RMSE_MU_per_atom=0.00 mDebye, RMSE_MU_DERIV=0.00 mDebye / A, RMSE_ALPHA_per_atom=    0.03, RMSE_ALPHA_DERIV=    2.20
2025-07-12 16:00:20.804 INFO: Epoch 899: head: Default, loss=1.4994, RMSE_MU_per_atom=0.00 mDebye, RMSE_MU_DERIV=0.00 mDebye / A, RMSE_ALPHA_per_atom=    0.03, RMSE_ALPHA_DERIV=    2.20
2025-07-12 16:01:04.435 INFO: Epoch 900: head: Default, loss=1.4762, RMSE_MU_per_atom=0.00 mDebye, RMSE_MU_DERIV=0.00 mDebye / A, RMSE_ALPHA_per_atom=    0.03, RMSE_ALPHA_DERIV=    2.19
2025-07-12 16:01:48.072 INFO: Epoch 901: head: Default, loss=1.4949, RMSE_MU_per_atom=0.00 mDebye, RMSE_MU_DERIV=0.00 mDebye / A, RMSE_ALPHA_per_atom=    0.03, RMSE_ALPHA_DERIV=    2.20
2025-07-12 16:02:31.700 INFO: Epoch 902: head: Default, loss=1.5174, RMSE_MU_per_atom=0.00 mDebye, RMSE_MU_DERIV=0.00 mDebye / A, RMSE_ALPHA_per_atom=    0.03, RMSE_ALPHA_DERIV=    2.21
2025-07-12 16:03:15.327 INFO: Epoch 903: head: Default, loss=1.4883, RMSE_MU_per_atom=0.00 mDebye, RMSE_MU_DERIV=0.00 mDebye / A, RMSE_ALPHA_per_atom=    0.03, RMSE_ALPHA_DERIV=    2.20
2025-07-12 16:03:58.966 INFO: Epoch 904: head: Default, loss=1.5030, RMSE_MU_per_atom=0.00 mDebye, RMSE_MU_DERIV=0.00 mDebye / A, RMSE_ALPHA_per_atom=    0.03, RMSE_ALPHA_DERIV=    2.20
2025-07-12 16:04:42.599 INFO: Epoch 905: head: Default, loss=1.4989, RMSE_MU_per_atom=0.00 mDebye, RMSE_MU_DERIV=0.00 mDebye / A, RMSE_ALPHA_per_atom=    0.03, RMSE_ALPHA_DERIV=    2.20
2025-07-12 16:05:26.243 INFO: Epoch 906: head: Default, loss=1.4728, RMSE_MU_per_atom=0.00 mDebye, RMSE_MU_DERIV=0.00 mDebye / A, RMSE_ALPHA_per_atom=    0.03, RMSE_ALPHA_DERIV=    2.19
2025-07-12 16:06:09.869 INFO: Epoch 907: head: Default, loss=1.4843, RMSE_MU_per_atom=0.00 mDebye, RMSE_MU_DERIV=0.00 mDebye / A, RMSE_ALPHA_per_atom=    0.03, RMSE_ALPHA_DERIV=    2.20
2025-07-12 16:06:53.502 INFO: Epoch 908: head: Default, loss=1.4963, RMSE_MU_per_atom=0.00 mDebye, RMSE_MU_DERIV=0.00 mDebye / A, RMSE_ALPHA_per_atom=    0.03, RMSE_ALPHA_DERIV=    2.20
2025-07-12 16:07:37.131 INFO: Epoch 909: head: Default, loss=1.5066, RMSE_MU_per_atom=0.00 mDebye, RMSE_MU_DERIV=0.00 mDebye / A, RMSE_ALPHA_per_atom=    0.03, RMSE_ALPHA_DERIV=    2.20
2025-07-12 16:08:20.759 INFO: Epoch 910: head: Default, loss=1.5056, RMSE_MU_per_atom=0.00 mDebye, RMSE_MU_DERIV=0.00 mDebye / A, RMSE_ALPHA_per_atom=    0.04, RMSE_ALPHA_DERIV=    2.20
2025-07-12 16:09:04.395 INFO: Epoch 911: head: Default, loss=1.5068, RMSE_MU_per_atom=0.00 mDebye, RMSE_MU_DERIV=0.00 mDebye / A, RMSE_ALPHA_per_atom=    0.03, RMSE_ALPHA_DERIV=    2.21
2025-07-12 16:09:48.029 INFO: Epoch 912: head: Default, loss=1.4970, RMSE_MU_per_atom=0.00 mDebye, RMSE_MU_DERIV=0.00 mDebye / A, RMSE_ALPHA_per_atom=    0.03, RMSE_ALPHA_DERIV=    2.20
2025-07-12 16:10:31.660 INFO: Epoch 913: head: Default, loss=1.4996, RMSE_MU_per_atom=0.00 mDebye, RMSE_MU_DERIV=0.00 mDebye / A, RMSE_ALPHA_per_atom=    0.04, RMSE_ALPHA_DERIV=    2.21
2025-07-12 16:11:15.298 INFO: Epoch 914: head: Default, loss=1.4982, RMSE_MU_per_atom=0.00 mDebye, RMSE_MU_DERIV=0.00 mDebye / A, RMSE_ALPHA_per_atom=    0.03, RMSE_ALPHA_DERIV=    2.20
2025-07-12 16:11:58.918 INFO: Epoch 915: head: Default, loss=1.4916, RMSE_MU_per_atom=0.00 mDebye, RMSE_MU_DERIV=0.00 mDebye / A, RMSE_ALPHA_per_atom=    0.03, RMSE_ALPHA_DERIV=    2.20
2025-07-12 16:12:42.547 INFO: Epoch 916: head: Default, loss=1.4874, RMSE_MU_per_atom=0.00 mDebye, RMSE_MU_DERIV=0.00 mDebye / A, RMSE_ALPHA_per_atom=    0.03, RMSE_ALPHA_DERIV=    2.20
2025-07-12 16:13:26.182 INFO: Epoch 917: head: Default, loss=1.4916, RMSE_MU_per_atom=0.00 mDebye, RMSE_MU_DERIV=0.00 mDebye / A, RMSE_ALPHA_per_atom=    0.03, RMSE_ALPHA_DERIV=    2.20
2025-07-12 16:14:09.801 INFO: Epoch 918: head: Default, loss=1.5223, RMSE_MU_per_atom=0.00 mDebye, RMSE_MU_DERIV=0.00 mDebye / A, RMSE_ALPHA_per_atom=    0.03, RMSE_ALPHA_DERIV=    2.21
2025-07-12 16:14:53.427 INFO: Epoch 919: head: Default, loss=1.4955, RMSE_MU_per_atom=0.00 mDebye, RMSE_MU_DERIV=0.00 mDebye / A, RMSE_ALPHA_per_atom=    0.03, RMSE_ALPHA_DERIV=    2.20
2025-07-12 16:15:37.070 INFO: Epoch 920: head: Default, loss=1.4893, RMSE_MU_per_atom=0.00 mDebye, RMSE_MU_DERIV=0.00 mDebye / A, RMSE_ALPHA_per_atom=    0.03, RMSE_ALPHA_DERIV=    2.20
2025-07-12 16:16:20.706 INFO: Epoch 921: head: Default, loss=1.4903, RMSE_MU_per_atom=0.00 mDebye, RMSE_MU_DERIV=0.00 mDebye / A, RMSE_ALPHA_per_atom=    0.04, RMSE_ALPHA_DERIV=    2.20
2025-07-12 16:17:04.337 INFO: Epoch 922: head: Default, loss=1.5067, RMSE_MU_per_atom=0.00 mDebye, RMSE_MU_DERIV=0.00 mDebye / A, RMSE_ALPHA_per_atom=    0.04, RMSE_ALPHA_DERIV=    2.21
2025-07-12 16:17:47.952 INFO: Epoch 923: head: Default, loss=1.4920, RMSE_MU_per_atom=0.00 mDebye, RMSE_MU_DERIV=0.00 mDebye / A, RMSE_ALPHA_per_atom=    0.03, RMSE_ALPHA_DERIV=    2.20
2025-07-12 16:18:31.575 INFO: Epoch 924: head: Default, loss=1.4959, RMSE_MU_per_atom=0.00 mDebye, RMSE_MU_DERIV=0.00 mDebye / A, RMSE_ALPHA_per_atom=    0.03, RMSE_ALPHA_DERIV=    2.20
2025-07-12 16:19:15.215 INFO: Epoch 925: head: Default, loss=1.4920, RMSE_MU_per_atom=0.00 mDebye, RMSE_MU_DERIV=0.00 mDebye / A, RMSE_ALPHA_per_atom=    0.04, RMSE_ALPHA_DERIV=    2.20
2025-07-12 16:19:58.859 INFO: Epoch 926: head: Default, loss=1.4959, RMSE_MU_per_atom=0.00 mDebye, RMSE_MU_DERIV=0.00 mDebye / A, RMSE_ALPHA_per_atom=    0.04, RMSE_ALPHA_DERIV=    2.20
2025-07-12 16:20:42.480 INFO: Epoch 927: head: Default, loss=1.5221, RMSE_MU_per_atom=0.00 mDebye, RMSE_MU_DERIV=0.00 mDebye / A, RMSE_ALPHA_per_atom=    0.04, RMSE_ALPHA_DERIV=    2.21
2025-07-12 16:21:26.114 INFO: Epoch 928: head: Default, loss=1.4935, RMSE_MU_per_atom=0.00 mDebye, RMSE_MU_DERIV=0.00 mDebye / A, RMSE_ALPHA_per_atom=    0.03, RMSE_ALPHA_DERIV=    2.20
2025-07-12 16:22:09.733 INFO: Epoch 929: head: Default, loss=1.4970, RMSE_MU_per_atom=0.00 mDebye, RMSE_MU_DERIV=0.00 mDebye / A, RMSE_ALPHA_per_atom=    0.03, RMSE_ALPHA_DERIV=    2.20
2025-07-12 16:22:53.344 INFO: Epoch 930: head: Default, loss=1.4748, RMSE_MU_per_atom=0.00 mDebye, RMSE_MU_DERIV=0.00 mDebye / A, RMSE_ALPHA_per_atom=    0.03, RMSE_ALPHA_DERIV=    2.19
2025-07-12 16:23:36.976 INFO: Epoch 931: head: Default, loss=1.5018, RMSE_MU_per_atom=0.00 mDebye, RMSE_MU_DERIV=0.00 mDebye / A, RMSE_ALPHA_per_atom=    0.04, RMSE_ALPHA_DERIV=    2.20
2025-07-12 16:24:20.604 INFO: Epoch 932: head: Default, loss=1.5109, RMSE_MU_per_atom=0.00 mDebye, RMSE_MU_DERIV=0.00 mDebye / A, RMSE_ALPHA_per_atom=    0.04, RMSE_ALPHA_DERIV=    2.21
2025-07-12 16:25:04.231 INFO: Epoch 933: head: Default, loss=1.4749, RMSE_MU_per_atom=0.00 mDebye, RMSE_MU_DERIV=0.00 mDebye / A, RMSE_ALPHA_per_atom=    0.03, RMSE_ALPHA_DERIV=    2.19
2025-07-12 16:25:47.852 INFO: Epoch 934: head: Default, loss=1.5003, RMSE_MU_per_atom=0.00 mDebye, RMSE_MU_DERIV=0.00 mDebye / A, RMSE_ALPHA_per_atom=    0.04, RMSE_ALPHA_DERIV=    2.20
2025-07-12 16:26:31.467 INFO: Epoch 935: head: Default, loss=1.5076, RMSE_MU_per_atom=0.00 mDebye, RMSE_MU_DERIV=0.00 mDebye / A, RMSE_ALPHA_per_atom=    0.03, RMSE_ALPHA_DERIV=    2.21
2025-07-12 16:27:15.080 INFO: Epoch 936: head: Default, loss=1.4998, RMSE_MU_per_atom=0.00 mDebye, RMSE_MU_DERIV=0.00 mDebye / A, RMSE_ALPHA_per_atom=    0.03, RMSE_ALPHA_DERIV=    2.20
2025-07-12 16:27:58.714 INFO: Epoch 937: head: Default, loss=1.4935, RMSE_MU_per_atom=0.00 mDebye, RMSE_MU_DERIV=0.00 mDebye / A, RMSE_ALPHA_per_atom=    0.03, RMSE_ALPHA_DERIV=    2.20
2025-07-12 16:28:42.351 INFO: Epoch 938: head: Default, loss=1.5002, RMSE_MU_per_atom=0.00 mDebye, RMSE_MU_DERIV=0.00 mDebye / A, RMSE_ALPHA_per_atom=    0.03, RMSE_ALPHA_DERIV=    2.20
2025-07-12 16:29:25.972 INFO: Epoch 939: head: Default, loss=1.5054, RMSE_MU_per_atom=0.00 mDebye, RMSE_MU_DERIV=0.00 mDebye / A, RMSE_ALPHA_per_atom=    0.04, RMSE_ALPHA_DERIV=    2.20
2025-07-12 16:30:09.585 INFO: Epoch 940: head: Default, loss=1.5113, RMSE_MU_per_atom=0.00 mDebye, RMSE_MU_DERIV=0.00 mDebye / A, RMSE_ALPHA_per_atom=    0.03, RMSE_ALPHA_DERIV=    2.21
2025-07-12 16:30:53.218 INFO: Epoch 941: head: Default, loss=1.4874, RMSE_MU_per_atom=0.00 mDebye, RMSE_MU_DERIV=0.00 mDebye / A, RMSE_ALPHA_per_atom=    0.03, RMSE_ALPHA_DERIV=    2.20
2025-07-12 16:31:36.850 INFO: Epoch 942: head: Default, loss=1.4843, RMSE_MU_per_atom=0.00 mDebye, RMSE_MU_DERIV=0.00 mDebye / A, RMSE_ALPHA_per_atom=    0.03, RMSE_ALPHA_DERIV=    2.20
2025-07-12 16:32:20.491 INFO: Epoch 943: head: Default, loss=1.4894, RMSE_MU_per_atom=0.00 mDebye, RMSE_MU_DERIV=0.00 mDebye / A, RMSE_ALPHA_per_atom=    0.03, RMSE_ALPHA_DERIV=    2.20
2025-07-12 16:33:04.107 INFO: Epoch 944: head: Default, loss=1.4918, RMSE_MU_per_atom=0.00 mDebye, RMSE_MU_DERIV=0.00 mDebye / A, RMSE_ALPHA_per_atom=    0.03, RMSE_ALPHA_DERIV=    2.20
2025-07-12 16:33:47.740 INFO: Epoch 945: head: Default, loss=1.4958, RMSE_MU_per_atom=0.00 mDebye, RMSE_MU_DERIV=0.00 mDebye / A, RMSE_ALPHA_per_atom=    0.03, RMSE_ALPHA_DERIV=    2.20
2025-07-12 16:34:31.368 INFO: Epoch 946: head: Default, loss=1.4998, RMSE_MU_per_atom=0.00 mDebye, RMSE_MU_DERIV=0.00 mDebye / A, RMSE_ALPHA_per_atom=    0.03, RMSE_ALPHA_DERIV=    2.20
2025-07-12 16:35:14.997 INFO: Epoch 947: head: Default, loss=1.4871, RMSE_MU_per_atom=0.00 mDebye, RMSE_MU_DERIV=0.00 mDebye / A, RMSE_ALPHA_per_atom=    0.03, RMSE_ALPHA_DERIV=    2.20
2025-07-12 16:35:58.626 INFO: Epoch 948: head: Default, loss=1.4772, RMSE_MU_per_atom=0.00 mDebye, RMSE_MU_DERIV=0.00 mDebye / A, RMSE_ALPHA_per_atom=    0.03, RMSE_ALPHA_DERIV=    2.20
2025-07-12 16:36:42.273 INFO: Epoch 949: head: Default, loss=1.4768, RMSE_MU_per_atom=0.00 mDebye, RMSE_MU_DERIV=0.00 mDebye / A, RMSE_ALPHA_per_atom=    0.03, RMSE_ALPHA_DERIV=    2.19
2025-07-12 16:37:25.909 INFO: Epoch 950: head: Default, loss=1.5036, RMSE_MU_per_atom=0.00 mDebye, RMSE_MU_DERIV=0.00 mDebye / A, RMSE_ALPHA_per_atom=    0.03, RMSE_ALPHA_DERIV=    2.20
2025-07-12 16:38:09.546 INFO: Epoch 951: head: Default, loss=1.5059, RMSE_MU_per_atom=0.00 mDebye, RMSE_MU_DERIV=0.00 mDebye / A, RMSE_ALPHA_per_atom=    0.03, RMSE_ALPHA_DERIV=    2.21
2025-07-12 16:38:53.186 INFO: Epoch 952: head: Default, loss=1.4692, RMSE_MU_per_atom=0.00 mDebye, RMSE_MU_DERIV=0.00 mDebye / A, RMSE_ALPHA_per_atom=    0.03, RMSE_ALPHA_DERIV=    2.19
2025-07-12 16:39:36.813 INFO: Epoch 953: head: Default, loss=1.4870, RMSE_MU_per_atom=0.00 mDebye, RMSE_MU_DERIV=0.00 mDebye / A, RMSE_ALPHA_per_atom=    0.03, RMSE_ALPHA_DERIV=    2.20
2025-07-12 16:40:20.443 INFO: Epoch 954: head: Default, loss=1.4782, RMSE_MU_per_atom=0.00 mDebye, RMSE_MU_DERIV=0.00 mDebye / A, RMSE_ALPHA_per_atom=    0.03, RMSE_ALPHA_DERIV=    2.19
2025-07-12 16:41:04.088 INFO: Epoch 955: head: Default, loss=1.4895, RMSE_MU_per_atom=0.00 mDebye, RMSE_MU_DERIV=0.00 mDebye / A, RMSE_ALPHA_per_atom=    0.03, RMSE_ALPHA_DERIV=    2.20
2025-07-12 16:41:47.739 INFO: Epoch 956: head: Default, loss=1.5016, RMSE_MU_per_atom=0.00 mDebye, RMSE_MU_DERIV=0.00 mDebye / A, RMSE_ALPHA_per_atom=    0.03, RMSE_ALPHA_DERIV=    2.20
2025-07-12 16:42:31.358 INFO: Epoch 957: head: Default, loss=1.4899, RMSE_MU_per_atom=0.00 mDebye, RMSE_MU_DERIV=0.00 mDebye / A, RMSE_ALPHA_per_atom=    0.03, RMSE_ALPHA_DERIV=    2.20
2025-07-12 16:43:14.991 INFO: Epoch 958: head: Default, loss=1.5041, RMSE_MU_per_atom=0.00 mDebye, RMSE_MU_DERIV=0.00 mDebye / A, RMSE_ALPHA_per_atom=    0.03, RMSE_ALPHA_DERIV=    2.21
2025-07-12 16:43:58.639 INFO: Epoch 959: head: Default, loss=1.4956, RMSE_MU_per_atom=0.00 mDebye, RMSE_MU_DERIV=0.00 mDebye / A, RMSE_ALPHA_per_atom=    0.04, RMSE_ALPHA_DERIV=    2.20
2025-07-12 16:44:42.269 INFO: Epoch 960: head: Default, loss=1.4938, RMSE_MU_per_atom=0.00 mDebye, RMSE_MU_DERIV=0.00 mDebye / A, RMSE_ALPHA_per_atom=    0.04, RMSE_ALPHA_DERIV=    2.20
2025-07-12 16:45:25.897 INFO: Epoch 961: head: Default, loss=1.4815, RMSE_MU_per_atom=0.00 mDebye, RMSE_MU_DERIV=0.00 mDebye / A, RMSE_ALPHA_per_atom=    0.03, RMSE_ALPHA_DERIV=    2.20
2025-07-12 16:46:09.516 INFO: Epoch 962: head: Default, loss=1.4697, RMSE_MU_per_atom=0.00 mDebye, RMSE_MU_DERIV=0.00 mDebye / A, RMSE_ALPHA_per_atom=    0.03, RMSE_ALPHA_DERIV=    2.19
2025-07-12 16:46:53.141 INFO: Epoch 963: head: Default, loss=1.4947, RMSE_MU_per_atom=0.00 mDebye, RMSE_MU_DERIV=0.00 mDebye / A, RMSE_ALPHA_per_atom=    0.03, RMSE_ALPHA_DERIV=    2.20
2025-07-12 16:47:36.774 INFO: Epoch 964: head: Default, loss=1.4939, RMSE_MU_per_atom=0.00 mDebye, RMSE_MU_DERIV=0.00 mDebye / A, RMSE_ALPHA_per_atom=    0.03, RMSE_ALPHA_DERIV=    2.20
2025-07-12 16:48:20.397 INFO: Epoch 965: head: Default, loss=1.5066, RMSE_MU_per_atom=0.00 mDebye, RMSE_MU_DERIV=0.00 mDebye / A, RMSE_ALPHA_per_atom=    0.03, RMSE_ALPHA_DERIV=    2.21
2025-07-12 16:49:04.015 INFO: Epoch 966: head: Default, loss=1.5144, RMSE_MU_per_atom=0.00 mDebye, RMSE_MU_DERIV=0.00 mDebye / A, RMSE_ALPHA_per_atom=    0.03, RMSE_ALPHA_DERIV=    2.21
2025-07-12 16:49:47.629 INFO: Epoch 967: head: Default, loss=1.4872, RMSE_MU_per_atom=0.00 mDebye, RMSE_MU_DERIV=0.00 mDebye / A, RMSE_ALPHA_per_atom=    0.03, RMSE_ALPHA_DERIV=    2.20
2025-07-12 16:50:31.259 INFO: Epoch 968: head: Default, loss=1.5132, RMSE_MU_per_atom=0.00 mDebye, RMSE_MU_DERIV=0.00 mDebye / A, RMSE_ALPHA_per_atom=    0.03, RMSE_ALPHA_DERIV=    2.21
2025-07-12 16:51:14.892 INFO: Epoch 969: head: Default, loss=1.5174, RMSE_MU_per_atom=0.00 mDebye, RMSE_MU_DERIV=0.00 mDebye / A, RMSE_ALPHA_per_atom=    0.03, RMSE_ALPHA_DERIV=    2.21
2025-07-12 16:51:58.505 INFO: Epoch 970: head: Default, loss=1.4917, RMSE_MU_per_atom=0.00 mDebye, RMSE_MU_DERIV=0.00 mDebye / A, RMSE_ALPHA_per_atom=    0.03, RMSE_ALPHA_DERIV=    2.20
2025-07-12 16:52:42.128 INFO: Epoch 971: head: Default, loss=1.4871, RMSE_MU_per_atom=0.00 mDebye, RMSE_MU_DERIV=0.00 mDebye / A, RMSE_ALPHA_per_atom=    0.03, RMSE_ALPHA_DERIV=    2.20
2025-07-12 16:53:25.754 INFO: Epoch 972: head: Default, loss=1.4939, RMSE_MU_per_atom=0.00 mDebye, RMSE_MU_DERIV=0.00 mDebye / A, RMSE_ALPHA_per_atom=    0.03, RMSE_ALPHA_DERIV=    2.20
2025-07-12 16:54:09.382 INFO: Epoch 973: head: Default, loss=1.5086, RMSE_MU_per_atom=0.00 mDebye, RMSE_MU_DERIV=0.00 mDebye / A, RMSE_ALPHA_per_atom=    0.04, RMSE_ALPHA_DERIV=    2.21
2025-07-12 16:54:53.010 INFO: Epoch 974: head: Default, loss=1.4950, RMSE_MU_per_atom=0.00 mDebye, RMSE_MU_DERIV=0.00 mDebye / A, RMSE_ALPHA_per_atom=    0.03, RMSE_ALPHA_DERIV=    2.20
2025-07-12 16:55:36.633 INFO: Epoch 975: head: Default, loss=1.4924, RMSE_MU_per_atom=0.00 mDebye, RMSE_MU_DERIV=0.00 mDebye / A, RMSE_ALPHA_per_atom=    0.03, RMSE_ALPHA_DERIV=    2.20
2025-07-12 16:56:20.265 INFO: Epoch 976: head: Default, loss=1.5179, RMSE_MU_per_atom=0.00 mDebye, RMSE_MU_DERIV=0.00 mDebye / A, RMSE_ALPHA_per_atom=    0.04, RMSE_ALPHA_DERIV=    2.21
2025-07-12 16:57:03.926 INFO: Epoch 977: head: Default, loss=1.5141, RMSE_MU_per_atom=0.00 mDebye, RMSE_MU_DERIV=0.00 mDebye / A, RMSE_ALPHA_per_atom=    0.03, RMSE_ALPHA_DERIV=    2.21
2025-07-12 16:57:47.549 INFO: Epoch 978: head: Default, loss=1.4849, RMSE_MU_per_atom=0.00 mDebye, RMSE_MU_DERIV=0.00 mDebye / A, RMSE_ALPHA_per_atom=    0.03, RMSE_ALPHA_DERIV=    2.20
2025-07-12 16:58:31.185 INFO: Epoch 979: head: Default, loss=1.4826, RMSE_MU_per_atom=0.00 mDebye, RMSE_MU_DERIV=0.00 mDebye / A, RMSE_ALPHA_per_atom=    0.03, RMSE_ALPHA_DERIV=    2.20
2025-07-12 16:59:14.832 INFO: Epoch 980: head: Default, loss=1.4991, RMSE_MU_per_atom=0.00 mDebye, RMSE_MU_DERIV=0.00 mDebye / A, RMSE_ALPHA_per_atom=    0.03, RMSE_ALPHA_DERIV=    2.20
2025-07-12 16:59:58.436 INFO: Epoch 981: head: Default, loss=1.4831, RMSE_MU_per_atom=0.00 mDebye, RMSE_MU_DERIV=0.00 mDebye / A, RMSE_ALPHA_per_atom=    0.03, RMSE_ALPHA_DERIV=    2.20
2025-07-12 17:00:42.057 INFO: Epoch 982: head: Default, loss=1.4724, RMSE_MU_per_atom=0.00 mDebye, RMSE_MU_DERIV=0.00 mDebye / A, RMSE_ALPHA_per_atom=    0.03, RMSE_ALPHA_DERIV=    2.19
2025-07-12 17:01:25.692 INFO: Epoch 983: head: Default, loss=1.4683, RMSE_MU_per_atom=0.00 mDebye, RMSE_MU_DERIV=0.00 mDebye / A, RMSE_ALPHA_per_atom=    0.03, RMSE_ALPHA_DERIV=    2.19
2025-07-12 17:02:09.317 INFO: Epoch 984: head: Default, loss=1.4738, RMSE_MU_per_atom=0.00 mDebye, RMSE_MU_DERIV=0.00 mDebye / A, RMSE_ALPHA_per_atom=    0.03, RMSE_ALPHA_DERIV=    2.19
2025-07-12 17:02:52.958 INFO: Epoch 985: head: Default, loss=1.4893, RMSE_MU_per_atom=0.00 mDebye, RMSE_MU_DERIV=0.00 mDebye / A, RMSE_ALPHA_per_atom=    0.03, RMSE_ALPHA_DERIV=    2.20
2025-07-12 17:03:36.585 INFO: Epoch 986: head: Default, loss=1.5075, RMSE_MU_per_atom=0.00 mDebye, RMSE_MU_DERIV=0.00 mDebye / A, RMSE_ALPHA_per_atom=    0.03, RMSE_ALPHA_DERIV=    2.21
2025-07-12 17:04:20.215 INFO: Epoch 987: head: Default, loss=1.5017, RMSE_MU_per_atom=0.00 mDebye, RMSE_MU_DERIV=0.00 mDebye / A, RMSE_ALPHA_per_atom=    0.03, RMSE_ALPHA_DERIV=    2.20
2025-07-12 17:05:03.843 INFO: Epoch 988: head: Default, loss=1.5162, RMSE_MU_per_atom=0.00 mDebye, RMSE_MU_DERIV=0.00 mDebye / A, RMSE_ALPHA_per_atom=    0.04, RMSE_ALPHA_DERIV=    2.21
2025-07-12 17:05:47.476 INFO: Epoch 989: head: Default, loss=1.4947, RMSE_MU_per_atom=0.00 mDebye, RMSE_MU_DERIV=0.00 mDebye / A, RMSE_ALPHA_per_atom=    0.03, RMSE_ALPHA_DERIV=    2.20
2025-07-12 17:06:31.103 INFO: Epoch 990: head: Default, loss=1.5077, RMSE_MU_per_atom=0.00 mDebye, RMSE_MU_DERIV=0.00 mDebye / A, RMSE_ALPHA_per_atom=    0.04, RMSE_ALPHA_DERIV=    2.21
2025-07-12 17:07:14.745 INFO: Epoch 991: head: Default, loss=1.4871, RMSE_MU_per_atom=0.00 mDebye, RMSE_MU_DERIV=0.00 mDebye / A, RMSE_ALPHA_per_atom=    0.03, RMSE_ALPHA_DERIV=    2.20
2025-07-12 17:07:58.379 INFO: Epoch 992: head: Default, loss=1.4998, RMSE_MU_per_atom=0.00 mDebye, RMSE_MU_DERIV=0.00 mDebye / A, RMSE_ALPHA_per_atom=    0.03, RMSE_ALPHA_DERIV=    2.20
2025-07-12 17:08:42.009 INFO: Epoch 993: head: Default, loss=1.4962, RMSE_MU_per_atom=0.00 mDebye, RMSE_MU_DERIV=0.00 mDebye / A, RMSE_ALPHA_per_atom=    0.03, RMSE_ALPHA_DERIV=    2.20
2025-07-12 17:09:25.630 INFO: Epoch 994: head: Default, loss=1.4842, RMSE_MU_per_atom=0.00 mDebye, RMSE_MU_DERIV=0.00 mDebye / A, RMSE_ALPHA_per_atom=    0.03, RMSE_ALPHA_DERIV=    2.20
2025-07-12 17:10:09.270 INFO: Epoch 995: head: Default, loss=1.4906, RMSE_MU_per_atom=0.00 mDebye, RMSE_MU_DERIV=0.00 mDebye / A, RMSE_ALPHA_per_atom=    0.03, RMSE_ALPHA_DERIV=    2.20
2025-07-12 17:10:52.905 INFO: Epoch 996: head: Default, loss=1.4928, RMSE_MU_per_atom=0.00 mDebye, RMSE_MU_DERIV=0.00 mDebye / A, RMSE_ALPHA_per_atom=    0.03, RMSE_ALPHA_DERIV=    2.20
2025-07-12 17:11:36.537 INFO: Epoch 997: head: Default, loss=1.4876, RMSE_MU_per_atom=0.00 mDebye, RMSE_MU_DERIV=0.00 mDebye / A, RMSE_ALPHA_per_atom=    0.03, RMSE_ALPHA_DERIV=    2.20
2025-07-12 17:12:20.188 INFO: Epoch 998: head: Default, loss=1.4971, RMSE_MU_per_atom=0.00 mDebye, RMSE_MU_DERIV=0.00 mDebye / A, RMSE_ALPHA_per_atom=    0.03, RMSE_ALPHA_DERIV=    2.20
2025-07-12 17:13:03.824 INFO: Epoch 999: head: Default, loss=1.4926, RMSE_MU_per_atom=0.00 mDebye, RMSE_MU_DERIV=0.00 mDebye / A, RMSE_ALPHA_per_atom=    0.03, RMSE_ALPHA_DERIV=    2.20
2025-07-12 17:13:47.450 INFO: Epoch 1000: head: Default, loss=1.4943, RMSE_MU_per_atom=0.00 mDebye, RMSE_MU_DERIV=0.00 mDebye / A, RMSE_ALPHA_per_atom=    0.03, RMSE_ALPHA_DERIV=    2.20
2025-07-12 17:14:31.078 INFO: Epoch 1001: head: Default, loss=1.4992, RMSE_MU_per_atom=0.00 mDebye, RMSE_MU_DERIV=0.00 mDebye / A, RMSE_ALPHA_per_atom=    0.03, RMSE_ALPHA_DERIV=    2.20
2025-07-12 17:15:14.718 INFO: Epoch 1002: head: Default, loss=1.4927, RMSE_MU_per_atom=0.00 mDebye, RMSE_MU_DERIV=0.00 mDebye / A, RMSE_ALPHA_per_atom=    0.04, RMSE_ALPHA_DERIV=    2.20
2025-07-12 17:15:58.369 INFO: Epoch 1003: head: Default, loss=1.4843, RMSE_MU_per_atom=0.00 mDebye, RMSE_MU_DERIV=0.00 mDebye / A, RMSE_ALPHA_per_atom=    0.03, RMSE_ALPHA_DERIV=    2.20
2025-07-12 17:16:41.996 INFO: Epoch 1004: head: Default, loss=1.4758, RMSE_MU_per_atom=0.00 mDebye, RMSE_MU_DERIV=0.00 mDebye / A, RMSE_ALPHA_per_atom=    0.03, RMSE_ALPHA_DERIV=    2.19
2025-07-12 17:17:25.647 INFO: Epoch 1005: head: Default, loss=1.4955, RMSE_MU_per_atom=0.00 mDebye, RMSE_MU_DERIV=0.00 mDebye / A, RMSE_ALPHA_per_atom=    0.03, RMSE_ALPHA_DERIV=    2.20
2025-07-12 17:18:09.271 INFO: Epoch 1006: head: Default, loss=1.4921, RMSE_MU_per_atom=0.00 mDebye, RMSE_MU_DERIV=0.00 mDebye / A, RMSE_ALPHA_per_atom=    0.03, RMSE_ALPHA_DERIV=    2.20
2025-07-12 17:18:52.886 INFO: Epoch 1007: head: Default, loss=1.4900, RMSE_MU_per_atom=0.00 mDebye, RMSE_MU_DERIV=0.00 mDebye / A, RMSE_ALPHA_per_atom=    0.03, RMSE_ALPHA_DERIV=    2.20
2025-07-12 17:19:36.518 INFO: Epoch 1008: head: Default, loss=1.4877, RMSE_MU_per_atom=0.00 mDebye, RMSE_MU_DERIV=0.00 mDebye / A, RMSE_ALPHA_per_atom=    0.03, RMSE_ALPHA_DERIV=    2.20
2025-07-12 17:20:20.134 INFO: Epoch 1009: head: Default, loss=1.4891, RMSE_MU_per_atom=0.00 mDebye, RMSE_MU_DERIV=0.00 mDebye / A, RMSE_ALPHA_per_atom=    0.03, RMSE_ALPHA_DERIV=    2.20
2025-07-12 17:21:03.776 INFO: Epoch 1010: head: Default, loss=1.5058, RMSE_MU_per_atom=0.00 mDebye, RMSE_MU_DERIV=0.00 mDebye / A, RMSE_ALPHA_per_atom=    0.03, RMSE_ALPHA_DERIV=    2.21
2025-07-12 17:21:47.416 INFO: Epoch 1011: head: Default, loss=1.4852, RMSE_MU_per_atom=0.00 mDebye, RMSE_MU_DERIV=0.00 mDebye / A, RMSE_ALPHA_per_atom=    0.03, RMSE_ALPHA_DERIV=    2.20
2025-07-12 17:22:31.042 INFO: Epoch 1012: head: Default, loss=1.5021, RMSE_MU_per_atom=0.00 mDebye, RMSE_MU_DERIV=0.00 mDebye / A, RMSE_ALPHA_per_atom=    0.03, RMSE_ALPHA_DERIV=    2.20
2025-07-12 17:23:14.681 INFO: Epoch 1013: head: Default, loss=1.5159, RMSE_MU_per_atom=0.00 mDebye, RMSE_MU_DERIV=0.00 mDebye / A, RMSE_ALPHA_per_atom=    0.04, RMSE_ALPHA_DERIV=    2.21
2025-07-12 17:23:58.316 INFO: Epoch 1014: head: Default, loss=1.4847, RMSE_MU_per_atom=0.00 mDebye, RMSE_MU_DERIV=0.00 mDebye / A, RMSE_ALPHA_per_atom=    0.03, RMSE_ALPHA_DERIV=    2.20
2025-07-12 17:24:41.949 INFO: Epoch 1015: head: Default, loss=1.4791, RMSE_MU_per_atom=0.00 mDebye, RMSE_MU_DERIV=0.00 mDebye / A, RMSE_ALPHA_per_atom=    0.03, RMSE_ALPHA_DERIV=    2.19
2025-07-12 17:25:25.591 INFO: Epoch 1016: head: Default, loss=1.4907, RMSE_MU_per_atom=0.00 mDebye, RMSE_MU_DERIV=0.00 mDebye / A, RMSE_ALPHA_per_atom=    0.03, RMSE_ALPHA_DERIV=    2.20
2025-07-12 17:26:09.214 INFO: Epoch 1017: head: Default, loss=1.4934, RMSE_MU_per_atom=0.00 mDebye, RMSE_MU_DERIV=0.00 mDebye / A, RMSE_ALPHA_per_atom=    0.03, RMSE_ALPHA_DERIV=    2.20
2025-07-12 17:26:52.842 INFO: Epoch 1018: head: Default, loss=1.4899, RMSE_MU_per_atom=0.00 mDebye, RMSE_MU_DERIV=0.00 mDebye / A, RMSE_ALPHA_per_atom=    0.03, RMSE_ALPHA_DERIV=    2.20
2025-07-12 17:27:36.459 INFO: Epoch 1019: head: Default, loss=1.4695, RMSE_MU_per_atom=0.00 mDebye, RMSE_MU_DERIV=0.00 mDebye / A, RMSE_ALPHA_per_atom=    0.03, RMSE_ALPHA_DERIV=    2.19
2025-07-12 17:28:20.105 INFO: Epoch 1020: head: Default, loss=1.5040, RMSE_MU_per_atom=0.00 mDebye, RMSE_MU_DERIV=0.00 mDebye / A, RMSE_ALPHA_per_atom=    0.03, RMSE_ALPHA_DERIV=    2.20
2025-07-12 17:29:03.739 INFO: Epoch 1021: head: Default, loss=1.4752, RMSE_MU_per_atom=0.00 mDebye, RMSE_MU_DERIV=0.00 mDebye / A, RMSE_ALPHA_per_atom=    0.03, RMSE_ALPHA_DERIV=    2.19
2025-07-12 17:29:47.365 INFO: Epoch 1022: head: Default, loss=1.4892, RMSE_MU_per_atom=0.00 mDebye, RMSE_MU_DERIV=0.00 mDebye / A, RMSE_ALPHA_per_atom=    0.03, RMSE_ALPHA_DERIV=    2.20
2025-07-12 17:30:30.994 INFO: Epoch 1023: head: Default, loss=1.4838, RMSE_MU_per_atom=0.00 mDebye, RMSE_MU_DERIV=0.00 mDebye / A, RMSE_ALPHA_per_atom=    0.03, RMSE_ALPHA_DERIV=    2.20
2025-07-12 17:31:14.622 INFO: Epoch 1024: head: Default, loss=1.4696, RMSE_MU_per_atom=0.00 mDebye, RMSE_MU_DERIV=0.00 mDebye / A, RMSE_ALPHA_per_atom=    0.03, RMSE_ALPHA_DERIV=    2.19
2025-07-12 17:31:58.256 INFO: Epoch 1025: head: Default, loss=1.4927, RMSE_MU_per_atom=0.00 mDebye, RMSE_MU_DERIV=0.00 mDebye / A, RMSE_ALPHA_per_atom=    0.03, RMSE_ALPHA_DERIV=    2.20
2025-07-12 17:32:41.883 INFO: Epoch 1026: head: Default, loss=1.4907, RMSE_MU_per_atom=0.00 mDebye, RMSE_MU_DERIV=0.00 mDebye / A, RMSE_ALPHA_per_atom=    0.03, RMSE_ALPHA_DERIV=    2.20
2025-07-12 17:33:25.517 INFO: Epoch 1027: head: Default, loss=1.5050, RMSE_MU_per_atom=0.00 mDebye, RMSE_MU_DERIV=0.00 mDebye / A, RMSE_ALPHA_per_atom=    0.04, RMSE_ALPHA_DERIV=    2.20
2025-07-12 17:34:09.152 INFO: Epoch 1028: head: Default, loss=1.4894, RMSE_MU_per_atom=0.00 mDebye, RMSE_MU_DERIV=0.00 mDebye / A, RMSE_ALPHA_per_atom=    0.04, RMSE_ALPHA_DERIV=    2.20
2025-07-12 17:34:52.793 INFO: Epoch 1029: head: Default, loss=1.5059, RMSE_MU_per_atom=0.00 mDebye, RMSE_MU_DERIV=0.00 mDebye / A, RMSE_ALPHA_per_atom=    0.03, RMSE_ALPHA_DERIV=    2.20
2025-07-12 17:35:36.442 INFO: Epoch 1030: head: Default, loss=1.4921, RMSE_MU_per_atom=0.00 mDebye, RMSE_MU_DERIV=0.00 mDebye / A, RMSE_ALPHA_per_atom=    0.03, RMSE_ALPHA_DERIV=    2.20
2025-07-12 17:36:20.096 INFO: Epoch 1031: head: Default, loss=1.4974, RMSE_MU_per_atom=0.00 mDebye, RMSE_MU_DERIV=0.00 mDebye / A, RMSE_ALPHA_per_atom=    0.03, RMSE_ALPHA_DERIV=    2.20
2025-07-12 17:37:03.722 INFO: Epoch 1032: head: Default, loss=1.5069, RMSE_MU_per_atom=0.00 mDebye, RMSE_MU_DERIV=0.00 mDebye / A, RMSE_ALPHA_per_atom=    0.04, RMSE_ALPHA_DERIV=    2.20
2025-07-12 17:37:47.347 INFO: Epoch 1033: head: Default, loss=1.4948, RMSE_MU_per_atom=0.00 mDebye, RMSE_MU_DERIV=0.00 mDebye / A, RMSE_ALPHA_per_atom=    0.04, RMSE_ALPHA_DERIV=    2.20
2025-07-12 17:38:30.974 INFO: Epoch 1034: head: Default, loss=1.4935, RMSE_MU_per_atom=0.00 mDebye, RMSE_MU_DERIV=0.00 mDebye / A, RMSE_ALPHA_per_atom=    0.03, RMSE_ALPHA_DERIV=    2.20
2025-07-12 17:39:14.596 INFO: Epoch 1035: head: Default, loss=1.4851, RMSE_MU_per_atom=0.00 mDebye, RMSE_MU_DERIV=0.00 mDebye / A, RMSE_ALPHA_per_atom=    0.03, RMSE_ALPHA_DERIV=    2.19
2025-07-12 17:39:58.230 INFO: Epoch 1036: head: Default, loss=1.4866, RMSE_MU_per_atom=0.00 mDebye, RMSE_MU_DERIV=0.00 mDebye / A, RMSE_ALPHA_per_atom=    0.03, RMSE_ALPHA_DERIV=    2.20
2025-07-12 17:40:41.852 INFO: Epoch 1037: head: Default, loss=1.5081, RMSE_MU_per_atom=0.00 mDebye, RMSE_MU_DERIV=0.00 mDebye / A, RMSE_ALPHA_per_atom=    0.04, RMSE_ALPHA_DERIV=    2.21
2025-07-12 17:41:25.490 INFO: Epoch 1038: head: Default, loss=1.4862, RMSE_MU_per_atom=0.00 mDebye, RMSE_MU_DERIV=0.00 mDebye / A, RMSE_ALPHA_per_atom=    0.03, RMSE_ALPHA_DERIV=    2.20
2025-07-12 17:42:09.112 INFO: Epoch 1039: head: Default, loss=1.4911, RMSE_MU_per_atom=0.00 mDebye, RMSE_MU_DERIV=0.00 mDebye / A, RMSE_ALPHA_per_atom=    0.03, RMSE_ALPHA_DERIV=    2.20
2025-07-12 17:42:52.743 INFO: Epoch 1040: head: Default, loss=1.4911, RMSE_MU_per_atom=0.00 mDebye, RMSE_MU_DERIV=0.00 mDebye / A, RMSE_ALPHA_per_atom=    0.03, RMSE_ALPHA_DERIV=    2.20
2025-07-12 17:43:36.374 INFO: Epoch 1041: head: Default, loss=1.4860, RMSE_MU_per_atom=0.00 mDebye, RMSE_MU_DERIV=0.00 mDebye / A, RMSE_ALPHA_per_atom=    0.03, RMSE_ALPHA_DERIV=    2.20
2025-07-12 17:44:20.011 INFO: Epoch 1042: head: Default, loss=1.5016, RMSE_MU_per_atom=0.00 mDebye, RMSE_MU_DERIV=0.00 mDebye / A, RMSE_ALPHA_per_atom=    0.03, RMSE_ALPHA_DERIV=    2.20
2025-07-12 17:45:03.638 INFO: Epoch 1043: head: Default, loss=1.4950, RMSE_MU_per_atom=0.00 mDebye, RMSE_MU_DERIV=0.00 mDebye / A, RMSE_ALPHA_per_atom=    0.03, RMSE_ALPHA_DERIV=    2.20
2025-07-12 17:45:47.262 INFO: Epoch 1044: head: Default, loss=1.4914, RMSE_MU_per_atom=0.00 mDebye, RMSE_MU_DERIV=0.00 mDebye / A, RMSE_ALPHA_per_atom=    0.03, RMSE_ALPHA_DERIV=    2.20
2025-07-12 17:46:30.907 INFO: Epoch 1045: head: Default, loss=1.4868, RMSE_MU_per_atom=0.00 mDebye, RMSE_MU_DERIV=0.00 mDebye / A, RMSE_ALPHA_per_atom=    0.03, RMSE_ALPHA_DERIV=    2.20
2025-07-12 17:47:14.536 INFO: Epoch 1046: head: Default, loss=1.4992, RMSE_MU_per_atom=0.00 mDebye, RMSE_MU_DERIV=0.00 mDebye / A, RMSE_ALPHA_per_atom=    0.03, RMSE_ALPHA_DERIV=    2.20
2025-07-12 17:47:58.165 INFO: Epoch 1047: head: Default, loss=1.4977, RMSE_MU_per_atom=0.00 mDebye, RMSE_MU_DERIV=0.00 mDebye / A, RMSE_ALPHA_per_atom=    0.03, RMSE_ALPHA_DERIV=    2.20
2025-07-12 17:48:41.795 INFO: Epoch 1048: head: Default, loss=1.4965, RMSE_MU_per_atom=0.00 mDebye, RMSE_MU_DERIV=0.00 mDebye / A, RMSE_ALPHA_per_atom=    0.03, RMSE_ALPHA_DERIV=    2.20
2025-07-12 17:49:25.417 INFO: Epoch 1049: head: Default, loss=1.4997, RMSE_MU_per_atom=0.00 mDebye, RMSE_MU_DERIV=0.00 mDebye / A, RMSE_ALPHA_per_atom=    0.04, RMSE_ALPHA_DERIV=    2.20
2025-07-12 17:50:09.037 INFO: Epoch 1050: head: Default, loss=1.4991, RMSE_MU_per_atom=0.00 mDebye, RMSE_MU_DERIV=0.00 mDebye / A, RMSE_ALPHA_per_atom=    0.03, RMSE_ALPHA_DERIV=    2.20
2025-07-12 17:50:52.680 INFO: Epoch 1051: head: Default, loss=1.4936, RMSE_MU_per_atom=0.00 mDebye, RMSE_MU_DERIV=0.00 mDebye / A, RMSE_ALPHA_per_atom=    0.03, RMSE_ALPHA_DERIV=    2.20
2025-07-12 17:51:36.292 INFO: Epoch 1052: head: Default, loss=1.4865, RMSE_MU_per_atom=0.00 mDebye, RMSE_MU_DERIV=0.00 mDebye / A, RMSE_ALPHA_per_atom=    0.03, RMSE_ALPHA_DERIV=    2.20
2025-07-12 17:52:19.922 INFO: Epoch 1053: head: Default, loss=1.5084, RMSE_MU_per_atom=0.00 mDebye, RMSE_MU_DERIV=0.00 mDebye / A, RMSE_ALPHA_per_atom=    0.03, RMSE_ALPHA_DERIV=    2.21
2025-07-12 17:53:03.537 INFO: Epoch 1054: head: Default, loss=1.4891, RMSE_MU_per_atom=0.00 mDebye, RMSE_MU_DERIV=0.00 mDebye / A, RMSE_ALPHA_per_atom=    0.03, RMSE_ALPHA_DERIV=    2.20
2025-07-12 17:53:47.156 INFO: Epoch 1055: head: Default, loss=1.4945, RMSE_MU_per_atom=0.00 mDebye, RMSE_MU_DERIV=0.00 mDebye / A, RMSE_ALPHA_per_atom=    0.03, RMSE_ALPHA_DERIV=    2.20
2025-07-12 17:54:30.783 INFO: Epoch 1056: head: Default, loss=1.4981, RMSE_MU_per_atom=0.00 mDebye, RMSE_MU_DERIV=0.00 mDebye / A, RMSE_ALPHA_per_atom=    0.03, RMSE_ALPHA_DERIV=    2.20
2025-07-12 17:55:14.419 INFO: Epoch 1057: head: Default, loss=1.4923, RMSE_MU_per_atom=0.00 mDebye, RMSE_MU_DERIV=0.00 mDebye / A, RMSE_ALPHA_per_atom=    0.03, RMSE_ALPHA_DERIV=    2.20
2025-07-12 17:55:58.041 INFO: Epoch 1058: head: Default, loss=1.5080, RMSE_MU_per_atom=0.00 mDebye, RMSE_MU_DERIV=0.00 mDebye / A, RMSE_ALPHA_per_atom=    0.04, RMSE_ALPHA_DERIV=    2.20
2025-07-12 17:56:41.684 INFO: Epoch 1059: head: Default, loss=1.4954, RMSE_MU_per_atom=0.00 mDebye, RMSE_MU_DERIV=0.00 mDebye / A, RMSE_ALPHA_per_atom=    0.03, RMSE_ALPHA_DERIV=    2.20
2025-07-12 17:57:25.304 INFO: Epoch 1060: head: Default, loss=1.4847, RMSE_MU_per_atom=0.00 mDebye, RMSE_MU_DERIV=0.00 mDebye / A, RMSE_ALPHA_per_atom=    0.03, RMSE_ALPHA_DERIV=    2.19
2025-07-12 17:58:08.945 INFO: Epoch 1061: head: Default, loss=1.5078, RMSE_MU_per_atom=0.00 mDebye, RMSE_MU_DERIV=0.00 mDebye / A, RMSE_ALPHA_per_atom=    0.03, RMSE_ALPHA_DERIV=    2.20
2025-07-12 17:58:52.596 INFO: Epoch 1062: head: Default, loss=1.4932, RMSE_MU_per_atom=0.00 mDebye, RMSE_MU_DERIV=0.00 mDebye / A, RMSE_ALPHA_per_atom=    0.03, RMSE_ALPHA_DERIV=    2.20
2025-07-12 17:59:36.220 INFO: Epoch 1063: head: Default, loss=1.4885, RMSE_MU_per_atom=0.00 mDebye, RMSE_MU_DERIV=0.00 mDebye / A, RMSE_ALPHA_per_atom=    0.03, RMSE_ALPHA_DERIV=    2.20
2025-07-12 18:00:19.856 INFO: Epoch 1064: head: Default, loss=1.4840, RMSE_MU_per_atom=0.00 mDebye, RMSE_MU_DERIV=0.00 mDebye / A, RMSE_ALPHA_per_atom=    0.03, RMSE_ALPHA_DERIV=    2.19
2025-07-12 18:01:03.482 INFO: Epoch 1065: head: Default, loss=1.4765, RMSE_MU_per_atom=0.00 mDebye, RMSE_MU_DERIV=0.00 mDebye / A, RMSE_ALPHA_per_atom=    0.03, RMSE_ALPHA_DERIV=    2.19
2025-07-12 18:01:47.124 INFO: Epoch 1066: head: Default, loss=1.5030, RMSE_MU_per_atom=0.00 mDebye, RMSE_MU_DERIV=0.00 mDebye / A, RMSE_ALPHA_per_atom=    0.04, RMSE_ALPHA_DERIV=    2.20
2025-07-12 18:02:30.766 INFO: Epoch 1067: head: Default, loss=1.4965, RMSE_MU_per_atom=0.00 mDebye, RMSE_MU_DERIV=0.00 mDebye / A, RMSE_ALPHA_per_atom=    0.03, RMSE_ALPHA_DERIV=    2.20
2025-07-12 18:03:14.384 INFO: Epoch 1068: head: Default, loss=1.4789, RMSE_MU_per_atom=0.00 mDebye, RMSE_MU_DERIV=0.00 mDebye / A, RMSE_ALPHA_per_atom=    0.03, RMSE_ALPHA_DERIV=    2.19
2025-07-12 18:03:58.019 INFO: Epoch 1069: head: Default, loss=1.4976, RMSE_MU_per_atom=0.00 mDebye, RMSE_MU_DERIV=0.00 mDebye / A, RMSE_ALPHA_per_atom=    0.03, RMSE_ALPHA_DERIV=    2.20
2025-07-12 18:04:41.664 INFO: Epoch 1070: head: Default, loss=1.4954, RMSE_MU_per_atom=0.00 mDebye, RMSE_MU_DERIV=0.00 mDebye / A, RMSE_ALPHA_per_atom=    0.03, RMSE_ALPHA_DERIV=    2.20
2025-07-12 18:05:25.296 INFO: Epoch 1071: head: Default, loss=1.4766, RMSE_MU_per_atom=0.00 mDebye, RMSE_MU_DERIV=0.00 mDebye / A, RMSE_ALPHA_per_atom=    0.03, RMSE_ALPHA_DERIV=    2.19
2025-07-12 18:06:08.919 INFO: Epoch 1072: head: Default, loss=1.4822, RMSE_MU_per_atom=0.00 mDebye, RMSE_MU_DERIV=0.00 mDebye / A, RMSE_ALPHA_per_atom=    0.03, RMSE_ALPHA_DERIV=    2.19
2025-07-12 18:06:52.554 INFO: Epoch 1073: head: Default, loss=1.4740, RMSE_MU_per_atom=0.00 mDebye, RMSE_MU_DERIV=0.00 mDebye / A, RMSE_ALPHA_per_atom=    0.03, RMSE_ALPHA_DERIV=    2.19
2025-07-12 18:07:36.205 INFO: Epoch 1074: head: Default, loss=1.5030, RMSE_MU_per_atom=0.00 mDebye, RMSE_MU_DERIV=0.00 mDebye / A, RMSE_ALPHA_per_atom=    0.03, RMSE_ALPHA_DERIV=    2.20
2025-07-12 18:08:19.828 INFO: Epoch 1075: head: Default, loss=1.4785, RMSE_MU_per_atom=0.00 mDebye, RMSE_MU_DERIV=0.00 mDebye / A, RMSE_ALPHA_per_atom=    0.03, RMSE_ALPHA_DERIV=    2.19
2025-07-12 18:09:03.451 INFO: Epoch 1076: head: Default, loss=1.4926, RMSE_MU_per_atom=0.00 mDebye, RMSE_MU_DERIV=0.00 mDebye / A, RMSE_ALPHA_per_atom=    0.03, RMSE_ALPHA_DERIV=    2.20
2025-07-12 18:09:47.087 INFO: Epoch 1077: head: Default, loss=1.4845, RMSE_MU_per_atom=0.00 mDebye, RMSE_MU_DERIV=0.00 mDebye / A, RMSE_ALPHA_per_atom=    0.03, RMSE_ALPHA_DERIV=    2.20
2025-07-12 18:10:30.736 INFO: Epoch 1078: head: Default, loss=1.4906, RMSE_MU_per_atom=0.00 mDebye, RMSE_MU_DERIV=0.00 mDebye / A, RMSE_ALPHA_per_atom=    0.03, RMSE_ALPHA_DERIV=    2.20
2025-07-12 18:11:14.372 INFO: Epoch 1079: head: Default, loss=1.4746, RMSE_MU_per_atom=0.00 mDebye, RMSE_MU_DERIV=0.00 mDebye / A, RMSE_ALPHA_per_atom=    0.03, RMSE_ALPHA_DERIV=    2.19
2025-07-12 18:11:57.990 INFO: Epoch 1080: head: Default, loss=1.4732, RMSE_MU_per_atom=0.00 mDebye, RMSE_MU_DERIV=0.00 mDebye / A, RMSE_ALPHA_per_atom=    0.03, RMSE_ALPHA_DERIV=    2.19
2025-07-12 18:12:41.620 INFO: Epoch 1081: head: Default, loss=1.4930, RMSE_MU_per_atom=0.00 mDebye, RMSE_MU_DERIV=0.00 mDebye / A, RMSE_ALPHA_per_atom=    0.03, RMSE_ALPHA_DERIV=    2.20
2025-07-12 18:13:25.261 INFO: Epoch 1082: head: Default, loss=1.4701, RMSE_MU_per_atom=0.00 mDebye, RMSE_MU_DERIV=0.00 mDebye / A, RMSE_ALPHA_per_atom=    0.03, RMSE_ALPHA_DERIV=    2.19
2025-07-12 18:14:08.892 INFO: Epoch 1083: head: Default, loss=1.5072, RMSE_MU_per_atom=0.00 mDebye, RMSE_MU_DERIV=0.00 mDebye / A, RMSE_ALPHA_per_atom=    0.03, RMSE_ALPHA_DERIV=    2.20
2025-07-12 18:14:52.523 INFO: Epoch 1084: head: Default, loss=1.4941, RMSE_MU_per_atom=0.00 mDebye, RMSE_MU_DERIV=0.00 mDebye / A, RMSE_ALPHA_per_atom=    0.03, RMSE_ALPHA_DERIV=    2.20
2025-07-12 18:15:36.156 INFO: Epoch 1085: head: Default, loss=1.5017, RMSE_MU_per_atom=0.00 mDebye, RMSE_MU_DERIV=0.00 mDebye / A, RMSE_ALPHA_per_atom=    0.03, RMSE_ALPHA_DERIV=    2.20
2025-07-12 18:16:19.788 INFO: Epoch 1086: head: Default, loss=1.4871, RMSE_MU_per_atom=0.00 mDebye, RMSE_MU_DERIV=0.00 mDebye / A, RMSE_ALPHA_per_atom=    0.03, RMSE_ALPHA_DERIV=    2.20
2025-07-12 18:17:03.412 INFO: Epoch 1087: head: Default, loss=1.4993, RMSE_MU_per_atom=0.00 mDebye, RMSE_MU_DERIV=0.00 mDebye / A, RMSE_ALPHA_per_atom=    0.03, RMSE_ALPHA_DERIV=    2.20
2025-07-12 18:17:47.051 INFO: Epoch 1088: head: Default, loss=1.4914, RMSE_MU_per_atom=0.00 mDebye, RMSE_MU_DERIV=0.00 mDebye / A, RMSE_ALPHA_per_atom=    0.03, RMSE_ALPHA_DERIV=    2.20
2025-07-12 18:18:30.681 INFO: Epoch 1089: head: Default, loss=1.4903, RMSE_MU_per_atom=0.00 mDebye, RMSE_MU_DERIV=0.00 mDebye / A, RMSE_ALPHA_per_atom=    0.03, RMSE_ALPHA_DERIV=    2.20
2025-07-12 18:19:14.310 INFO: Epoch 1090: head: Default, loss=1.4882, RMSE_MU_per_atom=0.00 mDebye, RMSE_MU_DERIV=0.00 mDebye / A, RMSE_ALPHA_per_atom=    0.03, RMSE_ALPHA_DERIV=    2.20
2025-07-12 18:19:57.955 INFO: Epoch 1091: head: Default, loss=1.4878, RMSE_MU_per_atom=0.00 mDebye, RMSE_MU_DERIV=0.00 mDebye / A, RMSE_ALPHA_per_atom=    0.03, RMSE_ALPHA_DERIV=    2.20
2025-07-12 18:20:41.591 INFO: Epoch 1092: head: Default, loss=1.4841, RMSE_MU_per_atom=0.00 mDebye, RMSE_MU_DERIV=0.00 mDebye / A, RMSE_ALPHA_per_atom=    0.03, RMSE_ALPHA_DERIV=    2.20
2025-07-12 18:21:25.217 INFO: Epoch 1093: head: Default, loss=1.4835, RMSE_MU_per_atom=0.00 mDebye, RMSE_MU_DERIV=0.00 mDebye / A, RMSE_ALPHA_per_atom=    0.03, RMSE_ALPHA_DERIV=    2.20
2025-07-12 18:22:08.851 INFO: Epoch 1094: head: Default, loss=1.4772, RMSE_MU_per_atom=0.00 mDebye, RMSE_MU_DERIV=0.00 mDebye / A, RMSE_ALPHA_per_atom=    0.03, RMSE_ALPHA_DERIV=    2.19
2025-07-12 18:22:52.485 INFO: Epoch 1095: head: Default, loss=1.4869, RMSE_MU_per_atom=0.00 mDebye, RMSE_MU_DERIV=0.00 mDebye / A, RMSE_ALPHA_per_atom=    0.03, RMSE_ALPHA_DERIV=    2.20
2025-07-12 18:23:36.121 INFO: Epoch 1096: head: Default, loss=1.4817, RMSE_MU_per_atom=0.00 mDebye, RMSE_MU_DERIV=0.00 mDebye / A, RMSE_ALPHA_per_atom=    0.03, RMSE_ALPHA_DERIV=    2.19
2025-07-12 18:24:19.749 INFO: Epoch 1097: head: Default, loss=1.4868, RMSE_MU_per_atom=0.00 mDebye, RMSE_MU_DERIV=0.00 mDebye / A, RMSE_ALPHA_per_atom=    0.03, RMSE_ALPHA_DERIV=    2.20
2025-07-12 18:25:03.376 INFO: Epoch 1098: head: Default, loss=1.4703, RMSE_MU_per_atom=0.00 mDebye, RMSE_MU_DERIV=0.00 mDebye / A, RMSE_ALPHA_per_atom=    0.03, RMSE_ALPHA_DERIV=    2.19
2025-07-12 18:25:47.019 INFO: Epoch 1099: head: Default, loss=1.4872, RMSE_MU_per_atom=0.00 mDebye, RMSE_MU_DERIV=0.00 mDebye / A, RMSE_ALPHA_per_atom=    0.03, RMSE_ALPHA_DERIV=    2.20
2025-07-12 18:26:30.653 INFO: Epoch 1100: head: Default, loss=1.4823, RMSE_MU_per_atom=0.00 mDebye, RMSE_MU_DERIV=0.00 mDebye / A, RMSE_ALPHA_per_atom=    0.03, RMSE_ALPHA_DERIV=    2.19
2025-07-12 18:27:14.277 INFO: Epoch 1101: head: Default, loss=1.4925, RMSE_MU_per_atom=0.00 mDebye, RMSE_MU_DERIV=0.00 mDebye / A, RMSE_ALPHA_per_atom=    0.03, RMSE_ALPHA_DERIV=    2.20
2025-07-12 18:27:57.902 INFO: Epoch 1102: head: Default, loss=1.4846, RMSE_MU_per_atom=0.00 mDebye, RMSE_MU_DERIV=0.00 mDebye / A, RMSE_ALPHA_per_atom=    0.03, RMSE_ALPHA_DERIV=    2.20
2025-07-12 18:28:41.533 INFO: Epoch 1103: head: Default, loss=1.4846, RMSE_MU_per_atom=0.00 mDebye, RMSE_MU_DERIV=0.00 mDebye / A, RMSE_ALPHA_per_atom=    0.03, RMSE_ALPHA_DERIV=    2.20
2025-07-12 18:29:25.156 INFO: Epoch 1104: head: Default, loss=1.4939, RMSE_MU_per_atom=0.00 mDebye, RMSE_MU_DERIV=0.00 mDebye / A, RMSE_ALPHA_per_atom=    0.03, RMSE_ALPHA_DERIV=    2.20
2025-07-12 18:30:08.779 INFO: Epoch 1105: head: Default, loss=1.4824, RMSE_MU_per_atom=0.00 mDebye, RMSE_MU_DERIV=0.00 mDebye / A, RMSE_ALPHA_per_atom=    0.03, RMSE_ALPHA_DERIV=    2.19
2025-07-12 18:30:52.409 INFO: Epoch 1106: head: Default, loss=1.4692, RMSE_MU_per_atom=0.00 mDebye, RMSE_MU_DERIV=0.00 mDebye / A, RMSE_ALPHA_per_atom=    0.03, RMSE_ALPHA_DERIV=    2.19
2025-07-12 18:31:36.048 INFO: Epoch 1107: head: Default, loss=1.4830, RMSE_MU_per_atom=0.00 mDebye, RMSE_MU_DERIV=0.00 mDebye / A, RMSE_ALPHA_per_atom=    0.03, RMSE_ALPHA_DERIV=    2.19
2025-07-12 18:32:19.678 INFO: Epoch 1108: head: Default, loss=1.4776, RMSE_MU_per_atom=0.00 mDebye, RMSE_MU_DERIV=0.00 mDebye / A, RMSE_ALPHA_per_atom=    0.03, RMSE_ALPHA_DERIV=    2.19
2025-07-12 18:33:03.309 INFO: Epoch 1109: head: Default, loss=1.4922, RMSE_MU_per_atom=0.00 mDebye, RMSE_MU_DERIV=0.00 mDebye / A, RMSE_ALPHA_per_atom=    0.03, RMSE_ALPHA_DERIV=    2.20
2025-07-12 18:33:46.939 INFO: Epoch 1110: head: Default, loss=1.4849, RMSE_MU_per_atom=0.00 mDebye, RMSE_MU_DERIV=0.00 mDebye / A, RMSE_ALPHA_per_atom=    0.03, RMSE_ALPHA_DERIV=    2.20
2025-07-12 18:34:30.557 INFO: Epoch 1111: head: Default, loss=1.4990, RMSE_MU_per_atom=0.00 mDebye, RMSE_MU_DERIV=0.00 mDebye / A, RMSE_ALPHA_per_atom=    0.03, RMSE_ALPHA_DERIV=    2.20
2025-07-12 18:35:14.182 INFO: Epoch 1112: head: Default, loss=1.4868, RMSE_MU_per_atom=0.00 mDebye, RMSE_MU_DERIV=0.00 mDebye / A, RMSE_ALPHA_per_atom=    0.03, RMSE_ALPHA_DERIV=    2.20
2025-07-12 18:35:57.815 INFO: Epoch 1113: head: Default, loss=1.4809, RMSE_MU_per_atom=0.00 mDebye, RMSE_MU_DERIV=0.00 mDebye / A, RMSE_ALPHA_per_atom=    0.03, RMSE_ALPHA_DERIV=    2.19
2025-07-12 18:36:41.437 INFO: Epoch 1114: head: Default, loss=1.5027, RMSE_MU_per_atom=0.00 mDebye, RMSE_MU_DERIV=0.00 mDebye / A, RMSE_ALPHA_per_atom=    0.04, RMSE_ALPHA_DERIV=    2.20
2025-07-12 18:37:25.091 INFO: Epoch 1115: head: Default, loss=1.4915, RMSE_MU_per_atom=0.00 mDebye, RMSE_MU_DERIV=0.00 mDebye / A, RMSE_ALPHA_per_atom=    0.03, RMSE_ALPHA_DERIV=    2.20
2025-07-12 18:38:08.725 INFO: Epoch 1116: head: Default, loss=1.4909, RMSE_MU_per_atom=0.00 mDebye, RMSE_MU_DERIV=0.00 mDebye / A, RMSE_ALPHA_per_atom=    0.03, RMSE_ALPHA_DERIV=    2.20
2025-07-12 18:38:52.352 INFO: Epoch 1117: head: Default, loss=1.4774, RMSE_MU_per_atom=0.00 mDebye, RMSE_MU_DERIV=0.00 mDebye / A, RMSE_ALPHA_per_atom=    0.03, RMSE_ALPHA_DERIV=    2.19
2025-07-12 18:39:35.982 INFO: Epoch 1118: head: Default, loss=1.4935, RMSE_MU_per_atom=0.00 mDebye, RMSE_MU_DERIV=0.00 mDebye / A, RMSE_ALPHA_per_atom=    0.03, RMSE_ALPHA_DERIV=    2.20
2025-07-12 18:40:19.606 INFO: Epoch 1119: head: Default, loss=1.4942, RMSE_MU_per_atom=0.00 mDebye, RMSE_MU_DERIV=0.00 mDebye / A, RMSE_ALPHA_per_atom=    0.03, RMSE_ALPHA_DERIV=    2.20
2025-07-12 18:41:03.230 INFO: Epoch 1120: head: Default, loss=1.4807, RMSE_MU_per_atom=0.00 mDebye, RMSE_MU_DERIV=0.00 mDebye / A, RMSE_ALPHA_per_atom=    0.03, RMSE_ALPHA_DERIV=    2.19
2025-07-12 18:41:46.865 INFO: Epoch 1121: head: Default, loss=1.4876, RMSE_MU_per_atom=0.00 mDebye, RMSE_MU_DERIV=0.00 mDebye / A, RMSE_ALPHA_per_atom=    0.03, RMSE_ALPHA_DERIV=    2.20
2025-07-12 18:42:30.489 INFO: Epoch 1122: head: Default, loss=1.4831, RMSE_MU_per_atom=0.00 mDebye, RMSE_MU_DERIV=0.00 mDebye / A, RMSE_ALPHA_per_atom=    0.03, RMSE_ALPHA_DERIV=    2.20
2025-07-12 18:43:14.125 INFO: Epoch 1123: head: Default, loss=1.4967, RMSE_MU_per_atom=0.00 mDebye, RMSE_MU_DERIV=0.00 mDebye / A, RMSE_ALPHA_per_atom=    0.03, RMSE_ALPHA_DERIV=    2.20
2025-07-12 18:43:57.748 INFO: Epoch 1124: head: Default, loss=1.4803, RMSE_MU_per_atom=0.00 mDebye, RMSE_MU_DERIV=0.00 mDebye / A, RMSE_ALPHA_per_atom=    0.03, RMSE_ALPHA_DERIV=    2.19
2025-07-12 18:44:41.373 INFO: Epoch 1125: head: Default, loss=1.4881, RMSE_MU_per_atom=0.00 mDebye, RMSE_MU_DERIV=0.00 mDebye / A, RMSE_ALPHA_per_atom=    0.03, RMSE_ALPHA_DERIV=    2.20
2025-07-12 18:45:25.009 INFO: Epoch 1126: head: Default, loss=1.4837, RMSE_MU_per_atom=0.00 mDebye, RMSE_MU_DERIV=0.00 mDebye / A, RMSE_ALPHA_per_atom=    0.03, RMSE_ALPHA_DERIV=    2.20
2025-07-12 18:46:08.622 INFO: Epoch 1127: head: Default, loss=1.4805, RMSE_MU_per_atom=0.00 mDebye, RMSE_MU_DERIV=0.00 mDebye / A, RMSE_ALPHA_per_atom=    0.03, RMSE_ALPHA_DERIV=    2.19
2025-07-12 18:46:52.259 INFO: Epoch 1128: head: Default, loss=1.4931, RMSE_MU_per_atom=0.00 mDebye, RMSE_MU_DERIV=0.00 mDebye / A, RMSE_ALPHA_per_atom=    0.03, RMSE_ALPHA_DERIV=    2.20
2025-07-12 18:47:35.880 INFO: Epoch 1129: head: Default, loss=1.4851, RMSE_MU_per_atom=0.00 mDebye, RMSE_MU_DERIV=0.00 mDebye / A, RMSE_ALPHA_per_atom=    0.03, RMSE_ALPHA_DERIV=    2.20
2025-07-12 18:48:19.517 INFO: Epoch 1130: head: Default, loss=1.4836, RMSE_MU_per_atom=0.00 mDebye, RMSE_MU_DERIV=0.00 mDebye / A, RMSE_ALPHA_per_atom=    0.03, RMSE_ALPHA_DERIV=    2.19
2025-07-12 18:49:03.149 INFO: Epoch 1131: head: Default, loss=1.4997, RMSE_MU_per_atom=0.00 mDebye, RMSE_MU_DERIV=0.00 mDebye / A, RMSE_ALPHA_per_atom=    0.03, RMSE_ALPHA_DERIV=    2.20
2025-07-12 18:49:46.767 INFO: Epoch 1132: head: Default, loss=1.4805, RMSE_MU_per_atom=0.00 mDebye, RMSE_MU_DERIV=0.00 mDebye / A, RMSE_ALPHA_per_atom=    0.03, RMSE_ALPHA_DERIV=    2.19
2025-07-12 18:50:30.404 INFO: Epoch 1133: head: Default, loss=1.4857, RMSE_MU_per_atom=0.00 mDebye, RMSE_MU_DERIV=0.00 mDebye / A, RMSE_ALPHA_per_atom=    0.03, RMSE_ALPHA_DERIV=    2.20
2025-07-12 18:51:14.044 INFO: Epoch 1134: head: Default, loss=1.4942, RMSE_MU_per_atom=0.00 mDebye, RMSE_MU_DERIV=0.00 mDebye / A, RMSE_ALPHA_per_atom=    0.03, RMSE_ALPHA_DERIV=    2.20
2025-07-12 18:51:57.670 INFO: Epoch 1135: head: Default, loss=1.4814, RMSE_MU_per_atom=0.00 mDebye, RMSE_MU_DERIV=0.00 mDebye / A, RMSE_ALPHA_per_atom=    0.03, RMSE_ALPHA_DERIV=    2.19
2025-07-12 18:52:41.287 INFO: Epoch 1136: head: Default, loss=1.4901, RMSE_MU_per_atom=0.00 mDebye, RMSE_MU_DERIV=0.00 mDebye / A, RMSE_ALPHA_per_atom=    0.03, RMSE_ALPHA_DERIV=    2.20
2025-07-12 18:53:24.927 INFO: Epoch 1137: head: Default, loss=1.4990, RMSE_MU_per_atom=0.00 mDebye, RMSE_MU_DERIV=0.00 mDebye / A, RMSE_ALPHA_per_atom=    0.03, RMSE_ALPHA_DERIV=    2.20
2025-07-12 18:54:08.554 INFO: Epoch 1138: head: Default, loss=1.4834, RMSE_MU_per_atom=0.00 mDebye, RMSE_MU_DERIV=0.00 mDebye / A, RMSE_ALPHA_per_atom=    0.03, RMSE_ALPHA_DERIV=    2.19
2025-07-12 18:54:52.175 INFO: Epoch 1139: head: Default, loss=1.4848, RMSE_MU_per_atom=0.00 mDebye, RMSE_MU_DERIV=0.00 mDebye / A, RMSE_ALPHA_per_atom=    0.03, RMSE_ALPHA_DERIV=    2.20
2025-07-12 18:55:35.799 INFO: Epoch 1140: head: Default, loss=1.4766, RMSE_MU_per_atom=0.00 mDebye, RMSE_MU_DERIV=0.00 mDebye / A, RMSE_ALPHA_per_atom=    0.03, RMSE_ALPHA_DERIV=    2.19
2025-07-12 18:56:19.433 INFO: Epoch 1141: head: Default, loss=1.4890, RMSE_MU_per_atom=0.00 mDebye, RMSE_MU_DERIV=0.00 mDebye / A, RMSE_ALPHA_per_atom=    0.03, RMSE_ALPHA_DERIV=    2.20
2025-07-12 18:57:03.070 INFO: Epoch 1142: head: Default, loss=1.4875, RMSE_MU_per_atom=0.00 mDebye, RMSE_MU_DERIV=0.00 mDebye / A, RMSE_ALPHA_per_atom=    0.03, RMSE_ALPHA_DERIV=    2.20
2025-07-12 18:57:46.704 INFO: Epoch 1143: head: Default, loss=1.4882, RMSE_MU_per_atom=0.00 mDebye, RMSE_MU_DERIV=0.00 mDebye / A, RMSE_ALPHA_per_atom=    0.03, RMSE_ALPHA_DERIV=    2.20
2025-07-12 18:58:30.326 INFO: Epoch 1144: head: Default, loss=1.4837, RMSE_MU_per_atom=0.00 mDebye, RMSE_MU_DERIV=0.00 mDebye / A, RMSE_ALPHA_per_atom=    0.03, RMSE_ALPHA_DERIV=    2.19
2025-07-12 18:59:13.954 INFO: Epoch 1145: head: Default, loss=1.4791, RMSE_MU_per_atom=0.00 mDebye, RMSE_MU_DERIV=0.00 mDebye / A, RMSE_ALPHA_per_atom=    0.03, RMSE_ALPHA_DERIV=    2.19
2025-07-12 18:59:57.587 INFO: Epoch 1146: head: Default, loss=1.4801, RMSE_MU_per_atom=0.00 mDebye, RMSE_MU_DERIV=0.00 mDebye / A, RMSE_ALPHA_per_atom=    0.03, RMSE_ALPHA_DERIV=    2.19
2025-07-12 19:00:41.211 INFO: Epoch 1147: head: Default, loss=1.4981, RMSE_MU_per_atom=0.00 mDebye, RMSE_MU_DERIV=0.00 mDebye / A, RMSE_ALPHA_per_atom=    0.03, RMSE_ALPHA_DERIV=    2.20
2025-07-12 19:01:24.831 INFO: Epoch 1148: head: Default, loss=1.4802, RMSE_MU_per_atom=0.00 mDebye, RMSE_MU_DERIV=0.00 mDebye / A, RMSE_ALPHA_per_atom=    0.03, RMSE_ALPHA_DERIV=    2.19
2025-07-12 19:02:08.467 INFO: Epoch 1149: head: Default, loss=1.4827, RMSE_MU_per_atom=0.00 mDebye, RMSE_MU_DERIV=0.00 mDebye / A, RMSE_ALPHA_per_atom=    0.03, RMSE_ALPHA_DERIV=    2.19
2025-07-12 19:02:52.095 INFO: Epoch 1150: head: Default, loss=1.5013, RMSE_MU_per_atom=0.00 mDebye, RMSE_MU_DERIV=0.00 mDebye / A, RMSE_ALPHA_per_atom=    0.04, RMSE_ALPHA_DERIV=    2.20
2025-07-12 19:03:35.709 INFO: Epoch 1151: head: Default, loss=1.4827, RMSE_MU_per_atom=0.00 mDebye, RMSE_MU_DERIV=0.00 mDebye / A, RMSE_ALPHA_per_atom=    0.03, RMSE_ALPHA_DERIV=    2.19
2025-07-12 19:04:19.344 INFO: Epoch 1152: head: Default, loss=1.4828, RMSE_MU_per_atom=0.00 mDebye, RMSE_MU_DERIV=0.00 mDebye / A, RMSE_ALPHA_per_atom=    0.03, RMSE_ALPHA_DERIV=    2.20
2025-07-12 19:05:02.982 INFO: Epoch 1153: head: Default, loss=1.4940, RMSE_MU_per_atom=0.00 mDebye, RMSE_MU_DERIV=0.00 mDebye / A, RMSE_ALPHA_per_atom=    0.03, RMSE_ALPHA_DERIV=    2.20
2025-07-12 19:05:46.621 INFO: Epoch 1154: head: Default, loss=1.4788, RMSE_MU_per_atom=0.00 mDebye, RMSE_MU_DERIV=0.00 mDebye / A, RMSE_ALPHA_per_atom=    0.03, RMSE_ALPHA_DERIV=    2.19
2025-07-12 19:06:30.254 INFO: Epoch 1155: head: Default, loss=1.4919, RMSE_MU_per_atom=0.00 mDebye, RMSE_MU_DERIV=0.00 mDebye / A, RMSE_ALPHA_per_atom=    0.03, RMSE_ALPHA_DERIV=    2.20
2025-07-12 19:07:13.873 INFO: Epoch 1156: head: Default, loss=1.4895, RMSE_MU_per_atom=0.00 mDebye, RMSE_MU_DERIV=0.00 mDebye / A, RMSE_ALPHA_per_atom=    0.03, RMSE_ALPHA_DERIV=    2.20
2025-07-12 19:07:57.494 INFO: Epoch 1157: head: Default, loss=1.4814, RMSE_MU_per_atom=0.00 mDebye, RMSE_MU_DERIV=0.00 mDebye / A, RMSE_ALPHA_per_atom=    0.03, RMSE_ALPHA_DERIV=    2.19
2025-07-12 19:08:41.116 INFO: Epoch 1158: head: Default, loss=1.4889, RMSE_MU_per_atom=0.00 mDebye, RMSE_MU_DERIV=0.00 mDebye / A, RMSE_ALPHA_per_atom=    0.03, RMSE_ALPHA_DERIV=    2.20
2025-07-12 19:09:24.751 INFO: Epoch 1159: head: Default, loss=1.4864, RMSE_MU_per_atom=0.00 mDebye, RMSE_MU_DERIV=0.00 mDebye / A, RMSE_ALPHA_per_atom=    0.03, RMSE_ALPHA_DERIV=    2.20
2025-07-12 19:10:08.383 INFO: Epoch 1160: head: Default, loss=1.4922, RMSE_MU_per_atom=0.00 mDebye, RMSE_MU_DERIV=0.00 mDebye / A, RMSE_ALPHA_per_atom=    0.03, RMSE_ALPHA_DERIV=    2.20
2025-07-12 19:10:52.020 INFO: Epoch 1161: head: Default, loss=1.4826, RMSE_MU_per_atom=0.00 mDebye, RMSE_MU_DERIV=0.00 mDebye / A, RMSE_ALPHA_per_atom=    0.03, RMSE_ALPHA_DERIV=    2.19
2025-07-12 19:11:35.639 INFO: Epoch 1162: head: Default, loss=1.4860, RMSE_MU_per_atom=0.00 mDebye, RMSE_MU_DERIV=0.00 mDebye / A, RMSE_ALPHA_per_atom=    0.03, RMSE_ALPHA_DERIV=    2.20
2025-07-12 19:12:19.268 INFO: Epoch 1163: head: Default, loss=1.4861, RMSE_MU_per_atom=0.00 mDebye, RMSE_MU_DERIV=0.00 mDebye / A, RMSE_ALPHA_per_atom=    0.03, RMSE_ALPHA_DERIV=    2.20
2025-07-12 19:13:02.892 INFO: Epoch 1164: head: Default, loss=1.4939, RMSE_MU_per_atom=0.00 mDebye, RMSE_MU_DERIV=0.00 mDebye / A, RMSE_ALPHA_per_atom=    0.03, RMSE_ALPHA_DERIV=    2.20
2025-07-12 19:13:46.512 INFO: Epoch 1165: head: Default, loss=1.4850, RMSE_MU_per_atom=0.00 mDebye, RMSE_MU_DERIV=0.00 mDebye / A, RMSE_ALPHA_per_atom=    0.03, RMSE_ALPHA_DERIV=    2.20
2025-07-12 19:14:30.152 INFO: Epoch 1166: head: Default, loss=1.4915, RMSE_MU_per_atom=0.00 mDebye, RMSE_MU_DERIV=0.00 mDebye / A, RMSE_ALPHA_per_atom=    0.03, RMSE_ALPHA_DERIV=    2.20
2025-07-12 19:15:13.771 INFO: Epoch 1167: head: Default, loss=1.4761, RMSE_MU_per_atom=0.00 mDebye, RMSE_MU_DERIV=0.00 mDebye / A, RMSE_ALPHA_per_atom=    0.03, RMSE_ALPHA_DERIV=    2.19
2025-07-12 19:15:57.406 INFO: Epoch 1168: head: Default, loss=1.4937, RMSE_MU_per_atom=0.00 mDebye, RMSE_MU_DERIV=0.00 mDebye / A, RMSE_ALPHA_per_atom=    0.03, RMSE_ALPHA_DERIV=    2.20
2025-07-12 19:16:41.048 INFO: Epoch 1169: head: Default, loss=1.4837, RMSE_MU_per_atom=0.00 mDebye, RMSE_MU_DERIV=0.00 mDebye / A, RMSE_ALPHA_per_atom=    0.03, RMSE_ALPHA_DERIV=    2.20
2025-07-12 19:17:24.668 INFO: Epoch 1170: head: Default, loss=1.4910, RMSE_MU_per_atom=0.00 mDebye, RMSE_MU_DERIV=0.00 mDebye / A, RMSE_ALPHA_per_atom=    0.03, RMSE_ALPHA_DERIV=    2.20
2025-07-12 19:18:08.307 INFO: Epoch 1171: head: Default, loss=1.4870, RMSE_MU_per_atom=0.00 mDebye, RMSE_MU_DERIV=0.00 mDebye / A, RMSE_ALPHA_per_atom=    0.03, RMSE_ALPHA_DERIV=    2.20
2025-07-12 19:18:51.940 INFO: Epoch 1172: head: Default, loss=1.4838, RMSE_MU_per_atom=0.00 mDebye, RMSE_MU_DERIV=0.00 mDebye / A, RMSE_ALPHA_per_atom=    0.03, RMSE_ALPHA_DERIV=    2.20
2025-07-12 19:19:35.557 INFO: Epoch 1173: head: Default, loss=1.4940, RMSE_MU_per_atom=0.00 mDebye, RMSE_MU_DERIV=0.00 mDebye / A, RMSE_ALPHA_per_atom=    0.03, RMSE_ALPHA_DERIV=    2.20
2025-07-12 19:20:19.183 INFO: Epoch 1174: head: Default, loss=1.4808, RMSE_MU_per_atom=0.00 mDebye, RMSE_MU_DERIV=0.00 mDebye / A, RMSE_ALPHA_per_atom=    0.03, RMSE_ALPHA_DERIV=    2.19
2025-07-12 19:21:02.809 INFO: Epoch 1175: head: Default, loss=1.4855, RMSE_MU_per_atom=0.00 mDebye, RMSE_MU_DERIV=0.00 mDebye / A, RMSE_ALPHA_per_atom=    0.03, RMSE_ALPHA_DERIV=    2.19
2025-07-12 19:21:46.439 INFO: Epoch 1176: head: Default, loss=1.4847, RMSE_MU_per_atom=0.00 mDebye, RMSE_MU_DERIV=0.00 mDebye / A, RMSE_ALPHA_per_atom=    0.03, RMSE_ALPHA_DERIV=    2.20
2025-07-12 19:22:30.060 INFO: Epoch 1177: head: Default, loss=1.4886, RMSE_MU_per_atom=0.00 mDebye, RMSE_MU_DERIV=0.00 mDebye / A, RMSE_ALPHA_per_atom=    0.03, RMSE_ALPHA_DERIV=    2.20
2025-07-12 19:23:13.682 INFO: Epoch 1178: head: Default, loss=1.4845, RMSE_MU_per_atom=0.00 mDebye, RMSE_MU_DERIV=0.00 mDebye / A, RMSE_ALPHA_per_atom=    0.03, RMSE_ALPHA_DERIV=    2.19
2025-07-12 19:23:57.304 INFO: Epoch 1179: head: Default, loss=1.4867, RMSE_MU_per_atom=0.00 mDebye, RMSE_MU_DERIV=0.00 mDebye / A, RMSE_ALPHA_per_atom=    0.03, RMSE_ALPHA_DERIV=    2.20
2025-07-12 19:24:40.932 INFO: Epoch 1180: head: Default, loss=1.4964, RMSE_MU_per_atom=0.00 mDebye, RMSE_MU_DERIV=0.00 mDebye / A, RMSE_ALPHA_per_atom=    0.03, RMSE_ALPHA_DERIV=    2.20
2025-07-12 19:25:24.561 INFO: Epoch 1181: head: Default, loss=1.4872, RMSE_MU_per_atom=0.00 mDebye, RMSE_MU_DERIV=0.00 mDebye / A, RMSE_ALPHA_per_atom=    0.03, RMSE_ALPHA_DERIV=    2.20
2025-07-12 19:26:08.195 INFO: Epoch 1182: head: Default, loss=1.4851, RMSE_MU_per_atom=0.00 mDebye, RMSE_MU_DERIV=0.00 mDebye / A, RMSE_ALPHA_per_atom=    0.03, RMSE_ALPHA_DERIV=    2.20
2025-07-12 19:26:51.828 INFO: Epoch 1183: head: Default, loss=1.4865, RMSE_MU_per_atom=0.00 mDebye, RMSE_MU_DERIV=0.00 mDebye / A, RMSE_ALPHA_per_atom=    0.03, RMSE_ALPHA_DERIV=    2.20
2025-07-12 19:27:35.438 INFO: Epoch 1184: head: Default, loss=1.4840, RMSE_MU_per_atom=0.00 mDebye, RMSE_MU_DERIV=0.00 mDebye / A, RMSE_ALPHA_per_atom=    0.03, RMSE_ALPHA_DERIV=    2.20
2025-07-12 19:28:19.064 INFO: Epoch 1185: head: Default, loss=1.4954, RMSE_MU_per_atom=0.00 mDebye, RMSE_MU_DERIV=0.00 mDebye / A, RMSE_ALPHA_per_atom=    0.03, RMSE_ALPHA_DERIV=    2.20
2025-07-12 19:29:02.709 INFO: Epoch 1186: head: Default, loss=1.4859, RMSE_MU_per_atom=0.00 mDebye, RMSE_MU_DERIV=0.00 mDebye / A, RMSE_ALPHA_per_atom=    0.03, RMSE_ALPHA_DERIV=    2.20
2025-07-12 19:29:46.349 INFO: Epoch 1187: head: Default, loss=1.4869, RMSE_MU_per_atom=0.00 mDebye, RMSE_MU_DERIV=0.00 mDebye / A, RMSE_ALPHA_per_atom=    0.03, RMSE_ALPHA_DERIV=    2.20
2025-07-12 19:30:29.995 INFO: Epoch 1188: head: Default, loss=1.4781, RMSE_MU_per_atom=0.00 mDebye, RMSE_MU_DERIV=0.00 mDebye / A, RMSE_ALPHA_per_atom=    0.03, RMSE_ALPHA_DERIV=    2.19
2025-07-12 19:31:13.626 INFO: Epoch 1189: head: Default, loss=1.4898, RMSE_MU_per_atom=0.00 mDebye, RMSE_MU_DERIV=0.00 mDebye / A, RMSE_ALPHA_per_atom=    0.03, RMSE_ALPHA_DERIV=    2.20
2025-07-12 19:31:57.264 INFO: Epoch 1190: head: Default, loss=1.4855, RMSE_MU_per_atom=0.00 mDebye, RMSE_MU_DERIV=0.00 mDebye / A, RMSE_ALPHA_per_atom=    0.03, RMSE_ALPHA_DERIV=    2.20
2025-07-12 19:32:40.895 INFO: Epoch 1191: head: Default, loss=1.4864, RMSE_MU_per_atom=0.00 mDebye, RMSE_MU_DERIV=0.00 mDebye / A, RMSE_ALPHA_per_atom=    0.03, RMSE_ALPHA_DERIV=    2.20
2025-07-12 19:33:24.540 INFO: Epoch 1192: head: Default, loss=1.4844, RMSE_MU_per_atom=0.00 mDebye, RMSE_MU_DERIV=0.00 mDebye / A, RMSE_ALPHA_per_atom=    0.03, RMSE_ALPHA_DERIV=    2.20
2025-07-12 19:34:08.177 INFO: Epoch 1193: head: Default, loss=1.4804, RMSE_MU_per_atom=0.00 mDebye, RMSE_MU_DERIV=0.00 mDebye / A, RMSE_ALPHA_per_atom=    0.03, RMSE_ALPHA_DERIV=    2.19
2025-07-12 19:34:51.816 INFO: Epoch 1194: head: Default, loss=1.4784, RMSE_MU_per_atom=0.00 mDebye, RMSE_MU_DERIV=0.00 mDebye / A, RMSE_ALPHA_per_atom=    0.03, RMSE_ALPHA_DERIV=    2.19
2025-07-12 19:35:35.465 INFO: Epoch 1195: head: Default, loss=1.4888, RMSE_MU_per_atom=0.00 mDebye, RMSE_MU_DERIV=0.00 mDebye / A, RMSE_ALPHA_per_atom=    0.03, RMSE_ALPHA_DERIV=    2.20
2025-07-12 19:36:19.108 INFO: Epoch 1196: head: Default, loss=1.4845, RMSE_MU_per_atom=0.00 mDebye, RMSE_MU_DERIV=0.00 mDebye / A, RMSE_ALPHA_per_atom=    0.03, RMSE_ALPHA_DERIV=    2.20
2025-07-12 19:37:02.744 INFO: Epoch 1197: head: Default, loss=1.4887, RMSE_MU_per_atom=0.00 mDebye, RMSE_MU_DERIV=0.00 mDebye / A, RMSE_ALPHA_per_atom=    0.03, RMSE_ALPHA_DERIV=    2.20
2025-07-12 19:37:46.360 INFO: Epoch 1198: head: Default, loss=1.4873, RMSE_MU_per_atom=0.00 mDebye, RMSE_MU_DERIV=0.00 mDebye / A, RMSE_ALPHA_per_atom=    0.03, RMSE_ALPHA_DERIV=    2.20
2025-07-12 19:38:29.998 INFO: Epoch 1199: head: Default, loss=1.4862, RMSE_MU_per_atom=0.00 mDebye, RMSE_MU_DERIV=0.00 mDebye / A, RMSE_ALPHA_per_atom=    0.03, RMSE_ALPHA_DERIV=    2.20
2025-07-12 19:39:13.630 INFO: Epoch 1200: head: Default, loss=1.4843, RMSE_MU_per_atom=0.00 mDebye, RMSE_MU_DERIV=0.00 mDebye / A, RMSE_ALPHA_per_atom=    0.03, RMSE_ALPHA_DERIV=    2.19
2025-07-12 19:39:57.266 INFO: Epoch 1201: head: Default, loss=1.4958, RMSE_MU_per_atom=0.00 mDebye, RMSE_MU_DERIV=0.00 mDebye / A, RMSE_ALPHA_per_atom=    0.03, RMSE_ALPHA_DERIV=    2.20
2025-07-12 19:40:40.914 INFO: Epoch 1202: head: Default, loss=1.4770, RMSE_MU_per_atom=0.00 mDebye, RMSE_MU_DERIV=0.00 mDebye / A, RMSE_ALPHA_per_atom=    0.03, RMSE_ALPHA_DERIV=    2.19
2025-07-12 19:41:24.558 INFO: Epoch 1203: head: Default, loss=1.4828, RMSE_MU_per_atom=0.00 mDebye, RMSE_MU_DERIV=0.00 mDebye / A, RMSE_ALPHA_per_atom=    0.03, RMSE_ALPHA_DERIV=    2.19
2025-07-12 19:42:08.204 INFO: Epoch 1204: head: Default, loss=1.4823, RMSE_MU_per_atom=0.00 mDebye, RMSE_MU_DERIV=0.00 mDebye / A, RMSE_ALPHA_per_atom=    0.03, RMSE_ALPHA_DERIV=    2.19
2025-07-12 19:42:51.846 INFO: Epoch 1205: head: Default, loss=1.4816, RMSE_MU_per_atom=0.00 mDebye, RMSE_MU_DERIV=0.00 mDebye / A, RMSE_ALPHA_per_atom=    0.03, RMSE_ALPHA_DERIV=    2.19
2025-07-12 19:43:35.467 INFO: Epoch 1206: head: Default, loss=1.4926, RMSE_MU_per_atom=0.00 mDebye, RMSE_MU_DERIV=0.00 mDebye / A, RMSE_ALPHA_per_atom=    0.03, RMSE_ALPHA_DERIV=    2.20
2025-07-12 19:44:19.084 INFO: Epoch 1207: head: Default, loss=1.4827, RMSE_MU_per_atom=0.00 mDebye, RMSE_MU_DERIV=0.00 mDebye / A, RMSE_ALPHA_per_atom=    0.03, RMSE_ALPHA_DERIV=    2.19
2025-07-12 19:45:02.728 INFO: Epoch 1208: head: Default, loss=1.4906, RMSE_MU_per_atom=0.00 mDebye, RMSE_MU_DERIV=0.00 mDebye / A, RMSE_ALPHA_per_atom=    0.03, RMSE_ALPHA_DERIV=    2.20
2025-07-12 19:45:46.374 INFO: Epoch 1209: head: Default, loss=1.4975, RMSE_MU_per_atom=0.00 mDebye, RMSE_MU_DERIV=0.00 mDebye / A, RMSE_ALPHA_per_atom=    0.03, RMSE_ALPHA_DERIV=    2.20
2025-07-12 19:46:30.002 INFO: Epoch 1210: head: Default, loss=1.4867, RMSE_MU_per_atom=0.00 mDebye, RMSE_MU_DERIV=0.00 mDebye / A, RMSE_ALPHA_per_atom=    0.03, RMSE_ALPHA_DERIV=    2.20
2025-07-12 19:47:13.622 INFO: Epoch 1211: head: Default, loss=1.4908, RMSE_MU_per_atom=0.00 mDebye, RMSE_MU_DERIV=0.00 mDebye / A, RMSE_ALPHA_per_atom=    0.03, RMSE_ALPHA_DERIV=    2.20
2025-07-12 19:47:57.252 INFO: Epoch 1212: head: Default, loss=1.4840, RMSE_MU_per_atom=0.00 mDebye, RMSE_MU_DERIV=0.00 mDebye / A, RMSE_ALPHA_per_atom=    0.03, RMSE_ALPHA_DERIV=    2.20
2025-07-12 19:48:40.868 INFO: Epoch 1213: head: Default, loss=1.4844, RMSE_MU_per_atom=0.00 mDebye, RMSE_MU_DERIV=0.00 mDebye / A, RMSE_ALPHA_per_atom=    0.03, RMSE_ALPHA_DERIV=    2.19
2025-07-12 19:49:24.514 INFO: Epoch 1214: head: Default, loss=1.4748, RMSE_MU_per_atom=0.00 mDebye, RMSE_MU_DERIV=0.00 mDebye / A, RMSE_ALPHA_per_atom=    0.03, RMSE_ALPHA_DERIV=    2.19
2025-07-12 19:50:08.150 INFO: Epoch 1215: head: Default, loss=1.4836, RMSE_MU_per_atom=0.00 mDebye, RMSE_MU_DERIV=0.00 mDebye / A, RMSE_ALPHA_per_atom=    0.03, RMSE_ALPHA_DERIV=    2.20
2025-07-12 19:50:51.779 INFO: Epoch 1216: head: Default, loss=1.4857, RMSE_MU_per_atom=0.00 mDebye, RMSE_MU_DERIV=0.00 mDebye / A, RMSE_ALPHA_per_atom=    0.03, RMSE_ALPHA_DERIV=    2.20
2025-07-12 19:51:35.432 INFO: Epoch 1217: head: Default, loss=1.4930, RMSE_MU_per_atom=0.00 mDebye, RMSE_MU_DERIV=0.00 mDebye / A, RMSE_ALPHA_per_atom=    0.03, RMSE_ALPHA_DERIV=    2.20
2025-07-12 19:52:19.064 INFO: Epoch 1218: head: Default, loss=1.4834, RMSE_MU_per_atom=0.00 mDebye, RMSE_MU_DERIV=0.00 mDebye / A, RMSE_ALPHA_per_atom=    0.03, RMSE_ALPHA_DERIV=    2.19
2025-07-12 19:53:02.697 INFO: Epoch 1219: head: Default, loss=1.4876, RMSE_MU_per_atom=0.00 mDebye, RMSE_MU_DERIV=0.00 mDebye / A, RMSE_ALPHA_per_atom=    0.03, RMSE_ALPHA_DERIV=    2.20
2025-07-12 19:53:46.323 INFO: Epoch 1220: head: Default, loss=1.4946, RMSE_MU_per_atom=0.00 mDebye, RMSE_MU_DERIV=0.00 mDebye / A, RMSE_ALPHA_per_atom=    0.03, RMSE_ALPHA_DERIV=    2.20
2025-07-12 19:54:29.959 INFO: Epoch 1221: head: Default, loss=1.4830, RMSE_MU_per_atom=0.00 mDebye, RMSE_MU_DERIV=0.00 mDebye / A, RMSE_ALPHA_per_atom=    0.03, RMSE_ALPHA_DERIV=    2.19
2025-07-12 19:55:13.590 INFO: Epoch 1222: head: Default, loss=1.4872, RMSE_MU_per_atom=0.00 mDebye, RMSE_MU_DERIV=0.00 mDebye / A, RMSE_ALPHA_per_atom=    0.03, RMSE_ALPHA_DERIV=    2.20
2025-07-12 19:55:57.228 INFO: Epoch 1223: head: Default, loss=1.4828, RMSE_MU_per_atom=0.00 mDebye, RMSE_MU_DERIV=0.00 mDebye / A, RMSE_ALPHA_per_atom=    0.03, RMSE_ALPHA_DERIV=    2.19
2025-07-12 19:56:40.855 INFO: Epoch 1224: head: Default, loss=1.4857, RMSE_MU_per_atom=0.00 mDebye, RMSE_MU_DERIV=0.00 mDebye / A, RMSE_ALPHA_per_atom=    0.03, RMSE_ALPHA_DERIV=    2.20
2025-07-12 19:57:24.501 INFO: Epoch 1225: head: Default, loss=1.4809, RMSE_MU_per_atom=0.00 mDebye, RMSE_MU_DERIV=0.00 mDebye / A, RMSE_ALPHA_per_atom=    0.03, RMSE_ALPHA_DERIV=    2.19
2025-07-12 19:58:08.157 INFO: Epoch 1226: head: Default, loss=1.4920, RMSE_MU_per_atom=0.00 mDebye, RMSE_MU_DERIV=0.00 mDebye / A, RMSE_ALPHA_per_atom=    0.03, RMSE_ALPHA_DERIV=    2.20
2025-07-12 19:58:51.785 INFO: Epoch 1227: head: Default, loss=1.4863, RMSE_MU_per_atom=0.00 mDebye, RMSE_MU_DERIV=0.00 mDebye / A, RMSE_ALPHA_per_atom=    0.03, RMSE_ALPHA_DERIV=    2.20
2025-07-12 19:59:35.412 INFO: Epoch 1228: head: Default, loss=1.4887, RMSE_MU_per_atom=0.00 mDebye, RMSE_MU_DERIV=0.00 mDebye / A, RMSE_ALPHA_per_atom=    0.03, RMSE_ALPHA_DERIV=    2.20
2025-07-12 20:00:19.047 INFO: Epoch 1229: head: Default, loss=1.4810, RMSE_MU_per_atom=0.00 mDebye, RMSE_MU_DERIV=0.00 mDebye / A, RMSE_ALPHA_per_atom=    0.03, RMSE_ALPHA_DERIV=    2.19
2025-07-12 20:01:02.666 INFO: Epoch 1230: head: Default, loss=1.4822, RMSE_MU_per_atom=0.00 mDebye, RMSE_MU_DERIV=0.00 mDebye / A, RMSE_ALPHA_per_atom=    0.03, RMSE_ALPHA_DERIV=    2.19
2025-07-12 20:01:46.305 INFO: Epoch 1231: head: Default, loss=1.4814, RMSE_MU_per_atom=0.00 mDebye, RMSE_MU_DERIV=0.00 mDebye / A, RMSE_ALPHA_per_atom=    0.03, RMSE_ALPHA_DERIV=    2.19
2025-07-12 20:02:29.928 INFO: Epoch 1232: head: Default, loss=1.4975, RMSE_MU_per_atom=0.00 mDebye, RMSE_MU_DERIV=0.00 mDebye / A, RMSE_ALPHA_per_atom=    0.04, RMSE_ALPHA_DERIV=    2.20
2025-07-12 20:03:13.568 INFO: Epoch 1233: head: Default, loss=1.4924, RMSE_MU_per_atom=0.00 mDebye, RMSE_MU_DERIV=0.00 mDebye / A, RMSE_ALPHA_per_atom=    0.03, RMSE_ALPHA_DERIV=    2.20
2025-07-12 20:03:57.201 INFO: Epoch 1234: head: Default, loss=1.4875, RMSE_MU_per_atom=0.00 mDebye, RMSE_MU_DERIV=0.00 mDebye / A, RMSE_ALPHA_per_atom=    0.03, RMSE_ALPHA_DERIV=    2.20
2025-07-12 20:04:40.834 INFO: Epoch 1235: head: Default, loss=1.4879, RMSE_MU_per_atom=0.00 mDebye, RMSE_MU_DERIV=0.00 mDebye / A, RMSE_ALPHA_per_atom=    0.03, RMSE_ALPHA_DERIV=    2.20
2025-07-12 20:05:24.476 INFO: Epoch 1236: head: Default, loss=1.4834, RMSE_MU_per_atom=0.00 mDebye, RMSE_MU_DERIV=0.00 mDebye / A, RMSE_ALPHA_per_atom=    0.03, RMSE_ALPHA_DERIV=    2.19
2025-07-12 20:06:08.109 INFO: Epoch 1237: head: Default, loss=1.4890, RMSE_MU_per_atom=0.00 mDebye, RMSE_MU_DERIV=0.00 mDebye / A, RMSE_ALPHA_per_atom=    0.03, RMSE_ALPHA_DERIV=    2.20
2025-07-12 20:06:51.751 INFO: Epoch 1238: head: Default, loss=1.4920, RMSE_MU_per_atom=0.00 mDebye, RMSE_MU_DERIV=0.00 mDebye / A, RMSE_ALPHA_per_atom=    0.03, RMSE_ALPHA_DERIV=    2.20
2025-07-12 20:07:35.387 INFO: Epoch 1239: head: Default, loss=1.4825, RMSE_MU_per_atom=0.00 mDebye, RMSE_MU_DERIV=0.00 mDebye / A, RMSE_ALPHA_per_atom=    0.03, RMSE_ALPHA_DERIV=    2.19
2025-07-12 20:08:19.030 INFO: Epoch 1240: head: Default, loss=1.4878, RMSE_MU_per_atom=0.00 mDebye, RMSE_MU_DERIV=0.00 mDebye / A, RMSE_ALPHA_per_atom=    0.03, RMSE_ALPHA_DERIV=    2.20
2025-07-12 20:09:02.670 INFO: Epoch 1241: head: Default, loss=1.4946, RMSE_MU_per_atom=0.00 mDebye, RMSE_MU_DERIV=0.00 mDebye / A, RMSE_ALPHA_per_atom=    0.03, RMSE_ALPHA_DERIV=    2.20
2025-07-12 20:09:46.300 INFO: Epoch 1242: head: Default, loss=1.4831, RMSE_MU_per_atom=0.00 mDebye, RMSE_MU_DERIV=0.00 mDebye / A, RMSE_ALPHA_per_atom=    0.03, RMSE_ALPHA_DERIV=    2.19
2025-07-12 20:10:29.938 INFO: Epoch 1243: head: Default, loss=1.4819, RMSE_MU_per_atom=0.00 mDebye, RMSE_MU_DERIV=0.00 mDebye / A, RMSE_ALPHA_per_atom=    0.03, RMSE_ALPHA_DERIV=    2.19
2025-07-12 20:11:13.583 INFO: Epoch 1244: head: Default, loss=1.4826, RMSE_MU_per_atom=0.00 mDebye, RMSE_MU_DERIV=0.00 mDebye / A, RMSE_ALPHA_per_atom=    0.03, RMSE_ALPHA_DERIV=    2.19
2025-07-12 20:11:57.224 INFO: Epoch 1245: head: Default, loss=1.4822, RMSE_MU_per_atom=0.00 mDebye, RMSE_MU_DERIV=0.00 mDebye / A, RMSE_ALPHA_per_atom=    0.03, RMSE_ALPHA_DERIV=    2.19
2025-07-12 20:12:40.854 INFO: Epoch 1246: head: Default, loss=1.4841, RMSE_MU_per_atom=0.00 mDebye, RMSE_MU_DERIV=0.00 mDebye / A, RMSE_ALPHA_per_atom=    0.03, RMSE_ALPHA_DERIV=    2.19
2025-07-12 20:13:24.479 INFO: Epoch 1247: head: Default, loss=1.4825, RMSE_MU_per_atom=0.00 mDebye, RMSE_MU_DERIV=0.00 mDebye / A, RMSE_ALPHA_per_atom=    0.03, RMSE_ALPHA_DERIV=    2.19
2025-07-12 20:14:08.105 INFO: Epoch 1248: head: Default, loss=1.4871, RMSE_MU_per_atom=0.00 mDebye, RMSE_MU_DERIV=0.00 mDebye / A, RMSE_ALPHA_per_atom=    0.03, RMSE_ALPHA_DERIV=    2.20
2025-07-12 20:14:51.744 INFO: Epoch 1249: head: Default, loss=1.4815, RMSE_MU_per_atom=0.00 mDebye, RMSE_MU_DERIV=0.00 mDebye / A, RMSE_ALPHA_per_atom=    0.03, RMSE_ALPHA_DERIV=    2.19
2025-07-12 20:15:35.382 INFO: Epoch 1250: head: Default, loss=1.4915, RMSE_MU_per_atom=0.00 mDebye, RMSE_MU_DERIV=0.00 mDebye / A, RMSE_ALPHA_per_atom=    0.03, RMSE_ALPHA_DERIV=    2.20
2025-07-12 20:16:19.021 INFO: Epoch 1251: head: Default, loss=1.4813, RMSE_MU_per_atom=0.00 mDebye, RMSE_MU_DERIV=0.00 mDebye / A, RMSE_ALPHA_per_atom=    0.03, RMSE_ALPHA_DERIV=    2.19
2025-07-12 20:17:02.661 INFO: Epoch 1252: head: Default, loss=1.4849, RMSE_MU_per_atom=0.00 mDebye, RMSE_MU_DERIV=0.00 mDebye / A, RMSE_ALPHA_per_atom=    0.03, RMSE_ALPHA_DERIV=    2.19
2025-07-12 20:17:46.291 INFO: Epoch 1253: head: Default, loss=1.4876, RMSE_MU_per_atom=0.00 mDebye, RMSE_MU_DERIV=0.00 mDebye / A, RMSE_ALPHA_per_atom=    0.03, RMSE_ALPHA_DERIV=    2.20
2025-07-12 20:18:29.925 INFO: Epoch 1254: head: Default, loss=1.4815, RMSE_MU_per_atom=0.00 mDebye, RMSE_MU_DERIV=0.00 mDebye / A, RMSE_ALPHA_per_atom=    0.03, RMSE_ALPHA_DERIV=    2.19
2025-07-12 20:19:13.566 INFO: Epoch 1255: head: Default, loss=1.4859, RMSE_MU_per_atom=0.00 mDebye, RMSE_MU_DERIV=0.00 mDebye / A, RMSE_ALPHA_per_atom=    0.03, RMSE_ALPHA_DERIV=    2.20
2025-07-12 20:19:57.196 INFO: Epoch 1256: head: Default, loss=1.4846, RMSE_MU_per_atom=0.00 mDebye, RMSE_MU_DERIV=0.00 mDebye / A, RMSE_ALPHA_per_atom=    0.03, RMSE_ALPHA_DERIV=    2.19
2025-07-12 20:20:40.816 INFO: Epoch 1257: head: Default, loss=1.4833, RMSE_MU_per_atom=0.00 mDebye, RMSE_MU_DERIV=0.00 mDebye / A, RMSE_ALPHA_per_atom=    0.03, RMSE_ALPHA_DERIV=    2.19
2025-07-12 20:21:24.446 INFO: Epoch 1258: head: Default, loss=1.4837, RMSE_MU_per_atom=0.00 mDebye, RMSE_MU_DERIV=0.00 mDebye / A, RMSE_ALPHA_per_atom=    0.03, RMSE_ALPHA_DERIV=    2.19
2025-07-12 20:22:08.076 INFO: Epoch 1259: head: Default, loss=1.4831, RMSE_MU_per_atom=0.00 mDebye, RMSE_MU_DERIV=0.00 mDebye / A, RMSE_ALPHA_per_atom=    0.03, RMSE_ALPHA_DERIV=    2.19
2025-07-12 20:22:51.719 INFO: Epoch 1260: head: Default, loss=1.4872, RMSE_MU_per_atom=0.00 mDebye, RMSE_MU_DERIV=0.00 mDebye / A, RMSE_ALPHA_per_atom=    0.03, RMSE_ALPHA_DERIV=    2.20
2025-07-12 20:23:35.347 INFO: Epoch 1261: head: Default, loss=1.4819, RMSE_MU_per_atom=0.00 mDebye, RMSE_MU_DERIV=0.00 mDebye / A, RMSE_ALPHA_per_atom=    0.03, RMSE_ALPHA_DERIV=    2.19
2025-07-12 20:24:18.978 INFO: Epoch 1262: head: Default, loss=1.4799, RMSE_MU_per_atom=0.00 mDebye, RMSE_MU_DERIV=0.00 mDebye / A, RMSE_ALPHA_per_atom=    0.03, RMSE_ALPHA_DERIV=    2.19
2025-07-12 20:25:02.629 INFO: Epoch 1263: head: Default, loss=1.4850, RMSE_MU_per_atom=0.00 mDebye, RMSE_MU_DERIV=0.00 mDebye / A, RMSE_ALPHA_per_atom=    0.03, RMSE_ALPHA_DERIV=    2.19
2025-07-12 20:25:46.257 INFO: Epoch 1264: head: Default, loss=1.4847, RMSE_MU_per_atom=0.00 mDebye, RMSE_MU_DERIV=0.00 mDebye / A, RMSE_ALPHA_per_atom=    0.03, RMSE_ALPHA_DERIV=    2.19
2025-07-12 20:26:29.878 INFO: Epoch 1265: head: Default, loss=1.4889, RMSE_MU_per_atom=0.00 mDebye, RMSE_MU_DERIV=0.00 mDebye / A, RMSE_ALPHA_per_atom=    0.03, RMSE_ALPHA_DERIV=    2.20
2025-07-12 20:27:13.500 INFO: Epoch 1266: head: Default, loss=1.4828, RMSE_MU_per_atom=0.00 mDebye, RMSE_MU_DERIV=0.00 mDebye / A, RMSE_ALPHA_per_atom=    0.03, RMSE_ALPHA_DERIV=    2.19
2025-07-12 20:27:57.111 INFO: Epoch 1267: head: Default, loss=1.4836, RMSE_MU_per_atom=0.00 mDebye, RMSE_MU_DERIV=0.00 mDebye / A, RMSE_ALPHA_per_atom=    0.03, RMSE_ALPHA_DERIV=    2.19
2025-07-12 20:28:40.748 INFO: Epoch 1268: head: Default, loss=1.4842, RMSE_MU_per_atom=0.00 mDebye, RMSE_MU_DERIV=0.00 mDebye / A, RMSE_ALPHA_per_atom=    0.03, RMSE_ALPHA_DERIV=    2.19
2025-07-12 20:29:24.393 INFO: Epoch 1269: head: Default, loss=1.4834, RMSE_MU_per_atom=0.00 mDebye, RMSE_MU_DERIV=0.00 mDebye / A, RMSE_ALPHA_per_atom=    0.03, RMSE_ALPHA_DERIV=    2.19
2025-07-12 20:30:08.027 INFO: Epoch 1270: head: Default, loss=1.4858, RMSE_MU_per_atom=0.00 mDebye, RMSE_MU_DERIV=0.00 mDebye / A, RMSE_ALPHA_per_atom=    0.03, RMSE_ALPHA_DERIV=    2.20
2025-07-12 20:30:51.653 INFO: Epoch 1271: head: Default, loss=1.4871, RMSE_MU_per_atom=0.00 mDebye, RMSE_MU_DERIV=0.00 mDebye / A, RMSE_ALPHA_per_atom=    0.03, RMSE_ALPHA_DERIV=    2.20
2025-07-12 20:31:35.293 INFO: Epoch 1272: head: Default, loss=1.4849, RMSE_MU_per_atom=0.00 mDebye, RMSE_MU_DERIV=0.00 mDebye / A, RMSE_ALPHA_per_atom=    0.03, RMSE_ALPHA_DERIV=    2.19
2025-07-12 20:32:18.937 INFO: Epoch 1273: head: Default, loss=1.4823, RMSE_MU_per_atom=0.00 mDebye, RMSE_MU_DERIV=0.00 mDebye / A, RMSE_ALPHA_per_atom=    0.03, RMSE_ALPHA_DERIV=    2.19
2025-07-12 20:33:02.571 INFO: Epoch 1274: head: Default, loss=1.4859, RMSE_MU_per_atom=0.00 mDebye, RMSE_MU_DERIV=0.00 mDebye / A, RMSE_ALPHA_per_atom=    0.03, RMSE_ALPHA_DERIV=    2.20
2025-07-12 20:33:46.204 INFO: Epoch 1275: head: Default, loss=1.4825, RMSE_MU_per_atom=0.00 mDebye, RMSE_MU_DERIV=0.00 mDebye / A, RMSE_ALPHA_per_atom=    0.03, RMSE_ALPHA_DERIV=    2.19
2025-07-12 20:34:29.832 INFO: Epoch 1276: head: Default, loss=1.4859, RMSE_MU_per_atom=0.00 mDebye, RMSE_MU_DERIV=0.00 mDebye / A, RMSE_ALPHA_per_atom=    0.03, RMSE_ALPHA_DERIV=    2.20
2025-07-12 20:35:13.462 INFO: Epoch 1277: head: Default, loss=1.4843, RMSE_MU_per_atom=0.00 mDebye, RMSE_MU_DERIV=0.00 mDebye / A, RMSE_ALPHA_per_atom=    0.03, RMSE_ALPHA_DERIV=    2.19
2025-07-12 20:35:57.088 INFO: Epoch 1278: head: Default, loss=1.4850, RMSE_MU_per_atom=0.00 mDebye, RMSE_MU_DERIV=0.00 mDebye / A, RMSE_ALPHA_per_atom=    0.03, RMSE_ALPHA_DERIV=    2.19
2025-07-12 20:36:40.734 INFO: Epoch 1279: head: Default, loss=1.4819, RMSE_MU_per_atom=0.00 mDebye, RMSE_MU_DERIV=0.00 mDebye / A, RMSE_ALPHA_per_atom=    0.03, RMSE_ALPHA_DERIV=    2.19
2025-07-12 20:37:24.370 INFO: Epoch 1280: head: Default, loss=1.4825, RMSE_MU_per_atom=0.00 mDebye, RMSE_MU_DERIV=0.00 mDebye / A, RMSE_ALPHA_per_atom=    0.03, RMSE_ALPHA_DERIV=    2.19
2025-07-12 20:38:07.981 INFO: Epoch 1281: head: Default, loss=1.4823, RMSE_MU_per_atom=0.00 mDebye, RMSE_MU_DERIV=0.00 mDebye / A, RMSE_ALPHA_per_atom=    0.03, RMSE_ALPHA_DERIV=    2.19
2025-07-12 20:38:51.615 INFO: Epoch 1282: head: Default, loss=1.4856, RMSE_MU_per_atom=0.00 mDebye, RMSE_MU_DERIV=0.00 mDebye / A, RMSE_ALPHA_per_atom=    0.03, RMSE_ALPHA_DERIV=    2.20
2025-07-12 20:39:35.266 INFO: Epoch 1283: head: Default, loss=1.4846, RMSE_MU_per_atom=0.00 mDebye, RMSE_MU_DERIV=0.00 mDebye / A, RMSE_ALPHA_per_atom=    0.03, RMSE_ALPHA_DERIV=    2.19
2025-07-12 20:40:18.896 INFO: Epoch 1284: head: Default, loss=1.4884, RMSE_MU_per_atom=0.00 mDebye, RMSE_MU_DERIV=0.00 mDebye / A, RMSE_ALPHA_per_atom=    0.03, RMSE_ALPHA_DERIV=    2.20
2025-07-12 20:41:02.550 INFO: Epoch 1285: head: Default, loss=1.4846, RMSE_MU_per_atom=0.00 mDebye, RMSE_MU_DERIV=0.00 mDebye / A, RMSE_ALPHA_per_atom=    0.03, RMSE_ALPHA_DERIV=    2.20
2025-07-12 20:41:46.184 INFO: Epoch 1286: head: Default, loss=1.4815, RMSE_MU_per_atom=0.00 mDebye, RMSE_MU_DERIV=0.00 mDebye / A, RMSE_ALPHA_per_atom=    0.03, RMSE_ALPHA_DERIV=    2.19
2025-07-12 20:42:29.820 INFO: Epoch 1287: head: Default, loss=1.4825, RMSE_MU_per_atom=0.00 mDebye, RMSE_MU_DERIV=0.00 mDebye / A, RMSE_ALPHA_per_atom=    0.03, RMSE_ALPHA_DERIV=    2.19
2025-07-12 20:43:13.453 INFO: Epoch 1288: head: Default, loss=1.4864, RMSE_MU_per_atom=0.00 mDebye, RMSE_MU_DERIV=0.00 mDebye / A, RMSE_ALPHA_per_atom=    0.03, RMSE_ALPHA_DERIV=    2.20
2025-07-12 20:43:57.113 INFO: Epoch 1289: head: Default, loss=1.4889, RMSE_MU_per_atom=0.00 mDebye, RMSE_MU_DERIV=0.00 mDebye / A, RMSE_ALPHA_per_atom=    0.03, RMSE_ALPHA_DERIV=    2.20
2025-07-12 20:44:40.748 INFO: Epoch 1290: head: Default, loss=1.4821, RMSE_MU_per_atom=0.00 mDebye, RMSE_MU_DERIV=0.00 mDebye / A, RMSE_ALPHA_per_atom=    0.03, RMSE_ALPHA_DERIV=    2.19
2025-07-12 20:45:24.387 INFO: Epoch 1291: head: Default, loss=1.4828, RMSE_MU_per_atom=0.00 mDebye, RMSE_MU_DERIV=0.00 mDebye / A, RMSE_ALPHA_per_atom=    0.03, RMSE_ALPHA_DERIV=    2.19
2025-07-12 20:46:08.015 INFO: Epoch 1292: head: Default, loss=1.4875, RMSE_MU_per_atom=0.00 mDebye, RMSE_MU_DERIV=0.00 mDebye / A, RMSE_ALPHA_per_atom=    0.03, RMSE_ALPHA_DERIV=    2.20
2025-07-12 20:46:51.634 INFO: Epoch 1293: head: Default, loss=1.4827, RMSE_MU_per_atom=0.00 mDebye, RMSE_MU_DERIV=0.00 mDebye / A, RMSE_ALPHA_per_atom=    0.03, RMSE_ALPHA_DERIV=    2.19
2025-07-12 20:47:35.261 INFO: Epoch 1294: head: Default, loss=1.4843, RMSE_MU_per_atom=0.00 mDebye, RMSE_MU_DERIV=0.00 mDebye / A, RMSE_ALPHA_per_atom=    0.03, RMSE_ALPHA_DERIV=    2.20
2025-07-12 20:48:18.888 INFO: Epoch 1295: head: Default, loss=1.4797, RMSE_MU_per_atom=0.00 mDebye, RMSE_MU_DERIV=0.00 mDebye / A, RMSE_ALPHA_per_atom=    0.03, RMSE_ALPHA_DERIV=    2.19
2025-07-12 20:49:02.517 INFO: Epoch 1296: head: Default, loss=1.4864, RMSE_MU_per_atom=0.00 mDebye, RMSE_MU_DERIV=0.00 mDebye / A, RMSE_ALPHA_per_atom=    0.03, RMSE_ALPHA_DERIV=    2.20
2025-07-12 20:49:46.138 INFO: Epoch 1297: head: Default, loss=1.4830, RMSE_MU_per_atom=0.00 mDebye, RMSE_MU_DERIV=0.00 mDebye / A, RMSE_ALPHA_per_atom=    0.03, RMSE_ALPHA_DERIV=    2.19
2025-07-12 20:50:29.770 INFO: Epoch 1298: head: Default, loss=1.4823, RMSE_MU_per_atom=0.00 mDebye, RMSE_MU_DERIV=0.00 mDebye / A, RMSE_ALPHA_per_atom=    0.03, RMSE_ALPHA_DERIV=    2.19
2025-07-12 20:51:13.395 INFO: Epoch 1299: head: Default, loss=1.4872, RMSE_MU_per_atom=0.00 mDebye, RMSE_MU_DERIV=0.00 mDebye / A, RMSE_ALPHA_per_atom=    0.03, RMSE_ALPHA_DERIV=    2.20
2025-07-12 20:51:57.039 INFO: Epoch 1300: head: Default, loss=1.4861, RMSE_MU_per_atom=0.00 mDebye, RMSE_MU_DERIV=0.00 mDebye / A, RMSE_ALPHA_per_atom=    0.03, RMSE_ALPHA_DERIV=    2.20
2025-07-12 20:52:40.669 INFO: Epoch 1301: head: Default, loss=1.4820, RMSE_MU_per_atom=0.00 mDebye, RMSE_MU_DERIV=0.00 mDebye / A, RMSE_ALPHA_per_atom=    0.03, RMSE_ALPHA_DERIV=    2.19
2025-07-12 20:53:24.310 INFO: Epoch 1302: head: Default, loss=1.4823, RMSE_MU_per_atom=0.00 mDebye, RMSE_MU_DERIV=0.00 mDebye / A, RMSE_ALPHA_per_atom=    0.03, RMSE_ALPHA_DERIV=    2.19
2025-07-12 20:54:07.945 INFO: Epoch 1303: head: Default, loss=1.4844, RMSE_MU_per_atom=0.00 mDebye, RMSE_MU_DERIV=0.00 mDebye / A, RMSE_ALPHA_per_atom=    0.03, RMSE_ALPHA_DERIV=    2.19
2025-07-12 20:54:51.585 INFO: Epoch 1304: head: Default, loss=1.4866, RMSE_MU_per_atom=0.00 mDebye, RMSE_MU_DERIV=0.00 mDebye / A, RMSE_ALPHA_per_atom=    0.03, RMSE_ALPHA_DERIV=    2.20
2025-07-12 20:55:35.216 INFO: Epoch 1305: head: Default, loss=1.4765, RMSE_MU_per_atom=0.00 mDebye, RMSE_MU_DERIV=0.00 mDebye / A, RMSE_ALPHA_per_atom=    0.03, RMSE_ALPHA_DERIV=    2.19
2025-07-12 20:56:18.841 INFO: Epoch 1306: head: Default, loss=1.4906, RMSE_MU_per_atom=0.00 mDebye, RMSE_MU_DERIV=0.00 mDebye / A, RMSE_ALPHA_per_atom=    0.03, RMSE_ALPHA_DERIV=    2.20
2025-07-12 20:57:02.479 INFO: Epoch 1307: head: Default, loss=1.4843, RMSE_MU_per_atom=0.00 mDebye, RMSE_MU_DERIV=0.00 mDebye / A, RMSE_ALPHA_per_atom=    0.03, RMSE_ALPHA_DERIV=    2.19
2025-07-12 20:57:46.119 INFO: Epoch 1308: head: Default, loss=1.4796, RMSE_MU_per_atom=0.00 mDebye, RMSE_MU_DERIV=0.00 mDebye / A, RMSE_ALPHA_per_atom=    0.03, RMSE_ALPHA_DERIV=    2.19
2025-07-12 20:58:29.746 INFO: Epoch 1309: head: Default, loss=1.4871, RMSE_MU_per_atom=0.00 mDebye, RMSE_MU_DERIV=0.00 mDebye / A, RMSE_ALPHA_per_atom=    0.03, RMSE_ALPHA_DERIV=    2.20
2025-07-12 20:59:13.385 INFO: Epoch 1310: head: Default, loss=1.4890, RMSE_MU_per_atom=0.00 mDebye, RMSE_MU_DERIV=0.00 mDebye / A, RMSE_ALPHA_per_atom=    0.03, RMSE_ALPHA_DERIV=    2.20
2025-07-12 20:59:57.004 INFO: Epoch 1311: head: Default, loss=1.4851, RMSE_MU_per_atom=0.00 mDebye, RMSE_MU_DERIV=0.00 mDebye / A, RMSE_ALPHA_per_atom=    0.03, RMSE_ALPHA_DERIV=    2.20
2025-07-12 21:00:40.638 INFO: Epoch 1312: head: Default, loss=1.4792, RMSE_MU_per_atom=0.00 mDebye, RMSE_MU_DERIV=0.00 mDebye / A, RMSE_ALPHA_per_atom=    0.03, RMSE_ALPHA_DERIV=    2.19
2025-07-12 21:01:24.271 INFO: Epoch 1313: head: Default, loss=1.4800, RMSE_MU_per_atom=0.00 mDebye, RMSE_MU_DERIV=0.00 mDebye / A, RMSE_ALPHA_per_atom=    0.03, RMSE_ALPHA_DERIV=    2.19
2025-07-12 21:02:07.918 INFO: Epoch 1314: head: Default, loss=1.4817, RMSE_MU_per_atom=0.00 mDebye, RMSE_MU_DERIV=0.00 mDebye / A, RMSE_ALPHA_per_atom=    0.03, RMSE_ALPHA_DERIV=    2.19
2025-07-12 21:02:51.544 INFO: Epoch 1315: head: Default, loss=1.4868, RMSE_MU_per_atom=0.00 mDebye, RMSE_MU_DERIV=0.00 mDebye / A, RMSE_ALPHA_per_atom=    0.03, RMSE_ALPHA_DERIV=    2.20
2025-07-12 21:03:35.169 INFO: Epoch 1316: head: Default, loss=1.4849, RMSE_MU_per_atom=0.00 mDebye, RMSE_MU_DERIV=0.00 mDebye / A, RMSE_ALPHA_per_atom=    0.03, RMSE_ALPHA_DERIV=    2.19
2025-07-12 21:04:18.783 INFO: Epoch 1317: head: Default, loss=1.4834, RMSE_MU_per_atom=0.00 mDebye, RMSE_MU_DERIV=0.00 mDebye / A, RMSE_ALPHA_per_atom=    0.03, RMSE_ALPHA_DERIV=    2.19
2025-07-12 21:05:02.416 INFO: Epoch 1318: head: Default, loss=1.4822, RMSE_MU_per_atom=0.00 mDebye, RMSE_MU_DERIV=0.00 mDebye / A, RMSE_ALPHA_per_atom=    0.03, RMSE_ALPHA_DERIV=    2.19
2025-07-12 21:05:46.052 INFO: Epoch 1319: head: Default, loss=1.4817, RMSE_MU_per_atom=0.00 mDebye, RMSE_MU_DERIV=0.00 mDebye / A, RMSE_ALPHA_per_atom=    0.03, RMSE_ALPHA_DERIV=    2.19
2025-07-12 21:06:29.676 INFO: Epoch 1320: head: Default, loss=1.4855, RMSE_MU_per_atom=0.00 mDebye, RMSE_MU_DERIV=0.00 mDebye / A, RMSE_ALPHA_per_atom=    0.03, RMSE_ALPHA_DERIV=    2.19
2025-07-12 21:07:13.300 INFO: Epoch 1321: head: Default, loss=1.4874, RMSE_MU_per_atom=0.00 mDebye, RMSE_MU_DERIV=0.00 mDebye / A, RMSE_ALPHA_per_atom=    0.03, RMSE_ALPHA_DERIV=    2.20
2025-07-12 21:07:56.931 INFO: Epoch 1322: head: Default, loss=1.4847, RMSE_MU_per_atom=0.00 mDebye, RMSE_MU_DERIV=0.00 mDebye / A, RMSE_ALPHA_per_atom=    0.03, RMSE_ALPHA_DERIV=    2.19
2025-07-12 21:08:40.572 INFO: Epoch 1323: head: Default, loss=1.4815, RMSE_MU_per_atom=0.00 mDebye, RMSE_MU_DERIV=0.00 mDebye / A, RMSE_ALPHA_per_atom=    0.03, RMSE_ALPHA_DERIV=    2.19
2025-07-12 21:09:24.202 INFO: Epoch 1324: head: Default, loss=1.4877, RMSE_MU_per_atom=0.00 mDebye, RMSE_MU_DERIV=0.00 mDebye / A, RMSE_ALPHA_per_atom=    0.03, RMSE_ALPHA_DERIV=    2.20
2025-07-12 21:10:07.846 INFO: Epoch 1325: head: Default, loss=1.4801, RMSE_MU_per_atom=0.00 mDebye, RMSE_MU_DERIV=0.00 mDebye / A, RMSE_ALPHA_per_atom=    0.03, RMSE_ALPHA_DERIV=    2.19
2025-07-12 21:10:51.482 INFO: Epoch 1326: head: Default, loss=1.4809, RMSE_MU_per_atom=0.00 mDebye, RMSE_MU_DERIV=0.00 mDebye / A, RMSE_ALPHA_per_atom=    0.03, RMSE_ALPHA_DERIV=    2.19
2025-07-12 21:11:35.119 INFO: Epoch 1327: head: Default, loss=1.4833, RMSE_MU_per_atom=0.00 mDebye, RMSE_MU_DERIV=0.00 mDebye / A, RMSE_ALPHA_per_atom=    0.03, RMSE_ALPHA_DERIV=    2.19
2025-07-12 21:12:18.769 INFO: Epoch 1328: head: Default, loss=1.4775, RMSE_MU_per_atom=0.00 mDebye, RMSE_MU_DERIV=0.00 mDebye / A, RMSE_ALPHA_per_atom=    0.03, RMSE_ALPHA_DERIV=    2.19
2025-07-12 21:13:02.386 INFO: Epoch 1329: head: Default, loss=1.4879, RMSE_MU_per_atom=0.00 mDebye, RMSE_MU_DERIV=0.00 mDebye / A, RMSE_ALPHA_per_atom=    0.03, RMSE_ALPHA_DERIV=    2.20
2025-07-12 21:13:46.027 INFO: Epoch 1330: head: Default, loss=1.4825, RMSE_MU_per_atom=0.00 mDebye, RMSE_MU_DERIV=0.00 mDebye / A, RMSE_ALPHA_per_atom=    0.03, RMSE_ALPHA_DERIV=    2.19
2025-07-12 21:14:29.680 INFO: Epoch 1331: head: Default, loss=1.4862, RMSE_MU_per_atom=0.00 mDebye, RMSE_MU_DERIV=0.00 mDebye / A, RMSE_ALPHA_per_atom=    0.03, RMSE_ALPHA_DERIV=    2.20
2025-07-12 21:15:13.321 INFO: Epoch 1332: head: Default, loss=1.4841, RMSE_MU_per_atom=0.00 mDebye, RMSE_MU_DERIV=0.00 mDebye / A, RMSE_ALPHA_per_atom=    0.03, RMSE_ALPHA_DERIV=    2.19
2025-07-12 21:15:56.944 INFO: Epoch 1333: head: Default, loss=1.4884, RMSE_MU_per_atom=0.00 mDebye, RMSE_MU_DERIV=0.00 mDebye / A, RMSE_ALPHA_per_atom=    0.03, RMSE_ALPHA_DERIV=    2.20
2025-07-12 21:16:40.569 INFO: Epoch 1334: head: Default, loss=1.4800, RMSE_MU_per_atom=0.00 mDebye, RMSE_MU_DERIV=0.00 mDebye / A, RMSE_ALPHA_per_atom=    0.03, RMSE_ALPHA_DERIV=    2.19
2025-07-12 21:17:24.200 INFO: Epoch 1335: head: Default, loss=1.4915, RMSE_MU_per_atom=0.00 mDebye, RMSE_MU_DERIV=0.00 mDebye / A, RMSE_ALPHA_per_atom=    0.03, RMSE_ALPHA_DERIV=    2.20
2025-07-12 21:18:07.836 INFO: Epoch 1336: head: Default, loss=1.4797, RMSE_MU_per_atom=0.00 mDebye, RMSE_MU_DERIV=0.00 mDebye / A, RMSE_ALPHA_per_atom=    0.03, RMSE_ALPHA_DERIV=    2.19
2025-07-12 21:18:51.455 INFO: Epoch 1337: head: Default, loss=1.4826, RMSE_MU_per_atom=0.00 mDebye, RMSE_MU_DERIV=0.00 mDebye / A, RMSE_ALPHA_per_atom=    0.03, RMSE_ALPHA_DERIV=    2.19
2025-07-12 21:19:35.096 INFO: Epoch 1338: head: Default, loss=1.4794, RMSE_MU_per_atom=0.00 mDebye, RMSE_MU_DERIV=0.00 mDebye / A, RMSE_ALPHA_per_atom=    0.03, RMSE_ALPHA_DERIV=    2.19
2025-07-12 21:20:18.739 INFO: Epoch 1339: head: Default, loss=1.4893, RMSE_MU_per_atom=0.00 mDebye, RMSE_MU_DERIV=0.00 mDebye / A, RMSE_ALPHA_per_atom=    0.03, RMSE_ALPHA_DERIV=    2.20
2025-07-12 21:21:02.370 INFO: Epoch 1340: head: Default, loss=1.4866, RMSE_MU_per_atom=0.00 mDebye, RMSE_MU_DERIV=0.00 mDebye / A, RMSE_ALPHA_per_atom=    0.03, RMSE_ALPHA_DERIV=    2.20
2025-07-12 21:21:46.010 INFO: Epoch 1341: head: Default, loss=1.4851, RMSE_MU_per_atom=0.00 mDebye, RMSE_MU_DERIV=0.00 mDebye / A, RMSE_ALPHA_per_atom=    0.03, RMSE_ALPHA_DERIV=    2.19
2025-07-12 21:22:29.633 INFO: Epoch 1342: head: Default, loss=1.4866, RMSE_MU_per_atom=0.00 mDebye, RMSE_MU_DERIV=0.00 mDebye / A, RMSE_ALPHA_per_atom=    0.03, RMSE_ALPHA_DERIV=    2.20
2025-07-12 21:23:13.247 INFO: Epoch 1343: head: Default, loss=1.4855, RMSE_MU_per_atom=0.00 mDebye, RMSE_MU_DERIV=0.00 mDebye / A, RMSE_ALPHA_per_atom=    0.03, RMSE_ALPHA_DERIV=    2.19
2025-07-12 21:23:56.863 INFO: Epoch 1344: head: Default, loss=1.4882, RMSE_MU_per_atom=0.00 mDebye, RMSE_MU_DERIV=0.00 mDebye / A, RMSE_ALPHA_per_atom=    0.03, RMSE_ALPHA_DERIV=    2.20
2025-07-12 21:24:40.492 INFO: Epoch 1345: head: Default, loss=1.4843, RMSE_MU_per_atom=0.00 mDebye, RMSE_MU_DERIV=0.00 mDebye / A, RMSE_ALPHA_per_atom=    0.03, RMSE_ALPHA_DERIV=    2.19
2025-07-12 21:25:24.102 INFO: Epoch 1346: head: Default, loss=1.4855, RMSE_MU_per_atom=0.00 mDebye, RMSE_MU_DERIV=0.00 mDebye / A, RMSE_ALPHA_per_atom=    0.03, RMSE_ALPHA_DERIV=    2.20
2025-07-12 21:26:07.726 INFO: Epoch 1347: head: Default, loss=1.4811, RMSE_MU_per_atom=0.00 mDebye, RMSE_MU_DERIV=0.00 mDebye / A, RMSE_ALPHA_per_atom=    0.03, RMSE_ALPHA_DERIV=    2.19
2025-07-12 21:26:51.358 INFO: Epoch 1348: head: Default, loss=1.4841, RMSE_MU_per_atom=0.00 mDebye, RMSE_MU_DERIV=0.00 mDebye / A, RMSE_ALPHA_per_atom=    0.03, RMSE_ALPHA_DERIV=    2.19
2025-07-12 21:27:34.975 INFO: Epoch 1349: head: Default, loss=1.4784, RMSE_MU_per_atom=0.00 mDebye, RMSE_MU_DERIV=0.00 mDebye / A, RMSE_ALPHA_per_atom=    0.03, RMSE_ALPHA_DERIV=    2.19
2025-07-12 21:28:18.597 INFO: Epoch 1350: head: Default, loss=1.4837, RMSE_MU_per_atom=0.00 mDebye, RMSE_MU_DERIV=0.00 mDebye / A, RMSE_ALPHA_per_atom=    0.03, RMSE_ALPHA_DERIV=    2.19
2025-07-12 21:29:02.210 INFO: Epoch 1351: head: Default, loss=1.4797, RMSE_MU_per_atom=0.00 mDebye, RMSE_MU_DERIV=0.00 mDebye / A, RMSE_ALPHA_per_atom=    0.03, RMSE_ALPHA_DERIV=    2.19
2025-07-12 21:29:45.827 INFO: Epoch 1352: head: Default, loss=1.4836, RMSE_MU_per_atom=0.00 mDebye, RMSE_MU_DERIV=0.00 mDebye / A, RMSE_ALPHA_per_atom=    0.03, RMSE_ALPHA_DERIV=    2.19
2025-07-12 21:30:29.454 INFO: Epoch 1353: head: Default, loss=1.4843, RMSE_MU_per_atom=0.00 mDebye, RMSE_MU_DERIV=0.00 mDebye / A, RMSE_ALPHA_per_atom=    0.03, RMSE_ALPHA_DERIV=    2.19
2025-07-12 21:31:13.079 INFO: Epoch 1354: head: Default, loss=1.4796, RMSE_MU_per_atom=0.00 mDebye, RMSE_MU_DERIV=0.00 mDebye / A, RMSE_ALPHA_per_atom=    0.03, RMSE_ALPHA_DERIV=    2.19
2025-07-12 21:31:56.693 INFO: Epoch 1355: head: Default, loss=1.4808, RMSE_MU_per_atom=0.00 mDebye, RMSE_MU_DERIV=0.00 mDebye / A, RMSE_ALPHA_per_atom=    0.03, RMSE_ALPHA_DERIV=    2.19
2025-07-12 21:32:40.329 INFO: Epoch 1356: head: Default, loss=1.4800, RMSE_MU_per_atom=0.00 mDebye, RMSE_MU_DERIV=0.00 mDebye / A, RMSE_ALPHA_per_atom=    0.03, RMSE_ALPHA_DERIV=    2.19
2025-07-12 21:33:23.947 INFO: Epoch 1357: head: Default, loss=1.4852, RMSE_MU_per_atom=0.00 mDebye, RMSE_MU_DERIV=0.00 mDebye / A, RMSE_ALPHA_per_atom=    0.03, RMSE_ALPHA_DERIV=    2.19
2025-07-12 21:34:07.580 INFO: Epoch 1358: head: Default, loss=1.4847, RMSE_MU_per_atom=0.00 mDebye, RMSE_MU_DERIV=0.00 mDebye / A, RMSE_ALPHA_per_atom=    0.03, RMSE_ALPHA_DERIV=    2.19
2025-07-12 21:34:51.211 INFO: Epoch 1359: head: Default, loss=1.4799, RMSE_MU_per_atom=0.00 mDebye, RMSE_MU_DERIV=0.00 mDebye / A, RMSE_ALPHA_per_atom=    0.03, RMSE_ALPHA_DERIV=    2.19
2025-07-12 21:35:34.847 INFO: Epoch 1360: head: Default, loss=1.4831, RMSE_MU_per_atom=0.00 mDebye, RMSE_MU_DERIV=0.00 mDebye / A, RMSE_ALPHA_per_atom=    0.03, RMSE_ALPHA_DERIV=    2.19
2025-07-12 21:36:18.477 INFO: Epoch 1361: head: Default, loss=1.4878, RMSE_MU_per_atom=0.00 mDebye, RMSE_MU_DERIV=0.00 mDebye / A, RMSE_ALPHA_per_atom=    0.03, RMSE_ALPHA_DERIV=    2.20
2025-07-12 21:37:02.101 INFO: Epoch 1362: head: Default, loss=1.4854, RMSE_MU_per_atom=0.00 mDebye, RMSE_MU_DERIV=0.00 mDebye / A, RMSE_ALPHA_per_atom=    0.03, RMSE_ALPHA_DERIV=    2.19
2025-07-12 21:37:45.718 INFO: Epoch 1363: head: Default, loss=1.4861, RMSE_MU_per_atom=0.00 mDebye, RMSE_MU_DERIV=0.00 mDebye / A, RMSE_ALPHA_per_atom=    0.03, RMSE_ALPHA_DERIV=    2.20
2025-07-12 21:38:29.342 INFO: Epoch 1364: head: Default, loss=1.4824, RMSE_MU_per_atom=0.00 mDebye, RMSE_MU_DERIV=0.00 mDebye / A, RMSE_ALPHA_per_atom=    0.03, RMSE_ALPHA_DERIV=    2.19
2025-07-12 21:39:12.966 INFO: Epoch 1365: head: Default, loss=1.4848, RMSE_MU_per_atom=0.00 mDebye, RMSE_MU_DERIV=0.00 mDebye / A, RMSE_ALPHA_per_atom=    0.03, RMSE_ALPHA_DERIV=    2.19
2025-07-12 21:39:56.586 INFO: Epoch 1366: head: Default, loss=1.4839, RMSE_MU_per_atom=0.00 mDebye, RMSE_MU_DERIV=0.00 mDebye / A, RMSE_ALPHA_per_atom=    0.03, RMSE_ALPHA_DERIV=    2.19
2025-07-12 21:40:40.220 INFO: Epoch 1367: head: Default, loss=1.4814, RMSE_MU_per_atom=0.00 mDebye, RMSE_MU_DERIV=0.00 mDebye / A, RMSE_ALPHA_per_atom=    0.03, RMSE_ALPHA_DERIV=    2.19
2025-07-12 21:41:23.840 INFO: Epoch 1368: head: Default, loss=1.4826, RMSE_MU_per_atom=0.00 mDebye, RMSE_MU_DERIV=0.00 mDebye / A, RMSE_ALPHA_per_atom=    0.03, RMSE_ALPHA_DERIV=    2.19
2025-07-12 21:42:07.467 INFO: Epoch 1369: head: Default, loss=1.4838, RMSE_MU_per_atom=0.00 mDebye, RMSE_MU_DERIV=0.00 mDebye / A, RMSE_ALPHA_per_atom=    0.03, RMSE_ALPHA_DERIV=    2.19
2025-07-12 21:42:51.096 INFO: Epoch 1370: head: Default, loss=1.4871, RMSE_MU_per_atom=0.00 mDebye, RMSE_MU_DERIV=0.00 mDebye / A, RMSE_ALPHA_per_atom=    0.03, RMSE_ALPHA_DERIV=    2.20
2025-07-12 21:43:34.716 INFO: Epoch 1371: head: Default, loss=1.4862, RMSE_MU_per_atom=0.00 mDebye, RMSE_MU_DERIV=0.00 mDebye / A, RMSE_ALPHA_per_atom=    0.03, RMSE_ALPHA_DERIV=    2.20
2025-07-12 21:44:18.349 INFO: Epoch 1372: head: Default, loss=1.4796, RMSE_MU_per_atom=0.00 mDebye, RMSE_MU_DERIV=0.00 mDebye / A, RMSE_ALPHA_per_atom=    0.03, RMSE_ALPHA_DERIV=    2.19
2025-07-12 21:45:01.975 INFO: Epoch 1373: head: Default, loss=1.4870, RMSE_MU_per_atom=0.00 mDebye, RMSE_MU_DERIV=0.00 mDebye / A, RMSE_ALPHA_per_atom=    0.03, RMSE_ALPHA_DERIV=    2.20
2025-07-12 21:45:45.588 INFO: Epoch 1374: head: Default, loss=1.4839, RMSE_MU_per_atom=0.00 mDebye, RMSE_MU_DERIV=0.00 mDebye / A, RMSE_ALPHA_per_atom=    0.03, RMSE_ALPHA_DERIV=    2.19
2025-07-12 21:46:29.213 INFO: Epoch 1375: head: Default, loss=1.4838, RMSE_MU_per_atom=0.00 mDebye, RMSE_MU_DERIV=0.00 mDebye / A, RMSE_ALPHA_per_atom=    0.03, RMSE_ALPHA_DERIV=    2.19
2025-07-12 21:47:12.838 INFO: Epoch 1376: head: Default, loss=1.4817, RMSE_MU_per_atom=0.00 mDebye, RMSE_MU_DERIV=0.00 mDebye / A, RMSE_ALPHA_per_atom=    0.03, RMSE_ALPHA_DERIV=    2.19
2025-07-12 21:47:56.465 INFO: Epoch 1377: head: Default, loss=1.4868, RMSE_MU_per_atom=0.00 mDebye, RMSE_MU_DERIV=0.00 mDebye / A, RMSE_ALPHA_per_atom=    0.03, RMSE_ALPHA_DERIV=    2.20
2025-07-12 21:48:40.086 INFO: Epoch 1378: head: Default, loss=1.4824, RMSE_MU_per_atom=0.00 mDebye, RMSE_MU_DERIV=0.00 mDebye / A, RMSE_ALPHA_per_atom=    0.03, RMSE_ALPHA_DERIV=    2.19
2025-07-12 21:49:23.708 INFO: Epoch 1379: head: Default, loss=1.4825, RMSE_MU_per_atom=0.00 mDebye, RMSE_MU_DERIV=0.00 mDebye / A, RMSE_ALPHA_per_atom=    0.03, RMSE_ALPHA_DERIV=    2.19
2025-07-12 21:50:07.342 INFO: Epoch 1380: head: Default, loss=1.4858, RMSE_MU_per_atom=0.00 mDebye, RMSE_MU_DERIV=0.00 mDebye / A, RMSE_ALPHA_per_atom=    0.03, RMSE_ALPHA_DERIV=    2.20
2025-07-12 21:50:50.975 INFO: Epoch 1381: head: Default, loss=1.4839, RMSE_MU_per_atom=0.00 mDebye, RMSE_MU_DERIV=0.00 mDebye / A, RMSE_ALPHA_per_atom=    0.03, RMSE_ALPHA_DERIV=    2.19
2025-07-12 21:51:34.594 INFO: Epoch 1382: head: Default, loss=1.4856, RMSE_MU_per_atom=0.00 mDebye, RMSE_MU_DERIV=0.00 mDebye / A, RMSE_ALPHA_per_atom=    0.03, RMSE_ALPHA_DERIV=    2.19
2025-07-12 21:52:18.225 INFO: Epoch 1383: head: Default, loss=1.4861, RMSE_MU_per_atom=0.00 mDebye, RMSE_MU_DERIV=0.00 mDebye / A, RMSE_ALPHA_per_atom=    0.03, RMSE_ALPHA_DERIV=    2.20
2025-07-12 21:53:01.859 INFO: Epoch 1384: head: Default, loss=1.4827, RMSE_MU_per_atom=0.00 mDebye, RMSE_MU_DERIV=0.00 mDebye / A, RMSE_ALPHA_per_atom=    0.03, RMSE_ALPHA_DERIV=    2.19
2025-07-12 21:53:45.465 INFO: Epoch 1385: head: Default, loss=1.4809, RMSE_MU_per_atom=0.00 mDebye, RMSE_MU_DERIV=0.00 mDebye / A, RMSE_ALPHA_per_atom=    0.03, RMSE_ALPHA_DERIV=    2.19
2025-07-12 21:54:29.086 INFO: Epoch 1386: head: Default, loss=1.4832, RMSE_MU_per_atom=0.00 mDebye, RMSE_MU_DERIV=0.00 mDebye / A, RMSE_ALPHA_per_atom=    0.03, RMSE_ALPHA_DERIV=    2.19
2025-07-12 21:55:12.721 INFO: Epoch 1387: head: Default, loss=1.4851, RMSE_MU_per_atom=0.00 mDebye, RMSE_MU_DERIV=0.00 mDebye / A, RMSE_ALPHA_per_atom=    0.03, RMSE_ALPHA_DERIV=    2.19
2025-07-12 21:55:56.358 INFO: Epoch 1388: head: Default, loss=1.4854, RMSE_MU_per_atom=0.00 mDebye, RMSE_MU_DERIV=0.00 mDebye / A, RMSE_ALPHA_per_atom=    0.03, RMSE_ALPHA_DERIV=    2.19
2025-07-12 21:56:39.999 INFO: Epoch 1389: head: Default, loss=1.4804, RMSE_MU_per_atom=0.00 mDebye, RMSE_MU_DERIV=0.00 mDebye / A, RMSE_ALPHA_per_atom=    0.03, RMSE_ALPHA_DERIV=    2.19
2025-07-12 21:57:23.611 INFO: Epoch 1390: head: Default, loss=1.4841, RMSE_MU_per_atom=0.00 mDebye, RMSE_MU_DERIV=0.00 mDebye / A, RMSE_ALPHA_per_atom=    0.03, RMSE_ALPHA_DERIV=    2.19
2025-07-12 21:58:07.247 INFO: Epoch 1391: head: Default, loss=1.4816, RMSE_MU_per_atom=0.00 mDebye, RMSE_MU_DERIV=0.00 mDebye / A, RMSE_ALPHA_per_atom=    0.03, RMSE_ALPHA_DERIV=    2.19
2025-07-12 21:58:50.870 INFO: Epoch 1392: head: Default, loss=1.4846, RMSE_MU_per_atom=0.00 mDebye, RMSE_MU_DERIV=0.00 mDebye / A, RMSE_ALPHA_per_atom=    0.03, RMSE_ALPHA_DERIV=    2.19
2025-07-12 21:59:34.491 INFO: Epoch 1393: head: Default, loss=1.4802, RMSE_MU_per_atom=0.00 mDebye, RMSE_MU_DERIV=0.00 mDebye / A, RMSE_ALPHA_per_atom=    0.03, RMSE_ALPHA_DERIV=    2.19
2025-07-12 22:00:18.131 INFO: Epoch 1394: head: Default, loss=1.4832, RMSE_MU_per_atom=0.00 mDebye, RMSE_MU_DERIV=0.00 mDebye / A, RMSE_ALPHA_per_atom=    0.03, RMSE_ALPHA_DERIV=    2.19
2025-07-12 22:01:01.746 INFO: Epoch 1395: head: Default, loss=1.4842, RMSE_MU_per_atom=0.00 mDebye, RMSE_MU_DERIV=0.00 mDebye / A, RMSE_ALPHA_per_atom=    0.03, RMSE_ALPHA_DERIV=    2.19
2025-07-12 22:01:45.367 INFO: Epoch 1396: head: Default, loss=1.4802, RMSE_MU_per_atom=0.00 mDebye, RMSE_MU_DERIV=0.00 mDebye / A, RMSE_ALPHA_per_atom=    0.03, RMSE_ALPHA_DERIV=    2.19
2025-07-12 22:02:28.989 INFO: Epoch 1397: head: Default, loss=1.4823, RMSE_MU_per_atom=0.00 mDebye, RMSE_MU_DERIV=0.00 mDebye / A, RMSE_ALPHA_per_atom=    0.03, RMSE_ALPHA_DERIV=    2.19
2025-07-12 22:03:12.604 INFO: Epoch 1398: head: Default, loss=1.4860, RMSE_MU_per_atom=0.00 mDebye, RMSE_MU_DERIV=0.00 mDebye / A, RMSE_ALPHA_per_atom=    0.03, RMSE_ALPHA_DERIV=    2.20
2025-07-12 22:03:56.241 INFO: Epoch 1399: head: Default, loss=1.4863, RMSE_MU_per_atom=0.00 mDebye, RMSE_MU_DERIV=0.00 mDebye / A, RMSE_ALPHA_per_atom=    0.03, RMSE_ALPHA_DERIV=    2.20
2025-07-12 22:04:39.869 INFO: Epoch 1400: head: Default, loss=1.4800, RMSE_MU_per_atom=0.00 mDebye, RMSE_MU_DERIV=0.00 mDebye / A, RMSE_ALPHA_per_atom=    0.03, RMSE_ALPHA_DERIV=    2.19
2025-07-12 22:05:23.506 INFO: Epoch 1401: head: Default, loss=1.4813, RMSE_MU_per_atom=0.00 mDebye, RMSE_MU_DERIV=0.00 mDebye / A, RMSE_ALPHA_per_atom=    0.03, RMSE_ALPHA_DERIV=    2.19
2025-07-12 22:06:07.125 INFO: Epoch 1402: head: Default, loss=1.4792, RMSE_MU_per_atom=0.00 mDebye, RMSE_MU_DERIV=0.00 mDebye / A, RMSE_ALPHA_per_atom=    0.03, RMSE_ALPHA_DERIV=    2.19
2025-07-12 22:06:50.767 INFO: Epoch 1403: head: Default, loss=1.4838, RMSE_MU_per_atom=0.00 mDebye, RMSE_MU_DERIV=0.00 mDebye / A, RMSE_ALPHA_per_atom=    0.03, RMSE_ALPHA_DERIV=    2.19
2025-07-12 22:07:34.378 INFO: Epoch 1404: head: Default, loss=1.4789, RMSE_MU_per_atom=0.00 mDebye, RMSE_MU_DERIV=0.00 mDebye / A, RMSE_ALPHA_per_atom=    0.03, RMSE_ALPHA_DERIV=    2.19
2025-07-12 22:08:17.984 INFO: Epoch 1405: head: Default, loss=1.4810, RMSE_MU_per_atom=0.00 mDebye, RMSE_MU_DERIV=0.00 mDebye / A, RMSE_ALPHA_per_atom=    0.03, RMSE_ALPHA_DERIV=    2.19
2025-07-12 22:09:01.611 INFO: Epoch 1406: head: Default, loss=1.4842, RMSE_MU_per_atom=0.00 mDebye, RMSE_MU_DERIV=0.00 mDebye / A, RMSE_ALPHA_per_atom=    0.03, RMSE_ALPHA_DERIV=    2.19
2025-07-12 22:09:45.232 INFO: Epoch 1407: head: Default, loss=1.4824, RMSE_MU_per_atom=0.00 mDebye, RMSE_MU_DERIV=0.00 mDebye / A, RMSE_ALPHA_per_atom=    0.03, RMSE_ALPHA_DERIV=    2.19
2025-07-12 22:10:28.852 INFO: Epoch 1408: head: Default, loss=1.4842, RMSE_MU_per_atom=0.00 mDebye, RMSE_MU_DERIV=0.00 mDebye / A, RMSE_ALPHA_per_atom=    0.03, RMSE_ALPHA_DERIV=    2.19
2025-07-12 22:11:12.485 INFO: Epoch 1409: head: Default, loss=1.4838, RMSE_MU_per_atom=0.00 mDebye, RMSE_MU_DERIV=0.00 mDebye / A, RMSE_ALPHA_per_atom=    0.03, RMSE_ALPHA_DERIV=    2.19
2025-07-12 22:11:56.102 INFO: Epoch 1410: head: Default, loss=1.4833, RMSE_MU_per_atom=0.00 mDebye, RMSE_MU_DERIV=0.00 mDebye / A, RMSE_ALPHA_per_atom=    0.03, RMSE_ALPHA_DERIV=    2.19
2025-07-12 22:12:39.722 INFO: Epoch 1411: head: Default, loss=1.4849, RMSE_MU_per_atom=0.00 mDebye, RMSE_MU_DERIV=0.00 mDebye / A, RMSE_ALPHA_per_atom=    0.03, RMSE_ALPHA_DERIV=    2.19
2025-07-12 22:13:23.351 INFO: Epoch 1412: head: Default, loss=1.4805, RMSE_MU_per_atom=0.00 mDebye, RMSE_MU_DERIV=0.00 mDebye / A, RMSE_ALPHA_per_atom=    0.03, RMSE_ALPHA_DERIV=    2.19
2025-07-12 22:14:06.973 INFO: Epoch 1413: head: Default, loss=1.4818, RMSE_MU_per_atom=0.00 mDebye, RMSE_MU_DERIV=0.00 mDebye / A, RMSE_ALPHA_per_atom=    0.03, RMSE_ALPHA_DERIV=    2.19
2025-07-12 22:14:50.579 INFO: Epoch 1414: head: Default, loss=1.4794, RMSE_MU_per_atom=0.00 mDebye, RMSE_MU_DERIV=0.00 mDebye / A, RMSE_ALPHA_per_atom=    0.03, RMSE_ALPHA_DERIV=    2.19
2025-07-12 22:15:34.201 INFO: Epoch 1415: head: Default, loss=1.4857, RMSE_MU_per_atom=0.00 mDebye, RMSE_MU_DERIV=0.00 mDebye / A, RMSE_ALPHA_per_atom=    0.03, RMSE_ALPHA_DERIV=    2.19
2025-07-12 22:16:17.811 INFO: Epoch 1416: head: Default, loss=1.4805, RMSE_MU_per_atom=0.00 mDebye, RMSE_MU_DERIV=0.00 mDebye / A, RMSE_ALPHA_per_atom=    0.03, RMSE_ALPHA_DERIV=    2.19
2025-07-12 22:17:01.439 INFO: Epoch 1417: head: Default, loss=1.4837, RMSE_MU_per_atom=0.00 mDebye, RMSE_MU_DERIV=0.00 mDebye / A, RMSE_ALPHA_per_atom=    0.03, RMSE_ALPHA_DERIV=    2.19
2025-07-12 22:17:45.064 INFO: Epoch 1418: head: Default, loss=1.4801, RMSE_MU_per_atom=0.00 mDebye, RMSE_MU_DERIV=0.00 mDebye / A, RMSE_ALPHA_per_atom=    0.03, RMSE_ALPHA_DERIV=    2.19
2025-07-12 22:18:28.683 INFO: Epoch 1419: head: Default, loss=1.4835, RMSE_MU_per_atom=0.00 mDebye, RMSE_MU_DERIV=0.00 mDebye / A, RMSE_ALPHA_per_atom=    0.03, RMSE_ALPHA_DERIV=    2.19
2025-07-12 22:19:12.299 INFO: Epoch 1420: head: Default, loss=1.4803, RMSE_MU_per_atom=0.00 mDebye, RMSE_MU_DERIV=0.00 mDebye / A, RMSE_ALPHA_per_atom=    0.03, RMSE_ALPHA_DERIV=    2.19
2025-07-12 22:19:55.917 INFO: Epoch 1421: head: Default, loss=1.4844, RMSE_MU_per_atom=0.00 mDebye, RMSE_MU_DERIV=0.00 mDebye / A, RMSE_ALPHA_per_atom=    0.03, RMSE_ALPHA_DERIV=    2.19
2025-07-12 22:20:39.550 INFO: Epoch 1422: head: Default, loss=1.4758, RMSE_MU_per_atom=0.00 mDebye, RMSE_MU_DERIV=0.00 mDebye / A, RMSE_ALPHA_per_atom=    0.03, RMSE_ALPHA_DERIV=    2.19
2025-07-12 22:21:23.180 INFO: Epoch 1423: head: Default, loss=1.4828, RMSE_MU_per_atom=0.00 mDebye, RMSE_MU_DERIV=0.00 mDebye / A, RMSE_ALPHA_per_atom=    0.03, RMSE_ALPHA_DERIV=    2.19
2025-07-12 22:22:06.808 INFO: Epoch 1424: head: Default, loss=1.4851, RMSE_MU_per_atom=0.00 mDebye, RMSE_MU_DERIV=0.00 mDebye / A, RMSE_ALPHA_per_atom=    0.03, RMSE_ALPHA_DERIV=    2.19
2025-07-12 22:22:50.429 INFO: Epoch 1425: head: Default, loss=1.4786, RMSE_MU_per_atom=0.00 mDebye, RMSE_MU_DERIV=0.00 mDebye / A, RMSE_ALPHA_per_atom=    0.03, RMSE_ALPHA_DERIV=    2.19
2025-07-12 22:23:34.055 INFO: Epoch 1426: head: Default, loss=1.4840, RMSE_MU_per_atom=0.00 mDebye, RMSE_MU_DERIV=0.00 mDebye / A, RMSE_ALPHA_per_atom=    0.03, RMSE_ALPHA_DERIV=    2.19
2025-07-12 22:24:17.687 INFO: Epoch 1427: head: Default, loss=1.4860, RMSE_MU_per_atom=0.00 mDebye, RMSE_MU_DERIV=0.00 mDebye / A, RMSE_ALPHA_per_atom=    0.03, RMSE_ALPHA_DERIV=    2.20
2025-07-12 22:25:01.302 INFO: Epoch 1428: head: Default, loss=1.4804, RMSE_MU_per_atom=0.00 mDebye, RMSE_MU_DERIV=0.00 mDebye / A, RMSE_ALPHA_per_atom=    0.03, RMSE_ALPHA_DERIV=    2.19
2025-07-12 22:25:44.925 INFO: Epoch 1429: head: Default, loss=1.4828, RMSE_MU_per_atom=0.00 mDebye, RMSE_MU_DERIV=0.00 mDebye / A, RMSE_ALPHA_per_atom=    0.03, RMSE_ALPHA_DERIV=    2.19
2025-07-12 22:26:28.554 INFO: Epoch 1430: head: Default, loss=1.4803, RMSE_MU_per_atom=0.00 mDebye, RMSE_MU_DERIV=0.00 mDebye / A, RMSE_ALPHA_per_atom=    0.03, RMSE_ALPHA_DERIV=    2.19
2025-07-12 22:27:12.172 INFO: Epoch 1431: head: Default, loss=1.4785, RMSE_MU_per_atom=0.00 mDebye, RMSE_MU_DERIV=0.00 mDebye / A, RMSE_ALPHA_per_atom=    0.03, RMSE_ALPHA_DERIV=    2.19
2025-07-12 22:27:55.776 INFO: Epoch 1432: head: Default, loss=1.4821, RMSE_MU_per_atom=0.00 mDebye, RMSE_MU_DERIV=0.00 mDebye / A, RMSE_ALPHA_per_atom=    0.03, RMSE_ALPHA_DERIV=    2.19
2025-07-12 22:28:39.407 INFO: Epoch 1433: head: Default, loss=1.4848, RMSE_MU_per_atom=0.00 mDebye, RMSE_MU_DERIV=0.00 mDebye / A, RMSE_ALPHA_per_atom=    0.03, RMSE_ALPHA_DERIV=    2.19
2025-07-12 22:29:23.033 INFO: Epoch 1434: head: Default, loss=1.4807, RMSE_MU_per_atom=0.00 mDebye, RMSE_MU_DERIV=0.00 mDebye / A, RMSE_ALPHA_per_atom=    0.03, RMSE_ALPHA_DERIV=    2.19
2025-07-12 22:30:06.660 INFO: Epoch 1435: head: Default, loss=1.4832, RMSE_MU_per_atom=0.00 mDebye, RMSE_MU_DERIV=0.00 mDebye / A, RMSE_ALPHA_per_atom=    0.03, RMSE_ALPHA_DERIV=    2.19
2025-07-12 22:30:50.299 INFO: Epoch 1436: head: Default, loss=1.4862, RMSE_MU_per_atom=0.00 mDebye, RMSE_MU_DERIV=0.00 mDebye / A, RMSE_ALPHA_per_atom=    0.03, RMSE_ALPHA_DERIV=    2.20
2025-07-12 22:31:33.917 INFO: Epoch 1437: head: Default, loss=1.4843, RMSE_MU_per_atom=0.00 mDebye, RMSE_MU_DERIV=0.00 mDebye / A, RMSE_ALPHA_per_atom=    0.03, RMSE_ALPHA_DERIV=    2.19
2025-07-12 22:32:17.544 INFO: Epoch 1438: head: Default, loss=1.4796, RMSE_MU_per_atom=0.00 mDebye, RMSE_MU_DERIV=0.00 mDebye / A, RMSE_ALPHA_per_atom=    0.03, RMSE_ALPHA_DERIV=    2.19
2025-07-12 22:33:01.155 INFO: Epoch 1439: head: Default, loss=1.4845, RMSE_MU_per_atom=0.00 mDebye, RMSE_MU_DERIV=0.00 mDebye / A, RMSE_ALPHA_per_atom=    0.03, RMSE_ALPHA_DERIV=    2.19
2025-07-12 22:33:44.762 INFO: Epoch 1440: head: Default, loss=1.4801, RMSE_MU_per_atom=0.00 mDebye, RMSE_MU_DERIV=0.00 mDebye / A, RMSE_ALPHA_per_atom=    0.03, RMSE_ALPHA_DERIV=    2.19
2025-07-12 22:34:28.379 INFO: Epoch 1441: head: Default, loss=1.4799, RMSE_MU_per_atom=0.00 mDebye, RMSE_MU_DERIV=0.00 mDebye / A, RMSE_ALPHA_per_atom=    0.03, RMSE_ALPHA_DERIV=    2.19
2025-07-12 22:35:11.992 INFO: Epoch 1442: head: Default, loss=1.4825, RMSE_MU_per_atom=0.00 mDebye, RMSE_MU_DERIV=0.00 mDebye / A, RMSE_ALPHA_per_atom=    0.03, RMSE_ALPHA_DERIV=    2.19
2025-07-12 22:35:55.610 INFO: Epoch 1443: head: Default, loss=1.4835, RMSE_MU_per_atom=0.00 mDebye, RMSE_MU_DERIV=0.00 mDebye / A, RMSE_ALPHA_per_atom=    0.03, RMSE_ALPHA_DERIV=    2.19
2025-07-12 22:36:39.240 INFO: Epoch 1444: head: Default, loss=1.4836, RMSE_MU_per_atom=0.00 mDebye, RMSE_MU_DERIV=0.00 mDebye / A, RMSE_ALPHA_per_atom=    0.03, RMSE_ALPHA_DERIV=    2.19
2025-07-12 22:37:22.860 INFO: Epoch 1445: head: Default, loss=1.4839, RMSE_MU_per_atom=0.00 mDebye, RMSE_MU_DERIV=0.00 mDebye / A, RMSE_ALPHA_per_atom=    0.03, RMSE_ALPHA_DERIV=    2.19
2025-07-12 22:38:06.491 INFO: Epoch 1446: head: Default, loss=1.4840, RMSE_MU_per_atom=0.00 mDebye, RMSE_MU_DERIV=0.00 mDebye / A, RMSE_ALPHA_per_atom=    0.03, RMSE_ALPHA_DERIV=    2.19
2025-07-12 22:38:50.132 INFO: Epoch 1447: head: Default, loss=1.4807, RMSE_MU_per_atom=0.00 mDebye, RMSE_MU_DERIV=0.00 mDebye / A, RMSE_ALPHA_per_atom=    0.03, RMSE_ALPHA_DERIV=    2.19
2025-07-12 22:39:33.744 INFO: Epoch 1448: head: Default, loss=1.4873, RMSE_MU_per_atom=0.00 mDebye, RMSE_MU_DERIV=0.00 mDebye / A, RMSE_ALPHA_per_atom=    0.03, RMSE_ALPHA_DERIV=    2.20
2025-07-12 22:40:17.354 INFO: Epoch 1449: head: Default, loss=1.4847, RMSE_MU_per_atom=0.00 mDebye, RMSE_MU_DERIV=0.00 mDebye / A, RMSE_ALPHA_per_atom=    0.03, RMSE_ALPHA_DERIV=    2.19
2025-07-12 22:41:00.970 INFO: Epoch 1450: head: Default, loss=1.4834, RMSE_MU_per_atom=0.00 mDebye, RMSE_MU_DERIV=0.00 mDebye / A, RMSE_ALPHA_per_atom=    0.03, RMSE_ALPHA_DERIV=    2.19
2025-07-12 22:41:44.573 INFO: Epoch 1451: head: Default, loss=1.4814, RMSE_MU_per_atom=0.00 mDebye, RMSE_MU_DERIV=0.00 mDebye / A, RMSE_ALPHA_per_atom=    0.03, RMSE_ALPHA_DERIV=    2.19
2025-07-12 22:42:28.197 INFO: Epoch 1452: head: Default, loss=1.4833, RMSE_MU_per_atom=0.00 mDebye, RMSE_MU_DERIV=0.00 mDebye / A, RMSE_ALPHA_per_atom=    0.03, RMSE_ALPHA_DERIV=    2.19
2025-07-12 22:43:11.830 INFO: Epoch 1453: head: Default, loss=1.4836, RMSE_MU_per_atom=0.00 mDebye, RMSE_MU_DERIV=0.00 mDebye / A, RMSE_ALPHA_per_atom=    0.03, RMSE_ALPHA_DERIV=    2.19
2025-07-12 22:43:55.446 INFO: Epoch 1454: head: Default, loss=1.4808, RMSE_MU_per_atom=0.00 mDebye, RMSE_MU_DERIV=0.00 mDebye / A, RMSE_ALPHA_per_atom=    0.03, RMSE_ALPHA_DERIV=    2.19
2025-07-12 22:44:39.075 INFO: Epoch 1455: head: Default, loss=1.4839, RMSE_MU_per_atom=0.00 mDebye, RMSE_MU_DERIV=0.00 mDebye / A, RMSE_ALPHA_per_atom=    0.03, RMSE_ALPHA_DERIV=    2.19
2025-07-12 22:45:22.688 INFO: Epoch 1456: head: Default, loss=1.4873, RMSE_MU_per_atom=0.00 mDebye, RMSE_MU_DERIV=0.00 mDebye / A, RMSE_ALPHA_per_atom=    0.03, RMSE_ALPHA_DERIV=    2.20
2025-07-12 22:46:06.296 INFO: Epoch 1457: head: Default, loss=1.4895, RMSE_MU_per_atom=0.00 mDebye, RMSE_MU_DERIV=0.00 mDebye / A, RMSE_ALPHA_per_atom=    0.03, RMSE_ALPHA_DERIV=    2.20
2025-07-12 22:46:49.903 INFO: Epoch 1458: head: Default, loss=1.4869, RMSE_MU_per_atom=0.00 mDebye, RMSE_MU_DERIV=0.00 mDebye / A, RMSE_ALPHA_per_atom=    0.03, RMSE_ALPHA_DERIV=    2.20
2025-07-12 22:47:33.521 INFO: Epoch 1459: head: Default, loss=1.4826, RMSE_MU_per_atom=0.00 mDebye, RMSE_MU_DERIV=0.00 mDebye / A, RMSE_ALPHA_per_atom=    0.03, RMSE_ALPHA_DERIV=    2.19
2025-07-12 22:48:17.140 INFO: Epoch 1460: head: Default, loss=1.4796, RMSE_MU_per_atom=0.00 mDebye, RMSE_MU_DERIV=0.00 mDebye / A, RMSE_ALPHA_per_atom=    0.03, RMSE_ALPHA_DERIV=    2.19
2025-07-12 22:49:00.750 INFO: Epoch 1461: head: Default, loss=1.4818, RMSE_MU_per_atom=0.00 mDebye, RMSE_MU_DERIV=0.00 mDebye / A, RMSE_ALPHA_per_atom=    0.03, RMSE_ALPHA_DERIV=    2.19
2025-07-12 22:49:44.369 INFO: Epoch 1462: head: Default, loss=1.4846, RMSE_MU_per_atom=0.00 mDebye, RMSE_MU_DERIV=0.00 mDebye / A, RMSE_ALPHA_per_atom=    0.03, RMSE_ALPHA_DERIV=    2.19
2025-07-12 22:50:27.984 INFO: Epoch 1463: head: Default, loss=1.4812, RMSE_MU_per_atom=0.00 mDebye, RMSE_MU_DERIV=0.00 mDebye / A, RMSE_ALPHA_per_atom=    0.03, RMSE_ALPHA_DERIV=    2.19
2025-07-12 22:51:11.593 INFO: Epoch 1464: head: Default, loss=1.4849, RMSE_MU_per_atom=0.00 mDebye, RMSE_MU_DERIV=0.00 mDebye / A, RMSE_ALPHA_per_atom=    0.03, RMSE_ALPHA_DERIV=    2.19
2025-07-12 22:51:55.215 INFO: Epoch 1465: head: Default, loss=1.4856, RMSE_MU_per_atom=0.00 mDebye, RMSE_MU_DERIV=0.00 mDebye / A, RMSE_ALPHA_per_atom=    0.03, RMSE_ALPHA_DERIV=    2.19
2025-07-12 22:52:38.846 INFO: Epoch 1466: head: Default, loss=1.4805, RMSE_MU_per_atom=0.00 mDebye, RMSE_MU_DERIV=0.00 mDebye / A, RMSE_ALPHA_per_atom=    0.03, RMSE_ALPHA_DERIV=    2.19
2025-07-12 22:53:22.459 INFO: Epoch 1467: head: Default, loss=1.4850, RMSE_MU_per_atom=0.00 mDebye, RMSE_MU_DERIV=0.00 mDebye / A, RMSE_ALPHA_per_atom=    0.03, RMSE_ALPHA_DERIV=    2.19
2025-07-12 22:54:06.055 INFO: Epoch 1468: head: Default, loss=1.4837, RMSE_MU_per_atom=0.00 mDebye, RMSE_MU_DERIV=0.00 mDebye / A, RMSE_ALPHA_per_atom=    0.03, RMSE_ALPHA_DERIV=    2.19
2025-07-12 22:54:49.675 INFO: Epoch 1469: head: Default, loss=1.4831, RMSE_MU_per_atom=0.00 mDebye, RMSE_MU_DERIV=0.00 mDebye / A, RMSE_ALPHA_per_atom=    0.03, RMSE_ALPHA_DERIV=    2.19
2025-07-12 22:55:33.283 INFO: Epoch 1470: head: Default, loss=1.4829, RMSE_MU_per_atom=0.00 mDebye, RMSE_MU_DERIV=0.00 mDebye / A, RMSE_ALPHA_per_atom=    0.03, RMSE_ALPHA_DERIV=    2.19
2025-07-12 22:56:16.878 INFO: Epoch 1471: head: Default, loss=1.4803, RMSE_MU_per_atom=0.00 mDebye, RMSE_MU_DERIV=0.00 mDebye / A, RMSE_ALPHA_per_atom=    0.03, RMSE_ALPHA_DERIV=    2.19
2025-07-12 22:57:00.479 INFO: Epoch 1472: head: Default, loss=1.4808, RMSE_MU_per_atom=0.00 mDebye, RMSE_MU_DERIV=0.00 mDebye / A, RMSE_ALPHA_per_atom=    0.03, RMSE_ALPHA_DERIV=    2.19
2025-07-12 22:57:44.110 INFO: Epoch 1473: head: Default, loss=1.4786, RMSE_MU_per_atom=0.00 mDebye, RMSE_MU_DERIV=0.00 mDebye / A, RMSE_ALPHA_per_atom=    0.03, RMSE_ALPHA_DERIV=    2.19
2025-07-12 22:58:27.731 INFO: Epoch 1474: head: Default, loss=1.4832, RMSE_MU_per_atom=0.00 mDebye, RMSE_MU_DERIV=0.00 mDebye / A, RMSE_ALPHA_per_atom=    0.03, RMSE_ALPHA_DERIV=    2.19
2025-07-12 22:59:11.361 INFO: Epoch 1475: head: Default, loss=1.4793, RMSE_MU_per_atom=0.00 mDebye, RMSE_MU_DERIV=0.00 mDebye / A, RMSE_ALPHA_per_atom=    0.03, RMSE_ALPHA_DERIV=    2.19
2025-07-12 22:59:54.966 INFO: Epoch 1476: head: Default, loss=1.4815, RMSE_MU_per_atom=0.00 mDebye, RMSE_MU_DERIV=0.00 mDebye / A, RMSE_ALPHA_per_atom=    0.03, RMSE_ALPHA_DERIV=    2.19
2025-07-12 23:00:38.592 INFO: Epoch 1477: head: Default, loss=1.4797, RMSE_MU_per_atom=0.00 mDebye, RMSE_MU_DERIV=0.00 mDebye / A, RMSE_ALPHA_per_atom=    0.03, RMSE_ALPHA_DERIV=    2.19
2025-07-12 23:01:22.208 INFO: Epoch 1478: head: Default, loss=1.4829, RMSE_MU_per_atom=0.00 mDebye, RMSE_MU_DERIV=0.00 mDebye / A, RMSE_ALPHA_per_atom=    0.03, RMSE_ALPHA_DERIV=    2.19
2025-07-12 23:02:05.830 INFO: Epoch 1479: head: Default, loss=1.4803, RMSE_MU_per_atom=0.00 mDebye, RMSE_MU_DERIV=0.00 mDebye / A, RMSE_ALPHA_per_atom=    0.03, RMSE_ALPHA_DERIV=    2.19
2025-07-12 23:02:49.460 INFO: Epoch 1480: head: Default, loss=1.4853, RMSE_MU_per_atom=0.00 mDebye, RMSE_MU_DERIV=0.00 mDebye / A, RMSE_ALPHA_per_atom=    0.03, RMSE_ALPHA_DERIV=    2.19
2025-07-12 23:03:33.088 INFO: Epoch 1481: head: Default, loss=1.4843, RMSE_MU_per_atom=0.00 mDebye, RMSE_MU_DERIV=0.00 mDebye / A, RMSE_ALPHA_per_atom=    0.03, RMSE_ALPHA_DERIV=    2.19
2025-07-12 23:04:16.723 INFO: Epoch 1482: head: Default, loss=1.4803, RMSE_MU_per_atom=0.00 mDebye, RMSE_MU_DERIV=0.00 mDebye / A, RMSE_ALPHA_per_atom=    0.03, RMSE_ALPHA_DERIV=    2.19
2025-07-12 23:05:00.349 INFO: Epoch 1483: head: Default, loss=1.4814, RMSE_MU_per_atom=0.00 mDebye, RMSE_MU_DERIV=0.00 mDebye / A, RMSE_ALPHA_per_atom=    0.03, RMSE_ALPHA_DERIV=    2.19
2025-07-12 23:05:43.988 INFO: Epoch 1484: head: Default, loss=1.4852, RMSE_MU_per_atom=0.00 mDebye, RMSE_MU_DERIV=0.00 mDebye / A, RMSE_ALPHA_per_atom=    0.03, RMSE_ALPHA_DERIV=    2.19
2025-07-12 23:06:27.616 INFO: Epoch 1485: head: Default, loss=1.4828, RMSE_MU_per_atom=0.00 mDebye, RMSE_MU_DERIV=0.00 mDebye / A, RMSE_ALPHA_per_atom=    0.03, RMSE_ALPHA_DERIV=    2.19
2025-07-12 23:07:11.239 INFO: Epoch 1486: head: Default, loss=1.4813, RMSE_MU_per_atom=0.00 mDebye, RMSE_MU_DERIV=0.00 mDebye / A, RMSE_ALPHA_per_atom=    0.03, RMSE_ALPHA_DERIV=    2.19
2025-07-12 23:07:54.866 INFO: Epoch 1487: head: Default, loss=1.4825, RMSE_MU_per_atom=0.00 mDebye, RMSE_MU_DERIV=0.00 mDebye / A, RMSE_ALPHA_per_atom=    0.03, RMSE_ALPHA_DERIV=    2.19
2025-07-12 23:08:38.494 INFO: Epoch 1488: head: Default, loss=1.4817, RMSE_MU_per_atom=0.00 mDebye, RMSE_MU_DERIV=0.00 mDebye / A, RMSE_ALPHA_per_atom=    0.03, RMSE_ALPHA_DERIV=    2.19
2025-07-12 23:09:22.113 INFO: Epoch 1489: head: Default, loss=1.4812, RMSE_MU_per_atom=0.00 mDebye, RMSE_MU_DERIV=0.00 mDebye / A, RMSE_ALPHA_per_atom=    0.03, RMSE_ALPHA_DERIV=    2.19
2025-07-12 23:10:05.752 INFO: Epoch 1490: head: Default, loss=1.4828, RMSE_MU_per_atom=0.00 mDebye, RMSE_MU_DERIV=0.00 mDebye / A, RMSE_ALPHA_per_atom=    0.03, RMSE_ALPHA_DERIV=    2.19
2025-07-12 23:10:49.385 INFO: Epoch 1491: head: Default, loss=1.4806, RMSE_MU_per_atom=0.00 mDebye, RMSE_MU_DERIV=0.00 mDebye / A, RMSE_ALPHA_per_atom=    0.03, RMSE_ALPHA_DERIV=    2.19
2025-07-12 23:11:33.013 INFO: Epoch 1492: head: Default, loss=1.4815, RMSE_MU_per_atom=0.00 mDebye, RMSE_MU_DERIV=0.00 mDebye / A, RMSE_ALPHA_per_atom=    0.03, RMSE_ALPHA_DERIV=    2.19
2025-07-12 23:12:16.642 INFO: Epoch 1493: head: Default, loss=1.4818, RMSE_MU_per_atom=0.00 mDebye, RMSE_MU_DERIV=0.00 mDebye / A, RMSE_ALPHA_per_atom=    0.03, RMSE_ALPHA_DERIV=    2.19
2025-07-12 23:13:00.263 INFO: Epoch 1494: head: Default, loss=1.4816, RMSE_MU_per_atom=0.00 mDebye, RMSE_MU_DERIV=0.00 mDebye / A, RMSE_ALPHA_per_atom=    0.03, RMSE_ALPHA_DERIV=    2.19
2025-07-12 23:13:43.877 INFO: Epoch 1495: head: Default, loss=1.4825, RMSE_MU_per_atom=0.00 mDebye, RMSE_MU_DERIV=0.00 mDebye / A, RMSE_ALPHA_per_atom=    0.03, RMSE_ALPHA_DERIV=    2.19
2025-07-12 23:14:27.512 INFO: Epoch 1496: head: Default, loss=1.4843, RMSE_MU_per_atom=0.00 mDebye, RMSE_MU_DERIV=0.00 mDebye / A, RMSE_ALPHA_per_atom=    0.03, RMSE_ALPHA_DERIV=    2.19
2025-07-12 23:15:11.148 INFO: Epoch 1497: head: Default, loss=1.4833, RMSE_MU_per_atom=0.00 mDebye, RMSE_MU_DERIV=0.00 mDebye / A, RMSE_ALPHA_per_atom=    0.03, RMSE_ALPHA_DERIV=    2.19
2025-07-12 23:15:54.771 INFO: Epoch 1498: head: Default, loss=1.4824, RMSE_MU_per_atom=0.00 mDebye, RMSE_MU_DERIV=0.00 mDebye / A, RMSE_ALPHA_per_atom=    0.03, RMSE_ALPHA_DERIV=    2.19
2025-07-12 23:16:38.405 INFO: Epoch 1499: head: Default, loss=1.4866, RMSE_MU_per_atom=0.00 mDebye, RMSE_MU_DERIV=0.00 mDebye / A, RMSE_ALPHA_per_atom=    0.03, RMSE_ALPHA_DERIV=    2.20
2025-07-12 23:17:22.031 INFO: Epoch 1500: head: Default, loss=1.4846, RMSE_MU_per_atom=0.00 mDebye, RMSE_MU_DERIV=0.00 mDebye / A, RMSE_ALPHA_per_atom=    0.03, RMSE_ALPHA_DERIV=    2.19
2025-07-12 23:18:05.654 INFO: Epoch 1501: head: Default, loss=1.4830, RMSE_MU_per_atom=0.00 mDebye, RMSE_MU_DERIV=0.00 mDebye / A, RMSE_ALPHA_per_atom=    0.03, RMSE_ALPHA_DERIV=    2.19
2025-07-12 23:18:49.275 INFO: Epoch 1502: head: Default, loss=1.4822, RMSE_MU_per_atom=0.00 mDebye, RMSE_MU_DERIV=0.00 mDebye / A, RMSE_ALPHA_per_atom=    0.03, RMSE_ALPHA_DERIV=    2.19
2025-07-12 23:19:32.898 INFO: Epoch 1503: head: Default, loss=1.4788, RMSE_MU_per_atom=0.00 mDebye, RMSE_MU_DERIV=0.00 mDebye / A, RMSE_ALPHA_per_atom=    0.03, RMSE_ALPHA_DERIV=    2.19
2025-07-12 23:20:16.522 INFO: Epoch 1504: head: Default, loss=1.4808, RMSE_MU_per_atom=0.00 mDebye, RMSE_MU_DERIV=0.00 mDebye / A, RMSE_ALPHA_per_atom=    0.03, RMSE_ALPHA_DERIV=    2.19
2025-07-12 23:21:00.163 INFO: Epoch 1505: head: Default, loss=1.4844, RMSE_MU_per_atom=0.00 mDebye, RMSE_MU_DERIV=0.00 mDebye / A, RMSE_ALPHA_per_atom=    0.03, RMSE_ALPHA_DERIV=    2.19
2025-07-12 23:21:43.800 INFO: Epoch 1506: head: Default, loss=1.4801, RMSE_MU_per_atom=0.00 mDebye, RMSE_MU_DERIV=0.00 mDebye / A, RMSE_ALPHA_per_atom=    0.03, RMSE_ALPHA_DERIV=    2.19
2025-07-12 23:22:27.419 INFO: Epoch 1507: head: Default, loss=1.4803, RMSE_MU_per_atom=0.00 mDebye, RMSE_MU_DERIV=0.00 mDebye / A, RMSE_ALPHA_per_atom=    0.03, RMSE_ALPHA_DERIV=    2.19
2025-07-12 23:23:11.038 INFO: Epoch 1508: head: Default, loss=1.4804, RMSE_MU_per_atom=0.00 mDebye, RMSE_MU_DERIV=0.00 mDebye / A, RMSE_ALPHA_per_atom=    0.03, RMSE_ALPHA_DERIV=    2.19
2025-07-12 23:23:54.670 INFO: Epoch 1509: head: Default, loss=1.4872, RMSE_MU_per_atom=0.00 mDebye, RMSE_MU_DERIV=0.00 mDebye / A, RMSE_ALPHA_per_atom=    0.03, RMSE_ALPHA_DERIV=    2.20
2025-07-12 23:24:38.303 INFO: Epoch 1510: head: Default, loss=1.4823, RMSE_MU_per_atom=0.00 mDebye, RMSE_MU_DERIV=0.00 mDebye / A, RMSE_ALPHA_per_atom=    0.03, RMSE_ALPHA_DERIV=    2.19
2025-07-12 23:25:21.942 INFO: Epoch 1511: head: Default, loss=1.4852, RMSE_MU_per_atom=0.00 mDebye, RMSE_MU_DERIV=0.00 mDebye / A, RMSE_ALPHA_per_atom=    0.03, RMSE_ALPHA_DERIV=    2.19
2025-07-12 23:26:05.565 INFO: Epoch 1512: head: Default, loss=1.4831, RMSE_MU_per_atom=0.00 mDebye, RMSE_MU_DERIV=0.00 mDebye / A, RMSE_ALPHA_per_atom=    0.03, RMSE_ALPHA_DERIV=    2.19
2025-07-12 23:26:49.195 INFO: Epoch 1513: head: Default, loss=1.4855, RMSE_MU_per_atom=0.00 mDebye, RMSE_MU_DERIV=0.00 mDebye / A, RMSE_ALPHA_per_atom=    0.03, RMSE_ALPHA_DERIV=    2.19
2025-07-12 23:27:32.814 INFO: Epoch 1514: head: Default, loss=1.4841, RMSE_MU_per_atom=0.00 mDebye, RMSE_MU_DERIV=0.00 mDebye / A, RMSE_ALPHA_per_atom=    0.03, RMSE_ALPHA_DERIV=    2.19
2025-07-12 23:28:16.440 INFO: Epoch 1515: head: Default, loss=1.4821, RMSE_MU_per_atom=0.00 mDebye, RMSE_MU_DERIV=0.00 mDebye / A, RMSE_ALPHA_per_atom=    0.03, RMSE_ALPHA_DERIV=    2.19
2025-07-12 23:29:00.077 INFO: Epoch 1516: head: Default, loss=1.4812, RMSE_MU_per_atom=0.00 mDebye, RMSE_MU_DERIV=0.00 mDebye / A, RMSE_ALPHA_per_atom=    0.03, RMSE_ALPHA_DERIV=    2.19
2025-07-12 23:29:43.708 INFO: Epoch 1517: head: Default, loss=1.4791, RMSE_MU_per_atom=0.00 mDebye, RMSE_MU_DERIV=0.00 mDebye / A, RMSE_ALPHA_per_atom=    0.03, RMSE_ALPHA_DERIV=    2.19
2025-07-12 23:30:27.355 INFO: Epoch 1518: head: Default, loss=1.4830, RMSE_MU_per_atom=0.00 mDebye, RMSE_MU_DERIV=0.00 mDebye / A, RMSE_ALPHA_per_atom=    0.03, RMSE_ALPHA_DERIV=    2.19
2025-07-12 23:31:10.994 INFO: Epoch 1519: head: Default, loss=1.4831, RMSE_MU_per_atom=0.00 mDebye, RMSE_MU_DERIV=0.00 mDebye / A, RMSE_ALPHA_per_atom=    0.03, RMSE_ALPHA_DERIV=    2.19
2025-07-12 23:31:54.622 INFO: Epoch 1520: head: Default, loss=1.4846, RMSE_MU_per_atom=0.00 mDebye, RMSE_MU_DERIV=0.00 mDebye / A, RMSE_ALPHA_per_atom=    0.03, RMSE_ALPHA_DERIV=    2.19
2025-07-12 23:32:38.263 INFO: Epoch 1521: head: Default, loss=1.4795, RMSE_MU_per_atom=0.00 mDebye, RMSE_MU_DERIV=0.00 mDebye / A, RMSE_ALPHA_per_atom=    0.03, RMSE_ALPHA_DERIV=    2.19
2025-07-12 23:33:21.877 INFO: Epoch 1522: head: Default, loss=1.4817, RMSE_MU_per_atom=0.00 mDebye, RMSE_MU_DERIV=0.00 mDebye / A, RMSE_ALPHA_per_atom=    0.03, RMSE_ALPHA_DERIV=    2.19
2025-07-12 23:34:05.507 INFO: Epoch 1523: head: Default, loss=1.4840, RMSE_MU_per_atom=0.00 mDebye, RMSE_MU_DERIV=0.00 mDebye / A, RMSE_ALPHA_per_atom=    0.03, RMSE_ALPHA_DERIV=    2.19
2025-07-12 23:34:49.122 INFO: Epoch 1524: head: Default, loss=1.4818, RMSE_MU_per_atom=0.00 mDebye, RMSE_MU_DERIV=0.00 mDebye / A, RMSE_ALPHA_per_atom=    0.03, RMSE_ALPHA_DERIV=    2.19
2025-07-12 23:35:32.743 INFO: Epoch 1525: head: Default, loss=1.4826, RMSE_MU_per_atom=0.00 mDebye, RMSE_MU_DERIV=0.00 mDebye / A, RMSE_ALPHA_per_atom=    0.03, RMSE_ALPHA_DERIV=    2.19
2025-07-12 23:36:16.398 INFO: Epoch 1526: head: Default, loss=1.4827, RMSE_MU_per_atom=0.00 mDebye, RMSE_MU_DERIV=0.00 mDebye / A, RMSE_ALPHA_per_atom=    0.03, RMSE_ALPHA_DERIV=    2.19
2025-07-12 23:37:00.021 INFO: Epoch 1527: head: Default, loss=1.4820, RMSE_MU_per_atom=0.00 mDebye, RMSE_MU_DERIV=0.00 mDebye / A, RMSE_ALPHA_per_atom=    0.03, RMSE_ALPHA_DERIV=    2.19
2025-07-12 23:37:43.661 INFO: Epoch 1528: head: Default, loss=1.4810, RMSE_MU_per_atom=0.00 mDebye, RMSE_MU_DERIV=0.00 mDebye / A, RMSE_ALPHA_per_atom=    0.03, RMSE_ALPHA_DERIV=    2.19
2025-07-12 23:38:27.287 INFO: Epoch 1529: head: Default, loss=1.4824, RMSE_MU_per_atom=0.00 mDebye, RMSE_MU_DERIV=0.00 mDebye / A, RMSE_ALPHA_per_atom=    0.03, RMSE_ALPHA_DERIV=    2.19
2025-07-12 23:39:10.919 INFO: Epoch 1530: head: Default, loss=1.4836, RMSE_MU_per_atom=0.00 mDebye, RMSE_MU_DERIV=0.00 mDebye / A, RMSE_ALPHA_per_atom=    0.03, RMSE_ALPHA_DERIV=    2.19
2025-07-12 23:39:54.548 INFO: Epoch 1531: head: Default, loss=1.4823, RMSE_MU_per_atom=0.00 mDebye, RMSE_MU_DERIV=0.00 mDebye / A, RMSE_ALPHA_per_atom=    0.03, RMSE_ALPHA_DERIV=    2.19
2025-07-12 23:40:38.178 INFO: Epoch 1532: head: Default, loss=1.4812, RMSE_MU_per_atom=0.00 mDebye, RMSE_MU_DERIV=0.00 mDebye / A, RMSE_ALPHA_per_atom=    0.03, RMSE_ALPHA_DERIV=    2.19
2025-07-12 23:41:21.797 INFO: Epoch 1533: head: Default, loss=1.4856, RMSE_MU_per_atom=0.00 mDebye, RMSE_MU_DERIV=0.00 mDebye / A, RMSE_ALPHA_per_atom=    0.03, RMSE_ALPHA_DERIV=    2.19
2025-07-12 23:42:05.425 INFO: Epoch 1534: head: Default, loss=1.4811, RMSE_MU_per_atom=0.00 mDebye, RMSE_MU_DERIV=0.00 mDebye / A, RMSE_ALPHA_per_atom=    0.03, RMSE_ALPHA_DERIV=    2.19
2025-07-12 23:42:49.059 INFO: Epoch 1535: head: Default, loss=1.4814, RMSE_MU_per_atom=0.00 mDebye, RMSE_MU_DERIV=0.00 mDebye / A, RMSE_ALPHA_per_atom=    0.03, RMSE_ALPHA_DERIV=    2.19
2025-07-12 23:43:32.678 INFO: Epoch 1536: head: Default, loss=1.4809, RMSE_MU_per_atom=0.00 mDebye, RMSE_MU_DERIV=0.00 mDebye / A, RMSE_ALPHA_per_atom=    0.03, RMSE_ALPHA_DERIV=    2.19
2025-07-12 23:44:16.315 INFO: Epoch 1537: head: Default, loss=1.4782, RMSE_MU_per_atom=0.00 mDebye, RMSE_MU_DERIV=0.00 mDebye / A, RMSE_ALPHA_per_atom=    0.03, RMSE_ALPHA_DERIV=    2.19
2025-07-12 23:44:59.953 INFO: Epoch 1538: head: Default, loss=1.4804, RMSE_MU_per_atom=0.00 mDebye, RMSE_MU_DERIV=0.00 mDebye / A, RMSE_ALPHA_per_atom=    0.03, RMSE_ALPHA_DERIV=    2.19
2025-07-12 23:45:43.575 INFO: Epoch 1539: head: Default, loss=1.4836, RMSE_MU_per_atom=0.00 mDebye, RMSE_MU_DERIV=0.00 mDebye / A, RMSE_ALPHA_per_atom=    0.03, RMSE_ALPHA_DERIV=    2.19
2025-07-12 23:46:27.233 INFO: Epoch 1540: head: Default, loss=1.4824, RMSE_MU_per_atom=0.00 mDebye, RMSE_MU_DERIV=0.00 mDebye / A, RMSE_ALPHA_per_atom=    0.03, RMSE_ALPHA_DERIV=    2.19
2025-07-12 23:47:10.863 INFO: Epoch 1541: head: Default, loss=1.4821, RMSE_MU_per_atom=0.00 mDebye, RMSE_MU_DERIV=0.00 mDebye / A, RMSE_ALPHA_per_atom=    0.03, RMSE_ALPHA_DERIV=    2.19
2025-07-12 23:47:54.486 INFO: Epoch 1542: head: Default, loss=1.4857, RMSE_MU_per_atom=0.00 mDebye, RMSE_MU_DERIV=0.00 mDebye / A, RMSE_ALPHA_per_atom=    0.03, RMSE_ALPHA_DERIV=    2.19
2025-07-12 23:48:38.134 INFO: Epoch 1543: head: Default, loss=1.4857, RMSE_MU_per_atom=0.00 mDebye, RMSE_MU_DERIV=0.00 mDebye / A, RMSE_ALPHA_per_atom=    0.03, RMSE_ALPHA_DERIV=    2.20
2025-07-12 23:49:21.752 INFO: Epoch 1544: head: Default, loss=1.4826, RMSE_MU_per_atom=0.00 mDebye, RMSE_MU_DERIV=0.00 mDebye / A, RMSE_ALPHA_per_atom=    0.03, RMSE_ALPHA_DERIV=    2.19
2025-07-12 23:50:05.383 INFO: Epoch 1545: head: Default, loss=1.4844, RMSE_MU_per_atom=0.00 mDebye, RMSE_MU_DERIV=0.00 mDebye / A, RMSE_ALPHA_per_atom=    0.03, RMSE_ALPHA_DERIV=    2.19
2025-07-12 23:50:49.024 INFO: Epoch 1546: head: Default, loss=1.4827, RMSE_MU_per_atom=0.00 mDebye, RMSE_MU_DERIV=0.00 mDebye / A, RMSE_ALPHA_per_atom=    0.03, RMSE_ALPHA_DERIV=    2.19
2025-07-12 23:51:32.651 INFO: Epoch 1547: head: Default, loss=1.4826, RMSE_MU_per_atom=0.00 mDebye, RMSE_MU_DERIV=0.00 mDebye / A, RMSE_ALPHA_per_atom=    0.03, RMSE_ALPHA_DERIV=    2.19
2025-07-12 23:52:16.276 INFO: Epoch 1548: head: Default, loss=1.4809, RMSE_MU_per_atom=0.00 mDebye, RMSE_MU_DERIV=0.00 mDebye / A, RMSE_ALPHA_per_atom=    0.03, RMSE_ALPHA_DERIV=    2.19
2025-07-12 23:52:59.887 INFO: Epoch 1549: head: Default, loss=1.4841, RMSE_MU_per_atom=0.00 mDebye, RMSE_MU_DERIV=0.00 mDebye / A, RMSE_ALPHA_per_atom=    0.03, RMSE_ALPHA_DERIV=    2.19
2025-07-12 23:53:43.512 INFO: Epoch 1550: head: Default, loss=1.4778, RMSE_MU_per_atom=0.00 mDebye, RMSE_MU_DERIV=0.00 mDebye / A, RMSE_ALPHA_per_atom=    0.03, RMSE_ALPHA_DERIV=    2.19
2025-07-12 23:54:27.136 INFO: Epoch 1551: head: Default, loss=1.4793, RMSE_MU_per_atom=0.00 mDebye, RMSE_MU_DERIV=0.00 mDebye / A, RMSE_ALPHA_per_atom=    0.03, RMSE_ALPHA_DERIV=    2.19
2025-07-12 23:55:10.759 INFO: Epoch 1552: head: Default, loss=1.4808, RMSE_MU_per_atom=0.00 mDebye, RMSE_MU_DERIV=0.00 mDebye / A, RMSE_ALPHA_per_atom=    0.03, RMSE_ALPHA_DERIV=    2.19
2025-07-12 23:55:54.386 INFO: Epoch 1553: head: Default, loss=1.4809, RMSE_MU_per_atom=0.00 mDebye, RMSE_MU_DERIV=0.00 mDebye / A, RMSE_ALPHA_per_atom=    0.03, RMSE_ALPHA_DERIV=    2.19
2025-07-12 23:56:38.005 INFO: Epoch 1554: head: Default, loss=1.4822, RMSE_MU_per_atom=0.00 mDebye, RMSE_MU_DERIV=0.00 mDebye / A, RMSE_ALPHA_per_atom=    0.03, RMSE_ALPHA_DERIV=    2.19
2025-07-12 23:57:21.646 INFO: Epoch 1555: head: Default, loss=1.4810, RMSE_MU_per_atom=0.00 mDebye, RMSE_MU_DERIV=0.00 mDebye / A, RMSE_ALPHA_per_atom=    0.03, RMSE_ALPHA_DERIV=    2.19
2025-07-12 23:58:05.262 INFO: Epoch 1556: head: Default, loss=1.4823, RMSE_MU_per_atom=0.00 mDebye, RMSE_MU_DERIV=0.00 mDebye / A, RMSE_ALPHA_per_atom=    0.03, RMSE_ALPHA_DERIV=    2.19
2025-07-12 23:58:48.896 INFO: Epoch 1557: head: Default, loss=1.4802, RMSE_MU_per_atom=0.00 mDebye, RMSE_MU_DERIV=0.00 mDebye / A, RMSE_ALPHA_per_atom=    0.03, RMSE_ALPHA_DERIV=    2.19
2025-07-12 23:59:32.522 INFO: Epoch 1558: head: Default, loss=1.4823, RMSE_MU_per_atom=0.00 mDebye, RMSE_MU_DERIV=0.00 mDebye / A, RMSE_ALPHA_per_atom=    0.03, RMSE_ALPHA_DERIV=    2.19
2025-07-13 00:00:16.163 INFO: Epoch 1559: head: Default, loss=1.4789, RMSE_MU_per_atom=0.00 mDebye, RMSE_MU_DERIV=0.00 mDebye / A, RMSE_ALPHA_per_atom=    0.03, RMSE_ALPHA_DERIV=    2.19
2025-07-13 00:00:59.777 INFO: Epoch 1560: head: Default, loss=1.4824, RMSE_MU_per_atom=0.00 mDebye, RMSE_MU_DERIV=0.00 mDebye / A, RMSE_ALPHA_per_atom=    0.03, RMSE_ALPHA_DERIV=    2.19
2025-07-13 00:01:43.425 INFO: Epoch 1561: head: Default, loss=1.4827, RMSE_MU_per_atom=0.00 mDebye, RMSE_MU_DERIV=0.00 mDebye / A, RMSE_ALPHA_per_atom=    0.03, RMSE_ALPHA_DERIV=    2.19
2025-07-13 00:02:27.046 INFO: Epoch 1562: head: Default, loss=1.4801, RMSE_MU_per_atom=0.00 mDebye, RMSE_MU_DERIV=0.00 mDebye / A, RMSE_ALPHA_per_atom=    0.03, RMSE_ALPHA_DERIV=    2.19
2025-07-13 00:03:10.668 INFO: Epoch 1563: head: Default, loss=1.4821, RMSE_MU_per_atom=0.00 mDebye, RMSE_MU_DERIV=0.00 mDebye / A, RMSE_ALPHA_per_atom=    0.03, RMSE_ALPHA_DERIV=    2.19
2025-07-13 00:03:54.301 INFO: Epoch 1564: head: Default, loss=1.4817, RMSE_MU_per_atom=0.00 mDebye, RMSE_MU_DERIV=0.00 mDebye / A, RMSE_ALPHA_per_atom=    0.03, RMSE_ALPHA_DERIV=    2.19
2025-07-13 00:04:37.926 INFO: Epoch 1565: head: Default, loss=1.4846, RMSE_MU_per_atom=0.00 mDebye, RMSE_MU_DERIV=0.00 mDebye / A, RMSE_ALPHA_per_atom=    0.03, RMSE_ALPHA_DERIV=    2.19
2025-07-13 00:05:21.530 INFO: Epoch 1566: head: Default, loss=1.4821, RMSE_MU_per_atom=0.00 mDebye, RMSE_MU_DERIV=0.00 mDebye / A, RMSE_ALPHA_per_atom=    0.03, RMSE_ALPHA_DERIV=    2.19
2025-07-13 00:06:05.152 INFO: Epoch 1567: head: Default, loss=1.4840, RMSE_MU_per_atom=0.00 mDebye, RMSE_MU_DERIV=0.00 mDebye / A, RMSE_ALPHA_per_atom=    0.03, RMSE_ALPHA_DERIV=    2.19
2025-07-13 00:06:48.768 INFO: Epoch 1568: head: Default, loss=1.4821, RMSE_MU_per_atom=0.00 mDebye, RMSE_MU_DERIV=0.00 mDebye / A, RMSE_ALPHA_per_atom=    0.03, RMSE_ALPHA_DERIV=    2.19
2025-07-13 00:07:32.389 INFO: Epoch 1569: head: Default, loss=1.4814, RMSE_MU_per_atom=0.00 mDebye, RMSE_MU_DERIV=0.00 mDebye / A, RMSE_ALPHA_per_atom=    0.03, RMSE_ALPHA_DERIV=    2.19
2025-07-13 00:08:16.003 INFO: Epoch 1570: head: Default, loss=1.4824, RMSE_MU_per_atom=0.00 mDebye, RMSE_MU_DERIV=0.00 mDebye / A, RMSE_ALPHA_per_atom=    0.03, RMSE_ALPHA_DERIV=    2.19
2025-07-13 00:08:59.634 INFO: Epoch 1571: head: Default, loss=1.4812, RMSE_MU_per_atom=0.00 mDebye, RMSE_MU_DERIV=0.00 mDebye / A, RMSE_ALPHA_per_atom=    0.03, RMSE_ALPHA_DERIV=    2.19
2025-07-13 00:09:43.254 INFO: Epoch 1572: head: Default, loss=1.4819, RMSE_MU_per_atom=0.00 mDebye, RMSE_MU_DERIV=0.00 mDebye / A, RMSE_ALPHA_per_atom=    0.03, RMSE_ALPHA_DERIV=    2.19
2025-07-13 00:10:26.890 INFO: Epoch 1573: head: Default, loss=1.4806, RMSE_MU_per_atom=0.00 mDebye, RMSE_MU_DERIV=0.00 mDebye / A, RMSE_ALPHA_per_atom=    0.03, RMSE_ALPHA_DERIV=    2.19
2025-07-13 00:11:10.514 INFO: Epoch 1574: head: Default, loss=1.4826, RMSE_MU_per_atom=0.00 mDebye, RMSE_MU_DERIV=0.00 mDebye / A, RMSE_ALPHA_per_atom=    0.03, RMSE_ALPHA_DERIV=    2.19
2025-07-13 00:11:54.141 INFO: Epoch 1575: head: Default, loss=1.4811, RMSE_MU_per_atom=0.00 mDebye, RMSE_MU_DERIV=0.00 mDebye / A, RMSE_ALPHA_per_atom=    0.03, RMSE_ALPHA_DERIV=    2.19
2025-07-13 00:12:37.765 INFO: Epoch 1576: head: Default, loss=1.4811, RMSE_MU_per_atom=0.00 mDebye, RMSE_MU_DERIV=0.00 mDebye / A, RMSE_ALPHA_per_atom=    0.03, RMSE_ALPHA_DERIV=    2.19
2025-07-13 00:13:21.405 INFO: Epoch 1577: head: Default, loss=1.4802, RMSE_MU_per_atom=0.00 mDebye, RMSE_MU_DERIV=0.00 mDebye / A, RMSE_ALPHA_per_atom=    0.03, RMSE_ALPHA_DERIV=    2.19
2025-07-13 00:14:05.033 INFO: Epoch 1578: head: Default, loss=1.4821, RMSE_MU_per_atom=0.00 mDebye, RMSE_MU_DERIV=0.00 mDebye / A, RMSE_ALPHA_per_atom=    0.03, RMSE_ALPHA_DERIV=    2.19
2025-07-13 00:14:48.664 INFO: Epoch 1579: head: Default, loss=1.4818, RMSE_MU_per_atom=0.00 mDebye, RMSE_MU_DERIV=0.00 mDebye / A, RMSE_ALPHA_per_atom=    0.03, RMSE_ALPHA_DERIV=    2.19
2025-07-13 00:15:32.294 INFO: Epoch 1580: head: Default, loss=1.4833, RMSE_MU_per_atom=0.00 mDebye, RMSE_MU_DERIV=0.00 mDebye / A, RMSE_ALPHA_per_atom=    0.03, RMSE_ALPHA_DERIV=    2.19
2025-07-13 00:16:15.920 INFO: Epoch 1581: head: Default, loss=1.4821, RMSE_MU_per_atom=0.00 mDebye, RMSE_MU_DERIV=0.00 mDebye / A, RMSE_ALPHA_per_atom=    0.03, RMSE_ALPHA_DERIV=    2.19
2025-07-13 00:16:59.549 INFO: Epoch 1582: head: Default, loss=1.4810, RMSE_MU_per_atom=0.00 mDebye, RMSE_MU_DERIV=0.00 mDebye / A, RMSE_ALPHA_per_atom=    0.03, RMSE_ALPHA_DERIV=    2.19
2025-07-13 00:17:43.167 INFO: Epoch 1583: head: Default, loss=1.4816, RMSE_MU_per_atom=0.00 mDebye, RMSE_MU_DERIV=0.00 mDebye / A, RMSE_ALPHA_per_atom=    0.03, RMSE_ALPHA_DERIV=    2.19
2025-07-13 00:18:26.785 INFO: Epoch 1584: head: Default, loss=1.4805, RMSE_MU_per_atom=0.00 mDebye, RMSE_MU_DERIV=0.00 mDebye / A, RMSE_ALPHA_per_atom=    0.03, RMSE_ALPHA_DERIV=    2.19
2025-07-13 00:19:10.397 INFO: Epoch 1585: head: Default, loss=1.4822, RMSE_MU_per_atom=0.00 mDebye, RMSE_MU_DERIV=0.00 mDebye / A, RMSE_ALPHA_per_atom=    0.03, RMSE_ALPHA_DERIV=    2.19
2025-07-13 00:19:54.014 INFO: Epoch 1586: head: Default, loss=1.4829, RMSE_MU_per_atom=0.00 mDebye, RMSE_MU_DERIV=0.00 mDebye / A, RMSE_ALPHA_per_atom=    0.03, RMSE_ALPHA_DERIV=    2.19
2025-07-13 00:20:37.643 INFO: Epoch 1587: head: Default, loss=1.4819, RMSE_MU_per_atom=0.00 mDebye, RMSE_MU_DERIV=0.00 mDebye / A, RMSE_ALPHA_per_atom=    0.03, RMSE_ALPHA_DERIV=    2.19
2025-07-13 00:21:21.273 INFO: Epoch 1588: head: Default, loss=1.4820, RMSE_MU_per_atom=0.00 mDebye, RMSE_MU_DERIV=0.00 mDebye / A, RMSE_ALPHA_per_atom=    0.03, RMSE_ALPHA_DERIV=    2.19
2025-07-13 00:22:04.892 INFO: Epoch 1589: head: Default, loss=1.4832, RMSE_MU_per_atom=0.00 mDebye, RMSE_MU_DERIV=0.00 mDebye / A, RMSE_ALPHA_per_atom=    0.03, RMSE_ALPHA_DERIV=    2.19
2025-07-13 00:22:48.509 INFO: Epoch 1590: head: Default, loss=1.4818, RMSE_MU_per_atom=0.00 mDebye, RMSE_MU_DERIV=0.00 mDebye / A, RMSE_ALPHA_per_atom=    0.03, RMSE_ALPHA_DERIV=    2.19
2025-07-13 00:23:32.124 INFO: Epoch 1591: head: Default, loss=1.4835, RMSE_MU_per_atom=0.00 mDebye, RMSE_MU_DERIV=0.00 mDebye / A, RMSE_ALPHA_per_atom=    0.03, RMSE_ALPHA_DERIV=    2.19
2025-07-13 00:24:15.753 INFO: Epoch 1592: head: Default, loss=1.4813, RMSE_MU_per_atom=0.00 mDebye, RMSE_MU_DERIV=0.00 mDebye / A, RMSE_ALPHA_per_atom=    0.03, RMSE_ALPHA_DERIV=    2.19
2025-07-13 00:24:59.383 INFO: Epoch 1593: head: Default, loss=1.4819, RMSE_MU_per_atom=0.00 mDebye, RMSE_MU_DERIV=0.00 mDebye / A, RMSE_ALPHA_per_atom=    0.03, RMSE_ALPHA_DERIV=    2.19
2025-07-13 00:25:43.016 INFO: Epoch 1594: head: Default, loss=1.4828, RMSE_MU_per_atom=0.00 mDebye, RMSE_MU_DERIV=0.00 mDebye / A, RMSE_ALPHA_per_atom=    0.03, RMSE_ALPHA_DERIV=    2.19
2025-07-13 00:26:26.663 INFO: Epoch 1595: head: Default, loss=1.4844, RMSE_MU_per_atom=0.00 mDebye, RMSE_MU_DERIV=0.00 mDebye / A, RMSE_ALPHA_per_atom=    0.03, RMSE_ALPHA_DERIV=    2.19
2025-07-13 00:27:10.291 INFO: Epoch 1596: head: Default, loss=1.4803, RMSE_MU_per_atom=0.00 mDebye, RMSE_MU_DERIV=0.00 mDebye / A, RMSE_ALPHA_per_atom=    0.03, RMSE_ALPHA_DERIV=    2.19
2025-07-13 00:27:53.914 INFO: Epoch 1597: head: Default, loss=1.4813, RMSE_MU_per_atom=0.00 mDebye, RMSE_MU_DERIV=0.00 mDebye / A, RMSE_ALPHA_per_atom=    0.03, RMSE_ALPHA_DERIV=    2.19
2025-07-13 00:28:37.545 INFO: Epoch 1598: head: Default, loss=1.4825, RMSE_MU_per_atom=0.00 mDebye, RMSE_MU_DERIV=0.00 mDebye / A, RMSE_ALPHA_per_atom=    0.03, RMSE_ALPHA_DERIV=    2.19
2025-07-13 00:29:21.164 INFO: Epoch 1599: head: Default, loss=1.4833, RMSE_MU_per_atom=0.00 mDebye, RMSE_MU_DERIV=0.00 mDebye / A, RMSE_ALPHA_per_atom=    0.03, RMSE_ALPHA_DERIV=    2.19
2025-07-13 00:30:04.800 INFO: Epoch 1600: head: Default, loss=1.4816, RMSE_MU_per_atom=0.00 mDebye, RMSE_MU_DERIV=0.00 mDebye / A, RMSE_ALPHA_per_atom=    0.03, RMSE_ALPHA_DERIV=    2.19
2025-07-13 00:30:48.435 INFO: Epoch 1601: head: Default, loss=1.4817, RMSE_MU_per_atom=0.00 mDebye, RMSE_MU_DERIV=0.00 mDebye / A, RMSE_ALPHA_per_atom=    0.03, RMSE_ALPHA_DERIV=    2.19
2025-07-13 00:31:32.055 INFO: Epoch 1602: head: Default, loss=1.4823, RMSE_MU_per_atom=0.00 mDebye, RMSE_MU_DERIV=0.00 mDebye / A, RMSE_ALPHA_per_atom=    0.03, RMSE_ALPHA_DERIV=    2.19
2025-07-13 00:32:15.680 INFO: Epoch 1603: head: Default, loss=1.4815, RMSE_MU_per_atom=0.00 mDebye, RMSE_MU_DERIV=0.00 mDebye / A, RMSE_ALPHA_per_atom=    0.03, RMSE_ALPHA_DERIV=    2.19
2025-07-13 00:32:59.299 INFO: Epoch 1604: head: Default, loss=1.4812, RMSE_MU_per_atom=0.00 mDebye, RMSE_MU_DERIV=0.00 mDebye / A, RMSE_ALPHA_per_atom=    0.03, RMSE_ALPHA_DERIV=    2.19
2025-07-13 00:33:42.922 INFO: Epoch 1605: head: Default, loss=1.4817, RMSE_MU_per_atom=0.00 mDebye, RMSE_MU_DERIV=0.00 mDebye / A, RMSE_ALPHA_per_atom=    0.03, RMSE_ALPHA_DERIV=    2.19
2025-07-13 00:34:26.557 INFO: Epoch 1606: head: Default, loss=1.4854, RMSE_MU_per_atom=0.00 mDebye, RMSE_MU_DERIV=0.00 mDebye / A, RMSE_ALPHA_per_atom=    0.03, RMSE_ALPHA_DERIV=    2.19
2025-07-13 00:35:10.187 INFO: Epoch 1607: head: Default, loss=1.4827, RMSE_MU_per_atom=0.00 mDebye, RMSE_MU_DERIV=0.00 mDebye / A, RMSE_ALPHA_per_atom=    0.03, RMSE_ALPHA_DERIV=    2.19
2025-07-13 00:35:53.810 INFO: Epoch 1608: head: Default, loss=1.4824, RMSE_MU_per_atom=0.00 mDebye, RMSE_MU_DERIV=0.00 mDebye / A, RMSE_ALPHA_per_atom=    0.03, RMSE_ALPHA_DERIV=    2.19
2025-07-13 00:36:37.417 INFO: Epoch 1609: head: Default, loss=1.4823, RMSE_MU_per_atom=0.00 mDebye, RMSE_MU_DERIV=0.00 mDebye / A, RMSE_ALPHA_per_atom=    0.03, RMSE_ALPHA_DERIV=    2.19
2025-07-13 00:37:21.034 INFO: Epoch 1610: head: Default, loss=1.4820, RMSE_MU_per_atom=0.00 mDebye, RMSE_MU_DERIV=0.00 mDebye / A, RMSE_ALPHA_per_atom=    0.03, RMSE_ALPHA_DERIV=    2.19
2025-07-13 00:38:04.642 INFO: Epoch 1611: head: Default, loss=1.4824, RMSE_MU_per_atom=0.00 mDebye, RMSE_MU_DERIV=0.00 mDebye / A, RMSE_ALPHA_per_atom=    0.03, RMSE_ALPHA_DERIV=    2.19
2025-07-13 00:38:48.271 INFO: Epoch 1612: head: Default, loss=1.4816, RMSE_MU_per_atom=0.00 mDebye, RMSE_MU_DERIV=0.00 mDebye / A, RMSE_ALPHA_per_atom=    0.03, RMSE_ALPHA_DERIV=    2.19
2025-07-13 00:39:31.882 INFO: Epoch 1613: head: Default, loss=1.4836, RMSE_MU_per_atom=0.00 mDebye, RMSE_MU_DERIV=0.00 mDebye / A, RMSE_ALPHA_per_atom=    0.03, RMSE_ALPHA_DERIV=    2.19
2025-07-13 00:40:15.517 INFO: Epoch 1614: head: Default, loss=1.4814, RMSE_MU_per_atom=0.00 mDebye, RMSE_MU_DERIV=0.00 mDebye / A, RMSE_ALPHA_per_atom=    0.03, RMSE_ALPHA_DERIV=    2.19
2025-07-13 00:40:59.160 INFO: Epoch 1615: head: Default, loss=1.4831, RMSE_MU_per_atom=0.00 mDebye, RMSE_MU_DERIV=0.00 mDebye / A, RMSE_ALPHA_per_atom=    0.03, RMSE_ALPHA_DERIV=    2.19
2025-07-13 00:41:42.782 INFO: Epoch 1616: head: Default, loss=1.4829, RMSE_MU_per_atom=0.00 mDebye, RMSE_MU_DERIV=0.00 mDebye / A, RMSE_ALPHA_per_atom=    0.03, RMSE_ALPHA_DERIV=    2.19
2025-07-13 00:42:26.404 INFO: Epoch 1617: head: Default, loss=1.4811, RMSE_MU_per_atom=0.00 mDebye, RMSE_MU_DERIV=0.00 mDebye / A, RMSE_ALPHA_per_atom=    0.03, RMSE_ALPHA_DERIV=    2.19
2025-07-13 00:43:10.041 INFO: Epoch 1618: head: Default, loss=1.4821, RMSE_MU_per_atom=0.00 mDebye, RMSE_MU_DERIV=0.00 mDebye / A, RMSE_ALPHA_per_atom=    0.03, RMSE_ALPHA_DERIV=    2.19
2025-07-13 00:43:53.659 INFO: Epoch 1619: head: Default, loss=1.4835, RMSE_MU_per_atom=0.00 mDebye, RMSE_MU_DERIV=0.00 mDebye / A, RMSE_ALPHA_per_atom=    0.03, RMSE_ALPHA_DERIV=    2.19
2025-07-13 00:44:37.271 INFO: Epoch 1620: head: Default, loss=1.4825, RMSE_MU_per_atom=0.00 mDebye, RMSE_MU_DERIV=0.00 mDebye / A, RMSE_ALPHA_per_atom=    0.03, RMSE_ALPHA_DERIV=    2.19
2025-07-13 00:45:20.894 INFO: Epoch 1621: head: Default, loss=1.4817, RMSE_MU_per_atom=0.00 mDebye, RMSE_MU_DERIV=0.00 mDebye / A, RMSE_ALPHA_per_atom=    0.03, RMSE_ALPHA_DERIV=    2.19
2025-07-13 00:46:04.506 INFO: Epoch 1622: head: Default, loss=1.4843, RMSE_MU_per_atom=0.00 mDebye, RMSE_MU_DERIV=0.00 mDebye / A, RMSE_ALPHA_per_atom=    0.03, RMSE_ALPHA_DERIV=    2.19
2025-07-13 00:46:48.126 INFO: Epoch 1623: head: Default, loss=1.4830, RMSE_MU_per_atom=0.00 mDebye, RMSE_MU_DERIV=0.00 mDebye / A, RMSE_ALPHA_per_atom=    0.03, RMSE_ALPHA_DERIV=    2.19
2025-07-13 00:47:31.751 INFO: Epoch 1624: head: Default, loss=1.4814, RMSE_MU_per_atom=0.00 mDebye, RMSE_MU_DERIV=0.00 mDebye / A, RMSE_ALPHA_per_atom=    0.03, RMSE_ALPHA_DERIV=    2.19
2025-07-13 00:48:15.387 INFO: Epoch 1625: head: Default, loss=1.4822, RMSE_MU_per_atom=0.00 mDebye, RMSE_MU_DERIV=0.00 mDebye / A, RMSE_ALPHA_per_atom=    0.03, RMSE_ALPHA_DERIV=    2.19
2025-07-13 00:48:59.011 INFO: Epoch 1626: head: Default, loss=1.4812, RMSE_MU_per_atom=0.00 mDebye, RMSE_MU_DERIV=0.00 mDebye / A, RMSE_ALPHA_per_atom=    0.03, RMSE_ALPHA_DERIV=    2.19
2025-07-13 00:49:42.625 INFO: Epoch 1627: head: Default, loss=1.4832, RMSE_MU_per_atom=0.00 mDebye, RMSE_MU_DERIV=0.00 mDebye / A, RMSE_ALPHA_per_atom=    0.03, RMSE_ALPHA_DERIV=    2.19
2025-07-13 00:50:26.244 INFO: Epoch 1628: head: Default, loss=1.4837, RMSE_MU_per_atom=0.00 mDebye, RMSE_MU_DERIV=0.00 mDebye / A, RMSE_ALPHA_per_atom=    0.03, RMSE_ALPHA_DERIV=    2.19
2025-07-13 00:51:09.871 INFO: Epoch 1629: head: Default, loss=1.4815, RMSE_MU_per_atom=0.00 mDebye, RMSE_MU_DERIV=0.00 mDebye / A, RMSE_ALPHA_per_atom=    0.03, RMSE_ALPHA_DERIV=    2.19
2025-07-13 00:51:53.506 INFO: Epoch 1630: head: Default, loss=1.4827, RMSE_MU_per_atom=0.00 mDebye, RMSE_MU_DERIV=0.00 mDebye / A, RMSE_ALPHA_per_atom=    0.03, RMSE_ALPHA_DERIV=    2.19
2025-07-13 00:52:37.135 INFO: Epoch 1631: head: Default, loss=1.4836, RMSE_MU_per_atom=0.00 mDebye, RMSE_MU_DERIV=0.00 mDebye / A, RMSE_ALPHA_per_atom=    0.03, RMSE_ALPHA_DERIV=    2.19
2025-07-13 00:53:20.771 INFO: Epoch 1632: head: Default, loss=1.4833, RMSE_MU_per_atom=0.00 mDebye, RMSE_MU_DERIV=0.00 mDebye / A, RMSE_ALPHA_per_atom=    0.03, RMSE_ALPHA_DERIV=    2.19
2025-07-13 00:54:04.414 INFO: Epoch 1633: head: Default, loss=1.4830, RMSE_MU_per_atom=0.00 mDebye, RMSE_MU_DERIV=0.00 mDebye / A, RMSE_ALPHA_per_atom=    0.03, RMSE_ALPHA_DERIV=    2.19
2025-07-13 00:54:48.036 INFO: Epoch 1634: head: Default, loss=1.4824, RMSE_MU_per_atom=0.00 mDebye, RMSE_MU_DERIV=0.00 mDebye / A, RMSE_ALPHA_per_atom=    0.03, RMSE_ALPHA_DERIV=    2.19
2025-07-13 00:55:31.665 INFO: Epoch 1635: head: Default, loss=1.4833, RMSE_MU_per_atom=0.00 mDebye, RMSE_MU_DERIV=0.00 mDebye / A, RMSE_ALPHA_per_atom=    0.03, RMSE_ALPHA_DERIV=    2.19
2025-07-13 00:56:15.284 INFO: Epoch 1636: head: Default, loss=1.4827, RMSE_MU_per_atom=0.00 mDebye, RMSE_MU_DERIV=0.00 mDebye / A, RMSE_ALPHA_per_atom=    0.03, RMSE_ALPHA_DERIV=    2.19
2025-07-13 00:56:58.913 INFO: Epoch 1637: head: Default, loss=1.4808, RMSE_MU_per_atom=0.00 mDebye, RMSE_MU_DERIV=0.00 mDebye / A, RMSE_ALPHA_per_atom=    0.03, RMSE_ALPHA_DERIV=    2.19
2025-07-13 00:57:42.551 INFO: Epoch 1638: head: Default, loss=1.4804, RMSE_MU_per_atom=0.00 mDebye, RMSE_MU_DERIV=0.00 mDebye / A, RMSE_ALPHA_per_atom=    0.03, RMSE_ALPHA_DERIV=    2.19
2025-07-13 00:58:26.175 INFO: Epoch 1639: head: Default, loss=1.4839, RMSE_MU_per_atom=0.00 mDebye, RMSE_MU_DERIV=0.00 mDebye / A, RMSE_ALPHA_per_atom=    0.03, RMSE_ALPHA_DERIV=    2.19
2025-07-13 00:59:09.806 INFO: Epoch 1640: head: Default, loss=1.4825, RMSE_MU_per_atom=0.00 mDebye, RMSE_MU_DERIV=0.00 mDebye / A, RMSE_ALPHA_per_atom=    0.03, RMSE_ALPHA_DERIV=    2.19
2025-07-13 00:59:53.438 INFO: Epoch 1641: head: Default, loss=1.4810, RMSE_MU_per_atom=0.00 mDebye, RMSE_MU_DERIV=0.00 mDebye / A, RMSE_ALPHA_per_atom=    0.03, RMSE_ALPHA_DERIV=    2.19
2025-07-13 01:00:37.050 INFO: Epoch 1642: head: Default, loss=1.4818, RMSE_MU_per_atom=0.00 mDebye, RMSE_MU_DERIV=0.00 mDebye / A, RMSE_ALPHA_per_atom=    0.03, RMSE_ALPHA_DERIV=    2.19
2025-07-13 01:01:20.690 INFO: Epoch 1643: head: Default, loss=1.4801, RMSE_MU_per_atom=0.00 mDebye, RMSE_MU_DERIV=0.00 mDebye / A, RMSE_ALPHA_per_atom=    0.03, RMSE_ALPHA_DERIV=    2.19
2025-07-13 01:02:04.311 INFO: Epoch 1644: head: Default, loss=1.4823, RMSE_MU_per_atom=0.00 mDebye, RMSE_MU_DERIV=0.00 mDebye / A, RMSE_ALPHA_per_atom=    0.03, RMSE_ALPHA_DERIV=    2.19
2025-07-13 01:02:47.924 INFO: Epoch 1645: head: Default, loss=1.4813, RMSE_MU_per_atom=0.00 mDebye, RMSE_MU_DERIV=0.00 mDebye / A, RMSE_ALPHA_per_atom=    0.03, RMSE_ALPHA_DERIV=    2.19
2025-07-13 01:03:31.559 INFO: Epoch 1646: head: Default, loss=1.4834, RMSE_MU_per_atom=0.00 mDebye, RMSE_MU_DERIV=0.00 mDebye / A, RMSE_ALPHA_per_atom=    0.03, RMSE_ALPHA_DERIV=    2.19
2025-07-13 01:04:15.194 INFO: Epoch 1647: head: Default, loss=1.4805, RMSE_MU_per_atom=0.00 mDebye, RMSE_MU_DERIV=0.00 mDebye / A, RMSE_ALPHA_per_atom=    0.03, RMSE_ALPHA_DERIV=    2.19
2025-07-13 01:04:58.835 INFO: Epoch 1648: head: Default, loss=1.4807, RMSE_MU_per_atom=0.00 mDebye, RMSE_MU_DERIV=0.00 mDebye / A, RMSE_ALPHA_per_atom=    0.03, RMSE_ALPHA_DERIV=    2.19
2025-07-13 01:05:42.472 INFO: Epoch 1649: head: Default, loss=1.4808, RMSE_MU_per_atom=0.00 mDebye, RMSE_MU_DERIV=0.00 mDebye / A, RMSE_ALPHA_per_atom=    0.03, RMSE_ALPHA_DERIV=    2.19
2025-07-13 01:06:26.090 INFO: Epoch 1650: head: Default, loss=1.4791, RMSE_MU_per_atom=0.00 mDebye, RMSE_MU_DERIV=0.00 mDebye / A, RMSE_ALPHA_per_atom=    0.03, RMSE_ALPHA_DERIV=    2.19
2025-07-13 01:07:09.694 INFO: Epoch 1651: head: Default, loss=1.4816, RMSE_MU_per_atom=0.00 mDebye, RMSE_MU_DERIV=0.00 mDebye / A, RMSE_ALPHA_per_atom=    0.03, RMSE_ALPHA_DERIV=    2.19
2025-07-13 01:07:53.349 INFO: Epoch 1652: head: Default, loss=1.4809, RMSE_MU_per_atom=0.00 mDebye, RMSE_MU_DERIV=0.00 mDebye / A, RMSE_ALPHA_per_atom=    0.03, RMSE_ALPHA_DERIV=    2.19
2025-07-13 01:08:36.964 INFO: Epoch 1653: head: Default, loss=1.4819, RMSE_MU_per_atom=0.00 mDebye, RMSE_MU_DERIV=0.00 mDebye / A, RMSE_ALPHA_per_atom=    0.03, RMSE_ALPHA_DERIV=    2.19
2025-07-13 01:09:20.587 INFO: Epoch 1654: head: Default, loss=1.4813, RMSE_MU_per_atom=0.00 mDebye, RMSE_MU_DERIV=0.00 mDebye / A, RMSE_ALPHA_per_atom=    0.03, RMSE_ALPHA_DERIV=    2.19
2025-07-13 01:10:04.213 INFO: Epoch 1655: head: Default, loss=1.4812, RMSE_MU_per_atom=0.00 mDebye, RMSE_MU_DERIV=0.00 mDebye / A, RMSE_ALPHA_per_atom=    0.03, RMSE_ALPHA_DERIV=    2.19
2025-07-13 01:10:47.836 INFO: Epoch 1656: head: Default, loss=1.4820, RMSE_MU_per_atom=0.00 mDebye, RMSE_MU_DERIV=0.00 mDebye / A, RMSE_ALPHA_per_atom=    0.03, RMSE_ALPHA_DERIV=    2.19
2025-07-13 01:11:31.468 INFO: Epoch 1657: head: Default, loss=1.4825, RMSE_MU_per_atom=0.00 mDebye, RMSE_MU_DERIV=0.00 mDebye / A, RMSE_ALPHA_per_atom=    0.03, RMSE_ALPHA_DERIV=    2.19
2025-07-13 01:12:15.110 INFO: Epoch 1658: head: Default, loss=1.4823, RMSE_MU_per_atom=0.00 mDebye, RMSE_MU_DERIV=0.00 mDebye / A, RMSE_ALPHA_per_atom=    0.03, RMSE_ALPHA_DERIV=    2.19
2025-07-13 01:12:58.735 INFO: Epoch 1659: head: Default, loss=1.4818, RMSE_MU_per_atom=0.00 mDebye, RMSE_MU_DERIV=0.00 mDebye / A, RMSE_ALPHA_per_atom=    0.03, RMSE_ALPHA_DERIV=    2.19
2025-07-13 01:13:42.348 INFO: Epoch 1660: head: Default, loss=1.4821, RMSE_MU_per_atom=0.00 mDebye, RMSE_MU_DERIV=0.00 mDebye / A, RMSE_ALPHA_per_atom=    0.03, RMSE_ALPHA_DERIV=    2.19
2025-07-13 01:14:25.982 INFO: Epoch 1661: head: Default, loss=1.4826, RMSE_MU_per_atom=0.00 mDebye, RMSE_MU_DERIV=0.00 mDebye / A, RMSE_ALPHA_per_atom=    0.03, RMSE_ALPHA_DERIV=    2.19
2025-07-13 01:15:09.621 INFO: Epoch 1662: head: Default, loss=1.4819, RMSE_MU_per_atom=0.00 mDebye, RMSE_MU_DERIV=0.00 mDebye / A, RMSE_ALPHA_per_atom=    0.03, RMSE_ALPHA_DERIV=    2.19
2025-07-13 01:15:53.253 INFO: Epoch 1663: head: Default, loss=1.4818, RMSE_MU_per_atom=0.00 mDebye, RMSE_MU_DERIV=0.00 mDebye / A, RMSE_ALPHA_per_atom=    0.03, RMSE_ALPHA_DERIV=    2.19
2025-07-13 01:16:36.894 INFO: Epoch 1664: head: Default, loss=1.4821, RMSE_MU_per_atom=0.00 mDebye, RMSE_MU_DERIV=0.00 mDebye / A, RMSE_ALPHA_per_atom=    0.03, RMSE_ALPHA_DERIV=    2.19
2025-07-13 01:17:20.533 INFO: Epoch 1665: head: Default, loss=1.4812, RMSE_MU_per_atom=0.00 mDebye, RMSE_MU_DERIV=0.00 mDebye / A, RMSE_ALPHA_per_atom=    0.03, RMSE_ALPHA_DERIV=    2.19
2025-07-13 01:18:04.183 INFO: Epoch 1666: head: Default, loss=1.4809, RMSE_MU_per_atom=0.00 mDebye, RMSE_MU_DERIV=0.00 mDebye / A, RMSE_ALPHA_per_atom=    0.03, RMSE_ALPHA_DERIV=    2.19
2025-07-13 01:18:47.826 INFO: Epoch 1667: head: Default, loss=1.4822, RMSE_MU_per_atom=0.00 mDebye, RMSE_MU_DERIV=0.00 mDebye / A, RMSE_ALPHA_per_atom=    0.03, RMSE_ALPHA_DERIV=    2.19
2025-07-13 01:19:31.454 INFO: Epoch 1668: head: Default, loss=1.4815, RMSE_MU_per_atom=0.00 mDebye, RMSE_MU_DERIV=0.00 mDebye / A, RMSE_ALPHA_per_atom=    0.03, RMSE_ALPHA_DERIV=    2.19
2025-07-13 01:20:15.092 INFO: Epoch 1669: head: Default, loss=1.4821, RMSE_MU_per_atom=0.00 mDebye, RMSE_MU_DERIV=0.00 mDebye / A, RMSE_ALPHA_per_atom=    0.03, RMSE_ALPHA_DERIV=    2.19
2025-07-13 01:20:58.722 INFO: Epoch 1670: head: Default, loss=1.4816, RMSE_MU_per_atom=0.00 mDebye, RMSE_MU_DERIV=0.00 mDebye / A, RMSE_ALPHA_per_atom=    0.03, RMSE_ALPHA_DERIV=    2.19
2025-07-13 01:21:42.337 INFO: Epoch 1671: head: Default, loss=1.4825, RMSE_MU_per_atom=0.00 mDebye, RMSE_MU_DERIV=0.00 mDebye / A, RMSE_ALPHA_per_atom=    0.03, RMSE_ALPHA_DERIV=    2.19
2025-07-13 01:22:25.961 INFO: Epoch 1672: head: Default, loss=1.4795, RMSE_MU_per_atom=0.00 mDebye, RMSE_MU_DERIV=0.00 mDebye / A, RMSE_ALPHA_per_atom=    0.03, RMSE_ALPHA_DERIV=    2.19
2025-07-13 01:23:09.587 INFO: Epoch 1673: head: Default, loss=1.4794, RMSE_MU_per_atom=0.00 mDebye, RMSE_MU_DERIV=0.00 mDebye / A, RMSE_ALPHA_per_atom=    0.03, RMSE_ALPHA_DERIV=    2.19
2025-07-13 01:23:53.224 INFO: Epoch 1674: head: Default, loss=1.4827, RMSE_MU_per_atom=0.00 mDebye, RMSE_MU_DERIV=0.00 mDebye / A, RMSE_ALPHA_per_atom=    0.03, RMSE_ALPHA_DERIV=    2.19
2025-07-13 01:24:36.838 INFO: Epoch 1675: head: Default, loss=1.4804, RMSE_MU_per_atom=0.00 mDebye, RMSE_MU_DERIV=0.00 mDebye / A, RMSE_ALPHA_per_atom=    0.03, RMSE_ALPHA_DERIV=    2.19
2025-07-13 01:25:20.477 INFO: Epoch 1676: head: Default, loss=1.4822, RMSE_MU_per_atom=0.00 mDebye, RMSE_MU_DERIV=0.00 mDebye / A, RMSE_ALPHA_per_atom=    0.03, RMSE_ALPHA_DERIV=    2.19
2025-07-13 01:26:04.115 INFO: Epoch 1677: head: Default, loss=1.4806, RMSE_MU_per_atom=0.00 mDebye, RMSE_MU_DERIV=0.00 mDebye / A, RMSE_ALPHA_per_atom=    0.03, RMSE_ALPHA_DERIV=    2.19
2025-07-13 01:26:47.739 INFO: Epoch 1678: head: Default, loss=1.4810, RMSE_MU_per_atom=0.00 mDebye, RMSE_MU_DERIV=0.00 mDebye / A, RMSE_ALPHA_per_atom=    0.03, RMSE_ALPHA_DERIV=    2.19
2025-07-13 01:27:31.370 INFO: Epoch 1679: head: Default, loss=1.4802, RMSE_MU_per_atom=0.00 mDebye, RMSE_MU_DERIV=0.00 mDebye / A, RMSE_ALPHA_per_atom=    0.03, RMSE_ALPHA_DERIV=    2.19
2025-07-13 01:28:14.988 INFO: Epoch 1680: head: Default, loss=1.4814, RMSE_MU_per_atom=0.00 mDebye, RMSE_MU_DERIV=0.00 mDebye / A, RMSE_ALPHA_per_atom=    0.03, RMSE_ALPHA_DERIV=    2.19
2025-07-13 01:28:58.620 INFO: Epoch 1681: head: Default, loss=1.4814, RMSE_MU_per_atom=0.00 mDebye, RMSE_MU_DERIV=0.00 mDebye / A, RMSE_ALPHA_per_atom=    0.03, RMSE_ALPHA_DERIV=    2.19
2025-07-13 01:29:42.264 INFO: Epoch 1682: head: Default, loss=1.4818, RMSE_MU_per_atom=0.00 mDebye, RMSE_MU_DERIV=0.00 mDebye / A, RMSE_ALPHA_per_atom=    0.03, RMSE_ALPHA_DERIV=    2.19
2025-07-13 01:30:25.874 INFO: Epoch 1683: head: Default, loss=1.4820, RMSE_MU_per_atom=0.00 mDebye, RMSE_MU_DERIV=0.00 mDebye / A, RMSE_ALPHA_per_atom=    0.03, RMSE_ALPHA_DERIV=    2.19
2025-07-13 01:31:09.499 INFO: Epoch 1684: head: Default, loss=1.4814, RMSE_MU_per_atom=0.00 mDebye, RMSE_MU_DERIV=0.00 mDebye / A, RMSE_ALPHA_per_atom=    0.03, RMSE_ALPHA_DERIV=    2.19
2025-07-13 01:31:53.125 INFO: Epoch 1685: head: Default, loss=1.4819, RMSE_MU_per_atom=0.00 mDebye, RMSE_MU_DERIV=0.00 mDebye / A, RMSE_ALPHA_per_atom=    0.03, RMSE_ALPHA_DERIV=    2.19
2025-07-13 01:32:36.737 INFO: Epoch 1686: head: Default, loss=1.4824, RMSE_MU_per_atom=0.00 mDebye, RMSE_MU_DERIV=0.00 mDebye / A, RMSE_ALPHA_per_atom=    0.03, RMSE_ALPHA_DERIV=    2.19
2025-07-13 01:33:20.345 INFO: Epoch 1687: head: Default, loss=1.4797, RMSE_MU_per_atom=0.00 mDebye, RMSE_MU_DERIV=0.00 mDebye / A, RMSE_ALPHA_per_atom=    0.03, RMSE_ALPHA_DERIV=    2.19
2025-07-13 01:34:03.976 INFO: Epoch 1688: head: Default, loss=1.4806, RMSE_MU_per_atom=0.00 mDebye, RMSE_MU_DERIV=0.00 mDebye / A, RMSE_ALPHA_per_atom=    0.03, RMSE_ALPHA_DERIV=    2.19
2025-07-13 01:34:47.624 INFO: Epoch 1689: head: Default, loss=1.4798, RMSE_MU_per_atom=0.00 mDebye, RMSE_MU_DERIV=0.00 mDebye / A, RMSE_ALPHA_per_atom=    0.03, RMSE_ALPHA_DERIV=    2.19
2025-07-13 01:35:31.248 INFO: Epoch 1690: head: Default, loss=1.4805, RMSE_MU_per_atom=0.00 mDebye, RMSE_MU_DERIV=0.00 mDebye / A, RMSE_ALPHA_per_atom=    0.03, RMSE_ALPHA_DERIV=    2.19
2025-07-13 01:36:14.867 INFO: Epoch 1691: head: Default, loss=1.4824, RMSE_MU_per_atom=0.00 mDebye, RMSE_MU_DERIV=0.00 mDebye / A, RMSE_ALPHA_per_atom=    0.03, RMSE_ALPHA_DERIV=    2.19
2025-07-13 01:36:58.500 INFO: Epoch 1692: head: Default, loss=1.4823, RMSE_MU_per_atom=0.00 mDebye, RMSE_MU_DERIV=0.00 mDebye / A, RMSE_ALPHA_per_atom=    0.03, RMSE_ALPHA_DERIV=    2.19
2025-07-13 01:37:42.136 INFO: Epoch 1693: head: Default, loss=1.4822, RMSE_MU_per_atom=0.00 mDebye, RMSE_MU_DERIV=0.00 mDebye / A, RMSE_ALPHA_per_atom=    0.03, RMSE_ALPHA_DERIV=    2.19
2025-07-13 01:38:25.764 INFO: Epoch 1694: head: Default, loss=1.4800, RMSE_MU_per_atom=0.00 mDebye, RMSE_MU_DERIV=0.00 mDebye / A, RMSE_ALPHA_per_atom=    0.03, RMSE_ALPHA_DERIV=    2.19
2025-07-13 01:39:09.397 INFO: Epoch 1695: head: Default, loss=1.4826, RMSE_MU_per_atom=0.00 mDebye, RMSE_MU_DERIV=0.00 mDebye / A, RMSE_ALPHA_per_atom=    0.03, RMSE_ALPHA_DERIV=    2.19
2025-07-13 01:39:53.033 INFO: Epoch 1696: head: Default, loss=1.4816, RMSE_MU_per_atom=0.00 mDebye, RMSE_MU_DERIV=0.00 mDebye / A, RMSE_ALPHA_per_atom=    0.03, RMSE_ALPHA_DERIV=    2.19
2025-07-13 01:40:36.669 INFO: Epoch 1697: head: Default, loss=1.4806, RMSE_MU_per_atom=0.00 mDebye, RMSE_MU_DERIV=0.00 mDebye / A, RMSE_ALPHA_per_atom=    0.03, RMSE_ALPHA_DERIV=    2.19
2025-07-13 01:41:20.284 INFO: Epoch 1698: head: Default, loss=1.4800, RMSE_MU_per_atom=0.00 mDebye, RMSE_MU_DERIV=0.00 mDebye / A, RMSE_ALPHA_per_atom=    0.03, RMSE_ALPHA_DERIV=    2.19
2025-07-13 01:42:03.912 INFO: Epoch 1699: head: Default, loss=1.4811, RMSE_MU_per_atom=0.00 mDebye, RMSE_MU_DERIV=0.00 mDebye / A, RMSE_ALPHA_per_atom=    0.03, RMSE_ALPHA_DERIV=    2.19
2025-07-13 01:42:47.536 INFO: Epoch 1700: head: Default, loss=1.4818, RMSE_MU_per_atom=0.00 mDebye, RMSE_MU_DERIV=0.00 mDebye / A, RMSE_ALPHA_per_atom=    0.03, RMSE_ALPHA_DERIV=    2.19
2025-07-13 01:43:31.167 INFO: Epoch 1701: head: Default, loss=1.4813, RMSE_MU_per_atom=0.00 mDebye, RMSE_MU_DERIV=0.00 mDebye / A, RMSE_ALPHA_per_atom=    0.03, RMSE_ALPHA_DERIV=    2.19
2025-07-13 01:44:14.812 INFO: Epoch 1702: head: Default, loss=1.4803, RMSE_MU_per_atom=0.00 mDebye, RMSE_MU_DERIV=0.00 mDebye / A, RMSE_ALPHA_per_atom=    0.03, RMSE_ALPHA_DERIV=    2.19
2025-07-13 01:44:58.452 INFO: Epoch 1703: head: Default, loss=1.4806, RMSE_MU_per_atom=0.00 mDebye, RMSE_MU_DERIV=0.00 mDebye / A, RMSE_ALPHA_per_atom=    0.03, RMSE_ALPHA_DERIV=    2.19
2025-07-13 01:45:42.099 INFO: Epoch 1704: head: Default, loss=1.4812, RMSE_MU_per_atom=0.00 mDebye, RMSE_MU_DERIV=0.00 mDebye / A, RMSE_ALPHA_per_atom=    0.03, RMSE_ALPHA_DERIV=    2.19
2025-07-13 01:46:25.726 INFO: Epoch 1705: head: Default, loss=1.4812, RMSE_MU_per_atom=0.00 mDebye, RMSE_MU_DERIV=0.00 mDebye / A, RMSE_ALPHA_per_atom=    0.03, RMSE_ALPHA_DERIV=    2.19
2025-07-13 01:47:09.356 INFO: Epoch 1706: head: Default, loss=1.4826, RMSE_MU_per_atom=0.00 mDebye, RMSE_MU_DERIV=0.00 mDebye / A, RMSE_ALPHA_per_atom=    0.03, RMSE_ALPHA_DERIV=    2.19
2025-07-13 01:47:52.986 INFO: Epoch 1707: head: Default, loss=1.4814, RMSE_MU_per_atom=0.00 mDebye, RMSE_MU_DERIV=0.00 mDebye / A, RMSE_ALPHA_per_atom=    0.03, RMSE_ALPHA_DERIV=    2.19
2025-07-13 01:48:36.615 INFO: Epoch 1708: head: Default, loss=1.4815, RMSE_MU_per_atom=0.00 mDebye, RMSE_MU_DERIV=0.00 mDebye / A, RMSE_ALPHA_per_atom=    0.03, RMSE_ALPHA_DERIV=    2.19
2025-07-13 01:49:20.249 INFO: Epoch 1709: head: Default, loss=1.4818, RMSE_MU_per_atom=0.00 mDebye, RMSE_MU_DERIV=0.00 mDebye / A, RMSE_ALPHA_per_atom=    0.03, RMSE_ALPHA_DERIV=    2.19
2025-07-13 01:50:03.885 INFO: Epoch 1710: head: Default, loss=1.4819, RMSE_MU_per_atom=0.00 mDebye, RMSE_MU_DERIV=0.00 mDebye / A, RMSE_ALPHA_per_atom=    0.03, RMSE_ALPHA_DERIV=    2.19
2025-07-13 01:50:47.515 INFO: Epoch 1711: head: Default, loss=1.4814, RMSE_MU_per_atom=0.00 mDebye, RMSE_MU_DERIV=0.00 mDebye / A, RMSE_ALPHA_per_atom=    0.03, RMSE_ALPHA_DERIV=    2.19
2025-07-13 01:51:31.153 INFO: Epoch 1712: head: Default, loss=1.4801, RMSE_MU_per_atom=0.00 mDebye, RMSE_MU_DERIV=0.00 mDebye / A, RMSE_ALPHA_per_atom=    0.03, RMSE_ALPHA_DERIV=    2.19
2025-07-13 01:52:14.774 INFO: Epoch 1713: head: Default, loss=1.4810, RMSE_MU_per_atom=0.00 mDebye, RMSE_MU_DERIV=0.00 mDebye / A, RMSE_ALPHA_per_atom=    0.03, RMSE_ALPHA_DERIV=    2.19
2025-07-13 01:52:58.398 INFO: Epoch 1714: head: Default, loss=1.4809, RMSE_MU_per_atom=0.00 mDebye, RMSE_MU_DERIV=0.00 mDebye / A, RMSE_ALPHA_per_atom=    0.03, RMSE_ALPHA_DERIV=    2.19
2025-07-13 01:53:42.045 INFO: Epoch 1715: head: Default, loss=1.4799, RMSE_MU_per_atom=0.00 mDebye, RMSE_MU_DERIV=0.00 mDebye / A, RMSE_ALPHA_per_atom=    0.03, RMSE_ALPHA_DERIV=    2.19
2025-07-13 01:54:25.679 INFO: Epoch 1716: head: Default, loss=1.4800, RMSE_MU_per_atom=0.00 mDebye, RMSE_MU_DERIV=0.00 mDebye / A, RMSE_ALPHA_per_atom=    0.03, RMSE_ALPHA_DERIV=    2.19
2025-07-13 01:55:09.321 INFO: Epoch 1717: head: Default, loss=1.4803, RMSE_MU_per_atom=0.00 mDebye, RMSE_MU_DERIV=0.00 mDebye / A, RMSE_ALPHA_per_atom=    0.03, RMSE_ALPHA_DERIV=    2.19
2025-07-13 01:55:52.957 INFO: Epoch 1718: head: Default, loss=1.4804, RMSE_MU_per_atom=0.00 mDebye, RMSE_MU_DERIV=0.00 mDebye / A, RMSE_ALPHA_per_atom=    0.03, RMSE_ALPHA_DERIV=    2.19
2025-07-13 01:56:36.580 INFO: Epoch 1719: head: Default, loss=1.4801, RMSE_MU_per_atom=0.00 mDebye, RMSE_MU_DERIV=0.00 mDebye / A, RMSE_ALPHA_per_atom=    0.03, RMSE_ALPHA_DERIV=    2.19
2025-07-13 01:57:20.216 INFO: Epoch 1720: head: Default, loss=1.4812, RMSE_MU_per_atom=0.00 mDebye, RMSE_MU_DERIV=0.00 mDebye / A, RMSE_ALPHA_per_atom=    0.03, RMSE_ALPHA_DERIV=    2.19
2025-07-13 01:58:03.841 INFO: Epoch 1721: head: Default, loss=1.4821, RMSE_MU_per_atom=0.00 mDebye, RMSE_MU_DERIV=0.00 mDebye / A, RMSE_ALPHA_per_atom=    0.03, RMSE_ALPHA_DERIV=    2.19
2025-07-13 01:58:47.475 INFO: Epoch 1722: head: Default, loss=1.4806, RMSE_MU_per_atom=0.00 mDebye, RMSE_MU_DERIV=0.00 mDebye / A, RMSE_ALPHA_per_atom=    0.03, RMSE_ALPHA_DERIV=    2.19
2025-07-13 01:59:31.102 INFO: Epoch 1723: head: Default, loss=1.4809, RMSE_MU_per_atom=0.00 mDebye, RMSE_MU_DERIV=0.00 mDebye / A, RMSE_ALPHA_per_atom=    0.03, RMSE_ALPHA_DERIV=    2.19
2025-07-13 02:00:14.735 INFO: Epoch 1724: head: Default, loss=1.4800, RMSE_MU_per_atom=0.00 mDebye, RMSE_MU_DERIV=0.00 mDebye / A, RMSE_ALPHA_per_atom=    0.03, RMSE_ALPHA_DERIV=    2.19
2025-07-13 02:00:58.374 INFO: Epoch 1725: head: Default, loss=1.4816, RMSE_MU_per_atom=0.00 mDebye, RMSE_MU_DERIV=0.00 mDebye / A, RMSE_ALPHA_per_atom=    0.03, RMSE_ALPHA_DERIV=    2.19
2025-07-13 02:01:42.004 INFO: Epoch 1726: head: Default, loss=1.4811, RMSE_MU_per_atom=0.00 mDebye, RMSE_MU_DERIV=0.00 mDebye / A, RMSE_ALPHA_per_atom=    0.03, RMSE_ALPHA_DERIV=    2.19
2025-07-13 02:02:25.638 INFO: Epoch 1727: head: Default, loss=1.4804, RMSE_MU_per_atom=0.00 mDebye, RMSE_MU_DERIV=0.00 mDebye / A, RMSE_ALPHA_per_atom=    0.03, RMSE_ALPHA_DERIV=    2.19
2025-07-13 02:03:09.265 INFO: Epoch 1728: head: Default, loss=1.4822, RMSE_MU_per_atom=0.00 mDebye, RMSE_MU_DERIV=0.00 mDebye / A, RMSE_ALPHA_per_atom=    0.03, RMSE_ALPHA_DERIV=    2.19
2025-07-13 02:03:52.893 INFO: Epoch 1729: head: Default, loss=1.4810, RMSE_MU_per_atom=0.00 mDebye, RMSE_MU_DERIV=0.00 mDebye / A, RMSE_ALPHA_per_atom=    0.03, RMSE_ALPHA_DERIV=    2.19
2025-07-13 02:04:36.530 INFO: Epoch 1730: head: Default, loss=1.4818, RMSE_MU_per_atom=0.00 mDebye, RMSE_MU_DERIV=0.00 mDebye / A, RMSE_ALPHA_per_atom=    0.03, RMSE_ALPHA_DERIV=    2.19
2025-07-13 02:05:20.171 INFO: Epoch 1731: head: Default, loss=1.4817, RMSE_MU_per_atom=0.00 mDebye, RMSE_MU_DERIV=0.00 mDebye / A, RMSE_ALPHA_per_atom=    0.03, RMSE_ALPHA_DERIV=    2.19
2025-07-13 02:06:03.810 INFO: Epoch 1732: head: Default, loss=1.4821, RMSE_MU_per_atom=0.00 mDebye, RMSE_MU_DERIV=0.00 mDebye / A, RMSE_ALPHA_per_atom=    0.03, RMSE_ALPHA_DERIV=    2.19
2025-07-13 02:06:47.453 INFO: Epoch 1733: head: Default, loss=1.4815, RMSE_MU_per_atom=0.00 mDebye, RMSE_MU_DERIV=0.00 mDebye / A, RMSE_ALPHA_per_atom=    0.03, RMSE_ALPHA_DERIV=    2.19
2025-07-13 02:07:31.056 INFO: Epoch 1734: head: Default, loss=1.4813, RMSE_MU_per_atom=0.00 mDebye, RMSE_MU_DERIV=0.00 mDebye / A, RMSE_ALPHA_per_atom=    0.03, RMSE_ALPHA_DERIV=    2.19
2025-07-13 02:08:14.690 INFO: Epoch 1735: head: Default, loss=1.4810, RMSE_MU_per_atom=0.00 mDebye, RMSE_MU_DERIV=0.00 mDebye / A, RMSE_ALPHA_per_atom=    0.03, RMSE_ALPHA_DERIV=    2.19
2025-07-13 02:08:58.320 INFO: Epoch 1736: head: Default, loss=1.4816, RMSE_MU_per_atom=0.00 mDebye, RMSE_MU_DERIV=0.00 mDebye / A, RMSE_ALPHA_per_atom=    0.03, RMSE_ALPHA_DERIV=    2.19
2025-07-13 02:09:41.943 INFO: Epoch 1737: head: Default, loss=1.4790, RMSE_MU_per_atom=0.00 mDebye, RMSE_MU_DERIV=0.00 mDebye / A, RMSE_ALPHA_per_atom=    0.03, RMSE_ALPHA_DERIV=    2.19
2025-07-13 02:10:25.566 INFO: Epoch 1738: head: Default, loss=1.4826, RMSE_MU_per_atom=0.00 mDebye, RMSE_MU_DERIV=0.00 mDebye / A, RMSE_ALPHA_per_atom=    0.03, RMSE_ALPHA_DERIV=    2.19
2025-07-13 02:11:09.204 INFO: Epoch 1739: head: Default, loss=1.4802, RMSE_MU_per_atom=0.00 mDebye, RMSE_MU_DERIV=0.00 mDebye / A, RMSE_ALPHA_per_atom=    0.03, RMSE_ALPHA_DERIV=    2.19
2025-07-13 02:11:52.824 INFO: Epoch 1740: head: Default, loss=1.4810, RMSE_MU_per_atom=0.00 mDebye, RMSE_MU_DERIV=0.00 mDebye / A, RMSE_ALPHA_per_atom=    0.03, RMSE_ALPHA_DERIV=    2.19
2025-07-13 02:12:36.443 INFO: Epoch 1741: head: Default, loss=1.4806, RMSE_MU_per_atom=0.00 mDebye, RMSE_MU_DERIV=0.00 mDebye / A, RMSE_ALPHA_per_atom=    0.03, RMSE_ALPHA_DERIV=    2.19
2025-07-13 02:13:20.065 INFO: Epoch 1742: head: Default, loss=1.4812, RMSE_MU_per_atom=0.00 mDebye, RMSE_MU_DERIV=0.00 mDebye / A, RMSE_ALPHA_per_atom=    0.03, RMSE_ALPHA_DERIV=    2.19
2025-07-13 02:14:03.702 INFO: Epoch 1743: head: Default, loss=1.4816, RMSE_MU_per_atom=0.00 mDebye, RMSE_MU_DERIV=0.00 mDebye / A, RMSE_ALPHA_per_atom=    0.03, RMSE_ALPHA_DERIV=    2.19
2025-07-13 02:14:47.343 INFO: Epoch 1744: head: Default, loss=1.4803, RMSE_MU_per_atom=0.00 mDebye, RMSE_MU_DERIV=0.00 mDebye / A, RMSE_ALPHA_per_atom=    0.03, RMSE_ALPHA_DERIV=    2.19
2025-07-13 02:15:30.981 INFO: Epoch 1745: head: Default, loss=1.4799, RMSE_MU_per_atom=0.00 mDebye, RMSE_MU_DERIV=0.00 mDebye / A, RMSE_ALPHA_per_atom=    0.03, RMSE_ALPHA_DERIV=    2.19
2025-07-13 02:16:14.604 INFO: Epoch 1746: head: Default, loss=1.4815, RMSE_MU_per_atom=0.00 mDebye, RMSE_MU_DERIV=0.00 mDebye / A, RMSE_ALPHA_per_atom=    0.03, RMSE_ALPHA_DERIV=    2.19
2025-07-13 02:16:58.240 INFO: Epoch 1747: head: Default, loss=1.4797, RMSE_MU_per_atom=0.00 mDebye, RMSE_MU_DERIV=0.00 mDebye / A, RMSE_ALPHA_per_atom=    0.03, RMSE_ALPHA_DERIV=    2.19
2025-07-13 02:17:41.857 INFO: Epoch 1748: head: Default, loss=1.4810, RMSE_MU_per_atom=0.00 mDebye, RMSE_MU_DERIV=0.00 mDebye / A, RMSE_ALPHA_per_atom=    0.03, RMSE_ALPHA_DERIV=    2.19
2025-07-13 02:18:25.484 INFO: Epoch 1749: head: Default, loss=1.4807, RMSE_MU_per_atom=0.00 mDebye, RMSE_MU_DERIV=0.00 mDebye / A, RMSE_ALPHA_per_atom=    0.03, RMSE_ALPHA_DERIV=    2.19
2025-07-13 02:19:09.098 INFO: Epoch 1750: head: Default, loss=1.4810, RMSE_MU_per_atom=0.00 mDebye, RMSE_MU_DERIV=0.00 mDebye / A, RMSE_ALPHA_per_atom=    0.03, RMSE_ALPHA_DERIV=    2.19
2025-07-13 02:19:52.738 INFO: Epoch 1751: head: Default, loss=1.4820, RMSE_MU_per_atom=0.00 mDebye, RMSE_MU_DERIV=0.00 mDebye / A, RMSE_ALPHA_per_atom=    0.03, RMSE_ALPHA_DERIV=    2.19
2025-07-13 02:20:36.376 INFO: Epoch 1752: head: Default, loss=1.4801, RMSE_MU_per_atom=0.00 mDebye, RMSE_MU_DERIV=0.00 mDebye / A, RMSE_ALPHA_per_atom=    0.03, RMSE_ALPHA_DERIV=    2.19
2025-07-13 02:21:20.020 INFO: Epoch 1753: head: Default, loss=1.4803, RMSE_MU_per_atom=0.00 mDebye, RMSE_MU_DERIV=0.00 mDebye / A, RMSE_ALPHA_per_atom=    0.03, RMSE_ALPHA_DERIV=    2.19
2025-07-13 02:22:03.647 INFO: Epoch 1754: head: Default, loss=1.4798, RMSE_MU_per_atom=0.00 mDebye, RMSE_MU_DERIV=0.00 mDebye / A, RMSE_ALPHA_per_atom=    0.03, RMSE_ALPHA_DERIV=    2.19
2025-07-13 02:22:47.297 INFO: Epoch 1755: head: Default, loss=1.4804, RMSE_MU_per_atom=0.00 mDebye, RMSE_MU_DERIV=0.00 mDebye / A, RMSE_ALPHA_per_atom=    0.03, RMSE_ALPHA_DERIV=    2.19
2025-07-13 02:23:30.940 INFO: Epoch 1756: head: Default, loss=1.4797, RMSE_MU_per_atom=0.00 mDebye, RMSE_MU_DERIV=0.00 mDebye / A, RMSE_ALPHA_per_atom=    0.03, RMSE_ALPHA_DERIV=    2.19
2025-07-13 02:24:14.562 INFO: Epoch 1757: head: Default, loss=1.4809, RMSE_MU_per_atom=0.00 mDebye, RMSE_MU_DERIV=0.00 mDebye / A, RMSE_ALPHA_per_atom=    0.03, RMSE_ALPHA_DERIV=    2.19
2025-07-13 02:24:58.203 INFO: Epoch 1758: head: Default, loss=1.4815, RMSE_MU_per_atom=0.00 mDebye, RMSE_MU_DERIV=0.00 mDebye / A, RMSE_ALPHA_per_atom=    0.03, RMSE_ALPHA_DERIV=    2.19
2025-07-13 02:25:41.831 INFO: Epoch 1759: head: Default, loss=1.4805, RMSE_MU_per_atom=0.00 mDebye, RMSE_MU_DERIV=0.00 mDebye / A, RMSE_ALPHA_per_atom=    0.03, RMSE_ALPHA_DERIV=    2.19
2025-07-13 02:26:25.470 INFO: Epoch 1760: head: Default, loss=1.4821, RMSE_MU_per_atom=0.00 mDebye, RMSE_MU_DERIV=0.00 mDebye / A, RMSE_ALPHA_per_atom=    0.03, RMSE_ALPHA_DERIV=    2.19
2025-07-13 02:27:09.090 INFO: Epoch 1761: head: Default, loss=1.4814, RMSE_MU_per_atom=0.00 mDebye, RMSE_MU_DERIV=0.00 mDebye / A, RMSE_ALPHA_per_atom=    0.03, RMSE_ALPHA_DERIV=    2.19
2025-07-13 02:27:52.720 INFO: Epoch 1762: head: Default, loss=1.4804, RMSE_MU_per_atom=0.00 mDebye, RMSE_MU_DERIV=0.00 mDebye / A, RMSE_ALPHA_per_atom=    0.03, RMSE_ALPHA_DERIV=    2.19
2025-07-13 02:28:36.354 INFO: Epoch 1763: head: Default, loss=1.4799, RMSE_MU_per_atom=0.00 mDebye, RMSE_MU_DERIV=0.00 mDebye / A, RMSE_ALPHA_per_atom=    0.03, RMSE_ALPHA_DERIV=    2.19
2025-07-13 02:29:19.978 INFO: Epoch 1764: head: Default, loss=1.4802, RMSE_MU_per_atom=0.00 mDebye, RMSE_MU_DERIV=0.00 mDebye / A, RMSE_ALPHA_per_atom=    0.03, RMSE_ALPHA_DERIV=    2.19
2025-07-13 02:30:03.623 INFO: Epoch 1765: head: Default, loss=1.4814, RMSE_MU_per_atom=0.00 mDebye, RMSE_MU_DERIV=0.00 mDebye / A, RMSE_ALPHA_per_atom=    0.03, RMSE_ALPHA_DERIV=    2.19
2025-07-13 02:30:47.268 INFO: Epoch 1766: head: Default, loss=1.4815, RMSE_MU_per_atom=0.00 mDebye, RMSE_MU_DERIV=0.00 mDebye / A, RMSE_ALPHA_per_atom=    0.03, RMSE_ALPHA_DERIV=    2.19
2025-07-13 02:31:30.897 INFO: Epoch 1767: head: Default, loss=1.4813, RMSE_MU_per_atom=0.00 mDebye, RMSE_MU_DERIV=0.00 mDebye / A, RMSE_ALPHA_per_atom=    0.03, RMSE_ALPHA_DERIV=    2.19
2025-07-13 02:32:14.533 INFO: Epoch 1768: head: Default, loss=1.4817, RMSE_MU_per_atom=0.00 mDebye, RMSE_MU_DERIV=0.00 mDebye / A, RMSE_ALPHA_per_atom=    0.03, RMSE_ALPHA_DERIV=    2.19
2025-07-13 02:32:58.143 INFO: Epoch 1769: head: Default, loss=1.4816, RMSE_MU_per_atom=0.00 mDebye, RMSE_MU_DERIV=0.00 mDebye / A, RMSE_ALPHA_per_atom=    0.03, RMSE_ALPHA_DERIV=    2.19
2025-07-13 02:33:41.781 INFO: Epoch 1770: head: Default, loss=1.4816, RMSE_MU_per_atom=0.00 mDebye, RMSE_MU_DERIV=0.00 mDebye / A, RMSE_ALPHA_per_atom=    0.03, RMSE_ALPHA_DERIV=    2.19
2025-07-13 02:34:25.409 INFO: Epoch 1771: head: Default, loss=1.4830, RMSE_MU_per_atom=0.00 mDebye, RMSE_MU_DERIV=0.00 mDebye / A, RMSE_ALPHA_per_atom=    0.03, RMSE_ALPHA_DERIV=    2.19
2025-07-13 02:35:09.041 INFO: Epoch 1772: head: Default, loss=1.4809, RMSE_MU_per_atom=0.00 mDebye, RMSE_MU_DERIV=0.00 mDebye / A, RMSE_ALPHA_per_atom=    0.03, RMSE_ALPHA_DERIV=    2.19
2025-07-13 02:35:52.691 INFO: Epoch 1773: head: Default, loss=1.4809, RMSE_MU_per_atom=0.00 mDebye, RMSE_MU_DERIV=0.00 mDebye / A, RMSE_ALPHA_per_atom=    0.03, RMSE_ALPHA_DERIV=    2.19
2025-07-13 02:36:36.321 INFO: Epoch 1774: head: Default, loss=1.4812, RMSE_MU_per_atom=0.00 mDebye, RMSE_MU_DERIV=0.00 mDebye / A, RMSE_ALPHA_per_atom=    0.03, RMSE_ALPHA_DERIV=    2.19
2025-07-13 02:37:19.950 INFO: Epoch 1775: head: Default, loss=1.4818, RMSE_MU_per_atom=0.00 mDebye, RMSE_MU_DERIV=0.00 mDebye / A, RMSE_ALPHA_per_atom=    0.03, RMSE_ALPHA_DERIV=    2.19
2025-07-13 02:38:03.583 INFO: Epoch 1776: head: Default, loss=1.4818, RMSE_MU_per_atom=0.00 mDebye, RMSE_MU_DERIV=0.00 mDebye / A, RMSE_ALPHA_per_atom=    0.03, RMSE_ALPHA_DERIV=    2.19
2025-07-13 02:38:47.225 INFO: Epoch 1777: head: Default, loss=1.4813, RMSE_MU_per_atom=0.00 mDebye, RMSE_MU_DERIV=0.00 mDebye / A, RMSE_ALPHA_per_atom=    0.03, RMSE_ALPHA_DERIV=    2.19
2025-07-13 02:39:30.852 INFO: Epoch 1778: head: Default, loss=1.4803, RMSE_MU_per_atom=0.00 mDebye, RMSE_MU_DERIV=0.00 mDebye / A, RMSE_ALPHA_per_atom=    0.03, RMSE_ALPHA_DERIV=    2.19
2025-07-13 02:40:14.492 INFO: Epoch 1779: head: Default, loss=1.4811, RMSE_MU_per_atom=0.00 mDebye, RMSE_MU_DERIV=0.00 mDebye / A, RMSE_ALPHA_per_atom=    0.03, RMSE_ALPHA_DERIV=    2.19
2025-07-13 02:40:58.134 INFO: Epoch 1780: head: Default, loss=1.4819, RMSE_MU_per_atom=0.00 mDebye, RMSE_MU_DERIV=0.00 mDebye / A, RMSE_ALPHA_per_atom=    0.03, RMSE_ALPHA_DERIV=    2.19
2025-07-13 02:41:41.786 INFO: Epoch 1781: head: Default, loss=1.4812, RMSE_MU_per_atom=0.00 mDebye, RMSE_MU_DERIV=0.00 mDebye / A, RMSE_ALPHA_per_atom=    0.03, RMSE_ALPHA_DERIV=    2.19
2025-07-13 02:42:25.416 INFO: Epoch 1782: head: Default, loss=1.4806, RMSE_MU_per_atom=0.00 mDebye, RMSE_MU_DERIV=0.00 mDebye / A, RMSE_ALPHA_per_atom=    0.03, RMSE_ALPHA_DERIV=    2.19
2025-07-13 02:43:09.041 INFO: Epoch 1783: head: Default, loss=1.4805, RMSE_MU_per_atom=0.00 mDebye, RMSE_MU_DERIV=0.00 mDebye / A, RMSE_ALPHA_per_atom=    0.03, RMSE_ALPHA_DERIV=    2.19
2025-07-13 02:43:52.685 INFO: Epoch 1784: head: Default, loss=1.4811, RMSE_MU_per_atom=0.00 mDebye, RMSE_MU_DERIV=0.00 mDebye / A, RMSE_ALPHA_per_atom=    0.03, RMSE_ALPHA_DERIV=    2.19
2025-07-13 02:44:36.322 INFO: Epoch 1785: head: Default, loss=1.4807, RMSE_MU_per_atom=0.00 mDebye, RMSE_MU_DERIV=0.00 mDebye / A, RMSE_ALPHA_per_atom=    0.03, RMSE_ALPHA_DERIV=    2.19
2025-07-13 02:45:19.962 INFO: Epoch 1786: head: Default, loss=1.4818, RMSE_MU_per_atom=0.00 mDebye, RMSE_MU_DERIV=0.00 mDebye / A, RMSE_ALPHA_per_atom=    0.03, RMSE_ALPHA_DERIV=    2.19
2025-07-13 02:46:03.583 INFO: Epoch 1787: head: Default, loss=1.4812, RMSE_MU_per_atom=0.00 mDebye, RMSE_MU_DERIV=0.00 mDebye / A, RMSE_ALPHA_per_atom=    0.03, RMSE_ALPHA_DERIV=    2.19
2025-07-13 02:46:47.214 INFO: Epoch 1788: head: Default, loss=1.4798, RMSE_MU_per_atom=0.00 mDebye, RMSE_MU_DERIV=0.00 mDebye / A, RMSE_ALPHA_per_atom=    0.03, RMSE_ALPHA_DERIV=    2.19
2025-07-13 02:47:30.853 INFO: Epoch 1789: head: Default, loss=1.4800, RMSE_MU_per_atom=0.00 mDebye, RMSE_MU_DERIV=0.00 mDebye / A, RMSE_ALPHA_per_atom=    0.03, RMSE_ALPHA_DERIV=    2.19
2025-07-13 02:48:14.490 INFO: Epoch 1790: head: Default, loss=1.4817, RMSE_MU_per_atom=0.00 mDebye, RMSE_MU_DERIV=0.00 mDebye / A, RMSE_ALPHA_per_atom=    0.03, RMSE_ALPHA_DERIV=    2.19
2025-07-13 02:48:58.140 INFO: Epoch 1791: head: Default, loss=1.4821, RMSE_MU_per_atom=0.00 mDebye, RMSE_MU_DERIV=0.00 mDebye / A, RMSE_ALPHA_per_atom=    0.03, RMSE_ALPHA_DERIV=    2.19
2025-07-13 02:49:41.778 INFO: Epoch 1792: head: Default, loss=1.4821, RMSE_MU_per_atom=0.00 mDebye, RMSE_MU_DERIV=0.00 mDebye / A, RMSE_ALPHA_per_atom=    0.03, RMSE_ALPHA_DERIV=    2.19
2025-07-13 02:50:25.441 INFO: Epoch 1793: head: Default, loss=1.4812, RMSE_MU_per_atom=0.00 mDebye, RMSE_MU_DERIV=0.00 mDebye / A, RMSE_ALPHA_per_atom=    0.03, RMSE_ALPHA_DERIV=    2.19
2025-07-13 02:51:09.074 INFO: Epoch 1794: head: Default, loss=1.4806, RMSE_MU_per_atom=0.00 mDebye, RMSE_MU_DERIV=0.00 mDebye / A, RMSE_ALPHA_per_atom=    0.03, RMSE_ALPHA_DERIV=    2.19
2025-07-13 02:51:52.708 INFO: Epoch 1795: head: Default, loss=1.4802, RMSE_MU_per_atom=0.00 mDebye, RMSE_MU_DERIV=0.00 mDebye / A, RMSE_ALPHA_per_atom=    0.03, RMSE_ALPHA_DERIV=    2.19
2025-07-13 02:52:36.340 INFO: Epoch 1796: head: Default, loss=1.4803, RMSE_MU_per_atom=0.00 mDebye, RMSE_MU_DERIV=0.00 mDebye / A, RMSE_ALPHA_per_atom=    0.03, RMSE_ALPHA_DERIV=    2.19
2025-07-13 02:53:19.976 INFO: Epoch 1797: head: Default, loss=1.4813, RMSE_MU_per_atom=0.00 mDebye, RMSE_MU_DERIV=0.00 mDebye / A, RMSE_ALPHA_per_atom=    0.03, RMSE_ALPHA_DERIV=    2.19
2025-07-13 02:54:03.598 INFO: Epoch 1798: head: Default, loss=1.4799, RMSE_MU_per_atom=0.00 mDebye, RMSE_MU_DERIV=0.00 mDebye / A, RMSE_ALPHA_per_atom=    0.03, RMSE_ALPHA_DERIV=    2.19
2025-07-13 02:54:47.228 INFO: Epoch 1799: head: Default, loss=1.4812, RMSE_MU_per_atom=0.00 mDebye, RMSE_MU_DERIV=0.00 mDebye / A, RMSE_ALPHA_per_atom=    0.03, RMSE_ALPHA_DERIV=    2.19
2025-07-13 02:55:30.869 INFO: Epoch 1800: head: Default, loss=1.4817, RMSE_MU_per_atom=0.00 mDebye, RMSE_MU_DERIV=0.00 mDebye / A, RMSE_ALPHA_per_atom=    0.03, RMSE_ALPHA_DERIV=    2.19
2025-07-13 02:56:14.509 INFO: Epoch 1801: head: Default, loss=1.4800, RMSE_MU_per_atom=0.00 mDebye, RMSE_MU_DERIV=0.00 mDebye / A, RMSE_ALPHA_per_atom=    0.03, RMSE_ALPHA_DERIV=    2.19
2025-07-13 02:56:58.141 INFO: Epoch 1802: head: Default, loss=1.4801, RMSE_MU_per_atom=0.00 mDebye, RMSE_MU_DERIV=0.00 mDebye / A, RMSE_ALPHA_per_atom=    0.03, RMSE_ALPHA_DERIV=    2.19
2025-07-13 02:57:41.790 INFO: Epoch 1803: head: Default, loss=1.4813, RMSE_MU_per_atom=0.00 mDebye, RMSE_MU_DERIV=0.00 mDebye / A, RMSE_ALPHA_per_atom=    0.03, RMSE_ALPHA_DERIV=    2.19
2025-07-13 02:58:25.415 INFO: Epoch 1804: head: Default, loss=1.4814, RMSE_MU_per_atom=0.00 mDebye, RMSE_MU_DERIV=0.00 mDebye / A, RMSE_ALPHA_per_atom=    0.03, RMSE_ALPHA_DERIV=    2.19
2025-07-13 02:59:09.037 INFO: Epoch 1805: head: Default, loss=1.4812, RMSE_MU_per_atom=0.00 mDebye, RMSE_MU_DERIV=0.00 mDebye / A, RMSE_ALPHA_per_atom=    0.03, RMSE_ALPHA_DERIV=    2.19
2025-07-13 02:59:52.669 INFO: Epoch 1806: head: Default, loss=1.4804, RMSE_MU_per_atom=0.00 mDebye, RMSE_MU_DERIV=0.00 mDebye / A, RMSE_ALPHA_per_atom=    0.03, RMSE_ALPHA_DERIV=    2.19
2025-07-13 03:00:36.294 INFO: Epoch 1807: head: Default, loss=1.4806, RMSE_MU_per_atom=0.00 mDebye, RMSE_MU_DERIV=0.00 mDebye / A, RMSE_ALPHA_per_atom=    0.03, RMSE_ALPHA_DERIV=    2.19
2025-07-13 03:01:19.927 INFO: Epoch 1808: head: Default, loss=1.4810, RMSE_MU_per_atom=0.00 mDebye, RMSE_MU_DERIV=0.00 mDebye / A, RMSE_ALPHA_per_atom=    0.03, RMSE_ALPHA_DERIV=    2.19
2025-07-13 03:02:03.553 INFO: Epoch 1809: head: Default, loss=1.4808, RMSE_MU_per_atom=0.00 mDebye, RMSE_MU_DERIV=0.00 mDebye / A, RMSE_ALPHA_per_atom=    0.03, RMSE_ALPHA_DERIV=    2.19
2025-07-13 03:02:47.190 INFO: Epoch 1810: head: Default, loss=1.4807, RMSE_MU_per_atom=0.00 mDebye, RMSE_MU_DERIV=0.00 mDebye / A, RMSE_ALPHA_per_atom=    0.03, RMSE_ALPHA_DERIV=    2.19
2025-07-13 03:03:30.804 INFO: Epoch 1811: head: Default, loss=1.4807, RMSE_MU_per_atom=0.00 mDebye, RMSE_MU_DERIV=0.00 mDebye / A, RMSE_ALPHA_per_atom=    0.03, RMSE_ALPHA_DERIV=    2.19
2025-07-13 03:04:14.441 INFO: Epoch 1812: head: Default, loss=1.4819, RMSE_MU_per_atom=0.00 mDebye, RMSE_MU_DERIV=0.00 mDebye / A, RMSE_ALPHA_per_atom=    0.03, RMSE_ALPHA_DERIV=    2.19
2025-07-13 03:04:58.064 INFO: Epoch 1813: head: Default, loss=1.4815, RMSE_MU_per_atom=0.00 mDebye, RMSE_MU_DERIV=0.00 mDebye / A, RMSE_ALPHA_per_atom=    0.03, RMSE_ALPHA_DERIV=    2.19
2025-07-13 03:05:41.692 INFO: Epoch 1814: head: Default, loss=1.4812, RMSE_MU_per_atom=0.00 mDebye, RMSE_MU_DERIV=0.00 mDebye / A, RMSE_ALPHA_per_atom=    0.03, RMSE_ALPHA_DERIV=    2.19
2025-07-13 03:06:25.327 INFO: Epoch 1815: head: Default, loss=1.4808, RMSE_MU_per_atom=0.00 mDebye, RMSE_MU_DERIV=0.00 mDebye / A, RMSE_ALPHA_per_atom=    0.03, RMSE_ALPHA_DERIV=    2.19
2025-07-13 03:07:08.955 INFO: Epoch 1816: head: Default, loss=1.4808, RMSE_MU_per_atom=0.00 mDebye, RMSE_MU_DERIV=0.00 mDebye / A, RMSE_ALPHA_per_atom=    0.03, RMSE_ALPHA_DERIV=    2.19
2025-07-13 03:07:52.583 INFO: Epoch 1817: head: Default, loss=1.4804, RMSE_MU_per_atom=0.00 mDebye, RMSE_MU_DERIV=0.00 mDebye / A, RMSE_ALPHA_per_atom=    0.03, RMSE_ALPHA_DERIV=    2.19
2025-07-13 03:08:36.211 INFO: Epoch 1818: head: Default, loss=1.4798, RMSE_MU_per_atom=0.00 mDebye, RMSE_MU_DERIV=0.00 mDebye / A, RMSE_ALPHA_per_atom=    0.03, RMSE_ALPHA_DERIV=    2.19
2025-07-13 03:09:19.841 INFO: Epoch 1819: head: Default, loss=1.4803, RMSE_MU_per_atom=0.00 mDebye, RMSE_MU_DERIV=0.00 mDebye / A, RMSE_ALPHA_per_atom=    0.03, RMSE_ALPHA_DERIV=    2.19
2025-07-13 03:10:03.466 INFO: Epoch 1820: head: Default, loss=1.4813, RMSE_MU_per_atom=0.00 mDebye, RMSE_MU_DERIV=0.00 mDebye / A, RMSE_ALPHA_per_atom=    0.03, RMSE_ALPHA_DERIV=    2.19
2025-07-13 03:10:47.092 INFO: Epoch 1821: head: Default, loss=1.4807, RMSE_MU_per_atom=0.00 mDebye, RMSE_MU_DERIV=0.00 mDebye / A, RMSE_ALPHA_per_atom=    0.03, RMSE_ALPHA_DERIV=    2.19
2025-07-13 03:11:30.709 INFO: Epoch 1822: head: Default, loss=1.4809, RMSE_MU_per_atom=0.00 mDebye, RMSE_MU_DERIV=0.00 mDebye / A, RMSE_ALPHA_per_atom=    0.03, RMSE_ALPHA_DERIV=    2.19
2025-07-13 03:12:14.336 INFO: Epoch 1823: head: Default, loss=1.4807, RMSE_MU_per_atom=0.00 mDebye, RMSE_MU_DERIV=0.00 mDebye / A, RMSE_ALPHA_per_atom=    0.03, RMSE_ALPHA_DERIV=    2.19
2025-07-13 03:12:57.971 INFO: Epoch 1824: head: Default, loss=1.4813, RMSE_MU_per_atom=0.00 mDebye, RMSE_MU_DERIV=0.00 mDebye / A, RMSE_ALPHA_per_atom=    0.03, RMSE_ALPHA_DERIV=    2.19
2025-07-13 03:13:41.602 INFO: Epoch 1825: head: Default, loss=1.4798, RMSE_MU_per_atom=0.00 mDebye, RMSE_MU_DERIV=0.00 mDebye / A, RMSE_ALPHA_per_atom=    0.03, RMSE_ALPHA_DERIV=    2.19
2025-07-13 03:14:25.233 INFO: Epoch 1826: head: Default, loss=1.4814, RMSE_MU_per_atom=0.00 mDebye, RMSE_MU_DERIV=0.00 mDebye / A, RMSE_ALPHA_per_atom=    0.03, RMSE_ALPHA_DERIV=    2.19
2025-07-13 03:15:08.867 INFO: Epoch 1827: head: Default, loss=1.4801, RMSE_MU_per_atom=0.00 mDebye, RMSE_MU_DERIV=0.00 mDebye / A, RMSE_ALPHA_per_atom=    0.03, RMSE_ALPHA_DERIV=    2.19
2025-07-13 03:15:52.492 INFO: Epoch 1828: head: Default, loss=1.4812, RMSE_MU_per_atom=0.00 mDebye, RMSE_MU_DERIV=0.00 mDebye / A, RMSE_ALPHA_per_atom=    0.03, RMSE_ALPHA_DERIV=    2.19
2025-07-13 03:16:36.127 INFO: Epoch 1829: head: Default, loss=1.4806, RMSE_MU_per_atom=0.00 mDebye, RMSE_MU_DERIV=0.00 mDebye / A, RMSE_ALPHA_per_atom=    0.03, RMSE_ALPHA_DERIV=    2.19
2025-07-13 03:17:19.742 INFO: Epoch 1830: head: Default, loss=1.4806, RMSE_MU_per_atom=0.00 mDebye, RMSE_MU_DERIV=0.00 mDebye / A, RMSE_ALPHA_per_atom=    0.03, RMSE_ALPHA_DERIV=    2.19
2025-07-13 03:18:03.360 INFO: Epoch 1831: head: Default, loss=1.4808, RMSE_MU_per_atom=0.00 mDebye, RMSE_MU_DERIV=0.00 mDebye / A, RMSE_ALPHA_per_atom=    0.03, RMSE_ALPHA_DERIV=    2.19
2025-07-13 03:18:46.998 INFO: Epoch 1832: head: Default, loss=1.4815, RMSE_MU_per_atom=0.00 mDebye, RMSE_MU_DERIV=0.00 mDebye / A, RMSE_ALPHA_per_atom=    0.03, RMSE_ALPHA_DERIV=    2.19
2025-07-13 03:19:30.625 INFO: Epoch 1833: head: Default, loss=1.4819, RMSE_MU_per_atom=0.00 mDebye, RMSE_MU_DERIV=0.00 mDebye / A, RMSE_ALPHA_per_atom=    0.03, RMSE_ALPHA_DERIV=    2.19
2025-07-13 03:20:14.264 INFO: Epoch 1834: head: Default, loss=1.4818, RMSE_MU_per_atom=0.00 mDebye, RMSE_MU_DERIV=0.00 mDebye / A, RMSE_ALPHA_per_atom=    0.03, RMSE_ALPHA_DERIV=    2.19
2025-07-13 03:20:57.882 INFO: Epoch 1835: head: Default, loss=1.4819, RMSE_MU_per_atom=0.00 mDebye, RMSE_MU_DERIV=0.00 mDebye / A, RMSE_ALPHA_per_atom=    0.03, RMSE_ALPHA_DERIV=    2.19
2025-07-13 03:21:41.511 INFO: Epoch 1836: head: Default, loss=1.4809, RMSE_MU_per_atom=0.00 mDebye, RMSE_MU_DERIV=0.00 mDebye / A, RMSE_ALPHA_per_atom=    0.03, RMSE_ALPHA_DERIV=    2.19
2025-07-13 03:22:25.167 INFO: Epoch 1837: head: Default, loss=1.4816, RMSE_MU_per_atom=0.00 mDebye, RMSE_MU_DERIV=0.00 mDebye / A, RMSE_ALPHA_per_atom=    0.03, RMSE_ALPHA_DERIV=    2.19
2025-07-13 03:23:08.803 INFO: Epoch 1838: head: Default, loss=1.4811, RMSE_MU_per_atom=0.00 mDebye, RMSE_MU_DERIV=0.00 mDebye / A, RMSE_ALPHA_per_atom=    0.03, RMSE_ALPHA_DERIV=    2.19
2025-07-13 03:23:52.430 INFO: Epoch 1839: head: Default, loss=1.4806, RMSE_MU_per_atom=0.00 mDebye, RMSE_MU_DERIV=0.00 mDebye / A, RMSE_ALPHA_per_atom=    0.03, RMSE_ALPHA_DERIV=    2.19
2025-07-13 03:24:36.054 INFO: Epoch 1840: head: Default, loss=1.4815, RMSE_MU_per_atom=0.00 mDebye, RMSE_MU_DERIV=0.00 mDebye / A, RMSE_ALPHA_per_atom=    0.03, RMSE_ALPHA_DERIV=    2.19
2025-07-13 03:25:19.698 INFO: Epoch 1841: head: Default, loss=1.4811, RMSE_MU_per_atom=0.00 mDebye, RMSE_MU_DERIV=0.00 mDebye / A, RMSE_ALPHA_per_atom=    0.03, RMSE_ALPHA_DERIV=    2.19
2025-07-13 03:26:03.327 INFO: Epoch 1842: head: Default, loss=1.4812, RMSE_MU_per_atom=0.00 mDebye, RMSE_MU_DERIV=0.00 mDebye / A, RMSE_ALPHA_per_atom=    0.03, RMSE_ALPHA_DERIV=    2.19
2025-07-13 03:26:46.961 INFO: Epoch 1843: head: Default, loss=1.4816, RMSE_MU_per_atom=0.00 mDebye, RMSE_MU_DERIV=0.00 mDebye / A, RMSE_ALPHA_per_atom=    0.03, RMSE_ALPHA_DERIV=    2.19
2025-07-13 03:27:30.607 INFO: Epoch 1844: head: Default, loss=1.4812, RMSE_MU_per_atom=0.00 mDebye, RMSE_MU_DERIV=0.00 mDebye / A, RMSE_ALPHA_per_atom=    0.03, RMSE_ALPHA_DERIV=    2.19
2025-07-13 03:28:14.247 INFO: Epoch 1845: head: Default, loss=1.4815, RMSE_MU_per_atom=0.00 mDebye, RMSE_MU_DERIV=0.00 mDebye / A, RMSE_ALPHA_per_atom=    0.03, RMSE_ALPHA_DERIV=    2.19
2025-07-13 03:28:57.865 INFO: Epoch 1846: head: Default, loss=1.4815, RMSE_MU_per_atom=0.00 mDebye, RMSE_MU_DERIV=0.00 mDebye / A, RMSE_ALPHA_per_atom=    0.03, RMSE_ALPHA_DERIV=    2.19
2025-07-13 03:29:41.492 INFO: Epoch 1847: head: Default, loss=1.4811, RMSE_MU_per_atom=0.00 mDebye, RMSE_MU_DERIV=0.00 mDebye / A, RMSE_ALPHA_per_atom=    0.03, RMSE_ALPHA_DERIV=    2.19
2025-07-13 03:30:25.116 INFO: Epoch 1848: head: Default, loss=1.4813, RMSE_MU_per_atom=0.00 mDebye, RMSE_MU_DERIV=0.00 mDebye / A, RMSE_ALPHA_per_atom=    0.03, RMSE_ALPHA_DERIV=    2.19
2025-07-13 03:31:08.742 INFO: Epoch 1849: head: Default, loss=1.4809, RMSE_MU_per_atom=0.00 mDebye, RMSE_MU_DERIV=0.00 mDebye / A, RMSE_ALPHA_per_atom=    0.03, RMSE_ALPHA_DERIV=    2.19
2025-07-13 03:31:52.380 INFO: Epoch 1850: head: Default, loss=1.4819, RMSE_MU_per_atom=0.00 mDebye, RMSE_MU_DERIV=0.00 mDebye / A, RMSE_ALPHA_per_atom=    0.03, RMSE_ALPHA_DERIV=    2.19
2025-07-13 03:32:36.012 INFO: Epoch 1851: head: Default, loss=1.4820, RMSE_MU_per_atom=0.00 mDebye, RMSE_MU_DERIV=0.00 mDebye / A, RMSE_ALPHA_per_atom=    0.03, RMSE_ALPHA_DERIV=    2.19
2025-07-13 03:33:19.647 INFO: Epoch 1852: head: Default, loss=1.4818, RMSE_MU_per_atom=0.00 mDebye, RMSE_MU_DERIV=0.00 mDebye / A, RMSE_ALPHA_per_atom=    0.03, RMSE_ALPHA_DERIV=    2.19
2025-07-13 03:34:03.263 INFO: Epoch 1853: head: Default, loss=1.4818, RMSE_MU_per_atom=0.00 mDebye, RMSE_MU_DERIV=0.00 mDebye / A, RMSE_ALPHA_per_atom=    0.03, RMSE_ALPHA_DERIV=    2.19
2025-07-13 03:34:46.891 INFO: Epoch 1854: head: Default, loss=1.4819, RMSE_MU_per_atom=0.00 mDebye, RMSE_MU_DERIV=0.00 mDebye / A, RMSE_ALPHA_per_atom=    0.03, RMSE_ALPHA_DERIV=    2.19
2025-07-13 03:35:30.511 INFO: Epoch 1855: head: Default, loss=1.4816, RMSE_MU_per_atom=0.00 mDebye, RMSE_MU_DERIV=0.00 mDebye / A, RMSE_ALPHA_per_atom=    0.03, RMSE_ALPHA_DERIV=    2.19
2025-07-13 03:36:14.144 INFO: Epoch 1856: head: Default, loss=1.4811, RMSE_MU_per_atom=0.00 mDebye, RMSE_MU_DERIV=0.00 mDebye / A, RMSE_ALPHA_per_atom=    0.03, RMSE_ALPHA_DERIV=    2.19
2025-07-13 03:36:57.772 INFO: Epoch 1857: head: Default, loss=1.4815, RMSE_MU_per_atom=0.00 mDebye, RMSE_MU_DERIV=0.00 mDebye / A, RMSE_ALPHA_per_atom=    0.03, RMSE_ALPHA_DERIV=    2.19
2025-07-13 03:37:41.403 INFO: Epoch 1858: head: Default, loss=1.4813, RMSE_MU_per_atom=0.00 mDebye, RMSE_MU_DERIV=0.00 mDebye / A, RMSE_ALPHA_per_atom=    0.03, RMSE_ALPHA_DERIV=    2.19
2025-07-13 03:38:25.046 INFO: Epoch 1859: head: Default, loss=1.4814, RMSE_MU_per_atom=0.00 mDebye, RMSE_MU_DERIV=0.00 mDebye / A, RMSE_ALPHA_per_atom=    0.03, RMSE_ALPHA_DERIV=    2.19
2025-07-13 03:39:08.676 INFO: Epoch 1860: head: Default, loss=1.4816, RMSE_MU_per_atom=0.00 mDebye, RMSE_MU_DERIV=0.00 mDebye / A, RMSE_ALPHA_per_atom=    0.03, RMSE_ALPHA_DERIV=    2.19
2025-07-13 03:39:52.304 INFO: Epoch 1861: head: Default, loss=1.4822, RMSE_MU_per_atom=0.00 mDebye, RMSE_MU_DERIV=0.00 mDebye / A, RMSE_ALPHA_per_atom=    0.03, RMSE_ALPHA_DERIV=    2.19
2025-07-13 03:40:35.943 INFO: Epoch 1862: head: Default, loss=1.4814, RMSE_MU_per_atom=0.00 mDebye, RMSE_MU_DERIV=0.00 mDebye / A, RMSE_ALPHA_per_atom=    0.03, RMSE_ALPHA_DERIV=    2.19
2025-07-13 03:41:19.566 INFO: Epoch 1863: head: Default, loss=1.4812, RMSE_MU_per_atom=0.00 mDebye, RMSE_MU_DERIV=0.00 mDebye / A, RMSE_ALPHA_per_atom=    0.03, RMSE_ALPHA_DERIV=    2.19
2025-07-13 03:42:03.189 INFO: Epoch 1864: head: Default, loss=1.4816, RMSE_MU_per_atom=0.00 mDebye, RMSE_MU_DERIV=0.00 mDebye / A, RMSE_ALPHA_per_atom=    0.03, RMSE_ALPHA_DERIV=    2.19
2025-07-13 03:42:46.827 INFO: Epoch 1865: head: Default, loss=1.4812, RMSE_MU_per_atom=0.00 mDebye, RMSE_MU_DERIV=0.00 mDebye / A, RMSE_ALPHA_per_atom=    0.03, RMSE_ALPHA_DERIV=    2.19
2025-07-13 03:43:30.470 INFO: Epoch 1866: head: Default, loss=1.4814, RMSE_MU_per_atom=0.00 mDebye, RMSE_MU_DERIV=0.00 mDebye / A, RMSE_ALPHA_per_atom=    0.03, RMSE_ALPHA_DERIV=    2.19
2025-07-13 03:44:14.088 INFO: Epoch 1867: head: Default, loss=1.4809, RMSE_MU_per_atom=0.00 mDebye, RMSE_MU_DERIV=0.00 mDebye / A, RMSE_ALPHA_per_atom=    0.03, RMSE_ALPHA_DERIV=    2.19
2025-07-13 03:44:57.724 INFO: Epoch 1868: head: Default, loss=1.4810, RMSE_MU_per_atom=0.00 mDebye, RMSE_MU_DERIV=0.00 mDebye / A, RMSE_ALPHA_per_atom=    0.03, RMSE_ALPHA_DERIV=    2.19
2025-07-13 03:45:41.343 INFO: Epoch 1869: head: Default, loss=1.4816, RMSE_MU_per_atom=0.00 mDebye, RMSE_MU_DERIV=0.00 mDebye / A, RMSE_ALPHA_per_atom=    0.03, RMSE_ALPHA_DERIV=    2.19
2025-07-13 03:46:24.987 INFO: Epoch 1870: head: Default, loss=1.4819, RMSE_MU_per_atom=0.00 mDebye, RMSE_MU_DERIV=0.00 mDebye / A, RMSE_ALPHA_per_atom=    0.03, RMSE_ALPHA_DERIV=    2.19
2025-07-13 03:47:08.619 INFO: Epoch 1871: head: Default, loss=1.4821, RMSE_MU_per_atom=0.00 mDebye, RMSE_MU_DERIV=0.00 mDebye / A, RMSE_ALPHA_per_atom=    0.03, RMSE_ALPHA_DERIV=    2.19
2025-07-13 03:47:52.258 INFO: Epoch 1872: head: Default, loss=1.4814, RMSE_MU_per_atom=0.00 mDebye, RMSE_MU_DERIV=0.00 mDebye / A, RMSE_ALPHA_per_atom=    0.03, RMSE_ALPHA_DERIV=    2.19
2025-07-13 03:48:35.906 INFO: Epoch 1873: head: Default, loss=1.4820, RMSE_MU_per_atom=0.00 mDebye, RMSE_MU_DERIV=0.00 mDebye / A, RMSE_ALPHA_per_atom=    0.03, RMSE_ALPHA_DERIV=    2.19
2025-07-13 03:49:19.538 INFO: Epoch 1874: head: Default, loss=1.4825, RMSE_MU_per_atom=0.00 mDebye, RMSE_MU_DERIV=0.00 mDebye / A, RMSE_ALPHA_per_atom=    0.03, RMSE_ALPHA_DERIV=    2.19
2025-07-13 03:50:03.178 INFO: Epoch 1875: head: Default, loss=1.4821, RMSE_MU_per_atom=0.00 mDebye, RMSE_MU_DERIV=0.00 mDebye / A, RMSE_ALPHA_per_atom=    0.03, RMSE_ALPHA_DERIV=    2.19
2025-07-13 03:50:46.798 INFO: Epoch 1876: head: Default, loss=1.4814, RMSE_MU_per_atom=0.00 mDebye, RMSE_MU_DERIV=0.00 mDebye / A, RMSE_ALPHA_per_atom=    0.03, RMSE_ALPHA_DERIV=    2.19
2025-07-13 03:51:30.430 INFO: Epoch 1877: head: Default, loss=1.4822, RMSE_MU_per_atom=0.00 mDebye, RMSE_MU_DERIV=0.00 mDebye / A, RMSE_ALPHA_per_atom=    0.03, RMSE_ALPHA_DERIV=    2.19
2025-07-13 03:52:14.058 INFO: Epoch 1878: head: Default, loss=1.4819, RMSE_MU_per_atom=0.00 mDebye, RMSE_MU_DERIV=0.00 mDebye / A, RMSE_ALPHA_per_atom=    0.03, RMSE_ALPHA_DERIV=    2.19
2025-07-13 03:52:57.704 INFO: Epoch 1879: head: Default, loss=1.4820, RMSE_MU_per_atom=0.00 mDebye, RMSE_MU_DERIV=0.00 mDebye / A, RMSE_ALPHA_per_atom=    0.03, RMSE_ALPHA_DERIV=    2.19
2025-07-13 03:53:41.342 INFO: Epoch 1880: head: Default, loss=1.4811, RMSE_MU_per_atom=0.00 mDebye, RMSE_MU_DERIV=0.00 mDebye / A, RMSE_ALPHA_per_atom=    0.03, RMSE_ALPHA_DERIV=    2.19
2025-07-13 03:54:24.977 INFO: Epoch 1881: head: Default, loss=1.4817, RMSE_MU_per_atom=0.00 mDebye, RMSE_MU_DERIV=0.00 mDebye / A, RMSE_ALPHA_per_atom=    0.03, RMSE_ALPHA_DERIV=    2.19
2025-07-13 03:55:08.597 INFO: Epoch 1882: head: Default, loss=1.4810, RMSE_MU_per_atom=0.00 mDebye, RMSE_MU_DERIV=0.00 mDebye / A, RMSE_ALPHA_per_atom=    0.03, RMSE_ALPHA_DERIV=    2.19
2025-07-13 03:55:52.227 INFO: Epoch 1883: head: Default, loss=1.4803, RMSE_MU_per_atom=0.00 mDebye, RMSE_MU_DERIV=0.00 mDebye / A, RMSE_ALPHA_per_atom=    0.03, RMSE_ALPHA_DERIV=    2.19
2025-07-13 03:56:35.869 INFO: Epoch 1884: head: Default, loss=1.4814, RMSE_MU_per_atom=0.00 mDebye, RMSE_MU_DERIV=0.00 mDebye / A, RMSE_ALPHA_per_atom=    0.03, RMSE_ALPHA_DERIV=    2.19
2025-07-13 03:57:19.497 INFO: Epoch 1885: head: Default, loss=1.4814, RMSE_MU_per_atom=0.00 mDebye, RMSE_MU_DERIV=0.00 mDebye / A, RMSE_ALPHA_per_atom=    0.03, RMSE_ALPHA_DERIV=    2.19
2025-07-13 03:58:03.130 INFO: Epoch 1886: head: Default, loss=1.4815, RMSE_MU_per_atom=0.00 mDebye, RMSE_MU_DERIV=0.00 mDebye / A, RMSE_ALPHA_per_atom=    0.03, RMSE_ALPHA_DERIV=    2.19
2025-07-13 03:58:46.753 INFO: Epoch 1887: head: Default, loss=1.4814, RMSE_MU_per_atom=0.00 mDebye, RMSE_MU_DERIV=0.00 mDebye / A, RMSE_ALPHA_per_atom=    0.03, RMSE_ALPHA_DERIV=    2.19
2025-07-13 03:59:30.396 INFO: Epoch 1888: head: Default, loss=1.4815, RMSE_MU_per_atom=0.00 mDebye, RMSE_MU_DERIV=0.00 mDebye / A, RMSE_ALPHA_per_atom=    0.03, RMSE_ALPHA_DERIV=    2.19
2025-07-13 04:00:14.033 INFO: Epoch 1889: head: Default, loss=1.4818, RMSE_MU_per_atom=0.00 mDebye, RMSE_MU_DERIV=0.00 mDebye / A, RMSE_ALPHA_per_atom=    0.03, RMSE_ALPHA_DERIV=    2.19
2025-07-13 04:00:57.676 INFO: Epoch 1890: head: Default, loss=1.4816, RMSE_MU_per_atom=0.00 mDebye, RMSE_MU_DERIV=0.00 mDebye / A, RMSE_ALPHA_per_atom=    0.03, RMSE_ALPHA_DERIV=    2.19
2025-07-13 04:01:41.312 INFO: Epoch 1891: head: Default, loss=1.4818, RMSE_MU_per_atom=0.00 mDebye, RMSE_MU_DERIV=0.00 mDebye / A, RMSE_ALPHA_per_atom=    0.03, RMSE_ALPHA_DERIV=    2.19
2025-07-13 04:02:24.944 INFO: Epoch 1892: head: Default, loss=1.4818, RMSE_MU_per_atom=0.00 mDebye, RMSE_MU_DERIV=0.00 mDebye / A, RMSE_ALPHA_per_atom=    0.03, RMSE_ALPHA_DERIV=    2.19
2025-07-13 04:03:08.578 INFO: Epoch 1893: head: Default, loss=1.4810, RMSE_MU_per_atom=0.00 mDebye, RMSE_MU_DERIV=0.00 mDebye / A, RMSE_ALPHA_per_atom=    0.03, RMSE_ALPHA_DERIV=    2.19
2025-07-13 04:03:52.209 INFO: Epoch 1894: head: Default, loss=1.4813, RMSE_MU_per_atom=0.00 mDebye, RMSE_MU_DERIV=0.00 mDebye / A, RMSE_ALPHA_per_atom=    0.03, RMSE_ALPHA_DERIV=    2.19
2025-07-13 04:04:35.834 INFO: Epoch 1895: head: Default, loss=1.4822, RMSE_MU_per_atom=0.00 mDebye, RMSE_MU_DERIV=0.00 mDebye / A, RMSE_ALPHA_per_atom=    0.03, RMSE_ALPHA_DERIV=    2.19
2025-07-13 04:05:19.460 INFO: Epoch 1896: head: Default, loss=1.4820, RMSE_MU_per_atom=0.00 mDebye, RMSE_MU_DERIV=0.00 mDebye / A, RMSE_ALPHA_per_atom=    0.03, RMSE_ALPHA_DERIV=    2.19
2025-07-13 04:06:03.092 INFO: Epoch 1897: head: Default, loss=1.4818, RMSE_MU_per_atom=0.00 mDebye, RMSE_MU_DERIV=0.00 mDebye / A, RMSE_ALPHA_per_atom=    0.03, RMSE_ALPHA_DERIV=    2.19
2025-07-13 04:06:46.711 INFO: Epoch 1898: head: Default, loss=1.4811, RMSE_MU_per_atom=0.00 mDebye, RMSE_MU_DERIV=0.00 mDebye / A, RMSE_ALPHA_per_atom=    0.03, RMSE_ALPHA_DERIV=    2.19
2025-07-13 04:07:30.329 INFO: Epoch 1899: head: Default, loss=1.4811, RMSE_MU_per_atom=0.00 mDebye, RMSE_MU_DERIV=0.00 mDebye / A, RMSE_ALPHA_per_atom=    0.03, RMSE_ALPHA_DERIV=    2.19
2025-07-13 04:08:13.967 INFO: Epoch 1900: head: Default, loss=1.4808, RMSE_MU_per_atom=0.00 mDebye, RMSE_MU_DERIV=0.00 mDebye / A, RMSE_ALPHA_per_atom=    0.03, RMSE_ALPHA_DERIV=    2.19
2025-07-13 04:08:57.601 INFO: Epoch 1901: head: Default, loss=1.4815, RMSE_MU_per_atom=0.00 mDebye, RMSE_MU_DERIV=0.00 mDebye / A, RMSE_ALPHA_per_atom=    0.03, RMSE_ALPHA_DERIV=    2.19
2025-07-13 04:09:41.238 INFO: Epoch 1902: head: Default, loss=1.4814, RMSE_MU_per_atom=0.00 mDebye, RMSE_MU_DERIV=0.00 mDebye / A, RMSE_ALPHA_per_atom=    0.03, RMSE_ALPHA_DERIV=    2.19
2025-07-13 04:10:24.870 INFO: Epoch 1903: head: Default, loss=1.4816, RMSE_MU_per_atom=0.00 mDebye, RMSE_MU_DERIV=0.00 mDebye / A, RMSE_ALPHA_per_atom=    0.03, RMSE_ALPHA_DERIV=    2.19
2025-07-13 04:11:08.480 INFO: Epoch 1904: head: Default, loss=1.4818, RMSE_MU_per_atom=0.00 mDebye, RMSE_MU_DERIV=0.00 mDebye / A, RMSE_ALPHA_per_atom=    0.03, RMSE_ALPHA_DERIV=    2.19
2025-07-13 04:11:52.116 INFO: Epoch 1905: head: Default, loss=1.4811, RMSE_MU_per_atom=0.00 mDebye, RMSE_MU_DERIV=0.00 mDebye / A, RMSE_ALPHA_per_atom=    0.03, RMSE_ALPHA_DERIV=    2.19
2025-07-13 04:12:35.746 INFO: Epoch 1906: head: Default, loss=1.4811, RMSE_MU_per_atom=0.00 mDebye, RMSE_MU_DERIV=0.00 mDebye / A, RMSE_ALPHA_per_atom=    0.03, RMSE_ALPHA_DERIV=    2.19
2025-07-13 04:13:19.386 INFO: Epoch 1907: head: Default, loss=1.4811, RMSE_MU_per_atom=0.00 mDebye, RMSE_MU_DERIV=0.00 mDebye / A, RMSE_ALPHA_per_atom=    0.03, RMSE_ALPHA_DERIV=    2.19
2025-07-13 04:14:03.023 INFO: Epoch 1908: head: Default, loss=1.4814, RMSE_MU_per_atom=0.00 mDebye, RMSE_MU_DERIV=0.00 mDebye / A, RMSE_ALPHA_per_atom=    0.03, RMSE_ALPHA_DERIV=    2.19
2025-07-13 04:14:46.662 INFO: Epoch 1909: head: Default, loss=1.4812, RMSE_MU_per_atom=0.00 mDebye, RMSE_MU_DERIV=0.00 mDebye / A, RMSE_ALPHA_per_atom=    0.03, RMSE_ALPHA_DERIV=    2.19
2025-07-13 04:15:30.300 INFO: Epoch 1910: head: Default, loss=1.4812, RMSE_MU_per_atom=0.00 mDebye, RMSE_MU_DERIV=0.00 mDebye / A, RMSE_ALPHA_per_atom=    0.03, RMSE_ALPHA_DERIV=    2.19
2025-07-13 04:16:13.922 INFO: Epoch 1911: head: Default, loss=1.4813, RMSE_MU_per_atom=0.00 mDebye, RMSE_MU_DERIV=0.00 mDebye / A, RMSE_ALPHA_per_atom=    0.03, RMSE_ALPHA_DERIV=    2.19
2025-07-13 04:16:57.559 INFO: Epoch 1912: head: Default, loss=1.4811, RMSE_MU_per_atom=0.00 mDebye, RMSE_MU_DERIV=0.00 mDebye / A, RMSE_ALPHA_per_atom=    0.03, RMSE_ALPHA_DERIV=    2.19
2025-07-13 04:17:41.181 INFO: Epoch 1913: head: Default, loss=1.4816, RMSE_MU_per_atom=0.00 mDebye, RMSE_MU_DERIV=0.00 mDebye / A, RMSE_ALPHA_per_atom=    0.03, RMSE_ALPHA_DERIV=    2.19
2025-07-13 04:18:24.804 INFO: Epoch 1914: head: Default, loss=1.4813, RMSE_MU_per_atom=0.00 mDebye, RMSE_MU_DERIV=0.00 mDebye / A, RMSE_ALPHA_per_atom=    0.03, RMSE_ALPHA_DERIV=    2.19
2025-07-13 04:19:08.443 INFO: Epoch 1915: head: Default, loss=1.4811, RMSE_MU_per_atom=0.00 mDebye, RMSE_MU_DERIV=0.00 mDebye / A, RMSE_ALPHA_per_atom=    0.03, RMSE_ALPHA_DERIV=    2.19
2025-07-13 04:19:52.076 INFO: Epoch 1916: head: Default, loss=1.4811, RMSE_MU_per_atom=0.00 mDebye, RMSE_MU_DERIV=0.00 mDebye / A, RMSE_ALPHA_per_atom=    0.03, RMSE_ALPHA_DERIV=    2.19
2025-07-13 04:20:35.710 INFO: Epoch 1917: head: Default, loss=1.4816, RMSE_MU_per_atom=0.00 mDebye, RMSE_MU_DERIV=0.00 mDebye / A, RMSE_ALPHA_per_atom=    0.03, RMSE_ALPHA_DERIV=    2.19
2025-07-13 04:21:19.341 INFO: Epoch 1918: head: Default, loss=1.4817, RMSE_MU_per_atom=0.00 mDebye, RMSE_MU_DERIV=0.00 mDebye / A, RMSE_ALPHA_per_atom=    0.03, RMSE_ALPHA_DERIV=    2.19
2025-07-13 04:22:02.971 INFO: Epoch 1919: head: Default, loss=1.4810, RMSE_MU_per_atom=0.00 mDebye, RMSE_MU_DERIV=0.00 mDebye / A, RMSE_ALPHA_per_atom=    0.03, RMSE_ALPHA_DERIV=    2.19
2025-07-13 04:22:46.599 INFO: Epoch 1920: head: Default, loss=1.4815, RMSE_MU_per_atom=0.00 mDebye, RMSE_MU_DERIV=0.00 mDebye / A, RMSE_ALPHA_per_atom=    0.03, RMSE_ALPHA_DERIV=    2.19
2025-07-13 04:23:30.248 INFO: Epoch 1921: head: Default, loss=1.4813, RMSE_MU_per_atom=0.00 mDebye, RMSE_MU_DERIV=0.00 mDebye / A, RMSE_ALPHA_per_atom=    0.03, RMSE_ALPHA_DERIV=    2.19
2025-07-13 04:24:13.869 INFO: Epoch 1922: head: Default, loss=1.4813, RMSE_MU_per_atom=0.00 mDebye, RMSE_MU_DERIV=0.00 mDebye / A, RMSE_ALPHA_per_atom=    0.03, RMSE_ALPHA_DERIV=    2.19
2025-07-13 04:24:57.501 INFO: Epoch 1923: head: Default, loss=1.4808, RMSE_MU_per_atom=0.00 mDebye, RMSE_MU_DERIV=0.00 mDebye / A, RMSE_ALPHA_per_atom=    0.03, RMSE_ALPHA_DERIV=    2.19
2025-07-13 04:25:41.149 INFO: Epoch 1924: head: Default, loss=1.4816, RMSE_MU_per_atom=0.00 mDebye, RMSE_MU_DERIV=0.00 mDebye / A, RMSE_ALPHA_per_atom=    0.03, RMSE_ALPHA_DERIV=    2.19
2025-07-13 04:26:24.791 INFO: Epoch 1925: head: Default, loss=1.4814, RMSE_MU_per_atom=0.00 mDebye, RMSE_MU_DERIV=0.00 mDebye / A, RMSE_ALPHA_per_atom=    0.03, RMSE_ALPHA_DERIV=    2.19
2025-07-13 04:27:08.422 INFO: Epoch 1926: head: Default, loss=1.4816, RMSE_MU_per_atom=0.00 mDebye, RMSE_MU_DERIV=0.00 mDebye / A, RMSE_ALPHA_per_atom=    0.03, RMSE_ALPHA_DERIV=    2.19
2025-07-13 04:27:52.061 INFO: Epoch 1927: head: Default, loss=1.4821, RMSE_MU_per_atom=0.00 mDebye, RMSE_MU_DERIV=0.00 mDebye / A, RMSE_ALPHA_per_atom=    0.03, RMSE_ALPHA_DERIV=    2.19
2025-07-13 04:28:35.702 INFO: Epoch 1928: head: Default, loss=1.4821, RMSE_MU_per_atom=0.00 mDebye, RMSE_MU_DERIV=0.00 mDebye / A, RMSE_ALPHA_per_atom=    0.03, RMSE_ALPHA_DERIV=    2.19
2025-07-13 04:29:19.326 INFO: Epoch 1929: head: Default, loss=1.4818, RMSE_MU_per_atom=0.00 mDebye, RMSE_MU_DERIV=0.00 mDebye / A, RMSE_ALPHA_per_atom=    0.03, RMSE_ALPHA_DERIV=    2.19
2025-07-13 04:30:02.948 INFO: Epoch 1930: head: Default, loss=1.4816, RMSE_MU_per_atom=0.00 mDebye, RMSE_MU_DERIV=0.00 mDebye / A, RMSE_ALPHA_per_atom=    0.03, RMSE_ALPHA_DERIV=    2.19
2025-07-13 04:30:46.588 INFO: Epoch 1931: head: Default, loss=1.4826, RMSE_MU_per_atom=0.00 mDebye, RMSE_MU_DERIV=0.00 mDebye / A, RMSE_ALPHA_per_atom=    0.03, RMSE_ALPHA_DERIV=    2.19
2025-07-13 04:31:30.205 INFO: Epoch 1932: head: Default, loss=1.4818, RMSE_MU_per_atom=0.00 mDebye, RMSE_MU_DERIV=0.00 mDebye / A, RMSE_ALPHA_per_atom=    0.03, RMSE_ALPHA_DERIV=    2.19
2025-07-13 04:32:13.838 INFO: Epoch 1933: head: Default, loss=1.4827, RMSE_MU_per_atom=0.00 mDebye, RMSE_MU_DERIV=0.00 mDebye / A, RMSE_ALPHA_per_atom=    0.03, RMSE_ALPHA_DERIV=    2.19
2025-07-13 04:32:57.465 INFO: Epoch 1934: head: Default, loss=1.4821, RMSE_MU_per_atom=0.00 mDebye, RMSE_MU_DERIV=0.00 mDebye / A, RMSE_ALPHA_per_atom=    0.03, RMSE_ALPHA_DERIV=    2.19
2025-07-13 04:33:41.079 INFO: Epoch 1935: head: Default, loss=1.4814, RMSE_MU_per_atom=0.00 mDebye, RMSE_MU_DERIV=0.00 mDebye / A, RMSE_ALPHA_per_atom=    0.03, RMSE_ALPHA_DERIV=    2.19
2025-07-13 04:34:24.702 INFO: Epoch 1936: head: Default, loss=1.4814, RMSE_MU_per_atom=0.00 mDebye, RMSE_MU_DERIV=0.00 mDebye / A, RMSE_ALPHA_per_atom=    0.03, RMSE_ALPHA_DERIV=    2.19
2025-07-13 04:35:08.331 INFO: Epoch 1937: head: Default, loss=1.4815, RMSE_MU_per_atom=0.00 mDebye, RMSE_MU_DERIV=0.00 mDebye / A, RMSE_ALPHA_per_atom=    0.03, RMSE_ALPHA_DERIV=    2.19
2025-07-13 04:35:51.955 INFO: Epoch 1938: head: Default, loss=1.4820, RMSE_MU_per_atom=0.00 mDebye, RMSE_MU_DERIV=0.00 mDebye / A, RMSE_ALPHA_per_atom=    0.03, RMSE_ALPHA_DERIV=    2.19
2025-07-13 04:36:35.593 INFO: Epoch 1939: head: Default, loss=1.4809, RMSE_MU_per_atom=0.00 mDebye, RMSE_MU_DERIV=0.00 mDebye / A, RMSE_ALPHA_per_atom=    0.03, RMSE_ALPHA_DERIV=    2.19
2025-07-13 04:37:19.208 INFO: Epoch 1940: head: Default, loss=1.4816, RMSE_MU_per_atom=0.00 mDebye, RMSE_MU_DERIV=0.00 mDebye / A, RMSE_ALPHA_per_atom=    0.03, RMSE_ALPHA_DERIV=    2.19
2025-07-13 04:38:02.838 INFO: Epoch 1941: head: Default, loss=1.4814, RMSE_MU_per_atom=0.00 mDebye, RMSE_MU_DERIV=0.00 mDebye / A, RMSE_ALPHA_per_atom=    0.03, RMSE_ALPHA_DERIV=    2.19
2025-07-13 04:38:46.475 INFO: Epoch 1942: head: Default, loss=1.4817, RMSE_MU_per_atom=0.00 mDebye, RMSE_MU_DERIV=0.00 mDebye / A, RMSE_ALPHA_per_atom=    0.03, RMSE_ALPHA_DERIV=    2.19
2025-07-13 04:39:30.117 INFO: Epoch 1943: head: Default, loss=1.4818, RMSE_MU_per_atom=0.00 mDebye, RMSE_MU_DERIV=0.00 mDebye / A, RMSE_ALPHA_per_atom=    0.03, RMSE_ALPHA_DERIV=    2.19
2025-07-13 04:40:13.757 INFO: Epoch 1944: head: Default, loss=1.4812, RMSE_MU_per_atom=0.00 mDebye, RMSE_MU_DERIV=0.00 mDebye / A, RMSE_ALPHA_per_atom=    0.03, RMSE_ALPHA_DERIV=    2.19
2025-07-13 04:40:57.383 INFO: Epoch 1945: head: Default, loss=1.4816, RMSE_MU_per_atom=0.00 mDebye, RMSE_MU_DERIV=0.00 mDebye / A, RMSE_ALPHA_per_atom=    0.03, RMSE_ALPHA_DERIV=    2.19
2025-07-13 04:41:41.026 INFO: Epoch 1946: head: Default, loss=1.4818, RMSE_MU_per_atom=0.00 mDebye, RMSE_MU_DERIV=0.00 mDebye / A, RMSE_ALPHA_per_atom=    0.03, RMSE_ALPHA_DERIV=    2.19
2025-07-13 04:42:24.662 INFO: Epoch 1947: head: Default, loss=1.4810, RMSE_MU_per_atom=0.00 mDebye, RMSE_MU_DERIV=0.00 mDebye / A, RMSE_ALPHA_per_atom=    0.03, RMSE_ALPHA_DERIV=    2.19
2025-07-13 04:43:08.298 INFO: Epoch 1948: head: Default, loss=1.4816, RMSE_MU_per_atom=0.00 mDebye, RMSE_MU_DERIV=0.00 mDebye / A, RMSE_ALPHA_per_atom=    0.03, RMSE_ALPHA_DERIV=    2.19
2025-07-13 04:43:51.951 INFO: Epoch 1949: head: Default, loss=1.4817, RMSE_MU_per_atom=0.00 mDebye, RMSE_MU_DERIV=0.00 mDebye / A, RMSE_ALPHA_per_atom=    0.03, RMSE_ALPHA_DERIV=    2.19
2025-07-13 04:44:35.582 INFO: Epoch 1950: head: Default, loss=1.4814, RMSE_MU_per_atom=0.00 mDebye, RMSE_MU_DERIV=0.00 mDebye / A, RMSE_ALPHA_per_atom=    0.03, RMSE_ALPHA_DERIV=    2.19
2025-07-13 04:45:19.215 INFO: Epoch 1951: head: Default, loss=1.4815, RMSE_MU_per_atom=0.00 mDebye, RMSE_MU_DERIV=0.00 mDebye / A, RMSE_ALPHA_per_atom=    0.03, RMSE_ALPHA_DERIV=    2.19
2025-07-13 04:46:02.855 INFO: Epoch 1952: head: Default, loss=1.4810, RMSE_MU_per_atom=0.00 mDebye, RMSE_MU_DERIV=0.00 mDebye / A, RMSE_ALPHA_per_atom=    0.03, RMSE_ALPHA_DERIV=    2.19
2025-07-13 04:46:46.489 INFO: Epoch 1953: head: Default, loss=1.4812, RMSE_MU_per_atom=0.00 mDebye, RMSE_MU_DERIV=0.00 mDebye / A, RMSE_ALPHA_per_atom=    0.03, RMSE_ALPHA_DERIV=    2.19
2025-07-13 04:47:30.114 INFO: Epoch 1954: head: Default, loss=1.4808, RMSE_MU_per_atom=0.00 mDebye, RMSE_MU_DERIV=0.00 mDebye / A, RMSE_ALPHA_per_atom=    0.03, RMSE_ALPHA_DERIV=    2.19
2025-07-13 04:48:13.755 INFO: Epoch 1955: head: Default, loss=1.4815, RMSE_MU_per_atom=0.00 mDebye, RMSE_MU_DERIV=0.00 mDebye / A, RMSE_ALPHA_per_atom=    0.03, RMSE_ALPHA_DERIV=    2.19
2025-07-13 04:48:57.384 INFO: Epoch 1956: head: Default, loss=1.4806, RMSE_MU_per_atom=0.00 mDebye, RMSE_MU_DERIV=0.00 mDebye / A, RMSE_ALPHA_per_atom=    0.03, RMSE_ALPHA_DERIV=    2.19
2025-07-13 04:49:41.016 INFO: Epoch 1957: head: Default, loss=1.4812, RMSE_MU_per_atom=0.00 mDebye, RMSE_MU_DERIV=0.00 mDebye / A, RMSE_ALPHA_per_atom=    0.03, RMSE_ALPHA_DERIV=    2.19
2025-07-13 04:50:24.653 INFO: Epoch 1958: head: Default, loss=1.4819, RMSE_MU_per_atom=0.00 mDebye, RMSE_MU_DERIV=0.00 mDebye / A, RMSE_ALPHA_per_atom=    0.03, RMSE_ALPHA_DERIV=    2.19
2025-07-13 04:51:08.277 INFO: Epoch 1959: head: Default, loss=1.4817, RMSE_MU_per_atom=0.00 mDebye, RMSE_MU_DERIV=0.00 mDebye / A, RMSE_ALPHA_per_atom=    0.03, RMSE_ALPHA_DERIV=    2.19
2025-07-13 04:51:51.899 INFO: Epoch 1960: head: Default, loss=1.4816, RMSE_MU_per_atom=0.00 mDebye, RMSE_MU_DERIV=0.00 mDebye / A, RMSE_ALPHA_per_atom=    0.03, RMSE_ALPHA_DERIV=    2.19
2025-07-13 04:52:35.536 INFO: Epoch 1961: head: Default, loss=1.4813, RMSE_MU_per_atom=0.00 mDebye, RMSE_MU_DERIV=0.00 mDebye / A, RMSE_ALPHA_per_atom=    0.03, RMSE_ALPHA_DERIV=    2.19
2025-07-13 04:53:19.166 INFO: Epoch 1962: head: Default, loss=1.4819, RMSE_MU_per_atom=0.00 mDebye, RMSE_MU_DERIV=0.00 mDebye / A, RMSE_ALPHA_per_atom=    0.03, RMSE_ALPHA_DERIV=    2.19
2025-07-13 04:54:02.799 INFO: Epoch 1963: head: Default, loss=1.4819, RMSE_MU_per_atom=0.00 mDebye, RMSE_MU_DERIV=0.00 mDebye / A, RMSE_ALPHA_per_atom=    0.03, RMSE_ALPHA_DERIV=    2.19
2025-07-13 04:54:46.430 INFO: Epoch 1964: head: Default, loss=1.4815, RMSE_MU_per_atom=0.00 mDebye, RMSE_MU_DERIV=0.00 mDebye / A, RMSE_ALPHA_per_atom=    0.03, RMSE_ALPHA_DERIV=    2.19
2025-07-13 04:55:30.071 INFO: Epoch 1965: head: Default, loss=1.4818, RMSE_MU_per_atom=0.00 mDebye, RMSE_MU_DERIV=0.00 mDebye / A, RMSE_ALPHA_per_atom=    0.03, RMSE_ALPHA_DERIV=    2.19
2025-07-13 04:56:13.709 INFO: Epoch 1966: head: Default, loss=1.4813, RMSE_MU_per_atom=0.00 mDebye, RMSE_MU_DERIV=0.00 mDebye / A, RMSE_ALPHA_per_atom=    0.03, RMSE_ALPHA_DERIV=    2.19
2025-07-13 04:56:57.339 INFO: Epoch 1967: head: Default, loss=1.4818, RMSE_MU_per_atom=0.00 mDebye, RMSE_MU_DERIV=0.00 mDebye / A, RMSE_ALPHA_per_atom=    0.03, RMSE_ALPHA_DERIV=    2.19
2025-07-13 04:57:40.969 INFO: Epoch 1968: head: Default, loss=1.4820, RMSE_MU_per_atom=0.00 mDebye, RMSE_MU_DERIV=0.00 mDebye / A, RMSE_ALPHA_per_atom=    0.03, RMSE_ALPHA_DERIV=    2.19
2025-07-13 04:58:24.586 INFO: Epoch 1969: head: Default, loss=1.4815, RMSE_MU_per_atom=0.00 mDebye, RMSE_MU_DERIV=0.00 mDebye / A, RMSE_ALPHA_per_atom=    0.03, RMSE_ALPHA_DERIV=    2.19
2025-07-13 04:59:08.222 INFO: Epoch 1970: head: Default, loss=1.4815, RMSE_MU_per_atom=0.00 mDebye, RMSE_MU_DERIV=0.00 mDebye / A, RMSE_ALPHA_per_atom=    0.03, RMSE_ALPHA_DERIV=    2.19
2025-07-13 04:59:51.839 INFO: Epoch 1971: head: Default, loss=1.4816, RMSE_MU_per_atom=0.00 mDebye, RMSE_MU_DERIV=0.00 mDebye / A, RMSE_ALPHA_per_atom=    0.03, RMSE_ALPHA_DERIV=    2.19
2025-07-13 05:00:35.464 INFO: Epoch 1972: head: Default, loss=1.4824, RMSE_MU_per_atom=0.00 mDebye, RMSE_MU_DERIV=0.00 mDebye / A, RMSE_ALPHA_per_atom=    0.03, RMSE_ALPHA_DERIV=    2.19
2025-07-13 05:01:19.081 INFO: Epoch 1973: head: Default, loss=1.4819, RMSE_MU_per_atom=0.00 mDebye, RMSE_MU_DERIV=0.00 mDebye / A, RMSE_ALPHA_per_atom=    0.03, RMSE_ALPHA_DERIV=    2.19
2025-07-13 05:02:02.710 INFO: Epoch 1974: head: Default, loss=1.4816, RMSE_MU_per_atom=0.00 mDebye, RMSE_MU_DERIV=0.00 mDebye / A, RMSE_ALPHA_per_atom=    0.03, RMSE_ALPHA_DERIV=    2.19
2025-07-13 05:02:46.331 INFO: Epoch 1975: head: Default, loss=1.4821, RMSE_MU_per_atom=0.00 mDebye, RMSE_MU_DERIV=0.00 mDebye / A, RMSE_ALPHA_per_atom=    0.03, RMSE_ALPHA_DERIV=    2.19
2025-07-13 05:03:29.956 INFO: Epoch 1976: head: Default, loss=1.4818, RMSE_MU_per_atom=0.00 mDebye, RMSE_MU_DERIV=0.00 mDebye / A, RMSE_ALPHA_per_atom=    0.03, RMSE_ALPHA_DERIV=    2.19
2025-07-13 05:04:13.589 INFO: Epoch 1977: head: Default, loss=1.4812, RMSE_MU_per_atom=0.00 mDebye, RMSE_MU_DERIV=0.00 mDebye / A, RMSE_ALPHA_per_atom=    0.03, RMSE_ALPHA_DERIV=    2.19
2025-07-13 05:04:57.213 INFO: Epoch 1978: head: Default, loss=1.4816, RMSE_MU_per_atom=0.00 mDebye, RMSE_MU_DERIV=0.00 mDebye / A, RMSE_ALPHA_per_atom=    0.03, RMSE_ALPHA_DERIV=    2.19
2025-07-13 05:05:40.848 INFO: Epoch 1979: head: Default, loss=1.4813, RMSE_MU_per_atom=0.00 mDebye, RMSE_MU_DERIV=0.00 mDebye / A, RMSE_ALPHA_per_atom=    0.03, RMSE_ALPHA_DERIV=    2.19
2025-07-13 05:06:24.465 INFO: Epoch 1980: head: Default, loss=1.4813, RMSE_MU_per_atom=0.00 mDebye, RMSE_MU_DERIV=0.00 mDebye / A, RMSE_ALPHA_per_atom=    0.03, RMSE_ALPHA_DERIV=    2.19
2025-07-13 05:07:08.099 INFO: Epoch 1981: head: Default, loss=1.4818, RMSE_MU_per_atom=0.00 mDebye, RMSE_MU_DERIV=0.00 mDebye / A, RMSE_ALPHA_per_atom=    0.03, RMSE_ALPHA_DERIV=    2.19
2025-07-13 05:07:51.727 INFO: Epoch 1982: head: Default, loss=1.4815, RMSE_MU_per_atom=0.00 mDebye, RMSE_MU_DERIV=0.00 mDebye / A, RMSE_ALPHA_per_atom=    0.03, RMSE_ALPHA_DERIV=    2.19
2025-07-13 05:08:35.367 INFO: Epoch 1983: head: Default, loss=1.4819, RMSE_MU_per_atom=0.00 mDebye, RMSE_MU_DERIV=0.00 mDebye / A, RMSE_ALPHA_per_atom=    0.03, RMSE_ALPHA_DERIV=    2.19
2025-07-13 05:09:18.998 INFO: Epoch 1984: head: Default, loss=1.4814, RMSE_MU_per_atom=0.00 mDebye, RMSE_MU_DERIV=0.00 mDebye / A, RMSE_ALPHA_per_atom=    0.03, RMSE_ALPHA_DERIV=    2.19
2025-07-13 05:10:02.626 INFO: Epoch 1985: head: Default, loss=1.4813, RMSE_MU_per_atom=0.00 mDebye, RMSE_MU_DERIV=0.00 mDebye / A, RMSE_ALPHA_per_atom=    0.03, RMSE_ALPHA_DERIV=    2.19
2025-07-13 05:10:46.272 INFO: Epoch 1986: head: Default, loss=1.4814, RMSE_MU_per_atom=0.00 mDebye, RMSE_MU_DERIV=0.00 mDebye / A, RMSE_ALPHA_per_atom=    0.03, RMSE_ALPHA_DERIV=    2.19
2025-07-13 05:11:29.890 INFO: Epoch 1987: head: Default, loss=1.4815, RMSE_MU_per_atom=0.00 mDebye, RMSE_MU_DERIV=0.00 mDebye / A, RMSE_ALPHA_per_atom=    0.03, RMSE_ALPHA_DERIV=    2.19
2025-07-13 05:12:13.521 INFO: Epoch 1988: head: Default, loss=1.4814, RMSE_MU_per_atom=0.00 mDebye, RMSE_MU_DERIV=0.00 mDebye / A, RMSE_ALPHA_per_atom=    0.03, RMSE_ALPHA_DERIV=    2.19
2025-07-13 05:12:57.147 INFO: Epoch 1989: head: Default, loss=1.4812, RMSE_MU_per_atom=0.00 mDebye, RMSE_MU_DERIV=0.00 mDebye / A, RMSE_ALPHA_per_atom=    0.03, RMSE_ALPHA_DERIV=    2.19
2025-07-13 05:13:40.785 INFO: Epoch 1990: head: Default, loss=1.4813, RMSE_MU_per_atom=0.00 mDebye, RMSE_MU_DERIV=0.00 mDebye / A, RMSE_ALPHA_per_atom=    0.03, RMSE_ALPHA_DERIV=    2.19
2025-07-13 05:14:24.427 INFO: Epoch 1991: head: Default, loss=1.4812, RMSE_MU_per_atom=0.00 mDebye, RMSE_MU_DERIV=0.00 mDebye / A, RMSE_ALPHA_per_atom=    0.03, RMSE_ALPHA_DERIV=    2.19
2025-07-13 05:15:08.073 INFO: Epoch 1992: head: Default, loss=1.4814, RMSE_MU_per_atom=0.00 mDebye, RMSE_MU_DERIV=0.00 mDebye / A, RMSE_ALPHA_per_atom=    0.03, RMSE_ALPHA_DERIV=    2.19
2025-07-13 05:15:51.707 INFO: Epoch 1993: head: Default, loss=1.4813, RMSE_MU_per_atom=0.00 mDebye, RMSE_MU_DERIV=0.00 mDebye / A, RMSE_ALPHA_per_atom=    0.03, RMSE_ALPHA_DERIV=    2.19
2025-07-13 05:16:35.326 INFO: Epoch 1994: head: Default, loss=1.4813, RMSE_MU_per_atom=0.00 mDebye, RMSE_MU_DERIV=0.00 mDebye / A, RMSE_ALPHA_per_atom=    0.03, RMSE_ALPHA_DERIV=    2.19
2025-07-13 05:17:18.955 INFO: Epoch 1995: head: Default, loss=1.4815, RMSE_MU_per_atom=0.00 mDebye, RMSE_MU_DERIV=0.00 mDebye / A, RMSE_ALPHA_per_atom=    0.03, RMSE_ALPHA_DERIV=    2.19
2025-07-13 05:18:02.572 INFO: Epoch 1996: head: Default, loss=1.4818, RMSE_MU_per_atom=0.00 mDebye, RMSE_MU_DERIV=0.00 mDebye / A, RMSE_ALPHA_per_atom=    0.03, RMSE_ALPHA_DERIV=    2.19
2025-07-13 05:18:46.203 INFO: Epoch 1997: head: Default, loss=1.4815, RMSE_MU_per_atom=0.00 mDebye, RMSE_MU_DERIV=0.00 mDebye / A, RMSE_ALPHA_per_atom=    0.03, RMSE_ALPHA_DERIV=    2.19
2025-07-13 05:19:29.843 INFO: Epoch 1998: head: Default, loss=1.4815, RMSE_MU_per_atom=0.00 mDebye, RMSE_MU_DERIV=0.00 mDebye / A, RMSE_ALPHA_per_atom=    0.03, RMSE_ALPHA_DERIV=    2.19
2025-07-13 05:20:13.464 INFO: Epoch 1999: head: Default, loss=1.4812, RMSE_MU_per_atom=0.00 mDebye, RMSE_MU_DERIV=0.00 mDebye / A, RMSE_ALPHA_per_atom=    0.03, RMSE_ALPHA_DERIV=    2.19
2025-07-13 05:20:13.464 INFO: Training complete
2025-07-13 05:20:13.464 INFO: 
2025-07-13 05:20:13.464 INFO: ===========RESULTS===========
2025-07-13 05:20:13.647 INFO: Loading checkpoint: ./checkpoints/MoWSSe_susram_ndata_all_subset_240_weights_10_1_run-123_epoch-478.pt
2025-07-13 05:20:13.701 INFO: Loaded Stage one model from epoch 478 for evaluation
2025-07-13 05:20:13.701 INFO: Saving model to checkpoints/MoWSSe_susram_ndata_all_subset_240_weights_10_1_run-123.model
2025-07-13 05:20:14.085 INFO: Compiling model, saving metadata to MoWSSe_susram_ndata_all_subset_240_weights_10_1_compiled.model
2025-07-13 05:20:14.901 INFO: Computing metrics for training, validation, and test sets
2025-07-13 05:20:14.902 INFO: Skipping evaluation for heads: ['pt_head']
2025-07-13 05:20:14.902 INFO: Evaluating train_Default ...
2025-07-13 05:20:30.603 INFO: Evaluating valid_Default ...
2025-07-13 05:20:31.539 INFO: Error-table on TRAIN and VALID:
+---------------+-------------------------+----------------+---------------+------------+-------------------+------------------+
|  config_type  | RMSE MU / mDebye / atom | rel. MU RMSE % | RMSE MU deriv | RMSE ALPHA | rel. ALPHA RMSE % | RMSE ALPHA deriv |
+---------------+-------------------------+----------------+---------------+------------+-------------------+------------------+
| train_Default |           0.00          |      0.0       |      0.00     |    0.03    |        0.3        |       0.97       |
| valid_Default |           0.00          |      0.0       |      0.00     |    0.04    |        0.4        |       2.17       |
+---------------+-------------------------+----------------+---------------+------------+-------------------+------------------+
2025-07-13 05:20:31.539 INFO: Evaluating Default_Default ...
2025-07-13 05:20:48.557 INFO: Error-table on TEST:
+-----------------+-------------------------+----------------+---------------+------------+-------------------+------------------+
|   config_type   | RMSE MU / mDebye / atom | rel. MU RMSE % | RMSE MU deriv | RMSE ALPHA | rel. ALPHA RMSE % | RMSE ALPHA deriv |
+-----------------+-------------------------+----------------+---------------+------------+-------------------+------------------+
| Default_Default |           0.00          |      0.0       |      0.00     |    0.03    |        0.3        |       1.05       |
+-----------------+-------------------------+----------------+---------------+------------+-------------------+------------------+
2025-07-13 05:20:48.557 DEBUG: Running inference on train_Default dataset
2025-07-13 05:21:04.090 DEBUG: Running inference on valid_Default dataset
2025-07-13 05:21:04.984 DEBUG: Running inference on Default_Default dataset
2025-07-13 05:21:22.498 DEBUG: Plotting failed: 'Axes' object is not iterable
2025-07-13 05:21:22.502 INFO: Done
