2025-07-13 07:49:52.693 INFO: ===========VERIFYING SETTINGS===========
2025-07-13 07:49:52.694 INFO: MACE version: 0.3.13
2025-07-13 07:49:52.794 INFO: CUDA version: 12.4, CUDA device: 0
2025-07-13 07:49:53.091 INFO: ===========LOADING INPUT DATA===========
2025-07-13 07:49:53.092 INFO: Using heads: ['Default']
2025-07-13 07:49:53.092 INFO: Using the key specifications to parse data:
2025-07-13 07:49:53.092 INFO: Default: KeySpecification(info_keys={'energy': 'None', 'stress': 'None', 'virials': 'REF_virials', 'dipole': 'dipole', 'polarizability': 'susceptibility_tensor', 'head': 'head'}, arrays_keys={'forces': 'None', 'dipole_deriv': 'dipole_deriv', 'polarizability_deriv': 'raman_tensor'})
2025-07-13 07:49:53.092 INFO: =============    Processing head Default     ===========
2025-07-13 07:49:53.319 INFO: Training set 1/1 [energy: 0, stress: 0, virials: 0, dipole components: 0, polarizability: 280, head: 280, forces: 0, dipole_deriv: 0, polarizability_deriv: 280]
2025-07-13 07:49:53.320 INFO: Total Training set [energy: 0, stress: 0, virials: 0, dipole components: 0, polarizability: 280, head: 280, forces: 0, dipole_deriv: 0, polarizability_deriv: 280]
2025-07-13 07:49:53.320 INFO: No validation set provided, splitting training data instead.
2025-07-13 07:49:53.322 INFO: Using random 5% of training set for validation with indices saved in: ./valid_indices_123.txt
2025-07-13 07:49:53.323 INFO: Random Split Training set [energy: 0, stress: 0, virials: 0, dipole components: 0, polarizability: 266, head: 266, forces: 0, dipole_deriv: 0, polarizability_deriv: 266]
2025-07-13 07:49:53.323 INFO: Random Split Validation set [energy: 0, stress: 0, virials: 0, dipole components: 0, polarizability: 14, head: 14, forces: 0, dipole_deriv: 0, polarizability_deriv: 14]
2025-07-13 07:49:53.508 INFO: Test set 1/1 [energy: 0, stress: 0, virials: 0, dipole components: 0, polarizability: 280, head: 280, forces: 0, dipole_deriv: 0, polarizability_deriv: 280]
2025-07-13 07:49:53.510 INFO: Total Test set [energy: 0, stress: 0, virials: 0, dipole components: 0, polarizability: 280, head: 280, forces: 0, dipole_deriv: 0, polarizability_deriv: 280]
2025-07-13 07:49:53.510 INFO: Total number of configurations: train=266, valid=14, tests=[Default_Default: 280],
2025-07-13 07:49:53.511 INFO: Atomic Numbers used: [16, 34, 42, 74]
2025-07-13 07:49:53.511 INFO: Processing datasets for head 'Default'
2025-07-13 07:49:53.721 INFO: Combining 1 list datasets for head 'Default'
2025-07-13 07:49:53.732 INFO: Head 'Default' training dataset size: 266
2025-07-13 07:49:53.733 INFO: Computing average number of neighbors
2025-07-13 07:49:53.920 INFO: Average number of neighbors: 18.994586894586895
2025-07-13 07:49:53.920 INFO: During training the following quantities will be reported: dipoles, polarizability, dipole_deriv, polarizability_deriv
2025-07-13 07:49:53.920 INFO: ===========MODEL DETAILS===========
2025-07-13 07:49:53.922 INFO: Building model
2025-07-13 07:49:53.922 INFO: Message passing with 128 channels and max_L=2 (128x0e + 128x1o + 128x2e)
2025-07-13 07:49:53.922 INFO: 2 layers, each with correlation order: 3 (body order: 4) and spherical harmonics up to: l=3
2025-07-13 07:49:53.922 INFO: 8 radial and 5 basis functions
2025-07-13 07:49:53.922 INFO: Radial cutoff: 5.0 A (total receptive field for each atom: 10.0 A)
2025-07-13 07:49:53.922 INFO: Distance transform for radial basis functions: None
2025-07-13 07:49:53.922 INFO: Hidden irreps: 128x0e + 128x1o + 128x2e
2025-07-13 07:49:56.236 INFO: Total number of parameters: 1104272
2025-07-13 07:49:56.236 INFO: 
2025-07-13 07:49:56.236 INFO: ===========OPTIMIZER INFORMATION===========
2025-07-13 07:49:56.236 INFO: Using ADAM as parameter optimizer
2025-07-13 07:49:56.236 INFO: Batch size: 10
2025-07-13 07:49:56.237 INFO: Number of gradient updates: 53200
2025-07-13 07:49:56.237 INFO: Learning rate: 0.01, weight decay: 5e-07
2025-07-13 07:49:56.237 INFO: DipolePolarizabilityDerivLoss(dipole_weight=0.000, polarizability_weight=1.000, dipole_deriv_weight=0.000, polarizability_deriv_weight=0.000)
2025-07-13 07:49:56.240 WARNING: Cannot find checkpoint with tag 'MoWSSe_sus_ndata_all_subset_280_run-123' in './checkpoints'
2025-07-13 07:49:56.241 INFO: Using gradient clipping with tolerance=10.000
2025-07-13 07:49:56.241 INFO: 
2025-07-13 07:49:56.241 INFO: ===========TRAINING===========
2025-07-13 07:49:56.241 INFO: Started training, reporting errors on validation set
2025-07-13 07:49:56.241 INFO: Loss metrics on validation set
2025-07-13 07:49:59.072 INFO: Initial: head: Default, loss=19.6581, RMSE_MU_per_atom=0.00 mDebye, RMSE_MU_DERIV=0.01 mDebye / A, RMSE_ALPHA_per_atom=   11.50, RMSE_ALPHA_DERIV=   13.85
2025-07-13 07:50:56.344 INFO: Epoch 0: head: Default, loss=6.0264, RMSE_MU_per_atom=0.01 mDebye, RMSE_MU_DERIV=0.07 mDebye / A, RMSE_ALPHA_per_atom=    6.67, RMSE_ALPHA_DERIV=   27.60
2025-07-13 07:51:47.912 INFO: Epoch 1: head: Default, loss=0.2420, RMSE_MU_per_atom=0.00 mDebye, RMSE_MU_DERIV=0.02 mDebye / A, RMSE_ALPHA_per_atom=    1.34, RMSE_ALPHA_DERIV=   19.04
2025-07-13 07:52:39.367 INFO: Epoch 2: head: Default, loss=0.1714, RMSE_MU_per_atom=0.00 mDebye, RMSE_MU_DERIV=0.01 mDebye / A, RMSE_ALPHA_per_atom=    1.07, RMSE_ALPHA_DERIV=   20.06
2025-07-13 07:53:30.814 INFO: Epoch 3: head: Default, loss=0.2096, RMSE_MU_per_atom=0.00 mDebye, RMSE_MU_DERIV=0.01 mDebye / A, RMSE_ALPHA_per_atom=    1.09, RMSE_ALPHA_DERIV=   20.21
2025-07-13 07:54:22.235 INFO: Epoch 4: head: Default, loss=0.0795, RMSE_MU_per_atom=0.00 mDebye, RMSE_MU_DERIV=0.01 mDebye / A, RMSE_ALPHA_per_atom=    0.75, RMSE_ALPHA_DERIV=   20.66
2025-07-13 07:55:13.702 INFO: Epoch 5: head: Default, loss=0.0958, RMSE_MU_per_atom=0.00 mDebye, RMSE_MU_DERIV=0.01 mDebye / A, RMSE_ALPHA_per_atom=    0.85, RMSE_ALPHA_DERIV=   20.52
2025-07-13 07:56:05.130 INFO: Epoch 6: head: Default, loss=0.1426, RMSE_MU_per_atom=0.00 mDebye, RMSE_MU_DERIV=0.01 mDebye / A, RMSE_ALPHA_per_atom=    0.92, RMSE_ALPHA_DERIV=   19.09
2025-07-13 07:56:56.560 INFO: Epoch 7: head: Default, loss=0.0892, RMSE_MU_per_atom=0.00 mDebye, RMSE_MU_DERIV=0.01 mDebye / A, RMSE_ALPHA_per_atom=    0.74, RMSE_ALPHA_DERIV=   18.79
2025-07-13 07:57:47.992 INFO: Epoch 8: head: Default, loss=0.0929, RMSE_MU_per_atom=0.00 mDebye, RMSE_MU_DERIV=0.01 mDebye / A, RMSE_ALPHA_per_atom=    0.77, RMSE_ALPHA_DERIV=   18.01
2025-07-13 07:58:39.409 INFO: Epoch 9: head: Default, loss=0.0437, RMSE_MU_per_atom=0.00 mDebye, RMSE_MU_DERIV=0.03 mDebye / A, RMSE_ALPHA_per_atom=    0.57, RMSE_ALPHA_DERIV=   16.61
2025-07-13 07:59:30.835 INFO: Epoch 10: head: Default, loss=0.1316, RMSE_MU_per_atom=0.00 mDebye, RMSE_MU_DERIV=0.02 mDebye / A, RMSE_ALPHA_per_atom=    0.90, RMSE_ALPHA_DERIV=   14.62
2025-07-13 08:00:22.253 INFO: Epoch 11: head: Default, loss=0.0256, RMSE_MU_per_atom=0.00 mDebye, RMSE_MU_DERIV=0.02 mDebye / A, RMSE_ALPHA_per_atom=    0.38, RMSE_ALPHA_DERIV=   14.35
2025-07-13 08:01:13.736 INFO: Epoch 12: head: Default, loss=0.0250, RMSE_MU_per_atom=0.00 mDebye, RMSE_MU_DERIV=0.01 mDebye / A, RMSE_ALPHA_per_atom=    0.36, RMSE_ALPHA_DERIV=   13.03
2025-07-13 08:02:05.210 INFO: Epoch 13: head: Default, loss=0.0286, RMSE_MU_per_atom=0.00 mDebye, RMSE_MU_DERIV=0.01 mDebye / A, RMSE_ALPHA_per_atom=    0.41, RMSE_ALPHA_DERIV=   12.60
2025-07-13 08:02:56.642 INFO: Epoch 14: head: Default, loss=0.0111, RMSE_MU_per_atom=0.00 mDebye, RMSE_MU_DERIV=0.01 mDebye / A, RMSE_ALPHA_per_atom=    0.28, RMSE_ALPHA_DERIV=   11.47
2025-07-13 08:03:48.146 INFO: Epoch 15: head: Default, loss=0.0118, RMSE_MU_per_atom=0.00 mDebye, RMSE_MU_DERIV=0.00 mDebye / A, RMSE_ALPHA_per_atom=    0.26, RMSE_ALPHA_DERIV=   11.38
2025-07-13 08:04:39.591 INFO: Epoch 16: head: Default, loss=0.0114, RMSE_MU_per_atom=0.00 mDebye, RMSE_MU_DERIV=0.00 mDebye / A, RMSE_ALPHA_per_atom=    0.29, RMSE_ALPHA_DERIV=   11.32
2025-07-13 08:05:31.045 INFO: Epoch 17: head: Default, loss=0.0056, RMSE_MU_per_atom=0.00 mDebye, RMSE_MU_DERIV=0.00 mDebye / A, RMSE_ALPHA_per_atom=    0.20, RMSE_ALPHA_DERIV=   11.07
2025-07-13 08:06:22.557 INFO: Epoch 18: head: Default, loss=0.0090, RMSE_MU_per_atom=0.00 mDebye, RMSE_MU_DERIV=0.00 mDebye / A, RMSE_ALPHA_per_atom=    0.26, RMSE_ALPHA_DERIV=   11.22
2025-07-13 08:07:14.038 INFO: Epoch 19: head: Default, loss=0.0174, RMSE_MU_per_atom=0.00 mDebye, RMSE_MU_DERIV=0.00 mDebye / A, RMSE_ALPHA_per_atom=    0.33, RMSE_ALPHA_DERIV=   10.81
2025-07-13 08:08:05.499 INFO: Epoch 20: head: Default, loss=0.0097, RMSE_MU_per_atom=0.00 mDebye, RMSE_MU_DERIV=0.00 mDebye / A, RMSE_ALPHA_per_atom=    0.25, RMSE_ALPHA_DERIV=   11.03
2025-07-13 08:08:56.962 INFO: Epoch 21: head: Default, loss=0.0073, RMSE_MU_per_atom=0.00 mDebye, RMSE_MU_DERIV=0.00 mDebye / A, RMSE_ALPHA_per_atom=    0.23, RMSE_ALPHA_DERIV=   11.17
2025-07-13 08:09:48.442 INFO: Epoch 22: head: Default, loss=0.0061, RMSE_MU_per_atom=0.00 mDebye, RMSE_MU_DERIV=0.00 mDebye / A, RMSE_ALPHA_per_atom=    0.20, RMSE_ALPHA_DERIV=   10.73
2025-07-13 08:10:39.897 INFO: Epoch 23: head: Default, loss=0.0189, RMSE_MU_per_atom=0.00 mDebye, RMSE_MU_DERIV=0.00 mDebye / A, RMSE_ALPHA_per_atom=    0.35, RMSE_ALPHA_DERIV=   10.04
2025-07-13 08:11:31.359 INFO: Epoch 24: head: Default, loss=0.0071, RMSE_MU_per_atom=0.00 mDebye, RMSE_MU_DERIV=0.00 mDebye / A, RMSE_ALPHA_per_atom=    0.23, RMSE_ALPHA_DERIV=   10.05
2025-07-13 08:12:22.803 INFO: Epoch 25: head: Default, loss=0.0139, RMSE_MU_per_atom=0.00 mDebye, RMSE_MU_DERIV=0.00 mDebye / A, RMSE_ALPHA_per_atom=    0.30, RMSE_ALPHA_DERIV=   10.19
2025-07-13 08:13:14.267 INFO: Epoch 26: head: Default, loss=0.0092, RMSE_MU_per_atom=0.00 mDebye, RMSE_MU_DERIV=0.00 mDebye / A, RMSE_ALPHA_per_atom=    0.24, RMSE_ALPHA_DERIV=   10.28
2025-07-13 08:14:05.704 INFO: Epoch 27: head: Default, loss=0.0044, RMSE_MU_per_atom=0.00 mDebye, RMSE_MU_DERIV=0.00 mDebye / A, RMSE_ALPHA_per_atom=    0.18, RMSE_ALPHA_DERIV=    9.92
2025-07-13 08:14:57.222 INFO: Epoch 28: head: Default, loss=0.0059, RMSE_MU_per_atom=0.00 mDebye, RMSE_MU_DERIV=0.00 mDebye / A, RMSE_ALPHA_per_atom=    0.19, RMSE_ALPHA_DERIV=    9.86
2025-07-13 08:15:48.672 INFO: Epoch 29: head: Default, loss=0.0078, RMSE_MU_per_atom=0.00 mDebye, RMSE_MU_DERIV=0.00 mDebye / A, RMSE_ALPHA_per_atom=    0.24, RMSE_ALPHA_DERIV=    9.82
2025-07-13 08:16:40.138 INFO: Epoch 30: head: Default, loss=0.0057, RMSE_MU_per_atom=0.00 mDebye, RMSE_MU_DERIV=0.00 mDebye / A, RMSE_ALPHA_per_atom=    0.20, RMSE_ALPHA_DERIV=    9.83
2025-07-13 08:17:31.609 INFO: Epoch 31: head: Default, loss=0.0053, RMSE_MU_per_atom=0.00 mDebye, RMSE_MU_DERIV=0.00 mDebye / A, RMSE_ALPHA_per_atom=    0.19, RMSE_ALPHA_DERIV=    9.73
2025-07-13 08:18:23.074 INFO: Epoch 32: head: Default, loss=0.0121, RMSE_MU_per_atom=0.00 mDebye, RMSE_MU_DERIV=0.00 mDebye / A, RMSE_ALPHA_per_atom=    0.31, RMSE_ALPHA_DERIV=    9.72
2025-07-13 08:19:14.529 INFO: Epoch 33: head: Default, loss=0.0047, RMSE_MU_per_atom=0.00 mDebye, RMSE_MU_DERIV=0.00 mDebye / A, RMSE_ALPHA_per_atom=    0.18, RMSE_ALPHA_DERIV=    9.49
2025-07-13 08:20:05.984 INFO: Epoch 34: head: Default, loss=0.0056, RMSE_MU_per_atom=0.00 mDebye, RMSE_MU_DERIV=0.00 mDebye / A, RMSE_ALPHA_per_atom=    0.21, RMSE_ALPHA_DERIV=    9.76
2025-07-13 08:20:57.420 INFO: Epoch 35: head: Default, loss=0.0051, RMSE_MU_per_atom=0.00 mDebye, RMSE_MU_DERIV=0.00 mDebye / A, RMSE_ALPHA_per_atom=    0.20, RMSE_ALPHA_DERIV=    9.63
2025-07-13 08:21:48.858 INFO: Epoch 36: head: Default, loss=0.0079, RMSE_MU_per_atom=0.00 mDebye, RMSE_MU_DERIV=0.00 mDebye / A, RMSE_ALPHA_per_atom=    0.25, RMSE_ALPHA_DERIV=    9.82
2025-07-13 08:22:40.310 INFO: Epoch 37: head: Default, loss=0.0095, RMSE_MU_per_atom=0.00 mDebye, RMSE_MU_DERIV=0.00 mDebye / A, RMSE_ALPHA_per_atom=    0.24, RMSE_ALPHA_DERIV=    9.41
2025-07-13 08:23:31.746 INFO: Epoch 38: head: Default, loss=0.0090, RMSE_MU_per_atom=0.00 mDebye, RMSE_MU_DERIV=0.00 mDebye / A, RMSE_ALPHA_per_atom=    0.26, RMSE_ALPHA_DERIV=    9.67
2025-07-13 08:24:23.198 INFO: Epoch 39: head: Default, loss=0.0071, RMSE_MU_per_atom=0.00 mDebye, RMSE_MU_DERIV=0.00 mDebye / A, RMSE_ALPHA_per_atom=    0.21, RMSE_ALPHA_DERIV=    9.37
2025-07-13 08:25:14.628 INFO: Epoch 40: head: Default, loss=0.0097, RMSE_MU_per_atom=0.00 mDebye, RMSE_MU_DERIV=0.00 mDebye / A, RMSE_ALPHA_per_atom=    0.24, RMSE_ALPHA_DERIV=    9.47
2025-07-13 08:26:06.055 INFO: Epoch 41: head: Default, loss=0.0033, RMSE_MU_per_atom=0.00 mDebye, RMSE_MU_DERIV=0.00 mDebye / A, RMSE_ALPHA_per_atom=    0.16, RMSE_ALPHA_DERIV=    9.33
2025-07-13 08:26:57.560 INFO: Epoch 42: head: Default, loss=0.0055, RMSE_MU_per_atom=0.00 mDebye, RMSE_MU_DERIV=0.00 mDebye / A, RMSE_ALPHA_per_atom=    0.20, RMSE_ALPHA_DERIV=    9.32
2025-07-13 08:27:48.993 INFO: Epoch 43: head: Default, loss=0.0215, RMSE_MU_per_atom=0.00 mDebye, RMSE_MU_DERIV=0.00 mDebye / A, RMSE_ALPHA_per_atom=    0.40, RMSE_ALPHA_DERIV=    9.26
2025-07-13 08:28:40.450 INFO: Epoch 44: head: Default, loss=0.0047, RMSE_MU_per_atom=0.00 mDebye, RMSE_MU_DERIV=0.00 mDebye / A, RMSE_ALPHA_per_atom=    0.20, RMSE_ALPHA_DERIV=    9.43
2025-07-13 08:29:31.888 INFO: Epoch 45: head: Default, loss=0.0090, RMSE_MU_per_atom=0.00 mDebye, RMSE_MU_DERIV=0.00 mDebye / A, RMSE_ALPHA_per_atom=    0.23, RMSE_ALPHA_DERIV=    8.96
2025-07-13 08:30:23.367 INFO: Epoch 46: head: Default, loss=0.0086, RMSE_MU_per_atom=0.00 mDebye, RMSE_MU_DERIV=0.00 mDebye / A, RMSE_ALPHA_per_atom=    0.23, RMSE_ALPHA_DERIV=    9.15
2025-07-13 08:31:14.804 INFO: Epoch 47: head: Default, loss=0.0069, RMSE_MU_per_atom=0.00 mDebye, RMSE_MU_DERIV=0.00 mDebye / A, RMSE_ALPHA_per_atom=    0.25, RMSE_ALPHA_DERIV=    9.33
2025-07-13 08:32:06.246 INFO: Epoch 48: head: Default, loss=0.0061, RMSE_MU_per_atom=0.00 mDebye, RMSE_MU_DERIV=0.00 mDebye / A, RMSE_ALPHA_per_atom=    0.21, RMSE_ALPHA_DERIV=    9.17
2025-07-13 08:32:57.688 INFO: Epoch 49: head: Default, loss=0.0049, RMSE_MU_per_atom=0.00 mDebye, RMSE_MU_DERIV=0.00 mDebye / A, RMSE_ALPHA_per_atom=    0.18, RMSE_ALPHA_DERIV=    8.89
2025-07-13 08:33:49.139 INFO: Epoch 50: head: Default, loss=0.0057, RMSE_MU_per_atom=0.00 mDebye, RMSE_MU_DERIV=0.00 mDebye / A, RMSE_ALPHA_per_atom=    0.18, RMSE_ALPHA_DERIV=    8.88
2025-07-13 08:34:40.591 INFO: Epoch 51: head: Default, loss=0.0058, RMSE_MU_per_atom=0.00 mDebye, RMSE_MU_DERIV=0.00 mDebye / A, RMSE_ALPHA_per_atom=    0.22, RMSE_ALPHA_DERIV=    8.99
2025-07-13 08:35:32.050 INFO: Epoch 52: head: Default, loss=0.0053, RMSE_MU_per_atom=0.00 mDebye, RMSE_MU_DERIV=0.00 mDebye / A, RMSE_ALPHA_per_atom=    0.22, RMSE_ALPHA_DERIV=    9.01
2025-07-13 08:36:23.504 INFO: Epoch 53: head: Default, loss=0.0034, RMSE_MU_per_atom=0.00 mDebye, RMSE_MU_DERIV=0.00 mDebye / A, RMSE_ALPHA_per_atom=    0.16, RMSE_ALPHA_DERIV=    8.98
2025-07-13 08:37:14.933 INFO: Epoch 54: head: Default, loss=0.0027, RMSE_MU_per_atom=0.00 mDebye, RMSE_MU_DERIV=0.00 mDebye / A, RMSE_ALPHA_per_atom=    0.15, RMSE_ALPHA_DERIV=    8.91
2025-07-13 08:38:06.418 INFO: Epoch 55: head: Default, loss=0.0113, RMSE_MU_per_atom=0.00 mDebye, RMSE_MU_DERIV=0.00 mDebye / A, RMSE_ALPHA_per_atom=    0.26, RMSE_ALPHA_DERIV=    8.73
2025-07-13 08:38:57.873 INFO: Epoch 56: head: Default, loss=0.0035, RMSE_MU_per_atom=0.00 mDebye, RMSE_MU_DERIV=0.00 mDebye / A, RMSE_ALPHA_per_atom=    0.17, RMSE_ALPHA_DERIV=    9.05
2025-07-13 08:39:49.297 INFO: Epoch 57: head: Default, loss=0.0042, RMSE_MU_per_atom=0.00 mDebye, RMSE_MU_DERIV=0.00 mDebye / A, RMSE_ALPHA_per_atom=    0.19, RMSE_ALPHA_DERIV=    8.95
2025-07-13 08:40:40.747 INFO: Epoch 58: head: Default, loss=0.0032, RMSE_MU_per_atom=0.00 mDebye, RMSE_MU_DERIV=0.00 mDebye / A, RMSE_ALPHA_per_atom=    0.16, RMSE_ALPHA_DERIV=    8.74
2025-07-13 08:41:32.172 INFO: Epoch 59: head: Default, loss=0.0027, RMSE_MU_per_atom=0.00 mDebye, RMSE_MU_DERIV=0.00 mDebye / A, RMSE_ALPHA_per_atom=    0.15, RMSE_ALPHA_DERIV=    8.75
2025-07-13 08:42:23.649 INFO: Epoch 60: head: Default, loss=0.0050, RMSE_MU_per_atom=0.00 mDebye, RMSE_MU_DERIV=0.00 mDebye / A, RMSE_ALPHA_per_atom=    0.19, RMSE_ALPHA_DERIV=    8.59
2025-07-13 08:43:15.065 INFO: Epoch 61: head: Default, loss=0.0033, RMSE_MU_per_atom=0.00 mDebye, RMSE_MU_DERIV=0.00 mDebye / A, RMSE_ALPHA_per_atom=    0.16, RMSE_ALPHA_DERIV=    8.56
2025-07-13 08:44:06.473 INFO: Epoch 62: head: Default, loss=0.0062, RMSE_MU_per_atom=0.00 mDebye, RMSE_MU_DERIV=0.00 mDebye / A, RMSE_ALPHA_per_atom=    0.23, RMSE_ALPHA_DERIV=    8.63
2025-07-13 08:44:57.900 INFO: Epoch 63: head: Default, loss=0.0032, RMSE_MU_per_atom=0.00 mDebye, RMSE_MU_DERIV=0.00 mDebye / A, RMSE_ALPHA_per_atom=    0.16, RMSE_ALPHA_DERIV=    8.45
2025-07-13 08:45:49.332 INFO: Epoch 64: head: Default, loss=0.0034, RMSE_MU_per_atom=0.00 mDebye, RMSE_MU_DERIV=0.00 mDebye / A, RMSE_ALPHA_per_atom=    0.15, RMSE_ALPHA_DERIV=    8.53
2025-07-13 08:46:40.766 INFO: Epoch 65: head: Default, loss=0.0039, RMSE_MU_per_atom=0.00 mDebye, RMSE_MU_DERIV=0.00 mDebye / A, RMSE_ALPHA_per_atom=    0.17, RMSE_ALPHA_DERIV=    8.44
2025-07-13 08:47:32.219 INFO: Epoch 66: head: Default, loss=0.0084, RMSE_MU_per_atom=0.00 mDebye, RMSE_MU_DERIV=0.00 mDebye / A, RMSE_ALPHA_per_atom=    0.23, RMSE_ALPHA_DERIV=    8.31
2025-07-13 08:48:23.665 INFO: Epoch 67: head: Default, loss=0.0033, RMSE_MU_per_atom=0.00 mDebye, RMSE_MU_DERIV=0.00 mDebye / A, RMSE_ALPHA_per_atom=    0.15, RMSE_ALPHA_DERIV=    8.45
2025-07-13 08:49:15.106 INFO: Epoch 68: head: Default, loss=0.0026, RMSE_MU_per_atom=0.00 mDebye, RMSE_MU_DERIV=0.00 mDebye / A, RMSE_ALPHA_per_atom=    0.14, RMSE_ALPHA_DERIV=    8.29
2025-07-13 08:50:06.605 INFO: Epoch 69: head: Default, loss=0.0041, RMSE_MU_per_atom=0.00 mDebye, RMSE_MU_DERIV=0.00 mDebye / A, RMSE_ALPHA_per_atom=    0.17, RMSE_ALPHA_DERIV=    8.54
2025-07-13 08:50:58.064 INFO: Epoch 70: head: Default, loss=0.0087, RMSE_MU_per_atom=0.00 mDebye, RMSE_MU_DERIV=0.00 mDebye / A, RMSE_ALPHA_per_atom=    0.22, RMSE_ALPHA_DERIV=    8.32
2025-07-13 08:51:49.511 INFO: Epoch 71: head: Default, loss=0.0034, RMSE_MU_per_atom=0.00 mDebye, RMSE_MU_DERIV=0.00 mDebye / A, RMSE_ALPHA_per_atom=    0.15, RMSE_ALPHA_DERIV=    8.20
2025-07-13 08:52:40.970 INFO: Epoch 72: head: Default, loss=0.0026, RMSE_MU_per_atom=0.00 mDebye, RMSE_MU_DERIV=0.00 mDebye / A, RMSE_ALPHA_per_atom=    0.14, RMSE_ALPHA_DERIV=    8.28
2025-07-13 08:53:32.457 INFO: Epoch 73: head: Default, loss=0.0049, RMSE_MU_per_atom=0.00 mDebye, RMSE_MU_DERIV=0.00 mDebye / A, RMSE_ALPHA_per_atom=    0.17, RMSE_ALPHA_DERIV=    8.23
2025-07-13 08:54:23.891 INFO: Epoch 74: head: Default, loss=0.0040, RMSE_MU_per_atom=0.00 mDebye, RMSE_MU_DERIV=0.00 mDebye / A, RMSE_ALPHA_per_atom=    0.19, RMSE_ALPHA_DERIV=    8.22
2025-07-13 08:55:15.347 INFO: Epoch 75: head: Default, loss=0.0039, RMSE_MU_per_atom=0.00 mDebye, RMSE_MU_DERIV=0.00 mDebye / A, RMSE_ALPHA_per_atom=    0.16, RMSE_ALPHA_DERIV=    8.17
2025-07-13 08:56:06.757 INFO: Epoch 76: head: Default, loss=0.0031, RMSE_MU_per_atom=0.00 mDebye, RMSE_MU_DERIV=0.00 mDebye / A, RMSE_ALPHA_per_atom=    0.15, RMSE_ALPHA_DERIV=    8.12
2025-07-13 08:56:58.155 INFO: Epoch 77: head: Default, loss=0.0027, RMSE_MU_per_atom=0.00 mDebye, RMSE_MU_DERIV=0.00 mDebye / A, RMSE_ALPHA_per_atom=    0.14, RMSE_ALPHA_DERIV=    8.14
2025-07-13 08:57:49.574 INFO: Epoch 78: head: Default, loss=0.0085, RMSE_MU_per_atom=0.00 mDebye, RMSE_MU_DERIV=0.00 mDebye / A, RMSE_ALPHA_per_atom=    0.26, RMSE_ALPHA_DERIV=    8.28
2025-07-13 08:58:41.008 INFO: Epoch 79: head: Default, loss=0.0031, RMSE_MU_per_atom=0.00 mDebye, RMSE_MU_DERIV=0.00 mDebye / A, RMSE_ALPHA_per_atom=    0.14, RMSE_ALPHA_DERIV=    8.16
2025-07-13 08:59:32.431 INFO: Epoch 80: head: Default, loss=0.0030, RMSE_MU_per_atom=0.00 mDebye, RMSE_MU_DERIV=0.00 mDebye / A, RMSE_ALPHA_per_atom=    0.15, RMSE_ALPHA_DERIV=    8.28
2025-07-13 09:00:23.848 INFO: Epoch 81: head: Default, loss=0.0042, RMSE_MU_per_atom=0.00 mDebye, RMSE_MU_DERIV=0.00 mDebye / A, RMSE_ALPHA_per_atom=    0.17, RMSE_ALPHA_DERIV=    8.31
2025-07-13 09:01:15.267 INFO: Epoch 82: head: Default, loss=0.0031, RMSE_MU_per_atom=0.00 mDebye, RMSE_MU_DERIV=0.00 mDebye / A, RMSE_ALPHA_per_atom=    0.16, RMSE_ALPHA_DERIV=    8.19
2025-07-13 09:02:06.694 INFO: Epoch 83: head: Default, loss=0.0027, RMSE_MU_per_atom=0.00 mDebye, RMSE_MU_DERIV=0.00 mDebye / A, RMSE_ALPHA_per_atom=    0.14, RMSE_ALPHA_DERIV=    8.14
2025-07-13 09:02:58.117 INFO: Epoch 84: head: Default, loss=0.0022, RMSE_MU_per_atom=0.00 mDebye, RMSE_MU_DERIV=0.00 mDebye / A, RMSE_ALPHA_per_atom=    0.13, RMSE_ALPHA_DERIV=    8.09
2025-07-13 09:03:49.573 INFO: Epoch 85: head: Default, loss=0.0047, RMSE_MU_per_atom=0.00 mDebye, RMSE_MU_DERIV=0.00 mDebye / A, RMSE_ALPHA_per_atom=    0.20, RMSE_ALPHA_DERIV=    8.16
2025-07-13 09:04:40.984 INFO: Epoch 86: head: Default, loss=0.0026, RMSE_MU_per_atom=0.00 mDebye, RMSE_MU_DERIV=0.00 mDebye / A, RMSE_ALPHA_per_atom=    0.13, RMSE_ALPHA_DERIV=    8.11
2025-07-13 09:05:32.406 INFO: Epoch 87: head: Default, loss=0.0041, RMSE_MU_per_atom=0.00 mDebye, RMSE_MU_DERIV=0.00 mDebye / A, RMSE_ALPHA_per_atom=    0.16, RMSE_ALPHA_DERIV=    8.01
2025-07-13 09:06:23.838 INFO: Epoch 88: head: Default, loss=0.0031, RMSE_MU_per_atom=0.00 mDebye, RMSE_MU_DERIV=0.00 mDebye / A, RMSE_ALPHA_per_atom=    0.15, RMSE_ALPHA_DERIV=    7.96
2025-07-13 09:07:15.241 INFO: Epoch 89: head: Default, loss=0.0028, RMSE_MU_per_atom=0.00 mDebye, RMSE_MU_DERIV=0.00 mDebye / A, RMSE_ALPHA_per_atom=    0.15, RMSE_ALPHA_DERIV=    8.06
2025-07-13 09:08:06.661 INFO: Epoch 90: head: Default, loss=0.0031, RMSE_MU_per_atom=0.00 mDebye, RMSE_MU_DERIV=0.00 mDebye / A, RMSE_ALPHA_per_atom=    0.15, RMSE_ALPHA_DERIV=    8.06
2025-07-13 09:08:58.090 INFO: Epoch 91: head: Default, loss=0.0037, RMSE_MU_per_atom=0.00 mDebye, RMSE_MU_DERIV=0.00 mDebye / A, RMSE_ALPHA_per_atom=    0.18, RMSE_ALPHA_DERIV=    8.28
2025-07-13 09:09:49.515 INFO: Epoch 92: head: Default, loss=0.0029, RMSE_MU_per_atom=0.00 mDebye, RMSE_MU_DERIV=0.00 mDebye / A, RMSE_ALPHA_per_atom=    0.14, RMSE_ALPHA_DERIV=    8.01
2025-07-13 09:10:40.946 INFO: Epoch 93: head: Default, loss=0.0044, RMSE_MU_per_atom=0.00 mDebye, RMSE_MU_DERIV=0.00 mDebye / A, RMSE_ALPHA_per_atom=    0.19, RMSE_ALPHA_DERIV=    8.08
2025-07-13 09:11:32.373 INFO: Epoch 94: head: Default, loss=0.0025, RMSE_MU_per_atom=0.00 mDebye, RMSE_MU_DERIV=0.00 mDebye / A, RMSE_ALPHA_per_atom=    0.13, RMSE_ALPHA_DERIV=    7.95
2025-07-13 09:12:23.803 INFO: Epoch 95: head: Default, loss=0.0019, RMSE_MU_per_atom=0.00 mDebye, RMSE_MU_DERIV=0.00 mDebye / A, RMSE_ALPHA_per_atom=    0.13, RMSE_ALPHA_DERIV=    8.10
2025-07-13 09:13:15.270 INFO: Epoch 96: head: Default, loss=0.0034, RMSE_MU_per_atom=0.00 mDebye, RMSE_MU_DERIV=0.00 mDebye / A, RMSE_ALPHA_per_atom=    0.17, RMSE_ALPHA_DERIV=    8.13
2025-07-13 09:14:06.672 INFO: Epoch 97: head: Default, loss=0.0024, RMSE_MU_per_atom=0.00 mDebye, RMSE_MU_DERIV=0.00 mDebye / A, RMSE_ALPHA_per_atom=    0.15, RMSE_ALPHA_DERIV=    8.09
2025-07-13 09:14:58.066 INFO: Epoch 98: head: Default, loss=0.0024, RMSE_MU_per_atom=0.00 mDebye, RMSE_MU_DERIV=0.00 mDebye / A, RMSE_ALPHA_per_atom=    0.14, RMSE_ALPHA_DERIV=    7.90
2025-07-13 09:15:49.470 INFO: Epoch 99: head: Default, loss=0.0037, RMSE_MU_per_atom=0.00 mDebye, RMSE_MU_DERIV=0.00 mDebye / A, RMSE_ALPHA_per_atom=    0.16, RMSE_ALPHA_DERIV=    8.16
2025-07-13 09:16:40.882 INFO: Epoch 100: head: Default, loss=0.0037, RMSE_MU_per_atom=0.00 mDebye, RMSE_MU_DERIV=0.00 mDebye / A, RMSE_ALPHA_per_atom=    0.18, RMSE_ALPHA_DERIV=    8.14
2025-07-13 09:17:32.308 INFO: Epoch 101: head: Default, loss=0.0137, RMSE_MU_per_atom=0.00 mDebye, RMSE_MU_DERIV=0.00 mDebye / A, RMSE_ALPHA_per_atom=    0.33, RMSE_ALPHA_DERIV=    8.47
2025-07-13 09:18:23.719 INFO: Epoch 102: head: Default, loss=0.0025, RMSE_MU_per_atom=0.00 mDebye, RMSE_MU_DERIV=0.00 mDebye / A, RMSE_ALPHA_per_atom=    0.15, RMSE_ALPHA_DERIV=    7.98
2025-07-13 09:19:15.127 INFO: Epoch 103: head: Default, loss=0.0022, RMSE_MU_per_atom=0.00 mDebye, RMSE_MU_DERIV=0.00 mDebye / A, RMSE_ALPHA_per_atom=    0.13, RMSE_ALPHA_DERIV=    8.04
2025-07-13 09:20:06.532 INFO: Epoch 104: head: Default, loss=0.0036, RMSE_MU_per_atom=0.00 mDebye, RMSE_MU_DERIV=0.00 mDebye / A, RMSE_ALPHA_per_atom=    0.15, RMSE_ALPHA_DERIV=    8.03
2025-07-13 09:20:57.947 INFO: Epoch 105: head: Default, loss=0.0031, RMSE_MU_per_atom=0.00 mDebye, RMSE_MU_DERIV=0.00 mDebye / A, RMSE_ALPHA_per_atom=    0.16, RMSE_ALPHA_DERIV=    8.13
2025-07-13 09:21:49.366 INFO: Epoch 106: head: Default, loss=0.0041, RMSE_MU_per_atom=0.00 mDebye, RMSE_MU_DERIV=0.00 mDebye / A, RMSE_ALPHA_per_atom=    0.18, RMSE_ALPHA_DERIV=    8.10
2025-07-13 09:22:40.760 INFO: Epoch 107: head: Default, loss=0.0022, RMSE_MU_per_atom=0.00 mDebye, RMSE_MU_DERIV=0.00 mDebye / A, RMSE_ALPHA_per_atom=    0.14, RMSE_ALPHA_DERIV=    8.03
2025-07-13 09:23:32.200 INFO: Epoch 108: head: Default, loss=0.0033, RMSE_MU_per_atom=0.00 mDebye, RMSE_MU_DERIV=0.00 mDebye / A, RMSE_ALPHA_per_atom=    0.16, RMSE_ALPHA_DERIV=    7.92
2025-07-13 09:24:23.591 INFO: Epoch 109: head: Default, loss=0.0020, RMSE_MU_per_atom=0.00 mDebye, RMSE_MU_DERIV=0.00 mDebye / A, RMSE_ALPHA_per_atom=    0.13, RMSE_ALPHA_DERIV=    7.93
2025-07-13 09:25:15.001 INFO: Epoch 110: head: Default, loss=0.0026, RMSE_MU_per_atom=0.00 mDebye, RMSE_MU_DERIV=0.00 mDebye / A, RMSE_ALPHA_per_atom=    0.14, RMSE_ALPHA_DERIV=    8.09
2025-07-13 09:26:06.408 INFO: Epoch 111: head: Default, loss=0.0041, RMSE_MU_per_atom=0.00 mDebye, RMSE_MU_DERIV=0.00 mDebye / A, RMSE_ALPHA_per_atom=    0.19, RMSE_ALPHA_DERIV=    8.10
2025-07-13 09:26:57.814 INFO: Epoch 112: head: Default, loss=0.0062, RMSE_MU_per_atom=0.00 mDebye, RMSE_MU_DERIV=0.00 mDebye / A, RMSE_ALPHA_per_atom=    0.19, RMSE_ALPHA_DERIV=    7.99
2025-07-13 09:27:49.216 INFO: Epoch 113: head: Default, loss=0.0060, RMSE_MU_per_atom=0.00 mDebye, RMSE_MU_DERIV=0.00 mDebye / A, RMSE_ALPHA_per_atom=    0.20, RMSE_ALPHA_DERIV=    8.04
2025-07-13 09:28:40.624 INFO: Epoch 114: head: Default, loss=0.0038, RMSE_MU_per_atom=0.00 mDebye, RMSE_MU_DERIV=0.00 mDebye / A, RMSE_ALPHA_per_atom=    0.16, RMSE_ALPHA_DERIV=    7.92
2025-07-13 09:29:32.012 INFO: Epoch 115: head: Default, loss=0.0031, RMSE_MU_per_atom=0.00 mDebye, RMSE_MU_DERIV=0.00 mDebye / A, RMSE_ALPHA_per_atom=    0.15, RMSE_ALPHA_DERIV=    8.03
2025-07-13 09:30:23.417 INFO: Epoch 116: head: Default, loss=0.0020, RMSE_MU_per_atom=0.00 mDebye, RMSE_MU_DERIV=0.00 mDebye / A, RMSE_ALPHA_per_atom=    0.12, RMSE_ALPHA_DERIV=    7.87
2025-07-13 09:31:14.822 INFO: Epoch 117: head: Default, loss=0.0037, RMSE_MU_per_atom=0.00 mDebye, RMSE_MU_DERIV=0.00 mDebye / A, RMSE_ALPHA_per_atom=    0.17, RMSE_ALPHA_DERIV=    8.04
2025-07-13 09:32:06.208 INFO: Epoch 118: head: Default, loss=0.0018, RMSE_MU_per_atom=0.00 mDebye, RMSE_MU_DERIV=0.00 mDebye / A, RMSE_ALPHA_per_atom=    0.12, RMSE_ALPHA_DERIV=    8.02
2025-07-13 09:32:57.645 INFO: Epoch 119: head: Default, loss=0.0015, RMSE_MU_per_atom=0.00 mDebye, RMSE_MU_DERIV=0.00 mDebye / A, RMSE_ALPHA_per_atom=    0.11, RMSE_ALPHA_DERIV=    8.07
2025-07-13 09:33:49.080 INFO: Epoch 120: head: Default, loss=0.0037, RMSE_MU_per_atom=0.00 mDebye, RMSE_MU_DERIV=0.00 mDebye / A, RMSE_ALPHA_per_atom=    0.17, RMSE_ALPHA_DERIV=    8.08
2025-07-13 09:34:40.466 INFO: Epoch 121: head: Default, loss=0.0031, RMSE_MU_per_atom=0.00 mDebye, RMSE_MU_DERIV=0.00 mDebye / A, RMSE_ALPHA_per_atom=    0.15, RMSE_ALPHA_DERIV=    7.94
2025-07-13 09:35:31.852 INFO: Epoch 122: head: Default, loss=0.0023, RMSE_MU_per_atom=0.00 mDebye, RMSE_MU_DERIV=0.00 mDebye / A, RMSE_ALPHA_per_atom=    0.13, RMSE_ALPHA_DERIV=    8.05
2025-07-13 09:36:23.257 INFO: Epoch 123: head: Default, loss=0.0017, RMSE_MU_per_atom=0.00 mDebye, RMSE_MU_DERIV=0.00 mDebye / A, RMSE_ALPHA_per_atom=    0.12, RMSE_ALPHA_DERIV=    7.92
2025-07-13 09:37:14.643 INFO: Epoch 124: head: Default, loss=0.0017, RMSE_MU_per_atom=0.00 mDebye, RMSE_MU_DERIV=0.00 mDebye / A, RMSE_ALPHA_per_atom=    0.12, RMSE_ALPHA_DERIV=    7.97
2025-07-13 09:38:06.044 INFO: Epoch 125: head: Default, loss=0.0015, RMSE_MU_per_atom=0.00 mDebye, RMSE_MU_DERIV=0.00 mDebye / A, RMSE_ALPHA_per_atom=    0.11, RMSE_ALPHA_DERIV=    7.95
2025-07-13 09:38:57.444 INFO: Epoch 126: head: Default, loss=0.0026, RMSE_MU_per_atom=0.00 mDebye, RMSE_MU_DERIV=0.00 mDebye / A, RMSE_ALPHA_per_atom=    0.15, RMSE_ALPHA_DERIV=    8.09
2025-07-13 09:39:48.856 INFO: Epoch 127: head: Default, loss=0.0052, RMSE_MU_per_atom=0.00 mDebye, RMSE_MU_DERIV=0.00 mDebye / A, RMSE_ALPHA_per_atom=    0.20, RMSE_ALPHA_DERIV=    8.01
2025-07-13 09:40:40.245 INFO: Epoch 128: head: Default, loss=0.0016, RMSE_MU_per_atom=0.00 mDebye, RMSE_MU_DERIV=0.00 mDebye / A, RMSE_ALPHA_per_atom=    0.11, RMSE_ALPHA_DERIV=    7.85
2025-07-13 09:41:31.658 INFO: Epoch 129: head: Default, loss=0.0019, RMSE_MU_per_atom=0.00 mDebye, RMSE_MU_DERIV=0.00 mDebye / A, RMSE_ALPHA_per_atom=    0.12, RMSE_ALPHA_DERIV=    7.83
2025-07-13 09:42:23.082 INFO: Epoch 130: head: Default, loss=0.0019, RMSE_MU_per_atom=0.00 mDebye, RMSE_MU_DERIV=0.00 mDebye / A, RMSE_ALPHA_per_atom=    0.13, RMSE_ALPHA_DERIV=    7.88
2025-07-13 09:43:14.520 INFO: Epoch 131: head: Default, loss=0.0024, RMSE_MU_per_atom=0.00 mDebye, RMSE_MU_DERIV=0.00 mDebye / A, RMSE_ALPHA_per_atom=    0.14, RMSE_ALPHA_DERIV=    7.94
2025-07-13 09:44:05.957 INFO: Epoch 132: head: Default, loss=0.0025, RMSE_MU_per_atom=0.00 mDebye, RMSE_MU_DERIV=0.00 mDebye / A, RMSE_ALPHA_per_atom=    0.14, RMSE_ALPHA_DERIV=    8.12
2025-07-13 09:44:57.389 INFO: Epoch 133: head: Default, loss=0.0021, RMSE_MU_per_atom=0.00 mDebye, RMSE_MU_DERIV=0.00 mDebye / A, RMSE_ALPHA_per_atom=    0.13, RMSE_ALPHA_DERIV=    8.01
2025-07-13 09:45:48.797 INFO: Epoch 134: head: Default, loss=0.0014, RMSE_MU_per_atom=0.00 mDebye, RMSE_MU_DERIV=0.00 mDebye / A, RMSE_ALPHA_per_atom=    0.11, RMSE_ALPHA_DERIV=    7.93
2025-07-13 09:46:40.289 INFO: Epoch 135: head: Default, loss=0.0019, RMSE_MU_per_atom=0.00 mDebye, RMSE_MU_DERIV=0.00 mDebye / A, RMSE_ALPHA_per_atom=    0.13, RMSE_ALPHA_DERIV=    7.92
2025-07-13 09:47:31.693 INFO: Epoch 136: head: Default, loss=0.0017, RMSE_MU_per_atom=0.00 mDebye, RMSE_MU_DERIV=0.00 mDebye / A, RMSE_ALPHA_per_atom=    0.12, RMSE_ALPHA_DERIV=    7.88
2025-07-13 09:48:23.092 INFO: Epoch 137: head: Default, loss=0.0026, RMSE_MU_per_atom=0.00 mDebye, RMSE_MU_DERIV=0.00 mDebye / A, RMSE_ALPHA_per_atom=    0.14, RMSE_ALPHA_DERIV=    8.03
2025-07-13 09:49:14.488 INFO: Epoch 138: head: Default, loss=0.0030, RMSE_MU_per_atom=0.00 mDebye, RMSE_MU_DERIV=0.00 mDebye / A, RMSE_ALPHA_per_atom=    0.15, RMSE_ALPHA_DERIV=    8.04
2025-07-13 09:50:05.898 INFO: Epoch 139: head: Default, loss=0.0047, RMSE_MU_per_atom=0.00 mDebye, RMSE_MU_DERIV=0.00 mDebye / A, RMSE_ALPHA_per_atom=    0.18, RMSE_ALPHA_DERIV=    7.88
2025-07-13 09:50:57.287 INFO: Epoch 140: head: Default, loss=0.0019, RMSE_MU_per_atom=0.00 mDebye, RMSE_MU_DERIV=0.00 mDebye / A, RMSE_ALPHA_per_atom=    0.12, RMSE_ALPHA_DERIV=    8.01
2025-07-13 09:51:48.695 INFO: Epoch 141: head: Default, loss=0.0081, RMSE_MU_per_atom=0.00 mDebye, RMSE_MU_DERIV=0.00 mDebye / A, RMSE_ALPHA_per_atom=    0.23, RMSE_ALPHA_DERIV=    8.19
2025-07-13 09:52:40.096 INFO: Epoch 142: head: Default, loss=0.0020, RMSE_MU_per_atom=0.00 mDebye, RMSE_MU_DERIV=0.00 mDebye / A, RMSE_ALPHA_per_atom=    0.12, RMSE_ALPHA_DERIV=    7.78
2025-07-13 09:53:31.494 INFO: Epoch 143: head: Default, loss=0.0021, RMSE_MU_per_atom=0.00 mDebye, RMSE_MU_DERIV=0.00 mDebye / A, RMSE_ALPHA_per_atom=    0.14, RMSE_ALPHA_DERIV=    7.90
2025-07-13 09:54:22.900 INFO: Epoch 144: head: Default, loss=0.0021, RMSE_MU_per_atom=0.00 mDebye, RMSE_MU_DERIV=0.00 mDebye / A, RMSE_ALPHA_per_atom=    0.13, RMSE_ALPHA_DERIV=    7.91
2025-07-13 09:55:14.288 INFO: Epoch 145: head: Default, loss=0.0025, RMSE_MU_per_atom=0.00 mDebye, RMSE_MU_DERIV=0.00 mDebye / A, RMSE_ALPHA_per_atom=    0.15, RMSE_ALPHA_DERIV=    7.93
2025-07-13 09:56:05.661 INFO: Epoch 146: head: Default, loss=0.0016, RMSE_MU_per_atom=0.00 mDebye, RMSE_MU_DERIV=0.00 mDebye / A, RMSE_ALPHA_per_atom=    0.11, RMSE_ALPHA_DERIV=    7.88
2025-07-13 09:56:57.041 INFO: Epoch 147: head: Default, loss=0.0041, RMSE_MU_per_atom=0.00 mDebye, RMSE_MU_DERIV=0.00 mDebye / A, RMSE_ALPHA_per_atom=    0.17, RMSE_ALPHA_DERIV=    8.34
2025-07-13 09:57:48.423 INFO: Epoch 148: head: Default, loss=0.0019, RMSE_MU_per_atom=0.00 mDebye, RMSE_MU_DERIV=0.00 mDebye / A, RMSE_ALPHA_per_atom=    0.12, RMSE_ALPHA_DERIV=    8.02
2025-07-13 09:58:39.808 INFO: Epoch 149: head: Default, loss=0.0025, RMSE_MU_per_atom=0.00 mDebye, RMSE_MU_DERIV=0.00 mDebye / A, RMSE_ALPHA_per_atom=    0.14, RMSE_ALPHA_DERIV=    7.95
2025-07-13 09:59:31.204 INFO: Epoch 150: head: Default, loss=0.0020, RMSE_MU_per_atom=0.00 mDebye, RMSE_MU_DERIV=0.00 mDebye / A, RMSE_ALPHA_per_atom=    0.13, RMSE_ALPHA_DERIV=    7.90
2025-07-13 10:00:22.638 INFO: Epoch 151: head: Default, loss=0.0022, RMSE_MU_per_atom=0.00 mDebye, RMSE_MU_DERIV=0.00 mDebye / A, RMSE_ALPHA_per_atom=    0.13, RMSE_ALPHA_DERIV=    8.05
2025-07-13 10:01:14.051 INFO: Epoch 152: head: Default, loss=0.0017, RMSE_MU_per_atom=0.00 mDebye, RMSE_MU_DERIV=0.00 mDebye / A, RMSE_ALPHA_per_atom=    0.11, RMSE_ALPHA_DERIV=    7.93
2025-07-13 10:02:05.463 INFO: Epoch 153: head: Default, loss=0.0017, RMSE_MU_per_atom=0.00 mDebye, RMSE_MU_DERIV=0.00 mDebye / A, RMSE_ALPHA_per_atom=    0.12, RMSE_ALPHA_DERIV=    7.97
2025-07-13 10:02:56.888 INFO: Epoch 154: head: Default, loss=0.0017, RMSE_MU_per_atom=0.00 mDebye, RMSE_MU_DERIV=0.00 mDebye / A, RMSE_ALPHA_per_atom=    0.11, RMSE_ALPHA_DERIV=    7.92
2025-07-13 10:03:48.306 INFO: Epoch 155: head: Default, loss=0.0039, RMSE_MU_per_atom=0.00 mDebye, RMSE_MU_DERIV=0.00 mDebye / A, RMSE_ALPHA_per_atom=    0.17, RMSE_ALPHA_DERIV=    8.13
2025-07-13 10:04:39.727 INFO: Epoch 156: head: Default, loss=0.0026, RMSE_MU_per_atom=0.00 mDebye, RMSE_MU_DERIV=0.00 mDebye / A, RMSE_ALPHA_per_atom=    0.14, RMSE_ALPHA_DERIV=    8.05
2025-07-13 10:05:31.136 INFO: Epoch 157: head: Default, loss=0.0021, RMSE_MU_per_atom=0.00 mDebye, RMSE_MU_DERIV=0.00 mDebye / A, RMSE_ALPHA_per_atom=    0.13, RMSE_ALPHA_DERIV=    8.06
2025-07-13 10:06:22.544 INFO: Epoch 158: head: Default, loss=0.0034, RMSE_MU_per_atom=0.00 mDebye, RMSE_MU_DERIV=0.00 mDebye / A, RMSE_ALPHA_per_atom=    0.15, RMSE_ALPHA_DERIV=    8.18
2025-07-13 10:07:13.966 INFO: Epoch 159: head: Default, loss=0.0018, RMSE_MU_per_atom=0.00 mDebye, RMSE_MU_DERIV=0.00 mDebye / A, RMSE_ALPHA_per_atom=    0.12, RMSE_ALPHA_DERIV=    7.98
2025-07-13 10:08:05.408 INFO: Epoch 160: head: Default, loss=0.0023, RMSE_MU_per_atom=0.00 mDebye, RMSE_MU_DERIV=0.00 mDebye / A, RMSE_ALPHA_per_atom=    0.13, RMSE_ALPHA_DERIV=    8.05
2025-07-13 10:08:56.833 INFO: Epoch 161: head: Default, loss=0.0025, RMSE_MU_per_atom=0.00 mDebye, RMSE_MU_DERIV=0.00 mDebye / A, RMSE_ALPHA_per_atom=    0.14, RMSE_ALPHA_DERIV=    8.00
2025-07-13 10:09:48.255 INFO: Epoch 162: head: Default, loss=0.0028, RMSE_MU_per_atom=0.00 mDebye, RMSE_MU_DERIV=0.00 mDebye / A, RMSE_ALPHA_per_atom=    0.15, RMSE_ALPHA_DERIV=    7.99
2025-07-13 10:10:39.652 INFO: Epoch 163: head: Default, loss=0.0016, RMSE_MU_per_atom=0.00 mDebye, RMSE_MU_DERIV=0.00 mDebye / A, RMSE_ALPHA_per_atom=    0.11, RMSE_ALPHA_DERIV=    7.79
2025-07-13 10:11:31.072 INFO: Epoch 164: head: Default, loss=0.0021, RMSE_MU_per_atom=0.00 mDebye, RMSE_MU_DERIV=0.00 mDebye / A, RMSE_ALPHA_per_atom=    0.12, RMSE_ALPHA_DERIV=    7.94
2025-07-13 10:12:22.479 INFO: Epoch 165: head: Default, loss=0.0021, RMSE_MU_per_atom=0.00 mDebye, RMSE_MU_DERIV=0.00 mDebye / A, RMSE_ALPHA_per_atom=    0.13, RMSE_ALPHA_DERIV=    7.91
2025-07-13 10:13:13.886 INFO: Epoch 166: head: Default, loss=0.0023, RMSE_MU_per_atom=0.00 mDebye, RMSE_MU_DERIV=0.00 mDebye / A, RMSE_ALPHA_per_atom=    0.13, RMSE_ALPHA_DERIV=    7.91
2025-07-13 10:14:05.299 INFO: Epoch 167: head: Default, loss=0.0030, RMSE_MU_per_atom=0.00 mDebye, RMSE_MU_DERIV=0.00 mDebye / A, RMSE_ALPHA_per_atom=    0.15, RMSE_ALPHA_DERIV=    7.90
2025-07-13 10:14:56.704 INFO: Epoch 168: head: Default, loss=0.0021, RMSE_MU_per_atom=0.00 mDebye, RMSE_MU_DERIV=0.00 mDebye / A, RMSE_ALPHA_per_atom=    0.12, RMSE_ALPHA_DERIV=    7.94
2025-07-13 10:15:48.108 INFO: Epoch 169: head: Default, loss=0.0024, RMSE_MU_per_atom=0.00 mDebye, RMSE_MU_DERIV=0.00 mDebye / A, RMSE_ALPHA_per_atom=    0.13, RMSE_ALPHA_DERIV=    8.04
2025-07-13 10:16:39.503 INFO: Epoch 170: head: Default, loss=0.0028, RMSE_MU_per_atom=0.00 mDebye, RMSE_MU_DERIV=0.00 mDebye / A, RMSE_ALPHA_per_atom=    0.14, RMSE_ALPHA_DERIV=    7.92
2025-07-13 10:17:30.930 INFO: Epoch 171: head: Default, loss=0.0021, RMSE_MU_per_atom=0.00 mDebye, RMSE_MU_DERIV=0.00 mDebye / A, RMSE_ALPHA_per_atom=    0.13, RMSE_ALPHA_DERIV=    7.98
2025-07-13 10:18:22.338 INFO: Epoch 172: head: Default, loss=0.0018, RMSE_MU_per_atom=0.00 mDebye, RMSE_MU_DERIV=0.00 mDebye / A, RMSE_ALPHA_per_atom=    0.12, RMSE_ALPHA_DERIV=    7.93
2025-07-13 10:19:13.768 INFO: Epoch 173: head: Default, loss=0.0023, RMSE_MU_per_atom=0.00 mDebye, RMSE_MU_DERIV=0.00 mDebye / A, RMSE_ALPHA_per_atom=    0.13, RMSE_ALPHA_DERIV=    7.91
2025-07-13 10:20:05.188 INFO: Epoch 174: head: Default, loss=0.0020, RMSE_MU_per_atom=0.00 mDebye, RMSE_MU_DERIV=0.00 mDebye / A, RMSE_ALPHA_per_atom=    0.12, RMSE_ALPHA_DERIV=    7.97
2025-07-13 10:20:56.614 INFO: Epoch 175: head: Default, loss=0.0017, RMSE_MU_per_atom=0.00 mDebye, RMSE_MU_DERIV=0.00 mDebye / A, RMSE_ALPHA_per_atom=    0.12, RMSE_ALPHA_DERIV=    7.83
2025-07-13 10:21:48.001 INFO: Epoch 176: head: Default, loss=0.0042, RMSE_MU_per_atom=0.00 mDebye, RMSE_MU_DERIV=0.00 mDebye / A, RMSE_ALPHA_per_atom=    0.17, RMSE_ALPHA_DERIV=    8.00
2025-07-13 10:22:39.409 INFO: Epoch 177: head: Default, loss=0.0027, RMSE_MU_per_atom=0.00 mDebye, RMSE_MU_DERIV=0.00 mDebye / A, RMSE_ALPHA_per_atom=    0.14, RMSE_ALPHA_DERIV=    7.99
2025-07-13 10:23:30.816 INFO: Epoch 178: head: Default, loss=0.0035, RMSE_MU_per_atom=0.00 mDebye, RMSE_MU_DERIV=0.00 mDebye / A, RMSE_ALPHA_per_atom=    0.15, RMSE_ALPHA_DERIV=    8.06
2025-07-13 10:24:22.238 INFO: Epoch 179: head: Default, loss=0.0020, RMSE_MU_per_atom=0.00 mDebye, RMSE_MU_DERIV=0.00 mDebye / A, RMSE_ALPHA_per_atom=    0.12, RMSE_ALPHA_DERIV=    7.94
2025-07-13 10:25:13.643 INFO: Epoch 180: head: Default, loss=0.0020, RMSE_MU_per_atom=0.00 mDebye, RMSE_MU_DERIV=0.00 mDebye / A, RMSE_ALPHA_per_atom=    0.12, RMSE_ALPHA_DERIV=    7.90
2025-07-13 10:26:05.054 INFO: Epoch 181: head: Default, loss=0.0022, RMSE_MU_per_atom=0.00 mDebye, RMSE_MU_DERIV=0.00 mDebye / A, RMSE_ALPHA_per_atom=    0.12, RMSE_ALPHA_DERIV=    7.93
2025-07-13 10:26:56.449 INFO: Epoch 182: head: Default, loss=0.0059, RMSE_MU_per_atom=0.00 mDebye, RMSE_MU_DERIV=0.00 mDebye / A, RMSE_ALPHA_per_atom=    0.19, RMSE_ALPHA_DERIV=    8.28
2025-07-13 10:27:47.862 INFO: Epoch 183: head: Default, loss=0.0029, RMSE_MU_per_atom=0.00 mDebye, RMSE_MU_DERIV=0.00 mDebye / A, RMSE_ALPHA_per_atom=    0.13, RMSE_ALPHA_DERIV=    7.86
2025-07-13 10:28:39.254 INFO: Epoch 184: head: Default, loss=0.0024, RMSE_MU_per_atom=0.00 mDebye, RMSE_MU_DERIV=0.00 mDebye / A, RMSE_ALPHA_per_atom=    0.13, RMSE_ALPHA_DERIV=    7.79
2025-07-13 10:29:30.673 INFO: Epoch 185: head: Default, loss=0.0032, RMSE_MU_per_atom=0.00 mDebye, RMSE_MU_DERIV=0.00 mDebye / A, RMSE_ALPHA_per_atom=    0.15, RMSE_ALPHA_DERIV=    7.96
2025-07-13 10:30:22.092 INFO: Epoch 186: head: Default, loss=0.0021, RMSE_MU_per_atom=0.00 mDebye, RMSE_MU_DERIV=0.00 mDebye / A, RMSE_ALPHA_per_atom=    0.13, RMSE_ALPHA_DERIV=    7.80
2025-07-13 10:31:13.520 INFO: Epoch 187: head: Default, loss=0.0022, RMSE_MU_per_atom=0.00 mDebye, RMSE_MU_DERIV=0.00 mDebye / A, RMSE_ALPHA_per_atom=    0.13, RMSE_ALPHA_DERIV=    7.90
2025-07-13 10:32:04.945 INFO: Epoch 188: head: Default, loss=0.0023, RMSE_MU_per_atom=0.00 mDebye, RMSE_MU_DERIV=0.00 mDebye / A, RMSE_ALPHA_per_atom=    0.13, RMSE_ALPHA_DERIV=    7.93
2025-07-13 10:32:56.350 INFO: Epoch 189: head: Default, loss=0.0022, RMSE_MU_per_atom=0.00 mDebye, RMSE_MU_DERIV=0.00 mDebye / A, RMSE_ALPHA_per_atom=    0.13, RMSE_ALPHA_DERIV=    7.85
2025-07-13 10:33:47.738 INFO: Epoch 190: head: Default, loss=0.0022, RMSE_MU_per_atom=0.00 mDebye, RMSE_MU_DERIV=0.00 mDebye / A, RMSE_ALPHA_per_atom=    0.12, RMSE_ALPHA_DERIV=    7.90
2025-07-13 10:34:39.137 INFO: Epoch 191: head: Default, loss=0.0027, RMSE_MU_per_atom=0.00 mDebye, RMSE_MU_DERIV=0.00 mDebye / A, RMSE_ALPHA_per_atom=    0.13, RMSE_ALPHA_DERIV=    7.88
2025-07-13 10:35:30.540 INFO: Epoch 192: head: Default, loss=0.0020, RMSE_MU_per_atom=0.00 mDebye, RMSE_MU_DERIV=0.00 mDebye / A, RMSE_ALPHA_per_atom=    0.12, RMSE_ALPHA_DERIV=    7.84
2025-07-13 10:36:21.961 INFO: Epoch 193: head: Default, loss=0.0038, RMSE_MU_per_atom=0.00 mDebye, RMSE_MU_DERIV=0.00 mDebye / A, RMSE_ALPHA_per_atom=    0.16, RMSE_ALPHA_DERIV=    8.00
2025-07-13 10:37:13.398 INFO: Epoch 194: head: Default, loss=0.0022, RMSE_MU_per_atom=0.00 mDebye, RMSE_MU_DERIV=0.00 mDebye / A, RMSE_ALPHA_per_atom=    0.13, RMSE_ALPHA_DERIV=    7.85
2025-07-13 10:38:04.812 INFO: Epoch 195: head: Default, loss=0.0025, RMSE_MU_per_atom=0.00 mDebye, RMSE_MU_DERIV=0.00 mDebye / A, RMSE_ALPHA_per_atom=    0.13, RMSE_ALPHA_DERIV=    7.88
2025-07-13 10:38:56.214 INFO: Epoch 196: head: Default, loss=0.0017, RMSE_MU_per_atom=0.00 mDebye, RMSE_MU_DERIV=0.00 mDebye / A, RMSE_ALPHA_per_atom=    0.11, RMSE_ALPHA_DERIV=    7.84
2025-07-13 10:39:47.617 INFO: Epoch 197: head: Default, loss=0.0057, RMSE_MU_per_atom=0.00 mDebye, RMSE_MU_DERIV=0.00 mDebye / A, RMSE_ALPHA_per_atom=    0.18, RMSE_ALPHA_DERIV=    8.04
2025-07-13 10:40:39.005 INFO: Epoch 198: head: Default, loss=0.0022, RMSE_MU_per_atom=0.00 mDebye, RMSE_MU_DERIV=0.00 mDebye / A, RMSE_ALPHA_per_atom=    0.12, RMSE_ALPHA_DERIV=    7.89
2025-07-13 10:41:30.411 INFO: Epoch 199: head: Default, loss=0.0023, RMSE_MU_per_atom=0.00 mDebye, RMSE_MU_DERIV=0.00 mDebye / A, RMSE_ALPHA_per_atom=    0.13, RMSE_ALPHA_DERIV=    7.80
2025-07-13 10:42:21.824 INFO: Epoch 200: head: Default, loss=0.0047, RMSE_MU_per_atom=0.00 mDebye, RMSE_MU_DERIV=0.00 mDebye / A, RMSE_ALPHA_per_atom=    0.17, RMSE_ALPHA_DERIV=    8.03
2025-07-13 10:43:13.225 INFO: Epoch 201: head: Default, loss=0.0035, RMSE_MU_per_atom=0.00 mDebye, RMSE_MU_DERIV=0.00 mDebye / A, RMSE_ALPHA_per_atom=    0.15, RMSE_ALPHA_DERIV=    7.91
2025-07-13 10:44:04.657 INFO: Epoch 202: head: Default, loss=0.0021, RMSE_MU_per_atom=0.00 mDebye, RMSE_MU_DERIV=0.00 mDebye / A, RMSE_ALPHA_per_atom=    0.13, RMSE_ALPHA_DERIV=    7.73
2025-07-13 10:44:56.116 INFO: Epoch 203: head: Default, loss=0.0028, RMSE_MU_per_atom=0.00 mDebye, RMSE_MU_DERIV=0.00 mDebye / A, RMSE_ALPHA_per_atom=    0.14, RMSE_ALPHA_DERIV=    7.90
2025-07-13 10:45:47.547 INFO: Epoch 204: head: Default, loss=0.0052, RMSE_MU_per_atom=0.00 mDebye, RMSE_MU_DERIV=0.00 mDebye / A, RMSE_ALPHA_per_atom=    0.18, RMSE_ALPHA_DERIV=    7.93
2025-07-13 10:46:38.952 INFO: Epoch 205: head: Default, loss=0.0026, RMSE_MU_per_atom=0.00 mDebye, RMSE_MU_DERIV=0.00 mDebye / A, RMSE_ALPHA_per_atom=    0.14, RMSE_ALPHA_DERIV=    7.94
2025-07-13 10:47:30.365 INFO: Epoch 206: head: Default, loss=0.0031, RMSE_MU_per_atom=0.00 mDebye, RMSE_MU_DERIV=0.00 mDebye / A, RMSE_ALPHA_per_atom=    0.14, RMSE_ALPHA_DERIV=    7.91
2025-07-13 10:48:21.776 INFO: Epoch 207: head: Default, loss=0.0032, RMSE_MU_per_atom=0.00 mDebye, RMSE_MU_DERIV=0.00 mDebye / A, RMSE_ALPHA_per_atom=    0.15, RMSE_ALPHA_DERIV=    7.96
2025-07-13 10:49:13.189 INFO: Epoch 208: head: Default, loss=0.0038, RMSE_MU_per_atom=0.00 mDebye, RMSE_MU_DERIV=0.00 mDebye / A, RMSE_ALPHA_per_atom=    0.15, RMSE_ALPHA_DERIV=    7.89
2025-07-13 10:50:04.595 INFO: Epoch 209: head: Default, loss=0.0026, RMSE_MU_per_atom=0.00 mDebye, RMSE_MU_DERIV=0.00 mDebye / A, RMSE_ALPHA_per_atom=    0.14, RMSE_ALPHA_DERIV=    7.89
2025-07-13 10:50:55.987 INFO: Epoch 210: head: Default, loss=0.0023, RMSE_MU_per_atom=0.00 mDebye, RMSE_MU_DERIV=0.00 mDebye / A, RMSE_ALPHA_per_atom=    0.13, RMSE_ALPHA_DERIV=    7.83
2025-07-13 10:51:47.379 INFO: Epoch 211: head: Default, loss=0.0023, RMSE_MU_per_atom=0.00 mDebye, RMSE_MU_DERIV=0.00 mDebye / A, RMSE_ALPHA_per_atom=    0.13, RMSE_ALPHA_DERIV=    7.87
2025-07-13 10:52:38.794 INFO: Epoch 212: head: Default, loss=0.0027, RMSE_MU_per_atom=0.00 mDebye, RMSE_MU_DERIV=0.00 mDebye / A, RMSE_ALPHA_per_atom=    0.15, RMSE_ALPHA_DERIV=    7.84
2025-07-13 10:53:30.200 INFO: Epoch 213: head: Default, loss=0.0027, RMSE_MU_per_atom=0.00 mDebye, RMSE_MU_DERIV=0.00 mDebye / A, RMSE_ALPHA_per_atom=    0.13, RMSE_ALPHA_DERIV=    7.83
2025-07-13 10:54:21.596 INFO: Epoch 214: head: Default, loss=0.0027, RMSE_MU_per_atom=0.00 mDebye, RMSE_MU_DERIV=0.00 mDebye / A, RMSE_ALPHA_per_atom=    0.14, RMSE_ALPHA_DERIV=    7.85
2025-07-13 10:55:12.998 INFO: Epoch 215: head: Default, loss=0.0021, RMSE_MU_per_atom=0.00 mDebye, RMSE_MU_DERIV=0.00 mDebye / A, RMSE_ALPHA_per_atom=    0.12, RMSE_ALPHA_DERIV=    7.85
2025-07-13 10:56:04.400 INFO: Epoch 216: head: Default, loss=0.0023, RMSE_MU_per_atom=0.00 mDebye, RMSE_MU_DERIV=0.00 mDebye / A, RMSE_ALPHA_per_atom=    0.12, RMSE_ALPHA_DERIV=    7.87
2025-07-13 10:56:55.782 INFO: Epoch 217: head: Default, loss=0.0022, RMSE_MU_per_atom=0.00 mDebye, RMSE_MU_DERIV=0.00 mDebye / A, RMSE_ALPHA_per_atom=    0.13, RMSE_ALPHA_DERIV=    7.83
2025-07-13 10:57:47.180 INFO: Epoch 218: head: Default, loss=0.0026, RMSE_MU_per_atom=0.00 mDebye, RMSE_MU_DERIV=0.00 mDebye / A, RMSE_ALPHA_per_atom=    0.14, RMSE_ALPHA_DERIV=    7.92
2025-07-13 10:58:38.578 INFO: Epoch 219: head: Default, loss=0.0037, RMSE_MU_per_atom=0.00 mDebye, RMSE_MU_DERIV=0.00 mDebye / A, RMSE_ALPHA_per_atom=    0.15, RMSE_ALPHA_DERIV=    7.91
2025-07-13 10:59:29.992 INFO: Epoch 220: head: Default, loss=0.0028, RMSE_MU_per_atom=0.00 mDebye, RMSE_MU_DERIV=0.00 mDebye / A, RMSE_ALPHA_per_atom=    0.13, RMSE_ALPHA_DERIV=    7.89
2025-07-13 11:00:21.401 INFO: Epoch 221: head: Default, loss=0.0050, RMSE_MU_per_atom=0.00 mDebye, RMSE_MU_DERIV=0.00 mDebye / A, RMSE_ALPHA_per_atom=    0.19, RMSE_ALPHA_DERIV=    7.95
2025-07-13 11:01:12.815 INFO: Epoch 222: head: Default, loss=0.0025, RMSE_MU_per_atom=0.00 mDebye, RMSE_MU_DERIV=0.00 mDebye / A, RMSE_ALPHA_per_atom=    0.13, RMSE_ALPHA_DERIV=    7.91
2025-07-13 11:02:04.209 INFO: Epoch 223: head: Default, loss=0.0031, RMSE_MU_per_atom=0.00 mDebye, RMSE_MU_DERIV=0.00 mDebye / A, RMSE_ALPHA_per_atom=    0.14, RMSE_ALPHA_DERIV=    8.01
2025-07-13 11:02:55.616 INFO: Epoch 224: head: Default, loss=0.0026, RMSE_MU_per_atom=0.00 mDebye, RMSE_MU_DERIV=0.00 mDebye / A, RMSE_ALPHA_per_atom=    0.13, RMSE_ALPHA_DERIV=    7.87
2025-07-13 11:03:47.041 INFO: Epoch 225: head: Default, loss=0.0032, RMSE_MU_per_atom=0.00 mDebye, RMSE_MU_DERIV=0.00 mDebye / A, RMSE_ALPHA_per_atom=    0.14, RMSE_ALPHA_DERIV=    8.00
2025-07-13 11:04:38.418 INFO: Epoch 226: head: Default, loss=0.0032, RMSE_MU_per_atom=0.00 mDebye, RMSE_MU_DERIV=0.00 mDebye / A, RMSE_ALPHA_per_atom=    0.14, RMSE_ALPHA_DERIV=    8.01
2025-07-13 11:05:29.793 INFO: Epoch 227: head: Default, loss=0.0035, RMSE_MU_per_atom=0.00 mDebye, RMSE_MU_DERIV=0.00 mDebye / A, RMSE_ALPHA_per_atom=    0.16, RMSE_ALPHA_DERIV=    7.98
2025-07-13 11:06:21.188 INFO: Epoch 228: head: Default, loss=0.0048, RMSE_MU_per_atom=0.00 mDebye, RMSE_MU_DERIV=0.00 mDebye / A, RMSE_ALPHA_per_atom=    0.18, RMSE_ALPHA_DERIV=    8.02
2025-07-13 11:07:12.610 INFO: Epoch 229: head: Default, loss=0.0024, RMSE_MU_per_atom=0.00 mDebye, RMSE_MU_DERIV=0.00 mDebye / A, RMSE_ALPHA_per_atom=    0.13, RMSE_ALPHA_DERIV=    7.81
2025-07-13 11:08:04.015 INFO: Epoch 230: head: Default, loss=0.0035, RMSE_MU_per_atom=0.00 mDebye, RMSE_MU_DERIV=0.00 mDebye / A, RMSE_ALPHA_per_atom=    0.15, RMSE_ALPHA_DERIV=    7.87
2025-07-13 11:08:55.431 INFO: Epoch 231: head: Default, loss=0.0051, RMSE_MU_per_atom=0.00 mDebye, RMSE_MU_DERIV=0.00 mDebye / A, RMSE_ALPHA_per_atom=    0.18, RMSE_ALPHA_DERIV=    8.08
2025-07-13 11:09:46.834 INFO: Epoch 232: head: Default, loss=0.0041, RMSE_MU_per_atom=0.00 mDebye, RMSE_MU_DERIV=0.00 mDebye / A, RMSE_ALPHA_per_atom=    0.17, RMSE_ALPHA_DERIV=    7.99
2025-07-13 11:10:38.242 INFO: Epoch 233: head: Default, loss=0.0055, RMSE_MU_per_atom=0.00 mDebye, RMSE_MU_DERIV=0.00 mDebye / A, RMSE_ALPHA_per_atom=    0.19, RMSE_ALPHA_DERIV=    8.06
2025-07-13 11:11:29.644 INFO: Epoch 234: head: Default, loss=0.0025, RMSE_MU_per_atom=0.00 mDebye, RMSE_MU_DERIV=0.00 mDebye / A, RMSE_ALPHA_per_atom=    0.14, RMSE_ALPHA_DERIV=    7.87
2025-07-13 11:12:21.037 INFO: Epoch 235: head: Default, loss=0.0023, RMSE_MU_per_atom=0.00 mDebye, RMSE_MU_DERIV=0.00 mDebye / A, RMSE_ALPHA_per_atom=    0.13, RMSE_ALPHA_DERIV=    7.78
2025-07-13 11:13:12.461 INFO: Epoch 236: head: Default, loss=0.0043, RMSE_MU_per_atom=0.00 mDebye, RMSE_MU_DERIV=0.00 mDebye / A, RMSE_ALPHA_per_atom=    0.16, RMSE_ALPHA_DERIV=    8.01
2025-07-13 11:14:03.874 INFO: Epoch 237: head: Default, loss=0.0025, RMSE_MU_per_atom=0.00 mDebye, RMSE_MU_DERIV=0.00 mDebye / A, RMSE_ALPHA_per_atom=    0.13, RMSE_ALPHA_DERIV=    7.92
2025-07-13 11:14:55.285 INFO: Epoch 238: head: Default, loss=0.0028, RMSE_MU_per_atom=0.00 mDebye, RMSE_MU_DERIV=0.00 mDebye / A, RMSE_ALPHA_per_atom=    0.14, RMSE_ALPHA_DERIV=    7.98
2025-07-13 11:15:46.669 INFO: Epoch 239: head: Default, loss=0.0028, RMSE_MU_per_atom=0.00 mDebye, RMSE_MU_DERIV=0.00 mDebye / A, RMSE_ALPHA_per_atom=    0.14, RMSE_ALPHA_DERIV=    7.92
2025-07-13 11:16:38.070 INFO: Epoch 240: head: Default, loss=0.0032, RMSE_MU_per_atom=0.00 mDebye, RMSE_MU_DERIV=0.00 mDebye / A, RMSE_ALPHA_per_atom=    0.15, RMSE_ALPHA_DERIV=    7.94
2025-07-13 11:17:29.439 INFO: Epoch 241: head: Default, loss=0.0032, RMSE_MU_per_atom=0.00 mDebye, RMSE_MU_DERIV=0.00 mDebye / A, RMSE_ALPHA_per_atom=    0.14, RMSE_ALPHA_DERIV=    7.91
2025-07-13 11:18:20.818 INFO: Epoch 242: head: Default, loss=0.0037, RMSE_MU_per_atom=0.00 mDebye, RMSE_MU_DERIV=0.00 mDebye / A, RMSE_ALPHA_per_atom=    0.15, RMSE_ALPHA_DERIV=    8.00
2025-07-13 11:19:12.187 INFO: Epoch 243: head: Default, loss=0.0021, RMSE_MU_per_atom=0.00 mDebye, RMSE_MU_DERIV=0.00 mDebye / A, RMSE_ALPHA_per_atom=    0.12, RMSE_ALPHA_DERIV=    7.90
2025-07-13 11:20:03.568 INFO: Epoch 244: head: Default, loss=0.0024, RMSE_MU_per_atom=0.00 mDebye, RMSE_MU_DERIV=0.00 mDebye / A, RMSE_ALPHA_per_atom=    0.13, RMSE_ALPHA_DERIV=    7.90
2025-07-13 11:20:54.948 INFO: Epoch 245: head: Default, loss=0.0029, RMSE_MU_per_atom=0.00 mDebye, RMSE_MU_DERIV=0.00 mDebye / A, RMSE_ALPHA_per_atom=    0.14, RMSE_ALPHA_DERIV=    7.97
2025-07-13 11:21:46.325 INFO: Epoch 246: head: Default, loss=0.0023, RMSE_MU_per_atom=0.00 mDebye, RMSE_MU_DERIV=0.00 mDebye / A, RMSE_ALPHA_per_atom=    0.13, RMSE_ALPHA_DERIV=    7.90
2025-07-13 11:22:37.708 INFO: Epoch 247: head: Default, loss=0.0028, RMSE_MU_per_atom=0.00 mDebye, RMSE_MU_DERIV=0.00 mDebye / A, RMSE_ALPHA_per_atom=    0.14, RMSE_ALPHA_DERIV=    7.95
2025-07-13 11:23:29.161 INFO: Epoch 248: head: Default, loss=0.0034, RMSE_MU_per_atom=0.00 mDebye, RMSE_MU_DERIV=0.00 mDebye / A, RMSE_ALPHA_per_atom=    0.15, RMSE_ALPHA_DERIV=    8.04
2025-07-13 11:24:20.706 INFO: Epoch 249: head: Default, loss=0.0023, RMSE_MU_per_atom=0.00 mDebye, RMSE_MU_DERIV=0.00 mDebye / A, RMSE_ALPHA_per_atom=    0.13, RMSE_ALPHA_DERIV=    7.95
2025-07-13 11:25:12.282 INFO: Epoch 250: head: Default, loss=0.0025, RMSE_MU_per_atom=0.00 mDebye, RMSE_MU_DERIV=0.00 mDebye / A, RMSE_ALPHA_per_atom=    0.13, RMSE_ALPHA_DERIV=    7.83
2025-07-13 11:26:03.845 INFO: Epoch 251: head: Default, loss=0.0029, RMSE_MU_per_atom=0.00 mDebye, RMSE_MU_DERIV=0.00 mDebye / A, RMSE_ALPHA_per_atom=    0.14, RMSE_ALPHA_DERIV=    7.95
2025-07-13 11:26:55.397 INFO: Epoch 252: head: Default, loss=0.0023, RMSE_MU_per_atom=0.00 mDebye, RMSE_MU_DERIV=0.00 mDebye / A, RMSE_ALPHA_per_atom=    0.13, RMSE_ALPHA_DERIV=    7.89
2025-07-13 11:27:46.965 INFO: Epoch 253: head: Default, loss=0.0026, RMSE_MU_per_atom=0.00 mDebye, RMSE_MU_DERIV=0.00 mDebye / A, RMSE_ALPHA_per_atom=    0.13, RMSE_ALPHA_DERIV=    7.86
2025-07-13 11:28:38.534 INFO: Epoch 254: head: Default, loss=0.0027, RMSE_MU_per_atom=0.00 mDebye, RMSE_MU_DERIV=0.00 mDebye / A, RMSE_ALPHA_per_atom=    0.14, RMSE_ALPHA_DERIV=    7.89
2025-07-13 11:29:30.096 INFO: Epoch 255: head: Default, loss=0.0028, RMSE_MU_per_atom=0.00 mDebye, RMSE_MU_DERIV=0.00 mDebye / A, RMSE_ALPHA_per_atom=    0.14, RMSE_ALPHA_DERIV=    7.96
2025-07-13 11:30:21.660 INFO: Epoch 256: head: Default, loss=0.0031, RMSE_MU_per_atom=0.00 mDebye, RMSE_MU_DERIV=0.00 mDebye / A, RMSE_ALPHA_per_atom=    0.14, RMSE_ALPHA_DERIV=    7.91
2025-07-13 11:31:13.217 INFO: Epoch 257: head: Default, loss=0.0028, RMSE_MU_per_atom=0.00 mDebye, RMSE_MU_DERIV=0.00 mDebye / A, RMSE_ALPHA_per_atom=    0.13, RMSE_ALPHA_DERIV=    7.87
2025-07-13 11:32:04.782 INFO: Epoch 258: head: Default, loss=0.0023, RMSE_MU_per_atom=0.00 mDebye, RMSE_MU_DERIV=0.00 mDebye / A, RMSE_ALPHA_per_atom=    0.13, RMSE_ALPHA_DERIV=    7.89
2025-07-13 11:32:56.368 INFO: Epoch 259: head: Default, loss=0.0029, RMSE_MU_per_atom=0.00 mDebye, RMSE_MU_DERIV=0.00 mDebye / A, RMSE_ALPHA_per_atom=    0.14, RMSE_ALPHA_DERIV=    7.93
2025-07-13 11:33:47.938 INFO: Epoch 260: head: Default, loss=0.0031, RMSE_MU_per_atom=0.00 mDebye, RMSE_MU_DERIV=0.00 mDebye / A, RMSE_ALPHA_per_atom=    0.14, RMSE_ALPHA_DERIV=    7.89
2025-07-13 11:34:39.500 INFO: Epoch 261: head: Default, loss=0.0025, RMSE_MU_per_atom=0.00 mDebye, RMSE_MU_DERIV=0.00 mDebye / A, RMSE_ALPHA_per_atom=    0.13, RMSE_ALPHA_DERIV=    7.90
2025-07-13 11:35:31.057 INFO: Epoch 262: head: Default, loss=0.0024, RMSE_MU_per_atom=0.00 mDebye, RMSE_MU_DERIV=0.00 mDebye / A, RMSE_ALPHA_per_atom=    0.13, RMSE_ALPHA_DERIV=    7.87
2025-07-13 11:36:22.629 INFO: Epoch 263: head: Default, loss=0.0034, RMSE_MU_per_atom=0.00 mDebye, RMSE_MU_DERIV=0.00 mDebye / A, RMSE_ALPHA_per_atom=    0.14, RMSE_ALPHA_DERIV=    7.93
2025-07-13 11:37:14.189 INFO: Epoch 264: head: Default, loss=0.0031, RMSE_MU_per_atom=0.00 mDebye, RMSE_MU_DERIV=0.00 mDebye / A, RMSE_ALPHA_per_atom=    0.14, RMSE_ALPHA_DERIV=    7.97
2025-07-13 11:38:05.759 INFO: Epoch 265: head: Default, loss=0.0033, RMSE_MU_per_atom=0.00 mDebye, RMSE_MU_DERIV=0.00 mDebye / A, RMSE_ALPHA_per_atom=    0.14, RMSE_ALPHA_DERIV=    7.92
2025-07-13 11:38:57.322 INFO: Epoch 266: head: Default, loss=0.0052, RMSE_MU_per_atom=0.00 mDebye, RMSE_MU_DERIV=0.00 mDebye / A, RMSE_ALPHA_per_atom=    0.18, RMSE_ALPHA_DERIV=    8.07
2025-07-13 11:39:48.902 INFO: Epoch 267: head: Default, loss=0.0022, RMSE_MU_per_atom=0.00 mDebye, RMSE_MU_DERIV=0.00 mDebye / A, RMSE_ALPHA_per_atom=    0.12, RMSE_ALPHA_DERIV=    7.84
2025-07-13 11:40:40.469 INFO: Epoch 268: head: Default, loss=0.0021, RMSE_MU_per_atom=0.00 mDebye, RMSE_MU_DERIV=0.00 mDebye / A, RMSE_ALPHA_per_atom=    0.12, RMSE_ALPHA_DERIV=    7.83
2025-07-13 11:41:32.025 INFO: Epoch 269: head: Default, loss=0.0026, RMSE_MU_per_atom=0.00 mDebye, RMSE_MU_DERIV=0.00 mDebye / A, RMSE_ALPHA_per_atom=    0.14, RMSE_ALPHA_DERIV=    7.87
2025-07-13 11:42:23.601 INFO: Epoch 270: head: Default, loss=0.0037, RMSE_MU_per_atom=0.00 mDebye, RMSE_MU_DERIV=0.00 mDebye / A, RMSE_ALPHA_per_atom=    0.15, RMSE_ALPHA_DERIV=    7.93
2025-07-13 11:43:15.168 INFO: Epoch 271: head: Default, loss=0.0036, RMSE_MU_per_atom=0.00 mDebye, RMSE_MU_DERIV=0.00 mDebye / A, RMSE_ALPHA_per_atom=    0.15, RMSE_ALPHA_DERIV=    7.96
2025-07-13 11:44:06.727 INFO: Epoch 272: head: Default, loss=0.0025, RMSE_MU_per_atom=0.00 mDebye, RMSE_MU_DERIV=0.00 mDebye / A, RMSE_ALPHA_per_atom=    0.13, RMSE_ALPHA_DERIV=    7.90
2025-07-13 11:44:58.299 INFO: Epoch 273: head: Default, loss=0.0026, RMSE_MU_per_atom=0.00 mDebye, RMSE_MU_DERIV=0.00 mDebye / A, RMSE_ALPHA_per_atom=    0.13, RMSE_ALPHA_DERIV=    7.94
2025-07-13 11:45:49.849 INFO: Epoch 274: head: Default, loss=0.0027, RMSE_MU_per_atom=0.00 mDebye, RMSE_MU_DERIV=0.00 mDebye / A, RMSE_ALPHA_per_atom=    0.13, RMSE_ALPHA_DERIV=    7.93
2025-07-13 11:46:41.407 INFO: Epoch 275: head: Default, loss=0.0035, RMSE_MU_per_atom=0.00 mDebye, RMSE_MU_DERIV=0.00 mDebye / A, RMSE_ALPHA_per_atom=    0.15, RMSE_ALPHA_DERIV=    7.99
2025-07-13 11:47:32.967 INFO: Epoch 276: head: Default, loss=0.0035, RMSE_MU_per_atom=0.00 mDebye, RMSE_MU_DERIV=0.00 mDebye / A, RMSE_ALPHA_per_atom=    0.15, RMSE_ALPHA_DERIV=    8.01
2025-07-13 11:48:24.522 INFO: Epoch 277: head: Default, loss=0.0031, RMSE_MU_per_atom=0.00 mDebye, RMSE_MU_DERIV=0.00 mDebye / A, RMSE_ALPHA_per_atom=    0.14, RMSE_ALPHA_DERIV=    7.96
2025-07-13 11:49:16.075 INFO: Epoch 278: head: Default, loss=0.0027, RMSE_MU_per_atom=0.00 mDebye, RMSE_MU_DERIV=0.00 mDebye / A, RMSE_ALPHA_per_atom=    0.14, RMSE_ALPHA_DERIV=    7.98
2025-07-13 11:50:07.634 INFO: Epoch 279: head: Default, loss=0.0032, RMSE_MU_per_atom=0.00 mDebye, RMSE_MU_DERIV=0.00 mDebye / A, RMSE_ALPHA_per_atom=    0.14, RMSE_ALPHA_DERIV=    7.96
2025-07-13 11:50:59.200 INFO: Epoch 280: head: Default, loss=0.0033, RMSE_MU_per_atom=0.00 mDebye, RMSE_MU_DERIV=0.00 mDebye / A, RMSE_ALPHA_per_atom=    0.15, RMSE_ALPHA_DERIV=    7.97
2025-07-13 11:51:50.762 INFO: Epoch 281: head: Default, loss=0.0049, RMSE_MU_per_atom=0.00 mDebye, RMSE_MU_DERIV=0.00 mDebye / A, RMSE_ALPHA_per_atom=    0.17, RMSE_ALPHA_DERIV=    8.02
2025-07-13 11:52:42.320 INFO: Epoch 282: head: Default, loss=0.0041, RMSE_MU_per_atom=0.00 mDebye, RMSE_MU_DERIV=0.00 mDebye / A, RMSE_ALPHA_per_atom=    0.16, RMSE_ALPHA_DERIV=    8.00
2025-07-13 11:53:33.878 INFO: Epoch 283: head: Default, loss=0.0039, RMSE_MU_per_atom=0.00 mDebye, RMSE_MU_DERIV=0.00 mDebye / A, RMSE_ALPHA_per_atom=    0.16, RMSE_ALPHA_DERIV=    7.91
2025-07-13 11:54:25.436 INFO: Epoch 284: head: Default, loss=0.0037, RMSE_MU_per_atom=0.00 mDebye, RMSE_MU_DERIV=0.00 mDebye / A, RMSE_ALPHA_per_atom=    0.15, RMSE_ALPHA_DERIV=    7.96
2025-07-13 11:55:16.997 INFO: Epoch 285: head: Default, loss=0.0029, RMSE_MU_per_atom=0.00 mDebye, RMSE_MU_DERIV=0.00 mDebye / A, RMSE_ALPHA_per_atom=    0.14, RMSE_ALPHA_DERIV=    7.92
2025-07-13 11:56:08.562 INFO: Epoch 286: head: Default, loss=0.0040, RMSE_MU_per_atom=0.00 mDebye, RMSE_MU_DERIV=0.00 mDebye / A, RMSE_ALPHA_per_atom=    0.16, RMSE_ALPHA_DERIV=    7.99
2025-07-13 11:57:00.133 INFO: Epoch 287: head: Default, loss=0.0035, RMSE_MU_per_atom=0.00 mDebye, RMSE_MU_DERIV=0.00 mDebye / A, RMSE_ALPHA_per_atom=    0.15, RMSE_ALPHA_DERIV=    7.95
2025-07-13 11:57:51.700 INFO: Epoch 288: head: Default, loss=0.0053, RMSE_MU_per_atom=0.00 mDebye, RMSE_MU_DERIV=0.00 mDebye / A, RMSE_ALPHA_per_atom=    0.17, RMSE_ALPHA_DERIV=    7.95
2025-07-13 11:58:43.253 INFO: Epoch 289: head: Default, loss=0.0032, RMSE_MU_per_atom=0.00 mDebye, RMSE_MU_DERIV=0.00 mDebye / A, RMSE_ALPHA_per_atom=    0.14, RMSE_ALPHA_DERIV=    7.95
2025-07-13 11:59:34.824 INFO: Epoch 290: head: Default, loss=0.0023, RMSE_MU_per_atom=0.00 mDebye, RMSE_MU_DERIV=0.00 mDebye / A, RMSE_ALPHA_per_atom=    0.12, RMSE_ALPHA_DERIV=    7.83
2025-07-13 12:00:26.388 INFO: Epoch 291: head: Default, loss=0.0029, RMSE_MU_per_atom=0.00 mDebye, RMSE_MU_DERIV=0.00 mDebye / A, RMSE_ALPHA_per_atom=    0.14, RMSE_ALPHA_DERIV=    7.90
2025-07-13 12:01:17.943 INFO: Epoch 292: head: Default, loss=0.0028, RMSE_MU_per_atom=0.00 mDebye, RMSE_MU_DERIV=0.00 mDebye / A, RMSE_ALPHA_per_atom=    0.13, RMSE_ALPHA_DERIV=    7.86
2025-07-13 12:02:09.536 INFO: Epoch 293: head: Default, loss=0.0026, RMSE_MU_per_atom=0.00 mDebye, RMSE_MU_DERIV=0.00 mDebye / A, RMSE_ALPHA_per_atom=    0.13, RMSE_ALPHA_DERIV=    7.91
2025-07-13 12:03:01.096 INFO: Epoch 294: head: Default, loss=0.0026, RMSE_MU_per_atom=0.00 mDebye, RMSE_MU_DERIV=0.00 mDebye / A, RMSE_ALPHA_per_atom=    0.13, RMSE_ALPHA_DERIV=    7.85
2025-07-13 12:03:52.647 INFO: Epoch 295: head: Default, loss=0.0034, RMSE_MU_per_atom=0.00 mDebye, RMSE_MU_DERIV=0.00 mDebye / A, RMSE_ALPHA_per_atom=    0.15, RMSE_ALPHA_DERIV=    7.96
2025-07-13 12:04:44.212 INFO: Epoch 296: head: Default, loss=0.0032, RMSE_MU_per_atom=0.00 mDebye, RMSE_MU_DERIV=0.00 mDebye / A, RMSE_ALPHA_per_atom=    0.15, RMSE_ALPHA_DERIV=    7.93
2025-07-13 12:05:35.792 INFO: Epoch 297: head: Default, loss=0.0027, RMSE_MU_per_atom=0.00 mDebye, RMSE_MU_DERIV=0.00 mDebye / A, RMSE_ALPHA_per_atom=    0.14, RMSE_ALPHA_DERIV=    7.92
2025-07-13 12:06:27.358 INFO: Epoch 298: head: Default, loss=0.0028, RMSE_MU_per_atom=0.00 mDebye, RMSE_MU_DERIV=0.00 mDebye / A, RMSE_ALPHA_per_atom=    0.14, RMSE_ALPHA_DERIV=    7.91
2025-07-13 12:07:18.930 INFO: Epoch 299: head: Default, loss=0.0029, RMSE_MU_per_atom=0.00 mDebye, RMSE_MU_DERIV=0.00 mDebye / A, RMSE_ALPHA_per_atom=    0.14, RMSE_ALPHA_DERIV=    7.90
2025-07-13 12:08:10.507 INFO: Epoch 300: head: Default, loss=0.0032, RMSE_MU_per_atom=0.00 mDebye, RMSE_MU_DERIV=0.00 mDebye / A, RMSE_ALPHA_per_atom=    0.14, RMSE_ALPHA_DERIV=    7.95
2025-07-13 12:09:02.073 INFO: Epoch 301: head: Default, loss=0.0035, RMSE_MU_per_atom=0.00 mDebye, RMSE_MU_DERIV=0.00 mDebye / A, RMSE_ALPHA_per_atom=    0.15, RMSE_ALPHA_DERIV=    7.95
2025-07-13 12:09:53.618 INFO: Epoch 302: head: Default, loss=0.0027, RMSE_MU_per_atom=0.00 mDebye, RMSE_MU_DERIV=0.00 mDebye / A, RMSE_ALPHA_per_atom=    0.14, RMSE_ALPHA_DERIV=    7.96
2025-07-13 12:10:45.196 INFO: Epoch 303: head: Default, loss=0.0039, RMSE_MU_per_atom=0.00 mDebye, RMSE_MU_DERIV=0.00 mDebye / A, RMSE_ALPHA_per_atom=    0.16, RMSE_ALPHA_DERIV=    7.99
2025-07-13 12:11:36.767 INFO: Epoch 304: head: Default, loss=0.0026, RMSE_MU_per_atom=0.00 mDebye, RMSE_MU_DERIV=0.00 mDebye / A, RMSE_ALPHA_per_atom=    0.13, RMSE_ALPHA_DERIV=    7.94
2025-07-13 12:12:28.322 INFO: Epoch 305: head: Default, loss=0.0029, RMSE_MU_per_atom=0.00 mDebye, RMSE_MU_DERIV=0.00 mDebye / A, RMSE_ALPHA_per_atom=    0.14, RMSE_ALPHA_DERIV=    7.97
2025-07-13 12:13:19.877 INFO: Epoch 306: head: Default, loss=0.0041, RMSE_MU_per_atom=0.00 mDebye, RMSE_MU_DERIV=0.00 mDebye / A, RMSE_ALPHA_per_atom=    0.16, RMSE_ALPHA_DERIV=    7.98
2025-07-13 12:14:11.431 INFO: Epoch 307: head: Default, loss=0.0035, RMSE_MU_per_atom=0.00 mDebye, RMSE_MU_DERIV=0.00 mDebye / A, RMSE_ALPHA_per_atom=    0.15, RMSE_ALPHA_DERIV=    7.97
2025-07-13 12:15:02.996 INFO: Epoch 308: head: Default, loss=0.0032, RMSE_MU_per_atom=0.00 mDebye, RMSE_MU_DERIV=0.00 mDebye / A, RMSE_ALPHA_per_atom=    0.14, RMSE_ALPHA_DERIV=    7.94
2025-07-13 12:15:54.557 INFO: Epoch 309: head: Default, loss=0.0025, RMSE_MU_per_atom=0.00 mDebye, RMSE_MU_DERIV=0.00 mDebye / A, RMSE_ALPHA_per_atom=    0.13, RMSE_ALPHA_DERIV=    7.90
2025-07-13 12:16:46.106 INFO: Epoch 310: head: Default, loss=0.0028, RMSE_MU_per_atom=0.00 mDebye, RMSE_MU_DERIV=0.00 mDebye / A, RMSE_ALPHA_per_atom=    0.13, RMSE_ALPHA_DERIV=    7.92
2025-07-13 12:17:37.677 INFO: Epoch 311: head: Default, loss=0.0026, RMSE_MU_per_atom=0.00 mDebye, RMSE_MU_DERIV=0.00 mDebye / A, RMSE_ALPHA_per_atom=    0.13, RMSE_ALPHA_DERIV=    7.88
2025-07-13 12:18:29.247 INFO: Epoch 312: head: Default, loss=0.0032, RMSE_MU_per_atom=0.00 mDebye, RMSE_MU_DERIV=0.00 mDebye / A, RMSE_ALPHA_per_atom=    0.14, RMSE_ALPHA_DERIV=    7.91
2025-07-13 12:19:20.803 INFO: Epoch 313: head: Default, loss=0.0032, RMSE_MU_per_atom=0.00 mDebye, RMSE_MU_DERIV=0.00 mDebye / A, RMSE_ALPHA_per_atom=    0.14, RMSE_ALPHA_DERIV=    7.91
2025-07-13 12:20:12.371 INFO: Epoch 314: head: Default, loss=0.0032, RMSE_MU_per_atom=0.00 mDebye, RMSE_MU_DERIV=0.00 mDebye / A, RMSE_ALPHA_per_atom=    0.14, RMSE_ALPHA_DERIV=    7.94
2025-07-13 12:21:03.939 INFO: Epoch 315: head: Default, loss=0.0032, RMSE_MU_per_atom=0.00 mDebye, RMSE_MU_DERIV=0.00 mDebye / A, RMSE_ALPHA_per_atom=    0.14, RMSE_ALPHA_DERIV=    7.92
2025-07-13 12:21:55.499 INFO: Epoch 316: head: Default, loss=0.0033, RMSE_MU_per_atom=0.00 mDebye, RMSE_MU_DERIV=0.00 mDebye / A, RMSE_ALPHA_per_atom=    0.14, RMSE_ALPHA_DERIV=    7.92
2025-07-13 12:22:47.085 INFO: Epoch 317: head: Default, loss=0.0032, RMSE_MU_per_atom=0.00 mDebye, RMSE_MU_DERIV=0.00 mDebye / A, RMSE_ALPHA_per_atom=    0.14, RMSE_ALPHA_DERIV=    7.94
2025-07-13 12:23:38.637 INFO: Epoch 318: head: Default, loss=0.0031, RMSE_MU_per_atom=0.00 mDebye, RMSE_MU_DERIV=0.00 mDebye / A, RMSE_ALPHA_per_atom=    0.14, RMSE_ALPHA_DERIV=    7.93
2025-07-13 12:24:30.189 INFO: Epoch 319: head: Default, loss=0.0030, RMSE_MU_per_atom=0.00 mDebye, RMSE_MU_DERIV=0.00 mDebye / A, RMSE_ALPHA_per_atom=    0.14, RMSE_ALPHA_DERIV=    7.87
2025-07-13 12:25:21.752 INFO: Epoch 320: head: Default, loss=0.0036, RMSE_MU_per_atom=0.00 mDebye, RMSE_MU_DERIV=0.00 mDebye / A, RMSE_ALPHA_per_atom=    0.15, RMSE_ALPHA_DERIV=    7.85
2025-07-13 12:26:13.318 INFO: Epoch 321: head: Default, loss=0.0032, RMSE_MU_per_atom=0.00 mDebye, RMSE_MU_DERIV=0.00 mDebye / A, RMSE_ALPHA_per_atom=    0.14, RMSE_ALPHA_DERIV=    7.92
2025-07-13 12:27:04.880 INFO: Epoch 322: head: Default, loss=0.0025, RMSE_MU_per_atom=0.00 mDebye, RMSE_MU_DERIV=0.00 mDebye / A, RMSE_ALPHA_per_atom=    0.13, RMSE_ALPHA_DERIV=    7.86
2025-07-13 12:27:56.422 INFO: Epoch 323: head: Default, loss=0.0031, RMSE_MU_per_atom=0.00 mDebye, RMSE_MU_DERIV=0.00 mDebye / A, RMSE_ALPHA_per_atom=    0.14, RMSE_ALPHA_DERIV=    7.96
2025-07-13 12:28:47.981 INFO: Epoch 324: head: Default, loss=0.0040, RMSE_MU_per_atom=0.00 mDebye, RMSE_MU_DERIV=0.00 mDebye / A, RMSE_ALPHA_per_atom=    0.15, RMSE_ALPHA_DERIV=    7.94
2025-07-13 12:29:39.543 INFO: Epoch 325: head: Default, loss=0.0028, RMSE_MU_per_atom=0.00 mDebye, RMSE_MU_DERIV=0.00 mDebye / A, RMSE_ALPHA_per_atom=    0.13, RMSE_ALPHA_DERIV=    7.92
2025-07-13 12:30:31.090 INFO: Epoch 326: head: Default, loss=0.0035, RMSE_MU_per_atom=0.00 mDebye, RMSE_MU_DERIV=0.00 mDebye / A, RMSE_ALPHA_per_atom=    0.15, RMSE_ALPHA_DERIV=    7.94
2025-07-13 12:31:22.660 INFO: Epoch 327: head: Default, loss=0.0037, RMSE_MU_per_atom=0.00 mDebye, RMSE_MU_DERIV=0.00 mDebye / A, RMSE_ALPHA_per_atom=    0.15, RMSE_ALPHA_DERIV=    7.91
2025-07-13 12:32:14.218 INFO: Epoch 328: head: Default, loss=0.0037, RMSE_MU_per_atom=0.00 mDebye, RMSE_MU_DERIV=0.00 mDebye / A, RMSE_ALPHA_per_atom=    0.15, RMSE_ALPHA_DERIV=    7.93
2025-07-13 12:33:05.775 INFO: Epoch 329: head: Default, loss=0.0023, RMSE_MU_per_atom=0.00 mDebye, RMSE_MU_DERIV=0.00 mDebye / A, RMSE_ALPHA_per_atom=    0.13, RMSE_ALPHA_DERIV=    7.86
2025-07-13 12:33:57.342 INFO: Epoch 330: head: Default, loss=0.0029, RMSE_MU_per_atom=0.00 mDebye, RMSE_MU_DERIV=0.00 mDebye / A, RMSE_ALPHA_per_atom=    0.14, RMSE_ALPHA_DERIV=    7.89
2025-07-13 12:34:48.929 INFO: Epoch 331: head: Default, loss=0.0034, RMSE_MU_per_atom=0.00 mDebye, RMSE_MU_DERIV=0.00 mDebye / A, RMSE_ALPHA_per_atom=    0.15, RMSE_ALPHA_DERIV=    7.95
2025-07-13 12:35:40.492 INFO: Epoch 332: head: Default, loss=0.0043, RMSE_MU_per_atom=0.00 mDebye, RMSE_MU_DERIV=0.00 mDebye / A, RMSE_ALPHA_per_atom=    0.16, RMSE_ALPHA_DERIV=    7.97
2025-07-13 12:36:32.067 INFO: Epoch 333: head: Default, loss=0.0027, RMSE_MU_per_atom=0.00 mDebye, RMSE_MU_DERIV=0.00 mDebye / A, RMSE_ALPHA_per_atom=    0.14, RMSE_ALPHA_DERIV=    7.91
2025-07-13 12:37:23.612 INFO: Epoch 334: head: Default, loss=0.0038, RMSE_MU_per_atom=0.00 mDebye, RMSE_MU_DERIV=0.00 mDebye / A, RMSE_ALPHA_per_atom=    0.15, RMSE_ALPHA_DERIV=    7.95
2025-07-13 12:38:15.172 INFO: Epoch 335: head: Default, loss=0.0033, RMSE_MU_per_atom=0.00 mDebye, RMSE_MU_DERIV=0.00 mDebye / A, RMSE_ALPHA_per_atom=    0.14, RMSE_ALPHA_DERIV=    7.95
2025-07-13 12:39:06.726 INFO: Epoch 336: head: Default, loss=0.0039, RMSE_MU_per_atom=0.00 mDebye, RMSE_MU_DERIV=0.00 mDebye / A, RMSE_ALPHA_per_atom=    0.15, RMSE_ALPHA_DERIV=    7.96
2025-07-13 12:39:58.278 INFO: Epoch 337: head: Default, loss=0.0033, RMSE_MU_per_atom=0.00 mDebye, RMSE_MU_DERIV=0.00 mDebye / A, RMSE_ALPHA_per_atom=    0.14, RMSE_ALPHA_DERIV=    7.96
2025-07-13 12:40:49.847 INFO: Epoch 338: head: Default, loss=0.0026, RMSE_MU_per_atom=0.00 mDebye, RMSE_MU_DERIV=0.00 mDebye / A, RMSE_ALPHA_per_atom=    0.13, RMSE_ALPHA_DERIV=    7.90
2025-07-13 12:41:41.417 INFO: Epoch 339: head: Default, loss=0.0025, RMSE_MU_per_atom=0.00 mDebye, RMSE_MU_DERIV=0.00 mDebye / A, RMSE_ALPHA_per_atom=    0.13, RMSE_ALPHA_DERIV=    7.91
2025-07-13 12:42:32.981 INFO: Epoch 340: head: Default, loss=0.0032, RMSE_MU_per_atom=0.00 mDebye, RMSE_MU_DERIV=0.00 mDebye / A, RMSE_ALPHA_per_atom=    0.14, RMSE_ALPHA_DERIV=    7.92
2025-07-13 12:43:24.534 INFO: Epoch 341: head: Default, loss=0.0032, RMSE_MU_per_atom=0.00 mDebye, RMSE_MU_DERIV=0.00 mDebye / A, RMSE_ALPHA_per_atom=    0.14, RMSE_ALPHA_DERIV=    7.94
2025-07-13 12:44:16.100 INFO: Epoch 342: head: Default, loss=0.0029, RMSE_MU_per_atom=0.00 mDebye, RMSE_MU_DERIV=0.00 mDebye / A, RMSE_ALPHA_per_atom=    0.14, RMSE_ALPHA_DERIV=    7.95
2025-07-13 12:45:07.662 INFO: Epoch 343: head: Default, loss=0.0034, RMSE_MU_per_atom=0.00 mDebye, RMSE_MU_DERIV=0.00 mDebye / A, RMSE_ALPHA_per_atom=    0.14, RMSE_ALPHA_DERIV=    7.98
2025-07-13 12:45:59.224 INFO: Epoch 344: head: Default, loss=0.0032, RMSE_MU_per_atom=0.00 mDebye, RMSE_MU_DERIV=0.00 mDebye / A, RMSE_ALPHA_per_atom=    0.14, RMSE_ALPHA_DERIV=    7.96
2025-07-13 12:46:50.779 INFO: Epoch 345: head: Default, loss=0.0033, RMSE_MU_per_atom=0.00 mDebye, RMSE_MU_DERIV=0.00 mDebye / A, RMSE_ALPHA_per_atom=    0.14, RMSE_ALPHA_DERIV=    7.97
2025-07-13 12:47:42.362 INFO: Epoch 346: head: Default, loss=0.0034, RMSE_MU_per_atom=0.00 mDebye, RMSE_MU_DERIV=0.00 mDebye / A, RMSE_ALPHA_per_atom=    0.14, RMSE_ALPHA_DERIV=    7.96
2025-07-13 12:48:33.924 INFO: Epoch 347: head: Default, loss=0.0032, RMSE_MU_per_atom=0.00 mDebye, RMSE_MU_DERIV=0.00 mDebye / A, RMSE_ALPHA_per_atom=    0.14, RMSE_ALPHA_DERIV=    7.93
2025-07-13 12:49:25.474 INFO: Epoch 348: head: Default, loss=0.0035, RMSE_MU_per_atom=0.00 mDebye, RMSE_MU_DERIV=0.00 mDebye / A, RMSE_ALPHA_per_atom=    0.15, RMSE_ALPHA_DERIV=    7.96
2025-07-13 12:50:17.033 INFO: Epoch 349: head: Default, loss=0.0039, RMSE_MU_per_atom=0.00 mDebye, RMSE_MU_DERIV=0.00 mDebye / A, RMSE_ALPHA_per_atom=    0.15, RMSE_ALPHA_DERIV=    7.96
2025-07-13 12:51:08.597 INFO: Epoch 350: head: Default, loss=0.0038, RMSE_MU_per_atom=0.00 mDebye, RMSE_MU_DERIV=0.00 mDebye / A, RMSE_ALPHA_per_atom=    0.15, RMSE_ALPHA_DERIV=    7.98
2025-07-13 12:52:00.160 INFO: Epoch 351: head: Default, loss=0.0037, RMSE_MU_per_atom=0.00 mDebye, RMSE_MU_DERIV=0.00 mDebye / A, RMSE_ALPHA_per_atom=    0.15, RMSE_ALPHA_DERIV=    7.98
2025-07-13 12:52:51.716 INFO: Epoch 352: head: Default, loss=0.0030, RMSE_MU_per_atom=0.00 mDebye, RMSE_MU_DERIV=0.00 mDebye / A, RMSE_ALPHA_per_atom=    0.14, RMSE_ALPHA_DERIV=    7.96
2025-07-13 12:53:43.273 INFO: Epoch 353: head: Default, loss=0.0028, RMSE_MU_per_atom=0.00 mDebye, RMSE_MU_DERIV=0.00 mDebye / A, RMSE_ALPHA_per_atom=    0.13, RMSE_ALPHA_DERIV=    7.97
2025-07-13 12:54:34.837 INFO: Epoch 354: head: Default, loss=0.0039, RMSE_MU_per_atom=0.00 mDebye, RMSE_MU_DERIV=0.00 mDebye / A, RMSE_ALPHA_per_atom=    0.15, RMSE_ALPHA_DERIV=    7.98
2025-07-13 12:55:26.403 INFO: Epoch 355: head: Default, loss=0.0026, RMSE_MU_per_atom=0.00 mDebye, RMSE_MU_DERIV=0.00 mDebye / A, RMSE_ALPHA_per_atom=    0.13, RMSE_ALPHA_DERIV=    7.90
2025-07-13 12:56:17.958 INFO: Epoch 356: head: Default, loss=0.0036, RMSE_MU_per_atom=0.00 mDebye, RMSE_MU_DERIV=0.00 mDebye / A, RMSE_ALPHA_per_atom=    0.15, RMSE_ALPHA_DERIV=    8.00
2025-07-13 12:57:09.522 INFO: Epoch 357: head: Default, loss=0.0031, RMSE_MU_per_atom=0.00 mDebye, RMSE_MU_DERIV=0.00 mDebye / A, RMSE_ALPHA_per_atom=    0.14, RMSE_ALPHA_DERIV=    7.94
2025-07-13 12:58:01.082 INFO: Epoch 358: head: Default, loss=0.0027, RMSE_MU_per_atom=0.00 mDebye, RMSE_MU_DERIV=0.00 mDebye / A, RMSE_ALPHA_per_atom=    0.13, RMSE_ALPHA_DERIV=    7.98
2025-07-13 12:58:52.638 INFO: Epoch 359: head: Default, loss=0.0035, RMSE_MU_per_atom=0.00 mDebye, RMSE_MU_DERIV=0.00 mDebye / A, RMSE_ALPHA_per_atom=    0.15, RMSE_ALPHA_DERIV=    7.97
2025-07-13 12:59:44.234 INFO: Epoch 360: head: Default, loss=0.0031, RMSE_MU_per_atom=0.00 mDebye, RMSE_MU_DERIV=0.00 mDebye / A, RMSE_ALPHA_per_atom=    0.14, RMSE_ALPHA_DERIV=    7.97
2025-07-13 13:00:35.809 INFO: Epoch 361: head: Default, loss=0.0036, RMSE_MU_per_atom=0.00 mDebye, RMSE_MU_DERIV=0.00 mDebye / A, RMSE_ALPHA_per_atom=    0.15, RMSE_ALPHA_DERIV=    7.96
2025-07-13 13:01:27.381 INFO: Epoch 362: head: Default, loss=0.0029, RMSE_MU_per_atom=0.00 mDebye, RMSE_MU_DERIV=0.00 mDebye / A, RMSE_ALPHA_per_atom=    0.14, RMSE_ALPHA_DERIV=    7.95
2025-07-13 13:02:18.960 INFO: Epoch 363: head: Default, loss=0.0041, RMSE_MU_per_atom=0.00 mDebye, RMSE_MU_DERIV=0.00 mDebye / A, RMSE_ALPHA_per_atom=    0.15, RMSE_ALPHA_DERIV=    7.99
2025-07-13 13:03:10.504 INFO: Epoch 364: head: Default, loss=0.0032, RMSE_MU_per_atom=0.00 mDebye, RMSE_MU_DERIV=0.00 mDebye / A, RMSE_ALPHA_per_atom=    0.14, RMSE_ALPHA_DERIV=    7.94
2025-07-13 13:04:02.059 INFO: Epoch 365: head: Default, loss=0.0036, RMSE_MU_per_atom=0.00 mDebye, RMSE_MU_DERIV=0.00 mDebye / A, RMSE_ALPHA_per_atom=    0.15, RMSE_ALPHA_DERIV=    7.94
2025-07-13 13:04:53.624 INFO: Epoch 366: head: Default, loss=0.0033, RMSE_MU_per_atom=0.00 mDebye, RMSE_MU_DERIV=0.00 mDebye / A, RMSE_ALPHA_per_atom=    0.14, RMSE_ALPHA_DERIV=    7.97
2025-07-13 13:05:45.175 INFO: Epoch 367: head: Default, loss=0.0030, RMSE_MU_per_atom=0.00 mDebye, RMSE_MU_DERIV=0.00 mDebye / A, RMSE_ALPHA_per_atom=    0.14, RMSE_ALPHA_DERIV=    7.95
2025-07-13 13:06:36.735 INFO: Epoch 368: head: Default, loss=0.0034, RMSE_MU_per_atom=0.00 mDebye, RMSE_MU_DERIV=0.00 mDebye / A, RMSE_ALPHA_per_atom=    0.14, RMSE_ALPHA_DERIV=    7.99
2025-07-13 13:07:28.303 INFO: Epoch 369: head: Default, loss=0.0033, RMSE_MU_per_atom=0.00 mDebye, RMSE_MU_DERIV=0.00 mDebye / A, RMSE_ALPHA_per_atom=    0.14, RMSE_ALPHA_DERIV=    7.97
2025-07-13 13:08:19.849 INFO: Epoch 370: head: Default, loss=0.0034, RMSE_MU_per_atom=0.00 mDebye, RMSE_MU_DERIV=0.00 mDebye / A, RMSE_ALPHA_per_atom=    0.14, RMSE_ALPHA_DERIV=    7.98
2025-07-13 13:09:11.412 INFO: Epoch 371: head: Default, loss=0.0033, RMSE_MU_per_atom=0.00 mDebye, RMSE_MU_DERIV=0.00 mDebye / A, RMSE_ALPHA_per_atom=    0.14, RMSE_ALPHA_DERIV=    7.97
2025-07-13 13:10:02.970 INFO: Epoch 372: head: Default, loss=0.0030, RMSE_MU_per_atom=0.00 mDebye, RMSE_MU_DERIV=0.00 mDebye / A, RMSE_ALPHA_per_atom=    0.14, RMSE_ALPHA_DERIV=    7.95
2025-07-13 13:10:54.559 INFO: Epoch 373: head: Default, loss=0.0041, RMSE_MU_per_atom=0.00 mDebye, RMSE_MU_DERIV=0.00 mDebye / A, RMSE_ALPHA_per_atom=    0.16, RMSE_ALPHA_DERIV=    7.99
2025-07-13 13:11:46.116 INFO: Epoch 374: head: Default, loss=0.0025, RMSE_MU_per_atom=0.00 mDebye, RMSE_MU_DERIV=0.00 mDebye / A, RMSE_ALPHA_per_atom=    0.13, RMSE_ALPHA_DERIV=    7.94
2025-07-13 13:12:37.675 INFO: Epoch 375: head: Default, loss=0.0029, RMSE_MU_per_atom=0.00 mDebye, RMSE_MU_DERIV=0.00 mDebye / A, RMSE_ALPHA_per_atom=    0.14, RMSE_ALPHA_DERIV=    7.99
2025-07-13 13:13:29.216 INFO: Epoch 376: head: Default, loss=0.0038, RMSE_MU_per_atom=0.00 mDebye, RMSE_MU_DERIV=0.00 mDebye / A, RMSE_ALPHA_per_atom=    0.15, RMSE_ALPHA_DERIV=    8.02
2025-07-13 13:14:20.773 INFO: Epoch 377: head: Default, loss=0.0032, RMSE_MU_per_atom=0.00 mDebye, RMSE_MU_DERIV=0.00 mDebye / A, RMSE_ALPHA_per_atom=    0.14, RMSE_ALPHA_DERIV=    7.99
2025-07-13 13:15:12.335 INFO: Epoch 378: head: Default, loss=0.0032, RMSE_MU_per_atom=0.00 mDebye, RMSE_MU_DERIV=0.00 mDebye / A, RMSE_ALPHA_per_atom=    0.14, RMSE_ALPHA_DERIV=    7.98
2025-07-13 13:16:03.888 INFO: Epoch 379: head: Default, loss=0.0031, RMSE_MU_per_atom=0.00 mDebye, RMSE_MU_DERIV=0.00 mDebye / A, RMSE_ALPHA_per_atom=    0.14, RMSE_ALPHA_DERIV=    7.95
2025-07-13 13:16:55.449 INFO: Epoch 380: head: Default, loss=0.0028, RMSE_MU_per_atom=0.00 mDebye, RMSE_MU_DERIV=0.00 mDebye / A, RMSE_ALPHA_per_atom=    0.14, RMSE_ALPHA_DERIV=    7.98
2025-07-13 13:17:47.001 INFO: Epoch 381: head: Default, loss=0.0029, RMSE_MU_per_atom=0.00 mDebye, RMSE_MU_DERIV=0.00 mDebye / A, RMSE_ALPHA_per_atom=    0.14, RMSE_ALPHA_DERIV=    7.95
2025-07-13 13:18:38.551 INFO: Epoch 382: head: Default, loss=0.0034, RMSE_MU_per_atom=0.00 mDebye, RMSE_MU_DERIV=0.00 mDebye / A, RMSE_ALPHA_per_atom=    0.15, RMSE_ALPHA_DERIV=    7.99
2025-07-13 13:19:30.135 INFO: Epoch 383: head: Default, loss=0.0027, RMSE_MU_per_atom=0.00 mDebye, RMSE_MU_DERIV=0.00 mDebye / A, RMSE_ALPHA_per_atom=    0.14, RMSE_ALPHA_DERIV=    7.95
2025-07-13 13:20:21.693 INFO: Epoch 384: head: Default, loss=0.0033, RMSE_MU_per_atom=0.00 mDebye, RMSE_MU_DERIV=0.00 mDebye / A, RMSE_ALPHA_per_atom=    0.14, RMSE_ALPHA_DERIV=    7.98
2025-07-13 13:21:13.249 INFO: Epoch 385: head: Default, loss=0.0032, RMSE_MU_per_atom=0.00 mDebye, RMSE_MU_DERIV=0.00 mDebye / A, RMSE_ALPHA_per_atom=    0.14, RMSE_ALPHA_DERIV=    8.01
2025-07-13 13:22:04.815 INFO: Epoch 386: head: Default, loss=0.0031, RMSE_MU_per_atom=0.00 mDebye, RMSE_MU_DERIV=0.00 mDebye / A, RMSE_ALPHA_per_atom=    0.14, RMSE_ALPHA_DERIV=    7.98
2025-07-13 13:22:56.382 INFO: Epoch 387: head: Default, loss=0.0030, RMSE_MU_per_atom=0.00 mDebye, RMSE_MU_DERIV=0.00 mDebye / A, RMSE_ALPHA_per_atom=    0.14, RMSE_ALPHA_DERIV=    7.97
2025-07-13 13:23:47.945 INFO: Epoch 388: head: Default, loss=0.0033, RMSE_MU_per_atom=0.00 mDebye, RMSE_MU_DERIV=0.00 mDebye / A, RMSE_ALPHA_per_atom=    0.14, RMSE_ALPHA_DERIV=    8.00
2025-07-13 13:24:39.520 INFO: Epoch 389: head: Default, loss=0.0031, RMSE_MU_per_atom=0.00 mDebye, RMSE_MU_DERIV=0.00 mDebye / A, RMSE_ALPHA_per_atom=    0.14, RMSE_ALPHA_DERIV=    7.99
2025-07-13 13:25:31.084 INFO: Epoch 390: head: Default, loss=0.0037, RMSE_MU_per_atom=0.00 mDebye, RMSE_MU_DERIV=0.00 mDebye / A, RMSE_ALPHA_per_atom=    0.15, RMSE_ALPHA_DERIV=    8.01
2025-07-13 13:26:22.635 INFO: Epoch 391: head: Default, loss=0.0032, RMSE_MU_per_atom=0.00 mDebye, RMSE_MU_DERIV=0.00 mDebye / A, RMSE_ALPHA_per_atom=    0.14, RMSE_ALPHA_DERIV=    7.98
2025-07-13 13:27:14.203 INFO: Epoch 392: head: Default, loss=0.0035, RMSE_MU_per_atom=0.00 mDebye, RMSE_MU_DERIV=0.00 mDebye / A, RMSE_ALPHA_per_atom=    0.15, RMSE_ALPHA_DERIV=    8.00
2025-07-13 13:28:05.771 INFO: Epoch 393: head: Default, loss=0.0031, RMSE_MU_per_atom=0.00 mDebye, RMSE_MU_DERIV=0.00 mDebye / A, RMSE_ALPHA_per_atom=    0.14, RMSE_ALPHA_DERIV=    7.98
2025-07-13 13:28:57.333 INFO: Epoch 394: head: Default, loss=0.0036, RMSE_MU_per_atom=0.00 mDebye, RMSE_MU_DERIV=0.00 mDebye / A, RMSE_ALPHA_per_atom=    0.15, RMSE_ALPHA_DERIV=    8.01
2025-07-13 13:29:48.918 INFO: Epoch 395: head: Default, loss=0.0030, RMSE_MU_per_atom=0.00 mDebye, RMSE_MU_DERIV=0.00 mDebye / A, RMSE_ALPHA_per_atom=    0.14, RMSE_ALPHA_DERIV=    7.98
2025-07-13 13:30:40.494 INFO: Epoch 396: head: Default, loss=0.0034, RMSE_MU_per_atom=0.00 mDebye, RMSE_MU_DERIV=0.00 mDebye / A, RMSE_ALPHA_per_atom=    0.14, RMSE_ALPHA_DERIV=    8.01
2025-07-13 13:31:32.070 INFO: Epoch 397: head: Default, loss=0.0036, RMSE_MU_per_atom=0.00 mDebye, RMSE_MU_DERIV=0.00 mDebye / A, RMSE_ALPHA_per_atom=    0.15, RMSE_ALPHA_DERIV=    7.99
2025-07-13 13:32:23.633 INFO: Epoch 398: head: Default, loss=0.0030, RMSE_MU_per_atom=0.00 mDebye, RMSE_MU_DERIV=0.00 mDebye / A, RMSE_ALPHA_per_atom=    0.14, RMSE_ALPHA_DERIV=    7.98
2025-07-13 13:33:15.186 INFO: Epoch 399: head: Default, loss=0.0035, RMSE_MU_per_atom=0.00 mDebye, RMSE_MU_DERIV=0.00 mDebye / A, RMSE_ALPHA_per_atom=    0.15, RMSE_ALPHA_DERIV=    7.98
2025-07-13 13:34:06.740 INFO: Epoch 400: head: Default, loss=0.0040, RMSE_MU_per_atom=0.00 mDebye, RMSE_MU_DERIV=0.00 mDebye / A, RMSE_ALPHA_per_atom=    0.15, RMSE_ALPHA_DERIV=    8.03
2025-07-13 13:34:58.300 INFO: Epoch 401: head: Default, loss=0.0038, RMSE_MU_per_atom=0.00 mDebye, RMSE_MU_DERIV=0.00 mDebye / A, RMSE_ALPHA_per_atom=    0.15, RMSE_ALPHA_DERIV=    8.02
2025-07-13 13:35:49.871 INFO: Epoch 402: head: Default, loss=0.0029, RMSE_MU_per_atom=0.00 mDebye, RMSE_MU_DERIV=0.00 mDebye / A, RMSE_ALPHA_per_atom=    0.14, RMSE_ALPHA_DERIV=    7.98
2025-07-13 13:36:41.425 INFO: Epoch 403: head: Default, loss=0.0042, RMSE_MU_per_atom=0.00 mDebye, RMSE_MU_DERIV=0.00 mDebye / A, RMSE_ALPHA_per_atom=    0.16, RMSE_ALPHA_DERIV=    8.06
2025-07-13 13:37:32.994 INFO: Epoch 404: head: Default, loss=0.0030, RMSE_MU_per_atom=0.00 mDebye, RMSE_MU_DERIV=0.00 mDebye / A, RMSE_ALPHA_per_atom=    0.14, RMSE_ALPHA_DERIV=    8.00
2025-07-13 13:38:24.551 INFO: Epoch 405: head: Default, loss=0.0027, RMSE_MU_per_atom=0.00 mDebye, RMSE_MU_DERIV=0.00 mDebye / A, RMSE_ALPHA_per_atom=    0.13, RMSE_ALPHA_DERIV=    7.95
2025-07-13 13:39:16.118 INFO: Epoch 406: head: Default, loss=0.0027, RMSE_MU_per_atom=0.00 mDebye, RMSE_MU_DERIV=0.00 mDebye / A, RMSE_ALPHA_per_atom=    0.13, RMSE_ALPHA_DERIV=    7.96
2025-07-13 13:40:07.676 INFO: Epoch 407: head: Default, loss=0.0035, RMSE_MU_per_atom=0.00 mDebye, RMSE_MU_DERIV=0.00 mDebye / A, RMSE_ALPHA_per_atom=    0.14, RMSE_ALPHA_DERIV=    7.98
2025-07-13 13:40:59.225 INFO: Epoch 408: head: Default, loss=0.0040, RMSE_MU_per_atom=0.00 mDebye, RMSE_MU_DERIV=0.00 mDebye / A, RMSE_ALPHA_per_atom=    0.15, RMSE_ALPHA_DERIV=    8.02
2025-07-13 13:41:50.802 INFO: Epoch 409: head: Default, loss=0.0036, RMSE_MU_per_atom=0.00 mDebye, RMSE_MU_DERIV=0.00 mDebye / A, RMSE_ALPHA_per_atom=    0.15, RMSE_ALPHA_DERIV=    8.00
2025-07-13 13:42:42.355 INFO: Epoch 410: head: Default, loss=0.0035, RMSE_MU_per_atom=0.00 mDebye, RMSE_MU_DERIV=0.00 mDebye / A, RMSE_ALPHA_per_atom=    0.14, RMSE_ALPHA_DERIV=    8.00
2025-07-13 13:43:33.901 INFO: Epoch 411: head: Default, loss=0.0029, RMSE_MU_per_atom=0.00 mDebye, RMSE_MU_DERIV=0.00 mDebye / A, RMSE_ALPHA_per_atom=    0.14, RMSE_ALPHA_DERIV=    7.97
2025-07-13 13:44:25.460 INFO: Epoch 412: head: Default, loss=0.0031, RMSE_MU_per_atom=0.00 mDebye, RMSE_MU_DERIV=0.00 mDebye / A, RMSE_ALPHA_per_atom=    0.14, RMSE_ALPHA_DERIV=    7.98
2025-07-13 13:45:17.023 INFO: Epoch 413: head: Default, loss=0.0035, RMSE_MU_per_atom=0.00 mDebye, RMSE_MU_DERIV=0.00 mDebye / A, RMSE_ALPHA_per_atom=    0.14, RMSE_ALPHA_DERIV=    7.99
2025-07-13 13:46:08.571 INFO: Epoch 414: head: Default, loss=0.0029, RMSE_MU_per_atom=0.00 mDebye, RMSE_MU_DERIV=0.00 mDebye / A, RMSE_ALPHA_per_atom=    0.14, RMSE_ALPHA_DERIV=    7.98
2025-07-13 13:47:00.137 INFO: Epoch 415: head: Default, loss=0.0028, RMSE_MU_per_atom=0.00 mDebye, RMSE_MU_DERIV=0.00 mDebye / A, RMSE_ALPHA_per_atom=    0.13, RMSE_ALPHA_DERIV=    7.97
2025-07-13 13:47:51.701 INFO: Epoch 416: head: Default, loss=0.0028, RMSE_MU_per_atom=0.00 mDebye, RMSE_MU_DERIV=0.00 mDebye / A, RMSE_ALPHA_per_atom=    0.13, RMSE_ALPHA_DERIV=    7.95
2025-07-13 13:48:43.274 INFO: Epoch 417: head: Default, loss=0.0038, RMSE_MU_per_atom=0.00 mDebye, RMSE_MU_DERIV=0.00 mDebye / A, RMSE_ALPHA_per_atom=    0.15, RMSE_ALPHA_DERIV=    8.01
2025-07-13 13:49:34.839 INFO: Epoch 418: head: Default, loss=0.0034, RMSE_MU_per_atom=0.00 mDebye, RMSE_MU_DERIV=0.00 mDebye / A, RMSE_ALPHA_per_atom=    0.14, RMSE_ALPHA_DERIV=    7.95
2025-07-13 13:50:26.438 INFO: Epoch 419: head: Default, loss=0.0030, RMSE_MU_per_atom=0.00 mDebye, RMSE_MU_DERIV=0.00 mDebye / A, RMSE_ALPHA_per_atom=    0.13, RMSE_ALPHA_DERIV=    7.97
2025-07-13 13:51:18.011 INFO: Epoch 420: head: Default, loss=0.0027, RMSE_MU_per_atom=0.00 mDebye, RMSE_MU_DERIV=0.00 mDebye / A, RMSE_ALPHA_per_atom=    0.13, RMSE_ALPHA_DERIV=    7.94
2025-07-13 13:52:09.573 INFO: Epoch 421: head: Default, loss=0.0028, RMSE_MU_per_atom=0.00 mDebye, RMSE_MU_DERIV=0.00 mDebye / A, RMSE_ALPHA_per_atom=    0.13, RMSE_ALPHA_DERIV=    7.94
2025-07-13 13:53:01.138 INFO: Epoch 422: head: Default, loss=0.0034, RMSE_MU_per_atom=0.00 mDebye, RMSE_MU_DERIV=0.00 mDebye / A, RMSE_ALPHA_per_atom=    0.15, RMSE_ALPHA_DERIV=    7.99
2025-07-13 13:53:52.693 INFO: Epoch 423: head: Default, loss=0.0032, RMSE_MU_per_atom=0.00 mDebye, RMSE_MU_DERIV=0.00 mDebye / A, RMSE_ALPHA_per_atom=    0.14, RMSE_ALPHA_DERIV=    7.97
2025-07-13 13:54:44.272 INFO: Epoch 424: head: Default, loss=0.0027, RMSE_MU_per_atom=0.00 mDebye, RMSE_MU_DERIV=0.00 mDebye / A, RMSE_ALPHA_per_atom=    0.13, RMSE_ALPHA_DERIV=    7.95
2025-07-13 13:55:35.859 INFO: Epoch 425: head: Default, loss=0.0032, RMSE_MU_per_atom=0.00 mDebye, RMSE_MU_DERIV=0.00 mDebye / A, RMSE_ALPHA_per_atom=    0.14, RMSE_ALPHA_DERIV=    7.99
2025-07-13 13:56:27.426 INFO: Epoch 426: head: Default, loss=0.0028, RMSE_MU_per_atom=0.00 mDebye, RMSE_MU_DERIV=0.00 mDebye / A, RMSE_ALPHA_per_atom=    0.13, RMSE_ALPHA_DERIV=    7.96
2025-07-13 13:57:19.003 INFO: Epoch 427: head: Default, loss=0.0034, RMSE_MU_per_atom=0.00 mDebye, RMSE_MU_DERIV=0.00 mDebye / A, RMSE_ALPHA_per_atom=    0.15, RMSE_ALPHA_DERIV=    7.99
2025-07-13 13:58:10.588 INFO: Epoch 428: head: Default, loss=0.0030, RMSE_MU_per_atom=0.00 mDebye, RMSE_MU_DERIV=0.00 mDebye / A, RMSE_ALPHA_per_atom=    0.14, RMSE_ALPHA_DERIV=    7.96
2025-07-13 13:59:02.157 INFO: Epoch 429: head: Default, loss=0.0037, RMSE_MU_per_atom=0.00 mDebye, RMSE_MU_DERIV=0.00 mDebye / A, RMSE_ALPHA_per_atom=    0.15, RMSE_ALPHA_DERIV=    8.01
2025-07-13 13:59:53.737 INFO: Epoch 430: head: Default, loss=0.0035, RMSE_MU_per_atom=0.00 mDebye, RMSE_MU_DERIV=0.00 mDebye / A, RMSE_ALPHA_per_atom=    0.15, RMSE_ALPHA_DERIV=    7.98
2025-07-13 14:00:45.307 INFO: Epoch 431: head: Default, loss=0.0035, RMSE_MU_per_atom=0.00 mDebye, RMSE_MU_DERIV=0.00 mDebye / A, RMSE_ALPHA_per_atom=    0.15, RMSE_ALPHA_DERIV=    7.99
2025-07-13 14:01:36.872 INFO: Epoch 432: head: Default, loss=0.0034, RMSE_MU_per_atom=0.00 mDebye, RMSE_MU_DERIV=0.00 mDebye / A, RMSE_ALPHA_per_atom=    0.14, RMSE_ALPHA_DERIV=    7.97
2025-07-13 14:02:28.438 INFO: Epoch 433: head: Default, loss=0.0029, RMSE_MU_per_atom=0.00 mDebye, RMSE_MU_DERIV=0.00 mDebye / A, RMSE_ALPHA_per_atom=    0.14, RMSE_ALPHA_DERIV=    7.96
2025-07-13 14:03:20.009 INFO: Epoch 434: head: Default, loss=0.0034, RMSE_MU_per_atom=0.00 mDebye, RMSE_MU_DERIV=0.00 mDebye / A, RMSE_ALPHA_per_atom=    0.14, RMSE_ALPHA_DERIV=    7.95
2025-07-13 14:04:11.579 INFO: Epoch 435: head: Default, loss=0.0029, RMSE_MU_per_atom=0.00 mDebye, RMSE_MU_DERIV=0.00 mDebye / A, RMSE_ALPHA_per_atom=    0.14, RMSE_ALPHA_DERIV=    7.96
2025-07-13 14:05:03.150 INFO: Epoch 436: head: Default, loss=0.0040, RMSE_MU_per_atom=0.00 mDebye, RMSE_MU_DERIV=0.00 mDebye / A, RMSE_ALPHA_per_atom=    0.15, RMSE_ALPHA_DERIV=    8.02
2025-07-13 14:05:54.714 INFO: Epoch 437: head: Default, loss=0.0031, RMSE_MU_per_atom=0.00 mDebye, RMSE_MU_DERIV=0.00 mDebye / A, RMSE_ALPHA_per_atom=    0.14, RMSE_ALPHA_DERIV=    7.95
2025-07-13 14:06:46.286 INFO: Epoch 438: head: Default, loss=0.0036, RMSE_MU_per_atom=0.00 mDebye, RMSE_MU_DERIV=0.00 mDebye / A, RMSE_ALPHA_per_atom=    0.15, RMSE_ALPHA_DERIV=    7.99
2025-07-13 14:07:37.852 INFO: Epoch 439: head: Default, loss=0.0028, RMSE_MU_per_atom=0.00 mDebye, RMSE_MU_DERIV=0.00 mDebye / A, RMSE_ALPHA_per_atom=    0.13, RMSE_ALPHA_DERIV=    7.95
2025-07-13 14:08:29.440 INFO: Epoch 440: head: Default, loss=0.0031, RMSE_MU_per_atom=0.00 mDebye, RMSE_MU_DERIV=0.00 mDebye / A, RMSE_ALPHA_per_atom=    0.14, RMSE_ALPHA_DERIV=    7.98
2025-07-13 14:09:21.032 INFO: Epoch 441: head: Default, loss=0.0030, RMSE_MU_per_atom=0.00 mDebye, RMSE_MU_DERIV=0.00 mDebye / A, RMSE_ALPHA_per_atom=    0.14, RMSE_ALPHA_DERIV=    7.98
2025-07-13 14:10:12.609 INFO: Epoch 442: head: Default, loss=0.0030, RMSE_MU_per_atom=0.00 mDebye, RMSE_MU_DERIV=0.00 mDebye / A, RMSE_ALPHA_per_atom=    0.14, RMSE_ALPHA_DERIV=    7.98
2025-07-13 14:11:04.196 INFO: Epoch 443: head: Default, loss=0.0033, RMSE_MU_per_atom=0.00 mDebye, RMSE_MU_DERIV=0.00 mDebye / A, RMSE_ALPHA_per_atom=    0.14, RMSE_ALPHA_DERIV=    7.99
2025-07-13 14:11:55.765 INFO: Epoch 444: head: Default, loss=0.0030, RMSE_MU_per_atom=0.00 mDebye, RMSE_MU_DERIV=0.00 mDebye / A, RMSE_ALPHA_per_atom=    0.14, RMSE_ALPHA_DERIV=    7.98
2025-07-13 14:12:47.344 INFO: Epoch 445: head: Default, loss=0.0036, RMSE_MU_per_atom=0.00 mDebye, RMSE_MU_DERIV=0.00 mDebye / A, RMSE_ALPHA_per_atom=    0.15, RMSE_ALPHA_DERIV=    7.99
2025-07-13 14:13:38.914 INFO: Epoch 446: head: Default, loss=0.0031, RMSE_MU_per_atom=0.00 mDebye, RMSE_MU_DERIV=0.00 mDebye / A, RMSE_ALPHA_per_atom=    0.14, RMSE_ALPHA_DERIV=    7.98
2025-07-13 14:14:30.499 INFO: Epoch 447: head: Default, loss=0.0032, RMSE_MU_per_atom=0.00 mDebye, RMSE_MU_DERIV=0.00 mDebye / A, RMSE_ALPHA_per_atom=    0.14, RMSE_ALPHA_DERIV=    8.00
2025-07-13 14:15:22.047 INFO: Epoch 448: head: Default, loss=0.0032, RMSE_MU_per_atom=0.00 mDebye, RMSE_MU_DERIV=0.00 mDebye / A, RMSE_ALPHA_per_atom=    0.14, RMSE_ALPHA_DERIV=    8.03
2025-07-13 14:16:13.608 INFO: Epoch 449: head: Default, loss=0.0032, RMSE_MU_per_atom=0.00 mDebye, RMSE_MU_DERIV=0.00 mDebye / A, RMSE_ALPHA_per_atom=    0.14, RMSE_ALPHA_DERIV=    7.98
2025-07-13 14:17:05.173 INFO: Epoch 450: head: Default, loss=0.0039, RMSE_MU_per_atom=0.00 mDebye, RMSE_MU_DERIV=0.00 mDebye / A, RMSE_ALPHA_per_atom=    0.15, RMSE_ALPHA_DERIV=    8.00
2025-07-13 14:17:56.722 INFO: Epoch 451: head: Default, loss=0.0040, RMSE_MU_per_atom=0.00 mDebye, RMSE_MU_DERIV=0.00 mDebye / A, RMSE_ALPHA_per_atom=    0.15, RMSE_ALPHA_DERIV=    8.01
2025-07-13 14:18:48.285 INFO: Epoch 452: head: Default, loss=0.0033, RMSE_MU_per_atom=0.00 mDebye, RMSE_MU_DERIV=0.00 mDebye / A, RMSE_ALPHA_per_atom=    0.14, RMSE_ALPHA_DERIV=    7.99
2025-07-13 14:19:39.845 INFO: Epoch 453: head: Default, loss=0.0038, RMSE_MU_per_atom=0.00 mDebye, RMSE_MU_DERIV=0.00 mDebye / A, RMSE_ALPHA_per_atom=    0.15, RMSE_ALPHA_DERIV=    8.02
2025-07-13 14:20:31.417 INFO: Epoch 454: head: Default, loss=0.0039, RMSE_MU_per_atom=0.00 mDebye, RMSE_MU_DERIV=0.00 mDebye / A, RMSE_ALPHA_per_atom=    0.15, RMSE_ALPHA_DERIV=    8.02
2025-07-13 14:21:23.000 INFO: Epoch 455: head: Default, loss=0.0034, RMSE_MU_per_atom=0.00 mDebye, RMSE_MU_DERIV=0.00 mDebye / A, RMSE_ALPHA_per_atom=    0.14, RMSE_ALPHA_DERIV=    8.01
2025-07-13 14:22:14.571 INFO: Epoch 456: head: Default, loss=0.0031, RMSE_MU_per_atom=0.00 mDebye, RMSE_MU_DERIV=0.00 mDebye / A, RMSE_ALPHA_per_atom=    0.14, RMSE_ALPHA_DERIV=    8.01
2025-07-13 14:23:06.142 INFO: Epoch 457: head: Default, loss=0.0029, RMSE_MU_per_atom=0.00 mDebye, RMSE_MU_DERIV=0.00 mDebye / A, RMSE_ALPHA_per_atom=    0.13, RMSE_ALPHA_DERIV=    7.99
2025-07-13 14:23:57.697 INFO: Epoch 458: head: Default, loss=0.0033, RMSE_MU_per_atom=0.00 mDebye, RMSE_MU_DERIV=0.00 mDebye / A, RMSE_ALPHA_per_atom=    0.14, RMSE_ALPHA_DERIV=    8.01
2025-07-13 14:24:49.261 INFO: Epoch 459: head: Default, loss=0.0030, RMSE_MU_per_atom=0.00 mDebye, RMSE_MU_DERIV=0.00 mDebye / A, RMSE_ALPHA_per_atom=    0.14, RMSE_ALPHA_DERIV=    7.99
2025-07-13 14:25:40.817 INFO: Epoch 460: head: Default, loss=0.0030, RMSE_MU_per_atom=0.00 mDebye, RMSE_MU_DERIV=0.00 mDebye / A, RMSE_ALPHA_per_atom=    0.14, RMSE_ALPHA_DERIV=    7.99
2025-07-13 14:26:32.377 INFO: Epoch 461: head: Default, loss=0.0034, RMSE_MU_per_atom=0.00 mDebye, RMSE_MU_DERIV=0.00 mDebye / A, RMSE_ALPHA_per_atom=    0.14, RMSE_ALPHA_DERIV=    8.00
2025-07-13 14:27:23.934 INFO: Epoch 462: head: Default, loss=0.0032, RMSE_MU_per_atom=0.00 mDebye, RMSE_MU_DERIV=0.00 mDebye / A, RMSE_ALPHA_per_atom=    0.14, RMSE_ALPHA_DERIV=    8.00
2025-07-13 14:28:15.512 INFO: Epoch 463: head: Default, loss=0.0031, RMSE_MU_per_atom=0.00 mDebye, RMSE_MU_DERIV=0.00 mDebye / A, RMSE_ALPHA_per_atom=    0.14, RMSE_ALPHA_DERIV=    8.00
2025-07-13 14:29:07.090 INFO: Epoch 464: head: Default, loss=0.0030, RMSE_MU_per_atom=0.00 mDebye, RMSE_MU_DERIV=0.00 mDebye / A, RMSE_ALPHA_per_atom=    0.13, RMSE_ALPHA_DERIV=    7.99
2025-07-13 14:29:58.667 INFO: Epoch 465: head: Default, loss=0.0032, RMSE_MU_per_atom=0.00 mDebye, RMSE_MU_DERIV=0.00 mDebye / A, RMSE_ALPHA_per_atom=    0.14, RMSE_ALPHA_DERIV=    8.02
2025-07-13 14:30:50.234 INFO: Epoch 466: head: Default, loss=0.0032, RMSE_MU_per_atom=0.00 mDebye, RMSE_MU_DERIV=0.00 mDebye / A, RMSE_ALPHA_per_atom=    0.14, RMSE_ALPHA_DERIV=    8.01
2025-07-13 14:31:41.798 INFO: Epoch 467: head: Default, loss=0.0028, RMSE_MU_per_atom=0.00 mDebye, RMSE_MU_DERIV=0.00 mDebye / A, RMSE_ALPHA_per_atom=    0.13, RMSE_ALPHA_DERIV=    7.98
2025-07-13 14:32:33.353 INFO: Epoch 468: head: Default, loss=0.0035, RMSE_MU_per_atom=0.00 mDebye, RMSE_MU_DERIV=0.00 mDebye / A, RMSE_ALPHA_per_atom=    0.14, RMSE_ALPHA_DERIV=    8.02
2025-07-13 14:33:24.915 INFO: Epoch 469: head: Default, loss=0.0033, RMSE_MU_per_atom=0.00 mDebye, RMSE_MU_DERIV=0.00 mDebye / A, RMSE_ALPHA_per_atom=    0.14, RMSE_ALPHA_DERIV=    8.01
2025-07-13 14:34:16.482 INFO: Epoch 470: head: Default, loss=0.0029, RMSE_MU_per_atom=0.00 mDebye, RMSE_MU_DERIV=0.00 mDebye / A, RMSE_ALPHA_per_atom=    0.14, RMSE_ALPHA_DERIV=    8.00
2025-07-13 14:35:08.041 INFO: Epoch 471: head: Default, loss=0.0034, RMSE_MU_per_atom=0.00 mDebye, RMSE_MU_DERIV=0.00 mDebye / A, RMSE_ALPHA_per_atom=    0.14, RMSE_ALPHA_DERIV=    8.02
2025-07-13 14:35:59.609 INFO: Epoch 472: head: Default, loss=0.0033, RMSE_MU_per_atom=0.00 mDebye, RMSE_MU_DERIV=0.00 mDebye / A, RMSE_ALPHA_per_atom=    0.14, RMSE_ALPHA_DERIV=    8.00
2025-07-13 14:36:51.189 INFO: Epoch 473: head: Default, loss=0.0033, RMSE_MU_per_atom=0.00 mDebye, RMSE_MU_DERIV=0.00 mDebye / A, RMSE_ALPHA_per_atom=    0.14, RMSE_ALPHA_DERIV=    8.02
2025-07-13 14:37:42.752 INFO: Epoch 474: head: Default, loss=0.0033, RMSE_MU_per_atom=0.00 mDebye, RMSE_MU_DERIV=0.00 mDebye / A, RMSE_ALPHA_per_atom=    0.14, RMSE_ALPHA_DERIV=    8.02
2025-07-13 14:38:34.329 INFO: Epoch 475: head: Default, loss=0.0032, RMSE_MU_per_atom=0.00 mDebye, RMSE_MU_DERIV=0.00 mDebye / A, RMSE_ALPHA_per_atom=    0.14, RMSE_ALPHA_DERIV=    8.01
2025-07-13 14:39:25.898 INFO: Epoch 476: head: Default, loss=0.0031, RMSE_MU_per_atom=0.00 mDebye, RMSE_MU_DERIV=0.00 mDebye / A, RMSE_ALPHA_per_atom=    0.14, RMSE_ALPHA_DERIV=    8.01
2025-07-13 14:40:17.466 INFO: Epoch 477: head: Default, loss=0.0033, RMSE_MU_per_atom=0.00 mDebye, RMSE_MU_DERIV=0.00 mDebye / A, RMSE_ALPHA_per_atom=    0.14, RMSE_ALPHA_DERIV=    7.99
2025-07-13 14:41:09.045 INFO: Epoch 478: head: Default, loss=0.0028, RMSE_MU_per_atom=0.00 mDebye, RMSE_MU_DERIV=0.00 mDebye / A, RMSE_ALPHA_per_atom=    0.13, RMSE_ALPHA_DERIV=    7.98
2025-07-13 14:42:00.612 INFO: Epoch 479: head: Default, loss=0.0029, RMSE_MU_per_atom=0.00 mDebye, RMSE_MU_DERIV=0.00 mDebye / A, RMSE_ALPHA_per_atom=    0.13, RMSE_ALPHA_DERIV=    8.00
2025-07-13 14:42:52.185 INFO: Epoch 480: head: Default, loss=0.0029, RMSE_MU_per_atom=0.00 mDebye, RMSE_MU_DERIV=0.00 mDebye / A, RMSE_ALPHA_per_atom=    0.13, RMSE_ALPHA_DERIV=    7.99
2025-07-13 14:43:43.740 INFO: Epoch 481: head: Default, loss=0.0028, RMSE_MU_per_atom=0.00 mDebye, RMSE_MU_DERIV=0.00 mDebye / A, RMSE_ALPHA_per_atom=    0.13, RMSE_ALPHA_DERIV=    7.97
2025-07-13 14:44:35.312 INFO: Epoch 482: head: Default, loss=0.0033, RMSE_MU_per_atom=0.00 mDebye, RMSE_MU_DERIV=0.00 mDebye / A, RMSE_ALPHA_per_atom=    0.14, RMSE_ALPHA_DERIV=    7.99
2025-07-13 14:45:26.878 INFO: Epoch 483: head: Default, loss=0.0030, RMSE_MU_per_atom=0.00 mDebye, RMSE_MU_DERIV=0.00 mDebye / A, RMSE_ALPHA_per_atom=    0.13, RMSE_ALPHA_DERIV=    7.99
2025-07-13 14:46:18.436 INFO: Epoch 484: head: Default, loss=0.0030, RMSE_MU_per_atom=0.00 mDebye, RMSE_MU_DERIV=0.00 mDebye / A, RMSE_ALPHA_per_atom=    0.14, RMSE_ALPHA_DERIV=    7.99
2025-07-13 14:47:10.006 INFO: Epoch 485: head: Default, loss=0.0029, RMSE_MU_per_atom=0.00 mDebye, RMSE_MU_DERIV=0.00 mDebye / A, RMSE_ALPHA_per_atom=    0.14, RMSE_ALPHA_DERIV=    7.96
2025-07-13 14:48:01.587 INFO: Epoch 486: head: Default, loss=0.0033, RMSE_MU_per_atom=0.00 mDebye, RMSE_MU_DERIV=0.00 mDebye / A, RMSE_ALPHA_per_atom=    0.14, RMSE_ALPHA_DERIV=    7.98
2025-07-13 14:48:53.157 INFO: Epoch 487: head: Default, loss=0.0032, RMSE_MU_per_atom=0.00 mDebye, RMSE_MU_DERIV=0.00 mDebye / A, RMSE_ALPHA_per_atom=    0.14, RMSE_ALPHA_DERIV=    7.97
2025-07-13 14:49:44.729 INFO: Epoch 488: head: Default, loss=0.0031, RMSE_MU_per_atom=0.00 mDebye, RMSE_MU_DERIV=0.00 mDebye / A, RMSE_ALPHA_per_atom=    0.14, RMSE_ALPHA_DERIV=    7.97
2025-07-13 14:50:36.289 INFO: Epoch 489: head: Default, loss=0.0028, RMSE_MU_per_atom=0.00 mDebye, RMSE_MU_DERIV=0.00 mDebye / A, RMSE_ALPHA_per_atom=    0.13, RMSE_ALPHA_DERIV=    7.96
2025-07-13 14:51:27.868 INFO: Epoch 490: head: Default, loss=0.0032, RMSE_MU_per_atom=0.00 mDebye, RMSE_MU_DERIV=0.00 mDebye / A, RMSE_ALPHA_per_atom=    0.14, RMSE_ALPHA_DERIV=    7.97
2025-07-13 14:52:19.422 INFO: Epoch 491: head: Default, loss=0.0030, RMSE_MU_per_atom=0.00 mDebye, RMSE_MU_DERIV=0.00 mDebye / A, RMSE_ALPHA_per_atom=    0.14, RMSE_ALPHA_DERIV=    7.98
2025-07-13 14:53:10.996 INFO: Epoch 492: head: Default, loss=0.0032, RMSE_MU_per_atom=0.00 mDebye, RMSE_MU_DERIV=0.00 mDebye / A, RMSE_ALPHA_per_atom=    0.14, RMSE_ALPHA_DERIV=    7.98
2025-07-13 14:54:02.560 INFO: Epoch 493: head: Default, loss=0.0035, RMSE_MU_per_atom=0.00 mDebye, RMSE_MU_DERIV=0.00 mDebye / A, RMSE_ALPHA_per_atom=    0.14, RMSE_ALPHA_DERIV=    7.99
2025-07-13 14:54:54.133 INFO: Epoch 494: head: Default, loss=0.0031, RMSE_MU_per_atom=0.00 mDebye, RMSE_MU_DERIV=0.00 mDebye / A, RMSE_ALPHA_per_atom=    0.14, RMSE_ALPHA_DERIV=    7.98
2025-07-13 14:55:45.701 INFO: Epoch 495: head: Default, loss=0.0033, RMSE_MU_per_atom=0.00 mDebye, RMSE_MU_DERIV=0.00 mDebye / A, RMSE_ALPHA_per_atom=    0.14, RMSE_ALPHA_DERIV=    7.99
2025-07-13 14:56:37.264 INFO: Epoch 496: head: Default, loss=0.0035, RMSE_MU_per_atom=0.00 mDebye, RMSE_MU_DERIV=0.00 mDebye / A, RMSE_ALPHA_per_atom=    0.14, RMSE_ALPHA_DERIV=    7.99
2025-07-13 14:57:28.835 INFO: Epoch 497: head: Default, loss=0.0030, RMSE_MU_per_atom=0.00 mDebye, RMSE_MU_DERIV=0.00 mDebye / A, RMSE_ALPHA_per_atom=    0.14, RMSE_ALPHA_DERIV=    7.98
2025-07-13 14:58:20.402 INFO: Epoch 498: head: Default, loss=0.0033, RMSE_MU_per_atom=0.00 mDebye, RMSE_MU_DERIV=0.00 mDebye / A, RMSE_ALPHA_per_atom=    0.14, RMSE_ALPHA_DERIV=    7.98
2025-07-13 14:59:11.976 INFO: Epoch 499: head: Default, loss=0.0034, RMSE_MU_per_atom=0.00 mDebye, RMSE_MU_DERIV=0.00 mDebye / A, RMSE_ALPHA_per_atom=    0.14, RMSE_ALPHA_DERIV=    7.99
2025-07-13 15:00:03.535 INFO: Epoch 500: head: Default, loss=0.0031, RMSE_MU_per_atom=0.00 mDebye, RMSE_MU_DERIV=0.00 mDebye / A, RMSE_ALPHA_per_atom=    0.14, RMSE_ALPHA_DERIV=    7.98
2025-07-13 15:00:55.089 INFO: Epoch 501: head: Default, loss=0.0028, RMSE_MU_per_atom=0.00 mDebye, RMSE_MU_DERIV=0.00 mDebye / A, RMSE_ALPHA_per_atom=    0.13, RMSE_ALPHA_DERIV=    7.96
2025-07-13 15:01:46.662 INFO: Epoch 502: head: Default, loss=0.0029, RMSE_MU_per_atom=0.00 mDebye, RMSE_MU_DERIV=0.00 mDebye / A, RMSE_ALPHA_per_atom=    0.13, RMSE_ALPHA_DERIV=    7.99
2025-07-13 15:02:38.214 INFO: Epoch 503: head: Default, loss=0.0035, RMSE_MU_per_atom=0.00 mDebye, RMSE_MU_DERIV=0.00 mDebye / A, RMSE_ALPHA_per_atom=    0.14, RMSE_ALPHA_DERIV=    8.00
2025-07-13 15:03:29.779 INFO: Epoch 504: head: Default, loss=0.0029, RMSE_MU_per_atom=0.00 mDebye, RMSE_MU_DERIV=0.00 mDebye / A, RMSE_ALPHA_per_atom=    0.13, RMSE_ALPHA_DERIV=    7.98
2025-07-13 15:04:21.350 INFO: Epoch 505: head: Default, loss=0.0032, RMSE_MU_per_atom=0.00 mDebye, RMSE_MU_DERIV=0.00 mDebye / A, RMSE_ALPHA_per_atom=    0.14, RMSE_ALPHA_DERIV=    7.98
2025-07-13 15:05:12.914 INFO: Epoch 506: head: Default, loss=0.0034, RMSE_MU_per_atom=0.00 mDebye, RMSE_MU_DERIV=0.00 mDebye / A, RMSE_ALPHA_per_atom=    0.14, RMSE_ALPHA_DERIV=    7.99
2025-07-13 15:06:04.488 INFO: Epoch 507: head: Default, loss=0.0033, RMSE_MU_per_atom=0.00 mDebye, RMSE_MU_DERIV=0.00 mDebye / A, RMSE_ALPHA_per_atom=    0.14, RMSE_ALPHA_DERIV=    7.98
2025-07-13 15:06:56.062 INFO: Epoch 508: head: Default, loss=0.0034, RMSE_MU_per_atom=0.00 mDebye, RMSE_MU_DERIV=0.00 mDebye / A, RMSE_ALPHA_per_atom=    0.14, RMSE_ALPHA_DERIV=    7.99
2025-07-13 15:07:47.635 INFO: Epoch 509: head: Default, loss=0.0028, RMSE_MU_per_atom=0.00 mDebye, RMSE_MU_DERIV=0.00 mDebye / A, RMSE_ALPHA_per_atom=    0.13, RMSE_ALPHA_DERIV=    7.97
2025-07-13 15:08:39.216 INFO: Epoch 510: head: Default, loss=0.0031, RMSE_MU_per_atom=0.00 mDebye, RMSE_MU_DERIV=0.00 mDebye / A, RMSE_ALPHA_per_atom=    0.14, RMSE_ALPHA_DERIV=    7.98
2025-07-13 15:09:30.764 INFO: Epoch 511: head: Default, loss=0.0029, RMSE_MU_per_atom=0.00 mDebye, RMSE_MU_DERIV=0.00 mDebye / A, RMSE_ALPHA_per_atom=    0.13, RMSE_ALPHA_DERIV=    7.97
2025-07-13 15:10:22.338 INFO: Epoch 512: head: Default, loss=0.0034, RMSE_MU_per_atom=0.00 mDebye, RMSE_MU_DERIV=0.00 mDebye / A, RMSE_ALPHA_per_atom=    0.14, RMSE_ALPHA_DERIV=    8.00
2025-07-13 15:11:13.914 INFO: Epoch 513: head: Default, loss=0.0033, RMSE_MU_per_atom=0.00 mDebye, RMSE_MU_DERIV=0.00 mDebye / A, RMSE_ALPHA_per_atom=    0.14, RMSE_ALPHA_DERIV=    8.01
2025-07-13 15:12:05.494 INFO: Epoch 514: head: Default, loss=0.0027, RMSE_MU_per_atom=0.00 mDebye, RMSE_MU_DERIV=0.00 mDebye / A, RMSE_ALPHA_per_atom=    0.13, RMSE_ALPHA_DERIV=    7.99
2025-07-13 15:12:57.074 INFO: Epoch 515: head: Default, loss=0.0032, RMSE_MU_per_atom=0.00 mDebye, RMSE_MU_DERIV=0.00 mDebye / A, RMSE_ALPHA_per_atom=    0.14, RMSE_ALPHA_DERIV=    8.00
2025-07-13 15:13:48.631 INFO: Epoch 516: head: Default, loss=0.0033, RMSE_MU_per_atom=0.00 mDebye, RMSE_MU_DERIV=0.00 mDebye / A, RMSE_ALPHA_per_atom=    0.14, RMSE_ALPHA_DERIV=    7.99
2025-07-13 15:14:40.218 INFO: Epoch 517: head: Default, loss=0.0027, RMSE_MU_per_atom=0.00 mDebye, RMSE_MU_DERIV=0.00 mDebye / A, RMSE_ALPHA_per_atom=    0.13, RMSE_ALPHA_DERIV=    7.99
2025-07-13 15:15:31.782 INFO: Epoch 518: head: Default, loss=0.0028, RMSE_MU_per_atom=0.00 mDebye, RMSE_MU_DERIV=0.00 mDebye / A, RMSE_ALPHA_per_atom=    0.13, RMSE_ALPHA_DERIV=    7.98
2025-07-13 15:16:23.343 INFO: Epoch 519: head: Default, loss=0.0034, RMSE_MU_per_atom=0.00 mDebye, RMSE_MU_DERIV=0.00 mDebye / A, RMSE_ALPHA_per_atom=    0.14, RMSE_ALPHA_DERIV=    8.01
2025-07-13 15:17:14.927 INFO: Epoch 520: head: Default, loss=0.0030, RMSE_MU_per_atom=0.00 mDebye, RMSE_MU_DERIV=0.00 mDebye / A, RMSE_ALPHA_per_atom=    0.13, RMSE_ALPHA_DERIV=    8.00
2025-07-13 15:18:06.498 INFO: Epoch 521: head: Default, loss=0.0032, RMSE_MU_per_atom=0.00 mDebye, RMSE_MU_DERIV=0.00 mDebye / A, RMSE_ALPHA_per_atom=    0.14, RMSE_ALPHA_DERIV=    7.98
2025-07-13 15:18:58.072 INFO: Epoch 522: head: Default, loss=0.0031, RMSE_MU_per_atom=0.00 mDebye, RMSE_MU_DERIV=0.00 mDebye / A, RMSE_ALPHA_per_atom=    0.14, RMSE_ALPHA_DERIV=    7.98
2025-07-13 15:19:49.650 INFO: Epoch 523: head: Default, loss=0.0035, RMSE_MU_per_atom=0.00 mDebye, RMSE_MU_DERIV=0.00 mDebye / A, RMSE_ALPHA_per_atom=    0.14, RMSE_ALPHA_DERIV=    8.00
2025-07-13 15:20:41.219 INFO: Epoch 524: head: Default, loss=0.0037, RMSE_MU_per_atom=0.00 mDebye, RMSE_MU_DERIV=0.00 mDebye / A, RMSE_ALPHA_per_atom=    0.15, RMSE_ALPHA_DERIV=    7.99
2025-07-13 15:21:32.783 INFO: Epoch 525: head: Default, loss=0.0028, RMSE_MU_per_atom=0.00 mDebye, RMSE_MU_DERIV=0.00 mDebye / A, RMSE_ALPHA_per_atom=    0.13, RMSE_ALPHA_DERIV=    7.97
2025-07-13 15:22:24.358 INFO: Epoch 526: head: Default, loss=0.0029, RMSE_MU_per_atom=0.00 mDebye, RMSE_MU_DERIV=0.00 mDebye / A, RMSE_ALPHA_per_atom=    0.14, RMSE_ALPHA_DERIV=    7.98
2025-07-13 15:23:15.921 INFO: Epoch 527: head: Default, loss=0.0030, RMSE_MU_per_atom=0.00 mDebye, RMSE_MU_DERIV=0.00 mDebye / A, RMSE_ALPHA_per_atom=    0.14, RMSE_ALPHA_DERIV=    8.00
2025-07-13 15:24:07.501 INFO: Epoch 528: head: Default, loss=0.0028, RMSE_MU_per_atom=0.00 mDebye, RMSE_MU_DERIV=0.00 mDebye / A, RMSE_ALPHA_per_atom=    0.13, RMSE_ALPHA_DERIV=    7.99
2025-07-13 15:24:59.086 INFO: Epoch 529: head: Default, loss=0.0031, RMSE_MU_per_atom=0.00 mDebye, RMSE_MU_DERIV=0.00 mDebye / A, RMSE_ALPHA_per_atom=    0.14, RMSE_ALPHA_DERIV=    8.01
2025-07-13 15:25:50.639 INFO: Epoch 530: head: Default, loss=0.0031, RMSE_MU_per_atom=0.00 mDebye, RMSE_MU_DERIV=0.00 mDebye / A, RMSE_ALPHA_per_atom=    0.14, RMSE_ALPHA_DERIV=    8.00
2025-07-13 15:26:42.196 INFO: Epoch 531: head: Default, loss=0.0033, RMSE_MU_per_atom=0.00 mDebye, RMSE_MU_DERIV=0.00 mDebye / A, RMSE_ALPHA_per_atom=    0.14, RMSE_ALPHA_DERIV=    7.99
2025-07-13 15:27:33.758 INFO: Epoch 532: head: Default, loss=0.0033, RMSE_MU_per_atom=0.00 mDebye, RMSE_MU_DERIV=0.00 mDebye / A, RMSE_ALPHA_per_atom=    0.14, RMSE_ALPHA_DERIV=    7.99
2025-07-13 15:28:25.321 INFO: Epoch 533: head: Default, loss=0.0030, RMSE_MU_per_atom=0.00 mDebye, RMSE_MU_DERIV=0.00 mDebye / A, RMSE_ALPHA_per_atom=    0.13, RMSE_ALPHA_DERIV=    7.98
2025-07-13 15:29:16.888 INFO: Epoch 534: head: Default, loss=0.0029, RMSE_MU_per_atom=0.00 mDebye, RMSE_MU_DERIV=0.00 mDebye / A, RMSE_ALPHA_per_atom=    0.13, RMSE_ALPHA_DERIV=    7.99
2025-07-13 15:30:08.461 INFO: Epoch 535: head: Default, loss=0.0029, RMSE_MU_per_atom=0.00 mDebye, RMSE_MU_DERIV=0.00 mDebye / A, RMSE_ALPHA_per_atom=    0.13, RMSE_ALPHA_DERIV=    7.98
2025-07-13 15:31:00.021 INFO: Epoch 536: head: Default, loss=0.0037, RMSE_MU_per_atom=0.00 mDebye, RMSE_MU_DERIV=0.00 mDebye / A, RMSE_ALPHA_per_atom=    0.15, RMSE_ALPHA_DERIV=    8.02
2025-07-13 15:31:51.592 INFO: Epoch 537: head: Default, loss=0.0034, RMSE_MU_per_atom=0.00 mDebye, RMSE_MU_DERIV=0.00 mDebye / A, RMSE_ALPHA_per_atom=    0.14, RMSE_ALPHA_DERIV=    8.00
2025-07-13 15:32:43.159 INFO: Epoch 538: head: Default, loss=0.0034, RMSE_MU_per_atom=0.00 mDebye, RMSE_MU_DERIV=0.00 mDebye / A, RMSE_ALPHA_per_atom=    0.14, RMSE_ALPHA_DERIV=    8.02
2025-07-13 15:33:34.715 INFO: Epoch 539: head: Default, loss=0.0031, RMSE_MU_per_atom=0.00 mDebye, RMSE_MU_DERIV=0.00 mDebye / A, RMSE_ALPHA_per_atom=    0.14, RMSE_ALPHA_DERIV=    8.00
2025-07-13 15:34:26.282 INFO: Epoch 540: head: Default, loss=0.0029, RMSE_MU_per_atom=0.00 mDebye, RMSE_MU_DERIV=0.00 mDebye / A, RMSE_ALPHA_per_atom=    0.13, RMSE_ALPHA_DERIV=    7.98
2025-07-13 15:35:17.850 INFO: Epoch 541: head: Default, loss=0.0027, RMSE_MU_per_atom=0.00 mDebye, RMSE_MU_DERIV=0.00 mDebye / A, RMSE_ALPHA_per_atom=    0.13, RMSE_ALPHA_DERIV=    7.98
2025-07-13 15:36:09.404 INFO: Epoch 542: head: Default, loss=0.0028, RMSE_MU_per_atom=0.00 mDebye, RMSE_MU_DERIV=0.00 mDebye / A, RMSE_ALPHA_per_atom=    0.13, RMSE_ALPHA_DERIV=    7.99
2025-07-13 15:37:01.007 INFO: Epoch 543: head: Default, loss=0.0031, RMSE_MU_per_atom=0.00 mDebye, RMSE_MU_DERIV=0.00 mDebye / A, RMSE_ALPHA_per_atom=    0.14, RMSE_ALPHA_DERIV=    7.99
2025-07-13 15:37:52.581 INFO: Epoch 544: head: Default, loss=0.0032, RMSE_MU_per_atom=0.00 mDebye, RMSE_MU_DERIV=0.00 mDebye / A, RMSE_ALPHA_per_atom=    0.14, RMSE_ALPHA_DERIV=    8.01
2025-07-13 15:38:44.156 INFO: Epoch 545: head: Default, loss=0.0035, RMSE_MU_per_atom=0.00 mDebye, RMSE_MU_DERIV=0.00 mDebye / A, RMSE_ALPHA_per_atom=    0.14, RMSE_ALPHA_DERIV=    8.01
2025-07-13 15:39:35.732 INFO: Epoch 546: head: Default, loss=0.0030, RMSE_MU_per_atom=0.00 mDebye, RMSE_MU_DERIV=0.00 mDebye / A, RMSE_ALPHA_per_atom=    0.13, RMSE_ALPHA_DERIV=    8.00
2025-07-13 15:40:27.302 INFO: Epoch 547: head: Default, loss=0.0033, RMSE_MU_per_atom=0.00 mDebye, RMSE_MU_DERIV=0.00 mDebye / A, RMSE_ALPHA_per_atom=    0.14, RMSE_ALPHA_DERIV=    8.01
2025-07-13 15:41:18.866 INFO: Epoch 548: head: Default, loss=0.0026, RMSE_MU_per_atom=0.00 mDebye, RMSE_MU_DERIV=0.00 mDebye / A, RMSE_ALPHA_per_atom=    0.13, RMSE_ALPHA_DERIV=    7.99
2025-07-13 15:42:10.420 INFO: Epoch 549: head: Default, loss=0.0030, RMSE_MU_per_atom=0.00 mDebye, RMSE_MU_DERIV=0.00 mDebye / A, RMSE_ALPHA_per_atom=    0.14, RMSE_ALPHA_DERIV=    7.99
2025-07-13 15:43:01.996 INFO: Epoch 550: head: Default, loss=0.0031, RMSE_MU_per_atom=0.00 mDebye, RMSE_MU_DERIV=0.00 mDebye / A, RMSE_ALPHA_per_atom=    0.14, RMSE_ALPHA_DERIV=    8.01
2025-07-13 15:43:53.576 INFO: Epoch 551: head: Default, loss=0.0030, RMSE_MU_per_atom=0.00 mDebye, RMSE_MU_DERIV=0.00 mDebye / A, RMSE_ALPHA_per_atom=    0.14, RMSE_ALPHA_DERIV=    8.00
2025-07-13 15:44:45.161 INFO: Epoch 552: head: Default, loss=0.0029, RMSE_MU_per_atom=0.00 mDebye, RMSE_MU_DERIV=0.00 mDebye / A, RMSE_ALPHA_per_atom=    0.13, RMSE_ALPHA_DERIV=    7.99
2025-07-13 15:45:36.742 INFO: Epoch 553: head: Default, loss=0.0033, RMSE_MU_per_atom=0.00 mDebye, RMSE_MU_DERIV=0.00 mDebye / A, RMSE_ALPHA_per_atom=    0.14, RMSE_ALPHA_DERIV=    8.01
2025-07-13 15:46:28.301 INFO: Epoch 554: head: Default, loss=0.0033, RMSE_MU_per_atom=0.00 mDebye, RMSE_MU_DERIV=0.00 mDebye / A, RMSE_ALPHA_per_atom=    0.14, RMSE_ALPHA_DERIV=    8.00
2025-07-13 15:47:19.856 INFO: Epoch 555: head: Default, loss=0.0031, RMSE_MU_per_atom=0.00 mDebye, RMSE_MU_DERIV=0.00 mDebye / A, RMSE_ALPHA_per_atom=    0.14, RMSE_ALPHA_DERIV=    8.00
2025-07-13 15:48:11.435 INFO: Epoch 556: head: Default, loss=0.0033, RMSE_MU_per_atom=0.00 mDebye, RMSE_MU_DERIV=0.00 mDebye / A, RMSE_ALPHA_per_atom=    0.14, RMSE_ALPHA_DERIV=    8.01
2025-07-13 15:49:02.997 INFO: Epoch 557: head: Default, loss=0.0029, RMSE_MU_per_atom=0.00 mDebye, RMSE_MU_DERIV=0.00 mDebye / A, RMSE_ALPHA_per_atom=    0.13, RMSE_ALPHA_DERIV=    8.00
2025-07-13 15:49:54.566 INFO: Epoch 558: head: Default, loss=0.0031, RMSE_MU_per_atom=0.00 mDebye, RMSE_MU_DERIV=0.00 mDebye / A, RMSE_ALPHA_per_atom=    0.14, RMSE_ALPHA_DERIV=    8.00
2025-07-13 15:50:46.135 INFO: Epoch 559: head: Default, loss=0.0031, RMSE_MU_per_atom=0.00 mDebye, RMSE_MU_DERIV=0.00 mDebye / A, RMSE_ALPHA_per_atom=    0.14, RMSE_ALPHA_DERIV=    8.01
2025-07-13 15:51:37.700 INFO: Epoch 560: head: Default, loss=0.0033, RMSE_MU_per_atom=0.00 mDebye, RMSE_MU_DERIV=0.00 mDebye / A, RMSE_ALPHA_per_atom=    0.14, RMSE_ALPHA_DERIV=    8.01
2025-07-13 15:52:29.268 INFO: Epoch 561: head: Default, loss=0.0029, RMSE_MU_per_atom=0.00 mDebye, RMSE_MU_DERIV=0.00 mDebye / A, RMSE_ALPHA_per_atom=    0.13, RMSE_ALPHA_DERIV=    7.98
2025-07-13 15:53:20.844 INFO: Epoch 562: head: Default, loss=0.0033, RMSE_MU_per_atom=0.00 mDebye, RMSE_MU_DERIV=0.00 mDebye / A, RMSE_ALPHA_per_atom=    0.14, RMSE_ALPHA_DERIV=    7.99
2025-07-13 15:54:12.402 INFO: Epoch 563: head: Default, loss=0.0029, RMSE_MU_per_atom=0.00 mDebye, RMSE_MU_DERIV=0.00 mDebye / A, RMSE_ALPHA_per_atom=    0.13, RMSE_ALPHA_DERIV=    7.99
2025-07-13 15:55:03.972 INFO: Epoch 564: head: Default, loss=0.0033, RMSE_MU_per_atom=0.00 mDebye, RMSE_MU_DERIV=0.00 mDebye / A, RMSE_ALPHA_per_atom=    0.14, RMSE_ALPHA_DERIV=    8.00
2025-07-13 15:55:55.540 INFO: Epoch 565: head: Default, loss=0.0032, RMSE_MU_per_atom=0.00 mDebye, RMSE_MU_DERIV=0.00 mDebye / A, RMSE_ALPHA_per_atom=    0.14, RMSE_ALPHA_DERIV=    8.01
2025-07-13 15:56:47.092 INFO: Epoch 566: head: Default, loss=0.0031, RMSE_MU_per_atom=0.00 mDebye, RMSE_MU_DERIV=0.00 mDebye / A, RMSE_ALPHA_per_atom=    0.14, RMSE_ALPHA_DERIV=    8.00
2025-07-13 15:57:38.671 INFO: Epoch 567: head: Default, loss=0.0033, RMSE_MU_per_atom=0.00 mDebye, RMSE_MU_DERIV=0.00 mDebye / A, RMSE_ALPHA_per_atom=    0.14, RMSE_ALPHA_DERIV=    8.01
2025-07-13 15:58:30.238 INFO: Epoch 568: head: Default, loss=0.0031, RMSE_MU_per_atom=0.00 mDebye, RMSE_MU_DERIV=0.00 mDebye / A, RMSE_ALPHA_per_atom=    0.14, RMSE_ALPHA_DERIV=    8.00
2025-07-13 15:59:21.784 INFO: Epoch 569: head: Default, loss=0.0029, RMSE_MU_per_atom=0.00 mDebye, RMSE_MU_DERIV=0.00 mDebye / A, RMSE_ALPHA_per_atom=    0.13, RMSE_ALPHA_DERIV=    7.99
2025-07-13 16:00:13.341 INFO: Epoch 570: head: Default, loss=0.0030, RMSE_MU_per_atom=0.00 mDebye, RMSE_MU_DERIV=0.00 mDebye / A, RMSE_ALPHA_per_atom=    0.14, RMSE_ALPHA_DERIV=    7.99
2025-07-13 16:01:04.913 INFO: Epoch 571: head: Default, loss=0.0029, RMSE_MU_per_atom=0.00 mDebye, RMSE_MU_DERIV=0.00 mDebye / A, RMSE_ALPHA_per_atom=    0.13, RMSE_ALPHA_DERIV=    7.99
2025-07-13 16:01:56.465 INFO: Epoch 572: head: Default, loss=0.0031, RMSE_MU_per_atom=0.00 mDebye, RMSE_MU_DERIV=0.00 mDebye / A, RMSE_ALPHA_per_atom=    0.14, RMSE_ALPHA_DERIV=    8.00
2025-07-13 16:02:48.039 INFO: Epoch 573: head: Default, loss=0.0030, RMSE_MU_per_atom=0.00 mDebye, RMSE_MU_DERIV=0.00 mDebye / A, RMSE_ALPHA_per_atom=    0.13, RMSE_ALPHA_DERIV=    8.00
2025-07-13 16:03:39.599 INFO: Epoch 574: head: Default, loss=0.0029, RMSE_MU_per_atom=0.00 mDebye, RMSE_MU_DERIV=0.00 mDebye / A, RMSE_ALPHA_per_atom=    0.13, RMSE_ALPHA_DERIV=    8.00
2025-07-13 16:04:31.160 INFO: Epoch 575: head: Default, loss=0.0028, RMSE_MU_per_atom=0.00 mDebye, RMSE_MU_DERIV=0.00 mDebye / A, RMSE_ALPHA_per_atom=    0.13, RMSE_ALPHA_DERIV=    8.00
2025-07-13 16:05:22.727 INFO: Epoch 576: head: Default, loss=0.0034, RMSE_MU_per_atom=0.00 mDebye, RMSE_MU_DERIV=0.00 mDebye / A, RMSE_ALPHA_per_atom=    0.14, RMSE_ALPHA_DERIV=    8.04
2025-07-13 16:06:14.292 INFO: Epoch 577: head: Default, loss=0.0032, RMSE_MU_per_atom=0.00 mDebye, RMSE_MU_DERIV=0.00 mDebye / A, RMSE_ALPHA_per_atom=    0.14, RMSE_ALPHA_DERIV=    8.01
2025-07-13 16:07:05.850 INFO: Epoch 578: head: Default, loss=0.0034, RMSE_MU_per_atom=0.00 mDebye, RMSE_MU_DERIV=0.00 mDebye / A, RMSE_ALPHA_per_atom=    0.14, RMSE_ALPHA_DERIV=    8.01
2025-07-13 16:07:57.399 INFO: Epoch 579: head: Default, loss=0.0033, RMSE_MU_per_atom=0.00 mDebye, RMSE_MU_DERIV=0.00 mDebye / A, RMSE_ALPHA_per_atom=    0.14, RMSE_ALPHA_DERIV=    8.01
2025-07-13 16:08:48.973 INFO: Epoch 580: head: Default, loss=0.0031, RMSE_MU_per_atom=0.00 mDebye, RMSE_MU_DERIV=0.00 mDebye / A, RMSE_ALPHA_per_atom=    0.14, RMSE_ALPHA_DERIV=    8.00
2025-07-13 16:09:40.549 INFO: Epoch 581: head: Default, loss=0.0033, RMSE_MU_per_atom=0.00 mDebye, RMSE_MU_DERIV=0.00 mDebye / A, RMSE_ALPHA_per_atom=    0.14, RMSE_ALPHA_DERIV=    8.01
2025-07-13 16:10:32.109 INFO: Epoch 582: head: Default, loss=0.0031, RMSE_MU_per_atom=0.00 mDebye, RMSE_MU_DERIV=0.00 mDebye / A, RMSE_ALPHA_per_atom=    0.14, RMSE_ALPHA_DERIV=    8.02
2025-07-13 16:11:23.667 INFO: Epoch 583: head: Default, loss=0.0033, RMSE_MU_per_atom=0.00 mDebye, RMSE_MU_DERIV=0.00 mDebye / A, RMSE_ALPHA_per_atom=    0.14, RMSE_ALPHA_DERIV=    8.01
2025-07-13 16:12:15.224 INFO: Epoch 584: head: Default, loss=0.0034, RMSE_MU_per_atom=0.00 mDebye, RMSE_MU_DERIV=0.00 mDebye / A, RMSE_ALPHA_per_atom=    0.14, RMSE_ALPHA_DERIV=    8.01
2025-07-13 16:13:06.811 INFO: Epoch 585: head: Default, loss=0.0033, RMSE_MU_per_atom=0.00 mDebye, RMSE_MU_DERIV=0.00 mDebye / A, RMSE_ALPHA_per_atom=    0.14, RMSE_ALPHA_DERIV=    8.00
2025-07-13 16:13:58.376 INFO: Epoch 586: head: Default, loss=0.0031, RMSE_MU_per_atom=0.00 mDebye, RMSE_MU_DERIV=0.00 mDebye / A, RMSE_ALPHA_per_atom=    0.14, RMSE_ALPHA_DERIV=    8.01
2025-07-13 16:14:49.942 INFO: Epoch 587: head: Default, loss=0.0033, RMSE_MU_per_atom=0.00 mDebye, RMSE_MU_DERIV=0.00 mDebye / A, RMSE_ALPHA_per_atom=    0.14, RMSE_ALPHA_DERIV=    8.01
2025-07-13 16:15:41.509 INFO: Epoch 588: head: Default, loss=0.0029, RMSE_MU_per_atom=0.00 mDebye, RMSE_MU_DERIV=0.00 mDebye / A, RMSE_ALPHA_per_atom=    0.13, RMSE_ALPHA_DERIV=    8.00
2025-07-13 16:16:33.066 INFO: Epoch 589: head: Default, loss=0.0033, RMSE_MU_per_atom=0.00 mDebye, RMSE_MU_DERIV=0.00 mDebye / A, RMSE_ALPHA_per_atom=    0.14, RMSE_ALPHA_DERIV=    8.01
2025-07-13 16:17:24.640 INFO: Epoch 590: head: Default, loss=0.0032, RMSE_MU_per_atom=0.00 mDebye, RMSE_MU_DERIV=0.00 mDebye / A, RMSE_ALPHA_per_atom=    0.14, RMSE_ALPHA_DERIV=    8.00
2025-07-13 16:18:16.207 INFO: Epoch 591: head: Default, loss=0.0032, RMSE_MU_per_atom=0.00 mDebye, RMSE_MU_DERIV=0.00 mDebye / A, RMSE_ALPHA_per_atom=    0.14, RMSE_ALPHA_DERIV=    8.01
2025-07-13 16:19:07.784 INFO: Epoch 592: head: Default, loss=0.0031, RMSE_MU_per_atom=0.00 mDebye, RMSE_MU_DERIV=0.00 mDebye / A, RMSE_ALPHA_per_atom=    0.14, RMSE_ALPHA_DERIV=    8.00
2025-07-13 16:19:59.333 INFO: Epoch 593: head: Default, loss=0.0031, RMSE_MU_per_atom=0.00 mDebye, RMSE_MU_DERIV=0.00 mDebye / A, RMSE_ALPHA_per_atom=    0.14, RMSE_ALPHA_DERIV=    7.99
2025-07-13 16:20:50.909 INFO: Epoch 594: head: Default, loss=0.0031, RMSE_MU_per_atom=0.00 mDebye, RMSE_MU_DERIV=0.00 mDebye / A, RMSE_ALPHA_per_atom=    0.14, RMSE_ALPHA_DERIV=    7.99
2025-07-13 16:21:42.479 INFO: Epoch 595: head: Default, loss=0.0029, RMSE_MU_per_atom=0.00 mDebye, RMSE_MU_DERIV=0.00 mDebye / A, RMSE_ALPHA_per_atom=    0.13, RMSE_ALPHA_DERIV=    7.99
2025-07-13 16:22:34.031 INFO: Epoch 596: head: Default, loss=0.0031, RMSE_MU_per_atom=0.00 mDebye, RMSE_MU_DERIV=0.00 mDebye / A, RMSE_ALPHA_per_atom=    0.14, RMSE_ALPHA_DERIV=    8.00
2025-07-13 16:23:25.601 INFO: Epoch 597: head: Default, loss=0.0033, RMSE_MU_per_atom=0.00 mDebye, RMSE_MU_DERIV=0.00 mDebye / A, RMSE_ALPHA_per_atom=    0.14, RMSE_ALPHA_DERIV=    8.01
2025-07-13 16:24:17.158 INFO: Epoch 598: head: Default, loss=0.0032, RMSE_MU_per_atom=0.00 mDebye, RMSE_MU_DERIV=0.00 mDebye / A, RMSE_ALPHA_per_atom=    0.14, RMSE_ALPHA_DERIV=    8.00
2025-07-13 16:25:08.718 INFO: Epoch 599: head: Default, loss=0.0034, RMSE_MU_per_atom=0.00 mDebye, RMSE_MU_DERIV=0.00 mDebye / A, RMSE_ALPHA_per_atom=    0.14, RMSE_ALPHA_DERIV=    8.02
2025-07-13 16:26:00.281 INFO: Epoch 600: head: Default, loss=0.0029, RMSE_MU_per_atom=0.00 mDebye, RMSE_MU_DERIV=0.00 mDebye / A, RMSE_ALPHA_per_atom=    0.13, RMSE_ALPHA_DERIV=    8.00
2025-07-13 16:26:51.849 INFO: Epoch 601: head: Default, loss=0.0031, RMSE_MU_per_atom=0.00 mDebye, RMSE_MU_DERIV=0.00 mDebye / A, RMSE_ALPHA_per_atom=    0.14, RMSE_ALPHA_DERIV=    8.00
2025-07-13 16:27:43.420 INFO: Epoch 602: head: Default, loss=0.0029, RMSE_MU_per_atom=0.00 mDebye, RMSE_MU_DERIV=0.00 mDebye / A, RMSE_ALPHA_per_atom=    0.13, RMSE_ALPHA_DERIV=    8.00
2025-07-13 16:28:34.979 INFO: Epoch 603: head: Default, loss=0.0034, RMSE_MU_per_atom=0.00 mDebye, RMSE_MU_DERIV=0.00 mDebye / A, RMSE_ALPHA_per_atom=    0.14, RMSE_ALPHA_DERIV=    8.02
2025-07-13 16:29:26.536 INFO: Epoch 604: head: Default, loss=0.0031, RMSE_MU_per_atom=0.00 mDebye, RMSE_MU_DERIV=0.00 mDebye / A, RMSE_ALPHA_per_atom=    0.14, RMSE_ALPHA_DERIV=    8.01
2025-07-13 16:30:18.111 INFO: Epoch 605: head: Default, loss=0.0035, RMSE_MU_per_atom=0.00 mDebye, RMSE_MU_DERIV=0.00 mDebye / A, RMSE_ALPHA_per_atom=    0.14, RMSE_ALPHA_DERIV=    8.03
2025-07-13 16:31:09.681 INFO: Epoch 606: head: Default, loss=0.0029, RMSE_MU_per_atom=0.00 mDebye, RMSE_MU_DERIV=0.00 mDebye / A, RMSE_ALPHA_per_atom=    0.13, RMSE_ALPHA_DERIV=    8.00
2025-07-13 16:32:01.233 INFO: Epoch 607: head: Default, loss=0.0032, RMSE_MU_per_atom=0.00 mDebye, RMSE_MU_DERIV=0.00 mDebye / A, RMSE_ALPHA_per_atom=    0.14, RMSE_ALPHA_DERIV=    8.01
2025-07-13 16:32:52.798 INFO: Epoch 608: head: Default, loss=0.0034, RMSE_MU_per_atom=0.00 mDebye, RMSE_MU_DERIV=0.00 mDebye / A, RMSE_ALPHA_per_atom=    0.14, RMSE_ALPHA_DERIV=    8.01
2025-07-13 16:33:44.365 INFO: Epoch 609: head: Default, loss=0.0032, RMSE_MU_per_atom=0.00 mDebye, RMSE_MU_DERIV=0.00 mDebye / A, RMSE_ALPHA_per_atom=    0.14, RMSE_ALPHA_DERIV=    8.02
2025-07-13 16:34:35.939 INFO: Epoch 610: head: Default, loss=0.0032, RMSE_MU_per_atom=0.00 mDebye, RMSE_MU_DERIV=0.00 mDebye / A, RMSE_ALPHA_per_atom=    0.14, RMSE_ALPHA_DERIV=    8.01
2025-07-13 16:35:27.503 INFO: Epoch 611: head: Default, loss=0.0033, RMSE_MU_per_atom=0.00 mDebye, RMSE_MU_DERIV=0.00 mDebye / A, RMSE_ALPHA_per_atom=    0.14, RMSE_ALPHA_DERIV=    8.02
2025-07-13 16:36:19.092 INFO: Epoch 612: head: Default, loss=0.0034, RMSE_MU_per_atom=0.00 mDebye, RMSE_MU_DERIV=0.00 mDebye / A, RMSE_ALPHA_per_atom=    0.14, RMSE_ALPHA_DERIV=    8.02
2025-07-13 16:37:10.657 INFO: Epoch 613: head: Default, loss=0.0029, RMSE_MU_per_atom=0.00 mDebye, RMSE_MU_DERIV=0.00 mDebye / A, RMSE_ALPHA_per_atom=    0.13, RMSE_ALPHA_DERIV=    8.01
2025-07-13 16:38:02.212 INFO: Epoch 614: head: Default, loss=0.0032, RMSE_MU_per_atom=0.00 mDebye, RMSE_MU_DERIV=0.00 mDebye / A, RMSE_ALPHA_per_atom=    0.14, RMSE_ALPHA_DERIV=    8.01
2025-07-13 16:38:53.791 INFO: Epoch 615: head: Default, loss=0.0031, RMSE_MU_per_atom=0.00 mDebye, RMSE_MU_DERIV=0.00 mDebye / A, RMSE_ALPHA_per_atom=    0.14, RMSE_ALPHA_DERIV=    8.01
2025-07-13 16:39:45.364 INFO: Epoch 616: head: Default, loss=0.0030, RMSE_MU_per_atom=0.00 mDebye, RMSE_MU_DERIV=0.00 mDebye / A, RMSE_ALPHA_per_atom=    0.14, RMSE_ALPHA_DERIV=    8.00
2025-07-13 16:40:36.934 INFO: Epoch 617: head: Default, loss=0.0033, RMSE_MU_per_atom=0.00 mDebye, RMSE_MU_DERIV=0.00 mDebye / A, RMSE_ALPHA_per_atom=    0.14, RMSE_ALPHA_DERIV=    8.02
2025-07-13 16:41:28.510 INFO: Epoch 618: head: Default, loss=0.0033, RMSE_MU_per_atom=0.00 mDebye, RMSE_MU_DERIV=0.00 mDebye / A, RMSE_ALPHA_per_atom=    0.14, RMSE_ALPHA_DERIV=    8.02
2025-07-13 16:42:20.070 INFO: Epoch 619: head: Default, loss=0.0032, RMSE_MU_per_atom=0.00 mDebye, RMSE_MU_DERIV=0.00 mDebye / A, RMSE_ALPHA_per_atom=    0.14, RMSE_ALPHA_DERIV=    8.02
2025-07-13 16:43:11.650 INFO: Epoch 620: head: Default, loss=0.0030, RMSE_MU_per_atom=0.00 mDebye, RMSE_MU_DERIV=0.00 mDebye / A, RMSE_ALPHA_per_atom=    0.14, RMSE_ALPHA_DERIV=    8.01
2025-07-13 16:44:03.230 INFO: Epoch 621: head: Default, loss=0.0028, RMSE_MU_per_atom=0.00 mDebye, RMSE_MU_DERIV=0.00 mDebye / A, RMSE_ALPHA_per_atom=    0.13, RMSE_ALPHA_DERIV=    8.00
2025-07-13 16:44:54.791 INFO: Epoch 622: head: Default, loss=0.0031, RMSE_MU_per_atom=0.00 mDebye, RMSE_MU_DERIV=0.00 mDebye / A, RMSE_ALPHA_per_atom=    0.14, RMSE_ALPHA_DERIV=    8.01
2025-07-13 16:45:46.362 INFO: Epoch 623: head: Default, loss=0.0031, RMSE_MU_per_atom=0.00 mDebye, RMSE_MU_DERIV=0.00 mDebye / A, RMSE_ALPHA_per_atom=    0.14, RMSE_ALPHA_DERIV=    8.01
2025-07-13 16:46:37.926 INFO: Epoch 624: head: Default, loss=0.0029, RMSE_MU_per_atom=0.00 mDebye, RMSE_MU_DERIV=0.00 mDebye / A, RMSE_ALPHA_per_atom=    0.13, RMSE_ALPHA_DERIV=    8.00
2025-07-13 16:47:29.488 INFO: Epoch 625: head: Default, loss=0.0030, RMSE_MU_per_atom=0.00 mDebye, RMSE_MU_DERIV=0.00 mDebye / A, RMSE_ALPHA_per_atom=    0.13, RMSE_ALPHA_DERIV=    8.01
2025-07-13 16:48:21.063 INFO: Epoch 626: head: Default, loss=0.0033, RMSE_MU_per_atom=0.00 mDebye, RMSE_MU_DERIV=0.00 mDebye / A, RMSE_ALPHA_per_atom=    0.14, RMSE_ALPHA_DERIV=    8.01
2025-07-13 16:49:12.635 INFO: Epoch 627: head: Default, loss=0.0033, RMSE_MU_per_atom=0.00 mDebye, RMSE_MU_DERIV=0.00 mDebye / A, RMSE_ALPHA_per_atom=    0.14, RMSE_ALPHA_DERIV=    8.02
2025-07-13 16:50:04.206 INFO: Epoch 628: head: Default, loss=0.0031, RMSE_MU_per_atom=0.00 mDebye, RMSE_MU_DERIV=0.00 mDebye / A, RMSE_ALPHA_per_atom=    0.14, RMSE_ALPHA_DERIV=    8.01
2025-07-13 16:50:55.761 INFO: Epoch 629: head: Default, loss=0.0031, RMSE_MU_per_atom=0.00 mDebye, RMSE_MU_DERIV=0.00 mDebye / A, RMSE_ALPHA_per_atom=    0.14, RMSE_ALPHA_DERIV=    8.01
2025-07-13 16:51:47.337 INFO: Epoch 630: head: Default, loss=0.0031, RMSE_MU_per_atom=0.00 mDebye, RMSE_MU_DERIV=0.00 mDebye / A, RMSE_ALPHA_per_atom=    0.14, RMSE_ALPHA_DERIV=    8.00
2025-07-13 16:52:38.904 INFO: Epoch 631: head: Default, loss=0.0030, RMSE_MU_per_atom=0.00 mDebye, RMSE_MU_DERIV=0.00 mDebye / A, RMSE_ALPHA_per_atom=    0.13, RMSE_ALPHA_DERIV=    8.00
2025-07-13 16:53:30.462 INFO: Epoch 632: head: Default, loss=0.0032, RMSE_MU_per_atom=0.00 mDebye, RMSE_MU_DERIV=0.00 mDebye / A, RMSE_ALPHA_per_atom=    0.14, RMSE_ALPHA_DERIV=    8.00
2025-07-13 16:54:22.017 INFO: Epoch 633: head: Default, loss=0.0033, RMSE_MU_per_atom=0.00 mDebye, RMSE_MU_DERIV=0.00 mDebye / A, RMSE_ALPHA_per_atom=    0.14, RMSE_ALPHA_DERIV=    8.02
2025-07-13 16:55:13.597 INFO: Epoch 634: head: Default, loss=0.0028, RMSE_MU_per_atom=0.00 mDebye, RMSE_MU_DERIV=0.00 mDebye / A, RMSE_ALPHA_per_atom=    0.13, RMSE_ALPHA_DERIV=    7.99
2025-07-13 16:56:05.155 INFO: Epoch 635: head: Default, loss=0.0029, RMSE_MU_per_atom=0.00 mDebye, RMSE_MU_DERIV=0.00 mDebye / A, RMSE_ALPHA_per_atom=    0.13, RMSE_ALPHA_DERIV=    8.00
2025-07-13 16:56:56.724 INFO: Epoch 636: head: Default, loss=0.0031, RMSE_MU_per_atom=0.00 mDebye, RMSE_MU_DERIV=0.00 mDebye / A, RMSE_ALPHA_per_atom=    0.14, RMSE_ALPHA_DERIV=    8.00
2025-07-13 16:57:48.282 INFO: Epoch 637: head: Default, loss=0.0029, RMSE_MU_per_atom=0.00 mDebye, RMSE_MU_DERIV=0.00 mDebye / A, RMSE_ALPHA_per_atom=    0.13, RMSE_ALPHA_DERIV=    8.00
2025-07-13 16:58:39.851 INFO: Epoch 638: head: Default, loss=0.0030, RMSE_MU_per_atom=0.00 mDebye, RMSE_MU_DERIV=0.00 mDebye / A, RMSE_ALPHA_per_atom=    0.14, RMSE_ALPHA_DERIV=    8.00
2025-07-13 16:59:31.418 INFO: Epoch 639: head: Default, loss=0.0031, RMSE_MU_per_atom=0.00 mDebye, RMSE_MU_DERIV=0.00 mDebye / A, RMSE_ALPHA_per_atom=    0.14, RMSE_ALPHA_DERIV=    8.00
2025-07-13 17:00:22.994 INFO: Epoch 640: head: Default, loss=0.0033, RMSE_MU_per_atom=0.00 mDebye, RMSE_MU_DERIV=0.00 mDebye / A, RMSE_ALPHA_per_atom=    0.14, RMSE_ALPHA_DERIV=    8.01
2025-07-13 17:01:14.543 INFO: Epoch 641: head: Default, loss=0.0029, RMSE_MU_per_atom=0.00 mDebye, RMSE_MU_DERIV=0.00 mDebye / A, RMSE_ALPHA_per_atom=    0.13, RMSE_ALPHA_DERIV=    8.00
2025-07-13 17:02:06.097 INFO: Epoch 642: head: Default, loss=0.0032, RMSE_MU_per_atom=0.00 mDebye, RMSE_MU_DERIV=0.00 mDebye / A, RMSE_ALPHA_per_atom=    0.14, RMSE_ALPHA_DERIV=    8.00
2025-07-13 17:02:57.654 INFO: Epoch 643: head: Default, loss=0.0030, RMSE_MU_per_atom=0.00 mDebye, RMSE_MU_DERIV=0.00 mDebye / A, RMSE_ALPHA_per_atom=    0.14, RMSE_ALPHA_DERIV=    7.99
2025-07-13 17:03:49.224 INFO: Epoch 644: head: Default, loss=0.0032, RMSE_MU_per_atom=0.00 mDebye, RMSE_MU_DERIV=0.00 mDebye / A, RMSE_ALPHA_per_atom=    0.14, RMSE_ALPHA_DERIV=    8.01
2025-07-13 17:04:40.780 INFO: Epoch 645: head: Default, loss=0.0031, RMSE_MU_per_atom=0.00 mDebye, RMSE_MU_DERIV=0.00 mDebye / A, RMSE_ALPHA_per_atom=    0.14, RMSE_ALPHA_DERIV=    8.00
2025-07-13 17:05:32.336 INFO: Epoch 646: head: Default, loss=0.0031, RMSE_MU_per_atom=0.00 mDebye, RMSE_MU_DERIV=0.00 mDebye / A, RMSE_ALPHA_per_atom=    0.14, RMSE_ALPHA_DERIV=    8.00
2025-07-13 17:06:23.902 INFO: Epoch 647: head: Default, loss=0.0029, RMSE_MU_per_atom=0.00 mDebye, RMSE_MU_DERIV=0.00 mDebye / A, RMSE_ALPHA_per_atom=    0.13, RMSE_ALPHA_DERIV=    8.00
2025-07-13 17:07:15.462 INFO: Epoch 648: head: Default, loss=0.0030, RMSE_MU_per_atom=0.00 mDebye, RMSE_MU_DERIV=0.00 mDebye / A, RMSE_ALPHA_per_atom=    0.14, RMSE_ALPHA_DERIV=    8.00
2025-07-13 17:08:07.028 INFO: Epoch 649: head: Default, loss=0.0034, RMSE_MU_per_atom=0.00 mDebye, RMSE_MU_DERIV=0.00 mDebye / A, RMSE_ALPHA_per_atom=    0.14, RMSE_ALPHA_DERIV=    8.01
2025-07-13 17:08:58.581 INFO: Epoch 650: head: Default, loss=0.0031, RMSE_MU_per_atom=0.00 mDebye, RMSE_MU_DERIV=0.00 mDebye / A, RMSE_ALPHA_per_atom=    0.14, RMSE_ALPHA_DERIV=    8.01
2025-07-13 17:09:50.151 INFO: Epoch 651: head: Default, loss=0.0033, RMSE_MU_per_atom=0.00 mDebye, RMSE_MU_DERIV=0.00 mDebye / A, RMSE_ALPHA_per_atom=    0.14, RMSE_ALPHA_DERIV=    8.01
2025-07-13 17:10:41.721 INFO: Epoch 652: head: Default, loss=0.0032, RMSE_MU_per_atom=0.00 mDebye, RMSE_MU_DERIV=0.00 mDebye / A, RMSE_ALPHA_per_atom=    0.14, RMSE_ALPHA_DERIV=    8.01
2025-07-13 17:11:33.292 INFO: Epoch 653: head: Default, loss=0.0030, RMSE_MU_per_atom=0.00 mDebye, RMSE_MU_DERIV=0.00 mDebye / A, RMSE_ALPHA_per_atom=    0.14, RMSE_ALPHA_DERIV=    8.01
2025-07-13 17:12:24.857 INFO: Epoch 654: head: Default, loss=0.0029, RMSE_MU_per_atom=0.00 mDebye, RMSE_MU_DERIV=0.00 mDebye / A, RMSE_ALPHA_per_atom=    0.13, RMSE_ALPHA_DERIV=    8.00
2025-07-13 17:13:16.426 INFO: Epoch 655: head: Default, loss=0.0033, RMSE_MU_per_atom=0.00 mDebye, RMSE_MU_DERIV=0.00 mDebye / A, RMSE_ALPHA_per_atom=    0.14, RMSE_ALPHA_DERIV=    8.00
2025-07-13 17:14:07.992 INFO: Epoch 656: head: Default, loss=0.0030, RMSE_MU_per_atom=0.00 mDebye, RMSE_MU_DERIV=0.00 mDebye / A, RMSE_ALPHA_per_atom=    0.14, RMSE_ALPHA_DERIV=    7.99
2025-07-13 17:14:59.543 INFO: Epoch 657: head: Default, loss=0.0032, RMSE_MU_per_atom=0.00 mDebye, RMSE_MU_DERIV=0.00 mDebye / A, RMSE_ALPHA_per_atom=    0.14, RMSE_ALPHA_DERIV=    8.00
2025-07-13 17:15:51.112 INFO: Epoch 658: head: Default, loss=0.0032, RMSE_MU_per_atom=0.00 mDebye, RMSE_MU_DERIV=0.00 mDebye / A, RMSE_ALPHA_per_atom=    0.14, RMSE_ALPHA_DERIV=    8.00
2025-07-13 17:16:42.674 INFO: Epoch 659: head: Default, loss=0.0030, RMSE_MU_per_atom=0.00 mDebye, RMSE_MU_DERIV=0.00 mDebye / A, RMSE_ALPHA_per_atom=    0.13, RMSE_ALPHA_DERIV=    7.99
2025-07-13 17:17:34.244 INFO: Epoch 660: head: Default, loss=0.0030, RMSE_MU_per_atom=0.00 mDebye, RMSE_MU_DERIV=0.00 mDebye / A, RMSE_ALPHA_per_atom=    0.14, RMSE_ALPHA_DERIV=    8.00
2025-07-13 17:18:25.806 INFO: Epoch 661: head: Default, loss=0.0030, RMSE_MU_per_atom=0.00 mDebye, RMSE_MU_DERIV=0.00 mDebye / A, RMSE_ALPHA_per_atom=    0.14, RMSE_ALPHA_DERIV=    8.00
2025-07-13 17:19:17.375 INFO: Epoch 662: head: Default, loss=0.0032, RMSE_MU_per_atom=0.00 mDebye, RMSE_MU_DERIV=0.00 mDebye / A, RMSE_ALPHA_per_atom=    0.14, RMSE_ALPHA_DERIV=    8.00
2025-07-13 17:20:08.944 INFO: Epoch 663: head: Default, loss=0.0033, RMSE_MU_per_atom=0.00 mDebye, RMSE_MU_DERIV=0.00 mDebye / A, RMSE_ALPHA_per_atom=    0.14, RMSE_ALPHA_DERIV=    8.00
2025-07-13 17:21:00.515 INFO: Epoch 664: head: Default, loss=0.0030, RMSE_MU_per_atom=0.00 mDebye, RMSE_MU_DERIV=0.00 mDebye / A, RMSE_ALPHA_per_atom=    0.14, RMSE_ALPHA_DERIV=    8.00
2025-07-13 17:21:52.069 INFO: Epoch 665: head: Default, loss=0.0033, RMSE_MU_per_atom=0.00 mDebye, RMSE_MU_DERIV=0.00 mDebye / A, RMSE_ALPHA_per_atom=    0.14, RMSE_ALPHA_DERIV=    8.00
2025-07-13 17:22:43.642 INFO: Epoch 666: head: Default, loss=0.0032, RMSE_MU_per_atom=0.00 mDebye, RMSE_MU_DERIV=0.00 mDebye / A, RMSE_ALPHA_per_atom=    0.14, RMSE_ALPHA_DERIV=    7.99
2025-07-13 17:23:35.200 INFO: Epoch 667: head: Default, loss=0.0030, RMSE_MU_per_atom=0.00 mDebye, RMSE_MU_DERIV=0.00 mDebye / A, RMSE_ALPHA_per_atom=    0.13, RMSE_ALPHA_DERIV=    7.99
2025-07-13 17:24:26.770 INFO: Epoch 668: head: Default, loss=0.0029, RMSE_MU_per_atom=0.00 mDebye, RMSE_MU_DERIV=0.00 mDebye / A, RMSE_ALPHA_per_atom=    0.13, RMSE_ALPHA_DERIV=    8.00
2025-07-13 17:25:18.339 INFO: Epoch 669: head: Default, loss=0.0034, RMSE_MU_per_atom=0.00 mDebye, RMSE_MU_DERIV=0.00 mDebye / A, RMSE_ALPHA_per_atom=    0.14, RMSE_ALPHA_DERIV=    8.02
2025-07-13 17:26:09.902 INFO: Epoch 670: head: Default, loss=0.0033, RMSE_MU_per_atom=0.00 mDebye, RMSE_MU_DERIV=0.00 mDebye / A, RMSE_ALPHA_per_atom=    0.14, RMSE_ALPHA_DERIV=    8.01
2025-07-13 17:27:01.462 INFO: Epoch 671: head: Default, loss=0.0028, RMSE_MU_per_atom=0.00 mDebye, RMSE_MU_DERIV=0.00 mDebye / A, RMSE_ALPHA_per_atom=    0.13, RMSE_ALPHA_DERIV=    8.00
2025-07-13 17:27:53.039 INFO: Epoch 672: head: Default, loss=0.0031, RMSE_MU_per_atom=0.00 mDebye, RMSE_MU_DERIV=0.00 mDebye / A, RMSE_ALPHA_per_atom=    0.14, RMSE_ALPHA_DERIV=    8.00
2025-07-13 17:28:44.621 INFO: Epoch 673: head: Default, loss=0.0031, RMSE_MU_per_atom=0.00 mDebye, RMSE_MU_DERIV=0.00 mDebye / A, RMSE_ALPHA_per_atom=    0.14, RMSE_ALPHA_DERIV=    8.01
2025-07-13 17:29:36.200 INFO: Epoch 674: head: Default, loss=0.0030, RMSE_MU_per_atom=0.00 mDebye, RMSE_MU_DERIV=0.00 mDebye / A, RMSE_ALPHA_per_atom=    0.14, RMSE_ALPHA_DERIV=    8.00
2025-07-13 17:30:27.758 INFO: Epoch 675: head: Default, loss=0.0032, RMSE_MU_per_atom=0.00 mDebye, RMSE_MU_DERIV=0.00 mDebye / A, RMSE_ALPHA_per_atom=    0.14, RMSE_ALPHA_DERIV=    8.01
2025-07-13 17:31:19.314 INFO: Epoch 676: head: Default, loss=0.0032, RMSE_MU_per_atom=0.00 mDebye, RMSE_MU_DERIV=0.00 mDebye / A, RMSE_ALPHA_per_atom=    0.14, RMSE_ALPHA_DERIV=    8.01
2025-07-13 17:32:10.879 INFO: Epoch 677: head: Default, loss=0.0035, RMSE_MU_per_atom=0.00 mDebye, RMSE_MU_DERIV=0.00 mDebye / A, RMSE_ALPHA_per_atom=    0.14, RMSE_ALPHA_DERIV=    8.01
2025-07-13 17:33:02.444 INFO: Epoch 678: head: Default, loss=0.0028, RMSE_MU_per_atom=0.00 mDebye, RMSE_MU_DERIV=0.00 mDebye / A, RMSE_ALPHA_per_atom=    0.13, RMSE_ALPHA_DERIV=    7.99
2025-07-13 17:33:54.020 INFO: Epoch 679: head: Default, loss=0.0033, RMSE_MU_per_atom=0.00 mDebye, RMSE_MU_DERIV=0.00 mDebye / A, RMSE_ALPHA_per_atom=    0.14, RMSE_ALPHA_DERIV=    8.01
2025-07-13 17:34:45.589 INFO: Epoch 680: head: Default, loss=0.0032, RMSE_MU_per_atom=0.00 mDebye, RMSE_MU_DERIV=0.00 mDebye / A, RMSE_ALPHA_per_atom=    0.14, RMSE_ALPHA_DERIV=    8.01
2025-07-13 17:35:37.157 INFO: Epoch 681: head: Default, loss=0.0032, RMSE_MU_per_atom=0.00 mDebye, RMSE_MU_DERIV=0.00 mDebye / A, RMSE_ALPHA_per_atom=    0.14, RMSE_ALPHA_DERIV=    8.01
2025-07-13 17:36:28.730 INFO: Epoch 682: head: Default, loss=0.0029, RMSE_MU_per_atom=0.00 mDebye, RMSE_MU_DERIV=0.00 mDebye / A, RMSE_ALPHA_per_atom=    0.13, RMSE_ALPHA_DERIV=    7.99
2025-07-13 17:37:20.300 INFO: Epoch 683: head: Default, loss=0.0033, RMSE_MU_per_atom=0.00 mDebye, RMSE_MU_DERIV=0.00 mDebye / A, RMSE_ALPHA_per_atom=    0.14, RMSE_ALPHA_DERIV=    8.00
2025-07-13 17:38:11.870 INFO: Epoch 684: head: Default, loss=0.0031, RMSE_MU_per_atom=0.00 mDebye, RMSE_MU_DERIV=0.00 mDebye / A, RMSE_ALPHA_per_atom=    0.14, RMSE_ALPHA_DERIV=    8.00
2025-07-13 17:39:03.423 INFO: Epoch 685: head: Default, loss=0.0031, RMSE_MU_per_atom=0.00 mDebye, RMSE_MU_DERIV=0.00 mDebye / A, RMSE_ALPHA_per_atom=    0.14, RMSE_ALPHA_DERIV=    8.01
2025-07-13 17:39:54.986 INFO: Epoch 686: head: Default, loss=0.0031, RMSE_MU_per_atom=0.00 mDebye, RMSE_MU_DERIV=0.00 mDebye / A, RMSE_ALPHA_per_atom=    0.14, RMSE_ALPHA_DERIV=    8.00
2025-07-13 17:40:46.557 INFO: Epoch 687: head: Default, loss=0.0030, RMSE_MU_per_atom=0.00 mDebye, RMSE_MU_DERIV=0.00 mDebye / A, RMSE_ALPHA_per_atom=    0.14, RMSE_ALPHA_DERIV=    8.00
2025-07-13 17:41:38.127 INFO: Epoch 688: head: Default, loss=0.0032, RMSE_MU_per_atom=0.00 mDebye, RMSE_MU_DERIV=0.00 mDebye / A, RMSE_ALPHA_per_atom=    0.14, RMSE_ALPHA_DERIV=    8.01
2025-07-13 17:42:29.693 INFO: Epoch 689: head: Default, loss=0.0030, RMSE_MU_per_atom=0.00 mDebye, RMSE_MU_DERIV=0.00 mDebye / A, RMSE_ALPHA_per_atom=    0.13, RMSE_ALPHA_DERIV=    8.00
2025-07-13 17:43:21.253 INFO: Epoch 690: head: Default, loss=0.0032, RMSE_MU_per_atom=0.00 mDebye, RMSE_MU_DERIV=0.00 mDebye / A, RMSE_ALPHA_per_atom=    0.14, RMSE_ALPHA_DERIV=    8.01
2025-07-13 17:44:12.827 INFO: Epoch 691: head: Default, loss=0.0031, RMSE_MU_per_atom=0.00 mDebye, RMSE_MU_DERIV=0.00 mDebye / A, RMSE_ALPHA_per_atom=    0.14, RMSE_ALPHA_DERIV=    7.99
2025-07-13 17:45:04.404 INFO: Epoch 692: head: Default, loss=0.0030, RMSE_MU_per_atom=0.00 mDebye, RMSE_MU_DERIV=0.00 mDebye / A, RMSE_ALPHA_per_atom=    0.13, RMSE_ALPHA_DERIV=    8.00
2025-07-13 17:45:55.972 INFO: Epoch 693: head: Default, loss=0.0029, RMSE_MU_per_atom=0.00 mDebye, RMSE_MU_DERIV=0.00 mDebye / A, RMSE_ALPHA_per_atom=    0.13, RMSE_ALPHA_DERIV=    7.99
2025-07-13 17:46:47.533 INFO: Epoch 694: head: Default, loss=0.0032, RMSE_MU_per_atom=0.00 mDebye, RMSE_MU_DERIV=0.00 mDebye / A, RMSE_ALPHA_per_atom=    0.14, RMSE_ALPHA_DERIV=    8.01
2025-07-13 17:47:39.086 INFO: Epoch 695: head: Default, loss=0.0030, RMSE_MU_per_atom=0.00 mDebye, RMSE_MU_DERIV=0.00 mDebye / A, RMSE_ALPHA_per_atom=    0.13, RMSE_ALPHA_DERIV=    8.00
2025-07-13 17:48:30.635 INFO: Epoch 696: head: Default, loss=0.0031, RMSE_MU_per_atom=0.00 mDebye, RMSE_MU_DERIV=0.00 mDebye / A, RMSE_ALPHA_per_atom=    0.14, RMSE_ALPHA_DERIV=    8.00
2025-07-13 17:49:22.177 INFO: Epoch 697: head: Default, loss=0.0032, RMSE_MU_per_atom=0.00 mDebye, RMSE_MU_DERIV=0.00 mDebye / A, RMSE_ALPHA_per_atom=    0.14, RMSE_ALPHA_DERIV=    8.00
2025-07-13 17:50:13.745 INFO: Epoch 698: head: Default, loss=0.0029, RMSE_MU_per_atom=0.00 mDebye, RMSE_MU_DERIV=0.00 mDebye / A, RMSE_ALPHA_per_atom=    0.13, RMSE_ALPHA_DERIV=    8.00
2025-07-13 17:51:05.314 INFO: Epoch 699: head: Default, loss=0.0031, RMSE_MU_per_atom=0.00 mDebye, RMSE_MU_DERIV=0.00 mDebye / A, RMSE_ALPHA_per_atom=    0.14, RMSE_ALPHA_DERIV=    8.00
2025-07-13 17:51:56.878 INFO: Epoch 700: head: Default, loss=0.0029, RMSE_MU_per_atom=0.00 mDebye, RMSE_MU_DERIV=0.00 mDebye / A, RMSE_ALPHA_per_atom=    0.13, RMSE_ALPHA_DERIV=    8.00
2025-07-13 17:52:48.437 INFO: Epoch 701: head: Default, loss=0.0030, RMSE_MU_per_atom=0.00 mDebye, RMSE_MU_DERIV=0.00 mDebye / A, RMSE_ALPHA_per_atom=    0.14, RMSE_ALPHA_DERIV=    8.00
2025-07-13 17:53:39.997 INFO: Epoch 702: head: Default, loss=0.0030, RMSE_MU_per_atom=0.00 mDebye, RMSE_MU_DERIV=0.00 mDebye / A, RMSE_ALPHA_per_atom=    0.14, RMSE_ALPHA_DERIV=    8.00
2025-07-13 17:54:31.566 INFO: Epoch 703: head: Default, loss=0.0031, RMSE_MU_per_atom=0.00 mDebye, RMSE_MU_DERIV=0.00 mDebye / A, RMSE_ALPHA_per_atom=    0.14, RMSE_ALPHA_DERIV=    8.00
2025-07-13 17:55:23.106 INFO: Epoch 704: head: Default, loss=0.0029, RMSE_MU_per_atom=0.00 mDebye, RMSE_MU_DERIV=0.00 mDebye / A, RMSE_ALPHA_per_atom=    0.13, RMSE_ALPHA_DERIV=    7.99
2025-07-13 17:56:14.665 INFO: Epoch 705: head: Default, loss=0.0030, RMSE_MU_per_atom=0.00 mDebye, RMSE_MU_DERIV=0.00 mDebye / A, RMSE_ALPHA_per_atom=    0.14, RMSE_ALPHA_DERIV=    8.00
2025-07-13 17:57:06.213 INFO: Epoch 706: head: Default, loss=0.0032, RMSE_MU_per_atom=0.00 mDebye, RMSE_MU_DERIV=0.00 mDebye / A, RMSE_ALPHA_per_atom=    0.14, RMSE_ALPHA_DERIV=    8.01
2025-07-13 17:57:57.782 INFO: Epoch 707: head: Default, loss=0.0031, RMSE_MU_per_atom=0.00 mDebye, RMSE_MU_DERIV=0.00 mDebye / A, RMSE_ALPHA_per_atom=    0.14, RMSE_ALPHA_DERIV=    8.00
2025-07-13 17:58:49.350 INFO: Epoch 708: head: Default, loss=0.0034, RMSE_MU_per_atom=0.00 mDebye, RMSE_MU_DERIV=0.00 mDebye / A, RMSE_ALPHA_per_atom=    0.14, RMSE_ALPHA_DERIV=    8.01
2025-07-13 17:59:40.907 INFO: Epoch 709: head: Default, loss=0.0033, RMSE_MU_per_atom=0.00 mDebye, RMSE_MU_DERIV=0.00 mDebye / A, RMSE_ALPHA_per_atom=    0.14, RMSE_ALPHA_DERIV=    8.01
2025-07-13 18:00:32.479 INFO: Epoch 710: head: Default, loss=0.0032, RMSE_MU_per_atom=0.00 mDebye, RMSE_MU_DERIV=0.00 mDebye / A, RMSE_ALPHA_per_atom=    0.14, RMSE_ALPHA_DERIV=    8.00
2025-07-13 18:01:24.054 INFO: Epoch 711: head: Default, loss=0.0033, RMSE_MU_per_atom=0.00 mDebye, RMSE_MU_DERIV=0.00 mDebye / A, RMSE_ALPHA_per_atom=    0.14, RMSE_ALPHA_DERIV=    8.01
2025-07-13 18:02:15.591 INFO: Epoch 712: head: Default, loss=0.0031, RMSE_MU_per_atom=0.00 mDebye, RMSE_MU_DERIV=0.00 mDebye / A, RMSE_ALPHA_per_atom=    0.14, RMSE_ALPHA_DERIV=    8.01
2025-07-13 18:03:07.141 INFO: Epoch 713: head: Default, loss=0.0032, RMSE_MU_per_atom=0.00 mDebye, RMSE_MU_DERIV=0.00 mDebye / A, RMSE_ALPHA_per_atom=    0.14, RMSE_ALPHA_DERIV=    8.00
2025-07-13 18:03:58.706 INFO: Epoch 714: head: Default, loss=0.0030, RMSE_MU_per_atom=0.00 mDebye, RMSE_MU_DERIV=0.00 mDebye / A, RMSE_ALPHA_per_atom=    0.14, RMSE_ALPHA_DERIV=    8.00
2025-07-13 18:04:50.273 INFO: Epoch 715: head: Default, loss=0.0032, RMSE_MU_per_atom=0.00 mDebye, RMSE_MU_DERIV=0.00 mDebye / A, RMSE_ALPHA_per_atom=    0.14, RMSE_ALPHA_DERIV=    8.01
2025-07-13 18:05:41.840 INFO: Epoch 716: head: Default, loss=0.0031, RMSE_MU_per_atom=0.00 mDebye, RMSE_MU_DERIV=0.00 mDebye / A, RMSE_ALPHA_per_atom=    0.14, RMSE_ALPHA_DERIV=    8.00
2025-07-13 18:06:33.389 INFO: Epoch 717: head: Default, loss=0.0031, RMSE_MU_per_atom=0.00 mDebye, RMSE_MU_DERIV=0.00 mDebye / A, RMSE_ALPHA_per_atom=    0.14, RMSE_ALPHA_DERIV=    8.00
2025-07-13 18:07:24.957 INFO: Epoch 718: head: Default, loss=0.0030, RMSE_MU_per_atom=0.00 mDebye, RMSE_MU_DERIV=0.00 mDebye / A, RMSE_ALPHA_per_atom=    0.14, RMSE_ALPHA_DERIV=    8.00
2025-07-13 18:08:16.526 INFO: Epoch 719: head: Default, loss=0.0031, RMSE_MU_per_atom=0.00 mDebye, RMSE_MU_DERIV=0.00 mDebye / A, RMSE_ALPHA_per_atom=    0.14, RMSE_ALPHA_DERIV=    8.00
2025-07-13 18:09:08.095 INFO: Epoch 720: head: Default, loss=0.0032, RMSE_MU_per_atom=0.00 mDebye, RMSE_MU_DERIV=0.00 mDebye / A, RMSE_ALPHA_per_atom=    0.14, RMSE_ALPHA_DERIV=    8.01
2025-07-13 18:09:59.655 INFO: Epoch 721: head: Default, loss=0.0030, RMSE_MU_per_atom=0.00 mDebye, RMSE_MU_DERIV=0.00 mDebye / A, RMSE_ALPHA_per_atom=    0.14, RMSE_ALPHA_DERIV=    7.99
2025-07-13 18:10:51.219 INFO: Epoch 722: head: Default, loss=0.0031, RMSE_MU_per_atom=0.00 mDebye, RMSE_MU_DERIV=0.00 mDebye / A, RMSE_ALPHA_per_atom=    0.14, RMSE_ALPHA_DERIV=    7.99
2025-07-13 18:11:42.800 INFO: Epoch 723: head: Default, loss=0.0031, RMSE_MU_per_atom=0.00 mDebye, RMSE_MU_DERIV=0.00 mDebye / A, RMSE_ALPHA_per_atom=    0.14, RMSE_ALPHA_DERIV=    8.00
2025-07-13 18:12:34.350 INFO: Epoch 724: head: Default, loss=0.0031, RMSE_MU_per_atom=0.00 mDebye, RMSE_MU_DERIV=0.00 mDebye / A, RMSE_ALPHA_per_atom=    0.14, RMSE_ALPHA_DERIV=    8.00
2025-07-13 18:13:25.913 INFO: Epoch 725: head: Default, loss=0.0031, RMSE_MU_per_atom=0.00 mDebye, RMSE_MU_DERIV=0.00 mDebye / A, RMSE_ALPHA_per_atom=    0.14, RMSE_ALPHA_DERIV=    8.00
2025-07-13 18:14:17.472 INFO: Epoch 726: head: Default, loss=0.0030, RMSE_MU_per_atom=0.00 mDebye, RMSE_MU_DERIV=0.00 mDebye / A, RMSE_ALPHA_per_atom=    0.14, RMSE_ALPHA_DERIV=    7.99
2025-07-13 18:15:09.033 INFO: Epoch 727: head: Default, loss=0.0029, RMSE_MU_per_atom=0.00 mDebye, RMSE_MU_DERIV=0.00 mDebye / A, RMSE_ALPHA_per_atom=    0.13, RMSE_ALPHA_DERIV=    7.99
2025-07-13 18:16:00.603 INFO: Epoch 728: head: Default, loss=0.0034, RMSE_MU_per_atom=0.00 mDebye, RMSE_MU_DERIV=0.00 mDebye / A, RMSE_ALPHA_per_atom=    0.14, RMSE_ALPHA_DERIV=    8.01
2025-07-13 18:16:52.178 INFO: Epoch 729: head: Default, loss=0.0033, RMSE_MU_per_atom=0.00 mDebye, RMSE_MU_DERIV=0.00 mDebye / A, RMSE_ALPHA_per_atom=    0.14, RMSE_ALPHA_DERIV=    8.01
2025-07-13 18:17:43.744 INFO: Epoch 730: head: Default, loss=0.0030, RMSE_MU_per_atom=0.00 mDebye, RMSE_MU_DERIV=0.00 mDebye / A, RMSE_ALPHA_per_atom=    0.14, RMSE_ALPHA_DERIV=    8.00
2025-07-13 18:18:35.304 INFO: Epoch 731: head: Default, loss=0.0032, RMSE_MU_per_atom=0.00 mDebye, RMSE_MU_DERIV=0.00 mDebye / A, RMSE_ALPHA_per_atom=    0.14, RMSE_ALPHA_DERIV=    8.00
2025-07-13 18:19:26.867 INFO: Epoch 732: head: Default, loss=0.0029, RMSE_MU_per_atom=0.00 mDebye, RMSE_MU_DERIV=0.00 mDebye / A, RMSE_ALPHA_per_atom=    0.13, RMSE_ALPHA_DERIV=    8.00
2025-07-13 18:20:18.437 INFO: Epoch 733: head: Default, loss=0.0031, RMSE_MU_per_atom=0.00 mDebye, RMSE_MU_DERIV=0.00 mDebye / A, RMSE_ALPHA_per_atom=    0.14, RMSE_ALPHA_DERIV=    8.00
2025-07-13 18:21:10.012 INFO: Epoch 734: head: Default, loss=0.0030, RMSE_MU_per_atom=0.00 mDebye, RMSE_MU_DERIV=0.00 mDebye / A, RMSE_ALPHA_per_atom=    0.14, RMSE_ALPHA_DERIV=    8.00
2025-07-13 18:22:01.572 INFO: Epoch 735: head: Default, loss=0.0031, RMSE_MU_per_atom=0.00 mDebye, RMSE_MU_DERIV=0.00 mDebye / A, RMSE_ALPHA_per_atom=    0.14, RMSE_ALPHA_DERIV=    8.01
2025-07-13 18:22:53.138 INFO: Epoch 736: head: Default, loss=0.0032, RMSE_MU_per_atom=0.00 mDebye, RMSE_MU_DERIV=0.00 mDebye / A, RMSE_ALPHA_per_atom=    0.14, RMSE_ALPHA_DERIV=    8.01
2025-07-13 18:23:44.702 INFO: Epoch 737: head: Default, loss=0.0034, RMSE_MU_per_atom=0.00 mDebye, RMSE_MU_DERIV=0.00 mDebye / A, RMSE_ALPHA_per_atom=    0.14, RMSE_ALPHA_DERIV=    8.00
2025-07-13 18:24:36.262 INFO: Epoch 738: head: Default, loss=0.0031, RMSE_MU_per_atom=0.00 mDebye, RMSE_MU_DERIV=0.00 mDebye / A, RMSE_ALPHA_per_atom=    0.14, RMSE_ALPHA_DERIV=    8.00
2025-07-13 18:25:27.835 INFO: Epoch 739: head: Default, loss=0.0033, RMSE_MU_per_atom=0.00 mDebye, RMSE_MU_DERIV=0.00 mDebye / A, RMSE_ALPHA_per_atom=    0.14, RMSE_ALPHA_DERIV=    8.01
2025-07-13 18:26:19.393 INFO: Epoch 740: head: Default, loss=0.0032, RMSE_MU_per_atom=0.00 mDebye, RMSE_MU_DERIV=0.00 mDebye / A, RMSE_ALPHA_per_atom=    0.14, RMSE_ALPHA_DERIV=    8.01
2025-07-13 18:27:10.973 INFO: Epoch 741: head: Default, loss=0.0032, RMSE_MU_per_atom=0.00 mDebye, RMSE_MU_DERIV=0.00 mDebye / A, RMSE_ALPHA_per_atom=    0.14, RMSE_ALPHA_DERIV=    8.01
2025-07-13 18:28:02.542 INFO: Epoch 742: head: Default, loss=0.0030, RMSE_MU_per_atom=0.00 mDebye, RMSE_MU_DERIV=0.00 mDebye / A, RMSE_ALPHA_per_atom=    0.13, RMSE_ALPHA_DERIV=    8.00
2025-07-13 18:28:54.094 INFO: Epoch 743: head: Default, loss=0.0030, RMSE_MU_per_atom=0.00 mDebye, RMSE_MU_DERIV=0.00 mDebye / A, RMSE_ALPHA_per_atom=    0.13, RMSE_ALPHA_DERIV=    8.00
2025-07-13 18:29:45.654 INFO: Epoch 744: head: Default, loss=0.0031, RMSE_MU_per_atom=0.00 mDebye, RMSE_MU_DERIV=0.00 mDebye / A, RMSE_ALPHA_per_atom=    0.14, RMSE_ALPHA_DERIV=    8.00
2025-07-13 18:30:37.223 INFO: Epoch 745: head: Default, loss=0.0029, RMSE_MU_per_atom=0.00 mDebye, RMSE_MU_DERIV=0.00 mDebye / A, RMSE_ALPHA_per_atom=    0.13, RMSE_ALPHA_DERIV=    8.00
2025-07-13 18:31:28.793 INFO: Epoch 746: head: Default, loss=0.0029, RMSE_MU_per_atom=0.00 mDebye, RMSE_MU_DERIV=0.00 mDebye / A, RMSE_ALPHA_per_atom=    0.13, RMSE_ALPHA_DERIV=    8.00
2025-07-13 18:32:20.362 INFO: Epoch 747: head: Default, loss=0.0029, RMSE_MU_per_atom=0.00 mDebye, RMSE_MU_DERIV=0.00 mDebye / A, RMSE_ALPHA_per_atom=    0.13, RMSE_ALPHA_DERIV=    7.99
2025-07-13 18:33:11.931 INFO: Epoch 748: head: Default, loss=0.0030, RMSE_MU_per_atom=0.00 mDebye, RMSE_MU_DERIV=0.00 mDebye / A, RMSE_ALPHA_per_atom=    0.14, RMSE_ALPHA_DERIV=    8.00
2025-07-13 18:34:03.497 INFO: Epoch 749: head: Default, loss=0.0030, RMSE_MU_per_atom=0.00 mDebye, RMSE_MU_DERIV=0.00 mDebye / A, RMSE_ALPHA_per_atom=    0.14, RMSE_ALPHA_DERIV=    8.00
2025-07-13 18:34:55.061 INFO: Epoch 750: head: Default, loss=0.0031, RMSE_MU_per_atom=0.00 mDebye, RMSE_MU_DERIV=0.00 mDebye / A, RMSE_ALPHA_per_atom=    0.14, RMSE_ALPHA_DERIV=    8.00
2025-07-13 18:35:46.624 INFO: Epoch 751: head: Default, loss=0.0032, RMSE_MU_per_atom=0.00 mDebye, RMSE_MU_DERIV=0.00 mDebye / A, RMSE_ALPHA_per_atom=    0.14, RMSE_ALPHA_DERIV=    8.00
2025-07-13 18:36:38.176 INFO: Epoch 752: head: Default, loss=0.0031, RMSE_MU_per_atom=0.00 mDebye, RMSE_MU_DERIV=0.00 mDebye / A, RMSE_ALPHA_per_atom=    0.14, RMSE_ALPHA_DERIV=    8.00
2025-07-13 18:37:29.755 INFO: Epoch 753: head: Default, loss=0.0032, RMSE_MU_per_atom=0.00 mDebye, RMSE_MU_DERIV=0.00 mDebye / A, RMSE_ALPHA_per_atom=    0.14, RMSE_ALPHA_DERIV=    8.01
2025-07-13 18:38:21.330 INFO: Epoch 754: head: Default, loss=0.0031, RMSE_MU_per_atom=0.00 mDebye, RMSE_MU_DERIV=0.00 mDebye / A, RMSE_ALPHA_per_atom=    0.14, RMSE_ALPHA_DERIV=    8.00
2025-07-13 18:39:12.898 INFO: Epoch 755: head: Default, loss=0.0031, RMSE_MU_per_atom=0.00 mDebye, RMSE_MU_DERIV=0.00 mDebye / A, RMSE_ALPHA_per_atom=    0.14, RMSE_ALPHA_DERIV=    8.00
2025-07-13 18:40:04.457 INFO: Epoch 756: head: Default, loss=0.0031, RMSE_MU_per_atom=0.00 mDebye, RMSE_MU_DERIV=0.00 mDebye / A, RMSE_ALPHA_per_atom=    0.14, RMSE_ALPHA_DERIV=    8.00
2025-07-13 18:40:56.019 INFO: Epoch 757: head: Default, loss=0.0031, RMSE_MU_per_atom=0.00 mDebye, RMSE_MU_DERIV=0.00 mDebye / A, RMSE_ALPHA_per_atom=    0.14, RMSE_ALPHA_DERIV=    8.00
2025-07-13 18:41:47.585 INFO: Epoch 758: head: Default, loss=0.0031, RMSE_MU_per_atom=0.00 mDebye, RMSE_MU_DERIV=0.00 mDebye / A, RMSE_ALPHA_per_atom=    0.14, RMSE_ALPHA_DERIV=    8.00
2025-07-13 18:42:39.150 INFO: Epoch 759: head: Default, loss=0.0031, RMSE_MU_per_atom=0.00 mDebye, RMSE_MU_DERIV=0.00 mDebye / A, RMSE_ALPHA_per_atom=    0.14, RMSE_ALPHA_DERIV=    8.00
2025-07-13 18:43:30.720 INFO: Epoch 760: head: Default, loss=0.0030, RMSE_MU_per_atom=0.00 mDebye, RMSE_MU_DERIV=0.00 mDebye / A, RMSE_ALPHA_per_atom=    0.13, RMSE_ALPHA_DERIV=    8.00
2025-07-13 18:44:22.283 INFO: Epoch 761: head: Default, loss=0.0031, RMSE_MU_per_atom=0.00 mDebye, RMSE_MU_DERIV=0.00 mDebye / A, RMSE_ALPHA_per_atom=    0.14, RMSE_ALPHA_DERIV=    8.00
2025-07-13 18:45:13.846 INFO: Epoch 762: head: Default, loss=0.0030, RMSE_MU_per_atom=0.00 mDebye, RMSE_MU_DERIV=0.00 mDebye / A, RMSE_ALPHA_per_atom=    0.14, RMSE_ALPHA_DERIV=    8.00
2025-07-13 18:46:05.419 INFO: Epoch 763: head: Default, loss=0.0029, RMSE_MU_per_atom=0.00 mDebye, RMSE_MU_DERIV=0.00 mDebye / A, RMSE_ALPHA_per_atom=    0.13, RMSE_ALPHA_DERIV=    7.99
2025-07-13 18:46:56.959 INFO: Epoch 764: head: Default, loss=0.0030, RMSE_MU_per_atom=0.00 mDebye, RMSE_MU_DERIV=0.00 mDebye / A, RMSE_ALPHA_per_atom=    0.13, RMSE_ALPHA_DERIV=    8.00
2025-07-13 18:47:48.515 INFO: Epoch 765: head: Default, loss=0.0032, RMSE_MU_per_atom=0.00 mDebye, RMSE_MU_DERIV=0.00 mDebye / A, RMSE_ALPHA_per_atom=    0.14, RMSE_ALPHA_DERIV=    8.01
2025-07-13 18:48:40.077 INFO: Epoch 766: head: Default, loss=0.0030, RMSE_MU_per_atom=0.00 mDebye, RMSE_MU_DERIV=0.00 mDebye / A, RMSE_ALPHA_per_atom=    0.14, RMSE_ALPHA_DERIV=    8.00
2025-07-13 18:49:31.647 INFO: Epoch 767: head: Default, loss=0.0029, RMSE_MU_per_atom=0.00 mDebye, RMSE_MU_DERIV=0.00 mDebye / A, RMSE_ALPHA_per_atom=    0.13, RMSE_ALPHA_DERIV=    8.00
2025-07-13 18:50:23.219 INFO: Epoch 768: head: Default, loss=0.0031, RMSE_MU_per_atom=0.00 mDebye, RMSE_MU_DERIV=0.00 mDebye / A, RMSE_ALPHA_per_atom=    0.14, RMSE_ALPHA_DERIV=    8.00
2025-07-13 18:51:14.781 INFO: Epoch 769: head: Default, loss=0.0031, RMSE_MU_per_atom=0.00 mDebye, RMSE_MU_DERIV=0.00 mDebye / A, RMSE_ALPHA_per_atom=    0.14, RMSE_ALPHA_DERIV=    8.01
2025-07-13 18:52:06.345 INFO: Epoch 770: head: Default, loss=0.0032, RMSE_MU_per_atom=0.00 mDebye, RMSE_MU_DERIV=0.00 mDebye / A, RMSE_ALPHA_per_atom=    0.14, RMSE_ALPHA_DERIV=    8.01
2025-07-13 18:52:57.915 INFO: Epoch 771: head: Default, loss=0.0033, RMSE_MU_per_atom=0.00 mDebye, RMSE_MU_DERIV=0.00 mDebye / A, RMSE_ALPHA_per_atom=    0.14, RMSE_ALPHA_DERIV=    8.01
2025-07-13 18:53:49.512 INFO: Epoch 772: head: Default, loss=0.0032, RMSE_MU_per_atom=0.00 mDebye, RMSE_MU_DERIV=0.00 mDebye / A, RMSE_ALPHA_per_atom=    0.14, RMSE_ALPHA_DERIV=    8.01
2025-07-13 18:54:41.073 INFO: Epoch 773: head: Default, loss=0.0032, RMSE_MU_per_atom=0.00 mDebye, RMSE_MU_DERIV=0.00 mDebye / A, RMSE_ALPHA_per_atom=    0.14, RMSE_ALPHA_DERIV=    8.01
2025-07-13 18:55:32.625 INFO: Epoch 774: head: Default, loss=0.0029, RMSE_MU_per_atom=0.00 mDebye, RMSE_MU_DERIV=0.00 mDebye / A, RMSE_ALPHA_per_atom=    0.13, RMSE_ALPHA_DERIV=    8.00
2025-07-13 18:56:24.195 INFO: Epoch 775: head: Default, loss=0.0030, RMSE_MU_per_atom=0.00 mDebye, RMSE_MU_DERIV=0.00 mDebye / A, RMSE_ALPHA_per_atom=    0.13, RMSE_ALPHA_DERIV=    8.00
2025-07-13 18:57:15.771 INFO: Epoch 776: head: Default, loss=0.0029, RMSE_MU_per_atom=0.00 mDebye, RMSE_MU_DERIV=0.00 mDebye / A, RMSE_ALPHA_per_atom=    0.13, RMSE_ALPHA_DERIV=    8.00
2025-07-13 18:58:07.334 INFO: Epoch 777: head: Default, loss=0.0031, RMSE_MU_per_atom=0.00 mDebye, RMSE_MU_DERIV=0.00 mDebye / A, RMSE_ALPHA_per_atom=    0.14, RMSE_ALPHA_DERIV=    8.01
2025-07-13 18:58:58.904 INFO: Epoch 778: head: Default, loss=0.0032, RMSE_MU_per_atom=0.00 mDebye, RMSE_MU_DERIV=0.00 mDebye / A, RMSE_ALPHA_per_atom=    0.14, RMSE_ALPHA_DERIV=    8.01
2025-07-13 18:59:50.464 INFO: Epoch 779: head: Default, loss=0.0030, RMSE_MU_per_atom=0.00 mDebye, RMSE_MU_DERIV=0.00 mDebye / A, RMSE_ALPHA_per_atom=    0.14, RMSE_ALPHA_DERIV=    8.00
2025-07-13 19:00:42.012 INFO: Epoch 780: head: Default, loss=0.0031, RMSE_MU_per_atom=0.00 mDebye, RMSE_MU_DERIV=0.00 mDebye / A, RMSE_ALPHA_per_atom=    0.14, RMSE_ALPHA_DERIV=    8.00
2025-07-13 19:01:33.585 INFO: Epoch 781: head: Default, loss=0.0033, RMSE_MU_per_atom=0.00 mDebye, RMSE_MU_DERIV=0.00 mDebye / A, RMSE_ALPHA_per_atom=    0.14, RMSE_ALPHA_DERIV=    8.01
2025-07-13 19:02:25.143 INFO: Epoch 782: head: Default, loss=0.0030, RMSE_MU_per_atom=0.00 mDebye, RMSE_MU_DERIV=0.00 mDebye / A, RMSE_ALPHA_per_atom=    0.14, RMSE_ALPHA_DERIV=    8.00
2025-07-13 19:03:16.710 INFO: Epoch 783: head: Default, loss=0.0030, RMSE_MU_per_atom=0.00 mDebye, RMSE_MU_DERIV=0.00 mDebye / A, RMSE_ALPHA_per_atom=    0.13, RMSE_ALPHA_DERIV=    8.00
2025-07-13 19:04:08.274 INFO: Epoch 784: head: Default, loss=0.0031, RMSE_MU_per_atom=0.00 mDebye, RMSE_MU_DERIV=0.00 mDebye / A, RMSE_ALPHA_per_atom=    0.14, RMSE_ALPHA_DERIV=    8.01
2025-07-13 19:04:59.833 INFO: Epoch 785: head: Default, loss=0.0033, RMSE_MU_per_atom=0.00 mDebye, RMSE_MU_DERIV=0.00 mDebye / A, RMSE_ALPHA_per_atom=    0.14, RMSE_ALPHA_DERIV=    8.01
2025-07-13 19:05:51.384 INFO: Epoch 786: head: Default, loss=0.0031, RMSE_MU_per_atom=0.00 mDebye, RMSE_MU_DERIV=0.00 mDebye / A, RMSE_ALPHA_per_atom=    0.14, RMSE_ALPHA_DERIV=    8.00
2025-07-13 19:06:42.951 INFO: Epoch 787: head: Default, loss=0.0033, RMSE_MU_per_atom=0.00 mDebye, RMSE_MU_DERIV=0.00 mDebye / A, RMSE_ALPHA_per_atom=    0.14, RMSE_ALPHA_DERIV=    8.01
2025-07-13 19:07:34.529 INFO: Epoch 788: head: Default, loss=0.0031, RMSE_MU_per_atom=0.00 mDebye, RMSE_MU_DERIV=0.00 mDebye / A, RMSE_ALPHA_per_atom=    0.14, RMSE_ALPHA_DERIV=    8.00
2025-07-13 19:08:26.094 INFO: Epoch 789: head: Default, loss=0.0030, RMSE_MU_per_atom=0.00 mDebye, RMSE_MU_DERIV=0.00 mDebye / A, RMSE_ALPHA_per_atom=    0.14, RMSE_ALPHA_DERIV=    8.00
2025-07-13 19:09:17.643 INFO: Epoch 790: head: Default, loss=0.0032, RMSE_MU_per_atom=0.00 mDebye, RMSE_MU_DERIV=0.00 mDebye / A, RMSE_ALPHA_per_atom=    0.14, RMSE_ALPHA_DERIV=    8.01
2025-07-13 19:10:09.220 INFO: Epoch 791: head: Default, loss=0.0031, RMSE_MU_per_atom=0.00 mDebye, RMSE_MU_DERIV=0.00 mDebye / A, RMSE_ALPHA_per_atom=    0.14, RMSE_ALPHA_DERIV=    8.01
2025-07-13 19:11:00.785 INFO: Epoch 792: head: Default, loss=0.0031, RMSE_MU_per_atom=0.00 mDebye, RMSE_MU_DERIV=0.00 mDebye / A, RMSE_ALPHA_per_atom=    0.14, RMSE_ALPHA_DERIV=    8.00
2025-07-13 19:11:52.349 INFO: Epoch 793: head: Default, loss=0.0031, RMSE_MU_per_atom=0.00 mDebye, RMSE_MU_DERIV=0.00 mDebye / A, RMSE_ALPHA_per_atom=    0.14, RMSE_ALPHA_DERIV=    8.00
2025-07-13 19:12:43.902 INFO: Epoch 794: head: Default, loss=0.0028, RMSE_MU_per_atom=0.00 mDebye, RMSE_MU_DERIV=0.00 mDebye / A, RMSE_ALPHA_per_atom=    0.13, RMSE_ALPHA_DERIV=    8.00
2025-07-13 19:13:35.471 INFO: Epoch 795: head: Default, loss=0.0032, RMSE_MU_per_atom=0.00 mDebye, RMSE_MU_DERIV=0.00 mDebye / A, RMSE_ALPHA_per_atom=    0.14, RMSE_ALPHA_DERIV=    8.01
2025-07-13 19:14:27.037 INFO: Epoch 796: head: Default, loss=0.0031, RMSE_MU_per_atom=0.00 mDebye, RMSE_MU_DERIV=0.00 mDebye / A, RMSE_ALPHA_per_atom=    0.14, RMSE_ALPHA_DERIV=    8.01
2025-07-13 19:15:18.603 INFO: Epoch 797: head: Default, loss=0.0031, RMSE_MU_per_atom=0.00 mDebye, RMSE_MU_DERIV=0.00 mDebye / A, RMSE_ALPHA_per_atom=    0.14, RMSE_ALPHA_DERIV=    8.01
2025-07-13 19:16:10.173 INFO: Epoch 798: head: Default, loss=0.0030, RMSE_MU_per_atom=0.00 mDebye, RMSE_MU_DERIV=0.00 mDebye / A, RMSE_ALPHA_per_atom=    0.14, RMSE_ALPHA_DERIV=    8.01
2025-07-13 19:17:01.740 INFO: Epoch 799: head: Default, loss=0.0029, RMSE_MU_per_atom=0.00 mDebye, RMSE_MU_DERIV=0.00 mDebye / A, RMSE_ALPHA_per_atom=    0.13, RMSE_ALPHA_DERIV=    8.00
2025-07-13 19:17:53.299 INFO: Epoch 800: head: Default, loss=0.0030, RMSE_MU_per_atom=0.00 mDebye, RMSE_MU_DERIV=0.00 mDebye / A, RMSE_ALPHA_per_atom=    0.13, RMSE_ALPHA_DERIV=    8.00
2025-07-13 19:18:44.848 INFO: Epoch 801: head: Default, loss=0.0028, RMSE_MU_per_atom=0.00 mDebye, RMSE_MU_DERIV=0.00 mDebye / A, RMSE_ALPHA_per_atom=    0.13, RMSE_ALPHA_DERIV=    7.99
2025-07-13 19:19:36.393 INFO: Epoch 802: head: Default, loss=0.0031, RMSE_MU_per_atom=0.00 mDebye, RMSE_MU_DERIV=0.00 mDebye / A, RMSE_ALPHA_per_atom=    0.14, RMSE_ALPHA_DERIV=    8.01
2025-07-13 19:20:27.963 INFO: Epoch 803: head: Default, loss=0.0030, RMSE_MU_per_atom=0.00 mDebye, RMSE_MU_DERIV=0.00 mDebye / A, RMSE_ALPHA_per_atom=    0.13, RMSE_ALPHA_DERIV=    8.00
2025-07-13 19:21:19.524 INFO: Epoch 804: head: Default, loss=0.0031, RMSE_MU_per_atom=0.00 mDebye, RMSE_MU_DERIV=0.00 mDebye / A, RMSE_ALPHA_per_atom=    0.14, RMSE_ALPHA_DERIV=    8.00
2025-07-13 19:22:11.085 INFO: Epoch 805: head: Default, loss=0.0031, RMSE_MU_per_atom=0.00 mDebye, RMSE_MU_DERIV=0.00 mDebye / A, RMSE_ALPHA_per_atom=    0.14, RMSE_ALPHA_DERIV=    8.00
2025-07-13 19:23:02.645 INFO: Epoch 806: head: Default, loss=0.0031, RMSE_MU_per_atom=0.00 mDebye, RMSE_MU_DERIV=0.00 mDebye / A, RMSE_ALPHA_per_atom=    0.14, RMSE_ALPHA_DERIV=    8.01
2025-07-13 19:23:54.215 INFO: Epoch 807: head: Default, loss=0.0030, RMSE_MU_per_atom=0.00 mDebye, RMSE_MU_DERIV=0.00 mDebye / A, RMSE_ALPHA_per_atom=    0.14, RMSE_ALPHA_DERIV=    8.00
2025-07-13 19:24:45.779 INFO: Epoch 808: head: Default, loss=0.0032, RMSE_MU_per_atom=0.00 mDebye, RMSE_MU_DERIV=0.00 mDebye / A, RMSE_ALPHA_per_atom=    0.14, RMSE_ALPHA_DERIV=    8.01
2025-07-13 19:25:37.350 INFO: Epoch 809: head: Default, loss=0.0032, RMSE_MU_per_atom=0.00 mDebye, RMSE_MU_DERIV=0.00 mDebye / A, RMSE_ALPHA_per_atom=    0.14, RMSE_ALPHA_DERIV=    8.01
2025-07-13 19:26:28.914 INFO: Epoch 810: head: Default, loss=0.0032, RMSE_MU_per_atom=0.00 mDebye, RMSE_MU_DERIV=0.00 mDebye / A, RMSE_ALPHA_per_atom=    0.14, RMSE_ALPHA_DERIV=    8.01
2025-07-13 19:27:20.478 INFO: Epoch 811: head: Default, loss=0.0033, RMSE_MU_per_atom=0.00 mDebye, RMSE_MU_DERIV=0.00 mDebye / A, RMSE_ALPHA_per_atom=    0.14, RMSE_ALPHA_DERIV=    8.01
2025-07-13 19:28:12.059 INFO: Epoch 812: head: Default, loss=0.0032, RMSE_MU_per_atom=0.00 mDebye, RMSE_MU_DERIV=0.00 mDebye / A, RMSE_ALPHA_per_atom=    0.14, RMSE_ALPHA_DERIV=    8.01
2025-07-13 19:29:03.622 INFO: Epoch 813: head: Default, loss=0.0031, RMSE_MU_per_atom=0.00 mDebye, RMSE_MU_DERIV=0.00 mDebye / A, RMSE_ALPHA_per_atom=    0.14, RMSE_ALPHA_DERIV=    8.00
2025-07-13 19:29:55.180 INFO: Epoch 814: head: Default, loss=0.0030, RMSE_MU_per_atom=0.00 mDebye, RMSE_MU_DERIV=0.00 mDebye / A, RMSE_ALPHA_per_atom=    0.14, RMSE_ALPHA_DERIV=    8.00
2025-07-13 19:30:46.743 INFO: Epoch 815: head: Default, loss=0.0032, RMSE_MU_per_atom=0.00 mDebye, RMSE_MU_DERIV=0.00 mDebye / A, RMSE_ALPHA_per_atom=    0.14, RMSE_ALPHA_DERIV=    8.00
2025-07-13 19:31:38.317 INFO: Epoch 816: head: Default, loss=0.0031, RMSE_MU_per_atom=0.00 mDebye, RMSE_MU_DERIV=0.00 mDebye / A, RMSE_ALPHA_per_atom=    0.14, RMSE_ALPHA_DERIV=    8.00
2025-07-13 19:32:29.888 INFO: Epoch 817: head: Default, loss=0.0031, RMSE_MU_per_atom=0.00 mDebye, RMSE_MU_DERIV=0.00 mDebye / A, RMSE_ALPHA_per_atom=    0.14, RMSE_ALPHA_DERIV=    8.00
2025-07-13 19:33:21.468 INFO: Epoch 818: head: Default, loss=0.0031, RMSE_MU_per_atom=0.00 mDebye, RMSE_MU_DERIV=0.00 mDebye / A, RMSE_ALPHA_per_atom=    0.14, RMSE_ALPHA_DERIV=    8.00
2025-07-13 19:34:13.026 INFO: Epoch 819: head: Default, loss=0.0031, RMSE_MU_per_atom=0.00 mDebye, RMSE_MU_DERIV=0.00 mDebye / A, RMSE_ALPHA_per_atom=    0.14, RMSE_ALPHA_DERIV=    8.00
2025-07-13 19:35:04.593 INFO: Epoch 820: head: Default, loss=0.0032, RMSE_MU_per_atom=0.00 mDebye, RMSE_MU_DERIV=0.00 mDebye / A, RMSE_ALPHA_per_atom=    0.14, RMSE_ALPHA_DERIV=    8.01
2025-07-13 19:35:56.167 INFO: Epoch 821: head: Default, loss=0.0031, RMSE_MU_per_atom=0.00 mDebye, RMSE_MU_DERIV=0.00 mDebye / A, RMSE_ALPHA_per_atom=    0.14, RMSE_ALPHA_DERIV=    8.00
2025-07-13 19:36:47.745 INFO: Epoch 822: head: Default, loss=0.0032, RMSE_MU_per_atom=0.00 mDebye, RMSE_MU_DERIV=0.00 mDebye / A, RMSE_ALPHA_per_atom=    0.14, RMSE_ALPHA_DERIV=    8.01
2025-07-13 19:37:39.311 INFO: Epoch 823: head: Default, loss=0.0031, RMSE_MU_per_atom=0.00 mDebye, RMSE_MU_DERIV=0.00 mDebye / A, RMSE_ALPHA_per_atom=    0.14, RMSE_ALPHA_DERIV=    8.00
2025-07-13 19:38:30.865 INFO: Epoch 824: head: Default, loss=0.0031, RMSE_MU_per_atom=0.00 mDebye, RMSE_MU_DERIV=0.00 mDebye / A, RMSE_ALPHA_per_atom=    0.14, RMSE_ALPHA_DERIV=    8.00
2025-07-13 19:39:22.423 INFO: Epoch 825: head: Default, loss=0.0030, RMSE_MU_per_atom=0.00 mDebye, RMSE_MU_DERIV=0.00 mDebye / A, RMSE_ALPHA_per_atom=    0.13, RMSE_ALPHA_DERIV=    8.00
2025-07-13 19:40:13.991 INFO: Epoch 826: head: Default, loss=0.0031, RMSE_MU_per_atom=0.00 mDebye, RMSE_MU_DERIV=0.00 mDebye / A, RMSE_ALPHA_per_atom=    0.14, RMSE_ALPHA_DERIV=    8.01
2025-07-13 19:41:05.570 INFO: Epoch 827: head: Default, loss=0.0031, RMSE_MU_per_atom=0.00 mDebye, RMSE_MU_DERIV=0.00 mDebye / A, RMSE_ALPHA_per_atom=    0.14, RMSE_ALPHA_DERIV=    8.00
2025-07-13 19:41:57.136 INFO: Epoch 828: head: Default, loss=0.0031, RMSE_MU_per_atom=0.00 mDebye, RMSE_MU_DERIV=0.00 mDebye / A, RMSE_ALPHA_per_atom=    0.14, RMSE_ALPHA_DERIV=    8.00
2025-07-13 19:42:48.701 INFO: Epoch 829: head: Default, loss=0.0032, RMSE_MU_per_atom=0.00 mDebye, RMSE_MU_DERIV=0.00 mDebye / A, RMSE_ALPHA_per_atom=    0.14, RMSE_ALPHA_DERIV=    8.01
2025-07-13 19:43:40.245 INFO: Epoch 830: head: Default, loss=0.0033, RMSE_MU_per_atom=0.00 mDebye, RMSE_MU_DERIV=0.00 mDebye / A, RMSE_ALPHA_per_atom=    0.14, RMSE_ALPHA_DERIV=    8.01
2025-07-13 19:44:31.813 INFO: Epoch 831: head: Default, loss=0.0032, RMSE_MU_per_atom=0.00 mDebye, RMSE_MU_DERIV=0.00 mDebye / A, RMSE_ALPHA_per_atom=    0.14, RMSE_ALPHA_DERIV=    8.01
2025-07-13 19:45:23.392 INFO: Epoch 832: head: Default, loss=0.0031, RMSE_MU_per_atom=0.00 mDebye, RMSE_MU_DERIV=0.00 mDebye / A, RMSE_ALPHA_per_atom=    0.14, RMSE_ALPHA_DERIV=    8.01
2025-07-13 19:46:14.968 INFO: Epoch 833: head: Default, loss=0.0032, RMSE_MU_per_atom=0.00 mDebye, RMSE_MU_DERIV=0.00 mDebye / A, RMSE_ALPHA_per_atom=    0.14, RMSE_ALPHA_DERIV=    8.01
2025-07-13 19:47:06.532 INFO: Epoch 834: head: Default, loss=0.0033, RMSE_MU_per_atom=0.00 mDebye, RMSE_MU_DERIV=0.00 mDebye / A, RMSE_ALPHA_per_atom=    0.14, RMSE_ALPHA_DERIV=    8.02
2025-07-13 19:47:58.101 INFO: Epoch 835: head: Default, loss=0.0030, RMSE_MU_per_atom=0.00 mDebye, RMSE_MU_DERIV=0.00 mDebye / A, RMSE_ALPHA_per_atom=    0.13, RMSE_ALPHA_DERIV=    8.00
2025-07-13 19:48:49.657 INFO: Epoch 836: head: Default, loss=0.0030, RMSE_MU_per_atom=0.00 mDebye, RMSE_MU_DERIV=0.00 mDebye / A, RMSE_ALPHA_per_atom=    0.13, RMSE_ALPHA_DERIV=    8.00
2025-07-13 19:49:41.220 INFO: Epoch 837: head: Default, loss=0.0030, RMSE_MU_per_atom=0.00 mDebye, RMSE_MU_DERIV=0.00 mDebye / A, RMSE_ALPHA_per_atom=    0.14, RMSE_ALPHA_DERIV=    8.00
2025-07-13 19:50:32.769 INFO: Epoch 838: head: Default, loss=0.0031, RMSE_MU_per_atom=0.00 mDebye, RMSE_MU_DERIV=0.00 mDebye / A, RMSE_ALPHA_per_atom=    0.14, RMSE_ALPHA_DERIV=    8.00
2025-07-13 19:51:24.361 INFO: Epoch 839: head: Default, loss=0.0031, RMSE_MU_per_atom=0.00 mDebye, RMSE_MU_DERIV=0.00 mDebye / A, RMSE_ALPHA_per_atom=    0.14, RMSE_ALPHA_DERIV=    8.01
2025-07-13 19:52:15.915 INFO: Epoch 840: head: Default, loss=0.0031, RMSE_MU_per_atom=0.00 mDebye, RMSE_MU_DERIV=0.00 mDebye / A, RMSE_ALPHA_per_atom=    0.14, RMSE_ALPHA_DERIV=    8.01
2025-07-13 19:53:07.477 INFO: Epoch 841: head: Default, loss=0.0031, RMSE_MU_per_atom=0.00 mDebye, RMSE_MU_DERIV=0.00 mDebye / A, RMSE_ALPHA_per_atom=    0.14, RMSE_ALPHA_DERIV=    8.00
2025-07-13 19:53:59.018 INFO: Epoch 842: head: Default, loss=0.0032, RMSE_MU_per_atom=0.00 mDebye, RMSE_MU_DERIV=0.00 mDebye / A, RMSE_ALPHA_per_atom=    0.14, RMSE_ALPHA_DERIV=    8.01
2025-07-13 19:54:50.589 INFO: Epoch 843: head: Default, loss=0.0031, RMSE_MU_per_atom=0.00 mDebye, RMSE_MU_DERIV=0.00 mDebye / A, RMSE_ALPHA_per_atom=    0.14, RMSE_ALPHA_DERIV=    8.01
2025-07-13 19:55:42.135 INFO: Epoch 844: head: Default, loss=0.0033, RMSE_MU_per_atom=0.00 mDebye, RMSE_MU_DERIV=0.00 mDebye / A, RMSE_ALPHA_per_atom=    0.14, RMSE_ALPHA_DERIV=    8.01
2025-07-13 19:56:33.710 INFO: Epoch 845: head: Default, loss=0.0033, RMSE_MU_per_atom=0.00 mDebye, RMSE_MU_DERIV=0.00 mDebye / A, RMSE_ALPHA_per_atom=    0.14, RMSE_ALPHA_DERIV=    8.01
2025-07-13 19:57:25.272 INFO: Epoch 846: head: Default, loss=0.0032, RMSE_MU_per_atom=0.00 mDebye, RMSE_MU_DERIV=0.00 mDebye / A, RMSE_ALPHA_per_atom=    0.14, RMSE_ALPHA_DERIV=    8.01
2025-07-13 19:58:16.818 INFO: Epoch 847: head: Default, loss=0.0031, RMSE_MU_per_atom=0.00 mDebye, RMSE_MU_DERIV=0.00 mDebye / A, RMSE_ALPHA_per_atom=    0.14, RMSE_ALPHA_DERIV=    8.01
2025-07-13 19:59:08.379 INFO: Epoch 848: head: Default, loss=0.0031, RMSE_MU_per_atom=0.00 mDebye, RMSE_MU_DERIV=0.00 mDebye / A, RMSE_ALPHA_per_atom=    0.14, RMSE_ALPHA_DERIV=    8.00
2025-07-13 19:59:59.945 INFO: Epoch 849: head: Default, loss=0.0030, RMSE_MU_per_atom=0.00 mDebye, RMSE_MU_DERIV=0.00 mDebye / A, RMSE_ALPHA_per_atom=    0.14, RMSE_ALPHA_DERIV=    8.00
2025-07-13 20:00:51.503 INFO: Epoch 850: head: Default, loss=0.0031, RMSE_MU_per_atom=0.00 mDebye, RMSE_MU_DERIV=0.00 mDebye / A, RMSE_ALPHA_per_atom=    0.14, RMSE_ALPHA_DERIV=    8.00
2025-07-13 20:01:43.053 INFO: Epoch 851: head: Default, loss=0.0032, RMSE_MU_per_atom=0.00 mDebye, RMSE_MU_DERIV=0.00 mDebye / A, RMSE_ALPHA_per_atom=    0.14, RMSE_ALPHA_DERIV=    8.01
2025-07-13 20:02:34.614 INFO: Epoch 852: head: Default, loss=0.0032, RMSE_MU_per_atom=0.00 mDebye, RMSE_MU_DERIV=0.00 mDebye / A, RMSE_ALPHA_per_atom=    0.14, RMSE_ALPHA_DERIV=    8.01
2025-07-13 20:03:26.172 INFO: Epoch 853: head: Default, loss=0.0031, RMSE_MU_per_atom=0.00 mDebye, RMSE_MU_DERIV=0.00 mDebye / A, RMSE_ALPHA_per_atom=    0.14, RMSE_ALPHA_DERIV=    8.00
2025-07-13 20:04:17.745 INFO: Epoch 854: head: Default, loss=0.0031, RMSE_MU_per_atom=0.00 mDebye, RMSE_MU_DERIV=0.00 mDebye / A, RMSE_ALPHA_per_atom=    0.14, RMSE_ALPHA_DERIV=    8.01
2025-07-13 20:05:09.320 INFO: Epoch 855: head: Default, loss=0.0032, RMSE_MU_per_atom=0.00 mDebye, RMSE_MU_DERIV=0.00 mDebye / A, RMSE_ALPHA_per_atom=    0.14, RMSE_ALPHA_DERIV=    8.01
2025-07-13 20:06:00.884 INFO: Epoch 856: head: Default, loss=0.0031, RMSE_MU_per_atom=0.00 mDebye, RMSE_MU_DERIV=0.00 mDebye / A, RMSE_ALPHA_per_atom=    0.14, RMSE_ALPHA_DERIV=    8.00
2025-07-13 20:06:52.442 INFO: Epoch 857: head: Default, loss=0.0031, RMSE_MU_per_atom=0.00 mDebye, RMSE_MU_DERIV=0.00 mDebye / A, RMSE_ALPHA_per_atom=    0.14, RMSE_ALPHA_DERIV=    8.00
2025-07-13 20:07:44.005 INFO: Epoch 858: head: Default, loss=0.0030, RMSE_MU_per_atom=0.00 mDebye, RMSE_MU_DERIV=0.00 mDebye / A, RMSE_ALPHA_per_atom=    0.14, RMSE_ALPHA_DERIV=    8.00
2025-07-13 20:08:35.559 INFO: Epoch 859: head: Default, loss=0.0032, RMSE_MU_per_atom=0.00 mDebye, RMSE_MU_DERIV=0.00 mDebye / A, RMSE_ALPHA_per_atom=    0.14, RMSE_ALPHA_DERIV=    8.01
2025-07-13 20:09:27.120 INFO: Epoch 860: head: Default, loss=0.0031, RMSE_MU_per_atom=0.00 mDebye, RMSE_MU_DERIV=0.00 mDebye / A, RMSE_ALPHA_per_atom=    0.14, RMSE_ALPHA_DERIV=    8.01
2025-07-13 20:10:18.679 INFO: Epoch 861: head: Default, loss=0.0032, RMSE_MU_per_atom=0.00 mDebye, RMSE_MU_DERIV=0.00 mDebye / A, RMSE_ALPHA_per_atom=    0.14, RMSE_ALPHA_DERIV=    8.00
2025-07-13 20:11:10.229 INFO: Epoch 862: head: Default, loss=0.0032, RMSE_MU_per_atom=0.00 mDebye, RMSE_MU_DERIV=0.00 mDebye / A, RMSE_ALPHA_per_atom=    0.14, RMSE_ALPHA_DERIV=    8.01
2025-07-13 20:12:01.800 INFO: Epoch 863: head: Default, loss=0.0031, RMSE_MU_per_atom=0.00 mDebye, RMSE_MU_DERIV=0.00 mDebye / A, RMSE_ALPHA_per_atom=    0.14, RMSE_ALPHA_DERIV=    8.01
2025-07-13 20:12:53.366 INFO: Epoch 864: head: Default, loss=0.0031, RMSE_MU_per_atom=0.00 mDebye, RMSE_MU_DERIV=0.00 mDebye / A, RMSE_ALPHA_per_atom=    0.14, RMSE_ALPHA_DERIV=    8.01
2025-07-13 20:13:44.924 INFO: Epoch 865: head: Default, loss=0.0032, RMSE_MU_per_atom=0.00 mDebye, RMSE_MU_DERIV=0.00 mDebye / A, RMSE_ALPHA_per_atom=    0.14, RMSE_ALPHA_DERIV=    8.01
2025-07-13 20:14:36.490 INFO: Epoch 866: head: Default, loss=0.0031, RMSE_MU_per_atom=0.00 mDebye, RMSE_MU_DERIV=0.00 mDebye / A, RMSE_ALPHA_per_atom=    0.14, RMSE_ALPHA_DERIV=    8.00
2025-07-13 20:15:28.060 INFO: Epoch 867: head: Default, loss=0.0030, RMSE_MU_per_atom=0.00 mDebye, RMSE_MU_DERIV=0.00 mDebye / A, RMSE_ALPHA_per_atom=    0.14, RMSE_ALPHA_DERIV=    8.00
2025-07-13 20:16:19.628 INFO: Epoch 868: head: Default, loss=0.0031, RMSE_MU_per_atom=0.00 mDebye, RMSE_MU_DERIV=0.00 mDebye / A, RMSE_ALPHA_per_atom=    0.14, RMSE_ALPHA_DERIV=    8.01
2025-07-13 20:17:11.203 INFO: Epoch 869: head: Default, loss=0.0033, RMSE_MU_per_atom=0.00 mDebye, RMSE_MU_DERIV=0.00 mDebye / A, RMSE_ALPHA_per_atom=    0.14, RMSE_ALPHA_DERIV=    8.01
2025-07-13 20:18:02.776 INFO: Epoch 870: head: Default, loss=0.0030, RMSE_MU_per_atom=0.00 mDebye, RMSE_MU_DERIV=0.00 mDebye / A, RMSE_ALPHA_per_atom=    0.13, RMSE_ALPHA_DERIV=    8.00
2025-07-13 20:18:54.323 INFO: Epoch 871: head: Default, loss=0.0031, RMSE_MU_per_atom=0.00 mDebye, RMSE_MU_DERIV=0.00 mDebye / A, RMSE_ALPHA_per_atom=    0.14, RMSE_ALPHA_DERIV=    8.01
2025-07-13 20:19:45.879 INFO: Epoch 872: head: Default, loss=0.0031, RMSE_MU_per_atom=0.00 mDebye, RMSE_MU_DERIV=0.00 mDebye / A, RMSE_ALPHA_per_atom=    0.14, RMSE_ALPHA_DERIV=    8.01
2025-07-13 20:20:37.432 INFO: Epoch 873: head: Default, loss=0.0031, RMSE_MU_per_atom=0.00 mDebye, RMSE_MU_DERIV=0.00 mDebye / A, RMSE_ALPHA_per_atom=    0.14, RMSE_ALPHA_DERIV=    8.01
2025-07-13 20:21:28.988 INFO: Epoch 874: head: Default, loss=0.0031, RMSE_MU_per_atom=0.00 mDebye, RMSE_MU_DERIV=0.00 mDebye / A, RMSE_ALPHA_per_atom=    0.14, RMSE_ALPHA_DERIV=    8.00
2025-07-13 20:22:20.536 INFO: Epoch 875: head: Default, loss=0.0031, RMSE_MU_per_atom=0.00 mDebye, RMSE_MU_DERIV=0.00 mDebye / A, RMSE_ALPHA_per_atom=    0.14, RMSE_ALPHA_DERIV=    8.01
2025-07-13 20:23:12.096 INFO: Epoch 876: head: Default, loss=0.0031, RMSE_MU_per_atom=0.00 mDebye, RMSE_MU_DERIV=0.00 mDebye / A, RMSE_ALPHA_per_atom=    0.14, RMSE_ALPHA_DERIV=    8.00
2025-07-13 20:24:03.650 INFO: Epoch 877: head: Default, loss=0.0029, RMSE_MU_per_atom=0.00 mDebye, RMSE_MU_DERIV=0.00 mDebye / A, RMSE_ALPHA_per_atom=    0.13, RMSE_ALPHA_DERIV=    8.00
2025-07-13 20:24:55.218 INFO: Epoch 878: head: Default, loss=0.0032, RMSE_MU_per_atom=0.00 mDebye, RMSE_MU_DERIV=0.00 mDebye / A, RMSE_ALPHA_per_atom=    0.14, RMSE_ALPHA_DERIV=    8.01
2025-07-13 20:25:46.767 INFO: Epoch 879: head: Default, loss=0.0030, RMSE_MU_per_atom=0.00 mDebye, RMSE_MU_DERIV=0.00 mDebye / A, RMSE_ALPHA_per_atom=    0.13, RMSE_ALPHA_DERIV=    8.00
2025-07-13 20:26:38.344 INFO: Epoch 880: head: Default, loss=0.0031, RMSE_MU_per_atom=0.00 mDebye, RMSE_MU_DERIV=0.00 mDebye / A, RMSE_ALPHA_per_atom=    0.14, RMSE_ALPHA_DERIV=    8.01
2025-07-13 20:27:29.922 INFO: Epoch 881: head: Default, loss=0.0030, RMSE_MU_per_atom=0.00 mDebye, RMSE_MU_DERIV=0.00 mDebye / A, RMSE_ALPHA_per_atom=    0.13, RMSE_ALPHA_DERIV=    8.00
2025-07-13 20:28:21.477 INFO: Epoch 882: head: Default, loss=0.0034, RMSE_MU_per_atom=0.00 mDebye, RMSE_MU_DERIV=0.00 mDebye / A, RMSE_ALPHA_per_atom=    0.14, RMSE_ALPHA_DERIV=    8.01
2025-07-13 20:29:13.027 INFO: Epoch 883: head: Default, loss=0.0033, RMSE_MU_per_atom=0.00 mDebye, RMSE_MU_DERIV=0.00 mDebye / A, RMSE_ALPHA_per_atom=    0.14, RMSE_ALPHA_DERIV=    8.01
2025-07-13 20:30:04.593 INFO: Epoch 884: head: Default, loss=0.0032, RMSE_MU_per_atom=0.00 mDebye, RMSE_MU_DERIV=0.00 mDebye / A, RMSE_ALPHA_per_atom=    0.14, RMSE_ALPHA_DERIV=    8.01
2025-07-13 20:30:56.137 INFO: Epoch 885: head: Default, loss=0.0032, RMSE_MU_per_atom=0.00 mDebye, RMSE_MU_DERIV=0.00 mDebye / A, RMSE_ALPHA_per_atom=    0.14, RMSE_ALPHA_DERIV=    8.01
2025-07-13 20:31:47.714 INFO: Epoch 886: head: Default, loss=0.0031, RMSE_MU_per_atom=0.00 mDebye, RMSE_MU_DERIV=0.00 mDebye / A, RMSE_ALPHA_per_atom=    0.14, RMSE_ALPHA_DERIV=    8.01
2025-07-13 20:32:39.263 INFO: Epoch 887: head: Default, loss=0.0031, RMSE_MU_per_atom=0.00 mDebye, RMSE_MU_DERIV=0.00 mDebye / A, RMSE_ALPHA_per_atom=    0.14, RMSE_ALPHA_DERIV=    8.01
2025-07-13 20:33:30.824 INFO: Epoch 888: head: Default, loss=0.0031, RMSE_MU_per_atom=0.00 mDebye, RMSE_MU_DERIV=0.00 mDebye / A, RMSE_ALPHA_per_atom=    0.14, RMSE_ALPHA_DERIV=    8.00
2025-07-13 20:34:22.384 INFO: Epoch 889: head: Default, loss=0.0031, RMSE_MU_per_atom=0.00 mDebye, RMSE_MU_DERIV=0.00 mDebye / A, RMSE_ALPHA_per_atom=    0.14, RMSE_ALPHA_DERIV=    8.00
2025-07-13 20:35:13.948 INFO: Epoch 890: head: Default, loss=0.0032, RMSE_MU_per_atom=0.00 mDebye, RMSE_MU_DERIV=0.00 mDebye / A, RMSE_ALPHA_per_atom=    0.14, RMSE_ALPHA_DERIV=    8.01
2025-07-13 20:36:05.494 INFO: Epoch 891: head: Default, loss=0.0033, RMSE_MU_per_atom=0.00 mDebye, RMSE_MU_DERIV=0.00 mDebye / A, RMSE_ALPHA_per_atom=    0.14, RMSE_ALPHA_DERIV=    8.01
2025-07-13 20:36:57.063 INFO: Epoch 892: head: Default, loss=0.0030, RMSE_MU_per_atom=0.00 mDebye, RMSE_MU_DERIV=0.00 mDebye / A, RMSE_ALPHA_per_atom=    0.13, RMSE_ALPHA_DERIV=    8.00
2025-07-13 20:37:48.623 INFO: Epoch 893: head: Default, loss=0.0031, RMSE_MU_per_atom=0.00 mDebye, RMSE_MU_DERIV=0.00 mDebye / A, RMSE_ALPHA_per_atom=    0.14, RMSE_ALPHA_DERIV=    8.01
2025-07-13 20:38:40.184 INFO: Epoch 894: head: Default, loss=0.0030, RMSE_MU_per_atom=0.00 mDebye, RMSE_MU_DERIV=0.00 mDebye / A, RMSE_ALPHA_per_atom=    0.14, RMSE_ALPHA_DERIV=    8.01
2025-07-13 20:39:31.739 INFO: Epoch 895: head: Default, loss=0.0031, RMSE_MU_per_atom=0.00 mDebye, RMSE_MU_DERIV=0.00 mDebye / A, RMSE_ALPHA_per_atom=    0.14, RMSE_ALPHA_DERIV=    8.00
2025-07-13 20:40:23.305 INFO: Epoch 896: head: Default, loss=0.0029, RMSE_MU_per_atom=0.00 mDebye, RMSE_MU_DERIV=0.00 mDebye / A, RMSE_ALPHA_per_atom=    0.13, RMSE_ALPHA_DERIV=    8.00
2025-07-13 20:41:14.879 INFO: Epoch 897: head: Default, loss=0.0030, RMSE_MU_per_atom=0.00 mDebye, RMSE_MU_DERIV=0.00 mDebye / A, RMSE_ALPHA_per_atom=    0.14, RMSE_ALPHA_DERIV=    8.00
2025-07-13 20:42:06.453 INFO: Epoch 898: head: Default, loss=0.0031, RMSE_MU_per_atom=0.00 mDebye, RMSE_MU_DERIV=0.00 mDebye / A, RMSE_ALPHA_per_atom=    0.14, RMSE_ALPHA_DERIV=    8.01
2025-07-13 20:42:58.029 INFO: Epoch 899: head: Default, loss=0.0031, RMSE_MU_per_atom=0.00 mDebye, RMSE_MU_DERIV=0.00 mDebye / A, RMSE_ALPHA_per_atom=    0.14, RMSE_ALPHA_DERIV=    8.01
2025-07-13 20:43:49.588 INFO: Epoch 900: head: Default, loss=0.0032, RMSE_MU_per_atom=0.00 mDebye, RMSE_MU_DERIV=0.00 mDebye / A, RMSE_ALPHA_per_atom=    0.14, RMSE_ALPHA_DERIV=    8.01
2025-07-13 20:44:41.151 INFO: Epoch 901: head: Default, loss=0.0033, RMSE_MU_per_atom=0.00 mDebye, RMSE_MU_DERIV=0.00 mDebye / A, RMSE_ALPHA_per_atom=    0.14, RMSE_ALPHA_DERIV=    8.01
2025-07-13 20:45:32.722 INFO: Epoch 902: head: Default, loss=0.0031, RMSE_MU_per_atom=0.00 mDebye, RMSE_MU_DERIV=0.00 mDebye / A, RMSE_ALPHA_per_atom=    0.14, RMSE_ALPHA_DERIV=    8.01
2025-07-13 20:46:24.288 INFO: Epoch 903: head: Default, loss=0.0031, RMSE_MU_per_atom=0.00 mDebye, RMSE_MU_DERIV=0.00 mDebye / A, RMSE_ALPHA_per_atom=    0.14, RMSE_ALPHA_DERIV=    8.01
2025-07-13 20:47:15.836 INFO: Epoch 904: head: Default, loss=0.0033, RMSE_MU_per_atom=0.00 mDebye, RMSE_MU_DERIV=0.00 mDebye / A, RMSE_ALPHA_per_atom=    0.14, RMSE_ALPHA_DERIV=    8.01
2025-07-13 20:48:07.399 INFO: Epoch 905: head: Default, loss=0.0031, RMSE_MU_per_atom=0.00 mDebye, RMSE_MU_DERIV=0.00 mDebye / A, RMSE_ALPHA_per_atom=    0.14, RMSE_ALPHA_DERIV=    8.01
2025-07-13 20:48:58.968 INFO: Epoch 906: head: Default, loss=0.0031, RMSE_MU_per_atom=0.00 mDebye, RMSE_MU_DERIV=0.00 mDebye / A, RMSE_ALPHA_per_atom=    0.14, RMSE_ALPHA_DERIV=    8.01
2025-07-13 20:49:50.528 INFO: Epoch 907: head: Default, loss=0.0031, RMSE_MU_per_atom=0.00 mDebye, RMSE_MU_DERIV=0.00 mDebye / A, RMSE_ALPHA_per_atom=    0.14, RMSE_ALPHA_DERIV=    8.01
2025-07-13 20:50:42.085 INFO: Epoch 908: head: Default, loss=0.0031, RMSE_MU_per_atom=0.00 mDebye, RMSE_MU_DERIV=0.00 mDebye / A, RMSE_ALPHA_per_atom=    0.14, RMSE_ALPHA_DERIV=    8.01
2025-07-13 20:51:33.652 INFO: Epoch 909: head: Default, loss=0.0031, RMSE_MU_per_atom=0.00 mDebye, RMSE_MU_DERIV=0.00 mDebye / A, RMSE_ALPHA_per_atom=    0.14, RMSE_ALPHA_DERIV=    8.01
2025-07-13 20:52:25.215 INFO: Epoch 910: head: Default, loss=0.0030, RMSE_MU_per_atom=0.00 mDebye, RMSE_MU_DERIV=0.00 mDebye / A, RMSE_ALPHA_per_atom=    0.13, RMSE_ALPHA_DERIV=    8.01
2025-07-13 20:53:16.775 INFO: Epoch 911: head: Default, loss=0.0032, RMSE_MU_per_atom=0.00 mDebye, RMSE_MU_DERIV=0.00 mDebye / A, RMSE_ALPHA_per_atom=    0.14, RMSE_ALPHA_DERIV=    8.01
2025-07-13 20:54:08.337 INFO: Epoch 912: head: Default, loss=0.0030, RMSE_MU_per_atom=0.00 mDebye, RMSE_MU_DERIV=0.00 mDebye / A, RMSE_ALPHA_per_atom=    0.14, RMSE_ALPHA_DERIV=    8.01
2025-07-13 20:54:59.880 INFO: Epoch 913: head: Default, loss=0.0030, RMSE_MU_per_atom=0.00 mDebye, RMSE_MU_DERIV=0.00 mDebye / A, RMSE_ALPHA_per_atom=    0.13, RMSE_ALPHA_DERIV=    8.00
2025-07-13 20:55:51.446 INFO: Epoch 914: head: Default, loss=0.0030, RMSE_MU_per_atom=0.00 mDebye, RMSE_MU_DERIV=0.00 mDebye / A, RMSE_ALPHA_per_atom=    0.13, RMSE_ALPHA_DERIV=    8.00
2025-07-13 20:56:43.012 INFO: Epoch 915: head: Default, loss=0.0033, RMSE_MU_per_atom=0.00 mDebye, RMSE_MU_DERIV=0.00 mDebye / A, RMSE_ALPHA_per_atom=    0.14, RMSE_ALPHA_DERIV=    8.01
2025-07-13 20:57:34.576 INFO: Epoch 916: head: Default, loss=0.0031, RMSE_MU_per_atom=0.00 mDebye, RMSE_MU_DERIV=0.00 mDebye / A, RMSE_ALPHA_per_atom=    0.14, RMSE_ALPHA_DERIV=    8.01
2025-07-13 20:58:26.137 INFO: Epoch 917: head: Default, loss=0.0030, RMSE_MU_per_atom=0.00 mDebye, RMSE_MU_DERIV=0.00 mDebye / A, RMSE_ALPHA_per_atom=    0.14, RMSE_ALPHA_DERIV=    8.00
2025-07-13 20:59:17.702 INFO: Epoch 918: head: Default, loss=0.0029, RMSE_MU_per_atom=0.00 mDebye, RMSE_MU_DERIV=0.00 mDebye / A, RMSE_ALPHA_per_atom=    0.13, RMSE_ALPHA_DERIV=    8.00
2025-07-13 21:00:09.260 INFO: Epoch 919: head: Default, loss=0.0030, RMSE_MU_per_atom=0.00 mDebye, RMSE_MU_DERIV=0.00 mDebye / A, RMSE_ALPHA_per_atom=    0.14, RMSE_ALPHA_DERIV=    8.00
2025-07-13 21:01:00.835 INFO: Epoch 920: head: Default, loss=0.0033, RMSE_MU_per_atom=0.00 mDebye, RMSE_MU_DERIV=0.00 mDebye / A, RMSE_ALPHA_per_atom=    0.14, RMSE_ALPHA_DERIV=    8.01
2025-07-13 21:01:52.397 INFO: Epoch 921: head: Default, loss=0.0031, RMSE_MU_per_atom=0.00 mDebye, RMSE_MU_DERIV=0.00 mDebye / A, RMSE_ALPHA_per_atom=    0.14, RMSE_ALPHA_DERIV=    8.00
2025-07-13 21:02:43.962 INFO: Epoch 922: head: Default, loss=0.0031, RMSE_MU_per_atom=0.00 mDebye, RMSE_MU_DERIV=0.00 mDebye / A, RMSE_ALPHA_per_atom=    0.14, RMSE_ALPHA_DERIV=    8.01
2025-07-13 21:03:35.528 INFO: Epoch 923: head: Default, loss=0.0031, RMSE_MU_per_atom=0.00 mDebye, RMSE_MU_DERIV=0.00 mDebye / A, RMSE_ALPHA_per_atom=    0.14, RMSE_ALPHA_DERIV=    8.01
2025-07-13 21:04:27.076 INFO: Epoch 924: head: Default, loss=0.0030, RMSE_MU_per_atom=0.00 mDebye, RMSE_MU_DERIV=0.00 mDebye / A, RMSE_ALPHA_per_atom=    0.14, RMSE_ALPHA_DERIV=    8.00
2025-07-13 21:05:18.637 INFO: Epoch 925: head: Default, loss=0.0032, RMSE_MU_per_atom=0.00 mDebye, RMSE_MU_DERIV=0.00 mDebye / A, RMSE_ALPHA_per_atom=    0.14, RMSE_ALPHA_DERIV=    8.01
2025-07-13 21:06:10.205 INFO: Epoch 926: head: Default, loss=0.0031, RMSE_MU_per_atom=0.00 mDebye, RMSE_MU_DERIV=0.00 mDebye / A, RMSE_ALPHA_per_atom=    0.14, RMSE_ALPHA_DERIV=    8.01
2025-07-13 21:07:01.775 INFO: Epoch 927: head: Default, loss=0.0030, RMSE_MU_per_atom=0.00 mDebye, RMSE_MU_DERIV=0.00 mDebye / A, RMSE_ALPHA_per_atom=    0.14, RMSE_ALPHA_DERIV=    8.00
2025-07-13 21:07:53.357 INFO: Epoch 928: head: Default, loss=0.0031, RMSE_MU_per_atom=0.00 mDebye, RMSE_MU_DERIV=0.00 mDebye / A, RMSE_ALPHA_per_atom=    0.14, RMSE_ALPHA_DERIV=    8.01
2025-07-13 21:08:44.913 INFO: Epoch 929: head: Default, loss=0.0031, RMSE_MU_per_atom=0.00 mDebye, RMSE_MU_DERIV=0.00 mDebye / A, RMSE_ALPHA_per_atom=    0.14, RMSE_ALPHA_DERIV=    8.01
2025-07-13 21:09:36.459 INFO: Epoch 930: head: Default, loss=0.0032, RMSE_MU_per_atom=0.00 mDebye, RMSE_MU_DERIV=0.00 mDebye / A, RMSE_ALPHA_per_atom=    0.14, RMSE_ALPHA_DERIV=    8.01
2025-07-13 21:10:28.024 INFO: Epoch 931: head: Default, loss=0.0032, RMSE_MU_per_atom=0.00 mDebye, RMSE_MU_DERIV=0.00 mDebye / A, RMSE_ALPHA_per_atom=    0.14, RMSE_ALPHA_DERIV=    8.01
2025-07-13 21:11:19.589 INFO: Epoch 932: head: Default, loss=0.0029, RMSE_MU_per_atom=0.00 mDebye, RMSE_MU_DERIV=0.00 mDebye / A, RMSE_ALPHA_per_atom=    0.13, RMSE_ALPHA_DERIV=    8.00
2025-07-13 21:12:11.142 INFO: Epoch 933: head: Default, loss=0.0031, RMSE_MU_per_atom=0.00 mDebye, RMSE_MU_DERIV=0.00 mDebye / A, RMSE_ALPHA_per_atom=    0.14, RMSE_ALPHA_DERIV=    8.00
2025-07-13 21:13:02.708 INFO: Epoch 934: head: Default, loss=0.0031, RMSE_MU_per_atom=0.00 mDebye, RMSE_MU_DERIV=0.00 mDebye / A, RMSE_ALPHA_per_atom=    0.14, RMSE_ALPHA_DERIV=    8.01
2025-07-13 21:13:54.284 INFO: Epoch 935: head: Default, loss=0.0031, RMSE_MU_per_atom=0.00 mDebye, RMSE_MU_DERIV=0.00 mDebye / A, RMSE_ALPHA_per_atom=    0.14, RMSE_ALPHA_DERIV=    8.00
2025-07-13 21:14:45.853 INFO: Epoch 936: head: Default, loss=0.0031, RMSE_MU_per_atom=0.00 mDebye, RMSE_MU_DERIV=0.00 mDebye / A, RMSE_ALPHA_per_atom=    0.14, RMSE_ALPHA_DERIV=    8.00
2025-07-13 21:15:37.433 INFO: Epoch 937: head: Default, loss=0.0033, RMSE_MU_per_atom=0.00 mDebye, RMSE_MU_DERIV=0.00 mDebye / A, RMSE_ALPHA_per_atom=    0.14, RMSE_ALPHA_DERIV=    8.01
2025-07-13 21:16:29.005 INFO: Epoch 938: head: Default, loss=0.0030, RMSE_MU_per_atom=0.00 mDebye, RMSE_MU_DERIV=0.00 mDebye / A, RMSE_ALPHA_per_atom=    0.14, RMSE_ALPHA_DERIV=    8.00
2025-07-13 21:17:20.580 INFO: Epoch 939: head: Default, loss=0.0030, RMSE_MU_per_atom=0.00 mDebye, RMSE_MU_DERIV=0.00 mDebye / A, RMSE_ALPHA_per_atom=    0.13, RMSE_ALPHA_DERIV=    8.00
2025-07-13 21:18:12.140 INFO: Epoch 940: head: Default, loss=0.0031, RMSE_MU_per_atom=0.00 mDebye, RMSE_MU_DERIV=0.00 mDebye / A, RMSE_ALPHA_per_atom=    0.14, RMSE_ALPHA_DERIV=    8.01
2025-07-13 21:19:03.712 INFO: Epoch 941: head: Default, loss=0.0031, RMSE_MU_per_atom=0.00 mDebye, RMSE_MU_DERIV=0.00 mDebye / A, RMSE_ALPHA_per_atom=    0.14, RMSE_ALPHA_DERIV=    8.01
2025-07-13 21:19:55.277 INFO: Epoch 942: head: Default, loss=0.0031, RMSE_MU_per_atom=0.00 mDebye, RMSE_MU_DERIV=0.00 mDebye / A, RMSE_ALPHA_per_atom=    0.14, RMSE_ALPHA_DERIV=    8.01
2025-07-13 21:20:46.838 INFO: Epoch 943: head: Default, loss=0.0031, RMSE_MU_per_atom=0.00 mDebye, RMSE_MU_DERIV=0.00 mDebye / A, RMSE_ALPHA_per_atom=    0.14, RMSE_ALPHA_DERIV=    8.00
2025-07-13 21:21:38.411 INFO: Epoch 944: head: Default, loss=0.0030, RMSE_MU_per_atom=0.00 mDebye, RMSE_MU_DERIV=0.00 mDebye / A, RMSE_ALPHA_per_atom=    0.14, RMSE_ALPHA_DERIV=    8.00
2025-07-13 21:22:29.977 INFO: Epoch 945: head: Default, loss=0.0031, RMSE_MU_per_atom=0.00 mDebye, RMSE_MU_DERIV=0.00 mDebye / A, RMSE_ALPHA_per_atom=    0.14, RMSE_ALPHA_DERIV=    8.00
2025-07-13 21:23:21.564 INFO: Epoch 946: head: Default, loss=0.0031, RMSE_MU_per_atom=0.00 mDebye, RMSE_MU_DERIV=0.00 mDebye / A, RMSE_ALPHA_per_atom=    0.14, RMSE_ALPHA_DERIV=    8.00
2025-07-13 21:24:13.117 INFO: Epoch 947: head: Default, loss=0.0032, RMSE_MU_per_atom=0.00 mDebye, RMSE_MU_DERIV=0.00 mDebye / A, RMSE_ALPHA_per_atom=    0.14, RMSE_ALPHA_DERIV=    8.01
2025-07-13 21:25:04.669 INFO: Epoch 948: head: Default, loss=0.0031, RMSE_MU_per_atom=0.00 mDebye, RMSE_MU_DERIV=0.00 mDebye / A, RMSE_ALPHA_per_atom=    0.14, RMSE_ALPHA_DERIV=    8.00
2025-07-13 21:25:56.233 INFO: Epoch 949: head: Default, loss=0.0031, RMSE_MU_per_atom=0.00 mDebye, RMSE_MU_DERIV=0.00 mDebye / A, RMSE_ALPHA_per_atom=    0.14, RMSE_ALPHA_DERIV=    8.00
2025-07-13 21:26:47.809 INFO: Epoch 950: head: Default, loss=0.0030, RMSE_MU_per_atom=0.00 mDebye, RMSE_MU_DERIV=0.00 mDebye / A, RMSE_ALPHA_per_atom=    0.13, RMSE_ALPHA_DERIV=    8.00
2025-07-13 21:27:39.371 INFO: Epoch 951: head: Default, loss=0.0032, RMSE_MU_per_atom=0.00 mDebye, RMSE_MU_DERIV=0.00 mDebye / A, RMSE_ALPHA_per_atom=    0.14, RMSE_ALPHA_DERIV=    8.01
2025-07-13 21:28:30.950 INFO: Epoch 952: head: Default, loss=0.0031, RMSE_MU_per_atom=0.00 mDebye, RMSE_MU_DERIV=0.00 mDebye / A, RMSE_ALPHA_per_atom=    0.14, RMSE_ALPHA_DERIV=    8.00
2025-07-13 21:29:22.497 INFO: Epoch 953: head: Default, loss=0.0032, RMSE_MU_per_atom=0.00 mDebye, RMSE_MU_DERIV=0.00 mDebye / A, RMSE_ALPHA_per_atom=    0.14, RMSE_ALPHA_DERIV=    8.01
2025-07-13 21:30:14.071 INFO: Epoch 954: head: Default, loss=0.0030, RMSE_MU_per_atom=0.00 mDebye, RMSE_MU_DERIV=0.00 mDebye / A, RMSE_ALPHA_per_atom=    0.14, RMSE_ALPHA_DERIV=    8.00
2025-07-13 21:31:05.632 INFO: Epoch 955: head: Default, loss=0.0032, RMSE_MU_per_atom=0.00 mDebye, RMSE_MU_DERIV=0.00 mDebye / A, RMSE_ALPHA_per_atom=    0.14, RMSE_ALPHA_DERIV=    8.01
2025-07-13 21:31:57.216 INFO: Epoch 956: head: Default, loss=0.0031, RMSE_MU_per_atom=0.00 mDebye, RMSE_MU_DERIV=0.00 mDebye / A, RMSE_ALPHA_per_atom=    0.14, RMSE_ALPHA_DERIV=    8.01
2025-07-13 21:32:48.775 INFO: Epoch 957: head: Default, loss=0.0030, RMSE_MU_per_atom=0.00 mDebye, RMSE_MU_DERIV=0.00 mDebye / A, RMSE_ALPHA_per_atom=    0.14, RMSE_ALPHA_DERIV=    8.00
2025-07-13 21:33:40.349 INFO: Epoch 958: head: Default, loss=0.0031, RMSE_MU_per_atom=0.00 mDebye, RMSE_MU_DERIV=0.00 mDebye / A, RMSE_ALPHA_per_atom=    0.14, RMSE_ALPHA_DERIV=    8.00
2025-07-13 21:34:31.912 INFO: Epoch 959: head: Default, loss=0.0032, RMSE_MU_per_atom=0.00 mDebye, RMSE_MU_DERIV=0.00 mDebye / A, RMSE_ALPHA_per_atom=    0.14, RMSE_ALPHA_DERIV=    8.01
2025-07-13 21:35:23.479 INFO: Epoch 960: head: Default, loss=0.0032, RMSE_MU_per_atom=0.00 mDebye, RMSE_MU_DERIV=0.00 mDebye / A, RMSE_ALPHA_per_atom=    0.14, RMSE_ALPHA_DERIV=    8.01
2025-07-13 21:36:15.065 INFO: Epoch 961: head: Default, loss=0.0031, RMSE_MU_per_atom=0.00 mDebye, RMSE_MU_DERIV=0.00 mDebye / A, RMSE_ALPHA_per_atom=    0.14, RMSE_ALPHA_DERIV=    8.01
2025-07-13 21:37:06.630 INFO: Epoch 962: head: Default, loss=0.0031, RMSE_MU_per_atom=0.00 mDebye, RMSE_MU_DERIV=0.00 mDebye / A, RMSE_ALPHA_per_atom=    0.14, RMSE_ALPHA_DERIV=    8.01
2025-07-13 21:37:58.192 INFO: Epoch 963: head: Default, loss=0.0031, RMSE_MU_per_atom=0.00 mDebye, RMSE_MU_DERIV=0.00 mDebye / A, RMSE_ALPHA_per_atom=    0.14, RMSE_ALPHA_DERIV=    8.01
2025-07-13 21:38:49.759 INFO: Epoch 964: head: Default, loss=0.0031, RMSE_MU_per_atom=0.00 mDebye, RMSE_MU_DERIV=0.00 mDebye / A, RMSE_ALPHA_per_atom=    0.14, RMSE_ALPHA_DERIV=    8.01
2025-07-13 21:39:41.318 INFO: Epoch 965: head: Default, loss=0.0031, RMSE_MU_per_atom=0.00 mDebye, RMSE_MU_DERIV=0.00 mDebye / A, RMSE_ALPHA_per_atom=    0.14, RMSE_ALPHA_DERIV=    8.01
2025-07-13 21:40:32.884 INFO: Epoch 966: head: Default, loss=0.0031, RMSE_MU_per_atom=0.00 mDebye, RMSE_MU_DERIV=0.00 mDebye / A, RMSE_ALPHA_per_atom=    0.14, RMSE_ALPHA_DERIV=    8.01
2025-07-13 21:41:24.454 INFO: Epoch 967: head: Default, loss=0.0031, RMSE_MU_per_atom=0.00 mDebye, RMSE_MU_DERIV=0.00 mDebye / A, RMSE_ALPHA_per_atom=    0.14, RMSE_ALPHA_DERIV=    8.01
2025-07-13 21:42:16.028 INFO: Epoch 968: head: Default, loss=0.0031, RMSE_MU_per_atom=0.00 mDebye, RMSE_MU_DERIV=0.00 mDebye / A, RMSE_ALPHA_per_atom=    0.14, RMSE_ALPHA_DERIV=    8.01
2025-07-13 21:43:07.585 INFO: Epoch 969: head: Default, loss=0.0031, RMSE_MU_per_atom=0.00 mDebye, RMSE_MU_DERIV=0.00 mDebye / A, RMSE_ALPHA_per_atom=    0.14, RMSE_ALPHA_DERIV=    8.01
2025-07-13 21:43:59.142 INFO: Epoch 970: head: Default, loss=0.0030, RMSE_MU_per_atom=0.00 mDebye, RMSE_MU_DERIV=0.00 mDebye / A, RMSE_ALPHA_per_atom=    0.13, RMSE_ALPHA_DERIV=    8.00
2025-07-13 21:44:50.711 INFO: Epoch 971: head: Default, loss=0.0032, RMSE_MU_per_atom=0.00 mDebye, RMSE_MU_DERIV=0.00 mDebye / A, RMSE_ALPHA_per_atom=    0.14, RMSE_ALPHA_DERIV=    8.01
2025-07-13 21:45:42.264 INFO: Epoch 972: head: Default, loss=0.0032, RMSE_MU_per_atom=0.00 mDebye, RMSE_MU_DERIV=0.00 mDebye / A, RMSE_ALPHA_per_atom=    0.14, RMSE_ALPHA_DERIV=    8.01
2025-07-13 21:46:33.818 INFO: Epoch 973: head: Default, loss=0.0030, RMSE_MU_per_atom=0.00 mDebye, RMSE_MU_DERIV=0.00 mDebye / A, RMSE_ALPHA_per_atom=    0.14, RMSE_ALPHA_DERIV=    8.00
2025-07-13 21:47:25.375 INFO: Epoch 974: head: Default, loss=0.0030, RMSE_MU_per_atom=0.00 mDebye, RMSE_MU_DERIV=0.00 mDebye / A, RMSE_ALPHA_per_atom=    0.13, RMSE_ALPHA_DERIV=    8.00
2025-07-13 21:48:16.949 INFO: Epoch 975: head: Default, loss=0.0030, RMSE_MU_per_atom=0.00 mDebye, RMSE_MU_DERIV=0.00 mDebye / A, RMSE_ALPHA_per_atom=    0.13, RMSE_ALPHA_DERIV=    8.00
2025-07-13 21:49:08.502 INFO: Epoch 976: head: Default, loss=0.0031, RMSE_MU_per_atom=0.00 mDebye, RMSE_MU_DERIV=0.00 mDebye / A, RMSE_ALPHA_per_atom=    0.14, RMSE_ALPHA_DERIV=    8.01
2025-07-13 21:50:00.067 INFO: Epoch 977: head: Default, loss=0.0031, RMSE_MU_per_atom=0.00 mDebye, RMSE_MU_DERIV=0.00 mDebye / A, RMSE_ALPHA_per_atom=    0.14, RMSE_ALPHA_DERIV=    8.01
2025-07-13 21:50:51.624 INFO: Epoch 978: head: Default, loss=0.0032, RMSE_MU_per_atom=0.00 mDebye, RMSE_MU_DERIV=0.00 mDebye / A, RMSE_ALPHA_per_atom=    0.14, RMSE_ALPHA_DERIV=    8.01
2025-07-13 21:51:43.190 INFO: Epoch 979: head: Default, loss=0.0031, RMSE_MU_per_atom=0.00 mDebye, RMSE_MU_DERIV=0.00 mDebye / A, RMSE_ALPHA_per_atom=    0.14, RMSE_ALPHA_DERIV=    8.01
2025-07-13 21:52:34.753 INFO: Epoch 980: head: Default, loss=0.0031, RMSE_MU_per_atom=0.00 mDebye, RMSE_MU_DERIV=0.00 mDebye / A, RMSE_ALPHA_per_atom=    0.14, RMSE_ALPHA_DERIV=    8.01
2025-07-13 21:53:26.313 INFO: Epoch 981: head: Default, loss=0.0031, RMSE_MU_per_atom=0.00 mDebye, RMSE_MU_DERIV=0.00 mDebye / A, RMSE_ALPHA_per_atom=    0.14, RMSE_ALPHA_DERIV=    8.00
2025-07-13 21:54:17.868 INFO: Epoch 982: head: Default, loss=0.0031, RMSE_MU_per_atom=0.00 mDebye, RMSE_MU_DERIV=0.00 mDebye / A, RMSE_ALPHA_per_atom=    0.14, RMSE_ALPHA_DERIV=    8.01
2025-07-13 21:55:09.433 INFO: Epoch 983: head: Default, loss=0.0030, RMSE_MU_per_atom=0.00 mDebye, RMSE_MU_DERIV=0.00 mDebye / A, RMSE_ALPHA_per_atom=    0.14, RMSE_ALPHA_DERIV=    8.00
2025-07-13 21:56:00.992 INFO: Epoch 984: head: Default, loss=0.0031, RMSE_MU_per_atom=0.00 mDebye, RMSE_MU_DERIV=0.00 mDebye / A, RMSE_ALPHA_per_atom=    0.14, RMSE_ALPHA_DERIV=    8.01
2025-07-13 21:56:52.553 INFO: Epoch 985: head: Default, loss=0.0031, RMSE_MU_per_atom=0.00 mDebye, RMSE_MU_DERIV=0.00 mDebye / A, RMSE_ALPHA_per_atom=    0.14, RMSE_ALPHA_DERIV=    8.00
2025-07-13 21:57:44.094 INFO: Epoch 986: head: Default, loss=0.0031, RMSE_MU_per_atom=0.00 mDebye, RMSE_MU_DERIV=0.00 mDebye / A, RMSE_ALPHA_per_atom=    0.14, RMSE_ALPHA_DERIV=    8.00
2025-07-13 21:58:35.637 INFO: Epoch 987: head: Default, loss=0.0031, RMSE_MU_per_atom=0.00 mDebye, RMSE_MU_DERIV=0.00 mDebye / A, RMSE_ALPHA_per_atom=    0.14, RMSE_ALPHA_DERIV=    8.00
2025-07-13 21:59:27.181 INFO: Epoch 988: head: Default, loss=0.0031, RMSE_MU_per_atom=0.00 mDebye, RMSE_MU_DERIV=0.00 mDebye / A, RMSE_ALPHA_per_atom=    0.14, RMSE_ALPHA_DERIV=    8.01
2025-07-13 22:00:18.742 INFO: Epoch 989: head: Default, loss=0.0030, RMSE_MU_per_atom=0.00 mDebye, RMSE_MU_DERIV=0.00 mDebye / A, RMSE_ALPHA_per_atom=    0.13, RMSE_ALPHA_DERIV=    8.00
2025-07-13 22:01:10.292 INFO: Epoch 990: head: Default, loss=0.0032, RMSE_MU_per_atom=0.00 mDebye, RMSE_MU_DERIV=0.00 mDebye / A, RMSE_ALPHA_per_atom=    0.14, RMSE_ALPHA_DERIV=    8.01
2025-07-13 22:02:01.831 INFO: Epoch 991: head: Default, loss=0.0030, RMSE_MU_per_atom=0.00 mDebye, RMSE_MU_DERIV=0.00 mDebye / A, RMSE_ALPHA_per_atom=    0.14, RMSE_ALPHA_DERIV=    8.00
2025-07-13 22:02:53.389 INFO: Epoch 992: head: Default, loss=0.0031, RMSE_MU_per_atom=0.00 mDebye, RMSE_MU_DERIV=0.00 mDebye / A, RMSE_ALPHA_per_atom=    0.14, RMSE_ALPHA_DERIV=    8.00
2025-07-13 22:03:44.950 INFO: Epoch 993: head: Default, loss=0.0032, RMSE_MU_per_atom=0.00 mDebye, RMSE_MU_DERIV=0.00 mDebye / A, RMSE_ALPHA_per_atom=    0.14, RMSE_ALPHA_DERIV=    8.01
2025-07-13 22:04:36.504 INFO: Epoch 994: head: Default, loss=0.0031, RMSE_MU_per_atom=0.00 mDebye, RMSE_MU_DERIV=0.00 mDebye / A, RMSE_ALPHA_per_atom=    0.14, RMSE_ALPHA_DERIV=    8.01
2025-07-13 22:05:28.068 INFO: Epoch 995: head: Default, loss=0.0030, RMSE_MU_per_atom=0.00 mDebye, RMSE_MU_DERIV=0.00 mDebye / A, RMSE_ALPHA_per_atom=    0.13, RMSE_ALPHA_DERIV=    8.00
2025-07-13 22:06:19.623 INFO: Epoch 996: head: Default, loss=0.0033, RMSE_MU_per_atom=0.00 mDebye, RMSE_MU_DERIV=0.00 mDebye / A, RMSE_ALPHA_per_atom=    0.14, RMSE_ALPHA_DERIV=    8.01
2025-07-13 22:07:11.169 INFO: Epoch 997: head: Default, loss=0.0031, RMSE_MU_per_atom=0.00 mDebye, RMSE_MU_DERIV=0.00 mDebye / A, RMSE_ALPHA_per_atom=    0.14, RMSE_ALPHA_DERIV=    8.01
2025-07-13 22:08:02.735 INFO: Epoch 998: head: Default, loss=0.0031, RMSE_MU_per_atom=0.00 mDebye, RMSE_MU_DERIV=0.00 mDebye / A, RMSE_ALPHA_per_atom=    0.14, RMSE_ALPHA_DERIV=    8.01
2025-07-13 22:08:54.273 INFO: Epoch 999: head: Default, loss=0.0033, RMSE_MU_per_atom=0.00 mDebye, RMSE_MU_DERIV=0.00 mDebye / A, RMSE_ALPHA_per_atom=    0.14, RMSE_ALPHA_DERIV=    8.01
2025-07-13 22:09:45.839 INFO: Epoch 1000: head: Default, loss=0.0032, RMSE_MU_per_atom=0.00 mDebye, RMSE_MU_DERIV=0.00 mDebye / A, RMSE_ALPHA_per_atom=    0.14, RMSE_ALPHA_DERIV=    8.01
2025-07-13 22:10:37.389 INFO: Epoch 1001: head: Default, loss=0.0031, RMSE_MU_per_atom=0.00 mDebye, RMSE_MU_DERIV=0.00 mDebye / A, RMSE_ALPHA_per_atom=    0.14, RMSE_ALPHA_DERIV=    8.00
2025-07-13 22:11:28.944 INFO: Epoch 1002: head: Default, loss=0.0032, RMSE_MU_per_atom=0.00 mDebye, RMSE_MU_DERIV=0.00 mDebye / A, RMSE_ALPHA_per_atom=    0.14, RMSE_ALPHA_DERIV=    8.01
2025-07-13 22:12:20.506 INFO: Epoch 1003: head: Default, loss=0.0031, RMSE_MU_per_atom=0.00 mDebye, RMSE_MU_DERIV=0.00 mDebye / A, RMSE_ALPHA_per_atom=    0.14, RMSE_ALPHA_DERIV=    8.00
2025-07-13 22:13:12.058 INFO: Epoch 1004: head: Default, loss=0.0031, RMSE_MU_per_atom=0.00 mDebye, RMSE_MU_DERIV=0.00 mDebye / A, RMSE_ALPHA_per_atom=    0.14, RMSE_ALPHA_DERIV=    8.00
2025-07-13 22:14:03.632 INFO: Epoch 1005: head: Default, loss=0.0031, RMSE_MU_per_atom=0.00 mDebye, RMSE_MU_DERIV=0.00 mDebye / A, RMSE_ALPHA_per_atom=    0.14, RMSE_ALPHA_DERIV=    8.01
2025-07-13 22:14:55.195 INFO: Epoch 1006: head: Default, loss=0.0031, RMSE_MU_per_atom=0.00 mDebye, RMSE_MU_DERIV=0.00 mDebye / A, RMSE_ALPHA_per_atom=    0.14, RMSE_ALPHA_DERIV=    8.00
2025-07-13 22:15:46.765 INFO: Epoch 1007: head: Default, loss=0.0031, RMSE_MU_per_atom=0.00 mDebye, RMSE_MU_DERIV=0.00 mDebye / A, RMSE_ALPHA_per_atom=    0.14, RMSE_ALPHA_DERIV=    8.00
2025-07-13 22:16:38.345 INFO: Epoch 1008: head: Default, loss=0.0031, RMSE_MU_per_atom=0.00 mDebye, RMSE_MU_DERIV=0.00 mDebye / A, RMSE_ALPHA_per_atom=    0.14, RMSE_ALPHA_DERIV=    8.00
2025-07-13 22:17:29.920 INFO: Epoch 1009: head: Default, loss=0.0032, RMSE_MU_per_atom=0.00 mDebye, RMSE_MU_DERIV=0.00 mDebye / A, RMSE_ALPHA_per_atom=    0.14, RMSE_ALPHA_DERIV=    8.01
2025-07-13 22:18:21.479 INFO: Epoch 1010: head: Default, loss=0.0031, RMSE_MU_per_atom=0.00 mDebye, RMSE_MU_DERIV=0.00 mDebye / A, RMSE_ALPHA_per_atom=    0.14, RMSE_ALPHA_DERIV=    8.00
2025-07-13 22:19:13.051 INFO: Epoch 1011: head: Default, loss=0.0031, RMSE_MU_per_atom=0.00 mDebye, RMSE_MU_DERIV=0.00 mDebye / A, RMSE_ALPHA_per_atom=    0.14, RMSE_ALPHA_DERIV=    8.01
2025-07-13 22:20:04.622 INFO: Epoch 1012: head: Default, loss=0.0031, RMSE_MU_per_atom=0.00 mDebye, RMSE_MU_DERIV=0.00 mDebye / A, RMSE_ALPHA_per_atom=    0.14, RMSE_ALPHA_DERIV=    8.00
2025-07-13 22:20:56.202 INFO: Epoch 1013: head: Default, loss=0.0032, RMSE_MU_per_atom=0.00 mDebye, RMSE_MU_DERIV=0.00 mDebye / A, RMSE_ALPHA_per_atom=    0.14, RMSE_ALPHA_DERIV=    8.01
2025-07-13 22:21:47.771 INFO: Epoch 1014: head: Default, loss=0.0032, RMSE_MU_per_atom=0.00 mDebye, RMSE_MU_DERIV=0.00 mDebye / A, RMSE_ALPHA_per_atom=    0.14, RMSE_ALPHA_DERIV=    8.01
2025-07-13 22:22:39.331 INFO: Epoch 1015: head: Default, loss=0.0031, RMSE_MU_per_atom=0.00 mDebye, RMSE_MU_DERIV=0.00 mDebye / A, RMSE_ALPHA_per_atom=    0.14, RMSE_ALPHA_DERIV=    8.01
2025-07-13 22:23:30.887 INFO: Epoch 1016: head: Default, loss=0.0031, RMSE_MU_per_atom=0.00 mDebye, RMSE_MU_DERIV=0.00 mDebye / A, RMSE_ALPHA_per_atom=    0.14, RMSE_ALPHA_DERIV=    8.01
2025-07-13 22:24:22.442 INFO: Epoch 1017: head: Default, loss=0.0031, RMSE_MU_per_atom=0.00 mDebye, RMSE_MU_DERIV=0.00 mDebye / A, RMSE_ALPHA_per_atom=    0.14, RMSE_ALPHA_DERIV=    8.00
2025-07-13 22:25:14.001 INFO: Epoch 1018: head: Default, loss=0.0031, RMSE_MU_per_atom=0.00 mDebye, RMSE_MU_DERIV=0.00 mDebye / A, RMSE_ALPHA_per_atom=    0.14, RMSE_ALPHA_DERIV=    8.01
2025-07-13 22:26:05.578 INFO: Epoch 1019: head: Default, loss=0.0030, RMSE_MU_per_atom=0.00 mDebye, RMSE_MU_DERIV=0.00 mDebye / A, RMSE_ALPHA_per_atom=    0.13, RMSE_ALPHA_DERIV=    8.00
2025-07-13 22:26:57.140 INFO: Epoch 1020: head: Default, loss=0.0031, RMSE_MU_per_atom=0.00 mDebye, RMSE_MU_DERIV=0.00 mDebye / A, RMSE_ALPHA_per_atom=    0.14, RMSE_ALPHA_DERIV=    8.00
2025-07-13 22:27:48.693 INFO: Epoch 1021: head: Default, loss=0.0032, RMSE_MU_per_atom=0.00 mDebye, RMSE_MU_DERIV=0.00 mDebye / A, RMSE_ALPHA_per_atom=    0.14, RMSE_ALPHA_DERIV=    8.00
2025-07-13 22:28:40.273 INFO: Epoch 1022: head: Default, loss=0.0031, RMSE_MU_per_atom=0.00 mDebye, RMSE_MU_DERIV=0.00 mDebye / A, RMSE_ALPHA_per_atom=    0.14, RMSE_ALPHA_DERIV=    8.00
2025-07-13 22:29:31.838 INFO: Epoch 1023: head: Default, loss=0.0031, RMSE_MU_per_atom=0.00 mDebye, RMSE_MU_DERIV=0.00 mDebye / A, RMSE_ALPHA_per_atom=    0.14, RMSE_ALPHA_DERIV=    8.00
2025-07-13 22:30:23.393 INFO: Epoch 1024: head: Default, loss=0.0032, RMSE_MU_per_atom=0.00 mDebye, RMSE_MU_DERIV=0.00 mDebye / A, RMSE_ALPHA_per_atom=    0.14, RMSE_ALPHA_DERIV=    8.01
2025-07-13 22:31:14.975 INFO: Epoch 1025: head: Default, loss=0.0031, RMSE_MU_per_atom=0.00 mDebye, RMSE_MU_DERIV=0.00 mDebye / A, RMSE_ALPHA_per_atom=    0.14, RMSE_ALPHA_DERIV=    8.00
2025-07-13 22:32:06.552 INFO: Epoch 1026: head: Default, loss=0.0031, RMSE_MU_per_atom=0.00 mDebye, RMSE_MU_DERIV=0.00 mDebye / A, RMSE_ALPHA_per_atom=    0.14, RMSE_ALPHA_DERIV=    8.00
2025-07-13 22:32:58.122 INFO: Epoch 1027: head: Default, loss=0.0032, RMSE_MU_per_atom=0.00 mDebye, RMSE_MU_DERIV=0.00 mDebye / A, RMSE_ALPHA_per_atom=    0.14, RMSE_ALPHA_DERIV=    8.01
2025-07-13 22:33:49.691 INFO: Epoch 1028: head: Default, loss=0.0031, RMSE_MU_per_atom=0.00 mDebye, RMSE_MU_DERIV=0.00 mDebye / A, RMSE_ALPHA_per_atom=    0.14, RMSE_ALPHA_DERIV=    8.00
2025-07-13 22:34:41.253 INFO: Epoch 1029: head: Default, loss=0.0031, RMSE_MU_per_atom=0.00 mDebye, RMSE_MU_DERIV=0.00 mDebye / A, RMSE_ALPHA_per_atom=    0.14, RMSE_ALPHA_DERIV=    8.00
2025-07-13 22:35:32.810 INFO: Epoch 1030: head: Default, loss=0.0031, RMSE_MU_per_atom=0.00 mDebye, RMSE_MU_DERIV=0.00 mDebye / A, RMSE_ALPHA_per_atom=    0.14, RMSE_ALPHA_DERIV=    8.01
2025-07-13 22:36:24.372 INFO: Epoch 1031: head: Default, loss=0.0032, RMSE_MU_per_atom=0.00 mDebye, RMSE_MU_DERIV=0.00 mDebye / A, RMSE_ALPHA_per_atom=    0.14, RMSE_ALPHA_DERIV=    8.01
2025-07-13 22:37:15.939 INFO: Epoch 1032: head: Default, loss=0.0031, RMSE_MU_per_atom=0.00 mDebye, RMSE_MU_DERIV=0.00 mDebye / A, RMSE_ALPHA_per_atom=    0.14, RMSE_ALPHA_DERIV=    8.00
2025-07-13 22:38:07.512 INFO: Epoch 1033: head: Default, loss=0.0031, RMSE_MU_per_atom=0.00 mDebye, RMSE_MU_DERIV=0.00 mDebye / A, RMSE_ALPHA_per_atom=    0.14, RMSE_ALPHA_DERIV=    8.01
2025-07-13 22:38:59.087 INFO: Epoch 1034: head: Default, loss=0.0031, RMSE_MU_per_atom=0.00 mDebye, RMSE_MU_DERIV=0.00 mDebye / A, RMSE_ALPHA_per_atom=    0.14, RMSE_ALPHA_DERIV=    8.00
2025-07-13 22:39:50.655 INFO: Epoch 1035: head: Default, loss=0.0031, RMSE_MU_per_atom=0.00 mDebye, RMSE_MU_DERIV=0.00 mDebye / A, RMSE_ALPHA_per_atom=    0.14, RMSE_ALPHA_DERIV=    8.00
2025-07-13 22:40:42.218 INFO: Epoch 1036: head: Default, loss=0.0030, RMSE_MU_per_atom=0.00 mDebye, RMSE_MU_DERIV=0.00 mDebye / A, RMSE_ALPHA_per_atom=    0.14, RMSE_ALPHA_DERIV=    8.00
2025-07-13 22:41:33.770 INFO: Epoch 1037: head: Default, loss=0.0031, RMSE_MU_per_atom=0.00 mDebye, RMSE_MU_DERIV=0.00 mDebye / A, RMSE_ALPHA_per_atom=    0.14, RMSE_ALPHA_DERIV=    8.00
2025-07-13 22:42:25.323 INFO: Epoch 1038: head: Default, loss=0.0031, RMSE_MU_per_atom=0.00 mDebye, RMSE_MU_DERIV=0.00 mDebye / A, RMSE_ALPHA_per_atom=    0.14, RMSE_ALPHA_DERIV=    8.00
2025-07-13 22:43:16.885 INFO: Epoch 1039: head: Default, loss=0.0031, RMSE_MU_per_atom=0.00 mDebye, RMSE_MU_DERIV=0.00 mDebye / A, RMSE_ALPHA_per_atom=    0.14, RMSE_ALPHA_DERIV=    8.00
2025-07-13 22:44:08.462 INFO: Epoch 1040: head: Default, loss=0.0031, RMSE_MU_per_atom=0.00 mDebye, RMSE_MU_DERIV=0.00 mDebye / A, RMSE_ALPHA_per_atom=    0.14, RMSE_ALPHA_DERIV=    8.00
2025-07-13 22:45:00.043 INFO: Epoch 1041: head: Default, loss=0.0031, RMSE_MU_per_atom=0.00 mDebye, RMSE_MU_DERIV=0.00 mDebye / A, RMSE_ALPHA_per_atom=    0.14, RMSE_ALPHA_DERIV=    8.00
2025-07-13 22:45:51.628 INFO: Epoch 1042: head: Default, loss=0.0031, RMSE_MU_per_atom=0.00 mDebye, RMSE_MU_DERIV=0.00 mDebye / A, RMSE_ALPHA_per_atom=    0.14, RMSE_ALPHA_DERIV=    8.00
2025-07-13 22:46:43.190 INFO: Epoch 1043: head: Default, loss=0.0031, RMSE_MU_per_atom=0.00 mDebye, RMSE_MU_DERIV=0.00 mDebye / A, RMSE_ALPHA_per_atom=    0.14, RMSE_ALPHA_DERIV=    8.00
2025-07-13 22:47:34.773 INFO: Epoch 1044: head: Default, loss=0.0031, RMSE_MU_per_atom=0.00 mDebye, RMSE_MU_DERIV=0.00 mDebye / A, RMSE_ALPHA_per_atom=    0.14, RMSE_ALPHA_DERIV=    8.00
2025-07-13 22:48:26.334 INFO: Epoch 1045: head: Default, loss=0.0031, RMSE_MU_per_atom=0.00 mDebye, RMSE_MU_DERIV=0.00 mDebye / A, RMSE_ALPHA_per_atom=    0.14, RMSE_ALPHA_DERIV=    8.00
2025-07-13 22:49:17.914 INFO: Epoch 1046: head: Default, loss=0.0031, RMSE_MU_per_atom=0.00 mDebye, RMSE_MU_DERIV=0.00 mDebye / A, RMSE_ALPHA_per_atom=    0.14, RMSE_ALPHA_DERIV=    8.01
2025-07-13 22:50:09.488 INFO: Epoch 1047: head: Default, loss=0.0031, RMSE_MU_per_atom=0.00 mDebye, RMSE_MU_DERIV=0.00 mDebye / A, RMSE_ALPHA_per_atom=    0.14, RMSE_ALPHA_DERIV=    8.00
2025-07-13 22:51:01.049 INFO: Epoch 1048: head: Default, loss=0.0030, RMSE_MU_per_atom=0.00 mDebye, RMSE_MU_DERIV=0.00 mDebye / A, RMSE_ALPHA_per_atom=    0.14, RMSE_ALPHA_DERIV=    8.00
2025-07-13 22:51:52.611 INFO: Epoch 1049: head: Default, loss=0.0031, RMSE_MU_per_atom=0.00 mDebye, RMSE_MU_DERIV=0.00 mDebye / A, RMSE_ALPHA_per_atom=    0.14, RMSE_ALPHA_DERIV=    8.00
2025-07-13 22:52:44.163 INFO: Epoch 1050: head: Default, loss=0.0031, RMSE_MU_per_atom=0.00 mDebye, RMSE_MU_DERIV=0.00 mDebye / A, RMSE_ALPHA_per_atom=    0.14, RMSE_ALPHA_DERIV=    8.00
2025-07-13 22:53:35.737 INFO: Epoch 1051: head: Default, loss=0.0031, RMSE_MU_per_atom=0.00 mDebye, RMSE_MU_DERIV=0.00 mDebye / A, RMSE_ALPHA_per_atom=    0.14, RMSE_ALPHA_DERIV=    8.00
2025-07-13 22:54:27.288 INFO: Epoch 1052: head: Default, loss=0.0032, RMSE_MU_per_atom=0.00 mDebye, RMSE_MU_DERIV=0.00 mDebye / A, RMSE_ALPHA_per_atom=    0.14, RMSE_ALPHA_DERIV=    8.01
2025-07-13 22:55:18.843 INFO: Epoch 1053: head: Default, loss=0.0031, RMSE_MU_per_atom=0.00 mDebye, RMSE_MU_DERIV=0.00 mDebye / A, RMSE_ALPHA_per_atom=    0.14, RMSE_ALPHA_DERIV=    8.00
2025-07-13 22:56:10.413 INFO: Epoch 1054: head: Default, loss=0.0032, RMSE_MU_per_atom=0.00 mDebye, RMSE_MU_DERIV=0.00 mDebye / A, RMSE_ALPHA_per_atom=    0.14, RMSE_ALPHA_DERIV=    8.01
2025-07-13 22:57:01.986 INFO: Epoch 1055: head: Default, loss=0.0031, RMSE_MU_per_atom=0.00 mDebye, RMSE_MU_DERIV=0.00 mDebye / A, RMSE_ALPHA_per_atom=    0.14, RMSE_ALPHA_DERIV=    8.00
2025-07-13 22:57:53.557 INFO: Epoch 1056: head: Default, loss=0.0032, RMSE_MU_per_atom=0.00 mDebye, RMSE_MU_DERIV=0.00 mDebye / A, RMSE_ALPHA_per_atom=    0.14, RMSE_ALPHA_DERIV=    8.01
2025-07-13 22:58:45.116 INFO: Epoch 1057: head: Default, loss=0.0031, RMSE_MU_per_atom=0.00 mDebye, RMSE_MU_DERIV=0.00 mDebye / A, RMSE_ALPHA_per_atom=    0.14, RMSE_ALPHA_DERIV=    8.00
2025-07-13 22:59:36.671 INFO: Epoch 1058: head: Default, loss=0.0031, RMSE_MU_per_atom=0.00 mDebye, RMSE_MU_DERIV=0.00 mDebye / A, RMSE_ALPHA_per_atom=    0.14, RMSE_ALPHA_DERIV=    8.01
2025-07-13 23:00:28.246 INFO: Epoch 1059: head: Default, loss=0.0032, RMSE_MU_per_atom=0.00 mDebye, RMSE_MU_DERIV=0.00 mDebye / A, RMSE_ALPHA_per_atom=    0.14, RMSE_ALPHA_DERIV=    8.01
2025-07-13 23:01:19.828 INFO: Epoch 1060: head: Default, loss=0.0030, RMSE_MU_per_atom=0.00 mDebye, RMSE_MU_DERIV=0.00 mDebye / A, RMSE_ALPHA_per_atom=    0.14, RMSE_ALPHA_DERIV=    8.00
2025-07-13 23:02:11.390 INFO: Epoch 1061: head: Default, loss=0.0031, RMSE_MU_per_atom=0.00 mDebye, RMSE_MU_DERIV=0.00 mDebye / A, RMSE_ALPHA_per_atom=    0.14, RMSE_ALPHA_DERIV=    8.01
2025-07-13 23:03:02.948 INFO: Epoch 1062: head: Default, loss=0.0031, RMSE_MU_per_atom=0.00 mDebye, RMSE_MU_DERIV=0.00 mDebye / A, RMSE_ALPHA_per_atom=    0.14, RMSE_ALPHA_DERIV=    8.01
2025-07-13 23:03:54.539 INFO: Epoch 1063: head: Default, loss=0.0031, RMSE_MU_per_atom=0.00 mDebye, RMSE_MU_DERIV=0.00 mDebye / A, RMSE_ALPHA_per_atom=    0.14, RMSE_ALPHA_DERIV=    8.01
2025-07-13 23:04:46.112 INFO: Epoch 1064: head: Default, loss=0.0031, RMSE_MU_per_atom=0.00 mDebye, RMSE_MU_DERIV=0.00 mDebye / A, RMSE_ALPHA_per_atom=    0.14, RMSE_ALPHA_DERIV=    8.00
2025-07-13 23:05:37.688 INFO: Epoch 1065: head: Default, loss=0.0031, RMSE_MU_per_atom=0.00 mDebye, RMSE_MU_DERIV=0.00 mDebye / A, RMSE_ALPHA_per_atom=    0.14, RMSE_ALPHA_DERIV=    8.00
2025-07-13 23:06:29.250 INFO: Epoch 1066: head: Default, loss=0.0030, RMSE_MU_per_atom=0.00 mDebye, RMSE_MU_DERIV=0.00 mDebye / A, RMSE_ALPHA_per_atom=    0.13, RMSE_ALPHA_DERIV=    8.00
2025-07-13 23:07:20.801 INFO: Epoch 1067: head: Default, loss=0.0031, RMSE_MU_per_atom=0.00 mDebye, RMSE_MU_DERIV=0.00 mDebye / A, RMSE_ALPHA_per_atom=    0.14, RMSE_ALPHA_DERIV=    8.00
2025-07-13 23:08:12.371 INFO: Epoch 1068: head: Default, loss=0.0031, RMSE_MU_per_atom=0.00 mDebye, RMSE_MU_DERIV=0.00 mDebye / A, RMSE_ALPHA_per_atom=    0.14, RMSE_ALPHA_DERIV=    8.00
2025-07-13 23:09:03.927 INFO: Epoch 1069: head: Default, loss=0.0031, RMSE_MU_per_atom=0.00 mDebye, RMSE_MU_DERIV=0.00 mDebye / A, RMSE_ALPHA_per_atom=    0.14, RMSE_ALPHA_DERIV=    8.00
2025-07-13 23:09:55.503 INFO: Epoch 1070: head: Default, loss=0.0030, RMSE_MU_per_atom=0.00 mDebye, RMSE_MU_DERIV=0.00 mDebye / A, RMSE_ALPHA_per_atom=    0.13, RMSE_ALPHA_DERIV=    8.00
2025-07-13 23:10:47.078 INFO: Epoch 1071: head: Default, loss=0.0032, RMSE_MU_per_atom=0.00 mDebye, RMSE_MU_DERIV=0.00 mDebye / A, RMSE_ALPHA_per_atom=    0.14, RMSE_ALPHA_DERIV=    8.01
2025-07-13 23:11:38.638 INFO: Epoch 1072: head: Default, loss=0.0031, RMSE_MU_per_atom=0.00 mDebye, RMSE_MU_DERIV=0.00 mDebye / A, RMSE_ALPHA_per_atom=    0.14, RMSE_ALPHA_DERIV=    8.01
2025-07-13 23:12:30.225 INFO: Epoch 1073: head: Default, loss=0.0031, RMSE_MU_per_atom=0.00 mDebye, RMSE_MU_DERIV=0.00 mDebye / A, RMSE_ALPHA_per_atom=    0.14, RMSE_ALPHA_DERIV=    8.01
2025-07-13 23:13:21.775 INFO: Epoch 1074: head: Default, loss=0.0031, RMSE_MU_per_atom=0.00 mDebye, RMSE_MU_DERIV=0.00 mDebye / A, RMSE_ALPHA_per_atom=    0.14, RMSE_ALPHA_DERIV=    8.01
2025-07-13 23:14:13.357 INFO: Epoch 1075: head: Default, loss=0.0031, RMSE_MU_per_atom=0.00 mDebye, RMSE_MU_DERIV=0.00 mDebye / A, RMSE_ALPHA_per_atom=    0.14, RMSE_ALPHA_DERIV=    8.01
2025-07-13 23:15:04.922 INFO: Epoch 1076: head: Default, loss=0.0031, RMSE_MU_per_atom=0.00 mDebye, RMSE_MU_DERIV=0.00 mDebye / A, RMSE_ALPHA_per_atom=    0.14, RMSE_ALPHA_DERIV=    8.01
2025-07-13 23:15:56.494 INFO: Epoch 1077: head: Default, loss=0.0031, RMSE_MU_per_atom=0.00 mDebye, RMSE_MU_DERIV=0.00 mDebye / A, RMSE_ALPHA_per_atom=    0.14, RMSE_ALPHA_DERIV=    8.01
2025-07-13 23:16:48.073 INFO: Epoch 1078: head: Default, loss=0.0031, RMSE_MU_per_atom=0.00 mDebye, RMSE_MU_DERIV=0.00 mDebye / A, RMSE_ALPHA_per_atom=    0.14, RMSE_ALPHA_DERIV=    8.01
2025-07-13 23:17:39.669 INFO: Epoch 1079: head: Default, loss=0.0031, RMSE_MU_per_atom=0.00 mDebye, RMSE_MU_DERIV=0.00 mDebye / A, RMSE_ALPHA_per_atom=    0.14, RMSE_ALPHA_DERIV=    8.00
2025-07-13 23:18:31.252 INFO: Epoch 1080: head: Default, loss=0.0031, RMSE_MU_per_atom=0.00 mDebye, RMSE_MU_DERIV=0.00 mDebye / A, RMSE_ALPHA_per_atom=    0.14, RMSE_ALPHA_DERIV=    8.00
2025-07-13 23:19:22.825 INFO: Epoch 1081: head: Default, loss=0.0032, RMSE_MU_per_atom=0.00 mDebye, RMSE_MU_DERIV=0.00 mDebye / A, RMSE_ALPHA_per_atom=    0.14, RMSE_ALPHA_DERIV=    8.01
2025-07-13 23:20:14.407 INFO: Epoch 1082: head: Default, loss=0.0031, RMSE_MU_per_atom=0.00 mDebye, RMSE_MU_DERIV=0.00 mDebye / A, RMSE_ALPHA_per_atom=    0.14, RMSE_ALPHA_DERIV=    8.00
2025-07-13 23:21:05.993 INFO: Epoch 1083: head: Default, loss=0.0031, RMSE_MU_per_atom=0.00 mDebye, RMSE_MU_DERIV=0.00 mDebye / A, RMSE_ALPHA_per_atom=    0.14, RMSE_ALPHA_DERIV=    8.00
2025-07-13 23:21:57.594 INFO: Epoch 1084: head: Default, loss=0.0031, RMSE_MU_per_atom=0.00 mDebye, RMSE_MU_DERIV=0.00 mDebye / A, RMSE_ALPHA_per_atom=    0.14, RMSE_ALPHA_DERIV=    8.00
2025-07-13 23:22:49.167 INFO: Epoch 1085: head: Default, loss=0.0031, RMSE_MU_per_atom=0.00 mDebye, RMSE_MU_DERIV=0.00 mDebye / A, RMSE_ALPHA_per_atom=    0.14, RMSE_ALPHA_DERIV=    8.00
2025-07-13 23:23:40.732 INFO: Epoch 1086: head: Default, loss=0.0031, RMSE_MU_per_atom=0.00 mDebye, RMSE_MU_DERIV=0.00 mDebye / A, RMSE_ALPHA_per_atom=    0.14, RMSE_ALPHA_DERIV=    8.00
2025-07-13 23:24:32.325 INFO: Epoch 1087: head: Default, loss=0.0031, RMSE_MU_per_atom=0.00 mDebye, RMSE_MU_DERIV=0.00 mDebye / A, RMSE_ALPHA_per_atom=    0.14, RMSE_ALPHA_DERIV=    8.01
2025-07-13 23:25:23.890 INFO: Epoch 1088: head: Default, loss=0.0031, RMSE_MU_per_atom=0.00 mDebye, RMSE_MU_DERIV=0.00 mDebye / A, RMSE_ALPHA_per_atom=    0.14, RMSE_ALPHA_DERIV=    8.00
2025-07-13 23:26:15.460 INFO: Epoch 1089: head: Default, loss=0.0031, RMSE_MU_per_atom=0.00 mDebye, RMSE_MU_DERIV=0.00 mDebye / A, RMSE_ALPHA_per_atom=    0.14, RMSE_ALPHA_DERIV=    8.00
2025-07-13 23:27:07.022 INFO: Epoch 1090: head: Default, loss=0.0031, RMSE_MU_per_atom=0.00 mDebye, RMSE_MU_DERIV=0.00 mDebye / A, RMSE_ALPHA_per_atom=    0.14, RMSE_ALPHA_DERIV=    8.00
2025-07-13 23:27:58.585 INFO: Epoch 1091: head: Default, loss=0.0030, RMSE_MU_per_atom=0.00 mDebye, RMSE_MU_DERIV=0.00 mDebye / A, RMSE_ALPHA_per_atom=    0.14, RMSE_ALPHA_DERIV=    8.00
2025-07-13 23:28:50.181 INFO: Epoch 1092: head: Default, loss=0.0031, RMSE_MU_per_atom=0.00 mDebye, RMSE_MU_DERIV=0.00 mDebye / A, RMSE_ALPHA_per_atom=    0.14, RMSE_ALPHA_DERIV=    8.00
2025-07-13 23:29:41.754 INFO: Epoch 1093: head: Default, loss=0.0031, RMSE_MU_per_atom=0.00 mDebye, RMSE_MU_DERIV=0.00 mDebye / A, RMSE_ALPHA_per_atom=    0.14, RMSE_ALPHA_DERIV=    8.00
2025-07-13 23:30:33.335 INFO: Epoch 1094: head: Default, loss=0.0031, RMSE_MU_per_atom=0.00 mDebye, RMSE_MU_DERIV=0.00 mDebye / A, RMSE_ALPHA_per_atom=    0.14, RMSE_ALPHA_DERIV=    8.00
2025-07-13 23:31:24.905 INFO: Epoch 1095: head: Default, loss=0.0030, RMSE_MU_per_atom=0.00 mDebye, RMSE_MU_DERIV=0.00 mDebye / A, RMSE_ALPHA_per_atom=    0.14, RMSE_ALPHA_DERIV=    8.00
2025-07-13 23:32:16.485 INFO: Epoch 1096: head: Default, loss=0.0031, RMSE_MU_per_atom=0.00 mDebye, RMSE_MU_DERIV=0.00 mDebye / A, RMSE_ALPHA_per_atom=    0.14, RMSE_ALPHA_DERIV=    8.00
2025-07-13 23:33:08.071 INFO: Epoch 1097: head: Default, loss=0.0031, RMSE_MU_per_atom=0.00 mDebye, RMSE_MU_DERIV=0.00 mDebye / A, RMSE_ALPHA_per_atom=    0.14, RMSE_ALPHA_DERIV=    8.00
2025-07-13 23:33:59.647 INFO: Epoch 1098: head: Default, loss=0.0031, RMSE_MU_per_atom=0.00 mDebye, RMSE_MU_DERIV=0.00 mDebye / A, RMSE_ALPHA_per_atom=    0.14, RMSE_ALPHA_DERIV=    8.00
2025-07-13 23:34:51.229 INFO: Epoch 1099: head: Default, loss=0.0031, RMSE_MU_per_atom=0.00 mDebye, RMSE_MU_DERIV=0.00 mDebye / A, RMSE_ALPHA_per_atom=    0.14, RMSE_ALPHA_DERIV=    8.00
2025-07-13 23:35:42.798 INFO: Epoch 1100: head: Default, loss=0.0031, RMSE_MU_per_atom=0.00 mDebye, RMSE_MU_DERIV=0.00 mDebye / A, RMSE_ALPHA_per_atom=    0.14, RMSE_ALPHA_DERIV=    8.00
2025-07-13 23:36:34.371 INFO: Epoch 1101: head: Default, loss=0.0031, RMSE_MU_per_atom=0.00 mDebye, RMSE_MU_DERIV=0.00 mDebye / A, RMSE_ALPHA_per_atom=    0.14, RMSE_ALPHA_DERIV=    8.00
2025-07-13 23:37:25.939 INFO: Epoch 1102: head: Default, loss=0.0030, RMSE_MU_per_atom=0.00 mDebye, RMSE_MU_DERIV=0.00 mDebye / A, RMSE_ALPHA_per_atom=    0.14, RMSE_ALPHA_DERIV=    8.00
2025-07-13 23:38:17.507 INFO: Epoch 1103: head: Default, loss=0.0031, RMSE_MU_per_atom=0.00 mDebye, RMSE_MU_DERIV=0.00 mDebye / A, RMSE_ALPHA_per_atom=    0.14, RMSE_ALPHA_DERIV=    8.00
2025-07-13 23:39:09.088 INFO: Epoch 1104: head: Default, loss=0.0031, RMSE_MU_per_atom=0.00 mDebye, RMSE_MU_DERIV=0.00 mDebye / A, RMSE_ALPHA_per_atom=    0.14, RMSE_ALPHA_DERIV=    8.00
2025-07-13 23:40:00.669 INFO: Epoch 1105: head: Default, loss=0.0031, RMSE_MU_per_atom=0.00 mDebye, RMSE_MU_DERIV=0.00 mDebye / A, RMSE_ALPHA_per_atom=    0.14, RMSE_ALPHA_DERIV=    8.00
2025-07-13 23:40:52.236 INFO: Epoch 1106: head: Default, loss=0.0031, RMSE_MU_per_atom=0.00 mDebye, RMSE_MU_DERIV=0.00 mDebye / A, RMSE_ALPHA_per_atom=    0.14, RMSE_ALPHA_DERIV=    8.00
2025-07-13 23:41:43.809 INFO: Epoch 1107: head: Default, loss=0.0031, RMSE_MU_per_atom=0.00 mDebye, RMSE_MU_DERIV=0.00 mDebye / A, RMSE_ALPHA_per_atom=    0.14, RMSE_ALPHA_DERIV=    8.00
2025-07-13 23:42:35.376 INFO: Epoch 1108: head: Default, loss=0.0031, RMSE_MU_per_atom=0.00 mDebye, RMSE_MU_DERIV=0.00 mDebye / A, RMSE_ALPHA_per_atom=    0.14, RMSE_ALPHA_DERIV=    8.00
2025-07-13 23:43:26.955 INFO: Epoch 1109: head: Default, loss=0.0031, RMSE_MU_per_atom=0.00 mDebye, RMSE_MU_DERIV=0.00 mDebye / A, RMSE_ALPHA_per_atom=    0.14, RMSE_ALPHA_DERIV=    8.00
2025-07-13 23:44:18.515 INFO: Epoch 1110: head: Default, loss=0.0031, RMSE_MU_per_atom=0.00 mDebye, RMSE_MU_DERIV=0.00 mDebye / A, RMSE_ALPHA_per_atom=    0.14, RMSE_ALPHA_DERIV=    8.00
2025-07-13 23:45:10.086 INFO: Epoch 1111: head: Default, loss=0.0031, RMSE_MU_per_atom=0.00 mDebye, RMSE_MU_DERIV=0.00 mDebye / A, RMSE_ALPHA_per_atom=    0.14, RMSE_ALPHA_DERIV=    8.00
2025-07-13 23:46:01.656 INFO: Epoch 1112: head: Default, loss=0.0031, RMSE_MU_per_atom=0.00 mDebye, RMSE_MU_DERIV=0.00 mDebye / A, RMSE_ALPHA_per_atom=    0.14, RMSE_ALPHA_DERIV=    8.00
2025-07-13 23:46:53.218 INFO: Epoch 1113: head: Default, loss=0.0031, RMSE_MU_per_atom=0.00 mDebye, RMSE_MU_DERIV=0.00 mDebye / A, RMSE_ALPHA_per_atom=    0.14, RMSE_ALPHA_DERIV=    8.00
2025-07-13 23:47:44.767 INFO: Epoch 1114: head: Default, loss=0.0031, RMSE_MU_per_atom=0.00 mDebye, RMSE_MU_DERIV=0.00 mDebye / A, RMSE_ALPHA_per_atom=    0.14, RMSE_ALPHA_DERIV=    8.00
2025-07-13 23:48:36.346 INFO: Epoch 1115: head: Default, loss=0.0031, RMSE_MU_per_atom=0.00 mDebye, RMSE_MU_DERIV=0.00 mDebye / A, RMSE_ALPHA_per_atom=    0.14, RMSE_ALPHA_DERIV=    8.00
2025-07-13 23:49:27.897 INFO: Epoch 1116: head: Default, loss=0.0031, RMSE_MU_per_atom=0.00 mDebye, RMSE_MU_DERIV=0.00 mDebye / A, RMSE_ALPHA_per_atom=    0.14, RMSE_ALPHA_DERIV=    8.00
2025-07-13 23:50:19.454 INFO: Epoch 1117: head: Default, loss=0.0031, RMSE_MU_per_atom=0.00 mDebye, RMSE_MU_DERIV=0.00 mDebye / A, RMSE_ALPHA_per_atom=    0.14, RMSE_ALPHA_DERIV=    8.00
2025-07-13 23:51:11.029 INFO: Epoch 1118: head: Default, loss=0.0031, RMSE_MU_per_atom=0.00 mDebye, RMSE_MU_DERIV=0.00 mDebye / A, RMSE_ALPHA_per_atom=    0.14, RMSE_ALPHA_DERIV=    8.00
2025-07-13 23:52:02.590 INFO: Epoch 1119: head: Default, loss=0.0031, RMSE_MU_per_atom=0.00 mDebye, RMSE_MU_DERIV=0.00 mDebye / A, RMSE_ALPHA_per_atom=    0.14, RMSE_ALPHA_DERIV=    8.00
2025-07-13 23:52:54.156 INFO: Epoch 1120: head: Default, loss=0.0031, RMSE_MU_per_atom=0.00 mDebye, RMSE_MU_DERIV=0.00 mDebye / A, RMSE_ALPHA_per_atom=    0.14, RMSE_ALPHA_DERIV=    8.00
2025-07-13 23:53:45.722 INFO: Epoch 1121: head: Default, loss=0.0031, RMSE_MU_per_atom=0.00 mDebye, RMSE_MU_DERIV=0.00 mDebye / A, RMSE_ALPHA_per_atom=    0.14, RMSE_ALPHA_DERIV=    8.00
2025-07-13 23:54:37.284 INFO: Epoch 1122: head: Default, loss=0.0031, RMSE_MU_per_atom=0.00 mDebye, RMSE_MU_DERIV=0.00 mDebye / A, RMSE_ALPHA_per_atom=    0.14, RMSE_ALPHA_DERIV=    8.00
2025-07-13 23:55:28.853 INFO: Epoch 1123: head: Default, loss=0.0031, RMSE_MU_per_atom=0.00 mDebye, RMSE_MU_DERIV=0.00 mDebye / A, RMSE_ALPHA_per_atom=    0.14, RMSE_ALPHA_DERIV=    8.00
2025-07-13 23:56:20.425 INFO: Epoch 1124: head: Default, loss=0.0031, RMSE_MU_per_atom=0.00 mDebye, RMSE_MU_DERIV=0.00 mDebye / A, RMSE_ALPHA_per_atom=    0.14, RMSE_ALPHA_DERIV=    8.00
2025-07-13 23:57:11.997 INFO: Epoch 1125: head: Default, loss=0.0032, RMSE_MU_per_atom=0.00 mDebye, RMSE_MU_DERIV=0.00 mDebye / A, RMSE_ALPHA_per_atom=    0.14, RMSE_ALPHA_DERIV=    8.00
2025-07-13 23:58:03.574 INFO: Epoch 1126: head: Default, loss=0.0031, RMSE_MU_per_atom=0.00 mDebye, RMSE_MU_DERIV=0.00 mDebye / A, RMSE_ALPHA_per_atom=    0.14, RMSE_ALPHA_DERIV=    8.00
2025-07-13 23:58:55.130 INFO: Epoch 1127: head: Default, loss=0.0031, RMSE_MU_per_atom=0.00 mDebye, RMSE_MU_DERIV=0.00 mDebye / A, RMSE_ALPHA_per_atom=    0.14, RMSE_ALPHA_DERIV=    8.00
2025-07-13 23:59:46.700 INFO: Epoch 1128: head: Default, loss=0.0031, RMSE_MU_per_atom=0.00 mDebye, RMSE_MU_DERIV=0.00 mDebye / A, RMSE_ALPHA_per_atom=    0.14, RMSE_ALPHA_DERIV=    8.00
2025-07-14 00:00:38.250 INFO: Epoch 1129: head: Default, loss=0.0031, RMSE_MU_per_atom=0.00 mDebye, RMSE_MU_DERIV=0.00 mDebye / A, RMSE_ALPHA_per_atom=    0.14, RMSE_ALPHA_DERIV=    8.00
2025-07-14 00:01:29.839 INFO: Epoch 1130: head: Default, loss=0.0031, RMSE_MU_per_atom=0.00 mDebye, RMSE_MU_DERIV=0.00 mDebye / A, RMSE_ALPHA_per_atom=    0.14, RMSE_ALPHA_DERIV=    8.00
2025-07-14 00:02:21.404 INFO: Epoch 1131: head: Default, loss=0.0031, RMSE_MU_per_atom=0.00 mDebye, RMSE_MU_DERIV=0.00 mDebye / A, RMSE_ALPHA_per_atom=    0.14, RMSE_ALPHA_DERIV=    8.00
2025-07-14 00:03:12.965 INFO: Epoch 1132: head: Default, loss=0.0031, RMSE_MU_per_atom=0.00 mDebye, RMSE_MU_DERIV=0.00 mDebye / A, RMSE_ALPHA_per_atom=    0.14, RMSE_ALPHA_DERIV=    8.00
2025-07-14 00:04:04.525 INFO: Epoch 1133: head: Default, loss=0.0031, RMSE_MU_per_atom=0.00 mDebye, RMSE_MU_DERIV=0.00 mDebye / A, RMSE_ALPHA_per_atom=    0.14, RMSE_ALPHA_DERIV=    8.00
2025-07-14 00:04:56.101 INFO: Epoch 1134: head: Default, loss=0.0031, RMSE_MU_per_atom=0.00 mDebye, RMSE_MU_DERIV=0.00 mDebye / A, RMSE_ALPHA_per_atom=    0.14, RMSE_ALPHA_DERIV=    8.00
2025-07-14 00:05:47.671 INFO: Epoch 1135: head: Default, loss=0.0031, RMSE_MU_per_atom=0.00 mDebye, RMSE_MU_DERIV=0.00 mDebye / A, RMSE_ALPHA_per_atom=    0.14, RMSE_ALPHA_DERIV=    8.00
2025-07-14 00:06:39.249 INFO: Epoch 1136: head: Default, loss=0.0031, RMSE_MU_per_atom=0.00 mDebye, RMSE_MU_DERIV=0.00 mDebye / A, RMSE_ALPHA_per_atom=    0.14, RMSE_ALPHA_DERIV=    8.00
2025-07-14 00:07:30.821 INFO: Epoch 1137: head: Default, loss=0.0031, RMSE_MU_per_atom=0.00 mDebye, RMSE_MU_DERIV=0.00 mDebye / A, RMSE_ALPHA_per_atom=    0.14, RMSE_ALPHA_DERIV=    8.00
2025-07-14 00:08:22.384 INFO: Epoch 1138: head: Default, loss=0.0031, RMSE_MU_per_atom=0.00 mDebye, RMSE_MU_DERIV=0.00 mDebye / A, RMSE_ALPHA_per_atom=    0.14, RMSE_ALPHA_DERIV=    8.00
2025-07-14 00:09:13.957 INFO: Epoch 1139: head: Default, loss=0.0031, RMSE_MU_per_atom=0.00 mDebye, RMSE_MU_DERIV=0.00 mDebye / A, RMSE_ALPHA_per_atom=    0.14, RMSE_ALPHA_DERIV=    8.00
2025-07-14 00:10:05.512 INFO: Epoch 1140: head: Default, loss=0.0031, RMSE_MU_per_atom=0.00 mDebye, RMSE_MU_DERIV=0.00 mDebye / A, RMSE_ALPHA_per_atom=    0.14, RMSE_ALPHA_DERIV=    8.00
2025-07-14 00:10:57.072 INFO: Epoch 1141: head: Default, loss=0.0031, RMSE_MU_per_atom=0.00 mDebye, RMSE_MU_DERIV=0.00 mDebye / A, RMSE_ALPHA_per_atom=    0.14, RMSE_ALPHA_DERIV=    8.00
2025-07-14 00:11:48.627 INFO: Epoch 1142: head: Default, loss=0.0031, RMSE_MU_per_atom=0.00 mDebye, RMSE_MU_DERIV=0.00 mDebye / A, RMSE_ALPHA_per_atom=    0.14, RMSE_ALPHA_DERIV=    8.00
2025-07-14 00:12:40.189 INFO: Epoch 1143: head: Default, loss=0.0031, RMSE_MU_per_atom=0.00 mDebye, RMSE_MU_DERIV=0.00 mDebye / A, RMSE_ALPHA_per_atom=    0.14, RMSE_ALPHA_DERIV=    8.00
2025-07-14 00:13:31.756 INFO: Epoch 1144: head: Default, loss=0.0031, RMSE_MU_per_atom=0.00 mDebye, RMSE_MU_DERIV=0.00 mDebye / A, RMSE_ALPHA_per_atom=    0.14, RMSE_ALPHA_DERIV=    8.00
2025-07-14 00:14:23.314 INFO: Epoch 1145: head: Default, loss=0.0031, RMSE_MU_per_atom=0.00 mDebye, RMSE_MU_DERIV=0.00 mDebye / A, RMSE_ALPHA_per_atom=    0.14, RMSE_ALPHA_DERIV=    8.00
2025-07-14 00:15:14.884 INFO: Epoch 1146: head: Default, loss=0.0031, RMSE_MU_per_atom=0.00 mDebye, RMSE_MU_DERIV=0.00 mDebye / A, RMSE_ALPHA_per_atom=    0.14, RMSE_ALPHA_DERIV=    8.00
2025-07-14 00:16:06.424 INFO: Epoch 1147: head: Default, loss=0.0031, RMSE_MU_per_atom=0.00 mDebye, RMSE_MU_DERIV=0.00 mDebye / A, RMSE_ALPHA_per_atom=    0.14, RMSE_ALPHA_DERIV=    8.00
2025-07-14 00:16:57.992 INFO: Epoch 1148: head: Default, loss=0.0032, RMSE_MU_per_atom=0.00 mDebye, RMSE_MU_DERIV=0.00 mDebye / A, RMSE_ALPHA_per_atom=    0.14, RMSE_ALPHA_DERIV=    8.00
2025-07-14 00:17:49.570 INFO: Epoch 1149: head: Default, loss=0.0031, RMSE_MU_per_atom=0.00 mDebye, RMSE_MU_DERIV=0.00 mDebye / A, RMSE_ALPHA_per_atom=    0.14, RMSE_ALPHA_DERIV=    8.00
2025-07-14 00:18:41.126 INFO: Epoch 1150: head: Default, loss=0.0031, RMSE_MU_per_atom=0.00 mDebye, RMSE_MU_DERIV=0.00 mDebye / A, RMSE_ALPHA_per_atom=    0.14, RMSE_ALPHA_DERIV=    8.00
2025-07-14 00:19:32.716 INFO: Epoch 1151: head: Default, loss=0.0032, RMSE_MU_per_atom=0.00 mDebye, RMSE_MU_DERIV=0.00 mDebye / A, RMSE_ALPHA_per_atom=    0.14, RMSE_ALPHA_DERIV=    8.00
2025-07-14 00:20:24.281 INFO: Epoch 1152: head: Default, loss=0.0031, RMSE_MU_per_atom=0.00 mDebye, RMSE_MU_DERIV=0.00 mDebye / A, RMSE_ALPHA_per_atom=    0.14, RMSE_ALPHA_DERIV=    8.00
2025-07-14 00:21:15.856 INFO: Epoch 1153: head: Default, loss=0.0031, RMSE_MU_per_atom=0.00 mDebye, RMSE_MU_DERIV=0.00 mDebye / A, RMSE_ALPHA_per_atom=    0.14, RMSE_ALPHA_DERIV=    8.00
2025-07-14 00:22:07.416 INFO: Epoch 1154: head: Default, loss=0.0031, RMSE_MU_per_atom=0.00 mDebye, RMSE_MU_DERIV=0.00 mDebye / A, RMSE_ALPHA_per_atom=    0.14, RMSE_ALPHA_DERIV=    8.00
2025-07-14 00:22:58.979 INFO: Epoch 1155: head: Default, loss=0.0031, RMSE_MU_per_atom=0.00 mDebye, RMSE_MU_DERIV=0.00 mDebye / A, RMSE_ALPHA_per_atom=    0.14, RMSE_ALPHA_DERIV=    8.00
2025-07-14 00:23:50.559 INFO: Epoch 1156: head: Default, loss=0.0031, RMSE_MU_per_atom=0.00 mDebye, RMSE_MU_DERIV=0.00 mDebye / A, RMSE_ALPHA_per_atom=    0.14, RMSE_ALPHA_DERIV=    8.00
2025-07-14 00:24:42.126 INFO: Epoch 1157: head: Default, loss=0.0031, RMSE_MU_per_atom=0.00 mDebye, RMSE_MU_DERIV=0.00 mDebye / A, RMSE_ALPHA_per_atom=    0.14, RMSE_ALPHA_DERIV=    8.00
2025-07-14 00:25:33.688 INFO: Epoch 1158: head: Default, loss=0.0031, RMSE_MU_per_atom=0.00 mDebye, RMSE_MU_DERIV=0.00 mDebye / A, RMSE_ALPHA_per_atom=    0.14, RMSE_ALPHA_DERIV=    8.00
2025-07-14 00:26:25.267 INFO: Epoch 1159: head: Default, loss=0.0031, RMSE_MU_per_atom=0.00 mDebye, RMSE_MU_DERIV=0.00 mDebye / A, RMSE_ALPHA_per_atom=    0.14, RMSE_ALPHA_DERIV=    8.00
2025-07-14 00:27:16.848 INFO: Epoch 1160: head: Default, loss=0.0031, RMSE_MU_per_atom=0.00 mDebye, RMSE_MU_DERIV=0.00 mDebye / A, RMSE_ALPHA_per_atom=    0.14, RMSE_ALPHA_DERIV=    8.00
2025-07-14 00:28:08.408 INFO: Epoch 1161: head: Default, loss=0.0031, RMSE_MU_per_atom=0.00 mDebye, RMSE_MU_DERIV=0.00 mDebye / A, RMSE_ALPHA_per_atom=    0.14, RMSE_ALPHA_DERIV=    8.00
2025-07-14 00:28:59.968 INFO: Epoch 1162: head: Default, loss=0.0031, RMSE_MU_per_atom=0.00 mDebye, RMSE_MU_DERIV=0.00 mDebye / A, RMSE_ALPHA_per_atom=    0.14, RMSE_ALPHA_DERIV=    8.00
2025-07-14 00:29:51.537 INFO: Epoch 1163: head: Default, loss=0.0031, RMSE_MU_per_atom=0.00 mDebye, RMSE_MU_DERIV=0.00 mDebye / A, RMSE_ALPHA_per_atom=    0.14, RMSE_ALPHA_DERIV=    8.00
2025-07-14 00:30:43.107 INFO: Epoch 1164: head: Default, loss=0.0031, RMSE_MU_per_atom=0.00 mDebye, RMSE_MU_DERIV=0.00 mDebye / A, RMSE_ALPHA_per_atom=    0.14, RMSE_ALPHA_DERIV=    8.00
2025-07-14 00:31:34.674 INFO: Epoch 1165: head: Default, loss=0.0031, RMSE_MU_per_atom=0.00 mDebye, RMSE_MU_DERIV=0.00 mDebye / A, RMSE_ALPHA_per_atom=    0.14, RMSE_ALPHA_DERIV=    8.00
2025-07-14 00:32:26.234 INFO: Epoch 1166: head: Default, loss=0.0031, RMSE_MU_per_atom=0.00 mDebye, RMSE_MU_DERIV=0.00 mDebye / A, RMSE_ALPHA_per_atom=    0.14, RMSE_ALPHA_DERIV=    8.00
2025-07-14 00:33:17.787 INFO: Epoch 1167: head: Default, loss=0.0031, RMSE_MU_per_atom=0.00 mDebye, RMSE_MU_DERIV=0.00 mDebye / A, RMSE_ALPHA_per_atom=    0.14, RMSE_ALPHA_DERIV=    8.00
2025-07-14 00:34:09.355 INFO: Epoch 1168: head: Default, loss=0.0031, RMSE_MU_per_atom=0.00 mDebye, RMSE_MU_DERIV=0.00 mDebye / A, RMSE_ALPHA_per_atom=    0.14, RMSE_ALPHA_DERIV=    8.00
2025-07-14 00:35:00.922 INFO: Epoch 1169: head: Default, loss=0.0031, RMSE_MU_per_atom=0.00 mDebye, RMSE_MU_DERIV=0.00 mDebye / A, RMSE_ALPHA_per_atom=    0.14, RMSE_ALPHA_DERIV=    8.00
2025-07-14 00:35:52.512 INFO: Epoch 1170: head: Default, loss=0.0031, RMSE_MU_per_atom=0.00 mDebye, RMSE_MU_DERIV=0.00 mDebye / A, RMSE_ALPHA_per_atom=    0.14, RMSE_ALPHA_DERIV=    8.00
2025-07-14 00:36:44.066 INFO: Epoch 1171: head: Default, loss=0.0031, RMSE_MU_per_atom=0.00 mDebye, RMSE_MU_DERIV=0.00 mDebye / A, RMSE_ALPHA_per_atom=    0.14, RMSE_ALPHA_DERIV=    8.00
2025-07-14 00:37:35.638 INFO: Epoch 1172: head: Default, loss=0.0031, RMSE_MU_per_atom=0.00 mDebye, RMSE_MU_DERIV=0.00 mDebye / A, RMSE_ALPHA_per_atom=    0.14, RMSE_ALPHA_DERIV=    8.00
2025-07-14 00:38:27.198 INFO: Epoch 1173: head: Default, loss=0.0031, RMSE_MU_per_atom=0.00 mDebye, RMSE_MU_DERIV=0.00 mDebye / A, RMSE_ALPHA_per_atom=    0.14, RMSE_ALPHA_DERIV=    8.00
2025-07-14 00:39:18.766 INFO: Epoch 1174: head: Default, loss=0.0031, RMSE_MU_per_atom=0.00 mDebye, RMSE_MU_DERIV=0.00 mDebye / A, RMSE_ALPHA_per_atom=    0.14, RMSE_ALPHA_DERIV=    8.00
2025-07-14 00:40:10.325 INFO: Epoch 1175: head: Default, loss=0.0031, RMSE_MU_per_atom=0.00 mDebye, RMSE_MU_DERIV=0.00 mDebye / A, RMSE_ALPHA_per_atom=    0.14, RMSE_ALPHA_DERIV=    8.00
2025-07-14 00:41:01.882 INFO: Epoch 1176: head: Default, loss=0.0031, RMSE_MU_per_atom=0.00 mDebye, RMSE_MU_DERIV=0.00 mDebye / A, RMSE_ALPHA_per_atom=    0.14, RMSE_ALPHA_DERIV=    8.00
2025-07-14 00:41:53.437 INFO: Epoch 1177: head: Default, loss=0.0031, RMSE_MU_per_atom=0.00 mDebye, RMSE_MU_DERIV=0.00 mDebye / A, RMSE_ALPHA_per_atom=    0.14, RMSE_ALPHA_DERIV=    8.00
2025-07-14 00:42:45.015 INFO: Epoch 1178: head: Default, loss=0.0031, RMSE_MU_per_atom=0.00 mDebye, RMSE_MU_DERIV=0.00 mDebye / A, RMSE_ALPHA_per_atom=    0.14, RMSE_ALPHA_DERIV=    8.00
2025-07-14 00:43:36.574 INFO: Epoch 1179: head: Default, loss=0.0031, RMSE_MU_per_atom=0.00 mDebye, RMSE_MU_DERIV=0.00 mDebye / A, RMSE_ALPHA_per_atom=    0.14, RMSE_ALPHA_DERIV=    8.00
2025-07-14 00:44:28.129 INFO: Epoch 1180: head: Default, loss=0.0031, RMSE_MU_per_atom=0.00 mDebye, RMSE_MU_DERIV=0.00 mDebye / A, RMSE_ALPHA_per_atom=    0.14, RMSE_ALPHA_DERIV=    8.00
2025-07-14 00:45:19.700 INFO: Epoch 1181: head: Default, loss=0.0031, RMSE_MU_per_atom=0.00 mDebye, RMSE_MU_DERIV=0.00 mDebye / A, RMSE_ALPHA_per_atom=    0.14, RMSE_ALPHA_DERIV=    8.00
2025-07-14 00:46:11.272 INFO: Epoch 1182: head: Default, loss=0.0031, RMSE_MU_per_atom=0.00 mDebye, RMSE_MU_DERIV=0.00 mDebye / A, RMSE_ALPHA_per_atom=    0.14, RMSE_ALPHA_DERIV=    8.00
2025-07-14 00:47:02.840 INFO: Epoch 1183: head: Default, loss=0.0031, RMSE_MU_per_atom=0.00 mDebye, RMSE_MU_DERIV=0.00 mDebye / A, RMSE_ALPHA_per_atom=    0.14, RMSE_ALPHA_DERIV=    8.00
2025-07-14 00:47:54.430 INFO: Epoch 1184: head: Default, loss=0.0031, RMSE_MU_per_atom=0.00 mDebye, RMSE_MU_DERIV=0.00 mDebye / A, RMSE_ALPHA_per_atom=    0.14, RMSE_ALPHA_DERIV=    8.00
2025-07-14 00:48:46.010 INFO: Epoch 1185: head: Default, loss=0.0031, RMSE_MU_per_atom=0.00 mDebye, RMSE_MU_DERIV=0.00 mDebye / A, RMSE_ALPHA_per_atom=    0.14, RMSE_ALPHA_DERIV=    8.00
2025-07-14 00:49:37.590 INFO: Epoch 1186: head: Default, loss=0.0031, RMSE_MU_per_atom=0.00 mDebye, RMSE_MU_DERIV=0.00 mDebye / A, RMSE_ALPHA_per_atom=    0.14, RMSE_ALPHA_DERIV=    8.00
2025-07-14 00:50:29.151 INFO: Epoch 1187: head: Default, loss=0.0031, RMSE_MU_per_atom=0.00 mDebye, RMSE_MU_DERIV=0.00 mDebye / A, RMSE_ALPHA_per_atom=    0.14, RMSE_ALPHA_DERIV=    8.00
2025-07-14 00:51:20.693 INFO: Epoch 1188: head: Default, loss=0.0031, RMSE_MU_per_atom=0.00 mDebye, RMSE_MU_DERIV=0.00 mDebye / A, RMSE_ALPHA_per_atom=    0.14, RMSE_ALPHA_DERIV=    8.00
2025-07-14 00:52:12.267 INFO: Epoch 1189: head: Default, loss=0.0031, RMSE_MU_per_atom=0.00 mDebye, RMSE_MU_DERIV=0.00 mDebye / A, RMSE_ALPHA_per_atom=    0.14, RMSE_ALPHA_DERIV=    8.00
2025-07-14 00:53:03.838 INFO: Epoch 1190: head: Default, loss=0.0031, RMSE_MU_per_atom=0.00 mDebye, RMSE_MU_DERIV=0.00 mDebye / A, RMSE_ALPHA_per_atom=    0.14, RMSE_ALPHA_DERIV=    8.00
2025-07-14 00:53:55.398 INFO: Epoch 1191: head: Default, loss=0.0031, RMSE_MU_per_atom=0.00 mDebye, RMSE_MU_DERIV=0.00 mDebye / A, RMSE_ALPHA_per_atom=    0.14, RMSE_ALPHA_DERIV=    8.00
2025-07-14 00:54:46.955 INFO: Epoch 1192: head: Default, loss=0.0031, RMSE_MU_per_atom=0.00 mDebye, RMSE_MU_DERIV=0.00 mDebye / A, RMSE_ALPHA_per_atom=    0.14, RMSE_ALPHA_DERIV=    8.00
2025-07-14 00:55:38.527 INFO: Epoch 1193: head: Default, loss=0.0031, RMSE_MU_per_atom=0.00 mDebye, RMSE_MU_DERIV=0.00 mDebye / A, RMSE_ALPHA_per_atom=    0.14, RMSE_ALPHA_DERIV=    8.00
2025-07-14 00:56:30.091 INFO: Epoch 1194: head: Default, loss=0.0031, RMSE_MU_per_atom=0.00 mDebye, RMSE_MU_DERIV=0.00 mDebye / A, RMSE_ALPHA_per_atom=    0.14, RMSE_ALPHA_DERIV=    8.00
2025-07-14 00:57:21.644 INFO: Epoch 1195: head: Default, loss=0.0031, RMSE_MU_per_atom=0.00 mDebye, RMSE_MU_DERIV=0.00 mDebye / A, RMSE_ALPHA_per_atom=    0.14, RMSE_ALPHA_DERIV=    8.00
2025-07-14 00:58:13.206 INFO: Epoch 1196: head: Default, loss=0.0031, RMSE_MU_per_atom=0.00 mDebye, RMSE_MU_DERIV=0.00 mDebye / A, RMSE_ALPHA_per_atom=    0.14, RMSE_ALPHA_DERIV=    8.00
2025-07-14 00:59:04.770 INFO: Epoch 1197: head: Default, loss=0.0031, RMSE_MU_per_atom=0.00 mDebye, RMSE_MU_DERIV=0.00 mDebye / A, RMSE_ALPHA_per_atom=    0.14, RMSE_ALPHA_DERIV=    8.01
2025-07-14 00:59:56.326 INFO: Epoch 1198: head: Default, loss=0.0031, RMSE_MU_per_atom=0.00 mDebye, RMSE_MU_DERIV=0.00 mDebye / A, RMSE_ALPHA_per_atom=    0.14, RMSE_ALPHA_DERIV=    8.00
2025-07-14 01:00:47.905 INFO: Epoch 1199: head: Default, loss=0.0031, RMSE_MU_per_atom=0.00 mDebye, RMSE_MU_DERIV=0.00 mDebye / A, RMSE_ALPHA_per_atom=    0.14, RMSE_ALPHA_DERIV=    8.00
2025-07-14 01:01:39.472 INFO: Epoch 1200: head: Default, loss=0.0031, RMSE_MU_per_atom=0.00 mDebye, RMSE_MU_DERIV=0.00 mDebye / A, RMSE_ALPHA_per_atom=    0.14, RMSE_ALPHA_DERIV=    8.01
2025-07-14 01:02:31.054 INFO: Epoch 1201: head: Default, loss=0.0031, RMSE_MU_per_atom=0.00 mDebye, RMSE_MU_DERIV=0.00 mDebye / A, RMSE_ALPHA_per_atom=    0.14, RMSE_ALPHA_DERIV=    8.00
2025-07-14 01:03:22.616 INFO: Epoch 1202: head: Default, loss=0.0031, RMSE_MU_per_atom=0.00 mDebye, RMSE_MU_DERIV=0.00 mDebye / A, RMSE_ALPHA_per_atom=    0.14, RMSE_ALPHA_DERIV=    8.00
2025-07-14 01:04:14.193 INFO: Epoch 1203: head: Default, loss=0.0031, RMSE_MU_per_atom=0.00 mDebye, RMSE_MU_DERIV=0.00 mDebye / A, RMSE_ALPHA_per_atom=    0.14, RMSE_ALPHA_DERIV=    8.00
2025-07-14 01:05:05.760 INFO: Epoch 1204: head: Default, loss=0.0031, RMSE_MU_per_atom=0.00 mDebye, RMSE_MU_DERIV=0.00 mDebye / A, RMSE_ALPHA_per_atom=    0.14, RMSE_ALPHA_DERIV=    8.00
2025-07-14 01:05:57.323 INFO: Epoch 1205: head: Default, loss=0.0031, RMSE_MU_per_atom=0.00 mDebye, RMSE_MU_DERIV=0.00 mDebye / A, RMSE_ALPHA_per_atom=    0.14, RMSE_ALPHA_DERIV=    8.00
2025-07-14 01:06:48.905 INFO: Epoch 1206: head: Default, loss=0.0031, RMSE_MU_per_atom=0.00 mDebye, RMSE_MU_DERIV=0.00 mDebye / A, RMSE_ALPHA_per_atom=    0.14, RMSE_ALPHA_DERIV=    8.00
2025-07-14 01:07:40.477 INFO: Epoch 1207: head: Default, loss=0.0031, RMSE_MU_per_atom=0.00 mDebye, RMSE_MU_DERIV=0.00 mDebye / A, RMSE_ALPHA_per_atom=    0.14, RMSE_ALPHA_DERIV=    8.00
2025-07-14 01:08:32.019 INFO: Epoch 1208: head: Default, loss=0.0031, RMSE_MU_per_atom=0.00 mDebye, RMSE_MU_DERIV=0.00 mDebye / A, RMSE_ALPHA_per_atom=    0.14, RMSE_ALPHA_DERIV=    8.00
2025-07-14 01:09:23.569 INFO: Epoch 1209: head: Default, loss=0.0031, RMSE_MU_per_atom=0.00 mDebye, RMSE_MU_DERIV=0.00 mDebye / A, RMSE_ALPHA_per_atom=    0.14, RMSE_ALPHA_DERIV=    8.00
2025-07-14 01:10:15.127 INFO: Epoch 1210: head: Default, loss=0.0031, RMSE_MU_per_atom=0.00 mDebye, RMSE_MU_DERIV=0.00 mDebye / A, RMSE_ALPHA_per_atom=    0.14, RMSE_ALPHA_DERIV=    8.00
2025-07-14 01:11:06.691 INFO: Epoch 1211: head: Default, loss=0.0031, RMSE_MU_per_atom=0.00 mDebye, RMSE_MU_DERIV=0.00 mDebye / A, RMSE_ALPHA_per_atom=    0.14, RMSE_ALPHA_DERIV=    8.00
2025-07-14 01:11:58.253 INFO: Epoch 1212: head: Default, loss=0.0031, RMSE_MU_per_atom=0.00 mDebye, RMSE_MU_DERIV=0.00 mDebye / A, RMSE_ALPHA_per_atom=    0.14, RMSE_ALPHA_DERIV=    8.00
2025-07-14 01:12:49.814 INFO: Epoch 1213: head: Default, loss=0.0031, RMSE_MU_per_atom=0.00 mDebye, RMSE_MU_DERIV=0.00 mDebye / A, RMSE_ALPHA_per_atom=    0.14, RMSE_ALPHA_DERIV=    8.00
2025-07-14 01:13:41.392 INFO: Epoch 1214: head: Default, loss=0.0031, RMSE_MU_per_atom=0.00 mDebye, RMSE_MU_DERIV=0.00 mDebye / A, RMSE_ALPHA_per_atom=    0.14, RMSE_ALPHA_DERIV=    8.00
2025-07-14 01:14:32.951 INFO: Epoch 1215: head: Default, loss=0.0031, RMSE_MU_per_atom=0.00 mDebye, RMSE_MU_DERIV=0.00 mDebye / A, RMSE_ALPHA_per_atom=    0.14, RMSE_ALPHA_DERIV=    8.00
2025-07-14 01:15:24.525 INFO: Epoch 1216: head: Default, loss=0.0031, RMSE_MU_per_atom=0.00 mDebye, RMSE_MU_DERIV=0.00 mDebye / A, RMSE_ALPHA_per_atom=    0.14, RMSE_ALPHA_DERIV=    8.00
2025-07-14 01:16:16.088 INFO: Epoch 1217: head: Default, loss=0.0031, RMSE_MU_per_atom=0.00 mDebye, RMSE_MU_DERIV=0.00 mDebye / A, RMSE_ALPHA_per_atom=    0.14, RMSE_ALPHA_DERIV=    8.00
2025-07-14 01:17:07.653 INFO: Epoch 1218: head: Default, loss=0.0031, RMSE_MU_per_atom=0.00 mDebye, RMSE_MU_DERIV=0.00 mDebye / A, RMSE_ALPHA_per_atom=    0.14, RMSE_ALPHA_DERIV=    8.00
2025-07-14 01:17:59.186 INFO: Epoch 1219: head: Default, loss=0.0031, RMSE_MU_per_atom=0.00 mDebye, RMSE_MU_DERIV=0.00 mDebye / A, RMSE_ALPHA_per_atom=    0.14, RMSE_ALPHA_DERIV=    8.00
2025-07-14 01:18:50.736 INFO: Epoch 1220: head: Default, loss=0.0031, RMSE_MU_per_atom=0.00 mDebye, RMSE_MU_DERIV=0.00 mDebye / A, RMSE_ALPHA_per_atom=    0.14, RMSE_ALPHA_DERIV=    8.00
2025-07-14 01:19:42.297 INFO: Epoch 1221: head: Default, loss=0.0031, RMSE_MU_per_atom=0.00 mDebye, RMSE_MU_DERIV=0.00 mDebye / A, RMSE_ALPHA_per_atom=    0.14, RMSE_ALPHA_DERIV=    8.00
2025-07-14 01:20:33.858 INFO: Epoch 1222: head: Default, loss=0.0031, RMSE_MU_per_atom=0.00 mDebye, RMSE_MU_DERIV=0.00 mDebye / A, RMSE_ALPHA_per_atom=    0.14, RMSE_ALPHA_DERIV=    8.00
2025-07-14 01:21:25.415 INFO: Epoch 1223: head: Default, loss=0.0031, RMSE_MU_per_atom=0.00 mDebye, RMSE_MU_DERIV=0.00 mDebye / A, RMSE_ALPHA_per_atom=    0.14, RMSE_ALPHA_DERIV=    8.00
2025-07-14 01:22:16.980 INFO: Epoch 1224: head: Default, loss=0.0031, RMSE_MU_per_atom=0.00 mDebye, RMSE_MU_DERIV=0.00 mDebye / A, RMSE_ALPHA_per_atom=    0.14, RMSE_ALPHA_DERIV=    8.00
2025-07-14 01:23:08.567 INFO: Epoch 1225: head: Default, loss=0.0031, RMSE_MU_per_atom=0.00 mDebye, RMSE_MU_DERIV=0.00 mDebye / A, RMSE_ALPHA_per_atom=    0.14, RMSE_ALPHA_DERIV=    8.00
2025-07-14 01:24:00.131 INFO: Epoch 1226: head: Default, loss=0.0031, RMSE_MU_per_atom=0.00 mDebye, RMSE_MU_DERIV=0.00 mDebye / A, RMSE_ALPHA_per_atom=    0.14, RMSE_ALPHA_DERIV=    8.00
2025-07-14 01:24:51.694 INFO: Epoch 1227: head: Default, loss=0.0031, RMSE_MU_per_atom=0.00 mDebye, RMSE_MU_DERIV=0.00 mDebye / A, RMSE_ALPHA_per_atom=    0.14, RMSE_ALPHA_DERIV=    8.00
2025-07-14 01:25:43.256 INFO: Epoch 1228: head: Default, loss=0.0031, RMSE_MU_per_atom=0.00 mDebye, RMSE_MU_DERIV=0.00 mDebye / A, RMSE_ALPHA_per_atom=    0.14, RMSE_ALPHA_DERIV=    8.00
2025-07-14 01:26:34.818 INFO: Epoch 1229: head: Default, loss=0.0031, RMSE_MU_per_atom=0.00 mDebye, RMSE_MU_DERIV=0.00 mDebye / A, RMSE_ALPHA_per_atom=    0.14, RMSE_ALPHA_DERIV=    8.00
2025-07-14 01:27:26.389 INFO: Epoch 1230: head: Default, loss=0.0031, RMSE_MU_per_atom=0.00 mDebye, RMSE_MU_DERIV=0.00 mDebye / A, RMSE_ALPHA_per_atom=    0.14, RMSE_ALPHA_DERIV=    8.00
2025-07-14 01:28:17.948 INFO: Epoch 1231: head: Default, loss=0.0031, RMSE_MU_per_atom=0.00 mDebye, RMSE_MU_DERIV=0.00 mDebye / A, RMSE_ALPHA_per_atom=    0.14, RMSE_ALPHA_DERIV=    8.00
2025-07-14 01:29:09.513 INFO: Epoch 1232: head: Default, loss=0.0031, RMSE_MU_per_atom=0.00 mDebye, RMSE_MU_DERIV=0.00 mDebye / A, RMSE_ALPHA_per_atom=    0.14, RMSE_ALPHA_DERIV=    8.00
2025-07-14 01:30:01.075 INFO: Epoch 1233: head: Default, loss=0.0031, RMSE_MU_per_atom=0.00 mDebye, RMSE_MU_DERIV=0.00 mDebye / A, RMSE_ALPHA_per_atom=    0.14, RMSE_ALPHA_DERIV=    8.00
2025-07-14 01:30:52.622 INFO: Epoch 1234: head: Default, loss=0.0031, RMSE_MU_per_atom=0.00 mDebye, RMSE_MU_DERIV=0.00 mDebye / A, RMSE_ALPHA_per_atom=    0.14, RMSE_ALPHA_DERIV=    8.00
2025-07-14 01:31:44.189 INFO: Epoch 1235: head: Default, loss=0.0031, RMSE_MU_per_atom=0.00 mDebye, RMSE_MU_DERIV=0.00 mDebye / A, RMSE_ALPHA_per_atom=    0.14, RMSE_ALPHA_DERIV=    8.00
2025-07-14 01:32:35.763 INFO: Epoch 1236: head: Default, loss=0.0031, RMSE_MU_per_atom=0.00 mDebye, RMSE_MU_DERIV=0.00 mDebye / A, RMSE_ALPHA_per_atom=    0.14, RMSE_ALPHA_DERIV=    8.00
2025-07-14 01:33:27.334 INFO: Epoch 1237: head: Default, loss=0.0031, RMSE_MU_per_atom=0.00 mDebye, RMSE_MU_DERIV=0.00 mDebye / A, RMSE_ALPHA_per_atom=    0.14, RMSE_ALPHA_DERIV=    8.00
2025-07-14 01:34:18.901 INFO: Epoch 1238: head: Default, loss=0.0031, RMSE_MU_per_atom=0.00 mDebye, RMSE_MU_DERIV=0.00 mDebye / A, RMSE_ALPHA_per_atom=    0.14, RMSE_ALPHA_DERIV=    8.00
2025-07-14 01:35:10.473 INFO: Epoch 1239: head: Default, loss=0.0031, RMSE_MU_per_atom=0.00 mDebye, RMSE_MU_DERIV=0.00 mDebye / A, RMSE_ALPHA_per_atom=    0.14, RMSE_ALPHA_DERIV=    8.00
2025-07-14 01:36:02.030 INFO: Epoch 1240: head: Default, loss=0.0031, RMSE_MU_per_atom=0.00 mDebye, RMSE_MU_DERIV=0.00 mDebye / A, RMSE_ALPHA_per_atom=    0.14, RMSE_ALPHA_DERIV=    8.00
2025-07-14 01:36:53.579 INFO: Epoch 1241: head: Default, loss=0.0031, RMSE_MU_per_atom=0.00 mDebye, RMSE_MU_DERIV=0.00 mDebye / A, RMSE_ALPHA_per_atom=    0.14, RMSE_ALPHA_DERIV=    8.00
2025-07-14 01:37:45.152 INFO: Epoch 1242: head: Default, loss=0.0031, RMSE_MU_per_atom=0.00 mDebye, RMSE_MU_DERIV=0.00 mDebye / A, RMSE_ALPHA_per_atom=    0.14, RMSE_ALPHA_DERIV=    8.00
2025-07-14 01:38:36.734 INFO: Epoch 1243: head: Default, loss=0.0031, RMSE_MU_per_atom=0.00 mDebye, RMSE_MU_DERIV=0.00 mDebye / A, RMSE_ALPHA_per_atom=    0.14, RMSE_ALPHA_DERIV=    8.00
2025-07-14 01:39:28.301 INFO: Epoch 1244: head: Default, loss=0.0031, RMSE_MU_per_atom=0.00 mDebye, RMSE_MU_DERIV=0.00 mDebye / A, RMSE_ALPHA_per_atom=    0.14, RMSE_ALPHA_DERIV=    8.00
2025-07-14 01:40:19.879 INFO: Epoch 1245: head: Default, loss=0.0031, RMSE_MU_per_atom=0.00 mDebye, RMSE_MU_DERIV=0.00 mDebye / A, RMSE_ALPHA_per_atom=    0.14, RMSE_ALPHA_DERIV=    8.00
2025-07-14 01:41:11.451 INFO: Epoch 1246: head: Default, loss=0.0031, RMSE_MU_per_atom=0.00 mDebye, RMSE_MU_DERIV=0.00 mDebye / A, RMSE_ALPHA_per_atom=    0.14, RMSE_ALPHA_DERIV=    8.00
2025-07-14 01:42:03.012 INFO: Epoch 1247: head: Default, loss=0.0031, RMSE_MU_per_atom=0.00 mDebye, RMSE_MU_DERIV=0.00 mDebye / A, RMSE_ALPHA_per_atom=    0.14, RMSE_ALPHA_DERIV=    8.00
2025-07-14 01:42:54.588 INFO: Epoch 1248: head: Default, loss=0.0031, RMSE_MU_per_atom=0.00 mDebye, RMSE_MU_DERIV=0.00 mDebye / A, RMSE_ALPHA_per_atom=    0.14, RMSE_ALPHA_DERIV=    8.00
2025-07-14 01:43:46.147 INFO: Epoch 1249: head: Default, loss=0.0031, RMSE_MU_per_atom=0.00 mDebye, RMSE_MU_DERIV=0.00 mDebye / A, RMSE_ALPHA_per_atom=    0.14, RMSE_ALPHA_DERIV=    8.00
2025-07-14 01:44:37.715 INFO: Epoch 1250: head: Default, loss=0.0031, RMSE_MU_per_atom=0.00 mDebye, RMSE_MU_DERIV=0.00 mDebye / A, RMSE_ALPHA_per_atom=    0.14, RMSE_ALPHA_DERIV=    8.00
2025-07-14 01:45:29.287 INFO: Epoch 1251: head: Default, loss=0.0031, RMSE_MU_per_atom=0.00 mDebye, RMSE_MU_DERIV=0.00 mDebye / A, RMSE_ALPHA_per_atom=    0.14, RMSE_ALPHA_DERIV=    8.00
2025-07-14 01:46:20.839 INFO: Epoch 1252: head: Default, loss=0.0031, RMSE_MU_per_atom=0.00 mDebye, RMSE_MU_DERIV=0.00 mDebye / A, RMSE_ALPHA_per_atom=    0.14, RMSE_ALPHA_DERIV=    8.00
2025-07-14 01:47:12.397 INFO: Epoch 1253: head: Default, loss=0.0031, RMSE_MU_per_atom=0.00 mDebye, RMSE_MU_DERIV=0.00 mDebye / A, RMSE_ALPHA_per_atom=    0.14, RMSE_ALPHA_DERIV=    8.00
2025-07-14 01:48:03.960 INFO: Epoch 1254: head: Default, loss=0.0031, RMSE_MU_per_atom=0.00 mDebye, RMSE_MU_DERIV=0.00 mDebye / A, RMSE_ALPHA_per_atom=    0.14, RMSE_ALPHA_DERIV=    8.00
2025-07-14 01:48:55.527 INFO: Epoch 1255: head: Default, loss=0.0031, RMSE_MU_per_atom=0.00 mDebye, RMSE_MU_DERIV=0.00 mDebye / A, RMSE_ALPHA_per_atom=    0.14, RMSE_ALPHA_DERIV=    8.00
2025-07-14 01:49:47.100 INFO: Epoch 1256: head: Default, loss=0.0031, RMSE_MU_per_atom=0.00 mDebye, RMSE_MU_DERIV=0.00 mDebye / A, RMSE_ALPHA_per_atom=    0.14, RMSE_ALPHA_DERIV=    8.00
2025-07-14 01:50:38.663 INFO: Epoch 1257: head: Default, loss=0.0031, RMSE_MU_per_atom=0.00 mDebye, RMSE_MU_DERIV=0.00 mDebye / A, RMSE_ALPHA_per_atom=    0.14, RMSE_ALPHA_DERIV=    8.00
2025-07-14 01:51:30.224 INFO: Epoch 1258: head: Default, loss=0.0031, RMSE_MU_per_atom=0.00 mDebye, RMSE_MU_DERIV=0.00 mDebye / A, RMSE_ALPHA_per_atom=    0.14, RMSE_ALPHA_DERIV=    8.00
2025-07-14 01:52:21.779 INFO: Epoch 1259: head: Default, loss=0.0031, RMSE_MU_per_atom=0.00 mDebye, RMSE_MU_DERIV=0.00 mDebye / A, RMSE_ALPHA_per_atom=    0.14, RMSE_ALPHA_DERIV=    8.00
2025-07-14 01:53:13.351 INFO: Epoch 1260: head: Default, loss=0.0031, RMSE_MU_per_atom=0.00 mDebye, RMSE_MU_DERIV=0.00 mDebye / A, RMSE_ALPHA_per_atom=    0.14, RMSE_ALPHA_DERIV=    8.00
2025-07-14 01:54:04.915 INFO: Epoch 1261: head: Default, loss=0.0031, RMSE_MU_per_atom=0.00 mDebye, RMSE_MU_DERIV=0.00 mDebye / A, RMSE_ALPHA_per_atom=    0.14, RMSE_ALPHA_DERIV=    8.00
2025-07-14 01:54:56.473 INFO: Epoch 1262: head: Default, loss=0.0031, RMSE_MU_per_atom=0.00 mDebye, RMSE_MU_DERIV=0.00 mDebye / A, RMSE_ALPHA_per_atom=    0.14, RMSE_ALPHA_DERIV=    8.00
2025-07-14 01:55:48.021 INFO: Epoch 1263: head: Default, loss=0.0031, RMSE_MU_per_atom=0.00 mDebye, RMSE_MU_DERIV=0.00 mDebye / A, RMSE_ALPHA_per_atom=    0.14, RMSE_ALPHA_DERIV=    8.00
2025-07-14 01:56:39.580 INFO: Epoch 1264: head: Default, loss=0.0031, RMSE_MU_per_atom=0.00 mDebye, RMSE_MU_DERIV=0.00 mDebye / A, RMSE_ALPHA_per_atom=    0.14, RMSE_ALPHA_DERIV=    8.00
2025-07-14 01:57:31.142 INFO: Epoch 1265: head: Default, loss=0.0031, RMSE_MU_per_atom=0.00 mDebye, RMSE_MU_DERIV=0.00 mDebye / A, RMSE_ALPHA_per_atom=    0.14, RMSE_ALPHA_DERIV=    8.00
2025-07-14 01:58:22.700 INFO: Epoch 1266: head: Default, loss=0.0031, RMSE_MU_per_atom=0.00 mDebye, RMSE_MU_DERIV=0.00 mDebye / A, RMSE_ALPHA_per_atom=    0.14, RMSE_ALPHA_DERIV=    8.00
2025-07-14 01:59:14.283 INFO: Epoch 1267: head: Default, loss=0.0031, RMSE_MU_per_atom=0.00 mDebye, RMSE_MU_DERIV=0.00 mDebye / A, RMSE_ALPHA_per_atom=    0.14, RMSE_ALPHA_DERIV=    8.00
2025-07-14 02:00:05.832 INFO: Epoch 1268: head: Default, loss=0.0031, RMSE_MU_per_atom=0.00 mDebye, RMSE_MU_DERIV=0.00 mDebye / A, RMSE_ALPHA_per_atom=    0.14, RMSE_ALPHA_DERIV=    8.00
2025-07-14 02:00:57.389 INFO: Epoch 1269: head: Default, loss=0.0031, RMSE_MU_per_atom=0.00 mDebye, RMSE_MU_DERIV=0.00 mDebye / A, RMSE_ALPHA_per_atom=    0.14, RMSE_ALPHA_DERIV=    8.00
2025-07-14 02:01:48.958 INFO: Epoch 1270: head: Default, loss=0.0031, RMSE_MU_per_atom=0.00 mDebye, RMSE_MU_DERIV=0.00 mDebye / A, RMSE_ALPHA_per_atom=    0.14, RMSE_ALPHA_DERIV=    8.00
2025-07-14 02:02:40.530 INFO: Epoch 1271: head: Default, loss=0.0031, RMSE_MU_per_atom=0.00 mDebye, RMSE_MU_DERIV=0.00 mDebye / A, RMSE_ALPHA_per_atom=    0.14, RMSE_ALPHA_DERIV=    8.00
2025-07-14 02:03:32.089 INFO: Epoch 1272: head: Default, loss=0.0031, RMSE_MU_per_atom=0.00 mDebye, RMSE_MU_DERIV=0.00 mDebye / A, RMSE_ALPHA_per_atom=    0.14, RMSE_ALPHA_DERIV=    8.00
2025-07-14 02:04:23.663 INFO: Epoch 1273: head: Default, loss=0.0031, RMSE_MU_per_atom=0.00 mDebye, RMSE_MU_DERIV=0.00 mDebye / A, RMSE_ALPHA_per_atom=    0.14, RMSE_ALPHA_DERIV=    8.00
2025-07-14 02:05:15.251 INFO: Epoch 1274: head: Default, loss=0.0031, RMSE_MU_per_atom=0.00 mDebye, RMSE_MU_DERIV=0.00 mDebye / A, RMSE_ALPHA_per_atom=    0.14, RMSE_ALPHA_DERIV=    8.00
2025-07-14 02:06:06.815 INFO: Epoch 1275: head: Default, loss=0.0031, RMSE_MU_per_atom=0.00 mDebye, RMSE_MU_DERIV=0.00 mDebye / A, RMSE_ALPHA_per_atom=    0.14, RMSE_ALPHA_DERIV=    8.00
2025-07-14 02:06:58.373 INFO: Epoch 1276: head: Default, loss=0.0031, RMSE_MU_per_atom=0.00 mDebye, RMSE_MU_DERIV=0.00 mDebye / A, RMSE_ALPHA_per_atom=    0.14, RMSE_ALPHA_DERIV=    8.00
2025-07-14 02:07:49.933 INFO: Epoch 1277: head: Default, loss=0.0031, RMSE_MU_per_atom=0.00 mDebye, RMSE_MU_DERIV=0.00 mDebye / A, RMSE_ALPHA_per_atom=    0.14, RMSE_ALPHA_DERIV=    8.00
2025-07-14 02:08:41.477 INFO: Epoch 1278: head: Default, loss=0.0031, RMSE_MU_per_atom=0.00 mDebye, RMSE_MU_DERIV=0.00 mDebye / A, RMSE_ALPHA_per_atom=    0.14, RMSE_ALPHA_DERIV=    8.00
2025-07-14 02:09:33.029 INFO: Epoch 1279: head: Default, loss=0.0031, RMSE_MU_per_atom=0.00 mDebye, RMSE_MU_DERIV=0.00 mDebye / A, RMSE_ALPHA_per_atom=    0.14, RMSE_ALPHA_DERIV=    8.00
2025-07-14 02:10:24.593 INFO: Epoch 1280: head: Default, loss=0.0031, RMSE_MU_per_atom=0.00 mDebye, RMSE_MU_DERIV=0.00 mDebye / A, RMSE_ALPHA_per_atom=    0.14, RMSE_ALPHA_DERIV=    8.00
2025-07-14 02:11:16.150 INFO: Epoch 1281: head: Default, loss=0.0031, RMSE_MU_per_atom=0.00 mDebye, RMSE_MU_DERIV=0.00 mDebye / A, RMSE_ALPHA_per_atom=    0.14, RMSE_ALPHA_DERIV=    8.00
2025-07-14 02:12:07.704 INFO: Epoch 1282: head: Default, loss=0.0031, RMSE_MU_per_atom=0.00 mDebye, RMSE_MU_DERIV=0.00 mDebye / A, RMSE_ALPHA_per_atom=    0.14, RMSE_ALPHA_DERIV=    8.00
2025-07-14 02:12:59.265 INFO: Epoch 1283: head: Default, loss=0.0031, RMSE_MU_per_atom=0.00 mDebye, RMSE_MU_DERIV=0.00 mDebye / A, RMSE_ALPHA_per_atom=    0.14, RMSE_ALPHA_DERIV=    8.00
2025-07-14 02:13:50.817 INFO: Epoch 1284: head: Default, loss=0.0031, RMSE_MU_per_atom=0.00 mDebye, RMSE_MU_DERIV=0.00 mDebye / A, RMSE_ALPHA_per_atom=    0.14, RMSE_ALPHA_DERIV=    8.00
2025-07-14 02:14:42.372 INFO: Epoch 1285: head: Default, loss=0.0031, RMSE_MU_per_atom=0.00 mDebye, RMSE_MU_DERIV=0.00 mDebye / A, RMSE_ALPHA_per_atom=    0.14, RMSE_ALPHA_DERIV=    8.00
2025-07-14 02:15:33.938 INFO: Epoch 1286: head: Default, loss=0.0031, RMSE_MU_per_atom=0.00 mDebye, RMSE_MU_DERIV=0.00 mDebye / A, RMSE_ALPHA_per_atom=    0.14, RMSE_ALPHA_DERIV=    8.00
2025-07-14 02:16:25.498 INFO: Epoch 1287: head: Default, loss=0.0031, RMSE_MU_per_atom=0.00 mDebye, RMSE_MU_DERIV=0.00 mDebye / A, RMSE_ALPHA_per_atom=    0.14, RMSE_ALPHA_DERIV=    8.00
2025-07-14 02:17:17.064 INFO: Epoch 1288: head: Default, loss=0.0031, RMSE_MU_per_atom=0.00 mDebye, RMSE_MU_DERIV=0.00 mDebye / A, RMSE_ALPHA_per_atom=    0.14, RMSE_ALPHA_DERIV=    8.00
2025-07-14 02:18:08.620 INFO: Epoch 1289: head: Default, loss=0.0031, RMSE_MU_per_atom=0.00 mDebye, RMSE_MU_DERIV=0.00 mDebye / A, RMSE_ALPHA_per_atom=    0.14, RMSE_ALPHA_DERIV=    8.00
2025-07-14 02:19:00.161 INFO: Epoch 1290: head: Default, loss=0.0031, RMSE_MU_per_atom=0.00 mDebye, RMSE_MU_DERIV=0.00 mDebye / A, RMSE_ALPHA_per_atom=    0.14, RMSE_ALPHA_DERIV=    8.00
2025-07-14 02:19:51.736 INFO: Epoch 1291: head: Default, loss=0.0031, RMSE_MU_per_atom=0.00 mDebye, RMSE_MU_DERIV=0.00 mDebye / A, RMSE_ALPHA_per_atom=    0.14, RMSE_ALPHA_DERIV=    8.00
2025-07-14 02:20:43.287 INFO: Epoch 1292: head: Default, loss=0.0031, RMSE_MU_per_atom=0.00 mDebye, RMSE_MU_DERIV=0.00 mDebye / A, RMSE_ALPHA_per_atom=    0.14, RMSE_ALPHA_DERIV=    8.00
2025-07-14 02:21:34.848 INFO: Epoch 1293: head: Default, loss=0.0031, RMSE_MU_per_atom=0.00 mDebye, RMSE_MU_DERIV=0.00 mDebye / A, RMSE_ALPHA_per_atom=    0.14, RMSE_ALPHA_DERIV=    8.00
2025-07-14 02:22:26.420 INFO: Epoch 1294: head: Default, loss=0.0031, RMSE_MU_per_atom=0.00 mDebye, RMSE_MU_DERIV=0.00 mDebye / A, RMSE_ALPHA_per_atom=    0.14, RMSE_ALPHA_DERIV=    8.00
2025-07-14 02:23:17.994 INFO: Epoch 1295: head: Default, loss=0.0031, RMSE_MU_per_atom=0.00 mDebye, RMSE_MU_DERIV=0.00 mDebye / A, RMSE_ALPHA_per_atom=    0.14, RMSE_ALPHA_DERIV=    8.00
2025-07-14 02:24:09.574 INFO: Epoch 1296: head: Default, loss=0.0031, RMSE_MU_per_atom=0.00 mDebye, RMSE_MU_DERIV=0.00 mDebye / A, RMSE_ALPHA_per_atom=    0.14, RMSE_ALPHA_DERIV=    8.00
2025-07-14 02:25:01.123 INFO: Epoch 1297: head: Default, loss=0.0031, RMSE_MU_per_atom=0.00 mDebye, RMSE_MU_DERIV=0.00 mDebye / A, RMSE_ALPHA_per_atom=    0.14, RMSE_ALPHA_DERIV=    8.00
2025-07-14 02:25:52.691 INFO: Epoch 1298: head: Default, loss=0.0031, RMSE_MU_per_atom=0.00 mDebye, RMSE_MU_DERIV=0.00 mDebye / A, RMSE_ALPHA_per_atom=    0.14, RMSE_ALPHA_DERIV=    8.00
2025-07-14 02:26:44.254 INFO: Epoch 1299: head: Default, loss=0.0031, RMSE_MU_per_atom=0.00 mDebye, RMSE_MU_DERIV=0.00 mDebye / A, RMSE_ALPHA_per_atom=    0.14, RMSE_ALPHA_DERIV=    8.00
2025-07-14 02:27:35.808 INFO: Epoch 1300: head: Default, loss=0.0031, RMSE_MU_per_atom=0.00 mDebye, RMSE_MU_DERIV=0.00 mDebye / A, RMSE_ALPHA_per_atom=    0.14, RMSE_ALPHA_DERIV=    8.00
2025-07-14 02:28:27.368 INFO: Epoch 1301: head: Default, loss=0.0031, RMSE_MU_per_atom=0.00 mDebye, RMSE_MU_DERIV=0.00 mDebye / A, RMSE_ALPHA_per_atom=    0.14, RMSE_ALPHA_DERIV=    8.00
2025-07-14 02:29:18.934 INFO: Epoch 1302: head: Default, loss=0.0031, RMSE_MU_per_atom=0.00 mDebye, RMSE_MU_DERIV=0.00 mDebye / A, RMSE_ALPHA_per_atom=    0.14, RMSE_ALPHA_DERIV=    8.00
2025-07-14 02:30:10.495 INFO: Epoch 1303: head: Default, loss=0.0031, RMSE_MU_per_atom=0.00 mDebye, RMSE_MU_DERIV=0.00 mDebye / A, RMSE_ALPHA_per_atom=    0.14, RMSE_ALPHA_DERIV=    8.00
2025-07-14 02:31:02.064 INFO: Epoch 1304: head: Default, loss=0.0031, RMSE_MU_per_atom=0.00 mDebye, RMSE_MU_DERIV=0.00 mDebye / A, RMSE_ALPHA_per_atom=    0.14, RMSE_ALPHA_DERIV=    8.00
2025-07-14 02:31:53.640 INFO: Epoch 1305: head: Default, loss=0.0031, RMSE_MU_per_atom=0.00 mDebye, RMSE_MU_DERIV=0.00 mDebye / A, RMSE_ALPHA_per_atom=    0.14, RMSE_ALPHA_DERIV=    8.00
2025-07-14 02:32:45.198 INFO: Epoch 1306: head: Default, loss=0.0031, RMSE_MU_per_atom=0.00 mDebye, RMSE_MU_DERIV=0.00 mDebye / A, RMSE_ALPHA_per_atom=    0.14, RMSE_ALPHA_DERIV=    8.00
2025-07-14 02:33:36.775 INFO: Epoch 1307: head: Default, loss=0.0031, RMSE_MU_per_atom=0.00 mDebye, RMSE_MU_DERIV=0.00 mDebye / A, RMSE_ALPHA_per_atom=    0.14, RMSE_ALPHA_DERIV=    8.00
2025-07-14 02:34:28.328 INFO: Epoch 1308: head: Default, loss=0.0031, RMSE_MU_per_atom=0.00 mDebye, RMSE_MU_DERIV=0.00 mDebye / A, RMSE_ALPHA_per_atom=    0.14, RMSE_ALPHA_DERIV=    8.00
2025-07-14 02:35:19.887 INFO: Epoch 1309: head: Default, loss=0.0031, RMSE_MU_per_atom=0.00 mDebye, RMSE_MU_DERIV=0.00 mDebye / A, RMSE_ALPHA_per_atom=    0.14, RMSE_ALPHA_DERIV=    8.00
2025-07-14 02:36:11.458 INFO: Epoch 1310: head: Default, loss=0.0031, RMSE_MU_per_atom=0.00 mDebye, RMSE_MU_DERIV=0.00 mDebye / A, RMSE_ALPHA_per_atom=    0.14, RMSE_ALPHA_DERIV=    8.00
2025-07-14 02:37:03.015 INFO: Epoch 1311: head: Default, loss=0.0031, RMSE_MU_per_atom=0.00 mDebye, RMSE_MU_DERIV=0.00 mDebye / A, RMSE_ALPHA_per_atom=    0.14, RMSE_ALPHA_DERIV=    8.00
2025-07-14 02:37:54.576 INFO: Epoch 1312: head: Default, loss=0.0031, RMSE_MU_per_atom=0.00 mDebye, RMSE_MU_DERIV=0.00 mDebye / A, RMSE_ALPHA_per_atom=    0.14, RMSE_ALPHA_DERIV=    8.00
2025-07-14 02:38:46.142 INFO: Epoch 1313: head: Default, loss=0.0031, RMSE_MU_per_atom=0.00 mDebye, RMSE_MU_DERIV=0.00 mDebye / A, RMSE_ALPHA_per_atom=    0.14, RMSE_ALPHA_DERIV=    8.00
2025-07-14 02:39:37.710 INFO: Epoch 1314: head: Default, loss=0.0031, RMSE_MU_per_atom=0.00 mDebye, RMSE_MU_DERIV=0.00 mDebye / A, RMSE_ALPHA_per_atom=    0.14, RMSE_ALPHA_DERIV=    8.00
2025-07-14 02:40:29.272 INFO: Epoch 1315: head: Default, loss=0.0031, RMSE_MU_per_atom=0.00 mDebye, RMSE_MU_DERIV=0.00 mDebye / A, RMSE_ALPHA_per_atom=    0.14, RMSE_ALPHA_DERIV=    8.00
2025-07-14 02:41:20.838 INFO: Epoch 1316: head: Default, loss=0.0031, RMSE_MU_per_atom=0.00 mDebye, RMSE_MU_DERIV=0.00 mDebye / A, RMSE_ALPHA_per_atom=    0.14, RMSE_ALPHA_DERIV=    8.00
2025-07-14 02:42:12.396 INFO: Epoch 1317: head: Default, loss=0.0031, RMSE_MU_per_atom=0.00 mDebye, RMSE_MU_DERIV=0.00 mDebye / A, RMSE_ALPHA_per_atom=    0.14, RMSE_ALPHA_DERIV=    8.00
2025-07-14 02:43:03.955 INFO: Epoch 1318: head: Default, loss=0.0031, RMSE_MU_per_atom=0.00 mDebye, RMSE_MU_DERIV=0.00 mDebye / A, RMSE_ALPHA_per_atom=    0.14, RMSE_ALPHA_DERIV=    8.00
2025-07-14 02:43:55.505 INFO: Epoch 1319: head: Default, loss=0.0031, RMSE_MU_per_atom=0.00 mDebye, RMSE_MU_DERIV=0.00 mDebye / A, RMSE_ALPHA_per_atom=    0.14, RMSE_ALPHA_DERIV=    8.00
2025-07-14 02:44:47.055 INFO: Epoch 1320: head: Default, loss=0.0031, RMSE_MU_per_atom=0.00 mDebye, RMSE_MU_DERIV=0.00 mDebye / A, RMSE_ALPHA_per_atom=    0.14, RMSE_ALPHA_DERIV=    8.00
2025-07-14 02:45:38.614 INFO: Epoch 1321: head: Default, loss=0.0031, RMSE_MU_per_atom=0.00 mDebye, RMSE_MU_DERIV=0.00 mDebye / A, RMSE_ALPHA_per_atom=    0.14, RMSE_ALPHA_DERIV=    8.00
2025-07-14 02:46:30.180 INFO: Epoch 1322: head: Default, loss=0.0031, RMSE_MU_per_atom=0.00 mDebye, RMSE_MU_DERIV=0.00 mDebye / A, RMSE_ALPHA_per_atom=    0.14, RMSE_ALPHA_DERIV=    8.00
2025-07-14 02:47:21.761 INFO: Epoch 1323: head: Default, loss=0.0031, RMSE_MU_per_atom=0.00 mDebye, RMSE_MU_DERIV=0.00 mDebye / A, RMSE_ALPHA_per_atom=    0.14, RMSE_ALPHA_DERIV=    8.00
2025-07-14 02:48:13.311 INFO: Epoch 1324: head: Default, loss=0.0031, RMSE_MU_per_atom=0.00 mDebye, RMSE_MU_DERIV=0.00 mDebye / A, RMSE_ALPHA_per_atom=    0.14, RMSE_ALPHA_DERIV=    8.00
2025-07-14 02:49:04.863 INFO: Epoch 1325: head: Default, loss=0.0031, RMSE_MU_per_atom=0.00 mDebye, RMSE_MU_DERIV=0.00 mDebye / A, RMSE_ALPHA_per_atom=    0.14, RMSE_ALPHA_DERIV=    8.00
2025-07-14 02:49:56.426 INFO: Epoch 1326: head: Default, loss=0.0031, RMSE_MU_per_atom=0.00 mDebye, RMSE_MU_DERIV=0.00 mDebye / A, RMSE_ALPHA_per_atom=    0.14, RMSE_ALPHA_DERIV=    8.00
2025-07-14 02:50:47.982 INFO: Epoch 1327: head: Default, loss=0.0031, RMSE_MU_per_atom=0.00 mDebye, RMSE_MU_DERIV=0.00 mDebye / A, RMSE_ALPHA_per_atom=    0.14, RMSE_ALPHA_DERIV=    8.00
2025-07-14 02:51:39.531 INFO: Epoch 1328: head: Default, loss=0.0031, RMSE_MU_per_atom=0.00 mDebye, RMSE_MU_DERIV=0.00 mDebye / A, RMSE_ALPHA_per_atom=    0.14, RMSE_ALPHA_DERIV=    8.00
2025-07-14 02:52:31.092 INFO: Epoch 1329: head: Default, loss=0.0031, RMSE_MU_per_atom=0.00 mDebye, RMSE_MU_DERIV=0.00 mDebye / A, RMSE_ALPHA_per_atom=    0.14, RMSE_ALPHA_DERIV=    8.00
2025-07-14 02:53:22.662 INFO: Epoch 1330: head: Default, loss=0.0031, RMSE_MU_per_atom=0.00 mDebye, RMSE_MU_DERIV=0.00 mDebye / A, RMSE_ALPHA_per_atom=    0.14, RMSE_ALPHA_DERIV=    8.00
2025-07-14 02:54:14.238 INFO: Epoch 1331: head: Default, loss=0.0031, RMSE_MU_per_atom=0.00 mDebye, RMSE_MU_DERIV=0.00 mDebye / A, RMSE_ALPHA_per_atom=    0.14, RMSE_ALPHA_DERIV=    8.00
2025-07-14 02:55:05.816 INFO: Epoch 1332: head: Default, loss=0.0031, RMSE_MU_per_atom=0.00 mDebye, RMSE_MU_DERIV=0.00 mDebye / A, RMSE_ALPHA_per_atom=    0.14, RMSE_ALPHA_DERIV=    8.00
2025-07-14 02:55:57.364 INFO: Epoch 1333: head: Default, loss=0.0031, RMSE_MU_per_atom=0.00 mDebye, RMSE_MU_DERIV=0.00 mDebye / A, RMSE_ALPHA_per_atom=    0.14, RMSE_ALPHA_DERIV=    8.00
2025-07-14 02:56:48.936 INFO: Epoch 1334: head: Default, loss=0.0031, RMSE_MU_per_atom=0.00 mDebye, RMSE_MU_DERIV=0.00 mDebye / A, RMSE_ALPHA_per_atom=    0.14, RMSE_ALPHA_DERIV=    8.00
2025-07-14 02:57:40.489 INFO: Epoch 1335: head: Default, loss=0.0031, RMSE_MU_per_atom=0.00 mDebye, RMSE_MU_DERIV=0.00 mDebye / A, RMSE_ALPHA_per_atom=    0.14, RMSE_ALPHA_DERIV=    8.00
2025-07-14 02:58:32.036 INFO: Epoch 1336: head: Default, loss=0.0031, RMSE_MU_per_atom=0.00 mDebye, RMSE_MU_DERIV=0.00 mDebye / A, RMSE_ALPHA_per_atom=    0.14, RMSE_ALPHA_DERIV=    8.00
2025-07-14 02:59:23.607 INFO: Epoch 1337: head: Default, loss=0.0031, RMSE_MU_per_atom=0.00 mDebye, RMSE_MU_DERIV=0.00 mDebye / A, RMSE_ALPHA_per_atom=    0.14, RMSE_ALPHA_DERIV=    8.00
2025-07-14 03:00:15.166 INFO: Epoch 1338: head: Default, loss=0.0031, RMSE_MU_per_atom=0.00 mDebye, RMSE_MU_DERIV=0.00 mDebye / A, RMSE_ALPHA_per_atom=    0.14, RMSE_ALPHA_DERIV=    8.00
2025-07-14 03:01:06.720 INFO: Epoch 1339: head: Default, loss=0.0031, RMSE_MU_per_atom=0.00 mDebye, RMSE_MU_DERIV=0.00 mDebye / A, RMSE_ALPHA_per_atom=    0.14, RMSE_ALPHA_DERIV=    8.00
2025-07-14 03:01:58.285 INFO: Epoch 1340: head: Default, loss=0.0031, RMSE_MU_per_atom=0.00 mDebye, RMSE_MU_DERIV=0.00 mDebye / A, RMSE_ALPHA_per_atom=    0.14, RMSE_ALPHA_DERIV=    8.00
2025-07-14 03:02:49.861 INFO: Epoch 1341: head: Default, loss=0.0031, RMSE_MU_per_atom=0.00 mDebye, RMSE_MU_DERIV=0.00 mDebye / A, RMSE_ALPHA_per_atom=    0.14, RMSE_ALPHA_DERIV=    8.00
2025-07-14 03:03:41.403 INFO: Epoch 1342: head: Default, loss=0.0031, RMSE_MU_per_atom=0.00 mDebye, RMSE_MU_DERIV=0.00 mDebye / A, RMSE_ALPHA_per_atom=    0.14, RMSE_ALPHA_DERIV=    8.00
2025-07-14 03:04:32.971 INFO: Epoch 1343: head: Default, loss=0.0031, RMSE_MU_per_atom=0.00 mDebye, RMSE_MU_DERIV=0.00 mDebye / A, RMSE_ALPHA_per_atom=    0.14, RMSE_ALPHA_DERIV=    8.00
2025-07-14 03:05:24.520 INFO: Epoch 1344: head: Default, loss=0.0031, RMSE_MU_per_atom=0.00 mDebye, RMSE_MU_DERIV=0.00 mDebye / A, RMSE_ALPHA_per_atom=    0.14, RMSE_ALPHA_DERIV=    8.00
2025-07-14 03:06:16.083 INFO: Epoch 1345: head: Default, loss=0.0031, RMSE_MU_per_atom=0.00 mDebye, RMSE_MU_DERIV=0.00 mDebye / A, RMSE_ALPHA_per_atom=    0.14, RMSE_ALPHA_DERIV=    8.00
2025-07-14 03:07:07.668 INFO: Epoch 1346: head: Default, loss=0.0031, RMSE_MU_per_atom=0.00 mDebye, RMSE_MU_DERIV=0.00 mDebye / A, RMSE_ALPHA_per_atom=    0.14, RMSE_ALPHA_DERIV=    8.00
2025-07-14 03:07:59.210 INFO: Epoch 1347: head: Default, loss=0.0031, RMSE_MU_per_atom=0.00 mDebye, RMSE_MU_DERIV=0.00 mDebye / A, RMSE_ALPHA_per_atom=    0.14, RMSE_ALPHA_DERIV=    8.00
2025-07-14 03:08:50.780 INFO: Epoch 1348: head: Default, loss=0.0031, RMSE_MU_per_atom=0.00 mDebye, RMSE_MU_DERIV=0.00 mDebye / A, RMSE_ALPHA_per_atom=    0.14, RMSE_ALPHA_DERIV=    8.00
2025-07-14 03:09:42.346 INFO: Epoch 1349: head: Default, loss=0.0031, RMSE_MU_per_atom=0.00 mDebye, RMSE_MU_DERIV=0.00 mDebye / A, RMSE_ALPHA_per_atom=    0.14, RMSE_ALPHA_DERIV=    8.00
2025-07-14 03:10:33.913 INFO: Epoch 1350: head: Default, loss=0.0031, RMSE_MU_per_atom=0.00 mDebye, RMSE_MU_DERIV=0.00 mDebye / A, RMSE_ALPHA_per_atom=    0.14, RMSE_ALPHA_DERIV=    8.00
2025-07-14 03:11:25.483 INFO: Epoch 1351: head: Default, loss=0.0031, RMSE_MU_per_atom=0.00 mDebye, RMSE_MU_DERIV=0.00 mDebye / A, RMSE_ALPHA_per_atom=    0.14, RMSE_ALPHA_DERIV=    8.00
2025-07-14 03:12:17.079 INFO: Epoch 1352: head: Default, loss=0.0031, RMSE_MU_per_atom=0.00 mDebye, RMSE_MU_DERIV=0.00 mDebye / A, RMSE_ALPHA_per_atom=    0.14, RMSE_ALPHA_DERIV=    8.00
2025-07-14 03:13:08.647 INFO: Epoch 1353: head: Default, loss=0.0031, RMSE_MU_per_atom=0.00 mDebye, RMSE_MU_DERIV=0.00 mDebye / A, RMSE_ALPHA_per_atom=    0.14, RMSE_ALPHA_DERIV=    8.00
2025-07-14 03:14:00.199 INFO: Epoch 1354: head: Default, loss=0.0031, RMSE_MU_per_atom=0.00 mDebye, RMSE_MU_DERIV=0.00 mDebye / A, RMSE_ALPHA_per_atom=    0.14, RMSE_ALPHA_DERIV=    8.00
2025-07-14 03:14:51.777 INFO: Epoch 1355: head: Default, loss=0.0031, RMSE_MU_per_atom=0.00 mDebye, RMSE_MU_DERIV=0.00 mDebye / A, RMSE_ALPHA_per_atom=    0.14, RMSE_ALPHA_DERIV=    8.00
2025-07-14 03:15:43.359 INFO: Epoch 1356: head: Default, loss=0.0031, RMSE_MU_per_atom=0.00 mDebye, RMSE_MU_DERIV=0.00 mDebye / A, RMSE_ALPHA_per_atom=    0.14, RMSE_ALPHA_DERIV=    8.00
2025-07-14 03:16:34.919 INFO: Epoch 1357: head: Default, loss=0.0031, RMSE_MU_per_atom=0.00 mDebye, RMSE_MU_DERIV=0.00 mDebye / A, RMSE_ALPHA_per_atom=    0.14, RMSE_ALPHA_DERIV=    8.00
2025-07-14 03:17:26.484 INFO: Epoch 1358: head: Default, loss=0.0031, RMSE_MU_per_atom=0.00 mDebye, RMSE_MU_DERIV=0.00 mDebye / A, RMSE_ALPHA_per_atom=    0.14, RMSE_ALPHA_DERIV=    8.00
2025-07-14 03:18:18.049 INFO: Epoch 1359: head: Default, loss=0.0031, RMSE_MU_per_atom=0.00 mDebye, RMSE_MU_DERIV=0.00 mDebye / A, RMSE_ALPHA_per_atom=    0.14, RMSE_ALPHA_DERIV=    8.00
2025-07-14 03:19:09.635 INFO: Epoch 1360: head: Default, loss=0.0031, RMSE_MU_per_atom=0.00 mDebye, RMSE_MU_DERIV=0.00 mDebye / A, RMSE_ALPHA_per_atom=    0.14, RMSE_ALPHA_DERIV=    8.00
2025-07-14 03:20:01.203 INFO: Epoch 1361: head: Default, loss=0.0031, RMSE_MU_per_atom=0.00 mDebye, RMSE_MU_DERIV=0.00 mDebye / A, RMSE_ALPHA_per_atom=    0.14, RMSE_ALPHA_DERIV=    8.00
2025-07-14 03:20:52.754 INFO: Epoch 1362: head: Default, loss=0.0031, RMSE_MU_per_atom=0.00 mDebye, RMSE_MU_DERIV=0.00 mDebye / A, RMSE_ALPHA_per_atom=    0.14, RMSE_ALPHA_DERIV=    8.00
2025-07-14 03:21:44.321 INFO: Epoch 1363: head: Default, loss=0.0031, RMSE_MU_per_atom=0.00 mDebye, RMSE_MU_DERIV=0.00 mDebye / A, RMSE_ALPHA_per_atom=    0.14, RMSE_ALPHA_DERIV=    8.00
2025-07-14 03:22:35.892 INFO: Epoch 1364: head: Default, loss=0.0031, RMSE_MU_per_atom=0.00 mDebye, RMSE_MU_DERIV=0.00 mDebye / A, RMSE_ALPHA_per_atom=    0.14, RMSE_ALPHA_DERIV=    8.00
2025-07-14 03:23:27.448 INFO: Epoch 1365: head: Default, loss=0.0031, RMSE_MU_per_atom=0.00 mDebye, RMSE_MU_DERIV=0.00 mDebye / A, RMSE_ALPHA_per_atom=    0.14, RMSE_ALPHA_DERIV=    8.00
2025-07-14 03:24:19.010 INFO: Epoch 1366: head: Default, loss=0.0031, RMSE_MU_per_atom=0.00 mDebye, RMSE_MU_DERIV=0.00 mDebye / A, RMSE_ALPHA_per_atom=    0.14, RMSE_ALPHA_DERIV=    8.00
2025-07-14 03:25:10.599 INFO: Epoch 1367: head: Default, loss=0.0031, RMSE_MU_per_atom=0.00 mDebye, RMSE_MU_DERIV=0.00 mDebye / A, RMSE_ALPHA_per_atom=    0.14, RMSE_ALPHA_DERIV=    8.00
2025-07-14 03:26:02.160 INFO: Epoch 1368: head: Default, loss=0.0031, RMSE_MU_per_atom=0.00 mDebye, RMSE_MU_DERIV=0.00 mDebye / A, RMSE_ALPHA_per_atom=    0.14, RMSE_ALPHA_DERIV=    8.00
2025-07-14 03:26:53.719 INFO: Epoch 1369: head: Default, loss=0.0031, RMSE_MU_per_atom=0.00 mDebye, RMSE_MU_DERIV=0.00 mDebye / A, RMSE_ALPHA_per_atom=    0.14, RMSE_ALPHA_DERIV=    8.00
2025-07-14 03:27:45.293 INFO: Epoch 1370: head: Default, loss=0.0031, RMSE_MU_per_atom=0.00 mDebye, RMSE_MU_DERIV=0.00 mDebye / A, RMSE_ALPHA_per_atom=    0.14, RMSE_ALPHA_DERIV=    8.00
2025-07-14 03:28:36.870 INFO: Epoch 1371: head: Default, loss=0.0031, RMSE_MU_per_atom=0.00 mDebye, RMSE_MU_DERIV=0.00 mDebye / A, RMSE_ALPHA_per_atom=    0.14, RMSE_ALPHA_DERIV=    8.00
2025-07-14 03:29:28.440 INFO: Epoch 1372: head: Default, loss=0.0031, RMSE_MU_per_atom=0.00 mDebye, RMSE_MU_DERIV=0.00 mDebye / A, RMSE_ALPHA_per_atom=    0.14, RMSE_ALPHA_DERIV=    8.00
2025-07-14 03:30:20.012 INFO: Epoch 1373: head: Default, loss=0.0031, RMSE_MU_per_atom=0.00 mDebye, RMSE_MU_DERIV=0.00 mDebye / A, RMSE_ALPHA_per_atom=    0.14, RMSE_ALPHA_DERIV=    8.00
2025-07-14 03:31:11.577 INFO: Epoch 1374: head: Default, loss=0.0031, RMSE_MU_per_atom=0.00 mDebye, RMSE_MU_DERIV=0.00 mDebye / A, RMSE_ALPHA_per_atom=    0.14, RMSE_ALPHA_DERIV=    8.00
2025-07-14 03:32:03.137 INFO: Epoch 1375: head: Default, loss=0.0031, RMSE_MU_per_atom=0.00 mDebye, RMSE_MU_DERIV=0.00 mDebye / A, RMSE_ALPHA_per_atom=    0.14, RMSE_ALPHA_DERIV=    8.00
2025-07-14 03:32:54.698 INFO: Epoch 1376: head: Default, loss=0.0031, RMSE_MU_per_atom=0.00 mDebye, RMSE_MU_DERIV=0.00 mDebye / A, RMSE_ALPHA_per_atom=    0.14, RMSE_ALPHA_DERIV=    8.00
2025-07-14 03:33:46.259 INFO: Epoch 1377: head: Default, loss=0.0031, RMSE_MU_per_atom=0.00 mDebye, RMSE_MU_DERIV=0.00 mDebye / A, RMSE_ALPHA_per_atom=    0.14, RMSE_ALPHA_DERIV=    8.00
2025-07-14 03:34:37.823 INFO: Epoch 1378: head: Default, loss=0.0031, RMSE_MU_per_atom=0.00 mDebye, RMSE_MU_DERIV=0.00 mDebye / A, RMSE_ALPHA_per_atom=    0.14, RMSE_ALPHA_DERIV=    8.00
2025-07-14 03:35:29.397 INFO: Epoch 1379: head: Default, loss=0.0031, RMSE_MU_per_atom=0.00 mDebye, RMSE_MU_DERIV=0.00 mDebye / A, RMSE_ALPHA_per_atom=    0.14, RMSE_ALPHA_DERIV=    8.00
2025-07-14 03:36:20.968 INFO: Epoch 1380: head: Default, loss=0.0031, RMSE_MU_per_atom=0.00 mDebye, RMSE_MU_DERIV=0.00 mDebye / A, RMSE_ALPHA_per_atom=    0.14, RMSE_ALPHA_DERIV=    8.00
2025-07-14 03:37:12.535 INFO: Epoch 1381: head: Default, loss=0.0031, RMSE_MU_per_atom=0.00 mDebye, RMSE_MU_DERIV=0.00 mDebye / A, RMSE_ALPHA_per_atom=    0.14, RMSE_ALPHA_DERIV=    8.00
2025-07-14 03:38:04.090 INFO: Epoch 1382: head: Default, loss=0.0031, RMSE_MU_per_atom=0.00 mDebye, RMSE_MU_DERIV=0.00 mDebye / A, RMSE_ALPHA_per_atom=    0.14, RMSE_ALPHA_DERIV=    8.00
2025-07-14 03:38:55.653 INFO: Epoch 1383: head: Default, loss=0.0031, RMSE_MU_per_atom=0.00 mDebye, RMSE_MU_DERIV=0.00 mDebye / A, RMSE_ALPHA_per_atom=    0.14, RMSE_ALPHA_DERIV=    8.00
2025-07-14 03:39:47.222 INFO: Epoch 1384: head: Default, loss=0.0031, RMSE_MU_per_atom=0.00 mDebye, RMSE_MU_DERIV=0.00 mDebye / A, RMSE_ALPHA_per_atom=    0.14, RMSE_ALPHA_DERIV=    8.00
2025-07-14 03:40:38.783 INFO: Epoch 1385: head: Default, loss=0.0031, RMSE_MU_per_atom=0.00 mDebye, RMSE_MU_DERIV=0.00 mDebye / A, RMSE_ALPHA_per_atom=    0.14, RMSE_ALPHA_DERIV=    8.00
2025-07-14 03:41:30.360 INFO: Epoch 1386: head: Default, loss=0.0031, RMSE_MU_per_atom=0.00 mDebye, RMSE_MU_DERIV=0.00 mDebye / A, RMSE_ALPHA_per_atom=    0.14, RMSE_ALPHA_DERIV=    8.00
2025-07-14 03:42:21.930 INFO: Epoch 1387: head: Default, loss=0.0031, RMSE_MU_per_atom=0.00 mDebye, RMSE_MU_DERIV=0.00 mDebye / A, RMSE_ALPHA_per_atom=    0.14, RMSE_ALPHA_DERIV=    8.00
2025-07-14 03:43:13.485 INFO: Epoch 1388: head: Default, loss=0.0031, RMSE_MU_per_atom=0.00 mDebye, RMSE_MU_DERIV=0.00 mDebye / A, RMSE_ALPHA_per_atom=    0.14, RMSE_ALPHA_DERIV=    8.00
2025-07-14 03:44:05.052 INFO: Epoch 1389: head: Default, loss=0.0031, RMSE_MU_per_atom=0.00 mDebye, RMSE_MU_DERIV=0.00 mDebye / A, RMSE_ALPHA_per_atom=    0.14, RMSE_ALPHA_DERIV=    8.00
2025-07-14 03:44:56.621 INFO: Epoch 1390: head: Default, loss=0.0031, RMSE_MU_per_atom=0.00 mDebye, RMSE_MU_DERIV=0.00 mDebye / A, RMSE_ALPHA_per_atom=    0.14, RMSE_ALPHA_DERIV=    8.00
2025-07-14 03:45:48.193 INFO: Epoch 1391: head: Default, loss=0.0031, RMSE_MU_per_atom=0.00 mDebye, RMSE_MU_DERIV=0.00 mDebye / A, RMSE_ALPHA_per_atom=    0.14, RMSE_ALPHA_DERIV=    8.00
2025-07-14 03:46:39.777 INFO: Epoch 1392: head: Default, loss=0.0031, RMSE_MU_per_atom=0.00 mDebye, RMSE_MU_DERIV=0.00 mDebye / A, RMSE_ALPHA_per_atom=    0.14, RMSE_ALPHA_DERIV=    8.00
2025-07-14 03:47:31.349 INFO: Epoch 1393: head: Default, loss=0.0031, RMSE_MU_per_atom=0.00 mDebye, RMSE_MU_DERIV=0.00 mDebye / A, RMSE_ALPHA_per_atom=    0.14, RMSE_ALPHA_DERIV=    8.00
2025-07-14 03:48:22.923 INFO: Epoch 1394: head: Default, loss=0.0031, RMSE_MU_per_atom=0.00 mDebye, RMSE_MU_DERIV=0.00 mDebye / A, RMSE_ALPHA_per_atom=    0.14, RMSE_ALPHA_DERIV=    8.00
2025-07-14 03:49:14.489 INFO: Epoch 1395: head: Default, loss=0.0031, RMSE_MU_per_atom=0.00 mDebye, RMSE_MU_DERIV=0.00 mDebye / A, RMSE_ALPHA_per_atom=    0.14, RMSE_ALPHA_DERIV=    8.00
2025-07-14 03:50:06.035 INFO: Epoch 1396: head: Default, loss=0.0031, RMSE_MU_per_atom=0.00 mDebye, RMSE_MU_DERIV=0.00 mDebye / A, RMSE_ALPHA_per_atom=    0.14, RMSE_ALPHA_DERIV=    8.00
2025-07-14 03:50:57.600 INFO: Epoch 1397: head: Default, loss=0.0031, RMSE_MU_per_atom=0.00 mDebye, RMSE_MU_DERIV=0.00 mDebye / A, RMSE_ALPHA_per_atom=    0.14, RMSE_ALPHA_DERIV=    8.00
2025-07-14 03:51:49.176 INFO: Epoch 1398: head: Default, loss=0.0031, RMSE_MU_per_atom=0.00 mDebye, RMSE_MU_DERIV=0.00 mDebye / A, RMSE_ALPHA_per_atom=    0.14, RMSE_ALPHA_DERIV=    8.00
2025-07-14 03:52:40.727 INFO: Epoch 1399: head: Default, loss=0.0031, RMSE_MU_per_atom=0.00 mDebye, RMSE_MU_DERIV=0.00 mDebye / A, RMSE_ALPHA_per_atom=    0.14, RMSE_ALPHA_DERIV=    8.00
2025-07-14 03:53:32.294 INFO: Epoch 1400: head: Default, loss=0.0031, RMSE_MU_per_atom=0.00 mDebye, RMSE_MU_DERIV=0.00 mDebye / A, RMSE_ALPHA_per_atom=    0.14, RMSE_ALPHA_DERIV=    8.00
2025-07-14 03:54:23.862 INFO: Epoch 1401: head: Default, loss=0.0031, RMSE_MU_per_atom=0.00 mDebye, RMSE_MU_DERIV=0.00 mDebye / A, RMSE_ALPHA_per_atom=    0.14, RMSE_ALPHA_DERIV=    8.00
2025-07-14 03:55:15.421 INFO: Epoch 1402: head: Default, loss=0.0031, RMSE_MU_per_atom=0.00 mDebye, RMSE_MU_DERIV=0.00 mDebye / A, RMSE_ALPHA_per_atom=    0.14, RMSE_ALPHA_DERIV=    8.00
2025-07-14 03:56:06.995 INFO: Epoch 1403: head: Default, loss=0.0031, RMSE_MU_per_atom=0.00 mDebye, RMSE_MU_DERIV=0.00 mDebye / A, RMSE_ALPHA_per_atom=    0.14, RMSE_ALPHA_DERIV=    8.00
2025-07-14 03:56:58.568 INFO: Epoch 1404: head: Default, loss=0.0031, RMSE_MU_per_atom=0.00 mDebye, RMSE_MU_DERIV=0.00 mDebye / A, RMSE_ALPHA_per_atom=    0.14, RMSE_ALPHA_DERIV=    8.00
2025-07-14 03:57:50.135 INFO: Epoch 1405: head: Default, loss=0.0031, RMSE_MU_per_atom=0.00 mDebye, RMSE_MU_DERIV=0.00 mDebye / A, RMSE_ALPHA_per_atom=    0.14, RMSE_ALPHA_DERIV=    8.00
2025-07-14 03:58:41.697 INFO: Epoch 1406: head: Default, loss=0.0031, RMSE_MU_per_atom=0.00 mDebye, RMSE_MU_DERIV=0.00 mDebye / A, RMSE_ALPHA_per_atom=    0.14, RMSE_ALPHA_DERIV=    8.00
2025-07-14 03:59:33.269 INFO: Epoch 1407: head: Default, loss=0.0031, RMSE_MU_per_atom=0.00 mDebye, RMSE_MU_DERIV=0.00 mDebye / A, RMSE_ALPHA_per_atom=    0.14, RMSE_ALPHA_DERIV=    8.00
2025-07-14 04:00:24.819 INFO: Epoch 1408: head: Default, loss=0.0031, RMSE_MU_per_atom=0.00 mDebye, RMSE_MU_DERIV=0.00 mDebye / A, RMSE_ALPHA_per_atom=    0.14, RMSE_ALPHA_DERIV=    8.00
2025-07-14 04:01:16.394 INFO: Epoch 1409: head: Default, loss=0.0031, RMSE_MU_per_atom=0.00 mDebye, RMSE_MU_DERIV=0.00 mDebye / A, RMSE_ALPHA_per_atom=    0.14, RMSE_ALPHA_DERIV=    8.00
2025-07-14 04:02:07.968 INFO: Epoch 1410: head: Default, loss=0.0031, RMSE_MU_per_atom=0.00 mDebye, RMSE_MU_DERIV=0.00 mDebye / A, RMSE_ALPHA_per_atom=    0.14, RMSE_ALPHA_DERIV=    8.00
2025-07-14 04:02:59.551 INFO: Epoch 1411: head: Default, loss=0.0031, RMSE_MU_per_atom=0.00 mDebye, RMSE_MU_DERIV=0.00 mDebye / A, RMSE_ALPHA_per_atom=    0.14, RMSE_ALPHA_DERIV=    8.00
2025-07-14 04:03:51.133 INFO: Epoch 1412: head: Default, loss=0.0031, RMSE_MU_per_atom=0.00 mDebye, RMSE_MU_DERIV=0.00 mDebye / A, RMSE_ALPHA_per_atom=    0.14, RMSE_ALPHA_DERIV=    8.00
2025-07-14 04:04:42.718 INFO: Epoch 1413: head: Default, loss=0.0031, RMSE_MU_per_atom=0.00 mDebye, RMSE_MU_DERIV=0.00 mDebye / A, RMSE_ALPHA_per_atom=    0.14, RMSE_ALPHA_DERIV=    8.00
2025-07-14 04:05:34.304 INFO: Epoch 1414: head: Default, loss=0.0031, RMSE_MU_per_atom=0.00 mDebye, RMSE_MU_DERIV=0.00 mDebye / A, RMSE_ALPHA_per_atom=    0.14, RMSE_ALPHA_DERIV=    8.00
2025-07-14 04:06:25.889 INFO: Epoch 1415: head: Default, loss=0.0031, RMSE_MU_per_atom=0.00 mDebye, RMSE_MU_DERIV=0.00 mDebye / A, RMSE_ALPHA_per_atom=    0.14, RMSE_ALPHA_DERIV=    8.00
2025-07-14 04:07:17.474 INFO: Epoch 1416: head: Default, loss=0.0031, RMSE_MU_per_atom=0.00 mDebye, RMSE_MU_DERIV=0.00 mDebye / A, RMSE_ALPHA_per_atom=    0.14, RMSE_ALPHA_DERIV=    8.00
2025-07-14 04:08:09.037 INFO: Epoch 1417: head: Default, loss=0.0031, RMSE_MU_per_atom=0.00 mDebye, RMSE_MU_DERIV=0.00 mDebye / A, RMSE_ALPHA_per_atom=    0.14, RMSE_ALPHA_DERIV=    8.00
2025-07-14 04:09:00.633 INFO: Epoch 1418: head: Default, loss=0.0031, RMSE_MU_per_atom=0.00 mDebye, RMSE_MU_DERIV=0.00 mDebye / A, RMSE_ALPHA_per_atom=    0.14, RMSE_ALPHA_DERIV=    8.00
2025-07-14 04:09:52.254 INFO: Epoch 1419: head: Default, loss=0.0031, RMSE_MU_per_atom=0.00 mDebye, RMSE_MU_DERIV=0.00 mDebye / A, RMSE_ALPHA_per_atom=    0.14, RMSE_ALPHA_DERIV=    8.00
2025-07-14 04:10:43.832 INFO: Epoch 1420: head: Default, loss=0.0031, RMSE_MU_per_atom=0.00 mDebye, RMSE_MU_DERIV=0.00 mDebye / A, RMSE_ALPHA_per_atom=    0.14, RMSE_ALPHA_DERIV=    8.00
2025-07-14 04:11:35.411 INFO: Epoch 1421: head: Default, loss=0.0031, RMSE_MU_per_atom=0.00 mDebye, RMSE_MU_DERIV=0.00 mDebye / A, RMSE_ALPHA_per_atom=    0.14, RMSE_ALPHA_DERIV=    8.00
2025-07-14 04:12:26.987 INFO: Epoch 1422: head: Default, loss=0.0031, RMSE_MU_per_atom=0.00 mDebye, RMSE_MU_DERIV=0.00 mDebye / A, RMSE_ALPHA_per_atom=    0.14, RMSE_ALPHA_DERIV=    8.00
2025-07-14 04:13:18.561 INFO: Epoch 1423: head: Default, loss=0.0031, RMSE_MU_per_atom=0.00 mDebye, RMSE_MU_DERIV=0.00 mDebye / A, RMSE_ALPHA_per_atom=    0.14, RMSE_ALPHA_DERIV=    8.00
2025-07-14 04:14:10.140 INFO: Epoch 1424: head: Default, loss=0.0031, RMSE_MU_per_atom=0.00 mDebye, RMSE_MU_DERIV=0.00 mDebye / A, RMSE_ALPHA_per_atom=    0.14, RMSE_ALPHA_DERIV=    8.00
2025-07-14 04:15:01.713 INFO: Epoch 1425: head: Default, loss=0.0031, RMSE_MU_per_atom=0.00 mDebye, RMSE_MU_DERIV=0.00 mDebye / A, RMSE_ALPHA_per_atom=    0.14, RMSE_ALPHA_DERIV=    8.00
2025-07-14 04:15:53.277 INFO: Epoch 1426: head: Default, loss=0.0031, RMSE_MU_per_atom=0.00 mDebye, RMSE_MU_DERIV=0.00 mDebye / A, RMSE_ALPHA_per_atom=    0.14, RMSE_ALPHA_DERIV=    8.00
2025-07-14 04:16:44.861 INFO: Epoch 1427: head: Default, loss=0.0031, RMSE_MU_per_atom=0.00 mDebye, RMSE_MU_DERIV=0.00 mDebye / A, RMSE_ALPHA_per_atom=    0.14, RMSE_ALPHA_DERIV=    8.00
2025-07-14 04:17:36.423 INFO: Epoch 1428: head: Default, loss=0.0031, RMSE_MU_per_atom=0.00 mDebye, RMSE_MU_DERIV=0.00 mDebye / A, RMSE_ALPHA_per_atom=    0.14, RMSE_ALPHA_DERIV=    8.00
2025-07-14 04:18:27.989 INFO: Epoch 1429: head: Default, loss=0.0031, RMSE_MU_per_atom=0.00 mDebye, RMSE_MU_DERIV=0.00 mDebye / A, RMSE_ALPHA_per_atom=    0.14, RMSE_ALPHA_DERIV=    8.00
2025-07-14 04:19:19.560 INFO: Epoch 1430: head: Default, loss=0.0031, RMSE_MU_per_atom=0.00 mDebye, RMSE_MU_DERIV=0.00 mDebye / A, RMSE_ALPHA_per_atom=    0.14, RMSE_ALPHA_DERIV=    8.00
2025-07-14 04:20:11.133 INFO: Epoch 1431: head: Default, loss=0.0031, RMSE_MU_per_atom=0.00 mDebye, RMSE_MU_DERIV=0.00 mDebye / A, RMSE_ALPHA_per_atom=    0.14, RMSE_ALPHA_DERIV=    8.00
2025-07-14 04:21:02.713 INFO: Epoch 1432: head: Default, loss=0.0031, RMSE_MU_per_atom=0.00 mDebye, RMSE_MU_DERIV=0.00 mDebye / A, RMSE_ALPHA_per_atom=    0.14, RMSE_ALPHA_DERIV=    8.00
2025-07-14 04:21:54.287 INFO: Epoch 1433: head: Default, loss=0.0031, RMSE_MU_per_atom=0.00 mDebye, RMSE_MU_DERIV=0.00 mDebye / A, RMSE_ALPHA_per_atom=    0.14, RMSE_ALPHA_DERIV=    8.00
2025-07-14 04:22:45.863 INFO: Epoch 1434: head: Default, loss=0.0031, RMSE_MU_per_atom=0.00 mDebye, RMSE_MU_DERIV=0.00 mDebye / A, RMSE_ALPHA_per_atom=    0.14, RMSE_ALPHA_DERIV=    8.00
2025-07-14 04:23:37.426 INFO: Epoch 1435: head: Default, loss=0.0031, RMSE_MU_per_atom=0.00 mDebye, RMSE_MU_DERIV=0.00 mDebye / A, RMSE_ALPHA_per_atom=    0.14, RMSE_ALPHA_DERIV=    8.00
2025-07-14 04:24:28.994 INFO: Epoch 1436: head: Default, loss=0.0031, RMSE_MU_per_atom=0.00 mDebye, RMSE_MU_DERIV=0.00 mDebye / A, RMSE_ALPHA_per_atom=    0.14, RMSE_ALPHA_DERIV=    8.00
2025-07-14 04:25:20.553 INFO: Epoch 1437: head: Default, loss=0.0031, RMSE_MU_per_atom=0.00 mDebye, RMSE_MU_DERIV=0.00 mDebye / A, RMSE_ALPHA_per_atom=    0.14, RMSE_ALPHA_DERIV=    8.00
2025-07-14 04:26:12.116 INFO: Epoch 1438: head: Default, loss=0.0031, RMSE_MU_per_atom=0.00 mDebye, RMSE_MU_DERIV=0.00 mDebye / A, RMSE_ALPHA_per_atom=    0.14, RMSE_ALPHA_DERIV=    8.00
2025-07-14 04:27:03.691 INFO: Epoch 1439: head: Default, loss=0.0031, RMSE_MU_per_atom=0.00 mDebye, RMSE_MU_DERIV=0.00 mDebye / A, RMSE_ALPHA_per_atom=    0.14, RMSE_ALPHA_DERIV=    8.00
2025-07-14 04:27:55.264 INFO: Epoch 1440: head: Default, loss=0.0031, RMSE_MU_per_atom=0.00 mDebye, RMSE_MU_DERIV=0.00 mDebye / A, RMSE_ALPHA_per_atom=    0.14, RMSE_ALPHA_DERIV=    8.00
2025-07-14 04:28:46.831 INFO: Epoch 1441: head: Default, loss=0.0031, RMSE_MU_per_atom=0.00 mDebye, RMSE_MU_DERIV=0.00 mDebye / A, RMSE_ALPHA_per_atom=    0.14, RMSE_ALPHA_DERIV=    8.00
2025-07-14 04:29:38.378 INFO: Epoch 1442: head: Default, loss=0.0031, RMSE_MU_per_atom=0.00 mDebye, RMSE_MU_DERIV=0.00 mDebye / A, RMSE_ALPHA_per_atom=    0.14, RMSE_ALPHA_DERIV=    8.00
2025-07-14 04:30:29.940 INFO: Epoch 1443: head: Default, loss=0.0031, RMSE_MU_per_atom=0.00 mDebye, RMSE_MU_DERIV=0.00 mDebye / A, RMSE_ALPHA_per_atom=    0.14, RMSE_ALPHA_DERIV=    8.00
2025-07-14 04:31:21.512 INFO: Epoch 1444: head: Default, loss=0.0031, RMSE_MU_per_atom=0.00 mDebye, RMSE_MU_DERIV=0.00 mDebye / A, RMSE_ALPHA_per_atom=    0.14, RMSE_ALPHA_DERIV=    8.00
2025-07-14 04:32:13.078 INFO: Epoch 1445: head: Default, loss=0.0031, RMSE_MU_per_atom=0.00 mDebye, RMSE_MU_DERIV=0.00 mDebye / A, RMSE_ALPHA_per_atom=    0.14, RMSE_ALPHA_DERIV=    8.00
2025-07-14 04:33:04.646 INFO: Epoch 1446: head: Default, loss=0.0031, RMSE_MU_per_atom=0.00 mDebye, RMSE_MU_DERIV=0.00 mDebye / A, RMSE_ALPHA_per_atom=    0.14, RMSE_ALPHA_DERIV=    8.00
2025-07-14 04:33:56.207 INFO: Epoch 1447: head: Default, loss=0.0031, RMSE_MU_per_atom=0.00 mDebye, RMSE_MU_DERIV=0.00 mDebye / A, RMSE_ALPHA_per_atom=    0.14, RMSE_ALPHA_DERIV=    8.00
2025-07-14 04:34:47.784 INFO: Epoch 1448: head: Default, loss=0.0031, RMSE_MU_per_atom=0.00 mDebye, RMSE_MU_DERIV=0.00 mDebye / A, RMSE_ALPHA_per_atom=    0.14, RMSE_ALPHA_DERIV=    8.00
2025-07-14 04:35:39.357 INFO: Epoch 1449: head: Default, loss=0.0031, RMSE_MU_per_atom=0.00 mDebye, RMSE_MU_DERIV=0.00 mDebye / A, RMSE_ALPHA_per_atom=    0.14, RMSE_ALPHA_DERIV=    8.00
2025-07-14 04:36:30.940 INFO: Epoch 1450: head: Default, loss=0.0031, RMSE_MU_per_atom=0.00 mDebye, RMSE_MU_DERIV=0.00 mDebye / A, RMSE_ALPHA_per_atom=    0.14, RMSE_ALPHA_DERIV=    8.00
2025-07-14 04:37:22.520 INFO: Epoch 1451: head: Default, loss=0.0031, RMSE_MU_per_atom=0.00 mDebye, RMSE_MU_DERIV=0.00 mDebye / A, RMSE_ALPHA_per_atom=    0.14, RMSE_ALPHA_DERIV=    8.00
2025-07-14 04:38:14.095 INFO: Epoch 1452: head: Default, loss=0.0031, RMSE_MU_per_atom=0.00 mDebye, RMSE_MU_DERIV=0.00 mDebye / A, RMSE_ALPHA_per_atom=    0.14, RMSE_ALPHA_DERIV=    8.00
2025-07-14 04:39:05.660 INFO: Epoch 1453: head: Default, loss=0.0031, RMSE_MU_per_atom=0.00 mDebye, RMSE_MU_DERIV=0.00 mDebye / A, RMSE_ALPHA_per_atom=    0.14, RMSE_ALPHA_DERIV=    8.00
2025-07-14 04:39:57.230 INFO: Epoch 1454: head: Default, loss=0.0031, RMSE_MU_per_atom=0.00 mDebye, RMSE_MU_DERIV=0.00 mDebye / A, RMSE_ALPHA_per_atom=    0.14, RMSE_ALPHA_DERIV=    8.00
2025-07-14 04:40:48.808 INFO: Epoch 1455: head: Default, loss=0.0031, RMSE_MU_per_atom=0.00 mDebye, RMSE_MU_DERIV=0.00 mDebye / A, RMSE_ALPHA_per_atom=    0.14, RMSE_ALPHA_DERIV=    8.00
2025-07-14 04:41:40.372 INFO: Epoch 1456: head: Default, loss=0.0031, RMSE_MU_per_atom=0.00 mDebye, RMSE_MU_DERIV=0.00 mDebye / A, RMSE_ALPHA_per_atom=    0.14, RMSE_ALPHA_DERIV=    8.00
2025-07-14 04:42:31.941 INFO: Epoch 1457: head: Default, loss=0.0031, RMSE_MU_per_atom=0.00 mDebye, RMSE_MU_DERIV=0.00 mDebye / A, RMSE_ALPHA_per_atom=    0.14, RMSE_ALPHA_DERIV=    8.00
2025-07-14 04:43:23.488 INFO: Epoch 1458: head: Default, loss=0.0031, RMSE_MU_per_atom=0.00 mDebye, RMSE_MU_DERIV=0.00 mDebye / A, RMSE_ALPHA_per_atom=    0.14, RMSE_ALPHA_DERIV=    8.00
2025-07-14 04:44:15.052 INFO: Epoch 1459: head: Default, loss=0.0031, RMSE_MU_per_atom=0.00 mDebye, RMSE_MU_DERIV=0.00 mDebye / A, RMSE_ALPHA_per_atom=    0.14, RMSE_ALPHA_DERIV=    8.00
2025-07-14 04:45:06.638 INFO: Epoch 1460: head: Default, loss=0.0031, RMSE_MU_per_atom=0.00 mDebye, RMSE_MU_DERIV=0.00 mDebye / A, RMSE_ALPHA_per_atom=    0.14, RMSE_ALPHA_DERIV=    8.00
2025-07-14 04:45:58.217 INFO: Epoch 1461: head: Default, loss=0.0031, RMSE_MU_per_atom=0.00 mDebye, RMSE_MU_DERIV=0.00 mDebye / A, RMSE_ALPHA_per_atom=    0.14, RMSE_ALPHA_DERIV=    8.00
2025-07-14 04:46:49.804 INFO: Epoch 1462: head: Default, loss=0.0031, RMSE_MU_per_atom=0.00 mDebye, RMSE_MU_DERIV=0.00 mDebye / A, RMSE_ALPHA_per_atom=    0.14, RMSE_ALPHA_DERIV=    8.00
2025-07-14 04:47:41.373 INFO: Epoch 1463: head: Default, loss=0.0031, RMSE_MU_per_atom=0.00 mDebye, RMSE_MU_DERIV=0.00 mDebye / A, RMSE_ALPHA_per_atom=    0.14, RMSE_ALPHA_DERIV=    8.00
2025-07-14 04:48:32.959 INFO: Epoch 1464: head: Default, loss=0.0031, RMSE_MU_per_atom=0.00 mDebye, RMSE_MU_DERIV=0.00 mDebye / A, RMSE_ALPHA_per_atom=    0.14, RMSE_ALPHA_DERIV=    8.00
2025-07-14 04:49:24.552 INFO: Epoch 1465: head: Default, loss=0.0031, RMSE_MU_per_atom=0.00 mDebye, RMSE_MU_DERIV=0.00 mDebye / A, RMSE_ALPHA_per_atom=    0.14, RMSE_ALPHA_DERIV=    8.00
2025-07-14 04:50:16.124 INFO: Epoch 1466: head: Default, loss=0.0031, RMSE_MU_per_atom=0.00 mDebye, RMSE_MU_DERIV=0.00 mDebye / A, RMSE_ALPHA_per_atom=    0.14, RMSE_ALPHA_DERIV=    8.00
2025-07-14 04:51:07.688 INFO: Epoch 1467: head: Default, loss=0.0031, RMSE_MU_per_atom=0.00 mDebye, RMSE_MU_DERIV=0.00 mDebye / A, RMSE_ALPHA_per_atom=    0.14, RMSE_ALPHA_DERIV=    8.00
2025-07-14 04:51:59.273 INFO: Epoch 1468: head: Default, loss=0.0031, RMSE_MU_per_atom=0.00 mDebye, RMSE_MU_DERIV=0.00 mDebye / A, RMSE_ALPHA_per_atom=    0.14, RMSE_ALPHA_DERIV=    8.00
2025-07-14 04:52:50.845 INFO: Epoch 1469: head: Default, loss=0.0031, RMSE_MU_per_atom=0.00 mDebye, RMSE_MU_DERIV=0.00 mDebye / A, RMSE_ALPHA_per_atom=    0.14, RMSE_ALPHA_DERIV=    8.00
2025-07-14 04:53:42.410 INFO: Epoch 1470: head: Default, loss=0.0031, RMSE_MU_per_atom=0.00 mDebye, RMSE_MU_DERIV=0.00 mDebye / A, RMSE_ALPHA_per_atom=    0.14, RMSE_ALPHA_DERIV=    8.00
2025-07-14 04:54:33.981 INFO: Epoch 1471: head: Default, loss=0.0031, RMSE_MU_per_atom=0.00 mDebye, RMSE_MU_DERIV=0.00 mDebye / A, RMSE_ALPHA_per_atom=    0.14, RMSE_ALPHA_DERIV=    8.00
2025-07-14 04:55:25.553 INFO: Epoch 1472: head: Default, loss=0.0031, RMSE_MU_per_atom=0.00 mDebye, RMSE_MU_DERIV=0.00 mDebye / A, RMSE_ALPHA_per_atom=    0.14, RMSE_ALPHA_DERIV=    8.00
2025-07-14 04:56:17.109 INFO: Epoch 1473: head: Default, loss=0.0031, RMSE_MU_per_atom=0.00 mDebye, RMSE_MU_DERIV=0.00 mDebye / A, RMSE_ALPHA_per_atom=    0.14, RMSE_ALPHA_DERIV=    8.00
2025-07-14 04:57:08.668 INFO: Epoch 1474: head: Default, loss=0.0031, RMSE_MU_per_atom=0.00 mDebye, RMSE_MU_DERIV=0.00 mDebye / A, RMSE_ALPHA_per_atom=    0.14, RMSE_ALPHA_DERIV=    8.00
2025-07-14 04:58:00.238 INFO: Epoch 1475: head: Default, loss=0.0031, RMSE_MU_per_atom=0.00 mDebye, RMSE_MU_DERIV=0.00 mDebye / A, RMSE_ALPHA_per_atom=    0.14, RMSE_ALPHA_DERIV=    8.00
2025-07-14 04:58:51.818 INFO: Epoch 1476: head: Default, loss=0.0031, RMSE_MU_per_atom=0.00 mDebye, RMSE_MU_DERIV=0.00 mDebye / A, RMSE_ALPHA_per_atom=    0.14, RMSE_ALPHA_DERIV=    8.00
2025-07-14 04:59:43.400 INFO: Epoch 1477: head: Default, loss=0.0031, RMSE_MU_per_atom=0.00 mDebye, RMSE_MU_DERIV=0.00 mDebye / A, RMSE_ALPHA_per_atom=    0.14, RMSE_ALPHA_DERIV=    8.00
2025-07-14 05:00:34.963 INFO: Epoch 1478: head: Default, loss=0.0031, RMSE_MU_per_atom=0.00 mDebye, RMSE_MU_DERIV=0.00 mDebye / A, RMSE_ALPHA_per_atom=    0.14, RMSE_ALPHA_DERIV=    8.00
2025-07-14 05:01:26.533 INFO: Epoch 1479: head: Default, loss=0.0031, RMSE_MU_per_atom=0.00 mDebye, RMSE_MU_DERIV=0.00 mDebye / A, RMSE_ALPHA_per_atom=    0.14, RMSE_ALPHA_DERIV=    8.00
2025-07-14 05:02:18.120 INFO: Epoch 1480: head: Default, loss=0.0031, RMSE_MU_per_atom=0.00 mDebye, RMSE_MU_DERIV=0.00 mDebye / A, RMSE_ALPHA_per_atom=    0.14, RMSE_ALPHA_DERIV=    8.00
2025-07-14 05:03:09.702 INFO: Epoch 1481: head: Default, loss=0.0031, RMSE_MU_per_atom=0.00 mDebye, RMSE_MU_DERIV=0.00 mDebye / A, RMSE_ALPHA_per_atom=    0.14, RMSE_ALPHA_DERIV=    8.00
2025-07-14 05:04:01.274 INFO: Epoch 1482: head: Default, loss=0.0031, RMSE_MU_per_atom=0.00 mDebye, RMSE_MU_DERIV=0.00 mDebye / A, RMSE_ALPHA_per_atom=    0.14, RMSE_ALPHA_DERIV=    8.00
2025-07-14 05:04:52.857 INFO: Epoch 1483: head: Default, loss=0.0031, RMSE_MU_per_atom=0.00 mDebye, RMSE_MU_DERIV=0.00 mDebye / A, RMSE_ALPHA_per_atom=    0.14, RMSE_ALPHA_DERIV=    8.00
2025-07-14 05:05:44.424 INFO: Epoch 1484: head: Default, loss=0.0031, RMSE_MU_per_atom=0.00 mDebye, RMSE_MU_DERIV=0.00 mDebye / A, RMSE_ALPHA_per_atom=    0.14, RMSE_ALPHA_DERIV=    8.00
2025-07-14 05:06:35.986 INFO: Epoch 1485: head: Default, loss=0.0031, RMSE_MU_per_atom=0.00 mDebye, RMSE_MU_DERIV=0.00 mDebye / A, RMSE_ALPHA_per_atom=    0.14, RMSE_ALPHA_DERIV=    8.00
2025-07-14 05:07:27.555 INFO: Epoch 1486: head: Default, loss=0.0031, RMSE_MU_per_atom=0.00 mDebye, RMSE_MU_DERIV=0.00 mDebye / A, RMSE_ALPHA_per_atom=    0.14, RMSE_ALPHA_DERIV=    8.00
2025-07-14 05:08:19.123 INFO: Epoch 1487: head: Default, loss=0.0031, RMSE_MU_per_atom=0.00 mDebye, RMSE_MU_DERIV=0.00 mDebye / A, RMSE_ALPHA_per_atom=    0.14, RMSE_ALPHA_DERIV=    8.00
2025-07-14 05:09:10.704 INFO: Epoch 1488: head: Default, loss=0.0031, RMSE_MU_per_atom=0.00 mDebye, RMSE_MU_DERIV=0.00 mDebye / A, RMSE_ALPHA_per_atom=    0.14, RMSE_ALPHA_DERIV=    8.00
2025-07-14 05:10:02.280 INFO: Epoch 1489: head: Default, loss=0.0031, RMSE_MU_per_atom=0.00 mDebye, RMSE_MU_DERIV=0.00 mDebye / A, RMSE_ALPHA_per_atom=    0.14, RMSE_ALPHA_DERIV=    8.00
2025-07-14 05:10:53.867 INFO: Epoch 1490: head: Default, loss=0.0031, RMSE_MU_per_atom=0.00 mDebye, RMSE_MU_DERIV=0.00 mDebye / A, RMSE_ALPHA_per_atom=    0.14, RMSE_ALPHA_DERIV=    8.00
2025-07-14 05:11:45.437 INFO: Epoch 1491: head: Default, loss=0.0031, RMSE_MU_per_atom=0.00 mDebye, RMSE_MU_DERIV=0.00 mDebye / A, RMSE_ALPHA_per_atom=    0.14, RMSE_ALPHA_DERIV=    8.00
2025-07-14 05:12:37.017 INFO: Epoch 1492: head: Default, loss=0.0031, RMSE_MU_per_atom=0.00 mDebye, RMSE_MU_DERIV=0.00 mDebye / A, RMSE_ALPHA_per_atom=    0.14, RMSE_ALPHA_DERIV=    8.00
2025-07-14 05:13:28.577 INFO: Epoch 1493: head: Default, loss=0.0031, RMSE_MU_per_atom=0.00 mDebye, RMSE_MU_DERIV=0.00 mDebye / A, RMSE_ALPHA_per_atom=    0.14, RMSE_ALPHA_DERIV=    8.00
2025-07-14 05:14:20.128 INFO: Epoch 1494: head: Default, loss=0.0031, RMSE_MU_per_atom=0.00 mDebye, RMSE_MU_DERIV=0.00 mDebye / A, RMSE_ALPHA_per_atom=    0.14, RMSE_ALPHA_DERIV=    8.00
2025-07-14 05:15:11.684 INFO: Epoch 1495: head: Default, loss=0.0031, RMSE_MU_per_atom=0.00 mDebye, RMSE_MU_DERIV=0.00 mDebye / A, RMSE_ALPHA_per_atom=    0.14, RMSE_ALPHA_DERIV=    8.00
2025-07-14 05:16:03.246 INFO: Epoch 1496: head: Default, loss=0.0031, RMSE_MU_per_atom=0.00 mDebye, RMSE_MU_DERIV=0.00 mDebye / A, RMSE_ALPHA_per_atom=    0.14, RMSE_ALPHA_DERIV=    8.00
2025-07-14 05:16:54.814 INFO: Epoch 1497: head: Default, loss=0.0031, RMSE_MU_per_atom=0.00 mDebye, RMSE_MU_DERIV=0.00 mDebye / A, RMSE_ALPHA_per_atom=    0.14, RMSE_ALPHA_DERIV=    8.00
2025-07-14 05:17:46.370 INFO: Epoch 1498: head: Default, loss=0.0031, RMSE_MU_per_atom=0.00 mDebye, RMSE_MU_DERIV=0.00 mDebye / A, RMSE_ALPHA_per_atom=    0.14, RMSE_ALPHA_DERIV=    8.00
2025-07-14 05:18:37.923 INFO: Epoch 1499: head: Default, loss=0.0031, RMSE_MU_per_atom=0.00 mDebye, RMSE_MU_DERIV=0.00 mDebye / A, RMSE_ALPHA_per_atom=    0.14, RMSE_ALPHA_DERIV=    8.00
2025-07-14 05:19:29.491 INFO: Epoch 1500: head: Default, loss=0.0031, RMSE_MU_per_atom=0.00 mDebye, RMSE_MU_DERIV=0.00 mDebye / A, RMSE_ALPHA_per_atom=    0.14, RMSE_ALPHA_DERIV=    8.00
2025-07-14 05:20:21.079 INFO: Epoch 1501: head: Default, loss=0.0031, RMSE_MU_per_atom=0.00 mDebye, RMSE_MU_DERIV=0.00 mDebye / A, RMSE_ALPHA_per_atom=    0.14, RMSE_ALPHA_DERIV=    8.00
2025-07-14 05:21:12.641 INFO: Epoch 1502: head: Default, loss=0.0031, RMSE_MU_per_atom=0.00 mDebye, RMSE_MU_DERIV=0.00 mDebye / A, RMSE_ALPHA_per_atom=    0.14, RMSE_ALPHA_DERIV=    8.00
2025-07-14 05:22:04.222 INFO: Epoch 1503: head: Default, loss=0.0031, RMSE_MU_per_atom=0.00 mDebye, RMSE_MU_DERIV=0.00 mDebye / A, RMSE_ALPHA_per_atom=    0.14, RMSE_ALPHA_DERIV=    8.00
2025-07-14 05:22:55.792 INFO: Epoch 1504: head: Default, loss=0.0031, RMSE_MU_per_atom=0.00 mDebye, RMSE_MU_DERIV=0.00 mDebye / A, RMSE_ALPHA_per_atom=    0.14, RMSE_ALPHA_DERIV=    8.00
2025-07-14 05:23:47.365 INFO: Epoch 1505: head: Default, loss=0.0031, RMSE_MU_per_atom=0.00 mDebye, RMSE_MU_DERIV=0.00 mDebye / A, RMSE_ALPHA_per_atom=    0.14, RMSE_ALPHA_DERIV=    8.00
2025-07-14 05:24:38.931 INFO: Epoch 1506: head: Default, loss=0.0031, RMSE_MU_per_atom=0.00 mDebye, RMSE_MU_DERIV=0.00 mDebye / A, RMSE_ALPHA_per_atom=    0.14, RMSE_ALPHA_DERIV=    8.00
2025-07-14 05:25:30.482 INFO: Epoch 1507: head: Default, loss=0.0031, RMSE_MU_per_atom=0.00 mDebye, RMSE_MU_DERIV=0.00 mDebye / A, RMSE_ALPHA_per_atom=    0.14, RMSE_ALPHA_DERIV=    8.00
2025-07-14 05:26:22.037 INFO: Epoch 1508: head: Default, loss=0.0031, RMSE_MU_per_atom=0.00 mDebye, RMSE_MU_DERIV=0.00 mDebye / A, RMSE_ALPHA_per_atom=    0.14, RMSE_ALPHA_DERIV=    8.00
2025-07-14 05:27:13.589 INFO: Epoch 1509: head: Default, loss=0.0031, RMSE_MU_per_atom=0.00 mDebye, RMSE_MU_DERIV=0.00 mDebye / A, RMSE_ALPHA_per_atom=    0.14, RMSE_ALPHA_DERIV=    8.00
2025-07-14 05:28:05.151 INFO: Epoch 1510: head: Default, loss=0.0031, RMSE_MU_per_atom=0.00 mDebye, RMSE_MU_DERIV=0.00 mDebye / A, RMSE_ALPHA_per_atom=    0.14, RMSE_ALPHA_DERIV=    8.00
2025-07-14 05:28:56.718 INFO: Epoch 1511: head: Default, loss=0.0031, RMSE_MU_per_atom=0.00 mDebye, RMSE_MU_DERIV=0.00 mDebye / A, RMSE_ALPHA_per_atom=    0.14, RMSE_ALPHA_DERIV=    8.00
2025-07-14 05:29:48.290 INFO: Epoch 1512: head: Default, loss=0.0031, RMSE_MU_per_atom=0.00 mDebye, RMSE_MU_DERIV=0.00 mDebye / A, RMSE_ALPHA_per_atom=    0.14, RMSE_ALPHA_DERIV=    8.00
2025-07-14 05:30:39.848 INFO: Epoch 1513: head: Default, loss=0.0031, RMSE_MU_per_atom=0.00 mDebye, RMSE_MU_DERIV=0.00 mDebye / A, RMSE_ALPHA_per_atom=    0.14, RMSE_ALPHA_DERIV=    8.00
2025-07-14 05:31:31.400 INFO: Epoch 1514: head: Default, loss=0.0031, RMSE_MU_per_atom=0.00 mDebye, RMSE_MU_DERIV=0.00 mDebye / A, RMSE_ALPHA_per_atom=    0.14, RMSE_ALPHA_DERIV=    8.00
2025-07-14 05:32:22.975 INFO: Epoch 1515: head: Default, loss=0.0031, RMSE_MU_per_atom=0.00 mDebye, RMSE_MU_DERIV=0.00 mDebye / A, RMSE_ALPHA_per_atom=    0.14, RMSE_ALPHA_DERIV=    8.00
2025-07-14 05:33:14.564 INFO: Epoch 1516: head: Default, loss=0.0031, RMSE_MU_per_atom=0.00 mDebye, RMSE_MU_DERIV=0.00 mDebye / A, RMSE_ALPHA_per_atom=    0.14, RMSE_ALPHA_DERIV=    8.00
2025-07-14 05:34:06.143 INFO: Epoch 1517: head: Default, loss=0.0031, RMSE_MU_per_atom=0.00 mDebye, RMSE_MU_DERIV=0.00 mDebye / A, RMSE_ALPHA_per_atom=    0.14, RMSE_ALPHA_DERIV=    8.00
2025-07-14 05:34:57.740 INFO: Epoch 1518: head: Default, loss=0.0031, RMSE_MU_per_atom=0.00 mDebye, RMSE_MU_DERIV=0.00 mDebye / A, RMSE_ALPHA_per_atom=    0.14, RMSE_ALPHA_DERIV=    8.00
2025-07-14 05:35:49.316 INFO: Epoch 1519: head: Default, loss=0.0031, RMSE_MU_per_atom=0.00 mDebye, RMSE_MU_DERIV=0.00 mDebye / A, RMSE_ALPHA_per_atom=    0.14, RMSE_ALPHA_DERIV=    8.00
2025-07-14 05:36:40.896 INFO: Epoch 1520: head: Default, loss=0.0031, RMSE_MU_per_atom=0.00 mDebye, RMSE_MU_DERIV=0.00 mDebye / A, RMSE_ALPHA_per_atom=    0.14, RMSE_ALPHA_DERIV=    8.00
2025-07-14 05:37:32.478 INFO: Epoch 1521: head: Default, loss=0.0031, RMSE_MU_per_atom=0.00 mDebye, RMSE_MU_DERIV=0.00 mDebye / A, RMSE_ALPHA_per_atom=    0.14, RMSE_ALPHA_DERIV=    8.00
2025-07-14 05:38:24.085 INFO: Epoch 1522: head: Default, loss=0.0031, RMSE_MU_per_atom=0.00 mDebye, RMSE_MU_DERIV=0.00 mDebye / A, RMSE_ALPHA_per_atom=    0.14, RMSE_ALPHA_DERIV=    8.00
2025-07-14 05:39:15.672 INFO: Epoch 1523: head: Default, loss=0.0031, RMSE_MU_per_atom=0.00 mDebye, RMSE_MU_DERIV=0.00 mDebye / A, RMSE_ALPHA_per_atom=    0.14, RMSE_ALPHA_DERIV=    8.00
2025-07-14 05:40:07.260 INFO: Epoch 1524: head: Default, loss=0.0031, RMSE_MU_per_atom=0.00 mDebye, RMSE_MU_DERIV=0.00 mDebye / A, RMSE_ALPHA_per_atom=    0.14, RMSE_ALPHA_DERIV=    8.00
2025-07-14 05:40:58.849 INFO: Epoch 1525: head: Default, loss=0.0031, RMSE_MU_per_atom=0.00 mDebye, RMSE_MU_DERIV=0.00 mDebye / A, RMSE_ALPHA_per_atom=    0.14, RMSE_ALPHA_DERIV=    8.00
2025-07-14 05:41:50.424 INFO: Epoch 1526: head: Default, loss=0.0031, RMSE_MU_per_atom=0.00 mDebye, RMSE_MU_DERIV=0.00 mDebye / A, RMSE_ALPHA_per_atom=    0.14, RMSE_ALPHA_DERIV=    8.00
2025-07-14 05:42:41.991 INFO: Epoch 1527: head: Default, loss=0.0031, RMSE_MU_per_atom=0.00 mDebye, RMSE_MU_DERIV=0.00 mDebye / A, RMSE_ALPHA_per_atom=    0.14, RMSE_ALPHA_DERIV=    8.00
2025-07-14 05:43:33.568 INFO: Epoch 1528: head: Default, loss=0.0031, RMSE_MU_per_atom=0.00 mDebye, RMSE_MU_DERIV=0.00 mDebye / A, RMSE_ALPHA_per_atom=    0.14, RMSE_ALPHA_DERIV=    8.00
2025-07-14 05:44:25.130 INFO: Epoch 1529: head: Default, loss=0.0031, RMSE_MU_per_atom=0.00 mDebye, RMSE_MU_DERIV=0.00 mDebye / A, RMSE_ALPHA_per_atom=    0.14, RMSE_ALPHA_DERIV=    8.00
2025-07-14 05:45:16.725 INFO: Epoch 1530: head: Default, loss=0.0031, RMSE_MU_per_atom=0.00 mDebye, RMSE_MU_DERIV=0.00 mDebye / A, RMSE_ALPHA_per_atom=    0.14, RMSE_ALPHA_DERIV=    8.00
2025-07-14 05:46:08.325 INFO: Epoch 1531: head: Default, loss=0.0031, RMSE_MU_per_atom=0.00 mDebye, RMSE_MU_DERIV=0.00 mDebye / A, RMSE_ALPHA_per_atom=    0.14, RMSE_ALPHA_DERIV=    8.00
2025-07-14 05:46:59.937 INFO: Epoch 1532: head: Default, loss=0.0031, RMSE_MU_per_atom=0.00 mDebye, RMSE_MU_DERIV=0.00 mDebye / A, RMSE_ALPHA_per_atom=    0.14, RMSE_ALPHA_DERIV=    8.00
2025-07-14 05:47:51.537 INFO: Epoch 1533: head: Default, loss=0.0031, RMSE_MU_per_atom=0.00 mDebye, RMSE_MU_DERIV=0.00 mDebye / A, RMSE_ALPHA_per_atom=    0.14, RMSE_ALPHA_DERIV=    8.00
2025-07-14 05:48:43.099 INFO: Epoch 1534: head: Default, loss=0.0031, RMSE_MU_per_atom=0.00 mDebye, RMSE_MU_DERIV=0.00 mDebye / A, RMSE_ALPHA_per_atom=    0.14, RMSE_ALPHA_DERIV=    8.00
2025-07-14 05:49:34.670 INFO: Epoch 1535: head: Default, loss=0.0031, RMSE_MU_per_atom=0.00 mDebye, RMSE_MU_DERIV=0.00 mDebye / A, RMSE_ALPHA_per_atom=    0.14, RMSE_ALPHA_DERIV=    8.00
2025-07-14 05:50:26.265 INFO: Epoch 1536: head: Default, loss=0.0031, RMSE_MU_per_atom=0.00 mDebye, RMSE_MU_DERIV=0.00 mDebye / A, RMSE_ALPHA_per_atom=    0.14, RMSE_ALPHA_DERIV=    8.00
2025-07-14 05:51:17.839 INFO: Epoch 1537: head: Default, loss=0.0031, RMSE_MU_per_atom=0.00 mDebye, RMSE_MU_DERIV=0.00 mDebye / A, RMSE_ALPHA_per_atom=    0.14, RMSE_ALPHA_DERIV=    8.00
2025-07-14 05:52:09.442 INFO: Epoch 1538: head: Default, loss=0.0031, RMSE_MU_per_atom=0.00 mDebye, RMSE_MU_DERIV=0.00 mDebye / A, RMSE_ALPHA_per_atom=    0.14, RMSE_ALPHA_DERIV=    8.00
2025-07-14 05:53:01.053 INFO: Epoch 1539: head: Default, loss=0.0031, RMSE_MU_per_atom=0.00 mDebye, RMSE_MU_DERIV=0.00 mDebye / A, RMSE_ALPHA_per_atom=    0.14, RMSE_ALPHA_DERIV=    8.00
2025-07-14 05:53:52.644 INFO: Epoch 1540: head: Default, loss=0.0031, RMSE_MU_per_atom=0.00 mDebye, RMSE_MU_DERIV=0.00 mDebye / A, RMSE_ALPHA_per_atom=    0.14, RMSE_ALPHA_DERIV=    8.00
2025-07-14 05:54:44.214 INFO: Epoch 1541: head: Default, loss=0.0031, RMSE_MU_per_atom=0.00 mDebye, RMSE_MU_DERIV=0.00 mDebye / A, RMSE_ALPHA_per_atom=    0.14, RMSE_ALPHA_DERIV=    8.00
2025-07-14 05:55:35.789 INFO: Epoch 1542: head: Default, loss=0.0031, RMSE_MU_per_atom=0.00 mDebye, RMSE_MU_DERIV=0.00 mDebye / A, RMSE_ALPHA_per_atom=    0.14, RMSE_ALPHA_DERIV=    8.00
2025-07-14 05:56:27.361 INFO: Epoch 1543: head: Default, loss=0.0031, RMSE_MU_per_atom=0.00 mDebye, RMSE_MU_DERIV=0.00 mDebye / A, RMSE_ALPHA_per_atom=    0.14, RMSE_ALPHA_DERIV=    8.00
2025-07-14 05:57:18.918 INFO: Epoch 1544: head: Default, loss=0.0031, RMSE_MU_per_atom=0.00 mDebye, RMSE_MU_DERIV=0.00 mDebye / A, RMSE_ALPHA_per_atom=    0.14, RMSE_ALPHA_DERIV=    8.00
2025-07-14 05:58:10.487 INFO: Epoch 1545: head: Default, loss=0.0031, RMSE_MU_per_atom=0.00 mDebye, RMSE_MU_DERIV=0.00 mDebye / A, RMSE_ALPHA_per_atom=    0.14, RMSE_ALPHA_DERIV=    8.00
2025-07-14 05:59:02.056 INFO: Epoch 1546: head: Default, loss=0.0031, RMSE_MU_per_atom=0.00 mDebye, RMSE_MU_DERIV=0.00 mDebye / A, RMSE_ALPHA_per_atom=    0.14, RMSE_ALPHA_DERIV=    8.00
2025-07-14 05:59:53.628 INFO: Epoch 1547: head: Default, loss=0.0031, RMSE_MU_per_atom=0.00 mDebye, RMSE_MU_DERIV=0.00 mDebye / A, RMSE_ALPHA_per_atom=    0.14, RMSE_ALPHA_DERIV=    8.00
2025-07-14 06:00:45.210 INFO: Epoch 1548: head: Default, loss=0.0031, RMSE_MU_per_atom=0.00 mDebye, RMSE_MU_DERIV=0.00 mDebye / A, RMSE_ALPHA_per_atom=    0.14, RMSE_ALPHA_DERIV=    8.00
2025-07-14 06:01:36.784 INFO: Epoch 1549: head: Default, loss=0.0031, RMSE_MU_per_atom=0.00 mDebye, RMSE_MU_DERIV=0.00 mDebye / A, RMSE_ALPHA_per_atom=    0.14, RMSE_ALPHA_DERIV=    8.00
2025-07-14 06:02:28.392 INFO: Epoch 1550: head: Default, loss=0.0031, RMSE_MU_per_atom=0.00 mDebye, RMSE_MU_DERIV=0.00 mDebye / A, RMSE_ALPHA_per_atom=    0.14, RMSE_ALPHA_DERIV=    8.00
2025-07-14 06:03:19.975 INFO: Epoch 1551: head: Default, loss=0.0031, RMSE_MU_per_atom=0.00 mDebye, RMSE_MU_DERIV=0.00 mDebye / A, RMSE_ALPHA_per_atom=    0.14, RMSE_ALPHA_DERIV=    8.00
2025-07-14 06:04:11.546 INFO: Epoch 1552: head: Default, loss=0.0031, RMSE_MU_per_atom=0.00 mDebye, RMSE_MU_DERIV=0.00 mDebye / A, RMSE_ALPHA_per_atom=    0.14, RMSE_ALPHA_DERIV=    8.00
2025-07-14 06:05:03.139 INFO: Epoch 1553: head: Default, loss=0.0031, RMSE_MU_per_atom=0.00 mDebye, RMSE_MU_DERIV=0.00 mDebye / A, RMSE_ALPHA_per_atom=    0.14, RMSE_ALPHA_DERIV=    8.00
2025-07-14 06:05:54.705 INFO: Epoch 1554: head: Default, loss=0.0031, RMSE_MU_per_atom=0.00 mDebye, RMSE_MU_DERIV=0.00 mDebye / A, RMSE_ALPHA_per_atom=    0.14, RMSE_ALPHA_DERIV=    8.00
2025-07-14 06:06:46.259 INFO: Epoch 1555: head: Default, loss=0.0031, RMSE_MU_per_atom=0.00 mDebye, RMSE_MU_DERIV=0.00 mDebye / A, RMSE_ALPHA_per_atom=    0.14, RMSE_ALPHA_DERIV=    8.00
2025-07-14 06:07:37.846 INFO: Epoch 1556: head: Default, loss=0.0031, RMSE_MU_per_atom=0.00 mDebye, RMSE_MU_DERIV=0.00 mDebye / A, RMSE_ALPHA_per_atom=    0.14, RMSE_ALPHA_DERIV=    8.00
2025-07-14 06:08:29.434 INFO: Epoch 1557: head: Default, loss=0.0031, RMSE_MU_per_atom=0.00 mDebye, RMSE_MU_DERIV=0.00 mDebye / A, RMSE_ALPHA_per_atom=    0.14, RMSE_ALPHA_DERIV=    8.00
2025-07-14 06:09:21.004 INFO: Epoch 1558: head: Default, loss=0.0031, RMSE_MU_per_atom=0.00 mDebye, RMSE_MU_DERIV=0.00 mDebye / A, RMSE_ALPHA_per_atom=    0.14, RMSE_ALPHA_DERIV=    8.00
2025-07-14 06:10:12.570 INFO: Epoch 1559: head: Default, loss=0.0031, RMSE_MU_per_atom=0.00 mDebye, RMSE_MU_DERIV=0.00 mDebye / A, RMSE_ALPHA_per_atom=    0.14, RMSE_ALPHA_DERIV=    8.00
2025-07-14 06:11:04.139 INFO: Epoch 1560: head: Default, loss=0.0031, RMSE_MU_per_atom=0.00 mDebye, RMSE_MU_DERIV=0.00 mDebye / A, RMSE_ALPHA_per_atom=    0.14, RMSE_ALPHA_DERIV=    8.00
2025-07-14 06:11:55.720 INFO: Epoch 1561: head: Default, loss=0.0031, RMSE_MU_per_atom=0.00 mDebye, RMSE_MU_DERIV=0.00 mDebye / A, RMSE_ALPHA_per_atom=    0.14, RMSE_ALPHA_DERIV=    8.00
2025-07-14 06:12:47.281 INFO: Epoch 1562: head: Default, loss=0.0031, RMSE_MU_per_atom=0.00 mDebye, RMSE_MU_DERIV=0.00 mDebye / A, RMSE_ALPHA_per_atom=    0.14, RMSE_ALPHA_DERIV=    8.00
2025-07-14 06:13:38.850 INFO: Epoch 1563: head: Default, loss=0.0031, RMSE_MU_per_atom=0.00 mDebye, RMSE_MU_DERIV=0.00 mDebye / A, RMSE_ALPHA_per_atom=    0.14, RMSE_ALPHA_DERIV=    8.00
2025-07-14 06:14:30.419 INFO: Epoch 1564: head: Default, loss=0.0031, RMSE_MU_per_atom=0.00 mDebye, RMSE_MU_DERIV=0.00 mDebye / A, RMSE_ALPHA_per_atom=    0.14, RMSE_ALPHA_DERIV=    8.00
2025-07-14 06:15:22.012 INFO: Epoch 1565: head: Default, loss=0.0031, RMSE_MU_per_atom=0.00 mDebye, RMSE_MU_DERIV=0.00 mDebye / A, RMSE_ALPHA_per_atom=    0.14, RMSE_ALPHA_DERIV=    8.00
2025-07-14 06:16:13.573 INFO: Epoch 1566: head: Default, loss=0.0031, RMSE_MU_per_atom=0.00 mDebye, RMSE_MU_DERIV=0.00 mDebye / A, RMSE_ALPHA_per_atom=    0.14, RMSE_ALPHA_DERIV=    8.00
2025-07-14 06:17:05.131 INFO: Epoch 1567: head: Default, loss=0.0031, RMSE_MU_per_atom=0.00 mDebye, RMSE_MU_DERIV=0.00 mDebye / A, RMSE_ALPHA_per_atom=    0.14, RMSE_ALPHA_DERIV=    8.00
2025-07-14 06:17:56.714 INFO: Epoch 1568: head: Default, loss=0.0031, RMSE_MU_per_atom=0.00 mDebye, RMSE_MU_DERIV=0.00 mDebye / A, RMSE_ALPHA_per_atom=    0.14, RMSE_ALPHA_DERIV=    8.00
2025-07-14 06:18:48.283 INFO: Epoch 1569: head: Default, loss=0.0031, RMSE_MU_per_atom=0.00 mDebye, RMSE_MU_DERIV=0.00 mDebye / A, RMSE_ALPHA_per_atom=    0.14, RMSE_ALPHA_DERIV=    8.00
2025-07-14 06:19:39.855 INFO: Epoch 1570: head: Default, loss=0.0031, RMSE_MU_per_atom=0.00 mDebye, RMSE_MU_DERIV=0.00 mDebye / A, RMSE_ALPHA_per_atom=    0.14, RMSE_ALPHA_DERIV=    8.00
2025-07-14 06:20:31.402 INFO: Epoch 1571: head: Default, loss=0.0031, RMSE_MU_per_atom=0.00 mDebye, RMSE_MU_DERIV=0.00 mDebye / A, RMSE_ALPHA_per_atom=    0.14, RMSE_ALPHA_DERIV=    8.00
2025-07-14 06:21:22.973 INFO: Epoch 1572: head: Default, loss=0.0031, RMSE_MU_per_atom=0.00 mDebye, RMSE_MU_DERIV=0.00 mDebye / A, RMSE_ALPHA_per_atom=    0.14, RMSE_ALPHA_DERIV=    8.00
2025-07-14 06:22:14.537 INFO: Epoch 1573: head: Default, loss=0.0031, RMSE_MU_per_atom=0.00 mDebye, RMSE_MU_DERIV=0.00 mDebye / A, RMSE_ALPHA_per_atom=    0.14, RMSE_ALPHA_DERIV=    8.00
2025-07-14 06:23:06.109 INFO: Epoch 1574: head: Default, loss=0.0031, RMSE_MU_per_atom=0.00 mDebye, RMSE_MU_DERIV=0.00 mDebye / A, RMSE_ALPHA_per_atom=    0.14, RMSE_ALPHA_DERIV=    8.00
2025-07-14 06:23:57.712 INFO: Epoch 1575: head: Default, loss=0.0031, RMSE_MU_per_atom=0.00 mDebye, RMSE_MU_DERIV=0.00 mDebye / A, RMSE_ALPHA_per_atom=    0.14, RMSE_ALPHA_DERIV=    8.00
2025-07-14 06:24:49.304 INFO: Epoch 1576: head: Default, loss=0.0031, RMSE_MU_per_atom=0.00 mDebye, RMSE_MU_DERIV=0.00 mDebye / A, RMSE_ALPHA_per_atom=    0.14, RMSE_ALPHA_DERIV=    8.00
2025-07-14 06:25:40.896 INFO: Epoch 1577: head: Default, loss=0.0031, RMSE_MU_per_atom=0.00 mDebye, RMSE_MU_DERIV=0.00 mDebye / A, RMSE_ALPHA_per_atom=    0.14, RMSE_ALPHA_DERIV=    8.00
2025-07-14 06:26:32.481 INFO: Epoch 1578: head: Default, loss=0.0031, RMSE_MU_per_atom=0.00 mDebye, RMSE_MU_DERIV=0.00 mDebye / A, RMSE_ALPHA_per_atom=    0.14, RMSE_ALPHA_DERIV=    8.00
2025-07-14 06:27:24.073 INFO: Epoch 1579: head: Default, loss=0.0031, RMSE_MU_per_atom=0.00 mDebye, RMSE_MU_DERIV=0.00 mDebye / A, RMSE_ALPHA_per_atom=    0.14, RMSE_ALPHA_DERIV=    8.00
2025-07-14 06:28:15.651 INFO: Epoch 1580: head: Default, loss=0.0031, RMSE_MU_per_atom=0.00 mDebye, RMSE_MU_DERIV=0.00 mDebye / A, RMSE_ALPHA_per_atom=    0.14, RMSE_ALPHA_DERIV=    8.00
2025-07-14 06:29:07.224 INFO: Epoch 1581: head: Default, loss=0.0031, RMSE_MU_per_atom=0.00 mDebye, RMSE_MU_DERIV=0.00 mDebye / A, RMSE_ALPHA_per_atom=    0.14, RMSE_ALPHA_DERIV=    8.00
2025-07-14 06:29:58.819 INFO: Epoch 1582: head: Default, loss=0.0031, RMSE_MU_per_atom=0.00 mDebye, RMSE_MU_DERIV=0.00 mDebye / A, RMSE_ALPHA_per_atom=    0.14, RMSE_ALPHA_DERIV=    8.00
2025-07-14 06:30:50.382 INFO: Epoch 1583: head: Default, loss=0.0031, RMSE_MU_per_atom=0.00 mDebye, RMSE_MU_DERIV=0.00 mDebye / A, RMSE_ALPHA_per_atom=    0.14, RMSE_ALPHA_DERIV=    8.00
2025-07-14 06:31:41.954 INFO: Epoch 1584: head: Default, loss=0.0031, RMSE_MU_per_atom=0.00 mDebye, RMSE_MU_DERIV=0.00 mDebye / A, RMSE_ALPHA_per_atom=    0.14, RMSE_ALPHA_DERIV=    8.00
2025-07-14 06:32:33.540 INFO: Epoch 1585: head: Default, loss=0.0031, RMSE_MU_per_atom=0.00 mDebye, RMSE_MU_DERIV=0.00 mDebye / A, RMSE_ALPHA_per_atom=    0.14, RMSE_ALPHA_DERIV=    8.00
2025-07-14 06:33:25.132 INFO: Epoch 1586: head: Default, loss=0.0031, RMSE_MU_per_atom=0.00 mDebye, RMSE_MU_DERIV=0.00 mDebye / A, RMSE_ALPHA_per_atom=    0.14, RMSE_ALPHA_DERIV=    8.00
2025-07-14 06:34:16.704 INFO: Epoch 1587: head: Default, loss=0.0031, RMSE_MU_per_atom=0.00 mDebye, RMSE_MU_DERIV=0.00 mDebye / A, RMSE_ALPHA_per_atom=    0.14, RMSE_ALPHA_DERIV=    8.00
2025-07-14 06:35:08.295 INFO: Epoch 1588: head: Default, loss=0.0031, RMSE_MU_per_atom=0.00 mDebye, RMSE_MU_DERIV=0.00 mDebye / A, RMSE_ALPHA_per_atom=    0.14, RMSE_ALPHA_DERIV=    8.00
2025-07-14 06:35:59.876 INFO: Epoch 1589: head: Default, loss=0.0031, RMSE_MU_per_atom=0.00 mDebye, RMSE_MU_DERIV=0.00 mDebye / A, RMSE_ALPHA_per_atom=    0.14, RMSE_ALPHA_DERIV=    8.00
2025-07-14 06:36:51.442 INFO: Epoch 1590: head: Default, loss=0.0031, RMSE_MU_per_atom=0.00 mDebye, RMSE_MU_DERIV=0.00 mDebye / A, RMSE_ALPHA_per_atom=    0.14, RMSE_ALPHA_DERIV=    8.00
2025-07-14 06:37:43.042 INFO: Epoch 1591: head: Default, loss=0.0031, RMSE_MU_per_atom=0.00 mDebye, RMSE_MU_DERIV=0.00 mDebye / A, RMSE_ALPHA_per_atom=    0.14, RMSE_ALPHA_DERIV=    8.00
2025-07-14 06:38:34.606 INFO: Epoch 1592: head: Default, loss=0.0031, RMSE_MU_per_atom=0.00 mDebye, RMSE_MU_DERIV=0.00 mDebye / A, RMSE_ALPHA_per_atom=    0.14, RMSE_ALPHA_DERIV=    8.00
2025-07-14 06:39:26.166 INFO: Epoch 1593: head: Default, loss=0.0031, RMSE_MU_per_atom=0.00 mDebye, RMSE_MU_DERIV=0.00 mDebye / A, RMSE_ALPHA_per_atom=    0.14, RMSE_ALPHA_DERIV=    8.00
2025-07-14 06:40:17.743 INFO: Epoch 1594: head: Default, loss=0.0031, RMSE_MU_per_atom=0.00 mDebye, RMSE_MU_DERIV=0.00 mDebye / A, RMSE_ALPHA_per_atom=    0.14, RMSE_ALPHA_DERIV=    8.00
2025-07-14 06:41:09.333 INFO: Epoch 1595: head: Default, loss=0.0031, RMSE_MU_per_atom=0.00 mDebye, RMSE_MU_DERIV=0.00 mDebye / A, RMSE_ALPHA_per_atom=    0.14, RMSE_ALPHA_DERIV=    8.00
2025-07-14 06:42:00.912 INFO: Epoch 1596: head: Default, loss=0.0031, RMSE_MU_per_atom=0.00 mDebye, RMSE_MU_DERIV=0.00 mDebye / A, RMSE_ALPHA_per_atom=    0.14, RMSE_ALPHA_DERIV=    8.00
2025-07-14 06:42:52.489 INFO: Epoch 1597: head: Default, loss=0.0031, RMSE_MU_per_atom=0.00 mDebye, RMSE_MU_DERIV=0.00 mDebye / A, RMSE_ALPHA_per_atom=    0.14, RMSE_ALPHA_DERIV=    8.00
2025-07-14 06:43:44.071 INFO: Epoch 1598: head: Default, loss=0.0031, RMSE_MU_per_atom=0.00 mDebye, RMSE_MU_DERIV=0.00 mDebye / A, RMSE_ALPHA_per_atom=    0.14, RMSE_ALPHA_DERIV=    8.00
2025-07-14 06:44:35.645 INFO: Epoch 1599: head: Default, loss=0.0031, RMSE_MU_per_atom=0.00 mDebye, RMSE_MU_DERIV=0.00 mDebye / A, RMSE_ALPHA_per_atom=    0.14, RMSE_ALPHA_DERIV=    8.00
2025-07-14 06:45:27.219 INFO: Epoch 1600: head: Default, loss=0.0031, RMSE_MU_per_atom=0.00 mDebye, RMSE_MU_DERIV=0.00 mDebye / A, RMSE_ALPHA_per_atom=    0.14, RMSE_ALPHA_DERIV=    8.00
2025-07-14 06:46:18.798 INFO: Epoch 1601: head: Default, loss=0.0031, RMSE_MU_per_atom=0.00 mDebye, RMSE_MU_DERIV=0.00 mDebye / A, RMSE_ALPHA_per_atom=    0.14, RMSE_ALPHA_DERIV=    8.00
2025-07-14 06:47:10.364 INFO: Epoch 1602: head: Default, loss=0.0031, RMSE_MU_per_atom=0.00 mDebye, RMSE_MU_DERIV=0.00 mDebye / A, RMSE_ALPHA_per_atom=    0.14, RMSE_ALPHA_DERIV=    8.00
2025-07-14 06:48:01.938 INFO: Epoch 1603: head: Default, loss=0.0031, RMSE_MU_per_atom=0.00 mDebye, RMSE_MU_DERIV=0.00 mDebye / A, RMSE_ALPHA_per_atom=    0.14, RMSE_ALPHA_DERIV=    8.00
2025-07-14 06:48:53.508 INFO: Epoch 1604: head: Default, loss=0.0031, RMSE_MU_per_atom=0.00 mDebye, RMSE_MU_DERIV=0.00 mDebye / A, RMSE_ALPHA_per_atom=    0.14, RMSE_ALPHA_DERIV=    8.00
2025-07-14 06:49:45.079 INFO: Epoch 1605: head: Default, loss=0.0031, RMSE_MU_per_atom=0.00 mDebye, RMSE_MU_DERIV=0.00 mDebye / A, RMSE_ALPHA_per_atom=    0.14, RMSE_ALPHA_DERIV=    8.00
2025-07-14 06:50:36.642 INFO: Epoch 1606: head: Default, loss=0.0031, RMSE_MU_per_atom=0.00 mDebye, RMSE_MU_DERIV=0.00 mDebye / A, RMSE_ALPHA_per_atom=    0.14, RMSE_ALPHA_DERIV=    8.00
2025-07-14 06:51:28.214 INFO: Epoch 1607: head: Default, loss=0.0031, RMSE_MU_per_atom=0.00 mDebye, RMSE_MU_DERIV=0.00 mDebye / A, RMSE_ALPHA_per_atom=    0.14, RMSE_ALPHA_DERIV=    8.00
2025-07-14 06:52:19.782 INFO: Epoch 1608: head: Default, loss=0.0031, RMSE_MU_per_atom=0.00 mDebye, RMSE_MU_DERIV=0.00 mDebye / A, RMSE_ALPHA_per_atom=    0.14, RMSE_ALPHA_DERIV=    8.00
2025-07-14 06:53:11.362 INFO: Epoch 1609: head: Default, loss=0.0031, RMSE_MU_per_atom=0.00 mDebye, RMSE_MU_DERIV=0.00 mDebye / A, RMSE_ALPHA_per_atom=    0.14, RMSE_ALPHA_DERIV=    8.00
2025-07-14 06:54:02.909 INFO: Epoch 1610: head: Default, loss=0.0031, RMSE_MU_per_atom=0.00 mDebye, RMSE_MU_DERIV=0.00 mDebye / A, RMSE_ALPHA_per_atom=    0.14, RMSE_ALPHA_DERIV=    8.00
2025-07-14 06:54:54.483 INFO: Epoch 1611: head: Default, loss=0.0031, RMSE_MU_per_atom=0.00 mDebye, RMSE_MU_DERIV=0.00 mDebye / A, RMSE_ALPHA_per_atom=    0.14, RMSE_ALPHA_DERIV=    8.00
2025-07-14 06:55:46.047 INFO: Epoch 1612: head: Default, loss=0.0031, RMSE_MU_per_atom=0.00 mDebye, RMSE_MU_DERIV=0.00 mDebye / A, RMSE_ALPHA_per_atom=    0.14, RMSE_ALPHA_DERIV=    8.00
2025-07-14 06:56:37.629 INFO: Epoch 1613: head: Default, loss=0.0031, RMSE_MU_per_atom=0.00 mDebye, RMSE_MU_DERIV=0.00 mDebye / A, RMSE_ALPHA_per_atom=    0.14, RMSE_ALPHA_DERIV=    8.00
2025-07-14 06:57:29.189 INFO: Epoch 1614: head: Default, loss=0.0031, RMSE_MU_per_atom=0.00 mDebye, RMSE_MU_DERIV=0.00 mDebye / A, RMSE_ALPHA_per_atom=    0.14, RMSE_ALPHA_DERIV=    8.00
2025-07-14 06:58:20.750 INFO: Epoch 1615: head: Default, loss=0.0031, RMSE_MU_per_atom=0.00 mDebye, RMSE_MU_DERIV=0.00 mDebye / A, RMSE_ALPHA_per_atom=    0.14, RMSE_ALPHA_DERIV=    8.00
2025-07-14 06:59:12.304 INFO: Epoch 1616: head: Default, loss=0.0031, RMSE_MU_per_atom=0.00 mDebye, RMSE_MU_DERIV=0.00 mDebye / A, RMSE_ALPHA_per_atom=    0.14, RMSE_ALPHA_DERIV=    8.00
2025-07-14 07:00:03.874 INFO: Epoch 1617: head: Default, loss=0.0031, RMSE_MU_per_atom=0.00 mDebye, RMSE_MU_DERIV=0.00 mDebye / A, RMSE_ALPHA_per_atom=    0.14, RMSE_ALPHA_DERIV=    8.00
2025-07-14 07:00:55.440 INFO: Epoch 1618: head: Default, loss=0.0031, RMSE_MU_per_atom=0.00 mDebye, RMSE_MU_DERIV=0.00 mDebye / A, RMSE_ALPHA_per_atom=    0.14, RMSE_ALPHA_DERIV=    8.00
2025-07-14 07:01:46.999 INFO: Epoch 1619: head: Default, loss=0.0031, RMSE_MU_per_atom=0.00 mDebye, RMSE_MU_DERIV=0.00 mDebye / A, RMSE_ALPHA_per_atom=    0.14, RMSE_ALPHA_DERIV=    8.00
2025-07-14 07:02:38.567 INFO: Epoch 1620: head: Default, loss=0.0031, RMSE_MU_per_atom=0.00 mDebye, RMSE_MU_DERIV=0.00 mDebye / A, RMSE_ALPHA_per_atom=    0.14, RMSE_ALPHA_DERIV=    8.00
2025-07-14 07:03:30.133 INFO: Epoch 1621: head: Default, loss=0.0031, RMSE_MU_per_atom=0.00 mDebye, RMSE_MU_DERIV=0.00 mDebye / A, RMSE_ALPHA_per_atom=    0.14, RMSE_ALPHA_DERIV=    8.00
2025-07-14 07:04:21.689 INFO: Epoch 1622: head: Default, loss=0.0031, RMSE_MU_per_atom=0.00 mDebye, RMSE_MU_DERIV=0.00 mDebye / A, RMSE_ALPHA_per_atom=    0.14, RMSE_ALPHA_DERIV=    8.00
2025-07-14 07:05:13.267 INFO: Epoch 1623: head: Default, loss=0.0031, RMSE_MU_per_atom=0.00 mDebye, RMSE_MU_DERIV=0.00 mDebye / A, RMSE_ALPHA_per_atom=    0.14, RMSE_ALPHA_DERIV=    8.00
2025-07-14 07:06:04.853 INFO: Epoch 1624: head: Default, loss=0.0031, RMSE_MU_per_atom=0.00 mDebye, RMSE_MU_DERIV=0.00 mDebye / A, RMSE_ALPHA_per_atom=    0.14, RMSE_ALPHA_DERIV=    8.00
2025-07-14 07:06:56.437 INFO: Epoch 1625: head: Default, loss=0.0031, RMSE_MU_per_atom=0.00 mDebye, RMSE_MU_DERIV=0.00 mDebye / A, RMSE_ALPHA_per_atom=    0.14, RMSE_ALPHA_DERIV=    8.00
2025-07-14 07:07:48.012 INFO: Epoch 1626: head: Default, loss=0.0031, RMSE_MU_per_atom=0.00 mDebye, RMSE_MU_DERIV=0.00 mDebye / A, RMSE_ALPHA_per_atom=    0.14, RMSE_ALPHA_DERIV=    8.00
2025-07-14 07:08:39.572 INFO: Epoch 1627: head: Default, loss=0.0031, RMSE_MU_per_atom=0.00 mDebye, RMSE_MU_DERIV=0.00 mDebye / A, RMSE_ALPHA_per_atom=    0.14, RMSE_ALPHA_DERIV=    8.00
2025-07-14 07:09:31.133 INFO: Epoch 1628: head: Default, loss=0.0031, RMSE_MU_per_atom=0.00 mDebye, RMSE_MU_DERIV=0.00 mDebye / A, RMSE_ALPHA_per_atom=    0.14, RMSE_ALPHA_DERIV=    8.00
2025-07-14 07:10:22.712 INFO: Epoch 1629: head: Default, loss=0.0031, RMSE_MU_per_atom=0.00 mDebye, RMSE_MU_DERIV=0.00 mDebye / A, RMSE_ALPHA_per_atom=    0.14, RMSE_ALPHA_DERIV=    8.00
2025-07-14 07:11:14.291 INFO: Epoch 1630: head: Default, loss=0.0031, RMSE_MU_per_atom=0.00 mDebye, RMSE_MU_DERIV=0.00 mDebye / A, RMSE_ALPHA_per_atom=    0.14, RMSE_ALPHA_DERIV=    8.00
2025-07-14 07:12:05.879 INFO: Epoch 1631: head: Default, loss=0.0031, RMSE_MU_per_atom=0.00 mDebye, RMSE_MU_DERIV=0.00 mDebye / A, RMSE_ALPHA_per_atom=    0.14, RMSE_ALPHA_DERIV=    8.00
2025-07-14 07:12:57.478 INFO: Epoch 1632: head: Default, loss=0.0031, RMSE_MU_per_atom=0.00 mDebye, RMSE_MU_DERIV=0.00 mDebye / A, RMSE_ALPHA_per_atom=    0.14, RMSE_ALPHA_DERIV=    8.00
2025-07-14 07:13:49.051 INFO: Epoch 1633: head: Default, loss=0.0031, RMSE_MU_per_atom=0.00 mDebye, RMSE_MU_DERIV=0.00 mDebye / A, RMSE_ALPHA_per_atom=    0.14, RMSE_ALPHA_DERIV=    8.00
2025-07-14 07:14:40.661 INFO: Epoch 1634: head: Default, loss=0.0031, RMSE_MU_per_atom=0.00 mDebye, RMSE_MU_DERIV=0.00 mDebye / A, RMSE_ALPHA_per_atom=    0.14, RMSE_ALPHA_DERIV=    8.00
2025-07-14 07:15:32.238 INFO: Epoch 1635: head: Default, loss=0.0031, RMSE_MU_per_atom=0.00 mDebye, RMSE_MU_DERIV=0.00 mDebye / A, RMSE_ALPHA_per_atom=    0.14, RMSE_ALPHA_DERIV=    8.00
2025-07-14 07:16:23.843 INFO: Epoch 1636: head: Default, loss=0.0031, RMSE_MU_per_atom=0.00 mDebye, RMSE_MU_DERIV=0.00 mDebye / A, RMSE_ALPHA_per_atom=    0.14, RMSE_ALPHA_DERIV=    8.00
2025-07-14 07:17:15.430 INFO: Epoch 1637: head: Default, loss=0.0031, RMSE_MU_per_atom=0.00 mDebye, RMSE_MU_DERIV=0.00 mDebye / A, RMSE_ALPHA_per_atom=    0.14, RMSE_ALPHA_DERIV=    8.00
2025-07-14 07:18:07.004 INFO: Epoch 1638: head: Default, loss=0.0031, RMSE_MU_per_atom=0.00 mDebye, RMSE_MU_DERIV=0.00 mDebye / A, RMSE_ALPHA_per_atom=    0.14, RMSE_ALPHA_DERIV=    8.00
2025-07-14 07:18:58.578 INFO: Epoch 1639: head: Default, loss=0.0031, RMSE_MU_per_atom=0.00 mDebye, RMSE_MU_DERIV=0.00 mDebye / A, RMSE_ALPHA_per_atom=    0.14, RMSE_ALPHA_DERIV=    8.00
2025-07-14 07:19:50.169 INFO: Epoch 1640: head: Default, loss=0.0031, RMSE_MU_per_atom=0.00 mDebye, RMSE_MU_DERIV=0.00 mDebye / A, RMSE_ALPHA_per_atom=    0.14, RMSE_ALPHA_DERIV=    8.00
2025-07-14 07:20:41.732 INFO: Epoch 1641: head: Default, loss=0.0031, RMSE_MU_per_atom=0.00 mDebye, RMSE_MU_DERIV=0.00 mDebye / A, RMSE_ALPHA_per_atom=    0.14, RMSE_ALPHA_DERIV=    8.00
2025-07-14 07:21:33.330 INFO: Epoch 1642: head: Default, loss=0.0031, RMSE_MU_per_atom=0.00 mDebye, RMSE_MU_DERIV=0.00 mDebye / A, RMSE_ALPHA_per_atom=    0.14, RMSE_ALPHA_DERIV=    8.00
2025-07-14 07:22:24.889 INFO: Epoch 1643: head: Default, loss=0.0031, RMSE_MU_per_atom=0.00 mDebye, RMSE_MU_DERIV=0.00 mDebye / A, RMSE_ALPHA_per_atom=    0.14, RMSE_ALPHA_DERIV=    8.00
2025-07-14 07:23:16.445 INFO: Epoch 1644: head: Default, loss=0.0031, RMSE_MU_per_atom=0.00 mDebye, RMSE_MU_DERIV=0.00 mDebye / A, RMSE_ALPHA_per_atom=    0.14, RMSE_ALPHA_DERIV=    8.00
2025-07-14 07:24:08.004 INFO: Epoch 1645: head: Default, loss=0.0031, RMSE_MU_per_atom=0.00 mDebye, RMSE_MU_DERIV=0.00 mDebye / A, RMSE_ALPHA_per_atom=    0.14, RMSE_ALPHA_DERIV=    8.00
2025-07-14 07:24:59.604 INFO: Epoch 1646: head: Default, loss=0.0031, RMSE_MU_per_atom=0.00 mDebye, RMSE_MU_DERIV=0.00 mDebye / A, RMSE_ALPHA_per_atom=    0.14, RMSE_ALPHA_DERIV=    8.00
2025-07-14 07:25:51.171 INFO: Epoch 1647: head: Default, loss=0.0031, RMSE_MU_per_atom=0.00 mDebye, RMSE_MU_DERIV=0.00 mDebye / A, RMSE_ALPHA_per_atom=    0.14, RMSE_ALPHA_DERIV=    8.00
2025-07-14 07:26:42.747 INFO: Epoch 1648: head: Default, loss=0.0031, RMSE_MU_per_atom=0.00 mDebye, RMSE_MU_DERIV=0.00 mDebye / A, RMSE_ALPHA_per_atom=    0.14, RMSE_ALPHA_DERIV=    8.00
2025-07-14 07:27:34.314 INFO: Epoch 1649: head: Default, loss=0.0031, RMSE_MU_per_atom=0.00 mDebye, RMSE_MU_DERIV=0.00 mDebye / A, RMSE_ALPHA_per_atom=    0.14, RMSE_ALPHA_DERIV=    8.00
2025-07-14 07:28:25.884 INFO: Epoch 1650: head: Default, loss=0.0031, RMSE_MU_per_atom=0.00 mDebye, RMSE_MU_DERIV=0.00 mDebye / A, RMSE_ALPHA_per_atom=    0.14, RMSE_ALPHA_DERIV=    8.00
2025-07-14 07:29:17.440 INFO: Epoch 1651: head: Default, loss=0.0031, RMSE_MU_per_atom=0.00 mDebye, RMSE_MU_DERIV=0.00 mDebye / A, RMSE_ALPHA_per_atom=    0.14, RMSE_ALPHA_DERIV=    8.00
2025-07-14 07:30:08.996 INFO: Epoch 1652: head: Default, loss=0.0031, RMSE_MU_per_atom=0.00 mDebye, RMSE_MU_DERIV=0.00 mDebye / A, RMSE_ALPHA_per_atom=    0.14, RMSE_ALPHA_DERIV=    8.00
2025-07-14 07:31:00.581 INFO: Epoch 1653: head: Default, loss=0.0031, RMSE_MU_per_atom=0.00 mDebye, RMSE_MU_DERIV=0.00 mDebye / A, RMSE_ALPHA_per_atom=    0.14, RMSE_ALPHA_DERIV=    8.00
2025-07-14 07:31:52.170 INFO: Epoch 1654: head: Default, loss=0.0031, RMSE_MU_per_atom=0.00 mDebye, RMSE_MU_DERIV=0.00 mDebye / A, RMSE_ALPHA_per_atom=    0.14, RMSE_ALPHA_DERIV=    8.00
2025-07-14 07:32:43.754 INFO: Epoch 1655: head: Default, loss=0.0031, RMSE_MU_per_atom=0.00 mDebye, RMSE_MU_DERIV=0.00 mDebye / A, RMSE_ALPHA_per_atom=    0.14, RMSE_ALPHA_DERIV=    8.00
2025-07-14 07:33:35.324 INFO: Epoch 1656: head: Default, loss=0.0031, RMSE_MU_per_atom=0.00 mDebye, RMSE_MU_DERIV=0.00 mDebye / A, RMSE_ALPHA_per_atom=    0.14, RMSE_ALPHA_DERIV=    8.00
2025-07-14 07:34:26.908 INFO: Epoch 1657: head: Default, loss=0.0031, RMSE_MU_per_atom=0.00 mDebye, RMSE_MU_DERIV=0.00 mDebye / A, RMSE_ALPHA_per_atom=    0.14, RMSE_ALPHA_DERIV=    8.00
2025-07-14 07:35:18.476 INFO: Epoch 1658: head: Default, loss=0.0031, RMSE_MU_per_atom=0.00 mDebye, RMSE_MU_DERIV=0.00 mDebye / A, RMSE_ALPHA_per_atom=    0.14, RMSE_ALPHA_DERIV=    8.00
2025-07-14 07:36:10.037 INFO: Epoch 1659: head: Default, loss=0.0031, RMSE_MU_per_atom=0.00 mDebye, RMSE_MU_DERIV=0.00 mDebye / A, RMSE_ALPHA_per_atom=    0.14, RMSE_ALPHA_DERIV=    8.00
2025-07-14 07:37:01.618 INFO: Epoch 1660: head: Default, loss=0.0031, RMSE_MU_per_atom=0.00 mDebye, RMSE_MU_DERIV=0.00 mDebye / A, RMSE_ALPHA_per_atom=    0.14, RMSE_ALPHA_DERIV=    8.00
2025-07-14 07:37:53.171 INFO: Epoch 1661: head: Default, loss=0.0031, RMSE_MU_per_atom=0.00 mDebye, RMSE_MU_DERIV=0.00 mDebye / A, RMSE_ALPHA_per_atom=    0.14, RMSE_ALPHA_DERIV=    8.00
2025-07-14 07:38:44.768 INFO: Epoch 1662: head: Default, loss=0.0031, RMSE_MU_per_atom=0.00 mDebye, RMSE_MU_DERIV=0.00 mDebye / A, RMSE_ALPHA_per_atom=    0.14, RMSE_ALPHA_DERIV=    8.00
2025-07-14 07:39:36.336 INFO: Epoch 1663: head: Default, loss=0.0031, RMSE_MU_per_atom=0.00 mDebye, RMSE_MU_DERIV=0.00 mDebye / A, RMSE_ALPHA_per_atom=    0.14, RMSE_ALPHA_DERIV=    8.00
2025-07-14 07:40:27.911 INFO: Epoch 1664: head: Default, loss=0.0031, RMSE_MU_per_atom=0.00 mDebye, RMSE_MU_DERIV=0.00 mDebye / A, RMSE_ALPHA_per_atom=    0.14, RMSE_ALPHA_DERIV=    8.00
2025-07-14 07:41:19.485 INFO: Epoch 1665: head: Default, loss=0.0031, RMSE_MU_per_atom=0.00 mDebye, RMSE_MU_DERIV=0.00 mDebye / A, RMSE_ALPHA_per_atom=    0.14, RMSE_ALPHA_DERIV=    8.00
2025-07-14 07:42:11.059 INFO: Epoch 1666: head: Default, loss=0.0031, RMSE_MU_per_atom=0.00 mDebye, RMSE_MU_DERIV=0.00 mDebye / A, RMSE_ALPHA_per_atom=    0.14, RMSE_ALPHA_DERIV=    8.00
2025-07-14 07:43:02.645 INFO: Epoch 1667: head: Default, loss=0.0031, RMSE_MU_per_atom=0.00 mDebye, RMSE_MU_DERIV=0.00 mDebye / A, RMSE_ALPHA_per_atom=    0.14, RMSE_ALPHA_DERIV=    8.00
2025-07-14 07:43:54.208 INFO: Epoch 1668: head: Default, loss=0.0031, RMSE_MU_per_atom=0.00 mDebye, RMSE_MU_DERIV=0.00 mDebye / A, RMSE_ALPHA_per_atom=    0.14, RMSE_ALPHA_DERIV=    8.00
2025-07-14 07:44:45.762 INFO: Epoch 1669: head: Default, loss=0.0031, RMSE_MU_per_atom=0.00 mDebye, RMSE_MU_DERIV=0.00 mDebye / A, RMSE_ALPHA_per_atom=    0.14, RMSE_ALPHA_DERIV=    8.00
2025-07-14 07:45:37.329 INFO: Epoch 1670: head: Default, loss=0.0031, RMSE_MU_per_atom=0.00 mDebye, RMSE_MU_DERIV=0.00 mDebye / A, RMSE_ALPHA_per_atom=    0.14, RMSE_ALPHA_DERIV=    8.00
2025-07-14 07:46:28.887 INFO: Epoch 1671: head: Default, loss=0.0031, RMSE_MU_per_atom=0.00 mDebye, RMSE_MU_DERIV=0.00 mDebye / A, RMSE_ALPHA_per_atom=    0.14, RMSE_ALPHA_DERIV=    8.00
2025-07-14 07:47:20.452 INFO: Epoch 1672: head: Default, loss=0.0031, RMSE_MU_per_atom=0.00 mDebye, RMSE_MU_DERIV=0.00 mDebye / A, RMSE_ALPHA_per_atom=    0.14, RMSE_ALPHA_DERIV=    8.00
2025-07-14 07:48:12.024 INFO: Epoch 1673: head: Default, loss=0.0031, RMSE_MU_per_atom=0.00 mDebye, RMSE_MU_DERIV=0.00 mDebye / A, RMSE_ALPHA_per_atom=    0.14, RMSE_ALPHA_DERIV=    8.00
2025-07-14 07:49:03.579 INFO: Epoch 1674: head: Default, loss=0.0031, RMSE_MU_per_atom=0.00 mDebye, RMSE_MU_DERIV=0.00 mDebye / A, RMSE_ALPHA_per_atom=    0.14, RMSE_ALPHA_DERIV=    8.00
2025-07-14 07:49:55.151 INFO: Epoch 1675: head: Default, loss=0.0031, RMSE_MU_per_atom=0.00 mDebye, RMSE_MU_DERIV=0.00 mDebye / A, RMSE_ALPHA_per_atom=    0.14, RMSE_ALPHA_DERIV=    8.00
2025-07-14 07:50:46.709 INFO: Epoch 1676: head: Default, loss=0.0031, RMSE_MU_per_atom=0.00 mDebye, RMSE_MU_DERIV=0.00 mDebye / A, RMSE_ALPHA_per_atom=    0.14, RMSE_ALPHA_DERIV=    8.00
2025-07-14 07:51:38.278 INFO: Epoch 1677: head: Default, loss=0.0031, RMSE_MU_per_atom=0.00 mDebye, RMSE_MU_DERIV=0.00 mDebye / A, RMSE_ALPHA_per_atom=    0.14, RMSE_ALPHA_DERIV=    8.00
2025-07-14 07:52:29.843 INFO: Epoch 1678: head: Default, loss=0.0031, RMSE_MU_per_atom=0.00 mDebye, RMSE_MU_DERIV=0.00 mDebye / A, RMSE_ALPHA_per_atom=    0.14, RMSE_ALPHA_DERIV=    8.00
2025-07-14 07:53:21.426 INFO: Epoch 1679: head: Default, loss=0.0031, RMSE_MU_per_atom=0.00 mDebye, RMSE_MU_DERIV=0.00 mDebye / A, RMSE_ALPHA_per_atom=    0.14, RMSE_ALPHA_DERIV=    8.00
2025-07-14 07:54:13.003 INFO: Epoch 1680: head: Default, loss=0.0031, RMSE_MU_per_atom=0.00 mDebye, RMSE_MU_DERIV=0.00 mDebye / A, RMSE_ALPHA_per_atom=    0.14, RMSE_ALPHA_DERIV=    8.00
2025-07-14 07:55:04.556 INFO: Epoch 1681: head: Default, loss=0.0031, RMSE_MU_per_atom=0.00 mDebye, RMSE_MU_DERIV=0.00 mDebye / A, RMSE_ALPHA_per_atom=    0.14, RMSE_ALPHA_DERIV=    8.00
2025-07-14 07:55:56.119 INFO: Epoch 1682: head: Default, loss=0.0031, RMSE_MU_per_atom=0.00 mDebye, RMSE_MU_DERIV=0.00 mDebye / A, RMSE_ALPHA_per_atom=    0.14, RMSE_ALPHA_DERIV=    8.00
2025-07-14 07:56:47.695 INFO: Epoch 1683: head: Default, loss=0.0031, RMSE_MU_per_atom=0.00 mDebye, RMSE_MU_DERIV=0.00 mDebye / A, RMSE_ALPHA_per_atom=    0.14, RMSE_ALPHA_DERIV=    8.00
2025-07-14 07:57:39.264 INFO: Epoch 1684: head: Default, loss=0.0031, RMSE_MU_per_atom=0.00 mDebye, RMSE_MU_DERIV=0.00 mDebye / A, RMSE_ALPHA_per_atom=    0.14, RMSE_ALPHA_DERIV=    8.00
2025-07-14 07:58:30.819 INFO: Epoch 1685: head: Default, loss=0.0031, RMSE_MU_per_atom=0.00 mDebye, RMSE_MU_DERIV=0.00 mDebye / A, RMSE_ALPHA_per_atom=    0.14, RMSE_ALPHA_DERIV=    8.00
2025-07-14 07:59:22.380 INFO: Epoch 1686: head: Default, loss=0.0031, RMSE_MU_per_atom=0.00 mDebye, RMSE_MU_DERIV=0.00 mDebye / A, RMSE_ALPHA_per_atom=    0.14, RMSE_ALPHA_DERIV=    8.00
2025-07-14 08:00:13.951 INFO: Epoch 1687: head: Default, loss=0.0031, RMSE_MU_per_atom=0.00 mDebye, RMSE_MU_DERIV=0.00 mDebye / A, RMSE_ALPHA_per_atom=    0.14, RMSE_ALPHA_DERIV=    8.00
2025-07-14 08:01:05.521 INFO: Epoch 1688: head: Default, loss=0.0031, RMSE_MU_per_atom=0.00 mDebye, RMSE_MU_DERIV=0.00 mDebye / A, RMSE_ALPHA_per_atom=    0.14, RMSE_ALPHA_DERIV=    8.00
2025-07-14 08:01:57.082 INFO: Epoch 1689: head: Default, loss=0.0031, RMSE_MU_per_atom=0.00 mDebye, RMSE_MU_DERIV=0.00 mDebye / A, RMSE_ALPHA_per_atom=    0.14, RMSE_ALPHA_DERIV=    8.00
2025-07-14 08:02:48.633 INFO: Epoch 1690: head: Default, loss=0.0031, RMSE_MU_per_atom=0.00 mDebye, RMSE_MU_DERIV=0.00 mDebye / A, RMSE_ALPHA_per_atom=    0.14, RMSE_ALPHA_DERIV=    8.00
2025-07-14 08:03:40.202 INFO: Epoch 1691: head: Default, loss=0.0031, RMSE_MU_per_atom=0.00 mDebye, RMSE_MU_DERIV=0.00 mDebye / A, RMSE_ALPHA_per_atom=    0.14, RMSE_ALPHA_DERIV=    8.00
2025-07-14 08:04:31.769 INFO: Epoch 1692: head: Default, loss=0.0031, RMSE_MU_per_atom=0.00 mDebye, RMSE_MU_DERIV=0.00 mDebye / A, RMSE_ALPHA_per_atom=    0.14, RMSE_ALPHA_DERIV=    8.00
2025-07-14 08:05:23.330 INFO: Epoch 1693: head: Default, loss=0.0031, RMSE_MU_per_atom=0.00 mDebye, RMSE_MU_DERIV=0.00 mDebye / A, RMSE_ALPHA_per_atom=    0.14, RMSE_ALPHA_DERIV=    8.00
2025-07-14 08:06:14.889 INFO: Epoch 1694: head: Default, loss=0.0031, RMSE_MU_per_atom=0.00 mDebye, RMSE_MU_DERIV=0.00 mDebye / A, RMSE_ALPHA_per_atom=    0.14, RMSE_ALPHA_DERIV=    8.00
2025-07-14 08:07:06.469 INFO: Epoch 1695: head: Default, loss=0.0031, RMSE_MU_per_atom=0.00 mDebye, RMSE_MU_DERIV=0.00 mDebye / A, RMSE_ALPHA_per_atom=    0.14, RMSE_ALPHA_DERIV=    8.00
2025-07-14 08:07:58.044 INFO: Epoch 1696: head: Default, loss=0.0031, RMSE_MU_per_atom=0.00 mDebye, RMSE_MU_DERIV=0.00 mDebye / A, RMSE_ALPHA_per_atom=    0.14, RMSE_ALPHA_DERIV=    8.00
2025-07-14 08:08:49.597 INFO: Epoch 1697: head: Default, loss=0.0031, RMSE_MU_per_atom=0.00 mDebye, RMSE_MU_DERIV=0.00 mDebye / A, RMSE_ALPHA_per_atom=    0.14, RMSE_ALPHA_DERIV=    8.00
2025-07-14 08:09:41.162 INFO: Epoch 1698: head: Default, loss=0.0031, RMSE_MU_per_atom=0.00 mDebye, RMSE_MU_DERIV=0.00 mDebye / A, RMSE_ALPHA_per_atom=    0.14, RMSE_ALPHA_DERIV=    8.00
2025-07-14 08:10:32.716 INFO: Epoch 1699: head: Default, loss=0.0031, RMSE_MU_per_atom=0.00 mDebye, RMSE_MU_DERIV=0.00 mDebye / A, RMSE_ALPHA_per_atom=    0.14, RMSE_ALPHA_DERIV=    8.00
2025-07-14 08:11:24.291 INFO: Epoch 1700: head: Default, loss=0.0031, RMSE_MU_per_atom=0.00 mDebye, RMSE_MU_DERIV=0.00 mDebye / A, RMSE_ALPHA_per_atom=    0.14, RMSE_ALPHA_DERIV=    8.00
2025-07-14 08:12:15.863 INFO: Epoch 1701: head: Default, loss=0.0031, RMSE_MU_per_atom=0.00 mDebye, RMSE_MU_DERIV=0.00 mDebye / A, RMSE_ALPHA_per_atom=    0.14, RMSE_ALPHA_DERIV=    8.00
2025-07-14 08:13:07.429 INFO: Epoch 1702: head: Default, loss=0.0031, RMSE_MU_per_atom=0.00 mDebye, RMSE_MU_DERIV=0.00 mDebye / A, RMSE_ALPHA_per_atom=    0.14, RMSE_ALPHA_DERIV=    8.00
2025-07-14 08:13:58.991 INFO: Epoch 1703: head: Default, loss=0.0031, RMSE_MU_per_atom=0.00 mDebye, RMSE_MU_DERIV=0.00 mDebye / A, RMSE_ALPHA_per_atom=    0.14, RMSE_ALPHA_DERIV=    8.00
2025-07-14 08:14:50.561 INFO: Epoch 1704: head: Default, loss=0.0031, RMSE_MU_per_atom=0.00 mDebye, RMSE_MU_DERIV=0.00 mDebye / A, RMSE_ALPHA_per_atom=    0.14, RMSE_ALPHA_DERIV=    8.00
2025-07-14 08:15:42.119 INFO: Epoch 1705: head: Default, loss=0.0031, RMSE_MU_per_atom=0.00 mDebye, RMSE_MU_DERIV=0.00 mDebye / A, RMSE_ALPHA_per_atom=    0.14, RMSE_ALPHA_DERIV=    8.00
2025-07-14 08:16:33.680 INFO: Epoch 1706: head: Default, loss=0.0031, RMSE_MU_per_atom=0.00 mDebye, RMSE_MU_DERIV=0.00 mDebye / A, RMSE_ALPHA_per_atom=    0.14, RMSE_ALPHA_DERIV=    8.00
2025-07-14 08:17:25.249 INFO: Epoch 1707: head: Default, loss=0.0031, RMSE_MU_per_atom=0.00 mDebye, RMSE_MU_DERIV=0.00 mDebye / A, RMSE_ALPHA_per_atom=    0.14, RMSE_ALPHA_DERIV=    8.00
2025-07-14 08:18:16.816 INFO: Epoch 1708: head: Default, loss=0.0031, RMSE_MU_per_atom=0.00 mDebye, RMSE_MU_DERIV=0.00 mDebye / A, RMSE_ALPHA_per_atom=    0.14, RMSE_ALPHA_DERIV=    8.00
2025-07-14 08:19:08.368 INFO: Epoch 1709: head: Default, loss=0.0031, RMSE_MU_per_atom=0.00 mDebye, RMSE_MU_DERIV=0.00 mDebye / A, RMSE_ALPHA_per_atom=    0.14, RMSE_ALPHA_DERIV=    8.00
2025-07-14 08:19:59.921 INFO: Epoch 1710: head: Default, loss=0.0031, RMSE_MU_per_atom=0.00 mDebye, RMSE_MU_DERIV=0.00 mDebye / A, RMSE_ALPHA_per_atom=    0.14, RMSE_ALPHA_DERIV=    8.00
2025-07-14 08:20:51.485 INFO: Epoch 1711: head: Default, loss=0.0031, RMSE_MU_per_atom=0.00 mDebye, RMSE_MU_DERIV=0.00 mDebye / A, RMSE_ALPHA_per_atom=    0.14, RMSE_ALPHA_DERIV=    8.00
2025-07-14 08:21:43.023 INFO: Epoch 1712: head: Default, loss=0.0031, RMSE_MU_per_atom=0.00 mDebye, RMSE_MU_DERIV=0.00 mDebye / A, RMSE_ALPHA_per_atom=    0.14, RMSE_ALPHA_DERIV=    8.00
2025-07-14 08:22:34.585 INFO: Epoch 1713: head: Default, loss=0.0031, RMSE_MU_per_atom=0.00 mDebye, RMSE_MU_DERIV=0.00 mDebye / A, RMSE_ALPHA_per_atom=    0.14, RMSE_ALPHA_DERIV=    8.00
2025-07-14 08:23:26.153 INFO: Epoch 1714: head: Default, loss=0.0031, RMSE_MU_per_atom=0.00 mDebye, RMSE_MU_DERIV=0.00 mDebye / A, RMSE_ALPHA_per_atom=    0.14, RMSE_ALPHA_DERIV=    8.00
2025-07-14 08:24:17.728 INFO: Epoch 1715: head: Default, loss=0.0031, RMSE_MU_per_atom=0.00 mDebye, RMSE_MU_DERIV=0.00 mDebye / A, RMSE_ALPHA_per_atom=    0.14, RMSE_ALPHA_DERIV=    8.00
2025-07-14 08:25:09.280 INFO: Epoch 1716: head: Default, loss=0.0031, RMSE_MU_per_atom=0.00 mDebye, RMSE_MU_DERIV=0.00 mDebye / A, RMSE_ALPHA_per_atom=    0.14, RMSE_ALPHA_DERIV=    8.00
2025-07-14 08:26:00.848 INFO: Epoch 1717: head: Default, loss=0.0031, RMSE_MU_per_atom=0.00 mDebye, RMSE_MU_DERIV=0.00 mDebye / A, RMSE_ALPHA_per_atom=    0.14, RMSE_ALPHA_DERIV=    8.00
2025-07-14 08:26:52.418 INFO: Epoch 1718: head: Default, loss=0.0031, RMSE_MU_per_atom=0.00 mDebye, RMSE_MU_DERIV=0.00 mDebye / A, RMSE_ALPHA_per_atom=    0.14, RMSE_ALPHA_DERIV=    8.00
2025-07-14 08:27:43.981 INFO: Epoch 1719: head: Default, loss=0.0031, RMSE_MU_per_atom=0.00 mDebye, RMSE_MU_DERIV=0.00 mDebye / A, RMSE_ALPHA_per_atom=    0.14, RMSE_ALPHA_DERIV=    8.00
2025-07-14 08:28:35.528 INFO: Epoch 1720: head: Default, loss=0.0031, RMSE_MU_per_atom=0.00 mDebye, RMSE_MU_DERIV=0.00 mDebye / A, RMSE_ALPHA_per_atom=    0.14, RMSE_ALPHA_DERIV=    8.00
2025-07-14 08:29:27.087 INFO: Epoch 1721: head: Default, loss=0.0031, RMSE_MU_per_atom=0.00 mDebye, RMSE_MU_DERIV=0.00 mDebye / A, RMSE_ALPHA_per_atom=    0.14, RMSE_ALPHA_DERIV=    8.00
2025-07-14 08:30:18.649 INFO: Epoch 1722: head: Default, loss=0.0031, RMSE_MU_per_atom=0.00 mDebye, RMSE_MU_DERIV=0.00 mDebye / A, RMSE_ALPHA_per_atom=    0.14, RMSE_ALPHA_DERIV=    8.00
2025-07-14 08:31:10.232 INFO: Epoch 1723: head: Default, loss=0.0031, RMSE_MU_per_atom=0.00 mDebye, RMSE_MU_DERIV=0.00 mDebye / A, RMSE_ALPHA_per_atom=    0.14, RMSE_ALPHA_DERIV=    8.00
2025-07-14 08:32:01.801 INFO: Epoch 1724: head: Default, loss=0.0031, RMSE_MU_per_atom=0.00 mDebye, RMSE_MU_DERIV=0.00 mDebye / A, RMSE_ALPHA_per_atom=    0.14, RMSE_ALPHA_DERIV=    8.00
2025-07-14 08:32:53.349 INFO: Epoch 1725: head: Default, loss=0.0031, RMSE_MU_per_atom=0.00 mDebye, RMSE_MU_DERIV=0.00 mDebye / A, RMSE_ALPHA_per_atom=    0.14, RMSE_ALPHA_DERIV=    8.00
2025-07-14 08:33:44.931 INFO: Epoch 1726: head: Default, loss=0.0031, RMSE_MU_per_atom=0.00 mDebye, RMSE_MU_DERIV=0.00 mDebye / A, RMSE_ALPHA_per_atom=    0.14, RMSE_ALPHA_DERIV=    8.00
2025-07-14 08:34:36.502 INFO: Epoch 1727: head: Default, loss=0.0031, RMSE_MU_per_atom=0.00 mDebye, RMSE_MU_DERIV=0.00 mDebye / A, RMSE_ALPHA_per_atom=    0.14, RMSE_ALPHA_DERIV=    8.00
2025-07-14 08:35:28.056 INFO: Epoch 1728: head: Default, loss=0.0031, RMSE_MU_per_atom=0.00 mDebye, RMSE_MU_DERIV=0.00 mDebye / A, RMSE_ALPHA_per_atom=    0.14, RMSE_ALPHA_DERIV=    8.00
2025-07-14 08:36:19.624 INFO: Epoch 1729: head: Default, loss=0.0031, RMSE_MU_per_atom=0.00 mDebye, RMSE_MU_DERIV=0.00 mDebye / A, RMSE_ALPHA_per_atom=    0.14, RMSE_ALPHA_DERIV=    8.00
2025-07-14 08:37:11.173 INFO: Epoch 1730: head: Default, loss=0.0031, RMSE_MU_per_atom=0.00 mDebye, RMSE_MU_DERIV=0.00 mDebye / A, RMSE_ALPHA_per_atom=    0.14, RMSE_ALPHA_DERIV=    8.00
2025-07-14 08:38:02.733 INFO: Epoch 1731: head: Default, loss=0.0031, RMSE_MU_per_atom=0.00 mDebye, RMSE_MU_DERIV=0.00 mDebye / A, RMSE_ALPHA_per_atom=    0.14, RMSE_ALPHA_DERIV=    8.00
2025-07-14 08:38:54.282 INFO: Epoch 1732: head: Default, loss=0.0031, RMSE_MU_per_atom=0.00 mDebye, RMSE_MU_DERIV=0.00 mDebye / A, RMSE_ALPHA_per_atom=    0.14, RMSE_ALPHA_DERIV=    8.00
2025-07-14 08:39:45.855 INFO: Epoch 1733: head: Default, loss=0.0031, RMSE_MU_per_atom=0.00 mDebye, RMSE_MU_DERIV=0.00 mDebye / A, RMSE_ALPHA_per_atom=    0.14, RMSE_ALPHA_DERIV=    8.00
2025-07-14 08:40:37.411 INFO: Epoch 1734: head: Default, loss=0.0031, RMSE_MU_per_atom=0.00 mDebye, RMSE_MU_DERIV=0.00 mDebye / A, RMSE_ALPHA_per_atom=    0.14, RMSE_ALPHA_DERIV=    8.00
2025-07-14 08:41:28.977 INFO: Epoch 1735: head: Default, loss=0.0031, RMSE_MU_per_atom=0.00 mDebye, RMSE_MU_DERIV=0.00 mDebye / A, RMSE_ALPHA_per_atom=    0.14, RMSE_ALPHA_DERIV=    8.00
2025-07-14 08:42:20.533 INFO: Epoch 1736: head: Default, loss=0.0031, RMSE_MU_per_atom=0.00 mDebye, RMSE_MU_DERIV=0.00 mDebye / A, RMSE_ALPHA_per_atom=    0.14, RMSE_ALPHA_DERIV=    8.00
2025-07-14 08:43:12.098 INFO: Epoch 1737: head: Default, loss=0.0031, RMSE_MU_per_atom=0.00 mDebye, RMSE_MU_DERIV=0.00 mDebye / A, RMSE_ALPHA_per_atom=    0.14, RMSE_ALPHA_DERIV=    8.00
2025-07-14 08:44:03.655 INFO: Epoch 1738: head: Default, loss=0.0031, RMSE_MU_per_atom=0.00 mDebye, RMSE_MU_DERIV=0.00 mDebye / A, RMSE_ALPHA_per_atom=    0.14, RMSE_ALPHA_DERIV=    8.00
2025-07-14 08:44:55.222 INFO: Epoch 1739: head: Default, loss=0.0031, RMSE_MU_per_atom=0.00 mDebye, RMSE_MU_DERIV=0.00 mDebye / A, RMSE_ALPHA_per_atom=    0.14, RMSE_ALPHA_DERIV=    8.00
2025-07-14 08:45:46.785 INFO: Epoch 1740: head: Default, loss=0.0031, RMSE_MU_per_atom=0.00 mDebye, RMSE_MU_DERIV=0.00 mDebye / A, RMSE_ALPHA_per_atom=    0.14, RMSE_ALPHA_DERIV=    8.00
2025-07-14 08:46:38.355 INFO: Epoch 1741: head: Default, loss=0.0031, RMSE_MU_per_atom=0.00 mDebye, RMSE_MU_DERIV=0.00 mDebye / A, RMSE_ALPHA_per_atom=    0.14, RMSE_ALPHA_DERIV=    8.00
2025-07-14 08:47:29.915 INFO: Epoch 1742: head: Default, loss=0.0031, RMSE_MU_per_atom=0.00 mDebye, RMSE_MU_DERIV=0.00 mDebye / A, RMSE_ALPHA_per_atom=    0.14, RMSE_ALPHA_DERIV=    8.00
2025-07-14 08:48:21.487 INFO: Epoch 1743: head: Default, loss=0.0031, RMSE_MU_per_atom=0.00 mDebye, RMSE_MU_DERIV=0.00 mDebye / A, RMSE_ALPHA_per_atom=    0.14, RMSE_ALPHA_DERIV=    8.00
2025-07-14 08:49:13.048 INFO: Epoch 1744: head: Default, loss=0.0031, RMSE_MU_per_atom=0.00 mDebye, RMSE_MU_DERIV=0.00 mDebye / A, RMSE_ALPHA_per_atom=    0.14, RMSE_ALPHA_DERIV=    8.00
2025-07-14 08:50:04.599 INFO: Epoch 1745: head: Default, loss=0.0031, RMSE_MU_per_atom=0.00 mDebye, RMSE_MU_DERIV=0.00 mDebye / A, RMSE_ALPHA_per_atom=    0.14, RMSE_ALPHA_DERIV=    8.00
2025-07-14 08:50:56.158 INFO: Epoch 1746: head: Default, loss=0.0031, RMSE_MU_per_atom=0.00 mDebye, RMSE_MU_DERIV=0.00 mDebye / A, RMSE_ALPHA_per_atom=    0.14, RMSE_ALPHA_DERIV=    8.00
2025-07-14 08:51:47.709 INFO: Epoch 1747: head: Default, loss=0.0031, RMSE_MU_per_atom=0.00 mDebye, RMSE_MU_DERIV=0.00 mDebye / A, RMSE_ALPHA_per_atom=    0.14, RMSE_ALPHA_DERIV=    8.00
2025-07-14 08:52:39.269 INFO: Epoch 1748: head: Default, loss=0.0031, RMSE_MU_per_atom=0.00 mDebye, RMSE_MU_DERIV=0.00 mDebye / A, RMSE_ALPHA_per_atom=    0.14, RMSE_ALPHA_DERIV=    8.00
2025-07-14 08:53:30.825 INFO: Epoch 1749: head: Default, loss=0.0031, RMSE_MU_per_atom=0.00 mDebye, RMSE_MU_DERIV=0.00 mDebye / A, RMSE_ALPHA_per_atom=    0.14, RMSE_ALPHA_DERIV=    8.00
2025-07-14 08:54:22.387 INFO: Epoch 1750: head: Default, loss=0.0031, RMSE_MU_per_atom=0.00 mDebye, RMSE_MU_DERIV=0.00 mDebye / A, RMSE_ALPHA_per_atom=    0.14, RMSE_ALPHA_DERIV=    8.00
2025-07-14 08:55:13.950 INFO: Epoch 1751: head: Default, loss=0.0031, RMSE_MU_per_atom=0.00 mDebye, RMSE_MU_DERIV=0.00 mDebye / A, RMSE_ALPHA_per_atom=    0.14, RMSE_ALPHA_DERIV=    8.00
2025-07-14 08:56:05.512 INFO: Epoch 1752: head: Default, loss=0.0031, RMSE_MU_per_atom=0.00 mDebye, RMSE_MU_DERIV=0.00 mDebye / A, RMSE_ALPHA_per_atom=    0.14, RMSE_ALPHA_DERIV=    8.00
2025-07-14 08:56:57.075 INFO: Epoch 1753: head: Default, loss=0.0031, RMSE_MU_per_atom=0.00 mDebye, RMSE_MU_DERIV=0.00 mDebye / A, RMSE_ALPHA_per_atom=    0.14, RMSE_ALPHA_DERIV=    8.00
2025-07-14 08:57:48.648 INFO: Epoch 1754: head: Default, loss=0.0031, RMSE_MU_per_atom=0.00 mDebye, RMSE_MU_DERIV=0.00 mDebye / A, RMSE_ALPHA_per_atom=    0.14, RMSE_ALPHA_DERIV=    8.00
2025-07-14 08:58:40.206 INFO: Epoch 1755: head: Default, loss=0.0031, RMSE_MU_per_atom=0.00 mDebye, RMSE_MU_DERIV=0.00 mDebye / A, RMSE_ALPHA_per_atom=    0.14, RMSE_ALPHA_DERIV=    8.00
2025-07-14 08:59:31.781 INFO: Epoch 1756: head: Default, loss=0.0031, RMSE_MU_per_atom=0.00 mDebye, RMSE_MU_DERIV=0.00 mDebye / A, RMSE_ALPHA_per_atom=    0.14, RMSE_ALPHA_DERIV=    8.00
2025-07-14 09:00:23.339 INFO: Epoch 1757: head: Default, loss=0.0031, RMSE_MU_per_atom=0.00 mDebye, RMSE_MU_DERIV=0.00 mDebye / A, RMSE_ALPHA_per_atom=    0.14, RMSE_ALPHA_DERIV=    8.00
2025-07-14 09:01:14.904 INFO: Epoch 1758: head: Default, loss=0.0031, RMSE_MU_per_atom=0.00 mDebye, RMSE_MU_DERIV=0.00 mDebye / A, RMSE_ALPHA_per_atom=    0.14, RMSE_ALPHA_DERIV=    8.00
2025-07-14 09:02:06.446 INFO: Epoch 1759: head: Default, loss=0.0031, RMSE_MU_per_atom=0.00 mDebye, RMSE_MU_DERIV=0.00 mDebye / A, RMSE_ALPHA_per_atom=    0.14, RMSE_ALPHA_DERIV=    8.00
2025-07-14 09:02:58.004 INFO: Epoch 1760: head: Default, loss=0.0031, RMSE_MU_per_atom=0.00 mDebye, RMSE_MU_DERIV=0.00 mDebye / A, RMSE_ALPHA_per_atom=    0.14, RMSE_ALPHA_DERIV=    8.00
2025-07-14 09:03:49.573 INFO: Epoch 1761: head: Default, loss=0.0031, RMSE_MU_per_atom=0.00 mDebye, RMSE_MU_DERIV=0.00 mDebye / A, RMSE_ALPHA_per_atom=    0.14, RMSE_ALPHA_DERIV=    8.00
2025-07-14 09:04:41.134 INFO: Epoch 1762: head: Default, loss=0.0031, RMSE_MU_per_atom=0.00 mDebye, RMSE_MU_DERIV=0.00 mDebye / A, RMSE_ALPHA_per_atom=    0.14, RMSE_ALPHA_DERIV=    8.00
2025-07-14 09:05:32.698 INFO: Epoch 1763: head: Default, loss=0.0031, RMSE_MU_per_atom=0.00 mDebye, RMSE_MU_DERIV=0.00 mDebye / A, RMSE_ALPHA_per_atom=    0.14, RMSE_ALPHA_DERIV=    8.00
2025-07-14 09:06:24.264 INFO: Epoch 1764: head: Default, loss=0.0031, RMSE_MU_per_atom=0.00 mDebye, RMSE_MU_DERIV=0.00 mDebye / A, RMSE_ALPHA_per_atom=    0.14, RMSE_ALPHA_DERIV=    8.00
2025-07-14 09:07:15.826 INFO: Epoch 1765: head: Default, loss=0.0031, RMSE_MU_per_atom=0.00 mDebye, RMSE_MU_DERIV=0.00 mDebye / A, RMSE_ALPHA_per_atom=    0.14, RMSE_ALPHA_DERIV=    8.00
2025-07-14 09:08:07.400 INFO: Epoch 1766: head: Default, loss=0.0031, RMSE_MU_per_atom=0.00 mDebye, RMSE_MU_DERIV=0.00 mDebye / A, RMSE_ALPHA_per_atom=    0.14, RMSE_ALPHA_DERIV=    8.00
2025-07-14 09:08:58.964 INFO: Epoch 1767: head: Default, loss=0.0031, RMSE_MU_per_atom=0.00 mDebye, RMSE_MU_DERIV=0.00 mDebye / A, RMSE_ALPHA_per_atom=    0.14, RMSE_ALPHA_DERIV=    8.00
2025-07-14 09:09:50.530 INFO: Epoch 1768: head: Default, loss=0.0031, RMSE_MU_per_atom=0.00 mDebye, RMSE_MU_DERIV=0.00 mDebye / A, RMSE_ALPHA_per_atom=    0.14, RMSE_ALPHA_DERIV=    8.00
2025-07-14 09:10:42.094 INFO: Epoch 1769: head: Default, loss=0.0031, RMSE_MU_per_atom=0.00 mDebye, RMSE_MU_DERIV=0.00 mDebye / A, RMSE_ALPHA_per_atom=    0.14, RMSE_ALPHA_DERIV=    8.00
2025-07-14 09:11:33.676 INFO: Epoch 1770: head: Default, loss=0.0031, RMSE_MU_per_atom=0.00 mDebye, RMSE_MU_DERIV=0.00 mDebye / A, RMSE_ALPHA_per_atom=    0.14, RMSE_ALPHA_DERIV=    8.00
2025-07-14 09:12:25.248 INFO: Epoch 1771: head: Default, loss=0.0031, RMSE_MU_per_atom=0.00 mDebye, RMSE_MU_DERIV=0.00 mDebye / A, RMSE_ALPHA_per_atom=    0.14, RMSE_ALPHA_DERIV=    8.00
2025-07-14 09:13:16.814 INFO: Epoch 1772: head: Default, loss=0.0031, RMSE_MU_per_atom=0.00 mDebye, RMSE_MU_DERIV=0.00 mDebye / A, RMSE_ALPHA_per_atom=    0.14, RMSE_ALPHA_DERIV=    8.00
2025-07-14 09:14:08.374 INFO: Epoch 1773: head: Default, loss=0.0031, RMSE_MU_per_atom=0.00 mDebye, RMSE_MU_DERIV=0.00 mDebye / A, RMSE_ALPHA_per_atom=    0.14, RMSE_ALPHA_DERIV=    8.00
2025-07-14 09:14:59.928 INFO: Epoch 1774: head: Default, loss=0.0031, RMSE_MU_per_atom=0.00 mDebye, RMSE_MU_DERIV=0.00 mDebye / A, RMSE_ALPHA_per_atom=    0.14, RMSE_ALPHA_DERIV=    8.00
2025-07-14 09:15:51.510 INFO: Epoch 1775: head: Default, loss=0.0031, RMSE_MU_per_atom=0.00 mDebye, RMSE_MU_DERIV=0.00 mDebye / A, RMSE_ALPHA_per_atom=    0.14, RMSE_ALPHA_DERIV=    8.00
2025-07-14 09:16:43.086 INFO: Epoch 1776: head: Default, loss=0.0031, RMSE_MU_per_atom=0.00 mDebye, RMSE_MU_DERIV=0.00 mDebye / A, RMSE_ALPHA_per_atom=    0.14, RMSE_ALPHA_DERIV=    8.00
2025-07-14 09:17:34.643 INFO: Epoch 1777: head: Default, loss=0.0031, RMSE_MU_per_atom=0.00 mDebye, RMSE_MU_DERIV=0.00 mDebye / A, RMSE_ALPHA_per_atom=    0.14, RMSE_ALPHA_DERIV=    8.00
2025-07-14 09:18:26.214 INFO: Epoch 1778: head: Default, loss=0.0031, RMSE_MU_per_atom=0.00 mDebye, RMSE_MU_DERIV=0.00 mDebye / A, RMSE_ALPHA_per_atom=    0.14, RMSE_ALPHA_DERIV=    8.00
2025-07-14 09:19:17.770 INFO: Epoch 1779: head: Default, loss=0.0031, RMSE_MU_per_atom=0.00 mDebye, RMSE_MU_DERIV=0.00 mDebye / A, RMSE_ALPHA_per_atom=    0.14, RMSE_ALPHA_DERIV=    8.00
2025-07-14 09:20:09.339 INFO: Epoch 1780: head: Default, loss=0.0031, RMSE_MU_per_atom=0.00 mDebye, RMSE_MU_DERIV=0.00 mDebye / A, RMSE_ALPHA_per_atom=    0.14, RMSE_ALPHA_DERIV=    8.00
2025-07-14 09:21:00.909 INFO: Epoch 1781: head: Default, loss=0.0031, RMSE_MU_per_atom=0.00 mDebye, RMSE_MU_DERIV=0.00 mDebye / A, RMSE_ALPHA_per_atom=    0.14, RMSE_ALPHA_DERIV=    8.00
2025-07-14 09:21:52.477 INFO: Epoch 1782: head: Default, loss=0.0031, RMSE_MU_per_atom=0.00 mDebye, RMSE_MU_DERIV=0.00 mDebye / A, RMSE_ALPHA_per_atom=    0.14, RMSE_ALPHA_DERIV=    8.00
2025-07-14 09:22:44.042 INFO: Epoch 1783: head: Default, loss=0.0031, RMSE_MU_per_atom=0.00 mDebye, RMSE_MU_DERIV=0.00 mDebye / A, RMSE_ALPHA_per_atom=    0.14, RMSE_ALPHA_DERIV=    8.00
2025-07-14 09:23:35.594 INFO: Epoch 1784: head: Default, loss=0.0031, RMSE_MU_per_atom=0.00 mDebye, RMSE_MU_DERIV=0.00 mDebye / A, RMSE_ALPHA_per_atom=    0.14, RMSE_ALPHA_DERIV=    8.00
2025-07-14 09:24:27.156 INFO: Epoch 1785: head: Default, loss=0.0031, RMSE_MU_per_atom=0.00 mDebye, RMSE_MU_DERIV=0.00 mDebye / A, RMSE_ALPHA_per_atom=    0.14, RMSE_ALPHA_DERIV=    8.00
2025-07-14 09:25:18.714 INFO: Epoch 1786: head: Default, loss=0.0031, RMSE_MU_per_atom=0.00 mDebye, RMSE_MU_DERIV=0.00 mDebye / A, RMSE_ALPHA_per_atom=    0.14, RMSE_ALPHA_DERIV=    8.00
2025-07-14 09:26:10.283 INFO: Epoch 1787: head: Default, loss=0.0031, RMSE_MU_per_atom=0.00 mDebye, RMSE_MU_DERIV=0.00 mDebye / A, RMSE_ALPHA_per_atom=    0.14, RMSE_ALPHA_DERIV=    8.00
2025-07-14 09:27:01.883 INFO: Epoch 1788: head: Default, loss=0.0031, RMSE_MU_per_atom=0.00 mDebye, RMSE_MU_DERIV=0.00 mDebye / A, RMSE_ALPHA_per_atom=    0.14, RMSE_ALPHA_DERIV=    8.00
2025-07-14 09:27:53.452 INFO: Epoch 1789: head: Default, loss=0.0031, RMSE_MU_per_atom=0.00 mDebye, RMSE_MU_DERIV=0.00 mDebye / A, RMSE_ALPHA_per_atom=    0.14, RMSE_ALPHA_DERIV=    8.00
2025-07-14 09:28:45.047 INFO: Epoch 1790: head: Default, loss=0.0031, RMSE_MU_per_atom=0.00 mDebye, RMSE_MU_DERIV=0.00 mDebye / A, RMSE_ALPHA_per_atom=    0.14, RMSE_ALPHA_DERIV=    8.00
2025-07-14 09:29:36.620 INFO: Epoch 1791: head: Default, loss=0.0031, RMSE_MU_per_atom=0.00 mDebye, RMSE_MU_DERIV=0.00 mDebye / A, RMSE_ALPHA_per_atom=    0.14, RMSE_ALPHA_DERIV=    8.00
2025-07-14 09:30:28.186 INFO: Epoch 1792: head: Default, loss=0.0031, RMSE_MU_per_atom=0.00 mDebye, RMSE_MU_DERIV=0.00 mDebye / A, RMSE_ALPHA_per_atom=    0.14, RMSE_ALPHA_DERIV=    8.00
2025-07-14 09:31:19.738 INFO: Epoch 1793: head: Default, loss=0.0031, RMSE_MU_per_atom=0.00 mDebye, RMSE_MU_DERIV=0.00 mDebye / A, RMSE_ALPHA_per_atom=    0.14, RMSE_ALPHA_DERIV=    8.00
2025-07-14 09:32:11.323 INFO: Epoch 1794: head: Default, loss=0.0031, RMSE_MU_per_atom=0.00 mDebye, RMSE_MU_DERIV=0.00 mDebye / A, RMSE_ALPHA_per_atom=    0.14, RMSE_ALPHA_DERIV=    8.00
2025-07-14 09:33:02.888 INFO: Epoch 1795: head: Default, loss=0.0031, RMSE_MU_per_atom=0.00 mDebye, RMSE_MU_DERIV=0.00 mDebye / A, RMSE_ALPHA_per_atom=    0.14, RMSE_ALPHA_DERIV=    8.00
2025-07-14 09:33:54.463 INFO: Epoch 1796: head: Default, loss=0.0031, RMSE_MU_per_atom=0.00 mDebye, RMSE_MU_DERIV=0.00 mDebye / A, RMSE_ALPHA_per_atom=    0.14, RMSE_ALPHA_DERIV=    8.00
2025-07-14 09:34:46.031 INFO: Epoch 1797: head: Default, loss=0.0031, RMSE_MU_per_atom=0.00 mDebye, RMSE_MU_DERIV=0.00 mDebye / A, RMSE_ALPHA_per_atom=    0.14, RMSE_ALPHA_DERIV=    8.00
2025-07-14 09:35:37.633 INFO: Epoch 1798: head: Default, loss=0.0031, RMSE_MU_per_atom=0.00 mDebye, RMSE_MU_DERIV=0.00 mDebye / A, RMSE_ALPHA_per_atom=    0.14, RMSE_ALPHA_DERIV=    8.00
2025-07-14 09:36:29.228 INFO: Epoch 1799: head: Default, loss=0.0031, RMSE_MU_per_atom=0.00 mDebye, RMSE_MU_DERIV=0.00 mDebye / A, RMSE_ALPHA_per_atom=    0.14, RMSE_ALPHA_DERIV=    8.00
2025-07-14 09:37:20.831 INFO: Epoch 1800: head: Default, loss=0.0031, RMSE_MU_per_atom=0.00 mDebye, RMSE_MU_DERIV=0.00 mDebye / A, RMSE_ALPHA_per_atom=    0.14, RMSE_ALPHA_DERIV=    8.00
2025-07-14 09:38:12.410 INFO: Epoch 1801: head: Default, loss=0.0031, RMSE_MU_per_atom=0.00 mDebye, RMSE_MU_DERIV=0.00 mDebye / A, RMSE_ALPHA_per_atom=    0.14, RMSE_ALPHA_DERIV=    8.00
2025-07-14 09:39:03.976 INFO: Epoch 1802: head: Default, loss=0.0031, RMSE_MU_per_atom=0.00 mDebye, RMSE_MU_DERIV=0.00 mDebye / A, RMSE_ALPHA_per_atom=    0.14, RMSE_ALPHA_DERIV=    8.00
2025-07-14 09:39:55.550 INFO: Epoch 1803: head: Default, loss=0.0031, RMSE_MU_per_atom=0.00 mDebye, RMSE_MU_DERIV=0.00 mDebye / A, RMSE_ALPHA_per_atom=    0.14, RMSE_ALPHA_DERIV=    8.00
2025-07-14 09:40:47.112 INFO: Epoch 1804: head: Default, loss=0.0031, RMSE_MU_per_atom=0.00 mDebye, RMSE_MU_DERIV=0.00 mDebye / A, RMSE_ALPHA_per_atom=    0.14, RMSE_ALPHA_DERIV=    8.00
2025-07-14 09:41:38.703 INFO: Epoch 1805: head: Default, loss=0.0031, RMSE_MU_per_atom=0.00 mDebye, RMSE_MU_DERIV=0.00 mDebye / A, RMSE_ALPHA_per_atom=    0.14, RMSE_ALPHA_DERIV=    8.00
2025-07-14 09:42:30.271 INFO: Epoch 1806: head: Default, loss=0.0031, RMSE_MU_per_atom=0.00 mDebye, RMSE_MU_DERIV=0.00 mDebye / A, RMSE_ALPHA_per_atom=    0.14, RMSE_ALPHA_DERIV=    8.00
2025-07-14 09:43:21.849 INFO: Epoch 1807: head: Default, loss=0.0031, RMSE_MU_per_atom=0.00 mDebye, RMSE_MU_DERIV=0.00 mDebye / A, RMSE_ALPHA_per_atom=    0.14, RMSE_ALPHA_DERIV=    8.00
2025-07-14 09:44:13.432 INFO: Epoch 1808: head: Default, loss=0.0031, RMSE_MU_per_atom=0.00 mDebye, RMSE_MU_DERIV=0.00 mDebye / A, RMSE_ALPHA_per_atom=    0.14, RMSE_ALPHA_DERIV=    8.00
2025-07-14 09:45:05.005 INFO: Epoch 1809: head: Default, loss=0.0031, RMSE_MU_per_atom=0.00 mDebye, RMSE_MU_DERIV=0.00 mDebye / A, RMSE_ALPHA_per_atom=    0.14, RMSE_ALPHA_DERIV=    8.00
2025-07-14 09:45:56.594 INFO: Epoch 1810: head: Default, loss=0.0031, RMSE_MU_per_atom=0.00 mDebye, RMSE_MU_DERIV=0.00 mDebye / A, RMSE_ALPHA_per_atom=    0.14, RMSE_ALPHA_DERIV=    8.00
2025-07-14 09:46:48.164 INFO: Epoch 1811: head: Default, loss=0.0031, RMSE_MU_per_atom=0.00 mDebye, RMSE_MU_DERIV=0.00 mDebye / A, RMSE_ALPHA_per_atom=    0.14, RMSE_ALPHA_DERIV=    8.00
2025-07-14 09:47:39.720 INFO: Epoch 1812: head: Default, loss=0.0031, RMSE_MU_per_atom=0.00 mDebye, RMSE_MU_DERIV=0.00 mDebye / A, RMSE_ALPHA_per_atom=    0.14, RMSE_ALPHA_DERIV=    8.00
2025-07-14 09:48:31.296 INFO: Epoch 1813: head: Default, loss=0.0031, RMSE_MU_per_atom=0.00 mDebye, RMSE_MU_DERIV=0.00 mDebye / A, RMSE_ALPHA_per_atom=    0.14, RMSE_ALPHA_DERIV=    8.00
2025-07-14 09:49:22.865 INFO: Epoch 1814: head: Default, loss=0.0031, RMSE_MU_per_atom=0.00 mDebye, RMSE_MU_DERIV=0.00 mDebye / A, RMSE_ALPHA_per_atom=    0.14, RMSE_ALPHA_DERIV=    8.00
2025-07-14 09:50:14.433 INFO: Epoch 1815: head: Default, loss=0.0031, RMSE_MU_per_atom=0.00 mDebye, RMSE_MU_DERIV=0.00 mDebye / A, RMSE_ALPHA_per_atom=    0.14, RMSE_ALPHA_DERIV=    8.00
2025-07-14 09:51:06.018 INFO: Epoch 1816: head: Default, loss=0.0031, RMSE_MU_per_atom=0.00 mDebye, RMSE_MU_DERIV=0.00 mDebye / A, RMSE_ALPHA_per_atom=    0.14, RMSE_ALPHA_DERIV=    8.00
2025-07-14 09:51:57.585 INFO: Epoch 1817: head: Default, loss=0.0031, RMSE_MU_per_atom=0.00 mDebye, RMSE_MU_DERIV=0.00 mDebye / A, RMSE_ALPHA_per_atom=    0.14, RMSE_ALPHA_DERIV=    8.00
2025-07-14 09:52:49.162 INFO: Epoch 1818: head: Default, loss=0.0031, RMSE_MU_per_atom=0.00 mDebye, RMSE_MU_DERIV=0.00 mDebye / A, RMSE_ALPHA_per_atom=    0.14, RMSE_ALPHA_DERIV=    8.00
2025-07-14 09:53:40.766 INFO: Epoch 1819: head: Default, loss=0.0031, RMSE_MU_per_atom=0.00 mDebye, RMSE_MU_DERIV=0.00 mDebye / A, RMSE_ALPHA_per_atom=    0.14, RMSE_ALPHA_DERIV=    8.00
2025-07-14 09:54:32.346 INFO: Epoch 1820: head: Default, loss=0.0031, RMSE_MU_per_atom=0.00 mDebye, RMSE_MU_DERIV=0.00 mDebye / A, RMSE_ALPHA_per_atom=    0.14, RMSE_ALPHA_DERIV=    8.00
2025-07-14 09:55:23.927 INFO: Epoch 1821: head: Default, loss=0.0031, RMSE_MU_per_atom=0.00 mDebye, RMSE_MU_DERIV=0.00 mDebye / A, RMSE_ALPHA_per_atom=    0.14, RMSE_ALPHA_DERIV=    8.00
2025-07-14 09:56:15.499 INFO: Epoch 1822: head: Default, loss=0.0031, RMSE_MU_per_atom=0.00 mDebye, RMSE_MU_DERIV=0.00 mDebye / A, RMSE_ALPHA_per_atom=    0.14, RMSE_ALPHA_DERIV=    8.00
2025-07-14 09:57:07.065 INFO: Epoch 1823: head: Default, loss=0.0031, RMSE_MU_per_atom=0.00 mDebye, RMSE_MU_DERIV=0.00 mDebye / A, RMSE_ALPHA_per_atom=    0.14, RMSE_ALPHA_DERIV=    8.00
2025-07-14 09:57:58.645 INFO: Epoch 1824: head: Default, loss=0.0031, RMSE_MU_per_atom=0.00 mDebye, RMSE_MU_DERIV=0.00 mDebye / A, RMSE_ALPHA_per_atom=    0.14, RMSE_ALPHA_DERIV=    8.00
2025-07-14 09:58:50.221 INFO: Epoch 1825: head: Default, loss=0.0031, RMSE_MU_per_atom=0.00 mDebye, RMSE_MU_DERIV=0.00 mDebye / A, RMSE_ALPHA_per_atom=    0.14, RMSE_ALPHA_DERIV=    8.00
2025-07-14 09:59:41.785 INFO: Epoch 1826: head: Default, loss=0.0031, RMSE_MU_per_atom=0.00 mDebye, RMSE_MU_DERIV=0.00 mDebye / A, RMSE_ALPHA_per_atom=    0.14, RMSE_ALPHA_DERIV=    8.00
2025-07-14 10:00:33.359 INFO: Epoch 1827: head: Default, loss=0.0031, RMSE_MU_per_atom=0.00 mDebye, RMSE_MU_DERIV=0.00 mDebye / A, RMSE_ALPHA_per_atom=    0.14, RMSE_ALPHA_DERIV=    8.00
2025-07-14 10:01:24.918 INFO: Epoch 1828: head: Default, loss=0.0031, RMSE_MU_per_atom=0.00 mDebye, RMSE_MU_DERIV=0.00 mDebye / A, RMSE_ALPHA_per_atom=    0.14, RMSE_ALPHA_DERIV=    8.00
2025-07-14 10:02:16.484 INFO: Epoch 1829: head: Default, loss=0.0031, RMSE_MU_per_atom=0.00 mDebye, RMSE_MU_DERIV=0.00 mDebye / A, RMSE_ALPHA_per_atom=    0.14, RMSE_ALPHA_DERIV=    8.00
2025-07-14 10:03:08.063 INFO: Epoch 1830: head: Default, loss=0.0031, RMSE_MU_per_atom=0.00 mDebye, RMSE_MU_DERIV=0.00 mDebye / A, RMSE_ALPHA_per_atom=    0.14, RMSE_ALPHA_DERIV=    8.00
2025-07-14 10:03:59.645 INFO: Epoch 1831: head: Default, loss=0.0031, RMSE_MU_per_atom=0.00 mDebye, RMSE_MU_DERIV=0.00 mDebye / A, RMSE_ALPHA_per_atom=    0.14, RMSE_ALPHA_DERIV=    8.00
2025-07-14 10:04:51.223 INFO: Epoch 1832: head: Default, loss=0.0031, RMSE_MU_per_atom=0.00 mDebye, RMSE_MU_DERIV=0.00 mDebye / A, RMSE_ALPHA_per_atom=    0.14, RMSE_ALPHA_DERIV=    8.00
2025-07-14 10:05:42.802 INFO: Epoch 1833: head: Default, loss=0.0031, RMSE_MU_per_atom=0.00 mDebye, RMSE_MU_DERIV=0.00 mDebye / A, RMSE_ALPHA_per_atom=    0.14, RMSE_ALPHA_DERIV=    8.00
2025-07-14 10:06:34.359 INFO: Epoch 1834: head: Default, loss=0.0031, RMSE_MU_per_atom=0.00 mDebye, RMSE_MU_DERIV=0.00 mDebye / A, RMSE_ALPHA_per_atom=    0.14, RMSE_ALPHA_DERIV=    8.00
2025-07-14 10:07:25.930 INFO: Epoch 1835: head: Default, loss=0.0031, RMSE_MU_per_atom=0.00 mDebye, RMSE_MU_DERIV=0.00 mDebye / A, RMSE_ALPHA_per_atom=    0.14, RMSE_ALPHA_DERIV=    8.00
2025-07-14 10:08:17.501 INFO: Epoch 1836: head: Default, loss=0.0031, RMSE_MU_per_atom=0.00 mDebye, RMSE_MU_DERIV=0.00 mDebye / A, RMSE_ALPHA_per_atom=    0.14, RMSE_ALPHA_DERIV=    8.00
2025-07-14 10:09:09.068 INFO: Epoch 1837: head: Default, loss=0.0031, RMSE_MU_per_atom=0.00 mDebye, RMSE_MU_DERIV=0.00 mDebye / A, RMSE_ALPHA_per_atom=    0.14, RMSE_ALPHA_DERIV=    8.00
2025-07-14 10:10:00.644 INFO: Epoch 1838: head: Default, loss=0.0031, RMSE_MU_per_atom=0.00 mDebye, RMSE_MU_DERIV=0.00 mDebye / A, RMSE_ALPHA_per_atom=    0.14, RMSE_ALPHA_DERIV=    8.00
2025-07-14 10:10:52.222 INFO: Epoch 1839: head: Default, loss=0.0031, RMSE_MU_per_atom=0.00 mDebye, RMSE_MU_DERIV=0.00 mDebye / A, RMSE_ALPHA_per_atom=    0.14, RMSE_ALPHA_DERIV=    8.00
2025-07-14 10:11:43.804 INFO: Epoch 1840: head: Default, loss=0.0031, RMSE_MU_per_atom=0.00 mDebye, RMSE_MU_DERIV=0.00 mDebye / A, RMSE_ALPHA_per_atom=    0.14, RMSE_ALPHA_DERIV=    8.00
2025-07-14 10:12:35.392 INFO: Epoch 1841: head: Default, loss=0.0031, RMSE_MU_per_atom=0.00 mDebye, RMSE_MU_DERIV=0.00 mDebye / A, RMSE_ALPHA_per_atom=    0.14, RMSE_ALPHA_DERIV=    8.00
2025-07-14 10:13:26.977 INFO: Epoch 1842: head: Default, loss=0.0031, RMSE_MU_per_atom=0.00 mDebye, RMSE_MU_DERIV=0.00 mDebye / A, RMSE_ALPHA_per_atom=    0.14, RMSE_ALPHA_DERIV=    8.00
2025-07-14 10:14:18.565 INFO: Epoch 1843: head: Default, loss=0.0031, RMSE_MU_per_atom=0.00 mDebye, RMSE_MU_DERIV=0.00 mDebye / A, RMSE_ALPHA_per_atom=    0.14, RMSE_ALPHA_DERIV=    8.00
2025-07-14 10:15:10.137 INFO: Epoch 1844: head: Default, loss=0.0031, RMSE_MU_per_atom=0.00 mDebye, RMSE_MU_DERIV=0.00 mDebye / A, RMSE_ALPHA_per_atom=    0.14, RMSE_ALPHA_DERIV=    8.00
2025-07-14 10:16:01.713 INFO: Epoch 1845: head: Default, loss=0.0031, RMSE_MU_per_atom=0.00 mDebye, RMSE_MU_DERIV=0.00 mDebye / A, RMSE_ALPHA_per_atom=    0.14, RMSE_ALPHA_DERIV=    8.00
2025-07-14 10:16:53.303 INFO: Epoch 1846: head: Default, loss=0.0031, RMSE_MU_per_atom=0.00 mDebye, RMSE_MU_DERIV=0.00 mDebye / A, RMSE_ALPHA_per_atom=    0.14, RMSE_ALPHA_DERIV=    8.00
2025-07-14 10:17:44.878 INFO: Epoch 1847: head: Default, loss=0.0031, RMSE_MU_per_atom=0.00 mDebye, RMSE_MU_DERIV=0.00 mDebye / A, RMSE_ALPHA_per_atom=    0.14, RMSE_ALPHA_DERIV=    8.00
2025-07-14 10:18:36.440 INFO: Epoch 1848: head: Default, loss=0.0031, RMSE_MU_per_atom=0.00 mDebye, RMSE_MU_DERIV=0.00 mDebye / A, RMSE_ALPHA_per_atom=    0.14, RMSE_ALPHA_DERIV=    8.00
2025-07-14 10:19:27.998 INFO: Epoch 1849: head: Default, loss=0.0031, RMSE_MU_per_atom=0.00 mDebye, RMSE_MU_DERIV=0.00 mDebye / A, RMSE_ALPHA_per_atom=    0.14, RMSE_ALPHA_DERIV=    8.00
2025-07-14 10:20:19.577 INFO: Epoch 1850: head: Default, loss=0.0031, RMSE_MU_per_atom=0.00 mDebye, RMSE_MU_DERIV=0.00 mDebye / A, RMSE_ALPHA_per_atom=    0.14, RMSE_ALPHA_DERIV=    8.00
2025-07-14 10:21:11.144 INFO: Epoch 1851: head: Default, loss=0.0031, RMSE_MU_per_atom=0.00 mDebye, RMSE_MU_DERIV=0.00 mDebye / A, RMSE_ALPHA_per_atom=    0.14, RMSE_ALPHA_DERIV=    8.00
2025-07-14 10:22:02.707 INFO: Epoch 1852: head: Default, loss=0.0031, RMSE_MU_per_atom=0.00 mDebye, RMSE_MU_DERIV=0.00 mDebye / A, RMSE_ALPHA_per_atom=    0.14, RMSE_ALPHA_DERIV=    8.00
2025-07-14 10:22:54.286 INFO: Epoch 1853: head: Default, loss=0.0031, RMSE_MU_per_atom=0.00 mDebye, RMSE_MU_DERIV=0.00 mDebye / A, RMSE_ALPHA_per_atom=    0.14, RMSE_ALPHA_DERIV=    8.00
2025-07-14 10:23:45.859 INFO: Epoch 1854: head: Default, loss=0.0031, RMSE_MU_per_atom=0.00 mDebye, RMSE_MU_DERIV=0.00 mDebye / A, RMSE_ALPHA_per_atom=    0.14, RMSE_ALPHA_DERIV=    8.00
2025-07-14 10:24:37.446 INFO: Epoch 1855: head: Default, loss=0.0031, RMSE_MU_per_atom=0.00 mDebye, RMSE_MU_DERIV=0.00 mDebye / A, RMSE_ALPHA_per_atom=    0.14, RMSE_ALPHA_DERIV=    8.00
2025-07-14 10:25:29.000 INFO: Epoch 1856: head: Default, loss=0.0031, RMSE_MU_per_atom=0.00 mDebye, RMSE_MU_DERIV=0.00 mDebye / A, RMSE_ALPHA_per_atom=    0.14, RMSE_ALPHA_DERIV=    8.00
2025-07-14 10:26:20.578 INFO: Epoch 1857: head: Default, loss=0.0031, RMSE_MU_per_atom=0.00 mDebye, RMSE_MU_DERIV=0.00 mDebye / A, RMSE_ALPHA_per_atom=    0.14, RMSE_ALPHA_DERIV=    8.00
2025-07-14 10:27:12.139 INFO: Epoch 1858: head: Default, loss=0.0031, RMSE_MU_per_atom=0.00 mDebye, RMSE_MU_DERIV=0.00 mDebye / A, RMSE_ALPHA_per_atom=    0.14, RMSE_ALPHA_DERIV=    8.00
2025-07-14 10:28:03.700 INFO: Epoch 1859: head: Default, loss=0.0031, RMSE_MU_per_atom=0.00 mDebye, RMSE_MU_DERIV=0.00 mDebye / A, RMSE_ALPHA_per_atom=    0.14, RMSE_ALPHA_DERIV=    8.00
2025-07-14 10:28:55.278 INFO: Epoch 1860: head: Default, loss=0.0031, RMSE_MU_per_atom=0.00 mDebye, RMSE_MU_DERIV=0.00 mDebye / A, RMSE_ALPHA_per_atom=    0.14, RMSE_ALPHA_DERIV=    8.00
2025-07-14 10:29:46.834 INFO: Epoch 1861: head: Default, loss=0.0031, RMSE_MU_per_atom=0.00 mDebye, RMSE_MU_DERIV=0.00 mDebye / A, RMSE_ALPHA_per_atom=    0.14, RMSE_ALPHA_DERIV=    8.00
2025-07-14 10:30:38.396 INFO: Epoch 1862: head: Default, loss=0.0031, RMSE_MU_per_atom=0.00 mDebye, RMSE_MU_DERIV=0.00 mDebye / A, RMSE_ALPHA_per_atom=    0.14, RMSE_ALPHA_DERIV=    8.00
2025-07-14 10:31:29.964 INFO: Epoch 1863: head: Default, loss=0.0031, RMSE_MU_per_atom=0.00 mDebye, RMSE_MU_DERIV=0.00 mDebye / A, RMSE_ALPHA_per_atom=    0.14, RMSE_ALPHA_DERIV=    8.00
2025-07-14 10:32:21.549 INFO: Epoch 1864: head: Default, loss=0.0031, RMSE_MU_per_atom=0.00 mDebye, RMSE_MU_DERIV=0.00 mDebye / A, RMSE_ALPHA_per_atom=    0.14, RMSE_ALPHA_DERIV=    8.00
2025-07-14 10:33:13.127 INFO: Epoch 1865: head: Default, loss=0.0031, RMSE_MU_per_atom=0.00 mDebye, RMSE_MU_DERIV=0.00 mDebye / A, RMSE_ALPHA_per_atom=    0.14, RMSE_ALPHA_DERIV=    8.00
2025-07-14 10:34:04.703 INFO: Epoch 1866: head: Default, loss=0.0031, RMSE_MU_per_atom=0.00 mDebye, RMSE_MU_DERIV=0.00 mDebye / A, RMSE_ALPHA_per_atom=    0.14, RMSE_ALPHA_DERIV=    8.00
2025-07-14 10:34:56.276 INFO: Epoch 1867: head: Default, loss=0.0031, RMSE_MU_per_atom=0.00 mDebye, RMSE_MU_DERIV=0.00 mDebye / A, RMSE_ALPHA_per_atom=    0.14, RMSE_ALPHA_DERIV=    8.00
2025-07-14 10:35:47.844 INFO: Epoch 1868: head: Default, loss=0.0031, RMSE_MU_per_atom=0.00 mDebye, RMSE_MU_DERIV=0.00 mDebye / A, RMSE_ALPHA_per_atom=    0.14, RMSE_ALPHA_DERIV=    8.00
2025-07-14 10:36:39.425 INFO: Epoch 1869: head: Default, loss=0.0031, RMSE_MU_per_atom=0.00 mDebye, RMSE_MU_DERIV=0.00 mDebye / A, RMSE_ALPHA_per_atom=    0.14, RMSE_ALPHA_DERIV=    8.00
2025-07-14 10:37:31.004 INFO: Epoch 1870: head: Default, loss=0.0031, RMSE_MU_per_atom=0.00 mDebye, RMSE_MU_DERIV=0.00 mDebye / A, RMSE_ALPHA_per_atom=    0.14, RMSE_ALPHA_DERIV=    8.00
2025-07-14 10:38:22.584 INFO: Epoch 1871: head: Default, loss=0.0031, RMSE_MU_per_atom=0.00 mDebye, RMSE_MU_DERIV=0.00 mDebye / A, RMSE_ALPHA_per_atom=    0.14, RMSE_ALPHA_DERIV=    8.00
2025-07-14 10:39:14.161 INFO: Epoch 1872: head: Default, loss=0.0031, RMSE_MU_per_atom=0.00 mDebye, RMSE_MU_DERIV=0.00 mDebye / A, RMSE_ALPHA_per_atom=    0.14, RMSE_ALPHA_DERIV=    8.00
2025-07-14 10:40:05.728 INFO: Epoch 1873: head: Default, loss=0.0031, RMSE_MU_per_atom=0.00 mDebye, RMSE_MU_DERIV=0.00 mDebye / A, RMSE_ALPHA_per_atom=    0.14, RMSE_ALPHA_DERIV=    8.00
2025-07-14 10:40:57.305 INFO: Epoch 1874: head: Default, loss=0.0031, RMSE_MU_per_atom=0.00 mDebye, RMSE_MU_DERIV=0.00 mDebye / A, RMSE_ALPHA_per_atom=    0.14, RMSE_ALPHA_DERIV=    8.00
2025-07-14 10:41:48.862 INFO: Epoch 1875: head: Default, loss=0.0031, RMSE_MU_per_atom=0.00 mDebye, RMSE_MU_DERIV=0.00 mDebye / A, RMSE_ALPHA_per_atom=    0.14, RMSE_ALPHA_DERIV=    8.00
2025-07-14 10:42:40.412 INFO: Epoch 1876: head: Default, loss=0.0031, RMSE_MU_per_atom=0.00 mDebye, RMSE_MU_DERIV=0.00 mDebye / A, RMSE_ALPHA_per_atom=    0.14, RMSE_ALPHA_DERIV=    8.00
2025-07-14 10:43:31.980 INFO: Epoch 1877: head: Default, loss=0.0031, RMSE_MU_per_atom=0.00 mDebye, RMSE_MU_DERIV=0.00 mDebye / A, RMSE_ALPHA_per_atom=    0.14, RMSE_ALPHA_DERIV=    8.00
2025-07-14 10:44:23.546 INFO: Epoch 1878: head: Default, loss=0.0031, RMSE_MU_per_atom=0.00 mDebye, RMSE_MU_DERIV=0.00 mDebye / A, RMSE_ALPHA_per_atom=    0.14, RMSE_ALPHA_DERIV=    8.00
2025-07-14 10:45:15.097 INFO: Epoch 1879: head: Default, loss=0.0031, RMSE_MU_per_atom=0.00 mDebye, RMSE_MU_DERIV=0.00 mDebye / A, RMSE_ALPHA_per_atom=    0.14, RMSE_ALPHA_DERIV=    8.00
2025-07-14 10:46:06.664 INFO: Epoch 1880: head: Default, loss=0.0031, RMSE_MU_per_atom=0.00 mDebye, RMSE_MU_DERIV=0.00 mDebye / A, RMSE_ALPHA_per_atom=    0.14, RMSE_ALPHA_DERIV=    8.00
2025-07-14 10:46:58.238 INFO: Epoch 1881: head: Default, loss=0.0031, RMSE_MU_per_atom=0.00 mDebye, RMSE_MU_DERIV=0.00 mDebye / A, RMSE_ALPHA_per_atom=    0.14, RMSE_ALPHA_DERIV=    8.00
2025-07-14 10:47:49.818 INFO: Epoch 1882: head: Default, loss=0.0031, RMSE_MU_per_atom=0.00 mDebye, RMSE_MU_DERIV=0.00 mDebye / A, RMSE_ALPHA_per_atom=    0.14, RMSE_ALPHA_DERIV=    8.00
2025-07-14 10:48:41.380 INFO: Epoch 1883: head: Default, loss=0.0031, RMSE_MU_per_atom=0.00 mDebye, RMSE_MU_DERIV=0.00 mDebye / A, RMSE_ALPHA_per_atom=    0.14, RMSE_ALPHA_DERIV=    8.00
2025-07-14 10:49:32.929 INFO: Epoch 1884: head: Default, loss=0.0031, RMSE_MU_per_atom=0.00 mDebye, RMSE_MU_DERIV=0.00 mDebye / A, RMSE_ALPHA_per_atom=    0.14, RMSE_ALPHA_DERIV=    8.00
2025-07-14 10:50:24.486 INFO: Epoch 1885: head: Default, loss=0.0031, RMSE_MU_per_atom=0.00 mDebye, RMSE_MU_DERIV=0.00 mDebye / A, RMSE_ALPHA_per_atom=    0.14, RMSE_ALPHA_DERIV=    8.00
2025-07-14 10:51:16.073 INFO: Epoch 1886: head: Default, loss=0.0031, RMSE_MU_per_atom=0.00 mDebye, RMSE_MU_DERIV=0.00 mDebye / A, RMSE_ALPHA_per_atom=    0.14, RMSE_ALPHA_DERIV=    8.00
2025-07-14 10:52:07.638 INFO: Epoch 1887: head: Default, loss=0.0031, RMSE_MU_per_atom=0.00 mDebye, RMSE_MU_DERIV=0.00 mDebye / A, RMSE_ALPHA_per_atom=    0.14, RMSE_ALPHA_DERIV=    8.00
2025-07-14 10:52:59.193 INFO: Epoch 1888: head: Default, loss=0.0031, RMSE_MU_per_atom=0.00 mDebye, RMSE_MU_DERIV=0.00 mDebye / A, RMSE_ALPHA_per_atom=    0.14, RMSE_ALPHA_DERIV=    8.00
2025-07-14 10:53:50.760 INFO: Epoch 1889: head: Default, loss=0.0031, RMSE_MU_per_atom=0.00 mDebye, RMSE_MU_DERIV=0.00 mDebye / A, RMSE_ALPHA_per_atom=    0.14, RMSE_ALPHA_DERIV=    8.00
2025-07-14 10:54:42.338 INFO: Epoch 1890: head: Default, loss=0.0031, RMSE_MU_per_atom=0.00 mDebye, RMSE_MU_DERIV=0.00 mDebye / A, RMSE_ALPHA_per_atom=    0.14, RMSE_ALPHA_DERIV=    8.00
2025-07-14 10:55:33.889 INFO: Epoch 1891: head: Default, loss=0.0031, RMSE_MU_per_atom=0.00 mDebye, RMSE_MU_DERIV=0.00 mDebye / A, RMSE_ALPHA_per_atom=    0.14, RMSE_ALPHA_DERIV=    8.00
2025-07-14 10:56:25.466 INFO: Epoch 1892: head: Default, loss=0.0031, RMSE_MU_per_atom=0.00 mDebye, RMSE_MU_DERIV=0.00 mDebye / A, RMSE_ALPHA_per_atom=    0.14, RMSE_ALPHA_DERIV=    8.00
2025-07-14 10:57:17.046 INFO: Epoch 1893: head: Default, loss=0.0031, RMSE_MU_per_atom=0.00 mDebye, RMSE_MU_DERIV=0.00 mDebye / A, RMSE_ALPHA_per_atom=    0.14, RMSE_ALPHA_DERIV=    8.00
2025-07-14 10:58:08.605 INFO: Epoch 1894: head: Default, loss=0.0031, RMSE_MU_per_atom=0.00 mDebye, RMSE_MU_DERIV=0.00 mDebye / A, RMSE_ALPHA_per_atom=    0.14, RMSE_ALPHA_DERIV=    8.00
2025-07-14 10:59:00.167 INFO: Epoch 1895: head: Default, loss=0.0031, RMSE_MU_per_atom=0.00 mDebye, RMSE_MU_DERIV=0.00 mDebye / A, RMSE_ALPHA_per_atom=    0.14, RMSE_ALPHA_DERIV=    8.00
2025-07-14 10:59:51.746 INFO: Epoch 1896: head: Default, loss=0.0031, RMSE_MU_per_atom=0.00 mDebye, RMSE_MU_DERIV=0.00 mDebye / A, RMSE_ALPHA_per_atom=    0.14, RMSE_ALPHA_DERIV=    8.00
2025-07-14 11:00:43.332 INFO: Epoch 1897: head: Default, loss=0.0031, RMSE_MU_per_atom=0.00 mDebye, RMSE_MU_DERIV=0.00 mDebye / A, RMSE_ALPHA_per_atom=    0.14, RMSE_ALPHA_DERIV=    8.00
2025-07-14 11:01:34.902 INFO: Epoch 1898: head: Default, loss=0.0031, RMSE_MU_per_atom=0.00 mDebye, RMSE_MU_DERIV=0.00 mDebye / A, RMSE_ALPHA_per_atom=    0.14, RMSE_ALPHA_DERIV=    8.00
2025-07-14 11:02:26.472 INFO: Epoch 1899: head: Default, loss=0.0031, RMSE_MU_per_atom=0.00 mDebye, RMSE_MU_DERIV=0.00 mDebye / A, RMSE_ALPHA_per_atom=    0.14, RMSE_ALPHA_DERIV=    8.00
2025-07-14 11:03:18.042 INFO: Epoch 1900: head: Default, loss=0.0031, RMSE_MU_per_atom=0.00 mDebye, RMSE_MU_DERIV=0.00 mDebye / A, RMSE_ALPHA_per_atom=    0.14, RMSE_ALPHA_DERIV=    8.00
2025-07-14 11:04:09.627 INFO: Epoch 1901: head: Default, loss=0.0031, RMSE_MU_per_atom=0.00 mDebye, RMSE_MU_DERIV=0.00 mDebye / A, RMSE_ALPHA_per_atom=    0.14, RMSE_ALPHA_DERIV=    8.00
2025-07-14 11:05:01.180 INFO: Epoch 1902: head: Default, loss=0.0031, RMSE_MU_per_atom=0.00 mDebye, RMSE_MU_DERIV=0.00 mDebye / A, RMSE_ALPHA_per_atom=    0.14, RMSE_ALPHA_DERIV=    8.00
2025-07-14 11:05:52.738 INFO: Epoch 1903: head: Default, loss=0.0031, RMSE_MU_per_atom=0.00 mDebye, RMSE_MU_DERIV=0.00 mDebye / A, RMSE_ALPHA_per_atom=    0.14, RMSE_ALPHA_DERIV=    8.00
2025-07-14 11:06:44.299 INFO: Epoch 1904: head: Default, loss=0.0031, RMSE_MU_per_atom=0.00 mDebye, RMSE_MU_DERIV=0.00 mDebye / A, RMSE_ALPHA_per_atom=    0.14, RMSE_ALPHA_DERIV=    8.00
2025-07-14 11:07:35.855 INFO: Epoch 1905: head: Default, loss=0.0031, RMSE_MU_per_atom=0.00 mDebye, RMSE_MU_DERIV=0.00 mDebye / A, RMSE_ALPHA_per_atom=    0.14, RMSE_ALPHA_DERIV=    8.00
2025-07-14 11:08:27.417 INFO: Epoch 1906: head: Default, loss=0.0031, RMSE_MU_per_atom=0.00 mDebye, RMSE_MU_DERIV=0.00 mDebye / A, RMSE_ALPHA_per_atom=    0.14, RMSE_ALPHA_DERIV=    8.00
2025-07-14 11:09:18.974 INFO: Epoch 1907: head: Default, loss=0.0031, RMSE_MU_per_atom=0.00 mDebye, RMSE_MU_DERIV=0.00 mDebye / A, RMSE_ALPHA_per_atom=    0.14, RMSE_ALPHA_DERIV=    8.00
2025-07-14 11:10:10.539 INFO: Epoch 1908: head: Default, loss=0.0031, RMSE_MU_per_atom=0.00 mDebye, RMSE_MU_DERIV=0.00 mDebye / A, RMSE_ALPHA_per_atom=    0.14, RMSE_ALPHA_DERIV=    8.00
2025-07-14 11:11:02.114 INFO: Epoch 1909: head: Default, loss=0.0031, RMSE_MU_per_atom=0.00 mDebye, RMSE_MU_DERIV=0.00 mDebye / A, RMSE_ALPHA_per_atom=    0.14, RMSE_ALPHA_DERIV=    8.00
2025-07-14 11:11:53.694 INFO: Epoch 1910: head: Default, loss=0.0031, RMSE_MU_per_atom=0.00 mDebye, RMSE_MU_DERIV=0.00 mDebye / A, RMSE_ALPHA_per_atom=    0.14, RMSE_ALPHA_DERIV=    8.00
2025-07-14 11:12:45.258 INFO: Epoch 1911: head: Default, loss=0.0031, RMSE_MU_per_atom=0.00 mDebye, RMSE_MU_DERIV=0.00 mDebye / A, RMSE_ALPHA_per_atom=    0.14, RMSE_ALPHA_DERIV=    8.00
2025-07-14 11:13:36.840 INFO: Epoch 1912: head: Default, loss=0.0031, RMSE_MU_per_atom=0.00 mDebye, RMSE_MU_DERIV=0.00 mDebye / A, RMSE_ALPHA_per_atom=    0.14, RMSE_ALPHA_DERIV=    8.00
2025-07-14 11:14:28.408 INFO: Epoch 1913: head: Default, loss=0.0031, RMSE_MU_per_atom=0.00 mDebye, RMSE_MU_DERIV=0.00 mDebye / A, RMSE_ALPHA_per_atom=    0.14, RMSE_ALPHA_DERIV=    8.00
2025-07-14 11:15:19.979 INFO: Epoch 1914: head: Default, loss=0.0031, RMSE_MU_per_atom=0.00 mDebye, RMSE_MU_DERIV=0.00 mDebye / A, RMSE_ALPHA_per_atom=    0.14, RMSE_ALPHA_DERIV=    8.00
2025-07-14 11:16:11.535 INFO: Epoch 1915: head: Default, loss=0.0031, RMSE_MU_per_atom=0.00 mDebye, RMSE_MU_DERIV=0.00 mDebye / A, RMSE_ALPHA_per_atom=    0.14, RMSE_ALPHA_DERIV=    8.00
2025-07-14 11:17:03.087 INFO: Epoch 1916: head: Default, loss=0.0031, RMSE_MU_per_atom=0.00 mDebye, RMSE_MU_DERIV=0.00 mDebye / A, RMSE_ALPHA_per_atom=    0.14, RMSE_ALPHA_DERIV=    8.00
2025-07-14 11:17:54.650 INFO: Epoch 1917: head: Default, loss=0.0031, RMSE_MU_per_atom=0.00 mDebye, RMSE_MU_DERIV=0.00 mDebye / A, RMSE_ALPHA_per_atom=    0.14, RMSE_ALPHA_DERIV=    8.00
2025-07-14 11:18:46.210 INFO: Epoch 1918: head: Default, loss=0.0031, RMSE_MU_per_atom=0.00 mDebye, RMSE_MU_DERIV=0.00 mDebye / A, RMSE_ALPHA_per_atom=    0.14, RMSE_ALPHA_DERIV=    8.00
2025-07-14 11:19:37.771 INFO: Epoch 1919: head: Default, loss=0.0031, RMSE_MU_per_atom=0.00 mDebye, RMSE_MU_DERIV=0.00 mDebye / A, RMSE_ALPHA_per_atom=    0.14, RMSE_ALPHA_DERIV=    8.00
2025-07-14 11:20:29.341 INFO: Epoch 1920: head: Default, loss=0.0031, RMSE_MU_per_atom=0.00 mDebye, RMSE_MU_DERIV=0.00 mDebye / A, RMSE_ALPHA_per_atom=    0.14, RMSE_ALPHA_DERIV=    8.00
2025-07-14 11:21:20.906 INFO: Epoch 1921: head: Default, loss=0.0031, RMSE_MU_per_atom=0.00 mDebye, RMSE_MU_DERIV=0.00 mDebye / A, RMSE_ALPHA_per_atom=    0.14, RMSE_ALPHA_DERIV=    8.00
2025-07-14 11:22:12.475 INFO: Epoch 1922: head: Default, loss=0.0031, RMSE_MU_per_atom=0.00 mDebye, RMSE_MU_DERIV=0.00 mDebye / A, RMSE_ALPHA_per_atom=    0.14, RMSE_ALPHA_DERIV=    8.00
2025-07-14 11:23:04.047 INFO: Epoch 1923: head: Default, loss=0.0031, RMSE_MU_per_atom=0.00 mDebye, RMSE_MU_DERIV=0.00 mDebye / A, RMSE_ALPHA_per_atom=    0.14, RMSE_ALPHA_DERIV=    8.00
2025-07-14 11:23:55.625 INFO: Epoch 1924: head: Default, loss=0.0031, RMSE_MU_per_atom=0.00 mDebye, RMSE_MU_DERIV=0.00 mDebye / A, RMSE_ALPHA_per_atom=    0.14, RMSE_ALPHA_DERIV=    8.00
2025-07-14 11:24:47.193 INFO: Epoch 1925: head: Default, loss=0.0031, RMSE_MU_per_atom=0.00 mDebye, RMSE_MU_DERIV=0.00 mDebye / A, RMSE_ALPHA_per_atom=    0.14, RMSE_ALPHA_DERIV=    8.00
2025-07-14 11:25:38.758 INFO: Epoch 1926: head: Default, loss=0.0031, RMSE_MU_per_atom=0.00 mDebye, RMSE_MU_DERIV=0.00 mDebye / A, RMSE_ALPHA_per_atom=    0.14, RMSE_ALPHA_DERIV=    8.00
2025-07-14 11:26:30.317 INFO: Epoch 1927: head: Default, loss=0.0031, RMSE_MU_per_atom=0.00 mDebye, RMSE_MU_DERIV=0.00 mDebye / A, RMSE_ALPHA_per_atom=    0.14, RMSE_ALPHA_DERIV=    8.00
2025-07-14 11:27:21.862 INFO: Epoch 1928: head: Default, loss=0.0031, RMSE_MU_per_atom=0.00 mDebye, RMSE_MU_DERIV=0.00 mDebye / A, RMSE_ALPHA_per_atom=    0.14, RMSE_ALPHA_DERIV=    8.00
2025-07-14 11:28:13.430 INFO: Epoch 1929: head: Default, loss=0.0031, RMSE_MU_per_atom=0.00 mDebye, RMSE_MU_DERIV=0.00 mDebye / A, RMSE_ALPHA_per_atom=    0.14, RMSE_ALPHA_DERIV=    8.00
2025-07-14 11:29:05.000 INFO: Epoch 1930: head: Default, loss=0.0031, RMSE_MU_per_atom=0.00 mDebye, RMSE_MU_DERIV=0.00 mDebye / A, RMSE_ALPHA_per_atom=    0.14, RMSE_ALPHA_DERIV=    8.00
2025-07-14 11:29:56.570 INFO: Epoch 1931: head: Default, loss=0.0031, RMSE_MU_per_atom=0.00 mDebye, RMSE_MU_DERIV=0.00 mDebye / A, RMSE_ALPHA_per_atom=    0.14, RMSE_ALPHA_DERIV=    8.00
2025-07-14 11:30:48.150 INFO: Epoch 1932: head: Default, loss=0.0031, RMSE_MU_per_atom=0.00 mDebye, RMSE_MU_DERIV=0.00 mDebye / A, RMSE_ALPHA_per_atom=    0.14, RMSE_ALPHA_DERIV=    8.00
2025-07-14 11:31:39.704 INFO: Epoch 1933: head: Default, loss=0.0031, RMSE_MU_per_atom=0.00 mDebye, RMSE_MU_DERIV=0.00 mDebye / A, RMSE_ALPHA_per_atom=    0.14, RMSE_ALPHA_DERIV=    8.00
2025-07-14 11:32:31.272 INFO: Epoch 1934: head: Default, loss=0.0031, RMSE_MU_per_atom=0.00 mDebye, RMSE_MU_DERIV=0.00 mDebye / A, RMSE_ALPHA_per_atom=    0.14, RMSE_ALPHA_DERIV=    8.00
2025-07-14 11:33:22.859 INFO: Epoch 1935: head: Default, loss=0.0031, RMSE_MU_per_atom=0.00 mDebye, RMSE_MU_DERIV=0.00 mDebye / A, RMSE_ALPHA_per_atom=    0.14, RMSE_ALPHA_DERIV=    8.00
2025-07-14 11:34:14.425 INFO: Epoch 1936: head: Default, loss=0.0031, RMSE_MU_per_atom=0.00 mDebye, RMSE_MU_DERIV=0.00 mDebye / A, RMSE_ALPHA_per_atom=    0.14, RMSE_ALPHA_DERIV=    8.00
2025-07-14 11:35:05.998 INFO: Epoch 1937: head: Default, loss=0.0031, RMSE_MU_per_atom=0.00 mDebye, RMSE_MU_DERIV=0.00 mDebye / A, RMSE_ALPHA_per_atom=    0.14, RMSE_ALPHA_DERIV=    8.00
2025-07-14 11:35:57.573 INFO: Epoch 1938: head: Default, loss=0.0031, RMSE_MU_per_atom=0.00 mDebye, RMSE_MU_DERIV=0.00 mDebye / A, RMSE_ALPHA_per_atom=    0.14, RMSE_ALPHA_DERIV=    8.00
2025-07-14 11:36:49.141 INFO: Epoch 1939: head: Default, loss=0.0031, RMSE_MU_per_atom=0.00 mDebye, RMSE_MU_DERIV=0.00 mDebye / A, RMSE_ALPHA_per_atom=    0.14, RMSE_ALPHA_DERIV=    8.00
2025-07-14 11:37:40.710 INFO: Epoch 1940: head: Default, loss=0.0031, RMSE_MU_per_atom=0.00 mDebye, RMSE_MU_DERIV=0.00 mDebye / A, RMSE_ALPHA_per_atom=    0.14, RMSE_ALPHA_DERIV=    8.00
2025-07-14 11:38:32.273 INFO: Epoch 1941: head: Default, loss=0.0031, RMSE_MU_per_atom=0.00 mDebye, RMSE_MU_DERIV=0.00 mDebye / A, RMSE_ALPHA_per_atom=    0.14, RMSE_ALPHA_DERIV=    8.00
2025-07-14 11:39:23.833 INFO: Epoch 1942: head: Default, loss=0.0031, RMSE_MU_per_atom=0.00 mDebye, RMSE_MU_DERIV=0.00 mDebye / A, RMSE_ALPHA_per_atom=    0.14, RMSE_ALPHA_DERIV=    8.00
2025-07-14 11:40:15.394 INFO: Epoch 1943: head: Default, loss=0.0031, RMSE_MU_per_atom=0.00 mDebye, RMSE_MU_DERIV=0.00 mDebye / A, RMSE_ALPHA_per_atom=    0.14, RMSE_ALPHA_DERIV=    8.00
2025-07-14 11:41:06.952 INFO: Epoch 1944: head: Default, loss=0.0031, RMSE_MU_per_atom=0.00 mDebye, RMSE_MU_DERIV=0.00 mDebye / A, RMSE_ALPHA_per_atom=    0.14, RMSE_ALPHA_DERIV=    8.00
2025-07-14 11:41:58.509 INFO: Epoch 1945: head: Default, loss=0.0031, RMSE_MU_per_atom=0.00 mDebye, RMSE_MU_DERIV=0.00 mDebye / A, RMSE_ALPHA_per_atom=    0.14, RMSE_ALPHA_DERIV=    8.00
2025-07-14 11:42:50.087 INFO: Epoch 1946: head: Default, loss=0.0031, RMSE_MU_per_atom=0.00 mDebye, RMSE_MU_DERIV=0.00 mDebye / A, RMSE_ALPHA_per_atom=    0.14, RMSE_ALPHA_DERIV=    8.00
2025-07-14 11:43:41.666 INFO: Epoch 1947: head: Default, loss=0.0031, RMSE_MU_per_atom=0.00 mDebye, RMSE_MU_DERIV=0.00 mDebye / A, RMSE_ALPHA_per_atom=    0.14, RMSE_ALPHA_DERIV=    8.00
2025-07-14 11:44:33.226 INFO: Epoch 1948: head: Default, loss=0.0031, RMSE_MU_per_atom=0.00 mDebye, RMSE_MU_DERIV=0.00 mDebye / A, RMSE_ALPHA_per_atom=    0.14, RMSE_ALPHA_DERIV=    8.00
2025-07-14 11:45:24.792 INFO: Epoch 1949: head: Default, loss=0.0031, RMSE_MU_per_atom=0.00 mDebye, RMSE_MU_DERIV=0.00 mDebye / A, RMSE_ALPHA_per_atom=    0.14, RMSE_ALPHA_DERIV=    8.00
2025-07-14 11:46:17.901 INFO: Epoch 1950: head: Default, loss=0.0031, RMSE_MU_per_atom=0.00 mDebye, RMSE_MU_DERIV=0.00 mDebye / A, RMSE_ALPHA_per_atom=    0.14, RMSE_ALPHA_DERIV=    8.00
2025-07-14 11:47:09.471 INFO: Epoch 1951: head: Default, loss=0.0031, RMSE_MU_per_atom=0.00 mDebye, RMSE_MU_DERIV=0.00 mDebye / A, RMSE_ALPHA_per_atom=    0.14, RMSE_ALPHA_DERIV=    8.00
2025-07-14 11:48:01.030 INFO: Epoch 1952: head: Default, loss=0.0031, RMSE_MU_per_atom=0.00 mDebye, RMSE_MU_DERIV=0.00 mDebye / A, RMSE_ALPHA_per_atom=    0.14, RMSE_ALPHA_DERIV=    8.00
2025-07-14 11:48:52.616 INFO: Epoch 1953: head: Default, loss=0.0031, RMSE_MU_per_atom=0.00 mDebye, RMSE_MU_DERIV=0.00 mDebye / A, RMSE_ALPHA_per_atom=    0.14, RMSE_ALPHA_DERIV=    8.00
2025-07-14 11:49:44.184 INFO: Epoch 1954: head: Default, loss=0.0031, RMSE_MU_per_atom=0.00 mDebye, RMSE_MU_DERIV=0.00 mDebye / A, RMSE_ALPHA_per_atom=    0.14, RMSE_ALPHA_DERIV=    8.00
2025-07-14 11:50:35.745 INFO: Epoch 1955: head: Default, loss=0.0031, RMSE_MU_per_atom=0.00 mDebye, RMSE_MU_DERIV=0.00 mDebye / A, RMSE_ALPHA_per_atom=    0.14, RMSE_ALPHA_DERIV=    8.00
2025-07-14 11:51:27.310 INFO: Epoch 1956: head: Default, loss=0.0031, RMSE_MU_per_atom=0.00 mDebye, RMSE_MU_DERIV=0.00 mDebye / A, RMSE_ALPHA_per_atom=    0.14, RMSE_ALPHA_DERIV=    8.00
2025-07-14 11:52:18.864 INFO: Epoch 1957: head: Default, loss=0.0031, RMSE_MU_per_atom=0.00 mDebye, RMSE_MU_DERIV=0.00 mDebye / A, RMSE_ALPHA_per_atom=    0.14, RMSE_ALPHA_DERIV=    8.00
2025-07-14 11:53:10.418 INFO: Epoch 1958: head: Default, loss=0.0031, RMSE_MU_per_atom=0.00 mDebye, RMSE_MU_DERIV=0.00 mDebye / A, RMSE_ALPHA_per_atom=    0.14, RMSE_ALPHA_DERIV=    8.00
2025-07-14 11:54:01.974 INFO: Epoch 1959: head: Default, loss=0.0031, RMSE_MU_per_atom=0.00 mDebye, RMSE_MU_DERIV=0.00 mDebye / A, RMSE_ALPHA_per_atom=    0.14, RMSE_ALPHA_DERIV=    8.00
2025-07-14 11:54:53.530 INFO: Epoch 1960: head: Default, loss=0.0031, RMSE_MU_per_atom=0.00 mDebye, RMSE_MU_DERIV=0.00 mDebye / A, RMSE_ALPHA_per_atom=    0.14, RMSE_ALPHA_DERIV=    8.00
2025-07-14 11:55:45.117 INFO: Epoch 1961: head: Default, loss=0.0031, RMSE_MU_per_atom=0.00 mDebye, RMSE_MU_DERIV=0.00 mDebye / A, RMSE_ALPHA_per_atom=    0.14, RMSE_ALPHA_DERIV=    8.00
2025-07-14 11:56:36.696 INFO: Epoch 1962: head: Default, loss=0.0031, RMSE_MU_per_atom=0.00 mDebye, RMSE_MU_DERIV=0.00 mDebye / A, RMSE_ALPHA_per_atom=    0.14, RMSE_ALPHA_DERIV=    8.00
2025-07-14 11:57:28.258 INFO: Epoch 1963: head: Default, loss=0.0031, RMSE_MU_per_atom=0.00 mDebye, RMSE_MU_DERIV=0.00 mDebye / A, RMSE_ALPHA_per_atom=    0.14, RMSE_ALPHA_DERIV=    8.00
2025-07-14 11:58:19.850 INFO: Epoch 1964: head: Default, loss=0.0031, RMSE_MU_per_atom=0.00 mDebye, RMSE_MU_DERIV=0.00 mDebye / A, RMSE_ALPHA_per_atom=    0.14, RMSE_ALPHA_DERIV=    8.00
2025-07-14 11:59:11.443 INFO: Epoch 1965: head: Default, loss=0.0031, RMSE_MU_per_atom=0.00 mDebye, RMSE_MU_DERIV=0.00 mDebye / A, RMSE_ALPHA_per_atom=    0.14, RMSE_ALPHA_DERIV=    8.00
2025-07-14 12:00:02.994 INFO: Epoch 1966: head: Default, loss=0.0031, RMSE_MU_per_atom=0.00 mDebye, RMSE_MU_DERIV=0.00 mDebye / A, RMSE_ALPHA_per_atom=    0.14, RMSE_ALPHA_DERIV=    8.00
2025-07-14 12:00:54.563 INFO: Epoch 1967: head: Default, loss=0.0031, RMSE_MU_per_atom=0.00 mDebye, RMSE_MU_DERIV=0.00 mDebye / A, RMSE_ALPHA_per_atom=    0.14, RMSE_ALPHA_DERIV=    8.00
2025-07-14 12:01:46.131 INFO: Epoch 1968: head: Default, loss=0.0031, RMSE_MU_per_atom=0.00 mDebye, RMSE_MU_DERIV=0.00 mDebye / A, RMSE_ALPHA_per_atom=    0.14, RMSE_ALPHA_DERIV=    8.00
2025-07-14 12:02:37.685 INFO: Epoch 1969: head: Default, loss=0.0031, RMSE_MU_per_atom=0.00 mDebye, RMSE_MU_DERIV=0.00 mDebye / A, RMSE_ALPHA_per_atom=    0.14, RMSE_ALPHA_DERIV=    8.00
2025-07-14 12:03:29.246 INFO: Epoch 1970: head: Default, loss=0.0031, RMSE_MU_per_atom=0.00 mDebye, RMSE_MU_DERIV=0.00 mDebye / A, RMSE_ALPHA_per_atom=    0.14, RMSE_ALPHA_DERIV=    8.00
2025-07-14 12:04:20.815 INFO: Epoch 1971: head: Default, loss=0.0031, RMSE_MU_per_atom=0.00 mDebye, RMSE_MU_DERIV=0.00 mDebye / A, RMSE_ALPHA_per_atom=    0.14, RMSE_ALPHA_DERIV=    8.00
2025-07-14 12:05:12.371 INFO: Epoch 1972: head: Default, loss=0.0031, RMSE_MU_per_atom=0.00 mDebye, RMSE_MU_DERIV=0.00 mDebye / A, RMSE_ALPHA_per_atom=    0.14, RMSE_ALPHA_DERIV=    8.00
2025-07-14 12:06:03.932 INFO: Epoch 1973: head: Default, loss=0.0031, RMSE_MU_per_atom=0.00 mDebye, RMSE_MU_DERIV=0.00 mDebye / A, RMSE_ALPHA_per_atom=    0.14, RMSE_ALPHA_DERIV=    8.00
2025-07-14 12:06:55.521 INFO: Epoch 1974: head: Default, loss=0.0031, RMSE_MU_per_atom=0.00 mDebye, RMSE_MU_DERIV=0.00 mDebye / A, RMSE_ALPHA_per_atom=    0.14, RMSE_ALPHA_DERIV=    8.00
2025-07-14 12:07:47.088 INFO: Epoch 1975: head: Default, loss=0.0031, RMSE_MU_per_atom=0.00 mDebye, RMSE_MU_DERIV=0.00 mDebye / A, RMSE_ALPHA_per_atom=    0.14, RMSE_ALPHA_DERIV=    8.00
2025-07-14 12:08:38.645 INFO: Epoch 1976: head: Default, loss=0.0031, RMSE_MU_per_atom=0.00 mDebye, RMSE_MU_DERIV=0.00 mDebye / A, RMSE_ALPHA_per_atom=    0.14, RMSE_ALPHA_DERIV=    8.00
2025-07-14 12:09:30.209 INFO: Epoch 1977: head: Default, loss=0.0031, RMSE_MU_per_atom=0.00 mDebye, RMSE_MU_DERIV=0.00 mDebye / A, RMSE_ALPHA_per_atom=    0.14, RMSE_ALPHA_DERIV=    8.00
2025-07-14 12:10:21.772 INFO: Epoch 1978: head: Default, loss=0.0031, RMSE_MU_per_atom=0.00 mDebye, RMSE_MU_DERIV=0.00 mDebye / A, RMSE_ALPHA_per_atom=    0.14, RMSE_ALPHA_DERIV=    8.00
2025-07-14 12:11:13.340 INFO: Epoch 1979: head: Default, loss=0.0031, RMSE_MU_per_atom=0.00 mDebye, RMSE_MU_DERIV=0.00 mDebye / A, RMSE_ALPHA_per_atom=    0.14, RMSE_ALPHA_DERIV=    8.00
2025-07-14 12:12:04.909 INFO: Epoch 1980: head: Default, loss=0.0031, RMSE_MU_per_atom=0.00 mDebye, RMSE_MU_DERIV=0.00 mDebye / A, RMSE_ALPHA_per_atom=    0.14, RMSE_ALPHA_DERIV=    8.00
2025-07-14 12:12:56.490 INFO: Epoch 1981: head: Default, loss=0.0031, RMSE_MU_per_atom=0.00 mDebye, RMSE_MU_DERIV=0.00 mDebye / A, RMSE_ALPHA_per_atom=    0.14, RMSE_ALPHA_DERIV=    8.00
2025-07-14 12:13:48.067 INFO: Epoch 1982: head: Default, loss=0.0031, RMSE_MU_per_atom=0.00 mDebye, RMSE_MU_DERIV=0.00 mDebye / A, RMSE_ALPHA_per_atom=    0.14, RMSE_ALPHA_DERIV=    8.00
2025-07-14 12:14:39.649 INFO: Epoch 1983: head: Default, loss=0.0031, RMSE_MU_per_atom=0.00 mDebye, RMSE_MU_DERIV=0.00 mDebye / A, RMSE_ALPHA_per_atom=    0.14, RMSE_ALPHA_DERIV=    8.00
2025-07-14 12:15:31.233 INFO: Epoch 1984: head: Default, loss=0.0031, RMSE_MU_per_atom=0.00 mDebye, RMSE_MU_DERIV=0.00 mDebye / A, RMSE_ALPHA_per_atom=    0.14, RMSE_ALPHA_DERIV=    8.00
2025-07-14 12:16:22.791 INFO: Epoch 1985: head: Default, loss=0.0031, RMSE_MU_per_atom=0.00 mDebye, RMSE_MU_DERIV=0.00 mDebye / A, RMSE_ALPHA_per_atom=    0.14, RMSE_ALPHA_DERIV=    8.00
2025-07-14 12:17:14.372 INFO: Epoch 1986: head: Default, loss=0.0031, RMSE_MU_per_atom=0.00 mDebye, RMSE_MU_DERIV=0.00 mDebye / A, RMSE_ALPHA_per_atom=    0.14, RMSE_ALPHA_DERIV=    8.00
2025-07-14 12:18:06.223 INFO: Epoch 1987: head: Default, loss=0.0031, RMSE_MU_per_atom=0.00 mDebye, RMSE_MU_DERIV=0.00 mDebye / A, RMSE_ALPHA_per_atom=    0.14, RMSE_ALPHA_DERIV=    8.00
2025-07-14 12:18:57.792 INFO: Epoch 1988: head: Default, loss=0.0031, RMSE_MU_per_atom=0.00 mDebye, RMSE_MU_DERIV=0.00 mDebye / A, RMSE_ALPHA_per_atom=    0.14, RMSE_ALPHA_DERIV=    8.00
2025-07-14 12:19:49.353 INFO: Epoch 1989: head: Default, loss=0.0031, RMSE_MU_per_atom=0.00 mDebye, RMSE_MU_DERIV=0.00 mDebye / A, RMSE_ALPHA_per_atom=    0.14, RMSE_ALPHA_DERIV=    8.00
2025-07-14 12:20:40.934 INFO: Epoch 1990: head: Default, loss=0.0031, RMSE_MU_per_atom=0.00 mDebye, RMSE_MU_DERIV=0.00 mDebye / A, RMSE_ALPHA_per_atom=    0.14, RMSE_ALPHA_DERIV=    8.00
2025-07-14 12:21:32.542 INFO: Epoch 1991: head: Default, loss=0.0031, RMSE_MU_per_atom=0.00 mDebye, RMSE_MU_DERIV=0.00 mDebye / A, RMSE_ALPHA_per_atom=    0.14, RMSE_ALPHA_DERIV=    8.00
2025-07-14 12:22:24.132 INFO: Epoch 1992: head: Default, loss=0.0031, RMSE_MU_per_atom=0.00 mDebye, RMSE_MU_DERIV=0.00 mDebye / A, RMSE_ALPHA_per_atom=    0.14, RMSE_ALPHA_DERIV=    8.00
2025-07-14 12:23:15.705 INFO: Epoch 1993: head: Default, loss=0.0031, RMSE_MU_per_atom=0.00 mDebye, RMSE_MU_DERIV=0.00 mDebye / A, RMSE_ALPHA_per_atom=    0.14, RMSE_ALPHA_DERIV=    8.00
2025-07-14 12:24:07.274 INFO: Epoch 1994: head: Default, loss=0.0031, RMSE_MU_per_atom=0.00 mDebye, RMSE_MU_DERIV=0.00 mDebye / A, RMSE_ALPHA_per_atom=    0.14, RMSE_ALPHA_DERIV=    8.00
2025-07-14 12:24:58.866 INFO: Epoch 1995: head: Default, loss=0.0031, RMSE_MU_per_atom=0.00 mDebye, RMSE_MU_DERIV=0.00 mDebye / A, RMSE_ALPHA_per_atom=    0.14, RMSE_ALPHA_DERIV=    8.00
2025-07-14 12:25:50.434 INFO: Epoch 1996: head: Default, loss=0.0031, RMSE_MU_per_atom=0.00 mDebye, RMSE_MU_DERIV=0.00 mDebye / A, RMSE_ALPHA_per_atom=    0.14, RMSE_ALPHA_DERIV=    8.00
2025-07-14 12:26:41.986 INFO: Epoch 1997: head: Default, loss=0.0031, RMSE_MU_per_atom=0.00 mDebye, RMSE_MU_DERIV=0.00 mDebye / A, RMSE_ALPHA_per_atom=    0.14, RMSE_ALPHA_DERIV=    8.00
2025-07-14 12:27:33.579 INFO: Epoch 1998: head: Default, loss=0.0031, RMSE_MU_per_atom=0.00 mDebye, RMSE_MU_DERIV=0.00 mDebye / A, RMSE_ALPHA_per_atom=    0.14, RMSE_ALPHA_DERIV=    8.00
2025-07-14 12:28:25.157 INFO: Epoch 1999: head: Default, loss=0.0031, RMSE_MU_per_atom=0.00 mDebye, RMSE_MU_DERIV=0.00 mDebye / A, RMSE_ALPHA_per_atom=    0.14, RMSE_ALPHA_DERIV=    8.00
2025-07-14 12:28:25.157 INFO: Training complete
2025-07-14 12:28:25.157 INFO: 
2025-07-14 12:28:25.157 INFO: ===========RESULTS===========
2025-07-14 12:28:25.370 INFO: Loading checkpoint: ./checkpoints/MoWSSe_sus_ndata_all_subset_280_run-123_epoch-134.pt
2025-07-14 12:28:25.427 INFO: Loaded Stage one model from epoch 134 for evaluation
2025-07-14 12:28:25.428 INFO: Saving model to checkpoints/MoWSSe_sus_ndata_all_subset_280_run-123.model
2025-07-14 12:28:25.815 INFO: Compiling model, saving metadata to MoWSSe_sus_ndata_all_subset_280_compiled.model
2025-07-14 12:28:26.690 INFO: Computing metrics for training, validation, and test sets
2025-07-14 12:28:26.691 INFO: Skipping evaluation for heads: ['pt_head']
2025-07-14 12:28:26.691 INFO: Evaluating train_Default ...
2025-07-14 12:28:45.230 INFO: Evaluating valid_Default ...
2025-07-14 12:28:46.325 INFO: Error-table on TRAIN and VALID:
+---------------+-------------------------+----------------+---------------+------------+-------------------+------------------+
|  config_type  | RMSE MU / mDebye / atom | rel. MU RMSE % | RMSE MU deriv | RMSE ALPHA | rel. ALPHA RMSE % | RMSE ALPHA deriv |
+---------------+-------------------------+----------------+---------------+------------+-------------------+------------------+
| train_Default |           0.00          |      0.0       |      0.00     |    0.09    |        0.8        |       7.23       |
| valid_Default |           0.00          |      0.0       |      0.00     |    0.11    |        0.9        |       7.93       |
+---------------+-------------------------+----------------+---------------+------------+-------------------+------------------+
2025-07-14 12:28:46.326 INFO: Evaluating Default_Default ...
2025-07-14 12:29:06.173 INFO: Error-table on TEST:
+-----------------+-------------------------+----------------+---------------+------------+-------------------+------------------+
|   config_type   | RMSE MU / mDebye / atom | rel. MU RMSE % | RMSE MU deriv | RMSE ALPHA | rel. ALPHA RMSE % | RMSE ALPHA deriv |
+-----------------+-------------------------+----------------+---------------+------------+-------------------+------------------+
| Default_Default |           0.00          |      0.0       |      0.00     |    0.09    |        0.8        |       7.24       |
+-----------------+-------------------------+----------------+---------------+------------+-------------------+------------------+
2025-07-14 12:29:45.973 INFO: Done
