2025-07-13 20:36:12.942 INFO: ===========VERIFYING SETTINGS===========
2025-07-13 20:36:12.942 INFO: MACE version: 0.3.13
2025-07-13 20:36:13.038 INFO: CUDA version: 12.4, CUDA device: 0
2025-07-13 20:36:13.264 INFO: ===========LOADING INPUT DATA===========
2025-07-13 20:36:13.265 INFO: Using heads: ['Default']
2025-07-13 20:36:13.266 INFO: Using the key specifications to parse data:
2025-07-13 20:36:13.266 INFO: Default: KeySpecification(info_keys={'energy': 'None', 'stress': 'None', 'virials': 'REF_virials', 'dipole': 'dipole', 'polarizability': 'susceptibility_tensor', 'head': 'head'}, arrays_keys={'forces': 'None', 'dipole_deriv': 'dipole_deriv', 'polarizability_deriv': 'raman_tensor'})
2025-07-13 20:36:13.266 INFO: =============    Processing head Default     ===========
2025-07-13 20:36:13.513 INFO: Training set 1/1 [energy: 0, stress: 0, virials: 0, dipole components: 0, polarizability: 320, head: 320, forces: 0, dipole_deriv: 0, polarizability_deriv: 320]
2025-07-13 20:36:13.515 INFO: Total Training set [energy: 0, stress: 0, virials: 0, dipole components: 0, polarizability: 320, head: 320, forces: 0, dipole_deriv: 0, polarizability_deriv: 320]
2025-07-13 20:36:13.515 INFO: No validation set provided, splitting training data instead.
2025-07-13 20:36:13.516 INFO: Using random 5% of training set for validation with indices saved in: ./valid_indices_123.txt
2025-07-13 20:36:13.518 INFO: Random Split Training set [energy: 0, stress: 0, virials: 0, dipole components: 0, polarizability: 304, head: 304, forces: 0, dipole_deriv: 0, polarizability_deriv: 304]
2025-07-13 20:36:13.518 INFO: Random Split Validation set [energy: 0, stress: 0, virials: 0, dipole components: 0, polarizability: 16, head: 16, forces: 0, dipole_deriv: 0, polarizability_deriv: 16]
2025-07-13 20:36:13.728 INFO: Test set 1/1 [energy: 0, stress: 0, virials: 0, dipole components: 0, polarizability: 320, head: 320, forces: 0, dipole_deriv: 0, polarizability_deriv: 320]
2025-07-13 20:36:13.730 INFO: Total Test set [energy: 0, stress: 0, virials: 0, dipole components: 0, polarizability: 320, head: 320, forces: 0, dipole_deriv: 0, polarizability_deriv: 320]
2025-07-13 20:36:13.730 INFO: Total number of configurations: train=304, valid=16, tests=[Default_Default: 320],
2025-07-13 20:36:13.731 INFO: Atomic Numbers used: [16, 34, 42, 74]
2025-07-13 20:36:13.732 INFO: Processing datasets for head 'Default'
2025-07-13 20:36:13.974 INFO: Combining 1 list datasets for head 'Default'
2025-07-13 20:36:13.987 INFO: Head 'Default' training dataset size: 304
2025-07-13 20:36:13.987 INFO: Computing average number of neighbors
2025-07-13 20:36:14.182 INFO: Average number of neighbors: 19.025185185185187
2025-07-13 20:36:14.182 INFO: During training the following quantities will be reported: dipoles, polarizability, dipole_deriv, polarizability_deriv
2025-07-13 20:36:14.182 INFO: ===========MODEL DETAILS===========
2025-07-13 20:36:14.184 INFO: Building model
2025-07-13 20:36:14.184 INFO: Message passing with 128 channels and max_L=2 (128x0e + 128x1o + 128x2e)
2025-07-13 20:36:14.184 INFO: 2 layers, each with correlation order: 3 (body order: 4) and spherical harmonics up to: l=3
2025-07-13 20:36:14.184 INFO: 8 radial and 5 basis functions
2025-07-13 20:36:14.184 INFO: Radial cutoff: 5.0 A (total receptive field for each atom: 10.0 A)
2025-07-13 20:36:14.184 INFO: Distance transform for radial basis functions: None
2025-07-13 20:36:14.184 INFO: Hidden irreps: 128x0e + 128x1o + 128x2e
2025-07-13 20:36:16.507 INFO: Total number of parameters: 1104272
2025-07-13 20:36:16.507 INFO: 
2025-07-13 20:36:16.507 INFO: ===========OPTIMIZER INFORMATION===========
2025-07-13 20:36:16.508 INFO: Using ADAM as parameter optimizer
2025-07-13 20:36:16.508 INFO: Batch size: 10
2025-07-13 20:36:16.508 INFO: Number of gradient updates: 60800
2025-07-13 20:36:16.508 INFO: Learning rate: 0.01, weight decay: 5e-07
2025-07-13 20:36:16.508 INFO: DipolePolarizabilityDerivLoss(dipole_weight=0.000, polarizability_weight=1.000, dipole_deriv_weight=0.000, polarizability_deriv_weight=0.000)
2025-07-13 20:36:16.514 WARNING: Cannot find checkpoint with tag 'MoWSSe_sus_ndata_all_subset_320_run-123' in './checkpoints'
2025-07-13 20:36:16.514 INFO: Using gradient clipping with tolerance=10.000
2025-07-13 20:36:16.514 INFO: 
2025-07-13 20:36:16.514 INFO: ===========TRAINING===========
2025-07-13 20:36:16.514 INFO: Started training, reporting errors on validation set
2025-07-13 20:36:16.514 INFO: Loss metrics on validation set
2025-07-13 20:36:19.064 INFO: Initial: head: Default, loss=16.4558, RMSE_MU_per_atom=0.00 mDebye, RMSE_MU_DERIV=0.01 mDebye / A, RMSE_ALPHA_per_atom=   11.39, RMSE_ALPHA_DERIV=   12.28
2025-07-13 20:37:24.474 INFO: Epoch 0: head: Default, loss=7.5753, RMSE_MU_per_atom=0.00 mDebye, RMSE_MU_DERIV=0.05 mDebye / A, RMSE_ALPHA_per_atom=    7.78, RMSE_ALPHA_DERIV=   25.63
2025-07-13 20:38:24.318 INFO: Epoch 1: head: Default, loss=0.1518, RMSE_MU_per_atom=0.00 mDebye, RMSE_MU_DERIV=0.01 mDebye / A, RMSE_ALPHA_per_atom=    1.14, RMSE_ALPHA_DERIV=   18.05
2025-07-13 20:39:23.913 INFO: Epoch 2: head: Default, loss=0.1247, RMSE_MU_per_atom=0.00 mDebye, RMSE_MU_DERIV=0.01 mDebye / A, RMSE_ALPHA_per_atom=    0.97, RMSE_ALPHA_DERIV=   17.86
2025-07-13 20:40:23.528 INFO: Epoch 3: head: Default, loss=0.0773, RMSE_MU_per_atom=0.00 mDebye, RMSE_MU_DERIV=0.01 mDebye / A, RMSE_ALPHA_per_atom=    0.76, RMSE_ALPHA_DERIV=   18.75
2025-07-13 20:41:23.133 INFO: Epoch 4: head: Default, loss=0.0684, RMSE_MU_per_atom=0.00 mDebye, RMSE_MU_DERIV=0.01 mDebye / A, RMSE_ALPHA_per_atom=    0.71, RMSE_ALPHA_DERIV=   18.41
2025-07-13 20:42:22.610 INFO: Epoch 5: head: Default, loss=0.0662, RMSE_MU_per_atom=0.00 mDebye, RMSE_MU_DERIV=0.01 mDebye / A, RMSE_ALPHA_per_atom=    0.68, RMSE_ALPHA_DERIV=   17.65
2025-07-13 20:43:21.910 INFO: Epoch 6: head: Default, loss=0.0651, RMSE_MU_per_atom=0.00 mDebye, RMSE_MU_DERIV=0.01 mDebye / A, RMSE_ALPHA_per_atom=    0.68, RMSE_ALPHA_DERIV=   17.04
2025-07-13 20:44:21.198 INFO: Epoch 7: head: Default, loss=0.0440, RMSE_MU_per_atom=0.00 mDebye, RMSE_MU_DERIV=0.01 mDebye / A, RMSE_ALPHA_per_atom=    0.57, RMSE_ALPHA_DERIV=   15.77
2025-07-13 20:45:20.492 INFO: Epoch 8: head: Default, loss=0.0282, RMSE_MU_per_atom=0.00 mDebye, RMSE_MU_DERIV=0.03 mDebye / A, RMSE_ALPHA_per_atom=    0.45, RMSE_ALPHA_DERIV=   12.65
2025-07-13 20:46:19.775 INFO: Epoch 9: head: Default, loss=0.0142, RMSE_MU_per_atom=0.00 mDebye, RMSE_MU_DERIV=0.02 mDebye / A, RMSE_ALPHA_per_atom=    0.32, RMSE_ALPHA_DERIV=   12.01
2025-07-13 20:47:19.052 INFO: Epoch 10: head: Default, loss=0.0156, RMSE_MU_per_atom=0.00 mDebye, RMSE_MU_DERIV=0.01 mDebye / A, RMSE_ALPHA_per_atom=    0.35, RMSE_ALPHA_DERIV=   10.75
2025-07-13 20:48:18.297 INFO: Epoch 11: head: Default, loss=0.0097, RMSE_MU_per_atom=0.00 mDebye, RMSE_MU_DERIV=0.01 mDebye / A, RMSE_ALPHA_per_atom=    0.26, RMSE_ALPHA_DERIV=    9.99
2025-07-13 20:49:17.575 INFO: Epoch 12: head: Default, loss=0.0290, RMSE_MU_per_atom=0.00 mDebye, RMSE_MU_DERIV=0.00 mDebye / A, RMSE_ALPHA_per_atom=    0.44, RMSE_ALPHA_DERIV=    9.65
2025-07-13 20:50:16.814 INFO: Epoch 13: head: Default, loss=0.0090, RMSE_MU_per_atom=0.00 mDebye, RMSE_MU_DERIV=0.00 mDebye / A, RMSE_ALPHA_per_atom=    0.26, RMSE_ALPHA_DERIV=    9.58
2025-07-13 20:51:16.098 INFO: Epoch 14: head: Default, loss=0.0468, RMSE_MU_per_atom=0.00 mDebye, RMSE_MU_DERIV=0.00 mDebye / A, RMSE_ALPHA_per_atom=    0.62, RMSE_ALPHA_DERIV=   10.77
2025-07-13 20:52:15.345 INFO: Epoch 15: head: Default, loss=0.0146, RMSE_MU_per_atom=0.00 mDebye, RMSE_MU_DERIV=0.00 mDebye / A, RMSE_ALPHA_per_atom=    0.34, RMSE_ALPHA_DERIV=    9.99
2025-07-13 20:53:14.585 INFO: Epoch 16: head: Default, loss=0.0343, RMSE_MU_per_atom=0.00 mDebye, RMSE_MU_DERIV=0.00 mDebye / A, RMSE_ALPHA_per_atom=    0.49, RMSE_ALPHA_DERIV=    9.64
2025-07-13 20:54:13.818 INFO: Epoch 17: head: Default, loss=0.0058, RMSE_MU_per_atom=0.00 mDebye, RMSE_MU_DERIV=0.00 mDebye / A, RMSE_ALPHA_per_atom=    0.20, RMSE_ALPHA_DERIV=    9.87
2025-07-13 20:55:13.122 INFO: Epoch 18: head: Default, loss=0.0094, RMSE_MU_per_atom=0.00 mDebye, RMSE_MU_DERIV=0.00 mDebye / A, RMSE_ALPHA_per_atom=    0.25, RMSE_ALPHA_DERIV=    9.43
2025-07-13 20:56:12.368 INFO: Epoch 19: head: Default, loss=0.0173, RMSE_MU_per_atom=0.00 mDebye, RMSE_MU_DERIV=0.00 mDebye / A, RMSE_ALPHA_per_atom=    0.37, RMSE_ALPHA_DERIV=    9.19
2025-07-13 20:57:11.599 INFO: Epoch 20: head: Default, loss=0.0237, RMSE_MU_per_atom=0.00 mDebye, RMSE_MU_DERIV=0.00 mDebye / A, RMSE_ALPHA_per_atom=    0.44, RMSE_ALPHA_DERIV=   10.53
2025-07-13 20:58:10.851 INFO: Epoch 21: head: Default, loss=0.0136, RMSE_MU_per_atom=0.00 mDebye, RMSE_MU_DERIV=0.00 mDebye / A, RMSE_ALPHA_per_atom=    0.32, RMSE_ALPHA_DERIV=    9.42
2025-07-13 20:59:10.095 INFO: Epoch 22: head: Default, loss=0.0165, RMSE_MU_per_atom=0.00 mDebye, RMSE_MU_DERIV=0.00 mDebye / A, RMSE_ALPHA_per_atom=    0.35, RMSE_ALPHA_DERIV=    9.78
2025-07-13 21:00:09.338 INFO: Epoch 23: head: Default, loss=0.0069, RMSE_MU_per_atom=0.00 mDebye, RMSE_MU_DERIV=0.00 mDebye / A, RMSE_ALPHA_per_atom=    0.22, RMSE_ALPHA_DERIV=    9.18
2025-07-13 21:01:08.582 INFO: Epoch 24: head: Default, loss=0.0081, RMSE_MU_per_atom=0.00 mDebye, RMSE_MU_DERIV=0.00 mDebye / A, RMSE_ALPHA_per_atom=    0.23, RMSE_ALPHA_DERIV=    8.59
2025-07-13 21:02:07.831 INFO: Epoch 25: head: Default, loss=0.0157, RMSE_MU_per_atom=0.00 mDebye, RMSE_MU_DERIV=0.00 mDebye / A, RMSE_ALPHA_per_atom=    0.33, RMSE_ALPHA_DERIV=    8.65
2025-07-13 21:03:07.086 INFO: Epoch 26: head: Default, loss=0.0094, RMSE_MU_per_atom=0.00 mDebye, RMSE_MU_DERIV=0.00 mDebye / A, RMSE_ALPHA_per_atom=    0.25, RMSE_ALPHA_DERIV=    8.54
2025-07-13 21:04:06.357 INFO: Epoch 27: head: Default, loss=0.0054, RMSE_MU_per_atom=0.00 mDebye, RMSE_MU_DERIV=0.00 mDebye / A, RMSE_ALPHA_per_atom=    0.19, RMSE_ALPHA_DERIV=    9.04
2025-07-13 21:05:05.674 INFO: Epoch 28: head: Default, loss=0.0076, RMSE_MU_per_atom=0.00 mDebye, RMSE_MU_DERIV=0.00 mDebye / A, RMSE_ALPHA_per_atom=    0.24, RMSE_ALPHA_DERIV=    8.74
2025-07-13 21:06:04.927 INFO: Epoch 29: head: Default, loss=0.0187, RMSE_MU_per_atom=0.00 mDebye, RMSE_MU_DERIV=0.00 mDebye / A, RMSE_ALPHA_per_atom=    0.37, RMSE_ALPHA_DERIV=    9.28
2025-07-13 21:07:04.173 INFO: Epoch 30: head: Default, loss=0.0054, RMSE_MU_per_atom=0.00 mDebye, RMSE_MU_DERIV=0.00 mDebye / A, RMSE_ALPHA_per_atom=    0.19, RMSE_ALPHA_DERIV=    8.65
2025-07-13 21:08:03.406 INFO: Epoch 31: head: Default, loss=0.0084, RMSE_MU_per_atom=0.00 mDebye, RMSE_MU_DERIV=0.00 mDebye / A, RMSE_ALPHA_per_atom=    0.25, RMSE_ALPHA_DERIV=    8.55
2025-07-13 21:09:02.631 INFO: Epoch 32: head: Default, loss=0.0057, RMSE_MU_per_atom=0.00 mDebye, RMSE_MU_DERIV=0.00 mDebye / A, RMSE_ALPHA_per_atom=    0.21, RMSE_ALPHA_DERIV=    8.58
2025-07-13 21:10:01.870 INFO: Epoch 33: head: Default, loss=0.0100, RMSE_MU_per_atom=0.00 mDebye, RMSE_MU_DERIV=0.00 mDebye / A, RMSE_ALPHA_per_atom=    0.26, RMSE_ALPHA_DERIV=    8.46
2025-07-13 21:11:01.128 INFO: Epoch 34: head: Default, loss=0.0102, RMSE_MU_per_atom=0.00 mDebye, RMSE_MU_DERIV=0.00 mDebye / A, RMSE_ALPHA_per_atom=    0.27, RMSE_ALPHA_DERIV=    8.72
2025-07-13 21:12:00.380 INFO: Epoch 35: head: Default, loss=0.0096, RMSE_MU_per_atom=0.00 mDebye, RMSE_MU_DERIV=0.00 mDebye / A, RMSE_ALPHA_per_atom=    0.27, RMSE_ALPHA_DERIV=    8.66
2025-07-13 21:12:59.628 INFO: Epoch 36: head: Default, loss=0.0072, RMSE_MU_per_atom=0.00 mDebye, RMSE_MU_DERIV=0.00 mDebye / A, RMSE_ALPHA_per_atom=    0.23, RMSE_ALPHA_DERIV=    8.86
2025-07-13 21:13:58.859 INFO: Epoch 37: head: Default, loss=0.0092, RMSE_MU_per_atom=0.00 mDebye, RMSE_MU_DERIV=0.00 mDebye / A, RMSE_ALPHA_per_atom=    0.26, RMSE_ALPHA_DERIV=    8.60
2025-07-13 21:14:58.121 INFO: Epoch 38: head: Default, loss=0.0059, RMSE_MU_per_atom=0.00 mDebye, RMSE_MU_DERIV=0.00 mDebye / A, RMSE_ALPHA_per_atom=    0.20, RMSE_ALPHA_DERIV=    8.51
2025-07-13 21:15:57.362 INFO: Epoch 39: head: Default, loss=0.0078, RMSE_MU_per_atom=0.00 mDebye, RMSE_MU_DERIV=0.00 mDebye / A, RMSE_ALPHA_per_atom=    0.23, RMSE_ALPHA_DERIV=    8.19
2025-07-13 21:16:56.621 INFO: Epoch 40: head: Default, loss=0.0155, RMSE_MU_per_atom=0.00 mDebye, RMSE_MU_DERIV=0.00 mDebye / A, RMSE_ALPHA_per_atom=    0.33, RMSE_ALPHA_DERIV=    8.73
2025-07-13 21:17:55.856 INFO: Epoch 41: head: Default, loss=0.0062, RMSE_MU_per_atom=0.00 mDebye, RMSE_MU_DERIV=0.00 mDebye / A, RMSE_ALPHA_per_atom=    0.20, RMSE_ALPHA_DERIV=    8.31
2025-07-13 21:18:55.079 INFO: Epoch 42: head: Default, loss=0.0072, RMSE_MU_per_atom=0.00 mDebye, RMSE_MU_DERIV=0.00 mDebye / A, RMSE_ALPHA_per_atom=    0.22, RMSE_ALPHA_DERIV=    8.25
2025-07-13 21:19:54.297 INFO: Epoch 43: head: Default, loss=0.0053, RMSE_MU_per_atom=0.00 mDebye, RMSE_MU_DERIV=0.00 mDebye / A, RMSE_ALPHA_per_atom=    0.19, RMSE_ALPHA_DERIV=    8.14
2025-07-13 21:20:53.585 INFO: Epoch 44: head: Default, loss=0.0113, RMSE_MU_per_atom=0.00 mDebye, RMSE_MU_DERIV=0.00 mDebye / A, RMSE_ALPHA_per_atom=    0.29, RMSE_ALPHA_DERIV=    8.04
2025-07-13 21:21:52.822 INFO: Epoch 45: head: Default, loss=0.0039, RMSE_MU_per_atom=0.00 mDebye, RMSE_MU_DERIV=0.00 mDebye / A, RMSE_ALPHA_per_atom=    0.16, RMSE_ALPHA_DERIV=    8.07
2025-07-13 21:22:52.112 INFO: Epoch 46: head: Default, loss=0.0056, RMSE_MU_per_atom=0.00 mDebye, RMSE_MU_DERIV=0.00 mDebye / A, RMSE_ALPHA_per_atom=    0.20, RMSE_ALPHA_DERIV=    8.12
2025-07-13 21:23:51.327 INFO: Epoch 47: head: Default, loss=0.0042, RMSE_MU_per_atom=0.00 mDebye, RMSE_MU_DERIV=0.00 mDebye / A, RMSE_ALPHA_per_atom=    0.17, RMSE_ALPHA_DERIV=    8.27
2025-07-13 21:24:50.539 INFO: Epoch 48: head: Default, loss=0.0054, RMSE_MU_per_atom=0.00 mDebye, RMSE_MU_DERIV=0.00 mDebye / A, RMSE_ALPHA_per_atom=    0.19, RMSE_ALPHA_DERIV=    8.14
2025-07-13 21:25:49.735 INFO: Epoch 49: head: Default, loss=0.0044, RMSE_MU_per_atom=0.00 mDebye, RMSE_MU_DERIV=0.00 mDebye / A, RMSE_ALPHA_per_atom=    0.17, RMSE_ALPHA_DERIV=    8.15
2025-07-13 21:26:48.923 INFO: Epoch 50: head: Default, loss=0.0064, RMSE_MU_per_atom=0.00 mDebye, RMSE_MU_DERIV=0.00 mDebye / A, RMSE_ALPHA_per_atom=    0.21, RMSE_ALPHA_DERIV=    8.09
2025-07-13 21:27:48.099 INFO: Epoch 51: head: Default, loss=0.0052, RMSE_MU_per_atom=0.00 mDebye, RMSE_MU_DERIV=0.00 mDebye / A, RMSE_ALPHA_per_atom=    0.19, RMSE_ALPHA_DERIV=    7.93
2025-07-13 21:28:47.285 INFO: Epoch 52: head: Default, loss=0.0049, RMSE_MU_per_atom=0.00 mDebye, RMSE_MU_DERIV=0.00 mDebye / A, RMSE_ALPHA_per_atom=    0.18, RMSE_ALPHA_DERIV=    7.89
2025-07-13 21:29:46.484 INFO: Epoch 53: head: Default, loss=0.0053, RMSE_MU_per_atom=0.00 mDebye, RMSE_MU_DERIV=0.00 mDebye / A, RMSE_ALPHA_per_atom=    0.19, RMSE_ALPHA_DERIV=    8.02
2025-07-13 21:30:45.692 INFO: Epoch 54: head: Default, loss=0.0069, RMSE_MU_per_atom=0.00 mDebye, RMSE_MU_DERIV=0.00 mDebye / A, RMSE_ALPHA_per_atom=    0.21, RMSE_ALPHA_DERIV=    8.04
2025-07-13 21:31:44.876 INFO: Epoch 55: head: Default, loss=0.0084, RMSE_MU_per_atom=0.00 mDebye, RMSE_MU_DERIV=0.00 mDebye / A, RMSE_ALPHA_per_atom=    0.24, RMSE_ALPHA_DERIV=    8.20
2025-07-13 21:32:44.050 INFO: Epoch 56: head: Default, loss=0.0072, RMSE_MU_per_atom=0.00 mDebye, RMSE_MU_DERIV=0.00 mDebye / A, RMSE_ALPHA_per_atom=    0.22, RMSE_ALPHA_DERIV=    7.79
2025-07-13 21:33:43.221 INFO: Epoch 57: head: Default, loss=0.0055, RMSE_MU_per_atom=0.00 mDebye, RMSE_MU_DERIV=0.00 mDebye / A, RMSE_ALPHA_per_atom=    0.20, RMSE_ALPHA_DERIV=    7.88
2025-07-13 21:34:42.417 INFO: Epoch 58: head: Default, loss=0.0060, RMSE_MU_per_atom=0.00 mDebye, RMSE_MU_DERIV=0.00 mDebye / A, RMSE_ALPHA_per_atom=    0.22, RMSE_ALPHA_DERIV=    7.98
2025-07-13 21:35:41.620 INFO: Epoch 59: head: Default, loss=0.0039, RMSE_MU_per_atom=0.00 mDebye, RMSE_MU_DERIV=0.00 mDebye / A, RMSE_ALPHA_per_atom=    0.16, RMSE_ALPHA_DERIV=    7.80
2025-07-13 21:36:40.875 INFO: Epoch 60: head: Default, loss=0.0150, RMSE_MU_per_atom=0.00 mDebye, RMSE_MU_DERIV=0.00 mDebye / A, RMSE_ALPHA_per_atom=    0.33, RMSE_ALPHA_DERIV=    7.65
2025-07-13 21:37:40.075 INFO: Epoch 61: head: Default, loss=0.0060, RMSE_MU_per_atom=0.00 mDebye, RMSE_MU_DERIV=0.00 mDebye / A, RMSE_ALPHA_per_atom=    0.21, RMSE_ALPHA_DERIV=    8.10
2025-07-13 21:38:39.263 INFO: Epoch 62: head: Default, loss=0.0046, RMSE_MU_per_atom=0.00 mDebye, RMSE_MU_DERIV=0.00 mDebye / A, RMSE_ALPHA_per_atom=    0.18, RMSE_ALPHA_DERIV=    7.64
2025-07-13 21:39:38.459 INFO: Epoch 63: head: Default, loss=0.0074, RMSE_MU_per_atom=0.00 mDebye, RMSE_MU_DERIV=0.00 mDebye / A, RMSE_ALPHA_per_atom=    0.23, RMSE_ALPHA_DERIV=    7.74
2025-07-13 21:40:37.651 INFO: Epoch 64: head: Default, loss=0.0151, RMSE_MU_per_atom=0.00 mDebye, RMSE_MU_DERIV=0.00 mDebye / A, RMSE_ALPHA_per_atom=    0.34, RMSE_ALPHA_DERIV=    7.91
2025-07-13 21:41:36.850 INFO: Epoch 65: head: Default, loss=0.0065, RMSE_MU_per_atom=0.00 mDebye, RMSE_MU_DERIV=0.00 mDebye / A, RMSE_ALPHA_per_atom=    0.21, RMSE_ALPHA_DERIV=    7.71
2025-07-13 21:42:36.058 INFO: Epoch 66: head: Default, loss=0.0039, RMSE_MU_per_atom=0.00 mDebye, RMSE_MU_DERIV=0.00 mDebye / A, RMSE_ALPHA_per_atom=    0.16, RMSE_ALPHA_DERIV=    7.68
2025-07-13 21:43:35.255 INFO: Epoch 67: head: Default, loss=0.0056, RMSE_MU_per_atom=0.00 mDebye, RMSE_MU_DERIV=0.00 mDebye / A, RMSE_ALPHA_per_atom=    0.20, RMSE_ALPHA_DERIV=    7.59
2025-07-13 21:44:34.453 INFO: Epoch 68: head: Default, loss=0.0043, RMSE_MU_per_atom=0.00 mDebye, RMSE_MU_DERIV=0.00 mDebye / A, RMSE_ALPHA_per_atom=    0.17, RMSE_ALPHA_DERIV=    7.63
2025-07-13 21:45:33.645 INFO: Epoch 69: head: Default, loss=0.0048, RMSE_MU_per_atom=0.00 mDebye, RMSE_MU_DERIV=0.00 mDebye / A, RMSE_ALPHA_per_atom=    0.18, RMSE_ALPHA_DERIV=    7.73
2025-07-13 21:46:32.837 INFO: Epoch 70: head: Default, loss=0.0059, RMSE_MU_per_atom=0.00 mDebye, RMSE_MU_DERIV=0.00 mDebye / A, RMSE_ALPHA_per_atom=    0.20, RMSE_ALPHA_DERIV=    7.79
2025-07-13 21:47:32.046 INFO: Epoch 71: head: Default, loss=0.0043, RMSE_MU_per_atom=0.00 mDebye, RMSE_MU_DERIV=0.00 mDebye / A, RMSE_ALPHA_per_atom=    0.17, RMSE_ALPHA_DERIV=    7.60
2025-07-13 21:48:31.280 INFO: Epoch 72: head: Default, loss=0.0065, RMSE_MU_per_atom=0.00 mDebye, RMSE_MU_DERIV=0.00 mDebye / A, RMSE_ALPHA_per_atom=    0.22, RMSE_ALPHA_DERIV=    7.62
2025-07-13 21:49:30.489 INFO: Epoch 73: head: Default, loss=0.0043, RMSE_MU_per_atom=0.00 mDebye, RMSE_MU_DERIV=0.00 mDebye / A, RMSE_ALPHA_per_atom=    0.17, RMSE_ALPHA_DERIV=    7.41
2025-07-13 21:50:29.691 INFO: Epoch 74: head: Default, loss=0.0031, RMSE_MU_per_atom=0.00 mDebye, RMSE_MU_DERIV=0.00 mDebye / A, RMSE_ALPHA_per_atom=    0.14, RMSE_ALPHA_DERIV=    7.68
2025-07-13 21:51:28.931 INFO: Epoch 75: head: Default, loss=0.0066, RMSE_MU_per_atom=0.00 mDebye, RMSE_MU_DERIV=0.00 mDebye / A, RMSE_ALPHA_per_atom=    0.21, RMSE_ALPHA_DERIV=    7.60
2025-07-13 21:52:28.130 INFO: Epoch 76: head: Default, loss=0.0042, RMSE_MU_per_atom=0.00 mDebye, RMSE_MU_DERIV=0.00 mDebye / A, RMSE_ALPHA_per_atom=    0.17, RMSE_ALPHA_DERIV=    7.56
2025-07-13 21:53:27.327 INFO: Epoch 77: head: Default, loss=0.0042, RMSE_MU_per_atom=0.00 mDebye, RMSE_MU_DERIV=0.00 mDebye / A, RMSE_ALPHA_per_atom=    0.17, RMSE_ALPHA_DERIV=    7.55
2025-07-13 21:54:26.544 INFO: Epoch 78: head: Default, loss=0.0054, RMSE_MU_per_atom=0.00 mDebye, RMSE_MU_DERIV=0.00 mDebye / A, RMSE_ALPHA_per_atom=    0.21, RMSE_ALPHA_DERIV=    7.87
2025-07-13 21:55:25.771 INFO: Epoch 79: head: Default, loss=0.0058, RMSE_MU_per_atom=0.00 mDebye, RMSE_MU_DERIV=0.00 mDebye / A, RMSE_ALPHA_per_atom=    0.20, RMSE_ALPHA_DERIV=    7.62
2025-07-13 21:56:24.986 INFO: Epoch 80: head: Default, loss=0.0046, RMSE_MU_per_atom=0.00 mDebye, RMSE_MU_DERIV=0.00 mDebye / A, RMSE_ALPHA_per_atom=    0.18, RMSE_ALPHA_DERIV=    7.47
2025-07-13 21:57:24.206 INFO: Epoch 81: head: Default, loss=0.0103, RMSE_MU_per_atom=0.00 mDebye, RMSE_MU_DERIV=0.00 mDebye / A, RMSE_ALPHA_per_atom=    0.27, RMSE_ALPHA_DERIV=    7.83
2025-07-13 21:58:23.420 INFO: Epoch 82: head: Default, loss=0.0035, RMSE_MU_per_atom=0.00 mDebye, RMSE_MU_DERIV=0.00 mDebye / A, RMSE_ALPHA_per_atom=    0.16, RMSE_ALPHA_DERIV=    7.75
2025-07-13 21:59:22.615 INFO: Epoch 83: head: Default, loss=0.0039, RMSE_MU_per_atom=0.00 mDebye, RMSE_MU_DERIV=0.00 mDebye / A, RMSE_ALPHA_per_atom=    0.17, RMSE_ALPHA_DERIV=    7.62
2025-07-13 22:00:21.804 INFO: Epoch 84: head: Default, loss=0.0032, RMSE_MU_per_atom=0.00 mDebye, RMSE_MU_DERIV=0.00 mDebye / A, RMSE_ALPHA_per_atom=    0.15, RMSE_ALPHA_DERIV=    7.67
2025-07-13 22:01:21.016 INFO: Epoch 85: head: Default, loss=0.0038, RMSE_MU_per_atom=0.00 mDebye, RMSE_MU_DERIV=0.00 mDebye / A, RMSE_ALPHA_per_atom=    0.16, RMSE_ALPHA_DERIV=    7.53
2025-07-13 22:02:20.229 INFO: Epoch 86: head: Default, loss=0.0060, RMSE_MU_per_atom=0.00 mDebye, RMSE_MU_DERIV=0.00 mDebye / A, RMSE_ALPHA_per_atom=    0.21, RMSE_ALPHA_DERIV=    7.42
2025-07-13 22:03:19.438 INFO: Epoch 87: head: Default, loss=0.0063, RMSE_MU_per_atom=0.00 mDebye, RMSE_MU_DERIV=0.00 mDebye / A, RMSE_ALPHA_per_atom=    0.20, RMSE_ALPHA_DERIV=    7.53
2025-07-13 22:04:18.655 INFO: Epoch 88: head: Default, loss=0.0033, RMSE_MU_per_atom=0.00 mDebye, RMSE_MU_DERIV=0.00 mDebye / A, RMSE_ALPHA_per_atom=    0.15, RMSE_ALPHA_DERIV=    7.62
2025-07-13 22:05:17.870 INFO: Epoch 89: head: Default, loss=0.0069, RMSE_MU_per_atom=0.00 mDebye, RMSE_MU_DERIV=0.00 mDebye / A, RMSE_ALPHA_per_atom=    0.23, RMSE_ALPHA_DERIV=    7.53
2025-07-13 22:06:17.064 INFO: Epoch 90: head: Default, loss=0.0030, RMSE_MU_per_atom=0.00 mDebye, RMSE_MU_DERIV=0.00 mDebye / A, RMSE_ALPHA_per_atom=    0.14, RMSE_ALPHA_DERIV=    7.58
2025-07-13 22:07:16.295 INFO: Epoch 91: head: Default, loss=0.0042, RMSE_MU_per_atom=0.00 mDebye, RMSE_MU_DERIV=0.00 mDebye / A, RMSE_ALPHA_per_atom=    0.16, RMSE_ALPHA_DERIV=    7.44
2025-07-13 22:08:15.491 INFO: Epoch 92: head: Default, loss=0.0063, RMSE_MU_per_atom=0.00 mDebye, RMSE_MU_DERIV=0.00 mDebye / A, RMSE_ALPHA_per_atom=    0.21, RMSE_ALPHA_DERIV=    7.46
2025-07-13 22:09:14.681 INFO: Epoch 93: head: Default, loss=0.0045, RMSE_MU_per_atom=0.00 mDebye, RMSE_MU_DERIV=0.00 mDebye / A, RMSE_ALPHA_per_atom=    0.18, RMSE_ALPHA_DERIV=    7.42
2025-07-13 22:10:13.876 INFO: Epoch 94: head: Default, loss=0.0031, RMSE_MU_per_atom=0.00 mDebye, RMSE_MU_DERIV=0.00 mDebye / A, RMSE_ALPHA_per_atom=    0.15, RMSE_ALPHA_DERIV=    7.35
2025-07-13 22:11:13.075 INFO: Epoch 95: head: Default, loss=0.0059, RMSE_MU_per_atom=0.00 mDebye, RMSE_MU_DERIV=0.00 mDebye / A, RMSE_ALPHA_per_atom=    0.20, RMSE_ALPHA_DERIV=    7.31
2025-07-13 22:12:12.264 INFO: Epoch 96: head: Default, loss=0.0033, RMSE_MU_per_atom=0.00 mDebye, RMSE_MU_DERIV=0.00 mDebye / A, RMSE_ALPHA_per_atom=    0.15, RMSE_ALPHA_DERIV=    7.20
2025-07-13 22:13:11.456 INFO: Epoch 97: head: Default, loss=0.0022, RMSE_MU_per_atom=0.00 mDebye, RMSE_MU_DERIV=0.00 mDebye / A, RMSE_ALPHA_per_atom=    0.12, RMSE_ALPHA_DERIV=    7.18
2025-07-13 22:14:10.698 INFO: Epoch 98: head: Default, loss=0.0048, RMSE_MU_per_atom=0.00 mDebye, RMSE_MU_DERIV=0.00 mDebye / A, RMSE_ALPHA_per_atom=    0.18, RMSE_ALPHA_DERIV=    7.34
2025-07-13 22:15:09.886 INFO: Epoch 99: head: Default, loss=0.0030, RMSE_MU_per_atom=0.00 mDebye, RMSE_MU_DERIV=0.00 mDebye / A, RMSE_ALPHA_per_atom=    0.14, RMSE_ALPHA_DERIV=    7.33
2025-07-13 22:16:09.085 INFO: Epoch 100: head: Default, loss=0.0028, RMSE_MU_per_atom=0.00 mDebye, RMSE_MU_DERIV=0.00 mDebye / A, RMSE_ALPHA_per_atom=    0.14, RMSE_ALPHA_DERIV=    7.24
2025-07-13 22:17:08.270 INFO: Epoch 101: head: Default, loss=0.0037, RMSE_MU_per_atom=0.00 mDebye, RMSE_MU_DERIV=0.00 mDebye / A, RMSE_ALPHA_per_atom=    0.16, RMSE_ALPHA_DERIV=    7.19
2025-07-13 22:18:07.462 INFO: Epoch 102: head: Default, loss=0.0024, RMSE_MU_per_atom=0.00 mDebye, RMSE_MU_DERIV=0.00 mDebye / A, RMSE_ALPHA_per_atom=    0.13, RMSE_ALPHA_DERIV=    7.24
2025-07-13 22:19:06.652 INFO: Epoch 103: head: Default, loss=0.0029, RMSE_MU_per_atom=0.00 mDebye, RMSE_MU_DERIV=0.00 mDebye / A, RMSE_ALPHA_per_atom=    0.14, RMSE_ALPHA_DERIV=    7.27
2025-07-13 22:20:05.865 INFO: Epoch 104: head: Default, loss=0.0029, RMSE_MU_per_atom=0.00 mDebye, RMSE_MU_DERIV=0.00 mDebye / A, RMSE_ALPHA_per_atom=    0.14, RMSE_ALPHA_DERIV=    7.30
2025-07-13 22:21:05.067 INFO: Epoch 105: head: Default, loss=0.0033, RMSE_MU_per_atom=0.00 mDebye, RMSE_MU_DERIV=0.00 mDebye / A, RMSE_ALPHA_per_atom=    0.15, RMSE_ALPHA_DERIV=    7.22
2025-07-13 22:22:04.254 INFO: Epoch 106: head: Default, loss=0.0053, RMSE_MU_per_atom=0.00 mDebye, RMSE_MU_DERIV=0.00 mDebye / A, RMSE_ALPHA_per_atom=    0.20, RMSE_ALPHA_DERIV=    7.12
2025-07-13 22:23:03.449 INFO: Epoch 107: head: Default, loss=0.0034, RMSE_MU_per_atom=0.00 mDebye, RMSE_MU_DERIV=0.00 mDebye / A, RMSE_ALPHA_per_atom=    0.15, RMSE_ALPHA_DERIV=    7.14
2025-07-13 22:24:02.664 INFO: Epoch 108: head: Default, loss=0.0124, RMSE_MU_per_atom=0.00 mDebye, RMSE_MU_DERIV=0.00 mDebye / A, RMSE_ALPHA_per_atom=    0.30, RMSE_ALPHA_DERIV=    7.72
2025-07-13 22:25:01.865 INFO: Epoch 109: head: Default, loss=0.0032, RMSE_MU_per_atom=0.00 mDebye, RMSE_MU_DERIV=0.00 mDebye / A, RMSE_ALPHA_per_atom=    0.14, RMSE_ALPHA_DERIV=    7.31
2025-07-13 22:26:01.068 INFO: Epoch 110: head: Default, loss=0.0028, RMSE_MU_per_atom=0.00 mDebye, RMSE_MU_DERIV=0.00 mDebye / A, RMSE_ALPHA_per_atom=    0.14, RMSE_ALPHA_DERIV=    7.17
2025-07-13 22:27:00.268 INFO: Epoch 111: head: Default, loss=0.0035, RMSE_MU_per_atom=0.00 mDebye, RMSE_MU_DERIV=0.00 mDebye / A, RMSE_ALPHA_per_atom=    0.16, RMSE_ALPHA_DERIV=    7.16
2025-07-13 22:27:59.448 INFO: Epoch 112: head: Default, loss=0.0037, RMSE_MU_per_atom=0.00 mDebye, RMSE_MU_DERIV=0.00 mDebye / A, RMSE_ALPHA_per_atom=    0.16, RMSE_ALPHA_DERIV=    7.17
2025-07-13 22:28:58.651 INFO: Epoch 113: head: Default, loss=0.0034, RMSE_MU_per_atom=0.00 mDebye, RMSE_MU_DERIV=0.00 mDebye / A, RMSE_ALPHA_per_atom=    0.15, RMSE_ALPHA_DERIV=    7.03
2025-07-13 22:29:57.848 INFO: Epoch 114: head: Default, loss=0.0033, RMSE_MU_per_atom=0.00 mDebye, RMSE_MU_DERIV=0.00 mDebye / A, RMSE_ALPHA_per_atom=    0.15, RMSE_ALPHA_DERIV=    7.07
2025-07-13 22:30:57.041 INFO: Epoch 115: head: Default, loss=0.0023, RMSE_MU_per_atom=0.00 mDebye, RMSE_MU_DERIV=0.00 mDebye / A, RMSE_ALPHA_per_atom=    0.12, RMSE_ALPHA_DERIV=    7.15
2025-07-13 22:31:56.242 INFO: Epoch 116: head: Default, loss=0.0027, RMSE_MU_per_atom=0.00 mDebye, RMSE_MU_DERIV=0.00 mDebye / A, RMSE_ALPHA_per_atom=    0.14, RMSE_ALPHA_DERIV=    7.04
2025-07-13 22:32:55.430 INFO: Epoch 117: head: Default, loss=0.0026, RMSE_MU_per_atom=0.00 mDebye, RMSE_MU_DERIV=0.00 mDebye / A, RMSE_ALPHA_per_atom=    0.13, RMSE_ALPHA_DERIV=    7.06
2025-07-13 22:33:54.620 INFO: Epoch 118: head: Default, loss=0.0049, RMSE_MU_per_atom=0.00 mDebye, RMSE_MU_DERIV=0.00 mDebye / A, RMSE_ALPHA_per_atom=    0.18, RMSE_ALPHA_DERIV=    7.21
2025-07-13 22:34:53.809 INFO: Epoch 119: head: Default, loss=0.0026, RMSE_MU_per_atom=0.00 mDebye, RMSE_MU_DERIV=0.00 mDebye / A, RMSE_ALPHA_per_atom=    0.13, RMSE_ALPHA_DERIV=    7.10
2025-07-13 22:35:52.993 INFO: Epoch 120: head: Default, loss=0.0036, RMSE_MU_per_atom=0.00 mDebye, RMSE_MU_DERIV=0.00 mDebye / A, RMSE_ALPHA_per_atom=    0.16, RMSE_ALPHA_DERIV=    6.95
2025-07-13 22:36:52.173 INFO: Epoch 121: head: Default, loss=0.0023, RMSE_MU_per_atom=0.00 mDebye, RMSE_MU_DERIV=0.00 mDebye / A, RMSE_ALPHA_per_atom=    0.12, RMSE_ALPHA_DERIV=    7.04
2025-07-13 22:37:51.356 INFO: Epoch 122: head: Default, loss=0.0041, RMSE_MU_per_atom=0.00 mDebye, RMSE_MU_DERIV=0.00 mDebye / A, RMSE_ALPHA_per_atom=    0.16, RMSE_ALPHA_DERIV=    7.14
2025-07-13 22:38:50.567 INFO: Epoch 123: head: Default, loss=0.0035, RMSE_MU_per_atom=0.00 mDebye, RMSE_MU_DERIV=0.00 mDebye / A, RMSE_ALPHA_per_atom=    0.16, RMSE_ALPHA_DERIV=    7.10
2025-07-13 22:39:49.780 INFO: Epoch 124: head: Default, loss=0.0031, RMSE_MU_per_atom=0.00 mDebye, RMSE_MU_DERIV=0.00 mDebye / A, RMSE_ALPHA_per_atom=    0.15, RMSE_ALPHA_DERIV=    7.35
2025-07-13 22:40:49.007 INFO: Epoch 125: head: Default, loss=0.0025, RMSE_MU_per_atom=0.00 mDebye, RMSE_MU_DERIV=0.00 mDebye / A, RMSE_ALPHA_per_atom=    0.13, RMSE_ALPHA_DERIV=    7.06
2025-07-13 22:41:48.223 INFO: Epoch 126: head: Default, loss=0.0026, RMSE_MU_per_atom=0.00 mDebye, RMSE_MU_DERIV=0.00 mDebye / A, RMSE_ALPHA_per_atom=    0.13, RMSE_ALPHA_DERIV=    7.06
2025-07-13 22:42:47.442 INFO: Epoch 127: head: Default, loss=0.0036, RMSE_MU_per_atom=0.00 mDebye, RMSE_MU_DERIV=0.00 mDebye / A, RMSE_ALPHA_per_atom=    0.16, RMSE_ALPHA_DERIV=    7.10
2025-07-13 22:43:46.644 INFO: Epoch 128: head: Default, loss=0.0030, RMSE_MU_per_atom=0.00 mDebye, RMSE_MU_DERIV=0.00 mDebye / A, RMSE_ALPHA_per_atom=    0.15, RMSE_ALPHA_DERIV=    6.95
2025-07-13 22:44:45.850 INFO: Epoch 129: head: Default, loss=0.0029, RMSE_MU_per_atom=0.00 mDebye, RMSE_MU_DERIV=0.00 mDebye / A, RMSE_ALPHA_per_atom=    0.14, RMSE_ALPHA_DERIV=    6.92
2025-07-13 22:45:45.056 INFO: Epoch 130: head: Default, loss=0.0041, RMSE_MU_per_atom=0.00 mDebye, RMSE_MU_DERIV=0.00 mDebye / A, RMSE_ALPHA_per_atom=    0.16, RMSE_ALPHA_DERIV=    7.03
2025-07-13 22:46:44.255 INFO: Epoch 131: head: Default, loss=0.0035, RMSE_MU_per_atom=0.00 mDebye, RMSE_MU_DERIV=0.00 mDebye / A, RMSE_ALPHA_per_atom=    0.15, RMSE_ALPHA_DERIV=    6.91
2025-07-13 22:47:43.445 INFO: Epoch 132: head: Default, loss=0.0052, RMSE_MU_per_atom=0.00 mDebye, RMSE_MU_DERIV=0.00 mDebye / A, RMSE_ALPHA_per_atom=    0.19, RMSE_ALPHA_DERIV=    7.03
2025-07-13 22:48:42.627 INFO: Epoch 133: head: Default, loss=0.0024, RMSE_MU_per_atom=0.00 mDebye, RMSE_MU_DERIV=0.00 mDebye / A, RMSE_ALPHA_per_atom=    0.13, RMSE_ALPHA_DERIV=    7.01
2025-07-13 22:49:41.827 INFO: Epoch 134: head: Default, loss=0.0025, RMSE_MU_per_atom=0.00 mDebye, RMSE_MU_DERIV=0.00 mDebye / A, RMSE_ALPHA_per_atom=    0.13, RMSE_ALPHA_DERIV=    7.00
2025-07-13 22:50:41.015 INFO: Epoch 135: head: Default, loss=0.0028, RMSE_MU_per_atom=0.00 mDebye, RMSE_MU_DERIV=0.00 mDebye / A, RMSE_ALPHA_per_atom=    0.13, RMSE_ALPHA_DERIV=    6.92
2025-07-13 22:51:40.204 INFO: Epoch 136: head: Default, loss=0.0032, RMSE_MU_per_atom=0.00 mDebye, RMSE_MU_DERIV=0.00 mDebye / A, RMSE_ALPHA_per_atom=    0.15, RMSE_ALPHA_DERIV=    7.02
2025-07-13 22:52:39.408 INFO: Epoch 137: head: Default, loss=0.0020, RMSE_MU_per_atom=0.00 mDebye, RMSE_MU_DERIV=0.00 mDebye / A, RMSE_ALPHA_per_atom=    0.12, RMSE_ALPHA_DERIV=    6.97
2025-07-13 22:53:38.659 INFO: Epoch 138: head: Default, loss=0.0021, RMSE_MU_per_atom=0.00 mDebye, RMSE_MU_DERIV=0.00 mDebye / A, RMSE_ALPHA_per_atom=    0.12, RMSE_ALPHA_DERIV=    6.98
2025-07-13 22:54:37.862 INFO: Epoch 139: head: Default, loss=0.0024, RMSE_MU_per_atom=0.00 mDebye, RMSE_MU_DERIV=0.00 mDebye / A, RMSE_ALPHA_per_atom=    0.13, RMSE_ALPHA_DERIV=    7.01
2025-07-13 22:55:37.078 INFO: Epoch 140: head: Default, loss=0.0026, RMSE_MU_per_atom=0.00 mDebye, RMSE_MU_DERIV=0.00 mDebye / A, RMSE_ALPHA_per_atom=    0.14, RMSE_ALPHA_DERIV=    7.03
2025-07-13 22:56:36.268 INFO: Epoch 141: head: Default, loss=0.0023, RMSE_MU_per_atom=0.00 mDebye, RMSE_MU_DERIV=0.00 mDebye / A, RMSE_ALPHA_per_atom=    0.12, RMSE_ALPHA_DERIV=    7.06
2025-07-13 22:57:35.466 INFO: Epoch 142: head: Default, loss=0.0023, RMSE_MU_per_atom=0.00 mDebye, RMSE_MU_DERIV=0.00 mDebye / A, RMSE_ALPHA_per_atom=    0.13, RMSE_ALPHA_DERIV=    7.05
2025-07-13 22:58:34.675 INFO: Epoch 143: head: Default, loss=0.0036, RMSE_MU_per_atom=0.00 mDebye, RMSE_MU_DERIV=0.00 mDebye / A, RMSE_ALPHA_per_atom=    0.16, RMSE_ALPHA_DERIV=    6.95
2025-07-13 22:59:33.877 INFO: Epoch 144: head: Default, loss=0.0040, RMSE_MU_per_atom=0.00 mDebye, RMSE_MU_DERIV=0.00 mDebye / A, RMSE_ALPHA_per_atom=    0.17, RMSE_ALPHA_DERIV=    6.96
2025-07-13 23:00:33.072 INFO: Epoch 145: head: Default, loss=0.0020, RMSE_MU_per_atom=0.00 mDebye, RMSE_MU_DERIV=0.00 mDebye / A, RMSE_ALPHA_per_atom=    0.12, RMSE_ALPHA_DERIV=    7.03
2025-07-13 23:01:32.264 INFO: Epoch 146: head: Default, loss=0.0019, RMSE_MU_per_atom=0.00 mDebye, RMSE_MU_DERIV=0.00 mDebye / A, RMSE_ALPHA_per_atom=    0.11, RMSE_ALPHA_DERIV=    7.03
2025-07-13 23:02:31.503 INFO: Epoch 147: head: Default, loss=0.0027, RMSE_MU_per_atom=0.00 mDebye, RMSE_MU_DERIV=0.00 mDebye / A, RMSE_ALPHA_per_atom=    0.13, RMSE_ALPHA_DERIV=    6.98
2025-07-13 23:03:30.694 INFO: Epoch 148: head: Default, loss=0.0023, RMSE_MU_per_atom=0.00 mDebye, RMSE_MU_DERIV=0.00 mDebye / A, RMSE_ALPHA_per_atom=    0.12, RMSE_ALPHA_DERIV=    6.97
2025-07-13 23:04:29.888 INFO: Epoch 149: head: Default, loss=0.0018, RMSE_MU_per_atom=0.00 mDebye, RMSE_MU_DERIV=0.00 mDebye / A, RMSE_ALPHA_per_atom=    0.11, RMSE_ALPHA_DERIV=    6.83
2025-07-13 23:05:29.125 INFO: Epoch 150: head: Default, loss=0.0025, RMSE_MU_per_atom=0.00 mDebye, RMSE_MU_DERIV=0.00 mDebye / A, RMSE_ALPHA_per_atom=    0.13, RMSE_ALPHA_DERIV=    6.95
2025-07-13 23:06:28.300 INFO: Epoch 151: head: Default, loss=0.0024, RMSE_MU_per_atom=0.00 mDebye, RMSE_MU_DERIV=0.00 mDebye / A, RMSE_ALPHA_per_atom=    0.13, RMSE_ALPHA_DERIV=    7.00
2025-07-13 23:07:27.489 INFO: Epoch 152: head: Default, loss=0.0024, RMSE_MU_per_atom=0.00 mDebye, RMSE_MU_DERIV=0.00 mDebye / A, RMSE_ALPHA_per_atom=    0.13, RMSE_ALPHA_DERIV=    6.91
2025-07-13 23:08:26.699 INFO: Epoch 153: head: Default, loss=0.0034, RMSE_MU_per_atom=0.00 mDebye, RMSE_MU_DERIV=0.00 mDebye / A, RMSE_ALPHA_per_atom=    0.15, RMSE_ALPHA_DERIV=    7.04
2025-07-13 23:09:25.891 INFO: Epoch 154: head: Default, loss=0.0030, RMSE_MU_per_atom=0.00 mDebye, RMSE_MU_DERIV=0.00 mDebye / A, RMSE_ALPHA_per_atom=    0.14, RMSE_ALPHA_DERIV=    6.98
2025-07-13 23:10:25.076 INFO: Epoch 155: head: Default, loss=0.0020, RMSE_MU_per_atom=0.00 mDebye, RMSE_MU_DERIV=0.00 mDebye / A, RMSE_ALPHA_per_atom=    0.12, RMSE_ALPHA_DERIV=    6.89
2025-07-13 23:11:24.279 INFO: Epoch 156: head: Default, loss=0.0032, RMSE_MU_per_atom=0.00 mDebye, RMSE_MU_DERIV=0.00 mDebye / A, RMSE_ALPHA_per_atom=    0.15, RMSE_ALPHA_DERIV=    6.89
2025-07-13 23:12:23.500 INFO: Epoch 157: head: Default, loss=0.0023, RMSE_MU_per_atom=0.00 mDebye, RMSE_MU_DERIV=0.00 mDebye / A, RMSE_ALPHA_per_atom=    0.13, RMSE_ALPHA_DERIV=    6.82
2025-07-13 23:13:22.715 INFO: Epoch 158: head: Default, loss=0.0042, RMSE_MU_per_atom=0.00 mDebye, RMSE_MU_DERIV=0.00 mDebye / A, RMSE_ALPHA_per_atom=    0.17, RMSE_ALPHA_DERIV=    6.82
2025-07-13 23:14:21.914 INFO: Epoch 159: head: Default, loss=0.0048, RMSE_MU_per_atom=0.00 mDebye, RMSE_MU_DERIV=0.00 mDebye / A, RMSE_ALPHA_per_atom=    0.18, RMSE_ALPHA_DERIV=    6.87
2025-07-13 23:15:21.113 INFO: Epoch 160: head: Default, loss=0.0021, RMSE_MU_per_atom=0.00 mDebye, RMSE_MU_DERIV=0.00 mDebye / A, RMSE_ALPHA_per_atom=    0.12, RMSE_ALPHA_DERIV=    6.83
2025-07-13 23:16:20.316 INFO: Epoch 161: head: Default, loss=0.0017, RMSE_MU_per_atom=0.00 mDebye, RMSE_MU_DERIV=0.00 mDebye / A, RMSE_ALPHA_per_atom=    0.11, RMSE_ALPHA_DERIV=    6.81
2025-07-13 23:17:19.576 INFO: Epoch 162: head: Default, loss=0.0020, RMSE_MU_per_atom=0.00 mDebye, RMSE_MU_DERIV=0.00 mDebye / A, RMSE_ALPHA_per_atom=    0.11, RMSE_ALPHA_DERIV=    6.84
2025-07-13 23:18:18.802 INFO: Epoch 163: head: Default, loss=0.0022, RMSE_MU_per_atom=0.00 mDebye, RMSE_MU_DERIV=0.00 mDebye / A, RMSE_ALPHA_per_atom=    0.12, RMSE_ALPHA_DERIV=    6.84
2025-07-13 23:19:18.030 INFO: Epoch 164: head: Default, loss=0.0032, RMSE_MU_per_atom=0.00 mDebye, RMSE_MU_DERIV=0.00 mDebye / A, RMSE_ALPHA_per_atom=    0.14, RMSE_ALPHA_DERIV=    6.94
2025-07-13 23:20:17.250 INFO: Epoch 165: head: Default, loss=0.0017, RMSE_MU_per_atom=0.00 mDebye, RMSE_MU_DERIV=0.00 mDebye / A, RMSE_ALPHA_per_atom=    0.11, RMSE_ALPHA_DERIV=    6.79
2025-07-13 23:21:16.499 INFO: Epoch 166: head: Default, loss=0.0019, RMSE_MU_per_atom=0.00 mDebye, RMSE_MU_DERIV=0.00 mDebye / A, RMSE_ALPHA_per_atom=    0.12, RMSE_ALPHA_DERIV=    6.76
2025-07-13 23:22:15.747 INFO: Epoch 167: head: Default, loss=0.0023, RMSE_MU_per_atom=0.00 mDebye, RMSE_MU_DERIV=0.00 mDebye / A, RMSE_ALPHA_per_atom=    0.12, RMSE_ALPHA_DERIV=    6.92
2025-07-13 23:23:14.975 INFO: Epoch 168: head: Default, loss=0.0027, RMSE_MU_per_atom=0.00 mDebye, RMSE_MU_DERIV=0.00 mDebye / A, RMSE_ALPHA_per_atom=    0.14, RMSE_ALPHA_DERIV=    6.83
2025-07-13 23:24:14.186 INFO: Epoch 169: head: Default, loss=0.0016, RMSE_MU_per_atom=0.00 mDebye, RMSE_MU_DERIV=0.00 mDebye / A, RMSE_ALPHA_per_atom=    0.11, RMSE_ALPHA_DERIV=    7.08
2025-07-13 23:25:13.444 INFO: Epoch 170: head: Default, loss=0.0028, RMSE_MU_per_atom=0.00 mDebye, RMSE_MU_DERIV=0.00 mDebye / A, RMSE_ALPHA_per_atom=    0.14, RMSE_ALPHA_DERIV=    6.84
2025-07-13 23:26:12.658 INFO: Epoch 171: head: Default, loss=0.0028, RMSE_MU_per_atom=0.00 mDebye, RMSE_MU_DERIV=0.00 mDebye / A, RMSE_ALPHA_per_atom=    0.14, RMSE_ALPHA_DERIV=    6.83
2025-07-13 23:27:11.875 INFO: Epoch 172: head: Default, loss=0.0024, RMSE_MU_per_atom=0.00 mDebye, RMSE_MU_DERIV=0.00 mDebye / A, RMSE_ALPHA_per_atom=    0.13, RMSE_ALPHA_DERIV=    6.87
2025-07-13 23:28:11.072 INFO: Epoch 173: head: Default, loss=0.0023, RMSE_MU_per_atom=0.00 mDebye, RMSE_MU_DERIV=0.00 mDebye / A, RMSE_ALPHA_per_atom=    0.12, RMSE_ALPHA_DERIV=    6.96
2025-07-13 23:29:10.281 INFO: Epoch 174: head: Default, loss=0.0035, RMSE_MU_per_atom=0.00 mDebye, RMSE_MU_DERIV=0.00 mDebye / A, RMSE_ALPHA_per_atom=    0.15, RMSE_ALPHA_DERIV=    6.94
2025-07-13 23:30:09.507 INFO: Epoch 175: head: Default, loss=0.0021, RMSE_MU_per_atom=0.00 mDebye, RMSE_MU_DERIV=0.00 mDebye / A, RMSE_ALPHA_per_atom=    0.12, RMSE_ALPHA_DERIV=    6.87
2025-07-13 23:31:08.703 INFO: Epoch 176: head: Default, loss=0.0024, RMSE_MU_per_atom=0.00 mDebye, RMSE_MU_DERIV=0.00 mDebye / A, RMSE_ALPHA_per_atom=    0.13, RMSE_ALPHA_DERIV=    6.81
2025-07-13 23:32:07.892 INFO: Epoch 177: head: Default, loss=0.0025, RMSE_MU_per_atom=0.00 mDebye, RMSE_MU_DERIV=0.00 mDebye / A, RMSE_ALPHA_per_atom=    0.13, RMSE_ALPHA_DERIV=    6.83
2025-07-13 23:33:07.090 INFO: Epoch 178: head: Default, loss=0.0029, RMSE_MU_per_atom=0.00 mDebye, RMSE_MU_DERIV=0.00 mDebye / A, RMSE_ALPHA_per_atom=    0.14, RMSE_ALPHA_DERIV=    6.74
2025-07-13 23:34:06.290 INFO: Epoch 179: head: Default, loss=0.0035, RMSE_MU_per_atom=0.00 mDebye, RMSE_MU_DERIV=0.00 mDebye / A, RMSE_ALPHA_per_atom=    0.16, RMSE_ALPHA_DERIV=    6.87
2025-07-13 23:35:05.500 INFO: Epoch 180: head: Default, loss=0.0069, RMSE_MU_per_atom=0.00 mDebye, RMSE_MU_DERIV=0.00 mDebye / A, RMSE_ALPHA_per_atom=    0.23, RMSE_ALPHA_DERIV=    6.85
2025-07-13 23:36:04.690 INFO: Epoch 181: head: Default, loss=0.0025, RMSE_MU_per_atom=0.00 mDebye, RMSE_MU_DERIV=0.00 mDebye / A, RMSE_ALPHA_per_atom=    0.13, RMSE_ALPHA_DERIV=    6.73
2025-07-13 23:37:03.893 INFO: Epoch 182: head: Default, loss=0.0021, RMSE_MU_per_atom=0.00 mDebye, RMSE_MU_DERIV=0.00 mDebye / A, RMSE_ALPHA_per_atom=    0.12, RMSE_ALPHA_DERIV=    6.73
2025-07-13 23:38:03.106 INFO: Epoch 183: head: Default, loss=0.0025, RMSE_MU_per_atom=0.00 mDebye, RMSE_MU_DERIV=0.00 mDebye / A, RMSE_ALPHA_per_atom=    0.13, RMSE_ALPHA_DERIV=    6.78
2025-07-13 23:39:02.293 INFO: Epoch 184: head: Default, loss=0.0019, RMSE_MU_per_atom=0.00 mDebye, RMSE_MU_DERIV=0.00 mDebye / A, RMSE_ALPHA_per_atom=    0.12, RMSE_ALPHA_DERIV=    6.66
2025-07-13 23:40:01.512 INFO: Epoch 185: head: Default, loss=0.0024, RMSE_MU_per_atom=0.00 mDebye, RMSE_MU_DERIV=0.00 mDebye / A, RMSE_ALPHA_per_atom=    0.13, RMSE_ALPHA_DERIV=    6.78
2025-07-13 23:41:00.722 INFO: Epoch 186: head: Default, loss=0.0017, RMSE_MU_per_atom=0.00 mDebye, RMSE_MU_DERIV=0.00 mDebye / A, RMSE_ALPHA_per_atom=    0.11, RMSE_ALPHA_DERIV=    6.72
2025-07-13 23:41:59.961 INFO: Epoch 187: head: Default, loss=0.0029, RMSE_MU_per_atom=0.00 mDebye, RMSE_MU_DERIV=0.00 mDebye / A, RMSE_ALPHA_per_atom=    0.14, RMSE_ALPHA_DERIV=    6.73
2025-07-13 23:42:59.186 INFO: Epoch 188: head: Default, loss=0.0020, RMSE_MU_per_atom=0.00 mDebye, RMSE_MU_DERIV=0.00 mDebye / A, RMSE_ALPHA_per_atom=    0.12, RMSE_ALPHA_DERIV=    6.65
2025-07-13 23:43:58.382 INFO: Epoch 189: head: Default, loss=0.0020, RMSE_MU_per_atom=0.00 mDebye, RMSE_MU_DERIV=0.00 mDebye / A, RMSE_ALPHA_per_atom=    0.12, RMSE_ALPHA_DERIV=    6.74
2025-07-13 23:44:57.577 INFO: Epoch 190: head: Default, loss=0.0015, RMSE_MU_per_atom=0.00 mDebye, RMSE_MU_DERIV=0.00 mDebye / A, RMSE_ALPHA_per_atom=    0.10, RMSE_ALPHA_DERIV=    6.82
2025-07-13 23:45:56.822 INFO: Epoch 191: head: Default, loss=0.0015, RMSE_MU_per_atom=0.00 mDebye, RMSE_MU_DERIV=0.00 mDebye / A, RMSE_ALPHA_per_atom=    0.10, RMSE_ALPHA_DERIV=    6.78
2025-07-13 23:46:56.019 INFO: Epoch 192: head: Default, loss=0.0020, RMSE_MU_per_atom=0.00 mDebye, RMSE_MU_DERIV=0.00 mDebye / A, RMSE_ALPHA_per_atom=    0.12, RMSE_ALPHA_DERIV=    6.80
2025-07-13 23:47:55.231 INFO: Epoch 193: head: Default, loss=0.0031, RMSE_MU_per_atom=0.00 mDebye, RMSE_MU_DERIV=0.00 mDebye / A, RMSE_ALPHA_per_atom=    0.15, RMSE_ALPHA_DERIV=    6.87
2025-07-13 23:48:54.452 INFO: Epoch 194: head: Default, loss=0.0025, RMSE_MU_per_atom=0.00 mDebye, RMSE_MU_DERIV=0.00 mDebye / A, RMSE_ALPHA_per_atom=    0.13, RMSE_ALPHA_DERIV=    6.82
2025-07-13 23:49:53.649 INFO: Epoch 195: head: Default, loss=0.0044, RMSE_MU_per_atom=0.00 mDebye, RMSE_MU_DERIV=0.00 mDebye / A, RMSE_ALPHA_per_atom=    0.17, RMSE_ALPHA_DERIV=    6.77
2025-07-13 23:50:52.850 INFO: Epoch 196: head: Default, loss=0.0020, RMSE_MU_per_atom=0.00 mDebye, RMSE_MU_DERIV=0.00 mDebye / A, RMSE_ALPHA_per_atom=    0.11, RMSE_ALPHA_DERIV=    6.87
2025-07-13 23:51:52.050 INFO: Epoch 197: head: Default, loss=0.0027, RMSE_MU_per_atom=0.00 mDebye, RMSE_MU_DERIV=0.00 mDebye / A, RMSE_ALPHA_per_atom=    0.13, RMSE_ALPHA_DERIV=    6.84
2025-07-13 23:52:51.273 INFO: Epoch 198: head: Default, loss=0.0014, RMSE_MU_per_atom=0.00 mDebye, RMSE_MU_DERIV=0.00 mDebye / A, RMSE_ALPHA_per_atom=    0.10, RMSE_ALPHA_DERIV=    6.85
2025-07-13 23:53:50.534 INFO: Epoch 199: head: Default, loss=0.0019, RMSE_MU_per_atom=0.00 mDebye, RMSE_MU_DERIV=0.00 mDebye / A, RMSE_ALPHA_per_atom=    0.11, RMSE_ALPHA_DERIV=    6.76
2025-07-13 23:54:49.748 INFO: Epoch 200: head: Default, loss=0.0020, RMSE_MU_per_atom=0.00 mDebye, RMSE_MU_DERIV=0.00 mDebye / A, RMSE_ALPHA_per_atom=    0.12, RMSE_ALPHA_DERIV=    6.71
2025-07-13 23:55:48.955 INFO: Epoch 201: head: Default, loss=0.0022, RMSE_MU_per_atom=0.00 mDebye, RMSE_MU_DERIV=0.00 mDebye / A, RMSE_ALPHA_per_atom=    0.13, RMSE_ALPHA_DERIV=    6.75
2025-07-13 23:56:48.151 INFO: Epoch 202: head: Default, loss=0.0016, RMSE_MU_per_atom=0.00 mDebye, RMSE_MU_DERIV=0.00 mDebye / A, RMSE_ALPHA_per_atom=    0.11, RMSE_ALPHA_DERIV=    6.81
2025-07-13 23:57:47.336 INFO: Epoch 203: head: Default, loss=0.0013, RMSE_MU_per_atom=0.00 mDebye, RMSE_MU_DERIV=0.00 mDebye / A, RMSE_ALPHA_per_atom=    0.09, RMSE_ALPHA_DERIV=    6.84
2025-07-13 23:58:46.572 INFO: Epoch 204: head: Default, loss=0.0013, RMSE_MU_per_atom=0.00 mDebye, RMSE_MU_DERIV=0.00 mDebye / A, RMSE_ALPHA_per_atom=    0.10, RMSE_ALPHA_DERIV=    6.81
2025-07-13 23:59:45.816 INFO: Epoch 205: head: Default, loss=0.0016, RMSE_MU_per_atom=0.00 mDebye, RMSE_MU_DERIV=0.00 mDebye / A, RMSE_ALPHA_per_atom=    0.11, RMSE_ALPHA_DERIV=    6.78
2025-07-14 00:00:45.031 INFO: Epoch 206: head: Default, loss=0.0022, RMSE_MU_per_atom=0.00 mDebye, RMSE_MU_DERIV=0.00 mDebye / A, RMSE_ALPHA_per_atom=    0.12, RMSE_ALPHA_DERIV=    6.79
2025-07-14 00:01:44.240 INFO: Epoch 207: head: Default, loss=0.0019, RMSE_MU_per_atom=0.00 mDebye, RMSE_MU_DERIV=0.00 mDebye / A, RMSE_ALPHA_per_atom=    0.11, RMSE_ALPHA_DERIV=    6.64
2025-07-14 00:02:43.449 INFO: Epoch 208: head: Default, loss=0.0017, RMSE_MU_per_atom=0.00 mDebye, RMSE_MU_DERIV=0.00 mDebye / A, RMSE_ALPHA_per_atom=    0.11, RMSE_ALPHA_DERIV=    6.68
2025-07-14 00:03:42.656 INFO: Epoch 209: head: Default, loss=0.0013, RMSE_MU_per_atom=0.00 mDebye, RMSE_MU_DERIV=0.00 mDebye / A, RMSE_ALPHA_per_atom=    0.09, RMSE_ALPHA_DERIV=    6.67
2025-07-14 00:04:41.907 INFO: Epoch 210: head: Default, loss=0.0026, RMSE_MU_per_atom=0.00 mDebye, RMSE_MU_DERIV=0.00 mDebye / A, RMSE_ALPHA_per_atom=    0.14, RMSE_ALPHA_DERIV=    6.66
2025-07-14 00:05:41.106 INFO: Epoch 211: head: Default, loss=0.0029, RMSE_MU_per_atom=0.00 mDebye, RMSE_MU_DERIV=0.00 mDebye / A, RMSE_ALPHA_per_atom=    0.15, RMSE_ALPHA_DERIV=    6.74
2025-07-14 00:06:40.301 INFO: Epoch 212: head: Default, loss=0.0015, RMSE_MU_per_atom=0.00 mDebye, RMSE_MU_DERIV=0.00 mDebye / A, RMSE_ALPHA_per_atom=    0.10, RMSE_ALPHA_DERIV=    6.68
2025-07-14 00:07:39.486 INFO: Epoch 213: head: Default, loss=0.0022, RMSE_MU_per_atom=0.00 mDebye, RMSE_MU_DERIV=0.00 mDebye / A, RMSE_ALPHA_per_atom=    0.12, RMSE_ALPHA_DERIV=    6.67
2025-07-14 00:08:38.667 INFO: Epoch 214: head: Default, loss=0.0021, RMSE_MU_per_atom=0.00 mDebye, RMSE_MU_DERIV=0.00 mDebye / A, RMSE_ALPHA_per_atom=    0.12, RMSE_ALPHA_DERIV=    6.89
2025-07-14 00:09:37.844 INFO: Epoch 215: head: Default, loss=0.0028, RMSE_MU_per_atom=0.00 mDebye, RMSE_MU_DERIV=0.00 mDebye / A, RMSE_ALPHA_per_atom=    0.14, RMSE_ALPHA_DERIV=    6.71
2025-07-14 00:10:37.001 INFO: Epoch 216: head: Default, loss=0.0020, RMSE_MU_per_atom=0.00 mDebye, RMSE_MU_DERIV=0.00 mDebye / A, RMSE_ALPHA_per_atom=    0.12, RMSE_ALPHA_DERIV=    6.85
2025-07-14 00:11:36.165 INFO: Epoch 217: head: Default, loss=0.0018, RMSE_MU_per_atom=0.00 mDebye, RMSE_MU_DERIV=0.00 mDebye / A, RMSE_ALPHA_per_atom=    0.11, RMSE_ALPHA_DERIV=    6.98
2025-07-14 00:12:35.334 INFO: Epoch 218: head: Default, loss=0.0014, RMSE_MU_per_atom=0.00 mDebye, RMSE_MU_DERIV=0.00 mDebye / A, RMSE_ALPHA_per_atom=    0.10, RMSE_ALPHA_DERIV=    6.86
2025-07-14 00:13:34.505 INFO: Epoch 219: head: Default, loss=0.0013, RMSE_MU_per_atom=0.00 mDebye, RMSE_MU_DERIV=0.00 mDebye / A, RMSE_ALPHA_per_atom=    0.10, RMSE_ALPHA_DERIV=    6.80
2025-07-14 00:14:33.795 INFO: Epoch 220: head: Default, loss=0.0023, RMSE_MU_per_atom=0.00 mDebye, RMSE_MU_DERIV=0.00 mDebye / A, RMSE_ALPHA_per_atom=    0.13, RMSE_ALPHA_DERIV=    7.05
2025-07-14 00:15:32.976 INFO: Epoch 221: head: Default, loss=0.0013, RMSE_MU_per_atom=0.00 mDebye, RMSE_MU_DERIV=0.00 mDebye / A, RMSE_ALPHA_per_atom=    0.09, RMSE_ALPHA_DERIV=    6.74
2025-07-14 00:16:32.212 INFO: Epoch 222: head: Default, loss=0.0018, RMSE_MU_per_atom=0.00 mDebye, RMSE_MU_DERIV=0.00 mDebye / A, RMSE_ALPHA_per_atom=    0.11, RMSE_ALPHA_DERIV=    6.82
2025-07-14 00:17:31.411 INFO: Epoch 223: head: Default, loss=0.0014, RMSE_MU_per_atom=0.00 mDebye, RMSE_MU_DERIV=0.00 mDebye / A, RMSE_ALPHA_per_atom=    0.10, RMSE_ALPHA_DERIV=    6.74
2025-07-14 00:18:30.617 INFO: Epoch 224: head: Default, loss=0.0018, RMSE_MU_per_atom=0.00 mDebye, RMSE_MU_DERIV=0.00 mDebye / A, RMSE_ALPHA_per_atom=    0.11, RMSE_ALPHA_DERIV=    6.77
2025-07-14 00:19:29.817 INFO: Epoch 225: head: Default, loss=0.0018, RMSE_MU_per_atom=0.00 mDebye, RMSE_MU_DERIV=0.00 mDebye / A, RMSE_ALPHA_per_atom=    0.11, RMSE_ALPHA_DERIV=    6.74
2025-07-14 00:20:29.008 INFO: Epoch 226: head: Default, loss=0.0020, RMSE_MU_per_atom=0.00 mDebye, RMSE_MU_DERIV=0.00 mDebye / A, RMSE_ALPHA_per_atom=    0.11, RMSE_ALPHA_DERIV=    6.93
2025-07-14 00:21:28.185 INFO: Epoch 227: head: Default, loss=0.0017, RMSE_MU_per_atom=0.00 mDebye, RMSE_MU_DERIV=0.00 mDebye / A, RMSE_ALPHA_per_atom=    0.11, RMSE_ALPHA_DERIV=    6.80
2025-07-14 00:22:27.369 INFO: Epoch 228: head: Default, loss=0.0018, RMSE_MU_per_atom=0.00 mDebye, RMSE_MU_DERIV=0.00 mDebye / A, RMSE_ALPHA_per_atom=    0.11, RMSE_ALPHA_DERIV=    6.89
2025-07-14 00:23:26.565 INFO: Epoch 229: head: Default, loss=0.0018, RMSE_MU_per_atom=0.00 mDebye, RMSE_MU_DERIV=0.00 mDebye / A, RMSE_ALPHA_per_atom=    0.11, RMSE_ALPHA_DERIV=    6.81
2025-07-14 00:24:25.760 INFO: Epoch 230: head: Default, loss=0.0015, RMSE_MU_per_atom=0.00 mDebye, RMSE_MU_DERIV=0.00 mDebye / A, RMSE_ALPHA_per_atom=    0.10, RMSE_ALPHA_DERIV=    6.81
2025-07-14 00:25:24.970 INFO: Epoch 231: head: Default, loss=0.0020, RMSE_MU_per_atom=0.00 mDebye, RMSE_MU_DERIV=0.00 mDebye / A, RMSE_ALPHA_per_atom=    0.12, RMSE_ALPHA_DERIV=    6.75
2025-07-14 00:26:24.177 INFO: Epoch 232: head: Default, loss=0.0018, RMSE_MU_per_atom=0.00 mDebye, RMSE_MU_DERIV=0.00 mDebye / A, RMSE_ALPHA_per_atom=    0.11, RMSE_ALPHA_DERIV=    6.75
2025-07-14 00:27:23.392 INFO: Epoch 233: head: Default, loss=0.0014, RMSE_MU_per_atom=0.00 mDebye, RMSE_MU_DERIV=0.00 mDebye / A, RMSE_ALPHA_per_atom=    0.10, RMSE_ALPHA_DERIV=    6.80
2025-07-14 00:28:22.580 INFO: Epoch 234: head: Default, loss=0.0013, RMSE_MU_per_atom=0.00 mDebye, RMSE_MU_DERIV=0.00 mDebye / A, RMSE_ALPHA_per_atom=    0.09, RMSE_ALPHA_DERIV=    6.76
2025-07-14 00:29:21.773 INFO: Epoch 235: head: Default, loss=0.0014, RMSE_MU_per_atom=0.00 mDebye, RMSE_MU_DERIV=0.00 mDebye / A, RMSE_ALPHA_per_atom=    0.10, RMSE_ALPHA_DERIV=    6.81
2025-07-14 00:30:20.971 INFO: Epoch 236: head: Default, loss=0.0023, RMSE_MU_per_atom=0.00 mDebye, RMSE_MU_DERIV=0.00 mDebye / A, RMSE_ALPHA_per_atom=    0.13, RMSE_ALPHA_DERIV=    6.71
2025-07-14 00:31:20.185 INFO: Epoch 237: head: Default, loss=0.0023, RMSE_MU_per_atom=0.00 mDebye, RMSE_MU_DERIV=0.00 mDebye / A, RMSE_ALPHA_per_atom=    0.13, RMSE_ALPHA_DERIV=    6.67
2025-07-14 00:32:19.393 INFO: Epoch 238: head: Default, loss=0.0037, RMSE_MU_per_atom=0.00 mDebye, RMSE_MU_DERIV=0.00 mDebye / A, RMSE_ALPHA_per_atom=    0.16, RMSE_ALPHA_DERIV=    6.76
2025-07-14 00:33:18.600 INFO: Epoch 239: head: Default, loss=0.0022, RMSE_MU_per_atom=0.00 mDebye, RMSE_MU_DERIV=0.00 mDebye / A, RMSE_ALPHA_per_atom=    0.12, RMSE_ALPHA_DERIV=    6.66
2025-07-14 00:34:17.802 INFO: Epoch 240: head: Default, loss=0.0019, RMSE_MU_per_atom=0.00 mDebye, RMSE_MU_DERIV=0.00 mDebye / A, RMSE_ALPHA_per_atom=    0.12, RMSE_ALPHA_DERIV=    6.71
2025-07-14 00:35:17.014 INFO: Epoch 241: head: Default, loss=0.0030, RMSE_MU_per_atom=0.00 mDebye, RMSE_MU_DERIV=0.00 mDebye / A, RMSE_ALPHA_per_atom=    0.15, RMSE_ALPHA_DERIV=    6.65
2025-07-14 00:36:16.224 INFO: Epoch 242: head: Default, loss=0.0015, RMSE_MU_per_atom=0.00 mDebye, RMSE_MU_DERIV=0.00 mDebye / A, RMSE_ALPHA_per_atom=    0.10, RMSE_ALPHA_DERIV=    6.71
2025-07-14 00:37:15.455 INFO: Epoch 243: head: Default, loss=0.0025, RMSE_MU_per_atom=0.00 mDebye, RMSE_MU_DERIV=0.00 mDebye / A, RMSE_ALPHA_per_atom=    0.13, RMSE_ALPHA_DERIV=    6.88
2025-07-14 00:38:14.674 INFO: Epoch 244: head: Default, loss=0.0014, RMSE_MU_per_atom=0.00 mDebye, RMSE_MU_DERIV=0.00 mDebye / A, RMSE_ALPHA_per_atom=    0.10, RMSE_ALPHA_DERIV=    6.71
2025-07-14 00:39:13.927 INFO: Epoch 245: head: Default, loss=0.0015, RMSE_MU_per_atom=0.00 mDebye, RMSE_MU_DERIV=0.00 mDebye / A, RMSE_ALPHA_per_atom=    0.10, RMSE_ALPHA_DERIV=    6.70
2025-07-14 00:40:13.167 INFO: Epoch 246: head: Default, loss=0.0017, RMSE_MU_per_atom=0.00 mDebye, RMSE_MU_DERIV=0.00 mDebye / A, RMSE_ALPHA_per_atom=    0.11, RMSE_ALPHA_DERIV=    6.70
2025-07-14 00:41:12.388 INFO: Epoch 247: head: Default, loss=0.0012, RMSE_MU_per_atom=0.00 mDebye, RMSE_MU_DERIV=0.00 mDebye / A, RMSE_ALPHA_per_atom=    0.09, RMSE_ALPHA_DERIV=    6.71
2025-07-14 00:42:11.654 INFO: Epoch 248: head: Default, loss=0.0024, RMSE_MU_per_atom=0.00 mDebye, RMSE_MU_DERIV=0.00 mDebye / A, RMSE_ALPHA_per_atom=    0.13, RMSE_ALPHA_DERIV=    6.78
2025-07-14 00:43:10.870 INFO: Epoch 249: head: Default, loss=0.0019, RMSE_MU_per_atom=0.00 mDebye, RMSE_MU_DERIV=0.00 mDebye / A, RMSE_ALPHA_per_atom=    0.11, RMSE_ALPHA_DERIV=    6.85
2025-07-14 00:44:10.108 INFO: Epoch 250: head: Default, loss=0.0015, RMSE_MU_per_atom=0.00 mDebye, RMSE_MU_DERIV=0.00 mDebye / A, RMSE_ALPHA_per_atom=    0.10, RMSE_ALPHA_DERIV=    6.82
2025-07-14 00:45:09.358 INFO: Epoch 251: head: Default, loss=0.0034, RMSE_MU_per_atom=0.00 mDebye, RMSE_MU_DERIV=0.00 mDebye / A, RMSE_ALPHA_per_atom=    0.15, RMSE_ALPHA_DERIV=    6.84
2025-07-14 00:46:08.591 INFO: Epoch 252: head: Default, loss=0.0016, RMSE_MU_per_atom=0.00 mDebye, RMSE_MU_DERIV=0.00 mDebye / A, RMSE_ALPHA_per_atom=    0.10, RMSE_ALPHA_DERIV=    6.87
2025-07-14 00:47:07.836 INFO: Epoch 253: head: Default, loss=0.0015, RMSE_MU_per_atom=0.00 mDebye, RMSE_MU_DERIV=0.00 mDebye / A, RMSE_ALPHA_per_atom=    0.10, RMSE_ALPHA_DERIV=    6.81
2025-07-14 00:48:07.067 INFO: Epoch 254: head: Default, loss=0.0012, RMSE_MU_per_atom=0.00 mDebye, RMSE_MU_DERIV=0.00 mDebye / A, RMSE_ALPHA_per_atom=    0.09, RMSE_ALPHA_DERIV=    6.77
2025-07-14 00:49:06.332 INFO: Epoch 255: head: Default, loss=0.0014, RMSE_MU_per_atom=0.00 mDebye, RMSE_MU_DERIV=0.00 mDebye / A, RMSE_ALPHA_per_atom=    0.10, RMSE_ALPHA_DERIV=    6.79
2025-07-14 00:50:05.549 INFO: Epoch 256: head: Default, loss=0.0016, RMSE_MU_per_atom=0.00 mDebye, RMSE_MU_DERIV=0.00 mDebye / A, RMSE_ALPHA_per_atom=    0.11, RMSE_ALPHA_DERIV=    6.84
2025-07-14 00:51:04.755 INFO: Epoch 257: head: Default, loss=0.0013, RMSE_MU_per_atom=0.00 mDebye, RMSE_MU_DERIV=0.00 mDebye / A, RMSE_ALPHA_per_atom=    0.09, RMSE_ALPHA_DERIV=    6.65
2025-07-14 00:52:03.980 INFO: Epoch 258: head: Default, loss=0.0021, RMSE_MU_per_atom=0.00 mDebye, RMSE_MU_DERIV=0.00 mDebye / A, RMSE_ALPHA_per_atom=    0.12, RMSE_ALPHA_DERIV=    6.84
2025-07-14 00:53:03.204 INFO: Epoch 259: head: Default, loss=0.0025, RMSE_MU_per_atom=0.00 mDebye, RMSE_MU_DERIV=0.00 mDebye / A, RMSE_ALPHA_per_atom=    0.13, RMSE_ALPHA_DERIV=    6.82
2025-07-14 00:54:02.434 INFO: Epoch 260: head: Default, loss=0.0014, RMSE_MU_per_atom=0.00 mDebye, RMSE_MU_DERIV=0.00 mDebye / A, RMSE_ALPHA_per_atom=    0.10, RMSE_ALPHA_DERIV=    6.70
2025-07-14 00:55:01.636 INFO: Epoch 261: head: Default, loss=0.0014, RMSE_MU_per_atom=0.00 mDebye, RMSE_MU_DERIV=0.00 mDebye / A, RMSE_ALPHA_per_atom=    0.10, RMSE_ALPHA_DERIV=    6.80
2025-07-14 00:56:00.847 INFO: Epoch 262: head: Default, loss=0.0024, RMSE_MU_per_atom=0.00 mDebye, RMSE_MU_DERIV=0.00 mDebye / A, RMSE_ALPHA_per_atom=    0.13, RMSE_ALPHA_DERIV=    6.82
2025-07-14 00:57:00.053 INFO: Epoch 263: head: Default, loss=0.0016, RMSE_MU_per_atom=0.00 mDebye, RMSE_MU_DERIV=0.00 mDebye / A, RMSE_ALPHA_per_atom=    0.11, RMSE_ALPHA_DERIV=    6.85
2025-07-14 00:57:59.249 INFO: Epoch 264: head: Default, loss=0.0013, RMSE_MU_per_atom=0.00 mDebye, RMSE_MU_DERIV=0.00 mDebye / A, RMSE_ALPHA_per_atom=    0.10, RMSE_ALPHA_DERIV=    6.66
2025-07-14 00:58:58.440 INFO: Epoch 265: head: Default, loss=0.0015, RMSE_MU_per_atom=0.00 mDebye, RMSE_MU_DERIV=0.00 mDebye / A, RMSE_ALPHA_per_atom=    0.10, RMSE_ALPHA_DERIV=    6.79
2025-07-14 00:59:57.649 INFO: Epoch 266: head: Default, loss=0.0013, RMSE_MU_per_atom=0.00 mDebye, RMSE_MU_DERIV=0.00 mDebye / A, RMSE_ALPHA_per_atom=    0.09, RMSE_ALPHA_DERIV=    6.64
2025-07-14 01:00:56.844 INFO: Epoch 267: head: Default, loss=0.0017, RMSE_MU_per_atom=0.00 mDebye, RMSE_MU_DERIV=0.00 mDebye / A, RMSE_ALPHA_per_atom=    0.11, RMSE_ALPHA_DERIV=    6.68
2025-07-14 01:01:56.041 INFO: Epoch 268: head: Default, loss=0.0014, RMSE_MU_per_atom=0.00 mDebye, RMSE_MU_DERIV=0.00 mDebye / A, RMSE_ALPHA_per_atom=    0.10, RMSE_ALPHA_DERIV=    6.79
2025-07-14 01:02:55.244 INFO: Epoch 269: head: Default, loss=0.0013, RMSE_MU_per_atom=0.00 mDebye, RMSE_MU_DERIV=0.00 mDebye / A, RMSE_ALPHA_per_atom=    0.10, RMSE_ALPHA_DERIV=    6.74
2025-07-14 01:03:54.451 INFO: Epoch 270: head: Default, loss=0.0016, RMSE_MU_per_atom=0.00 mDebye, RMSE_MU_DERIV=0.00 mDebye / A, RMSE_ALPHA_per_atom=    0.10, RMSE_ALPHA_DERIV=    6.77
2025-07-14 01:04:53.656 INFO: Epoch 271: head: Default, loss=0.0019, RMSE_MU_per_atom=0.00 mDebye, RMSE_MU_DERIV=0.00 mDebye / A, RMSE_ALPHA_per_atom=    0.11, RMSE_ALPHA_DERIV=    6.82
2025-07-14 01:05:52.862 INFO: Epoch 272: head: Default, loss=0.0013, RMSE_MU_per_atom=0.00 mDebye, RMSE_MU_DERIV=0.00 mDebye / A, RMSE_ALPHA_per_atom=    0.10, RMSE_ALPHA_DERIV=    6.74
2025-07-14 01:06:52.086 INFO: Epoch 273: head: Default, loss=0.0018, RMSE_MU_per_atom=0.00 mDebye, RMSE_MU_DERIV=0.00 mDebye / A, RMSE_ALPHA_per_atom=    0.11, RMSE_ALPHA_DERIV=    6.79
2025-07-14 01:07:51.320 INFO: Epoch 274: head: Default, loss=0.0018, RMSE_MU_per_atom=0.00 mDebye, RMSE_MU_DERIV=0.00 mDebye / A, RMSE_ALPHA_per_atom=    0.11, RMSE_ALPHA_DERIV=    6.71
2025-07-14 01:08:50.548 INFO: Epoch 275: head: Default, loss=0.0017, RMSE_MU_per_atom=0.00 mDebye, RMSE_MU_DERIV=0.00 mDebye / A, RMSE_ALPHA_per_atom=    0.11, RMSE_ALPHA_DERIV=    6.75
2025-07-14 01:09:49.754 INFO: Epoch 276: head: Default, loss=0.0031, RMSE_MU_per_atom=0.00 mDebye, RMSE_MU_DERIV=0.00 mDebye / A, RMSE_ALPHA_per_atom=    0.14, RMSE_ALPHA_DERIV=    6.80
2025-07-14 01:10:48.969 INFO: Epoch 277: head: Default, loss=0.0016, RMSE_MU_per_atom=0.00 mDebye, RMSE_MU_DERIV=0.00 mDebye / A, RMSE_ALPHA_per_atom=    0.11, RMSE_ALPHA_DERIV=    6.76
2025-07-14 01:11:48.186 INFO: Epoch 278: head: Default, loss=0.0012, RMSE_MU_per_atom=0.00 mDebye, RMSE_MU_DERIV=0.00 mDebye / A, RMSE_ALPHA_per_atom=    0.09, RMSE_ALPHA_DERIV=    6.70
2025-07-14 01:12:47.389 INFO: Epoch 279: head: Default, loss=0.0014, RMSE_MU_per_atom=0.00 mDebye, RMSE_MU_DERIV=0.00 mDebye / A, RMSE_ALPHA_per_atom=    0.10, RMSE_ALPHA_DERIV=    6.71
2025-07-14 01:13:46.591 INFO: Epoch 280: head: Default, loss=0.0013, RMSE_MU_per_atom=0.00 mDebye, RMSE_MU_DERIV=0.00 mDebye / A, RMSE_ALPHA_per_atom=    0.09, RMSE_ALPHA_DERIV=    6.71
2025-07-14 01:14:45.824 INFO: Epoch 281: head: Default, loss=0.0015, RMSE_MU_per_atom=0.00 mDebye, RMSE_MU_DERIV=0.00 mDebye / A, RMSE_ALPHA_per_atom=    0.10, RMSE_ALPHA_DERIV=    6.72
2025-07-14 01:15:45.041 INFO: Epoch 282: head: Default, loss=0.0014, RMSE_MU_per_atom=0.00 mDebye, RMSE_MU_DERIV=0.00 mDebye / A, RMSE_ALPHA_per_atom=    0.10, RMSE_ALPHA_DERIV=    6.81
2025-07-14 01:16:44.267 INFO: Epoch 283: head: Default, loss=0.0016, RMSE_MU_per_atom=0.00 mDebye, RMSE_MU_DERIV=0.00 mDebye / A, RMSE_ALPHA_per_atom=    0.10, RMSE_ALPHA_DERIV=    6.83
2025-07-14 01:17:43.478 INFO: Epoch 284: head: Default, loss=0.0014, RMSE_MU_per_atom=0.00 mDebye, RMSE_MU_DERIV=0.00 mDebye / A, RMSE_ALPHA_per_atom=    0.10, RMSE_ALPHA_DERIV=    6.76
2025-07-14 01:18:42.719 INFO: Epoch 285: head: Default, loss=0.0010, RMSE_MU_per_atom=0.00 mDebye, RMSE_MU_DERIV=0.00 mDebye / A, RMSE_ALPHA_per_atom=    0.09, RMSE_ALPHA_DERIV=    6.69
2025-07-14 01:19:42.030 INFO: Epoch 286: head: Default, loss=0.0012, RMSE_MU_per_atom=0.00 mDebye, RMSE_MU_DERIV=0.00 mDebye / A, RMSE_ALPHA_per_atom=    0.09, RMSE_ALPHA_DERIV=    6.80
2025-07-14 01:20:41.295 INFO: Epoch 287: head: Default, loss=0.0012, RMSE_MU_per_atom=0.00 mDebye, RMSE_MU_DERIV=0.00 mDebye / A, RMSE_ALPHA_per_atom=    0.09, RMSE_ALPHA_DERIV=    6.81
2025-07-14 01:21:40.558 INFO: Epoch 288: head: Default, loss=0.0009, RMSE_MU_per_atom=0.00 mDebye, RMSE_MU_DERIV=0.00 mDebye / A, RMSE_ALPHA_per_atom=    0.08, RMSE_ALPHA_DERIV=    6.72
2025-07-14 01:22:39.866 INFO: Epoch 289: head: Default, loss=0.0016, RMSE_MU_per_atom=0.00 mDebye, RMSE_MU_DERIV=0.00 mDebye / A, RMSE_ALPHA_per_atom=    0.11, RMSE_ALPHA_DERIV=    6.70
2025-07-14 01:23:39.117 INFO: Epoch 290: head: Default, loss=0.0020, RMSE_MU_per_atom=0.00 mDebye, RMSE_MU_DERIV=0.00 mDebye / A, RMSE_ALPHA_per_atom=    0.12, RMSE_ALPHA_DERIV=    6.77
2025-07-14 01:24:38.355 INFO: Epoch 291: head: Default, loss=0.0014, RMSE_MU_per_atom=0.00 mDebye, RMSE_MU_DERIV=0.00 mDebye / A, RMSE_ALPHA_per_atom=    0.10, RMSE_ALPHA_DERIV=    6.70
2025-07-14 01:25:37.567 INFO: Epoch 292: head: Default, loss=0.0018, RMSE_MU_per_atom=0.00 mDebye, RMSE_MU_DERIV=0.00 mDebye / A, RMSE_ALPHA_per_atom=    0.11, RMSE_ALPHA_DERIV=    6.75
2025-07-14 01:26:36.763 INFO: Epoch 293: head: Default, loss=0.0018, RMSE_MU_per_atom=0.00 mDebye, RMSE_MU_DERIV=0.00 mDebye / A, RMSE_ALPHA_per_atom=    0.11, RMSE_ALPHA_DERIV=    6.81
2025-07-14 01:27:35.970 INFO: Epoch 294: head: Default, loss=0.0015, RMSE_MU_per_atom=0.00 mDebye, RMSE_MU_DERIV=0.00 mDebye / A, RMSE_ALPHA_per_atom=    0.10, RMSE_ALPHA_DERIV=    6.93
2025-07-14 01:28:35.179 INFO: Epoch 295: head: Default, loss=0.0014, RMSE_MU_per_atom=0.00 mDebye, RMSE_MU_DERIV=0.00 mDebye / A, RMSE_ALPHA_per_atom=    0.10, RMSE_ALPHA_DERIV=    6.78
2025-07-14 01:29:34.371 INFO: Epoch 296: head: Default, loss=0.0014, RMSE_MU_per_atom=0.00 mDebye, RMSE_MU_DERIV=0.00 mDebye / A, RMSE_ALPHA_per_atom=    0.10, RMSE_ALPHA_DERIV=    6.74
2025-07-14 01:30:33.559 INFO: Epoch 297: head: Default, loss=0.0010, RMSE_MU_per_atom=0.00 mDebye, RMSE_MU_DERIV=0.00 mDebye / A, RMSE_ALPHA_per_atom=    0.09, RMSE_ALPHA_DERIV=    6.65
2025-07-14 01:31:32.763 INFO: Epoch 298: head: Default, loss=0.0015, RMSE_MU_per_atom=0.00 mDebye, RMSE_MU_DERIV=0.00 mDebye / A, RMSE_ALPHA_per_atom=    0.10, RMSE_ALPHA_DERIV=    6.75
2025-07-14 01:32:31.967 INFO: Epoch 299: head: Default, loss=0.0012, RMSE_MU_per_atom=0.00 mDebye, RMSE_MU_DERIV=0.00 mDebye / A, RMSE_ALPHA_per_atom=    0.09, RMSE_ALPHA_DERIV=    6.69
2025-07-14 01:33:31.196 INFO: Epoch 300: head: Default, loss=0.0013, RMSE_MU_per_atom=0.00 mDebye, RMSE_MU_DERIV=0.00 mDebye / A, RMSE_ALPHA_per_atom=    0.09, RMSE_ALPHA_DERIV=    6.74
2025-07-14 01:34:30.400 INFO: Epoch 301: head: Default, loss=0.0012, RMSE_MU_per_atom=0.00 mDebye, RMSE_MU_DERIV=0.00 mDebye / A, RMSE_ALPHA_per_atom=    0.09, RMSE_ALPHA_DERIV=    6.75
2025-07-14 01:35:29.609 INFO: Epoch 302: head: Default, loss=0.0011, RMSE_MU_per_atom=0.00 mDebye, RMSE_MU_DERIV=0.00 mDebye / A, RMSE_ALPHA_per_atom=    0.09, RMSE_ALPHA_DERIV=    6.76
2025-07-14 01:36:28.823 INFO: Epoch 303: head: Default, loss=0.0016, RMSE_MU_per_atom=0.00 mDebye, RMSE_MU_DERIV=0.00 mDebye / A, RMSE_ALPHA_per_atom=    0.11, RMSE_ALPHA_DERIV=    6.80
2025-07-14 01:37:28.022 INFO: Epoch 304: head: Default, loss=0.0015, RMSE_MU_per_atom=0.00 mDebye, RMSE_MU_DERIV=0.00 mDebye / A, RMSE_ALPHA_per_atom=    0.10, RMSE_ALPHA_DERIV=    6.77
2025-07-14 01:38:27.253 INFO: Epoch 305: head: Default, loss=0.0014, RMSE_MU_per_atom=0.00 mDebye, RMSE_MU_DERIV=0.00 mDebye / A, RMSE_ALPHA_per_atom=    0.10, RMSE_ALPHA_DERIV=    6.81
2025-07-14 01:39:26.469 INFO: Epoch 306: head: Default, loss=0.0014, RMSE_MU_per_atom=0.00 mDebye, RMSE_MU_DERIV=0.00 mDebye / A, RMSE_ALPHA_per_atom=    0.10, RMSE_ALPHA_DERIV=    6.73
2025-07-14 01:40:25.683 INFO: Epoch 307: head: Default, loss=0.0014, RMSE_MU_per_atom=0.00 mDebye, RMSE_MU_DERIV=0.00 mDebye / A, RMSE_ALPHA_per_atom=    0.10, RMSE_ALPHA_DERIV=    6.67
2025-07-14 01:41:24.909 INFO: Epoch 308: head: Default, loss=0.0022, RMSE_MU_per_atom=0.00 mDebye, RMSE_MU_DERIV=0.00 mDebye / A, RMSE_ALPHA_per_atom=    0.12, RMSE_ALPHA_DERIV=    6.78
2025-07-14 01:42:24.114 INFO: Epoch 309: head: Default, loss=0.0021, RMSE_MU_per_atom=0.00 mDebye, RMSE_MU_DERIV=0.00 mDebye / A, RMSE_ALPHA_per_atom=    0.12, RMSE_ALPHA_DERIV=    6.82
2025-07-14 01:43:23.340 INFO: Epoch 310: head: Default, loss=0.0015, RMSE_MU_per_atom=0.00 mDebye, RMSE_MU_DERIV=0.00 mDebye / A, RMSE_ALPHA_per_atom=    0.10, RMSE_ALPHA_DERIV=    6.61
2025-07-14 01:44:22.569 INFO: Epoch 311: head: Default, loss=0.0022, RMSE_MU_per_atom=0.00 mDebye, RMSE_MU_DERIV=0.00 mDebye / A, RMSE_ALPHA_per_atom=    0.12, RMSE_ALPHA_DERIV=    6.68
2025-07-14 01:45:21.798 INFO: Epoch 312: head: Default, loss=0.0020, RMSE_MU_per_atom=0.00 mDebye, RMSE_MU_DERIV=0.00 mDebye / A, RMSE_ALPHA_per_atom=    0.12, RMSE_ALPHA_DERIV=    6.91
2025-07-14 01:46:21.023 INFO: Epoch 313: head: Default, loss=0.0014, RMSE_MU_per_atom=0.00 mDebye, RMSE_MU_DERIV=0.00 mDebye / A, RMSE_ALPHA_per_atom=    0.10, RMSE_ALPHA_DERIV=    6.77
2025-07-14 01:47:20.247 INFO: Epoch 314: head: Default, loss=0.0013, RMSE_MU_per_atom=0.00 mDebye, RMSE_MU_DERIV=0.00 mDebye / A, RMSE_ALPHA_per_atom=    0.09, RMSE_ALPHA_DERIV=    6.73
2025-07-14 01:48:19.462 INFO: Epoch 315: head: Default, loss=0.0014, RMSE_MU_per_atom=0.00 mDebye, RMSE_MU_DERIV=0.00 mDebye / A, RMSE_ALPHA_per_atom=    0.10, RMSE_ALPHA_DERIV=    6.83
2025-07-14 01:49:18.665 INFO: Epoch 316: head: Default, loss=0.0015, RMSE_MU_per_atom=0.00 mDebye, RMSE_MU_DERIV=0.00 mDebye / A, RMSE_ALPHA_per_atom=    0.10, RMSE_ALPHA_DERIV=    6.75
2025-07-14 01:50:17.851 INFO: Epoch 317: head: Default, loss=0.0024, RMSE_MU_per_atom=0.00 mDebye, RMSE_MU_DERIV=0.00 mDebye / A, RMSE_ALPHA_per_atom=    0.13, RMSE_ALPHA_DERIV=    6.83
2025-07-14 01:51:17.037 INFO: Epoch 318: head: Default, loss=0.0011, RMSE_MU_per_atom=0.00 mDebye, RMSE_MU_DERIV=0.00 mDebye / A, RMSE_ALPHA_per_atom=    0.09, RMSE_ALPHA_DERIV=    6.69
2025-07-14 01:52:16.234 INFO: Epoch 319: head: Default, loss=0.0012, RMSE_MU_per_atom=0.00 mDebye, RMSE_MU_DERIV=0.00 mDebye / A, RMSE_ALPHA_per_atom=    0.09, RMSE_ALPHA_DERIV=    6.72
2025-07-14 01:53:15.466 INFO: Epoch 320: head: Default, loss=0.0022, RMSE_MU_per_atom=0.00 mDebye, RMSE_MU_DERIV=0.00 mDebye / A, RMSE_ALPHA_per_atom=    0.13, RMSE_ALPHA_DERIV=    6.71
2025-07-14 01:54:14.678 INFO: Epoch 321: head: Default, loss=0.0017, RMSE_MU_per_atom=0.00 mDebye, RMSE_MU_DERIV=0.00 mDebye / A, RMSE_ALPHA_per_atom=    0.11, RMSE_ALPHA_DERIV=    6.82
2025-07-14 01:55:13.919 INFO: Epoch 322: head: Default, loss=0.0015, RMSE_MU_per_atom=0.00 mDebye, RMSE_MU_DERIV=0.00 mDebye / A, RMSE_ALPHA_per_atom=    0.10, RMSE_ALPHA_DERIV=    6.90
2025-07-14 01:56:13.140 INFO: Epoch 323: head: Default, loss=0.0016, RMSE_MU_per_atom=0.00 mDebye, RMSE_MU_DERIV=0.00 mDebye / A, RMSE_ALPHA_per_atom=    0.11, RMSE_ALPHA_DERIV=    6.86
2025-07-14 01:57:12.414 INFO: Epoch 324: head: Default, loss=0.0012, RMSE_MU_per_atom=0.00 mDebye, RMSE_MU_DERIV=0.00 mDebye / A, RMSE_ALPHA_per_atom=    0.09, RMSE_ALPHA_DERIV=    6.75
2025-07-14 01:58:11.666 INFO: Epoch 325: head: Default, loss=0.0013, RMSE_MU_per_atom=0.00 mDebye, RMSE_MU_DERIV=0.00 mDebye / A, RMSE_ALPHA_per_atom=    0.09, RMSE_ALPHA_DERIV=    6.71
2025-07-14 01:59:10.905 INFO: Epoch 326: head: Default, loss=0.0023, RMSE_MU_per_atom=0.00 mDebye, RMSE_MU_DERIV=0.00 mDebye / A, RMSE_ALPHA_per_atom=    0.12, RMSE_ALPHA_DERIV=    6.83
2025-07-14 02:00:10.130 INFO: Epoch 327: head: Default, loss=0.0015, RMSE_MU_per_atom=0.00 mDebye, RMSE_MU_DERIV=0.00 mDebye / A, RMSE_ALPHA_per_atom=    0.10, RMSE_ALPHA_DERIV=    6.67
2025-07-14 02:01:09.333 INFO: Epoch 328: head: Default, loss=0.0011, RMSE_MU_per_atom=0.00 mDebye, RMSE_MU_DERIV=0.00 mDebye / A, RMSE_ALPHA_per_atom=    0.09, RMSE_ALPHA_DERIV=    6.74
2025-07-14 02:02:08.526 INFO: Epoch 329: head: Default, loss=0.0015, RMSE_MU_per_atom=0.00 mDebye, RMSE_MU_DERIV=0.00 mDebye / A, RMSE_ALPHA_per_atom=    0.10, RMSE_ALPHA_DERIV=    6.71
2025-07-14 02:03:07.740 INFO: Epoch 330: head: Default, loss=0.0013, RMSE_MU_per_atom=0.00 mDebye, RMSE_MU_DERIV=0.00 mDebye / A, RMSE_ALPHA_per_atom=    0.09, RMSE_ALPHA_DERIV=    6.60
2025-07-14 02:04:06.962 INFO: Epoch 331: head: Default, loss=0.0017, RMSE_MU_per_atom=0.00 mDebye, RMSE_MU_DERIV=0.00 mDebye / A, RMSE_ALPHA_per_atom=    0.11, RMSE_ALPHA_DERIV=    6.75
2025-07-14 02:05:06.172 INFO: Epoch 332: head: Default, loss=0.0015, RMSE_MU_per_atom=0.00 mDebye, RMSE_MU_DERIV=0.00 mDebye / A, RMSE_ALPHA_per_atom=    0.10, RMSE_ALPHA_DERIV=    6.76
2025-07-14 02:06:05.398 INFO: Epoch 333: head: Default, loss=0.0015, RMSE_MU_per_atom=0.00 mDebye, RMSE_MU_DERIV=0.00 mDebye / A, RMSE_ALPHA_per_atom=    0.10, RMSE_ALPHA_DERIV=    6.79
2025-07-14 02:07:04.632 INFO: Epoch 334: head: Default, loss=0.0011, RMSE_MU_per_atom=0.00 mDebye, RMSE_MU_DERIV=0.00 mDebye / A, RMSE_ALPHA_per_atom=    0.09, RMSE_ALPHA_DERIV=    6.70
2025-07-14 02:08:03.875 INFO: Epoch 335: head: Default, loss=0.0011, RMSE_MU_per_atom=0.00 mDebye, RMSE_MU_DERIV=0.00 mDebye / A, RMSE_ALPHA_per_atom=    0.09, RMSE_ALPHA_DERIV=    6.81
2025-07-14 02:09:03.108 INFO: Epoch 336: head: Default, loss=0.0026, RMSE_MU_per_atom=0.00 mDebye, RMSE_MU_DERIV=0.00 mDebye / A, RMSE_ALPHA_per_atom=    0.13, RMSE_ALPHA_DERIV=    6.81
2025-07-14 02:10:02.308 INFO: Epoch 337: head: Default, loss=0.0013, RMSE_MU_per_atom=0.00 mDebye, RMSE_MU_DERIV=0.00 mDebye / A, RMSE_ALPHA_per_atom=    0.10, RMSE_ALPHA_DERIV=    6.77
2025-07-14 02:11:01.516 INFO: Epoch 338: head: Default, loss=0.0019, RMSE_MU_per_atom=0.00 mDebye, RMSE_MU_DERIV=0.00 mDebye / A, RMSE_ALPHA_per_atom=    0.12, RMSE_ALPHA_DERIV=    6.74
2025-07-14 02:12:00.729 INFO: Epoch 339: head: Default, loss=0.0014, RMSE_MU_per_atom=0.00 mDebye, RMSE_MU_DERIV=0.00 mDebye / A, RMSE_ALPHA_per_atom=    0.10, RMSE_ALPHA_DERIV=    6.85
2025-07-14 02:12:59.942 INFO: Epoch 340: head: Default, loss=0.0012, RMSE_MU_per_atom=0.00 mDebye, RMSE_MU_DERIV=0.00 mDebye / A, RMSE_ALPHA_per_atom=    0.09, RMSE_ALPHA_DERIV=    6.73
2025-07-14 02:13:59.180 INFO: Epoch 341: head: Default, loss=0.0014, RMSE_MU_per_atom=0.00 mDebye, RMSE_MU_DERIV=0.00 mDebye / A, RMSE_ALPHA_per_atom=    0.10, RMSE_ALPHA_DERIV=    6.72
2025-07-14 02:14:58.427 INFO: Epoch 342: head: Default, loss=0.0014, RMSE_MU_per_atom=0.00 mDebye, RMSE_MU_DERIV=0.00 mDebye / A, RMSE_ALPHA_per_atom=    0.10, RMSE_ALPHA_DERIV=    6.74
2025-07-14 02:15:57.676 INFO: Epoch 343: head: Default, loss=0.0016, RMSE_MU_per_atom=0.00 mDebye, RMSE_MU_DERIV=0.00 mDebye / A, RMSE_ALPHA_per_atom=    0.11, RMSE_ALPHA_DERIV=    6.82
2025-07-14 02:16:56.896 INFO: Epoch 344: head: Default, loss=0.0017, RMSE_MU_per_atom=0.00 mDebye, RMSE_MU_DERIV=0.00 mDebye / A, RMSE_ALPHA_per_atom=    0.11, RMSE_ALPHA_DERIV=    6.75
2025-07-14 02:17:56.117 INFO: Epoch 345: head: Default, loss=0.0011, RMSE_MU_per_atom=0.00 mDebye, RMSE_MU_DERIV=0.00 mDebye / A, RMSE_ALPHA_per_atom=    0.09, RMSE_ALPHA_DERIV=    6.71
2025-07-14 02:18:55.352 INFO: Epoch 346: head: Default, loss=0.0012, RMSE_MU_per_atom=0.00 mDebye, RMSE_MU_DERIV=0.00 mDebye / A, RMSE_ALPHA_per_atom=    0.09, RMSE_ALPHA_DERIV=    6.76
2025-07-14 02:19:54.582 INFO: Epoch 347: head: Default, loss=0.0017, RMSE_MU_per_atom=0.00 mDebye, RMSE_MU_DERIV=0.00 mDebye / A, RMSE_ALPHA_per_atom=    0.11, RMSE_ALPHA_DERIV=    6.76
2025-07-14 02:20:53.825 INFO: Epoch 348: head: Default, loss=0.0014, RMSE_MU_per_atom=0.00 mDebye, RMSE_MU_DERIV=0.00 mDebye / A, RMSE_ALPHA_per_atom=    0.10, RMSE_ALPHA_DERIV=    6.79
2025-07-14 02:21:53.041 INFO: Epoch 349: head: Default, loss=0.0019, RMSE_MU_per_atom=0.00 mDebye, RMSE_MU_DERIV=0.00 mDebye / A, RMSE_ALPHA_per_atom=    0.12, RMSE_ALPHA_DERIV=    6.81
2025-07-14 02:22:52.230 INFO: Epoch 350: head: Default, loss=0.0012, RMSE_MU_per_atom=0.00 mDebye, RMSE_MU_DERIV=0.00 mDebye / A, RMSE_ALPHA_per_atom=    0.09, RMSE_ALPHA_DERIV=    6.76
2025-07-14 02:23:51.421 INFO: Epoch 351: head: Default, loss=0.0012, RMSE_MU_per_atom=0.00 mDebye, RMSE_MU_DERIV=0.00 mDebye / A, RMSE_ALPHA_per_atom=    0.09, RMSE_ALPHA_DERIV=    6.73
2025-07-14 02:24:50.613 INFO: Epoch 352: head: Default, loss=0.0015, RMSE_MU_per_atom=0.00 mDebye, RMSE_MU_DERIV=0.00 mDebye / A, RMSE_ALPHA_per_atom=    0.10, RMSE_ALPHA_DERIV=    6.82
2025-07-14 02:25:49.826 INFO: Epoch 353: head: Default, loss=0.0014, RMSE_MU_per_atom=0.00 mDebye, RMSE_MU_DERIV=0.00 mDebye / A, RMSE_ALPHA_per_atom=    0.10, RMSE_ALPHA_DERIV=    6.74
2025-07-14 02:26:49.046 INFO: Epoch 354: head: Default, loss=0.0009, RMSE_MU_per_atom=0.00 mDebye, RMSE_MU_DERIV=0.00 mDebye / A, RMSE_ALPHA_per_atom=    0.08, RMSE_ALPHA_DERIV=    6.70
2025-07-14 02:27:48.247 INFO: Epoch 355: head: Default, loss=0.0014, RMSE_MU_per_atom=0.00 mDebye, RMSE_MU_DERIV=0.00 mDebye / A, RMSE_ALPHA_per_atom=    0.10, RMSE_ALPHA_DERIV=    6.69
2025-07-14 02:28:47.430 INFO: Epoch 356: head: Default, loss=0.0009, RMSE_MU_per_atom=0.00 mDebye, RMSE_MU_DERIV=0.00 mDebye / A, RMSE_ALPHA_per_atom=    0.08, RMSE_ALPHA_DERIV=    6.70
2025-07-14 02:29:46.610 INFO: Epoch 357: head: Default, loss=0.0014, RMSE_MU_per_atom=0.00 mDebye, RMSE_MU_DERIV=0.00 mDebye / A, RMSE_ALPHA_per_atom=    0.10, RMSE_ALPHA_DERIV=    6.70
2025-07-14 02:30:45.805 INFO: Epoch 358: head: Default, loss=0.0017, RMSE_MU_per_atom=0.00 mDebye, RMSE_MU_DERIV=0.00 mDebye / A, RMSE_ALPHA_per_atom=    0.11, RMSE_ALPHA_DERIV=    6.72
2025-07-14 02:31:44.999 INFO: Epoch 359: head: Default, loss=0.0015, RMSE_MU_per_atom=0.00 mDebye, RMSE_MU_DERIV=0.00 mDebye / A, RMSE_ALPHA_per_atom=    0.10, RMSE_ALPHA_DERIV=    6.73
2025-07-14 02:32:44.181 INFO: Epoch 360: head: Default, loss=0.0010, RMSE_MU_per_atom=0.00 mDebye, RMSE_MU_DERIV=0.00 mDebye / A, RMSE_ALPHA_per_atom=    0.09, RMSE_ALPHA_DERIV=    6.72
2025-07-14 02:33:43.365 INFO: Epoch 361: head: Default, loss=0.0019, RMSE_MU_per_atom=0.00 mDebye, RMSE_MU_DERIV=0.00 mDebye / A, RMSE_ALPHA_per_atom=    0.11, RMSE_ALPHA_DERIV=    6.82
2025-07-14 02:34:42.565 INFO: Epoch 362: head: Default, loss=0.0013, RMSE_MU_per_atom=0.00 mDebye, RMSE_MU_DERIV=0.00 mDebye / A, RMSE_ALPHA_per_atom=    0.10, RMSE_ALPHA_DERIV=    6.72
2025-07-14 02:35:41.758 INFO: Epoch 363: head: Default, loss=0.0011, RMSE_MU_per_atom=0.00 mDebye, RMSE_MU_DERIV=0.00 mDebye / A, RMSE_ALPHA_per_atom=    0.09, RMSE_ALPHA_DERIV=    6.70
2025-07-14 02:36:40.942 INFO: Epoch 364: head: Default, loss=0.0013, RMSE_MU_per_atom=0.00 mDebye, RMSE_MU_DERIV=0.00 mDebye / A, RMSE_ALPHA_per_atom=    0.10, RMSE_ALPHA_DERIV=    6.65
2025-07-14 02:37:40.142 INFO: Epoch 365: head: Default, loss=0.0012, RMSE_MU_per_atom=0.00 mDebye, RMSE_MU_DERIV=0.00 mDebye / A, RMSE_ALPHA_per_atom=    0.09, RMSE_ALPHA_DERIV=    6.65
2025-07-14 02:38:39.345 INFO: Epoch 366: head: Default, loss=0.0011, RMSE_MU_per_atom=0.00 mDebye, RMSE_MU_DERIV=0.00 mDebye / A, RMSE_ALPHA_per_atom=    0.09, RMSE_ALPHA_DERIV=    6.66
2025-07-14 02:39:38.539 INFO: Epoch 367: head: Default, loss=0.0016, RMSE_MU_per_atom=0.00 mDebye, RMSE_MU_DERIV=0.00 mDebye / A, RMSE_ALPHA_per_atom=    0.11, RMSE_ALPHA_DERIV=    6.64
2025-07-14 02:40:37.722 INFO: Epoch 368: head: Default, loss=0.0011, RMSE_MU_per_atom=0.00 mDebye, RMSE_MU_DERIV=0.00 mDebye / A, RMSE_ALPHA_per_atom=    0.09, RMSE_ALPHA_DERIV=    6.65
2025-07-14 02:41:36.909 INFO: Epoch 369: head: Default, loss=0.0011, RMSE_MU_per_atom=0.00 mDebye, RMSE_MU_DERIV=0.00 mDebye / A, RMSE_ALPHA_per_atom=    0.09, RMSE_ALPHA_DERIV=    6.64
2025-07-14 02:42:36.090 INFO: Epoch 370: head: Default, loss=0.0009, RMSE_MU_per_atom=0.00 mDebye, RMSE_MU_DERIV=0.00 mDebye / A, RMSE_ALPHA_per_atom=    0.08, RMSE_ALPHA_DERIV=    6.64
2025-07-14 02:43:35.314 INFO: Epoch 371: head: Default, loss=0.0013, RMSE_MU_per_atom=0.00 mDebye, RMSE_MU_DERIV=0.00 mDebye / A, RMSE_ALPHA_per_atom=    0.10, RMSE_ALPHA_DERIV=    6.71
2025-07-14 02:44:34.509 INFO: Epoch 372: head: Default, loss=0.0012, RMSE_MU_per_atom=0.00 mDebye, RMSE_MU_DERIV=0.00 mDebye / A, RMSE_ALPHA_per_atom=    0.09, RMSE_ALPHA_DERIV=    6.60
2025-07-14 02:45:33.720 INFO: Epoch 373: head: Default, loss=0.0013, RMSE_MU_per_atom=0.00 mDebye, RMSE_MU_DERIV=0.00 mDebye / A, RMSE_ALPHA_per_atom=    0.09, RMSE_ALPHA_DERIV=    6.72
2025-07-14 02:46:32.910 INFO: Epoch 374: head: Default, loss=0.0012, RMSE_MU_per_atom=0.00 mDebye, RMSE_MU_DERIV=0.00 mDebye / A, RMSE_ALPHA_per_atom=    0.09, RMSE_ALPHA_DERIV=    6.69
2025-07-14 02:47:32.114 INFO: Epoch 375: head: Default, loss=0.0012, RMSE_MU_per_atom=0.00 mDebye, RMSE_MU_DERIV=0.00 mDebye / A, RMSE_ALPHA_per_atom=    0.09, RMSE_ALPHA_DERIV=    6.64
2025-07-14 02:48:31.298 INFO: Epoch 376: head: Default, loss=0.0009, RMSE_MU_per_atom=0.00 mDebye, RMSE_MU_DERIV=0.00 mDebye / A, RMSE_ALPHA_per_atom=    0.08, RMSE_ALPHA_DERIV=    6.70
2025-07-14 02:49:30.488 INFO: Epoch 377: head: Default, loss=0.0011, RMSE_MU_per_atom=0.00 mDebye, RMSE_MU_DERIV=0.00 mDebye / A, RMSE_ALPHA_per_atom=    0.09, RMSE_ALPHA_DERIV=    6.72
2025-07-14 02:50:29.690 INFO: Epoch 378: head: Default, loss=0.0011, RMSE_MU_per_atom=0.00 mDebye, RMSE_MU_DERIV=0.00 mDebye / A, RMSE_ALPHA_per_atom=    0.09, RMSE_ALPHA_DERIV=    6.73
2025-07-14 02:51:28.884 INFO: Epoch 379: head: Default, loss=0.0010, RMSE_MU_per_atom=0.00 mDebye, RMSE_MU_DERIV=0.00 mDebye / A, RMSE_ALPHA_per_atom=    0.08, RMSE_ALPHA_DERIV=    6.59
2025-07-14 02:52:28.072 INFO: Epoch 380: head: Default, loss=0.0009, RMSE_MU_per_atom=0.00 mDebye, RMSE_MU_DERIV=0.00 mDebye / A, RMSE_ALPHA_per_atom=    0.08, RMSE_ALPHA_DERIV=    6.61
2025-07-14 02:53:27.263 INFO: Epoch 381: head: Default, loss=0.0013, RMSE_MU_per_atom=0.00 mDebye, RMSE_MU_DERIV=0.00 mDebye / A, RMSE_ALPHA_per_atom=    0.10, RMSE_ALPHA_DERIV=    6.70
2025-07-14 02:54:26.449 INFO: Epoch 382: head: Default, loss=0.0013, RMSE_MU_per_atom=0.00 mDebye, RMSE_MU_DERIV=0.00 mDebye / A, RMSE_ALPHA_per_atom=    0.09, RMSE_ALPHA_DERIV=    6.70
2025-07-14 02:55:25.650 INFO: Epoch 383: head: Default, loss=0.0011, RMSE_MU_per_atom=0.00 mDebye, RMSE_MU_DERIV=0.00 mDebye / A, RMSE_ALPHA_per_atom=    0.09, RMSE_ALPHA_DERIV=    6.68
2025-07-14 02:56:24.854 INFO: Epoch 384: head: Default, loss=0.0011, RMSE_MU_per_atom=0.00 mDebye, RMSE_MU_DERIV=0.00 mDebye / A, RMSE_ALPHA_per_atom=    0.09, RMSE_ALPHA_DERIV=    6.67
2025-07-14 02:57:24.070 INFO: Epoch 385: head: Default, loss=0.0011, RMSE_MU_per_atom=0.00 mDebye, RMSE_MU_DERIV=0.00 mDebye / A, RMSE_ALPHA_per_atom=    0.09, RMSE_ALPHA_DERIV=    6.76
2025-07-14 02:58:23.273 INFO: Epoch 386: head: Default, loss=0.0011, RMSE_MU_per_atom=0.00 mDebye, RMSE_MU_DERIV=0.00 mDebye / A, RMSE_ALPHA_per_atom=    0.09, RMSE_ALPHA_DERIV=    6.64
2025-07-14 02:59:22.457 INFO: Epoch 387: head: Default, loss=0.0014, RMSE_MU_per_atom=0.00 mDebye, RMSE_MU_DERIV=0.00 mDebye / A, RMSE_ALPHA_per_atom=    0.10, RMSE_ALPHA_DERIV=    6.70
2025-07-14 03:00:21.648 INFO: Epoch 388: head: Default, loss=0.0010, RMSE_MU_per_atom=0.00 mDebye, RMSE_MU_DERIV=0.00 mDebye / A, RMSE_ALPHA_per_atom=    0.09, RMSE_ALPHA_DERIV=    6.67
2025-07-14 03:01:20.836 INFO: Epoch 389: head: Default, loss=0.0014, RMSE_MU_per_atom=0.00 mDebye, RMSE_MU_DERIV=0.00 mDebye / A, RMSE_ALPHA_per_atom=    0.10, RMSE_ALPHA_DERIV=    6.69
2025-07-14 03:02:20.028 INFO: Epoch 390: head: Default, loss=0.0017, RMSE_MU_per_atom=0.00 mDebye, RMSE_MU_DERIV=0.00 mDebye / A, RMSE_ALPHA_per_atom=    0.11, RMSE_ALPHA_DERIV=    6.70
2025-07-14 03:03:19.216 INFO: Epoch 391: head: Default, loss=0.0010, RMSE_MU_per_atom=0.00 mDebye, RMSE_MU_DERIV=0.00 mDebye / A, RMSE_ALPHA_per_atom=    0.08, RMSE_ALPHA_DERIV=    6.63
2025-07-14 03:04:18.405 INFO: Epoch 392: head: Default, loss=0.0012, RMSE_MU_per_atom=0.00 mDebye, RMSE_MU_DERIV=0.00 mDebye / A, RMSE_ALPHA_per_atom=    0.09, RMSE_ALPHA_DERIV=    6.73
2025-07-14 03:05:17.606 INFO: Epoch 393: head: Default, loss=0.0010, RMSE_MU_per_atom=0.00 mDebye, RMSE_MU_DERIV=0.00 mDebye / A, RMSE_ALPHA_per_atom=    0.08, RMSE_ALPHA_DERIV=    6.68
2025-07-14 03:06:16.820 INFO: Epoch 394: head: Default, loss=0.0010, RMSE_MU_per_atom=0.00 mDebye, RMSE_MU_DERIV=0.00 mDebye / A, RMSE_ALPHA_per_atom=    0.09, RMSE_ALPHA_DERIV=    6.67
2025-07-14 03:07:16.036 INFO: Epoch 395: head: Default, loss=0.0010, RMSE_MU_per_atom=0.00 mDebye, RMSE_MU_DERIV=0.00 mDebye / A, RMSE_ALPHA_per_atom=    0.09, RMSE_ALPHA_DERIV=    6.62
2025-07-14 03:08:15.249 INFO: Epoch 396: head: Default, loss=0.0013, RMSE_MU_per_atom=0.00 mDebye, RMSE_MU_DERIV=0.00 mDebye / A, RMSE_ALPHA_per_atom=    0.10, RMSE_ALPHA_DERIV=    6.67
2025-07-14 03:09:14.446 INFO: Epoch 397: head: Default, loss=0.0012, RMSE_MU_per_atom=0.00 mDebye, RMSE_MU_DERIV=0.00 mDebye / A, RMSE_ALPHA_per_atom=    0.09, RMSE_ALPHA_DERIV=    6.76
2025-07-14 03:10:13.635 INFO: Epoch 398: head: Default, loss=0.0011, RMSE_MU_per_atom=0.00 mDebye, RMSE_MU_DERIV=0.00 mDebye / A, RMSE_ALPHA_per_atom=    0.09, RMSE_ALPHA_DERIV=    6.70
2025-07-14 03:11:12.833 INFO: Epoch 399: head: Default, loss=0.0010, RMSE_MU_per_atom=0.00 mDebye, RMSE_MU_DERIV=0.00 mDebye / A, RMSE_ALPHA_per_atom=    0.09, RMSE_ALPHA_DERIV=    6.66
2025-07-14 03:12:12.040 INFO: Epoch 400: head: Default, loss=0.0009, RMSE_MU_per_atom=0.00 mDebye, RMSE_MU_DERIV=0.00 mDebye / A, RMSE_ALPHA_per_atom=    0.08, RMSE_ALPHA_DERIV=    6.70
2025-07-14 03:13:11.231 INFO: Epoch 401: head: Default, loss=0.0015, RMSE_MU_per_atom=0.00 mDebye, RMSE_MU_DERIV=0.00 mDebye / A, RMSE_ALPHA_per_atom=    0.10, RMSE_ALPHA_DERIV=    6.71
2025-07-14 03:14:10.428 INFO: Epoch 402: head: Default, loss=0.0013, RMSE_MU_per_atom=0.00 mDebye, RMSE_MU_DERIV=0.00 mDebye / A, RMSE_ALPHA_per_atom=    0.10, RMSE_ALPHA_DERIV=    6.73
2025-07-14 03:15:09.630 INFO: Epoch 403: head: Default, loss=0.0012, RMSE_MU_per_atom=0.00 mDebye, RMSE_MU_DERIV=0.00 mDebye / A, RMSE_ALPHA_per_atom=    0.09, RMSE_ALPHA_DERIV=    6.71
2025-07-14 03:16:08.839 INFO: Epoch 404: head: Default, loss=0.0013, RMSE_MU_per_atom=0.00 mDebye, RMSE_MU_DERIV=0.00 mDebye / A, RMSE_ALPHA_per_atom=    0.10, RMSE_ALPHA_DERIV=    6.73
2025-07-14 03:17:08.035 INFO: Epoch 405: head: Default, loss=0.0013, RMSE_MU_per_atom=0.00 mDebye, RMSE_MU_DERIV=0.00 mDebye / A, RMSE_ALPHA_per_atom=    0.09, RMSE_ALPHA_DERIV=    6.72
2025-07-14 03:18:07.238 INFO: Epoch 406: head: Default, loss=0.0010, RMSE_MU_per_atom=0.00 mDebye, RMSE_MU_DERIV=0.00 mDebye / A, RMSE_ALPHA_per_atom=    0.08, RMSE_ALPHA_DERIV=    6.66
2025-07-14 03:19:06.434 INFO: Epoch 407: head: Default, loss=0.0012, RMSE_MU_per_atom=0.00 mDebye, RMSE_MU_DERIV=0.00 mDebye / A, RMSE_ALPHA_per_atom=    0.09, RMSE_ALPHA_DERIV=    6.64
2025-07-14 03:20:05.640 INFO: Epoch 408: head: Default, loss=0.0010, RMSE_MU_per_atom=0.00 mDebye, RMSE_MU_DERIV=0.00 mDebye / A, RMSE_ALPHA_per_atom=    0.09, RMSE_ALPHA_DERIV=    6.65
2025-07-14 03:21:04.845 INFO: Epoch 409: head: Default, loss=0.0011, RMSE_MU_per_atom=0.00 mDebye, RMSE_MU_DERIV=0.00 mDebye / A, RMSE_ALPHA_per_atom=    0.09, RMSE_ALPHA_DERIV=    6.66
2025-07-14 03:22:04.049 INFO: Epoch 410: head: Default, loss=0.0011, RMSE_MU_per_atom=0.00 mDebye, RMSE_MU_DERIV=0.00 mDebye / A, RMSE_ALPHA_per_atom=    0.09, RMSE_ALPHA_DERIV=    6.66
2025-07-14 03:23:03.257 INFO: Epoch 411: head: Default, loss=0.0011, RMSE_MU_per_atom=0.00 mDebye, RMSE_MU_DERIV=0.00 mDebye / A, RMSE_ALPHA_per_atom=    0.09, RMSE_ALPHA_DERIV=    6.69
2025-07-14 03:24:02.456 INFO: Epoch 412: head: Default, loss=0.0013, RMSE_MU_per_atom=0.00 mDebye, RMSE_MU_DERIV=0.00 mDebye / A, RMSE_ALPHA_per_atom=    0.10, RMSE_ALPHA_DERIV=    6.68
2025-07-14 03:25:01.667 INFO: Epoch 413: head: Default, loss=0.0010, RMSE_MU_per_atom=0.00 mDebye, RMSE_MU_DERIV=0.00 mDebye / A, RMSE_ALPHA_per_atom=    0.08, RMSE_ALPHA_DERIV=    6.65
2025-07-14 03:26:00.862 INFO: Epoch 414: head: Default, loss=0.0011, RMSE_MU_per_atom=0.00 mDebye, RMSE_MU_DERIV=0.00 mDebye / A, RMSE_ALPHA_per_atom=    0.09, RMSE_ALPHA_DERIV=    6.63
2025-07-14 03:27:00.053 INFO: Epoch 415: head: Default, loss=0.0011, RMSE_MU_per_atom=0.00 mDebye, RMSE_MU_DERIV=0.00 mDebye / A, RMSE_ALPHA_per_atom=    0.09, RMSE_ALPHA_DERIV=    6.66
2025-07-14 03:27:59.254 INFO: Epoch 416: head: Default, loss=0.0009, RMSE_MU_per_atom=0.00 mDebye, RMSE_MU_DERIV=0.00 mDebye / A, RMSE_ALPHA_per_atom=    0.08, RMSE_ALPHA_DERIV=    6.67
2025-07-14 03:28:58.463 INFO: Epoch 417: head: Default, loss=0.0016, RMSE_MU_per_atom=0.00 mDebye, RMSE_MU_DERIV=0.00 mDebye / A, RMSE_ALPHA_per_atom=    0.11, RMSE_ALPHA_DERIV=    6.79
2025-07-14 03:29:57.675 INFO: Epoch 418: head: Default, loss=0.0014, RMSE_MU_per_atom=0.00 mDebye, RMSE_MU_DERIV=0.00 mDebye / A, RMSE_ALPHA_per_atom=    0.10, RMSE_ALPHA_DERIV=    6.66
2025-07-14 03:30:56.884 INFO: Epoch 419: head: Default, loss=0.0012, RMSE_MU_per_atom=0.00 mDebye, RMSE_MU_DERIV=0.00 mDebye / A, RMSE_ALPHA_per_atom=    0.10, RMSE_ALPHA_DERIV=    6.63
2025-07-14 03:31:56.133 INFO: Epoch 420: head: Default, loss=0.0009, RMSE_MU_per_atom=0.00 mDebye, RMSE_MU_DERIV=0.00 mDebye / A, RMSE_ALPHA_per_atom=    0.08, RMSE_ALPHA_DERIV=    6.62
2025-07-14 03:32:55.341 INFO: Epoch 421: head: Default, loss=0.0014, RMSE_MU_per_atom=0.00 mDebye, RMSE_MU_DERIV=0.00 mDebye / A, RMSE_ALPHA_per_atom=    0.10, RMSE_ALPHA_DERIV=    6.65
2025-07-14 03:33:54.561 INFO: Epoch 422: head: Default, loss=0.0011, RMSE_MU_per_atom=0.00 mDebye, RMSE_MU_DERIV=0.00 mDebye / A, RMSE_ALPHA_per_atom=    0.09, RMSE_ALPHA_DERIV=    6.68
2025-07-14 03:34:53.784 INFO: Epoch 423: head: Default, loss=0.0011, RMSE_MU_per_atom=0.00 mDebye, RMSE_MU_DERIV=0.00 mDebye / A, RMSE_ALPHA_per_atom=    0.09, RMSE_ALPHA_DERIV=    6.68
2025-07-14 03:35:53.012 INFO: Epoch 424: head: Default, loss=0.0012, RMSE_MU_per_atom=0.00 mDebye, RMSE_MU_DERIV=0.00 mDebye / A, RMSE_ALPHA_per_atom=    0.09, RMSE_ALPHA_DERIV=    6.66
2025-07-14 03:36:52.233 INFO: Epoch 425: head: Default, loss=0.0010, RMSE_MU_per_atom=0.00 mDebye, RMSE_MU_DERIV=0.00 mDebye / A, RMSE_ALPHA_per_atom=    0.09, RMSE_ALPHA_DERIV=    6.65
2025-07-14 03:37:51.448 INFO: Epoch 426: head: Default, loss=0.0012, RMSE_MU_per_atom=0.00 mDebye, RMSE_MU_DERIV=0.00 mDebye / A, RMSE_ALPHA_per_atom=    0.09, RMSE_ALPHA_DERIV=    6.68
2025-07-14 03:38:50.677 INFO: Epoch 427: head: Default, loss=0.0011, RMSE_MU_per_atom=0.00 mDebye, RMSE_MU_DERIV=0.00 mDebye / A, RMSE_ALPHA_per_atom=    0.09, RMSE_ALPHA_DERIV=    6.66
2025-07-14 03:39:49.888 INFO: Epoch 428: head: Default, loss=0.0011, RMSE_MU_per_atom=0.00 mDebye, RMSE_MU_DERIV=0.00 mDebye / A, RMSE_ALPHA_per_atom=    0.09, RMSE_ALPHA_DERIV=    6.61
2025-07-14 03:40:49.080 INFO: Epoch 429: head: Default, loss=0.0011, RMSE_MU_per_atom=0.00 mDebye, RMSE_MU_DERIV=0.00 mDebye / A, RMSE_ALPHA_per_atom=    0.09, RMSE_ALPHA_DERIV=    6.63
2025-07-14 03:41:48.296 INFO: Epoch 430: head: Default, loss=0.0011, RMSE_MU_per_atom=0.00 mDebye, RMSE_MU_DERIV=0.00 mDebye / A, RMSE_ALPHA_per_atom=    0.09, RMSE_ALPHA_DERIV=    6.65
2025-07-14 03:42:47.481 INFO: Epoch 431: head: Default, loss=0.0015, RMSE_MU_per_atom=0.00 mDebye, RMSE_MU_DERIV=0.00 mDebye / A, RMSE_ALPHA_per_atom=    0.10, RMSE_ALPHA_DERIV=    6.69
2025-07-14 03:43:46.657 INFO: Epoch 432: head: Default, loss=0.0009, RMSE_MU_per_atom=0.00 mDebye, RMSE_MU_DERIV=0.00 mDebye / A, RMSE_ALPHA_per_atom=    0.08, RMSE_ALPHA_DERIV=    6.61
2025-07-14 03:44:45.851 INFO: Epoch 433: head: Default, loss=0.0012, RMSE_MU_per_atom=0.00 mDebye, RMSE_MU_DERIV=0.00 mDebye / A, RMSE_ALPHA_per_atom=    0.09, RMSE_ALPHA_DERIV=    6.65
2025-07-14 03:45:45.051 INFO: Epoch 434: head: Default, loss=0.0012, RMSE_MU_per_atom=0.00 mDebye, RMSE_MU_DERIV=0.00 mDebye / A, RMSE_ALPHA_per_atom=    0.09, RMSE_ALPHA_DERIV=    6.68
2025-07-14 03:46:44.231 INFO: Epoch 435: head: Default, loss=0.0010, RMSE_MU_per_atom=0.00 mDebye, RMSE_MU_DERIV=0.00 mDebye / A, RMSE_ALPHA_per_atom=    0.09, RMSE_ALPHA_DERIV=    6.67
2025-07-14 03:47:43.430 INFO: Epoch 436: head: Default, loss=0.0011, RMSE_MU_per_atom=0.00 mDebye, RMSE_MU_DERIV=0.00 mDebye / A, RMSE_ALPHA_per_atom=    0.09, RMSE_ALPHA_DERIV=    6.68
2025-07-14 03:48:42.639 INFO: Epoch 437: head: Default, loss=0.0012, RMSE_MU_per_atom=0.00 mDebye, RMSE_MU_DERIV=0.00 mDebye / A, RMSE_ALPHA_per_atom=    0.09, RMSE_ALPHA_DERIV=    6.70
2025-07-14 03:49:41.850 INFO: Epoch 438: head: Default, loss=0.0011, RMSE_MU_per_atom=0.00 mDebye, RMSE_MU_DERIV=0.00 mDebye / A, RMSE_ALPHA_per_atom=    0.09, RMSE_ALPHA_DERIV=    6.67
2025-07-14 03:50:41.061 INFO: Epoch 439: head: Default, loss=0.0012, RMSE_MU_per_atom=0.00 mDebye, RMSE_MU_DERIV=0.00 mDebye / A, RMSE_ALPHA_per_atom=    0.09, RMSE_ALPHA_DERIV=    6.64
2025-07-14 03:51:40.272 INFO: Epoch 440: head: Default, loss=0.0012, RMSE_MU_per_atom=0.00 mDebye, RMSE_MU_DERIV=0.00 mDebye / A, RMSE_ALPHA_per_atom=    0.09, RMSE_ALPHA_DERIV=    6.66
2025-07-14 03:52:39.489 INFO: Epoch 441: head: Default, loss=0.0010, RMSE_MU_per_atom=0.00 mDebye, RMSE_MU_DERIV=0.00 mDebye / A, RMSE_ALPHA_per_atom=    0.08, RMSE_ALPHA_DERIV=    6.65
2025-07-14 03:53:38.694 INFO: Epoch 442: head: Default, loss=0.0011, RMSE_MU_per_atom=0.00 mDebye, RMSE_MU_DERIV=0.00 mDebye / A, RMSE_ALPHA_per_atom=    0.09, RMSE_ALPHA_DERIV=    6.68
2025-07-14 03:54:37.903 INFO: Epoch 443: head: Default, loss=0.0011, RMSE_MU_per_atom=0.00 mDebye, RMSE_MU_DERIV=0.00 mDebye / A, RMSE_ALPHA_per_atom=    0.09, RMSE_ALPHA_DERIV=    6.60
2025-07-14 03:55:37.123 INFO: Epoch 444: head: Default, loss=0.0009, RMSE_MU_per_atom=0.00 mDebye, RMSE_MU_DERIV=0.00 mDebye / A, RMSE_ALPHA_per_atom=    0.08, RMSE_ALPHA_DERIV=    6.69
2025-07-14 03:56:36.344 INFO: Epoch 445: head: Default, loss=0.0011, RMSE_MU_per_atom=0.00 mDebye, RMSE_MU_DERIV=0.00 mDebye / A, RMSE_ALPHA_per_atom=    0.09, RMSE_ALPHA_DERIV=    6.67
2025-07-14 03:57:35.549 INFO: Epoch 446: head: Default, loss=0.0011, RMSE_MU_per_atom=0.00 mDebye, RMSE_MU_DERIV=0.00 mDebye / A, RMSE_ALPHA_per_atom=    0.09, RMSE_ALPHA_DERIV=    6.64
2025-07-14 03:58:34.773 INFO: Epoch 447: head: Default, loss=0.0011, RMSE_MU_per_atom=0.00 mDebye, RMSE_MU_DERIV=0.00 mDebye / A, RMSE_ALPHA_per_atom=    0.09, RMSE_ALPHA_DERIV=    6.68
2025-07-14 03:59:33.995 INFO: Epoch 448: head: Default, loss=0.0011, RMSE_MU_per_atom=0.00 mDebye, RMSE_MU_DERIV=0.00 mDebye / A, RMSE_ALPHA_per_atom=    0.09, RMSE_ALPHA_DERIV=    6.67
2025-07-14 04:00:33.233 INFO: Epoch 449: head: Default, loss=0.0009, RMSE_MU_per_atom=0.00 mDebye, RMSE_MU_DERIV=0.00 mDebye / A, RMSE_ALPHA_per_atom=    0.08, RMSE_ALPHA_DERIV=    6.64
2025-07-14 04:01:32.446 INFO: Epoch 450: head: Default, loss=0.0013, RMSE_MU_per_atom=0.00 mDebye, RMSE_MU_DERIV=0.00 mDebye / A, RMSE_ALPHA_per_atom=    0.10, RMSE_ALPHA_DERIV=    6.64
2025-07-14 04:02:31.644 INFO: Epoch 451: head: Default, loss=0.0011, RMSE_MU_per_atom=0.00 mDebye, RMSE_MU_DERIV=0.00 mDebye / A, RMSE_ALPHA_per_atom=    0.09, RMSE_ALPHA_DERIV=    6.64
2025-07-14 04:03:30.840 INFO: Epoch 452: head: Default, loss=0.0009, RMSE_MU_per_atom=0.00 mDebye, RMSE_MU_DERIV=0.00 mDebye / A, RMSE_ALPHA_per_atom=    0.08, RMSE_ALPHA_DERIV=    6.63
2025-07-14 04:04:30.039 INFO: Epoch 453: head: Default, loss=0.0011, RMSE_MU_per_atom=0.00 mDebye, RMSE_MU_DERIV=0.00 mDebye / A, RMSE_ALPHA_per_atom=    0.09, RMSE_ALPHA_DERIV=    6.64
2025-07-14 04:05:29.227 INFO: Epoch 454: head: Default, loss=0.0011, RMSE_MU_per_atom=0.00 mDebye, RMSE_MU_DERIV=0.00 mDebye / A, RMSE_ALPHA_per_atom=    0.09, RMSE_ALPHA_DERIV=    6.58
2025-07-14 04:06:28.457 INFO: Epoch 455: head: Default, loss=0.0012, RMSE_MU_per_atom=0.00 mDebye, RMSE_MU_DERIV=0.00 mDebye / A, RMSE_ALPHA_per_atom=    0.09, RMSE_ALPHA_DERIV=    6.66
2025-07-14 04:07:27.677 INFO: Epoch 456: head: Default, loss=0.0012, RMSE_MU_per_atom=0.00 mDebye, RMSE_MU_DERIV=0.00 mDebye / A, RMSE_ALPHA_per_atom=    0.09, RMSE_ALPHA_DERIV=    6.65
2025-07-14 04:08:26.911 INFO: Epoch 457: head: Default, loss=0.0011, RMSE_MU_per_atom=0.00 mDebye, RMSE_MU_DERIV=0.00 mDebye / A, RMSE_ALPHA_per_atom=    0.09, RMSE_ALPHA_DERIV=    6.65
2025-07-14 04:09:26.119 INFO: Epoch 458: head: Default, loss=0.0011, RMSE_MU_per_atom=0.00 mDebye, RMSE_MU_DERIV=0.00 mDebye / A, RMSE_ALPHA_per_atom=    0.09, RMSE_ALPHA_DERIV=    6.57
2025-07-14 04:10:25.336 INFO: Epoch 459: head: Default, loss=0.0010, RMSE_MU_per_atom=0.00 mDebye, RMSE_MU_DERIV=0.00 mDebye / A, RMSE_ALPHA_per_atom=    0.09, RMSE_ALPHA_DERIV=    6.66
2025-07-14 04:11:24.529 INFO: Epoch 460: head: Default, loss=0.0009, RMSE_MU_per_atom=0.00 mDebye, RMSE_MU_DERIV=0.00 mDebye / A, RMSE_ALPHA_per_atom=    0.08, RMSE_ALPHA_DERIV=    6.66
2025-07-14 04:12:23.723 INFO: Epoch 461: head: Default, loss=0.0010, RMSE_MU_per_atom=0.00 mDebye, RMSE_MU_DERIV=0.00 mDebye / A, RMSE_ALPHA_per_atom=    0.08, RMSE_ALPHA_DERIV=    6.60
2025-07-14 04:13:22.928 INFO: Epoch 462: head: Default, loss=0.0013, RMSE_MU_per_atom=0.00 mDebye, RMSE_MU_DERIV=0.00 mDebye / A, RMSE_ALPHA_per_atom=    0.10, RMSE_ALPHA_DERIV=    6.62
2025-07-14 04:14:22.133 INFO: Epoch 463: head: Default, loss=0.0010, RMSE_MU_per_atom=0.00 mDebye, RMSE_MU_DERIV=0.00 mDebye / A, RMSE_ALPHA_per_atom=    0.09, RMSE_ALPHA_DERIV=    6.59
2025-07-14 04:15:21.341 INFO: Epoch 464: head: Default, loss=0.0012, RMSE_MU_per_atom=0.00 mDebye, RMSE_MU_DERIV=0.00 mDebye / A, RMSE_ALPHA_per_atom=    0.09, RMSE_ALPHA_DERIV=    6.61
2025-07-14 04:16:20.559 INFO: Epoch 465: head: Default, loss=0.0011, RMSE_MU_per_atom=0.00 mDebye, RMSE_MU_DERIV=0.00 mDebye / A, RMSE_ALPHA_per_atom=    0.09, RMSE_ALPHA_DERIV=    6.66
2025-07-14 04:17:19.788 INFO: Epoch 466: head: Default, loss=0.0009, RMSE_MU_per_atom=0.00 mDebye, RMSE_MU_DERIV=0.00 mDebye / A, RMSE_ALPHA_per_atom=    0.08, RMSE_ALPHA_DERIV=    6.63
2025-07-14 04:18:19.055 INFO: Epoch 467: head: Default, loss=0.0011, RMSE_MU_per_atom=0.00 mDebye, RMSE_MU_DERIV=0.00 mDebye / A, RMSE_ALPHA_per_atom=    0.09, RMSE_ALPHA_DERIV=    6.64
2025-07-14 04:19:18.279 INFO: Epoch 468: head: Default, loss=0.0012, RMSE_MU_per_atom=0.00 mDebye, RMSE_MU_DERIV=0.00 mDebye / A, RMSE_ALPHA_per_atom=    0.09, RMSE_ALPHA_DERIV=    6.66
2025-07-14 04:20:17.515 INFO: Epoch 469: head: Default, loss=0.0009, RMSE_MU_per_atom=0.00 mDebye, RMSE_MU_DERIV=0.00 mDebye / A, RMSE_ALPHA_per_atom=    0.08, RMSE_ALPHA_DERIV=    6.63
2025-07-14 04:21:16.743 INFO: Epoch 470: head: Default, loss=0.0009, RMSE_MU_per_atom=0.00 mDebye, RMSE_MU_DERIV=0.00 mDebye / A, RMSE_ALPHA_per_atom=    0.08, RMSE_ALPHA_DERIV=    6.62
2025-07-14 04:22:15.968 INFO: Epoch 471: head: Default, loss=0.0009, RMSE_MU_per_atom=0.00 mDebye, RMSE_MU_DERIV=0.00 mDebye / A, RMSE_ALPHA_per_atom=    0.08, RMSE_ALPHA_DERIV=    6.62
2025-07-14 04:23:15.175 INFO: Epoch 472: head: Default, loss=0.0010, RMSE_MU_per_atom=0.00 mDebye, RMSE_MU_DERIV=0.00 mDebye / A, RMSE_ALPHA_per_atom=    0.08, RMSE_ALPHA_DERIV=    6.64
2025-07-14 04:24:14.379 INFO: Epoch 473: head: Default, loss=0.0011, RMSE_MU_per_atom=0.00 mDebye, RMSE_MU_DERIV=0.00 mDebye / A, RMSE_ALPHA_per_atom=    0.09, RMSE_ALPHA_DERIV=    6.62
2025-07-14 04:25:13.594 INFO: Epoch 474: head: Default, loss=0.0009, RMSE_MU_per_atom=0.00 mDebye, RMSE_MU_DERIV=0.00 mDebye / A, RMSE_ALPHA_per_atom=    0.08, RMSE_ALPHA_DERIV=    6.64
2025-07-14 04:26:12.824 INFO: Epoch 475: head: Default, loss=0.0011, RMSE_MU_per_atom=0.00 mDebye, RMSE_MU_DERIV=0.00 mDebye / A, RMSE_ALPHA_per_atom=    0.09, RMSE_ALPHA_DERIV=    6.63
2025-07-14 04:27:12.052 INFO: Epoch 476: head: Default, loss=0.0011, RMSE_MU_per_atom=0.00 mDebye, RMSE_MU_DERIV=0.00 mDebye / A, RMSE_ALPHA_per_atom=    0.09, RMSE_ALPHA_DERIV=    6.64
2025-07-14 04:28:11.280 INFO: Epoch 477: head: Default, loss=0.0011, RMSE_MU_per_atom=0.00 mDebye, RMSE_MU_DERIV=0.00 mDebye / A, RMSE_ALPHA_per_atom=    0.09, RMSE_ALPHA_DERIV=    6.66
2025-07-14 04:29:10.528 INFO: Epoch 478: head: Default, loss=0.0010, RMSE_MU_per_atom=0.00 mDebye, RMSE_MU_DERIV=0.00 mDebye / A, RMSE_ALPHA_per_atom=    0.08, RMSE_ALPHA_DERIV=    6.67
2025-07-14 04:30:09.739 INFO: Epoch 479: head: Default, loss=0.0012, RMSE_MU_per_atom=0.00 mDebye, RMSE_MU_DERIV=0.00 mDebye / A, RMSE_ALPHA_per_atom=    0.09, RMSE_ALPHA_DERIV=    6.65
2025-07-14 04:31:08.949 INFO: Epoch 480: head: Default, loss=0.0012, RMSE_MU_per_atom=0.00 mDebye, RMSE_MU_DERIV=0.00 mDebye / A, RMSE_ALPHA_per_atom=    0.09, RMSE_ALPHA_DERIV=    6.64
2025-07-14 04:32:08.180 INFO: Epoch 481: head: Default, loss=0.0010, RMSE_MU_per_atom=0.00 mDebye, RMSE_MU_DERIV=0.00 mDebye / A, RMSE_ALPHA_per_atom=    0.09, RMSE_ALPHA_DERIV=    6.61
2025-07-14 04:33:07.367 INFO: Epoch 482: head: Default, loss=0.0010, RMSE_MU_per_atom=0.00 mDebye, RMSE_MU_DERIV=0.00 mDebye / A, RMSE_ALPHA_per_atom=    0.08, RMSE_ALPHA_DERIV=    6.61
2025-07-14 04:34:06.566 INFO: Epoch 483: head: Default, loss=0.0011, RMSE_MU_per_atom=0.00 mDebye, RMSE_MU_DERIV=0.00 mDebye / A, RMSE_ALPHA_per_atom=    0.09, RMSE_ALPHA_DERIV=    6.60
2025-07-14 04:35:05.755 INFO: Epoch 484: head: Default, loss=0.0009, RMSE_MU_per_atom=0.00 mDebye, RMSE_MU_DERIV=0.00 mDebye / A, RMSE_ALPHA_per_atom=    0.08, RMSE_ALPHA_DERIV=    6.60
2025-07-14 04:36:04.977 INFO: Epoch 485: head: Default, loss=0.0011, RMSE_MU_per_atom=0.00 mDebye, RMSE_MU_DERIV=0.00 mDebye / A, RMSE_ALPHA_per_atom=    0.09, RMSE_ALPHA_DERIV=    6.61
2025-07-14 04:37:04.181 INFO: Epoch 486: head: Default, loss=0.0011, RMSE_MU_per_atom=0.00 mDebye, RMSE_MU_DERIV=0.00 mDebye / A, RMSE_ALPHA_per_atom=    0.09, RMSE_ALPHA_DERIV=    6.60
2025-07-14 04:38:03.398 INFO: Epoch 487: head: Default, loss=0.0011, RMSE_MU_per_atom=0.00 mDebye, RMSE_MU_DERIV=0.00 mDebye / A, RMSE_ALPHA_per_atom=    0.09, RMSE_ALPHA_DERIV=    6.59
2025-07-14 04:39:02.628 INFO: Epoch 488: head: Default, loss=0.0012, RMSE_MU_per_atom=0.00 mDebye, RMSE_MU_DERIV=0.00 mDebye / A, RMSE_ALPHA_per_atom=    0.09, RMSE_ALPHA_DERIV=    6.61
2025-07-14 04:40:01.836 INFO: Epoch 489: head: Default, loss=0.0011, RMSE_MU_per_atom=0.00 mDebye, RMSE_MU_DERIV=0.00 mDebye / A, RMSE_ALPHA_per_atom=    0.09, RMSE_ALPHA_DERIV=    6.62
2025-07-14 04:41:01.029 INFO: Epoch 490: head: Default, loss=0.0012, RMSE_MU_per_atom=0.00 mDebye, RMSE_MU_DERIV=0.00 mDebye / A, RMSE_ALPHA_per_atom=    0.09, RMSE_ALPHA_DERIV=    6.62
2025-07-14 04:42:00.231 INFO: Epoch 491: head: Default, loss=0.0009, RMSE_MU_per_atom=0.00 mDebye, RMSE_MU_DERIV=0.00 mDebye / A, RMSE_ALPHA_per_atom=    0.08, RMSE_ALPHA_DERIV=    6.58
2025-07-14 04:42:59.423 INFO: Epoch 492: head: Default, loss=0.0009, RMSE_MU_per_atom=0.00 mDebye, RMSE_MU_DERIV=0.00 mDebye / A, RMSE_ALPHA_per_atom=    0.08, RMSE_ALPHA_DERIV=    6.64
2025-07-14 04:43:58.613 INFO: Epoch 493: head: Default, loss=0.0009, RMSE_MU_per_atom=0.00 mDebye, RMSE_MU_DERIV=0.00 mDebye / A, RMSE_ALPHA_per_atom=    0.08, RMSE_ALPHA_DERIV=    6.59
2025-07-14 04:44:57.828 INFO: Epoch 494: head: Default, loss=0.0009, RMSE_MU_per_atom=0.00 mDebye, RMSE_MU_DERIV=0.00 mDebye / A, RMSE_ALPHA_per_atom=    0.08, RMSE_ALPHA_DERIV=    6.61
2025-07-14 04:45:57.025 INFO: Epoch 495: head: Default, loss=0.0010, RMSE_MU_per_atom=0.00 mDebye, RMSE_MU_DERIV=0.00 mDebye / A, RMSE_ALPHA_per_atom=    0.09, RMSE_ALPHA_DERIV=    6.58
2025-07-14 04:46:56.212 INFO: Epoch 496: head: Default, loss=0.0012, RMSE_MU_per_atom=0.00 mDebye, RMSE_MU_DERIV=0.00 mDebye / A, RMSE_ALPHA_per_atom=    0.09, RMSE_ALPHA_DERIV=    6.57
2025-07-14 04:47:55.402 INFO: Epoch 497: head: Default, loss=0.0012, RMSE_MU_per_atom=0.00 mDebye, RMSE_MU_DERIV=0.00 mDebye / A, RMSE_ALPHA_per_atom=    0.09, RMSE_ALPHA_DERIV=    6.63
2025-07-14 04:48:54.610 INFO: Epoch 498: head: Default, loss=0.0011, RMSE_MU_per_atom=0.00 mDebye, RMSE_MU_DERIV=0.00 mDebye / A, RMSE_ALPHA_per_atom=    0.09, RMSE_ALPHA_DERIV=    6.60
2025-07-14 04:49:53.803 INFO: Epoch 499: head: Default, loss=0.0009, RMSE_MU_per_atom=0.00 mDebye, RMSE_MU_DERIV=0.00 mDebye / A, RMSE_ALPHA_per_atom=    0.08, RMSE_ALPHA_DERIV=    6.58
2025-07-14 04:50:52.988 INFO: Epoch 500: head: Default, loss=0.0009, RMSE_MU_per_atom=0.00 mDebye, RMSE_MU_DERIV=0.00 mDebye / A, RMSE_ALPHA_per_atom=    0.08, RMSE_ALPHA_DERIV=    6.63
2025-07-14 04:51:52.192 INFO: Epoch 501: head: Default, loss=0.0009, RMSE_MU_per_atom=0.00 mDebye, RMSE_MU_DERIV=0.00 mDebye / A, RMSE_ALPHA_per_atom=    0.08, RMSE_ALPHA_DERIV=    6.61
2025-07-14 04:52:51.407 INFO: Epoch 502: head: Default, loss=0.0011, RMSE_MU_per_atom=0.00 mDebye, RMSE_MU_DERIV=0.00 mDebye / A, RMSE_ALPHA_per_atom=    0.09, RMSE_ALPHA_DERIV=    6.60
2025-07-14 04:53:50.612 INFO: Epoch 503: head: Default, loss=0.0009, RMSE_MU_per_atom=0.00 mDebye, RMSE_MU_DERIV=0.00 mDebye / A, RMSE_ALPHA_per_atom=    0.08, RMSE_ALPHA_DERIV=    6.60
2025-07-14 04:54:49.806 INFO: Epoch 504: head: Default, loss=0.0010, RMSE_MU_per_atom=0.00 mDebye, RMSE_MU_DERIV=0.00 mDebye / A, RMSE_ALPHA_per_atom=    0.09, RMSE_ALPHA_DERIV=    6.65
2025-07-14 04:55:49.035 INFO: Epoch 505: head: Default, loss=0.0011, RMSE_MU_per_atom=0.00 mDebye, RMSE_MU_DERIV=0.00 mDebye / A, RMSE_ALPHA_per_atom=    0.09, RMSE_ALPHA_DERIV=    6.61
2025-07-14 04:56:48.261 INFO: Epoch 506: head: Default, loss=0.0010, RMSE_MU_per_atom=0.00 mDebye, RMSE_MU_DERIV=0.00 mDebye / A, RMSE_ALPHA_per_atom=    0.09, RMSE_ALPHA_DERIV=    6.65
2025-07-14 04:57:47.481 INFO: Epoch 507: head: Default, loss=0.0010, RMSE_MU_per_atom=0.00 mDebye, RMSE_MU_DERIV=0.00 mDebye / A, RMSE_ALPHA_per_atom=    0.09, RMSE_ALPHA_DERIV=    6.64
2025-07-14 04:58:46.697 INFO: Epoch 508: head: Default, loss=0.0010, RMSE_MU_per_atom=0.00 mDebye, RMSE_MU_DERIV=0.00 mDebye / A, RMSE_ALPHA_per_atom=    0.09, RMSE_ALPHA_DERIV=    6.62
2025-07-14 04:59:45.890 INFO: Epoch 509: head: Default, loss=0.0009, RMSE_MU_per_atom=0.00 mDebye, RMSE_MU_DERIV=0.00 mDebye / A, RMSE_ALPHA_per_atom=    0.08, RMSE_ALPHA_DERIV=    6.64
2025-07-14 05:00:45.087 INFO: Epoch 510: head: Default, loss=0.0009, RMSE_MU_per_atom=0.00 mDebye, RMSE_MU_DERIV=0.00 mDebye / A, RMSE_ALPHA_per_atom=    0.08, RMSE_ALPHA_DERIV=    6.61
2025-07-14 05:01:44.280 INFO: Epoch 511: head: Default, loss=0.0011, RMSE_MU_per_atom=0.00 mDebye, RMSE_MU_DERIV=0.00 mDebye / A, RMSE_ALPHA_per_atom=    0.09, RMSE_ALPHA_DERIV=    6.64
2025-07-14 05:02:43.472 INFO: Epoch 512: head: Default, loss=0.0011, RMSE_MU_per_atom=0.00 mDebye, RMSE_MU_DERIV=0.00 mDebye / A, RMSE_ALPHA_per_atom=    0.09, RMSE_ALPHA_DERIV=    6.61
2025-07-14 05:03:42.674 INFO: Epoch 513: head: Default, loss=0.0014, RMSE_MU_per_atom=0.00 mDebye, RMSE_MU_DERIV=0.00 mDebye / A, RMSE_ALPHA_per_atom=    0.10, RMSE_ALPHA_DERIV=    6.64
2025-07-14 05:04:41.885 INFO: Epoch 514: head: Default, loss=0.0011, RMSE_MU_per_atom=0.00 mDebye, RMSE_MU_DERIV=0.00 mDebye / A, RMSE_ALPHA_per_atom=    0.09, RMSE_ALPHA_DERIV=    6.58
2025-07-14 05:05:41.090 INFO: Epoch 515: head: Default, loss=0.0011, RMSE_MU_per_atom=0.00 mDebye, RMSE_MU_DERIV=0.00 mDebye / A, RMSE_ALPHA_per_atom=    0.09, RMSE_ALPHA_DERIV=    6.64
2025-07-14 05:06:40.303 INFO: Epoch 516: head: Default, loss=0.0011, RMSE_MU_per_atom=0.00 mDebye, RMSE_MU_DERIV=0.00 mDebye / A, RMSE_ALPHA_per_atom=    0.09, RMSE_ALPHA_DERIV=    6.64
2025-07-14 05:07:39.522 INFO: Epoch 517: head: Default, loss=0.0011, RMSE_MU_per_atom=0.00 mDebye, RMSE_MU_DERIV=0.00 mDebye / A, RMSE_ALPHA_per_atom=    0.09, RMSE_ALPHA_DERIV=    6.59
2025-07-14 05:08:38.713 INFO: Epoch 518: head: Default, loss=0.0011, RMSE_MU_per_atom=0.00 mDebye, RMSE_MU_DERIV=0.00 mDebye / A, RMSE_ALPHA_per_atom=    0.09, RMSE_ALPHA_DERIV=    6.60
2025-07-14 05:09:37.904 INFO: Epoch 519: head: Default, loss=0.0011, RMSE_MU_per_atom=0.00 mDebye, RMSE_MU_DERIV=0.00 mDebye / A, RMSE_ALPHA_per_atom=    0.09, RMSE_ALPHA_DERIV=    6.59
2025-07-14 05:10:37.117 INFO: Epoch 520: head: Default, loss=0.0010, RMSE_MU_per_atom=0.00 mDebye, RMSE_MU_DERIV=0.00 mDebye / A, RMSE_ALPHA_per_atom=    0.08, RMSE_ALPHA_DERIV=    6.57
2025-07-14 05:11:36.334 INFO: Epoch 521: head: Default, loss=0.0010, RMSE_MU_per_atom=0.00 mDebye, RMSE_MU_DERIV=0.00 mDebye / A, RMSE_ALPHA_per_atom=    0.08, RMSE_ALPHA_DERIV=    6.60
2025-07-14 05:12:35.530 INFO: Epoch 522: head: Default, loss=0.0010, RMSE_MU_per_atom=0.00 mDebye, RMSE_MU_DERIV=0.00 mDebye / A, RMSE_ALPHA_per_atom=    0.09, RMSE_ALPHA_DERIV=    6.59
2025-07-14 05:13:34.745 INFO: Epoch 523: head: Default, loss=0.0009, RMSE_MU_per_atom=0.00 mDebye, RMSE_MU_DERIV=0.00 mDebye / A, RMSE_ALPHA_per_atom=    0.08, RMSE_ALPHA_DERIV=    6.59
2025-07-14 05:14:33.939 INFO: Epoch 524: head: Default, loss=0.0009, RMSE_MU_per_atom=0.00 mDebye, RMSE_MU_DERIV=0.00 mDebye / A, RMSE_ALPHA_per_atom=    0.08, RMSE_ALPHA_DERIV=    6.57
2025-07-14 05:15:33.134 INFO: Epoch 525: head: Default, loss=0.0012, RMSE_MU_per_atom=0.00 mDebye, RMSE_MU_DERIV=0.00 mDebye / A, RMSE_ALPHA_per_atom=    0.09, RMSE_ALPHA_DERIV=    6.56
2025-07-14 05:16:32.344 INFO: Epoch 526: head: Default, loss=0.0010, RMSE_MU_per_atom=0.00 mDebye, RMSE_MU_DERIV=0.00 mDebye / A, RMSE_ALPHA_per_atom=    0.09, RMSE_ALPHA_DERIV=    6.58
2025-07-14 05:17:31.577 INFO: Epoch 527: head: Default, loss=0.0010, RMSE_MU_per_atom=0.00 mDebye, RMSE_MU_DERIV=0.00 mDebye / A, RMSE_ALPHA_per_atom=    0.08, RMSE_ALPHA_DERIV=    6.59
2025-07-14 05:18:30.799 INFO: Epoch 528: head: Default, loss=0.0009, RMSE_MU_per_atom=0.00 mDebye, RMSE_MU_DERIV=0.00 mDebye / A, RMSE_ALPHA_per_atom=    0.08, RMSE_ALPHA_DERIV=    6.60
2025-07-14 05:19:30.015 INFO: Epoch 529: head: Default, loss=0.0011, RMSE_MU_per_atom=0.00 mDebye, RMSE_MU_DERIV=0.00 mDebye / A, RMSE_ALPHA_per_atom=    0.09, RMSE_ALPHA_DERIV=    6.59
2025-07-14 05:20:29.212 INFO: Epoch 530: head: Default, loss=0.0012, RMSE_MU_per_atom=0.00 mDebye, RMSE_MU_DERIV=0.00 mDebye / A, RMSE_ALPHA_per_atom=    0.09, RMSE_ALPHA_DERIV=    6.59
2025-07-14 05:21:28.411 INFO: Epoch 531: head: Default, loss=0.0010, RMSE_MU_per_atom=0.00 mDebye, RMSE_MU_DERIV=0.00 mDebye / A, RMSE_ALPHA_per_atom=    0.08, RMSE_ALPHA_DERIV=    6.60
2025-07-14 05:22:27.645 INFO: Epoch 532: head: Default, loss=0.0012, RMSE_MU_per_atom=0.00 mDebye, RMSE_MU_DERIV=0.00 mDebye / A, RMSE_ALPHA_per_atom=    0.09, RMSE_ALPHA_DERIV=    6.59
2025-07-14 05:23:26.883 INFO: Epoch 533: head: Default, loss=0.0009, RMSE_MU_per_atom=0.00 mDebye, RMSE_MU_DERIV=0.00 mDebye / A, RMSE_ALPHA_per_atom=    0.08, RMSE_ALPHA_DERIV=    6.59
2025-07-14 05:24:26.097 INFO: Epoch 534: head: Default, loss=0.0010, RMSE_MU_per_atom=0.00 mDebye, RMSE_MU_DERIV=0.00 mDebye / A, RMSE_ALPHA_per_atom=    0.08, RMSE_ALPHA_DERIV=    6.59
2025-07-14 05:25:25.331 INFO: Epoch 535: head: Default, loss=0.0010, RMSE_MU_per_atom=0.00 mDebye, RMSE_MU_DERIV=0.00 mDebye / A, RMSE_ALPHA_per_atom=    0.09, RMSE_ALPHA_DERIV=    6.56
2025-07-14 05:26:24.557 INFO: Epoch 536: head: Default, loss=0.0011, RMSE_MU_per_atom=0.00 mDebye, RMSE_MU_DERIV=0.00 mDebye / A, RMSE_ALPHA_per_atom=    0.09, RMSE_ALPHA_DERIV=    6.59
2025-07-14 05:27:23.775 INFO: Epoch 537: head: Default, loss=0.0009, RMSE_MU_per_atom=0.00 mDebye, RMSE_MU_DERIV=0.00 mDebye / A, RMSE_ALPHA_per_atom=    0.08, RMSE_ALPHA_DERIV=    6.57
2025-07-14 05:28:23.029 INFO: Epoch 538: head: Default, loss=0.0012, RMSE_MU_per_atom=0.00 mDebye, RMSE_MU_DERIV=0.00 mDebye / A, RMSE_ALPHA_per_atom=    0.09, RMSE_ALPHA_DERIV=    6.58
2025-07-14 05:29:22.258 INFO: Epoch 539: head: Default, loss=0.0011, RMSE_MU_per_atom=0.00 mDebye, RMSE_MU_DERIV=0.00 mDebye / A, RMSE_ALPHA_per_atom=    0.09, RMSE_ALPHA_DERIV=    6.57
2025-07-14 05:30:21.490 INFO: Epoch 540: head: Default, loss=0.0009, RMSE_MU_per_atom=0.00 mDebye, RMSE_MU_DERIV=0.00 mDebye / A, RMSE_ALPHA_per_atom=    0.08, RMSE_ALPHA_DERIV=    6.57
2025-07-14 05:31:20.722 INFO: Epoch 541: head: Default, loss=0.0010, RMSE_MU_per_atom=0.00 mDebye, RMSE_MU_DERIV=0.00 mDebye / A, RMSE_ALPHA_per_atom=    0.09, RMSE_ALPHA_DERIV=    6.61
2025-07-14 05:32:19.950 INFO: Epoch 542: head: Default, loss=0.0010, RMSE_MU_per_atom=0.00 mDebye, RMSE_MU_DERIV=0.00 mDebye / A, RMSE_ALPHA_per_atom=    0.08, RMSE_ALPHA_DERIV=    6.58
2025-07-14 05:33:19.164 INFO: Epoch 543: head: Default, loss=0.0010, RMSE_MU_per_atom=0.00 mDebye, RMSE_MU_DERIV=0.00 mDebye / A, RMSE_ALPHA_per_atom=    0.09, RMSE_ALPHA_DERIV=    6.61
2025-07-14 05:34:18.373 INFO: Epoch 544: head: Default, loss=0.0010, RMSE_MU_per_atom=0.00 mDebye, RMSE_MU_DERIV=0.00 mDebye / A, RMSE_ALPHA_per_atom=    0.08, RMSE_ALPHA_DERIV=    6.61
2025-07-14 05:35:17.584 INFO: Epoch 545: head: Default, loss=0.0009, RMSE_MU_per_atom=0.00 mDebye, RMSE_MU_DERIV=0.00 mDebye / A, RMSE_ALPHA_per_atom=    0.08, RMSE_ALPHA_DERIV=    6.55
2025-07-14 05:36:16.781 INFO: Epoch 546: head: Default, loss=0.0012, RMSE_MU_per_atom=0.00 mDebye, RMSE_MU_DERIV=0.00 mDebye / A, RMSE_ALPHA_per_atom=    0.09, RMSE_ALPHA_DERIV=    6.59
2025-07-14 05:37:15.976 INFO: Epoch 547: head: Default, loss=0.0010, RMSE_MU_per_atom=0.00 mDebye, RMSE_MU_DERIV=0.00 mDebye / A, RMSE_ALPHA_per_atom=    0.08, RMSE_ALPHA_DERIV=    6.56
2025-07-14 05:38:15.159 INFO: Epoch 548: head: Default, loss=0.0011, RMSE_MU_per_atom=0.00 mDebye, RMSE_MU_DERIV=0.00 mDebye / A, RMSE_ALPHA_per_atom=    0.09, RMSE_ALPHA_DERIV=    6.55
2025-07-14 05:39:14.345 INFO: Epoch 549: head: Default, loss=0.0010, RMSE_MU_per_atom=0.00 mDebye, RMSE_MU_DERIV=0.00 mDebye / A, RMSE_ALPHA_per_atom=    0.08, RMSE_ALPHA_DERIV=    6.56
2025-07-14 05:40:13.539 INFO: Epoch 550: head: Default, loss=0.0009, RMSE_MU_per_atom=0.00 mDebye, RMSE_MU_DERIV=0.00 mDebye / A, RMSE_ALPHA_per_atom=    0.08, RMSE_ALPHA_DERIV=    6.56
2025-07-14 05:41:12.743 INFO: Epoch 551: head: Default, loss=0.0009, RMSE_MU_per_atom=0.00 mDebye, RMSE_MU_DERIV=0.00 mDebye / A, RMSE_ALPHA_per_atom=    0.08, RMSE_ALPHA_DERIV=    6.57
2025-07-14 05:42:11.944 INFO: Epoch 552: head: Default, loss=0.0009, RMSE_MU_per_atom=0.00 mDebye, RMSE_MU_DERIV=0.00 mDebye / A, RMSE_ALPHA_per_atom=    0.08, RMSE_ALPHA_DERIV=    6.56
2025-07-14 05:43:11.163 INFO: Epoch 553: head: Default, loss=0.0009, RMSE_MU_per_atom=0.00 mDebye, RMSE_MU_DERIV=0.00 mDebye / A, RMSE_ALPHA_per_atom=    0.08, RMSE_ALPHA_DERIV=    6.55
2025-07-14 05:44:10.371 INFO: Epoch 554: head: Default, loss=0.0010, RMSE_MU_per_atom=0.00 mDebye, RMSE_MU_DERIV=0.00 mDebye / A, RMSE_ALPHA_per_atom=    0.09, RMSE_ALPHA_DERIV=    6.57
2025-07-14 05:45:09.594 INFO: Epoch 555: head: Default, loss=0.0009, RMSE_MU_per_atom=0.00 mDebye, RMSE_MU_DERIV=0.00 mDebye / A, RMSE_ALPHA_per_atom=    0.08, RMSE_ALPHA_DERIV=    6.58
2025-07-14 05:46:08.804 INFO: Epoch 556: head: Default, loss=0.0009, RMSE_MU_per_atom=0.00 mDebye, RMSE_MU_DERIV=0.00 mDebye / A, RMSE_ALPHA_per_atom=    0.08, RMSE_ALPHA_DERIV=    6.60
2025-07-14 05:47:08.011 INFO: Epoch 557: head: Default, loss=0.0012, RMSE_MU_per_atom=0.00 mDebye, RMSE_MU_DERIV=0.00 mDebye / A, RMSE_ALPHA_per_atom=    0.09, RMSE_ALPHA_DERIV=    6.58
2025-07-14 05:48:07.231 INFO: Epoch 558: head: Default, loss=0.0009, RMSE_MU_per_atom=0.00 mDebye, RMSE_MU_DERIV=0.00 mDebye / A, RMSE_ALPHA_per_atom=    0.08, RMSE_ALPHA_DERIV=    6.58
2025-07-14 05:49:06.444 INFO: Epoch 559: head: Default, loss=0.0010, RMSE_MU_per_atom=0.00 mDebye, RMSE_MU_DERIV=0.00 mDebye / A, RMSE_ALPHA_per_atom=    0.09, RMSE_ALPHA_DERIV=    6.57
2025-07-14 05:50:05.648 INFO: Epoch 560: head: Default, loss=0.0009, RMSE_MU_per_atom=0.00 mDebye, RMSE_MU_DERIV=0.00 mDebye / A, RMSE_ALPHA_per_atom=    0.08, RMSE_ALPHA_DERIV=    6.57
2025-07-14 05:51:04.846 INFO: Epoch 561: head: Default, loss=0.0009, RMSE_MU_per_atom=0.00 mDebye, RMSE_MU_DERIV=0.00 mDebye / A, RMSE_ALPHA_per_atom=    0.08, RMSE_ALPHA_DERIV=    6.58
2025-07-14 05:52:04.040 INFO: Epoch 562: head: Default, loss=0.0011, RMSE_MU_per_atom=0.00 mDebye, RMSE_MU_DERIV=0.00 mDebye / A, RMSE_ALPHA_per_atom=    0.09, RMSE_ALPHA_DERIV=    6.58
2025-07-14 05:53:03.244 INFO: Epoch 563: head: Default, loss=0.0010, RMSE_MU_per_atom=0.00 mDebye, RMSE_MU_DERIV=0.00 mDebye / A, RMSE_ALPHA_per_atom=    0.09, RMSE_ALPHA_DERIV=    6.58
2025-07-14 05:54:02.446 INFO: Epoch 564: head: Default, loss=0.0010, RMSE_MU_per_atom=0.00 mDebye, RMSE_MU_DERIV=0.00 mDebye / A, RMSE_ALPHA_per_atom=    0.08, RMSE_ALPHA_DERIV=    6.61
2025-07-14 05:55:01.657 INFO: Epoch 565: head: Default, loss=0.0009, RMSE_MU_per_atom=0.00 mDebye, RMSE_MU_DERIV=0.00 mDebye / A, RMSE_ALPHA_per_atom=    0.08, RMSE_ALPHA_DERIV=    6.59
2025-07-14 05:56:00.867 INFO: Epoch 566: head: Default, loss=0.0009, RMSE_MU_per_atom=0.00 mDebye, RMSE_MU_DERIV=0.00 mDebye / A, RMSE_ALPHA_per_atom=    0.08, RMSE_ALPHA_DERIV=    6.60
2025-07-14 05:57:00.074 INFO: Epoch 567: head: Default, loss=0.0010, RMSE_MU_per_atom=0.00 mDebye, RMSE_MU_DERIV=0.00 mDebye / A, RMSE_ALPHA_per_atom=    0.08, RMSE_ALPHA_DERIV=    6.60
2025-07-14 05:57:59.283 INFO: Epoch 568: head: Default, loss=0.0011, RMSE_MU_per_atom=0.00 mDebye, RMSE_MU_DERIV=0.00 mDebye / A, RMSE_ALPHA_per_atom=    0.09, RMSE_ALPHA_DERIV=    6.57
2025-07-14 05:58:58.488 INFO: Epoch 569: head: Default, loss=0.0010, RMSE_MU_per_atom=0.00 mDebye, RMSE_MU_DERIV=0.00 mDebye / A, RMSE_ALPHA_per_atom=    0.09, RMSE_ALPHA_DERIV=    6.59
2025-07-14 05:59:57.699 INFO: Epoch 570: head: Default, loss=0.0011, RMSE_MU_per_atom=0.00 mDebye, RMSE_MU_DERIV=0.00 mDebye / A, RMSE_ALPHA_per_atom=    0.09, RMSE_ALPHA_DERIV=    6.58
2025-07-14 06:00:56.913 INFO: Epoch 571: head: Default, loss=0.0010, RMSE_MU_per_atom=0.00 mDebye, RMSE_MU_DERIV=0.00 mDebye / A, RMSE_ALPHA_per_atom=    0.09, RMSE_ALPHA_DERIV=    6.57
2025-07-14 06:01:56.145 INFO: Epoch 572: head: Default, loss=0.0011, RMSE_MU_per_atom=0.00 mDebye, RMSE_MU_DERIV=0.00 mDebye / A, RMSE_ALPHA_per_atom=    0.09, RMSE_ALPHA_DERIV=    6.59
2025-07-14 06:02:55.352 INFO: Epoch 573: head: Default, loss=0.0010, RMSE_MU_per_atom=0.00 mDebye, RMSE_MU_DERIV=0.00 mDebye / A, RMSE_ALPHA_per_atom=    0.08, RMSE_ALPHA_DERIV=    6.60
2025-07-14 06:03:54.554 INFO: Epoch 574: head: Default, loss=0.0010, RMSE_MU_per_atom=0.00 mDebye, RMSE_MU_DERIV=0.00 mDebye / A, RMSE_ALPHA_per_atom=    0.08, RMSE_ALPHA_DERIV=    6.56
2025-07-14 06:04:53.760 INFO: Epoch 575: head: Default, loss=0.0009, RMSE_MU_per_atom=0.00 mDebye, RMSE_MU_DERIV=0.00 mDebye / A, RMSE_ALPHA_per_atom=    0.08, RMSE_ALPHA_DERIV=    6.59
2025-07-14 06:05:52.964 INFO: Epoch 576: head: Default, loss=0.0010, RMSE_MU_per_atom=0.00 mDebye, RMSE_MU_DERIV=0.00 mDebye / A, RMSE_ALPHA_per_atom=    0.09, RMSE_ALPHA_DERIV=    6.61
2025-07-14 06:06:52.171 INFO: Epoch 577: head: Default, loss=0.0012, RMSE_MU_per_atom=0.00 mDebye, RMSE_MU_DERIV=0.00 mDebye / A, RMSE_ALPHA_per_atom=    0.09, RMSE_ALPHA_DERIV=    6.61
2025-07-14 06:07:51.394 INFO: Epoch 578: head: Default, loss=0.0010, RMSE_MU_per_atom=0.00 mDebye, RMSE_MU_DERIV=0.00 mDebye / A, RMSE_ALPHA_per_atom=    0.09, RMSE_ALPHA_DERIV=    6.61
2025-07-14 06:08:50.604 INFO: Epoch 579: head: Default, loss=0.0009, RMSE_MU_per_atom=0.00 mDebye, RMSE_MU_DERIV=0.00 mDebye / A, RMSE_ALPHA_per_atom=    0.08, RMSE_ALPHA_DERIV=    6.58
2025-07-14 06:09:49.794 INFO: Epoch 580: head: Default, loss=0.0010, RMSE_MU_per_atom=0.00 mDebye, RMSE_MU_DERIV=0.00 mDebye / A, RMSE_ALPHA_per_atom=    0.09, RMSE_ALPHA_DERIV=    6.59
2025-07-14 06:10:48.994 INFO: Epoch 581: head: Default, loss=0.0010, RMSE_MU_per_atom=0.00 mDebye, RMSE_MU_DERIV=0.00 mDebye / A, RMSE_ALPHA_per_atom=    0.08, RMSE_ALPHA_DERIV=    6.57
2025-07-14 06:11:48.200 INFO: Epoch 582: head: Default, loss=0.0008, RMSE_MU_per_atom=0.00 mDebye, RMSE_MU_DERIV=0.00 mDebye / A, RMSE_ALPHA_per_atom=    0.08, RMSE_ALPHA_DERIV=    6.55
2025-07-14 06:12:47.431 INFO: Epoch 583: head: Default, loss=0.0010, RMSE_MU_per_atom=0.00 mDebye, RMSE_MU_DERIV=0.00 mDebye / A, RMSE_ALPHA_per_atom=    0.09, RMSE_ALPHA_DERIV=    6.59
2025-07-14 06:13:46.614 INFO: Epoch 584: head: Default, loss=0.0010, RMSE_MU_per_atom=0.00 mDebye, RMSE_MU_DERIV=0.00 mDebye / A, RMSE_ALPHA_per_atom=    0.08, RMSE_ALPHA_DERIV=    6.58
2025-07-14 06:14:45.810 INFO: Epoch 585: head: Default, loss=0.0010, RMSE_MU_per_atom=0.00 mDebye, RMSE_MU_DERIV=0.00 mDebye / A, RMSE_ALPHA_per_atom=    0.09, RMSE_ALPHA_DERIV=    6.58
2025-07-14 06:15:45.019 INFO: Epoch 586: head: Default, loss=0.0010, RMSE_MU_per_atom=0.00 mDebye, RMSE_MU_DERIV=0.00 mDebye / A, RMSE_ALPHA_per_atom=    0.09, RMSE_ALPHA_DERIV=    6.58
2025-07-14 06:16:44.216 INFO: Epoch 587: head: Default, loss=0.0011, RMSE_MU_per_atom=0.00 mDebye, RMSE_MU_DERIV=0.00 mDebye / A, RMSE_ALPHA_per_atom=    0.09, RMSE_ALPHA_DERIV=    6.58
2025-07-14 06:17:43.432 INFO: Epoch 588: head: Default, loss=0.0010, RMSE_MU_per_atom=0.00 mDebye, RMSE_MU_DERIV=0.00 mDebye / A, RMSE_ALPHA_per_atom=    0.08, RMSE_ALPHA_DERIV=    6.59
2025-07-14 06:18:42.646 INFO: Epoch 589: head: Default, loss=0.0009, RMSE_MU_per_atom=0.00 mDebye, RMSE_MU_DERIV=0.00 mDebye / A, RMSE_ALPHA_per_atom=    0.08, RMSE_ALPHA_DERIV=    6.60
2025-07-14 06:19:41.833 INFO: Epoch 590: head: Default, loss=0.0009, RMSE_MU_per_atom=0.00 mDebye, RMSE_MU_DERIV=0.00 mDebye / A, RMSE_ALPHA_per_atom=    0.08, RMSE_ALPHA_DERIV=    6.58
2025-07-14 06:20:41.017 INFO: Epoch 591: head: Default, loss=0.0010, RMSE_MU_per_atom=0.00 mDebye, RMSE_MU_DERIV=0.00 mDebye / A, RMSE_ALPHA_per_atom=    0.09, RMSE_ALPHA_DERIV=    6.59
2025-07-14 06:21:40.204 INFO: Epoch 592: head: Default, loss=0.0009, RMSE_MU_per_atom=0.00 mDebye, RMSE_MU_DERIV=0.00 mDebye / A, RMSE_ALPHA_per_atom=    0.08, RMSE_ALPHA_DERIV=    6.59
2025-07-14 06:22:39.407 INFO: Epoch 593: head: Default, loss=0.0012, RMSE_MU_per_atom=0.00 mDebye, RMSE_MU_DERIV=0.00 mDebye / A, RMSE_ALPHA_per_atom=    0.09, RMSE_ALPHA_DERIV=    6.57
2025-07-14 06:23:38.613 INFO: Epoch 594: head: Default, loss=0.0011, RMSE_MU_per_atom=0.00 mDebye, RMSE_MU_DERIV=0.00 mDebye / A, RMSE_ALPHA_per_atom=    0.09, RMSE_ALPHA_DERIV=    6.55
2025-07-14 06:24:37.829 INFO: Epoch 595: head: Default, loss=0.0010, RMSE_MU_per_atom=0.00 mDebye, RMSE_MU_DERIV=0.00 mDebye / A, RMSE_ALPHA_per_atom=    0.09, RMSE_ALPHA_DERIV=    6.56
2025-07-14 06:25:37.034 INFO: Epoch 596: head: Default, loss=0.0009, RMSE_MU_per_atom=0.00 mDebye, RMSE_MU_DERIV=0.00 mDebye / A, RMSE_ALPHA_per_atom=    0.08, RMSE_ALPHA_DERIV=    6.56
2025-07-14 06:26:36.232 INFO: Epoch 597: head: Default, loss=0.0010, RMSE_MU_per_atom=0.00 mDebye, RMSE_MU_DERIV=0.00 mDebye / A, RMSE_ALPHA_per_atom=    0.08, RMSE_ALPHA_DERIV=    6.56
2025-07-14 06:27:35.425 INFO: Epoch 598: head: Default, loss=0.0010, RMSE_MU_per_atom=0.00 mDebye, RMSE_MU_DERIV=0.00 mDebye / A, RMSE_ALPHA_per_atom=    0.08, RMSE_ALPHA_DERIV=    6.58
2025-07-14 06:28:34.613 INFO: Epoch 599: head: Default, loss=0.0009, RMSE_MU_per_atom=0.00 mDebye, RMSE_MU_DERIV=0.00 mDebye / A, RMSE_ALPHA_per_atom=    0.08, RMSE_ALPHA_DERIV=    6.55
2025-07-14 06:29:33.813 INFO: Epoch 600: head: Default, loss=0.0011, RMSE_MU_per_atom=0.00 mDebye, RMSE_MU_DERIV=0.00 mDebye / A, RMSE_ALPHA_per_atom=    0.09, RMSE_ALPHA_DERIV=    6.56
2025-07-14 06:30:33.015 INFO: Epoch 601: head: Default, loss=0.0008, RMSE_MU_per_atom=0.00 mDebye, RMSE_MU_DERIV=0.00 mDebye / A, RMSE_ALPHA_per_atom=    0.08, RMSE_ALPHA_DERIV=    6.56
2025-07-14 06:31:32.211 INFO: Epoch 602: head: Default, loss=0.0010, RMSE_MU_per_atom=0.00 mDebye, RMSE_MU_DERIV=0.00 mDebye / A, RMSE_ALPHA_per_atom=    0.08, RMSE_ALPHA_DERIV=    6.57
2025-07-14 06:32:31.399 INFO: Epoch 603: head: Default, loss=0.0010, RMSE_MU_per_atom=0.00 mDebye, RMSE_MU_DERIV=0.00 mDebye / A, RMSE_ALPHA_per_atom=    0.08, RMSE_ALPHA_DERIV=    6.56
2025-07-14 06:33:30.601 INFO: Epoch 604: head: Default, loss=0.0010, RMSE_MU_per_atom=0.00 mDebye, RMSE_MU_DERIV=0.00 mDebye / A, RMSE_ALPHA_per_atom=    0.08, RMSE_ALPHA_DERIV=    6.57
2025-07-14 06:34:29.787 INFO: Epoch 605: head: Default, loss=0.0011, RMSE_MU_per_atom=0.00 mDebye, RMSE_MU_DERIV=0.00 mDebye / A, RMSE_ALPHA_per_atom=    0.09, RMSE_ALPHA_DERIV=    6.57
2025-07-14 06:35:28.988 INFO: Epoch 606: head: Default, loss=0.0011, RMSE_MU_per_atom=0.00 mDebye, RMSE_MU_DERIV=0.00 mDebye / A, RMSE_ALPHA_per_atom=    0.09, RMSE_ALPHA_DERIV=    6.57
2025-07-14 06:36:28.204 INFO: Epoch 607: head: Default, loss=0.0010, RMSE_MU_per_atom=0.00 mDebye, RMSE_MU_DERIV=0.00 mDebye / A, RMSE_ALPHA_per_atom=    0.09, RMSE_ALPHA_DERIV=    6.58
2025-07-14 06:37:27.396 INFO: Epoch 608: head: Default, loss=0.0009, RMSE_MU_per_atom=0.00 mDebye, RMSE_MU_DERIV=0.00 mDebye / A, RMSE_ALPHA_per_atom=    0.08, RMSE_ALPHA_DERIV=    6.53
2025-07-14 06:38:26.588 INFO: Epoch 609: head: Default, loss=0.0010, RMSE_MU_per_atom=0.00 mDebye, RMSE_MU_DERIV=0.00 mDebye / A, RMSE_ALPHA_per_atom=    0.09, RMSE_ALPHA_DERIV=    6.55
2025-07-14 06:39:25.789 INFO: Epoch 610: head: Default, loss=0.0010, RMSE_MU_per_atom=0.00 mDebye, RMSE_MU_DERIV=0.00 mDebye / A, RMSE_ALPHA_per_atom=    0.08, RMSE_ALPHA_DERIV=    6.54
2025-07-14 06:40:24.990 INFO: Epoch 611: head: Default, loss=0.0009, RMSE_MU_per_atom=0.00 mDebye, RMSE_MU_DERIV=0.00 mDebye / A, RMSE_ALPHA_per_atom=    0.08, RMSE_ALPHA_DERIV=    6.54
2025-07-14 06:41:24.213 INFO: Epoch 612: head: Default, loss=0.0010, RMSE_MU_per_atom=0.00 mDebye, RMSE_MU_DERIV=0.00 mDebye / A, RMSE_ALPHA_per_atom=    0.09, RMSE_ALPHA_DERIV=    6.55
2025-07-14 06:42:23.424 INFO: Epoch 613: head: Default, loss=0.0010, RMSE_MU_per_atom=0.00 mDebye, RMSE_MU_DERIV=0.00 mDebye / A, RMSE_ALPHA_per_atom=    0.09, RMSE_ALPHA_DERIV=    6.56
2025-07-14 06:43:22.617 INFO: Epoch 614: head: Default, loss=0.0009, RMSE_MU_per_atom=0.00 mDebye, RMSE_MU_DERIV=0.00 mDebye / A, RMSE_ALPHA_per_atom=    0.08, RMSE_ALPHA_DERIV=    6.55
2025-07-14 06:44:21.829 INFO: Epoch 615: head: Default, loss=0.0010, RMSE_MU_per_atom=0.00 mDebye, RMSE_MU_DERIV=0.00 mDebye / A, RMSE_ALPHA_per_atom=    0.09, RMSE_ALPHA_DERIV=    6.55
2025-07-14 06:45:21.022 INFO: Epoch 616: head: Default, loss=0.0011, RMSE_MU_per_atom=0.00 mDebye, RMSE_MU_DERIV=0.00 mDebye / A, RMSE_ALPHA_per_atom=    0.09, RMSE_ALPHA_DERIV=    6.55
2025-07-14 06:46:20.232 INFO: Epoch 617: head: Default, loss=0.0009, RMSE_MU_per_atom=0.00 mDebye, RMSE_MU_DERIV=0.00 mDebye / A, RMSE_ALPHA_per_atom=    0.08, RMSE_ALPHA_DERIV=    6.58
2025-07-14 06:47:19.445 INFO: Epoch 618: head: Default, loss=0.0011, RMSE_MU_per_atom=0.00 mDebye, RMSE_MU_DERIV=0.00 mDebye / A, RMSE_ALPHA_per_atom=    0.09, RMSE_ALPHA_DERIV=    6.56
2025-07-14 06:48:18.664 INFO: Epoch 619: head: Default, loss=0.0010, RMSE_MU_per_atom=0.00 mDebye, RMSE_MU_DERIV=0.00 mDebye / A, RMSE_ALPHA_per_atom=    0.08, RMSE_ALPHA_DERIV=    6.58
2025-07-14 06:49:17.881 INFO: Epoch 620: head: Default, loss=0.0009, RMSE_MU_per_atom=0.00 mDebye, RMSE_MU_DERIV=0.00 mDebye / A, RMSE_ALPHA_per_atom=    0.08, RMSE_ALPHA_DERIV=    6.59
2025-07-14 06:50:17.095 INFO: Epoch 621: head: Default, loss=0.0009, RMSE_MU_per_atom=0.00 mDebye, RMSE_MU_DERIV=0.00 mDebye / A, RMSE_ALPHA_per_atom=    0.08, RMSE_ALPHA_DERIV=    6.54
2025-07-14 06:51:16.327 INFO: Epoch 622: head: Default, loss=0.0009, RMSE_MU_per_atom=0.00 mDebye, RMSE_MU_DERIV=0.00 mDebye / A, RMSE_ALPHA_per_atom=    0.08, RMSE_ALPHA_DERIV=    6.53
2025-07-14 06:52:15.566 INFO: Epoch 623: head: Default, loss=0.0011, RMSE_MU_per_atom=0.00 mDebye, RMSE_MU_DERIV=0.00 mDebye / A, RMSE_ALPHA_per_atom=    0.09, RMSE_ALPHA_DERIV=    6.55
2025-07-14 06:53:14.780 INFO: Epoch 624: head: Default, loss=0.0009, RMSE_MU_per_atom=0.00 mDebye, RMSE_MU_DERIV=0.00 mDebye / A, RMSE_ALPHA_per_atom=    0.08, RMSE_ALPHA_DERIV=    6.55
2025-07-14 06:54:14.008 INFO: Epoch 625: head: Default, loss=0.0011, RMSE_MU_per_atom=0.00 mDebye, RMSE_MU_DERIV=0.00 mDebye / A, RMSE_ALPHA_per_atom=    0.09, RMSE_ALPHA_DERIV=    6.57
2025-07-14 06:55:13.229 INFO: Epoch 626: head: Default, loss=0.0009, RMSE_MU_per_atom=0.00 mDebye, RMSE_MU_DERIV=0.00 mDebye / A, RMSE_ALPHA_per_atom=    0.08, RMSE_ALPHA_DERIV=    6.58
2025-07-14 06:56:12.482 INFO: Epoch 627: head: Default, loss=0.0009, RMSE_MU_per_atom=0.00 mDebye, RMSE_MU_DERIV=0.00 mDebye / A, RMSE_ALPHA_per_atom=    0.08, RMSE_ALPHA_DERIV=    6.58
2025-07-14 06:57:11.713 INFO: Epoch 628: head: Default, loss=0.0010, RMSE_MU_per_atom=0.00 mDebye, RMSE_MU_DERIV=0.00 mDebye / A, RMSE_ALPHA_per_atom=    0.08, RMSE_ALPHA_DERIV=    6.59
2025-07-14 06:58:10.961 INFO: Epoch 629: head: Default, loss=0.0008, RMSE_MU_per_atom=0.00 mDebye, RMSE_MU_DERIV=0.00 mDebye / A, RMSE_ALPHA_per_atom=    0.08, RMSE_ALPHA_DERIV=    6.57
2025-07-14 06:59:10.205 INFO: Epoch 630: head: Default, loss=0.0010, RMSE_MU_per_atom=0.00 mDebye, RMSE_MU_DERIV=0.00 mDebye / A, RMSE_ALPHA_per_atom=    0.09, RMSE_ALPHA_DERIV=    6.58
2025-07-14 07:00:09.420 INFO: Epoch 631: head: Default, loss=0.0009, RMSE_MU_per_atom=0.00 mDebye, RMSE_MU_DERIV=0.00 mDebye / A, RMSE_ALPHA_per_atom=    0.08, RMSE_ALPHA_DERIV=    6.57
2025-07-14 07:01:08.660 INFO: Epoch 632: head: Default, loss=0.0010, RMSE_MU_per_atom=0.00 mDebye, RMSE_MU_DERIV=0.00 mDebye / A, RMSE_ALPHA_per_atom=    0.08, RMSE_ALPHA_DERIV=    6.57
2025-07-14 07:02:07.889 INFO: Epoch 633: head: Default, loss=0.0010, RMSE_MU_per_atom=0.00 mDebye, RMSE_MU_DERIV=0.00 mDebye / A, RMSE_ALPHA_per_atom=    0.08, RMSE_ALPHA_DERIV=    6.58
2025-07-14 07:03:07.122 INFO: Epoch 634: head: Default, loss=0.0010, RMSE_MU_per_atom=0.00 mDebye, RMSE_MU_DERIV=0.00 mDebye / A, RMSE_ALPHA_per_atom=    0.08, RMSE_ALPHA_DERIV=    6.57
2025-07-14 07:04:06.335 INFO: Epoch 635: head: Default, loss=0.0010, RMSE_MU_per_atom=0.00 mDebye, RMSE_MU_DERIV=0.00 mDebye / A, RMSE_ALPHA_per_atom=    0.08, RMSE_ALPHA_DERIV=    6.57
2025-07-14 07:05:05.572 INFO: Epoch 636: head: Default, loss=0.0009, RMSE_MU_per_atom=0.00 mDebye, RMSE_MU_DERIV=0.00 mDebye / A, RMSE_ALPHA_per_atom=    0.08, RMSE_ALPHA_DERIV=    6.56
2025-07-14 07:06:04.791 INFO: Epoch 637: head: Default, loss=0.0009, RMSE_MU_per_atom=0.00 mDebye, RMSE_MU_DERIV=0.00 mDebye / A, RMSE_ALPHA_per_atom=    0.08, RMSE_ALPHA_DERIV=    6.55
2025-07-14 07:07:04.008 INFO: Epoch 638: head: Default, loss=0.0010, RMSE_MU_per_atom=0.00 mDebye, RMSE_MU_DERIV=0.00 mDebye / A, RMSE_ALPHA_per_atom=    0.09, RMSE_ALPHA_DERIV=    6.57
2025-07-14 07:08:03.237 INFO: Epoch 639: head: Default, loss=0.0010, RMSE_MU_per_atom=0.00 mDebye, RMSE_MU_DERIV=0.00 mDebye / A, RMSE_ALPHA_per_atom=    0.09, RMSE_ALPHA_DERIV=    6.56
2025-07-14 07:09:02.448 INFO: Epoch 640: head: Default, loss=0.0009, RMSE_MU_per_atom=0.00 mDebye, RMSE_MU_DERIV=0.00 mDebye / A, RMSE_ALPHA_per_atom=    0.08, RMSE_ALPHA_DERIV=    6.58
2025-07-14 07:10:01.676 INFO: Epoch 641: head: Default, loss=0.0009, RMSE_MU_per_atom=0.00 mDebye, RMSE_MU_DERIV=0.00 mDebye / A, RMSE_ALPHA_per_atom=    0.08, RMSE_ALPHA_DERIV=    6.56
2025-07-14 07:11:00.889 INFO: Epoch 642: head: Default, loss=0.0009, RMSE_MU_per_atom=0.00 mDebye, RMSE_MU_DERIV=0.00 mDebye / A, RMSE_ALPHA_per_atom=    0.08, RMSE_ALPHA_DERIV=    6.56
2025-07-14 07:12:00.089 INFO: Epoch 643: head: Default, loss=0.0010, RMSE_MU_per_atom=0.00 mDebye, RMSE_MU_DERIV=0.00 mDebye / A, RMSE_ALPHA_per_atom=    0.08, RMSE_ALPHA_DERIV=    6.56
2025-07-14 07:12:59.287 INFO: Epoch 644: head: Default, loss=0.0010, RMSE_MU_per_atom=0.00 mDebye, RMSE_MU_DERIV=0.00 mDebye / A, RMSE_ALPHA_per_atom=    0.09, RMSE_ALPHA_DERIV=    6.55
2025-07-14 07:13:58.473 INFO: Epoch 645: head: Default, loss=0.0010, RMSE_MU_per_atom=0.00 mDebye, RMSE_MU_DERIV=0.00 mDebye / A, RMSE_ALPHA_per_atom=    0.08, RMSE_ALPHA_DERIV=    6.56
2025-07-14 07:14:57.687 INFO: Epoch 646: head: Default, loss=0.0009, RMSE_MU_per_atom=0.00 mDebye, RMSE_MU_DERIV=0.00 mDebye / A, RMSE_ALPHA_per_atom=    0.08, RMSE_ALPHA_DERIV=    6.56
2025-07-14 07:15:56.891 INFO: Epoch 647: head: Default, loss=0.0009, RMSE_MU_per_atom=0.00 mDebye, RMSE_MU_DERIV=0.00 mDebye / A, RMSE_ALPHA_per_atom=    0.08, RMSE_ALPHA_DERIV=    6.57
2025-07-14 07:16:56.093 INFO: Epoch 648: head: Default, loss=0.0009, RMSE_MU_per_atom=0.00 mDebye, RMSE_MU_DERIV=0.00 mDebye / A, RMSE_ALPHA_per_atom=    0.08, RMSE_ALPHA_DERIV=    6.56
2025-07-14 07:17:55.281 INFO: Epoch 649: head: Default, loss=0.0010, RMSE_MU_per_atom=0.00 mDebye, RMSE_MU_DERIV=0.00 mDebye / A, RMSE_ALPHA_per_atom=    0.09, RMSE_ALPHA_DERIV=    6.56
2025-07-14 07:18:54.504 INFO: Epoch 650: head: Default, loss=0.0009, RMSE_MU_per_atom=0.00 mDebye, RMSE_MU_DERIV=0.00 mDebye / A, RMSE_ALPHA_per_atom=    0.08, RMSE_ALPHA_DERIV=    6.56
2025-07-14 07:19:53.710 INFO: Epoch 651: head: Default, loss=0.0011, RMSE_MU_per_atom=0.00 mDebye, RMSE_MU_DERIV=0.00 mDebye / A, RMSE_ALPHA_per_atom=    0.09, RMSE_ALPHA_DERIV=    6.58
2025-07-14 07:20:52.946 INFO: Epoch 652: head: Default, loss=0.0009, RMSE_MU_per_atom=0.00 mDebye, RMSE_MU_DERIV=0.00 mDebye / A, RMSE_ALPHA_per_atom=    0.08, RMSE_ALPHA_DERIV=    6.56
2025-07-14 07:21:52.167 INFO: Epoch 653: head: Default, loss=0.0010, RMSE_MU_per_atom=0.00 mDebye, RMSE_MU_DERIV=0.00 mDebye / A, RMSE_ALPHA_per_atom=    0.08, RMSE_ALPHA_DERIV=    6.56
2025-07-14 07:22:51.393 INFO: Epoch 654: head: Default, loss=0.0010, RMSE_MU_per_atom=0.00 mDebye, RMSE_MU_DERIV=0.00 mDebye / A, RMSE_ALPHA_per_atom=    0.08, RMSE_ALPHA_DERIV=    6.57
2025-07-14 07:23:50.595 INFO: Epoch 655: head: Default, loss=0.0009, RMSE_MU_per_atom=0.00 mDebye, RMSE_MU_DERIV=0.00 mDebye / A, RMSE_ALPHA_per_atom=    0.08, RMSE_ALPHA_DERIV=    6.56
2025-07-14 07:24:49.808 INFO: Epoch 656: head: Default, loss=0.0010, RMSE_MU_per_atom=0.00 mDebye, RMSE_MU_DERIV=0.00 mDebye / A, RMSE_ALPHA_per_atom=    0.09, RMSE_ALPHA_DERIV=    6.57
2025-07-14 07:25:49.016 INFO: Epoch 657: head: Default, loss=0.0009, RMSE_MU_per_atom=0.00 mDebye, RMSE_MU_DERIV=0.00 mDebye / A, RMSE_ALPHA_per_atom=    0.08, RMSE_ALPHA_DERIV=    6.56
2025-07-14 07:26:48.222 INFO: Epoch 658: head: Default, loss=0.0010, RMSE_MU_per_atom=0.00 mDebye, RMSE_MU_DERIV=0.00 mDebye / A, RMSE_ALPHA_per_atom=    0.08, RMSE_ALPHA_DERIV=    6.56
2025-07-14 07:27:47.434 INFO: Epoch 659: head: Default, loss=0.0010, RMSE_MU_per_atom=0.00 mDebye, RMSE_MU_DERIV=0.00 mDebye / A, RMSE_ALPHA_per_atom=    0.08, RMSE_ALPHA_DERIV=    6.56
2025-07-14 07:28:46.667 INFO: Epoch 660: head: Default, loss=0.0009, RMSE_MU_per_atom=0.00 mDebye, RMSE_MU_DERIV=0.00 mDebye / A, RMSE_ALPHA_per_atom=    0.08, RMSE_ALPHA_DERIV=    6.57
2025-07-14 07:29:45.887 INFO: Epoch 661: head: Default, loss=0.0010, RMSE_MU_per_atom=0.00 mDebye, RMSE_MU_DERIV=0.00 mDebye / A, RMSE_ALPHA_per_atom=    0.09, RMSE_ALPHA_DERIV=    6.57
2025-07-14 07:30:45.141 INFO: Epoch 662: head: Default, loss=0.0010, RMSE_MU_per_atom=0.00 mDebye, RMSE_MU_DERIV=0.00 mDebye / A, RMSE_ALPHA_per_atom=    0.08, RMSE_ALPHA_DERIV=    6.56
2025-07-14 07:31:44.382 INFO: Epoch 663: head: Default, loss=0.0009, RMSE_MU_per_atom=0.00 mDebye, RMSE_MU_DERIV=0.00 mDebye / A, RMSE_ALPHA_per_atom=    0.08, RMSE_ALPHA_DERIV=    6.57
2025-07-14 07:32:43.613 INFO: Epoch 664: head: Default, loss=0.0011, RMSE_MU_per_atom=0.00 mDebye, RMSE_MU_DERIV=0.00 mDebye / A, RMSE_ALPHA_per_atom=    0.09, RMSE_ALPHA_DERIV=    6.57
2025-07-14 07:33:42.861 INFO: Epoch 665: head: Default, loss=0.0009, RMSE_MU_per_atom=0.00 mDebye, RMSE_MU_DERIV=0.00 mDebye / A, RMSE_ALPHA_per_atom=    0.08, RMSE_ALPHA_DERIV=    6.56
2025-07-14 07:34:42.107 INFO: Epoch 666: head: Default, loss=0.0010, RMSE_MU_per_atom=0.00 mDebye, RMSE_MU_DERIV=0.00 mDebye / A, RMSE_ALPHA_per_atom=    0.08, RMSE_ALPHA_DERIV=    6.57
2025-07-14 07:35:41.335 INFO: Epoch 667: head: Default, loss=0.0010, RMSE_MU_per_atom=0.00 mDebye, RMSE_MU_DERIV=0.00 mDebye / A, RMSE_ALPHA_per_atom=    0.08, RMSE_ALPHA_DERIV=    6.57
2025-07-14 07:36:40.582 INFO: Epoch 668: head: Default, loss=0.0009, RMSE_MU_per_atom=0.00 mDebye, RMSE_MU_DERIV=0.00 mDebye / A, RMSE_ALPHA_per_atom=    0.08, RMSE_ALPHA_DERIV=    6.56
2025-07-14 07:37:39.815 INFO: Epoch 669: head: Default, loss=0.0010, RMSE_MU_per_atom=0.00 mDebye, RMSE_MU_DERIV=0.00 mDebye / A, RMSE_ALPHA_per_atom=    0.08, RMSE_ALPHA_DERIV=    6.55
2025-07-14 07:38:39.065 INFO: Epoch 670: head: Default, loss=0.0010, RMSE_MU_per_atom=0.00 mDebye, RMSE_MU_DERIV=0.00 mDebye / A, RMSE_ALPHA_per_atom=    0.08, RMSE_ALPHA_DERIV=    6.56
2025-07-14 07:39:38.322 INFO: Epoch 671: head: Default, loss=0.0010, RMSE_MU_per_atom=0.00 mDebye, RMSE_MU_DERIV=0.00 mDebye / A, RMSE_ALPHA_per_atom=    0.09, RMSE_ALPHA_DERIV=    6.57
2025-07-14 07:40:37.568 INFO: Epoch 672: head: Default, loss=0.0009, RMSE_MU_per_atom=0.00 mDebye, RMSE_MU_DERIV=0.00 mDebye / A, RMSE_ALPHA_per_atom=    0.08, RMSE_ALPHA_DERIV=    6.56
2025-07-14 07:41:36.829 INFO: Epoch 673: head: Default, loss=0.0010, RMSE_MU_per_atom=0.00 mDebye, RMSE_MU_DERIV=0.00 mDebye / A, RMSE_ALPHA_per_atom=    0.09, RMSE_ALPHA_DERIV=    6.56
2025-07-14 07:42:36.051 INFO: Epoch 674: head: Default, loss=0.0008, RMSE_MU_per_atom=0.00 mDebye, RMSE_MU_DERIV=0.00 mDebye / A, RMSE_ALPHA_per_atom=    0.08, RMSE_ALPHA_DERIV=    6.56
2025-07-14 07:43:35.270 INFO: Epoch 675: head: Default, loss=0.0010, RMSE_MU_per_atom=0.00 mDebye, RMSE_MU_DERIV=0.00 mDebye / A, RMSE_ALPHA_per_atom=    0.09, RMSE_ALPHA_DERIV=    6.56
2025-07-14 07:44:34.516 INFO: Epoch 676: head: Default, loss=0.0009, RMSE_MU_per_atom=0.00 mDebye, RMSE_MU_DERIV=0.00 mDebye / A, RMSE_ALPHA_per_atom=    0.08, RMSE_ALPHA_DERIV=    6.57
2025-07-14 07:45:33.753 INFO: Epoch 677: head: Default, loss=0.0009, RMSE_MU_per_atom=0.00 mDebye, RMSE_MU_DERIV=0.00 mDebye / A, RMSE_ALPHA_per_atom=    0.08, RMSE_ALPHA_DERIV=    6.58
2025-07-14 07:46:32.983 INFO: Epoch 678: head: Default, loss=0.0010, RMSE_MU_per_atom=0.00 mDebye, RMSE_MU_DERIV=0.00 mDebye / A, RMSE_ALPHA_per_atom=    0.09, RMSE_ALPHA_DERIV=    6.55
2025-07-14 07:47:32.208 INFO: Epoch 679: head: Default, loss=0.0010, RMSE_MU_per_atom=0.00 mDebye, RMSE_MU_DERIV=0.00 mDebye / A, RMSE_ALPHA_per_atom=    0.08, RMSE_ALPHA_DERIV=    6.54
2025-07-14 07:48:31.457 INFO: Epoch 680: head: Default, loss=0.0010, RMSE_MU_per_atom=0.00 mDebye, RMSE_MU_DERIV=0.00 mDebye / A, RMSE_ALPHA_per_atom=    0.08, RMSE_ALPHA_DERIV=    6.57
2025-07-14 07:49:30.692 INFO: Epoch 681: head: Default, loss=0.0009, RMSE_MU_per_atom=0.00 mDebye, RMSE_MU_DERIV=0.00 mDebye / A, RMSE_ALPHA_per_atom=    0.08, RMSE_ALPHA_DERIV=    6.55
2025-07-14 07:50:29.925 INFO: Epoch 682: head: Default, loss=0.0009, RMSE_MU_per_atom=0.00 mDebye, RMSE_MU_DERIV=0.00 mDebye / A, RMSE_ALPHA_per_atom=    0.08, RMSE_ALPHA_DERIV=    6.55
2025-07-14 07:51:29.150 INFO: Epoch 683: head: Default, loss=0.0010, RMSE_MU_per_atom=0.00 mDebye, RMSE_MU_DERIV=0.00 mDebye / A, RMSE_ALPHA_per_atom=    0.08, RMSE_ALPHA_DERIV=    6.57
2025-07-14 07:52:28.521 INFO: Epoch 684: head: Default, loss=0.0009, RMSE_MU_per_atom=0.00 mDebye, RMSE_MU_DERIV=0.00 mDebye / A, RMSE_ALPHA_per_atom=    0.08, RMSE_ALPHA_DERIV=    6.56
2025-07-14 07:53:27.757 INFO: Epoch 685: head: Default, loss=0.0009, RMSE_MU_per_atom=0.00 mDebye, RMSE_MU_DERIV=0.00 mDebye / A, RMSE_ALPHA_per_atom=    0.08, RMSE_ALPHA_DERIV=    6.57
2025-07-14 07:54:26.983 INFO: Epoch 686: head: Default, loss=0.0010, RMSE_MU_per_atom=0.00 mDebye, RMSE_MU_DERIV=0.00 mDebye / A, RMSE_ALPHA_per_atom=    0.08, RMSE_ALPHA_DERIV=    6.56
2025-07-14 07:55:26.225 INFO: Epoch 687: head: Default, loss=0.0009, RMSE_MU_per_atom=0.00 mDebye, RMSE_MU_DERIV=0.00 mDebye / A, RMSE_ALPHA_per_atom=    0.08, RMSE_ALPHA_DERIV=    6.56
2025-07-14 07:56:25.426 INFO: Epoch 688: head: Default, loss=0.0010, RMSE_MU_per_atom=0.00 mDebye, RMSE_MU_DERIV=0.00 mDebye / A, RMSE_ALPHA_per_atom=    0.08, RMSE_ALPHA_DERIV=    6.57
2025-07-14 07:57:24.625 INFO: Epoch 689: head: Default, loss=0.0009, RMSE_MU_per_atom=0.00 mDebye, RMSE_MU_DERIV=0.00 mDebye / A, RMSE_ALPHA_per_atom=    0.08, RMSE_ALPHA_DERIV=    6.55
2025-07-14 07:58:23.845 INFO: Epoch 690: head: Default, loss=0.0010, RMSE_MU_per_atom=0.00 mDebye, RMSE_MU_DERIV=0.00 mDebye / A, RMSE_ALPHA_per_atom=    0.09, RMSE_ALPHA_DERIV=    6.55
2025-07-14 07:59:23.047 INFO: Epoch 691: head: Default, loss=0.0009, RMSE_MU_per_atom=0.00 mDebye, RMSE_MU_DERIV=0.00 mDebye / A, RMSE_ALPHA_per_atom=    0.08, RMSE_ALPHA_DERIV=    6.55
2025-07-14 08:00:22.253 INFO: Epoch 692: head: Default, loss=0.0009, RMSE_MU_per_atom=0.00 mDebye, RMSE_MU_DERIV=0.00 mDebye / A, RMSE_ALPHA_per_atom=    0.08, RMSE_ALPHA_DERIV=    6.55
2025-07-14 08:01:21.461 INFO: Epoch 693: head: Default, loss=0.0009, RMSE_MU_per_atom=0.00 mDebye, RMSE_MU_DERIV=0.00 mDebye / A, RMSE_ALPHA_per_atom=    0.08, RMSE_ALPHA_DERIV=    6.57
2025-07-14 08:02:20.675 INFO: Epoch 694: head: Default, loss=0.0010, RMSE_MU_per_atom=0.00 mDebye, RMSE_MU_DERIV=0.00 mDebye / A, RMSE_ALPHA_per_atom=    0.09, RMSE_ALPHA_DERIV=    6.56
2025-07-14 08:03:19.901 INFO: Epoch 695: head: Default, loss=0.0009, RMSE_MU_per_atom=0.00 mDebye, RMSE_MU_DERIV=0.00 mDebye / A, RMSE_ALPHA_per_atom=    0.08, RMSE_ALPHA_DERIV=    6.56
2025-07-14 08:04:19.086 INFO: Epoch 696: head: Default, loss=0.0009, RMSE_MU_per_atom=0.00 mDebye, RMSE_MU_DERIV=0.00 mDebye / A, RMSE_ALPHA_per_atom=    0.08, RMSE_ALPHA_DERIV=    6.56
2025-07-14 08:05:18.290 INFO: Epoch 697: head: Default, loss=0.0009, RMSE_MU_per_atom=0.00 mDebye, RMSE_MU_DERIV=0.00 mDebye / A, RMSE_ALPHA_per_atom=    0.08, RMSE_ALPHA_DERIV=    6.55
2025-07-14 08:06:17.495 INFO: Epoch 698: head: Default, loss=0.0010, RMSE_MU_per_atom=0.00 mDebye, RMSE_MU_DERIV=0.00 mDebye / A, RMSE_ALPHA_per_atom=    0.08, RMSE_ALPHA_DERIV=    6.56
2025-07-14 08:07:16.696 INFO: Epoch 699: head: Default, loss=0.0010, RMSE_MU_per_atom=0.00 mDebye, RMSE_MU_DERIV=0.00 mDebye / A, RMSE_ALPHA_per_atom=    0.09, RMSE_ALPHA_DERIV=    6.55
2025-07-14 08:08:15.908 INFO: Epoch 700: head: Default, loss=0.0009, RMSE_MU_per_atom=0.00 mDebye, RMSE_MU_DERIV=0.00 mDebye / A, RMSE_ALPHA_per_atom=    0.08, RMSE_ALPHA_DERIV=    6.55
2025-07-14 08:09:15.126 INFO: Epoch 701: head: Default, loss=0.0010, RMSE_MU_per_atom=0.00 mDebye, RMSE_MU_DERIV=0.00 mDebye / A, RMSE_ALPHA_per_atom=    0.09, RMSE_ALPHA_DERIV=    6.55
2025-07-14 08:10:14.335 INFO: Epoch 702: head: Default, loss=0.0009, RMSE_MU_per_atom=0.00 mDebye, RMSE_MU_DERIV=0.00 mDebye / A, RMSE_ALPHA_per_atom=    0.08, RMSE_ALPHA_DERIV=    6.56
2025-07-14 08:11:13.590 INFO: Epoch 703: head: Default, loss=0.0009, RMSE_MU_per_atom=0.00 mDebye, RMSE_MU_DERIV=0.00 mDebye / A, RMSE_ALPHA_per_atom=    0.08, RMSE_ALPHA_DERIV=    6.55
2025-07-14 08:12:12.827 INFO: Epoch 704: head: Default, loss=0.0010, RMSE_MU_per_atom=0.00 mDebye, RMSE_MU_DERIV=0.00 mDebye / A, RMSE_ALPHA_per_atom=    0.08, RMSE_ALPHA_DERIV=    6.55
2025-07-14 08:13:12.064 INFO: Epoch 705: head: Default, loss=0.0009, RMSE_MU_per_atom=0.00 mDebye, RMSE_MU_DERIV=0.00 mDebye / A, RMSE_ALPHA_per_atom=    0.08, RMSE_ALPHA_DERIV=    6.55
2025-07-14 08:14:11.285 INFO: Epoch 706: head: Default, loss=0.0010, RMSE_MU_per_atom=0.00 mDebye, RMSE_MU_DERIV=0.00 mDebye / A, RMSE_ALPHA_per_atom=    0.08, RMSE_ALPHA_DERIV=    6.54
2025-07-14 08:15:10.500 INFO: Epoch 707: head: Default, loss=0.0010, RMSE_MU_per_atom=0.00 mDebye, RMSE_MU_DERIV=0.00 mDebye / A, RMSE_ALPHA_per_atom=    0.08, RMSE_ALPHA_DERIV=    6.55
2025-07-14 08:16:09.715 INFO: Epoch 708: head: Default, loss=0.0010, RMSE_MU_per_atom=0.00 mDebye, RMSE_MU_DERIV=0.00 mDebye / A, RMSE_ALPHA_per_atom=    0.09, RMSE_ALPHA_DERIV=    6.55
2025-07-14 08:17:08.914 INFO: Epoch 709: head: Default, loss=0.0009, RMSE_MU_per_atom=0.00 mDebye, RMSE_MU_DERIV=0.00 mDebye / A, RMSE_ALPHA_per_atom=    0.08, RMSE_ALPHA_DERIV=    6.54
2025-07-14 08:18:08.098 INFO: Epoch 710: head: Default, loss=0.0010, RMSE_MU_per_atom=0.00 mDebye, RMSE_MU_DERIV=0.00 mDebye / A, RMSE_ALPHA_per_atom=    0.08, RMSE_ALPHA_DERIV=    6.54
2025-07-14 08:19:07.285 INFO: Epoch 711: head: Default, loss=0.0009, RMSE_MU_per_atom=0.00 mDebye, RMSE_MU_DERIV=0.00 mDebye / A, RMSE_ALPHA_per_atom=    0.08, RMSE_ALPHA_DERIV=    6.54
2025-07-14 08:20:06.487 INFO: Epoch 712: head: Default, loss=0.0010, RMSE_MU_per_atom=0.00 mDebye, RMSE_MU_DERIV=0.00 mDebye / A, RMSE_ALPHA_per_atom=    0.08, RMSE_ALPHA_DERIV=    6.54
2025-07-14 08:21:05.693 INFO: Epoch 713: head: Default, loss=0.0009, RMSE_MU_per_atom=0.00 mDebye, RMSE_MU_DERIV=0.00 mDebye / A, RMSE_ALPHA_per_atom=    0.08, RMSE_ALPHA_DERIV=    6.54
2025-07-14 08:22:04.895 INFO: Epoch 714: head: Default, loss=0.0009, RMSE_MU_per_atom=0.00 mDebye, RMSE_MU_DERIV=0.00 mDebye / A, RMSE_ALPHA_per_atom=    0.08, RMSE_ALPHA_DERIV=    6.53
2025-07-14 08:23:04.112 INFO: Epoch 715: head: Default, loss=0.0009, RMSE_MU_per_atom=0.00 mDebye, RMSE_MU_DERIV=0.00 mDebye / A, RMSE_ALPHA_per_atom=    0.08, RMSE_ALPHA_DERIV=    6.54
2025-07-14 08:24:03.335 INFO: Epoch 716: head: Default, loss=0.0010, RMSE_MU_per_atom=0.00 mDebye, RMSE_MU_DERIV=0.00 mDebye / A, RMSE_ALPHA_per_atom=    0.09, RMSE_ALPHA_DERIV=    6.54
2025-07-14 08:25:02.562 INFO: Epoch 717: head: Default, loss=0.0010, RMSE_MU_per_atom=0.00 mDebye, RMSE_MU_DERIV=0.00 mDebye / A, RMSE_ALPHA_per_atom=    0.08, RMSE_ALPHA_DERIV=    6.54
2025-07-14 08:26:01.789 INFO: Epoch 718: head: Default, loss=0.0010, RMSE_MU_per_atom=0.00 mDebye, RMSE_MU_DERIV=0.00 mDebye / A, RMSE_ALPHA_per_atom=    0.08, RMSE_ALPHA_DERIV=    6.55
2025-07-14 08:27:00.995 INFO: Epoch 719: head: Default, loss=0.0010, RMSE_MU_per_atom=0.00 mDebye, RMSE_MU_DERIV=0.00 mDebye / A, RMSE_ALPHA_per_atom=    0.08, RMSE_ALPHA_DERIV=    6.53
2025-07-14 08:28:00.193 INFO: Epoch 720: head: Default, loss=0.0010, RMSE_MU_per_atom=0.00 mDebye, RMSE_MU_DERIV=0.00 mDebye / A, RMSE_ALPHA_per_atom=    0.09, RMSE_ALPHA_DERIV=    6.55
2025-07-14 08:28:59.402 INFO: Epoch 721: head: Default, loss=0.0009, RMSE_MU_per_atom=0.00 mDebye, RMSE_MU_DERIV=0.00 mDebye / A, RMSE_ALPHA_per_atom=    0.08, RMSE_ALPHA_DERIV=    6.54
2025-07-14 08:29:58.605 INFO: Epoch 722: head: Default, loss=0.0009, RMSE_MU_per_atom=0.00 mDebye, RMSE_MU_DERIV=0.00 mDebye / A, RMSE_ALPHA_per_atom=    0.08, RMSE_ALPHA_DERIV=    6.55
2025-07-14 08:30:57.806 INFO: Epoch 723: head: Default, loss=0.0009, RMSE_MU_per_atom=0.00 mDebye, RMSE_MU_DERIV=0.00 mDebye / A, RMSE_ALPHA_per_atom=    0.08, RMSE_ALPHA_DERIV=    6.53
2025-07-14 08:31:57.016 INFO: Epoch 724: head: Default, loss=0.0009, RMSE_MU_per_atom=0.00 mDebye, RMSE_MU_DERIV=0.00 mDebye / A, RMSE_ALPHA_per_atom=    0.08, RMSE_ALPHA_DERIV=    6.55
2025-07-14 08:32:56.193 INFO: Epoch 725: head: Default, loss=0.0009, RMSE_MU_per_atom=0.00 mDebye, RMSE_MU_DERIV=0.00 mDebye / A, RMSE_ALPHA_per_atom=    0.08, RMSE_ALPHA_DERIV=    6.54
2025-07-14 08:33:55.385 INFO: Epoch 726: head: Default, loss=0.0011, RMSE_MU_per_atom=0.00 mDebye, RMSE_MU_DERIV=0.00 mDebye / A, RMSE_ALPHA_per_atom=    0.09, RMSE_ALPHA_DERIV=    6.54
2025-07-14 08:34:54.580 INFO: Epoch 727: head: Default, loss=0.0009, RMSE_MU_per_atom=0.00 mDebye, RMSE_MU_DERIV=0.00 mDebye / A, RMSE_ALPHA_per_atom=    0.08, RMSE_ALPHA_DERIV=    6.55
2025-07-14 08:35:53.790 INFO: Epoch 728: head: Default, loss=0.0009, RMSE_MU_per_atom=0.00 mDebye, RMSE_MU_DERIV=0.00 mDebye / A, RMSE_ALPHA_per_atom=    0.08, RMSE_ALPHA_DERIV=    6.53
2025-07-14 08:36:52.985 INFO: Epoch 729: head: Default, loss=0.0009, RMSE_MU_per_atom=0.00 mDebye, RMSE_MU_DERIV=0.00 mDebye / A, RMSE_ALPHA_per_atom=    0.08, RMSE_ALPHA_DERIV=    6.54
2025-07-14 08:37:52.172 INFO: Epoch 730: head: Default, loss=0.0009, RMSE_MU_per_atom=0.00 mDebye, RMSE_MU_DERIV=0.00 mDebye / A, RMSE_ALPHA_per_atom=    0.08, RMSE_ALPHA_DERIV=    6.53
2025-07-14 08:38:51.365 INFO: Epoch 731: head: Default, loss=0.0011, RMSE_MU_per_atom=0.00 mDebye, RMSE_MU_DERIV=0.00 mDebye / A, RMSE_ALPHA_per_atom=    0.09, RMSE_ALPHA_DERIV=    6.54
2025-07-14 08:39:50.561 INFO: Epoch 732: head: Default, loss=0.0009, RMSE_MU_per_atom=0.00 mDebye, RMSE_MU_DERIV=0.00 mDebye / A, RMSE_ALPHA_per_atom=    0.08, RMSE_ALPHA_DERIV=    6.54
2025-07-14 08:40:49.753 INFO: Epoch 733: head: Default, loss=0.0009, RMSE_MU_per_atom=0.00 mDebye, RMSE_MU_DERIV=0.00 mDebye / A, RMSE_ALPHA_per_atom=    0.08, RMSE_ALPHA_DERIV=    6.55
2025-07-14 08:41:48.968 INFO: Epoch 734: head: Default, loss=0.0009, RMSE_MU_per_atom=0.00 mDebye, RMSE_MU_DERIV=0.00 mDebye / A, RMSE_ALPHA_per_atom=    0.08, RMSE_ALPHA_DERIV=    6.54
2025-07-14 08:42:48.192 INFO: Epoch 735: head: Default, loss=0.0010, RMSE_MU_per_atom=0.00 mDebye, RMSE_MU_DERIV=0.00 mDebye / A, RMSE_ALPHA_per_atom=    0.08, RMSE_ALPHA_DERIV=    6.55
2025-07-14 08:43:47.420 INFO: Epoch 736: head: Default, loss=0.0010, RMSE_MU_per_atom=0.00 mDebye, RMSE_MU_DERIV=0.00 mDebye / A, RMSE_ALPHA_per_atom=    0.08, RMSE_ALPHA_DERIV=    6.55
2025-07-14 08:44:46.667 INFO: Epoch 737: head: Default, loss=0.0009, RMSE_MU_per_atom=0.00 mDebye, RMSE_MU_DERIV=0.00 mDebye / A, RMSE_ALPHA_per_atom=    0.08, RMSE_ALPHA_DERIV=    6.55
2025-07-14 08:45:45.901 INFO: Epoch 738: head: Default, loss=0.0009, RMSE_MU_per_atom=0.00 mDebye, RMSE_MU_DERIV=0.00 mDebye / A, RMSE_ALPHA_per_atom=    0.08, RMSE_ALPHA_DERIV=    6.55
2025-07-14 08:46:45.126 INFO: Epoch 739: head: Default, loss=0.0009, RMSE_MU_per_atom=0.00 mDebye, RMSE_MU_DERIV=0.00 mDebye / A, RMSE_ALPHA_per_atom=    0.08, RMSE_ALPHA_DERIV=    6.54
2025-07-14 08:47:44.356 INFO: Epoch 740: head: Default, loss=0.0010, RMSE_MU_per_atom=0.00 mDebye, RMSE_MU_DERIV=0.00 mDebye / A, RMSE_ALPHA_per_atom=    0.08, RMSE_ALPHA_DERIV=    6.55
2025-07-14 08:48:43.589 INFO: Epoch 741: head: Default, loss=0.0009, RMSE_MU_per_atom=0.00 mDebye, RMSE_MU_DERIV=0.00 mDebye / A, RMSE_ALPHA_per_atom=    0.08, RMSE_ALPHA_DERIV=    6.55
2025-07-14 08:49:42.819 INFO: Epoch 742: head: Default, loss=0.0010, RMSE_MU_per_atom=0.00 mDebye, RMSE_MU_DERIV=0.00 mDebye / A, RMSE_ALPHA_per_atom=    0.09, RMSE_ALPHA_DERIV=    6.56
2025-07-14 08:50:42.066 INFO: Epoch 743: head: Default, loss=0.0009, RMSE_MU_per_atom=0.00 mDebye, RMSE_MU_DERIV=0.00 mDebye / A, RMSE_ALPHA_per_atom=    0.08, RMSE_ALPHA_DERIV=    6.54
2025-07-14 08:51:41.289 INFO: Epoch 744: head: Default, loss=0.0010, RMSE_MU_per_atom=0.00 mDebye, RMSE_MU_DERIV=0.00 mDebye / A, RMSE_ALPHA_per_atom=    0.09, RMSE_ALPHA_DERIV=    6.55
2025-07-14 08:52:40.517 INFO: Epoch 745: head: Default, loss=0.0010, RMSE_MU_per_atom=0.00 mDebye, RMSE_MU_DERIV=0.00 mDebye / A, RMSE_ALPHA_per_atom=    0.08, RMSE_ALPHA_DERIV=    6.54
2025-07-14 08:53:39.740 INFO: Epoch 746: head: Default, loss=0.0009, RMSE_MU_per_atom=0.00 mDebye, RMSE_MU_DERIV=0.00 mDebye / A, RMSE_ALPHA_per_atom=    0.08, RMSE_ALPHA_DERIV=    6.55
2025-07-14 08:54:38.977 INFO: Epoch 747: head: Default, loss=0.0009, RMSE_MU_per_atom=0.00 mDebye, RMSE_MU_DERIV=0.00 mDebye / A, RMSE_ALPHA_per_atom=    0.08, RMSE_ALPHA_DERIV=    6.54
2025-07-14 08:55:38.211 INFO: Epoch 748: head: Default, loss=0.0010, RMSE_MU_per_atom=0.00 mDebye, RMSE_MU_DERIV=0.00 mDebye / A, RMSE_ALPHA_per_atom=    0.08, RMSE_ALPHA_DERIV=    6.54
2025-07-14 08:56:37.452 INFO: Epoch 749: head: Default, loss=0.0009, RMSE_MU_per_atom=0.00 mDebye, RMSE_MU_DERIV=0.00 mDebye / A, RMSE_ALPHA_per_atom=    0.08, RMSE_ALPHA_DERIV=    6.55
2025-07-14 08:57:36.698 INFO: Epoch 750: head: Default, loss=0.0009, RMSE_MU_per_atom=0.00 mDebye, RMSE_MU_DERIV=0.00 mDebye / A, RMSE_ALPHA_per_atom=    0.08, RMSE_ALPHA_DERIV=    6.55
2025-07-14 08:58:35.934 INFO: Epoch 751: head: Default, loss=0.0010, RMSE_MU_per_atom=0.00 mDebye, RMSE_MU_DERIV=0.00 mDebye / A, RMSE_ALPHA_per_atom=    0.08, RMSE_ALPHA_DERIV=    6.55
2025-07-14 08:59:35.172 INFO: Epoch 752: head: Default, loss=0.0009, RMSE_MU_per_atom=0.00 mDebye, RMSE_MU_DERIV=0.00 mDebye / A, RMSE_ALPHA_per_atom=    0.08, RMSE_ALPHA_DERIV=    6.54
2025-07-14 09:00:34.402 INFO: Epoch 753: head: Default, loss=0.0009, RMSE_MU_per_atom=0.00 mDebye, RMSE_MU_DERIV=0.00 mDebye / A, RMSE_ALPHA_per_atom=    0.08, RMSE_ALPHA_DERIV=    6.55
2025-07-14 09:01:33.630 INFO: Epoch 754: head: Default, loss=0.0009, RMSE_MU_per_atom=0.00 mDebye, RMSE_MU_DERIV=0.00 mDebye / A, RMSE_ALPHA_per_atom=    0.08, RMSE_ALPHA_DERIV=    6.55
2025-07-14 09:02:32.870 INFO: Epoch 755: head: Default, loss=0.0009, RMSE_MU_per_atom=0.00 mDebye, RMSE_MU_DERIV=0.00 mDebye / A, RMSE_ALPHA_per_atom=    0.08, RMSE_ALPHA_DERIV=    6.55
2025-07-14 09:03:32.130 INFO: Epoch 756: head: Default, loss=0.0009, RMSE_MU_per_atom=0.00 mDebye, RMSE_MU_DERIV=0.00 mDebye / A, RMSE_ALPHA_per_atom=    0.08, RMSE_ALPHA_DERIV=    6.56
2025-07-14 09:04:31.366 INFO: Epoch 757: head: Default, loss=0.0009, RMSE_MU_per_atom=0.00 mDebye, RMSE_MU_DERIV=0.00 mDebye / A, RMSE_ALPHA_per_atom=    0.08, RMSE_ALPHA_DERIV=    6.55
2025-07-14 09:05:30.620 INFO: Epoch 758: head: Default, loss=0.0010, RMSE_MU_per_atom=0.00 mDebye, RMSE_MU_DERIV=0.00 mDebye / A, RMSE_ALPHA_per_atom=    0.08, RMSE_ALPHA_DERIV=    6.54
2025-07-14 09:06:29.863 INFO: Epoch 759: head: Default, loss=0.0009, RMSE_MU_per_atom=0.00 mDebye, RMSE_MU_DERIV=0.00 mDebye / A, RMSE_ALPHA_per_atom=    0.08, RMSE_ALPHA_DERIV=    6.55
2025-07-14 09:07:29.100 INFO: Epoch 760: head: Default, loss=0.0009, RMSE_MU_per_atom=0.00 mDebye, RMSE_MU_DERIV=0.00 mDebye / A, RMSE_ALPHA_per_atom=    0.08, RMSE_ALPHA_DERIV=    6.54
2025-07-14 09:08:28.359 INFO: Epoch 761: head: Default, loss=0.0009, RMSE_MU_per_atom=0.00 mDebye, RMSE_MU_DERIV=0.00 mDebye / A, RMSE_ALPHA_per_atom=    0.08, RMSE_ALPHA_DERIV=    6.55
2025-07-14 09:09:27.613 INFO: Epoch 762: head: Default, loss=0.0009, RMSE_MU_per_atom=0.00 mDebye, RMSE_MU_DERIV=0.00 mDebye / A, RMSE_ALPHA_per_atom=    0.08, RMSE_ALPHA_DERIV=    6.55
2025-07-14 09:10:26.852 INFO: Epoch 763: head: Default, loss=0.0009, RMSE_MU_per_atom=0.00 mDebye, RMSE_MU_DERIV=0.00 mDebye / A, RMSE_ALPHA_per_atom=    0.08, RMSE_ALPHA_DERIV=    6.54
2025-07-14 09:11:26.077 INFO: Epoch 764: head: Default, loss=0.0009, RMSE_MU_per_atom=0.00 mDebye, RMSE_MU_DERIV=0.00 mDebye / A, RMSE_ALPHA_per_atom=    0.08, RMSE_ALPHA_DERIV=    6.54
2025-07-14 09:12:25.306 INFO: Epoch 765: head: Default, loss=0.0009, RMSE_MU_per_atom=0.00 mDebye, RMSE_MU_DERIV=0.00 mDebye / A, RMSE_ALPHA_per_atom=    0.08, RMSE_ALPHA_DERIV=    6.54
2025-07-14 09:13:24.566 INFO: Epoch 766: head: Default, loss=0.0009, RMSE_MU_per_atom=0.00 mDebye, RMSE_MU_DERIV=0.00 mDebye / A, RMSE_ALPHA_per_atom=    0.08, RMSE_ALPHA_DERIV=    6.54
2025-07-14 09:14:23.792 INFO: Epoch 767: head: Default, loss=0.0009, RMSE_MU_per_atom=0.00 mDebye, RMSE_MU_DERIV=0.00 mDebye / A, RMSE_ALPHA_per_atom=    0.08, RMSE_ALPHA_DERIV=    6.54
2025-07-14 09:15:23.010 INFO: Epoch 768: head: Default, loss=0.0009, RMSE_MU_per_atom=0.00 mDebye, RMSE_MU_DERIV=0.00 mDebye / A, RMSE_ALPHA_per_atom=    0.08, RMSE_ALPHA_DERIV=    6.55
2025-07-14 09:16:22.248 INFO: Epoch 769: head: Default, loss=0.0009, RMSE_MU_per_atom=0.00 mDebye, RMSE_MU_DERIV=0.00 mDebye / A, RMSE_ALPHA_per_atom=    0.08, RMSE_ALPHA_DERIV=    6.54
2025-07-14 09:17:21.489 INFO: Epoch 770: head: Default, loss=0.0010, RMSE_MU_per_atom=0.00 mDebye, RMSE_MU_DERIV=0.00 mDebye / A, RMSE_ALPHA_per_atom=    0.09, RMSE_ALPHA_DERIV=    6.54
2025-07-14 09:18:20.732 INFO: Epoch 771: head: Default, loss=0.0010, RMSE_MU_per_atom=0.00 mDebye, RMSE_MU_DERIV=0.00 mDebye / A, RMSE_ALPHA_per_atom=    0.08, RMSE_ALPHA_DERIV=    6.55
2025-07-14 09:19:19.994 INFO: Epoch 772: head: Default, loss=0.0010, RMSE_MU_per_atom=0.00 mDebye, RMSE_MU_DERIV=0.00 mDebye / A, RMSE_ALPHA_per_atom=    0.08, RMSE_ALPHA_DERIV=    6.54
2025-07-14 09:20:19.239 INFO: Epoch 773: head: Default, loss=0.0009, RMSE_MU_per_atom=0.00 mDebye, RMSE_MU_DERIV=0.00 mDebye / A, RMSE_ALPHA_per_atom=    0.08, RMSE_ALPHA_DERIV=    6.55
2025-07-14 09:21:18.487 INFO: Epoch 774: head: Default, loss=0.0009, RMSE_MU_per_atom=0.00 mDebye, RMSE_MU_DERIV=0.00 mDebye / A, RMSE_ALPHA_per_atom=    0.08, RMSE_ALPHA_DERIV=    6.55
2025-07-14 09:22:17.738 INFO: Epoch 775: head: Default, loss=0.0009, RMSE_MU_per_atom=0.00 mDebye, RMSE_MU_DERIV=0.00 mDebye / A, RMSE_ALPHA_per_atom=    0.08, RMSE_ALPHA_DERIV=    6.54
2025-07-14 09:23:17.001 INFO: Epoch 776: head: Default, loss=0.0010, RMSE_MU_per_atom=0.00 mDebye, RMSE_MU_DERIV=0.00 mDebye / A, RMSE_ALPHA_per_atom=    0.09, RMSE_ALPHA_DERIV=    6.55
2025-07-14 09:24:16.225 INFO: Epoch 777: head: Default, loss=0.0010, RMSE_MU_per_atom=0.00 mDebye, RMSE_MU_DERIV=0.00 mDebye / A, RMSE_ALPHA_per_atom=    0.08, RMSE_ALPHA_DERIV=    6.55
2025-07-14 09:25:15.465 INFO: Epoch 778: head: Default, loss=0.0008, RMSE_MU_per_atom=0.00 mDebye, RMSE_MU_DERIV=0.00 mDebye / A, RMSE_ALPHA_per_atom=    0.08, RMSE_ALPHA_DERIV=    6.54
2025-07-14 09:26:14.687 INFO: Epoch 779: head: Default, loss=0.0009, RMSE_MU_per_atom=0.00 mDebye, RMSE_MU_DERIV=0.00 mDebye / A, RMSE_ALPHA_per_atom=    0.08, RMSE_ALPHA_DERIV=    6.55
2025-07-14 09:27:13.909 INFO: Epoch 780: head: Default, loss=0.0010, RMSE_MU_per_atom=0.00 mDebye, RMSE_MU_DERIV=0.00 mDebye / A, RMSE_ALPHA_per_atom=    0.09, RMSE_ALPHA_DERIV=    6.54
2025-07-14 09:28:13.105 INFO: Epoch 781: head: Default, loss=0.0010, RMSE_MU_per_atom=0.00 mDebye, RMSE_MU_DERIV=0.00 mDebye / A, RMSE_ALPHA_per_atom=    0.08, RMSE_ALPHA_DERIV=    6.54
2025-07-14 09:29:12.288 INFO: Epoch 782: head: Default, loss=0.0009, RMSE_MU_per_atom=0.00 mDebye, RMSE_MU_DERIV=0.00 mDebye / A, RMSE_ALPHA_per_atom=    0.08, RMSE_ALPHA_DERIV=    6.52
2025-07-14 09:30:11.508 INFO: Epoch 783: head: Default, loss=0.0009, RMSE_MU_per_atom=0.00 mDebye, RMSE_MU_DERIV=0.00 mDebye / A, RMSE_ALPHA_per_atom=    0.08, RMSE_ALPHA_DERIV=    6.54
2025-07-14 09:31:10.719 INFO: Epoch 784: head: Default, loss=0.0009, RMSE_MU_per_atom=0.00 mDebye, RMSE_MU_DERIV=0.00 mDebye / A, RMSE_ALPHA_per_atom=    0.08, RMSE_ALPHA_DERIV=    6.53
2025-07-14 09:32:09.944 INFO: Epoch 785: head: Default, loss=0.0009, RMSE_MU_per_atom=0.00 mDebye, RMSE_MU_DERIV=0.00 mDebye / A, RMSE_ALPHA_per_atom=    0.08, RMSE_ALPHA_DERIV=    6.54
2025-07-14 09:33:09.147 INFO: Epoch 786: head: Default, loss=0.0009, RMSE_MU_per_atom=0.00 mDebye, RMSE_MU_DERIV=0.00 mDebye / A, RMSE_ALPHA_per_atom=    0.08, RMSE_ALPHA_DERIV=    6.53
2025-07-14 09:34:08.343 INFO: Epoch 787: head: Default, loss=0.0010, RMSE_MU_per_atom=0.00 mDebye, RMSE_MU_DERIV=0.00 mDebye / A, RMSE_ALPHA_per_atom=    0.08, RMSE_ALPHA_DERIV=    6.53
2025-07-14 09:35:07.530 INFO: Epoch 788: head: Default, loss=0.0009, RMSE_MU_per_atom=0.00 mDebye, RMSE_MU_DERIV=0.00 mDebye / A, RMSE_ALPHA_per_atom=    0.08, RMSE_ALPHA_DERIV=    6.54
2025-07-14 09:36:06.730 INFO: Epoch 789: head: Default, loss=0.0009, RMSE_MU_per_atom=0.00 mDebye, RMSE_MU_DERIV=0.00 mDebye / A, RMSE_ALPHA_per_atom=    0.08, RMSE_ALPHA_DERIV=    6.54
2025-07-14 09:37:05.906 INFO: Epoch 790: head: Default, loss=0.0009, RMSE_MU_per_atom=0.00 mDebye, RMSE_MU_DERIV=0.00 mDebye / A, RMSE_ALPHA_per_atom=    0.08, RMSE_ALPHA_DERIV=    6.54
2025-07-14 09:38:05.106 INFO: Epoch 791: head: Default, loss=0.0009, RMSE_MU_per_atom=0.00 mDebye, RMSE_MU_DERIV=0.00 mDebye / A, RMSE_ALPHA_per_atom=    0.08, RMSE_ALPHA_DERIV=    6.54
2025-07-14 09:39:04.338 INFO: Epoch 792: head: Default, loss=0.0009, RMSE_MU_per_atom=0.00 mDebye, RMSE_MU_DERIV=0.00 mDebye / A, RMSE_ALPHA_per_atom=    0.08, RMSE_ALPHA_DERIV=    6.54
2025-07-14 09:40:03.548 INFO: Epoch 793: head: Default, loss=0.0010, RMSE_MU_per_atom=0.00 mDebye, RMSE_MU_DERIV=0.00 mDebye / A, RMSE_ALPHA_per_atom=    0.08, RMSE_ALPHA_DERIV=    6.54
2025-07-14 09:41:02.742 INFO: Epoch 794: head: Default, loss=0.0010, RMSE_MU_per_atom=0.00 mDebye, RMSE_MU_DERIV=0.00 mDebye / A, RMSE_ALPHA_per_atom=    0.08, RMSE_ALPHA_DERIV=    6.54
2025-07-14 09:42:01.951 INFO: Epoch 795: head: Default, loss=0.0009, RMSE_MU_per_atom=0.00 mDebye, RMSE_MU_DERIV=0.00 mDebye / A, RMSE_ALPHA_per_atom=    0.08, RMSE_ALPHA_DERIV=    6.54
2025-07-14 09:43:01.154 INFO: Epoch 796: head: Default, loss=0.0009, RMSE_MU_per_atom=0.00 mDebye, RMSE_MU_DERIV=0.00 mDebye / A, RMSE_ALPHA_per_atom=    0.08, RMSE_ALPHA_DERIV=    6.54
2025-07-14 09:44:00.359 INFO: Epoch 797: head: Default, loss=0.0010, RMSE_MU_per_atom=0.00 mDebye, RMSE_MU_DERIV=0.00 mDebye / A, RMSE_ALPHA_per_atom=    0.09, RMSE_ALPHA_DERIV=    6.54
2025-07-14 09:44:59.571 INFO: Epoch 798: head: Default, loss=0.0009, RMSE_MU_per_atom=0.00 mDebye, RMSE_MU_DERIV=0.00 mDebye / A, RMSE_ALPHA_per_atom=    0.08, RMSE_ALPHA_DERIV=    6.54
2025-07-14 09:45:58.805 INFO: Epoch 799: head: Default, loss=0.0009, RMSE_MU_per_atom=0.00 mDebye, RMSE_MU_DERIV=0.00 mDebye / A, RMSE_ALPHA_per_atom=    0.08, RMSE_ALPHA_DERIV=    6.54
2025-07-14 09:46:58.001 INFO: Epoch 800: head: Default, loss=0.0009, RMSE_MU_per_atom=0.00 mDebye, RMSE_MU_DERIV=0.00 mDebye / A, RMSE_ALPHA_per_atom=    0.08, RMSE_ALPHA_DERIV=    6.54
2025-07-14 09:47:57.220 INFO: Epoch 801: head: Default, loss=0.0009, RMSE_MU_per_atom=0.00 mDebye, RMSE_MU_DERIV=0.00 mDebye / A, RMSE_ALPHA_per_atom=    0.08, RMSE_ALPHA_DERIV=    6.54
2025-07-14 09:48:56.428 INFO: Epoch 802: head: Default, loss=0.0010, RMSE_MU_per_atom=0.00 mDebye, RMSE_MU_DERIV=0.00 mDebye / A, RMSE_ALPHA_per_atom=    0.08, RMSE_ALPHA_DERIV=    6.54
2025-07-14 09:49:55.660 INFO: Epoch 803: head: Default, loss=0.0010, RMSE_MU_per_atom=0.00 mDebye, RMSE_MU_DERIV=0.00 mDebye / A, RMSE_ALPHA_per_atom=    0.08, RMSE_ALPHA_DERIV=    6.54
2025-07-14 09:50:54.894 INFO: Epoch 804: head: Default, loss=0.0009, RMSE_MU_per_atom=0.00 mDebye, RMSE_MU_DERIV=0.00 mDebye / A, RMSE_ALPHA_per_atom=    0.08, RMSE_ALPHA_DERIV=    6.54
2025-07-14 09:51:54.127 INFO: Epoch 805: head: Default, loss=0.0009, RMSE_MU_per_atom=0.00 mDebye, RMSE_MU_DERIV=0.00 mDebye / A, RMSE_ALPHA_per_atom=    0.08, RMSE_ALPHA_DERIV=    6.54
2025-07-14 09:52:53.360 INFO: Epoch 806: head: Default, loss=0.0009, RMSE_MU_per_atom=0.00 mDebye, RMSE_MU_DERIV=0.00 mDebye / A, RMSE_ALPHA_per_atom=    0.08, RMSE_ALPHA_DERIV=    6.53
2025-07-14 09:53:52.604 INFO: Epoch 807: head: Default, loss=0.0010, RMSE_MU_per_atom=0.00 mDebye, RMSE_MU_DERIV=0.00 mDebye / A, RMSE_ALPHA_per_atom=    0.09, RMSE_ALPHA_DERIV=    6.54
2025-07-14 09:54:51.860 INFO: Epoch 808: head: Default, loss=0.0009, RMSE_MU_per_atom=0.00 mDebye, RMSE_MU_DERIV=0.00 mDebye / A, RMSE_ALPHA_per_atom=    0.08, RMSE_ALPHA_DERIV=    6.54
2025-07-14 09:55:51.105 INFO: Epoch 809: head: Default, loss=0.0009, RMSE_MU_per_atom=0.00 mDebye, RMSE_MU_DERIV=0.00 mDebye / A, RMSE_ALPHA_per_atom=    0.08, RMSE_ALPHA_DERIV=    6.54
2025-07-14 09:56:50.319 INFO: Epoch 810: head: Default, loss=0.0009, RMSE_MU_per_atom=0.00 mDebye, RMSE_MU_DERIV=0.00 mDebye / A, RMSE_ALPHA_per_atom=    0.08, RMSE_ALPHA_DERIV=    6.55
2025-07-14 09:57:49.978 INFO: Epoch 811: head: Default, loss=0.0009, RMSE_MU_per_atom=0.00 mDebye, RMSE_MU_DERIV=0.00 mDebye / A, RMSE_ALPHA_per_atom=    0.08, RMSE_ALPHA_DERIV=    6.54
2025-07-14 09:58:49.201 INFO: Epoch 812: head: Default, loss=0.0009, RMSE_MU_per_atom=0.00 mDebye, RMSE_MU_DERIV=0.00 mDebye / A, RMSE_ALPHA_per_atom=    0.08, RMSE_ALPHA_DERIV=    6.54
2025-07-14 09:59:48.429 INFO: Epoch 813: head: Default, loss=0.0009, RMSE_MU_per_atom=0.00 mDebye, RMSE_MU_DERIV=0.00 mDebye / A, RMSE_ALPHA_per_atom=    0.08, RMSE_ALPHA_DERIV=    6.53
2025-07-14 10:00:47.681 INFO: Epoch 814: head: Default, loss=0.0009, RMSE_MU_per_atom=0.00 mDebye, RMSE_MU_DERIV=0.00 mDebye / A, RMSE_ALPHA_per_atom=    0.08, RMSE_ALPHA_DERIV=    6.53
2025-07-14 10:01:46.909 INFO: Epoch 815: head: Default, loss=0.0009, RMSE_MU_per_atom=0.00 mDebye, RMSE_MU_DERIV=0.00 mDebye / A, RMSE_ALPHA_per_atom=    0.08, RMSE_ALPHA_DERIV=    6.54
2025-07-14 10:02:46.119 INFO: Epoch 816: head: Default, loss=0.0010, RMSE_MU_per_atom=0.00 mDebye, RMSE_MU_DERIV=0.00 mDebye / A, RMSE_ALPHA_per_atom=    0.08, RMSE_ALPHA_DERIV=    6.54
2025-07-14 10:03:45.320 INFO: Epoch 817: head: Default, loss=0.0009, RMSE_MU_per_atom=0.00 mDebye, RMSE_MU_DERIV=0.00 mDebye / A, RMSE_ALPHA_per_atom=    0.08, RMSE_ALPHA_DERIV=    6.53
2025-07-14 10:04:44.532 INFO: Epoch 818: head: Default, loss=0.0009, RMSE_MU_per_atom=0.00 mDebye, RMSE_MU_DERIV=0.00 mDebye / A, RMSE_ALPHA_per_atom=    0.08, RMSE_ALPHA_DERIV=    6.53
2025-07-14 10:05:43.733 INFO: Epoch 819: head: Default, loss=0.0009, RMSE_MU_per_atom=0.00 mDebye, RMSE_MU_DERIV=0.00 mDebye / A, RMSE_ALPHA_per_atom=    0.08, RMSE_ALPHA_DERIV=    6.53
2025-07-14 10:06:42.928 INFO: Epoch 820: head: Default, loss=0.0009, RMSE_MU_per_atom=0.00 mDebye, RMSE_MU_DERIV=0.00 mDebye / A, RMSE_ALPHA_per_atom=    0.08, RMSE_ALPHA_DERIV=    6.54
2025-07-14 10:07:42.109 INFO: Epoch 821: head: Default, loss=0.0009, RMSE_MU_per_atom=0.00 mDebye, RMSE_MU_DERIV=0.00 mDebye / A, RMSE_ALPHA_per_atom=    0.08, RMSE_ALPHA_DERIV=    6.53
2025-07-14 10:08:41.294 INFO: Epoch 822: head: Default, loss=0.0009, RMSE_MU_per_atom=0.00 mDebye, RMSE_MU_DERIV=0.00 mDebye / A, RMSE_ALPHA_per_atom=    0.08, RMSE_ALPHA_DERIV=    6.54
2025-07-14 10:09:40.470 INFO: Epoch 823: head: Default, loss=0.0010, RMSE_MU_per_atom=0.00 mDebye, RMSE_MU_DERIV=0.00 mDebye / A, RMSE_ALPHA_per_atom=    0.08, RMSE_ALPHA_DERIV=    6.54
2025-07-14 10:10:39.662 INFO: Epoch 824: head: Default, loss=0.0009, RMSE_MU_per_atom=0.00 mDebye, RMSE_MU_DERIV=0.00 mDebye / A, RMSE_ALPHA_per_atom=    0.08, RMSE_ALPHA_DERIV=    6.55
2025-07-14 10:11:38.849 INFO: Epoch 825: head: Default, loss=0.0009, RMSE_MU_per_atom=0.00 mDebye, RMSE_MU_DERIV=0.00 mDebye / A, RMSE_ALPHA_per_atom=    0.08, RMSE_ALPHA_DERIV=    6.53
2025-07-14 10:12:38.038 INFO: Epoch 826: head: Default, loss=0.0009, RMSE_MU_per_atom=0.00 mDebye, RMSE_MU_DERIV=0.00 mDebye / A, RMSE_ALPHA_per_atom=    0.08, RMSE_ALPHA_DERIV=    6.53
2025-07-14 10:13:37.228 INFO: Epoch 827: head: Default, loss=0.0010, RMSE_MU_per_atom=0.00 mDebye, RMSE_MU_DERIV=0.00 mDebye / A, RMSE_ALPHA_per_atom=    0.08, RMSE_ALPHA_DERIV=    6.54
2025-07-14 10:14:36.406 INFO: Epoch 828: head: Default, loss=0.0009, RMSE_MU_per_atom=0.00 mDebye, RMSE_MU_DERIV=0.00 mDebye / A, RMSE_ALPHA_per_atom=    0.08, RMSE_ALPHA_DERIV=    6.53
2025-07-14 10:15:35.595 INFO: Epoch 829: head: Default, loss=0.0009, RMSE_MU_per_atom=0.00 mDebye, RMSE_MU_DERIV=0.00 mDebye / A, RMSE_ALPHA_per_atom=    0.08, RMSE_ALPHA_DERIV=    6.53
2025-07-14 10:16:34.796 INFO: Epoch 830: head: Default, loss=0.0009, RMSE_MU_per_atom=0.00 mDebye, RMSE_MU_DERIV=0.00 mDebye / A, RMSE_ALPHA_per_atom=    0.08, RMSE_ALPHA_DERIV=    6.54
2025-07-14 10:17:33.990 INFO: Epoch 831: head: Default, loss=0.0009, RMSE_MU_per_atom=0.00 mDebye, RMSE_MU_DERIV=0.00 mDebye / A, RMSE_ALPHA_per_atom=    0.08, RMSE_ALPHA_DERIV=    6.54
2025-07-14 10:18:33.186 INFO: Epoch 832: head: Default, loss=0.0010, RMSE_MU_per_atom=0.00 mDebye, RMSE_MU_DERIV=0.00 mDebye / A, RMSE_ALPHA_per_atom=    0.08, RMSE_ALPHA_DERIV=    6.53
2025-07-14 10:19:32.378 INFO: Epoch 833: head: Default, loss=0.0010, RMSE_MU_per_atom=0.00 mDebye, RMSE_MU_DERIV=0.00 mDebye / A, RMSE_ALPHA_per_atom=    0.08, RMSE_ALPHA_DERIV=    6.54
2025-07-14 10:20:31.550 INFO: Epoch 834: head: Default, loss=0.0009, RMSE_MU_per_atom=0.00 mDebye, RMSE_MU_DERIV=0.00 mDebye / A, RMSE_ALPHA_per_atom=    0.08, RMSE_ALPHA_DERIV=    6.53
2025-07-14 10:21:30.734 INFO: Epoch 835: head: Default, loss=0.0009, RMSE_MU_per_atom=0.00 mDebye, RMSE_MU_DERIV=0.00 mDebye / A, RMSE_ALPHA_per_atom=    0.08, RMSE_ALPHA_DERIV=    6.53
2025-07-14 10:22:29.935 INFO: Epoch 836: head: Default, loss=0.0009, RMSE_MU_per_atom=0.00 mDebye, RMSE_MU_DERIV=0.00 mDebye / A, RMSE_ALPHA_per_atom=    0.08, RMSE_ALPHA_DERIV=    6.54
2025-07-14 10:23:29.151 INFO: Epoch 837: head: Default, loss=0.0010, RMSE_MU_per_atom=0.00 mDebye, RMSE_MU_DERIV=0.00 mDebye / A, RMSE_ALPHA_per_atom=    0.08, RMSE_ALPHA_DERIV=    6.54
2025-07-14 10:24:28.358 INFO: Epoch 838: head: Default, loss=0.0009, RMSE_MU_per_atom=0.00 mDebye, RMSE_MU_DERIV=0.00 mDebye / A, RMSE_ALPHA_per_atom=    0.08, RMSE_ALPHA_DERIV=    6.54
2025-07-14 10:25:27.549 INFO: Epoch 839: head: Default, loss=0.0009, RMSE_MU_per_atom=0.00 mDebye, RMSE_MU_DERIV=0.00 mDebye / A, RMSE_ALPHA_per_atom=    0.08, RMSE_ALPHA_DERIV=    6.54
2025-07-14 10:26:26.743 INFO: Epoch 840: head: Default, loss=0.0009, RMSE_MU_per_atom=0.00 mDebye, RMSE_MU_DERIV=0.00 mDebye / A, RMSE_ALPHA_per_atom=    0.08, RMSE_ALPHA_DERIV=    6.54
2025-07-14 10:27:25.951 INFO: Epoch 841: head: Default, loss=0.0009, RMSE_MU_per_atom=0.00 mDebye, RMSE_MU_DERIV=0.00 mDebye / A, RMSE_ALPHA_per_atom=    0.08, RMSE_ALPHA_DERIV=    6.54
2025-07-14 10:28:25.162 INFO: Epoch 842: head: Default, loss=0.0009, RMSE_MU_per_atom=0.00 mDebye, RMSE_MU_DERIV=0.00 mDebye / A, RMSE_ALPHA_per_atom=    0.08, RMSE_ALPHA_DERIV=    6.54
2025-07-14 10:29:24.375 INFO: Epoch 843: head: Default, loss=0.0009, RMSE_MU_per_atom=0.00 mDebye, RMSE_MU_DERIV=0.00 mDebye / A, RMSE_ALPHA_per_atom=    0.08, RMSE_ALPHA_DERIV=    6.54
2025-07-14 10:30:23.616 INFO: Epoch 844: head: Default, loss=0.0009, RMSE_MU_per_atom=0.00 mDebye, RMSE_MU_DERIV=0.00 mDebye / A, RMSE_ALPHA_per_atom=    0.08, RMSE_ALPHA_DERIV=    6.54
2025-07-14 10:31:22.824 INFO: Epoch 845: head: Default, loss=0.0010, RMSE_MU_per_atom=0.00 mDebye, RMSE_MU_DERIV=0.00 mDebye / A, RMSE_ALPHA_per_atom=    0.08, RMSE_ALPHA_DERIV=    6.54
2025-07-14 10:32:22.040 INFO: Epoch 846: head: Default, loss=0.0009, RMSE_MU_per_atom=0.00 mDebye, RMSE_MU_DERIV=0.00 mDebye / A, RMSE_ALPHA_per_atom=    0.08, RMSE_ALPHA_DERIV=    6.54
2025-07-14 10:33:21.242 INFO: Epoch 847: head: Default, loss=0.0009, RMSE_MU_per_atom=0.00 mDebye, RMSE_MU_DERIV=0.00 mDebye / A, RMSE_ALPHA_per_atom=    0.08, RMSE_ALPHA_DERIV=    6.54
2025-07-14 10:34:20.434 INFO: Epoch 848: head: Default, loss=0.0009, RMSE_MU_per_atom=0.00 mDebye, RMSE_MU_DERIV=0.00 mDebye / A, RMSE_ALPHA_per_atom=    0.08, RMSE_ALPHA_DERIV=    6.53
2025-07-14 10:35:19.641 INFO: Epoch 849: head: Default, loss=0.0010, RMSE_MU_per_atom=0.00 mDebye, RMSE_MU_DERIV=0.00 mDebye / A, RMSE_ALPHA_per_atom=    0.08, RMSE_ALPHA_DERIV=    6.54
2025-07-14 10:36:18.839 INFO: Epoch 850: head: Default, loss=0.0010, RMSE_MU_per_atom=0.00 mDebye, RMSE_MU_DERIV=0.00 mDebye / A, RMSE_ALPHA_per_atom=    0.09, RMSE_ALPHA_DERIV=    6.54
2025-07-14 10:37:18.034 INFO: Epoch 851: head: Default, loss=0.0009, RMSE_MU_per_atom=0.00 mDebye, RMSE_MU_DERIV=0.00 mDebye / A, RMSE_ALPHA_per_atom=    0.08, RMSE_ALPHA_DERIV=    6.53
2025-07-14 10:38:17.228 INFO: Epoch 852: head: Default, loss=0.0009, RMSE_MU_per_atom=0.00 mDebye, RMSE_MU_DERIV=0.00 mDebye / A, RMSE_ALPHA_per_atom=    0.08, RMSE_ALPHA_DERIV=    6.53
2025-07-14 10:39:16.421 INFO: Epoch 853: head: Default, loss=0.0009, RMSE_MU_per_atom=0.00 mDebye, RMSE_MU_DERIV=0.00 mDebye / A, RMSE_ALPHA_per_atom=    0.08, RMSE_ALPHA_DERIV=    6.54
2025-07-14 10:40:15.630 INFO: Epoch 854: head: Default, loss=0.0009, RMSE_MU_per_atom=0.00 mDebye, RMSE_MU_DERIV=0.00 mDebye / A, RMSE_ALPHA_per_atom=    0.08, RMSE_ALPHA_DERIV=    6.54
2025-07-14 10:41:14.838 INFO: Epoch 855: head: Default, loss=0.0009, RMSE_MU_per_atom=0.00 mDebye, RMSE_MU_DERIV=0.00 mDebye / A, RMSE_ALPHA_per_atom=    0.08, RMSE_ALPHA_DERIV=    6.54
2025-07-14 10:42:14.039 INFO: Epoch 856: head: Default, loss=0.0009, RMSE_MU_per_atom=0.00 mDebye, RMSE_MU_DERIV=0.00 mDebye / A, RMSE_ALPHA_per_atom=    0.08, RMSE_ALPHA_DERIV=    6.53
2025-07-14 10:43:13.239 INFO: Epoch 857: head: Default, loss=0.0009, RMSE_MU_per_atom=0.00 mDebye, RMSE_MU_DERIV=0.00 mDebye / A, RMSE_ALPHA_per_atom=    0.08, RMSE_ALPHA_DERIV=    6.53
2025-07-14 10:44:12.452 INFO: Epoch 858: head: Default, loss=0.0009, RMSE_MU_per_atom=0.00 mDebye, RMSE_MU_DERIV=0.00 mDebye / A, RMSE_ALPHA_per_atom=    0.08, RMSE_ALPHA_DERIV=    6.53
2025-07-14 10:45:11.678 INFO: Epoch 859: head: Default, loss=0.0009, RMSE_MU_per_atom=0.00 mDebye, RMSE_MU_DERIV=0.00 mDebye / A, RMSE_ALPHA_per_atom=    0.08, RMSE_ALPHA_DERIV=    6.54
2025-07-14 10:46:10.895 INFO: Epoch 860: head: Default, loss=0.0009, RMSE_MU_per_atom=0.00 mDebye, RMSE_MU_DERIV=0.00 mDebye / A, RMSE_ALPHA_per_atom=    0.08, RMSE_ALPHA_DERIV=    6.54
2025-07-14 10:47:10.112 INFO: Epoch 861: head: Default, loss=0.0010, RMSE_MU_per_atom=0.00 mDebye, RMSE_MU_DERIV=0.00 mDebye / A, RMSE_ALPHA_per_atom=    0.08, RMSE_ALPHA_DERIV=    6.54
2025-07-14 10:48:09.322 INFO: Epoch 862: head: Default, loss=0.0009, RMSE_MU_per_atom=0.00 mDebye, RMSE_MU_DERIV=0.00 mDebye / A, RMSE_ALPHA_per_atom=    0.08, RMSE_ALPHA_DERIV=    6.53
2025-07-14 10:49:08.533 INFO: Epoch 863: head: Default, loss=0.0010, RMSE_MU_per_atom=0.00 mDebye, RMSE_MU_DERIV=0.00 mDebye / A, RMSE_ALPHA_per_atom=    0.08, RMSE_ALPHA_DERIV=    6.53
2025-07-14 10:50:07.745 INFO: Epoch 864: head: Default, loss=0.0009, RMSE_MU_per_atom=0.00 mDebye, RMSE_MU_DERIV=0.00 mDebye / A, RMSE_ALPHA_per_atom=    0.08, RMSE_ALPHA_DERIV=    6.53
2025-07-14 10:51:07.363 INFO: Epoch 865: head: Default, loss=0.0009, RMSE_MU_per_atom=0.00 mDebye, RMSE_MU_DERIV=0.00 mDebye / A, RMSE_ALPHA_per_atom=    0.08, RMSE_ALPHA_DERIV=    6.53
2025-07-14 10:52:06.583 INFO: Epoch 866: head: Default, loss=0.0010, RMSE_MU_per_atom=0.00 mDebye, RMSE_MU_DERIV=0.00 mDebye / A, RMSE_ALPHA_per_atom=    0.08, RMSE_ALPHA_DERIV=    6.53
2025-07-14 10:53:05.782 INFO: Epoch 867: head: Default, loss=0.0009, RMSE_MU_per_atom=0.00 mDebye, RMSE_MU_DERIV=0.00 mDebye / A, RMSE_ALPHA_per_atom=    0.08, RMSE_ALPHA_DERIV=    6.54
2025-07-14 10:54:04.991 INFO: Epoch 868: head: Default, loss=0.0010, RMSE_MU_per_atom=0.00 mDebye, RMSE_MU_DERIV=0.00 mDebye / A, RMSE_ALPHA_per_atom=    0.09, RMSE_ALPHA_DERIV=    6.53
2025-07-14 10:55:04.192 INFO: Epoch 869: head: Default, loss=0.0009, RMSE_MU_per_atom=0.00 mDebye, RMSE_MU_DERIV=0.00 mDebye / A, RMSE_ALPHA_per_atom=    0.08, RMSE_ALPHA_DERIV=    6.53
2025-07-14 10:56:03.402 INFO: Epoch 870: head: Default, loss=0.0010, RMSE_MU_per_atom=0.00 mDebye, RMSE_MU_DERIV=0.00 mDebye / A, RMSE_ALPHA_per_atom=    0.08, RMSE_ALPHA_DERIV=    6.54
2025-07-14 10:57:02.615 INFO: Epoch 871: head: Default, loss=0.0009, RMSE_MU_per_atom=0.00 mDebye, RMSE_MU_DERIV=0.00 mDebye / A, RMSE_ALPHA_per_atom=    0.08, RMSE_ALPHA_DERIV=    6.53
2025-07-14 10:58:01.858 INFO: Epoch 872: head: Default, loss=0.0009, RMSE_MU_per_atom=0.00 mDebye, RMSE_MU_DERIV=0.00 mDebye / A, RMSE_ALPHA_per_atom=    0.08, RMSE_ALPHA_DERIV=    6.53
2025-07-14 10:59:01.105 INFO: Epoch 873: head: Default, loss=0.0009, RMSE_MU_per_atom=0.00 mDebye, RMSE_MU_DERIV=0.00 mDebye / A, RMSE_ALPHA_per_atom=    0.08, RMSE_ALPHA_DERIV=    6.53
2025-07-14 11:00:00.348 INFO: Epoch 874: head: Default, loss=0.0010, RMSE_MU_per_atom=0.00 mDebye, RMSE_MU_DERIV=0.00 mDebye / A, RMSE_ALPHA_per_atom=    0.08, RMSE_ALPHA_DERIV=    6.54
2025-07-14 11:00:59.581 INFO: Epoch 875: head: Default, loss=0.0009, RMSE_MU_per_atom=0.00 mDebye, RMSE_MU_DERIV=0.00 mDebye / A, RMSE_ALPHA_per_atom=    0.08, RMSE_ALPHA_DERIV=    6.53
2025-07-14 11:01:58.800 INFO: Epoch 876: head: Default, loss=0.0009, RMSE_MU_per_atom=0.00 mDebye, RMSE_MU_DERIV=0.00 mDebye / A, RMSE_ALPHA_per_atom=    0.08, RMSE_ALPHA_DERIV=    6.53
2025-07-14 11:02:58.001 INFO: Epoch 877: head: Default, loss=0.0010, RMSE_MU_per_atom=0.00 mDebye, RMSE_MU_DERIV=0.00 mDebye / A, RMSE_ALPHA_per_atom=    0.08, RMSE_ALPHA_DERIV=    6.54
2025-07-14 11:03:57.232 INFO: Epoch 878: head: Default, loss=0.0010, RMSE_MU_per_atom=0.00 mDebye, RMSE_MU_DERIV=0.00 mDebye / A, RMSE_ALPHA_per_atom=    0.08, RMSE_ALPHA_DERIV=    6.53
2025-07-14 11:04:56.440 INFO: Epoch 879: head: Default, loss=0.0009, RMSE_MU_per_atom=0.00 mDebye, RMSE_MU_DERIV=0.00 mDebye / A, RMSE_ALPHA_per_atom=    0.08, RMSE_ALPHA_DERIV=    6.53
2025-07-14 11:05:55.636 INFO: Epoch 880: head: Default, loss=0.0010, RMSE_MU_per_atom=0.00 mDebye, RMSE_MU_DERIV=0.00 mDebye / A, RMSE_ALPHA_per_atom=    0.08, RMSE_ALPHA_DERIV=    6.54
2025-07-14 11:06:54.849 INFO: Epoch 881: head: Default, loss=0.0009, RMSE_MU_per_atom=0.00 mDebye, RMSE_MU_DERIV=0.00 mDebye / A, RMSE_ALPHA_per_atom=    0.08, RMSE_ALPHA_DERIV=    6.53
2025-07-14 11:07:54.079 INFO: Epoch 882: head: Default, loss=0.0009, RMSE_MU_per_atom=0.00 mDebye, RMSE_MU_DERIV=0.00 mDebye / A, RMSE_ALPHA_per_atom=    0.08, RMSE_ALPHA_DERIV=    6.53
2025-07-14 11:08:53.307 INFO: Epoch 883: head: Default, loss=0.0009, RMSE_MU_per_atom=0.00 mDebye, RMSE_MU_DERIV=0.00 mDebye / A, RMSE_ALPHA_per_atom=    0.08, RMSE_ALPHA_DERIV=    6.53
2025-07-14 11:09:52.547 INFO: Epoch 884: head: Default, loss=0.0009, RMSE_MU_per_atom=0.00 mDebye, RMSE_MU_DERIV=0.00 mDebye / A, RMSE_ALPHA_per_atom=    0.08, RMSE_ALPHA_DERIV=    6.53
2025-07-14 11:10:51.765 INFO: Epoch 885: head: Default, loss=0.0010, RMSE_MU_per_atom=0.00 mDebye, RMSE_MU_DERIV=0.00 mDebye / A, RMSE_ALPHA_per_atom=    0.08, RMSE_ALPHA_DERIV=    6.54
2025-07-14 11:11:50.972 INFO: Epoch 886: head: Default, loss=0.0009, RMSE_MU_per_atom=0.00 mDebye, RMSE_MU_DERIV=0.00 mDebye / A, RMSE_ALPHA_per_atom=    0.08, RMSE_ALPHA_DERIV=    6.53
2025-07-14 11:12:50.203 INFO: Epoch 887: head: Default, loss=0.0010, RMSE_MU_per_atom=0.00 mDebye, RMSE_MU_DERIV=0.00 mDebye / A, RMSE_ALPHA_per_atom=    0.08, RMSE_ALPHA_DERIV=    6.54
2025-07-14 11:13:49.426 INFO: Epoch 888: head: Default, loss=0.0010, RMSE_MU_per_atom=0.00 mDebye, RMSE_MU_DERIV=0.00 mDebye / A, RMSE_ALPHA_per_atom=    0.08, RMSE_ALPHA_DERIV=    6.53
2025-07-14 11:14:48.666 INFO: Epoch 889: head: Default, loss=0.0009, RMSE_MU_per_atom=0.00 mDebye, RMSE_MU_DERIV=0.00 mDebye / A, RMSE_ALPHA_per_atom=    0.08, RMSE_ALPHA_DERIV=    6.53
2025-07-14 11:15:47.887 INFO: Epoch 890: head: Default, loss=0.0009, RMSE_MU_per_atom=0.00 mDebye, RMSE_MU_DERIV=0.00 mDebye / A, RMSE_ALPHA_per_atom=    0.08, RMSE_ALPHA_DERIV=    6.53
2025-07-14 11:16:47.098 INFO: Epoch 891: head: Default, loss=0.0009, RMSE_MU_per_atom=0.00 mDebye, RMSE_MU_DERIV=0.00 mDebye / A, RMSE_ALPHA_per_atom=    0.08, RMSE_ALPHA_DERIV=    6.53
2025-07-14 11:17:46.310 INFO: Epoch 892: head: Default, loss=0.0009, RMSE_MU_per_atom=0.00 mDebye, RMSE_MU_DERIV=0.00 mDebye / A, RMSE_ALPHA_per_atom=    0.08, RMSE_ALPHA_DERIV=    6.53
2025-07-14 11:18:45.526 INFO: Epoch 893: head: Default, loss=0.0009, RMSE_MU_per_atom=0.00 mDebye, RMSE_MU_DERIV=0.00 mDebye / A, RMSE_ALPHA_per_atom=    0.08, RMSE_ALPHA_DERIV=    6.53
2025-07-14 11:19:44.734 INFO: Epoch 894: head: Default, loss=0.0009, RMSE_MU_per_atom=0.00 mDebye, RMSE_MU_DERIV=0.00 mDebye / A, RMSE_ALPHA_per_atom=    0.08, RMSE_ALPHA_DERIV=    6.53
2025-07-14 11:20:43.950 INFO: Epoch 895: head: Default, loss=0.0009, RMSE_MU_per_atom=0.00 mDebye, RMSE_MU_DERIV=0.00 mDebye / A, RMSE_ALPHA_per_atom=    0.08, RMSE_ALPHA_DERIV=    6.53
2025-07-14 11:21:43.197 INFO: Epoch 896: head: Default, loss=0.0009, RMSE_MU_per_atom=0.00 mDebye, RMSE_MU_DERIV=0.00 mDebye / A, RMSE_ALPHA_per_atom=    0.08, RMSE_ALPHA_DERIV=    6.53
2025-07-14 11:22:42.406 INFO: Epoch 897: head: Default, loss=0.0009, RMSE_MU_per_atom=0.00 mDebye, RMSE_MU_DERIV=0.00 mDebye / A, RMSE_ALPHA_per_atom=    0.08, RMSE_ALPHA_DERIV=    6.53
2025-07-14 11:23:41.616 INFO: Epoch 898: head: Default, loss=0.0009, RMSE_MU_per_atom=0.00 mDebye, RMSE_MU_DERIV=0.00 mDebye / A, RMSE_ALPHA_per_atom=    0.08, RMSE_ALPHA_DERIV=    6.53
2025-07-14 11:24:40.847 INFO: Epoch 899: head: Default, loss=0.0009, RMSE_MU_per_atom=0.00 mDebye, RMSE_MU_DERIV=0.00 mDebye / A, RMSE_ALPHA_per_atom=    0.08, RMSE_ALPHA_DERIV=    6.53
2025-07-14 11:25:40.085 INFO: Epoch 900: head: Default, loss=0.0009, RMSE_MU_per_atom=0.00 mDebye, RMSE_MU_DERIV=0.00 mDebye / A, RMSE_ALPHA_per_atom=    0.08, RMSE_ALPHA_DERIV=    6.52
2025-07-14 11:26:39.323 INFO: Epoch 901: head: Default, loss=0.0010, RMSE_MU_per_atom=0.00 mDebye, RMSE_MU_DERIV=0.00 mDebye / A, RMSE_ALPHA_per_atom=    0.08, RMSE_ALPHA_DERIV=    6.53
2025-07-14 11:27:38.556 INFO: Epoch 902: head: Default, loss=0.0009, RMSE_MU_per_atom=0.00 mDebye, RMSE_MU_DERIV=0.00 mDebye / A, RMSE_ALPHA_per_atom=    0.08, RMSE_ALPHA_DERIV=    6.52
2025-07-14 11:28:37.794 INFO: Epoch 903: head: Default, loss=0.0009, RMSE_MU_per_atom=0.00 mDebye, RMSE_MU_DERIV=0.00 mDebye / A, RMSE_ALPHA_per_atom=    0.08, RMSE_ALPHA_DERIV=    6.53
2025-07-14 11:29:37.031 INFO: Epoch 904: head: Default, loss=0.0009, RMSE_MU_per_atom=0.00 mDebye, RMSE_MU_DERIV=0.00 mDebye / A, RMSE_ALPHA_per_atom=    0.08, RMSE_ALPHA_DERIV=    6.53
2025-07-14 11:30:36.289 INFO: Epoch 905: head: Default, loss=0.0009, RMSE_MU_per_atom=0.00 mDebye, RMSE_MU_DERIV=0.00 mDebye / A, RMSE_ALPHA_per_atom=    0.08, RMSE_ALPHA_DERIV=    6.53
2025-07-14 11:31:35.518 INFO: Epoch 906: head: Default, loss=0.0009, RMSE_MU_per_atom=0.00 mDebye, RMSE_MU_DERIV=0.00 mDebye / A, RMSE_ALPHA_per_atom=    0.08, RMSE_ALPHA_DERIV=    6.53
2025-07-14 11:32:34.752 INFO: Epoch 907: head: Default, loss=0.0009, RMSE_MU_per_atom=0.00 mDebye, RMSE_MU_DERIV=0.00 mDebye / A, RMSE_ALPHA_per_atom=    0.08, RMSE_ALPHA_DERIV=    6.53
2025-07-14 11:33:33.972 INFO: Epoch 908: head: Default, loss=0.0009, RMSE_MU_per_atom=0.00 mDebye, RMSE_MU_DERIV=0.00 mDebye / A, RMSE_ALPHA_per_atom=    0.08, RMSE_ALPHA_DERIV=    6.53
2025-07-14 11:34:33.195 INFO: Epoch 909: head: Default, loss=0.0009, RMSE_MU_per_atom=0.00 mDebye, RMSE_MU_DERIV=0.00 mDebye / A, RMSE_ALPHA_per_atom=    0.08, RMSE_ALPHA_DERIV=    6.53
2025-07-14 11:35:32.463 INFO: Epoch 910: head: Default, loss=0.0009, RMSE_MU_per_atom=0.00 mDebye, RMSE_MU_DERIV=0.00 mDebye / A, RMSE_ALPHA_per_atom=    0.08, RMSE_ALPHA_DERIV=    6.53
2025-07-14 11:36:31.685 INFO: Epoch 911: head: Default, loss=0.0009, RMSE_MU_per_atom=0.00 mDebye, RMSE_MU_DERIV=0.00 mDebye / A, RMSE_ALPHA_per_atom=    0.08, RMSE_ALPHA_DERIV=    6.53
2025-07-14 11:37:30.921 INFO: Epoch 912: head: Default, loss=0.0009, RMSE_MU_per_atom=0.00 mDebye, RMSE_MU_DERIV=0.00 mDebye / A, RMSE_ALPHA_per_atom=    0.08, RMSE_ALPHA_DERIV=    6.52
2025-07-14 11:38:30.167 INFO: Epoch 913: head: Default, loss=0.0009, RMSE_MU_per_atom=0.00 mDebye, RMSE_MU_DERIV=0.00 mDebye / A, RMSE_ALPHA_per_atom=    0.08, RMSE_ALPHA_DERIV=    6.53
2025-07-14 11:39:29.401 INFO: Epoch 914: head: Default, loss=0.0009, RMSE_MU_per_atom=0.00 mDebye, RMSE_MU_DERIV=0.00 mDebye / A, RMSE_ALPHA_per_atom=    0.08, RMSE_ALPHA_DERIV=    6.53
2025-07-14 11:40:28.655 INFO: Epoch 915: head: Default, loss=0.0010, RMSE_MU_per_atom=0.00 mDebye, RMSE_MU_DERIV=0.00 mDebye / A, RMSE_ALPHA_per_atom=    0.08, RMSE_ALPHA_DERIV=    6.53
2025-07-14 11:41:27.910 INFO: Epoch 916: head: Default, loss=0.0009, RMSE_MU_per_atom=0.00 mDebye, RMSE_MU_DERIV=0.00 mDebye / A, RMSE_ALPHA_per_atom=    0.08, RMSE_ALPHA_DERIV=    6.53
2025-07-14 11:42:27.171 INFO: Epoch 917: head: Default, loss=0.0010, RMSE_MU_per_atom=0.00 mDebye, RMSE_MU_DERIV=0.00 mDebye / A, RMSE_ALPHA_per_atom=    0.08, RMSE_ALPHA_DERIV=    6.53
2025-07-14 11:43:26.413 INFO: Epoch 918: head: Default, loss=0.0009, RMSE_MU_per_atom=0.00 mDebye, RMSE_MU_DERIV=0.00 mDebye / A, RMSE_ALPHA_per_atom=    0.08, RMSE_ALPHA_DERIV=    6.52
2025-07-14 11:44:25.611 INFO: Epoch 919: head: Default, loss=0.0009, RMSE_MU_per_atom=0.00 mDebye, RMSE_MU_DERIV=0.00 mDebye / A, RMSE_ALPHA_per_atom=    0.08, RMSE_ALPHA_DERIV=    6.53
2025-07-14 11:45:24.813 INFO: Epoch 920: head: Default, loss=0.0009, RMSE_MU_per_atom=0.00 mDebye, RMSE_MU_DERIV=0.00 mDebye / A, RMSE_ALPHA_per_atom=    0.08, RMSE_ALPHA_DERIV=    6.52
2025-07-14 11:46:24.019 INFO: Epoch 921: head: Default, loss=0.0009, RMSE_MU_per_atom=0.00 mDebye, RMSE_MU_DERIV=0.00 mDebye / A, RMSE_ALPHA_per_atom=    0.08, RMSE_ALPHA_DERIV=    6.53
2025-07-14 11:47:23.224 INFO: Epoch 922: head: Default, loss=0.0009, RMSE_MU_per_atom=0.00 mDebye, RMSE_MU_DERIV=0.00 mDebye / A, RMSE_ALPHA_per_atom=    0.08, RMSE_ALPHA_DERIV=    6.53
2025-07-14 11:48:22.429 INFO: Epoch 923: head: Default, loss=0.0010, RMSE_MU_per_atom=0.00 mDebye, RMSE_MU_DERIV=0.00 mDebye / A, RMSE_ALPHA_per_atom=    0.08, RMSE_ALPHA_DERIV=    6.52
2025-07-14 11:49:21.621 INFO: Epoch 924: head: Default, loss=0.0009, RMSE_MU_per_atom=0.00 mDebye, RMSE_MU_DERIV=0.00 mDebye / A, RMSE_ALPHA_per_atom=    0.08, RMSE_ALPHA_DERIV=    6.52
2025-07-14 11:50:20.807 INFO: Epoch 925: head: Default, loss=0.0009, RMSE_MU_per_atom=0.00 mDebye, RMSE_MU_DERIV=0.00 mDebye / A, RMSE_ALPHA_per_atom=    0.08, RMSE_ALPHA_DERIV=    6.52
2025-07-14 11:51:20.013 INFO: Epoch 926: head: Default, loss=0.0009, RMSE_MU_per_atom=0.00 mDebye, RMSE_MU_DERIV=0.00 mDebye / A, RMSE_ALPHA_per_atom=    0.08, RMSE_ALPHA_DERIV=    6.53
2025-07-14 11:52:19.203 INFO: Epoch 927: head: Default, loss=0.0009, RMSE_MU_per_atom=0.00 mDebye, RMSE_MU_DERIV=0.00 mDebye / A, RMSE_ALPHA_per_atom=    0.08, RMSE_ALPHA_DERIV=    6.53
2025-07-14 11:53:18.386 INFO: Epoch 928: head: Default, loss=0.0009, RMSE_MU_per_atom=0.00 mDebye, RMSE_MU_DERIV=0.00 mDebye / A, RMSE_ALPHA_per_atom=    0.08, RMSE_ALPHA_DERIV=    6.53
2025-07-14 11:54:17.557 INFO: Epoch 929: head: Default, loss=0.0009, RMSE_MU_per_atom=0.00 mDebye, RMSE_MU_DERIV=0.00 mDebye / A, RMSE_ALPHA_per_atom=    0.08, RMSE_ALPHA_DERIV=    6.53
2025-07-14 11:55:16.725 INFO: Epoch 930: head: Default, loss=0.0009, RMSE_MU_per_atom=0.00 mDebye, RMSE_MU_DERIV=0.00 mDebye / A, RMSE_ALPHA_per_atom=    0.08, RMSE_ALPHA_DERIV=    6.53
2025-07-14 11:56:15.906 INFO: Epoch 931: head: Default, loss=0.0010, RMSE_MU_per_atom=0.00 mDebye, RMSE_MU_DERIV=0.00 mDebye / A, RMSE_ALPHA_per_atom=    0.08, RMSE_ALPHA_DERIV=    6.53
2025-07-14 11:57:15.088 INFO: Epoch 932: head: Default, loss=0.0009, RMSE_MU_per_atom=0.00 mDebye, RMSE_MU_DERIV=0.00 mDebye / A, RMSE_ALPHA_per_atom=    0.08, RMSE_ALPHA_DERIV=    6.53
2025-07-14 11:58:14.265 INFO: Epoch 933: head: Default, loss=0.0009, RMSE_MU_per_atom=0.00 mDebye, RMSE_MU_DERIV=0.00 mDebye / A, RMSE_ALPHA_per_atom=    0.08, RMSE_ALPHA_DERIV=    6.52
2025-07-14 11:59:13.454 INFO: Epoch 934: head: Default, loss=0.0009, RMSE_MU_per_atom=0.00 mDebye, RMSE_MU_DERIV=0.00 mDebye / A, RMSE_ALPHA_per_atom=    0.08, RMSE_ALPHA_DERIV=    6.53
2025-07-14 12:00:12.660 INFO: Epoch 935: head: Default, loss=0.0009, RMSE_MU_per_atom=0.00 mDebye, RMSE_MU_DERIV=0.00 mDebye / A, RMSE_ALPHA_per_atom=    0.08, RMSE_ALPHA_DERIV=    6.53
2025-07-14 12:01:11.854 INFO: Epoch 936: head: Default, loss=0.0009, RMSE_MU_per_atom=0.00 mDebye, RMSE_MU_DERIV=0.00 mDebye / A, RMSE_ALPHA_per_atom=    0.08, RMSE_ALPHA_DERIV=    6.53
2025-07-14 12:02:11.030 INFO: Epoch 937: head: Default, loss=0.0009, RMSE_MU_per_atom=0.00 mDebye, RMSE_MU_DERIV=0.00 mDebye / A, RMSE_ALPHA_per_atom=    0.08, RMSE_ALPHA_DERIV=    6.53
2025-07-14 12:03:10.212 INFO: Epoch 938: head: Default, loss=0.0009, RMSE_MU_per_atom=0.00 mDebye, RMSE_MU_DERIV=0.00 mDebye / A, RMSE_ALPHA_per_atom=    0.08, RMSE_ALPHA_DERIV=    6.53
2025-07-14 12:04:09.398 INFO: Epoch 939: head: Default, loss=0.0010, RMSE_MU_per_atom=0.00 mDebye, RMSE_MU_DERIV=0.00 mDebye / A, RMSE_ALPHA_per_atom=    0.08, RMSE_ALPHA_DERIV=    6.53
2025-07-14 12:05:08.585 INFO: Epoch 940: head: Default, loss=0.0009, RMSE_MU_per_atom=0.00 mDebye, RMSE_MU_DERIV=0.00 mDebye / A, RMSE_ALPHA_per_atom=    0.08, RMSE_ALPHA_DERIV=    6.54
2025-07-14 12:06:07.777 INFO: Epoch 941: head: Default, loss=0.0010, RMSE_MU_per_atom=0.00 mDebye, RMSE_MU_DERIV=0.00 mDebye / A, RMSE_ALPHA_per_atom=    0.08, RMSE_ALPHA_DERIV=    6.53
2025-07-14 12:07:06.982 INFO: Epoch 942: head: Default, loss=0.0010, RMSE_MU_per_atom=0.00 mDebye, RMSE_MU_DERIV=0.00 mDebye / A, RMSE_ALPHA_per_atom=    0.08, RMSE_ALPHA_DERIV=    6.53
2025-07-14 12:08:06.160 INFO: Epoch 943: head: Default, loss=0.0010, RMSE_MU_per_atom=0.00 mDebye, RMSE_MU_DERIV=0.00 mDebye / A, RMSE_ALPHA_per_atom=    0.08, RMSE_ALPHA_DERIV=    6.53
2025-07-14 12:09:05.346 INFO: Epoch 944: head: Default, loss=0.0009, RMSE_MU_per_atom=0.00 mDebye, RMSE_MU_DERIV=0.00 mDebye / A, RMSE_ALPHA_per_atom=    0.08, RMSE_ALPHA_DERIV=    6.53
2025-07-14 12:10:04.538 INFO: Epoch 945: head: Default, loss=0.0009, RMSE_MU_per_atom=0.00 mDebye, RMSE_MU_DERIV=0.00 mDebye / A, RMSE_ALPHA_per_atom=    0.08, RMSE_ALPHA_DERIV=    6.53
2025-07-14 12:11:03.720 INFO: Epoch 946: head: Default, loss=0.0009, RMSE_MU_per_atom=0.00 mDebye, RMSE_MU_DERIV=0.00 mDebye / A, RMSE_ALPHA_per_atom=    0.08, RMSE_ALPHA_DERIV=    6.53
2025-07-14 12:12:02.899 INFO: Epoch 947: head: Default, loss=0.0009, RMSE_MU_per_atom=0.00 mDebye, RMSE_MU_DERIV=0.00 mDebye / A, RMSE_ALPHA_per_atom=    0.08, RMSE_ALPHA_DERIV=    6.53
2025-07-14 12:13:02.090 INFO: Epoch 948: head: Default, loss=0.0009, RMSE_MU_per_atom=0.00 mDebye, RMSE_MU_DERIV=0.00 mDebye / A, RMSE_ALPHA_per_atom=    0.08, RMSE_ALPHA_DERIV=    6.53
2025-07-14 12:14:01.294 INFO: Epoch 949: head: Default, loss=0.0009, RMSE_MU_per_atom=0.00 mDebye, RMSE_MU_DERIV=0.00 mDebye / A, RMSE_ALPHA_per_atom=    0.08, RMSE_ALPHA_DERIV=    6.53
2025-07-14 12:15:00.489 INFO: Epoch 950: head: Default, loss=0.0009, RMSE_MU_per_atom=0.00 mDebye, RMSE_MU_DERIV=0.00 mDebye / A, RMSE_ALPHA_per_atom=    0.08, RMSE_ALPHA_DERIV=    6.53
2025-07-14 12:15:59.679 INFO: Epoch 951: head: Default, loss=0.0009, RMSE_MU_per_atom=0.00 mDebye, RMSE_MU_DERIV=0.00 mDebye / A, RMSE_ALPHA_per_atom=    0.08, RMSE_ALPHA_DERIV=    6.53
2025-07-14 12:16:58.870 INFO: Epoch 952: head: Default, loss=0.0009, RMSE_MU_per_atom=0.00 mDebye, RMSE_MU_DERIV=0.00 mDebye / A, RMSE_ALPHA_per_atom=    0.08, RMSE_ALPHA_DERIV=    6.53
2025-07-14 12:17:58.045 INFO: Epoch 953: head: Default, loss=0.0009, RMSE_MU_per_atom=0.00 mDebye, RMSE_MU_DERIV=0.00 mDebye / A, RMSE_ALPHA_per_atom=    0.08, RMSE_ALPHA_DERIV=    6.53
2025-07-14 12:18:57.233 INFO: Epoch 954: head: Default, loss=0.0009, RMSE_MU_per_atom=0.00 mDebye, RMSE_MU_DERIV=0.00 mDebye / A, RMSE_ALPHA_per_atom=    0.08, RMSE_ALPHA_DERIV=    6.53
2025-07-14 12:19:56.423 INFO: Epoch 955: head: Default, loss=0.0009, RMSE_MU_per_atom=0.00 mDebye, RMSE_MU_DERIV=0.00 mDebye / A, RMSE_ALPHA_per_atom=    0.08, RMSE_ALPHA_DERIV=    6.53
2025-07-14 12:20:55.607 INFO: Epoch 956: head: Default, loss=0.0009, RMSE_MU_per_atom=0.00 mDebye, RMSE_MU_DERIV=0.00 mDebye / A, RMSE_ALPHA_per_atom=    0.08, RMSE_ALPHA_DERIV=    6.53
2025-07-14 12:21:54.789 INFO: Epoch 957: head: Default, loss=0.0009, RMSE_MU_per_atom=0.00 mDebye, RMSE_MU_DERIV=0.00 mDebye / A, RMSE_ALPHA_per_atom=    0.08, RMSE_ALPHA_DERIV=    6.52
2025-07-14 12:22:53.973 INFO: Epoch 958: head: Default, loss=0.0009, RMSE_MU_per_atom=0.00 mDebye, RMSE_MU_DERIV=0.00 mDebye / A, RMSE_ALPHA_per_atom=    0.08, RMSE_ALPHA_DERIV=    6.53
2025-07-14 12:23:53.153 INFO: Epoch 959: head: Default, loss=0.0009, RMSE_MU_per_atom=0.00 mDebye, RMSE_MU_DERIV=0.00 mDebye / A, RMSE_ALPHA_per_atom=    0.08, RMSE_ALPHA_DERIV=    6.53
2025-07-14 12:24:52.341 INFO: Epoch 960: head: Default, loss=0.0009, RMSE_MU_per_atom=0.00 mDebye, RMSE_MU_DERIV=0.00 mDebye / A, RMSE_ALPHA_per_atom=    0.08, RMSE_ALPHA_DERIV=    6.53
2025-07-14 12:25:51.529 INFO: Epoch 961: head: Default, loss=0.0009, RMSE_MU_per_atom=0.00 mDebye, RMSE_MU_DERIV=0.00 mDebye / A, RMSE_ALPHA_per_atom=    0.08, RMSE_ALPHA_DERIV=    6.53
2025-07-14 12:26:50.715 INFO: Epoch 962: head: Default, loss=0.0009, RMSE_MU_per_atom=0.00 mDebye, RMSE_MU_DERIV=0.00 mDebye / A, RMSE_ALPHA_per_atom=    0.08, RMSE_ALPHA_DERIV=    6.53
2025-07-14 12:27:49.898 INFO: Epoch 963: head: Default, loss=0.0009, RMSE_MU_per_atom=0.00 mDebye, RMSE_MU_DERIV=0.00 mDebye / A, RMSE_ALPHA_per_atom=    0.08, RMSE_ALPHA_DERIV=    6.53
2025-07-14 12:28:49.089 INFO: Epoch 964: head: Default, loss=0.0009, RMSE_MU_per_atom=0.00 mDebye, RMSE_MU_DERIV=0.00 mDebye / A, RMSE_ALPHA_per_atom=    0.08, RMSE_ALPHA_DERIV=    6.53
2025-07-14 12:29:48.286 INFO: Epoch 965: head: Default, loss=0.0009, RMSE_MU_per_atom=0.00 mDebye, RMSE_MU_DERIV=0.00 mDebye / A, RMSE_ALPHA_per_atom=    0.08, RMSE_ALPHA_DERIV=    6.53
2025-07-14 12:30:47.503 INFO: Epoch 966: head: Default, loss=0.0009, RMSE_MU_per_atom=0.00 mDebye, RMSE_MU_DERIV=0.00 mDebye / A, RMSE_ALPHA_per_atom=    0.08, RMSE_ALPHA_DERIV=    6.52
2025-07-14 12:31:46.710 INFO: Epoch 967: head: Default, loss=0.0009, RMSE_MU_per_atom=0.00 mDebye, RMSE_MU_DERIV=0.00 mDebye / A, RMSE_ALPHA_per_atom=    0.08, RMSE_ALPHA_DERIV=    6.52
2025-07-14 12:32:45.938 INFO: Epoch 968: head: Default, loss=0.0009, RMSE_MU_per_atom=0.00 mDebye, RMSE_MU_DERIV=0.00 mDebye / A, RMSE_ALPHA_per_atom=    0.08, RMSE_ALPHA_DERIV=    6.52
2025-07-14 12:33:45.173 INFO: Epoch 969: head: Default, loss=0.0009, RMSE_MU_per_atom=0.00 mDebye, RMSE_MU_DERIV=0.00 mDebye / A, RMSE_ALPHA_per_atom=    0.08, RMSE_ALPHA_DERIV=    6.53
2025-07-14 12:34:44.397 INFO: Epoch 970: head: Default, loss=0.0009, RMSE_MU_per_atom=0.00 mDebye, RMSE_MU_DERIV=0.00 mDebye / A, RMSE_ALPHA_per_atom=    0.08, RMSE_ALPHA_DERIV=    6.53
2025-07-14 12:35:43.615 INFO: Epoch 971: head: Default, loss=0.0009, RMSE_MU_per_atom=0.00 mDebye, RMSE_MU_DERIV=0.00 mDebye / A, RMSE_ALPHA_per_atom=    0.08, RMSE_ALPHA_DERIV=    6.52
2025-07-14 12:36:42.802 INFO: Epoch 972: head: Default, loss=0.0009, RMSE_MU_per_atom=0.00 mDebye, RMSE_MU_DERIV=0.00 mDebye / A, RMSE_ALPHA_per_atom=    0.08, RMSE_ALPHA_DERIV=    6.53
2025-07-14 12:37:41.987 INFO: Epoch 973: head: Default, loss=0.0009, RMSE_MU_per_atom=0.00 mDebye, RMSE_MU_DERIV=0.00 mDebye / A, RMSE_ALPHA_per_atom=    0.08, RMSE_ALPHA_DERIV=    6.53
2025-07-14 12:38:41.186 INFO: Epoch 974: head: Default, loss=0.0010, RMSE_MU_per_atom=0.00 mDebye, RMSE_MU_DERIV=0.00 mDebye / A, RMSE_ALPHA_per_atom=    0.08, RMSE_ALPHA_DERIV=    6.52
2025-07-14 12:39:40.372 INFO: Epoch 975: head: Default, loss=0.0009, RMSE_MU_per_atom=0.00 mDebye, RMSE_MU_DERIV=0.00 mDebye / A, RMSE_ALPHA_per_atom=    0.08, RMSE_ALPHA_DERIV=    6.52
2025-07-14 12:40:39.587 INFO: Epoch 976: head: Default, loss=0.0009, RMSE_MU_per_atom=0.00 mDebye, RMSE_MU_DERIV=0.00 mDebye / A, RMSE_ALPHA_per_atom=    0.08, RMSE_ALPHA_DERIV=    6.53
2025-07-14 12:41:38.792 INFO: Epoch 977: head: Default, loss=0.0009, RMSE_MU_per_atom=0.00 mDebye, RMSE_MU_DERIV=0.00 mDebye / A, RMSE_ALPHA_per_atom=    0.08, RMSE_ALPHA_DERIV=    6.53
2025-07-14 12:42:37.978 INFO: Epoch 978: head: Default, loss=0.0009, RMSE_MU_per_atom=0.00 mDebye, RMSE_MU_DERIV=0.00 mDebye / A, RMSE_ALPHA_per_atom=    0.08, RMSE_ALPHA_DERIV=    6.52
2025-07-14 12:43:37.191 INFO: Epoch 979: head: Default, loss=0.0009, RMSE_MU_per_atom=0.00 mDebye, RMSE_MU_DERIV=0.00 mDebye / A, RMSE_ALPHA_per_atom=    0.08, RMSE_ALPHA_DERIV=    6.52
2025-07-14 12:44:36.380 INFO: Epoch 980: head: Default, loss=0.0009, RMSE_MU_per_atom=0.00 mDebye, RMSE_MU_DERIV=0.00 mDebye / A, RMSE_ALPHA_per_atom=    0.08, RMSE_ALPHA_DERIV=    6.53
2025-07-14 12:45:35.554 INFO: Epoch 981: head: Default, loss=0.0009, RMSE_MU_per_atom=0.00 mDebye, RMSE_MU_DERIV=0.00 mDebye / A, RMSE_ALPHA_per_atom=    0.08, RMSE_ALPHA_DERIV=    6.52
2025-07-14 12:46:34.755 INFO: Epoch 982: head: Default, loss=0.0009, RMSE_MU_per_atom=0.00 mDebye, RMSE_MU_DERIV=0.00 mDebye / A, RMSE_ALPHA_per_atom=    0.08, RMSE_ALPHA_DERIV=    6.53
2025-07-14 12:47:33.950 INFO: Epoch 983: head: Default, loss=0.0009, RMSE_MU_per_atom=0.00 mDebye, RMSE_MU_DERIV=0.00 mDebye / A, RMSE_ALPHA_per_atom=    0.08, RMSE_ALPHA_DERIV=    6.53
2025-07-14 12:48:33.173 INFO: Epoch 984: head: Default, loss=0.0009, RMSE_MU_per_atom=0.00 mDebye, RMSE_MU_DERIV=0.00 mDebye / A, RMSE_ALPHA_per_atom=    0.08, RMSE_ALPHA_DERIV=    6.52
2025-07-14 12:49:32.382 INFO: Epoch 985: head: Default, loss=0.0009, RMSE_MU_per_atom=0.00 mDebye, RMSE_MU_DERIV=0.00 mDebye / A, RMSE_ALPHA_per_atom=    0.08, RMSE_ALPHA_DERIV=    6.52
2025-07-14 12:50:31.579 INFO: Epoch 986: head: Default, loss=0.0009, RMSE_MU_per_atom=0.00 mDebye, RMSE_MU_DERIV=0.00 mDebye / A, RMSE_ALPHA_per_atom=    0.08, RMSE_ALPHA_DERIV=    6.53
2025-07-14 12:51:30.783 INFO: Epoch 987: head: Default, loss=0.0009, RMSE_MU_per_atom=0.00 mDebye, RMSE_MU_DERIV=0.00 mDebye / A, RMSE_ALPHA_per_atom=    0.08, RMSE_ALPHA_DERIV=    6.52
2025-07-14 12:52:29.999 INFO: Epoch 988: head: Default, loss=0.0009, RMSE_MU_per_atom=0.00 mDebye, RMSE_MU_DERIV=0.00 mDebye / A, RMSE_ALPHA_per_atom=    0.08, RMSE_ALPHA_DERIV=    6.52
2025-07-14 12:53:29.219 INFO: Epoch 989: head: Default, loss=0.0009, RMSE_MU_per_atom=0.00 mDebye, RMSE_MU_DERIV=0.00 mDebye / A, RMSE_ALPHA_per_atom=    0.08, RMSE_ALPHA_DERIV=    6.53
2025-07-14 12:54:28.419 INFO: Epoch 990: head: Default, loss=0.0009, RMSE_MU_per_atom=0.00 mDebye, RMSE_MU_DERIV=0.00 mDebye / A, RMSE_ALPHA_per_atom=    0.08, RMSE_ALPHA_DERIV=    6.52
2025-07-14 12:55:27.646 INFO: Epoch 991: head: Default, loss=0.0009, RMSE_MU_per_atom=0.00 mDebye, RMSE_MU_DERIV=0.00 mDebye / A, RMSE_ALPHA_per_atom=    0.08, RMSE_ALPHA_DERIV=    6.53
2025-07-14 12:56:26.869 INFO: Epoch 992: head: Default, loss=0.0009, RMSE_MU_per_atom=0.00 mDebye, RMSE_MU_DERIV=0.00 mDebye / A, RMSE_ALPHA_per_atom=    0.08, RMSE_ALPHA_DERIV=    6.52
2025-07-14 12:57:26.076 INFO: Epoch 993: head: Default, loss=0.0009, RMSE_MU_per_atom=0.00 mDebye, RMSE_MU_DERIV=0.00 mDebye / A, RMSE_ALPHA_per_atom=    0.08, RMSE_ALPHA_DERIV=    6.52
2025-07-14 12:58:25.290 INFO: Epoch 994: head: Default, loss=0.0009, RMSE_MU_per_atom=0.00 mDebye, RMSE_MU_DERIV=0.00 mDebye / A, RMSE_ALPHA_per_atom=    0.08, RMSE_ALPHA_DERIV=    6.53
2025-07-14 12:59:24.500 INFO: Epoch 995: head: Default, loss=0.0009, RMSE_MU_per_atom=0.00 mDebye, RMSE_MU_DERIV=0.00 mDebye / A, RMSE_ALPHA_per_atom=    0.08, RMSE_ALPHA_DERIV=    6.53
2025-07-14 13:00:23.699 INFO: Epoch 996: head: Default, loss=0.0009, RMSE_MU_per_atom=0.00 mDebye, RMSE_MU_DERIV=0.00 mDebye / A, RMSE_ALPHA_per_atom=    0.08, RMSE_ALPHA_DERIV=    6.52
2025-07-14 13:01:22.902 INFO: Epoch 997: head: Default, loss=0.0009, RMSE_MU_per_atom=0.00 mDebye, RMSE_MU_DERIV=0.00 mDebye / A, RMSE_ALPHA_per_atom=    0.08, RMSE_ALPHA_DERIV=    6.52
2025-07-14 13:02:22.130 INFO: Epoch 998: head: Default, loss=0.0009, RMSE_MU_per_atom=0.00 mDebye, RMSE_MU_DERIV=0.00 mDebye / A, RMSE_ALPHA_per_atom=    0.08, RMSE_ALPHA_DERIV=    6.53
2025-07-14 13:03:21.347 INFO: Epoch 999: head: Default, loss=0.0009, RMSE_MU_per_atom=0.00 mDebye, RMSE_MU_DERIV=0.00 mDebye / A, RMSE_ALPHA_per_atom=    0.08, RMSE_ALPHA_DERIV=    6.52
2025-07-14 13:04:20.568 INFO: Epoch 1000: head: Default, loss=0.0009, RMSE_MU_per_atom=0.00 mDebye, RMSE_MU_DERIV=0.00 mDebye / A, RMSE_ALPHA_per_atom=    0.08, RMSE_ALPHA_DERIV=    6.53
2025-07-14 13:05:19.795 INFO: Epoch 1001: head: Default, loss=0.0009, RMSE_MU_per_atom=0.00 mDebye, RMSE_MU_DERIV=0.00 mDebye / A, RMSE_ALPHA_per_atom=    0.08, RMSE_ALPHA_DERIV=    6.52
2025-07-14 13:06:19.005 INFO: Epoch 1002: head: Default, loss=0.0010, RMSE_MU_per_atom=0.00 mDebye, RMSE_MU_DERIV=0.00 mDebye / A, RMSE_ALPHA_per_atom=    0.08, RMSE_ALPHA_DERIV=    6.52
2025-07-14 13:07:18.210 INFO: Epoch 1003: head: Default, loss=0.0009, RMSE_MU_per_atom=0.00 mDebye, RMSE_MU_DERIV=0.00 mDebye / A, RMSE_ALPHA_per_atom=    0.08, RMSE_ALPHA_DERIV=    6.52
2025-07-14 13:08:17.411 INFO: Epoch 1004: head: Default, loss=0.0009, RMSE_MU_per_atom=0.00 mDebye, RMSE_MU_DERIV=0.00 mDebye / A, RMSE_ALPHA_per_atom=    0.08, RMSE_ALPHA_DERIV=    6.53
2025-07-14 13:09:16.611 INFO: Epoch 1005: head: Default, loss=0.0009, RMSE_MU_per_atom=0.00 mDebye, RMSE_MU_DERIV=0.00 mDebye / A, RMSE_ALPHA_per_atom=    0.08, RMSE_ALPHA_DERIV=    6.53
2025-07-14 13:10:15.817 INFO: Epoch 1006: head: Default, loss=0.0009, RMSE_MU_per_atom=0.00 mDebye, RMSE_MU_DERIV=0.00 mDebye / A, RMSE_ALPHA_per_atom=    0.08, RMSE_ALPHA_DERIV=    6.52
2025-07-14 13:11:15.003 INFO: Epoch 1007: head: Default, loss=0.0009, RMSE_MU_per_atom=0.00 mDebye, RMSE_MU_DERIV=0.00 mDebye / A, RMSE_ALPHA_per_atom=    0.08, RMSE_ALPHA_DERIV=    6.52
2025-07-14 13:12:14.208 INFO: Epoch 1008: head: Default, loss=0.0010, RMSE_MU_per_atom=0.00 mDebye, RMSE_MU_DERIV=0.00 mDebye / A, RMSE_ALPHA_per_atom=    0.08, RMSE_ALPHA_DERIV=    6.53
2025-07-14 13:13:13.414 INFO: Epoch 1009: head: Default, loss=0.0009, RMSE_MU_per_atom=0.00 mDebye, RMSE_MU_DERIV=0.00 mDebye / A, RMSE_ALPHA_per_atom=    0.08, RMSE_ALPHA_DERIV=    6.53
2025-07-14 13:14:12.648 INFO: Epoch 1010: head: Default, loss=0.0009, RMSE_MU_per_atom=0.00 mDebye, RMSE_MU_DERIV=0.00 mDebye / A, RMSE_ALPHA_per_atom=    0.08, RMSE_ALPHA_DERIV=    6.53
2025-07-14 13:15:11.865 INFO: Epoch 1011: head: Default, loss=0.0009, RMSE_MU_per_atom=0.00 mDebye, RMSE_MU_DERIV=0.00 mDebye / A, RMSE_ALPHA_per_atom=    0.08, RMSE_ALPHA_DERIV=    6.53
2025-07-14 13:16:11.092 INFO: Epoch 1012: head: Default, loss=0.0009, RMSE_MU_per_atom=0.00 mDebye, RMSE_MU_DERIV=0.00 mDebye / A, RMSE_ALPHA_per_atom=    0.08, RMSE_ALPHA_DERIV=    6.53
2025-07-14 13:17:10.465 INFO: Epoch 1013: head: Default, loss=0.0009, RMSE_MU_per_atom=0.00 mDebye, RMSE_MU_DERIV=0.00 mDebye / A, RMSE_ALPHA_per_atom=    0.08, RMSE_ALPHA_DERIV=    6.53
2025-07-14 13:18:09.678 INFO: Epoch 1014: head: Default, loss=0.0009, RMSE_MU_per_atom=0.00 mDebye, RMSE_MU_DERIV=0.00 mDebye / A, RMSE_ALPHA_per_atom=    0.08, RMSE_ALPHA_DERIV=    6.52
2025-07-14 13:19:08.895 INFO: Epoch 1015: head: Default, loss=0.0009, RMSE_MU_per_atom=0.00 mDebye, RMSE_MU_DERIV=0.00 mDebye / A, RMSE_ALPHA_per_atom=    0.08, RMSE_ALPHA_DERIV=    6.53
2025-07-14 13:20:08.090 INFO: Epoch 1016: head: Default, loss=0.0009, RMSE_MU_per_atom=0.00 mDebye, RMSE_MU_DERIV=0.00 mDebye / A, RMSE_ALPHA_per_atom=    0.08, RMSE_ALPHA_DERIV=    6.52
2025-07-14 13:21:07.289 INFO: Epoch 1017: head: Default, loss=0.0009, RMSE_MU_per_atom=0.00 mDebye, RMSE_MU_DERIV=0.00 mDebye / A, RMSE_ALPHA_per_atom=    0.08, RMSE_ALPHA_DERIV=    6.53
2025-07-14 13:22:06.499 INFO: Epoch 1018: head: Default, loss=0.0009, RMSE_MU_per_atom=0.00 mDebye, RMSE_MU_DERIV=0.00 mDebye / A, RMSE_ALPHA_per_atom=    0.08, RMSE_ALPHA_DERIV=    6.53
2025-07-14 13:23:05.727 INFO: Epoch 1019: head: Default, loss=0.0009, RMSE_MU_per_atom=0.00 mDebye, RMSE_MU_DERIV=0.00 mDebye / A, RMSE_ALPHA_per_atom=    0.08, RMSE_ALPHA_DERIV=    6.52
2025-07-14 13:24:04.932 INFO: Epoch 1020: head: Default, loss=0.0009, RMSE_MU_per_atom=0.00 mDebye, RMSE_MU_DERIV=0.00 mDebye / A, RMSE_ALPHA_per_atom=    0.08, RMSE_ALPHA_DERIV=    6.52
2025-07-14 13:25:04.143 INFO: Epoch 1021: head: Default, loss=0.0009, RMSE_MU_per_atom=0.00 mDebye, RMSE_MU_DERIV=0.00 mDebye / A, RMSE_ALPHA_per_atom=    0.08, RMSE_ALPHA_DERIV=    6.52
2025-07-14 13:26:03.354 INFO: Epoch 1022: head: Default, loss=0.0009, RMSE_MU_per_atom=0.00 mDebye, RMSE_MU_DERIV=0.00 mDebye / A, RMSE_ALPHA_per_atom=    0.08, RMSE_ALPHA_DERIV=    6.52
2025-07-14 13:27:02.586 INFO: Epoch 1023: head: Default, loss=0.0009, RMSE_MU_per_atom=0.00 mDebye, RMSE_MU_DERIV=0.00 mDebye / A, RMSE_ALPHA_per_atom=    0.08, RMSE_ALPHA_DERIV=    6.52
2025-07-14 13:28:01.814 INFO: Epoch 1024: head: Default, loss=0.0009, RMSE_MU_per_atom=0.00 mDebye, RMSE_MU_DERIV=0.00 mDebye / A, RMSE_ALPHA_per_atom=    0.08, RMSE_ALPHA_DERIV=    6.52
2025-07-14 13:29:01.032 INFO: Epoch 1025: head: Default, loss=0.0009, RMSE_MU_per_atom=0.00 mDebye, RMSE_MU_DERIV=0.00 mDebye / A, RMSE_ALPHA_per_atom=    0.08, RMSE_ALPHA_DERIV=    6.52
2025-07-14 13:30:00.282 INFO: Epoch 1026: head: Default, loss=0.0010, RMSE_MU_per_atom=0.00 mDebye, RMSE_MU_DERIV=0.00 mDebye / A, RMSE_ALPHA_per_atom=    0.08, RMSE_ALPHA_DERIV=    6.53
2025-07-14 13:30:59.517 INFO: Epoch 1027: head: Default, loss=0.0009, RMSE_MU_per_atom=0.00 mDebye, RMSE_MU_DERIV=0.00 mDebye / A, RMSE_ALPHA_per_atom=    0.08, RMSE_ALPHA_DERIV=    6.52
2025-07-14 13:31:58.773 INFO: Epoch 1028: head: Default, loss=0.0009, RMSE_MU_per_atom=0.00 mDebye, RMSE_MU_DERIV=0.00 mDebye / A, RMSE_ALPHA_per_atom=    0.08, RMSE_ALPHA_DERIV=    6.53
2025-07-14 13:32:58.011 INFO: Epoch 1029: head: Default, loss=0.0009, RMSE_MU_per_atom=0.00 mDebye, RMSE_MU_DERIV=0.00 mDebye / A, RMSE_ALPHA_per_atom=    0.08, RMSE_ALPHA_DERIV=    6.52
2025-07-14 13:33:57.284 INFO: Epoch 1030: head: Default, loss=0.0009, RMSE_MU_per_atom=0.00 mDebye, RMSE_MU_DERIV=0.00 mDebye / A, RMSE_ALPHA_per_atom=    0.08, RMSE_ALPHA_DERIV=    6.52
2025-07-14 13:34:56.529 INFO: Epoch 1031: head: Default, loss=0.0009, RMSE_MU_per_atom=0.00 mDebye, RMSE_MU_DERIV=0.00 mDebye / A, RMSE_ALPHA_per_atom=    0.08, RMSE_ALPHA_DERIV=    6.52
2025-07-14 13:35:55.781 INFO: Epoch 1032: head: Default, loss=0.0009, RMSE_MU_per_atom=0.00 mDebye, RMSE_MU_DERIV=0.00 mDebye / A, RMSE_ALPHA_per_atom=    0.08, RMSE_ALPHA_DERIV=    6.52
2025-07-14 13:36:55.039 INFO: Epoch 1033: head: Default, loss=0.0009, RMSE_MU_per_atom=0.00 mDebye, RMSE_MU_DERIV=0.00 mDebye / A, RMSE_ALPHA_per_atom=    0.08, RMSE_ALPHA_DERIV=    6.52
2025-07-14 13:37:54.295 INFO: Epoch 1034: head: Default, loss=0.0009, RMSE_MU_per_atom=0.00 mDebye, RMSE_MU_DERIV=0.00 mDebye / A, RMSE_ALPHA_per_atom=    0.08, RMSE_ALPHA_DERIV=    6.52
2025-07-14 13:38:53.545 INFO: Epoch 1035: head: Default, loss=0.0009, RMSE_MU_per_atom=0.00 mDebye, RMSE_MU_DERIV=0.00 mDebye / A, RMSE_ALPHA_per_atom=    0.08, RMSE_ALPHA_DERIV=    6.52
2025-07-14 13:39:52.773 INFO: Epoch 1036: head: Default, loss=0.0009, RMSE_MU_per_atom=0.00 mDebye, RMSE_MU_DERIV=0.00 mDebye / A, RMSE_ALPHA_per_atom=    0.08, RMSE_ALPHA_DERIV=    6.52
2025-07-14 13:40:52.016 INFO: Epoch 1037: head: Default, loss=0.0009, RMSE_MU_per_atom=0.00 mDebye, RMSE_MU_DERIV=0.00 mDebye / A, RMSE_ALPHA_per_atom=    0.08, RMSE_ALPHA_DERIV=    6.52
2025-07-14 13:41:51.239 INFO: Epoch 1038: head: Default, loss=0.0009, RMSE_MU_per_atom=0.00 mDebye, RMSE_MU_DERIV=0.00 mDebye / A, RMSE_ALPHA_per_atom=    0.08, RMSE_ALPHA_DERIV=    6.52
2025-07-14 13:42:50.456 INFO: Epoch 1039: head: Default, loss=0.0009, RMSE_MU_per_atom=0.00 mDebye, RMSE_MU_DERIV=0.00 mDebye / A, RMSE_ALPHA_per_atom=    0.08, RMSE_ALPHA_DERIV=    6.52
2025-07-14 13:43:49.687 INFO: Epoch 1040: head: Default, loss=0.0009, RMSE_MU_per_atom=0.00 mDebye, RMSE_MU_DERIV=0.00 mDebye / A, RMSE_ALPHA_per_atom=    0.08, RMSE_ALPHA_DERIV=    6.52
2025-07-14 13:44:48.916 INFO: Epoch 1041: head: Default, loss=0.0009, RMSE_MU_per_atom=0.00 mDebye, RMSE_MU_DERIV=0.00 mDebye / A, RMSE_ALPHA_per_atom=    0.08, RMSE_ALPHA_DERIV=    6.52
2025-07-14 13:45:48.138 INFO: Epoch 1042: head: Default, loss=0.0009, RMSE_MU_per_atom=0.00 mDebye, RMSE_MU_DERIV=0.00 mDebye / A, RMSE_ALPHA_per_atom=    0.08, RMSE_ALPHA_DERIV=    6.52
2025-07-14 13:46:47.357 INFO: Epoch 1043: head: Default, loss=0.0009, RMSE_MU_per_atom=0.00 mDebye, RMSE_MU_DERIV=0.00 mDebye / A, RMSE_ALPHA_per_atom=    0.08, RMSE_ALPHA_DERIV=    6.52
2025-07-14 13:47:46.590 INFO: Epoch 1044: head: Default, loss=0.0009, RMSE_MU_per_atom=0.00 mDebye, RMSE_MU_DERIV=0.00 mDebye / A, RMSE_ALPHA_per_atom=    0.08, RMSE_ALPHA_DERIV=    6.52
2025-07-14 13:48:45.797 INFO: Epoch 1045: head: Default, loss=0.0009, RMSE_MU_per_atom=0.00 mDebye, RMSE_MU_DERIV=0.00 mDebye / A, RMSE_ALPHA_per_atom=    0.08, RMSE_ALPHA_DERIV=    6.52
2025-07-14 13:49:45.002 INFO: Epoch 1046: head: Default, loss=0.0009, RMSE_MU_per_atom=0.00 mDebye, RMSE_MU_DERIV=0.00 mDebye / A, RMSE_ALPHA_per_atom=    0.08, RMSE_ALPHA_DERIV=    6.52
2025-07-14 13:50:44.221 INFO: Epoch 1047: head: Default, loss=0.0009, RMSE_MU_per_atom=0.00 mDebye, RMSE_MU_DERIV=0.00 mDebye / A, RMSE_ALPHA_per_atom=    0.08, RMSE_ALPHA_DERIV=    6.52
2025-07-14 13:51:43.441 INFO: Epoch 1048: head: Default, loss=0.0009, RMSE_MU_per_atom=0.00 mDebye, RMSE_MU_DERIV=0.00 mDebye / A, RMSE_ALPHA_per_atom=    0.08, RMSE_ALPHA_DERIV=    6.52
2025-07-14 13:52:42.642 INFO: Epoch 1049: head: Default, loss=0.0009, RMSE_MU_per_atom=0.00 mDebye, RMSE_MU_DERIV=0.00 mDebye / A, RMSE_ALPHA_per_atom=    0.08, RMSE_ALPHA_DERIV=    6.52
2025-07-14 13:53:41.838 INFO: Epoch 1050: head: Default, loss=0.0009, RMSE_MU_per_atom=0.00 mDebye, RMSE_MU_DERIV=0.00 mDebye / A, RMSE_ALPHA_per_atom=    0.08, RMSE_ALPHA_DERIV=    6.52
2025-07-14 13:54:41.028 INFO: Epoch 1051: head: Default, loss=0.0009, RMSE_MU_per_atom=0.00 mDebye, RMSE_MU_DERIV=0.00 mDebye / A, RMSE_ALPHA_per_atom=    0.08, RMSE_ALPHA_DERIV=    6.52
2025-07-14 13:55:40.222 INFO: Epoch 1052: head: Default, loss=0.0009, RMSE_MU_per_atom=0.00 mDebye, RMSE_MU_DERIV=0.00 mDebye / A, RMSE_ALPHA_per_atom=    0.08, RMSE_ALPHA_DERIV=    6.52
2025-07-14 13:56:39.419 INFO: Epoch 1053: head: Default, loss=0.0009, RMSE_MU_per_atom=0.00 mDebye, RMSE_MU_DERIV=0.00 mDebye / A, RMSE_ALPHA_per_atom=    0.08, RMSE_ALPHA_DERIV=    6.52
2025-07-14 13:57:38.609 INFO: Epoch 1054: head: Default, loss=0.0009, RMSE_MU_per_atom=0.00 mDebye, RMSE_MU_DERIV=0.00 mDebye / A, RMSE_ALPHA_per_atom=    0.08, RMSE_ALPHA_DERIV=    6.52
2025-07-14 13:58:37.793 INFO: Epoch 1055: head: Default, loss=0.0009, RMSE_MU_per_atom=0.00 mDebye, RMSE_MU_DERIV=0.00 mDebye / A, RMSE_ALPHA_per_atom=    0.08, RMSE_ALPHA_DERIV=    6.52
2025-07-14 13:59:36.990 INFO: Epoch 1056: head: Default, loss=0.0009, RMSE_MU_per_atom=0.00 mDebye, RMSE_MU_DERIV=0.00 mDebye / A, RMSE_ALPHA_per_atom=    0.08, RMSE_ALPHA_DERIV=    6.52
2025-07-14 14:00:36.196 INFO: Epoch 1057: head: Default, loss=0.0009, RMSE_MU_per_atom=0.00 mDebye, RMSE_MU_DERIV=0.00 mDebye / A, RMSE_ALPHA_per_atom=    0.08, RMSE_ALPHA_DERIV=    6.52
2025-07-14 14:01:35.379 INFO: Epoch 1058: head: Default, loss=0.0009, RMSE_MU_per_atom=0.00 mDebye, RMSE_MU_DERIV=0.00 mDebye / A, RMSE_ALPHA_per_atom=    0.08, RMSE_ALPHA_DERIV=    6.52
2025-07-14 14:02:34.599 INFO: Epoch 1059: head: Default, loss=0.0009, RMSE_MU_per_atom=0.00 mDebye, RMSE_MU_DERIV=0.00 mDebye / A, RMSE_ALPHA_per_atom=    0.08, RMSE_ALPHA_DERIV=    6.52
2025-07-14 14:03:33.808 INFO: Epoch 1060: head: Default, loss=0.0009, RMSE_MU_per_atom=0.00 mDebye, RMSE_MU_DERIV=0.00 mDebye / A, RMSE_ALPHA_per_atom=    0.08, RMSE_ALPHA_DERIV=    6.52
2025-07-14 14:04:33.010 INFO: Epoch 1061: head: Default, loss=0.0009, RMSE_MU_per_atom=0.00 mDebye, RMSE_MU_DERIV=0.00 mDebye / A, RMSE_ALPHA_per_atom=    0.08, RMSE_ALPHA_DERIV=    6.52
2025-07-14 14:05:32.220 INFO: Epoch 1062: head: Default, loss=0.0009, RMSE_MU_per_atom=0.00 mDebye, RMSE_MU_DERIV=0.00 mDebye / A, RMSE_ALPHA_per_atom=    0.08, RMSE_ALPHA_DERIV=    6.52
2025-07-14 14:06:31.434 INFO: Epoch 1063: head: Default, loss=0.0009, RMSE_MU_per_atom=0.00 mDebye, RMSE_MU_DERIV=0.00 mDebye / A, RMSE_ALPHA_per_atom=    0.08, RMSE_ALPHA_DERIV=    6.52
2025-07-14 14:07:30.641 INFO: Epoch 1064: head: Default, loss=0.0009, RMSE_MU_per_atom=0.00 mDebye, RMSE_MU_DERIV=0.00 mDebye / A, RMSE_ALPHA_per_atom=    0.08, RMSE_ALPHA_DERIV=    6.52
2025-07-14 14:08:29.833 INFO: Epoch 1065: head: Default, loss=0.0009, RMSE_MU_per_atom=0.00 mDebye, RMSE_MU_DERIV=0.00 mDebye / A, RMSE_ALPHA_per_atom=    0.08, RMSE_ALPHA_DERIV=    6.52
2025-07-14 14:09:29.035 INFO: Epoch 1066: head: Default, loss=0.0009, RMSE_MU_per_atom=0.00 mDebye, RMSE_MU_DERIV=0.00 mDebye / A, RMSE_ALPHA_per_atom=    0.08, RMSE_ALPHA_DERIV=    6.52
2025-07-14 14:10:28.226 INFO: Epoch 1067: head: Default, loss=0.0009, RMSE_MU_per_atom=0.00 mDebye, RMSE_MU_DERIV=0.00 mDebye / A, RMSE_ALPHA_per_atom=    0.08, RMSE_ALPHA_DERIV=    6.52
2025-07-14 14:11:27.431 INFO: Epoch 1068: head: Default, loss=0.0009, RMSE_MU_per_atom=0.00 mDebye, RMSE_MU_DERIV=0.00 mDebye / A, RMSE_ALPHA_per_atom=    0.08, RMSE_ALPHA_DERIV=    6.52
2025-07-14 14:12:26.633 INFO: Epoch 1069: head: Default, loss=0.0009, RMSE_MU_per_atom=0.00 mDebye, RMSE_MU_DERIV=0.00 mDebye / A, RMSE_ALPHA_per_atom=    0.08, RMSE_ALPHA_DERIV=    6.52
2025-07-14 14:13:25.849 INFO: Epoch 1070: head: Default, loss=0.0009, RMSE_MU_per_atom=0.00 mDebye, RMSE_MU_DERIV=0.00 mDebye / A, RMSE_ALPHA_per_atom=    0.08, RMSE_ALPHA_DERIV=    6.52
2025-07-14 14:14:25.066 INFO: Epoch 1071: head: Default, loss=0.0009, RMSE_MU_per_atom=0.00 mDebye, RMSE_MU_DERIV=0.00 mDebye / A, RMSE_ALPHA_per_atom=    0.08, RMSE_ALPHA_DERIV=    6.52
2025-07-14 14:15:24.261 INFO: Epoch 1072: head: Default, loss=0.0009, RMSE_MU_per_atom=0.00 mDebye, RMSE_MU_DERIV=0.00 mDebye / A, RMSE_ALPHA_per_atom=    0.08, RMSE_ALPHA_DERIV=    6.52
2025-07-14 14:16:23.495 INFO: Epoch 1073: head: Default, loss=0.0009, RMSE_MU_per_atom=0.00 mDebye, RMSE_MU_DERIV=0.00 mDebye / A, RMSE_ALPHA_per_atom=    0.08, RMSE_ALPHA_DERIV=    6.52
2025-07-14 14:17:22.705 INFO: Epoch 1074: head: Default, loss=0.0009, RMSE_MU_per_atom=0.00 mDebye, RMSE_MU_DERIV=0.00 mDebye / A, RMSE_ALPHA_per_atom=    0.08, RMSE_ALPHA_DERIV=    6.52
2025-07-14 14:18:21.941 INFO: Epoch 1075: head: Default, loss=0.0009, RMSE_MU_per_atom=0.00 mDebye, RMSE_MU_DERIV=0.00 mDebye / A, RMSE_ALPHA_per_atom=    0.08, RMSE_ALPHA_DERIV=    6.52
2025-07-14 14:19:21.179 INFO: Epoch 1076: head: Default, loss=0.0009, RMSE_MU_per_atom=0.00 mDebye, RMSE_MU_DERIV=0.00 mDebye / A, RMSE_ALPHA_per_atom=    0.08, RMSE_ALPHA_DERIV=    6.52
2025-07-14 14:20:20.405 INFO: Epoch 1077: head: Default, loss=0.0009, RMSE_MU_per_atom=0.00 mDebye, RMSE_MU_DERIV=0.00 mDebye / A, RMSE_ALPHA_per_atom=    0.08, RMSE_ALPHA_DERIV=    6.52
2025-07-14 14:21:19.634 INFO: Epoch 1078: head: Default, loss=0.0009, RMSE_MU_per_atom=0.00 mDebye, RMSE_MU_DERIV=0.00 mDebye / A, RMSE_ALPHA_per_atom=    0.08, RMSE_ALPHA_DERIV=    6.52
2025-07-14 14:22:18.869 INFO: Epoch 1079: head: Default, loss=0.0009, RMSE_MU_per_atom=0.00 mDebye, RMSE_MU_DERIV=0.00 mDebye / A, RMSE_ALPHA_per_atom=    0.08, RMSE_ALPHA_DERIV=    6.52
2025-07-14 14:23:18.107 INFO: Epoch 1080: head: Default, loss=0.0009, RMSE_MU_per_atom=0.00 mDebye, RMSE_MU_DERIV=0.00 mDebye / A, RMSE_ALPHA_per_atom=    0.08, RMSE_ALPHA_DERIV=    6.52
2025-07-14 14:24:17.315 INFO: Epoch 1081: head: Default, loss=0.0009, RMSE_MU_per_atom=0.00 mDebye, RMSE_MU_DERIV=0.00 mDebye / A, RMSE_ALPHA_per_atom=    0.08, RMSE_ALPHA_DERIV=    6.52
2025-07-14 14:25:16.527 INFO: Epoch 1082: head: Default, loss=0.0009, RMSE_MU_per_atom=0.00 mDebye, RMSE_MU_DERIV=0.00 mDebye / A, RMSE_ALPHA_per_atom=    0.08, RMSE_ALPHA_DERIV=    6.52
2025-07-14 14:26:15.729 INFO: Epoch 1083: head: Default, loss=0.0009, RMSE_MU_per_atom=0.00 mDebye, RMSE_MU_DERIV=0.00 mDebye / A, RMSE_ALPHA_per_atom=    0.08, RMSE_ALPHA_DERIV=    6.52
2025-07-14 14:27:14.940 INFO: Epoch 1084: head: Default, loss=0.0009, RMSE_MU_per_atom=0.00 mDebye, RMSE_MU_DERIV=0.00 mDebye / A, RMSE_ALPHA_per_atom=    0.08, RMSE_ALPHA_DERIV=    6.52
2025-07-14 14:28:14.150 INFO: Epoch 1085: head: Default, loss=0.0009, RMSE_MU_per_atom=0.00 mDebye, RMSE_MU_DERIV=0.00 mDebye / A, RMSE_ALPHA_per_atom=    0.08, RMSE_ALPHA_DERIV=    6.52
2025-07-14 14:29:13.349 INFO: Epoch 1086: head: Default, loss=0.0010, RMSE_MU_per_atom=0.00 mDebye, RMSE_MU_DERIV=0.00 mDebye / A, RMSE_ALPHA_per_atom=    0.08, RMSE_ALPHA_DERIV=    6.52
2025-07-14 14:30:12.543 INFO: Epoch 1087: head: Default, loss=0.0009, RMSE_MU_per_atom=0.00 mDebye, RMSE_MU_DERIV=0.00 mDebye / A, RMSE_ALPHA_per_atom=    0.08, RMSE_ALPHA_DERIV=    6.52
2025-07-14 14:31:11.751 INFO: Epoch 1088: head: Default, loss=0.0009, RMSE_MU_per_atom=0.00 mDebye, RMSE_MU_DERIV=0.00 mDebye / A, RMSE_ALPHA_per_atom=    0.08, RMSE_ALPHA_DERIV=    6.52
2025-07-14 14:32:10.952 INFO: Epoch 1089: head: Default, loss=0.0010, RMSE_MU_per_atom=0.00 mDebye, RMSE_MU_DERIV=0.00 mDebye / A, RMSE_ALPHA_per_atom=    0.08, RMSE_ALPHA_DERIV=    6.52
2025-07-14 14:33:10.157 INFO: Epoch 1090: head: Default, loss=0.0009, RMSE_MU_per_atom=0.00 mDebye, RMSE_MU_DERIV=0.00 mDebye / A, RMSE_ALPHA_per_atom=    0.08, RMSE_ALPHA_DERIV=    6.52
2025-07-14 14:34:09.345 INFO: Epoch 1091: head: Default, loss=0.0009, RMSE_MU_per_atom=0.00 mDebye, RMSE_MU_DERIV=0.00 mDebye / A, RMSE_ALPHA_per_atom=    0.08, RMSE_ALPHA_DERIV=    6.52
2025-07-14 14:35:08.537 INFO: Epoch 1092: head: Default, loss=0.0009, RMSE_MU_per_atom=0.00 mDebye, RMSE_MU_DERIV=0.00 mDebye / A, RMSE_ALPHA_per_atom=    0.08, RMSE_ALPHA_DERIV=    6.53
2025-07-14 14:36:07.763 INFO: Epoch 1093: head: Default, loss=0.0009, RMSE_MU_per_atom=0.00 mDebye, RMSE_MU_DERIV=0.00 mDebye / A, RMSE_ALPHA_per_atom=    0.08, RMSE_ALPHA_DERIV=    6.52
2025-07-14 14:37:06.978 INFO: Epoch 1094: head: Default, loss=0.0009, RMSE_MU_per_atom=0.00 mDebye, RMSE_MU_DERIV=0.00 mDebye / A, RMSE_ALPHA_per_atom=    0.08, RMSE_ALPHA_DERIV=    6.52
2025-07-14 14:38:06.174 INFO: Epoch 1095: head: Default, loss=0.0009, RMSE_MU_per_atom=0.00 mDebye, RMSE_MU_DERIV=0.00 mDebye / A, RMSE_ALPHA_per_atom=    0.08, RMSE_ALPHA_DERIV=    6.52
2025-07-14 14:39:05.386 INFO: Epoch 1096: head: Default, loss=0.0009, RMSE_MU_per_atom=0.00 mDebye, RMSE_MU_DERIV=0.00 mDebye / A, RMSE_ALPHA_per_atom=    0.08, RMSE_ALPHA_DERIV=    6.52
2025-07-14 14:40:04.597 INFO: Epoch 1097: head: Default, loss=0.0009, RMSE_MU_per_atom=0.00 mDebye, RMSE_MU_DERIV=0.00 mDebye / A, RMSE_ALPHA_per_atom=    0.08, RMSE_ALPHA_DERIV=    6.52
2025-07-14 14:41:03.811 INFO: Epoch 1098: head: Default, loss=0.0009, RMSE_MU_per_atom=0.00 mDebye, RMSE_MU_DERIV=0.00 mDebye / A, RMSE_ALPHA_per_atom=    0.08, RMSE_ALPHA_DERIV=    6.52
2025-07-14 14:42:03.017 INFO: Epoch 1099: head: Default, loss=0.0009, RMSE_MU_per_atom=0.00 mDebye, RMSE_MU_DERIV=0.00 mDebye / A, RMSE_ALPHA_per_atom=    0.08, RMSE_ALPHA_DERIV=    6.52
2025-07-14 14:43:02.219 INFO: Epoch 1100: head: Default, loss=0.0009, RMSE_MU_per_atom=0.00 mDebye, RMSE_MU_DERIV=0.00 mDebye / A, RMSE_ALPHA_per_atom=    0.08, RMSE_ALPHA_DERIV=    6.52
2025-07-14 14:44:01.429 INFO: Epoch 1101: head: Default, loss=0.0009, RMSE_MU_per_atom=0.00 mDebye, RMSE_MU_DERIV=0.00 mDebye / A, RMSE_ALPHA_per_atom=    0.08, RMSE_ALPHA_DERIV=    6.52
2025-07-14 14:45:00.641 INFO: Epoch 1102: head: Default, loss=0.0009, RMSE_MU_per_atom=0.00 mDebye, RMSE_MU_DERIV=0.00 mDebye / A, RMSE_ALPHA_per_atom=    0.08, RMSE_ALPHA_DERIV=    6.52
2025-07-14 14:45:59.853 INFO: Epoch 1103: head: Default, loss=0.0009, RMSE_MU_per_atom=0.00 mDebye, RMSE_MU_DERIV=0.00 mDebye / A, RMSE_ALPHA_per_atom=    0.08, RMSE_ALPHA_DERIV=    6.52
2025-07-14 14:46:59.068 INFO: Epoch 1104: head: Default, loss=0.0009, RMSE_MU_per_atom=0.00 mDebye, RMSE_MU_DERIV=0.00 mDebye / A, RMSE_ALPHA_per_atom=    0.08, RMSE_ALPHA_DERIV=    6.52
2025-07-14 14:47:58.256 INFO: Epoch 1105: head: Default, loss=0.0009, RMSE_MU_per_atom=0.00 mDebye, RMSE_MU_DERIV=0.00 mDebye / A, RMSE_ALPHA_per_atom=    0.08, RMSE_ALPHA_DERIV=    6.52
2025-07-14 14:48:57.462 INFO: Epoch 1106: head: Default, loss=0.0009, RMSE_MU_per_atom=0.00 mDebye, RMSE_MU_DERIV=0.00 mDebye / A, RMSE_ALPHA_per_atom=    0.08, RMSE_ALPHA_DERIV=    6.52
2025-07-14 14:49:56.661 INFO: Epoch 1107: head: Default, loss=0.0009, RMSE_MU_per_atom=0.00 mDebye, RMSE_MU_DERIV=0.00 mDebye / A, RMSE_ALPHA_per_atom=    0.08, RMSE_ALPHA_DERIV=    6.52
2025-07-14 14:50:55.872 INFO: Epoch 1108: head: Default, loss=0.0009, RMSE_MU_per_atom=0.00 mDebye, RMSE_MU_DERIV=0.00 mDebye / A, RMSE_ALPHA_per_atom=    0.08, RMSE_ALPHA_DERIV=    6.52
2025-07-14 14:51:55.074 INFO: Epoch 1109: head: Default, loss=0.0009, RMSE_MU_per_atom=0.00 mDebye, RMSE_MU_DERIV=0.00 mDebye / A, RMSE_ALPHA_per_atom=    0.08, RMSE_ALPHA_DERIV=    6.52
2025-07-14 14:52:54.281 INFO: Epoch 1110: head: Default, loss=0.0009, RMSE_MU_per_atom=0.00 mDebye, RMSE_MU_DERIV=0.00 mDebye / A, RMSE_ALPHA_per_atom=    0.08, RMSE_ALPHA_DERIV=    6.52
2025-07-14 14:53:53.514 INFO: Epoch 1111: head: Default, loss=0.0009, RMSE_MU_per_atom=0.00 mDebye, RMSE_MU_DERIV=0.00 mDebye / A, RMSE_ALPHA_per_atom=    0.08, RMSE_ALPHA_DERIV=    6.52
2025-07-14 14:54:52.735 INFO: Epoch 1112: head: Default, loss=0.0009, RMSE_MU_per_atom=0.00 mDebye, RMSE_MU_DERIV=0.00 mDebye / A, RMSE_ALPHA_per_atom=    0.08, RMSE_ALPHA_DERIV=    6.52
2025-07-14 14:55:51.967 INFO: Epoch 1113: head: Default, loss=0.0009, RMSE_MU_per_atom=0.00 mDebye, RMSE_MU_DERIV=0.00 mDebye / A, RMSE_ALPHA_per_atom=    0.08, RMSE_ALPHA_DERIV=    6.52
2025-07-14 14:56:51.185 INFO: Epoch 1114: head: Default, loss=0.0009, RMSE_MU_per_atom=0.00 mDebye, RMSE_MU_DERIV=0.00 mDebye / A, RMSE_ALPHA_per_atom=    0.08, RMSE_ALPHA_DERIV=    6.52
2025-07-14 14:57:50.422 INFO: Epoch 1115: head: Default, loss=0.0009, RMSE_MU_per_atom=0.00 mDebye, RMSE_MU_DERIV=0.00 mDebye / A, RMSE_ALPHA_per_atom=    0.08, RMSE_ALPHA_DERIV=    6.52
2025-07-14 14:58:49.650 INFO: Epoch 1116: head: Default, loss=0.0009, RMSE_MU_per_atom=0.00 mDebye, RMSE_MU_DERIV=0.00 mDebye / A, RMSE_ALPHA_per_atom=    0.08, RMSE_ALPHA_DERIV=    6.52
2025-07-14 14:59:48.878 INFO: Epoch 1117: head: Default, loss=0.0009, RMSE_MU_per_atom=0.00 mDebye, RMSE_MU_DERIV=0.00 mDebye / A, RMSE_ALPHA_per_atom=    0.08, RMSE_ALPHA_DERIV=    6.52
2025-07-14 15:00:48.094 INFO: Epoch 1118: head: Default, loss=0.0009, RMSE_MU_per_atom=0.00 mDebye, RMSE_MU_DERIV=0.00 mDebye / A, RMSE_ALPHA_per_atom=    0.08, RMSE_ALPHA_DERIV=    6.52
2025-07-14 15:01:47.310 INFO: Epoch 1119: head: Default, loss=0.0009, RMSE_MU_per_atom=0.00 mDebye, RMSE_MU_DERIV=0.00 mDebye / A, RMSE_ALPHA_per_atom=    0.08, RMSE_ALPHA_DERIV=    6.52
2025-07-14 15:02:46.541 INFO: Epoch 1120: head: Default, loss=0.0009, RMSE_MU_per_atom=0.00 mDebye, RMSE_MU_DERIV=0.00 mDebye / A, RMSE_ALPHA_per_atom=    0.08, RMSE_ALPHA_DERIV=    6.52
2025-07-14 15:03:45.756 INFO: Epoch 1121: head: Default, loss=0.0009, RMSE_MU_per_atom=0.00 mDebye, RMSE_MU_DERIV=0.00 mDebye / A, RMSE_ALPHA_per_atom=    0.08, RMSE_ALPHA_DERIV=    6.52
2025-07-14 15:04:44.981 INFO: Epoch 1122: head: Default, loss=0.0009, RMSE_MU_per_atom=0.00 mDebye, RMSE_MU_DERIV=0.00 mDebye / A, RMSE_ALPHA_per_atom=    0.08, RMSE_ALPHA_DERIV=    6.52
2025-07-14 15:05:44.187 INFO: Epoch 1123: head: Default, loss=0.0009, RMSE_MU_per_atom=0.00 mDebye, RMSE_MU_DERIV=0.00 mDebye / A, RMSE_ALPHA_per_atom=    0.08, RMSE_ALPHA_DERIV=    6.52
2025-07-14 15:06:43.409 INFO: Epoch 1124: head: Default, loss=0.0009, RMSE_MU_per_atom=0.00 mDebye, RMSE_MU_DERIV=0.00 mDebye / A, RMSE_ALPHA_per_atom=    0.08, RMSE_ALPHA_DERIV=    6.52
2025-07-14 15:07:42.636 INFO: Epoch 1125: head: Default, loss=0.0009, RMSE_MU_per_atom=0.00 mDebye, RMSE_MU_DERIV=0.00 mDebye / A, RMSE_ALPHA_per_atom=    0.08, RMSE_ALPHA_DERIV=    6.52
2025-07-14 15:08:41.834 INFO: Epoch 1126: head: Default, loss=0.0009, RMSE_MU_per_atom=0.00 mDebye, RMSE_MU_DERIV=0.00 mDebye / A, RMSE_ALPHA_per_atom=    0.08, RMSE_ALPHA_DERIV=    6.52
2025-07-14 15:09:41.047 INFO: Epoch 1127: head: Default, loss=0.0009, RMSE_MU_per_atom=0.00 mDebye, RMSE_MU_DERIV=0.00 mDebye / A, RMSE_ALPHA_per_atom=    0.08, RMSE_ALPHA_DERIV=    6.52
2025-07-14 15:10:40.268 INFO: Epoch 1128: head: Default, loss=0.0009, RMSE_MU_per_atom=0.00 mDebye, RMSE_MU_DERIV=0.00 mDebye / A, RMSE_ALPHA_per_atom=    0.08, RMSE_ALPHA_DERIV=    6.52
2025-07-14 15:11:39.494 INFO: Epoch 1129: head: Default, loss=0.0009, RMSE_MU_per_atom=0.00 mDebye, RMSE_MU_DERIV=0.00 mDebye / A, RMSE_ALPHA_per_atom=    0.08, RMSE_ALPHA_DERIV=    6.52
2025-07-14 15:12:38.703 INFO: Epoch 1130: head: Default, loss=0.0009, RMSE_MU_per_atom=0.00 mDebye, RMSE_MU_DERIV=0.00 mDebye / A, RMSE_ALPHA_per_atom=    0.08, RMSE_ALPHA_DERIV=    6.52
2025-07-14 15:13:37.944 INFO: Epoch 1131: head: Default, loss=0.0009, RMSE_MU_per_atom=0.00 mDebye, RMSE_MU_DERIV=0.00 mDebye / A, RMSE_ALPHA_per_atom=    0.08, RMSE_ALPHA_DERIV=    6.52
2025-07-14 15:14:37.168 INFO: Epoch 1132: head: Default, loss=0.0009, RMSE_MU_per_atom=0.00 mDebye, RMSE_MU_DERIV=0.00 mDebye / A, RMSE_ALPHA_per_atom=    0.08, RMSE_ALPHA_DERIV=    6.52
2025-07-14 15:15:36.401 INFO: Epoch 1133: head: Default, loss=0.0009, RMSE_MU_per_atom=0.00 mDebye, RMSE_MU_DERIV=0.00 mDebye / A, RMSE_ALPHA_per_atom=    0.08, RMSE_ALPHA_DERIV=    6.52
2025-07-14 15:16:35.649 INFO: Epoch 1134: head: Default, loss=0.0009, RMSE_MU_per_atom=0.00 mDebye, RMSE_MU_DERIV=0.00 mDebye / A, RMSE_ALPHA_per_atom=    0.08, RMSE_ALPHA_DERIV=    6.52
2025-07-14 15:17:34.862 INFO: Epoch 1135: head: Default, loss=0.0009, RMSE_MU_per_atom=0.00 mDebye, RMSE_MU_DERIV=0.00 mDebye / A, RMSE_ALPHA_per_atom=    0.08, RMSE_ALPHA_DERIV=    6.52
2025-07-14 15:18:34.096 INFO: Epoch 1136: head: Default, loss=0.0009, RMSE_MU_per_atom=0.00 mDebye, RMSE_MU_DERIV=0.00 mDebye / A, RMSE_ALPHA_per_atom=    0.08, RMSE_ALPHA_DERIV=    6.52
2025-07-14 15:19:33.327 INFO: Epoch 1137: head: Default, loss=0.0009, RMSE_MU_per_atom=0.00 mDebye, RMSE_MU_DERIV=0.00 mDebye / A, RMSE_ALPHA_per_atom=    0.08, RMSE_ALPHA_DERIV=    6.52
2025-07-14 15:20:32.541 INFO: Epoch 1138: head: Default, loss=0.0009, RMSE_MU_per_atom=0.00 mDebye, RMSE_MU_DERIV=0.00 mDebye / A, RMSE_ALPHA_per_atom=    0.08, RMSE_ALPHA_DERIV=    6.52
2025-07-14 15:21:31.749 INFO: Epoch 1139: head: Default, loss=0.0009, RMSE_MU_per_atom=0.00 mDebye, RMSE_MU_DERIV=0.00 mDebye / A, RMSE_ALPHA_per_atom=    0.08, RMSE_ALPHA_DERIV=    6.52
2025-07-14 15:22:30.972 INFO: Epoch 1140: head: Default, loss=0.0009, RMSE_MU_per_atom=0.00 mDebye, RMSE_MU_DERIV=0.00 mDebye / A, RMSE_ALPHA_per_atom=    0.08, RMSE_ALPHA_DERIV=    6.52
2025-07-14 15:23:30.185 INFO: Epoch 1141: head: Default, loss=0.0009, RMSE_MU_per_atom=0.00 mDebye, RMSE_MU_DERIV=0.00 mDebye / A, RMSE_ALPHA_per_atom=    0.08, RMSE_ALPHA_DERIV=    6.52
2025-07-14 15:24:29.398 INFO: Epoch 1142: head: Default, loss=0.0009, RMSE_MU_per_atom=0.00 mDebye, RMSE_MU_DERIV=0.00 mDebye / A, RMSE_ALPHA_per_atom=    0.08, RMSE_ALPHA_DERIV=    6.52
2025-07-14 15:25:28.612 INFO: Epoch 1143: head: Default, loss=0.0009, RMSE_MU_per_atom=0.00 mDebye, RMSE_MU_DERIV=0.00 mDebye / A, RMSE_ALPHA_per_atom=    0.08, RMSE_ALPHA_DERIV=    6.52
2025-07-14 15:26:27.809 INFO: Epoch 1144: head: Default, loss=0.0009, RMSE_MU_per_atom=0.00 mDebye, RMSE_MU_DERIV=0.00 mDebye / A, RMSE_ALPHA_per_atom=    0.08, RMSE_ALPHA_DERIV=    6.52
2025-07-14 15:27:27.006 INFO: Epoch 1145: head: Default, loss=0.0009, RMSE_MU_per_atom=0.00 mDebye, RMSE_MU_DERIV=0.00 mDebye / A, RMSE_ALPHA_per_atom=    0.08, RMSE_ALPHA_DERIV=    6.52
2025-07-14 15:28:26.194 INFO: Epoch 1146: head: Default, loss=0.0009, RMSE_MU_per_atom=0.00 mDebye, RMSE_MU_DERIV=0.00 mDebye / A, RMSE_ALPHA_per_atom=    0.08, RMSE_ALPHA_DERIV=    6.52
2025-07-14 15:29:25.379 INFO: Epoch 1147: head: Default, loss=0.0009, RMSE_MU_per_atom=0.00 mDebye, RMSE_MU_DERIV=0.00 mDebye / A, RMSE_ALPHA_per_atom=    0.08, RMSE_ALPHA_DERIV=    6.52
2025-07-14 15:30:24.556 INFO: Epoch 1148: head: Default, loss=0.0009, RMSE_MU_per_atom=0.00 mDebye, RMSE_MU_DERIV=0.00 mDebye / A, RMSE_ALPHA_per_atom=    0.08, RMSE_ALPHA_DERIV=    6.52
2025-07-14 15:31:23.744 INFO: Epoch 1149: head: Default, loss=0.0009, RMSE_MU_per_atom=0.00 mDebye, RMSE_MU_DERIV=0.00 mDebye / A, RMSE_ALPHA_per_atom=    0.08, RMSE_ALPHA_DERIV=    6.52
2025-07-14 15:32:22.931 INFO: Epoch 1150: head: Default, loss=0.0009, RMSE_MU_per_atom=0.00 mDebye, RMSE_MU_DERIV=0.00 mDebye / A, RMSE_ALPHA_per_atom=    0.08, RMSE_ALPHA_DERIV=    6.52
2025-07-14 15:33:22.104 INFO: Epoch 1151: head: Default, loss=0.0009, RMSE_MU_per_atom=0.00 mDebye, RMSE_MU_DERIV=0.00 mDebye / A, RMSE_ALPHA_per_atom=    0.08, RMSE_ALPHA_DERIV=    6.52
2025-07-14 15:34:21.285 INFO: Epoch 1152: head: Default, loss=0.0009, RMSE_MU_per_atom=0.00 mDebye, RMSE_MU_DERIV=0.00 mDebye / A, RMSE_ALPHA_per_atom=    0.08, RMSE_ALPHA_DERIV=    6.52
2025-07-14 15:35:20.470 INFO: Epoch 1153: head: Default, loss=0.0009, RMSE_MU_per_atom=0.00 mDebye, RMSE_MU_DERIV=0.00 mDebye / A, RMSE_ALPHA_per_atom=    0.08, RMSE_ALPHA_DERIV=    6.52
2025-07-14 15:36:19.647 INFO: Epoch 1154: head: Default, loss=0.0009, RMSE_MU_per_atom=0.00 mDebye, RMSE_MU_DERIV=0.00 mDebye / A, RMSE_ALPHA_per_atom=    0.08, RMSE_ALPHA_DERIV=    6.52
2025-07-14 15:37:18.836 INFO: Epoch 1155: head: Default, loss=0.0009, RMSE_MU_per_atom=0.00 mDebye, RMSE_MU_DERIV=0.00 mDebye / A, RMSE_ALPHA_per_atom=    0.08, RMSE_ALPHA_DERIV=    6.52
2025-07-14 15:38:18.013 INFO: Epoch 1156: head: Default, loss=0.0009, RMSE_MU_per_atom=0.00 mDebye, RMSE_MU_DERIV=0.00 mDebye / A, RMSE_ALPHA_per_atom=    0.08, RMSE_ALPHA_DERIV=    6.52
2025-07-14 15:39:17.179 INFO: Epoch 1157: head: Default, loss=0.0009, RMSE_MU_per_atom=0.00 mDebye, RMSE_MU_DERIV=0.00 mDebye / A, RMSE_ALPHA_per_atom=    0.08, RMSE_ALPHA_DERIV=    6.52
2025-07-14 15:40:16.358 INFO: Epoch 1158: head: Default, loss=0.0009, RMSE_MU_per_atom=0.00 mDebye, RMSE_MU_DERIV=0.00 mDebye / A, RMSE_ALPHA_per_atom=    0.08, RMSE_ALPHA_DERIV=    6.52
2025-07-14 15:41:15.558 INFO: Epoch 1159: head: Default, loss=0.0009, RMSE_MU_per_atom=0.00 mDebye, RMSE_MU_DERIV=0.00 mDebye / A, RMSE_ALPHA_per_atom=    0.08, RMSE_ALPHA_DERIV=    6.52
2025-07-14 15:42:14.746 INFO: Epoch 1160: head: Default, loss=0.0009, RMSE_MU_per_atom=0.00 mDebye, RMSE_MU_DERIV=0.00 mDebye / A, RMSE_ALPHA_per_atom=    0.08, RMSE_ALPHA_DERIV=    6.52
2025-07-14 15:43:13.943 INFO: Epoch 1161: head: Default, loss=0.0009, RMSE_MU_per_atom=0.00 mDebye, RMSE_MU_DERIV=0.00 mDebye / A, RMSE_ALPHA_per_atom=    0.08, RMSE_ALPHA_DERIV=    6.52
2025-07-14 15:44:13.123 INFO: Epoch 1162: head: Default, loss=0.0009, RMSE_MU_per_atom=0.00 mDebye, RMSE_MU_DERIV=0.00 mDebye / A, RMSE_ALPHA_per_atom=    0.08, RMSE_ALPHA_DERIV=    6.52
2025-07-14 15:45:12.302 INFO: Epoch 1163: head: Default, loss=0.0009, RMSE_MU_per_atom=0.00 mDebye, RMSE_MU_DERIV=0.00 mDebye / A, RMSE_ALPHA_per_atom=    0.08, RMSE_ALPHA_DERIV=    6.52
2025-07-14 15:46:11.501 INFO: Epoch 1164: head: Default, loss=0.0009, RMSE_MU_per_atom=0.00 mDebye, RMSE_MU_DERIV=0.00 mDebye / A, RMSE_ALPHA_per_atom=    0.08, RMSE_ALPHA_DERIV=    6.52
2025-07-14 15:47:10.693 INFO: Epoch 1165: head: Default, loss=0.0009, RMSE_MU_per_atom=0.00 mDebye, RMSE_MU_DERIV=0.00 mDebye / A, RMSE_ALPHA_per_atom=    0.08, RMSE_ALPHA_DERIV=    6.52
2025-07-14 15:48:09.860 INFO: Epoch 1166: head: Default, loss=0.0009, RMSE_MU_per_atom=0.00 mDebye, RMSE_MU_DERIV=0.00 mDebye / A, RMSE_ALPHA_per_atom=    0.08, RMSE_ALPHA_DERIV=    6.52
2025-07-14 15:49:09.041 INFO: Epoch 1167: head: Default, loss=0.0009, RMSE_MU_per_atom=0.00 mDebye, RMSE_MU_DERIV=0.00 mDebye / A, RMSE_ALPHA_per_atom=    0.08, RMSE_ALPHA_DERIV=    6.52
2025-07-14 15:50:08.236 INFO: Epoch 1168: head: Default, loss=0.0009, RMSE_MU_per_atom=0.00 mDebye, RMSE_MU_DERIV=0.00 mDebye / A, RMSE_ALPHA_per_atom=    0.08, RMSE_ALPHA_DERIV=    6.52
2025-07-14 15:51:07.436 INFO: Epoch 1169: head: Default, loss=0.0009, RMSE_MU_per_atom=0.00 mDebye, RMSE_MU_DERIV=0.00 mDebye / A, RMSE_ALPHA_per_atom=    0.08, RMSE_ALPHA_DERIV=    6.52
2025-07-14 15:52:06.633 INFO: Epoch 1170: head: Default, loss=0.0009, RMSE_MU_per_atom=0.00 mDebye, RMSE_MU_DERIV=0.00 mDebye / A, RMSE_ALPHA_per_atom=    0.08, RMSE_ALPHA_DERIV=    6.52
2025-07-14 15:53:05.844 INFO: Epoch 1171: head: Default, loss=0.0009, RMSE_MU_per_atom=0.00 mDebye, RMSE_MU_DERIV=0.00 mDebye / A, RMSE_ALPHA_per_atom=    0.08, RMSE_ALPHA_DERIV=    6.52
2025-07-14 15:54:05.043 INFO: Epoch 1172: head: Default, loss=0.0009, RMSE_MU_per_atom=0.00 mDebye, RMSE_MU_DERIV=0.00 mDebye / A, RMSE_ALPHA_per_atom=    0.08, RMSE_ALPHA_DERIV=    6.52
2025-07-14 15:55:04.263 INFO: Epoch 1173: head: Default, loss=0.0009, RMSE_MU_per_atom=0.00 mDebye, RMSE_MU_DERIV=0.00 mDebye / A, RMSE_ALPHA_per_atom=    0.08, RMSE_ALPHA_DERIV=    6.52
2025-07-14 15:56:03.477 INFO: Epoch 1174: head: Default, loss=0.0009, RMSE_MU_per_atom=0.00 mDebye, RMSE_MU_DERIV=0.00 mDebye / A, RMSE_ALPHA_per_atom=    0.08, RMSE_ALPHA_DERIV=    6.52
2025-07-14 15:57:02.701 INFO: Epoch 1175: head: Default, loss=0.0009, RMSE_MU_per_atom=0.00 mDebye, RMSE_MU_DERIV=0.00 mDebye / A, RMSE_ALPHA_per_atom=    0.08, RMSE_ALPHA_DERIV=    6.52
2025-07-14 15:58:01.920 INFO: Epoch 1176: head: Default, loss=0.0009, RMSE_MU_per_atom=0.00 mDebye, RMSE_MU_DERIV=0.00 mDebye / A, RMSE_ALPHA_per_atom=    0.08, RMSE_ALPHA_DERIV=    6.52
2025-07-14 15:59:01.120 INFO: Epoch 1177: head: Default, loss=0.0009, RMSE_MU_per_atom=0.00 mDebye, RMSE_MU_DERIV=0.00 mDebye / A, RMSE_ALPHA_per_atom=    0.08, RMSE_ALPHA_DERIV=    6.52
2025-07-14 16:00:00.314 INFO: Epoch 1178: head: Default, loss=0.0009, RMSE_MU_per_atom=0.00 mDebye, RMSE_MU_DERIV=0.00 mDebye / A, RMSE_ALPHA_per_atom=    0.08, RMSE_ALPHA_DERIV=    6.52
2025-07-14 16:00:59.515 INFO: Epoch 1179: head: Default, loss=0.0009, RMSE_MU_per_atom=0.00 mDebye, RMSE_MU_DERIV=0.00 mDebye / A, RMSE_ALPHA_per_atom=    0.08, RMSE_ALPHA_DERIV=    6.52
2025-07-14 16:01:58.735 INFO: Epoch 1180: head: Default, loss=0.0009, RMSE_MU_per_atom=0.00 mDebye, RMSE_MU_DERIV=0.00 mDebye / A, RMSE_ALPHA_per_atom=    0.08, RMSE_ALPHA_DERIV=    6.52
2025-07-14 16:02:57.935 INFO: Epoch 1181: head: Default, loss=0.0009, RMSE_MU_per_atom=0.00 mDebye, RMSE_MU_DERIV=0.00 mDebye / A, RMSE_ALPHA_per_atom=    0.08, RMSE_ALPHA_DERIV=    6.52
2025-07-14 16:03:57.131 INFO: Epoch 1182: head: Default, loss=0.0009, RMSE_MU_per_atom=0.00 mDebye, RMSE_MU_DERIV=0.00 mDebye / A, RMSE_ALPHA_per_atom=    0.08, RMSE_ALPHA_DERIV=    6.52
2025-07-14 16:04:56.322 INFO: Epoch 1183: head: Default, loss=0.0009, RMSE_MU_per_atom=0.00 mDebye, RMSE_MU_DERIV=0.00 mDebye / A, RMSE_ALPHA_per_atom=    0.08, RMSE_ALPHA_DERIV=    6.52
2025-07-14 16:05:55.514 INFO: Epoch 1184: head: Default, loss=0.0009, RMSE_MU_per_atom=0.00 mDebye, RMSE_MU_DERIV=0.00 mDebye / A, RMSE_ALPHA_per_atom=    0.08, RMSE_ALPHA_DERIV=    6.52
2025-07-14 16:06:54.712 INFO: Epoch 1185: head: Default, loss=0.0009, RMSE_MU_per_atom=0.00 mDebye, RMSE_MU_DERIV=0.00 mDebye / A, RMSE_ALPHA_per_atom=    0.08, RMSE_ALPHA_DERIV=    6.52
2025-07-14 16:07:53.901 INFO: Epoch 1186: head: Default, loss=0.0009, RMSE_MU_per_atom=0.00 mDebye, RMSE_MU_DERIV=0.00 mDebye / A, RMSE_ALPHA_per_atom=    0.08, RMSE_ALPHA_DERIV=    6.52
2025-07-14 16:08:53.095 INFO: Epoch 1187: head: Default, loss=0.0009, RMSE_MU_per_atom=0.00 mDebye, RMSE_MU_DERIV=0.00 mDebye / A, RMSE_ALPHA_per_atom=    0.08, RMSE_ALPHA_DERIV=    6.52
2025-07-14 16:09:52.303 INFO: Epoch 1188: head: Default, loss=0.0009, RMSE_MU_per_atom=0.00 mDebye, RMSE_MU_DERIV=0.00 mDebye / A, RMSE_ALPHA_per_atom=    0.08, RMSE_ALPHA_DERIV=    6.52
2025-07-14 16:10:51.505 INFO: Epoch 1189: head: Default, loss=0.0009, RMSE_MU_per_atom=0.00 mDebye, RMSE_MU_DERIV=0.00 mDebye / A, RMSE_ALPHA_per_atom=    0.08, RMSE_ALPHA_DERIV=    6.52
2025-07-14 16:11:50.723 INFO: Epoch 1190: head: Default, loss=0.0009, RMSE_MU_per_atom=0.00 mDebye, RMSE_MU_DERIV=0.00 mDebye / A, RMSE_ALPHA_per_atom=    0.08, RMSE_ALPHA_DERIV=    6.52
2025-07-14 16:12:49.938 INFO: Epoch 1191: head: Default, loss=0.0009, RMSE_MU_per_atom=0.00 mDebye, RMSE_MU_DERIV=0.00 mDebye / A, RMSE_ALPHA_per_atom=    0.08, RMSE_ALPHA_DERIV=    6.52
2025-07-14 16:13:49.144 INFO: Epoch 1192: head: Default, loss=0.0009, RMSE_MU_per_atom=0.00 mDebye, RMSE_MU_DERIV=0.00 mDebye / A, RMSE_ALPHA_per_atom=    0.08, RMSE_ALPHA_DERIV=    6.52
2025-07-14 16:14:48.333 INFO: Epoch 1193: head: Default, loss=0.0009, RMSE_MU_per_atom=0.00 mDebye, RMSE_MU_DERIV=0.00 mDebye / A, RMSE_ALPHA_per_atom=    0.08, RMSE_ALPHA_DERIV=    6.52
2025-07-14 16:15:47.548 INFO: Epoch 1194: head: Default, loss=0.0009, RMSE_MU_per_atom=0.00 mDebye, RMSE_MU_DERIV=0.00 mDebye / A, RMSE_ALPHA_per_atom=    0.08, RMSE_ALPHA_DERIV=    6.52
2025-07-14 16:16:46.753 INFO: Epoch 1195: head: Default, loss=0.0009, RMSE_MU_per_atom=0.00 mDebye, RMSE_MU_DERIV=0.00 mDebye / A, RMSE_ALPHA_per_atom=    0.08, RMSE_ALPHA_DERIV=    6.52
2025-07-14 16:17:45.960 INFO: Epoch 1196: head: Default, loss=0.0009, RMSE_MU_per_atom=0.00 mDebye, RMSE_MU_DERIV=0.00 mDebye / A, RMSE_ALPHA_per_atom=    0.08, RMSE_ALPHA_DERIV=    6.52
2025-07-14 16:18:45.152 INFO: Epoch 1197: head: Default, loss=0.0009, RMSE_MU_per_atom=0.00 mDebye, RMSE_MU_DERIV=0.00 mDebye / A, RMSE_ALPHA_per_atom=    0.08, RMSE_ALPHA_DERIV=    6.52
2025-07-14 16:19:44.359 INFO: Epoch 1198: head: Default, loss=0.0009, RMSE_MU_per_atom=0.00 mDebye, RMSE_MU_DERIV=0.00 mDebye / A, RMSE_ALPHA_per_atom=    0.08, RMSE_ALPHA_DERIV=    6.52
2025-07-14 16:20:43.574 INFO: Epoch 1199: head: Default, loss=0.0009, RMSE_MU_per_atom=0.00 mDebye, RMSE_MU_DERIV=0.00 mDebye / A, RMSE_ALPHA_per_atom=    0.08, RMSE_ALPHA_DERIV=    6.52
2025-07-14 16:21:42.781 INFO: Epoch 1200: head: Default, loss=0.0009, RMSE_MU_per_atom=0.00 mDebye, RMSE_MU_DERIV=0.00 mDebye / A, RMSE_ALPHA_per_atom=    0.08, RMSE_ALPHA_DERIV=    6.52
2025-07-14 16:22:41.988 INFO: Epoch 1201: head: Default, loss=0.0009, RMSE_MU_per_atom=0.00 mDebye, RMSE_MU_DERIV=0.00 mDebye / A, RMSE_ALPHA_per_atom=    0.08, RMSE_ALPHA_DERIV=    6.52
2025-07-14 16:23:41.183 INFO: Epoch 1202: head: Default, loss=0.0009, RMSE_MU_per_atom=0.00 mDebye, RMSE_MU_DERIV=0.00 mDebye / A, RMSE_ALPHA_per_atom=    0.08, RMSE_ALPHA_DERIV=    6.52
2025-07-14 16:24:40.381 INFO: Epoch 1203: head: Default, loss=0.0009, RMSE_MU_per_atom=0.00 mDebye, RMSE_MU_DERIV=0.00 mDebye / A, RMSE_ALPHA_per_atom=    0.08, RMSE_ALPHA_DERIV=    6.52
2025-07-14 16:25:39.585 INFO: Epoch 1204: head: Default, loss=0.0009, RMSE_MU_per_atom=0.00 mDebye, RMSE_MU_DERIV=0.00 mDebye / A, RMSE_ALPHA_per_atom=    0.08, RMSE_ALPHA_DERIV=    6.52
2025-07-14 16:26:38.777 INFO: Epoch 1205: head: Default, loss=0.0009, RMSE_MU_per_atom=0.00 mDebye, RMSE_MU_DERIV=0.00 mDebye / A, RMSE_ALPHA_per_atom=    0.08, RMSE_ALPHA_DERIV=    6.52
2025-07-14 16:27:37.969 INFO: Epoch 1206: head: Default, loss=0.0009, RMSE_MU_per_atom=0.00 mDebye, RMSE_MU_DERIV=0.00 mDebye / A, RMSE_ALPHA_per_atom=    0.08, RMSE_ALPHA_DERIV=    6.52
2025-07-14 16:28:37.172 INFO: Epoch 1207: head: Default, loss=0.0009, RMSE_MU_per_atom=0.00 mDebye, RMSE_MU_DERIV=0.00 mDebye / A, RMSE_ALPHA_per_atom=    0.08, RMSE_ALPHA_DERIV=    6.52
2025-07-14 16:29:36.348 INFO: Epoch 1208: head: Default, loss=0.0009, RMSE_MU_per_atom=0.00 mDebye, RMSE_MU_DERIV=0.00 mDebye / A, RMSE_ALPHA_per_atom=    0.08, RMSE_ALPHA_DERIV=    6.52
2025-07-14 16:30:35.557 INFO: Epoch 1209: head: Default, loss=0.0009, RMSE_MU_per_atom=0.00 mDebye, RMSE_MU_DERIV=0.00 mDebye / A, RMSE_ALPHA_per_atom=    0.08, RMSE_ALPHA_DERIV=    6.52
2025-07-14 16:31:34.763 INFO: Epoch 1210: head: Default, loss=0.0009, RMSE_MU_per_atom=0.00 mDebye, RMSE_MU_DERIV=0.00 mDebye / A, RMSE_ALPHA_per_atom=    0.08, RMSE_ALPHA_DERIV=    6.52
2025-07-14 16:32:33.970 INFO: Epoch 1211: head: Default, loss=0.0009, RMSE_MU_per_atom=0.00 mDebye, RMSE_MU_DERIV=0.00 mDebye / A, RMSE_ALPHA_per_atom=    0.08, RMSE_ALPHA_DERIV=    6.52
2025-07-14 16:33:33.180 INFO: Epoch 1212: head: Default, loss=0.0009, RMSE_MU_per_atom=0.00 mDebye, RMSE_MU_DERIV=0.00 mDebye / A, RMSE_ALPHA_per_atom=    0.08, RMSE_ALPHA_DERIV=    6.52
2025-07-14 16:34:32.396 INFO: Epoch 1213: head: Default, loss=0.0009, RMSE_MU_per_atom=0.00 mDebye, RMSE_MU_DERIV=0.00 mDebye / A, RMSE_ALPHA_per_atom=    0.08, RMSE_ALPHA_DERIV=    6.52
2025-07-14 16:35:31.619 INFO: Epoch 1214: head: Default, loss=0.0009, RMSE_MU_per_atom=0.00 mDebye, RMSE_MU_DERIV=0.00 mDebye / A, RMSE_ALPHA_per_atom=    0.08, RMSE_ALPHA_DERIV=    6.52
2025-07-14 16:36:30.842 INFO: Epoch 1215: head: Default, loss=0.0009, RMSE_MU_per_atom=0.00 mDebye, RMSE_MU_DERIV=0.00 mDebye / A, RMSE_ALPHA_per_atom=    0.08, RMSE_ALPHA_DERIV=    6.52
2025-07-14 16:37:30.054 INFO: Epoch 1216: head: Default, loss=0.0009, RMSE_MU_per_atom=0.00 mDebye, RMSE_MU_DERIV=0.00 mDebye / A, RMSE_ALPHA_per_atom=    0.08, RMSE_ALPHA_DERIV=    6.52
2025-07-14 16:38:29.262 INFO: Epoch 1217: head: Default, loss=0.0009, RMSE_MU_per_atom=0.00 mDebye, RMSE_MU_DERIV=0.00 mDebye / A, RMSE_ALPHA_per_atom=    0.08, RMSE_ALPHA_DERIV=    6.52
2025-07-14 16:39:28.466 INFO: Epoch 1218: head: Default, loss=0.0009, RMSE_MU_per_atom=0.00 mDebye, RMSE_MU_DERIV=0.00 mDebye / A, RMSE_ALPHA_per_atom=    0.08, RMSE_ALPHA_DERIV=    6.52
2025-07-14 16:40:27.696 INFO: Epoch 1219: head: Default, loss=0.0009, RMSE_MU_per_atom=0.00 mDebye, RMSE_MU_DERIV=0.00 mDebye / A, RMSE_ALPHA_per_atom=    0.08, RMSE_ALPHA_DERIV=    6.52
2025-07-14 16:41:26.931 INFO: Epoch 1220: head: Default, loss=0.0009, RMSE_MU_per_atom=0.00 mDebye, RMSE_MU_DERIV=0.00 mDebye / A, RMSE_ALPHA_per_atom=    0.08, RMSE_ALPHA_DERIV=    6.52
2025-07-14 16:42:26.161 INFO: Epoch 1221: head: Default, loss=0.0009, RMSE_MU_per_atom=0.00 mDebye, RMSE_MU_DERIV=0.00 mDebye / A, RMSE_ALPHA_per_atom=    0.08, RMSE_ALPHA_DERIV=    6.52
2025-07-14 16:43:25.381 INFO: Epoch 1222: head: Default, loss=0.0009, RMSE_MU_per_atom=0.00 mDebye, RMSE_MU_DERIV=0.00 mDebye / A, RMSE_ALPHA_per_atom=    0.08, RMSE_ALPHA_DERIV=    6.52
2025-07-14 16:44:24.587 INFO: Epoch 1223: head: Default, loss=0.0009, RMSE_MU_per_atom=0.00 mDebye, RMSE_MU_DERIV=0.00 mDebye / A, RMSE_ALPHA_per_atom=    0.08, RMSE_ALPHA_DERIV=    6.52
2025-07-14 16:45:23.790 INFO: Epoch 1224: head: Default, loss=0.0009, RMSE_MU_per_atom=0.00 mDebye, RMSE_MU_DERIV=0.00 mDebye / A, RMSE_ALPHA_per_atom=    0.08, RMSE_ALPHA_DERIV=    6.51
2025-07-14 16:46:23.003 INFO: Epoch 1225: head: Default, loss=0.0009, RMSE_MU_per_atom=0.00 mDebye, RMSE_MU_DERIV=0.00 mDebye / A, RMSE_ALPHA_per_atom=    0.08, RMSE_ALPHA_DERIV=    6.52
2025-07-14 16:47:22.195 INFO: Epoch 1226: head: Default, loss=0.0009, RMSE_MU_per_atom=0.00 mDebye, RMSE_MU_DERIV=0.00 mDebye / A, RMSE_ALPHA_per_atom=    0.08, RMSE_ALPHA_DERIV=    6.52
2025-07-14 16:48:21.401 INFO: Epoch 1227: head: Default, loss=0.0009, RMSE_MU_per_atom=0.00 mDebye, RMSE_MU_DERIV=0.00 mDebye / A, RMSE_ALPHA_per_atom=    0.08, RMSE_ALPHA_DERIV=    6.52
2025-07-14 16:49:20.599 INFO: Epoch 1228: head: Default, loss=0.0009, RMSE_MU_per_atom=0.00 mDebye, RMSE_MU_DERIV=0.00 mDebye / A, RMSE_ALPHA_per_atom=    0.08, RMSE_ALPHA_DERIV=    6.52
2025-07-14 16:50:19.782 INFO: Epoch 1229: head: Default, loss=0.0009, RMSE_MU_per_atom=0.00 mDebye, RMSE_MU_DERIV=0.00 mDebye / A, RMSE_ALPHA_per_atom=    0.08, RMSE_ALPHA_DERIV=    6.52
2025-07-14 16:51:18.981 INFO: Epoch 1230: head: Default, loss=0.0009, RMSE_MU_per_atom=0.00 mDebye, RMSE_MU_DERIV=0.00 mDebye / A, RMSE_ALPHA_per_atom=    0.08, RMSE_ALPHA_DERIV=    6.52
2025-07-14 16:52:18.174 INFO: Epoch 1231: head: Default, loss=0.0009, RMSE_MU_per_atom=0.00 mDebye, RMSE_MU_DERIV=0.00 mDebye / A, RMSE_ALPHA_per_atom=    0.08, RMSE_ALPHA_DERIV=    6.52
2025-07-14 16:53:17.368 INFO: Epoch 1232: head: Default, loss=0.0009, RMSE_MU_per_atom=0.00 mDebye, RMSE_MU_DERIV=0.00 mDebye / A, RMSE_ALPHA_per_atom=    0.08, RMSE_ALPHA_DERIV=    6.52
2025-07-14 16:54:16.560 INFO: Epoch 1233: head: Default, loss=0.0009, RMSE_MU_per_atom=0.00 mDebye, RMSE_MU_DERIV=0.00 mDebye / A, RMSE_ALPHA_per_atom=    0.08, RMSE_ALPHA_DERIV=    6.52
2025-07-14 16:55:15.768 INFO: Epoch 1234: head: Default, loss=0.0009, RMSE_MU_per_atom=0.00 mDebye, RMSE_MU_DERIV=0.00 mDebye / A, RMSE_ALPHA_per_atom=    0.08, RMSE_ALPHA_DERIV=    6.52
2025-07-14 16:56:14.963 INFO: Epoch 1235: head: Default, loss=0.0009, RMSE_MU_per_atom=0.00 mDebye, RMSE_MU_DERIV=0.00 mDebye / A, RMSE_ALPHA_per_atom=    0.08, RMSE_ALPHA_DERIV=    6.52
2025-07-14 16:57:14.169 INFO: Epoch 1236: head: Default, loss=0.0009, RMSE_MU_per_atom=0.00 mDebye, RMSE_MU_DERIV=0.00 mDebye / A, RMSE_ALPHA_per_atom=    0.08, RMSE_ALPHA_DERIV=    6.52
2025-07-14 16:58:13.375 INFO: Epoch 1237: head: Default, loss=0.0009, RMSE_MU_per_atom=0.00 mDebye, RMSE_MU_DERIV=0.00 mDebye / A, RMSE_ALPHA_per_atom=    0.08, RMSE_ALPHA_DERIV=    6.52
2025-07-14 16:59:12.569 INFO: Epoch 1238: head: Default, loss=0.0009, RMSE_MU_per_atom=0.00 mDebye, RMSE_MU_DERIV=0.00 mDebye / A, RMSE_ALPHA_per_atom=    0.08, RMSE_ALPHA_DERIV=    6.52
2025-07-14 17:00:11.761 INFO: Epoch 1239: head: Default, loss=0.0009, RMSE_MU_per_atom=0.00 mDebye, RMSE_MU_DERIV=0.00 mDebye / A, RMSE_ALPHA_per_atom=    0.08, RMSE_ALPHA_DERIV=    6.52
2025-07-14 17:01:10.958 INFO: Epoch 1240: head: Default, loss=0.0009, RMSE_MU_per_atom=0.00 mDebye, RMSE_MU_DERIV=0.00 mDebye / A, RMSE_ALPHA_per_atom=    0.08, RMSE_ALPHA_DERIV=    6.52
2025-07-14 17:02:10.158 INFO: Epoch 1241: head: Default, loss=0.0009, RMSE_MU_per_atom=0.00 mDebye, RMSE_MU_DERIV=0.00 mDebye / A, RMSE_ALPHA_per_atom=    0.08, RMSE_ALPHA_DERIV=    6.52
2025-07-14 17:03:09.356 INFO: Epoch 1242: head: Default, loss=0.0009, RMSE_MU_per_atom=0.00 mDebye, RMSE_MU_DERIV=0.00 mDebye / A, RMSE_ALPHA_per_atom=    0.08, RMSE_ALPHA_DERIV=    6.52
2025-07-14 17:04:08.559 INFO: Epoch 1243: head: Default, loss=0.0009, RMSE_MU_per_atom=0.00 mDebye, RMSE_MU_DERIV=0.00 mDebye / A, RMSE_ALPHA_per_atom=    0.08, RMSE_ALPHA_DERIV=    6.52
2025-07-14 17:05:07.769 INFO: Epoch 1244: head: Default, loss=0.0009, RMSE_MU_per_atom=0.00 mDebye, RMSE_MU_DERIV=0.00 mDebye / A, RMSE_ALPHA_per_atom=    0.08, RMSE_ALPHA_DERIV=    6.52
2025-07-14 17:06:06.963 INFO: Epoch 1245: head: Default, loss=0.0009, RMSE_MU_per_atom=0.00 mDebye, RMSE_MU_DERIV=0.00 mDebye / A, RMSE_ALPHA_per_atom=    0.08, RMSE_ALPHA_DERIV=    6.52
2025-07-14 17:07:06.138 INFO: Epoch 1246: head: Default, loss=0.0009, RMSE_MU_per_atom=0.00 mDebye, RMSE_MU_DERIV=0.00 mDebye / A, RMSE_ALPHA_per_atom=    0.08, RMSE_ALPHA_DERIV=    6.52
2025-07-14 17:08:05.314 INFO: Epoch 1247: head: Default, loss=0.0009, RMSE_MU_per_atom=0.00 mDebye, RMSE_MU_DERIV=0.00 mDebye / A, RMSE_ALPHA_per_atom=    0.08, RMSE_ALPHA_DERIV=    6.52
2025-07-14 17:09:04.488 INFO: Epoch 1248: head: Default, loss=0.0009, RMSE_MU_per_atom=0.00 mDebye, RMSE_MU_DERIV=0.00 mDebye / A, RMSE_ALPHA_per_atom=    0.08, RMSE_ALPHA_DERIV=    6.52
2025-07-14 17:10:03.668 INFO: Epoch 1249: head: Default, loss=0.0009, RMSE_MU_per_atom=0.00 mDebye, RMSE_MU_DERIV=0.00 mDebye / A, RMSE_ALPHA_per_atom=    0.08, RMSE_ALPHA_DERIV=    6.52
2025-07-14 17:11:02.844 INFO: Epoch 1250: head: Default, loss=0.0009, RMSE_MU_per_atom=0.00 mDebye, RMSE_MU_DERIV=0.00 mDebye / A, RMSE_ALPHA_per_atom=    0.08, RMSE_ALPHA_DERIV=    6.52
2025-07-14 17:12:02.030 INFO: Epoch 1251: head: Default, loss=0.0009, RMSE_MU_per_atom=0.00 mDebye, RMSE_MU_DERIV=0.00 mDebye / A, RMSE_ALPHA_per_atom=    0.08, RMSE_ALPHA_DERIV=    6.52
2025-07-14 17:13:01.232 INFO: Epoch 1252: head: Default, loss=0.0009, RMSE_MU_per_atom=0.00 mDebye, RMSE_MU_DERIV=0.00 mDebye / A, RMSE_ALPHA_per_atom=    0.08, RMSE_ALPHA_DERIV=    6.52
2025-07-14 17:14:00.441 INFO: Epoch 1253: head: Default, loss=0.0009, RMSE_MU_per_atom=0.00 mDebye, RMSE_MU_DERIV=0.00 mDebye / A, RMSE_ALPHA_per_atom=    0.08, RMSE_ALPHA_DERIV=    6.52
2025-07-14 17:14:59.652 INFO: Epoch 1254: head: Default, loss=0.0009, RMSE_MU_per_atom=0.00 mDebye, RMSE_MU_DERIV=0.00 mDebye / A, RMSE_ALPHA_per_atom=    0.08, RMSE_ALPHA_DERIV=    6.52
2025-07-14 17:15:58.852 INFO: Epoch 1255: head: Default, loss=0.0009, RMSE_MU_per_atom=0.00 mDebye, RMSE_MU_DERIV=0.00 mDebye / A, RMSE_ALPHA_per_atom=    0.08, RMSE_ALPHA_DERIV=    6.52
2025-07-14 17:16:58.050 INFO: Epoch 1256: head: Default, loss=0.0009, RMSE_MU_per_atom=0.00 mDebye, RMSE_MU_DERIV=0.00 mDebye / A, RMSE_ALPHA_per_atom=    0.08, RMSE_ALPHA_DERIV=    6.52
2025-07-14 17:17:57.251 INFO: Epoch 1257: head: Default, loss=0.0009, RMSE_MU_per_atom=0.00 mDebye, RMSE_MU_DERIV=0.00 mDebye / A, RMSE_ALPHA_per_atom=    0.08, RMSE_ALPHA_DERIV=    6.52
2025-07-14 17:18:56.441 INFO: Epoch 1258: head: Default, loss=0.0009, RMSE_MU_per_atom=0.00 mDebye, RMSE_MU_DERIV=0.00 mDebye / A, RMSE_ALPHA_per_atom=    0.08, RMSE_ALPHA_DERIV=    6.52
2025-07-14 17:19:55.623 INFO: Epoch 1259: head: Default, loss=0.0009, RMSE_MU_per_atom=0.00 mDebye, RMSE_MU_DERIV=0.00 mDebye / A, RMSE_ALPHA_per_atom=    0.08, RMSE_ALPHA_DERIV=    6.52
2025-07-14 17:20:54.826 INFO: Epoch 1260: head: Default, loss=0.0009, RMSE_MU_per_atom=0.00 mDebye, RMSE_MU_DERIV=0.00 mDebye / A, RMSE_ALPHA_per_atom=    0.08, RMSE_ALPHA_DERIV=    6.52
2025-07-14 17:21:54.024 INFO: Epoch 1261: head: Default, loss=0.0009, RMSE_MU_per_atom=0.00 mDebye, RMSE_MU_DERIV=0.00 mDebye / A, RMSE_ALPHA_per_atom=    0.08, RMSE_ALPHA_DERIV=    6.52
2025-07-14 17:22:53.226 INFO: Epoch 1262: head: Default, loss=0.0009, RMSE_MU_per_atom=0.00 mDebye, RMSE_MU_DERIV=0.00 mDebye / A, RMSE_ALPHA_per_atom=    0.08, RMSE_ALPHA_DERIV=    6.52
2025-07-14 17:23:52.422 INFO: Epoch 1263: head: Default, loss=0.0009, RMSE_MU_per_atom=0.00 mDebye, RMSE_MU_DERIV=0.00 mDebye / A, RMSE_ALPHA_per_atom=    0.08, RMSE_ALPHA_DERIV=    6.52
2025-07-14 17:24:51.624 INFO: Epoch 1264: head: Default, loss=0.0009, RMSE_MU_per_atom=0.00 mDebye, RMSE_MU_DERIV=0.00 mDebye / A, RMSE_ALPHA_per_atom=    0.08, RMSE_ALPHA_DERIV=    6.52
2025-07-14 17:25:50.825 INFO: Epoch 1265: head: Default, loss=0.0009, RMSE_MU_per_atom=0.00 mDebye, RMSE_MU_DERIV=0.00 mDebye / A, RMSE_ALPHA_per_atom=    0.08, RMSE_ALPHA_DERIV=    6.52
2025-07-14 17:26:50.013 INFO: Epoch 1266: head: Default, loss=0.0009, RMSE_MU_per_atom=0.00 mDebye, RMSE_MU_DERIV=0.00 mDebye / A, RMSE_ALPHA_per_atom=    0.08, RMSE_ALPHA_DERIV=    6.52
2025-07-14 17:27:49.214 INFO: Epoch 1267: head: Default, loss=0.0009, RMSE_MU_per_atom=0.00 mDebye, RMSE_MU_DERIV=0.00 mDebye / A, RMSE_ALPHA_per_atom=    0.08, RMSE_ALPHA_DERIV=    6.52
2025-07-14 17:28:48.424 INFO: Epoch 1268: head: Default, loss=0.0009, RMSE_MU_per_atom=0.00 mDebye, RMSE_MU_DERIV=0.00 mDebye / A, RMSE_ALPHA_per_atom=    0.08, RMSE_ALPHA_DERIV=    6.52
2025-07-14 17:29:47.625 INFO: Epoch 1269: head: Default, loss=0.0009, RMSE_MU_per_atom=0.00 mDebye, RMSE_MU_DERIV=0.00 mDebye / A, RMSE_ALPHA_per_atom=    0.08, RMSE_ALPHA_DERIV=    6.52
2025-07-14 17:30:46.816 INFO: Epoch 1270: head: Default, loss=0.0009, RMSE_MU_per_atom=0.00 mDebye, RMSE_MU_DERIV=0.00 mDebye / A, RMSE_ALPHA_per_atom=    0.08, RMSE_ALPHA_DERIV=    6.52
2025-07-14 17:31:46.020 INFO: Epoch 1271: head: Default, loss=0.0009, RMSE_MU_per_atom=0.00 mDebye, RMSE_MU_DERIV=0.00 mDebye / A, RMSE_ALPHA_per_atom=    0.08, RMSE_ALPHA_DERIV=    6.52
2025-07-14 17:32:45.240 INFO: Epoch 1272: head: Default, loss=0.0009, RMSE_MU_per_atom=0.00 mDebye, RMSE_MU_DERIV=0.00 mDebye / A, RMSE_ALPHA_per_atom=    0.08, RMSE_ALPHA_DERIV=    6.52
2025-07-14 17:33:44.438 INFO: Epoch 1273: head: Default, loss=0.0009, RMSE_MU_per_atom=0.00 mDebye, RMSE_MU_DERIV=0.00 mDebye / A, RMSE_ALPHA_per_atom=    0.08, RMSE_ALPHA_DERIV=    6.52
2025-07-14 17:34:43.651 INFO: Epoch 1274: head: Default, loss=0.0009, RMSE_MU_per_atom=0.00 mDebye, RMSE_MU_DERIV=0.00 mDebye / A, RMSE_ALPHA_per_atom=    0.08, RMSE_ALPHA_DERIV=    6.52
2025-07-14 17:35:42.871 INFO: Epoch 1275: head: Default, loss=0.0009, RMSE_MU_per_atom=0.00 mDebye, RMSE_MU_DERIV=0.00 mDebye / A, RMSE_ALPHA_per_atom=    0.08, RMSE_ALPHA_DERIV=    6.52
2025-07-14 17:36:42.078 INFO: Epoch 1276: head: Default, loss=0.0009, RMSE_MU_per_atom=0.00 mDebye, RMSE_MU_DERIV=0.00 mDebye / A, RMSE_ALPHA_per_atom=    0.08, RMSE_ALPHA_DERIV=    6.52
2025-07-14 17:37:41.292 INFO: Epoch 1277: head: Default, loss=0.0009, RMSE_MU_per_atom=0.00 mDebye, RMSE_MU_DERIV=0.00 mDebye / A, RMSE_ALPHA_per_atom=    0.08, RMSE_ALPHA_DERIV=    6.52
2025-07-14 17:38:40.508 INFO: Epoch 1278: head: Default, loss=0.0009, RMSE_MU_per_atom=0.00 mDebye, RMSE_MU_DERIV=0.00 mDebye / A, RMSE_ALPHA_per_atom=    0.08, RMSE_ALPHA_DERIV=    6.52
2025-07-14 17:39:39.697 INFO: Epoch 1279: head: Default, loss=0.0009, RMSE_MU_per_atom=0.00 mDebye, RMSE_MU_DERIV=0.00 mDebye / A, RMSE_ALPHA_per_atom=    0.08, RMSE_ALPHA_DERIV=    6.52
2025-07-14 17:40:38.902 INFO: Epoch 1280: head: Default, loss=0.0009, RMSE_MU_per_atom=0.00 mDebye, RMSE_MU_DERIV=0.00 mDebye / A, RMSE_ALPHA_per_atom=    0.08, RMSE_ALPHA_DERIV=    6.52
2025-07-14 17:41:38.092 INFO: Epoch 1281: head: Default, loss=0.0009, RMSE_MU_per_atom=0.00 mDebye, RMSE_MU_DERIV=0.00 mDebye / A, RMSE_ALPHA_per_atom=    0.08, RMSE_ALPHA_DERIV=    6.52
2025-07-14 17:42:37.265 INFO: Epoch 1282: head: Default, loss=0.0009, RMSE_MU_per_atom=0.00 mDebye, RMSE_MU_DERIV=0.00 mDebye / A, RMSE_ALPHA_per_atom=    0.08, RMSE_ALPHA_DERIV=    6.52
2025-07-14 17:43:36.432 INFO: Epoch 1283: head: Default, loss=0.0009, RMSE_MU_per_atom=0.00 mDebye, RMSE_MU_DERIV=0.00 mDebye / A, RMSE_ALPHA_per_atom=    0.08, RMSE_ALPHA_DERIV=    6.52
2025-07-14 17:44:35.623 INFO: Epoch 1284: head: Default, loss=0.0009, RMSE_MU_per_atom=0.00 mDebye, RMSE_MU_DERIV=0.00 mDebye / A, RMSE_ALPHA_per_atom=    0.08, RMSE_ALPHA_DERIV=    6.52
2025-07-14 17:45:34.812 INFO: Epoch 1285: head: Default, loss=0.0009, RMSE_MU_per_atom=0.00 mDebye, RMSE_MU_DERIV=0.00 mDebye / A, RMSE_ALPHA_per_atom=    0.08, RMSE_ALPHA_DERIV=    6.52
2025-07-14 17:46:34.009 INFO: Epoch 1286: head: Default, loss=0.0009, RMSE_MU_per_atom=0.00 mDebye, RMSE_MU_DERIV=0.00 mDebye / A, RMSE_ALPHA_per_atom=    0.08, RMSE_ALPHA_DERIV=    6.52
2025-07-14 17:47:33.192 INFO: Epoch 1287: head: Default, loss=0.0009, RMSE_MU_per_atom=0.00 mDebye, RMSE_MU_DERIV=0.00 mDebye / A, RMSE_ALPHA_per_atom=    0.08, RMSE_ALPHA_DERIV=    6.52
2025-07-14 17:48:32.376 INFO: Epoch 1288: head: Default, loss=0.0009, RMSE_MU_per_atom=0.00 mDebye, RMSE_MU_DERIV=0.00 mDebye / A, RMSE_ALPHA_per_atom=    0.08, RMSE_ALPHA_DERIV=    6.52
2025-07-14 17:49:31.556 INFO: Epoch 1289: head: Default, loss=0.0009, RMSE_MU_per_atom=0.00 mDebye, RMSE_MU_DERIV=0.00 mDebye / A, RMSE_ALPHA_per_atom=    0.08, RMSE_ALPHA_DERIV=    6.52
2025-07-14 17:50:30.755 INFO: Epoch 1290: head: Default, loss=0.0009, RMSE_MU_per_atom=0.00 mDebye, RMSE_MU_DERIV=0.00 mDebye / A, RMSE_ALPHA_per_atom=    0.08, RMSE_ALPHA_DERIV=    6.52
2025-07-14 17:51:29.951 INFO: Epoch 1291: head: Default, loss=0.0009, RMSE_MU_per_atom=0.00 mDebye, RMSE_MU_DERIV=0.00 mDebye / A, RMSE_ALPHA_per_atom=    0.08, RMSE_ALPHA_DERIV=    6.52
2025-07-14 17:52:29.144 INFO: Epoch 1292: head: Default, loss=0.0009, RMSE_MU_per_atom=0.00 mDebye, RMSE_MU_DERIV=0.00 mDebye / A, RMSE_ALPHA_per_atom=    0.08, RMSE_ALPHA_DERIV=    6.52
2025-07-14 17:53:28.325 INFO: Epoch 1293: head: Default, loss=0.0009, RMSE_MU_per_atom=0.00 mDebye, RMSE_MU_DERIV=0.00 mDebye / A, RMSE_ALPHA_per_atom=    0.08, RMSE_ALPHA_DERIV=    6.52
2025-07-14 17:54:27.512 INFO: Epoch 1294: head: Default, loss=0.0009, RMSE_MU_per_atom=0.00 mDebye, RMSE_MU_DERIV=0.00 mDebye / A, RMSE_ALPHA_per_atom=    0.08, RMSE_ALPHA_DERIV=    6.52
2025-07-14 17:55:26.679 INFO: Epoch 1295: head: Default, loss=0.0009, RMSE_MU_per_atom=0.00 mDebye, RMSE_MU_DERIV=0.00 mDebye / A, RMSE_ALPHA_per_atom=    0.08, RMSE_ALPHA_DERIV=    6.52
2025-07-14 17:56:25.866 INFO: Epoch 1296: head: Default, loss=0.0009, RMSE_MU_per_atom=0.00 mDebye, RMSE_MU_DERIV=0.00 mDebye / A, RMSE_ALPHA_per_atom=    0.08, RMSE_ALPHA_DERIV=    6.52
2025-07-14 17:57:25.059 INFO: Epoch 1297: head: Default, loss=0.0009, RMSE_MU_per_atom=0.00 mDebye, RMSE_MU_DERIV=0.00 mDebye / A, RMSE_ALPHA_per_atom=    0.08, RMSE_ALPHA_DERIV=    6.52
2025-07-14 17:58:24.244 INFO: Epoch 1298: head: Default, loss=0.0009, RMSE_MU_per_atom=0.00 mDebye, RMSE_MU_DERIV=0.00 mDebye / A, RMSE_ALPHA_per_atom=    0.08, RMSE_ALPHA_DERIV=    6.52
2025-07-14 17:59:23.432 INFO: Epoch 1299: head: Default, loss=0.0009, RMSE_MU_per_atom=0.00 mDebye, RMSE_MU_DERIV=0.00 mDebye / A, RMSE_ALPHA_per_atom=    0.08, RMSE_ALPHA_DERIV=    6.52
2025-07-14 18:00:22.613 INFO: Epoch 1300: head: Default, loss=0.0009, RMSE_MU_per_atom=0.00 mDebye, RMSE_MU_DERIV=0.00 mDebye / A, RMSE_ALPHA_per_atom=    0.08, RMSE_ALPHA_DERIV=    6.52
2025-07-14 18:01:21.804 INFO: Epoch 1301: head: Default, loss=0.0009, RMSE_MU_per_atom=0.00 mDebye, RMSE_MU_DERIV=0.00 mDebye / A, RMSE_ALPHA_per_atom=    0.08, RMSE_ALPHA_DERIV=    6.52
2025-07-14 18:02:20.995 INFO: Epoch 1302: head: Default, loss=0.0009, RMSE_MU_per_atom=0.00 mDebye, RMSE_MU_DERIV=0.00 mDebye / A, RMSE_ALPHA_per_atom=    0.08, RMSE_ALPHA_DERIV=    6.52
2025-07-14 18:03:20.176 INFO: Epoch 1303: head: Default, loss=0.0009, RMSE_MU_per_atom=0.00 mDebye, RMSE_MU_DERIV=0.00 mDebye / A, RMSE_ALPHA_per_atom=    0.08, RMSE_ALPHA_DERIV=    6.52
2025-07-14 18:04:19.347 INFO: Epoch 1304: head: Default, loss=0.0009, RMSE_MU_per_atom=0.00 mDebye, RMSE_MU_DERIV=0.00 mDebye / A, RMSE_ALPHA_per_atom=    0.08, RMSE_ALPHA_DERIV=    6.52
2025-07-14 18:05:18.518 INFO: Epoch 1305: head: Default, loss=0.0009, RMSE_MU_per_atom=0.00 mDebye, RMSE_MU_DERIV=0.00 mDebye / A, RMSE_ALPHA_per_atom=    0.08, RMSE_ALPHA_DERIV=    6.52
2025-07-14 18:06:17.687 INFO: Epoch 1306: head: Default, loss=0.0009, RMSE_MU_per_atom=0.00 mDebye, RMSE_MU_DERIV=0.00 mDebye / A, RMSE_ALPHA_per_atom=    0.08, RMSE_ALPHA_DERIV=    6.52
2025-07-14 18:07:16.857 INFO: Epoch 1307: head: Default, loss=0.0009, RMSE_MU_per_atom=0.00 mDebye, RMSE_MU_DERIV=0.00 mDebye / A, RMSE_ALPHA_per_atom=    0.08, RMSE_ALPHA_DERIV=    6.52
2025-07-14 18:08:16.046 INFO: Epoch 1308: head: Default, loss=0.0009, RMSE_MU_per_atom=0.00 mDebye, RMSE_MU_DERIV=0.00 mDebye / A, RMSE_ALPHA_per_atom=    0.08, RMSE_ALPHA_DERIV=    6.52
2025-07-14 18:09:15.246 INFO: Epoch 1309: head: Default, loss=0.0009, RMSE_MU_per_atom=0.00 mDebye, RMSE_MU_DERIV=0.00 mDebye / A, RMSE_ALPHA_per_atom=    0.08, RMSE_ALPHA_DERIV=    6.52
2025-07-14 18:10:14.446 INFO: Epoch 1310: head: Default, loss=0.0009, RMSE_MU_per_atom=0.00 mDebye, RMSE_MU_DERIV=0.00 mDebye / A, RMSE_ALPHA_per_atom=    0.08, RMSE_ALPHA_DERIV=    6.52
2025-07-14 18:11:13.635 INFO: Epoch 1311: head: Default, loss=0.0009, RMSE_MU_per_atom=0.00 mDebye, RMSE_MU_DERIV=0.00 mDebye / A, RMSE_ALPHA_per_atom=    0.08, RMSE_ALPHA_DERIV=    6.52
2025-07-14 18:12:12.832 INFO: Epoch 1312: head: Default, loss=0.0009, RMSE_MU_per_atom=0.00 mDebye, RMSE_MU_DERIV=0.00 mDebye / A, RMSE_ALPHA_per_atom=    0.08, RMSE_ALPHA_DERIV=    6.52
2025-07-14 18:13:12.019 INFO: Epoch 1313: head: Default, loss=0.0009, RMSE_MU_per_atom=0.00 mDebye, RMSE_MU_DERIV=0.00 mDebye / A, RMSE_ALPHA_per_atom=    0.08, RMSE_ALPHA_DERIV=    6.52
2025-07-14 18:14:11.213 INFO: Epoch 1314: head: Default, loss=0.0009, RMSE_MU_per_atom=0.00 mDebye, RMSE_MU_DERIV=0.00 mDebye / A, RMSE_ALPHA_per_atom=    0.08, RMSE_ALPHA_DERIV=    6.52
2025-07-14 18:15:10.418 INFO: Epoch 1315: head: Default, loss=0.0009, RMSE_MU_per_atom=0.00 mDebye, RMSE_MU_DERIV=0.00 mDebye / A, RMSE_ALPHA_per_atom=    0.08, RMSE_ALPHA_DERIV=    6.52
2025-07-14 18:16:09.618 INFO: Epoch 1316: head: Default, loss=0.0009, RMSE_MU_per_atom=0.00 mDebye, RMSE_MU_DERIV=0.00 mDebye / A, RMSE_ALPHA_per_atom=    0.08, RMSE_ALPHA_DERIV=    6.51
2025-07-14 18:17:08.792 INFO: Epoch 1317: head: Default, loss=0.0009, RMSE_MU_per_atom=0.00 mDebye, RMSE_MU_DERIV=0.00 mDebye / A, RMSE_ALPHA_per_atom=    0.08, RMSE_ALPHA_DERIV=    6.52
2025-07-14 18:18:07.989 INFO: Epoch 1318: head: Default, loss=0.0009, RMSE_MU_per_atom=0.00 mDebye, RMSE_MU_DERIV=0.00 mDebye / A, RMSE_ALPHA_per_atom=    0.08, RMSE_ALPHA_DERIV=    6.51
2025-07-14 18:19:07.179 INFO: Epoch 1319: head: Default, loss=0.0009, RMSE_MU_per_atom=0.00 mDebye, RMSE_MU_DERIV=0.00 mDebye / A, RMSE_ALPHA_per_atom=    0.08, RMSE_ALPHA_DERIV=    6.52
2025-07-14 18:20:06.358 INFO: Epoch 1320: head: Default, loss=0.0009, RMSE_MU_per_atom=0.00 mDebye, RMSE_MU_DERIV=0.00 mDebye / A, RMSE_ALPHA_per_atom=    0.08, RMSE_ALPHA_DERIV=    6.52
2025-07-14 18:21:05.541 INFO: Epoch 1321: head: Default, loss=0.0009, RMSE_MU_per_atom=0.00 mDebye, RMSE_MU_DERIV=0.00 mDebye / A, RMSE_ALPHA_per_atom=    0.08, RMSE_ALPHA_DERIV=    6.52
2025-07-14 18:22:04.728 INFO: Epoch 1322: head: Default, loss=0.0009, RMSE_MU_per_atom=0.00 mDebye, RMSE_MU_DERIV=0.00 mDebye / A, RMSE_ALPHA_per_atom=    0.08, RMSE_ALPHA_DERIV=    6.52
2025-07-14 18:23:03.902 INFO: Epoch 1323: head: Default, loss=0.0009, RMSE_MU_per_atom=0.00 mDebye, RMSE_MU_DERIV=0.00 mDebye / A, RMSE_ALPHA_per_atom=    0.08, RMSE_ALPHA_DERIV=    6.52
2025-07-14 18:24:03.088 INFO: Epoch 1324: head: Default, loss=0.0009, RMSE_MU_per_atom=0.00 mDebye, RMSE_MU_DERIV=0.00 mDebye / A, RMSE_ALPHA_per_atom=    0.08, RMSE_ALPHA_DERIV=    6.52
2025-07-14 18:25:02.273 INFO: Epoch 1325: head: Default, loss=0.0009, RMSE_MU_per_atom=0.00 mDebye, RMSE_MU_DERIV=0.00 mDebye / A, RMSE_ALPHA_per_atom=    0.08, RMSE_ALPHA_DERIV=    6.52
2025-07-14 18:26:01.471 INFO: Epoch 1326: head: Default, loss=0.0009, RMSE_MU_per_atom=0.00 mDebye, RMSE_MU_DERIV=0.00 mDebye / A, RMSE_ALPHA_per_atom=    0.08, RMSE_ALPHA_DERIV=    6.52
2025-07-14 18:27:00.659 INFO: Epoch 1327: head: Default, loss=0.0009, RMSE_MU_per_atom=0.00 mDebye, RMSE_MU_DERIV=0.00 mDebye / A, RMSE_ALPHA_per_atom=    0.08, RMSE_ALPHA_DERIV=    6.52
2025-07-14 18:27:59.850 INFO: Epoch 1328: head: Default, loss=0.0009, RMSE_MU_per_atom=0.00 mDebye, RMSE_MU_DERIV=0.00 mDebye / A, RMSE_ALPHA_per_atom=    0.08, RMSE_ALPHA_DERIV=    6.52
2025-07-14 18:28:59.049 INFO: Epoch 1329: head: Default, loss=0.0009, RMSE_MU_per_atom=0.00 mDebye, RMSE_MU_DERIV=0.00 mDebye / A, RMSE_ALPHA_per_atom=    0.08, RMSE_ALPHA_DERIV=    6.52
2025-07-14 18:29:58.240 INFO: Epoch 1330: head: Default, loss=0.0009, RMSE_MU_per_atom=0.00 mDebye, RMSE_MU_DERIV=0.00 mDebye / A, RMSE_ALPHA_per_atom=    0.08, RMSE_ALPHA_DERIV=    6.52
2025-07-14 18:30:57.442 INFO: Epoch 1331: head: Default, loss=0.0009, RMSE_MU_per_atom=0.00 mDebye, RMSE_MU_DERIV=0.00 mDebye / A, RMSE_ALPHA_per_atom=    0.08, RMSE_ALPHA_DERIV=    6.52
2025-07-14 18:31:56.664 INFO: Epoch 1332: head: Default, loss=0.0009, RMSE_MU_per_atom=0.00 mDebye, RMSE_MU_DERIV=0.00 mDebye / A, RMSE_ALPHA_per_atom=    0.08, RMSE_ALPHA_DERIV=    6.52
2025-07-14 18:32:55.882 INFO: Epoch 1333: head: Default, loss=0.0009, RMSE_MU_per_atom=0.00 mDebye, RMSE_MU_DERIV=0.00 mDebye / A, RMSE_ALPHA_per_atom=    0.08, RMSE_ALPHA_DERIV=    6.52
2025-07-14 18:33:55.075 INFO: Epoch 1334: head: Default, loss=0.0009, RMSE_MU_per_atom=0.00 mDebye, RMSE_MU_DERIV=0.00 mDebye / A, RMSE_ALPHA_per_atom=    0.08, RMSE_ALPHA_DERIV=    6.52
2025-07-14 18:34:54.262 INFO: Epoch 1335: head: Default, loss=0.0009, RMSE_MU_per_atom=0.00 mDebye, RMSE_MU_DERIV=0.00 mDebye / A, RMSE_ALPHA_per_atom=    0.08, RMSE_ALPHA_DERIV=    6.52
2025-07-14 18:35:53.460 INFO: Epoch 1336: head: Default, loss=0.0009, RMSE_MU_per_atom=0.00 mDebye, RMSE_MU_DERIV=0.00 mDebye / A, RMSE_ALPHA_per_atom=    0.08, RMSE_ALPHA_DERIV=    6.52
2025-07-14 18:36:52.663 INFO: Epoch 1337: head: Default, loss=0.0009, RMSE_MU_per_atom=0.00 mDebye, RMSE_MU_DERIV=0.00 mDebye / A, RMSE_ALPHA_per_atom=    0.08, RMSE_ALPHA_DERIV=    6.52
2025-07-14 18:37:51.863 INFO: Epoch 1338: head: Default, loss=0.0009, RMSE_MU_per_atom=0.00 mDebye, RMSE_MU_DERIV=0.00 mDebye / A, RMSE_ALPHA_per_atom=    0.08, RMSE_ALPHA_DERIV=    6.52
2025-07-14 18:38:51.070 INFO: Epoch 1339: head: Default, loss=0.0009, RMSE_MU_per_atom=0.00 mDebye, RMSE_MU_DERIV=0.00 mDebye / A, RMSE_ALPHA_per_atom=    0.08, RMSE_ALPHA_DERIV=    6.52
2025-07-14 18:39:50.268 INFO: Epoch 1340: head: Default, loss=0.0009, RMSE_MU_per_atom=0.00 mDebye, RMSE_MU_DERIV=0.00 mDebye / A, RMSE_ALPHA_per_atom=    0.08, RMSE_ALPHA_DERIV=    6.52
2025-07-14 18:40:49.465 INFO: Epoch 1341: head: Default, loss=0.0009, RMSE_MU_per_atom=0.00 mDebye, RMSE_MU_DERIV=0.00 mDebye / A, RMSE_ALPHA_per_atom=    0.08, RMSE_ALPHA_DERIV=    6.52
2025-07-14 18:41:48.660 INFO: Epoch 1342: head: Default, loss=0.0009, RMSE_MU_per_atom=0.00 mDebye, RMSE_MU_DERIV=0.00 mDebye / A, RMSE_ALPHA_per_atom=    0.08, RMSE_ALPHA_DERIV=    6.52
2025-07-14 18:42:47.846 INFO: Epoch 1343: head: Default, loss=0.0009, RMSE_MU_per_atom=0.00 mDebye, RMSE_MU_DERIV=0.00 mDebye / A, RMSE_ALPHA_per_atom=    0.08, RMSE_ALPHA_DERIV=    6.52
2025-07-14 18:43:47.039 INFO: Epoch 1344: head: Default, loss=0.0009, RMSE_MU_per_atom=0.00 mDebye, RMSE_MU_DERIV=0.00 mDebye / A, RMSE_ALPHA_per_atom=    0.08, RMSE_ALPHA_DERIV=    6.52
2025-07-14 18:44:46.245 INFO: Epoch 1345: head: Default, loss=0.0009, RMSE_MU_per_atom=0.00 mDebye, RMSE_MU_DERIV=0.00 mDebye / A, RMSE_ALPHA_per_atom=    0.08, RMSE_ALPHA_DERIV=    6.52
2025-07-14 18:45:45.444 INFO: Epoch 1346: head: Default, loss=0.0009, RMSE_MU_per_atom=0.00 mDebye, RMSE_MU_DERIV=0.00 mDebye / A, RMSE_ALPHA_per_atom=    0.08, RMSE_ALPHA_DERIV=    6.52
2025-07-14 18:46:44.652 INFO: Epoch 1347: head: Default, loss=0.0009, RMSE_MU_per_atom=0.00 mDebye, RMSE_MU_DERIV=0.00 mDebye / A, RMSE_ALPHA_per_atom=    0.08, RMSE_ALPHA_DERIV=    6.52
2025-07-14 18:47:43.853 INFO: Epoch 1348: head: Default, loss=0.0009, RMSE_MU_per_atom=0.00 mDebye, RMSE_MU_DERIV=0.00 mDebye / A, RMSE_ALPHA_per_atom=    0.08, RMSE_ALPHA_DERIV=    6.52
2025-07-14 18:48:43.040 INFO: Epoch 1349: head: Default, loss=0.0009, RMSE_MU_per_atom=0.00 mDebye, RMSE_MU_DERIV=0.00 mDebye / A, RMSE_ALPHA_per_atom=    0.08, RMSE_ALPHA_DERIV=    6.52
2025-07-14 18:49:42.233 INFO: Epoch 1350: head: Default, loss=0.0009, RMSE_MU_per_atom=0.00 mDebye, RMSE_MU_DERIV=0.00 mDebye / A, RMSE_ALPHA_per_atom=    0.08, RMSE_ALPHA_DERIV=    6.52
2025-07-14 18:50:41.417 INFO: Epoch 1351: head: Default, loss=0.0009, RMSE_MU_per_atom=0.00 mDebye, RMSE_MU_DERIV=0.00 mDebye / A, RMSE_ALPHA_per_atom=    0.08, RMSE_ALPHA_DERIV=    6.52
2025-07-14 18:51:40.605 INFO: Epoch 1352: head: Default, loss=0.0009, RMSE_MU_per_atom=0.00 mDebye, RMSE_MU_DERIV=0.00 mDebye / A, RMSE_ALPHA_per_atom=    0.08, RMSE_ALPHA_DERIV=    6.52
2025-07-14 18:52:39.798 INFO: Epoch 1353: head: Default, loss=0.0009, RMSE_MU_per_atom=0.00 mDebye, RMSE_MU_DERIV=0.00 mDebye / A, RMSE_ALPHA_per_atom=    0.08, RMSE_ALPHA_DERIV=    6.52
2025-07-14 18:53:38.985 INFO: Epoch 1354: head: Default, loss=0.0009, RMSE_MU_per_atom=0.00 mDebye, RMSE_MU_DERIV=0.00 mDebye / A, RMSE_ALPHA_per_atom=    0.08, RMSE_ALPHA_DERIV=    6.52
2025-07-14 18:54:38.172 INFO: Epoch 1355: head: Default, loss=0.0009, RMSE_MU_per_atom=0.00 mDebye, RMSE_MU_DERIV=0.00 mDebye / A, RMSE_ALPHA_per_atom=    0.08, RMSE_ALPHA_DERIV=    6.52
2025-07-14 18:55:37.355 INFO: Epoch 1356: head: Default, loss=0.0009, RMSE_MU_per_atom=0.00 mDebye, RMSE_MU_DERIV=0.00 mDebye / A, RMSE_ALPHA_per_atom=    0.08, RMSE_ALPHA_DERIV=    6.52
2025-07-14 18:56:36.544 INFO: Epoch 1357: head: Default, loss=0.0009, RMSE_MU_per_atom=0.00 mDebye, RMSE_MU_DERIV=0.00 mDebye / A, RMSE_ALPHA_per_atom=    0.08, RMSE_ALPHA_DERIV=    6.52
2025-07-14 18:57:35.738 INFO: Epoch 1358: head: Default, loss=0.0009, RMSE_MU_per_atom=0.00 mDebye, RMSE_MU_DERIV=0.00 mDebye / A, RMSE_ALPHA_per_atom=    0.08, RMSE_ALPHA_DERIV=    6.52
2025-07-14 18:58:34.909 INFO: Epoch 1359: head: Default, loss=0.0009, RMSE_MU_per_atom=0.00 mDebye, RMSE_MU_DERIV=0.00 mDebye / A, RMSE_ALPHA_per_atom=    0.08, RMSE_ALPHA_DERIV=    6.52
2025-07-14 18:59:34.072 INFO: Epoch 1360: head: Default, loss=0.0009, RMSE_MU_per_atom=0.00 mDebye, RMSE_MU_DERIV=0.00 mDebye / A, RMSE_ALPHA_per_atom=    0.08, RMSE_ALPHA_DERIV=    6.52
2025-07-14 19:00:33.232 INFO: Epoch 1361: head: Default, loss=0.0009, RMSE_MU_per_atom=0.00 mDebye, RMSE_MU_DERIV=0.00 mDebye / A, RMSE_ALPHA_per_atom=    0.08, RMSE_ALPHA_DERIV=    6.52
2025-07-14 19:01:32.402 INFO: Epoch 1362: head: Default, loss=0.0009, RMSE_MU_per_atom=0.00 mDebye, RMSE_MU_DERIV=0.00 mDebye / A, RMSE_ALPHA_per_atom=    0.08, RMSE_ALPHA_DERIV=    6.52
2025-07-14 19:02:31.567 INFO: Epoch 1363: head: Default, loss=0.0009, RMSE_MU_per_atom=0.00 mDebye, RMSE_MU_DERIV=0.00 mDebye / A, RMSE_ALPHA_per_atom=    0.08, RMSE_ALPHA_DERIV=    6.52
2025-07-14 19:03:30.732 INFO: Epoch 1364: head: Default, loss=0.0009, RMSE_MU_per_atom=0.00 mDebye, RMSE_MU_DERIV=0.00 mDebye / A, RMSE_ALPHA_per_atom=    0.08, RMSE_ALPHA_DERIV=    6.52
2025-07-14 19:04:29.905 INFO: Epoch 1365: head: Default, loss=0.0009, RMSE_MU_per_atom=0.00 mDebye, RMSE_MU_DERIV=0.00 mDebye / A, RMSE_ALPHA_per_atom=    0.08, RMSE_ALPHA_DERIV=    6.52
2025-07-14 19:05:29.094 INFO: Epoch 1366: head: Default, loss=0.0009, RMSE_MU_per_atom=0.00 mDebye, RMSE_MU_DERIV=0.00 mDebye / A, RMSE_ALPHA_per_atom=    0.08, RMSE_ALPHA_DERIV=    6.52
2025-07-14 19:06:28.274 INFO: Epoch 1367: head: Default, loss=0.0009, RMSE_MU_per_atom=0.00 mDebye, RMSE_MU_DERIV=0.00 mDebye / A, RMSE_ALPHA_per_atom=    0.08, RMSE_ALPHA_DERIV=    6.52
2025-07-14 19:07:27.451 INFO: Epoch 1368: head: Default, loss=0.0009, RMSE_MU_per_atom=0.00 mDebye, RMSE_MU_DERIV=0.00 mDebye / A, RMSE_ALPHA_per_atom=    0.08, RMSE_ALPHA_DERIV=    6.52
2025-07-14 19:08:26.629 INFO: Epoch 1369: head: Default, loss=0.0009, RMSE_MU_per_atom=0.00 mDebye, RMSE_MU_DERIV=0.00 mDebye / A, RMSE_ALPHA_per_atom=    0.08, RMSE_ALPHA_DERIV=    6.52
2025-07-14 19:09:25.793 INFO: Epoch 1370: head: Default, loss=0.0009, RMSE_MU_per_atom=0.00 mDebye, RMSE_MU_DERIV=0.00 mDebye / A, RMSE_ALPHA_per_atom=    0.08, RMSE_ALPHA_DERIV=    6.52
2025-07-14 19:10:24.972 INFO: Epoch 1371: head: Default, loss=0.0009, RMSE_MU_per_atom=0.00 mDebye, RMSE_MU_DERIV=0.00 mDebye / A, RMSE_ALPHA_per_atom=    0.08, RMSE_ALPHA_DERIV=    6.52
2025-07-14 19:11:24.153 INFO: Epoch 1372: head: Default, loss=0.0009, RMSE_MU_per_atom=0.00 mDebye, RMSE_MU_DERIV=0.00 mDebye / A, RMSE_ALPHA_per_atom=    0.08, RMSE_ALPHA_DERIV=    6.52
2025-07-14 19:12:23.315 INFO: Epoch 1373: head: Default, loss=0.0009, RMSE_MU_per_atom=0.00 mDebye, RMSE_MU_DERIV=0.00 mDebye / A, RMSE_ALPHA_per_atom=    0.08, RMSE_ALPHA_DERIV=    6.52
2025-07-14 19:13:22.469 INFO: Epoch 1374: head: Default, loss=0.0009, RMSE_MU_per_atom=0.00 mDebye, RMSE_MU_DERIV=0.00 mDebye / A, RMSE_ALPHA_per_atom=    0.08, RMSE_ALPHA_DERIV=    6.52
2025-07-14 19:14:21.621 INFO: Epoch 1375: head: Default, loss=0.0009, RMSE_MU_per_atom=0.00 mDebye, RMSE_MU_DERIV=0.00 mDebye / A, RMSE_ALPHA_per_atom=    0.08, RMSE_ALPHA_DERIV=    6.52
2025-07-14 19:15:20.782 INFO: Epoch 1376: head: Default, loss=0.0009, RMSE_MU_per_atom=0.00 mDebye, RMSE_MU_DERIV=0.00 mDebye / A, RMSE_ALPHA_per_atom=    0.08, RMSE_ALPHA_DERIV=    6.51
2025-07-14 19:16:19.958 INFO: Epoch 1377: head: Default, loss=0.0009, RMSE_MU_per_atom=0.00 mDebye, RMSE_MU_DERIV=0.00 mDebye / A, RMSE_ALPHA_per_atom=    0.08, RMSE_ALPHA_DERIV=    6.52
2025-07-14 19:17:19.140 INFO: Epoch 1378: head: Default, loss=0.0009, RMSE_MU_per_atom=0.00 mDebye, RMSE_MU_DERIV=0.00 mDebye / A, RMSE_ALPHA_per_atom=    0.08, RMSE_ALPHA_DERIV=    6.52
2025-07-14 19:18:18.333 INFO: Epoch 1379: head: Default, loss=0.0009, RMSE_MU_per_atom=0.00 mDebye, RMSE_MU_DERIV=0.00 mDebye / A, RMSE_ALPHA_per_atom=    0.08, RMSE_ALPHA_DERIV=    6.52
2025-07-14 19:19:17.501 INFO: Epoch 1380: head: Default, loss=0.0009, RMSE_MU_per_atom=0.00 mDebye, RMSE_MU_DERIV=0.00 mDebye / A, RMSE_ALPHA_per_atom=    0.08, RMSE_ALPHA_DERIV=    6.52
2025-07-14 19:20:16.677 INFO: Epoch 1381: head: Default, loss=0.0009, RMSE_MU_per_atom=0.00 mDebye, RMSE_MU_DERIV=0.00 mDebye / A, RMSE_ALPHA_per_atom=    0.08, RMSE_ALPHA_DERIV=    6.51
2025-07-14 19:21:15.855 INFO: Epoch 1382: head: Default, loss=0.0009, RMSE_MU_per_atom=0.00 mDebye, RMSE_MU_DERIV=0.00 mDebye / A, RMSE_ALPHA_per_atom=    0.08, RMSE_ALPHA_DERIV=    6.52
2025-07-14 19:22:15.038 INFO: Epoch 1383: head: Default, loss=0.0009, RMSE_MU_per_atom=0.00 mDebye, RMSE_MU_DERIV=0.00 mDebye / A, RMSE_ALPHA_per_atom=    0.08, RMSE_ALPHA_DERIV=    6.52
2025-07-14 19:23:14.219 INFO: Epoch 1384: head: Default, loss=0.0009, RMSE_MU_per_atom=0.00 mDebye, RMSE_MU_DERIV=0.00 mDebye / A, RMSE_ALPHA_per_atom=    0.08, RMSE_ALPHA_DERIV=    6.52
2025-07-14 19:24:13.419 INFO: Epoch 1385: head: Default, loss=0.0009, RMSE_MU_per_atom=0.00 mDebye, RMSE_MU_DERIV=0.00 mDebye / A, RMSE_ALPHA_per_atom=    0.08, RMSE_ALPHA_DERIV=    6.52
2025-07-14 19:25:12.618 INFO: Epoch 1386: head: Default, loss=0.0009, RMSE_MU_per_atom=0.00 mDebye, RMSE_MU_DERIV=0.00 mDebye / A, RMSE_ALPHA_per_atom=    0.08, RMSE_ALPHA_DERIV=    6.52
2025-07-14 19:26:11.803 INFO: Epoch 1387: head: Default, loss=0.0009, RMSE_MU_per_atom=0.00 mDebye, RMSE_MU_DERIV=0.00 mDebye / A, RMSE_ALPHA_per_atom=    0.08, RMSE_ALPHA_DERIV=    6.52
2025-07-14 19:27:10.990 INFO: Epoch 1388: head: Default, loss=0.0009, RMSE_MU_per_atom=0.00 mDebye, RMSE_MU_DERIV=0.00 mDebye / A, RMSE_ALPHA_per_atom=    0.08, RMSE_ALPHA_DERIV=    6.52
2025-07-14 19:28:10.177 INFO: Epoch 1389: head: Default, loss=0.0009, RMSE_MU_per_atom=0.00 mDebye, RMSE_MU_DERIV=0.00 mDebye / A, RMSE_ALPHA_per_atom=    0.08, RMSE_ALPHA_DERIV=    6.52
2025-07-14 19:29:09.354 INFO: Epoch 1390: head: Default, loss=0.0009, RMSE_MU_per_atom=0.00 mDebye, RMSE_MU_DERIV=0.00 mDebye / A, RMSE_ALPHA_per_atom=    0.08, RMSE_ALPHA_DERIV=    6.52
2025-07-14 19:30:08.531 INFO: Epoch 1391: head: Default, loss=0.0009, RMSE_MU_per_atom=0.00 mDebye, RMSE_MU_DERIV=0.00 mDebye / A, RMSE_ALPHA_per_atom=    0.08, RMSE_ALPHA_DERIV=    6.52
2025-07-14 19:31:07.698 INFO: Epoch 1392: head: Default, loss=0.0009, RMSE_MU_per_atom=0.00 mDebye, RMSE_MU_DERIV=0.00 mDebye / A, RMSE_ALPHA_per_atom=    0.08, RMSE_ALPHA_DERIV=    6.52
2025-07-14 19:32:06.869 INFO: Epoch 1393: head: Default, loss=0.0009, RMSE_MU_per_atom=0.00 mDebye, RMSE_MU_DERIV=0.00 mDebye / A, RMSE_ALPHA_per_atom=    0.08, RMSE_ALPHA_DERIV=    6.52
2025-07-14 19:33:06.210 INFO: Epoch 1394: head: Default, loss=0.0009, RMSE_MU_per_atom=0.00 mDebye, RMSE_MU_DERIV=0.00 mDebye / A, RMSE_ALPHA_per_atom=    0.08, RMSE_ALPHA_DERIV=    6.52
2025-07-14 19:34:05.390 INFO: Epoch 1395: head: Default, loss=0.0009, RMSE_MU_per_atom=0.00 mDebye, RMSE_MU_DERIV=0.00 mDebye / A, RMSE_ALPHA_per_atom=    0.08, RMSE_ALPHA_DERIV=    6.52
2025-07-14 19:35:04.571 INFO: Epoch 1396: head: Default, loss=0.0009, RMSE_MU_per_atom=0.00 mDebye, RMSE_MU_DERIV=0.00 mDebye / A, RMSE_ALPHA_per_atom=    0.08, RMSE_ALPHA_DERIV=    6.52
2025-07-14 19:36:03.754 INFO: Epoch 1397: head: Default, loss=0.0009, RMSE_MU_per_atom=0.00 mDebye, RMSE_MU_DERIV=0.00 mDebye / A, RMSE_ALPHA_per_atom=    0.08, RMSE_ALPHA_DERIV=    6.52
2025-07-14 19:37:02.928 INFO: Epoch 1398: head: Default, loss=0.0009, RMSE_MU_per_atom=0.00 mDebye, RMSE_MU_DERIV=0.00 mDebye / A, RMSE_ALPHA_per_atom=    0.08, RMSE_ALPHA_DERIV=    6.52
2025-07-14 19:38:02.107 INFO: Epoch 1399: head: Default, loss=0.0009, RMSE_MU_per_atom=0.00 mDebye, RMSE_MU_DERIV=0.00 mDebye / A, RMSE_ALPHA_per_atom=    0.08, RMSE_ALPHA_DERIV=    6.51
2025-07-14 19:39:01.277 INFO: Epoch 1400: head: Default, loss=0.0009, RMSE_MU_per_atom=0.00 mDebye, RMSE_MU_DERIV=0.00 mDebye / A, RMSE_ALPHA_per_atom=    0.08, RMSE_ALPHA_DERIV=    6.52
2025-07-14 19:40:00.453 INFO: Epoch 1401: head: Default, loss=0.0009, RMSE_MU_per_atom=0.00 mDebye, RMSE_MU_DERIV=0.00 mDebye / A, RMSE_ALPHA_per_atom=    0.08, RMSE_ALPHA_DERIV=    6.52
2025-07-14 19:40:59.646 INFO: Epoch 1402: head: Default, loss=0.0009, RMSE_MU_per_atom=0.00 mDebye, RMSE_MU_DERIV=0.00 mDebye / A, RMSE_ALPHA_per_atom=    0.08, RMSE_ALPHA_DERIV=    6.52
2025-07-14 19:41:58.820 INFO: Epoch 1403: head: Default, loss=0.0009, RMSE_MU_per_atom=0.00 mDebye, RMSE_MU_DERIV=0.00 mDebye / A, RMSE_ALPHA_per_atom=    0.08, RMSE_ALPHA_DERIV=    6.52
2025-07-14 19:42:57.989 INFO: Epoch 1404: head: Default, loss=0.0009, RMSE_MU_per_atom=0.00 mDebye, RMSE_MU_DERIV=0.00 mDebye / A, RMSE_ALPHA_per_atom=    0.08, RMSE_ALPHA_DERIV=    6.52
2025-07-14 19:43:57.157 INFO: Epoch 1405: head: Default, loss=0.0009, RMSE_MU_per_atom=0.00 mDebye, RMSE_MU_DERIV=0.00 mDebye / A, RMSE_ALPHA_per_atom=    0.08, RMSE_ALPHA_DERIV=    6.52
2025-07-14 19:44:56.336 INFO: Epoch 1406: head: Default, loss=0.0009, RMSE_MU_per_atom=0.00 mDebye, RMSE_MU_DERIV=0.00 mDebye / A, RMSE_ALPHA_per_atom=    0.08, RMSE_ALPHA_DERIV=    6.52
2025-07-14 19:45:55.525 INFO: Epoch 1407: head: Default, loss=0.0009, RMSE_MU_per_atom=0.00 mDebye, RMSE_MU_DERIV=0.00 mDebye / A, RMSE_ALPHA_per_atom=    0.08, RMSE_ALPHA_DERIV=    6.52
2025-07-14 19:46:54.706 INFO: Epoch 1408: head: Default, loss=0.0009, RMSE_MU_per_atom=0.00 mDebye, RMSE_MU_DERIV=0.00 mDebye / A, RMSE_ALPHA_per_atom=    0.08, RMSE_ALPHA_DERIV=    6.52
2025-07-14 19:47:53.879 INFO: Epoch 1409: head: Default, loss=0.0009, RMSE_MU_per_atom=0.00 mDebye, RMSE_MU_DERIV=0.00 mDebye / A, RMSE_ALPHA_per_atom=    0.08, RMSE_ALPHA_DERIV=    6.52
2025-07-14 19:48:53.058 INFO: Epoch 1410: head: Default, loss=0.0009, RMSE_MU_per_atom=0.00 mDebye, RMSE_MU_DERIV=0.00 mDebye / A, RMSE_ALPHA_per_atom=    0.08, RMSE_ALPHA_DERIV=    6.52
2025-07-14 19:49:52.235 INFO: Epoch 1411: head: Default, loss=0.0009, RMSE_MU_per_atom=0.00 mDebye, RMSE_MU_DERIV=0.00 mDebye / A, RMSE_ALPHA_per_atom=    0.08, RMSE_ALPHA_DERIV=    6.52
2025-07-14 19:50:51.405 INFO: Epoch 1412: head: Default, loss=0.0009, RMSE_MU_per_atom=0.00 mDebye, RMSE_MU_DERIV=0.00 mDebye / A, RMSE_ALPHA_per_atom=    0.08, RMSE_ALPHA_DERIV=    6.52
2025-07-14 19:51:50.572 INFO: Epoch 1413: head: Default, loss=0.0009, RMSE_MU_per_atom=0.00 mDebye, RMSE_MU_DERIV=0.00 mDebye / A, RMSE_ALPHA_per_atom=    0.08, RMSE_ALPHA_DERIV=    6.52
2025-07-14 19:52:49.755 INFO: Epoch 1414: head: Default, loss=0.0009, RMSE_MU_per_atom=0.00 mDebye, RMSE_MU_DERIV=0.00 mDebye / A, RMSE_ALPHA_per_atom=    0.08, RMSE_ALPHA_DERIV=    6.52
2025-07-14 19:53:48.922 INFO: Epoch 1415: head: Default, loss=0.0009, RMSE_MU_per_atom=0.00 mDebye, RMSE_MU_DERIV=0.00 mDebye / A, RMSE_ALPHA_per_atom=    0.08, RMSE_ALPHA_DERIV=    6.52
2025-07-14 19:54:48.089 INFO: Epoch 1416: head: Default, loss=0.0009, RMSE_MU_per_atom=0.00 mDebye, RMSE_MU_DERIV=0.00 mDebye / A, RMSE_ALPHA_per_atom=    0.08, RMSE_ALPHA_DERIV=    6.52
2025-07-14 19:55:47.273 INFO: Epoch 1417: head: Default, loss=0.0009, RMSE_MU_per_atom=0.00 mDebye, RMSE_MU_DERIV=0.00 mDebye / A, RMSE_ALPHA_per_atom=    0.08, RMSE_ALPHA_DERIV=    6.52
2025-07-14 19:56:46.447 INFO: Epoch 1418: head: Default, loss=0.0009, RMSE_MU_per_atom=0.00 mDebye, RMSE_MU_DERIV=0.00 mDebye / A, RMSE_ALPHA_per_atom=    0.08, RMSE_ALPHA_DERIV=    6.52
2025-07-14 19:57:45.617 INFO: Epoch 1419: head: Default, loss=0.0009, RMSE_MU_per_atom=0.00 mDebye, RMSE_MU_DERIV=0.00 mDebye / A, RMSE_ALPHA_per_atom=    0.08, RMSE_ALPHA_DERIV=    6.52
2025-07-14 19:58:44.785 INFO: Epoch 1420: head: Default, loss=0.0009, RMSE_MU_per_atom=0.00 mDebye, RMSE_MU_DERIV=0.00 mDebye / A, RMSE_ALPHA_per_atom=    0.08, RMSE_ALPHA_DERIV=    6.52
2025-07-14 19:59:43.937 INFO: Epoch 1421: head: Default, loss=0.0009, RMSE_MU_per_atom=0.00 mDebye, RMSE_MU_DERIV=0.00 mDebye / A, RMSE_ALPHA_per_atom=    0.08, RMSE_ALPHA_DERIV=    6.52
2025-07-14 20:00:43.099 INFO: Epoch 1422: head: Default, loss=0.0009, RMSE_MU_per_atom=0.00 mDebye, RMSE_MU_DERIV=0.00 mDebye / A, RMSE_ALPHA_per_atom=    0.08, RMSE_ALPHA_DERIV=    6.52
2025-07-14 20:01:42.280 INFO: Epoch 1423: head: Default, loss=0.0009, RMSE_MU_per_atom=0.00 mDebye, RMSE_MU_DERIV=0.00 mDebye / A, RMSE_ALPHA_per_atom=    0.08, RMSE_ALPHA_DERIV=    6.52
2025-07-14 20:02:41.450 INFO: Epoch 1424: head: Default, loss=0.0009, RMSE_MU_per_atom=0.00 mDebye, RMSE_MU_DERIV=0.00 mDebye / A, RMSE_ALPHA_per_atom=    0.08, RMSE_ALPHA_DERIV=    6.52
2025-07-14 20:03:40.631 INFO: Epoch 1425: head: Default, loss=0.0009, RMSE_MU_per_atom=0.00 mDebye, RMSE_MU_DERIV=0.00 mDebye / A, RMSE_ALPHA_per_atom=    0.08, RMSE_ALPHA_DERIV=    6.52
2025-07-14 20:04:39.806 INFO: Epoch 1426: head: Default, loss=0.0009, RMSE_MU_per_atom=0.00 mDebye, RMSE_MU_DERIV=0.00 mDebye / A, RMSE_ALPHA_per_atom=    0.08, RMSE_ALPHA_DERIV=    6.52
2025-07-14 20:05:38.983 INFO: Epoch 1427: head: Default, loss=0.0009, RMSE_MU_per_atom=0.00 mDebye, RMSE_MU_DERIV=0.00 mDebye / A, RMSE_ALPHA_per_atom=    0.08, RMSE_ALPHA_DERIV=    6.52
2025-07-14 20:06:38.172 INFO: Epoch 1428: head: Default, loss=0.0009, RMSE_MU_per_atom=0.00 mDebye, RMSE_MU_DERIV=0.00 mDebye / A, RMSE_ALPHA_per_atom=    0.08, RMSE_ALPHA_DERIV=    6.52
2025-07-14 20:07:37.359 INFO: Epoch 1429: head: Default, loss=0.0009, RMSE_MU_per_atom=0.00 mDebye, RMSE_MU_DERIV=0.00 mDebye / A, RMSE_ALPHA_per_atom=    0.08, RMSE_ALPHA_DERIV=    6.52
2025-07-14 20:08:36.534 INFO: Epoch 1430: head: Default, loss=0.0009, RMSE_MU_per_atom=0.00 mDebye, RMSE_MU_DERIV=0.00 mDebye / A, RMSE_ALPHA_per_atom=    0.08, RMSE_ALPHA_DERIV=    6.52
2025-07-14 20:09:35.711 INFO: Epoch 1431: head: Default, loss=0.0009, RMSE_MU_per_atom=0.00 mDebye, RMSE_MU_DERIV=0.00 mDebye / A, RMSE_ALPHA_per_atom=    0.08, RMSE_ALPHA_DERIV=    6.52
2025-07-14 20:10:34.887 INFO: Epoch 1432: head: Default, loss=0.0009, RMSE_MU_per_atom=0.00 mDebye, RMSE_MU_DERIV=0.00 mDebye / A, RMSE_ALPHA_per_atom=    0.08, RMSE_ALPHA_DERIV=    6.52
2025-07-14 20:11:34.066 INFO: Epoch 1433: head: Default, loss=0.0009, RMSE_MU_per_atom=0.00 mDebye, RMSE_MU_DERIV=0.00 mDebye / A, RMSE_ALPHA_per_atom=    0.08, RMSE_ALPHA_DERIV=    6.52
2025-07-14 20:12:33.241 INFO: Epoch 1434: head: Default, loss=0.0009, RMSE_MU_per_atom=0.00 mDebye, RMSE_MU_DERIV=0.00 mDebye / A, RMSE_ALPHA_per_atom=    0.08, RMSE_ALPHA_DERIV=    6.52
2025-07-14 20:13:32.434 INFO: Epoch 1435: head: Default, loss=0.0009, RMSE_MU_per_atom=0.00 mDebye, RMSE_MU_DERIV=0.00 mDebye / A, RMSE_ALPHA_per_atom=    0.08, RMSE_ALPHA_DERIV=    6.52
2025-07-14 20:14:31.619 INFO: Epoch 1436: head: Default, loss=0.0009, RMSE_MU_per_atom=0.00 mDebye, RMSE_MU_DERIV=0.00 mDebye / A, RMSE_ALPHA_per_atom=    0.08, RMSE_ALPHA_DERIV=    6.52
2025-07-14 20:15:30.815 INFO: Epoch 1437: head: Default, loss=0.0009, RMSE_MU_per_atom=0.00 mDebye, RMSE_MU_DERIV=0.00 mDebye / A, RMSE_ALPHA_per_atom=    0.08, RMSE_ALPHA_DERIV=    6.52
2025-07-14 20:16:29.994 INFO: Epoch 1438: head: Default, loss=0.0009, RMSE_MU_per_atom=0.00 mDebye, RMSE_MU_DERIV=0.00 mDebye / A, RMSE_ALPHA_per_atom=    0.08, RMSE_ALPHA_DERIV=    6.52
2025-07-14 20:17:29.177 INFO: Epoch 1439: head: Default, loss=0.0009, RMSE_MU_per_atom=0.00 mDebye, RMSE_MU_DERIV=0.00 mDebye / A, RMSE_ALPHA_per_atom=    0.08, RMSE_ALPHA_DERIV=    6.52
2025-07-14 20:18:28.361 INFO: Epoch 1440: head: Default, loss=0.0009, RMSE_MU_per_atom=0.00 mDebye, RMSE_MU_DERIV=0.00 mDebye / A, RMSE_ALPHA_per_atom=    0.08, RMSE_ALPHA_DERIV=    6.52
2025-07-14 20:19:27.532 INFO: Epoch 1441: head: Default, loss=0.0009, RMSE_MU_per_atom=0.00 mDebye, RMSE_MU_DERIV=0.00 mDebye / A, RMSE_ALPHA_per_atom=    0.08, RMSE_ALPHA_DERIV=    6.52
2025-07-14 20:20:26.703 INFO: Epoch 1442: head: Default, loss=0.0009, RMSE_MU_per_atom=0.00 mDebye, RMSE_MU_DERIV=0.00 mDebye / A, RMSE_ALPHA_per_atom=    0.08, RMSE_ALPHA_DERIV=    6.52
2025-07-14 20:21:25.890 INFO: Epoch 1443: head: Default, loss=0.0009, RMSE_MU_per_atom=0.00 mDebye, RMSE_MU_DERIV=0.00 mDebye / A, RMSE_ALPHA_per_atom=    0.08, RMSE_ALPHA_DERIV=    6.52
2025-07-14 20:22:25.062 INFO: Epoch 1444: head: Default, loss=0.0009, RMSE_MU_per_atom=0.00 mDebye, RMSE_MU_DERIV=0.00 mDebye / A, RMSE_ALPHA_per_atom=    0.08, RMSE_ALPHA_DERIV=    6.52
2025-07-14 20:23:24.251 INFO: Epoch 1445: head: Default, loss=0.0009, RMSE_MU_per_atom=0.00 mDebye, RMSE_MU_DERIV=0.00 mDebye / A, RMSE_ALPHA_per_atom=    0.08, RMSE_ALPHA_DERIV=    6.52
2025-07-14 20:24:23.433 INFO: Epoch 1446: head: Default, loss=0.0009, RMSE_MU_per_atom=0.00 mDebye, RMSE_MU_DERIV=0.00 mDebye / A, RMSE_ALPHA_per_atom=    0.08, RMSE_ALPHA_DERIV=    6.52
2025-07-14 20:25:22.616 INFO: Epoch 1447: head: Default, loss=0.0009, RMSE_MU_per_atom=0.00 mDebye, RMSE_MU_DERIV=0.00 mDebye / A, RMSE_ALPHA_per_atom=    0.08, RMSE_ALPHA_DERIV=    6.52
2025-07-14 20:26:21.801 INFO: Epoch 1448: head: Default, loss=0.0009, RMSE_MU_per_atom=0.00 mDebye, RMSE_MU_DERIV=0.00 mDebye / A, RMSE_ALPHA_per_atom=    0.08, RMSE_ALPHA_DERIV=    6.52
2025-07-14 20:27:20.975 INFO: Epoch 1449: head: Default, loss=0.0009, RMSE_MU_per_atom=0.00 mDebye, RMSE_MU_DERIV=0.00 mDebye / A, RMSE_ALPHA_per_atom=    0.08, RMSE_ALPHA_DERIV=    6.52
2025-07-14 20:28:20.146 INFO: Epoch 1450: head: Default, loss=0.0009, RMSE_MU_per_atom=0.00 mDebye, RMSE_MU_DERIV=0.00 mDebye / A, RMSE_ALPHA_per_atom=    0.08, RMSE_ALPHA_DERIV=    6.52
2025-07-14 20:29:19.301 INFO: Epoch 1451: head: Default, loss=0.0009, RMSE_MU_per_atom=0.00 mDebye, RMSE_MU_DERIV=0.00 mDebye / A, RMSE_ALPHA_per_atom=    0.08, RMSE_ALPHA_DERIV=    6.52
2025-07-14 20:30:18.467 INFO: Epoch 1452: head: Default, loss=0.0009, RMSE_MU_per_atom=0.00 mDebye, RMSE_MU_DERIV=0.00 mDebye / A, RMSE_ALPHA_per_atom=    0.08, RMSE_ALPHA_DERIV=    6.51
2025-07-14 20:31:17.637 INFO: Epoch 1453: head: Default, loss=0.0009, RMSE_MU_per_atom=0.00 mDebye, RMSE_MU_DERIV=0.00 mDebye / A, RMSE_ALPHA_per_atom=    0.08, RMSE_ALPHA_DERIV=    6.52
2025-07-14 20:32:16.793 INFO: Epoch 1454: head: Default, loss=0.0009, RMSE_MU_per_atom=0.00 mDebye, RMSE_MU_DERIV=0.00 mDebye / A, RMSE_ALPHA_per_atom=    0.08, RMSE_ALPHA_DERIV=    6.52
2025-07-14 20:33:15.948 INFO: Epoch 1455: head: Default, loss=0.0009, RMSE_MU_per_atom=0.00 mDebye, RMSE_MU_DERIV=0.00 mDebye / A, RMSE_ALPHA_per_atom=    0.08, RMSE_ALPHA_DERIV=    6.52
2025-07-14 20:34:15.099 INFO: Epoch 1456: head: Default, loss=0.0009, RMSE_MU_per_atom=0.00 mDebye, RMSE_MU_DERIV=0.00 mDebye / A, RMSE_ALPHA_per_atom=    0.08, RMSE_ALPHA_DERIV=    6.52
2025-07-14 20:35:14.240 INFO: Epoch 1457: head: Default, loss=0.0009, RMSE_MU_per_atom=0.00 mDebye, RMSE_MU_DERIV=0.00 mDebye / A, RMSE_ALPHA_per_atom=    0.08, RMSE_ALPHA_DERIV=    6.52
2025-07-14 20:36:13.398 INFO: Epoch 1458: head: Default, loss=0.0009, RMSE_MU_per_atom=0.00 mDebye, RMSE_MU_DERIV=0.00 mDebye / A, RMSE_ALPHA_per_atom=    0.08, RMSE_ALPHA_DERIV=    6.52
2025-07-14 20:37:12.557 INFO: Epoch 1459: head: Default, loss=0.0009, RMSE_MU_per_atom=0.00 mDebye, RMSE_MU_DERIV=0.00 mDebye / A, RMSE_ALPHA_per_atom=    0.08, RMSE_ALPHA_DERIV=    6.52
2025-07-14 20:38:11.717 INFO: Epoch 1460: head: Default, loss=0.0009, RMSE_MU_per_atom=0.00 mDebye, RMSE_MU_DERIV=0.00 mDebye / A, RMSE_ALPHA_per_atom=    0.08, RMSE_ALPHA_DERIV=    6.52
2025-07-14 20:39:10.862 INFO: Epoch 1461: head: Default, loss=0.0009, RMSE_MU_per_atom=0.00 mDebye, RMSE_MU_DERIV=0.00 mDebye / A, RMSE_ALPHA_per_atom=    0.08, RMSE_ALPHA_DERIV=    6.52
2025-07-14 20:40:10.005 INFO: Epoch 1462: head: Default, loss=0.0009, RMSE_MU_per_atom=0.00 mDebye, RMSE_MU_DERIV=0.00 mDebye / A, RMSE_ALPHA_per_atom=    0.08, RMSE_ALPHA_DERIV=    6.52
2025-07-14 20:41:09.154 INFO: Epoch 1463: head: Default, loss=0.0009, RMSE_MU_per_atom=0.00 mDebye, RMSE_MU_DERIV=0.00 mDebye / A, RMSE_ALPHA_per_atom=    0.08, RMSE_ALPHA_DERIV=    6.52
2025-07-14 20:42:08.332 INFO: Epoch 1464: head: Default, loss=0.0009, RMSE_MU_per_atom=0.00 mDebye, RMSE_MU_DERIV=0.00 mDebye / A, RMSE_ALPHA_per_atom=    0.08, RMSE_ALPHA_DERIV=    6.52
2025-07-14 20:43:07.496 INFO: Epoch 1465: head: Default, loss=0.0009, RMSE_MU_per_atom=0.00 mDebye, RMSE_MU_DERIV=0.00 mDebye / A, RMSE_ALPHA_per_atom=    0.08, RMSE_ALPHA_DERIV=    6.52
2025-07-14 20:44:06.662 INFO: Epoch 1466: head: Default, loss=0.0009, RMSE_MU_per_atom=0.00 mDebye, RMSE_MU_DERIV=0.00 mDebye / A, RMSE_ALPHA_per_atom=    0.08, RMSE_ALPHA_DERIV=    6.52
2025-07-14 20:45:05.826 INFO: Epoch 1467: head: Default, loss=0.0009, RMSE_MU_per_atom=0.00 mDebye, RMSE_MU_DERIV=0.00 mDebye / A, RMSE_ALPHA_per_atom=    0.08, RMSE_ALPHA_DERIV=    6.52
2025-07-14 20:46:04.991 INFO: Epoch 1468: head: Default, loss=0.0009, RMSE_MU_per_atom=0.00 mDebye, RMSE_MU_DERIV=0.00 mDebye / A, RMSE_ALPHA_per_atom=    0.08, RMSE_ALPHA_DERIV=    6.52
2025-07-14 20:47:04.163 INFO: Epoch 1469: head: Default, loss=0.0009, RMSE_MU_per_atom=0.00 mDebye, RMSE_MU_DERIV=0.00 mDebye / A, RMSE_ALPHA_per_atom=    0.08, RMSE_ALPHA_DERIV=    6.52
2025-07-14 20:48:03.316 INFO: Epoch 1470: head: Default, loss=0.0009, RMSE_MU_per_atom=0.00 mDebye, RMSE_MU_DERIV=0.00 mDebye / A, RMSE_ALPHA_per_atom=    0.08, RMSE_ALPHA_DERIV=    6.52
2025-07-14 20:49:02.471 INFO: Epoch 1471: head: Default, loss=0.0009, RMSE_MU_per_atom=0.00 mDebye, RMSE_MU_DERIV=0.00 mDebye / A, RMSE_ALPHA_per_atom=    0.08, RMSE_ALPHA_DERIV=    6.52
2025-07-14 20:50:01.642 INFO: Epoch 1472: head: Default, loss=0.0009, RMSE_MU_per_atom=0.00 mDebye, RMSE_MU_DERIV=0.00 mDebye / A, RMSE_ALPHA_per_atom=    0.08, RMSE_ALPHA_DERIV=    6.52
2025-07-14 20:51:00.799 INFO: Epoch 1473: head: Default, loss=0.0009, RMSE_MU_per_atom=0.00 mDebye, RMSE_MU_DERIV=0.00 mDebye / A, RMSE_ALPHA_per_atom=    0.08, RMSE_ALPHA_DERIV=    6.52
2025-07-14 20:51:59.963 INFO: Epoch 1474: head: Default, loss=0.0009, RMSE_MU_per_atom=0.00 mDebye, RMSE_MU_DERIV=0.00 mDebye / A, RMSE_ALPHA_per_atom=    0.08, RMSE_ALPHA_DERIV=    6.52
2025-07-14 20:52:59.133 INFO: Epoch 1475: head: Default, loss=0.0009, RMSE_MU_per_atom=0.00 mDebye, RMSE_MU_DERIV=0.00 mDebye / A, RMSE_ALPHA_per_atom=    0.08, RMSE_ALPHA_DERIV=    6.52
2025-07-14 20:53:58.300 INFO: Epoch 1476: head: Default, loss=0.0009, RMSE_MU_per_atom=0.00 mDebye, RMSE_MU_DERIV=0.00 mDebye / A, RMSE_ALPHA_per_atom=    0.08, RMSE_ALPHA_DERIV=    6.52
2025-07-14 20:54:57.465 INFO: Epoch 1477: head: Default, loss=0.0009, RMSE_MU_per_atom=0.00 mDebye, RMSE_MU_DERIV=0.00 mDebye / A, RMSE_ALPHA_per_atom=    0.08, RMSE_ALPHA_DERIV=    6.52
2025-07-14 20:55:56.634 INFO: Epoch 1478: head: Default, loss=0.0009, RMSE_MU_per_atom=0.00 mDebye, RMSE_MU_DERIV=0.00 mDebye / A, RMSE_ALPHA_per_atom=    0.08, RMSE_ALPHA_DERIV=    6.52
2025-07-14 20:56:55.809 INFO: Epoch 1479: head: Default, loss=0.0009, RMSE_MU_per_atom=0.00 mDebye, RMSE_MU_DERIV=0.00 mDebye / A, RMSE_ALPHA_per_atom=    0.08, RMSE_ALPHA_DERIV=    6.52
2025-07-14 20:57:54.967 INFO: Epoch 1480: head: Default, loss=0.0009, RMSE_MU_per_atom=0.00 mDebye, RMSE_MU_DERIV=0.00 mDebye / A, RMSE_ALPHA_per_atom=    0.08, RMSE_ALPHA_DERIV=    6.52
2025-07-14 20:58:54.139 INFO: Epoch 1481: head: Default, loss=0.0009, RMSE_MU_per_atom=0.00 mDebye, RMSE_MU_DERIV=0.00 mDebye / A, RMSE_ALPHA_per_atom=    0.08, RMSE_ALPHA_DERIV=    6.52
2025-07-14 20:59:53.305 INFO: Epoch 1482: head: Default, loss=0.0009, RMSE_MU_per_atom=0.00 mDebye, RMSE_MU_DERIV=0.00 mDebye / A, RMSE_ALPHA_per_atom=    0.08, RMSE_ALPHA_DERIV=    6.52
2025-07-14 21:00:52.468 INFO: Epoch 1483: head: Default, loss=0.0009, RMSE_MU_per_atom=0.00 mDebye, RMSE_MU_DERIV=0.00 mDebye / A, RMSE_ALPHA_per_atom=    0.08, RMSE_ALPHA_DERIV=    6.52
2025-07-14 21:01:51.643 INFO: Epoch 1484: head: Default, loss=0.0009, RMSE_MU_per_atom=0.00 mDebye, RMSE_MU_DERIV=0.00 mDebye / A, RMSE_ALPHA_per_atom=    0.08, RMSE_ALPHA_DERIV=    6.52
2025-07-14 21:02:50.808 INFO: Epoch 1485: head: Default, loss=0.0009, RMSE_MU_per_atom=0.00 mDebye, RMSE_MU_DERIV=0.00 mDebye / A, RMSE_ALPHA_per_atom=    0.08, RMSE_ALPHA_DERIV=    6.52
2025-07-14 21:03:49.997 INFO: Epoch 1486: head: Default, loss=0.0009, RMSE_MU_per_atom=0.00 mDebye, RMSE_MU_DERIV=0.00 mDebye / A, RMSE_ALPHA_per_atom=    0.08, RMSE_ALPHA_DERIV=    6.52
2025-07-14 21:04:49.177 INFO: Epoch 1487: head: Default, loss=0.0009, RMSE_MU_per_atom=0.00 mDebye, RMSE_MU_DERIV=0.00 mDebye / A, RMSE_ALPHA_per_atom=    0.08, RMSE_ALPHA_DERIV=    6.52
2025-07-14 21:05:48.365 INFO: Epoch 1488: head: Default, loss=0.0009, RMSE_MU_per_atom=0.00 mDebye, RMSE_MU_DERIV=0.00 mDebye / A, RMSE_ALPHA_per_atom=    0.08, RMSE_ALPHA_DERIV=    6.51
2025-07-14 21:06:47.546 INFO: Epoch 1489: head: Default, loss=0.0009, RMSE_MU_per_atom=0.00 mDebye, RMSE_MU_DERIV=0.00 mDebye / A, RMSE_ALPHA_per_atom=    0.08, RMSE_ALPHA_DERIV=    6.51
2025-07-14 21:07:46.726 INFO: Epoch 1490: head: Default, loss=0.0009, RMSE_MU_per_atom=0.00 mDebye, RMSE_MU_DERIV=0.00 mDebye / A, RMSE_ALPHA_per_atom=    0.08, RMSE_ALPHA_DERIV=    6.52
2025-07-14 21:08:45.929 INFO: Epoch 1491: head: Default, loss=0.0009, RMSE_MU_per_atom=0.00 mDebye, RMSE_MU_DERIV=0.00 mDebye / A, RMSE_ALPHA_per_atom=    0.08, RMSE_ALPHA_DERIV=    6.52
2025-07-14 21:09:45.129 INFO: Epoch 1492: head: Default, loss=0.0009, RMSE_MU_per_atom=0.00 mDebye, RMSE_MU_DERIV=0.00 mDebye / A, RMSE_ALPHA_per_atom=    0.08, RMSE_ALPHA_DERIV=    6.51
2025-07-14 21:10:44.317 INFO: Epoch 1493: head: Default, loss=0.0009, RMSE_MU_per_atom=0.00 mDebye, RMSE_MU_DERIV=0.00 mDebye / A, RMSE_ALPHA_per_atom=    0.08, RMSE_ALPHA_DERIV=    6.52
2025-07-14 21:11:43.488 INFO: Epoch 1494: head: Default, loss=0.0009, RMSE_MU_per_atom=0.00 mDebye, RMSE_MU_DERIV=0.00 mDebye / A, RMSE_ALPHA_per_atom=    0.08, RMSE_ALPHA_DERIV=    6.52
2025-07-14 21:12:42.659 INFO: Epoch 1495: head: Default, loss=0.0009, RMSE_MU_per_atom=0.00 mDebye, RMSE_MU_DERIV=0.00 mDebye / A, RMSE_ALPHA_per_atom=    0.08, RMSE_ALPHA_DERIV=    6.51
2025-07-14 21:13:41.835 INFO: Epoch 1496: head: Default, loss=0.0009, RMSE_MU_per_atom=0.00 mDebye, RMSE_MU_DERIV=0.00 mDebye / A, RMSE_ALPHA_per_atom=    0.08, RMSE_ALPHA_DERIV=    6.52
2025-07-14 21:14:41.008 INFO: Epoch 1497: head: Default, loss=0.0009, RMSE_MU_per_atom=0.00 mDebye, RMSE_MU_DERIV=0.00 mDebye / A, RMSE_ALPHA_per_atom=    0.08, RMSE_ALPHA_DERIV=    6.51
2025-07-14 21:15:40.185 INFO: Epoch 1498: head: Default, loss=0.0009, RMSE_MU_per_atom=0.00 mDebye, RMSE_MU_DERIV=0.00 mDebye / A, RMSE_ALPHA_per_atom=    0.08, RMSE_ALPHA_DERIV=    6.51
2025-07-14 21:16:39.371 INFO: Epoch 1499: head: Default, loss=0.0009, RMSE_MU_per_atom=0.00 mDebye, RMSE_MU_DERIV=0.00 mDebye / A, RMSE_ALPHA_per_atom=    0.08, RMSE_ALPHA_DERIV=    6.52
2025-07-14 21:17:38.561 INFO: Epoch 1500: head: Default, loss=0.0009, RMSE_MU_per_atom=0.00 mDebye, RMSE_MU_DERIV=0.00 mDebye / A, RMSE_ALPHA_per_atom=    0.08, RMSE_ALPHA_DERIV=    6.51
2025-07-14 21:18:37.745 INFO: Epoch 1501: head: Default, loss=0.0009, RMSE_MU_per_atom=0.00 mDebye, RMSE_MU_DERIV=0.00 mDebye / A, RMSE_ALPHA_per_atom=    0.08, RMSE_ALPHA_DERIV=    6.52
2025-07-14 21:19:36.935 INFO: Epoch 1502: head: Default, loss=0.0009, RMSE_MU_per_atom=0.00 mDebye, RMSE_MU_DERIV=0.00 mDebye / A, RMSE_ALPHA_per_atom=    0.08, RMSE_ALPHA_DERIV=    6.52
2025-07-14 21:20:36.115 INFO: Epoch 1503: head: Default, loss=0.0009, RMSE_MU_per_atom=0.00 mDebye, RMSE_MU_DERIV=0.00 mDebye / A, RMSE_ALPHA_per_atom=    0.08, RMSE_ALPHA_DERIV=    6.51
2025-07-14 21:21:35.307 INFO: Epoch 1504: head: Default, loss=0.0009, RMSE_MU_per_atom=0.00 mDebye, RMSE_MU_DERIV=0.00 mDebye / A, RMSE_ALPHA_per_atom=    0.08, RMSE_ALPHA_DERIV=    6.52
2025-07-14 21:22:34.479 INFO: Epoch 1505: head: Default, loss=0.0009, RMSE_MU_per_atom=0.00 mDebye, RMSE_MU_DERIV=0.00 mDebye / A, RMSE_ALPHA_per_atom=    0.08, RMSE_ALPHA_DERIV=    6.51
2025-07-14 21:23:33.644 INFO: Epoch 1506: head: Default, loss=0.0009, RMSE_MU_per_atom=0.00 mDebye, RMSE_MU_DERIV=0.00 mDebye / A, RMSE_ALPHA_per_atom=    0.08, RMSE_ALPHA_DERIV=    6.52
2025-07-14 21:24:32.813 INFO: Epoch 1507: head: Default, loss=0.0009, RMSE_MU_per_atom=0.00 mDebye, RMSE_MU_DERIV=0.00 mDebye / A, RMSE_ALPHA_per_atom=    0.08, RMSE_ALPHA_DERIV=    6.51
2025-07-14 21:25:31.993 INFO: Epoch 1508: head: Default, loss=0.0009, RMSE_MU_per_atom=0.00 mDebye, RMSE_MU_DERIV=0.00 mDebye / A, RMSE_ALPHA_per_atom=    0.08, RMSE_ALPHA_DERIV=    6.52
2025-07-14 21:26:31.172 INFO: Epoch 1509: head: Default, loss=0.0009, RMSE_MU_per_atom=0.00 mDebye, RMSE_MU_DERIV=0.00 mDebye / A, RMSE_ALPHA_per_atom=    0.08, RMSE_ALPHA_DERIV=    6.51
2025-07-14 21:27:30.360 INFO: Epoch 1510: head: Default, loss=0.0009, RMSE_MU_per_atom=0.00 mDebye, RMSE_MU_DERIV=0.00 mDebye / A, RMSE_ALPHA_per_atom=    0.08, RMSE_ALPHA_DERIV=    6.51
2025-07-14 21:28:29.537 INFO: Epoch 1511: head: Default, loss=0.0009, RMSE_MU_per_atom=0.00 mDebye, RMSE_MU_DERIV=0.00 mDebye / A, RMSE_ALPHA_per_atom=    0.08, RMSE_ALPHA_DERIV=    6.52
2025-07-14 21:29:28.737 INFO: Epoch 1512: head: Default, loss=0.0009, RMSE_MU_per_atom=0.00 mDebye, RMSE_MU_DERIV=0.00 mDebye / A, RMSE_ALPHA_per_atom=    0.08, RMSE_ALPHA_DERIV=    6.51
2025-07-14 21:30:27.920 INFO: Epoch 1513: head: Default, loss=0.0009, RMSE_MU_per_atom=0.00 mDebye, RMSE_MU_DERIV=0.00 mDebye / A, RMSE_ALPHA_per_atom=    0.08, RMSE_ALPHA_DERIV=    6.51
2025-07-14 21:31:27.095 INFO: Epoch 1514: head: Default, loss=0.0009, RMSE_MU_per_atom=0.00 mDebye, RMSE_MU_DERIV=0.00 mDebye / A, RMSE_ALPHA_per_atom=    0.08, RMSE_ALPHA_DERIV=    6.51
2025-07-14 21:32:26.276 INFO: Epoch 1515: head: Default, loss=0.0009, RMSE_MU_per_atom=0.00 mDebye, RMSE_MU_DERIV=0.00 mDebye / A, RMSE_ALPHA_per_atom=    0.08, RMSE_ALPHA_DERIV=    6.52
2025-07-14 21:33:25.463 INFO: Epoch 1516: head: Default, loss=0.0009, RMSE_MU_per_atom=0.00 mDebye, RMSE_MU_DERIV=0.00 mDebye / A, RMSE_ALPHA_per_atom=    0.08, RMSE_ALPHA_DERIV=    6.52
2025-07-14 21:34:24.638 INFO: Epoch 1517: head: Default, loss=0.0009, RMSE_MU_per_atom=0.00 mDebye, RMSE_MU_DERIV=0.00 mDebye / A, RMSE_ALPHA_per_atom=    0.08, RMSE_ALPHA_DERIV=    6.52
2025-07-14 21:35:23.841 INFO: Epoch 1518: head: Default, loss=0.0009, RMSE_MU_per_atom=0.00 mDebye, RMSE_MU_DERIV=0.00 mDebye / A, RMSE_ALPHA_per_atom=    0.08, RMSE_ALPHA_DERIV=    6.52
2025-07-14 21:36:23.037 INFO: Epoch 1519: head: Default, loss=0.0009, RMSE_MU_per_atom=0.00 mDebye, RMSE_MU_DERIV=0.00 mDebye / A, RMSE_ALPHA_per_atom=    0.08, RMSE_ALPHA_DERIV=    6.52
2025-07-14 21:37:22.228 INFO: Epoch 1520: head: Default, loss=0.0009, RMSE_MU_per_atom=0.00 mDebye, RMSE_MU_DERIV=0.00 mDebye / A, RMSE_ALPHA_per_atom=    0.08, RMSE_ALPHA_DERIV=    6.52
2025-07-14 21:38:21.420 INFO: Epoch 1521: head: Default, loss=0.0009, RMSE_MU_per_atom=0.00 mDebye, RMSE_MU_DERIV=0.00 mDebye / A, RMSE_ALPHA_per_atom=    0.08, RMSE_ALPHA_DERIV=    6.52
2025-07-14 21:39:20.611 INFO: Epoch 1522: head: Default, loss=0.0009, RMSE_MU_per_atom=0.00 mDebye, RMSE_MU_DERIV=0.00 mDebye / A, RMSE_ALPHA_per_atom=    0.08, RMSE_ALPHA_DERIV=    6.51
2025-07-14 21:40:19.797 INFO: Epoch 1523: head: Default, loss=0.0009, RMSE_MU_per_atom=0.00 mDebye, RMSE_MU_DERIV=0.00 mDebye / A, RMSE_ALPHA_per_atom=    0.08, RMSE_ALPHA_DERIV=    6.52
2025-07-14 21:41:18.976 INFO: Epoch 1524: head: Default, loss=0.0009, RMSE_MU_per_atom=0.00 mDebye, RMSE_MU_DERIV=0.00 mDebye / A, RMSE_ALPHA_per_atom=    0.08, RMSE_ALPHA_DERIV=    6.52
2025-07-14 21:42:18.159 INFO: Epoch 1525: head: Default, loss=0.0009, RMSE_MU_per_atom=0.00 mDebye, RMSE_MU_DERIV=0.00 mDebye / A, RMSE_ALPHA_per_atom=    0.08, RMSE_ALPHA_DERIV=    6.51
2025-07-14 21:43:17.339 INFO: Epoch 1526: head: Default, loss=0.0009, RMSE_MU_per_atom=0.00 mDebye, RMSE_MU_DERIV=0.00 mDebye / A, RMSE_ALPHA_per_atom=    0.08, RMSE_ALPHA_DERIV=    6.51
2025-07-14 21:44:16.511 INFO: Epoch 1527: head: Default, loss=0.0009, RMSE_MU_per_atom=0.00 mDebye, RMSE_MU_DERIV=0.00 mDebye / A, RMSE_ALPHA_per_atom=    0.08, RMSE_ALPHA_DERIV=    6.52
2025-07-14 21:45:15.693 INFO: Epoch 1528: head: Default, loss=0.0009, RMSE_MU_per_atom=0.00 mDebye, RMSE_MU_DERIV=0.00 mDebye / A, RMSE_ALPHA_per_atom=    0.08, RMSE_ALPHA_DERIV=    6.52
2025-07-14 21:46:14.867 INFO: Epoch 1529: head: Default, loss=0.0009, RMSE_MU_per_atom=0.00 mDebye, RMSE_MU_DERIV=0.00 mDebye / A, RMSE_ALPHA_per_atom=    0.08, RMSE_ALPHA_DERIV=    6.52
2025-07-14 21:47:14.036 INFO: Epoch 1530: head: Default, loss=0.0009, RMSE_MU_per_atom=0.00 mDebye, RMSE_MU_DERIV=0.00 mDebye / A, RMSE_ALPHA_per_atom=    0.08, RMSE_ALPHA_DERIV=    6.52
2025-07-14 21:48:13.195 INFO: Epoch 1531: head: Default, loss=0.0009, RMSE_MU_per_atom=0.00 mDebye, RMSE_MU_DERIV=0.00 mDebye / A, RMSE_ALPHA_per_atom=    0.08, RMSE_ALPHA_DERIV=    6.52
2025-07-14 21:49:12.350 INFO: Epoch 1532: head: Default, loss=0.0009, RMSE_MU_per_atom=0.00 mDebye, RMSE_MU_DERIV=0.00 mDebye / A, RMSE_ALPHA_per_atom=    0.08, RMSE_ALPHA_DERIV=    6.52
2025-07-14 21:50:11.498 INFO: Epoch 1533: head: Default, loss=0.0009, RMSE_MU_per_atom=0.00 mDebye, RMSE_MU_DERIV=0.00 mDebye / A, RMSE_ALPHA_per_atom=    0.08, RMSE_ALPHA_DERIV=    6.52
2025-07-14 21:51:10.657 INFO: Epoch 1534: head: Default, loss=0.0009, RMSE_MU_per_atom=0.00 mDebye, RMSE_MU_DERIV=0.00 mDebye / A, RMSE_ALPHA_per_atom=    0.08, RMSE_ALPHA_DERIV=    6.51
2025-07-14 21:52:09.817 INFO: Epoch 1535: head: Default, loss=0.0009, RMSE_MU_per_atom=0.00 mDebye, RMSE_MU_DERIV=0.00 mDebye / A, RMSE_ALPHA_per_atom=    0.08, RMSE_ALPHA_DERIV=    6.52
2025-07-14 21:53:09.002 INFO: Epoch 1536: head: Default, loss=0.0009, RMSE_MU_per_atom=0.00 mDebye, RMSE_MU_DERIV=0.00 mDebye / A, RMSE_ALPHA_per_atom=    0.08, RMSE_ALPHA_DERIV=    6.51
2025-07-14 21:54:08.176 INFO: Epoch 1537: head: Default, loss=0.0009, RMSE_MU_per_atom=0.00 mDebye, RMSE_MU_DERIV=0.00 mDebye / A, RMSE_ALPHA_per_atom=    0.08, RMSE_ALPHA_DERIV=    6.51
2025-07-14 21:55:07.343 INFO: Epoch 1538: head: Default, loss=0.0009, RMSE_MU_per_atom=0.00 mDebye, RMSE_MU_DERIV=0.00 mDebye / A, RMSE_ALPHA_per_atom=    0.08, RMSE_ALPHA_DERIV=    6.52
2025-07-14 21:56:06.506 INFO: Epoch 1539: head: Default, loss=0.0009, RMSE_MU_per_atom=0.00 mDebye, RMSE_MU_DERIV=0.00 mDebye / A, RMSE_ALPHA_per_atom=    0.08, RMSE_ALPHA_DERIV=    6.52
2025-07-14 21:57:05.670 INFO: Epoch 1540: head: Default, loss=0.0009, RMSE_MU_per_atom=0.00 mDebye, RMSE_MU_DERIV=0.00 mDebye / A, RMSE_ALPHA_per_atom=    0.08, RMSE_ALPHA_DERIV=    6.52
2025-07-14 21:58:04.837 INFO: Epoch 1541: head: Default, loss=0.0009, RMSE_MU_per_atom=0.00 mDebye, RMSE_MU_DERIV=0.00 mDebye / A, RMSE_ALPHA_per_atom=    0.08, RMSE_ALPHA_DERIV=    6.52
2025-07-14 21:59:03.998 INFO: Epoch 1542: head: Default, loss=0.0009, RMSE_MU_per_atom=0.00 mDebye, RMSE_MU_DERIV=0.00 mDebye / A, RMSE_ALPHA_per_atom=    0.08, RMSE_ALPHA_DERIV=    6.52
2025-07-14 22:00:03.162 INFO: Epoch 1543: head: Default, loss=0.0009, RMSE_MU_per_atom=0.00 mDebye, RMSE_MU_DERIV=0.00 mDebye / A, RMSE_ALPHA_per_atom=    0.08, RMSE_ALPHA_DERIV=    6.52
2025-07-14 22:01:02.343 INFO: Epoch 1544: head: Default, loss=0.0009, RMSE_MU_per_atom=0.00 mDebye, RMSE_MU_DERIV=0.00 mDebye / A, RMSE_ALPHA_per_atom=    0.08, RMSE_ALPHA_DERIV=    6.52
2025-07-14 22:02:01.533 INFO: Epoch 1545: head: Default, loss=0.0009, RMSE_MU_per_atom=0.00 mDebye, RMSE_MU_DERIV=0.00 mDebye / A, RMSE_ALPHA_per_atom=    0.08, RMSE_ALPHA_DERIV=    6.52
2025-07-14 22:03:00.726 INFO: Epoch 1546: head: Default, loss=0.0009, RMSE_MU_per_atom=0.00 mDebye, RMSE_MU_DERIV=0.00 mDebye / A, RMSE_ALPHA_per_atom=    0.08, RMSE_ALPHA_DERIV=    6.52
2025-07-14 22:03:59.924 INFO: Epoch 1547: head: Default, loss=0.0009, RMSE_MU_per_atom=0.00 mDebye, RMSE_MU_DERIV=0.00 mDebye / A, RMSE_ALPHA_per_atom=    0.08, RMSE_ALPHA_DERIV=    6.52
2025-07-14 22:04:59.122 INFO: Epoch 1548: head: Default, loss=0.0009, RMSE_MU_per_atom=0.00 mDebye, RMSE_MU_DERIV=0.00 mDebye / A, RMSE_ALPHA_per_atom=    0.08, RMSE_ALPHA_DERIV=    6.52
2025-07-14 22:05:58.330 INFO: Epoch 1549: head: Default, loss=0.0009, RMSE_MU_per_atom=0.00 mDebye, RMSE_MU_DERIV=0.00 mDebye / A, RMSE_ALPHA_per_atom=    0.08, RMSE_ALPHA_DERIV=    6.51
2025-07-14 22:06:57.520 INFO: Epoch 1550: head: Default, loss=0.0009, RMSE_MU_per_atom=0.00 mDebye, RMSE_MU_DERIV=0.00 mDebye / A, RMSE_ALPHA_per_atom=    0.08, RMSE_ALPHA_DERIV=    6.51
2025-07-14 22:07:57.097 INFO: Epoch 1551: head: Default, loss=0.0009, RMSE_MU_per_atom=0.00 mDebye, RMSE_MU_DERIV=0.00 mDebye / A, RMSE_ALPHA_per_atom=    0.08, RMSE_ALPHA_DERIV=    6.51
2025-07-14 22:08:56.282 INFO: Epoch 1552: head: Default, loss=0.0009, RMSE_MU_per_atom=0.00 mDebye, RMSE_MU_DERIV=0.00 mDebye / A, RMSE_ALPHA_per_atom=    0.08, RMSE_ALPHA_DERIV=    6.52
2025-07-14 22:09:55.442 INFO: Epoch 1553: head: Default, loss=0.0009, RMSE_MU_per_atom=0.00 mDebye, RMSE_MU_DERIV=0.00 mDebye / A, RMSE_ALPHA_per_atom=    0.08, RMSE_ALPHA_DERIV=    6.52
2025-07-14 22:10:54.616 INFO: Epoch 1554: head: Default, loss=0.0009, RMSE_MU_per_atom=0.00 mDebye, RMSE_MU_DERIV=0.00 mDebye / A, RMSE_ALPHA_per_atom=    0.08, RMSE_ALPHA_DERIV=    6.52
2025-07-14 22:11:53.784 INFO: Epoch 1555: head: Default, loss=0.0009, RMSE_MU_per_atom=0.00 mDebye, RMSE_MU_DERIV=0.00 mDebye / A, RMSE_ALPHA_per_atom=    0.08, RMSE_ALPHA_DERIV=    6.51
2025-07-14 22:12:52.974 INFO: Epoch 1556: head: Default, loss=0.0009, RMSE_MU_per_atom=0.00 mDebye, RMSE_MU_DERIV=0.00 mDebye / A, RMSE_ALPHA_per_atom=    0.08, RMSE_ALPHA_DERIV=    6.52
2025-07-14 22:13:52.164 INFO: Epoch 1557: head: Default, loss=0.0009, RMSE_MU_per_atom=0.00 mDebye, RMSE_MU_DERIV=0.00 mDebye / A, RMSE_ALPHA_per_atom=    0.08, RMSE_ALPHA_DERIV=    6.52
2025-07-14 22:14:51.337 INFO: Epoch 1558: head: Default, loss=0.0009, RMSE_MU_per_atom=0.00 mDebye, RMSE_MU_DERIV=0.00 mDebye / A, RMSE_ALPHA_per_atom=    0.08, RMSE_ALPHA_DERIV=    6.52
2025-07-14 22:15:50.510 INFO: Epoch 1559: head: Default, loss=0.0009, RMSE_MU_per_atom=0.00 mDebye, RMSE_MU_DERIV=0.00 mDebye / A, RMSE_ALPHA_per_atom=    0.08, RMSE_ALPHA_DERIV=    6.51
2025-07-14 22:16:49.673 INFO: Epoch 1560: head: Default, loss=0.0009, RMSE_MU_per_atom=0.00 mDebye, RMSE_MU_DERIV=0.00 mDebye / A, RMSE_ALPHA_per_atom=    0.08, RMSE_ALPHA_DERIV=    6.51
2025-07-14 22:17:48.849 INFO: Epoch 1561: head: Default, loss=0.0009, RMSE_MU_per_atom=0.00 mDebye, RMSE_MU_DERIV=0.00 mDebye / A, RMSE_ALPHA_per_atom=    0.08, RMSE_ALPHA_DERIV=    6.51
2025-07-14 22:18:48.021 INFO: Epoch 1562: head: Default, loss=0.0009, RMSE_MU_per_atom=0.00 mDebye, RMSE_MU_DERIV=0.00 mDebye / A, RMSE_ALPHA_per_atom=    0.08, RMSE_ALPHA_DERIV=    6.51
2025-07-14 22:19:47.192 INFO: Epoch 1563: head: Default, loss=0.0009, RMSE_MU_per_atom=0.00 mDebye, RMSE_MU_DERIV=0.00 mDebye / A, RMSE_ALPHA_per_atom=    0.08, RMSE_ALPHA_DERIV=    6.51
2025-07-14 22:20:46.365 INFO: Epoch 1564: head: Default, loss=0.0009, RMSE_MU_per_atom=0.00 mDebye, RMSE_MU_DERIV=0.00 mDebye / A, RMSE_ALPHA_per_atom=    0.08, RMSE_ALPHA_DERIV=    6.51
2025-07-14 22:21:45.540 INFO: Epoch 1565: head: Default, loss=0.0009, RMSE_MU_per_atom=0.00 mDebye, RMSE_MU_DERIV=0.00 mDebye / A, RMSE_ALPHA_per_atom=    0.08, RMSE_ALPHA_DERIV=    6.51
2025-07-14 22:22:44.737 INFO: Epoch 1566: head: Default, loss=0.0009, RMSE_MU_per_atom=0.00 mDebye, RMSE_MU_DERIV=0.00 mDebye / A, RMSE_ALPHA_per_atom=    0.08, RMSE_ALPHA_DERIV=    6.51
2025-07-14 22:23:43.930 INFO: Epoch 1567: head: Default, loss=0.0009, RMSE_MU_per_atom=0.00 mDebye, RMSE_MU_DERIV=0.00 mDebye / A, RMSE_ALPHA_per_atom=    0.08, RMSE_ALPHA_DERIV=    6.51
2025-07-14 22:24:43.129 INFO: Epoch 1568: head: Default, loss=0.0009, RMSE_MU_per_atom=0.00 mDebye, RMSE_MU_DERIV=0.00 mDebye / A, RMSE_ALPHA_per_atom=    0.08, RMSE_ALPHA_DERIV=    6.51
2025-07-14 22:25:42.308 INFO: Epoch 1569: head: Default, loss=0.0009, RMSE_MU_per_atom=0.00 mDebye, RMSE_MU_DERIV=0.00 mDebye / A, RMSE_ALPHA_per_atom=    0.08, RMSE_ALPHA_DERIV=    6.51
2025-07-14 22:26:41.514 INFO: Epoch 1570: head: Default, loss=0.0009, RMSE_MU_per_atom=0.00 mDebye, RMSE_MU_DERIV=0.00 mDebye / A, RMSE_ALPHA_per_atom=    0.08, RMSE_ALPHA_DERIV=    6.51
2025-07-14 22:27:40.717 INFO: Epoch 1571: head: Default, loss=0.0009, RMSE_MU_per_atom=0.00 mDebye, RMSE_MU_DERIV=0.00 mDebye / A, RMSE_ALPHA_per_atom=    0.08, RMSE_ALPHA_DERIV=    6.51
2025-07-14 22:28:39.924 INFO: Epoch 1572: head: Default, loss=0.0009, RMSE_MU_per_atom=0.00 mDebye, RMSE_MU_DERIV=0.00 mDebye / A, RMSE_ALPHA_per_atom=    0.08, RMSE_ALPHA_DERIV=    6.51
2025-07-14 22:29:41.015 INFO: Epoch 1573: head: Default, loss=0.0009, RMSE_MU_per_atom=0.00 mDebye, RMSE_MU_DERIV=0.00 mDebye / A, RMSE_ALPHA_per_atom=    0.08, RMSE_ALPHA_DERIV=    6.51
2025-07-14 22:30:40.210 INFO: Epoch 1574: head: Default, loss=0.0009, RMSE_MU_per_atom=0.00 mDebye, RMSE_MU_DERIV=0.00 mDebye / A, RMSE_ALPHA_per_atom=    0.08, RMSE_ALPHA_DERIV=    6.51
2025-07-14 22:31:39.392 INFO: Epoch 1575: head: Default, loss=0.0009, RMSE_MU_per_atom=0.00 mDebye, RMSE_MU_DERIV=0.00 mDebye / A, RMSE_ALPHA_per_atom=    0.08, RMSE_ALPHA_DERIV=    6.51
2025-07-14 22:32:38.564 INFO: Epoch 1576: head: Default, loss=0.0009, RMSE_MU_per_atom=0.00 mDebye, RMSE_MU_DERIV=0.00 mDebye / A, RMSE_ALPHA_per_atom=    0.08, RMSE_ALPHA_DERIV=    6.51
2025-07-14 22:33:37.762 INFO: Epoch 1577: head: Default, loss=0.0009, RMSE_MU_per_atom=0.00 mDebye, RMSE_MU_DERIV=0.00 mDebye / A, RMSE_ALPHA_per_atom=    0.08, RMSE_ALPHA_DERIV=    6.51
2025-07-14 22:34:36.952 INFO: Epoch 1578: head: Default, loss=0.0009, RMSE_MU_per_atom=0.00 mDebye, RMSE_MU_DERIV=0.00 mDebye / A, RMSE_ALPHA_per_atom=    0.08, RMSE_ALPHA_DERIV=    6.51
2025-07-14 22:35:36.159 INFO: Epoch 1579: head: Default, loss=0.0009, RMSE_MU_per_atom=0.00 mDebye, RMSE_MU_DERIV=0.00 mDebye / A, RMSE_ALPHA_per_atom=    0.08, RMSE_ALPHA_DERIV=    6.51
2025-07-14 22:36:35.367 INFO: Epoch 1580: head: Default, loss=0.0009, RMSE_MU_per_atom=0.00 mDebye, RMSE_MU_DERIV=0.00 mDebye / A, RMSE_ALPHA_per_atom=    0.08, RMSE_ALPHA_DERIV=    6.51
2025-07-14 22:37:34.562 INFO: Epoch 1581: head: Default, loss=0.0009, RMSE_MU_per_atom=0.00 mDebye, RMSE_MU_DERIV=0.00 mDebye / A, RMSE_ALPHA_per_atom=    0.08, RMSE_ALPHA_DERIV=    6.51
2025-07-14 22:38:33.738 INFO: Epoch 1582: head: Default, loss=0.0009, RMSE_MU_per_atom=0.00 mDebye, RMSE_MU_DERIV=0.00 mDebye / A, RMSE_ALPHA_per_atom=    0.08, RMSE_ALPHA_DERIV=    6.51
2025-07-14 22:39:32.919 INFO: Epoch 1583: head: Default, loss=0.0009, RMSE_MU_per_atom=0.00 mDebye, RMSE_MU_DERIV=0.00 mDebye / A, RMSE_ALPHA_per_atom=    0.08, RMSE_ALPHA_DERIV=    6.51
2025-07-14 22:40:32.099 INFO: Epoch 1584: head: Default, loss=0.0009, RMSE_MU_per_atom=0.00 mDebye, RMSE_MU_DERIV=0.00 mDebye / A, RMSE_ALPHA_per_atom=    0.08, RMSE_ALPHA_DERIV=    6.51
2025-07-14 22:41:31.283 INFO: Epoch 1585: head: Default, loss=0.0009, RMSE_MU_per_atom=0.00 mDebye, RMSE_MU_DERIV=0.00 mDebye / A, RMSE_ALPHA_per_atom=    0.08, RMSE_ALPHA_DERIV=    6.51
2025-07-14 22:42:30.451 INFO: Epoch 1586: head: Default, loss=0.0009, RMSE_MU_per_atom=0.00 mDebye, RMSE_MU_DERIV=0.00 mDebye / A, RMSE_ALPHA_per_atom=    0.08, RMSE_ALPHA_DERIV=    6.51
2025-07-14 22:43:29.627 INFO: Epoch 1587: head: Default, loss=0.0009, RMSE_MU_per_atom=0.00 mDebye, RMSE_MU_DERIV=0.00 mDebye / A, RMSE_ALPHA_per_atom=    0.08, RMSE_ALPHA_DERIV=    6.51
2025-07-14 22:44:28.810 INFO: Epoch 1588: head: Default, loss=0.0009, RMSE_MU_per_atom=0.00 mDebye, RMSE_MU_DERIV=0.00 mDebye / A, RMSE_ALPHA_per_atom=    0.08, RMSE_ALPHA_DERIV=    6.51
2025-07-14 22:45:27.985 INFO: Epoch 1589: head: Default, loss=0.0009, RMSE_MU_per_atom=0.00 mDebye, RMSE_MU_DERIV=0.00 mDebye / A, RMSE_ALPHA_per_atom=    0.08, RMSE_ALPHA_DERIV=    6.51
2025-07-14 22:46:27.157 INFO: Epoch 1590: head: Default, loss=0.0009, RMSE_MU_per_atom=0.00 mDebye, RMSE_MU_DERIV=0.00 mDebye / A, RMSE_ALPHA_per_atom=    0.08, RMSE_ALPHA_DERIV=    6.51
2025-07-14 22:47:26.337 INFO: Epoch 1591: head: Default, loss=0.0009, RMSE_MU_per_atom=0.00 mDebye, RMSE_MU_DERIV=0.00 mDebye / A, RMSE_ALPHA_per_atom=    0.08, RMSE_ALPHA_DERIV=    6.51
2025-07-14 22:48:25.504 INFO: Epoch 1592: head: Default, loss=0.0009, RMSE_MU_per_atom=0.00 mDebye, RMSE_MU_DERIV=0.00 mDebye / A, RMSE_ALPHA_per_atom=    0.08, RMSE_ALPHA_DERIV=    6.51
2025-07-14 22:49:24.660 INFO: Epoch 1593: head: Default, loss=0.0009, RMSE_MU_per_atom=0.00 mDebye, RMSE_MU_DERIV=0.00 mDebye / A, RMSE_ALPHA_per_atom=    0.08, RMSE_ALPHA_DERIV=    6.51
2025-07-14 22:50:23.826 INFO: Epoch 1594: head: Default, loss=0.0009, RMSE_MU_per_atom=0.00 mDebye, RMSE_MU_DERIV=0.00 mDebye / A, RMSE_ALPHA_per_atom=    0.08, RMSE_ALPHA_DERIV=    6.51
2025-07-14 22:51:22.995 INFO: Epoch 1595: head: Default, loss=0.0009, RMSE_MU_per_atom=0.00 mDebye, RMSE_MU_DERIV=0.00 mDebye / A, RMSE_ALPHA_per_atom=    0.08, RMSE_ALPHA_DERIV=    6.51
2025-07-14 22:52:22.166 INFO: Epoch 1596: head: Default, loss=0.0009, RMSE_MU_per_atom=0.00 mDebye, RMSE_MU_DERIV=0.00 mDebye / A, RMSE_ALPHA_per_atom=    0.08, RMSE_ALPHA_DERIV=    6.51
2025-07-14 22:53:21.339 INFO: Epoch 1597: head: Default, loss=0.0009, RMSE_MU_per_atom=0.00 mDebye, RMSE_MU_DERIV=0.00 mDebye / A, RMSE_ALPHA_per_atom=    0.08, RMSE_ALPHA_DERIV=    6.51
2025-07-14 22:54:20.521 INFO: Epoch 1598: head: Default, loss=0.0009, RMSE_MU_per_atom=0.00 mDebye, RMSE_MU_DERIV=0.00 mDebye / A, RMSE_ALPHA_per_atom=    0.08, RMSE_ALPHA_DERIV=    6.51
2025-07-14 22:55:19.697 INFO: Epoch 1599: head: Default, loss=0.0009, RMSE_MU_per_atom=0.00 mDebye, RMSE_MU_DERIV=0.00 mDebye / A, RMSE_ALPHA_per_atom=    0.08, RMSE_ALPHA_DERIV=    6.51
2025-07-14 22:56:18.887 INFO: Epoch 1600: head: Default, loss=0.0009, RMSE_MU_per_atom=0.00 mDebye, RMSE_MU_DERIV=0.00 mDebye / A, RMSE_ALPHA_per_atom=    0.08, RMSE_ALPHA_DERIV=    6.51
2025-07-14 22:57:18.072 INFO: Epoch 1601: head: Default, loss=0.0009, RMSE_MU_per_atom=0.00 mDebye, RMSE_MU_DERIV=0.00 mDebye / A, RMSE_ALPHA_per_atom=    0.08, RMSE_ALPHA_DERIV=    6.51
2025-07-14 22:58:17.252 INFO: Epoch 1602: head: Default, loss=0.0009, RMSE_MU_per_atom=0.00 mDebye, RMSE_MU_DERIV=0.00 mDebye / A, RMSE_ALPHA_per_atom=    0.08, RMSE_ALPHA_DERIV=    6.51
2025-07-14 22:59:16.418 INFO: Epoch 1603: head: Default, loss=0.0009, RMSE_MU_per_atom=0.00 mDebye, RMSE_MU_DERIV=0.00 mDebye / A, RMSE_ALPHA_per_atom=    0.08, RMSE_ALPHA_DERIV=    6.51
2025-07-14 23:00:15.607 INFO: Epoch 1604: head: Default, loss=0.0009, RMSE_MU_per_atom=0.00 mDebye, RMSE_MU_DERIV=0.00 mDebye / A, RMSE_ALPHA_per_atom=    0.08, RMSE_ALPHA_DERIV=    6.51
2025-07-14 23:01:14.792 INFO: Epoch 1605: head: Default, loss=0.0009, RMSE_MU_per_atom=0.00 mDebye, RMSE_MU_DERIV=0.00 mDebye / A, RMSE_ALPHA_per_atom=    0.08, RMSE_ALPHA_DERIV=    6.51
2025-07-14 23:02:13.976 INFO: Epoch 1606: head: Default, loss=0.0009, RMSE_MU_per_atom=0.00 mDebye, RMSE_MU_DERIV=0.00 mDebye / A, RMSE_ALPHA_per_atom=    0.08, RMSE_ALPHA_DERIV=    6.51
2025-07-14 23:03:13.163 INFO: Epoch 1607: head: Default, loss=0.0009, RMSE_MU_per_atom=0.00 mDebye, RMSE_MU_DERIV=0.00 mDebye / A, RMSE_ALPHA_per_atom=    0.08, RMSE_ALPHA_DERIV=    6.51
2025-07-14 23:04:12.350 INFO: Epoch 1608: head: Default, loss=0.0009, RMSE_MU_per_atom=0.00 mDebye, RMSE_MU_DERIV=0.00 mDebye / A, RMSE_ALPHA_per_atom=    0.08, RMSE_ALPHA_DERIV=    6.51
2025-07-14 23:05:11.527 INFO: Epoch 1609: head: Default, loss=0.0009, RMSE_MU_per_atom=0.00 mDebye, RMSE_MU_DERIV=0.00 mDebye / A, RMSE_ALPHA_per_atom=    0.08, RMSE_ALPHA_DERIV=    6.51
2025-07-14 23:06:10.704 INFO: Epoch 1610: head: Default, loss=0.0009, RMSE_MU_per_atom=0.00 mDebye, RMSE_MU_DERIV=0.00 mDebye / A, RMSE_ALPHA_per_atom=    0.08, RMSE_ALPHA_DERIV=    6.51
2025-07-14 23:07:09.882 INFO: Epoch 1611: head: Default, loss=0.0009, RMSE_MU_per_atom=0.00 mDebye, RMSE_MU_DERIV=0.00 mDebye / A, RMSE_ALPHA_per_atom=    0.08, RMSE_ALPHA_DERIV=    6.51
2025-07-14 23:08:09.043 INFO: Epoch 1612: head: Default, loss=0.0009, RMSE_MU_per_atom=0.00 mDebye, RMSE_MU_DERIV=0.00 mDebye / A, RMSE_ALPHA_per_atom=    0.08, RMSE_ALPHA_DERIV=    6.51
2025-07-14 23:09:08.207 INFO: Epoch 1613: head: Default, loss=0.0009, RMSE_MU_per_atom=0.00 mDebye, RMSE_MU_DERIV=0.00 mDebye / A, RMSE_ALPHA_per_atom=    0.08, RMSE_ALPHA_DERIV=    6.51
2025-07-14 23:10:07.379 INFO: Epoch 1614: head: Default, loss=0.0009, RMSE_MU_per_atom=0.00 mDebye, RMSE_MU_DERIV=0.00 mDebye / A, RMSE_ALPHA_per_atom=    0.08, RMSE_ALPHA_DERIV=    6.51
2025-07-14 23:11:06.544 INFO: Epoch 1615: head: Default, loss=0.0009, RMSE_MU_per_atom=0.00 mDebye, RMSE_MU_DERIV=0.00 mDebye / A, RMSE_ALPHA_per_atom=    0.08, RMSE_ALPHA_DERIV=    6.51
2025-07-14 23:12:05.713 INFO: Epoch 1616: head: Default, loss=0.0009, RMSE_MU_per_atom=0.00 mDebye, RMSE_MU_DERIV=0.00 mDebye / A, RMSE_ALPHA_per_atom=    0.08, RMSE_ALPHA_DERIV=    6.51
2025-07-14 23:13:04.885 INFO: Epoch 1617: head: Default, loss=0.0009, RMSE_MU_per_atom=0.00 mDebye, RMSE_MU_DERIV=0.00 mDebye / A, RMSE_ALPHA_per_atom=    0.08, RMSE_ALPHA_DERIV=    6.51
2025-07-14 23:14:04.074 INFO: Epoch 1618: head: Default, loss=0.0009, RMSE_MU_per_atom=0.00 mDebye, RMSE_MU_DERIV=0.00 mDebye / A, RMSE_ALPHA_per_atom=    0.08, RMSE_ALPHA_DERIV=    6.51
2025-07-14 23:15:03.255 INFO: Epoch 1619: head: Default, loss=0.0009, RMSE_MU_per_atom=0.00 mDebye, RMSE_MU_DERIV=0.00 mDebye / A, RMSE_ALPHA_per_atom=    0.08, RMSE_ALPHA_DERIV=    6.51
2025-07-14 23:16:02.441 INFO: Epoch 1620: head: Default, loss=0.0009, RMSE_MU_per_atom=0.00 mDebye, RMSE_MU_DERIV=0.00 mDebye / A, RMSE_ALPHA_per_atom=    0.08, RMSE_ALPHA_DERIV=    6.51
2025-07-14 23:17:01.623 INFO: Epoch 1621: head: Default, loss=0.0009, RMSE_MU_per_atom=0.00 mDebye, RMSE_MU_DERIV=0.00 mDebye / A, RMSE_ALPHA_per_atom=    0.08, RMSE_ALPHA_DERIV=    6.51
2025-07-14 23:18:00.807 INFO: Epoch 1622: head: Default, loss=0.0009, RMSE_MU_per_atom=0.00 mDebye, RMSE_MU_DERIV=0.00 mDebye / A, RMSE_ALPHA_per_atom=    0.08, RMSE_ALPHA_DERIV=    6.51
2025-07-14 23:19:00.005 INFO: Epoch 1623: head: Default, loss=0.0009, RMSE_MU_per_atom=0.00 mDebye, RMSE_MU_DERIV=0.00 mDebye / A, RMSE_ALPHA_per_atom=    0.08, RMSE_ALPHA_DERIV=    6.51
2025-07-14 23:19:59.202 INFO: Epoch 1624: head: Default, loss=0.0009, RMSE_MU_per_atom=0.00 mDebye, RMSE_MU_DERIV=0.00 mDebye / A, RMSE_ALPHA_per_atom=    0.08, RMSE_ALPHA_DERIV=    6.51
2025-07-14 23:20:58.383 INFO: Epoch 1625: head: Default, loss=0.0009, RMSE_MU_per_atom=0.00 mDebye, RMSE_MU_DERIV=0.00 mDebye / A, RMSE_ALPHA_per_atom=    0.08, RMSE_ALPHA_DERIV=    6.51
2025-07-14 23:21:57.558 INFO: Epoch 1626: head: Default, loss=0.0009, RMSE_MU_per_atom=0.00 mDebye, RMSE_MU_DERIV=0.00 mDebye / A, RMSE_ALPHA_per_atom=    0.08, RMSE_ALPHA_DERIV=    6.51
2025-07-14 23:22:56.727 INFO: Epoch 1627: head: Default, loss=0.0009, RMSE_MU_per_atom=0.00 mDebye, RMSE_MU_DERIV=0.00 mDebye / A, RMSE_ALPHA_per_atom=    0.08, RMSE_ALPHA_DERIV=    6.51
2025-07-14 23:23:55.899 INFO: Epoch 1628: head: Default, loss=0.0009, RMSE_MU_per_atom=0.00 mDebye, RMSE_MU_DERIV=0.00 mDebye / A, RMSE_ALPHA_per_atom=    0.08, RMSE_ALPHA_DERIV=    6.51
2025-07-14 23:24:55.071 INFO: Epoch 1629: head: Default, loss=0.0009, RMSE_MU_per_atom=0.00 mDebye, RMSE_MU_DERIV=0.00 mDebye / A, RMSE_ALPHA_per_atom=    0.08, RMSE_ALPHA_DERIV=    6.51
2025-07-14 23:25:54.255 INFO: Epoch 1630: head: Default, loss=0.0009, RMSE_MU_per_atom=0.00 mDebye, RMSE_MU_DERIV=0.00 mDebye / A, RMSE_ALPHA_per_atom=    0.08, RMSE_ALPHA_DERIV=    6.51
2025-07-14 23:26:53.443 INFO: Epoch 1631: head: Default, loss=0.0009, RMSE_MU_per_atom=0.00 mDebye, RMSE_MU_DERIV=0.00 mDebye / A, RMSE_ALPHA_per_atom=    0.08, RMSE_ALPHA_DERIV=    6.51
2025-07-14 23:27:52.613 INFO: Epoch 1632: head: Default, loss=0.0009, RMSE_MU_per_atom=0.00 mDebye, RMSE_MU_DERIV=0.00 mDebye / A, RMSE_ALPHA_per_atom=    0.08, RMSE_ALPHA_DERIV=    6.51
2025-07-14 23:28:51.797 INFO: Epoch 1633: head: Default, loss=0.0009, RMSE_MU_per_atom=0.00 mDebye, RMSE_MU_DERIV=0.00 mDebye / A, RMSE_ALPHA_per_atom=    0.08, RMSE_ALPHA_DERIV=    6.51
2025-07-14 23:29:50.976 INFO: Epoch 1634: head: Default, loss=0.0009, RMSE_MU_per_atom=0.00 mDebye, RMSE_MU_DERIV=0.00 mDebye / A, RMSE_ALPHA_per_atom=    0.08, RMSE_ALPHA_DERIV=    6.51
2025-07-14 23:30:50.162 INFO: Epoch 1635: head: Default, loss=0.0009, RMSE_MU_per_atom=0.00 mDebye, RMSE_MU_DERIV=0.00 mDebye / A, RMSE_ALPHA_per_atom=    0.08, RMSE_ALPHA_DERIV=    6.51
2025-07-14 23:31:49.352 INFO: Epoch 1636: head: Default, loss=0.0009, RMSE_MU_per_atom=0.00 mDebye, RMSE_MU_DERIV=0.00 mDebye / A, RMSE_ALPHA_per_atom=    0.08, RMSE_ALPHA_DERIV=    6.51
2025-07-14 23:32:48.539 INFO: Epoch 1637: head: Default, loss=0.0009, RMSE_MU_per_atom=0.00 mDebye, RMSE_MU_DERIV=0.00 mDebye / A, RMSE_ALPHA_per_atom=    0.08, RMSE_ALPHA_DERIV=    6.51
2025-07-14 23:33:47.728 INFO: Epoch 1638: head: Default, loss=0.0009, RMSE_MU_per_atom=0.00 mDebye, RMSE_MU_DERIV=0.00 mDebye / A, RMSE_ALPHA_per_atom=    0.08, RMSE_ALPHA_DERIV=    6.51
2025-07-14 23:34:46.914 INFO: Epoch 1639: head: Default, loss=0.0009, RMSE_MU_per_atom=0.00 mDebye, RMSE_MU_DERIV=0.00 mDebye / A, RMSE_ALPHA_per_atom=    0.08, RMSE_ALPHA_DERIV=    6.51
2025-07-14 23:35:46.098 INFO: Epoch 1640: head: Default, loss=0.0009, RMSE_MU_per_atom=0.00 mDebye, RMSE_MU_DERIV=0.00 mDebye / A, RMSE_ALPHA_per_atom=    0.08, RMSE_ALPHA_DERIV=    6.51
2025-07-14 23:36:45.282 INFO: Epoch 1641: head: Default, loss=0.0009, RMSE_MU_per_atom=0.00 mDebye, RMSE_MU_DERIV=0.00 mDebye / A, RMSE_ALPHA_per_atom=    0.08, RMSE_ALPHA_DERIV=    6.51
2025-07-14 23:37:44.469 INFO: Epoch 1642: head: Default, loss=0.0009, RMSE_MU_per_atom=0.00 mDebye, RMSE_MU_DERIV=0.00 mDebye / A, RMSE_ALPHA_per_atom=    0.08, RMSE_ALPHA_DERIV=    6.51
2025-07-14 23:38:43.647 INFO: Epoch 1643: head: Default, loss=0.0009, RMSE_MU_per_atom=0.00 mDebye, RMSE_MU_DERIV=0.00 mDebye / A, RMSE_ALPHA_per_atom=    0.08, RMSE_ALPHA_DERIV=    6.51
2025-07-14 23:39:42.815 INFO: Epoch 1644: head: Default, loss=0.0009, RMSE_MU_per_atom=0.00 mDebye, RMSE_MU_DERIV=0.00 mDebye / A, RMSE_ALPHA_per_atom=    0.08, RMSE_ALPHA_DERIV=    6.51
2025-07-14 23:40:42.351 INFO: Epoch 1645: head: Default, loss=0.0009, RMSE_MU_per_atom=0.00 mDebye, RMSE_MU_DERIV=0.00 mDebye / A, RMSE_ALPHA_per_atom=    0.08, RMSE_ALPHA_DERIV=    6.51
2025-07-14 23:41:41.529 INFO: Epoch 1646: head: Default, loss=0.0009, RMSE_MU_per_atom=0.00 mDebye, RMSE_MU_DERIV=0.00 mDebye / A, RMSE_ALPHA_per_atom=    0.08, RMSE_ALPHA_DERIV=    6.51
2025-07-14 23:42:40.699 INFO: Epoch 1647: head: Default, loss=0.0009, RMSE_MU_per_atom=0.00 mDebye, RMSE_MU_DERIV=0.00 mDebye / A, RMSE_ALPHA_per_atom=    0.08, RMSE_ALPHA_DERIV=    6.51
2025-07-14 23:43:39.865 INFO: Epoch 1648: head: Default, loss=0.0009, RMSE_MU_per_atom=0.00 mDebye, RMSE_MU_DERIV=0.00 mDebye / A, RMSE_ALPHA_per_atom=    0.08, RMSE_ALPHA_DERIV=    6.51
2025-07-14 23:44:39.042 INFO: Epoch 1649: head: Default, loss=0.0009, RMSE_MU_per_atom=0.00 mDebye, RMSE_MU_DERIV=0.00 mDebye / A, RMSE_ALPHA_per_atom=    0.08, RMSE_ALPHA_DERIV=    6.51
2025-07-14 23:45:38.210 INFO: Epoch 1650: head: Default, loss=0.0009, RMSE_MU_per_atom=0.00 mDebye, RMSE_MU_DERIV=0.00 mDebye / A, RMSE_ALPHA_per_atom=    0.08, RMSE_ALPHA_DERIV=    6.51
2025-07-14 23:46:37.395 INFO: Epoch 1651: head: Default, loss=0.0009, RMSE_MU_per_atom=0.00 mDebye, RMSE_MU_DERIV=0.00 mDebye / A, RMSE_ALPHA_per_atom=    0.08, RMSE_ALPHA_DERIV=    6.51
2025-07-14 23:47:36.579 INFO: Epoch 1652: head: Default, loss=0.0009, RMSE_MU_per_atom=0.00 mDebye, RMSE_MU_DERIV=0.00 mDebye / A, RMSE_ALPHA_per_atom=    0.08, RMSE_ALPHA_DERIV=    6.51
2025-07-14 23:48:35.755 INFO: Epoch 1653: head: Default, loss=0.0009, RMSE_MU_per_atom=0.00 mDebye, RMSE_MU_DERIV=0.00 mDebye / A, RMSE_ALPHA_per_atom=    0.08, RMSE_ALPHA_DERIV=    6.51
2025-07-14 23:49:34.935 INFO: Epoch 1654: head: Default, loss=0.0009, RMSE_MU_per_atom=0.00 mDebye, RMSE_MU_DERIV=0.00 mDebye / A, RMSE_ALPHA_per_atom=    0.08, RMSE_ALPHA_DERIV=    6.51
2025-07-14 23:50:34.133 INFO: Epoch 1655: head: Default, loss=0.0009, RMSE_MU_per_atom=0.00 mDebye, RMSE_MU_DERIV=0.00 mDebye / A, RMSE_ALPHA_per_atom=    0.08, RMSE_ALPHA_DERIV=    6.51
2025-07-14 23:51:33.348 INFO: Epoch 1656: head: Default, loss=0.0009, RMSE_MU_per_atom=0.00 mDebye, RMSE_MU_DERIV=0.00 mDebye / A, RMSE_ALPHA_per_atom=    0.08, RMSE_ALPHA_DERIV=    6.51
2025-07-14 23:52:32.537 INFO: Epoch 1657: head: Default, loss=0.0009, RMSE_MU_per_atom=0.00 mDebye, RMSE_MU_DERIV=0.00 mDebye / A, RMSE_ALPHA_per_atom=    0.08, RMSE_ALPHA_DERIV=    6.51
2025-07-14 23:53:31.715 INFO: Epoch 1658: head: Default, loss=0.0009, RMSE_MU_per_atom=0.00 mDebye, RMSE_MU_DERIV=0.00 mDebye / A, RMSE_ALPHA_per_atom=    0.08, RMSE_ALPHA_DERIV=    6.51
2025-07-14 23:54:30.905 INFO: Epoch 1659: head: Default, loss=0.0009, RMSE_MU_per_atom=0.00 mDebye, RMSE_MU_DERIV=0.00 mDebye / A, RMSE_ALPHA_per_atom=    0.08, RMSE_ALPHA_DERIV=    6.51
2025-07-14 23:55:30.110 INFO: Epoch 1660: head: Default, loss=0.0009, RMSE_MU_per_atom=0.00 mDebye, RMSE_MU_DERIV=0.00 mDebye / A, RMSE_ALPHA_per_atom=    0.08, RMSE_ALPHA_DERIV=    6.51
2025-07-14 23:56:29.316 INFO: Epoch 1661: head: Default, loss=0.0009, RMSE_MU_per_atom=0.00 mDebye, RMSE_MU_DERIV=0.00 mDebye / A, RMSE_ALPHA_per_atom=    0.08, RMSE_ALPHA_DERIV=    6.51
2025-07-14 23:57:28.516 INFO: Epoch 1662: head: Default, loss=0.0009, RMSE_MU_per_atom=0.00 mDebye, RMSE_MU_DERIV=0.00 mDebye / A, RMSE_ALPHA_per_atom=    0.08, RMSE_ALPHA_DERIV=    6.51
2025-07-14 23:58:27.714 INFO: Epoch 1663: head: Default, loss=0.0009, RMSE_MU_per_atom=0.00 mDebye, RMSE_MU_DERIV=0.00 mDebye / A, RMSE_ALPHA_per_atom=    0.08, RMSE_ALPHA_DERIV=    6.51
2025-07-14 23:59:26.910 INFO: Epoch 1664: head: Default, loss=0.0009, RMSE_MU_per_atom=0.00 mDebye, RMSE_MU_DERIV=0.00 mDebye / A, RMSE_ALPHA_per_atom=    0.08, RMSE_ALPHA_DERIV=    6.51
2025-07-15 00:00:26.099 INFO: Epoch 1665: head: Default, loss=0.0009, RMSE_MU_per_atom=0.00 mDebye, RMSE_MU_DERIV=0.00 mDebye / A, RMSE_ALPHA_per_atom=    0.08, RMSE_ALPHA_DERIV=    6.51
2025-07-15 00:01:25.278 INFO: Epoch 1666: head: Default, loss=0.0009, RMSE_MU_per_atom=0.00 mDebye, RMSE_MU_DERIV=0.00 mDebye / A, RMSE_ALPHA_per_atom=    0.08, RMSE_ALPHA_DERIV=    6.51
2025-07-15 00:02:24.453 INFO: Epoch 1667: head: Default, loss=0.0009, RMSE_MU_per_atom=0.00 mDebye, RMSE_MU_DERIV=0.00 mDebye / A, RMSE_ALPHA_per_atom=    0.08, RMSE_ALPHA_DERIV=    6.51
2025-07-15 00:03:23.630 INFO: Epoch 1668: head: Default, loss=0.0009, RMSE_MU_per_atom=0.00 mDebye, RMSE_MU_DERIV=0.00 mDebye / A, RMSE_ALPHA_per_atom=    0.08, RMSE_ALPHA_DERIV=    6.51
2025-07-15 00:04:22.816 INFO: Epoch 1669: head: Default, loss=0.0009, RMSE_MU_per_atom=0.00 mDebye, RMSE_MU_DERIV=0.00 mDebye / A, RMSE_ALPHA_per_atom=    0.08, RMSE_ALPHA_DERIV=    6.51
2025-07-15 00:05:22.011 INFO: Epoch 1670: head: Default, loss=0.0009, RMSE_MU_per_atom=0.00 mDebye, RMSE_MU_DERIV=0.00 mDebye / A, RMSE_ALPHA_per_atom=    0.08, RMSE_ALPHA_DERIV=    6.51
2025-07-15 00:06:21.222 INFO: Epoch 1671: head: Default, loss=0.0009, RMSE_MU_per_atom=0.00 mDebye, RMSE_MU_DERIV=0.00 mDebye / A, RMSE_ALPHA_per_atom=    0.08, RMSE_ALPHA_DERIV=    6.51
2025-07-15 00:07:20.423 INFO: Epoch 1672: head: Default, loss=0.0009, RMSE_MU_per_atom=0.00 mDebye, RMSE_MU_DERIV=0.00 mDebye / A, RMSE_ALPHA_per_atom=    0.08, RMSE_ALPHA_DERIV=    6.51
2025-07-15 00:08:19.631 INFO: Epoch 1673: head: Default, loss=0.0009, RMSE_MU_per_atom=0.00 mDebye, RMSE_MU_DERIV=0.00 mDebye / A, RMSE_ALPHA_per_atom=    0.08, RMSE_ALPHA_DERIV=    6.51
2025-07-15 00:09:18.853 INFO: Epoch 1674: head: Default, loss=0.0009, RMSE_MU_per_atom=0.00 mDebye, RMSE_MU_DERIV=0.00 mDebye / A, RMSE_ALPHA_per_atom=    0.08, RMSE_ALPHA_DERIV=    6.51
2025-07-15 00:10:18.043 INFO: Epoch 1675: head: Default, loss=0.0009, RMSE_MU_per_atom=0.00 mDebye, RMSE_MU_DERIV=0.00 mDebye / A, RMSE_ALPHA_per_atom=    0.08, RMSE_ALPHA_DERIV=    6.51
2025-07-15 00:11:17.254 INFO: Epoch 1676: head: Default, loss=0.0009, RMSE_MU_per_atom=0.00 mDebye, RMSE_MU_DERIV=0.00 mDebye / A, RMSE_ALPHA_per_atom=    0.08, RMSE_ALPHA_DERIV=    6.51
2025-07-15 00:12:16.462 INFO: Epoch 1677: head: Default, loss=0.0009, RMSE_MU_per_atom=0.00 mDebye, RMSE_MU_DERIV=0.00 mDebye / A, RMSE_ALPHA_per_atom=    0.08, RMSE_ALPHA_DERIV=    6.51
2025-07-15 00:13:15.666 INFO: Epoch 1678: head: Default, loss=0.0009, RMSE_MU_per_atom=0.00 mDebye, RMSE_MU_DERIV=0.00 mDebye / A, RMSE_ALPHA_per_atom=    0.08, RMSE_ALPHA_DERIV=    6.51
2025-07-15 00:14:14.878 INFO: Epoch 1679: head: Default, loss=0.0009, RMSE_MU_per_atom=0.00 mDebye, RMSE_MU_DERIV=0.00 mDebye / A, RMSE_ALPHA_per_atom=    0.08, RMSE_ALPHA_DERIV=    6.51
2025-07-15 00:15:14.068 INFO: Epoch 1680: head: Default, loss=0.0009, RMSE_MU_per_atom=0.00 mDebye, RMSE_MU_DERIV=0.00 mDebye / A, RMSE_ALPHA_per_atom=    0.08, RMSE_ALPHA_DERIV=    6.51
2025-07-15 00:16:13.267 INFO: Epoch 1681: head: Default, loss=0.0009, RMSE_MU_per_atom=0.00 mDebye, RMSE_MU_DERIV=0.00 mDebye / A, RMSE_ALPHA_per_atom=    0.08, RMSE_ALPHA_DERIV=    6.51
2025-07-15 00:17:12.450 INFO: Epoch 1682: head: Default, loss=0.0009, RMSE_MU_per_atom=0.00 mDebye, RMSE_MU_DERIV=0.00 mDebye / A, RMSE_ALPHA_per_atom=    0.08, RMSE_ALPHA_DERIV=    6.51
2025-07-15 00:18:11.635 INFO: Epoch 1683: head: Default, loss=0.0009, RMSE_MU_per_atom=0.00 mDebye, RMSE_MU_DERIV=0.00 mDebye / A, RMSE_ALPHA_per_atom=    0.08, RMSE_ALPHA_DERIV=    6.51
2025-07-15 00:19:10.807 INFO: Epoch 1684: head: Default, loss=0.0009, RMSE_MU_per_atom=0.00 mDebye, RMSE_MU_DERIV=0.00 mDebye / A, RMSE_ALPHA_per_atom=    0.08, RMSE_ALPHA_DERIV=    6.51
2025-07-15 00:20:09.986 INFO: Epoch 1685: head: Default, loss=0.0009, RMSE_MU_per_atom=0.00 mDebye, RMSE_MU_DERIV=0.00 mDebye / A, RMSE_ALPHA_per_atom=    0.08, RMSE_ALPHA_DERIV=    6.51
2025-07-15 00:21:09.166 INFO: Epoch 1686: head: Default, loss=0.0009, RMSE_MU_per_atom=0.00 mDebye, RMSE_MU_DERIV=0.00 mDebye / A, RMSE_ALPHA_per_atom=    0.08, RMSE_ALPHA_DERIV=    6.51
2025-07-15 00:22:08.343 INFO: Epoch 1687: head: Default, loss=0.0009, RMSE_MU_per_atom=0.00 mDebye, RMSE_MU_DERIV=0.00 mDebye / A, RMSE_ALPHA_per_atom=    0.08, RMSE_ALPHA_DERIV=    6.51
2025-07-15 00:23:07.529 INFO: Epoch 1688: head: Default, loss=0.0009, RMSE_MU_per_atom=0.00 mDebye, RMSE_MU_DERIV=0.00 mDebye / A, RMSE_ALPHA_per_atom=    0.08, RMSE_ALPHA_DERIV=    6.51
2025-07-15 00:24:06.720 INFO: Epoch 1689: head: Default, loss=0.0009, RMSE_MU_per_atom=0.00 mDebye, RMSE_MU_DERIV=0.00 mDebye / A, RMSE_ALPHA_per_atom=    0.08, RMSE_ALPHA_DERIV=    6.51
2025-07-15 00:25:05.909 INFO: Epoch 1690: head: Default, loss=0.0009, RMSE_MU_per_atom=0.00 mDebye, RMSE_MU_DERIV=0.00 mDebye / A, RMSE_ALPHA_per_atom=    0.08, RMSE_ALPHA_DERIV=    6.51
2025-07-15 00:26:05.106 INFO: Epoch 1691: head: Default, loss=0.0009, RMSE_MU_per_atom=0.00 mDebye, RMSE_MU_DERIV=0.00 mDebye / A, RMSE_ALPHA_per_atom=    0.08, RMSE_ALPHA_DERIV=    6.51
2025-07-15 00:27:04.295 INFO: Epoch 1692: head: Default, loss=0.0009, RMSE_MU_per_atom=0.00 mDebye, RMSE_MU_DERIV=0.00 mDebye / A, RMSE_ALPHA_per_atom=    0.08, RMSE_ALPHA_DERIV=    6.51
2025-07-15 00:28:03.480 INFO: Epoch 1693: head: Default, loss=0.0009, RMSE_MU_per_atom=0.00 mDebye, RMSE_MU_DERIV=0.00 mDebye / A, RMSE_ALPHA_per_atom=    0.08, RMSE_ALPHA_DERIV=    6.51
2025-07-15 00:29:02.669 INFO: Epoch 1694: head: Default, loss=0.0009, RMSE_MU_per_atom=0.00 mDebye, RMSE_MU_DERIV=0.00 mDebye / A, RMSE_ALPHA_per_atom=    0.08, RMSE_ALPHA_DERIV=    6.51
2025-07-15 00:30:01.846 INFO: Epoch 1695: head: Default, loss=0.0009, RMSE_MU_per_atom=0.00 mDebye, RMSE_MU_DERIV=0.00 mDebye / A, RMSE_ALPHA_per_atom=    0.08, RMSE_ALPHA_DERIV=    6.51
2025-07-15 00:31:01.019 INFO: Epoch 1696: head: Default, loss=0.0009, RMSE_MU_per_atom=0.00 mDebye, RMSE_MU_DERIV=0.00 mDebye / A, RMSE_ALPHA_per_atom=    0.08, RMSE_ALPHA_DERIV=    6.51
2025-07-15 00:32:00.194 INFO: Epoch 1697: head: Default, loss=0.0009, RMSE_MU_per_atom=0.00 mDebye, RMSE_MU_DERIV=0.00 mDebye / A, RMSE_ALPHA_per_atom=    0.08, RMSE_ALPHA_DERIV=    6.51
2025-07-15 00:32:59.365 INFO: Epoch 1698: head: Default, loss=0.0009, RMSE_MU_per_atom=0.00 mDebye, RMSE_MU_DERIV=0.00 mDebye / A, RMSE_ALPHA_per_atom=    0.08, RMSE_ALPHA_DERIV=    6.51
2025-07-15 00:33:58.545 INFO: Epoch 1699: head: Default, loss=0.0009, RMSE_MU_per_atom=0.00 mDebye, RMSE_MU_DERIV=0.00 mDebye / A, RMSE_ALPHA_per_atom=    0.08, RMSE_ALPHA_DERIV=    6.51
2025-07-15 00:34:57.732 INFO: Epoch 1700: head: Default, loss=0.0009, RMSE_MU_per_atom=0.00 mDebye, RMSE_MU_DERIV=0.00 mDebye / A, RMSE_ALPHA_per_atom=    0.08, RMSE_ALPHA_DERIV=    6.51
2025-07-15 00:35:56.922 INFO: Epoch 1701: head: Default, loss=0.0009, RMSE_MU_per_atom=0.00 mDebye, RMSE_MU_DERIV=0.00 mDebye / A, RMSE_ALPHA_per_atom=    0.08, RMSE_ALPHA_DERIV=    6.51
2025-07-15 00:36:56.111 INFO: Epoch 1702: head: Default, loss=0.0009, RMSE_MU_per_atom=0.00 mDebye, RMSE_MU_DERIV=0.00 mDebye / A, RMSE_ALPHA_per_atom=    0.08, RMSE_ALPHA_DERIV=    6.51
2025-07-15 00:37:55.295 INFO: Epoch 1703: head: Default, loss=0.0009, RMSE_MU_per_atom=0.00 mDebye, RMSE_MU_DERIV=0.00 mDebye / A, RMSE_ALPHA_per_atom=    0.08, RMSE_ALPHA_DERIV=    6.51
2025-07-15 00:38:54.469 INFO: Epoch 1704: head: Default, loss=0.0009, RMSE_MU_per_atom=0.00 mDebye, RMSE_MU_DERIV=0.00 mDebye / A, RMSE_ALPHA_per_atom=    0.08, RMSE_ALPHA_DERIV=    6.51
2025-07-15 00:39:53.640 INFO: Epoch 1705: head: Default, loss=0.0009, RMSE_MU_per_atom=0.00 mDebye, RMSE_MU_DERIV=0.00 mDebye / A, RMSE_ALPHA_per_atom=    0.08, RMSE_ALPHA_DERIV=    6.51
2025-07-15 00:40:52.825 INFO: Epoch 1706: head: Default, loss=0.0009, RMSE_MU_per_atom=0.00 mDebye, RMSE_MU_DERIV=0.00 mDebye / A, RMSE_ALPHA_per_atom=    0.08, RMSE_ALPHA_DERIV=    6.51
2025-07-15 00:41:52.005 INFO: Epoch 1707: head: Default, loss=0.0009, RMSE_MU_per_atom=0.00 mDebye, RMSE_MU_DERIV=0.00 mDebye / A, RMSE_ALPHA_per_atom=    0.08, RMSE_ALPHA_DERIV=    6.51
2025-07-15 00:42:51.190 INFO: Epoch 1708: head: Default, loss=0.0009, RMSE_MU_per_atom=0.00 mDebye, RMSE_MU_DERIV=0.00 mDebye / A, RMSE_ALPHA_per_atom=    0.08, RMSE_ALPHA_DERIV=    6.51
2025-07-15 00:43:50.370 INFO: Epoch 1709: head: Default, loss=0.0009, RMSE_MU_per_atom=0.00 mDebye, RMSE_MU_DERIV=0.00 mDebye / A, RMSE_ALPHA_per_atom=    0.08, RMSE_ALPHA_DERIV=    6.51
2025-07-15 00:44:49.550 INFO: Epoch 1710: head: Default, loss=0.0009, RMSE_MU_per_atom=0.00 mDebye, RMSE_MU_DERIV=0.00 mDebye / A, RMSE_ALPHA_per_atom=    0.08, RMSE_ALPHA_DERIV=    6.51
2025-07-15 00:45:48.739 INFO: Epoch 1711: head: Default, loss=0.0009, RMSE_MU_per_atom=0.00 mDebye, RMSE_MU_DERIV=0.00 mDebye / A, RMSE_ALPHA_per_atom=    0.08, RMSE_ALPHA_DERIV=    6.51
2025-07-15 00:46:47.934 INFO: Epoch 1712: head: Default, loss=0.0009, RMSE_MU_per_atom=0.00 mDebye, RMSE_MU_DERIV=0.00 mDebye / A, RMSE_ALPHA_per_atom=    0.08, RMSE_ALPHA_DERIV=    6.51
2025-07-15 00:47:47.148 INFO: Epoch 1713: head: Default, loss=0.0009, RMSE_MU_per_atom=0.00 mDebye, RMSE_MU_DERIV=0.00 mDebye / A, RMSE_ALPHA_per_atom=    0.08, RMSE_ALPHA_DERIV=    6.51
2025-07-15 00:48:46.349 INFO: Epoch 1714: head: Default, loss=0.0009, RMSE_MU_per_atom=0.00 mDebye, RMSE_MU_DERIV=0.00 mDebye / A, RMSE_ALPHA_per_atom=    0.08, RMSE_ALPHA_DERIV=    6.51
2025-07-15 00:49:45.541 INFO: Epoch 1715: head: Default, loss=0.0009, RMSE_MU_per_atom=0.00 mDebye, RMSE_MU_DERIV=0.00 mDebye / A, RMSE_ALPHA_per_atom=    0.08, RMSE_ALPHA_DERIV=    6.51
2025-07-15 00:50:44.745 INFO: Epoch 1716: head: Default, loss=0.0009, RMSE_MU_per_atom=0.00 mDebye, RMSE_MU_DERIV=0.00 mDebye / A, RMSE_ALPHA_per_atom=    0.08, RMSE_ALPHA_DERIV=    6.51
2025-07-15 00:51:43.955 INFO: Epoch 1717: head: Default, loss=0.0009, RMSE_MU_per_atom=0.00 mDebye, RMSE_MU_DERIV=0.00 mDebye / A, RMSE_ALPHA_per_atom=    0.08, RMSE_ALPHA_DERIV=    6.51
2025-07-15 00:52:43.147 INFO: Epoch 1718: head: Default, loss=0.0009, RMSE_MU_per_atom=0.00 mDebye, RMSE_MU_DERIV=0.00 mDebye / A, RMSE_ALPHA_per_atom=    0.08, RMSE_ALPHA_DERIV=    6.51
2025-07-15 00:53:42.348 INFO: Epoch 1719: head: Default, loss=0.0009, RMSE_MU_per_atom=0.00 mDebye, RMSE_MU_DERIV=0.00 mDebye / A, RMSE_ALPHA_per_atom=    0.08, RMSE_ALPHA_DERIV=    6.51
2025-07-15 00:54:41.558 INFO: Epoch 1720: head: Default, loss=0.0009, RMSE_MU_per_atom=0.00 mDebye, RMSE_MU_DERIV=0.00 mDebye / A, RMSE_ALPHA_per_atom=    0.08, RMSE_ALPHA_DERIV=    6.51
2025-07-15 00:55:40.762 INFO: Epoch 1721: head: Default, loss=0.0009, RMSE_MU_per_atom=0.00 mDebye, RMSE_MU_DERIV=0.00 mDebye / A, RMSE_ALPHA_per_atom=    0.08, RMSE_ALPHA_DERIV=    6.51
2025-07-15 00:56:39.961 INFO: Epoch 1722: head: Default, loss=0.0009, RMSE_MU_per_atom=0.00 mDebye, RMSE_MU_DERIV=0.00 mDebye / A, RMSE_ALPHA_per_atom=    0.08, RMSE_ALPHA_DERIV=    6.51
2025-07-15 00:57:39.156 INFO: Epoch 1723: head: Default, loss=0.0009, RMSE_MU_per_atom=0.00 mDebye, RMSE_MU_DERIV=0.00 mDebye / A, RMSE_ALPHA_per_atom=    0.08, RMSE_ALPHA_DERIV=    6.51
2025-07-15 00:58:38.347 INFO: Epoch 1724: head: Default, loss=0.0009, RMSE_MU_per_atom=0.00 mDebye, RMSE_MU_DERIV=0.00 mDebye / A, RMSE_ALPHA_per_atom=    0.08, RMSE_ALPHA_DERIV=    6.51
2025-07-15 00:59:37.537 INFO: Epoch 1725: head: Default, loss=0.0009, RMSE_MU_per_atom=0.00 mDebye, RMSE_MU_DERIV=0.00 mDebye / A, RMSE_ALPHA_per_atom=    0.08, RMSE_ALPHA_DERIV=    6.51
2025-07-15 01:00:36.707 INFO: Epoch 1726: head: Default, loss=0.0009, RMSE_MU_per_atom=0.00 mDebye, RMSE_MU_DERIV=0.00 mDebye / A, RMSE_ALPHA_per_atom=    0.08, RMSE_ALPHA_DERIV=    6.51
2025-07-15 01:01:35.868 INFO: Epoch 1727: head: Default, loss=0.0009, RMSE_MU_per_atom=0.00 mDebye, RMSE_MU_DERIV=0.00 mDebye / A, RMSE_ALPHA_per_atom=    0.08, RMSE_ALPHA_DERIV=    6.51
2025-07-15 01:02:35.034 INFO: Epoch 1728: head: Default, loss=0.0009, RMSE_MU_per_atom=0.00 mDebye, RMSE_MU_DERIV=0.00 mDebye / A, RMSE_ALPHA_per_atom=    0.08, RMSE_ALPHA_DERIV=    6.51
2025-07-15 01:03:34.205 INFO: Epoch 1729: head: Default, loss=0.0009, RMSE_MU_per_atom=0.00 mDebye, RMSE_MU_DERIV=0.00 mDebye / A, RMSE_ALPHA_per_atom=    0.08, RMSE_ALPHA_DERIV=    6.51
2025-07-15 01:04:33.372 INFO: Epoch 1730: head: Default, loss=0.0009, RMSE_MU_per_atom=0.00 mDebye, RMSE_MU_DERIV=0.00 mDebye / A, RMSE_ALPHA_per_atom=    0.08, RMSE_ALPHA_DERIV=    6.51
2025-07-15 01:05:32.541 INFO: Epoch 1731: head: Default, loss=0.0009, RMSE_MU_per_atom=0.00 mDebye, RMSE_MU_DERIV=0.00 mDebye / A, RMSE_ALPHA_per_atom=    0.08, RMSE_ALPHA_DERIV=    6.51
2025-07-15 01:06:31.717 INFO: Epoch 1732: head: Default, loss=0.0009, RMSE_MU_per_atom=0.00 mDebye, RMSE_MU_DERIV=0.00 mDebye / A, RMSE_ALPHA_per_atom=    0.08, RMSE_ALPHA_DERIV=    6.51
2025-07-15 01:07:30.883 INFO: Epoch 1733: head: Default, loss=0.0009, RMSE_MU_per_atom=0.00 mDebye, RMSE_MU_DERIV=0.00 mDebye / A, RMSE_ALPHA_per_atom=    0.08, RMSE_ALPHA_DERIV=    6.51
2025-07-15 01:08:30.063 INFO: Epoch 1734: head: Default, loss=0.0009, RMSE_MU_per_atom=0.00 mDebye, RMSE_MU_DERIV=0.00 mDebye / A, RMSE_ALPHA_per_atom=    0.08, RMSE_ALPHA_DERIV=    6.51
2025-07-15 01:09:29.261 INFO: Epoch 1735: head: Default, loss=0.0009, RMSE_MU_per_atom=0.00 mDebye, RMSE_MU_DERIV=0.00 mDebye / A, RMSE_ALPHA_per_atom=    0.08, RMSE_ALPHA_DERIV=    6.51
2025-07-15 01:10:28.444 INFO: Epoch 1736: head: Default, loss=0.0009, RMSE_MU_per_atom=0.00 mDebye, RMSE_MU_DERIV=0.00 mDebye / A, RMSE_ALPHA_per_atom=    0.08, RMSE_ALPHA_DERIV=    6.51
2025-07-15 01:11:27.633 INFO: Epoch 1737: head: Default, loss=0.0009, RMSE_MU_per_atom=0.00 mDebye, RMSE_MU_DERIV=0.00 mDebye / A, RMSE_ALPHA_per_atom=    0.08, RMSE_ALPHA_DERIV=    6.51
2025-07-15 01:12:26.831 INFO: Epoch 1738: head: Default, loss=0.0009, RMSE_MU_per_atom=0.00 mDebye, RMSE_MU_DERIV=0.00 mDebye / A, RMSE_ALPHA_per_atom=    0.08, RMSE_ALPHA_DERIV=    6.51
2025-07-15 01:13:26.012 INFO: Epoch 1739: head: Default, loss=0.0009, RMSE_MU_per_atom=0.00 mDebye, RMSE_MU_DERIV=0.00 mDebye / A, RMSE_ALPHA_per_atom=    0.08, RMSE_ALPHA_DERIV=    6.51
2025-07-15 01:14:25.198 INFO: Epoch 1740: head: Default, loss=0.0009, RMSE_MU_per_atom=0.00 mDebye, RMSE_MU_DERIV=0.00 mDebye / A, RMSE_ALPHA_per_atom=    0.08, RMSE_ALPHA_DERIV=    6.51
2025-07-15 01:15:24.386 INFO: Epoch 1741: head: Default, loss=0.0009, RMSE_MU_per_atom=0.00 mDebye, RMSE_MU_DERIV=0.00 mDebye / A, RMSE_ALPHA_per_atom=    0.08, RMSE_ALPHA_DERIV=    6.51
2025-07-15 01:16:23.556 INFO: Epoch 1742: head: Default, loss=0.0009, RMSE_MU_per_atom=0.00 mDebye, RMSE_MU_DERIV=0.00 mDebye / A, RMSE_ALPHA_per_atom=    0.08, RMSE_ALPHA_DERIV=    6.51
2025-07-15 01:17:22.727 INFO: Epoch 1743: head: Default, loss=0.0009, RMSE_MU_per_atom=0.00 mDebye, RMSE_MU_DERIV=0.00 mDebye / A, RMSE_ALPHA_per_atom=    0.08, RMSE_ALPHA_DERIV=    6.51
2025-07-15 01:18:21.922 INFO: Epoch 1744: head: Default, loss=0.0009, RMSE_MU_per_atom=0.00 mDebye, RMSE_MU_DERIV=0.00 mDebye / A, RMSE_ALPHA_per_atom=    0.08, RMSE_ALPHA_DERIV=    6.51
2025-07-15 01:19:21.098 INFO: Epoch 1745: head: Default, loss=0.0009, RMSE_MU_per_atom=0.00 mDebye, RMSE_MU_DERIV=0.00 mDebye / A, RMSE_ALPHA_per_atom=    0.08, RMSE_ALPHA_DERIV=    6.51
2025-07-15 01:20:20.302 INFO: Epoch 1746: head: Default, loss=0.0009, RMSE_MU_per_atom=0.00 mDebye, RMSE_MU_DERIV=0.00 mDebye / A, RMSE_ALPHA_per_atom=    0.08, RMSE_ALPHA_DERIV=    6.51
2025-07-15 01:21:19.496 INFO: Epoch 1747: head: Default, loss=0.0009, RMSE_MU_per_atom=0.00 mDebye, RMSE_MU_DERIV=0.00 mDebye / A, RMSE_ALPHA_per_atom=    0.08, RMSE_ALPHA_DERIV=    6.51
2025-07-15 01:22:18.676 INFO: Epoch 1748: head: Default, loss=0.0009, RMSE_MU_per_atom=0.00 mDebye, RMSE_MU_DERIV=0.00 mDebye / A, RMSE_ALPHA_per_atom=    0.08, RMSE_ALPHA_DERIV=    6.51
2025-07-15 01:23:17.866 INFO: Epoch 1749: head: Default, loss=0.0009, RMSE_MU_per_atom=0.00 mDebye, RMSE_MU_DERIV=0.00 mDebye / A, RMSE_ALPHA_per_atom=    0.08, RMSE_ALPHA_DERIV=    6.51
2025-07-15 01:24:17.051 INFO: Epoch 1750: head: Default, loss=0.0009, RMSE_MU_per_atom=0.00 mDebye, RMSE_MU_DERIV=0.00 mDebye / A, RMSE_ALPHA_per_atom=    0.08, RMSE_ALPHA_DERIV=    6.51
2025-07-15 01:25:16.228 INFO: Epoch 1751: head: Default, loss=0.0009, RMSE_MU_per_atom=0.00 mDebye, RMSE_MU_DERIV=0.00 mDebye / A, RMSE_ALPHA_per_atom=    0.08, RMSE_ALPHA_DERIV=    6.51
2025-07-15 01:26:15.426 INFO: Epoch 1752: head: Default, loss=0.0009, RMSE_MU_per_atom=0.00 mDebye, RMSE_MU_DERIV=0.00 mDebye / A, RMSE_ALPHA_per_atom=    0.08, RMSE_ALPHA_DERIV=    6.51
2025-07-15 01:27:14.604 INFO: Epoch 1753: head: Default, loss=0.0009, RMSE_MU_per_atom=0.00 mDebye, RMSE_MU_DERIV=0.00 mDebye / A, RMSE_ALPHA_per_atom=    0.08, RMSE_ALPHA_DERIV=    6.51
2025-07-15 01:28:13.781 INFO: Epoch 1754: head: Default, loss=0.0009, RMSE_MU_per_atom=0.00 mDebye, RMSE_MU_DERIV=0.00 mDebye / A, RMSE_ALPHA_per_atom=    0.08, RMSE_ALPHA_DERIV=    6.51
2025-07-15 01:29:12.971 INFO: Epoch 1755: head: Default, loss=0.0009, RMSE_MU_per_atom=0.00 mDebye, RMSE_MU_DERIV=0.00 mDebye / A, RMSE_ALPHA_per_atom=    0.08, RMSE_ALPHA_DERIV=    6.51
2025-07-15 01:30:12.148 INFO: Epoch 1756: head: Default, loss=0.0009, RMSE_MU_per_atom=0.00 mDebye, RMSE_MU_DERIV=0.00 mDebye / A, RMSE_ALPHA_per_atom=    0.08, RMSE_ALPHA_DERIV=    6.51
2025-07-15 01:31:11.325 INFO: Epoch 1757: head: Default, loss=0.0009, RMSE_MU_per_atom=0.00 mDebye, RMSE_MU_DERIV=0.00 mDebye / A, RMSE_ALPHA_per_atom=    0.08, RMSE_ALPHA_DERIV=    6.51
2025-07-15 01:32:10.510 INFO: Epoch 1758: head: Default, loss=0.0009, RMSE_MU_per_atom=0.00 mDebye, RMSE_MU_DERIV=0.00 mDebye / A, RMSE_ALPHA_per_atom=    0.08, RMSE_ALPHA_DERIV=    6.51
2025-07-15 01:33:09.682 INFO: Epoch 1759: head: Default, loss=0.0009, RMSE_MU_per_atom=0.00 mDebye, RMSE_MU_DERIV=0.00 mDebye / A, RMSE_ALPHA_per_atom=    0.08, RMSE_ALPHA_DERIV=    6.51
2025-07-15 01:34:08.853 INFO: Epoch 1760: head: Default, loss=0.0009, RMSE_MU_per_atom=0.00 mDebye, RMSE_MU_DERIV=0.00 mDebye / A, RMSE_ALPHA_per_atom=    0.08, RMSE_ALPHA_DERIV=    6.51
2025-07-15 01:35:08.012 INFO: Epoch 1761: head: Default, loss=0.0009, RMSE_MU_per_atom=0.00 mDebye, RMSE_MU_DERIV=0.00 mDebye / A, RMSE_ALPHA_per_atom=    0.08, RMSE_ALPHA_DERIV=    6.51
2025-07-15 01:36:07.201 INFO: Epoch 1762: head: Default, loss=0.0009, RMSE_MU_per_atom=0.00 mDebye, RMSE_MU_DERIV=0.00 mDebye / A, RMSE_ALPHA_per_atom=    0.08, RMSE_ALPHA_DERIV=    6.51
2025-07-15 01:37:06.377 INFO: Epoch 1763: head: Default, loss=0.0009, RMSE_MU_per_atom=0.00 mDebye, RMSE_MU_DERIV=0.00 mDebye / A, RMSE_ALPHA_per_atom=    0.08, RMSE_ALPHA_DERIV=    6.51
2025-07-15 01:38:05.543 INFO: Epoch 1764: head: Default, loss=0.0009, RMSE_MU_per_atom=0.00 mDebye, RMSE_MU_DERIV=0.00 mDebye / A, RMSE_ALPHA_per_atom=    0.08, RMSE_ALPHA_DERIV=    6.51
2025-07-15 01:39:04.740 INFO: Epoch 1765: head: Default, loss=0.0009, RMSE_MU_per_atom=0.00 mDebye, RMSE_MU_DERIV=0.00 mDebye / A, RMSE_ALPHA_per_atom=    0.08, RMSE_ALPHA_DERIV=    6.51
2025-07-15 01:40:03.922 INFO: Epoch 1766: head: Default, loss=0.0009, RMSE_MU_per_atom=0.00 mDebye, RMSE_MU_DERIV=0.00 mDebye / A, RMSE_ALPHA_per_atom=    0.08, RMSE_ALPHA_DERIV=    6.51
2025-07-15 01:41:03.106 INFO: Epoch 1767: head: Default, loss=0.0009, RMSE_MU_per_atom=0.00 mDebye, RMSE_MU_DERIV=0.00 mDebye / A, RMSE_ALPHA_per_atom=    0.08, RMSE_ALPHA_DERIV=    6.51
2025-07-15 01:42:02.308 INFO: Epoch 1768: head: Default, loss=0.0009, RMSE_MU_per_atom=0.00 mDebye, RMSE_MU_DERIV=0.00 mDebye / A, RMSE_ALPHA_per_atom=    0.08, RMSE_ALPHA_DERIV=    6.51
2025-07-15 01:43:01.494 INFO: Epoch 1769: head: Default, loss=0.0009, RMSE_MU_per_atom=0.00 mDebye, RMSE_MU_DERIV=0.00 mDebye / A, RMSE_ALPHA_per_atom=    0.08, RMSE_ALPHA_DERIV=    6.51
2025-07-15 01:44:00.669 INFO: Epoch 1770: head: Default, loss=0.0009, RMSE_MU_per_atom=0.00 mDebye, RMSE_MU_DERIV=0.00 mDebye / A, RMSE_ALPHA_per_atom=    0.08, RMSE_ALPHA_DERIV=    6.51
2025-07-15 01:44:59.857 INFO: Epoch 1771: head: Default, loss=0.0009, RMSE_MU_per_atom=0.00 mDebye, RMSE_MU_DERIV=0.00 mDebye / A, RMSE_ALPHA_per_atom=    0.08, RMSE_ALPHA_DERIV=    6.51
2025-07-15 01:45:59.040 INFO: Epoch 1772: head: Default, loss=0.0009, RMSE_MU_per_atom=0.00 mDebye, RMSE_MU_DERIV=0.00 mDebye / A, RMSE_ALPHA_per_atom=    0.08, RMSE_ALPHA_DERIV=    6.51
2025-07-15 01:46:58.222 INFO: Epoch 1773: head: Default, loss=0.0009, RMSE_MU_per_atom=0.00 mDebye, RMSE_MU_DERIV=0.00 mDebye / A, RMSE_ALPHA_per_atom=    0.08, RMSE_ALPHA_DERIV=    6.51
2025-07-15 01:47:57.399 INFO: Epoch 1774: head: Default, loss=0.0009, RMSE_MU_per_atom=0.00 mDebye, RMSE_MU_DERIV=0.00 mDebye / A, RMSE_ALPHA_per_atom=    0.08, RMSE_ALPHA_DERIV=    6.51
2025-07-15 01:48:56.575 INFO: Epoch 1775: head: Default, loss=0.0009, RMSE_MU_per_atom=0.00 mDebye, RMSE_MU_DERIV=0.00 mDebye / A, RMSE_ALPHA_per_atom=    0.08, RMSE_ALPHA_DERIV=    6.51
2025-07-15 01:49:55.768 INFO: Epoch 1776: head: Default, loss=0.0009, RMSE_MU_per_atom=0.00 mDebye, RMSE_MU_DERIV=0.00 mDebye / A, RMSE_ALPHA_per_atom=    0.08, RMSE_ALPHA_DERIV=    6.51
2025-07-15 01:50:54.961 INFO: Epoch 1777: head: Default, loss=0.0009, RMSE_MU_per_atom=0.00 mDebye, RMSE_MU_DERIV=0.00 mDebye / A, RMSE_ALPHA_per_atom=    0.08, RMSE_ALPHA_DERIV=    6.51
2025-07-15 01:51:54.142 INFO: Epoch 1778: head: Default, loss=0.0009, RMSE_MU_per_atom=0.00 mDebye, RMSE_MU_DERIV=0.00 mDebye / A, RMSE_ALPHA_per_atom=    0.08, RMSE_ALPHA_DERIV=    6.51
2025-07-15 01:52:53.322 INFO: Epoch 1779: head: Default, loss=0.0009, RMSE_MU_per_atom=0.00 mDebye, RMSE_MU_DERIV=0.00 mDebye / A, RMSE_ALPHA_per_atom=    0.08, RMSE_ALPHA_DERIV=    6.51
2025-07-15 01:53:52.485 INFO: Epoch 1780: head: Default, loss=0.0009, RMSE_MU_per_atom=0.00 mDebye, RMSE_MU_DERIV=0.00 mDebye / A, RMSE_ALPHA_per_atom=    0.08, RMSE_ALPHA_DERIV=    6.51
2025-07-15 01:54:51.645 INFO: Epoch 1781: head: Default, loss=0.0009, RMSE_MU_per_atom=0.00 mDebye, RMSE_MU_DERIV=0.00 mDebye / A, RMSE_ALPHA_per_atom=    0.08, RMSE_ALPHA_DERIV=    6.51
2025-07-15 01:55:50.804 INFO: Epoch 1782: head: Default, loss=0.0009, RMSE_MU_per_atom=0.00 mDebye, RMSE_MU_DERIV=0.00 mDebye / A, RMSE_ALPHA_per_atom=    0.08, RMSE_ALPHA_DERIV=    6.51
2025-07-15 01:56:49.978 INFO: Epoch 1783: head: Default, loss=0.0009, RMSE_MU_per_atom=0.00 mDebye, RMSE_MU_DERIV=0.00 mDebye / A, RMSE_ALPHA_per_atom=    0.08, RMSE_ALPHA_DERIV=    6.51
2025-07-15 01:57:49.151 INFO: Epoch 1784: head: Default, loss=0.0009, RMSE_MU_per_atom=0.00 mDebye, RMSE_MU_DERIV=0.00 mDebye / A, RMSE_ALPHA_per_atom=    0.08, RMSE_ALPHA_DERIV=    6.51
2025-07-15 01:58:48.319 INFO: Epoch 1785: head: Default, loss=0.0009, RMSE_MU_per_atom=0.00 mDebye, RMSE_MU_DERIV=0.00 mDebye / A, RMSE_ALPHA_per_atom=    0.08, RMSE_ALPHA_DERIV=    6.51
2025-07-15 01:59:47.494 INFO: Epoch 1786: head: Default, loss=0.0009, RMSE_MU_per_atom=0.00 mDebye, RMSE_MU_DERIV=0.00 mDebye / A, RMSE_ALPHA_per_atom=    0.08, RMSE_ALPHA_DERIV=    6.51
2025-07-15 02:00:46.672 INFO: Epoch 1787: head: Default, loss=0.0009, RMSE_MU_per_atom=0.00 mDebye, RMSE_MU_DERIV=0.00 mDebye / A, RMSE_ALPHA_per_atom=    0.08, RMSE_ALPHA_DERIV=    6.51
2025-07-15 02:01:45.847 INFO: Epoch 1788: head: Default, loss=0.0009, RMSE_MU_per_atom=0.00 mDebye, RMSE_MU_DERIV=0.00 mDebye / A, RMSE_ALPHA_per_atom=    0.08, RMSE_ALPHA_DERIV=    6.51
2025-07-15 02:02:45.034 INFO: Epoch 1789: head: Default, loss=0.0009, RMSE_MU_per_atom=0.00 mDebye, RMSE_MU_DERIV=0.00 mDebye / A, RMSE_ALPHA_per_atom=    0.08, RMSE_ALPHA_DERIV=    6.51
2025-07-15 02:03:44.210 INFO: Epoch 1790: head: Default, loss=0.0009, RMSE_MU_per_atom=0.00 mDebye, RMSE_MU_DERIV=0.00 mDebye / A, RMSE_ALPHA_per_atom=    0.08, RMSE_ALPHA_DERIV=    6.51
2025-07-15 02:04:43.390 INFO: Epoch 1791: head: Default, loss=0.0009, RMSE_MU_per_atom=0.00 mDebye, RMSE_MU_DERIV=0.00 mDebye / A, RMSE_ALPHA_per_atom=    0.08, RMSE_ALPHA_DERIV=    6.51
2025-07-15 02:05:42.575 INFO: Epoch 1792: head: Default, loss=0.0009, RMSE_MU_per_atom=0.00 mDebye, RMSE_MU_DERIV=0.00 mDebye / A, RMSE_ALPHA_per_atom=    0.08, RMSE_ALPHA_DERIV=    6.51
2025-07-15 02:06:41.746 INFO: Epoch 1793: head: Default, loss=0.0009, RMSE_MU_per_atom=0.00 mDebye, RMSE_MU_DERIV=0.00 mDebye / A, RMSE_ALPHA_per_atom=    0.08, RMSE_ALPHA_DERIV=    6.51
2025-07-15 02:07:40.925 INFO: Epoch 1794: head: Default, loss=0.0009, RMSE_MU_per_atom=0.00 mDebye, RMSE_MU_DERIV=0.00 mDebye / A, RMSE_ALPHA_per_atom=    0.08, RMSE_ALPHA_DERIV=    6.51
2025-07-15 02:08:40.095 INFO: Epoch 1795: head: Default, loss=0.0009, RMSE_MU_per_atom=0.00 mDebye, RMSE_MU_DERIV=0.00 mDebye / A, RMSE_ALPHA_per_atom=    0.08, RMSE_ALPHA_DERIV=    6.51
2025-07-15 02:09:39.272 INFO: Epoch 1796: head: Default, loss=0.0009, RMSE_MU_per_atom=0.00 mDebye, RMSE_MU_DERIV=0.00 mDebye / A, RMSE_ALPHA_per_atom=    0.08, RMSE_ALPHA_DERIV=    6.51
2025-07-15 02:10:38.444 INFO: Epoch 1797: head: Default, loss=0.0009, RMSE_MU_per_atom=0.00 mDebye, RMSE_MU_DERIV=0.00 mDebye / A, RMSE_ALPHA_per_atom=    0.08, RMSE_ALPHA_DERIV=    6.51
2025-07-15 02:11:37.614 INFO: Epoch 1798: head: Default, loss=0.0009, RMSE_MU_per_atom=0.00 mDebye, RMSE_MU_DERIV=0.00 mDebye / A, RMSE_ALPHA_per_atom=    0.08, RMSE_ALPHA_DERIV=    6.51
2025-07-15 02:12:36.800 INFO: Epoch 1799: head: Default, loss=0.0009, RMSE_MU_per_atom=0.00 mDebye, RMSE_MU_DERIV=0.00 mDebye / A, RMSE_ALPHA_per_atom=    0.08, RMSE_ALPHA_DERIV=    6.51
2025-07-15 02:13:35.986 INFO: Epoch 1800: head: Default, loss=0.0009, RMSE_MU_per_atom=0.00 mDebye, RMSE_MU_DERIV=0.00 mDebye / A, RMSE_ALPHA_per_atom=    0.08, RMSE_ALPHA_DERIV=    6.51
2025-07-15 02:14:35.174 INFO: Epoch 1801: head: Default, loss=0.0009, RMSE_MU_per_atom=0.00 mDebye, RMSE_MU_DERIV=0.00 mDebye / A, RMSE_ALPHA_per_atom=    0.08, RMSE_ALPHA_DERIV=    6.51
2025-07-15 02:15:34.371 INFO: Epoch 1802: head: Default, loss=0.0009, RMSE_MU_per_atom=0.00 mDebye, RMSE_MU_DERIV=0.00 mDebye / A, RMSE_ALPHA_per_atom=    0.08, RMSE_ALPHA_DERIV=    6.51
2025-07-15 02:16:33.553 INFO: Epoch 1803: head: Default, loss=0.0009, RMSE_MU_per_atom=0.00 mDebye, RMSE_MU_DERIV=0.00 mDebye / A, RMSE_ALPHA_per_atom=    0.08, RMSE_ALPHA_DERIV=    6.51
2025-07-15 02:17:32.726 INFO: Epoch 1804: head: Default, loss=0.0009, RMSE_MU_per_atom=0.00 mDebye, RMSE_MU_DERIV=0.00 mDebye / A, RMSE_ALPHA_per_atom=    0.08, RMSE_ALPHA_DERIV=    6.51
2025-07-15 02:18:31.907 INFO: Epoch 1805: head: Default, loss=0.0009, RMSE_MU_per_atom=0.00 mDebye, RMSE_MU_DERIV=0.00 mDebye / A, RMSE_ALPHA_per_atom=    0.08, RMSE_ALPHA_DERIV=    6.51
2025-07-15 02:19:31.099 INFO: Epoch 1806: head: Default, loss=0.0009, RMSE_MU_per_atom=0.00 mDebye, RMSE_MU_DERIV=0.00 mDebye / A, RMSE_ALPHA_per_atom=    0.08, RMSE_ALPHA_DERIV=    6.51
2025-07-15 02:20:30.284 INFO: Epoch 1807: head: Default, loss=0.0009, RMSE_MU_per_atom=0.00 mDebye, RMSE_MU_DERIV=0.00 mDebye / A, RMSE_ALPHA_per_atom=    0.08, RMSE_ALPHA_DERIV=    6.51
2025-07-15 02:21:29.462 INFO: Epoch 1808: head: Default, loss=0.0009, RMSE_MU_per_atom=0.00 mDebye, RMSE_MU_DERIV=0.00 mDebye / A, RMSE_ALPHA_per_atom=    0.08, RMSE_ALPHA_DERIV=    6.51
2025-07-15 02:22:28.643 INFO: Epoch 1809: head: Default, loss=0.0009, RMSE_MU_per_atom=0.00 mDebye, RMSE_MU_DERIV=0.00 mDebye / A, RMSE_ALPHA_per_atom=    0.08, RMSE_ALPHA_DERIV=    6.51
2025-07-15 02:23:27.818 INFO: Epoch 1810: head: Default, loss=0.0009, RMSE_MU_per_atom=0.00 mDebye, RMSE_MU_DERIV=0.00 mDebye / A, RMSE_ALPHA_per_atom=    0.08, RMSE_ALPHA_DERIV=    6.51
2025-07-15 02:24:26.994 INFO: Epoch 1811: head: Default, loss=0.0009, RMSE_MU_per_atom=0.00 mDebye, RMSE_MU_DERIV=0.00 mDebye / A, RMSE_ALPHA_per_atom=    0.08, RMSE_ALPHA_DERIV=    6.51
2025-07-15 02:25:26.160 INFO: Epoch 1812: head: Default, loss=0.0009, RMSE_MU_per_atom=0.00 mDebye, RMSE_MU_DERIV=0.00 mDebye / A, RMSE_ALPHA_per_atom=    0.08, RMSE_ALPHA_DERIV=    6.51
2025-07-15 02:26:25.340 INFO: Epoch 1813: head: Default, loss=0.0009, RMSE_MU_per_atom=0.00 mDebye, RMSE_MU_DERIV=0.00 mDebye / A, RMSE_ALPHA_per_atom=    0.08, RMSE_ALPHA_DERIV=    6.51
2025-07-15 02:27:24.525 INFO: Epoch 1814: head: Default, loss=0.0009, RMSE_MU_per_atom=0.00 mDebye, RMSE_MU_DERIV=0.00 mDebye / A, RMSE_ALPHA_per_atom=    0.08, RMSE_ALPHA_DERIV=    6.51
2025-07-15 02:28:23.712 INFO: Epoch 1815: head: Default, loss=0.0009, RMSE_MU_per_atom=0.00 mDebye, RMSE_MU_DERIV=0.00 mDebye / A, RMSE_ALPHA_per_atom=    0.08, RMSE_ALPHA_DERIV=    6.51
2025-07-15 02:29:22.899 INFO: Epoch 1816: head: Default, loss=0.0009, RMSE_MU_per_atom=0.00 mDebye, RMSE_MU_DERIV=0.00 mDebye / A, RMSE_ALPHA_per_atom=    0.08, RMSE_ALPHA_DERIV=    6.51
2025-07-15 02:30:22.065 INFO: Epoch 1817: head: Default, loss=0.0009, RMSE_MU_per_atom=0.00 mDebye, RMSE_MU_DERIV=0.00 mDebye / A, RMSE_ALPHA_per_atom=    0.08, RMSE_ALPHA_DERIV=    6.51
2025-07-15 02:31:21.234 INFO: Epoch 1818: head: Default, loss=0.0009, RMSE_MU_per_atom=0.00 mDebye, RMSE_MU_DERIV=0.00 mDebye / A, RMSE_ALPHA_per_atom=    0.08, RMSE_ALPHA_DERIV=    6.51
2025-07-15 02:32:20.413 INFO: Epoch 1819: head: Default, loss=0.0009, RMSE_MU_per_atom=0.00 mDebye, RMSE_MU_DERIV=0.00 mDebye / A, RMSE_ALPHA_per_atom=    0.08, RMSE_ALPHA_DERIV=    6.51
2025-07-15 02:33:19.595 INFO: Epoch 1820: head: Default, loss=0.0009, RMSE_MU_per_atom=0.00 mDebye, RMSE_MU_DERIV=0.00 mDebye / A, RMSE_ALPHA_per_atom=    0.08, RMSE_ALPHA_DERIV=    6.51
2025-07-15 02:34:18.765 INFO: Epoch 1821: head: Default, loss=0.0009, RMSE_MU_per_atom=0.00 mDebye, RMSE_MU_DERIV=0.00 mDebye / A, RMSE_ALPHA_per_atom=    0.08, RMSE_ALPHA_DERIV=    6.51
2025-07-15 02:35:17.945 INFO: Epoch 1822: head: Default, loss=0.0009, RMSE_MU_per_atom=0.00 mDebye, RMSE_MU_DERIV=0.00 mDebye / A, RMSE_ALPHA_per_atom=    0.08, RMSE_ALPHA_DERIV=    6.51
2025-07-15 02:36:17.116 INFO: Epoch 1823: head: Default, loss=0.0009, RMSE_MU_per_atom=0.00 mDebye, RMSE_MU_DERIV=0.00 mDebye / A, RMSE_ALPHA_per_atom=    0.08, RMSE_ALPHA_DERIV=    6.51
2025-07-15 02:37:16.296 INFO: Epoch 1824: head: Default, loss=0.0009, RMSE_MU_per_atom=0.00 mDebye, RMSE_MU_DERIV=0.00 mDebye / A, RMSE_ALPHA_per_atom=    0.08, RMSE_ALPHA_DERIV=    6.51
2025-07-15 02:38:15.475 INFO: Epoch 1825: head: Default, loss=0.0009, RMSE_MU_per_atom=0.00 mDebye, RMSE_MU_DERIV=0.00 mDebye / A, RMSE_ALPHA_per_atom=    0.08, RMSE_ALPHA_DERIV=    6.51
2025-07-15 02:39:14.657 INFO: Epoch 1826: head: Default, loss=0.0009, RMSE_MU_per_atom=0.00 mDebye, RMSE_MU_DERIV=0.00 mDebye / A, RMSE_ALPHA_per_atom=    0.08, RMSE_ALPHA_DERIV=    6.51
2025-07-15 02:40:13.820 INFO: Epoch 1827: head: Default, loss=0.0009, RMSE_MU_per_atom=0.00 mDebye, RMSE_MU_DERIV=0.00 mDebye / A, RMSE_ALPHA_per_atom=    0.08, RMSE_ALPHA_DERIV=    6.51
2025-07-15 02:41:12.988 INFO: Epoch 1828: head: Default, loss=0.0009, RMSE_MU_per_atom=0.00 mDebye, RMSE_MU_DERIV=0.00 mDebye / A, RMSE_ALPHA_per_atom=    0.08, RMSE_ALPHA_DERIV=    6.51
2025-07-15 02:42:12.159 INFO: Epoch 1829: head: Default, loss=0.0009, RMSE_MU_per_atom=0.00 mDebye, RMSE_MU_DERIV=0.00 mDebye / A, RMSE_ALPHA_per_atom=    0.08, RMSE_ALPHA_DERIV=    6.51
2025-07-15 02:43:11.324 INFO: Epoch 1830: head: Default, loss=0.0009, RMSE_MU_per_atom=0.00 mDebye, RMSE_MU_DERIV=0.00 mDebye / A, RMSE_ALPHA_per_atom=    0.08, RMSE_ALPHA_DERIV=    6.51
2025-07-15 02:44:10.493 INFO: Epoch 1831: head: Default, loss=0.0009, RMSE_MU_per_atom=0.00 mDebye, RMSE_MU_DERIV=0.00 mDebye / A, RMSE_ALPHA_per_atom=    0.08, RMSE_ALPHA_DERIV=    6.51
2025-07-15 02:45:09.668 INFO: Epoch 1832: head: Default, loss=0.0009, RMSE_MU_per_atom=0.00 mDebye, RMSE_MU_DERIV=0.00 mDebye / A, RMSE_ALPHA_per_atom=    0.08, RMSE_ALPHA_DERIV=    6.51
2025-07-15 02:46:08.828 INFO: Epoch 1833: head: Default, loss=0.0009, RMSE_MU_per_atom=0.00 mDebye, RMSE_MU_DERIV=0.00 mDebye / A, RMSE_ALPHA_per_atom=    0.08, RMSE_ALPHA_DERIV=    6.51
2025-07-15 02:47:08.000 INFO: Epoch 1834: head: Default, loss=0.0009, RMSE_MU_per_atom=0.00 mDebye, RMSE_MU_DERIV=0.00 mDebye / A, RMSE_ALPHA_per_atom=    0.08, RMSE_ALPHA_DERIV=    6.51
2025-07-15 02:48:07.169 INFO: Epoch 1835: head: Default, loss=0.0009, RMSE_MU_per_atom=0.00 mDebye, RMSE_MU_DERIV=0.00 mDebye / A, RMSE_ALPHA_per_atom=    0.08, RMSE_ALPHA_DERIV=    6.51
2025-07-15 02:49:06.341 INFO: Epoch 1836: head: Default, loss=0.0009, RMSE_MU_per_atom=0.00 mDebye, RMSE_MU_DERIV=0.00 mDebye / A, RMSE_ALPHA_per_atom=    0.08, RMSE_ALPHA_DERIV=    6.51
2025-07-15 02:50:05.514 INFO: Epoch 1837: head: Default, loss=0.0009, RMSE_MU_per_atom=0.00 mDebye, RMSE_MU_DERIV=0.00 mDebye / A, RMSE_ALPHA_per_atom=    0.08, RMSE_ALPHA_DERIV=    6.51
2025-07-15 02:51:04.695 INFO: Epoch 1838: head: Default, loss=0.0009, RMSE_MU_per_atom=0.00 mDebye, RMSE_MU_DERIV=0.00 mDebye / A, RMSE_ALPHA_per_atom=    0.08, RMSE_ALPHA_DERIV=    6.51
2025-07-15 02:52:03.878 INFO: Epoch 1839: head: Default, loss=0.0009, RMSE_MU_per_atom=0.00 mDebye, RMSE_MU_DERIV=0.00 mDebye / A, RMSE_ALPHA_per_atom=    0.08, RMSE_ALPHA_DERIV=    6.51
2025-07-15 02:53:03.052 INFO: Epoch 1840: head: Default, loss=0.0009, RMSE_MU_per_atom=0.00 mDebye, RMSE_MU_DERIV=0.00 mDebye / A, RMSE_ALPHA_per_atom=    0.08, RMSE_ALPHA_DERIV=    6.51
2025-07-15 02:54:02.235 INFO: Epoch 1841: head: Default, loss=0.0009, RMSE_MU_per_atom=0.00 mDebye, RMSE_MU_DERIV=0.00 mDebye / A, RMSE_ALPHA_per_atom=    0.08, RMSE_ALPHA_DERIV=    6.51
2025-07-15 02:55:01.424 INFO: Epoch 1842: head: Default, loss=0.0009, RMSE_MU_per_atom=0.00 mDebye, RMSE_MU_DERIV=0.00 mDebye / A, RMSE_ALPHA_per_atom=    0.08, RMSE_ALPHA_DERIV=    6.51
2025-07-15 02:56:00.606 INFO: Epoch 1843: head: Default, loss=0.0009, RMSE_MU_per_atom=0.00 mDebye, RMSE_MU_DERIV=0.00 mDebye / A, RMSE_ALPHA_per_atom=    0.08, RMSE_ALPHA_DERIV=    6.51
2025-07-15 02:56:59.782 INFO: Epoch 1844: head: Default, loss=0.0009, RMSE_MU_per_atom=0.00 mDebye, RMSE_MU_DERIV=0.00 mDebye / A, RMSE_ALPHA_per_atom=    0.08, RMSE_ALPHA_DERIV=    6.51
2025-07-15 02:57:58.952 INFO: Epoch 1845: head: Default, loss=0.0009, RMSE_MU_per_atom=0.00 mDebye, RMSE_MU_DERIV=0.00 mDebye / A, RMSE_ALPHA_per_atom=    0.08, RMSE_ALPHA_DERIV=    6.51
2025-07-15 02:58:58.117 INFO: Epoch 1846: head: Default, loss=0.0009, RMSE_MU_per_atom=0.00 mDebye, RMSE_MU_DERIV=0.00 mDebye / A, RMSE_ALPHA_per_atom=    0.08, RMSE_ALPHA_DERIV=    6.51
2025-07-15 02:59:57.287 INFO: Epoch 1847: head: Default, loss=0.0009, RMSE_MU_per_atom=0.00 mDebye, RMSE_MU_DERIV=0.00 mDebye / A, RMSE_ALPHA_per_atom=    0.08, RMSE_ALPHA_DERIV=    6.51
2025-07-15 03:00:56.474 INFO: Epoch 1848: head: Default, loss=0.0009, RMSE_MU_per_atom=0.00 mDebye, RMSE_MU_DERIV=0.00 mDebye / A, RMSE_ALPHA_per_atom=    0.08, RMSE_ALPHA_DERIV=    6.51
2025-07-15 03:01:55.649 INFO: Epoch 1849: head: Default, loss=0.0009, RMSE_MU_per_atom=0.00 mDebye, RMSE_MU_DERIV=0.00 mDebye / A, RMSE_ALPHA_per_atom=    0.08, RMSE_ALPHA_DERIV=    6.51
2025-07-15 03:02:54.822 INFO: Epoch 1850: head: Default, loss=0.0009, RMSE_MU_per_atom=0.00 mDebye, RMSE_MU_DERIV=0.00 mDebye / A, RMSE_ALPHA_per_atom=    0.08, RMSE_ALPHA_DERIV=    6.51
2025-07-15 03:03:54.008 INFO: Epoch 1851: head: Default, loss=0.0009, RMSE_MU_per_atom=0.00 mDebye, RMSE_MU_DERIV=0.00 mDebye / A, RMSE_ALPHA_per_atom=    0.08, RMSE_ALPHA_DERIV=    6.51
2025-07-15 03:04:53.183 INFO: Epoch 1852: head: Default, loss=0.0009, RMSE_MU_per_atom=0.00 mDebye, RMSE_MU_DERIV=0.00 mDebye / A, RMSE_ALPHA_per_atom=    0.08, RMSE_ALPHA_DERIV=    6.51
2025-07-15 03:05:52.376 INFO: Epoch 1853: head: Default, loss=0.0009, RMSE_MU_per_atom=0.00 mDebye, RMSE_MU_DERIV=0.00 mDebye / A, RMSE_ALPHA_per_atom=    0.08, RMSE_ALPHA_DERIV=    6.51
2025-07-15 03:06:51.561 INFO: Epoch 1854: head: Default, loss=0.0009, RMSE_MU_per_atom=0.00 mDebye, RMSE_MU_DERIV=0.00 mDebye / A, RMSE_ALPHA_per_atom=    0.08, RMSE_ALPHA_DERIV=    6.51
2025-07-15 03:07:50.736 INFO: Epoch 1855: head: Default, loss=0.0009, RMSE_MU_per_atom=0.00 mDebye, RMSE_MU_DERIV=0.00 mDebye / A, RMSE_ALPHA_per_atom=    0.08, RMSE_ALPHA_DERIV=    6.51
2025-07-15 03:08:49.913 INFO: Epoch 1856: head: Default, loss=0.0009, RMSE_MU_per_atom=0.00 mDebye, RMSE_MU_DERIV=0.00 mDebye / A, RMSE_ALPHA_per_atom=    0.08, RMSE_ALPHA_DERIV=    6.51
2025-07-15 03:09:49.105 INFO: Epoch 1857: head: Default, loss=0.0009, RMSE_MU_per_atom=0.00 mDebye, RMSE_MU_DERIV=0.00 mDebye / A, RMSE_ALPHA_per_atom=    0.08, RMSE_ALPHA_DERIV=    6.51
2025-07-15 03:10:48.296 INFO: Epoch 1858: head: Default, loss=0.0009, RMSE_MU_per_atom=0.00 mDebye, RMSE_MU_DERIV=0.00 mDebye / A, RMSE_ALPHA_per_atom=    0.08, RMSE_ALPHA_DERIV=    6.51
2025-07-15 03:11:47.467 INFO: Epoch 1859: head: Default, loss=0.0009, RMSE_MU_per_atom=0.00 mDebye, RMSE_MU_DERIV=0.00 mDebye / A, RMSE_ALPHA_per_atom=    0.08, RMSE_ALPHA_DERIV=    6.51
2025-07-15 03:12:46.641 INFO: Epoch 1860: head: Default, loss=0.0009, RMSE_MU_per_atom=0.00 mDebye, RMSE_MU_DERIV=0.00 mDebye / A, RMSE_ALPHA_per_atom=    0.08, RMSE_ALPHA_DERIV=    6.51
2025-07-15 03:13:45.798 INFO: Epoch 1861: head: Default, loss=0.0009, RMSE_MU_per_atom=0.00 mDebye, RMSE_MU_DERIV=0.00 mDebye / A, RMSE_ALPHA_per_atom=    0.08, RMSE_ALPHA_DERIV=    6.51
2025-07-15 03:14:44.957 INFO: Epoch 1862: head: Default, loss=0.0009, RMSE_MU_per_atom=0.00 mDebye, RMSE_MU_DERIV=0.00 mDebye / A, RMSE_ALPHA_per_atom=    0.08, RMSE_ALPHA_DERIV=    6.51
2025-07-15 03:15:44.116 INFO: Epoch 1863: head: Default, loss=0.0009, RMSE_MU_per_atom=0.00 mDebye, RMSE_MU_DERIV=0.00 mDebye / A, RMSE_ALPHA_per_atom=    0.08, RMSE_ALPHA_DERIV=    6.51
2025-07-15 03:16:43.283 INFO: Epoch 1864: head: Default, loss=0.0009, RMSE_MU_per_atom=0.00 mDebye, RMSE_MU_DERIV=0.00 mDebye / A, RMSE_ALPHA_per_atom=    0.08, RMSE_ALPHA_DERIV=    6.51
2025-07-15 03:17:42.447 INFO: Epoch 1865: head: Default, loss=0.0009, RMSE_MU_per_atom=0.00 mDebye, RMSE_MU_DERIV=0.00 mDebye / A, RMSE_ALPHA_per_atom=    0.08, RMSE_ALPHA_DERIV=    6.51
2025-07-15 03:18:41.610 INFO: Epoch 1866: head: Default, loss=0.0009, RMSE_MU_per_atom=0.00 mDebye, RMSE_MU_DERIV=0.00 mDebye / A, RMSE_ALPHA_per_atom=    0.08, RMSE_ALPHA_DERIV=    6.51
2025-07-15 03:19:40.778 INFO: Epoch 1867: head: Default, loss=0.0009, RMSE_MU_per_atom=0.00 mDebye, RMSE_MU_DERIV=0.00 mDebye / A, RMSE_ALPHA_per_atom=    0.08, RMSE_ALPHA_DERIV=    6.51
2025-07-15 03:20:39.944 INFO: Epoch 1868: head: Default, loss=0.0009, RMSE_MU_per_atom=0.00 mDebye, RMSE_MU_DERIV=0.00 mDebye / A, RMSE_ALPHA_per_atom=    0.08, RMSE_ALPHA_DERIV=    6.51
2025-07-15 03:21:39.126 INFO: Epoch 1869: head: Default, loss=0.0009, RMSE_MU_per_atom=0.00 mDebye, RMSE_MU_DERIV=0.00 mDebye / A, RMSE_ALPHA_per_atom=    0.08, RMSE_ALPHA_DERIV=    6.51
2025-07-15 03:22:38.300 INFO: Epoch 1870: head: Default, loss=0.0009, RMSE_MU_per_atom=0.00 mDebye, RMSE_MU_DERIV=0.00 mDebye / A, RMSE_ALPHA_per_atom=    0.08, RMSE_ALPHA_DERIV=    6.51
2025-07-15 03:23:37.494 INFO: Epoch 1871: head: Default, loss=0.0009, RMSE_MU_per_atom=0.00 mDebye, RMSE_MU_DERIV=0.00 mDebye / A, RMSE_ALPHA_per_atom=    0.08, RMSE_ALPHA_DERIV=    6.51
2025-07-15 03:24:36.687 INFO: Epoch 1872: head: Default, loss=0.0009, RMSE_MU_per_atom=0.00 mDebye, RMSE_MU_DERIV=0.00 mDebye / A, RMSE_ALPHA_per_atom=    0.08, RMSE_ALPHA_DERIV=    6.51
2025-07-15 03:25:35.902 INFO: Epoch 1873: head: Default, loss=0.0009, RMSE_MU_per_atom=0.00 mDebye, RMSE_MU_DERIV=0.00 mDebye / A, RMSE_ALPHA_per_atom=    0.08, RMSE_ALPHA_DERIV=    6.51
2025-07-15 03:26:35.113 INFO: Epoch 1874: head: Default, loss=0.0009, RMSE_MU_per_atom=0.00 mDebye, RMSE_MU_DERIV=0.00 mDebye / A, RMSE_ALPHA_per_atom=    0.08, RMSE_ALPHA_DERIV=    6.51
2025-07-15 03:27:34.311 INFO: Epoch 1875: head: Default, loss=0.0009, RMSE_MU_per_atom=0.00 mDebye, RMSE_MU_DERIV=0.00 mDebye / A, RMSE_ALPHA_per_atom=    0.08, RMSE_ALPHA_DERIV=    6.51
2025-07-15 03:28:33.514 INFO: Epoch 1876: head: Default, loss=0.0009, RMSE_MU_per_atom=0.00 mDebye, RMSE_MU_DERIV=0.00 mDebye / A, RMSE_ALPHA_per_atom=    0.08, RMSE_ALPHA_DERIV=    6.51
2025-07-15 03:29:32.701 INFO: Epoch 1877: head: Default, loss=0.0009, RMSE_MU_per_atom=0.00 mDebye, RMSE_MU_DERIV=0.00 mDebye / A, RMSE_ALPHA_per_atom=    0.08, RMSE_ALPHA_DERIV=    6.51
2025-07-15 03:30:31.905 INFO: Epoch 1878: head: Default, loss=0.0009, RMSE_MU_per_atom=0.00 mDebye, RMSE_MU_DERIV=0.00 mDebye / A, RMSE_ALPHA_per_atom=    0.08, RMSE_ALPHA_DERIV=    6.51
2025-07-15 03:31:31.112 INFO: Epoch 1879: head: Default, loss=0.0009, RMSE_MU_per_atom=0.00 mDebye, RMSE_MU_DERIV=0.00 mDebye / A, RMSE_ALPHA_per_atom=    0.08, RMSE_ALPHA_DERIV=    6.51
2025-07-15 03:32:30.304 INFO: Epoch 1880: head: Default, loss=0.0009, RMSE_MU_per_atom=0.00 mDebye, RMSE_MU_DERIV=0.00 mDebye / A, RMSE_ALPHA_per_atom=    0.08, RMSE_ALPHA_DERIV=    6.51
2025-07-15 03:33:29.478 INFO: Epoch 1881: head: Default, loss=0.0009, RMSE_MU_per_atom=0.00 mDebye, RMSE_MU_DERIV=0.00 mDebye / A, RMSE_ALPHA_per_atom=    0.08, RMSE_ALPHA_DERIV=    6.51
2025-07-15 03:34:28.662 INFO: Epoch 1882: head: Default, loss=0.0009, RMSE_MU_per_atom=0.00 mDebye, RMSE_MU_DERIV=0.00 mDebye / A, RMSE_ALPHA_per_atom=    0.08, RMSE_ALPHA_DERIV=    6.51
2025-07-15 03:35:27.847 INFO: Epoch 1883: head: Default, loss=0.0009, RMSE_MU_per_atom=0.00 mDebye, RMSE_MU_DERIV=0.00 mDebye / A, RMSE_ALPHA_per_atom=    0.08, RMSE_ALPHA_DERIV=    6.51
2025-07-15 03:36:27.045 INFO: Epoch 1884: head: Default, loss=0.0009, RMSE_MU_per_atom=0.00 mDebye, RMSE_MU_DERIV=0.00 mDebye / A, RMSE_ALPHA_per_atom=    0.08, RMSE_ALPHA_DERIV=    6.51
2025-07-15 03:37:26.246 INFO: Epoch 1885: head: Default, loss=0.0009, RMSE_MU_per_atom=0.00 mDebye, RMSE_MU_DERIV=0.00 mDebye / A, RMSE_ALPHA_per_atom=    0.08, RMSE_ALPHA_DERIV=    6.51
2025-07-15 03:38:25.450 INFO: Epoch 1886: head: Default, loss=0.0009, RMSE_MU_per_atom=0.00 mDebye, RMSE_MU_DERIV=0.00 mDebye / A, RMSE_ALPHA_per_atom=    0.08, RMSE_ALPHA_DERIV=    6.51
2025-07-15 03:39:24.646 INFO: Epoch 1887: head: Default, loss=0.0009, RMSE_MU_per_atom=0.00 mDebye, RMSE_MU_DERIV=0.00 mDebye / A, RMSE_ALPHA_per_atom=    0.08, RMSE_ALPHA_DERIV=    6.51
2025-07-15 03:40:23.834 INFO: Epoch 1888: head: Default, loss=0.0009, RMSE_MU_per_atom=0.00 mDebye, RMSE_MU_DERIV=0.00 mDebye / A, RMSE_ALPHA_per_atom=    0.08, RMSE_ALPHA_DERIV=    6.51
2025-07-15 03:41:23.021 INFO: Epoch 1889: head: Default, loss=0.0009, RMSE_MU_per_atom=0.00 mDebye, RMSE_MU_DERIV=0.00 mDebye / A, RMSE_ALPHA_per_atom=    0.08, RMSE_ALPHA_DERIV=    6.51
2025-07-15 03:42:22.197 INFO: Epoch 1890: head: Default, loss=0.0009, RMSE_MU_per_atom=0.00 mDebye, RMSE_MU_DERIV=0.00 mDebye / A, RMSE_ALPHA_per_atom=    0.08, RMSE_ALPHA_DERIV=    6.51
2025-07-15 03:43:21.378 INFO: Epoch 1891: head: Default, loss=0.0009, RMSE_MU_per_atom=0.00 mDebye, RMSE_MU_DERIV=0.00 mDebye / A, RMSE_ALPHA_per_atom=    0.08, RMSE_ALPHA_DERIV=    6.51
2025-07-15 03:44:20.563 INFO: Epoch 1892: head: Default, loss=0.0009, RMSE_MU_per_atom=0.00 mDebye, RMSE_MU_DERIV=0.00 mDebye / A, RMSE_ALPHA_per_atom=    0.08, RMSE_ALPHA_DERIV=    6.51
2025-07-15 03:45:19.754 INFO: Epoch 1893: head: Default, loss=0.0009, RMSE_MU_per_atom=0.00 mDebye, RMSE_MU_DERIV=0.00 mDebye / A, RMSE_ALPHA_per_atom=    0.08, RMSE_ALPHA_DERIV=    6.51
2025-07-15 03:46:18.944 INFO: Epoch 1894: head: Default, loss=0.0009, RMSE_MU_per_atom=0.00 mDebye, RMSE_MU_DERIV=0.00 mDebye / A, RMSE_ALPHA_per_atom=    0.08, RMSE_ALPHA_DERIV=    6.51
2025-07-15 03:47:18.127 INFO: Epoch 1895: head: Default, loss=0.0009, RMSE_MU_per_atom=0.00 mDebye, RMSE_MU_DERIV=0.00 mDebye / A, RMSE_ALPHA_per_atom=    0.08, RMSE_ALPHA_DERIV=    6.51
2025-07-15 03:48:17.317 INFO: Epoch 1896: head: Default, loss=0.0009, RMSE_MU_per_atom=0.00 mDebye, RMSE_MU_DERIV=0.00 mDebye / A, RMSE_ALPHA_per_atom=    0.08, RMSE_ALPHA_DERIV=    6.51
2025-07-15 03:49:16.531 INFO: Epoch 1897: head: Default, loss=0.0009, RMSE_MU_per_atom=0.00 mDebye, RMSE_MU_DERIV=0.00 mDebye / A, RMSE_ALPHA_per_atom=    0.08, RMSE_ALPHA_DERIV=    6.51
2025-07-15 03:50:15.727 INFO: Epoch 1898: head: Default, loss=0.0009, RMSE_MU_per_atom=0.00 mDebye, RMSE_MU_DERIV=0.00 mDebye / A, RMSE_ALPHA_per_atom=    0.08, RMSE_ALPHA_DERIV=    6.51
2025-07-15 03:51:14.928 INFO: Epoch 1899: head: Default, loss=0.0009, RMSE_MU_per_atom=0.00 mDebye, RMSE_MU_DERIV=0.00 mDebye / A, RMSE_ALPHA_per_atom=    0.08, RMSE_ALPHA_DERIV=    6.51
2025-07-15 03:52:14.124 INFO: Epoch 1900: head: Default, loss=0.0009, RMSE_MU_per_atom=0.00 mDebye, RMSE_MU_DERIV=0.00 mDebye / A, RMSE_ALPHA_per_atom=    0.08, RMSE_ALPHA_DERIV=    6.51
2025-07-15 03:53:13.319 INFO: Epoch 1901: head: Default, loss=0.0009, RMSE_MU_per_atom=0.00 mDebye, RMSE_MU_DERIV=0.00 mDebye / A, RMSE_ALPHA_per_atom=    0.08, RMSE_ALPHA_DERIV=    6.51
2025-07-15 03:54:12.497 INFO: Epoch 1902: head: Default, loss=0.0009, RMSE_MU_per_atom=0.00 mDebye, RMSE_MU_DERIV=0.00 mDebye / A, RMSE_ALPHA_per_atom=    0.08, RMSE_ALPHA_DERIV=    6.51
2025-07-15 03:55:11.695 INFO: Epoch 1903: head: Default, loss=0.0009, RMSE_MU_per_atom=0.00 mDebye, RMSE_MU_DERIV=0.00 mDebye / A, RMSE_ALPHA_per_atom=    0.08, RMSE_ALPHA_DERIV=    6.51
2025-07-15 03:56:10.893 INFO: Epoch 1904: head: Default, loss=0.0009, RMSE_MU_per_atom=0.00 mDebye, RMSE_MU_DERIV=0.00 mDebye / A, RMSE_ALPHA_per_atom=    0.08, RMSE_ALPHA_DERIV=    6.51
2025-07-15 03:57:10.070 INFO: Epoch 1905: head: Default, loss=0.0009, RMSE_MU_per_atom=0.00 mDebye, RMSE_MU_DERIV=0.00 mDebye / A, RMSE_ALPHA_per_atom=    0.08, RMSE_ALPHA_DERIV=    6.51
2025-07-15 03:58:09.238 INFO: Epoch 1906: head: Default, loss=0.0009, RMSE_MU_per_atom=0.00 mDebye, RMSE_MU_DERIV=0.00 mDebye / A, RMSE_ALPHA_per_atom=    0.08, RMSE_ALPHA_DERIV=    6.51
2025-07-15 03:59:08.410 INFO: Epoch 1907: head: Default, loss=0.0009, RMSE_MU_per_atom=0.00 mDebye, RMSE_MU_DERIV=0.00 mDebye / A, RMSE_ALPHA_per_atom=    0.08, RMSE_ALPHA_DERIV=    6.51
2025-07-15 04:00:07.582 INFO: Epoch 1908: head: Default, loss=0.0009, RMSE_MU_per_atom=0.00 mDebye, RMSE_MU_DERIV=0.00 mDebye / A, RMSE_ALPHA_per_atom=    0.08, RMSE_ALPHA_DERIV=    6.51
2025-07-15 04:01:06.761 INFO: Epoch 1909: head: Default, loss=0.0009, RMSE_MU_per_atom=0.00 mDebye, RMSE_MU_DERIV=0.00 mDebye / A, RMSE_ALPHA_per_atom=    0.08, RMSE_ALPHA_DERIV=    6.51
2025-07-15 04:02:05.941 INFO: Epoch 1910: head: Default, loss=0.0009, RMSE_MU_per_atom=0.00 mDebye, RMSE_MU_DERIV=0.00 mDebye / A, RMSE_ALPHA_per_atom=    0.08, RMSE_ALPHA_DERIV=    6.51
2025-07-15 04:03:05.127 INFO: Epoch 1911: head: Default, loss=0.0009, RMSE_MU_per_atom=0.00 mDebye, RMSE_MU_DERIV=0.00 mDebye / A, RMSE_ALPHA_per_atom=    0.08, RMSE_ALPHA_DERIV=    6.51
2025-07-15 04:04:04.307 INFO: Epoch 1912: head: Default, loss=0.0009, RMSE_MU_per_atom=0.00 mDebye, RMSE_MU_DERIV=0.00 mDebye / A, RMSE_ALPHA_per_atom=    0.08, RMSE_ALPHA_DERIV=    6.51
2025-07-15 04:05:03.494 INFO: Epoch 1913: head: Default, loss=0.0009, RMSE_MU_per_atom=0.00 mDebye, RMSE_MU_DERIV=0.00 mDebye / A, RMSE_ALPHA_per_atom=    0.08, RMSE_ALPHA_DERIV=    6.51
2025-07-15 04:06:02.680 INFO: Epoch 1914: head: Default, loss=0.0009, RMSE_MU_per_atom=0.00 mDebye, RMSE_MU_DERIV=0.00 mDebye / A, RMSE_ALPHA_per_atom=    0.08, RMSE_ALPHA_DERIV=    6.51
2025-07-15 04:07:01.865 INFO: Epoch 1915: head: Default, loss=0.0009, RMSE_MU_per_atom=0.00 mDebye, RMSE_MU_DERIV=0.00 mDebye / A, RMSE_ALPHA_per_atom=    0.08, RMSE_ALPHA_DERIV=    6.51
2025-07-15 04:08:01.050 INFO: Epoch 1916: head: Default, loss=0.0009, RMSE_MU_per_atom=0.00 mDebye, RMSE_MU_DERIV=0.00 mDebye / A, RMSE_ALPHA_per_atom=    0.08, RMSE_ALPHA_DERIV=    6.51
2025-07-15 04:09:00.228 INFO: Epoch 1917: head: Default, loss=0.0009, RMSE_MU_per_atom=0.00 mDebye, RMSE_MU_DERIV=0.00 mDebye / A, RMSE_ALPHA_per_atom=    0.08, RMSE_ALPHA_DERIV=    6.51
2025-07-15 04:09:59.406 INFO: Epoch 1918: head: Default, loss=0.0009, RMSE_MU_per_atom=0.00 mDebye, RMSE_MU_DERIV=0.00 mDebye / A, RMSE_ALPHA_per_atom=    0.08, RMSE_ALPHA_DERIV=    6.51
2025-07-15 04:10:58.592 INFO: Epoch 1919: head: Default, loss=0.0009, RMSE_MU_per_atom=0.00 mDebye, RMSE_MU_DERIV=0.00 mDebye / A, RMSE_ALPHA_per_atom=    0.08, RMSE_ALPHA_DERIV=    6.51
2025-07-15 04:11:57.766 INFO: Epoch 1920: head: Default, loss=0.0009, RMSE_MU_per_atom=0.00 mDebye, RMSE_MU_DERIV=0.00 mDebye / A, RMSE_ALPHA_per_atom=    0.08, RMSE_ALPHA_DERIV=    6.51
2025-07-15 04:12:56.945 INFO: Epoch 1921: head: Default, loss=0.0009, RMSE_MU_per_atom=0.00 mDebye, RMSE_MU_DERIV=0.00 mDebye / A, RMSE_ALPHA_per_atom=    0.08, RMSE_ALPHA_DERIV=    6.51
2025-07-15 04:13:56.113 INFO: Epoch 1922: head: Default, loss=0.0009, RMSE_MU_per_atom=0.00 mDebye, RMSE_MU_DERIV=0.00 mDebye / A, RMSE_ALPHA_per_atom=    0.08, RMSE_ALPHA_DERIV=    6.51
2025-07-15 04:14:55.279 INFO: Epoch 1923: head: Default, loss=0.0009, RMSE_MU_per_atom=0.00 mDebye, RMSE_MU_DERIV=0.00 mDebye / A, RMSE_ALPHA_per_atom=    0.08, RMSE_ALPHA_DERIV=    6.51
2025-07-15 04:15:54.447 INFO: Epoch 1924: head: Default, loss=0.0009, RMSE_MU_per_atom=0.00 mDebye, RMSE_MU_DERIV=0.00 mDebye / A, RMSE_ALPHA_per_atom=    0.08, RMSE_ALPHA_DERIV=    6.51
2025-07-15 04:16:53.612 INFO: Epoch 1925: head: Default, loss=0.0009, RMSE_MU_per_atom=0.00 mDebye, RMSE_MU_DERIV=0.00 mDebye / A, RMSE_ALPHA_per_atom=    0.08, RMSE_ALPHA_DERIV=    6.51
2025-07-15 04:17:52.786 INFO: Epoch 1926: head: Default, loss=0.0009, RMSE_MU_per_atom=0.00 mDebye, RMSE_MU_DERIV=0.00 mDebye / A, RMSE_ALPHA_per_atom=    0.08, RMSE_ALPHA_DERIV=    6.51
2025-07-15 04:18:51.964 INFO: Epoch 1927: head: Default, loss=0.0009, RMSE_MU_per_atom=0.00 mDebye, RMSE_MU_DERIV=0.00 mDebye / A, RMSE_ALPHA_per_atom=    0.08, RMSE_ALPHA_DERIV=    6.51
2025-07-15 04:19:51.127 INFO: Epoch 1928: head: Default, loss=0.0009, RMSE_MU_per_atom=0.00 mDebye, RMSE_MU_DERIV=0.00 mDebye / A, RMSE_ALPHA_per_atom=    0.08, RMSE_ALPHA_DERIV=    6.51
2025-07-15 04:20:50.287 INFO: Epoch 1929: head: Default, loss=0.0009, RMSE_MU_per_atom=0.00 mDebye, RMSE_MU_DERIV=0.00 mDebye / A, RMSE_ALPHA_per_atom=    0.08, RMSE_ALPHA_DERIV=    6.51
2025-07-15 04:21:49.469 INFO: Epoch 1930: head: Default, loss=0.0009, RMSE_MU_per_atom=0.00 mDebye, RMSE_MU_DERIV=0.00 mDebye / A, RMSE_ALPHA_per_atom=    0.08, RMSE_ALPHA_DERIV=    6.51
2025-07-15 04:22:48.632 INFO: Epoch 1931: head: Default, loss=0.0009, RMSE_MU_per_atom=0.00 mDebye, RMSE_MU_DERIV=0.00 mDebye / A, RMSE_ALPHA_per_atom=    0.08, RMSE_ALPHA_DERIV=    6.51
2025-07-15 04:23:47.802 INFO: Epoch 1932: head: Default, loss=0.0009, RMSE_MU_per_atom=0.00 mDebye, RMSE_MU_DERIV=0.00 mDebye / A, RMSE_ALPHA_per_atom=    0.08, RMSE_ALPHA_DERIV=    6.51
2025-07-15 04:24:46.993 INFO: Epoch 1933: head: Default, loss=0.0009, RMSE_MU_per_atom=0.00 mDebye, RMSE_MU_DERIV=0.00 mDebye / A, RMSE_ALPHA_per_atom=    0.08, RMSE_ALPHA_DERIV=    6.51
2025-07-15 04:25:46.178 INFO: Epoch 1934: head: Default, loss=0.0009, RMSE_MU_per_atom=0.00 mDebye, RMSE_MU_DERIV=0.00 mDebye / A, RMSE_ALPHA_per_atom=    0.08, RMSE_ALPHA_DERIV=    6.51
2025-07-15 04:26:45.375 INFO: Epoch 1935: head: Default, loss=0.0009, RMSE_MU_per_atom=0.00 mDebye, RMSE_MU_DERIV=0.00 mDebye / A, RMSE_ALPHA_per_atom=    0.08, RMSE_ALPHA_DERIV=    6.51
2025-07-15 04:27:44.563 INFO: Epoch 1936: head: Default, loss=0.0009, RMSE_MU_per_atom=0.00 mDebye, RMSE_MU_DERIV=0.00 mDebye / A, RMSE_ALPHA_per_atom=    0.08, RMSE_ALPHA_DERIV=    6.51
2025-07-15 04:28:43.770 INFO: Epoch 1937: head: Default, loss=0.0009, RMSE_MU_per_atom=0.00 mDebye, RMSE_MU_DERIV=0.00 mDebye / A, RMSE_ALPHA_per_atom=    0.08, RMSE_ALPHA_DERIV=    6.51
2025-07-15 04:29:42.970 INFO: Epoch 1938: head: Default, loss=0.0009, RMSE_MU_per_atom=0.00 mDebye, RMSE_MU_DERIV=0.00 mDebye / A, RMSE_ALPHA_per_atom=    0.08, RMSE_ALPHA_DERIV=    6.51
2025-07-15 04:30:42.167 INFO: Epoch 1939: head: Default, loss=0.0009, RMSE_MU_per_atom=0.00 mDebye, RMSE_MU_DERIV=0.00 mDebye / A, RMSE_ALPHA_per_atom=    0.08, RMSE_ALPHA_DERIV=    6.51
2025-07-15 04:31:41.367 INFO: Epoch 1940: head: Default, loss=0.0009, RMSE_MU_per_atom=0.00 mDebye, RMSE_MU_DERIV=0.00 mDebye / A, RMSE_ALPHA_per_atom=    0.08, RMSE_ALPHA_DERIV=    6.51
2025-07-15 04:32:40.575 INFO: Epoch 1941: head: Default, loss=0.0009, RMSE_MU_per_atom=0.00 mDebye, RMSE_MU_DERIV=0.00 mDebye / A, RMSE_ALPHA_per_atom=    0.08, RMSE_ALPHA_DERIV=    6.51
2025-07-15 04:33:39.780 INFO: Epoch 1942: head: Default, loss=0.0009, RMSE_MU_per_atom=0.00 mDebye, RMSE_MU_DERIV=0.00 mDebye / A, RMSE_ALPHA_per_atom=    0.08, RMSE_ALPHA_DERIV=    6.51
2025-07-15 04:34:38.994 INFO: Epoch 1943: head: Default, loss=0.0009, RMSE_MU_per_atom=0.00 mDebye, RMSE_MU_DERIV=0.00 mDebye / A, RMSE_ALPHA_per_atom=    0.08, RMSE_ALPHA_DERIV=    6.51
2025-07-15 04:35:38.197 INFO: Epoch 1944: head: Default, loss=0.0009, RMSE_MU_per_atom=0.00 mDebye, RMSE_MU_DERIV=0.00 mDebye / A, RMSE_ALPHA_per_atom=    0.08, RMSE_ALPHA_DERIV=    6.51
2025-07-15 04:36:37.376 INFO: Epoch 1945: head: Default, loss=0.0009, RMSE_MU_per_atom=0.00 mDebye, RMSE_MU_DERIV=0.00 mDebye / A, RMSE_ALPHA_per_atom=    0.08, RMSE_ALPHA_DERIV=    6.51
2025-07-15 04:37:36.823 INFO: Epoch 1946: head: Default, loss=0.0009, RMSE_MU_per_atom=0.00 mDebye, RMSE_MU_DERIV=0.00 mDebye / A, RMSE_ALPHA_per_atom=    0.08, RMSE_ALPHA_DERIV=    6.51
2025-07-15 04:38:35.998 INFO: Epoch 1947: head: Default, loss=0.0009, RMSE_MU_per_atom=0.00 mDebye, RMSE_MU_DERIV=0.00 mDebye / A, RMSE_ALPHA_per_atom=    0.08, RMSE_ALPHA_DERIV=    6.51
2025-07-15 04:39:35.188 INFO: Epoch 1948: head: Default, loss=0.0009, RMSE_MU_per_atom=0.00 mDebye, RMSE_MU_DERIV=0.00 mDebye / A, RMSE_ALPHA_per_atom=    0.08, RMSE_ALPHA_DERIV=    6.51
2025-07-15 04:40:34.353 INFO: Epoch 1949: head: Default, loss=0.0009, RMSE_MU_per_atom=0.00 mDebye, RMSE_MU_DERIV=0.00 mDebye / A, RMSE_ALPHA_per_atom=    0.08, RMSE_ALPHA_DERIV=    6.51
2025-07-15 04:41:33.539 INFO: Epoch 1950: head: Default, loss=0.0009, RMSE_MU_per_atom=0.00 mDebye, RMSE_MU_DERIV=0.00 mDebye / A, RMSE_ALPHA_per_atom=    0.08, RMSE_ALPHA_DERIV=    6.51
2025-07-15 04:42:32.742 INFO: Epoch 1951: head: Default, loss=0.0009, RMSE_MU_per_atom=0.00 mDebye, RMSE_MU_DERIV=0.00 mDebye / A, RMSE_ALPHA_per_atom=    0.08, RMSE_ALPHA_DERIV=    6.51
2025-07-15 04:43:31.926 INFO: Epoch 1952: head: Default, loss=0.0009, RMSE_MU_per_atom=0.00 mDebye, RMSE_MU_DERIV=0.00 mDebye / A, RMSE_ALPHA_per_atom=    0.08, RMSE_ALPHA_DERIV=    6.51
2025-07-15 04:44:31.108 INFO: Epoch 1953: head: Default, loss=0.0009, RMSE_MU_per_atom=0.00 mDebye, RMSE_MU_DERIV=0.00 mDebye / A, RMSE_ALPHA_per_atom=    0.08, RMSE_ALPHA_DERIV=    6.51
2025-07-15 04:45:30.309 INFO: Epoch 1954: head: Default, loss=0.0009, RMSE_MU_per_atom=0.00 mDebye, RMSE_MU_DERIV=0.00 mDebye / A, RMSE_ALPHA_per_atom=    0.08, RMSE_ALPHA_DERIV=    6.51
2025-07-15 04:46:29.508 INFO: Epoch 1955: head: Default, loss=0.0009, RMSE_MU_per_atom=0.00 mDebye, RMSE_MU_DERIV=0.00 mDebye / A, RMSE_ALPHA_per_atom=    0.08, RMSE_ALPHA_DERIV=    6.51
2025-07-15 04:47:28.708 INFO: Epoch 1956: head: Default, loss=0.0009, RMSE_MU_per_atom=0.00 mDebye, RMSE_MU_DERIV=0.00 mDebye / A, RMSE_ALPHA_per_atom=    0.08, RMSE_ALPHA_DERIV=    6.51
2025-07-15 04:48:27.899 INFO: Epoch 1957: head: Default, loss=0.0009, RMSE_MU_per_atom=0.00 mDebye, RMSE_MU_DERIV=0.00 mDebye / A, RMSE_ALPHA_per_atom=    0.08, RMSE_ALPHA_DERIV=    6.51
2025-07-15 04:49:27.101 INFO: Epoch 1958: head: Default, loss=0.0009, RMSE_MU_per_atom=0.00 mDebye, RMSE_MU_DERIV=0.00 mDebye / A, RMSE_ALPHA_per_atom=    0.08, RMSE_ALPHA_DERIV=    6.51
2025-07-15 04:50:26.284 INFO: Epoch 1959: head: Default, loss=0.0009, RMSE_MU_per_atom=0.00 mDebye, RMSE_MU_DERIV=0.00 mDebye / A, RMSE_ALPHA_per_atom=    0.08, RMSE_ALPHA_DERIV=    6.51
2025-07-15 04:51:25.458 INFO: Epoch 1960: head: Default, loss=0.0009, RMSE_MU_per_atom=0.00 mDebye, RMSE_MU_DERIV=0.00 mDebye / A, RMSE_ALPHA_per_atom=    0.08, RMSE_ALPHA_DERIV=    6.51
2025-07-15 04:52:24.626 INFO: Epoch 1961: head: Default, loss=0.0009, RMSE_MU_per_atom=0.00 mDebye, RMSE_MU_DERIV=0.00 mDebye / A, RMSE_ALPHA_per_atom=    0.08, RMSE_ALPHA_DERIV=    6.51
2025-07-15 04:53:23.816 INFO: Epoch 1962: head: Default, loss=0.0009, RMSE_MU_per_atom=0.00 mDebye, RMSE_MU_DERIV=0.00 mDebye / A, RMSE_ALPHA_per_atom=    0.08, RMSE_ALPHA_DERIV=    6.51
2025-07-15 04:54:22.996 INFO: Epoch 1963: head: Default, loss=0.0009, RMSE_MU_per_atom=0.00 mDebye, RMSE_MU_DERIV=0.00 mDebye / A, RMSE_ALPHA_per_atom=    0.08, RMSE_ALPHA_DERIV=    6.51
2025-07-15 04:55:22.185 INFO: Epoch 1964: head: Default, loss=0.0009, RMSE_MU_per_atom=0.00 mDebye, RMSE_MU_DERIV=0.00 mDebye / A, RMSE_ALPHA_per_atom=    0.08, RMSE_ALPHA_DERIV=    6.51
2025-07-15 04:56:21.361 INFO: Epoch 1965: head: Default, loss=0.0009, RMSE_MU_per_atom=0.00 mDebye, RMSE_MU_DERIV=0.00 mDebye / A, RMSE_ALPHA_per_atom=    0.08, RMSE_ALPHA_DERIV=    6.51
2025-07-15 04:57:20.548 INFO: Epoch 1966: head: Default, loss=0.0009, RMSE_MU_per_atom=0.00 mDebye, RMSE_MU_DERIV=0.00 mDebye / A, RMSE_ALPHA_per_atom=    0.08, RMSE_ALPHA_DERIV=    6.51
2025-07-15 04:58:19.741 INFO: Epoch 1967: head: Default, loss=0.0009, RMSE_MU_per_atom=0.00 mDebye, RMSE_MU_DERIV=0.00 mDebye / A, RMSE_ALPHA_per_atom=    0.08, RMSE_ALPHA_DERIV=    6.51
2025-07-15 04:59:18.944 INFO: Epoch 1968: head: Default, loss=0.0009, RMSE_MU_per_atom=0.00 mDebye, RMSE_MU_DERIV=0.00 mDebye / A, RMSE_ALPHA_per_atom=    0.08, RMSE_ALPHA_DERIV=    6.51
2025-07-15 05:00:18.669 INFO: Epoch 1969: head: Default, loss=0.0009, RMSE_MU_per_atom=0.00 mDebye, RMSE_MU_DERIV=0.00 mDebye / A, RMSE_ALPHA_per_atom=    0.08, RMSE_ALPHA_DERIV=    6.51
2025-07-15 05:01:17.842 INFO: Epoch 1970: head: Default, loss=0.0009, RMSE_MU_per_atom=0.00 mDebye, RMSE_MU_DERIV=0.00 mDebye / A, RMSE_ALPHA_per_atom=    0.08, RMSE_ALPHA_DERIV=    6.51
2025-07-15 05:02:17.024 INFO: Epoch 1971: head: Default, loss=0.0009, RMSE_MU_per_atom=0.00 mDebye, RMSE_MU_DERIV=0.00 mDebye / A, RMSE_ALPHA_per_atom=    0.08, RMSE_ALPHA_DERIV=    6.51
2025-07-15 05:03:16.215 INFO: Epoch 1972: head: Default, loss=0.0009, RMSE_MU_per_atom=0.00 mDebye, RMSE_MU_DERIV=0.00 mDebye / A, RMSE_ALPHA_per_atom=    0.08, RMSE_ALPHA_DERIV=    6.51
2025-07-15 05:04:15.397 INFO: Epoch 1973: head: Default, loss=0.0009, RMSE_MU_per_atom=0.00 mDebye, RMSE_MU_DERIV=0.00 mDebye / A, RMSE_ALPHA_per_atom=    0.08, RMSE_ALPHA_DERIV=    6.51
2025-07-15 05:05:14.564 INFO: Epoch 1974: head: Default, loss=0.0009, RMSE_MU_per_atom=0.00 mDebye, RMSE_MU_DERIV=0.00 mDebye / A, RMSE_ALPHA_per_atom=    0.08, RMSE_ALPHA_DERIV=    6.51
2025-07-15 05:06:13.728 INFO: Epoch 1975: head: Default, loss=0.0009, RMSE_MU_per_atom=0.00 mDebye, RMSE_MU_DERIV=0.00 mDebye / A, RMSE_ALPHA_per_atom=    0.08, RMSE_ALPHA_DERIV=    6.51
2025-07-15 05:07:12.902 INFO: Epoch 1976: head: Default, loss=0.0009, RMSE_MU_per_atom=0.00 mDebye, RMSE_MU_DERIV=0.00 mDebye / A, RMSE_ALPHA_per_atom=    0.08, RMSE_ALPHA_DERIV=    6.51
2025-07-15 05:08:12.067 INFO: Epoch 1977: head: Default, loss=0.0009, RMSE_MU_per_atom=0.00 mDebye, RMSE_MU_DERIV=0.00 mDebye / A, RMSE_ALPHA_per_atom=    0.08, RMSE_ALPHA_DERIV=    6.51
2025-07-15 05:09:11.241 INFO: Epoch 1978: head: Default, loss=0.0009, RMSE_MU_per_atom=0.00 mDebye, RMSE_MU_DERIV=0.00 mDebye / A, RMSE_ALPHA_per_atom=    0.08, RMSE_ALPHA_DERIV=    6.51
2025-07-15 05:10:10.407 INFO: Epoch 1979: head: Default, loss=0.0009, RMSE_MU_per_atom=0.00 mDebye, RMSE_MU_DERIV=0.00 mDebye / A, RMSE_ALPHA_per_atom=    0.08, RMSE_ALPHA_DERIV=    6.51
2025-07-15 05:11:09.592 INFO: Epoch 1980: head: Default, loss=0.0009, RMSE_MU_per_atom=0.00 mDebye, RMSE_MU_DERIV=0.00 mDebye / A, RMSE_ALPHA_per_atom=    0.08, RMSE_ALPHA_DERIV=    6.51
2025-07-15 05:12:08.764 INFO: Epoch 1981: head: Default, loss=0.0009, RMSE_MU_per_atom=0.00 mDebye, RMSE_MU_DERIV=0.00 mDebye / A, RMSE_ALPHA_per_atom=    0.08, RMSE_ALPHA_DERIV=    6.51
2025-07-15 05:13:07.931 INFO: Epoch 1982: head: Default, loss=0.0009, RMSE_MU_per_atom=0.00 mDebye, RMSE_MU_DERIV=0.00 mDebye / A, RMSE_ALPHA_per_atom=    0.08, RMSE_ALPHA_DERIV=    6.51
2025-07-15 05:14:07.109 INFO: Epoch 1983: head: Default, loss=0.0009, RMSE_MU_per_atom=0.00 mDebye, RMSE_MU_DERIV=0.00 mDebye / A, RMSE_ALPHA_per_atom=    0.08, RMSE_ALPHA_DERIV=    6.51
2025-07-15 05:15:06.289 INFO: Epoch 1984: head: Default, loss=0.0009, RMSE_MU_per_atom=0.00 mDebye, RMSE_MU_DERIV=0.00 mDebye / A, RMSE_ALPHA_per_atom=    0.08, RMSE_ALPHA_DERIV=    6.51
2025-07-15 05:16:05.458 INFO: Epoch 1985: head: Default, loss=0.0009, RMSE_MU_per_atom=0.00 mDebye, RMSE_MU_DERIV=0.00 mDebye / A, RMSE_ALPHA_per_atom=    0.08, RMSE_ALPHA_DERIV=    6.51
2025-07-15 05:17:04.651 INFO: Epoch 1986: head: Default, loss=0.0009, RMSE_MU_per_atom=0.00 mDebye, RMSE_MU_DERIV=0.00 mDebye / A, RMSE_ALPHA_per_atom=    0.08, RMSE_ALPHA_DERIV=    6.51
2025-07-15 05:18:03.846 INFO: Epoch 1987: head: Default, loss=0.0009, RMSE_MU_per_atom=0.00 mDebye, RMSE_MU_DERIV=0.00 mDebye / A, RMSE_ALPHA_per_atom=    0.08, RMSE_ALPHA_DERIV=    6.51
2025-07-15 05:19:03.006 INFO: Epoch 1988: head: Default, loss=0.0009, RMSE_MU_per_atom=0.00 mDebye, RMSE_MU_DERIV=0.00 mDebye / A, RMSE_ALPHA_per_atom=    0.08, RMSE_ALPHA_DERIV=    6.51
2025-07-15 05:20:02.167 INFO: Epoch 1989: head: Default, loss=0.0009, RMSE_MU_per_atom=0.00 mDebye, RMSE_MU_DERIV=0.00 mDebye / A, RMSE_ALPHA_per_atom=    0.08, RMSE_ALPHA_DERIV=    6.51
2025-07-15 05:21:01.327 INFO: Epoch 1990: head: Default, loss=0.0009, RMSE_MU_per_atom=0.00 mDebye, RMSE_MU_DERIV=0.00 mDebye / A, RMSE_ALPHA_per_atom=    0.08, RMSE_ALPHA_DERIV=    6.51
2025-07-15 05:22:00.505 INFO: Epoch 1991: head: Default, loss=0.0009, RMSE_MU_per_atom=0.00 mDebye, RMSE_MU_DERIV=0.00 mDebye / A, RMSE_ALPHA_per_atom=    0.08, RMSE_ALPHA_DERIV=    6.51
2025-07-15 05:22:59.670 INFO: Epoch 1992: head: Default, loss=0.0009, RMSE_MU_per_atom=0.00 mDebye, RMSE_MU_DERIV=0.00 mDebye / A, RMSE_ALPHA_per_atom=    0.08, RMSE_ALPHA_DERIV=    6.51
2025-07-15 05:23:58.837 INFO: Epoch 1993: head: Default, loss=0.0009, RMSE_MU_per_atom=0.00 mDebye, RMSE_MU_DERIV=0.00 mDebye / A, RMSE_ALPHA_per_atom=    0.08, RMSE_ALPHA_DERIV=    6.51
2025-07-15 05:24:57.998 INFO: Epoch 1994: head: Default, loss=0.0009, RMSE_MU_per_atom=0.00 mDebye, RMSE_MU_DERIV=0.00 mDebye / A, RMSE_ALPHA_per_atom=    0.08, RMSE_ALPHA_DERIV=    6.51
2025-07-15 05:25:57.173 INFO: Epoch 1995: head: Default, loss=0.0009, RMSE_MU_per_atom=0.00 mDebye, RMSE_MU_DERIV=0.00 mDebye / A, RMSE_ALPHA_per_atom=    0.08, RMSE_ALPHA_DERIV=    6.51
2025-07-15 05:26:56.340 INFO: Epoch 1996: head: Default, loss=0.0009, RMSE_MU_per_atom=0.00 mDebye, RMSE_MU_DERIV=0.00 mDebye / A, RMSE_ALPHA_per_atom=    0.08, RMSE_ALPHA_DERIV=    6.51
2025-07-15 05:27:55.511 INFO: Epoch 1997: head: Default, loss=0.0009, RMSE_MU_per_atom=0.00 mDebye, RMSE_MU_DERIV=0.00 mDebye / A, RMSE_ALPHA_per_atom=    0.08, RMSE_ALPHA_DERIV=    6.51
2025-07-15 05:28:54.673 INFO: Epoch 1998: head: Default, loss=0.0009, RMSE_MU_per_atom=0.00 mDebye, RMSE_MU_DERIV=0.00 mDebye / A, RMSE_ALPHA_per_atom=    0.08, RMSE_ALPHA_DERIV=    6.51
2025-07-15 05:29:53.838 INFO: Epoch 1999: head: Default, loss=0.0009, RMSE_MU_per_atom=0.00 mDebye, RMSE_MU_DERIV=0.00 mDebye / A, RMSE_ALPHA_per_atom=    0.08, RMSE_ALPHA_DERIV=    6.51
2025-07-15 05:29:53.838 INFO: Training complete
2025-07-15 05:29:53.838 INFO: 
2025-07-15 05:29:53.838 INFO: ===========RESULTS===========
2025-07-15 05:29:54.204 INFO: Loading checkpoint: ./checkpoints/MoWSSe_sus_ndata_all_subset_320_run-123_epoch-582.pt
2025-07-15 05:29:54.259 INFO: Loaded Stage one model from epoch 582 for evaluation
2025-07-15 05:29:54.259 INFO: Saving model to checkpoints/MoWSSe_sus_ndata_all_subset_320_run-123.model
2025-07-15 05:29:54.531 INFO: Compiling model, saving metadata to MoWSSe_sus_ndata_all_subset_320_compiled.model
2025-07-15 05:29:55.336 INFO: Computing metrics for training, validation, and test sets
2025-07-15 05:29:55.337 INFO: Skipping evaluation for heads: ['pt_head']
2025-07-15 05:29:55.337 INFO: Evaluating train_Default ...
2025-07-15 05:30:16.505 INFO: Evaluating valid_Default ...
2025-07-15 05:30:17.757 INFO: Error-table on TRAIN and VALID:
+---------------+-------------------------+----------------+---------------+------------+-------------------+------------------+
|  config_type  | RMSE MU / mDebye / atom | rel. MU RMSE % | RMSE MU deriv | RMSE ALPHA | rel. ALPHA RMSE % | RMSE ALPHA deriv |
+---------------+-------------------------+----------------+---------------+------------+-------------------+------------------+
| train_Default |           0.00          |      0.0       |      0.00     |    0.04    |        0.3        |       6.48       |
| valid_Default |           0.00          |      0.0       |      0.00     |    0.08    |        0.7        |       6.55       |
+---------------+-------------------------+----------------+---------------+------------+-------------------+------------------+
2025-07-15 05:30:17.757 INFO: Evaluating Default_Default ...
2025-07-15 05:30:40.232 INFO: Error-table on TEST:
+-----------------+-------------------------+----------------+---------------+------------+-------------------+------------------+
|   config_type   | RMSE MU / mDebye / atom | rel. MU RMSE % | RMSE MU deriv | RMSE ALPHA | rel. ALPHA RMSE % | RMSE ALPHA deriv |
+-----------------+-------------------------+----------------+---------------+------------+-------------------+------------------+
| Default_Default |           0.00          |      0.0       |      0.00     |    0.04    |        0.4        |       6.47       |
+-----------------+-------------------------+----------------+---------------+------------+-------------------+------------------+
2025-07-15 05:31:25.455 INFO: Done
