2025-07-12 09:39:55.630 INFO: ===========VERIFYING SETTINGS===========
2025-07-12 09:39:55.630 INFO: MACE version: 0.3.13
2025-07-12 09:39:55.630 DEBUG: Configuration: Namespace(config=None, name='MoWSSe_susram_ndata_all_subset_280_weights_10_1', seed=123, work_dir='.', log_dir='./logs', model_dir='.', checkpoints_dir='./checkpoints', results_dir='./results', downloads_dir='./downloads', device='cuda', default_dtype='float64', distributed=False, log_level='INFO', plot=True, plot_frequency=0, error_table='DipolePolarizabilityDerivRMSE', model='AtomicDipolesMACE', r_max=5.0, radial_type='bessel', num_radial_basis=8, num_cutoff_basis=5, pair_repulsion=False, distance_transform='None', interaction='RealAgnosticResidualInteractionBlock', interaction_first='RealAgnosticResidualInteractionBlock', max_ell=3, correlation=3, num_interactions=2, MLP_irreps='16x0e', radial_MLP='[64, 64, 64]', hidden_irreps='128x0e + 128x1o + 128x2e', num_channels=128, max_L=2, gate='silu', scaling='rms_forces_scaling', avg_num_neighbors=1, compute_avg_num_neighbors=True, compute_stress=False, compute_forces=False, train_file='all_subset_280.xyz', valid_file=None, valid_fraction=0.05, test_file='all_subset_280.xyz', test_dir=None, multi_processed_test=False, num_workers=0, pin_memory=True, atomic_numbers=None, mean=None, std=None, statistics_file=None, E0s=None, foundation_filter_elements=True, heads=None, multiheads_finetuning=True, foundation_head=None, weight_pt_head=1.0, num_samples_pt=10000, force_mh_ft_lr=False, subselect_pt='random', filter_type_pt='none', pt_train_file=None, pt_valid_file=None, foundation_model_elements=False, keep_isolated_atoms=False, energy_key='None', forces_key='None', virials_key='REF_virials', stress_key='None', dipole_key='dipole', dipole_deriv_key='dipole_deriv', polarizability_key='susceptibility_tensor', polarizability_deriv_key='raman_tensor', head_key='head', skip_evaluate_heads='pt_head', loss='dipole_polarizability_deriv', forces_weight=100.0, swa_forces_weight=100.0, energy_weight=1.0, swa_energy_weight=1000.0, virials_weight=1.0, swa_virials_weight=10.0, stress_weight=1.0, swa_stress_weight=10.0, dipole_weight=0.0, swa_dipole_weight=1.0, dipole_deriv_weight=0.0, swa_dipole_deriv_weight=1.0, polarizability_weight=10.0, swa_polarizability_weight=1.0, polarizability_deriv_weight=1.0, swa_polarizability_deriv_weight=1.0, config_type_weights='{"Default":1.0}', huber_delta=0.01, optimizer='adam', beta=0.9, batch_size=10, valid_batch_size=10, lr=0.01, swa_lr=0.001, weight_decay=5e-07, amsgrad=True, scheduler='ReduceLROnPlateau', lr_factor=0.8, scheduler_patience=50, lr_scheduler_gamma=0.9993, swa=False, start_swa=None, lbfgs=False, ema=False, ema_decay=0.99, max_num_epochs=2000, patience=2048, foundation_model=None, foundation_model_readout=True, eval_interval=1, keep_checkpoints=False, save_all_checkpoints=False, restart_latest=True, save_cpu=False, clip_grad=10.0, dry_run=False, enable_cueq=False, wandb=False, wandb_dir=None, wandb_project='', wandb_entity='', wandb_name='', wandb_log_hypers=['num_channels', 'max_L', 'correlation', 'lr', 'swa_lr', 'weight_decay', 'batch_size', 'max_num_epochs', 'start_swa', 'energy_weight', 'forces_weight'], key_specification=KeySpecification(info_keys={'energy': 'None', 'stress': 'None', 'virials': 'REF_virials', 'dipole': 'dipole', 'polarizability': 'susceptibility_tensor', 'head': 'head'}, arrays_keys={'forces': 'None', 'dipole_deriv': 'dipole_deriv', 'polarizability_deriv': 'raman_tensor'}))
2025-07-12 09:39:55.724 INFO: CUDA version: 12.4, CUDA device: 0
2025-07-12 09:39:55.809 DEBUG: Popen(['git', 'version'], cwd=/gpfs/home/theory/phrrpq/dielectrics/training_conv, stdin=None, shell=False, universal_newlines=False)
2025-07-12 09:39:55.860 DEBUG: Popen(['git', 'version'], cwd=/gpfs/home/theory/phrrpq/dielectrics/training_conv, stdin=None, shell=False, universal_newlines=False)
2025-07-12 09:39:55.944 DEBUG: Error accessing Git repository: /gpfs/home/theory/phrrpq/dielectrics/training_conv
2025-07-12 09:39:55.945 INFO: ===========LOADING INPUT DATA===========
2025-07-12 09:39:55.945 INFO: Using heads: ['Default']
2025-07-12 09:39:55.945 INFO: Using the key specifications to parse data:
2025-07-12 09:39:55.945 INFO: Default: KeySpecification(info_keys={'energy': 'None', 'stress': 'None', 'virials': 'REF_virials', 'dipole': 'dipole', 'polarizability': 'susceptibility_tensor', 'head': 'head'}, arrays_keys={'forces': 'None', 'dipole_deriv': 'dipole_deriv', 'polarizability_deriv': 'raman_tensor'})
2025-07-12 09:39:55.945 INFO: =============    Processing head Default     ===========
2025-07-12 09:39:55.946 DEBUG: Loading training file: all_subset_280.xyz
2025-07-12 09:39:56.163 INFO: Training set 1/1 [energy: 0, stress: 0, virials: 0, dipole components: 0, polarizability: 280, head: 280, forces: 0, dipole_deriv: 0, polarizability_deriv: 280]
2025-07-12 09:39:56.165 INFO: Total Training set [energy: 0, stress: 0, virials: 0, dipole components: 0, polarizability: 280, head: 280, forces: 0, dipole_deriv: 0, polarizability_deriv: 280]
2025-07-12 09:39:56.165 INFO: No validation set provided, splitting training data instead.
2025-07-12 09:39:56.167 INFO: Using random 5% of training set for validation with indices saved in: ./valid_indices_123.txt
2025-07-12 09:39:56.168 INFO: Random Split Training set [energy: 0, stress: 0, virials: 0, dipole components: 0, polarizability: 266, head: 266, forces: 0, dipole_deriv: 0, polarizability_deriv: 266]
2025-07-12 09:39:56.169 INFO: Random Split Validation set [energy: 0, stress: 0, virials: 0, dipole components: 0, polarizability: 14, head: 14, forces: 0, dipole_deriv: 0, polarizability_deriv: 14]
2025-07-12 09:39:56.354 INFO: Test set 1/1 [energy: 0, stress: 0, virials: 0, dipole components: 0, polarizability: 280, head: 280, forces: 0, dipole_deriv: 0, polarizability_deriv: 280]
2025-07-12 09:39:56.356 INFO: Total Test set [energy: 0, stress: 0, virials: 0, dipole components: 0, polarizability: 280, head: 280, forces: 0, dipole_deriv: 0, polarizability_deriv: 280]
2025-07-12 09:39:56.356 INFO: Total number of configurations: train=266, valid=14, tests=[Default_Default: 280],
2025-07-12 09:39:56.357 INFO: Atomic Numbers used: [16, 34, 42, 74]
2025-07-12 09:39:56.357 INFO: Processing datasets for head 'Default'
2025-07-12 09:39:56.568 DEBUG: Successfully loaded dataset from ASE files: ['all_subset_280.xyz']
2025-07-12 09:39:56.568 INFO: Combining 1 list datasets for head 'Default'
2025-07-12 09:39:56.579 INFO: Head 'Default' training dataset size: 266
2025-07-12 09:39:56.580 INFO: Computing average number of neighbors
2025-07-12 09:39:56.761 INFO: Average number of neighbors: 18.994586894586895
2025-07-12 09:39:56.762 INFO: During training the following quantities will be reported: dipoles, polarizability, dipole_deriv, polarizability_deriv
2025-07-12 09:39:56.762 INFO: ===========MODEL DETAILS===========
2025-07-12 09:39:56.763 INFO: Building model
2025-07-12 09:39:56.764 INFO: Message passing with 128 channels and max_L=2 (128x0e + 128x1o + 128x2e)
2025-07-12 09:39:56.764 INFO: 2 layers, each with correlation order: 3 (body order: 4) and spherical harmonics up to: l=3
2025-07-12 09:39:56.764 INFO: 8 radial and 5 basis functions
2025-07-12 09:39:56.764 INFO: Radial cutoff: 5.0 A (total receptive field for each atom: 10.0 A)
2025-07-12 09:39:56.764 INFO: Distance transform for radial basis functions: None
2025-07-12 09:39:56.764 INFO: Hidden irreps: 128x0e + 128x1o + 128x2e
2025-07-12 09:39:59.080 DEBUG: AtomicDipolesMACE(
  (node_embedding): LinearNodeEmbeddingBlock(
    (linear): Linear(4x0e -> 128x0e | 512 weights)
  )
  (radial_embedding): RadialEmbeddingBlock(
    (bessel_fn): BesselBasis(r_max=5.0, num_basis=8, trainable=False)
    (cutoff_fn): PolynomialCutoff(p=5, r_max=5.0)
  )
  (spherical_harmonics): SphericalHarmonics()
  (interactions): ModuleList(
    (0): RealAgnosticInteractionBlock(
      (linear_up): Linear(128x0e -> 128x0e | 16384 weights)
      (conv_tp): TensorProduct(128x0e x 1x0e+1x1o+1x2e+1x3o -> 128x0e+128x1o+128x2e+128x3o | 512 paths | 512 weights)
      (conv_tp_weights): FullyConnectedNet[8, 64, 64, 64, 512]
      (linear): Linear(128x0e+128x1o+128x2e+128x3o -> 128x0e+128x1o+128x2e+128x3o | 65536 weights)
      (skip_tp): FullyConnectedTensorProduct(128x0e+128x1o+128x2e+128x3o x 4x0e -> 128x0e+128x1o+128x2e+128x3o | 262144 paths | 262144 weights)
      (reshape): reshape_irreps()
    )
    (1): RealAgnosticResidualInteractionBlock(
      (linear_up): Linear(128x0e+128x1o+128x2e -> 128x0e+128x1o+128x2e | 49152 weights)
      (conv_tp): TensorProduct(128x0e+128x1o+128x2e x 1x0e+1x1o+1x2e+1x3o -> 384x0e+640x1o+640x2e+512x3o | 2176 paths | 2176 weights)
      (conv_tp_weights): FullyConnectedNet[8, 64, 64, 64, 2176]
      (linear): Linear(128x0e+128x0e+128x0e+128x1o+128x1o+128x1o+128x1o+128x1o+128x2e+128x2e+128x2e+128x2e+128x2e+128x3o+128x3o+128x3o+128x3o -> 128x0e+128x1o+128x2e+128x3o | 278528 weights)
      (skip_tp): FullyConnectedTensorProduct(128x0e+128x1o+128x2e x 4x0e -> 128x1o | 65536 paths | 65536 weights)
      (reshape): reshape_irreps()
    )
  )
  (products): ModuleList(
    (0): EquivariantProductBasisBlock(
      (symmetric_contractions): SymmetricContraction(
        (contractions): ModuleList(
          (0): Contraction(
            (contractions_weighting): ModuleList(
              (0-1): 2 x GraphModule()
            )
            (contractions_features): ModuleList(
              (0-1): 2 x GraphModule()
            )
            (weights): ParameterList(
                (0): Parameter containing: [torch.float64 of size 4x4x128 (cuda:0)]
                (1): Parameter containing: [torch.float64 of size 4x1x128 (cuda:0)]
            )
            (graph_opt_main): GraphModule()
          )
          (1): Contraction(
            (contractions_weighting): ModuleList(
              (0-1): 2 x GraphModule()
            )
            (contractions_features): ModuleList(
              (0-1): 2 x GraphModule()
            )
            (weights): ParameterList(
                (0): Parameter containing: [torch.float64 of size 4x6x128 (cuda:0)]
                (1): Parameter containing: [torch.float64 of size 4x1x128 (cuda:0)]
            )
            (graph_opt_main): GraphModule()
          )
          (2): Contraction(
            (contractions_weighting): ModuleList(
              (0-1): 2 x GraphModule()
            )
            (contractions_features): ModuleList(
              (0-1): 2 x GraphModule()
            )
            (weights): ParameterList(
                (0): Parameter containing: [torch.float64 of size 4x7x128 (cuda:0)]
                (1): Parameter containing: [torch.float64 of size 4x1x128 (cuda:0)]
            )
            (graph_opt_main): GraphModule()
          )
        )
      )
      (linear): Linear(128x0e+128x1o+128x2e -> 128x0e+128x1o+128x2e | 49152 weights)
    )
    (1): EquivariantProductBasisBlock(
      (symmetric_contractions): SymmetricContraction(
        (contractions): ModuleList(
          (0): Contraction(
            (contractions_weighting): ModuleList(
              (0-1): 2 x GraphModule()
            )
            (contractions_features): ModuleList(
              (0-1): 2 x GraphModule()
            )
            (weights): ParameterList(
                (0): Parameter containing: [torch.float64 of size 4x6x128 (cuda:0)]
                (1): Parameter containing: [torch.float64 of size 4x1x128 (cuda:0)]
            )
            (graph_opt_main): GraphModule()
          )
        )
      )
      (linear): Linear(128x1o -> 128x1o | 16384 weights)
    )
  )
  (readouts): ModuleList(
    (0): LinearDipoleReadoutBlock(
      (linear): Linear(128x0e+128x1o+128x2e -> 1x0e+1x1o+1x2e | 384 weights)
    )
    (1): NonLinearDipoleReadoutBlock(
      (equivariant_nonlin): Gate (16x0e -> 16x0e)
      (linear_1): Linear(128x1o -> 16x0e | 0 weights)
      (linear_2): Linear(16x0e -> 1x0e+1x1o+1x2e | 16 weights)
    )
  )
  (rtp): ReducedTensorProducts(
      in: 1x1o times 1x1o
      out: 1x0e+1x2e
  )
)
2025-07-12 09:39:59.082 INFO: Total number of parameters: 1104272
2025-07-12 09:39:59.082 INFO: 
2025-07-12 09:39:59.082 INFO: ===========OPTIMIZER INFORMATION===========
2025-07-12 09:39:59.082 INFO: Using ADAM as parameter optimizer
2025-07-12 09:39:59.082 INFO: Batch size: 10
2025-07-12 09:39:59.082 INFO: Number of gradient updates: 53200
2025-07-12 09:39:59.082 INFO: Learning rate: 0.01, weight decay: 5e-07
2025-07-12 09:39:59.082 INFO: DipolePolarizabilityDerivLoss(dipole_weight=0.000, polarizability_weight=10.000, dipole_deriv_weight=0.000, polarizability_deriv_weight=1.000)
2025-07-12 09:39:59.085 WARNING: Cannot find checkpoint with tag 'MoWSSe_susram_ndata_all_subset_280_weights_10_1_run-123' in './checkpoints'
2025-07-12 09:39:59.085 INFO: Using gradient clipping with tolerance=10.000
2025-07-12 09:39:59.085 INFO: 
2025-07-12 09:39:59.085 INFO: ===========TRAINING===========
2025-07-12 09:39:59.085 INFO: Started training, reporting errors on validation set
2025-07-12 09:39:59.085 INFO: Loss metrics on validation set
2025-07-12 09:40:02.319 INFO: Initial: head: Default, loss=226.6568, RMSE_MU_per_atom=0.00 mDebye, RMSE_MU_DERIV=0.01 mDebye / A, RMSE_ALPHA_per_atom=   11.50, RMSE_ALPHA_DERIV=   13.85
2025-07-12 09:40:59.222 INFO: Epoch 0: head: Default, loss=213.0777, RMSE_MU_per_atom=0.01 mDebye, RMSE_MU_DERIV=0.10 mDebye / A, RMSE_ALPHA_per_atom=    8.35, RMSE_ALPHA_DERIV=   27.18
2025-07-12 09:40:59.223 DEBUG: Saving checkpoint: ./checkpoints/MoWSSe_susram_ndata_all_subset_280_weights_10_1_run-123_epoch-0.pt
2025-07-12 09:41:51.167 INFO: Epoch 1: head: Default, loss=27.6194, RMSE_MU_per_atom=0.01 mDebye, RMSE_MU_DERIV=0.22 mDebye / A, RMSE_ALPHA_per_atom=    1.91, RMSE_ALPHA_DERIV=   11.89
2025-07-12 09:41:51.168 DEBUG: Deleting old checkpoint file: ./checkpoints/MoWSSe_susram_ndata_all_subset_280_weights_10_1_run-123_epoch-0.pt
2025-07-12 09:41:51.168 DEBUG: Saving checkpoint: ./checkpoints/MoWSSe_susram_ndata_all_subset_280_weights_10_1_run-123_epoch-1.pt
2025-07-12 09:42:43.452 INFO: Epoch 2: head: Default, loss=14.4790, RMSE_MU_per_atom=0.00 mDebye, RMSE_MU_DERIV=0.24 mDebye / A, RMSE_ALPHA_per_atom=    1.10, RMSE_ALPHA_DERIV=    8.82
2025-07-12 09:42:43.453 DEBUG: Deleting old checkpoint file: ./checkpoints/MoWSSe_susram_ndata_all_subset_280_weights_10_1_run-123_epoch-1.pt
2025-07-12 09:42:43.453 DEBUG: Saving checkpoint: ./checkpoints/MoWSSe_susram_ndata_all_subset_280_weights_10_1_run-123_epoch-2.pt
2025-07-12 09:43:35.751 INFO: Epoch 3: head: Default, loss=10.1124, RMSE_MU_per_atom=0.00 mDebye, RMSE_MU_DERIV=0.15 mDebye / A, RMSE_ALPHA_per_atom=    0.78, RMSE_ALPHA_DERIV=    7.55
2025-07-12 09:43:35.752 DEBUG: Deleting old checkpoint file: ./checkpoints/MoWSSe_susram_ndata_all_subset_280_weights_10_1_run-123_epoch-2.pt
2025-07-12 09:43:35.754 DEBUG: Saving checkpoint: ./checkpoints/MoWSSe_susram_ndata_all_subset_280_weights_10_1_run-123_epoch-3.pt
2025-07-12 09:44:27.946 INFO: Epoch 4: head: Default, loss=8.4023, RMSE_MU_per_atom=0.00 mDebye, RMSE_MU_DERIV=0.09 mDebye / A, RMSE_ALPHA_per_atom=    0.83, RMSE_ALPHA_DERIV=    6.76
2025-07-12 09:44:27.947 DEBUG: Deleting old checkpoint file: ./checkpoints/MoWSSe_susram_ndata_all_subset_280_weights_10_1_run-123_epoch-3.pt
2025-07-12 09:44:27.947 DEBUG: Saving checkpoint: ./checkpoints/MoWSSe_susram_ndata_all_subset_280_weights_10_1_run-123_epoch-4.pt
2025-07-12 09:45:20.094 INFO: Epoch 5: head: Default, loss=7.5127, RMSE_MU_per_atom=0.00 mDebye, RMSE_MU_DERIV=0.06 mDebye / A, RMSE_ALPHA_per_atom=    0.66, RMSE_ALPHA_DERIV=    6.54
2025-07-12 09:45:20.095 DEBUG: Deleting old checkpoint file: ./checkpoints/MoWSSe_susram_ndata_all_subset_280_weights_10_1_run-123_epoch-4.pt
2025-07-12 09:45:20.096 DEBUG: Saving checkpoint: ./checkpoints/MoWSSe_susram_ndata_all_subset_280_weights_10_1_run-123_epoch-5.pt
2025-07-12 09:46:12.236 INFO: Epoch 6: head: Default, loss=6.1925, RMSE_MU_per_atom=0.00 mDebye, RMSE_MU_DERIV=0.04 mDebye / A, RMSE_ALPHA_per_atom=    0.51, RMSE_ALPHA_DERIV=    5.95
2025-07-12 09:46:12.237 DEBUG: Deleting old checkpoint file: ./checkpoints/MoWSSe_susram_ndata_all_subset_280_weights_10_1_run-123_epoch-5.pt
2025-07-12 09:46:12.237 DEBUG: Saving checkpoint: ./checkpoints/MoWSSe_susram_ndata_all_subset_280_weights_10_1_run-123_epoch-6.pt
2025-07-12 09:47:04.391 INFO: Epoch 7: head: Default, loss=4.8935, RMSE_MU_per_atom=0.00 mDebye, RMSE_MU_DERIV=0.03 mDebye / A, RMSE_ALPHA_per_atom=    0.47, RMSE_ALPHA_DERIV=    5.24
2025-07-12 09:47:04.392 DEBUG: Deleting old checkpoint file: ./checkpoints/MoWSSe_susram_ndata_all_subset_280_weights_10_1_run-123_epoch-6.pt
2025-07-12 09:47:04.392 DEBUG: Saving checkpoint: ./checkpoints/MoWSSe_susram_ndata_all_subset_280_weights_10_1_run-123_epoch-7.pt
2025-07-12 09:47:56.566 INFO: Epoch 8: head: Default, loss=4.1522, RMSE_MU_per_atom=0.00 mDebye, RMSE_MU_DERIV=0.02 mDebye / A, RMSE_ALPHA_per_atom=    0.52, RMSE_ALPHA_DERIV=    4.75
2025-07-12 09:47:56.567 DEBUG: Deleting old checkpoint file: ./checkpoints/MoWSSe_susram_ndata_all_subset_280_weights_10_1_run-123_epoch-7.pt
2025-07-12 09:47:56.567 DEBUG: Saving checkpoint: ./checkpoints/MoWSSe_susram_ndata_all_subset_280_weights_10_1_run-123_epoch-8.pt
2025-07-12 09:48:48.816 INFO: Epoch 9: head: Default, loss=3.3844, RMSE_MU_per_atom=0.00 mDebye, RMSE_MU_DERIV=0.01 mDebye / A, RMSE_ALPHA_per_atom=    0.42, RMSE_ALPHA_DERIV=    4.38
2025-07-12 09:48:48.816 DEBUG: Deleting old checkpoint file: ./checkpoints/MoWSSe_susram_ndata_all_subset_280_weights_10_1_run-123_epoch-8.pt
2025-07-12 09:48:48.817 DEBUG: Saving checkpoint: ./checkpoints/MoWSSe_susram_ndata_all_subset_280_weights_10_1_run-123_epoch-9.pt
2025-07-12 09:49:41.038 INFO: Epoch 10: head: Default, loss=4.2011, RMSE_MU_per_atom=0.00 mDebye, RMSE_MU_DERIV=0.01 mDebye / A, RMSE_ALPHA_per_atom=    0.25, RMSE_ALPHA_DERIV=    5.03
2025-07-12 09:50:33.177 INFO: Epoch 11: head: Default, loss=2.7862, RMSE_MU_per_atom=0.00 mDebye, RMSE_MU_DERIV=0.01 mDebye / A, RMSE_ALPHA_per_atom=    0.26, RMSE_ALPHA_DERIV=    4.05
2025-07-12 09:50:33.178 DEBUG: Deleting old checkpoint file: ./checkpoints/MoWSSe_susram_ndata_all_subset_280_weights_10_1_run-123_epoch-9.pt
2025-07-12 09:50:33.178 DEBUG: Saving checkpoint: ./checkpoints/MoWSSe_susram_ndata_all_subset_280_weights_10_1_run-123_epoch-11.pt
2025-07-12 09:51:25.409 INFO: Epoch 12: head: Default, loss=3.0615, RMSE_MU_per_atom=0.00 mDebye, RMSE_MU_DERIV=0.00 mDebye / A, RMSE_ALPHA_per_atom=    0.51, RMSE_ALPHA_DERIV=    4.07
2025-07-12 09:52:17.580 INFO: Epoch 13: head: Default, loss=2.8312, RMSE_MU_per_atom=0.00 mDebye, RMSE_MU_DERIV=0.00 mDebye / A, RMSE_ALPHA_per_atom=    0.22, RMSE_ALPHA_DERIV=    4.15
2025-07-12 09:53:09.682 INFO: Epoch 14: head: Default, loss=2.6047, RMSE_MU_per_atom=0.00 mDebye, RMSE_MU_DERIV=0.00 mDebye / A, RMSE_ALPHA_per_atom=    0.39, RMSE_ALPHA_DERIV=    3.86
2025-07-12 09:53:09.682 DEBUG: Deleting old checkpoint file: ./checkpoints/MoWSSe_susram_ndata_all_subset_280_weights_10_1_run-123_epoch-11.pt
2025-07-12 09:53:09.683 DEBUG: Saving checkpoint: ./checkpoints/MoWSSe_susram_ndata_all_subset_280_weights_10_1_run-123_epoch-14.pt
2025-07-12 09:54:01.845 INFO: Epoch 15: head: Default, loss=2.3125, RMSE_MU_per_atom=0.00 mDebye, RMSE_MU_DERIV=0.00 mDebye / A, RMSE_ALPHA_per_atom=    0.25, RMSE_ALPHA_DERIV=    3.73
2025-07-12 09:54:01.845 DEBUG: Deleting old checkpoint file: ./checkpoints/MoWSSe_susram_ndata_all_subset_280_weights_10_1_run-123_epoch-14.pt
2025-07-12 09:54:01.846 DEBUG: Saving checkpoint: ./checkpoints/MoWSSe_susram_ndata_all_subset_280_weights_10_1_run-123_epoch-15.pt
2025-07-12 09:54:54.027 INFO: Epoch 16: head: Default, loss=2.3349, RMSE_MU_per_atom=0.00 mDebye, RMSE_MU_DERIV=0.00 mDebye / A, RMSE_ALPHA_per_atom=    0.26, RMSE_ALPHA_DERIV=    3.75
2025-07-12 09:55:46.118 INFO: Epoch 17: head: Default, loss=2.0697, RMSE_MU_per_atom=0.00 mDebye, RMSE_MU_DERIV=0.00 mDebye / A, RMSE_ALPHA_per_atom=    0.33, RMSE_ALPHA_DERIV=    3.43
2025-07-12 09:55:46.119 DEBUG: Deleting old checkpoint file: ./checkpoints/MoWSSe_susram_ndata_all_subset_280_weights_10_1_run-123_epoch-15.pt
2025-07-12 09:55:46.119 DEBUG: Saving checkpoint: ./checkpoints/MoWSSe_susram_ndata_all_subset_280_weights_10_1_run-123_epoch-17.pt
2025-07-12 09:56:38.292 INFO: Epoch 18: head: Default, loss=1.8148, RMSE_MU_per_atom=0.00 mDebye, RMSE_MU_DERIV=0.00 mDebye / A, RMSE_ALPHA_per_atom=    0.15, RMSE_ALPHA_DERIV=    3.34
2025-07-12 09:56:38.293 DEBUG: Deleting old checkpoint file: ./checkpoints/MoWSSe_susram_ndata_all_subset_280_weights_10_1_run-123_epoch-17.pt
2025-07-12 09:56:38.293 DEBUG: Saving checkpoint: ./checkpoints/MoWSSe_susram_ndata_all_subset_280_weights_10_1_run-123_epoch-18.pt
2025-07-12 09:57:30.409 INFO: Epoch 19: head: Default, loss=2.0557, RMSE_MU_per_atom=0.00 mDebye, RMSE_MU_DERIV=0.00 mDebye / A, RMSE_ALPHA_per_atom=    0.34, RMSE_ALPHA_DERIV=    3.50
2025-07-12 09:58:25.509 INFO: Epoch 20: head: Default, loss=2.2854, RMSE_MU_per_atom=0.00 mDebye, RMSE_MU_DERIV=0.00 mDebye / A, RMSE_ALPHA_per_atom=    0.32, RMSE_ALPHA_DERIV=    3.66
2025-07-12 09:59:17.724 INFO: Epoch 21: head: Default, loss=2.1120, RMSE_MU_per_atom=0.00 mDebye, RMSE_MU_DERIV=0.00 mDebye / A, RMSE_ALPHA_per_atom=    0.42, RMSE_ALPHA_DERIV=    3.41
2025-07-12 10:00:09.873 INFO: Epoch 22: head: Default, loss=1.7786, RMSE_MU_per_atom=0.00 mDebye, RMSE_MU_DERIV=0.00 mDebye / A, RMSE_ALPHA_per_atom=    0.28, RMSE_ALPHA_DERIV=    3.27
2025-07-12 10:00:09.874 DEBUG: Deleting old checkpoint file: ./checkpoints/MoWSSe_susram_ndata_all_subset_280_weights_10_1_run-123_epoch-18.pt
2025-07-12 10:00:09.874 DEBUG: Saving checkpoint: ./checkpoints/MoWSSe_susram_ndata_all_subset_280_weights_10_1_run-123_epoch-22.pt
2025-07-12 10:01:01.981 INFO: Epoch 23: head: Default, loss=1.7193, RMSE_MU_per_atom=0.00 mDebye, RMSE_MU_DERIV=0.00 mDebye / A, RMSE_ALPHA_per_atom=    0.34, RMSE_ALPHA_DERIV=    3.15
2025-07-12 10:01:01.982 DEBUG: Deleting old checkpoint file: ./checkpoints/MoWSSe_susram_ndata_all_subset_280_weights_10_1_run-123_epoch-22.pt
2025-07-12 10:01:01.982 DEBUG: Saving checkpoint: ./checkpoints/MoWSSe_susram_ndata_all_subset_280_weights_10_1_run-123_epoch-23.pt
2025-07-12 10:01:54.176 INFO: Epoch 24: head: Default, loss=1.5919, RMSE_MU_per_atom=0.00 mDebye, RMSE_MU_DERIV=0.00 mDebye / A, RMSE_ALPHA_per_atom=    0.21, RMSE_ALPHA_DERIV=    3.12
2025-07-12 10:01:54.177 DEBUG: Deleting old checkpoint file: ./checkpoints/MoWSSe_susram_ndata_all_subset_280_weights_10_1_run-123_epoch-23.pt
2025-07-12 10:01:54.177 DEBUG: Saving checkpoint: ./checkpoints/MoWSSe_susram_ndata_all_subset_280_weights_10_1_run-123_epoch-24.pt
2025-07-12 10:02:46.315 INFO: Epoch 25: head: Default, loss=1.6608, RMSE_MU_per_atom=0.00 mDebye, RMSE_MU_DERIV=0.00 mDebye / A, RMSE_ALPHA_per_atom=    0.20, RMSE_ALPHA_DERIV=    3.17
2025-07-12 10:03:38.373 INFO: Epoch 26: head: Default, loss=1.4487, RMSE_MU_per_atom=0.00 mDebye, RMSE_MU_DERIV=0.00 mDebye / A, RMSE_ALPHA_per_atom=    0.25, RMSE_ALPHA_DERIV=    2.95
2025-07-12 10:03:38.374 DEBUG: Deleting old checkpoint file: ./checkpoints/MoWSSe_susram_ndata_all_subset_280_weights_10_1_run-123_epoch-24.pt
2025-07-12 10:03:38.374 DEBUG: Saving checkpoint: ./checkpoints/MoWSSe_susram_ndata_all_subset_280_weights_10_1_run-123_epoch-26.pt
2025-07-12 10:04:30.510 INFO: Epoch 27: head: Default, loss=1.6139, RMSE_MU_per_atom=0.00 mDebye, RMSE_MU_DERIV=0.00 mDebye / A, RMSE_ALPHA_per_atom=    0.30, RMSE_ALPHA_DERIV=    3.04
2025-07-12 10:05:22.579 INFO: Epoch 28: head: Default, loss=1.4542, RMSE_MU_per_atom=0.00 mDebye, RMSE_MU_DERIV=0.00 mDebye / A, RMSE_ALPHA_per_atom=    0.24, RMSE_ALPHA_DERIV=    2.98
2025-07-12 10:06:14.630 INFO: Epoch 29: head: Default, loss=1.3927, RMSE_MU_per_atom=0.00 mDebye, RMSE_MU_DERIV=0.00 mDebye / A, RMSE_ALPHA_per_atom=    0.23, RMSE_ALPHA_DERIV=    2.90
2025-07-12 10:06:14.631 DEBUG: Deleting old checkpoint file: ./checkpoints/MoWSSe_susram_ndata_all_subset_280_weights_10_1_run-123_epoch-26.pt
2025-07-12 10:06:14.631 DEBUG: Saving checkpoint: ./checkpoints/MoWSSe_susram_ndata_all_subset_280_weights_10_1_run-123_epoch-29.pt
2025-07-12 10:07:06.734 INFO: Epoch 30: head: Default, loss=1.3384, RMSE_MU_per_atom=0.00 mDebye, RMSE_MU_DERIV=0.00 mDebye / A, RMSE_ALPHA_per_atom=    0.13, RMSE_ALPHA_DERIV=    2.90
2025-07-12 10:07:06.735 DEBUG: Deleting old checkpoint file: ./checkpoints/MoWSSe_susram_ndata_all_subset_280_weights_10_1_run-123_epoch-29.pt
2025-07-12 10:07:06.735 DEBUG: Saving checkpoint: ./checkpoints/MoWSSe_susram_ndata_all_subset_280_weights_10_1_run-123_epoch-30.pt
2025-07-12 10:07:58.853 INFO: Epoch 31: head: Default, loss=1.2663, RMSE_MU_per_atom=0.00 mDebye, RMSE_MU_DERIV=0.00 mDebye / A, RMSE_ALPHA_per_atom=    0.19, RMSE_ALPHA_DERIV=    2.79
2025-07-12 10:07:58.854 DEBUG: Deleting old checkpoint file: ./checkpoints/MoWSSe_susram_ndata_all_subset_280_weights_10_1_run-123_epoch-30.pt
2025-07-12 10:07:58.854 DEBUG: Saving checkpoint: ./checkpoints/MoWSSe_susram_ndata_all_subset_280_weights_10_1_run-123_epoch-31.pt
2025-07-12 10:08:51.002 INFO: Epoch 32: head: Default, loss=1.2017, RMSE_MU_per_atom=0.00 mDebye, RMSE_MU_DERIV=0.00 mDebye / A, RMSE_ALPHA_per_atom=    0.09, RMSE_ALPHA_DERIV=    2.79
2025-07-12 10:08:51.003 DEBUG: Deleting old checkpoint file: ./checkpoints/MoWSSe_susram_ndata_all_subset_280_weights_10_1_run-123_epoch-31.pt
2025-07-12 10:08:51.003 DEBUG: Saving checkpoint: ./checkpoints/MoWSSe_susram_ndata_all_subset_280_weights_10_1_run-123_epoch-32.pt
2025-07-12 10:09:43.208 INFO: Epoch 33: head: Default, loss=1.1980, RMSE_MU_per_atom=0.00 mDebye, RMSE_MU_DERIV=0.00 mDebye / A, RMSE_ALPHA_per_atom=    0.14, RMSE_ALPHA_DERIV=    2.74
2025-07-12 10:09:43.209 DEBUG: Deleting old checkpoint file: ./checkpoints/MoWSSe_susram_ndata_all_subset_280_weights_10_1_run-123_epoch-32.pt
2025-07-12 10:09:43.209 DEBUG: Saving checkpoint: ./checkpoints/MoWSSe_susram_ndata_all_subset_280_weights_10_1_run-123_epoch-33.pt
2025-07-12 10:10:35.395 INFO: Epoch 34: head: Default, loss=1.3366, RMSE_MU_per_atom=0.00 mDebye, RMSE_MU_DERIV=0.00 mDebye / A, RMSE_ALPHA_per_atom=    0.22, RMSE_ALPHA_DERIV=    2.87
2025-07-12 10:11:27.531 INFO: Epoch 35: head: Default, loss=1.4704, RMSE_MU_per_atom=0.00 mDebye, RMSE_MU_DERIV=0.00 mDebye / A, RMSE_ALPHA_per_atom=    0.38, RMSE_ALPHA_DERIV=    2.80
2025-07-12 10:12:19.704 INFO: Epoch 36: head: Default, loss=1.2127, RMSE_MU_per_atom=0.00 mDebye, RMSE_MU_DERIV=0.00 mDebye / A, RMSE_ALPHA_per_atom=    0.22, RMSE_ALPHA_DERIV=    2.69
2025-07-12 10:13:11.877 INFO: Epoch 37: head: Default, loss=1.2526, RMSE_MU_per_atom=0.00 mDebye, RMSE_MU_DERIV=0.00 mDebye / A, RMSE_ALPHA_per_atom=    0.15, RMSE_ALPHA_DERIV=    2.83
2025-07-12 10:14:04.066 INFO: Epoch 38: head: Default, loss=1.0784, RMSE_MU_per_atom=0.00 mDebye, RMSE_MU_DERIV=0.00 mDebye / A, RMSE_ALPHA_per_atom=    0.07, RMSE_ALPHA_DERIV=    2.60
2025-07-12 10:14:04.067 DEBUG: Deleting old checkpoint file: ./checkpoints/MoWSSe_susram_ndata_all_subset_280_weights_10_1_run-123_epoch-33.pt
2025-07-12 10:14:04.067 DEBUG: Saving checkpoint: ./checkpoints/MoWSSe_susram_ndata_all_subset_280_weights_10_1_run-123_epoch-38.pt
2025-07-12 10:14:56.221 INFO: Epoch 39: head: Default, loss=1.1259, RMSE_MU_per_atom=0.00 mDebye, RMSE_MU_DERIV=0.00 mDebye / A, RMSE_ALPHA_per_atom=    0.12, RMSE_ALPHA_DERIV=    2.65
2025-07-12 10:15:48.292 INFO: Epoch 40: head: Default, loss=1.1585, RMSE_MU_per_atom=0.00 mDebye, RMSE_MU_DERIV=0.00 mDebye / A, RMSE_ALPHA_per_atom=    0.22, RMSE_ALPHA_DERIV=    2.65
2025-07-12 10:16:40.420 INFO: Epoch 41: head: Default, loss=1.0421, RMSE_MU_per_atom=0.00 mDebye, RMSE_MU_DERIV=0.00 mDebye / A, RMSE_ALPHA_per_atom=    0.18, RMSE_ALPHA_DERIV=    2.54
2025-07-12 10:16:40.421 DEBUG: Deleting old checkpoint file: ./checkpoints/MoWSSe_susram_ndata_all_subset_280_weights_10_1_run-123_epoch-38.pt
2025-07-12 10:16:40.421 DEBUG: Saving checkpoint: ./checkpoints/MoWSSe_susram_ndata_all_subset_280_weights_10_1_run-123_epoch-41.pt
2025-07-12 10:17:32.648 INFO: Epoch 42: head: Default, loss=1.2471, RMSE_MU_per_atom=0.00 mDebye, RMSE_MU_DERIV=0.00 mDebye / A, RMSE_ALPHA_per_atom=    0.39, RMSE_ALPHA_DERIV=    2.57
2025-07-12 10:18:24.770 INFO: Epoch 43: head: Default, loss=1.0013, RMSE_MU_per_atom=0.00 mDebye, RMSE_MU_DERIV=0.00 mDebye / A, RMSE_ALPHA_per_atom=    0.13, RMSE_ALPHA_DERIV=    2.51
2025-07-12 10:18:24.771 DEBUG: Deleting old checkpoint file: ./checkpoints/MoWSSe_susram_ndata_all_subset_280_weights_10_1_run-123_epoch-41.pt
2025-07-12 10:18:24.771 DEBUG: Saving checkpoint: ./checkpoints/MoWSSe_susram_ndata_all_subset_280_weights_10_1_run-123_epoch-43.pt
2025-07-12 10:19:16.840 INFO: Epoch 44: head: Default, loss=1.0039, RMSE_MU_per_atom=0.00 mDebye, RMSE_MU_DERIV=0.00 mDebye / A, RMSE_ALPHA_per_atom=    0.11, RMSE_ALPHA_DERIV=    2.52
2025-07-12 10:20:08.857 INFO: Epoch 45: head: Default, loss=1.0557, RMSE_MU_per_atom=0.00 mDebye, RMSE_MU_DERIV=0.00 mDebye / A, RMSE_ALPHA_per_atom=    0.20, RMSE_ALPHA_DERIV=    2.53
2025-07-12 10:21:00.893 INFO: Epoch 46: head: Default, loss=1.2707, RMSE_MU_per_atom=0.00 mDebye, RMSE_MU_DERIV=0.00 mDebye / A, RMSE_ALPHA_per_atom=    0.32, RMSE_ALPHA_DERIV=    2.71
2025-07-12 10:21:52.875 INFO: Epoch 47: head: Default, loss=1.0460, RMSE_MU_per_atom=0.00 mDebye, RMSE_MU_DERIV=0.00 mDebye / A, RMSE_ALPHA_per_atom=    0.27, RMSE_ALPHA_DERIV=    2.50
2025-07-12 10:22:44.849 INFO: Epoch 48: head: Default, loss=1.0435, RMSE_MU_per_atom=0.00 mDebye, RMSE_MU_DERIV=0.00 mDebye / A, RMSE_ALPHA_per_atom=    0.17, RMSE_ALPHA_DERIV=    2.51
2025-07-12 10:23:36.913 INFO: Epoch 49: head: Default, loss=1.1232, RMSE_MU_per_atom=0.00 mDebye, RMSE_MU_DERIV=0.00 mDebye / A, RMSE_ALPHA_per_atom=    0.26, RMSE_ALPHA_DERIV=    2.59
2025-07-12 10:24:28.971 INFO: Epoch 50: head: Default, loss=1.1195, RMSE_MU_per_atom=0.00 mDebye, RMSE_MU_DERIV=0.00 mDebye / A, RMSE_ALPHA_per_atom=    0.11, RMSE_ALPHA_DERIV=    2.64
2025-07-12 10:25:21.012 INFO: Epoch 51: head: Default, loss=0.9161, RMSE_MU_per_atom=0.00 mDebye, RMSE_MU_DERIV=0.00 mDebye / A, RMSE_ALPHA_per_atom=    0.15, RMSE_ALPHA_DERIV=    2.40
2025-07-12 10:25:21.013 DEBUG: Deleting old checkpoint file: ./checkpoints/MoWSSe_susram_ndata_all_subset_280_weights_10_1_run-123_epoch-43.pt
2025-07-12 10:25:21.014 DEBUG: Saving checkpoint: ./checkpoints/MoWSSe_susram_ndata_all_subset_280_weights_10_1_run-123_epoch-51.pt
2025-07-12 10:26:13.088 INFO: Epoch 52: head: Default, loss=1.1859, RMSE_MU_per_atom=0.00 mDebye, RMSE_MU_DERIV=0.00 mDebye / A, RMSE_ALPHA_per_atom=    0.28, RMSE_ALPHA_DERIV=    2.61
2025-07-12 10:27:05.154 INFO: Epoch 53: head: Default, loss=0.9348, RMSE_MU_per_atom=0.00 mDebye, RMSE_MU_DERIV=0.00 mDebye / A, RMSE_ALPHA_per_atom=    0.14, RMSE_ALPHA_DERIV=    2.44
2025-07-12 10:27:57.251 INFO: Epoch 54: head: Default, loss=1.1405, RMSE_MU_per_atom=0.00 mDebye, RMSE_MU_DERIV=0.00 mDebye / A, RMSE_ALPHA_per_atom=    0.34, RMSE_ALPHA_DERIV=    2.52
2025-07-12 10:28:49.384 INFO: Epoch 55: head: Default, loss=1.0347, RMSE_MU_per_atom=0.00 mDebye, RMSE_MU_DERIV=0.00 mDebye / A, RMSE_ALPHA_per_atom=    0.27, RMSE_ALPHA_DERIV=    2.49
2025-07-12 10:29:41.491 INFO: Epoch 56: head: Default, loss=1.1770, RMSE_MU_per_atom=0.00 mDebye, RMSE_MU_DERIV=0.00 mDebye / A, RMSE_ALPHA_per_atom=    0.37, RMSE_ALPHA_DERIV=    2.56
2025-07-12 10:30:33.569 INFO: Epoch 57: head: Default, loss=0.9922, RMSE_MU_per_atom=0.00 mDebye, RMSE_MU_DERIV=0.00 mDebye / A, RMSE_ALPHA_per_atom=    0.12, RMSE_ALPHA_DERIV=    2.52
2025-07-12 10:31:25.700 INFO: Epoch 58: head: Default, loss=0.9506, RMSE_MU_per_atom=0.00 mDebye, RMSE_MU_DERIV=0.00 mDebye / A, RMSE_ALPHA_per_atom=    0.09, RMSE_ALPHA_DERIV=    2.48
2025-07-12 10:32:17.813 INFO: Epoch 59: head: Default, loss=1.0027, RMSE_MU_per_atom=0.00 mDebye, RMSE_MU_DERIV=0.00 mDebye / A, RMSE_ALPHA_per_atom=    0.12, RMSE_ALPHA_DERIV=    2.52
2025-07-12 10:33:09.953 INFO: Epoch 60: head: Default, loss=1.2050, RMSE_MU_per_atom=0.00 mDebye, RMSE_MU_DERIV=0.00 mDebye / A, RMSE_ALPHA_per_atom=    0.39, RMSE_ALPHA_DERIV=    2.56
2025-07-12 10:34:02.036 INFO: Epoch 61: head: Default, loss=0.8802, RMSE_MU_per_atom=0.00 mDebye, RMSE_MU_DERIV=0.00 mDebye / A, RMSE_ALPHA_per_atom=    0.10, RMSE_ALPHA_DERIV=    2.39
2025-07-12 10:34:02.037 DEBUG: Deleting old checkpoint file: ./checkpoints/MoWSSe_susram_ndata_all_subset_280_weights_10_1_run-123_epoch-51.pt
2025-07-12 10:34:02.037 DEBUG: Saving checkpoint: ./checkpoints/MoWSSe_susram_ndata_all_subset_280_weights_10_1_run-123_epoch-61.pt
2025-07-12 10:34:54.204 INFO: Epoch 62: head: Default, loss=0.8669, RMSE_MU_per_atom=0.00 mDebye, RMSE_MU_DERIV=0.00 mDebye / A, RMSE_ALPHA_per_atom=    0.14, RMSE_ALPHA_DERIV=    2.36
2025-07-12 10:34:54.205 DEBUG: Deleting old checkpoint file: ./checkpoints/MoWSSe_susram_ndata_all_subset_280_weights_10_1_run-123_epoch-61.pt
2025-07-12 10:34:54.205 DEBUG: Saving checkpoint: ./checkpoints/MoWSSe_susram_ndata_all_subset_280_weights_10_1_run-123_epoch-62.pt
2025-07-12 10:35:46.328 INFO: Epoch 63: head: Default, loss=0.9252, RMSE_MU_per_atom=0.00 mDebye, RMSE_MU_DERIV=0.00 mDebye / A, RMSE_ALPHA_per_atom=    0.11, RMSE_ALPHA_DERIV=    2.46
2025-07-12 10:36:38.421 INFO: Epoch 64: head: Default, loss=1.0629, RMSE_MU_per_atom=0.00 mDebye, RMSE_MU_DERIV=0.00 mDebye / A, RMSE_ALPHA_per_atom=    0.29, RMSE_ALPHA_DERIV=    2.45
2025-07-12 10:37:30.511 INFO: Epoch 65: head: Default, loss=0.9010, RMSE_MU_per_atom=0.00 mDebye, RMSE_MU_DERIV=0.00 mDebye / A, RMSE_ALPHA_per_atom=    0.12, RMSE_ALPHA_DERIV=    2.38
2025-07-12 10:38:22.656 INFO: Epoch 66: head: Default, loss=1.0106, RMSE_MU_per_atom=0.00 mDebye, RMSE_MU_DERIV=0.00 mDebye / A, RMSE_ALPHA_per_atom=    0.19, RMSE_ALPHA_DERIV=    2.52
2025-07-12 10:39:14.795 INFO: Epoch 67: head: Default, loss=0.8392, RMSE_MU_per_atom=0.00 mDebye, RMSE_MU_DERIV=0.00 mDebye / A, RMSE_ALPHA_per_atom=    0.12, RMSE_ALPHA_DERIV=    2.30
2025-07-12 10:39:14.796 DEBUG: Deleting old checkpoint file: ./checkpoints/MoWSSe_susram_ndata_all_subset_280_weights_10_1_run-123_epoch-62.pt
2025-07-12 10:39:14.796 DEBUG: Saving checkpoint: ./checkpoints/MoWSSe_susram_ndata_all_subset_280_weights_10_1_run-123_epoch-67.pt
2025-07-12 10:40:06.955 INFO: Epoch 68: head: Default, loss=0.8104, RMSE_MU_per_atom=0.00 mDebye, RMSE_MU_DERIV=0.00 mDebye / A, RMSE_ALPHA_per_atom=    0.06, RMSE_ALPHA_DERIV=    2.30
2025-07-12 10:40:06.956 DEBUG: Deleting old checkpoint file: ./checkpoints/MoWSSe_susram_ndata_all_subset_280_weights_10_1_run-123_epoch-67.pt
2025-07-12 10:40:06.956 DEBUG: Saving checkpoint: ./checkpoints/MoWSSe_susram_ndata_all_subset_280_weights_10_1_run-123_epoch-68.pt
2025-07-12 10:40:59.170 INFO: Epoch 69: head: Default, loss=0.8615, RMSE_MU_per_atom=0.00 mDebye, RMSE_MU_DERIV=0.00 mDebye / A, RMSE_ALPHA_per_atom=    0.11, RMSE_ALPHA_DERIV=    2.34
2025-07-12 10:41:51.260 INFO: Epoch 70: head: Default, loss=0.8591, RMSE_MU_per_atom=0.00 mDebye, RMSE_MU_DERIV=0.00 mDebye / A, RMSE_ALPHA_per_atom=    0.09, RMSE_ALPHA_DERIV=    2.35
2025-07-12 10:42:43.437 INFO: Epoch 71: head: Default, loss=0.8084, RMSE_MU_per_atom=0.00 mDebye, RMSE_MU_DERIV=0.00 mDebye / A, RMSE_ALPHA_per_atom=    0.14, RMSE_ALPHA_DERIV=    2.28
2025-07-12 10:42:43.438 DEBUG: Deleting old checkpoint file: ./checkpoints/MoWSSe_susram_ndata_all_subset_280_weights_10_1_run-123_epoch-68.pt
2025-07-12 10:42:43.438 DEBUG: Saving checkpoint: ./checkpoints/MoWSSe_susram_ndata_all_subset_280_weights_10_1_run-123_epoch-71.pt
2025-07-12 10:43:35.604 INFO: Epoch 72: head: Default, loss=0.8653, RMSE_MU_per_atom=0.00 mDebye, RMSE_MU_DERIV=0.00 mDebye / A, RMSE_ALPHA_per_atom=    0.11, RMSE_ALPHA_DERIV=    2.38
2025-07-12 10:44:27.788 INFO: Epoch 73: head: Default, loss=0.8691, RMSE_MU_per_atom=0.00 mDebye, RMSE_MU_DERIV=0.00 mDebye / A, RMSE_ALPHA_per_atom=    0.12, RMSE_ALPHA_DERIV=    2.38
2025-07-12 10:45:19.856 INFO: Epoch 74: head: Default, loss=0.8608, RMSE_MU_per_atom=0.00 mDebye, RMSE_MU_DERIV=0.00 mDebye / A, RMSE_ALPHA_per_atom=    0.16, RMSE_ALPHA_DERIV=    2.35
2025-07-12 10:46:11.911 INFO: Epoch 75: head: Default, loss=0.8608, RMSE_MU_per_atom=0.00 mDebye, RMSE_MU_DERIV=0.00 mDebye / A, RMSE_ALPHA_per_atom=    0.15, RMSE_ALPHA_DERIV=    2.32
2025-07-12 10:47:04.007 INFO: Epoch 76: head: Default, loss=0.9861, RMSE_MU_per_atom=0.00 mDebye, RMSE_MU_DERIV=0.00 mDebye / A, RMSE_ALPHA_per_atom=    0.15, RMSE_ALPHA_DERIV=    2.46
2025-07-12 10:47:56.089 INFO: Epoch 77: head: Default, loss=0.9318, RMSE_MU_per_atom=0.00 mDebye, RMSE_MU_DERIV=0.00 mDebye / A, RMSE_ALPHA_per_atom=    0.18, RMSE_ALPHA_DERIV=    2.39
2025-07-12 10:48:48.165 INFO: Epoch 78: head: Default, loss=0.8776, RMSE_MU_per_atom=0.00 mDebye, RMSE_MU_DERIV=0.00 mDebye / A, RMSE_ALPHA_per_atom=    0.25, RMSE_ALPHA_DERIV=    2.28
2025-07-12 10:49:40.298 INFO: Epoch 79: head: Default, loss=0.7865, RMSE_MU_per_atom=0.00 mDebye, RMSE_MU_DERIV=0.00 mDebye / A, RMSE_ALPHA_per_atom=    0.12, RMSE_ALPHA_DERIV=    2.24
2025-07-12 10:49:40.299 DEBUG: Deleting old checkpoint file: ./checkpoints/MoWSSe_susram_ndata_all_subset_280_weights_10_1_run-123_epoch-71.pt
2025-07-12 10:49:40.299 DEBUG: Saving checkpoint: ./checkpoints/MoWSSe_susram_ndata_all_subset_280_weights_10_1_run-123_epoch-79.pt
2025-07-12 10:50:32.402 INFO: Epoch 80: head: Default, loss=0.9222, RMSE_MU_per_atom=0.00 mDebye, RMSE_MU_DERIV=0.00 mDebye / A, RMSE_ALPHA_per_atom=    0.26, RMSE_ALPHA_DERIV=    2.31
2025-07-12 10:51:24.493 INFO: Epoch 81: head: Default, loss=0.8951, RMSE_MU_per_atom=0.00 mDebye, RMSE_MU_DERIV=0.00 mDebye / A, RMSE_ALPHA_per_atom=    0.27, RMSE_ALPHA_DERIV=    2.30
2025-07-12 10:52:16.592 INFO: Epoch 82: head: Default, loss=0.8387, RMSE_MU_per_atom=0.00 mDebye, RMSE_MU_DERIV=0.00 mDebye / A, RMSE_ALPHA_per_atom=    0.16, RMSE_ALPHA_DERIV=    2.31
2025-07-12 10:53:08.704 INFO: Epoch 83: head: Default, loss=0.8352, RMSE_MU_per_atom=0.00 mDebye, RMSE_MU_DERIV=0.00 mDebye / A, RMSE_ALPHA_per_atom=    0.16, RMSE_ALPHA_DERIV=    2.30
2025-07-12 10:54:00.776 INFO: Epoch 84: head: Default, loss=0.8070, RMSE_MU_per_atom=0.00 mDebye, RMSE_MU_DERIV=0.00 mDebye / A, RMSE_ALPHA_per_atom=    0.19, RMSE_ALPHA_DERIV=    2.25
2025-07-12 10:54:52.796 INFO: Epoch 85: head: Default, loss=0.8783, RMSE_MU_per_atom=0.00 mDebye, RMSE_MU_DERIV=0.00 mDebye / A, RMSE_ALPHA_per_atom=    0.15, RMSE_ALPHA_DERIV=    2.36
2025-07-12 10:55:44.722 INFO: Epoch 86: head: Default, loss=0.8337, RMSE_MU_per_atom=0.00 mDebye, RMSE_MU_DERIV=0.00 mDebye / A, RMSE_ALPHA_per_atom=    0.20, RMSE_ALPHA_DERIV=    2.26
2025-07-12 10:56:36.700 INFO: Epoch 87: head: Default, loss=0.8161, RMSE_MU_per_atom=0.00 mDebye, RMSE_MU_DERIV=0.00 mDebye / A, RMSE_ALPHA_per_atom=    0.15, RMSE_ALPHA_DERIV=    2.27
2025-07-12 10:57:28.749 INFO: Epoch 88: head: Default, loss=0.8553, RMSE_MU_per_atom=0.00 mDebye, RMSE_MU_DERIV=0.00 mDebye / A, RMSE_ALPHA_per_atom=    0.24, RMSE_ALPHA_DERIV=    2.26
2025-07-12 10:58:20.788 INFO: Epoch 89: head: Default, loss=0.8295, RMSE_MU_per_atom=0.00 mDebye, RMSE_MU_DERIV=0.00 mDebye / A, RMSE_ALPHA_per_atom=    0.20, RMSE_ALPHA_DERIV=    2.29
2025-07-12 10:59:12.922 INFO: Epoch 90: head: Default, loss=0.7860, RMSE_MU_per_atom=0.00 mDebye, RMSE_MU_DERIV=0.00 mDebye / A, RMSE_ALPHA_per_atom=    0.10, RMSE_ALPHA_DERIV=    2.27
2025-07-12 10:59:12.923 DEBUG: Deleting old checkpoint file: ./checkpoints/MoWSSe_susram_ndata_all_subset_280_weights_10_1_run-123_epoch-79.pt
2025-07-12 10:59:12.925 DEBUG: Saving checkpoint: ./checkpoints/MoWSSe_susram_ndata_all_subset_280_weights_10_1_run-123_epoch-90.pt
2025-07-12 11:00:05.154 INFO: Epoch 91: head: Default, loss=0.8062, RMSE_MU_per_atom=0.00 mDebye, RMSE_MU_DERIV=0.00 mDebye / A, RMSE_ALPHA_per_atom=    0.20, RMSE_ALPHA_DERIV=    2.23
2025-07-12 11:00:57.360 INFO: Epoch 92: head: Default, loss=0.8002, RMSE_MU_per_atom=0.00 mDebye, RMSE_MU_DERIV=0.00 mDebye / A, RMSE_ALPHA_per_atom=    0.14, RMSE_ALPHA_DERIV=    2.25
2025-07-12 11:01:49.443 INFO: Epoch 93: head: Default, loss=1.2873, RMSE_MU_per_atom=0.00 mDebye, RMSE_MU_DERIV=0.00 mDebye / A, RMSE_ALPHA_per_atom=    0.25, RMSE_ALPHA_DERIV=    2.79
2025-07-12 11:02:41.521 INFO: Epoch 94: head: Default, loss=0.7558, RMSE_MU_per_atom=0.00 mDebye, RMSE_MU_DERIV=0.00 mDebye / A, RMSE_ALPHA_per_atom=    0.11, RMSE_ALPHA_DERIV=    2.23
2025-07-12 11:02:41.522 DEBUG: Deleting old checkpoint file: ./checkpoints/MoWSSe_susram_ndata_all_subset_280_weights_10_1_run-123_epoch-90.pt
2025-07-12 11:02:41.522 DEBUG: Saving checkpoint: ./checkpoints/MoWSSe_susram_ndata_all_subset_280_weights_10_1_run-123_epoch-94.pt
2025-07-12 11:03:33.624 INFO: Epoch 95: head: Default, loss=0.7789, RMSE_MU_per_atom=0.00 mDebye, RMSE_MU_DERIV=0.00 mDebye / A, RMSE_ALPHA_per_atom=    0.08, RMSE_ALPHA_DERIV=    2.23
2025-07-12 11:04:25.692 INFO: Epoch 96: head: Default, loss=0.8577, RMSE_MU_per_atom=0.00 mDebye, RMSE_MU_DERIV=0.00 mDebye / A, RMSE_ALPHA_per_atom=    0.11, RMSE_ALPHA_DERIV=    2.36
2025-07-12 11:05:17.741 INFO: Epoch 97: head: Default, loss=0.7706, RMSE_MU_per_atom=0.00 mDebye, RMSE_MU_DERIV=0.00 mDebye / A, RMSE_ALPHA_per_atom=    0.19, RMSE_ALPHA_DERIV=    2.18
2025-07-12 11:06:09.785 INFO: Epoch 98: head: Default, loss=0.8296, RMSE_MU_per_atom=0.00 mDebye, RMSE_MU_DERIV=0.00 mDebye / A, RMSE_ALPHA_per_atom=    0.15, RMSE_ALPHA_DERIV=    2.30
2025-07-12 11:07:01.811 INFO: Epoch 99: head: Default, loss=0.7448, RMSE_MU_per_atom=0.00 mDebye, RMSE_MU_DERIV=0.00 mDebye / A, RMSE_ALPHA_per_atom=    0.12, RMSE_ALPHA_DERIV=    2.20
2025-07-12 11:07:01.812 DEBUG: Deleting old checkpoint file: ./checkpoints/MoWSSe_susram_ndata_all_subset_280_weights_10_1_run-123_epoch-94.pt
2025-07-12 11:07:01.812 DEBUG: Saving checkpoint: ./checkpoints/MoWSSe_susram_ndata_all_subset_280_weights_10_1_run-123_epoch-99.pt
2025-07-12 11:07:53.882 INFO: Epoch 100: head: Default, loss=0.7565, RMSE_MU_per_atom=0.00 mDebye, RMSE_MU_DERIV=0.00 mDebye / A, RMSE_ALPHA_per_atom=    0.09, RMSE_ALPHA_DERIV=    2.24
2025-07-12 11:08:45.859 INFO: Epoch 101: head: Default, loss=0.7464, RMSE_MU_per_atom=0.00 mDebye, RMSE_MU_DERIV=0.00 mDebye / A, RMSE_ALPHA_per_atom=    0.06, RMSE_ALPHA_DERIV=    2.21
2025-07-12 11:09:37.839 INFO: Epoch 102: head: Default, loss=0.8812, RMSE_MU_per_atom=0.00 mDebye, RMSE_MU_DERIV=0.00 mDebye / A, RMSE_ALPHA_per_atom=    0.29, RMSE_ALPHA_DERIV=    2.22
2025-07-12 11:10:29.825 INFO: Epoch 103: head: Default, loss=0.8901, RMSE_MU_per_atom=0.00 mDebye, RMSE_MU_DERIV=0.00 mDebye / A, RMSE_ALPHA_per_atom=    0.28, RMSE_ALPHA_DERIV=    2.28
2025-07-12 11:11:21.835 INFO: Epoch 104: head: Default, loss=1.1089, RMSE_MU_per_atom=0.00 mDebye, RMSE_MU_DERIV=0.00 mDebye / A, RMSE_ALPHA_per_atom=    0.28, RMSE_ALPHA_DERIV=    2.48
2025-07-12 11:12:13.818 INFO: Epoch 105: head: Default, loss=0.8866, RMSE_MU_per_atom=0.00 mDebye, RMSE_MU_DERIV=0.00 mDebye / A, RMSE_ALPHA_per_atom=    0.28, RMSE_ALPHA_DERIV=    2.24
2025-07-12 11:13:06.036 INFO: Epoch 106: head: Default, loss=0.7023, RMSE_MU_per_atom=0.00 mDebye, RMSE_MU_DERIV=0.00 mDebye / A, RMSE_ALPHA_per_atom=    0.09, RMSE_ALPHA_DERIV=    2.13
2025-07-12 11:13:06.037 DEBUG: Deleting old checkpoint file: ./checkpoints/MoWSSe_susram_ndata_all_subset_280_weights_10_1_run-123_epoch-99.pt
2025-07-12 11:13:06.038 DEBUG: Saving checkpoint: ./checkpoints/MoWSSe_susram_ndata_all_subset_280_weights_10_1_run-123_epoch-106.pt
2025-07-12 11:13:58.450 INFO: Epoch 107: head: Default, loss=0.7251, RMSE_MU_per_atom=0.00 mDebye, RMSE_MU_DERIV=0.00 mDebye / A, RMSE_ALPHA_per_atom=    0.12, RMSE_ALPHA_DERIV=    2.18
2025-07-12 11:14:50.835 INFO: Epoch 108: head: Default, loss=0.7358, RMSE_MU_per_atom=0.00 mDebye, RMSE_MU_DERIV=0.00 mDebye / A, RMSE_ALPHA_per_atom=    0.14, RMSE_ALPHA_DERIV=    2.17
2025-07-12 11:15:43.208 INFO: Epoch 109: head: Default, loss=0.7530, RMSE_MU_per_atom=0.00 mDebye, RMSE_MU_DERIV=0.00 mDebye / A, RMSE_ALPHA_per_atom=    0.07, RMSE_ALPHA_DERIV=    2.25
2025-07-12 11:16:35.602 INFO: Epoch 110: head: Default, loss=0.8209, RMSE_MU_per_atom=0.00 mDebye, RMSE_MU_DERIV=0.00 mDebye / A, RMSE_ALPHA_per_atom=    0.20, RMSE_ALPHA_DERIV=    2.24
2025-07-12 11:17:27.987 INFO: Epoch 111: head: Default, loss=0.9212, RMSE_MU_per_atom=0.00 mDebye, RMSE_MU_DERIV=0.00 mDebye / A, RMSE_ALPHA_per_atom=    0.09, RMSE_ALPHA_DERIV=    2.46
2025-07-12 11:18:20.374 INFO: Epoch 112: head: Default, loss=0.7558, RMSE_MU_per_atom=0.00 mDebye, RMSE_MU_DERIV=0.00 mDebye / A, RMSE_ALPHA_per_atom=    0.16, RMSE_ALPHA_DERIV=    2.17
2025-07-12 11:19:12.784 INFO: Epoch 113: head: Default, loss=0.8286, RMSE_MU_per_atom=0.00 mDebye, RMSE_MU_DERIV=0.00 mDebye / A, RMSE_ALPHA_per_atom=    0.16, RMSE_ALPHA_DERIV=    2.25
2025-07-12 11:20:05.174 INFO: Epoch 114: head: Default, loss=0.6884, RMSE_MU_per_atom=0.00 mDebye, RMSE_MU_DERIV=0.00 mDebye / A, RMSE_ALPHA_per_atom=    0.07, RMSE_ALPHA_DERIV=    2.11
2025-07-12 11:20:05.175 DEBUG: Deleting old checkpoint file: ./checkpoints/MoWSSe_susram_ndata_all_subset_280_weights_10_1_run-123_epoch-106.pt
2025-07-12 11:20:05.176 DEBUG: Saving checkpoint: ./checkpoints/MoWSSe_susram_ndata_all_subset_280_weights_10_1_run-123_epoch-114.pt
2025-07-12 11:20:57.615 INFO: Epoch 115: head: Default, loss=0.7989, RMSE_MU_per_atom=0.00 mDebye, RMSE_MU_DERIV=0.00 mDebye / A, RMSE_ALPHA_per_atom=    0.07, RMSE_ALPHA_DERIV=    2.31
2025-07-12 11:21:50.020 INFO: Epoch 116: head: Default, loss=0.7696, RMSE_MU_per_atom=0.00 mDebye, RMSE_MU_DERIV=0.00 mDebye / A, RMSE_ALPHA_per_atom=    0.15, RMSE_ALPHA_DERIV=    2.18
2025-07-12 11:22:42.429 INFO: Epoch 117: head: Default, loss=0.7200, RMSE_MU_per_atom=0.00 mDebye, RMSE_MU_DERIV=0.00 mDebye / A, RMSE_ALPHA_per_atom=    0.10, RMSE_ALPHA_DERIV=    2.18
2025-07-12 11:23:34.827 INFO: Epoch 118: head: Default, loss=0.6987, RMSE_MU_per_atom=0.00 mDebye, RMSE_MU_DERIV=0.00 mDebye / A, RMSE_ALPHA_per_atom=    0.10, RMSE_ALPHA_DERIV=    2.14
2025-07-12 11:24:27.218 INFO: Epoch 119: head: Default, loss=0.6796, RMSE_MU_per_atom=0.00 mDebye, RMSE_MU_DERIV=0.00 mDebye / A, RMSE_ALPHA_per_atom=    0.08, RMSE_ALPHA_DERIV=    2.10
2025-07-12 11:24:27.219 DEBUG: Deleting old checkpoint file: ./checkpoints/MoWSSe_susram_ndata_all_subset_280_weights_10_1_run-123_epoch-114.pt
2025-07-12 11:24:27.219 DEBUG: Saving checkpoint: ./checkpoints/MoWSSe_susram_ndata_all_subset_280_weights_10_1_run-123_epoch-119.pt
2025-07-12 11:25:19.649 INFO: Epoch 120: head: Default, loss=0.7151, RMSE_MU_per_atom=0.00 mDebye, RMSE_MU_DERIV=0.00 mDebye / A, RMSE_ALPHA_per_atom=    0.09, RMSE_ALPHA_DERIV=    2.17
2025-07-12 11:26:12.040 INFO: Epoch 121: head: Default, loss=0.7294, RMSE_MU_per_atom=0.00 mDebye, RMSE_MU_DERIV=0.00 mDebye / A, RMSE_ALPHA_per_atom=    0.09, RMSE_ALPHA_DERIV=    2.19
2025-07-12 11:27:04.400 INFO: Epoch 122: head: Default, loss=0.6668, RMSE_MU_per_atom=0.00 mDebye, RMSE_MU_DERIV=0.00 mDebye / A, RMSE_ALPHA_per_atom=    0.11, RMSE_ALPHA_DERIV=    2.09
2025-07-12 11:27:04.401 DEBUG: Deleting old checkpoint file: ./checkpoints/MoWSSe_susram_ndata_all_subset_280_weights_10_1_run-123_epoch-119.pt
2025-07-12 11:27:04.401 DEBUG: Saving checkpoint: ./checkpoints/MoWSSe_susram_ndata_all_subset_280_weights_10_1_run-123_epoch-122.pt
2025-07-12 11:27:56.821 INFO: Epoch 123: head: Default, loss=0.6675, RMSE_MU_per_atom=0.00 mDebye, RMSE_MU_DERIV=0.00 mDebye / A, RMSE_ALPHA_per_atom=    0.12, RMSE_ALPHA_DERIV=    2.08
2025-07-12 11:28:49.187 INFO: Epoch 124: head: Default, loss=0.7003, RMSE_MU_per_atom=0.00 mDebye, RMSE_MU_DERIV=0.00 mDebye / A, RMSE_ALPHA_per_atom=    0.09, RMSE_ALPHA_DERIV=    2.16
2025-07-12 11:29:41.587 INFO: Epoch 125: head: Default, loss=0.7239, RMSE_MU_per_atom=0.00 mDebye, RMSE_MU_DERIV=0.00 mDebye / A, RMSE_ALPHA_per_atom=    0.14, RMSE_ALPHA_DERIV=    2.13
2025-07-12 11:30:33.975 INFO: Epoch 126: head: Default, loss=0.6978, RMSE_MU_per_atom=0.00 mDebye, RMSE_MU_DERIV=0.00 mDebye / A, RMSE_ALPHA_per_atom=    0.11, RMSE_ALPHA_DERIV=    2.11
2025-07-12 11:31:26.358 INFO: Epoch 127: head: Default, loss=0.7337, RMSE_MU_per_atom=0.00 mDebye, RMSE_MU_DERIV=0.00 mDebye / A, RMSE_ALPHA_per_atom=    0.10, RMSE_ALPHA_DERIV=    2.19
2025-07-12 11:32:18.747 INFO: Epoch 128: head: Default, loss=0.6928, RMSE_MU_per_atom=0.00 mDebye, RMSE_MU_DERIV=0.00 mDebye / A, RMSE_ALPHA_per_atom=    0.13, RMSE_ALPHA_DERIV=    2.11
2025-07-12 11:33:11.140 INFO: Epoch 129: head: Default, loss=0.6919, RMSE_MU_per_atom=0.00 mDebye, RMSE_MU_DERIV=0.00 mDebye / A, RMSE_ALPHA_per_atom=    0.06, RMSE_ALPHA_DERIV=    2.16
2025-07-12 11:34:03.531 INFO: Epoch 130: head: Default, loss=0.6865, RMSE_MU_per_atom=0.00 mDebye, RMSE_MU_DERIV=0.00 mDebye / A, RMSE_ALPHA_per_atom=    0.08, RMSE_ALPHA_DERIV=    2.12
2025-07-12 11:34:55.928 INFO: Epoch 131: head: Default, loss=0.6941, RMSE_MU_per_atom=0.00 mDebye, RMSE_MU_DERIV=0.00 mDebye / A, RMSE_ALPHA_per_atom=    0.10, RMSE_ALPHA_DERIV=    2.12
2025-07-12 11:35:48.329 INFO: Epoch 132: head: Default, loss=0.7593, RMSE_MU_per_atom=0.00 mDebye, RMSE_MU_DERIV=0.00 mDebye / A, RMSE_ALPHA_per_atom=    0.14, RMSE_ALPHA_DERIV=    2.20
2025-07-12 11:36:40.726 INFO: Epoch 133: head: Default, loss=0.6521, RMSE_MU_per_atom=0.00 mDebye, RMSE_MU_DERIV=0.00 mDebye / A, RMSE_ALPHA_per_atom=    0.07, RMSE_ALPHA_DERIV=    2.07
2025-07-12 11:36:40.727 DEBUG: Deleting old checkpoint file: ./checkpoints/MoWSSe_susram_ndata_all_subset_280_weights_10_1_run-123_epoch-122.pt
2025-07-12 11:36:40.727 DEBUG: Saving checkpoint: ./checkpoints/MoWSSe_susram_ndata_all_subset_280_weights_10_1_run-123_epoch-133.pt
2025-07-12 11:37:33.155 INFO: Epoch 134: head: Default, loss=0.6780, RMSE_MU_per_atom=0.00 mDebye, RMSE_MU_DERIV=0.00 mDebye / A, RMSE_ALPHA_per_atom=    0.17, RMSE_ALPHA_DERIV=    2.07
2025-07-12 11:38:25.551 INFO: Epoch 135: head: Default, loss=0.7420, RMSE_MU_per_atom=0.00 mDebye, RMSE_MU_DERIV=0.00 mDebye / A, RMSE_ALPHA_per_atom=    0.14, RMSE_ALPHA_DERIV=    2.19
2025-07-12 11:39:17.947 INFO: Epoch 136: head: Default, loss=0.7911, RMSE_MU_per_atom=0.00 mDebye, RMSE_MU_DERIV=0.00 mDebye / A, RMSE_ALPHA_per_atom=    0.20, RMSE_ALPHA_DERIV=    2.17
2025-07-12 11:40:10.322 INFO: Epoch 137: head: Default, loss=0.6712, RMSE_MU_per_atom=0.00 mDebye, RMSE_MU_DERIV=0.00 mDebye / A, RMSE_ALPHA_per_atom=    0.12, RMSE_ALPHA_DERIV=    2.09
2025-07-12 11:41:02.697 INFO: Epoch 138: head: Default, loss=0.7282, RMSE_MU_per_atom=0.00 mDebye, RMSE_MU_DERIV=0.00 mDebye / A, RMSE_ALPHA_per_atom=    0.12, RMSE_ALPHA_DERIV=    2.17
2025-07-12 11:41:55.070 INFO: Epoch 139: head: Default, loss=0.6739, RMSE_MU_per_atom=0.00 mDebye, RMSE_MU_DERIV=0.00 mDebye / A, RMSE_ALPHA_per_atom=    0.08, RMSE_ALPHA_DERIV=    2.08
2025-07-12 11:42:47.401 INFO: Epoch 140: head: Default, loss=0.7005, RMSE_MU_per_atom=0.00 mDebye, RMSE_MU_DERIV=0.00 mDebye / A, RMSE_ALPHA_per_atom=    0.09, RMSE_ALPHA_DERIV=    2.12
2025-07-12 11:43:39.699 INFO: Epoch 141: head: Default, loss=0.7325, RMSE_MU_per_atom=0.00 mDebye, RMSE_MU_DERIV=0.00 mDebye / A, RMSE_ALPHA_per_atom=    0.12, RMSE_ALPHA_DERIV=    2.16
2025-07-12 11:44:32.012 INFO: Epoch 142: head: Default, loss=0.6443, RMSE_MU_per_atom=0.00 mDebye, RMSE_MU_DERIV=0.00 mDebye / A, RMSE_ALPHA_per_atom=    0.05, RMSE_ALPHA_DERIV=    2.06
2025-07-12 11:44:32.013 DEBUG: Deleting old checkpoint file: ./checkpoints/MoWSSe_susram_ndata_all_subset_280_weights_10_1_run-123_epoch-133.pt
2025-07-12 11:44:32.013 DEBUG: Saving checkpoint: ./checkpoints/MoWSSe_susram_ndata_all_subset_280_weights_10_1_run-123_epoch-142.pt
2025-07-12 11:45:24.445 INFO: Epoch 143: head: Default, loss=0.6792, RMSE_MU_per_atom=0.00 mDebye, RMSE_MU_DERIV=0.00 mDebye / A, RMSE_ALPHA_per_atom=    0.14, RMSE_ALPHA_DERIV=    2.06
2025-07-12 11:46:16.838 INFO: Epoch 144: head: Default, loss=0.7088, RMSE_MU_per_atom=0.00 mDebye, RMSE_MU_DERIV=0.00 mDebye / A, RMSE_ALPHA_per_atom=    0.13, RMSE_ALPHA_DERIV=    2.12
2025-07-12 11:47:09.197 INFO: Epoch 145: head: Default, loss=0.6828, RMSE_MU_per_atom=0.00 mDebye, RMSE_MU_DERIV=0.00 mDebye / A, RMSE_ALPHA_per_atom=    0.10, RMSE_ALPHA_DERIV=    2.11
2025-07-12 11:48:01.572 INFO: Epoch 146: head: Default, loss=0.6641, RMSE_MU_per_atom=0.00 mDebye, RMSE_MU_DERIV=0.00 mDebye / A, RMSE_ALPHA_per_atom=    0.14, RMSE_ALPHA_DERIV=    2.06
2025-07-12 11:48:53.927 INFO: Epoch 147: head: Default, loss=0.6617, RMSE_MU_per_atom=0.00 mDebye, RMSE_MU_DERIV=0.00 mDebye / A, RMSE_ALPHA_per_atom=    0.13, RMSE_ALPHA_DERIV=    2.05
2025-07-12 11:49:46.316 INFO: Epoch 148: head: Default, loss=0.6625, RMSE_MU_per_atom=0.00 mDebye, RMSE_MU_DERIV=0.00 mDebye / A, RMSE_ALPHA_per_atom=    0.07, RMSE_ALPHA_DERIV=    2.07
2025-07-12 11:50:38.712 INFO: Epoch 149: head: Default, loss=0.7391, RMSE_MU_per_atom=0.00 mDebye, RMSE_MU_DERIV=0.00 mDebye / A, RMSE_ALPHA_per_atom=    0.18, RMSE_ALPHA_DERIV=    2.11
2025-07-12 11:51:31.099 INFO: Epoch 150: head: Default, loss=0.6584, RMSE_MU_per_atom=0.00 mDebye, RMSE_MU_DERIV=0.00 mDebye / A, RMSE_ALPHA_per_atom=    0.05, RMSE_ALPHA_DERIV=    2.06
2025-07-12 11:52:23.485 INFO: Epoch 151: head: Default, loss=0.6559, RMSE_MU_per_atom=0.00 mDebye, RMSE_MU_DERIV=0.00 mDebye / A, RMSE_ALPHA_per_atom=    0.06, RMSE_ALPHA_DERIV=    2.07
2025-07-12 11:53:15.872 INFO: Epoch 152: head: Default, loss=0.6462, RMSE_MU_per_atom=0.00 mDebye, RMSE_MU_DERIV=0.00 mDebye / A, RMSE_ALPHA_per_atom=    0.12, RMSE_ALPHA_DERIV=    2.04
2025-07-12 11:54:08.236 INFO: Epoch 153: head: Default, loss=0.7318, RMSE_MU_per_atom=0.00 mDebye, RMSE_MU_DERIV=0.00 mDebye / A, RMSE_ALPHA_per_atom=    0.18, RMSE_ALPHA_DERIV=    2.12
2025-07-12 11:55:00.606 INFO: Epoch 154: head: Default, loss=0.6776, RMSE_MU_per_atom=0.00 mDebye, RMSE_MU_DERIV=0.00 mDebye / A, RMSE_ALPHA_per_atom=    0.13, RMSE_ALPHA_DERIV=    2.08
2025-07-12 11:55:52.945 INFO: Epoch 155: head: Default, loss=0.6931, RMSE_MU_per_atom=0.00 mDebye, RMSE_MU_DERIV=0.00 mDebye / A, RMSE_ALPHA_per_atom=    0.07, RMSE_ALPHA_DERIV=    2.13
2025-07-12 11:56:45.315 INFO: Epoch 156: head: Default, loss=0.6614, RMSE_MU_per_atom=0.00 mDebye, RMSE_MU_DERIV=0.00 mDebye / A, RMSE_ALPHA_per_atom=    0.09, RMSE_ALPHA_DERIV=    2.06
2025-07-12 11:57:37.686 INFO: Epoch 157: head: Default, loss=0.6319, RMSE_MU_per_atom=0.00 mDebye, RMSE_MU_DERIV=0.00 mDebye / A, RMSE_ALPHA_per_atom=    0.09, RMSE_ALPHA_DERIV=    2.02
2025-07-12 11:57:37.687 DEBUG: Deleting old checkpoint file: ./checkpoints/MoWSSe_susram_ndata_all_subset_280_weights_10_1_run-123_epoch-142.pt
2025-07-12 11:57:37.687 DEBUG: Saving checkpoint: ./checkpoints/MoWSSe_susram_ndata_all_subset_280_weights_10_1_run-123_epoch-157.pt
2025-07-12 11:58:30.120 INFO: Epoch 158: head: Default, loss=0.7059, RMSE_MU_per_atom=0.00 mDebye, RMSE_MU_DERIV=0.00 mDebye / A, RMSE_ALPHA_per_atom=    0.10, RMSE_ALPHA_DERIV=    2.11
2025-07-12 11:59:22.483 INFO: Epoch 159: head: Default, loss=0.6585, RMSE_MU_per_atom=0.00 mDebye, RMSE_MU_DERIV=0.00 mDebye / A, RMSE_ALPHA_per_atom=    0.10, RMSE_ALPHA_DERIV=    2.07
2025-07-12 12:00:14.876 INFO: Epoch 160: head: Default, loss=0.6663, RMSE_MU_per_atom=0.00 mDebye, RMSE_MU_DERIV=0.00 mDebye / A, RMSE_ALPHA_per_atom=    0.14, RMSE_ALPHA_DERIV=    2.06
2025-07-12 12:01:07.252 INFO: Epoch 161: head: Default, loss=0.6852, RMSE_MU_per_atom=0.00 mDebye, RMSE_MU_DERIV=0.00 mDebye / A, RMSE_ALPHA_per_atom=    0.06, RMSE_ALPHA_DERIV=    2.12
2025-07-12 12:01:59.607 INFO: Epoch 162: head: Default, loss=0.6580, RMSE_MU_per_atom=0.00 mDebye, RMSE_MU_DERIV=0.00 mDebye / A, RMSE_ALPHA_per_atom=    0.09, RMSE_ALPHA_DERIV=    2.06
2025-07-12 12:02:51.973 INFO: Epoch 163: head: Default, loss=0.7013, RMSE_MU_per_atom=0.00 mDebye, RMSE_MU_DERIV=0.00 mDebye / A, RMSE_ALPHA_per_atom=    0.12, RMSE_ALPHA_DERIV=    2.11
2025-07-12 12:03:44.349 INFO: Epoch 164: head: Default, loss=0.7143, RMSE_MU_per_atom=0.00 mDebye, RMSE_MU_DERIV=0.00 mDebye / A, RMSE_ALPHA_per_atom=    0.19, RMSE_ALPHA_DERIV=    2.08
2025-07-12 12:04:36.706 INFO: Epoch 165: head: Default, loss=0.8777, RMSE_MU_per_atom=0.00 mDebye, RMSE_MU_DERIV=0.00 mDebye / A, RMSE_ALPHA_per_atom=    0.27, RMSE_ALPHA_DERIV=    2.26
2025-07-12 12:05:29.105 INFO: Epoch 166: head: Default, loss=0.8044, RMSE_MU_per_atom=0.00 mDebye, RMSE_MU_DERIV=0.00 mDebye / A, RMSE_ALPHA_per_atom=    0.27, RMSE_ALPHA_DERIV=    2.12
2025-07-12 12:06:21.501 INFO: Epoch 167: head: Default, loss=0.6571, RMSE_MU_per_atom=0.00 mDebye, RMSE_MU_DERIV=0.00 mDebye / A, RMSE_ALPHA_per_atom=    0.12, RMSE_ALPHA_DERIV=    2.04
2025-07-12 12:07:13.877 INFO: Epoch 168: head: Default, loss=0.7096, RMSE_MU_per_atom=0.00 mDebye, RMSE_MU_DERIV=0.00 mDebye / A, RMSE_ALPHA_per_atom=    0.09, RMSE_ALPHA_DERIV=    2.13
2025-07-12 12:08:06.192 INFO: Epoch 169: head: Default, loss=0.6481, RMSE_MU_per_atom=0.00 mDebye, RMSE_MU_DERIV=0.00 mDebye / A, RMSE_ALPHA_per_atom=    0.08, RMSE_ALPHA_DERIV=    2.07
2025-07-12 12:08:58.516 INFO: Epoch 170: head: Default, loss=0.6642, RMSE_MU_per_atom=0.00 mDebye, RMSE_MU_DERIV=0.00 mDebye / A, RMSE_ALPHA_per_atom=    0.14, RMSE_ALPHA_DERIV=    2.04
2025-07-12 12:09:50.896 INFO: Epoch 171: head: Default, loss=0.6526, RMSE_MU_per_atom=0.00 mDebye, RMSE_MU_DERIV=0.00 mDebye / A, RMSE_ALPHA_per_atom=    0.06, RMSE_ALPHA_DERIV=    2.06
2025-07-12 12:10:43.236 INFO: Epoch 172: head: Default, loss=0.6636, RMSE_MU_per_atom=0.00 mDebye, RMSE_MU_DERIV=0.00 mDebye / A, RMSE_ALPHA_per_atom=    0.09, RMSE_ALPHA_DERIV=    2.08
2025-07-12 12:11:35.611 INFO: Epoch 173: head: Default, loss=0.6758, RMSE_MU_per_atom=0.00 mDebye, RMSE_MU_DERIV=0.00 mDebye / A, RMSE_ALPHA_per_atom=    0.10, RMSE_ALPHA_DERIV=    2.11
2025-07-12 12:12:27.991 INFO: Epoch 174: head: Default, loss=0.6380, RMSE_MU_per_atom=0.00 mDebye, RMSE_MU_DERIV=0.00 mDebye / A, RMSE_ALPHA_per_atom=    0.08, RMSE_ALPHA_DERIV=    2.03
2025-07-12 12:13:20.378 INFO: Epoch 175: head: Default, loss=0.6412, RMSE_MU_per_atom=0.00 mDebye, RMSE_MU_DERIV=0.00 mDebye / A, RMSE_ALPHA_per_atom=    0.08, RMSE_ALPHA_DERIV=    2.04
2025-07-12 12:14:12.760 INFO: Epoch 176: head: Default, loss=0.6246, RMSE_MU_per_atom=0.00 mDebye, RMSE_MU_DERIV=0.00 mDebye / A, RMSE_ALPHA_per_atom=    0.05, RMSE_ALPHA_DERIV=    2.03
2025-07-12 12:14:12.761 DEBUG: Deleting old checkpoint file: ./checkpoints/MoWSSe_susram_ndata_all_subset_280_weights_10_1_run-123_epoch-157.pt
2025-07-12 12:14:12.761 DEBUG: Saving checkpoint: ./checkpoints/MoWSSe_susram_ndata_all_subset_280_weights_10_1_run-123_epoch-176.pt
2025-07-12 12:15:05.178 INFO: Epoch 177: head: Default, loss=0.6326, RMSE_MU_per_atom=0.00 mDebye, RMSE_MU_DERIV=0.00 mDebye / A, RMSE_ALPHA_per_atom=    0.12, RMSE_ALPHA_DERIV=    2.00
2025-07-12 12:15:57.506 INFO: Epoch 178: head: Default, loss=0.6048, RMSE_MU_per_atom=0.00 mDebye, RMSE_MU_DERIV=0.00 mDebye / A, RMSE_ALPHA_per_atom=    0.06, RMSE_ALPHA_DERIV=    1.99
2025-07-12 12:15:57.507 DEBUG: Deleting old checkpoint file: ./checkpoints/MoWSSe_susram_ndata_all_subset_280_weights_10_1_run-123_epoch-176.pt
2025-07-12 12:15:57.507 DEBUG: Saving checkpoint: ./checkpoints/MoWSSe_susram_ndata_all_subset_280_weights_10_1_run-123_epoch-178.pt
2025-07-12 12:16:49.882 INFO: Epoch 179: head: Default, loss=0.6083, RMSE_MU_per_atom=0.00 mDebye, RMSE_MU_DERIV=0.00 mDebye / A, RMSE_ALPHA_per_atom=    0.05, RMSE_ALPHA_DERIV=    1.99
2025-07-12 12:17:42.243 INFO: Epoch 180: head: Default, loss=0.6222, RMSE_MU_per_atom=0.00 mDebye, RMSE_MU_DERIV=0.00 mDebye / A, RMSE_ALPHA_per_atom=    0.05, RMSE_ALPHA_DERIV=    2.01
2025-07-12 12:18:34.623 INFO: Epoch 181: head: Default, loss=0.6149, RMSE_MU_per_atom=0.00 mDebye, RMSE_MU_DERIV=0.00 mDebye / A, RMSE_ALPHA_per_atom=    0.06, RMSE_ALPHA_DERIV=    2.01
2025-07-12 12:19:27.000 INFO: Epoch 182: head: Default, loss=0.6311, RMSE_MU_per_atom=0.00 mDebye, RMSE_MU_DERIV=0.00 mDebye / A, RMSE_ALPHA_per_atom=    0.07, RMSE_ALPHA_DERIV=    2.03
2025-07-12 12:20:19.348 INFO: Epoch 183: head: Default, loss=0.6473, RMSE_MU_per_atom=0.00 mDebye, RMSE_MU_DERIV=0.00 mDebye / A, RMSE_ALPHA_per_atom=    0.11, RMSE_ALPHA_DERIV=    2.04
2025-07-12 12:21:11.724 INFO: Epoch 184: head: Default, loss=0.6197, RMSE_MU_per_atom=0.00 mDebye, RMSE_MU_DERIV=0.00 mDebye / A, RMSE_ALPHA_per_atom=    0.10, RMSE_ALPHA_DERIV=    1.99
2025-07-12 12:22:04.061 INFO: Epoch 185: head: Default, loss=0.6302, RMSE_MU_per_atom=0.00 mDebye, RMSE_MU_DERIV=0.00 mDebye / A, RMSE_ALPHA_per_atom=    0.17, RMSE_ALPHA_DERIV=    1.98
2025-07-12 12:22:56.374 INFO: Epoch 186: head: Default, loss=0.6365, RMSE_MU_per_atom=0.00 mDebye, RMSE_MU_DERIV=0.00 mDebye / A, RMSE_ALPHA_per_atom=    0.09, RMSE_ALPHA_DERIV=    2.03
2025-07-12 12:23:48.693 INFO: Epoch 187: head: Default, loss=0.6047, RMSE_MU_per_atom=0.00 mDebye, RMSE_MU_DERIV=0.00 mDebye / A, RMSE_ALPHA_per_atom=    0.05, RMSE_ALPHA_DERIV=    1.99
2025-07-12 12:23:48.693 DEBUG: Deleting old checkpoint file: ./checkpoints/MoWSSe_susram_ndata_all_subset_280_weights_10_1_run-123_epoch-178.pt
2025-07-12 12:23:48.694 DEBUG: Saving checkpoint: ./checkpoints/MoWSSe_susram_ndata_all_subset_280_weights_10_1_run-123_epoch-187.pt
2025-07-12 12:24:41.105 INFO: Epoch 188: head: Default, loss=0.6222, RMSE_MU_per_atom=0.00 mDebye, RMSE_MU_DERIV=0.00 mDebye / A, RMSE_ALPHA_per_atom=    0.05, RMSE_ALPHA_DERIV=    2.02
2025-07-12 12:25:33.446 INFO: Epoch 189: head: Default, loss=0.6190, RMSE_MU_per_atom=0.00 mDebye, RMSE_MU_DERIV=0.00 mDebye / A, RMSE_ALPHA_per_atom=    0.08, RMSE_ALPHA_DERIV=    2.00
2025-07-12 12:26:25.839 INFO: Epoch 190: head: Default, loss=0.6153, RMSE_MU_per_atom=0.00 mDebye, RMSE_MU_DERIV=0.00 mDebye / A, RMSE_ALPHA_per_atom=    0.06, RMSE_ALPHA_DERIV=    1.99
2025-07-12 12:27:18.185 INFO: Epoch 191: head: Default, loss=0.5879, RMSE_MU_per_atom=0.00 mDebye, RMSE_MU_DERIV=0.00 mDebye / A, RMSE_ALPHA_per_atom=    0.05, RMSE_ALPHA_DERIV=    1.97
2025-07-12 12:27:18.186 DEBUG: Deleting old checkpoint file: ./checkpoints/MoWSSe_susram_ndata_all_subset_280_weights_10_1_run-123_epoch-187.pt
2025-07-12 12:27:18.186 DEBUG: Saving checkpoint: ./checkpoints/MoWSSe_susram_ndata_all_subset_280_weights_10_1_run-123_epoch-191.pt
2025-07-12 12:28:10.616 INFO: Epoch 192: head: Default, loss=0.6014, RMSE_MU_per_atom=0.00 mDebye, RMSE_MU_DERIV=0.00 mDebye / A, RMSE_ALPHA_per_atom=    0.07, RMSE_ALPHA_DERIV=    1.97
2025-07-12 12:29:02.965 INFO: Epoch 193: head: Default, loss=0.6394, RMSE_MU_per_atom=0.00 mDebye, RMSE_MU_DERIV=0.00 mDebye / A, RMSE_ALPHA_per_atom=    0.09, RMSE_ALPHA_DERIV=    2.02
2025-07-12 12:29:55.366 INFO: Epoch 194: head: Default, loss=0.6923, RMSE_MU_per_atom=0.00 mDebye, RMSE_MU_DERIV=0.00 mDebye / A, RMSE_ALPHA_per_atom=    0.20, RMSE_ALPHA_DERIV=    2.00
2025-07-12 12:30:47.751 INFO: Epoch 195: head: Default, loss=0.5996, RMSE_MU_per_atom=0.00 mDebye, RMSE_MU_DERIV=0.00 mDebye / A, RMSE_ALPHA_per_atom=    0.06, RMSE_ALPHA_DERIV=    1.98
2025-07-12 12:31:40.141 INFO: Epoch 196: head: Default, loss=0.6297, RMSE_MU_per_atom=0.00 mDebye, RMSE_MU_DERIV=0.00 mDebye / A, RMSE_ALPHA_per_atom=    0.10, RMSE_ALPHA_DERIV=    2.00
2025-07-12 12:32:32.547 INFO: Epoch 197: head: Default, loss=0.6445, RMSE_MU_per_atom=0.00 mDebye, RMSE_MU_DERIV=0.00 mDebye / A, RMSE_ALPHA_per_atom=    0.14, RMSE_ALPHA_DERIV=    2.00
2025-07-12 12:33:24.940 INFO: Epoch 198: head: Default, loss=0.6487, RMSE_MU_per_atom=0.00 mDebye, RMSE_MU_DERIV=0.00 mDebye / A, RMSE_ALPHA_per_atom=    0.17, RMSE_ALPHA_DERIV=    2.02
2025-07-12 12:34:17.334 INFO: Epoch 199: head: Default, loss=0.5848, RMSE_MU_per_atom=0.00 mDebye, RMSE_MU_DERIV=0.00 mDebye / A, RMSE_ALPHA_per_atom=    0.04, RMSE_ALPHA_DERIV=    1.96
2025-07-12 12:34:17.335 DEBUG: Deleting old checkpoint file: ./checkpoints/MoWSSe_susram_ndata_all_subset_280_weights_10_1_run-123_epoch-191.pt
2025-07-12 12:34:17.335 DEBUG: Saving checkpoint: ./checkpoints/MoWSSe_susram_ndata_all_subset_280_weights_10_1_run-123_epoch-199.pt
2025-07-12 12:35:09.731 INFO: Epoch 200: head: Default, loss=0.5771, RMSE_MU_per_atom=0.00 mDebye, RMSE_MU_DERIV=0.00 mDebye / A, RMSE_ALPHA_per_atom=    0.04, RMSE_ALPHA_DERIV=    1.95
2025-07-12 12:35:09.732 DEBUG: Deleting old checkpoint file: ./checkpoints/MoWSSe_susram_ndata_all_subset_280_weights_10_1_run-123_epoch-199.pt
2025-07-12 12:35:09.732 DEBUG: Saving checkpoint: ./checkpoints/MoWSSe_susram_ndata_all_subset_280_weights_10_1_run-123_epoch-200.pt
2025-07-12 12:36:02.170 INFO: Epoch 201: head: Default, loss=0.6326, RMSE_MU_per_atom=0.00 mDebye, RMSE_MU_DERIV=0.00 mDebye / A, RMSE_ALPHA_per_atom=    0.06, RMSE_ALPHA_DERIV=    2.04
2025-07-12 12:36:54.562 INFO: Epoch 202: head: Default, loss=0.7138, RMSE_MU_per_atom=0.00 mDebye, RMSE_MU_DERIV=0.00 mDebye / A, RMSE_ALPHA_per_atom=    0.14, RMSE_ALPHA_DERIV=    2.11
2025-07-12 12:37:46.942 INFO: Epoch 203: head: Default, loss=0.5998, RMSE_MU_per_atom=0.00 mDebye, RMSE_MU_DERIV=0.00 mDebye / A, RMSE_ALPHA_per_atom=    0.08, RMSE_ALPHA_DERIV=    1.97
2025-07-12 12:38:39.319 INFO: Epoch 204: head: Default, loss=0.5896, RMSE_MU_per_atom=0.00 mDebye, RMSE_MU_DERIV=0.00 mDebye / A, RMSE_ALPHA_per_atom=    0.05, RMSE_ALPHA_DERIV=    1.96
2025-07-12 12:39:31.723 INFO: Epoch 205: head: Default, loss=0.5864, RMSE_MU_per_atom=0.00 mDebye, RMSE_MU_DERIV=0.00 mDebye / A, RMSE_ALPHA_per_atom=    0.07, RMSE_ALPHA_DERIV=    1.96
2025-07-12 12:40:24.122 INFO: Epoch 206: head: Default, loss=0.5946, RMSE_MU_per_atom=0.00 mDebye, RMSE_MU_DERIV=0.00 mDebye / A, RMSE_ALPHA_per_atom=    0.07, RMSE_ALPHA_DERIV=    1.97
2025-07-12 12:41:16.514 INFO: Epoch 207: head: Default, loss=0.6010, RMSE_MU_per_atom=0.00 mDebye, RMSE_MU_DERIV=0.00 mDebye / A, RMSE_ALPHA_per_atom=    0.07, RMSE_ALPHA_DERIV=    1.98
2025-07-12 12:42:08.936 INFO: Epoch 208: head: Default, loss=0.5980, RMSE_MU_per_atom=0.00 mDebye, RMSE_MU_DERIV=0.00 mDebye / A, RMSE_ALPHA_per_atom=    0.08, RMSE_ALPHA_DERIV=    1.98
2025-07-12 12:43:01.346 INFO: Epoch 209: head: Default, loss=0.5901, RMSE_MU_per_atom=0.00 mDebye, RMSE_MU_DERIV=0.00 mDebye / A, RMSE_ALPHA_per_atom=    0.04, RMSE_ALPHA_DERIV=    1.96
2025-07-12 12:43:53.727 INFO: Epoch 210: head: Default, loss=0.6122, RMSE_MU_per_atom=0.00 mDebye, RMSE_MU_DERIV=0.00 mDebye / A, RMSE_ALPHA_per_atom=    0.06, RMSE_ALPHA_DERIV=    1.99
2025-07-12 12:44:46.122 INFO: Epoch 211: head: Default, loss=0.6119, RMSE_MU_per_atom=0.00 mDebye, RMSE_MU_DERIV=0.00 mDebye / A, RMSE_ALPHA_per_atom=    0.09, RMSE_ALPHA_DERIV=    1.97
2025-07-12 12:45:38.494 INFO: Epoch 212: head: Default, loss=0.6310, RMSE_MU_per_atom=0.00 mDebye, RMSE_MU_DERIV=0.00 mDebye / A, RMSE_ALPHA_per_atom=    0.15, RMSE_ALPHA_DERIV=    1.97
2025-07-12 12:46:30.861 INFO: Epoch 213: head: Default, loss=0.5804, RMSE_MU_per_atom=0.00 mDebye, RMSE_MU_DERIV=0.00 mDebye / A, RMSE_ALPHA_per_atom=    0.04, RMSE_ALPHA_DERIV=    1.94
2025-07-12 12:47:23.225 INFO: Epoch 214: head: Default, loss=0.6221, RMSE_MU_per_atom=0.00 mDebye, RMSE_MU_DERIV=0.00 mDebye / A, RMSE_ALPHA_per_atom=    0.07, RMSE_ALPHA_DERIV=    1.98
2025-07-12 12:48:15.599 INFO: Epoch 215: head: Default, loss=0.6442, RMSE_MU_per_atom=0.00 mDebye, RMSE_MU_DERIV=0.00 mDebye / A, RMSE_ALPHA_per_atom=    0.09, RMSE_ALPHA_DERIV=    2.03
2025-07-12 12:49:07.998 INFO: Epoch 216: head: Default, loss=0.5889, RMSE_MU_per_atom=0.00 mDebye, RMSE_MU_DERIV=0.00 mDebye / A, RMSE_ALPHA_per_atom=    0.11, RMSE_ALPHA_DERIV=    1.93
2025-07-12 12:50:00.378 INFO: Epoch 217: head: Default, loss=0.7242, RMSE_MU_per_atom=0.00 mDebye, RMSE_MU_DERIV=0.00 mDebye / A, RMSE_ALPHA_per_atom=    0.16, RMSE_ALPHA_DERIV=    2.11
2025-07-12 12:50:52.752 INFO: Epoch 218: head: Default, loss=0.6312, RMSE_MU_per_atom=0.00 mDebye, RMSE_MU_DERIV=0.00 mDebye / A, RMSE_ALPHA_per_atom=    0.07, RMSE_ALPHA_DERIV=    2.00
2025-07-12 12:51:45.146 INFO: Epoch 219: head: Default, loss=0.5841, RMSE_MU_per_atom=0.00 mDebye, RMSE_MU_DERIV=0.00 mDebye / A, RMSE_ALPHA_per_atom=    0.10, RMSE_ALPHA_DERIV=    1.91
2025-07-12 12:52:37.509 INFO: Epoch 220: head: Default, loss=0.6109, RMSE_MU_per_atom=0.00 mDebye, RMSE_MU_DERIV=0.00 mDebye / A, RMSE_ALPHA_per_atom=    0.09, RMSE_ALPHA_DERIV=    1.97
2025-07-12 12:53:29.872 INFO: Epoch 221: head: Default, loss=0.6156, RMSE_MU_per_atom=0.00 mDebye, RMSE_MU_DERIV=0.00 mDebye / A, RMSE_ALPHA_per_atom=    0.05, RMSE_ALPHA_DERIV=    2.03
2025-07-12 12:54:22.238 INFO: Epoch 222: head: Default, loss=0.5911, RMSE_MU_per_atom=0.00 mDebye, RMSE_MU_DERIV=0.00 mDebye / A, RMSE_ALPHA_per_atom=    0.05, RMSE_ALPHA_DERIV=    1.96
2025-07-12 12:55:14.622 INFO: Epoch 223: head: Default, loss=0.5970, RMSE_MU_per_atom=0.00 mDebye, RMSE_MU_DERIV=0.00 mDebye / A, RMSE_ALPHA_per_atom=    0.09, RMSE_ALPHA_DERIV=    1.97
2025-07-12 12:56:06.909 INFO: Epoch 224: head: Default, loss=0.5828, RMSE_MU_per_atom=0.00 mDebye, RMSE_MU_DERIV=0.00 mDebye / A, RMSE_ALPHA_per_atom=    0.06, RMSE_ALPHA_DERIV=    1.94
2025-07-12 12:56:59.279 INFO: Epoch 225: head: Default, loss=0.5881, RMSE_MU_per_atom=0.00 mDebye, RMSE_MU_DERIV=0.00 mDebye / A, RMSE_ALPHA_per_atom=    0.09, RMSE_ALPHA_DERIV=    1.94
2025-07-12 12:57:51.643 INFO: Epoch 226: head: Default, loss=0.5881, RMSE_MU_per_atom=0.00 mDebye, RMSE_MU_DERIV=0.00 mDebye / A, RMSE_ALPHA_per_atom=    0.07, RMSE_ALPHA_DERIV=    1.94
2025-07-12 12:58:43.974 INFO: Epoch 227: head: Default, loss=0.5701, RMSE_MU_per_atom=0.00 mDebye, RMSE_MU_DERIV=0.00 mDebye / A, RMSE_ALPHA_per_atom=    0.04, RMSE_ALPHA_DERIV=    1.92
2025-07-12 12:58:43.974 DEBUG: Deleting old checkpoint file: ./checkpoints/MoWSSe_susram_ndata_all_subset_280_weights_10_1_run-123_epoch-200.pt
2025-07-12 12:58:43.975 DEBUG: Saving checkpoint: ./checkpoints/MoWSSe_susram_ndata_all_subset_280_weights_10_1_run-123_epoch-227.pt
2025-07-12 12:59:36.392 INFO: Epoch 228: head: Default, loss=0.5947, RMSE_MU_per_atom=0.00 mDebye, RMSE_MU_DERIV=0.00 mDebye / A, RMSE_ALPHA_per_atom=    0.07, RMSE_ALPHA_DERIV=    1.96
2025-07-12 13:00:28.767 INFO: Epoch 229: head: Default, loss=0.5900, RMSE_MU_per_atom=0.00 mDebye, RMSE_MU_DERIV=0.00 mDebye / A, RMSE_ALPHA_per_atom=    0.08, RMSE_ALPHA_DERIV=    1.95
2025-07-12 13:01:21.173 INFO: Epoch 230: head: Default, loss=0.6027, RMSE_MU_per_atom=0.00 mDebye, RMSE_MU_DERIV=0.00 mDebye / A, RMSE_ALPHA_per_atom=    0.05, RMSE_ALPHA_DERIV=    1.96
2025-07-12 13:02:13.563 INFO: Epoch 231: head: Default, loss=0.5804, RMSE_MU_per_atom=0.00 mDebye, RMSE_MU_DERIV=0.00 mDebye / A, RMSE_ALPHA_per_atom=    0.05, RMSE_ALPHA_DERIV=    1.94
2025-07-12 13:03:05.979 INFO: Epoch 232: head: Default, loss=0.5987, RMSE_MU_per_atom=0.00 mDebye, RMSE_MU_DERIV=0.00 mDebye / A, RMSE_ALPHA_per_atom=    0.06, RMSE_ALPHA_DERIV=    1.97
2025-07-12 13:03:58.378 INFO: Epoch 233: head: Default, loss=0.5872, RMSE_MU_per_atom=0.00 mDebye, RMSE_MU_DERIV=0.00 mDebye / A, RMSE_ALPHA_per_atom=    0.06, RMSE_ALPHA_DERIV=    1.95
2025-07-12 13:04:50.766 INFO: Epoch 234: head: Default, loss=0.5769, RMSE_MU_per_atom=0.00 mDebye, RMSE_MU_DERIV=0.00 mDebye / A, RMSE_ALPHA_per_atom=    0.06, RMSE_ALPHA_DERIV=    1.93
2025-07-12 13:05:43.154 INFO: Epoch 235: head: Default, loss=0.6420, RMSE_MU_per_atom=0.00 mDebye, RMSE_MU_DERIV=0.00 mDebye / A, RMSE_ALPHA_per_atom=    0.12, RMSE_ALPHA_DERIV=    2.02
2025-07-12 13:06:35.539 INFO: Epoch 236: head: Default, loss=0.6835, RMSE_MU_per_atom=0.00 mDebye, RMSE_MU_DERIV=0.00 mDebye / A, RMSE_ALPHA_per_atom=    0.14, RMSE_ALPHA_DERIV=    2.06
2025-07-12 13:07:27.921 INFO: Epoch 237: head: Default, loss=0.6278, RMSE_MU_per_atom=0.00 mDebye, RMSE_MU_DERIV=0.00 mDebye / A, RMSE_ALPHA_per_atom=    0.08, RMSE_ALPHA_DERIV=    1.98
2025-07-12 13:08:20.299 INFO: Epoch 238: head: Default, loss=0.5788, RMSE_MU_per_atom=0.00 mDebye, RMSE_MU_DERIV=0.00 mDebye / A, RMSE_ALPHA_per_atom=    0.10, RMSE_ALPHA_DERIV=    1.91
2025-07-12 13:09:12.679 INFO: Epoch 239: head: Default, loss=0.5932, RMSE_MU_per_atom=0.00 mDebye, RMSE_MU_DERIV=0.00 mDebye / A, RMSE_ALPHA_per_atom=    0.10, RMSE_ALPHA_DERIV=    1.94
2025-07-12 13:10:05.055 INFO: Epoch 240: head: Default, loss=0.6001, RMSE_MU_per_atom=0.00 mDebye, RMSE_MU_DERIV=0.00 mDebye / A, RMSE_ALPHA_per_atom=    0.06, RMSE_ALPHA_DERIV=    1.97
2025-07-12 13:10:57.441 INFO: Epoch 241: head: Default, loss=0.5633, RMSE_MU_per_atom=0.00 mDebye, RMSE_MU_DERIV=0.00 mDebye / A, RMSE_ALPHA_per_atom=    0.05, RMSE_ALPHA_DERIV=    1.91
2025-07-12 13:10:57.442 DEBUG: Deleting old checkpoint file: ./checkpoints/MoWSSe_susram_ndata_all_subset_280_weights_10_1_run-123_epoch-227.pt
2025-07-12 13:10:57.442 DEBUG: Saving checkpoint: ./checkpoints/MoWSSe_susram_ndata_all_subset_280_weights_10_1_run-123_epoch-241.pt
2025-07-12 13:11:49.886 INFO: Epoch 242: head: Default, loss=0.6312, RMSE_MU_per_atom=0.00 mDebye, RMSE_MU_DERIV=0.00 mDebye / A, RMSE_ALPHA_per_atom=    0.12, RMSE_ALPHA_DERIV=    1.99
2025-07-12 13:12:42.255 INFO: Epoch 243: head: Default, loss=0.6230, RMSE_MU_per_atom=0.00 mDebye, RMSE_MU_DERIV=0.00 mDebye / A, RMSE_ALPHA_per_atom=    0.06, RMSE_ALPHA_DERIV=    2.01
2025-07-12 13:13:34.652 INFO: Epoch 244: head: Default, loss=0.6404, RMSE_MU_per_atom=0.00 mDebye, RMSE_MU_DERIV=0.00 mDebye / A, RMSE_ALPHA_per_atom=    0.05, RMSE_ALPHA_DERIV=    2.01
2025-07-12 13:14:27.031 INFO: Epoch 245: head: Default, loss=0.6482, RMSE_MU_per_atom=0.00 mDebye, RMSE_MU_DERIV=0.00 mDebye / A, RMSE_ALPHA_per_atom=    0.06, RMSE_ALPHA_DERIV=    2.01
2025-07-12 13:15:19.411 INFO: Epoch 246: head: Default, loss=0.5784, RMSE_MU_per_atom=0.00 mDebye, RMSE_MU_DERIV=0.00 mDebye / A, RMSE_ALPHA_per_atom=    0.06, RMSE_ALPHA_DERIV=    1.93
2025-07-12 13:16:11.802 INFO: Epoch 247: head: Default, loss=0.5957, RMSE_MU_per_atom=0.00 mDebye, RMSE_MU_DERIV=0.00 mDebye / A, RMSE_ALPHA_per_atom=    0.07, RMSE_ALPHA_DERIV=    1.96
2025-07-12 13:17:04.199 INFO: Epoch 248: head: Default, loss=0.6153, RMSE_MU_per_atom=0.00 mDebye, RMSE_MU_DERIV=0.00 mDebye / A, RMSE_ALPHA_per_atom=    0.08, RMSE_ALPHA_DERIV=    1.98
2025-07-12 13:17:56.576 INFO: Epoch 249: head: Default, loss=0.6219, RMSE_MU_per_atom=0.00 mDebye, RMSE_MU_DERIV=0.00 mDebye / A, RMSE_ALPHA_per_atom=    0.09, RMSE_ALPHA_DERIV=    1.98
2025-07-12 13:18:48.956 INFO: Epoch 250: head: Default, loss=0.6331, RMSE_MU_per_atom=0.00 mDebye, RMSE_MU_DERIV=0.00 mDebye / A, RMSE_ALPHA_per_atom=    0.17, RMSE_ALPHA_DERIV=    1.96
2025-07-12 13:19:41.313 INFO: Epoch 251: head: Default, loss=0.6273, RMSE_MU_per_atom=0.00 mDebye, RMSE_MU_DERIV=0.00 mDebye / A, RMSE_ALPHA_per_atom=    0.05, RMSE_ALPHA_DERIV=    2.02
2025-07-12 13:20:33.690 INFO: Epoch 252: head: Default, loss=0.5739, RMSE_MU_per_atom=0.00 mDebye, RMSE_MU_DERIV=0.00 mDebye / A, RMSE_ALPHA_per_atom=    0.06, RMSE_ALPHA_DERIV=    1.93
2025-07-12 13:21:26.083 INFO: Epoch 253: head: Default, loss=0.6038, RMSE_MU_per_atom=0.00 mDebye, RMSE_MU_DERIV=0.00 mDebye / A, RMSE_ALPHA_per_atom=    0.09, RMSE_ALPHA_DERIV=    1.98
2025-07-12 13:22:18.471 INFO: Epoch 254: head: Default, loss=0.6598, RMSE_MU_per_atom=0.00 mDebye, RMSE_MU_DERIV=0.00 mDebye / A, RMSE_ALPHA_per_atom=    0.12, RMSE_ALPHA_DERIV=    2.04
2025-07-12 13:23:10.816 INFO: Epoch 255: head: Default, loss=0.5789, RMSE_MU_per_atom=0.00 mDebye, RMSE_MU_DERIV=0.00 mDebye / A, RMSE_ALPHA_per_atom=    0.09, RMSE_ALPHA_DERIV=    1.91
2025-07-12 13:24:03.180 INFO: Epoch 256: head: Default, loss=0.5914, RMSE_MU_per_atom=0.00 mDebye, RMSE_MU_DERIV=0.00 mDebye / A, RMSE_ALPHA_per_atom=    0.07, RMSE_ALPHA_DERIV=    1.95
2025-07-12 13:24:55.534 INFO: Epoch 257: head: Default, loss=0.6722, RMSE_MU_per_atom=0.00 mDebye, RMSE_MU_DERIV=0.00 mDebye / A, RMSE_ALPHA_per_atom=    0.20, RMSE_ALPHA_DERIV=    2.00
2025-07-12 13:25:47.930 INFO: Epoch 258: head: Default, loss=0.5979, RMSE_MU_per_atom=0.00 mDebye, RMSE_MU_DERIV=0.00 mDebye / A, RMSE_ALPHA_per_atom=    0.08, RMSE_ALPHA_DERIV=    1.95
2025-07-12 13:26:40.326 INFO: Epoch 259: head: Default, loss=0.5864, RMSE_MU_per_atom=0.00 mDebye, RMSE_MU_DERIV=0.00 mDebye / A, RMSE_ALPHA_per_atom=    0.07, RMSE_ALPHA_DERIV=    1.93
2025-07-12 13:27:32.726 INFO: Epoch 260: head: Default, loss=0.5727, RMSE_MU_per_atom=0.00 mDebye, RMSE_MU_DERIV=0.00 mDebye / A, RMSE_ALPHA_per_atom=    0.05, RMSE_ALPHA_DERIV=    1.93
2025-07-12 13:28:25.119 INFO: Epoch 261: head: Default, loss=0.5839, RMSE_MU_per_atom=0.00 mDebye, RMSE_MU_DERIV=0.00 mDebye / A, RMSE_ALPHA_per_atom=    0.05, RMSE_ALPHA_DERIV=    1.94
2025-07-12 13:29:17.511 INFO: Epoch 262: head: Default, loss=0.5755, RMSE_MU_per_atom=0.00 mDebye, RMSE_MU_DERIV=0.00 mDebye / A, RMSE_ALPHA_per_atom=    0.08, RMSE_ALPHA_DERIV=    1.92
2025-07-12 13:30:09.898 INFO: Epoch 263: head: Default, loss=0.6174, RMSE_MU_per_atom=0.00 mDebye, RMSE_MU_DERIV=0.00 mDebye / A, RMSE_ALPHA_per_atom=    0.16, RMSE_ALPHA_DERIV=    1.96
2025-07-12 13:31:02.290 INFO: Epoch 264: head: Default, loss=0.6336, RMSE_MU_per_atom=0.00 mDebye, RMSE_MU_DERIV=0.00 mDebye / A, RMSE_ALPHA_per_atom=    0.10, RMSE_ALPHA_DERIV=    2.02
2025-07-12 13:31:54.681 INFO: Epoch 265: head: Default, loss=0.5755, RMSE_MU_per_atom=0.00 mDebye, RMSE_MU_DERIV=0.00 mDebye / A, RMSE_ALPHA_per_atom=    0.05, RMSE_ALPHA_DERIV=    1.91
2025-07-12 13:32:47.054 INFO: Epoch 266: head: Default, loss=0.6031, RMSE_MU_per_atom=0.00 mDebye, RMSE_MU_DERIV=0.00 mDebye / A, RMSE_ALPHA_per_atom=    0.10, RMSE_ALPHA_DERIV=    1.97
2025-07-12 13:33:39.452 INFO: Epoch 267: head: Default, loss=0.5627, RMSE_MU_per_atom=0.00 mDebye, RMSE_MU_DERIV=0.00 mDebye / A, RMSE_ALPHA_per_atom=    0.06, RMSE_ALPHA_DERIV=    1.90
2025-07-12 13:33:39.453 DEBUG: Deleting old checkpoint file: ./checkpoints/MoWSSe_susram_ndata_all_subset_280_weights_10_1_run-123_epoch-241.pt
2025-07-12 13:33:39.453 DEBUG: Saving checkpoint: ./checkpoints/MoWSSe_susram_ndata_all_subset_280_weights_10_1_run-123_epoch-267.pt
2025-07-12 13:34:31.844 INFO: Epoch 268: head: Default, loss=0.6177, RMSE_MU_per_atom=0.00 mDebye, RMSE_MU_DERIV=0.00 mDebye / A, RMSE_ALPHA_per_atom=    0.10, RMSE_ALPHA_DERIV=    1.99
2025-07-12 13:35:24.208 INFO: Epoch 269: head: Default, loss=0.5995, RMSE_MU_per_atom=0.00 mDebye, RMSE_MU_DERIV=0.00 mDebye / A, RMSE_ALPHA_per_atom=    0.06, RMSE_ALPHA_DERIV=    1.95
2025-07-12 13:36:16.584 INFO: Epoch 270: head: Default, loss=0.6258, RMSE_MU_per_atom=0.00 mDebye, RMSE_MU_DERIV=0.00 mDebye / A, RMSE_ALPHA_per_atom=    0.06, RMSE_ALPHA_DERIV=    1.99
2025-07-12 13:37:08.958 INFO: Epoch 271: head: Default, loss=0.7006, RMSE_MU_per_atom=0.00 mDebye, RMSE_MU_DERIV=0.00 mDebye / A, RMSE_ALPHA_per_atom=    0.12, RMSE_ALPHA_DERIV=    2.11
2025-07-12 13:38:01.347 INFO: Epoch 272: head: Default, loss=0.5850, RMSE_MU_per_atom=0.00 mDebye, RMSE_MU_DERIV=0.00 mDebye / A, RMSE_ALPHA_per_atom=    0.06, RMSE_ALPHA_DERIV=    1.94
2025-07-12 13:38:53.691 INFO: Epoch 273: head: Default, loss=0.5774, RMSE_MU_per_atom=0.00 mDebye, RMSE_MU_DERIV=0.00 mDebye / A, RMSE_ALPHA_per_atom=    0.05, RMSE_ALPHA_DERIV=    1.93
2025-07-12 13:39:46.017 INFO: Epoch 274: head: Default, loss=0.5911, RMSE_MU_per_atom=0.00 mDebye, RMSE_MU_DERIV=0.00 mDebye / A, RMSE_ALPHA_per_atom=    0.06, RMSE_ALPHA_DERIV=    1.95
2025-07-12 13:40:38.355 INFO: Epoch 275: head: Default, loss=0.6001, RMSE_MU_per_atom=0.00 mDebye, RMSE_MU_DERIV=0.00 mDebye / A, RMSE_ALPHA_per_atom=    0.06, RMSE_ALPHA_DERIV=    1.95
2025-07-12 13:41:30.699 INFO: Epoch 276: head: Default, loss=0.6469, RMSE_MU_per_atom=0.00 mDebye, RMSE_MU_DERIV=0.00 mDebye / A, RMSE_ALPHA_per_atom=    0.11, RMSE_ALPHA_DERIV=    2.05
2025-07-12 13:42:22.999 INFO: Epoch 277: head: Default, loss=0.5762, RMSE_MU_per_atom=0.00 mDebye, RMSE_MU_DERIV=0.00 mDebye / A, RMSE_ALPHA_per_atom=    0.05, RMSE_ALPHA_DERIV=    1.93
2025-07-12 13:43:15.300 INFO: Epoch 278: head: Default, loss=0.5863, RMSE_MU_per_atom=0.00 mDebye, RMSE_MU_DERIV=0.00 mDebye / A, RMSE_ALPHA_per_atom=    0.10, RMSE_ALPHA_DERIV=    1.94
2025-07-12 13:44:07.696 INFO: Epoch 279: head: Default, loss=0.6031, RMSE_MU_per_atom=0.00 mDebye, RMSE_MU_DERIV=0.00 mDebye / A, RMSE_ALPHA_per_atom=    0.06, RMSE_ALPHA_DERIV=    1.97
2025-07-12 13:45:00.091 INFO: Epoch 280: head: Default, loss=0.5734, RMSE_MU_per_atom=0.00 mDebye, RMSE_MU_DERIV=0.00 mDebye / A, RMSE_ALPHA_per_atom=    0.04, RMSE_ALPHA_DERIV=    1.93
2025-07-12 13:45:52.488 INFO: Epoch 281: head: Default, loss=0.6028, RMSE_MU_per_atom=0.00 mDebye, RMSE_MU_DERIV=0.00 mDebye / A, RMSE_ALPHA_per_atom=    0.05, RMSE_ALPHA_DERIV=    1.96
2025-07-12 13:46:44.866 INFO: Epoch 282: head: Default, loss=0.5866, RMSE_MU_per_atom=0.00 mDebye, RMSE_MU_DERIV=0.00 mDebye / A, RMSE_ALPHA_per_atom=    0.05, RMSE_ALPHA_DERIV=    1.94
2025-07-12 13:47:37.281 INFO: Epoch 283: head: Default, loss=0.6014, RMSE_MU_per_atom=0.00 mDebye, RMSE_MU_DERIV=0.00 mDebye / A, RMSE_ALPHA_per_atom=    0.10, RMSE_ALPHA_DERIV=    1.94
2025-07-12 13:48:29.675 INFO: Epoch 284: head: Default, loss=0.6024, RMSE_MU_per_atom=0.00 mDebye, RMSE_MU_DERIV=0.00 mDebye / A, RMSE_ALPHA_per_atom=    0.05, RMSE_ALPHA_DERIV=    1.99
2025-07-12 13:49:22.091 INFO: Epoch 285: head: Default, loss=0.6037, RMSE_MU_per_atom=0.00 mDebye, RMSE_MU_DERIV=0.00 mDebye / A, RMSE_ALPHA_per_atom=    0.07, RMSE_ALPHA_DERIV=    1.97
2025-07-12 13:50:14.490 INFO: Epoch 286: head: Default, loss=0.6148, RMSE_MU_per_atom=0.00 mDebye, RMSE_MU_DERIV=0.00 mDebye / A, RMSE_ALPHA_per_atom=    0.09, RMSE_ALPHA_DERIV=    1.98
2025-07-12 13:51:06.878 INFO: Epoch 287: head: Default, loss=0.5921, RMSE_MU_per_atom=0.00 mDebye, RMSE_MU_DERIV=0.00 mDebye / A, RMSE_ALPHA_per_atom=    0.07, RMSE_ALPHA_DERIV=    1.96
2025-07-12 13:51:59.246 INFO: Epoch 288: head: Default, loss=0.5892, RMSE_MU_per_atom=0.00 mDebye, RMSE_MU_DERIV=0.00 mDebye / A, RMSE_ALPHA_per_atom=    0.09, RMSE_ALPHA_DERIV=    1.93
2025-07-12 13:52:51.642 INFO: Epoch 289: head: Default, loss=0.5682, RMSE_MU_per_atom=0.00 mDebye, RMSE_MU_DERIV=0.00 mDebye / A, RMSE_ALPHA_per_atom=    0.04, RMSE_ALPHA_DERIV=    1.92
2025-07-12 13:53:44.039 INFO: Epoch 290: head: Default, loss=0.5727, RMSE_MU_per_atom=0.00 mDebye, RMSE_MU_DERIV=0.00 mDebye / A, RMSE_ALPHA_per_atom=    0.05, RMSE_ALPHA_DERIV=    1.91
2025-07-12 13:54:36.425 INFO: Epoch 291: head: Default, loss=0.5767, RMSE_MU_per_atom=0.00 mDebye, RMSE_MU_DERIV=0.00 mDebye / A, RMSE_ALPHA_per_atom=    0.05, RMSE_ALPHA_DERIV=    1.93
2025-07-12 13:55:28.816 INFO: Epoch 292: head: Default, loss=0.5594, RMSE_MU_per_atom=0.00 mDebye, RMSE_MU_DERIV=0.00 mDebye / A, RMSE_ALPHA_per_atom=    0.05, RMSE_ALPHA_DERIV=    1.90
2025-07-12 13:55:28.817 DEBUG: Deleting old checkpoint file: ./checkpoints/MoWSSe_susram_ndata_all_subset_280_weights_10_1_run-123_epoch-267.pt
2025-07-12 13:55:28.819 DEBUG: Saving checkpoint: ./checkpoints/MoWSSe_susram_ndata_all_subset_280_weights_10_1_run-123_epoch-292.pt
2025-07-12 13:56:21.239 INFO: Epoch 293: head: Default, loss=0.5602, RMSE_MU_per_atom=0.00 mDebye, RMSE_MU_DERIV=0.00 mDebye / A, RMSE_ALPHA_per_atom=    0.04, RMSE_ALPHA_DERIV=    1.90
2025-07-12 13:57:13.624 INFO: Epoch 294: head: Default, loss=0.5875, RMSE_MU_per_atom=0.00 mDebye, RMSE_MU_DERIV=0.00 mDebye / A, RMSE_ALPHA_per_atom=    0.05, RMSE_ALPHA_DERIV=    1.95
2025-07-12 13:58:06.011 INFO: Epoch 295: head: Default, loss=0.6244, RMSE_MU_per_atom=0.00 mDebye, RMSE_MU_DERIV=0.00 mDebye / A, RMSE_ALPHA_per_atom=    0.10, RMSE_ALPHA_DERIV=    2.00
2025-07-12 13:58:58.395 INFO: Epoch 296: head: Default, loss=0.5838, RMSE_MU_per_atom=0.00 mDebye, RMSE_MU_DERIV=0.00 mDebye / A, RMSE_ALPHA_per_atom=    0.07, RMSE_ALPHA_DERIV=    1.94
2025-07-12 13:59:50.819 INFO: Epoch 297: head: Default, loss=0.5839, RMSE_MU_per_atom=0.00 mDebye, RMSE_MU_DERIV=0.00 mDebye / A, RMSE_ALPHA_per_atom=    0.08, RMSE_ALPHA_DERIV=    1.92
2025-07-12 14:00:43.224 INFO: Epoch 298: head: Default, loss=0.5584, RMSE_MU_per_atom=0.00 mDebye, RMSE_MU_DERIV=0.00 mDebye / A, RMSE_ALPHA_per_atom=    0.09, RMSE_ALPHA_DERIV=    1.89
2025-07-12 14:00:43.224 DEBUG: Deleting old checkpoint file: ./checkpoints/MoWSSe_susram_ndata_all_subset_280_weights_10_1_run-123_epoch-292.pt
2025-07-12 14:00:43.226 DEBUG: Saving checkpoint: ./checkpoints/MoWSSe_susram_ndata_all_subset_280_weights_10_1_run-123_epoch-298.pt
2025-07-12 14:01:35.679 INFO: Epoch 299: head: Default, loss=0.5607, RMSE_MU_per_atom=0.00 mDebye, RMSE_MU_DERIV=0.00 mDebye / A, RMSE_ALPHA_per_atom=    0.04, RMSE_ALPHA_DERIV=    1.90
2025-07-12 14:02:28.081 INFO: Epoch 300: head: Default, loss=0.5819, RMSE_MU_per_atom=0.00 mDebye, RMSE_MU_DERIV=0.00 mDebye / A, RMSE_ALPHA_per_atom=    0.11, RMSE_ALPHA_DERIV=    1.91
2025-07-12 14:03:20.473 INFO: Epoch 301: head: Default, loss=0.6003, RMSE_MU_per_atom=0.00 mDebye, RMSE_MU_DERIV=0.00 mDebye / A, RMSE_ALPHA_per_atom=    0.05, RMSE_ALPHA_DERIV=    1.97
2025-07-12 14:04:12.864 INFO: Epoch 302: head: Default, loss=0.5842, RMSE_MU_per_atom=0.00 mDebye, RMSE_MU_DERIV=0.00 mDebye / A, RMSE_ALPHA_per_atom=    0.05, RMSE_ALPHA_DERIV=    1.94
2025-07-12 14:05:05.246 INFO: Epoch 303: head: Default, loss=0.5741, RMSE_MU_per_atom=0.00 mDebye, RMSE_MU_DERIV=0.00 mDebye / A, RMSE_ALPHA_per_atom=    0.05, RMSE_ALPHA_DERIV=    1.93
2025-07-12 14:05:57.621 INFO: Epoch 304: head: Default, loss=0.6184, RMSE_MU_per_atom=0.00 mDebye, RMSE_MU_DERIV=0.00 mDebye / A, RMSE_ALPHA_per_atom=    0.11, RMSE_ALPHA_DERIV=    1.98
2025-07-12 14:06:50.017 INFO: Epoch 305: head: Default, loss=0.5691, RMSE_MU_per_atom=0.00 mDebye, RMSE_MU_DERIV=0.00 mDebye / A, RMSE_ALPHA_per_atom=    0.05, RMSE_ALPHA_DERIV=    1.92
2025-07-12 14:07:42.416 INFO: Epoch 306: head: Default, loss=0.5838, RMSE_MU_per_atom=0.00 mDebye, RMSE_MU_DERIV=0.00 mDebye / A, RMSE_ALPHA_per_atom=    0.04, RMSE_ALPHA_DERIV=    1.94
2025-07-12 14:08:34.822 INFO: Epoch 307: head: Default, loss=0.5891, RMSE_MU_per_atom=0.00 mDebye, RMSE_MU_DERIV=0.00 mDebye / A, RMSE_ALPHA_per_atom=    0.08, RMSE_ALPHA_DERIV=    1.94
2025-07-12 14:09:27.220 INFO: Epoch 308: head: Default, loss=0.5777, RMSE_MU_per_atom=0.00 mDebye, RMSE_MU_DERIV=0.00 mDebye / A, RMSE_ALPHA_per_atom=    0.05, RMSE_ALPHA_DERIV=    1.92
2025-07-12 14:10:19.619 INFO: Epoch 309: head: Default, loss=0.5963, RMSE_MU_per_atom=0.00 mDebye, RMSE_MU_DERIV=0.00 mDebye / A, RMSE_ALPHA_per_atom=    0.11, RMSE_ALPHA_DERIV=    1.94
2025-07-12 14:11:11.994 INFO: Epoch 310: head: Default, loss=0.5733, RMSE_MU_per_atom=0.00 mDebye, RMSE_MU_DERIV=0.00 mDebye / A, RMSE_ALPHA_per_atom=    0.05, RMSE_ALPHA_DERIV=    1.94
2025-07-12 14:12:04.397 INFO: Epoch 311: head: Default, loss=0.6156, RMSE_MU_per_atom=0.00 mDebye, RMSE_MU_DERIV=0.00 mDebye / A, RMSE_ALPHA_per_atom=    0.07, RMSE_ALPHA_DERIV=    1.98
2025-07-12 14:12:56.764 INFO: Epoch 312: head: Default, loss=0.5985, RMSE_MU_per_atom=0.00 mDebye, RMSE_MU_DERIV=0.00 mDebye / A, RMSE_ALPHA_per_atom=    0.11, RMSE_ALPHA_DERIV=    1.95
2025-07-12 14:13:49.158 INFO: Epoch 313: head: Default, loss=0.5869, RMSE_MU_per_atom=0.00 mDebye, RMSE_MU_DERIV=0.00 mDebye / A, RMSE_ALPHA_per_atom=    0.05, RMSE_ALPHA_DERIV=    1.94
2025-07-12 14:14:41.550 INFO: Epoch 314: head: Default, loss=0.5878, RMSE_MU_per_atom=0.00 mDebye, RMSE_MU_DERIV=0.00 mDebye / A, RMSE_ALPHA_per_atom=    0.07, RMSE_ALPHA_DERIV=    1.94
2025-07-12 14:15:33.937 INFO: Epoch 315: head: Default, loss=0.6542, RMSE_MU_per_atom=0.00 mDebye, RMSE_MU_DERIV=0.00 mDebye / A, RMSE_ALPHA_per_atom=    0.16, RMSE_ALPHA_DERIV=    2.01
2025-07-12 14:16:26.297 INFO: Epoch 316: head: Default, loss=0.6109, RMSE_MU_per_atom=0.00 mDebye, RMSE_MU_DERIV=0.00 mDebye / A, RMSE_ALPHA_per_atom=    0.07, RMSE_ALPHA_DERIV=    2.00
2025-07-12 14:17:18.641 INFO: Epoch 317: head: Default, loss=0.5966, RMSE_MU_per_atom=0.00 mDebye, RMSE_MU_DERIV=0.00 mDebye / A, RMSE_ALPHA_per_atom=    0.08, RMSE_ALPHA_DERIV=    1.97
2025-07-12 14:18:11.006 INFO: Epoch 318: head: Default, loss=0.5991, RMSE_MU_per_atom=0.00 mDebye, RMSE_MU_DERIV=0.00 mDebye / A, RMSE_ALPHA_per_atom=    0.07, RMSE_ALPHA_DERIV=    1.95
2025-07-12 14:19:03.359 INFO: Epoch 319: head: Default, loss=0.5991, RMSE_MU_per_atom=0.00 mDebye, RMSE_MU_DERIV=0.00 mDebye / A, RMSE_ALPHA_per_atom=    0.04, RMSE_ALPHA_DERIV=    1.99
2025-07-12 14:19:55.720 INFO: Epoch 320: head: Default, loss=0.5671, RMSE_MU_per_atom=0.00 mDebye, RMSE_MU_DERIV=0.00 mDebye / A, RMSE_ALPHA_per_atom=    0.03, RMSE_ALPHA_DERIV=    1.92
2025-07-12 14:20:48.110 INFO: Epoch 321: head: Default, loss=0.6027, RMSE_MU_per_atom=0.00 mDebye, RMSE_MU_DERIV=0.00 mDebye / A, RMSE_ALPHA_per_atom=    0.09, RMSE_ALPHA_DERIV=    1.96
2025-07-12 14:21:40.514 INFO: Epoch 322: head: Default, loss=0.6127, RMSE_MU_per_atom=0.00 mDebye, RMSE_MU_DERIV=0.00 mDebye / A, RMSE_ALPHA_per_atom=    0.11, RMSE_ALPHA_DERIV=    1.98
2025-07-12 14:22:32.874 INFO: Epoch 323: head: Default, loss=0.5734, RMSE_MU_per_atom=0.00 mDebye, RMSE_MU_DERIV=0.00 mDebye / A, RMSE_ALPHA_per_atom=    0.05, RMSE_ALPHA_DERIV=    1.93
2025-07-12 14:23:25.170 INFO: Epoch 324: head: Default, loss=0.5744, RMSE_MU_per_atom=0.00 mDebye, RMSE_MU_DERIV=0.00 mDebye / A, RMSE_ALPHA_per_atom=    0.05, RMSE_ALPHA_DERIV=    1.93
2025-07-12 14:24:17.498 INFO: Epoch 325: head: Default, loss=0.6281, RMSE_MU_per_atom=0.00 mDebye, RMSE_MU_DERIV=0.00 mDebye / A, RMSE_ALPHA_per_atom=    0.07, RMSE_ALPHA_DERIV=    1.99
2025-07-12 14:25:09.821 INFO: Epoch 326: head: Default, loss=0.5865, RMSE_MU_per_atom=0.00 mDebye, RMSE_MU_DERIV=0.00 mDebye / A, RMSE_ALPHA_per_atom=    0.06, RMSE_ALPHA_DERIV=    1.95
2025-07-12 14:26:02.169 INFO: Epoch 327: head: Default, loss=0.6280, RMSE_MU_per_atom=0.00 mDebye, RMSE_MU_DERIV=0.00 mDebye / A, RMSE_ALPHA_per_atom=    0.12, RMSE_ALPHA_DERIV=    1.97
2025-07-12 14:26:54.459 INFO: Epoch 328: head: Default, loss=0.5640, RMSE_MU_per_atom=0.00 mDebye, RMSE_MU_DERIV=0.00 mDebye / A, RMSE_ALPHA_per_atom=    0.07, RMSE_ALPHA_DERIV=    1.90
2025-07-12 14:27:46.696 INFO: Epoch 329: head: Default, loss=0.5710, RMSE_MU_per_atom=0.00 mDebye, RMSE_MU_DERIV=0.00 mDebye / A, RMSE_ALPHA_per_atom=    0.05, RMSE_ALPHA_DERIV=    1.91
2025-07-12 14:28:38.968 INFO: Epoch 330: head: Default, loss=0.5660, RMSE_MU_per_atom=0.00 mDebye, RMSE_MU_DERIV=0.00 mDebye / A, RMSE_ALPHA_per_atom=    0.04, RMSE_ALPHA_DERIV=    1.91
2025-07-12 14:29:31.246 INFO: Epoch 331: head: Default, loss=0.6228, RMSE_MU_per_atom=0.00 mDebye, RMSE_MU_DERIV=0.00 mDebye / A, RMSE_ALPHA_per_atom=    0.07, RMSE_ALPHA_DERIV=    1.96
2025-07-12 14:30:23.567 INFO: Epoch 332: head: Default, loss=0.5999, RMSE_MU_per_atom=0.00 mDebye, RMSE_MU_DERIV=0.00 mDebye / A, RMSE_ALPHA_per_atom=    0.10, RMSE_ALPHA_DERIV=    1.95
2025-07-12 14:31:15.917 INFO: Epoch 333: head: Default, loss=0.5776, RMSE_MU_per_atom=0.00 mDebye, RMSE_MU_DERIV=0.00 mDebye / A, RMSE_ALPHA_per_atom=    0.06, RMSE_ALPHA_DERIV=    1.94
2025-07-12 14:32:08.249 INFO: Epoch 334: head: Default, loss=0.6070, RMSE_MU_per_atom=0.00 mDebye, RMSE_MU_DERIV=0.00 mDebye / A, RMSE_ALPHA_per_atom=    0.10, RMSE_ALPHA_DERIV=    1.97
2025-07-12 14:33:00.579 INFO: Epoch 335: head: Default, loss=0.5749, RMSE_MU_per_atom=0.00 mDebye, RMSE_MU_DERIV=0.00 mDebye / A, RMSE_ALPHA_per_atom=    0.07, RMSE_ALPHA_DERIV=    1.93
2025-07-12 14:33:52.926 INFO: Epoch 336: head: Default, loss=0.5876, RMSE_MU_per_atom=0.00 mDebye, RMSE_MU_DERIV=0.00 mDebye / A, RMSE_ALPHA_per_atom=    0.05, RMSE_ALPHA_DERIV=    1.95
2025-07-12 14:34:45.250 INFO: Epoch 337: head: Default, loss=0.5665, RMSE_MU_per_atom=0.00 mDebye, RMSE_MU_DERIV=0.00 mDebye / A, RMSE_ALPHA_per_atom=    0.05, RMSE_ALPHA_DERIV=    1.91
2025-07-12 14:35:37.612 INFO: Epoch 338: head: Default, loss=0.5748, RMSE_MU_per_atom=0.00 mDebye, RMSE_MU_DERIV=0.00 mDebye / A, RMSE_ALPHA_per_atom=    0.08, RMSE_ALPHA_DERIV=    1.93
2025-07-12 14:36:29.993 INFO: Epoch 339: head: Default, loss=0.6041, RMSE_MU_per_atom=0.00 mDebye, RMSE_MU_DERIV=0.00 mDebye / A, RMSE_ALPHA_per_atom=    0.08, RMSE_ALPHA_DERIV=    1.98
2025-07-12 14:37:22.313 INFO: Epoch 340: head: Default, loss=0.5924, RMSE_MU_per_atom=0.00 mDebye, RMSE_MU_DERIV=0.00 mDebye / A, RMSE_ALPHA_per_atom=    0.04, RMSE_ALPHA_DERIV=    1.98
2025-07-12 14:38:14.628 INFO: Epoch 341: head: Default, loss=0.6286, RMSE_MU_per_atom=0.00 mDebye, RMSE_MU_DERIV=0.00 mDebye / A, RMSE_ALPHA_per_atom=    0.08, RMSE_ALPHA_DERIV=    1.99
2025-07-12 14:39:06.899 INFO: Epoch 342: head: Default, loss=0.5932, RMSE_MU_per_atom=0.00 mDebye, RMSE_MU_DERIV=0.00 mDebye / A, RMSE_ALPHA_per_atom=    0.10, RMSE_ALPHA_DERIV=    1.94
2025-07-12 14:39:59.198 INFO: Epoch 343: head: Default, loss=0.5579, RMSE_MU_per_atom=0.00 mDebye, RMSE_MU_DERIV=0.00 mDebye / A, RMSE_ALPHA_per_atom=    0.04, RMSE_ALPHA_DERIV=    1.90
2025-07-12 14:39:59.199 DEBUG: Deleting old checkpoint file: ./checkpoints/MoWSSe_susram_ndata_all_subset_280_weights_10_1_run-123_epoch-298.pt
2025-07-12 14:39:59.201 DEBUG: Saving checkpoint: ./checkpoints/MoWSSe_susram_ndata_all_subset_280_weights_10_1_run-123_epoch-343.pt
2025-07-12 14:40:51.543 INFO: Epoch 344: head: Default, loss=0.5591, RMSE_MU_per_atom=0.00 mDebye, RMSE_MU_DERIV=0.00 mDebye / A, RMSE_ALPHA_per_atom=    0.04, RMSE_ALPHA_DERIV=    1.90
2025-07-12 14:41:43.794 INFO: Epoch 345: head: Default, loss=0.5657, RMSE_MU_per_atom=0.00 mDebye, RMSE_MU_DERIV=0.00 mDebye / A, RMSE_ALPHA_per_atom=    0.04, RMSE_ALPHA_DERIV=    1.92
2025-07-12 14:42:36.112 INFO: Epoch 346: head: Default, loss=0.5771, RMSE_MU_per_atom=0.00 mDebye, RMSE_MU_DERIV=0.00 mDebye / A, RMSE_ALPHA_per_atom=    0.06, RMSE_ALPHA_DERIV=    1.93
2025-07-12 14:43:28.416 INFO: Epoch 347: head: Default, loss=0.5973, RMSE_MU_per_atom=0.00 mDebye, RMSE_MU_DERIV=0.00 mDebye / A, RMSE_ALPHA_per_atom=    0.11, RMSE_ALPHA_DERIV=    1.94
2025-07-12 14:44:20.754 INFO: Epoch 348: head: Default, loss=0.6217, RMSE_MU_per_atom=0.00 mDebye, RMSE_MU_DERIV=0.00 mDebye / A, RMSE_ALPHA_per_atom=    0.08, RMSE_ALPHA_DERIV=    1.97
2025-07-12 14:45:12.982 INFO: Epoch 349: head: Default, loss=0.5670, RMSE_MU_per_atom=0.00 mDebye, RMSE_MU_DERIV=0.00 mDebye / A, RMSE_ALPHA_per_atom=    0.07, RMSE_ALPHA_DERIV=    1.90
2025-07-12 14:46:05.256 INFO: Epoch 350: head: Default, loss=0.6677, RMSE_MU_per_atom=0.00 mDebye, RMSE_MU_DERIV=0.00 mDebye / A, RMSE_ALPHA_per_atom=    0.12, RMSE_ALPHA_DERIV=    2.07
2025-07-12 14:46:57.525 INFO: Epoch 351: head: Default, loss=0.5840, RMSE_MU_per_atom=0.00 mDebye, RMSE_MU_DERIV=0.00 mDebye / A, RMSE_ALPHA_per_atom=    0.08, RMSE_ALPHA_DERIV=    1.93
2025-07-12 14:47:49.721 INFO: Epoch 352: head: Default, loss=0.5931, RMSE_MU_per_atom=0.00 mDebye, RMSE_MU_DERIV=0.00 mDebye / A, RMSE_ALPHA_per_atom=    0.08, RMSE_ALPHA_DERIV=    1.94
2025-07-12 14:48:41.935 INFO: Epoch 353: head: Default, loss=0.5730, RMSE_MU_per_atom=0.00 mDebye, RMSE_MU_DERIV=0.00 mDebye / A, RMSE_ALPHA_per_atom=    0.04, RMSE_ALPHA_DERIV=    1.93
2025-07-12 14:49:34.115 INFO: Epoch 354: head: Default, loss=0.5816, RMSE_MU_per_atom=0.00 mDebye, RMSE_MU_DERIV=0.00 mDebye / A, RMSE_ALPHA_per_atom=    0.09, RMSE_ALPHA_DERIV=    1.92
2025-07-12 14:50:26.233 INFO: Epoch 355: head: Default, loss=0.7095, RMSE_MU_per_atom=0.00 mDebye, RMSE_MU_DERIV=0.00 mDebye / A, RMSE_ALPHA_per_atom=    0.14, RMSE_ALPHA_DERIV=    2.09
2025-07-12 14:51:18.368 INFO: Epoch 356: head: Default, loss=0.5969, RMSE_MU_per_atom=0.00 mDebye, RMSE_MU_DERIV=0.00 mDebye / A, RMSE_ALPHA_per_atom=    0.12, RMSE_ALPHA_DERIV=    1.94
2025-07-12 14:52:10.662 INFO: Epoch 357: head: Default, loss=0.5692, RMSE_MU_per_atom=0.00 mDebye, RMSE_MU_DERIV=0.00 mDebye / A, RMSE_ALPHA_per_atom=    0.08, RMSE_ALPHA_DERIV=    1.91
2025-07-12 14:53:02.922 INFO: Epoch 358: head: Default, loss=0.5692, RMSE_MU_per_atom=0.00 mDebye, RMSE_MU_DERIV=0.00 mDebye / A, RMSE_ALPHA_per_atom=    0.05, RMSE_ALPHA_DERIV=    1.92
2025-07-12 14:53:55.208 INFO: Epoch 359: head: Default, loss=0.5571, RMSE_MU_per_atom=0.00 mDebye, RMSE_MU_DERIV=0.00 mDebye / A, RMSE_ALPHA_per_atom=    0.08, RMSE_ALPHA_DERIV=    1.90
2025-07-12 14:53:55.209 DEBUG: Deleting old checkpoint file: ./checkpoints/MoWSSe_susram_ndata_all_subset_280_weights_10_1_run-123_epoch-343.pt
2025-07-12 14:53:55.210 DEBUG: Saving checkpoint: ./checkpoints/MoWSSe_susram_ndata_all_subset_280_weights_10_1_run-123_epoch-359.pt
2025-07-12 14:54:47.488 INFO: Epoch 360: head: Default, loss=0.6078, RMSE_MU_per_atom=0.00 mDebye, RMSE_MU_DERIV=0.00 mDebye / A, RMSE_ALPHA_per_atom=    0.07, RMSE_ALPHA_DERIV=    1.98
2025-07-12 14:55:39.768 INFO: Epoch 361: head: Default, loss=0.5748, RMSE_MU_per_atom=0.00 mDebye, RMSE_MU_DERIV=0.00 mDebye / A, RMSE_ALPHA_per_atom=    0.09, RMSE_ALPHA_DERIV=    1.92
2025-07-12 14:56:32.092 INFO: Epoch 362: head: Default, loss=0.5786, RMSE_MU_per_atom=0.00 mDebye, RMSE_MU_DERIV=0.00 mDebye / A, RMSE_ALPHA_per_atom=    0.07, RMSE_ALPHA_DERIV=    1.92
2025-07-12 14:57:24.347 INFO: Epoch 363: head: Default, loss=0.5597, RMSE_MU_per_atom=0.00 mDebye, RMSE_MU_DERIV=0.00 mDebye / A, RMSE_ALPHA_per_atom=    0.05, RMSE_ALPHA_DERIV=    1.90
2025-07-12 14:58:16.570 INFO: Epoch 364: head: Default, loss=0.5813, RMSE_MU_per_atom=0.00 mDebye, RMSE_MU_DERIV=0.00 mDebye / A, RMSE_ALPHA_per_atom=    0.06, RMSE_ALPHA_DERIV=    1.93
2025-07-12 14:59:08.800 INFO: Epoch 365: head: Default, loss=0.5611, RMSE_MU_per_atom=0.00 mDebye, RMSE_MU_DERIV=0.00 mDebye / A, RMSE_ALPHA_per_atom=    0.05, RMSE_ALPHA_DERIV=    1.92
2025-07-12 15:00:01.005 INFO: Epoch 366: head: Default, loss=0.5765, RMSE_MU_per_atom=0.00 mDebye, RMSE_MU_DERIV=0.00 mDebye / A, RMSE_ALPHA_per_atom=    0.06, RMSE_ALPHA_DERIV=    1.91
2025-07-12 15:00:53.166 INFO: Epoch 367: head: Default, loss=0.6053, RMSE_MU_per_atom=0.00 mDebye, RMSE_MU_DERIV=0.00 mDebye / A, RMSE_ALPHA_per_atom=    0.12, RMSE_ALPHA_DERIV=    1.96
2025-07-12 15:01:45.314 INFO: Epoch 368: head: Default, loss=0.5702, RMSE_MU_per_atom=0.00 mDebye, RMSE_MU_DERIV=0.00 mDebye / A, RMSE_ALPHA_per_atom=    0.04, RMSE_ALPHA_DERIV=    1.92
2025-07-12 15:02:37.493 INFO: Epoch 369: head: Default, loss=0.5701, RMSE_MU_per_atom=0.00 mDebye, RMSE_MU_DERIV=0.00 mDebye / A, RMSE_ALPHA_per_atom=    0.05, RMSE_ALPHA_DERIV=    1.92
2025-07-12 15:03:29.793 INFO: Epoch 370: head: Default, loss=0.5599, RMSE_MU_per_atom=0.00 mDebye, RMSE_MU_DERIV=0.00 mDebye / A, RMSE_ALPHA_per_atom=    0.03, RMSE_ALPHA_DERIV=    1.90
2025-07-12 15:04:22.111 INFO: Epoch 371: head: Default, loss=0.5685, RMSE_MU_per_atom=0.00 mDebye, RMSE_MU_DERIV=0.00 mDebye / A, RMSE_ALPHA_per_atom=    0.04, RMSE_ALPHA_DERIV=    1.93
2025-07-12 15:05:14.364 INFO: Epoch 372: head: Default, loss=0.5768, RMSE_MU_per_atom=0.00 mDebye, RMSE_MU_DERIV=0.00 mDebye / A, RMSE_ALPHA_per_atom=    0.06, RMSE_ALPHA_DERIV=    1.94
2025-07-12 15:06:06.610 INFO: Epoch 373: head: Default, loss=0.5702, RMSE_MU_per_atom=0.00 mDebye, RMSE_MU_DERIV=0.00 mDebye / A, RMSE_ALPHA_per_atom=    0.05, RMSE_ALPHA_DERIV=    1.92
2025-07-12 15:06:58.794 INFO: Epoch 374: head: Default, loss=0.5731, RMSE_MU_per_atom=0.00 mDebye, RMSE_MU_DERIV=0.00 mDebye / A, RMSE_ALPHA_per_atom=    0.05, RMSE_ALPHA_DERIV=    1.93
2025-07-12 15:07:50.958 INFO: Epoch 375: head: Default, loss=0.5710, RMSE_MU_per_atom=0.00 mDebye, RMSE_MU_DERIV=0.00 mDebye / A, RMSE_ALPHA_per_atom=    0.05, RMSE_ALPHA_DERIV=    1.93
2025-07-12 15:08:43.135 INFO: Epoch 376: head: Default, loss=0.5877, RMSE_MU_per_atom=0.00 mDebye, RMSE_MU_DERIV=0.00 mDebye / A, RMSE_ALPHA_per_atom=    0.08, RMSE_ALPHA_DERIV=    1.96
2025-07-12 15:09:35.399 INFO: Epoch 377: head: Default, loss=0.5910, RMSE_MU_per_atom=0.00 mDebye, RMSE_MU_DERIV=0.00 mDebye / A, RMSE_ALPHA_per_atom=    0.09, RMSE_ALPHA_DERIV=    1.94
2025-07-12 15:10:27.619 INFO: Epoch 378: head: Default, loss=0.6086, RMSE_MU_per_atom=0.00 mDebye, RMSE_MU_DERIV=0.00 mDebye / A, RMSE_ALPHA_per_atom=    0.09, RMSE_ALPHA_DERIV=    1.96
2025-07-12 15:11:19.868 INFO: Epoch 379: head: Default, loss=0.6124, RMSE_MU_per_atom=0.00 mDebye, RMSE_MU_DERIV=0.00 mDebye / A, RMSE_ALPHA_per_atom=    0.06, RMSE_ALPHA_DERIV=    2.01
2025-07-12 15:12:12.138 INFO: Epoch 380: head: Default, loss=0.5764, RMSE_MU_per_atom=0.00 mDebye, RMSE_MU_DERIV=0.00 mDebye / A, RMSE_ALPHA_per_atom=    0.05, RMSE_ALPHA_DERIV=    1.93
2025-07-12 15:13:04.413 INFO: Epoch 381: head: Default, loss=0.5586, RMSE_MU_per_atom=0.00 mDebye, RMSE_MU_DERIV=0.00 mDebye / A, RMSE_ALPHA_per_atom=    0.04, RMSE_ALPHA_DERIV=    1.90
2025-07-12 15:13:56.702 INFO: Epoch 382: head: Default, loss=0.5619, RMSE_MU_per_atom=0.00 mDebye, RMSE_MU_DERIV=0.00 mDebye / A, RMSE_ALPHA_per_atom=    0.04, RMSE_ALPHA_DERIV=    1.92
2025-07-12 15:14:49.029 INFO: Epoch 383: head: Default, loss=0.5664, RMSE_MU_per_atom=0.00 mDebye, RMSE_MU_DERIV=0.00 mDebye / A, RMSE_ALPHA_per_atom=    0.08, RMSE_ALPHA_DERIV=    1.90
2025-07-12 15:15:41.311 INFO: Epoch 384: head: Default, loss=0.5852, RMSE_MU_per_atom=0.00 mDebye, RMSE_MU_DERIV=0.00 mDebye / A, RMSE_ALPHA_per_atom=    0.07, RMSE_ALPHA_DERIV=    1.94
2025-07-12 15:16:33.626 INFO: Epoch 385: head: Default, loss=0.5710, RMSE_MU_per_atom=0.00 mDebye, RMSE_MU_DERIV=0.00 mDebye / A, RMSE_ALPHA_per_atom=    0.07, RMSE_ALPHA_DERIV=    1.92
2025-07-12 15:17:25.894 INFO: Epoch 386: head: Default, loss=0.6022, RMSE_MU_per_atom=0.00 mDebye, RMSE_MU_DERIV=0.00 mDebye / A, RMSE_ALPHA_per_atom=    0.08, RMSE_ALPHA_DERIV=    1.94
2025-07-12 15:18:18.163 INFO: Epoch 387: head: Default, loss=0.6003, RMSE_MU_per_atom=0.00 mDebye, RMSE_MU_DERIV=0.00 mDebye / A, RMSE_ALPHA_per_atom=    0.06, RMSE_ALPHA_DERIV=    1.97
2025-07-12 15:19:10.329 INFO: Epoch 388: head: Default, loss=0.5741, RMSE_MU_per_atom=0.00 mDebye, RMSE_MU_DERIV=0.00 mDebye / A, RMSE_ALPHA_per_atom=    0.10, RMSE_ALPHA_DERIV=    1.91
2025-07-12 15:20:02.392 INFO: Epoch 389: head: Default, loss=0.5762, RMSE_MU_per_atom=0.00 mDebye, RMSE_MU_DERIV=0.00 mDebye / A, RMSE_ALPHA_per_atom=    0.05, RMSE_ALPHA_DERIV=    1.93
2025-07-12 15:20:54.522 INFO: Epoch 390: head: Default, loss=0.5938, RMSE_MU_per_atom=0.00 mDebye, RMSE_MU_DERIV=0.00 mDebye / A, RMSE_ALPHA_per_atom=    0.07, RMSE_ALPHA_DERIV=    1.95
2025-07-12 15:21:46.619 INFO: Epoch 391: head: Default, loss=0.5672, RMSE_MU_per_atom=0.00 mDebye, RMSE_MU_DERIV=0.00 mDebye / A, RMSE_ALPHA_per_atom=    0.07, RMSE_ALPHA_DERIV=    1.91
2025-07-12 15:22:38.753 INFO: Epoch 392: head: Default, loss=0.5759, RMSE_MU_per_atom=0.00 mDebye, RMSE_MU_DERIV=0.00 mDebye / A, RMSE_ALPHA_per_atom=    0.06, RMSE_ALPHA_DERIV=    1.93
2025-07-12 15:23:30.972 INFO: Epoch 393: head: Default, loss=0.5934, RMSE_MU_per_atom=0.00 mDebye, RMSE_MU_DERIV=0.00 mDebye / A, RMSE_ALPHA_per_atom=    0.06, RMSE_ALPHA_DERIV=    1.96
2025-07-12 15:24:23.168 INFO: Epoch 394: head: Default, loss=0.6249, RMSE_MU_per_atom=0.00 mDebye, RMSE_MU_DERIV=0.00 mDebye / A, RMSE_ALPHA_per_atom=    0.14, RMSE_ALPHA_DERIV=    1.98
2025-07-12 15:25:15.336 INFO: Epoch 395: head: Default, loss=0.6629, RMSE_MU_per_atom=0.00 mDebye, RMSE_MU_DERIV=0.00 mDebye / A, RMSE_ALPHA_per_atom=    0.06, RMSE_ALPHA_DERIV=    2.09
2025-07-12 15:26:07.496 INFO: Epoch 396: head: Default, loss=0.6339, RMSE_MU_per_atom=0.00 mDebye, RMSE_MU_DERIV=0.00 mDebye / A, RMSE_ALPHA_per_atom=    0.10, RMSE_ALPHA_DERIV=    2.00
2025-07-12 15:26:59.666 INFO: Epoch 397: head: Default, loss=0.6362, RMSE_MU_per_atom=0.00 mDebye, RMSE_MU_DERIV=0.00 mDebye / A, RMSE_ALPHA_per_atom=    0.10, RMSE_ALPHA_DERIV=    2.06
2025-07-12 15:27:51.969 INFO: Epoch 398: head: Default, loss=0.5692, RMSE_MU_per_atom=0.00 mDebye, RMSE_MU_DERIV=0.00 mDebye / A, RMSE_ALPHA_per_atom=    0.06, RMSE_ALPHA_DERIV=    1.92
2025-07-12 15:28:44.198 INFO: Epoch 399: head: Default, loss=0.5832, RMSE_MU_per_atom=0.00 mDebye, RMSE_MU_DERIV=0.00 mDebye / A, RMSE_ALPHA_per_atom=    0.06, RMSE_ALPHA_DERIV=    1.94
2025-07-12 15:29:36.339 INFO: Epoch 400: head: Default, loss=0.5752, RMSE_MU_per_atom=0.00 mDebye, RMSE_MU_DERIV=0.00 mDebye / A, RMSE_ALPHA_per_atom=    0.05, RMSE_ALPHA_DERIV=    1.92
2025-07-12 15:30:28.574 INFO: Epoch 401: head: Default, loss=0.5956, RMSE_MU_per_atom=0.00 mDebye, RMSE_MU_DERIV=0.00 mDebye / A, RMSE_ALPHA_per_atom=    0.05, RMSE_ALPHA_DERIV=    1.95
2025-07-12 15:31:20.784 INFO: Epoch 402: head: Default, loss=0.5883, RMSE_MU_per_atom=0.00 mDebye, RMSE_MU_DERIV=0.00 mDebye / A, RMSE_ALPHA_per_atom=    0.07, RMSE_ALPHA_DERIV=    1.96
2025-07-12 15:32:13.028 INFO: Epoch 403: head: Default, loss=0.5721, RMSE_MU_per_atom=0.00 mDebye, RMSE_MU_DERIV=0.00 mDebye / A, RMSE_ALPHA_per_atom=    0.09, RMSE_ALPHA_DERIV=    1.91
2025-07-12 15:33:05.260 INFO: Epoch 404: head: Default, loss=0.5844, RMSE_MU_per_atom=0.00 mDebye, RMSE_MU_DERIV=0.00 mDebye / A, RMSE_ALPHA_per_atom=    0.06, RMSE_ALPHA_DERIV=    1.93
2025-07-12 15:33:57.428 INFO: Epoch 405: head: Default, loss=0.5907, RMSE_MU_per_atom=0.00 mDebye, RMSE_MU_DERIV=0.00 mDebye / A, RMSE_ALPHA_per_atom=    0.07, RMSE_ALPHA_DERIV=    1.93
2025-07-12 15:34:49.619 INFO: Epoch 406: head: Default, loss=0.5728, RMSE_MU_per_atom=0.00 mDebye, RMSE_MU_DERIV=0.00 mDebye / A, RMSE_ALPHA_per_atom=    0.07, RMSE_ALPHA_DERIV=    1.93
2025-07-12 15:35:41.834 INFO: Epoch 407: head: Default, loss=0.5705, RMSE_MU_per_atom=0.00 mDebye, RMSE_MU_DERIV=0.00 mDebye / A, RMSE_ALPHA_per_atom=    0.07, RMSE_ALPHA_DERIV=    1.91
2025-07-12 15:36:34.161 INFO: Epoch 408: head: Default, loss=0.5712, RMSE_MU_per_atom=0.00 mDebye, RMSE_MU_DERIV=0.00 mDebye / A, RMSE_ALPHA_per_atom=    0.04, RMSE_ALPHA_DERIV=    1.92
2025-07-12 15:37:26.376 INFO: Epoch 409: head: Default, loss=0.5898, RMSE_MU_per_atom=0.00 mDebye, RMSE_MU_DERIV=0.00 mDebye / A, RMSE_ALPHA_per_atom=    0.04, RMSE_ALPHA_DERIV=    1.96
2025-07-12 15:38:18.595 INFO: Epoch 410: head: Default, loss=0.5722, RMSE_MU_per_atom=0.00 mDebye, RMSE_MU_DERIV=0.00 mDebye / A, RMSE_ALPHA_per_atom=    0.05, RMSE_ALPHA_DERIV=    1.94
2025-07-12 15:39:10.842 INFO: Epoch 411: head: Default, loss=0.5919, RMSE_MU_per_atom=0.00 mDebye, RMSE_MU_DERIV=0.00 mDebye / A, RMSE_ALPHA_per_atom=    0.04, RMSE_ALPHA_DERIV=    1.95
2025-07-12 15:40:03.032 INFO: Epoch 412: head: Default, loss=0.5645, RMSE_MU_per_atom=0.00 mDebye, RMSE_MU_DERIV=0.00 mDebye / A, RMSE_ALPHA_per_atom=    0.06, RMSE_ALPHA_DERIV=    1.91
2025-07-12 15:40:55.228 INFO: Epoch 413: head: Default, loss=0.5764, RMSE_MU_per_atom=0.00 mDebye, RMSE_MU_DERIV=0.00 mDebye / A, RMSE_ALPHA_per_atom=    0.06, RMSE_ALPHA_DERIV=    1.92
2025-07-12 15:41:47.417 INFO: Epoch 414: head: Default, loss=0.5594, RMSE_MU_per_atom=0.00 mDebye, RMSE_MU_DERIV=0.00 mDebye / A, RMSE_ALPHA_per_atom=    0.05, RMSE_ALPHA_DERIV=    1.91
2025-07-12 15:42:39.600 INFO: Epoch 415: head: Default, loss=0.5934, RMSE_MU_per_atom=0.00 mDebye, RMSE_MU_DERIV=0.00 mDebye / A, RMSE_ALPHA_per_atom=    0.07, RMSE_ALPHA_DERIV=    1.95
2025-07-12 15:43:31.797 INFO: Epoch 416: head: Default, loss=0.5720, RMSE_MU_per_atom=0.00 mDebye, RMSE_MU_DERIV=0.00 mDebye / A, RMSE_ALPHA_per_atom=    0.05, RMSE_ALPHA_DERIV=    1.93
2025-07-12 15:44:23.911 INFO: Epoch 417: head: Default, loss=0.5688, RMSE_MU_per_atom=0.00 mDebye, RMSE_MU_DERIV=0.00 mDebye / A, RMSE_ALPHA_per_atom=    0.07, RMSE_ALPHA_DERIV=    1.91
2025-07-12 15:45:16.066 INFO: Epoch 418: head: Default, loss=0.5700, RMSE_MU_per_atom=0.00 mDebye, RMSE_MU_DERIV=0.00 mDebye / A, RMSE_ALPHA_per_atom=    0.04, RMSE_ALPHA_DERIV=    1.92
2025-07-12 15:46:08.161 INFO: Epoch 419: head: Default, loss=0.5739, RMSE_MU_per_atom=0.00 mDebye, RMSE_MU_DERIV=0.00 mDebye / A, RMSE_ALPHA_per_atom=    0.07, RMSE_ALPHA_DERIV=    1.92
2025-07-12 15:47:00.308 INFO: Epoch 420: head: Default, loss=0.5715, RMSE_MU_per_atom=0.00 mDebye, RMSE_MU_DERIV=0.00 mDebye / A, RMSE_ALPHA_per_atom=    0.07, RMSE_ALPHA_DERIV=    1.91
2025-07-12 15:47:52.440 INFO: Epoch 421: head: Default, loss=0.5814, RMSE_MU_per_atom=0.00 mDebye, RMSE_MU_DERIV=0.00 mDebye / A, RMSE_ALPHA_per_atom=    0.08, RMSE_ALPHA_DERIV=    1.93
2025-07-12 15:48:44.553 INFO: Epoch 422: head: Default, loss=0.5880, RMSE_MU_per_atom=0.00 mDebye, RMSE_MU_DERIV=0.00 mDebye / A, RMSE_ALPHA_per_atom=    0.07, RMSE_ALPHA_DERIV=    1.94
2025-07-12 15:49:36.629 INFO: Epoch 423: head: Default, loss=0.5681, RMSE_MU_per_atom=0.00 mDebye, RMSE_MU_DERIV=0.00 mDebye / A, RMSE_ALPHA_per_atom=    0.03, RMSE_ALPHA_DERIV=    1.93
2025-07-12 15:50:28.726 INFO: Epoch 424: head: Default, loss=0.5807, RMSE_MU_per_atom=0.00 mDebye, RMSE_MU_DERIV=0.00 mDebye / A, RMSE_ALPHA_per_atom=    0.06, RMSE_ALPHA_DERIV=    1.93
2025-07-12 15:51:20.883 INFO: Epoch 425: head: Default, loss=0.5578, RMSE_MU_per_atom=0.00 mDebye, RMSE_MU_DERIV=0.00 mDebye / A, RMSE_ALPHA_per_atom=    0.05, RMSE_ALPHA_DERIV=    1.90
2025-07-12 15:52:12.985 INFO: Epoch 426: head: Default, loss=0.5798, RMSE_MU_per_atom=0.00 mDebye, RMSE_MU_DERIV=0.00 mDebye / A, RMSE_ALPHA_per_atom=    0.10, RMSE_ALPHA_DERIV=    1.92
2025-07-12 15:53:05.040 INFO: Epoch 427: head: Default, loss=0.5748, RMSE_MU_per_atom=0.00 mDebye, RMSE_MU_DERIV=0.00 mDebye / A, RMSE_ALPHA_per_atom=    0.04, RMSE_ALPHA_DERIV=    1.94
2025-07-12 15:53:57.133 INFO: Epoch 428: head: Default, loss=0.5709, RMSE_MU_per_atom=0.00 mDebye, RMSE_MU_DERIV=0.00 mDebye / A, RMSE_ALPHA_per_atom=    0.04, RMSE_ALPHA_DERIV=    1.92
2025-07-12 15:54:49.250 INFO: Epoch 429: head: Default, loss=0.5912, RMSE_MU_per_atom=0.00 mDebye, RMSE_MU_DERIV=0.00 mDebye / A, RMSE_ALPHA_per_atom=    0.06, RMSE_ALPHA_DERIV=    1.98
2025-07-12 15:55:41.367 INFO: Epoch 430: head: Default, loss=0.5547, RMSE_MU_per_atom=0.00 mDebye, RMSE_MU_DERIV=0.00 mDebye / A, RMSE_ALPHA_per_atom=    0.06, RMSE_ALPHA_DERIV=    1.89
2025-07-12 15:55:41.367 DEBUG: Deleting old checkpoint file: ./checkpoints/MoWSSe_susram_ndata_all_subset_280_weights_10_1_run-123_epoch-359.pt
2025-07-12 15:55:41.369 DEBUG: Saving checkpoint: ./checkpoints/MoWSSe_susram_ndata_all_subset_280_weights_10_1_run-123_epoch-430.pt
2025-07-12 15:56:33.547 INFO: Epoch 431: head: Default, loss=0.5649, RMSE_MU_per_atom=0.00 mDebye, RMSE_MU_DERIV=0.00 mDebye / A, RMSE_ALPHA_per_atom=    0.05, RMSE_ALPHA_DERIV=    1.92
2025-07-12 15:57:25.707 INFO: Epoch 432: head: Default, loss=0.5497, RMSE_MU_per_atom=0.00 mDebye, RMSE_MU_DERIV=0.00 mDebye / A, RMSE_ALPHA_per_atom=    0.03, RMSE_ALPHA_DERIV=    1.89
2025-07-12 15:57:25.708 DEBUG: Deleting old checkpoint file: ./checkpoints/MoWSSe_susram_ndata_all_subset_280_weights_10_1_run-123_epoch-430.pt
2025-07-12 15:57:25.710 DEBUG: Saving checkpoint: ./checkpoints/MoWSSe_susram_ndata_all_subset_280_weights_10_1_run-123_epoch-432.pt
2025-07-12 15:58:17.950 INFO: Epoch 433: head: Default, loss=0.5543, RMSE_MU_per_atom=0.00 mDebye, RMSE_MU_DERIV=0.00 mDebye / A, RMSE_ALPHA_per_atom=    0.03, RMSE_ALPHA_DERIV=    1.90
2025-07-12 15:59:10.036 INFO: Epoch 434: head: Default, loss=0.5617, RMSE_MU_per_atom=0.00 mDebye, RMSE_MU_DERIV=0.00 mDebye / A, RMSE_ALPHA_per_atom=    0.03, RMSE_ALPHA_DERIV=    1.90
2025-07-12 16:00:02.140 INFO: Epoch 435: head: Default, loss=0.5825, RMSE_MU_per_atom=0.00 mDebye, RMSE_MU_DERIV=0.00 mDebye / A, RMSE_ALPHA_per_atom=    0.05, RMSE_ALPHA_DERIV=    1.95
2025-07-12 16:00:54.226 INFO: Epoch 436: head: Default, loss=0.5650, RMSE_MU_per_atom=0.00 mDebye, RMSE_MU_DERIV=0.00 mDebye / A, RMSE_ALPHA_per_atom=    0.04, RMSE_ALPHA_DERIV=    1.93
2025-07-12 16:01:46.264 INFO: Epoch 437: head: Default, loss=0.5771, RMSE_MU_per_atom=0.00 mDebye, RMSE_MU_DERIV=0.00 mDebye / A, RMSE_ALPHA_per_atom=    0.07, RMSE_ALPHA_DERIV=    1.92
2025-07-12 16:02:38.323 INFO: Epoch 438: head: Default, loss=0.5901, RMSE_MU_per_atom=0.00 mDebye, RMSE_MU_DERIV=0.00 mDebye / A, RMSE_ALPHA_per_atom=    0.04, RMSE_ALPHA_DERIV=    1.93
2025-07-12 16:03:30.387 INFO: Epoch 439: head: Default, loss=0.5749, RMSE_MU_per_atom=0.00 mDebye, RMSE_MU_DERIV=0.00 mDebye / A, RMSE_ALPHA_per_atom=    0.05, RMSE_ALPHA_DERIV=    1.94
2025-07-12 16:04:22.484 INFO: Epoch 440: head: Default, loss=0.5667, RMSE_MU_per_atom=0.00 mDebye, RMSE_MU_DERIV=0.00 mDebye / A, RMSE_ALPHA_per_atom=    0.04, RMSE_ALPHA_DERIV=    1.92
2025-07-12 16:05:14.611 INFO: Epoch 441: head: Default, loss=0.5676, RMSE_MU_per_atom=0.00 mDebye, RMSE_MU_DERIV=0.00 mDebye / A, RMSE_ALPHA_per_atom=    0.04, RMSE_ALPHA_DERIV=    1.91
2025-07-12 16:06:06.694 INFO: Epoch 442: head: Default, loss=0.5552, RMSE_MU_per_atom=0.00 mDebye, RMSE_MU_DERIV=0.00 mDebye / A, RMSE_ALPHA_per_atom=    0.04, RMSE_ALPHA_DERIV=    1.90
2025-07-12 16:06:58.795 INFO: Epoch 443: head: Default, loss=0.5657, RMSE_MU_per_atom=0.00 mDebye, RMSE_MU_DERIV=0.00 mDebye / A, RMSE_ALPHA_per_atom=    0.03, RMSE_ALPHA_DERIV=    1.92
2025-07-12 16:07:50.936 INFO: Epoch 444: head: Default, loss=0.5764, RMSE_MU_per_atom=0.00 mDebye, RMSE_MU_DERIV=0.00 mDebye / A, RMSE_ALPHA_per_atom=    0.04, RMSE_ALPHA_DERIV=    1.95
2025-07-12 16:08:43.070 INFO: Epoch 445: head: Default, loss=0.5798, RMSE_MU_per_atom=0.00 mDebye, RMSE_MU_DERIV=0.00 mDebye / A, RMSE_ALPHA_per_atom=    0.05, RMSE_ALPHA_DERIV=    1.93
2025-07-12 16:09:35.227 INFO: Epoch 446: head: Default, loss=0.5581, RMSE_MU_per_atom=0.00 mDebye, RMSE_MU_DERIV=0.00 mDebye / A, RMSE_ALPHA_per_atom=    0.05, RMSE_ALPHA_DERIV=    1.90
2025-07-12 16:10:27.315 INFO: Epoch 447: head: Default, loss=0.5691, RMSE_MU_per_atom=0.00 mDebye, RMSE_MU_DERIV=0.00 mDebye / A, RMSE_ALPHA_per_atom=    0.04, RMSE_ALPHA_DERIV=    1.92
2025-07-12 16:11:19.485 INFO: Epoch 448: head: Default, loss=0.5761, RMSE_MU_per_atom=0.00 mDebye, RMSE_MU_DERIV=0.00 mDebye / A, RMSE_ALPHA_per_atom=    0.04, RMSE_ALPHA_DERIV=    1.94
2025-07-12 16:12:11.644 INFO: Epoch 449: head: Default, loss=0.5892, RMSE_MU_per_atom=0.00 mDebye, RMSE_MU_DERIV=0.00 mDebye / A, RMSE_ALPHA_per_atom=    0.08, RMSE_ALPHA_DERIV=    1.94
2025-07-12 16:13:03.767 INFO: Epoch 450: head: Default, loss=0.5981, RMSE_MU_per_atom=0.00 mDebye, RMSE_MU_DERIV=0.00 mDebye / A, RMSE_ALPHA_per_atom=    0.05, RMSE_ALPHA_DERIV=    1.96
2025-07-12 16:13:55.915 INFO: Epoch 451: head: Default, loss=0.5494, RMSE_MU_per_atom=0.00 mDebye, RMSE_MU_DERIV=0.00 mDebye / A, RMSE_ALPHA_per_atom=    0.03, RMSE_ALPHA_DERIV=    1.89
2025-07-12 16:13:55.915 DEBUG: Deleting old checkpoint file: ./checkpoints/MoWSSe_susram_ndata_all_subset_280_weights_10_1_run-123_epoch-432.pt
2025-07-12 16:13:55.917 DEBUG: Saving checkpoint: ./checkpoints/MoWSSe_susram_ndata_all_subset_280_weights_10_1_run-123_epoch-451.pt
2025-07-12 16:14:48.112 INFO: Epoch 452: head: Default, loss=0.5721, RMSE_MU_per_atom=0.00 mDebye, RMSE_MU_DERIV=0.00 mDebye / A, RMSE_ALPHA_per_atom=    0.06, RMSE_ALPHA_DERIV=    1.92
2025-07-12 16:15:40.265 INFO: Epoch 453: head: Default, loss=0.5593, RMSE_MU_per_atom=0.00 mDebye, RMSE_MU_DERIV=0.00 mDebye / A, RMSE_ALPHA_per_atom=    0.03, RMSE_ALPHA_DERIV=    1.90
2025-07-12 16:16:32.398 INFO: Epoch 454: head: Default, loss=0.5815, RMSE_MU_per_atom=0.00 mDebye, RMSE_MU_DERIV=0.00 mDebye / A, RMSE_ALPHA_per_atom=    0.09, RMSE_ALPHA_DERIV=    1.92
2025-07-12 16:17:24.449 INFO: Epoch 455: head: Default, loss=0.5811, RMSE_MU_per_atom=0.00 mDebye, RMSE_MU_DERIV=0.00 mDebye / A, RMSE_ALPHA_per_atom=    0.07, RMSE_ALPHA_DERIV=    1.92
2025-07-12 16:18:16.540 INFO: Epoch 456: head: Default, loss=0.5839, RMSE_MU_per_atom=0.00 mDebye, RMSE_MU_DERIV=0.00 mDebye / A, RMSE_ALPHA_per_atom=    0.07, RMSE_ALPHA_DERIV=    1.93
2025-07-12 16:19:08.642 INFO: Epoch 457: head: Default, loss=0.5739, RMSE_MU_per_atom=0.00 mDebye, RMSE_MU_DERIV=0.00 mDebye / A, RMSE_ALPHA_per_atom=    0.07, RMSE_ALPHA_DERIV=    1.91
2025-07-12 16:20:00.750 INFO: Epoch 458: head: Default, loss=0.5607, RMSE_MU_per_atom=0.00 mDebye, RMSE_MU_DERIV=0.00 mDebye / A, RMSE_ALPHA_per_atom=    0.05, RMSE_ALPHA_DERIV=    1.91
2025-07-12 16:20:52.903 INFO: Epoch 459: head: Default, loss=0.5667, RMSE_MU_per_atom=0.00 mDebye, RMSE_MU_DERIV=0.00 mDebye / A, RMSE_ALPHA_per_atom=    0.06, RMSE_ALPHA_DERIV=    1.91
2025-07-12 16:21:45.043 INFO: Epoch 460: head: Default, loss=0.5692, RMSE_MU_per_atom=0.00 mDebye, RMSE_MU_DERIV=0.00 mDebye / A, RMSE_ALPHA_per_atom=    0.03, RMSE_ALPHA_DERIV=    1.94
2025-07-12 16:22:37.160 INFO: Epoch 461: head: Default, loss=0.5552, RMSE_MU_per_atom=0.00 mDebye, RMSE_MU_DERIV=0.00 mDebye / A, RMSE_ALPHA_per_atom=    0.04, RMSE_ALPHA_DERIV=    1.91
2025-07-12 16:23:29.310 INFO: Epoch 462: head: Default, loss=0.5942, RMSE_MU_per_atom=0.00 mDebye, RMSE_MU_DERIV=0.00 mDebye / A, RMSE_ALPHA_per_atom=    0.04, RMSE_ALPHA_DERIV=    1.94
2025-07-12 16:24:21.453 INFO: Epoch 463: head: Default, loss=0.5970, RMSE_MU_per_atom=0.00 mDebye, RMSE_MU_DERIV=0.00 mDebye / A, RMSE_ALPHA_per_atom=    0.06, RMSE_ALPHA_DERIV=    1.94
2025-07-12 16:25:13.606 INFO: Epoch 464: head: Default, loss=0.5915, RMSE_MU_per_atom=0.00 mDebye, RMSE_MU_DERIV=0.00 mDebye / A, RMSE_ALPHA_per_atom=    0.09, RMSE_ALPHA_DERIV=    1.95
2025-07-12 16:26:05.737 INFO: Epoch 465: head: Default, loss=0.5626, RMSE_MU_per_atom=0.00 mDebye, RMSE_MU_DERIV=0.00 mDebye / A, RMSE_ALPHA_per_atom=    0.04, RMSE_ALPHA_DERIV=    1.92
2025-07-12 16:26:57.832 INFO: Epoch 466: head: Default, loss=0.5707, RMSE_MU_per_atom=0.00 mDebye, RMSE_MU_DERIV=0.00 mDebye / A, RMSE_ALPHA_per_atom=    0.07, RMSE_ALPHA_DERIV=    1.91
2025-07-12 16:27:50.019 INFO: Epoch 467: head: Default, loss=0.5657, RMSE_MU_per_atom=0.00 mDebye, RMSE_MU_DERIV=0.00 mDebye / A, RMSE_ALPHA_per_atom=    0.04, RMSE_ALPHA_DERIV=    1.91
2025-07-12 16:28:42.140 INFO: Epoch 468: head: Default, loss=0.5629, RMSE_MU_per_atom=0.00 mDebye, RMSE_MU_DERIV=0.00 mDebye / A, RMSE_ALPHA_per_atom=    0.04, RMSE_ALPHA_DERIV=    1.91
2025-07-12 16:29:34.242 INFO: Epoch 469: head: Default, loss=0.5919, RMSE_MU_per_atom=0.00 mDebye, RMSE_MU_DERIV=0.00 mDebye / A, RMSE_ALPHA_per_atom=    0.04, RMSE_ALPHA_DERIV=    1.94
2025-07-12 16:30:26.432 INFO: Epoch 470: head: Default, loss=0.5648, RMSE_MU_per_atom=0.00 mDebye, RMSE_MU_DERIV=0.00 mDebye / A, RMSE_ALPHA_per_atom=    0.04, RMSE_ALPHA_DERIV=    1.92
2025-07-12 16:31:18.600 INFO: Epoch 471: head: Default, loss=0.5669, RMSE_MU_per_atom=0.00 mDebye, RMSE_MU_DERIV=0.00 mDebye / A, RMSE_ALPHA_per_atom=    0.04, RMSE_ALPHA_DERIV=    1.91
2025-07-12 16:32:10.796 INFO: Epoch 472: head: Default, loss=0.5590, RMSE_MU_per_atom=0.00 mDebye, RMSE_MU_DERIV=0.00 mDebye / A, RMSE_ALPHA_per_atom=    0.04, RMSE_ALPHA_DERIV=    1.90
2025-07-12 16:33:03.080 INFO: Epoch 473: head: Default, loss=0.6082, RMSE_MU_per_atom=0.00 mDebye, RMSE_MU_DERIV=0.00 mDebye / A, RMSE_ALPHA_per_atom=    0.10, RMSE_ALPHA_DERIV=    1.96
2025-07-12 16:33:55.306 INFO: Epoch 474: head: Default, loss=0.5644, RMSE_MU_per_atom=0.00 mDebye, RMSE_MU_DERIV=0.00 mDebye / A, RMSE_ALPHA_per_atom=    0.04, RMSE_ALPHA_DERIV=    1.91
2025-07-12 16:34:47.532 INFO: Epoch 475: head: Default, loss=0.6016, RMSE_MU_per_atom=0.00 mDebye, RMSE_MU_DERIV=0.00 mDebye / A, RMSE_ALPHA_per_atom=    0.07, RMSE_ALPHA_DERIV=    1.96
2025-07-12 16:35:39.750 INFO: Epoch 476: head: Default, loss=0.5876, RMSE_MU_per_atom=0.00 mDebye, RMSE_MU_DERIV=0.00 mDebye / A, RMSE_ALPHA_per_atom=    0.04, RMSE_ALPHA_DERIV=    1.97
2025-07-12 16:36:31.996 INFO: Epoch 477: head: Default, loss=0.5882, RMSE_MU_per_atom=0.00 mDebye, RMSE_MU_DERIV=0.00 mDebye / A, RMSE_ALPHA_per_atom=    0.06, RMSE_ALPHA_DERIV=    1.95
2025-07-12 16:37:24.226 INFO: Epoch 478: head: Default, loss=0.6033, RMSE_MU_per_atom=0.00 mDebye, RMSE_MU_DERIV=0.00 mDebye / A, RMSE_ALPHA_per_atom=    0.08, RMSE_ALPHA_DERIV=    1.95
2025-07-12 16:38:16.428 INFO: Epoch 479: head: Default, loss=0.5705, RMSE_MU_per_atom=0.00 mDebye, RMSE_MU_DERIV=0.00 mDebye / A, RMSE_ALPHA_per_atom=    0.03, RMSE_ALPHA_DERIV=    1.92
2025-07-12 16:39:08.593 INFO: Epoch 480: head: Default, loss=0.5703, RMSE_MU_per_atom=0.00 mDebye, RMSE_MU_DERIV=0.00 mDebye / A, RMSE_ALPHA_per_atom=    0.03, RMSE_ALPHA_DERIV=    1.94
2025-07-12 16:40:00.765 INFO: Epoch 481: head: Default, loss=0.5884, RMSE_MU_per_atom=0.00 mDebye, RMSE_MU_DERIV=0.00 mDebye / A, RMSE_ALPHA_per_atom=    0.07, RMSE_ALPHA_DERIV=    1.97
2025-07-12 16:40:53.058 INFO: Epoch 482: head: Default, loss=0.5686, RMSE_MU_per_atom=0.00 mDebye, RMSE_MU_DERIV=0.00 mDebye / A, RMSE_ALPHA_per_atom=    0.04, RMSE_ALPHA_DERIV=    1.91
2025-07-12 16:41:45.331 INFO: Epoch 483: head: Default, loss=0.5940, RMSE_MU_per_atom=0.00 mDebye, RMSE_MU_DERIV=0.00 mDebye / A, RMSE_ALPHA_per_atom=    0.05, RMSE_ALPHA_DERIV=    1.99
2025-07-12 16:42:37.486 INFO: Epoch 484: head: Default, loss=0.5567, RMSE_MU_per_atom=0.00 mDebye, RMSE_MU_DERIV=0.00 mDebye / A, RMSE_ALPHA_per_atom=    0.04, RMSE_ALPHA_DERIV=    1.91
2025-07-12 16:43:29.652 INFO: Epoch 485: head: Default, loss=0.5586, RMSE_MU_per_atom=0.00 mDebye, RMSE_MU_DERIV=0.00 mDebye / A, RMSE_ALPHA_per_atom=    0.03, RMSE_ALPHA_DERIV=    1.91
2025-07-12 16:44:21.783 INFO: Epoch 486: head: Default, loss=0.5809, RMSE_MU_per_atom=0.00 mDebye, RMSE_MU_DERIV=0.00 mDebye / A, RMSE_ALPHA_per_atom=    0.06, RMSE_ALPHA_DERIV=    1.93
2025-07-12 16:45:13.878 INFO: Epoch 487: head: Default, loss=0.5638, RMSE_MU_per_atom=0.00 mDebye, RMSE_MU_DERIV=0.00 mDebye / A, RMSE_ALPHA_per_atom=    0.04, RMSE_ALPHA_DERIV=    1.92
2025-07-12 16:46:05.967 INFO: Epoch 488: head: Default, loss=0.5507, RMSE_MU_per_atom=0.00 mDebye, RMSE_MU_DERIV=0.00 mDebye / A, RMSE_ALPHA_per_atom=    0.03, RMSE_ALPHA_DERIV=    1.89
2025-07-12 16:46:58.047 INFO: Epoch 489: head: Default, loss=0.5584, RMSE_MU_per_atom=0.00 mDebye, RMSE_MU_DERIV=0.00 mDebye / A, RMSE_ALPHA_per_atom=    0.05, RMSE_ALPHA_DERIV=    1.91
2025-07-12 16:47:50.146 INFO: Epoch 490: head: Default, loss=0.5577, RMSE_MU_per_atom=0.00 mDebye, RMSE_MU_DERIV=0.00 mDebye / A, RMSE_ALPHA_per_atom=    0.05, RMSE_ALPHA_DERIV=    1.91
2025-07-12 16:48:42.251 INFO: Epoch 491: head: Default, loss=0.5705, RMSE_MU_per_atom=0.00 mDebye, RMSE_MU_DERIV=0.00 mDebye / A, RMSE_ALPHA_per_atom=    0.05, RMSE_ALPHA_DERIV=    1.91
2025-07-12 16:49:34.468 INFO: Epoch 492: head: Default, loss=0.5660, RMSE_MU_per_atom=0.00 mDebye, RMSE_MU_DERIV=0.00 mDebye / A, RMSE_ALPHA_per_atom=    0.05, RMSE_ALPHA_DERIV=    1.91
2025-07-12 16:50:26.652 INFO: Epoch 493: head: Default, loss=0.5622, RMSE_MU_per_atom=0.00 mDebye, RMSE_MU_DERIV=0.00 mDebye / A, RMSE_ALPHA_per_atom=    0.04, RMSE_ALPHA_DERIV=    1.92
2025-07-12 16:51:18.803 INFO: Epoch 494: head: Default, loss=0.5654, RMSE_MU_per_atom=0.00 mDebye, RMSE_MU_DERIV=0.00 mDebye / A, RMSE_ALPHA_per_atom=    0.03, RMSE_ALPHA_DERIV=    1.92
2025-07-12 16:52:10.933 INFO: Epoch 495: head: Default, loss=0.5654, RMSE_MU_per_atom=0.00 mDebye, RMSE_MU_DERIV=0.00 mDebye / A, RMSE_ALPHA_per_atom=    0.03, RMSE_ALPHA_DERIV=    1.93
2025-07-12 16:53:03.062 INFO: Epoch 496: head: Default, loss=0.5939, RMSE_MU_per_atom=0.00 mDebye, RMSE_MU_DERIV=0.00 mDebye / A, RMSE_ALPHA_per_atom=    0.09, RMSE_ALPHA_DERIV=    1.94
2025-07-12 16:53:55.223 INFO: Epoch 497: head: Default, loss=0.5837, RMSE_MU_per_atom=0.00 mDebye, RMSE_MU_DERIV=0.00 mDebye / A, RMSE_ALPHA_per_atom=    0.03, RMSE_ALPHA_DERIV=    1.95
2025-07-12 16:54:47.346 INFO: Epoch 498: head: Default, loss=0.5834, RMSE_MU_per_atom=0.00 mDebye, RMSE_MU_DERIV=0.00 mDebye / A, RMSE_ALPHA_per_atom=    0.06, RMSE_ALPHA_DERIV=    1.94
2025-07-12 16:55:39.444 INFO: Epoch 499: head: Default, loss=0.5610, RMSE_MU_per_atom=0.00 mDebye, RMSE_MU_DERIV=0.00 mDebye / A, RMSE_ALPHA_per_atom=    0.04, RMSE_ALPHA_DERIV=    1.91
2025-07-12 16:56:31.591 INFO: Epoch 500: head: Default, loss=0.5704, RMSE_MU_per_atom=0.00 mDebye, RMSE_MU_DERIV=0.00 mDebye / A, RMSE_ALPHA_per_atom=    0.05, RMSE_ALPHA_DERIV=    1.92
2025-07-12 16:57:23.885 INFO: Epoch 501: head: Default, loss=0.6147, RMSE_MU_per_atom=0.00 mDebye, RMSE_MU_DERIV=0.00 mDebye / A, RMSE_ALPHA_per_atom=    0.06, RMSE_ALPHA_DERIV=    1.97
2025-07-12 16:58:16.198 INFO: Epoch 502: head: Default, loss=0.5691, RMSE_MU_per_atom=0.00 mDebye, RMSE_MU_DERIV=0.00 mDebye / A, RMSE_ALPHA_per_atom=    0.05, RMSE_ALPHA_DERIV=    1.92
2025-07-12 16:59:08.434 INFO: Epoch 503: head: Default, loss=0.5599, RMSE_MU_per_atom=0.00 mDebye, RMSE_MU_DERIV=0.00 mDebye / A, RMSE_ALPHA_per_atom=    0.03, RMSE_ALPHA_DERIV=    1.92
2025-07-12 17:00:00.688 INFO: Epoch 504: head: Default, loss=0.5478, RMSE_MU_per_atom=0.00 mDebye, RMSE_MU_DERIV=0.00 mDebye / A, RMSE_ALPHA_per_atom=    0.04, RMSE_ALPHA_DERIV=    1.89
2025-07-12 17:00:00.689 DEBUG: Deleting old checkpoint file: ./checkpoints/MoWSSe_susram_ndata_all_subset_280_weights_10_1_run-123_epoch-451.pt
2025-07-12 17:00:00.691 DEBUG: Saving checkpoint: ./checkpoints/MoWSSe_susram_ndata_all_subset_280_weights_10_1_run-123_epoch-504.pt
2025-07-12 17:00:53.012 INFO: Epoch 505: head: Default, loss=0.5840, RMSE_MU_per_atom=0.00 mDebye, RMSE_MU_DERIV=0.00 mDebye / A, RMSE_ALPHA_per_atom=    0.04, RMSE_ALPHA_DERIV=    1.94
2025-07-12 17:01:45.186 INFO: Epoch 506: head: Default, loss=0.5500, RMSE_MU_per_atom=0.00 mDebye, RMSE_MU_DERIV=0.00 mDebye / A, RMSE_ALPHA_per_atom=    0.04, RMSE_ALPHA_DERIV=    1.90
2025-07-12 17:02:37.351 INFO: Epoch 507: head: Default, loss=0.5672, RMSE_MU_per_atom=0.00 mDebye, RMSE_MU_DERIV=0.00 mDebye / A, RMSE_ALPHA_per_atom=    0.04, RMSE_ALPHA_DERIV=    1.90
2025-07-12 17:03:29.518 INFO: Epoch 508: head: Default, loss=0.5651, RMSE_MU_per_atom=0.00 mDebye, RMSE_MU_DERIV=0.00 mDebye / A, RMSE_ALPHA_per_atom=    0.04, RMSE_ALPHA_DERIV=    1.92
2025-07-12 17:04:21.650 INFO: Epoch 509: head: Default, loss=0.5623, RMSE_MU_per_atom=0.00 mDebye, RMSE_MU_DERIV=0.00 mDebye / A, RMSE_ALPHA_per_atom=    0.03, RMSE_ALPHA_DERIV=    1.91
2025-07-12 17:05:13.766 INFO: Epoch 510: head: Default, loss=0.5679, RMSE_MU_per_atom=0.00 mDebye, RMSE_MU_DERIV=0.00 mDebye / A, RMSE_ALPHA_per_atom=    0.04, RMSE_ALPHA_DERIV=    1.91
2025-07-12 17:06:05.872 INFO: Epoch 511: head: Default, loss=0.5662, RMSE_MU_per_atom=0.00 mDebye, RMSE_MU_DERIV=0.00 mDebye / A, RMSE_ALPHA_per_atom=    0.04, RMSE_ALPHA_DERIV=    1.92
2025-07-12 17:06:57.966 INFO: Epoch 512: head: Default, loss=0.5617, RMSE_MU_per_atom=0.00 mDebye, RMSE_MU_DERIV=0.00 mDebye / A, RMSE_ALPHA_per_atom=    0.04, RMSE_ALPHA_DERIV=    1.92
2025-07-12 17:07:50.030 INFO: Epoch 513: head: Default, loss=0.5612, RMSE_MU_per_atom=0.00 mDebye, RMSE_MU_DERIV=0.00 mDebye / A, RMSE_ALPHA_per_atom=    0.03, RMSE_ALPHA_DERIV=    1.92
2025-07-12 17:08:42.089 INFO: Epoch 514: head: Default, loss=0.5600, RMSE_MU_per_atom=0.00 mDebye, RMSE_MU_DERIV=0.00 mDebye / A, RMSE_ALPHA_per_atom=    0.05, RMSE_ALPHA_DERIV=    1.91
2025-07-12 17:09:34.199 INFO: Epoch 515: head: Default, loss=0.5593, RMSE_MU_per_atom=0.00 mDebye, RMSE_MU_DERIV=0.00 mDebye / A, RMSE_ALPHA_per_atom=    0.04, RMSE_ALPHA_DERIV=    1.91
2025-07-12 17:10:26.200 INFO: Epoch 516: head: Default, loss=0.5606, RMSE_MU_per_atom=0.00 mDebye, RMSE_MU_DERIV=0.00 mDebye / A, RMSE_ALPHA_per_atom=    0.04, RMSE_ALPHA_DERIV=    1.91
2025-07-12 17:11:18.106 INFO: Epoch 517: head: Default, loss=0.5678, RMSE_MU_per_atom=0.00 mDebye, RMSE_MU_DERIV=0.00 mDebye / A, RMSE_ALPHA_per_atom=    0.03, RMSE_ALPHA_DERIV=    1.93
2025-07-12 17:12:10.126 INFO: Epoch 518: head: Default, loss=0.5589, RMSE_MU_per_atom=0.00 mDebye, RMSE_MU_DERIV=0.00 mDebye / A, RMSE_ALPHA_per_atom=    0.05, RMSE_ALPHA_DERIV=    1.90
2025-07-12 17:13:02.217 INFO: Epoch 519: head: Default, loss=0.5611, RMSE_MU_per_atom=0.00 mDebye, RMSE_MU_DERIV=0.00 mDebye / A, RMSE_ALPHA_per_atom=    0.03, RMSE_ALPHA_DERIV=    1.91
2025-07-12 17:13:54.266 INFO: Epoch 520: head: Default, loss=0.5586, RMSE_MU_per_atom=0.00 mDebye, RMSE_MU_DERIV=0.00 mDebye / A, RMSE_ALPHA_per_atom=    0.04, RMSE_ALPHA_DERIV=    1.89
2025-07-12 17:14:46.325 INFO: Epoch 521: head: Default, loss=0.5604, RMSE_MU_per_atom=0.00 mDebye, RMSE_MU_DERIV=0.00 mDebye / A, RMSE_ALPHA_per_atom=    0.03, RMSE_ALPHA_DERIV=    1.91
2025-07-12 17:15:38.400 INFO: Epoch 522: head: Default, loss=0.5498, RMSE_MU_per_atom=0.00 mDebye, RMSE_MU_DERIV=0.00 mDebye / A, RMSE_ALPHA_per_atom=    0.03, RMSE_ALPHA_DERIV=    1.89
2025-07-12 17:16:30.502 INFO: Epoch 523: head: Default, loss=0.5633, RMSE_MU_per_atom=0.00 mDebye, RMSE_MU_DERIV=0.00 mDebye / A, RMSE_ALPHA_per_atom=    0.04, RMSE_ALPHA_DERIV=    1.91
2025-07-12 17:17:22.579 INFO: Epoch 524: head: Default, loss=0.5682, RMSE_MU_per_atom=0.00 mDebye, RMSE_MU_DERIV=0.00 mDebye / A, RMSE_ALPHA_per_atom=    0.05, RMSE_ALPHA_DERIV=    1.91
2025-07-12 17:18:14.622 INFO: Epoch 525: head: Default, loss=0.5637, RMSE_MU_per_atom=0.00 mDebye, RMSE_MU_DERIV=0.00 mDebye / A, RMSE_ALPHA_per_atom=    0.04, RMSE_ALPHA_DERIV=    1.92
2025-07-12 17:19:06.651 INFO: Epoch 526: head: Default, loss=0.5630, RMSE_MU_per_atom=0.00 mDebye, RMSE_MU_DERIV=0.00 mDebye / A, RMSE_ALPHA_per_atom=    0.03, RMSE_ALPHA_DERIV=    1.92
2025-07-12 17:19:58.722 INFO: Epoch 527: head: Default, loss=0.5591, RMSE_MU_per_atom=0.00 mDebye, RMSE_MU_DERIV=0.00 mDebye / A, RMSE_ALPHA_per_atom=    0.03, RMSE_ALPHA_DERIV=    1.91
2025-07-12 17:20:50.819 INFO: Epoch 528: head: Default, loss=0.5721, RMSE_MU_per_atom=0.00 mDebye, RMSE_MU_DERIV=0.00 mDebye / A, RMSE_ALPHA_per_atom=    0.05, RMSE_ALPHA_DERIV=    1.92
2025-07-12 17:21:42.963 INFO: Epoch 529: head: Default, loss=0.5559, RMSE_MU_per_atom=0.00 mDebye, RMSE_MU_DERIV=0.00 mDebye / A, RMSE_ALPHA_per_atom=    0.04, RMSE_ALPHA_DERIV=    1.90
2025-07-12 17:22:35.059 INFO: Epoch 530: head: Default, loss=0.5600, RMSE_MU_per_atom=0.00 mDebye, RMSE_MU_DERIV=0.00 mDebye / A, RMSE_ALPHA_per_atom=    0.04, RMSE_ALPHA_DERIV=    1.92
2025-07-12 17:23:27.122 INFO: Epoch 531: head: Default, loss=0.6133, RMSE_MU_per_atom=0.00 mDebye, RMSE_MU_DERIV=0.00 mDebye / A, RMSE_ALPHA_per_atom=    0.05, RMSE_ALPHA_DERIV=    1.99
2025-07-12 17:24:19.145 INFO: Epoch 532: head: Default, loss=0.5945, RMSE_MU_per_atom=0.00 mDebye, RMSE_MU_DERIV=0.00 mDebye / A, RMSE_ALPHA_per_atom=    0.09, RMSE_ALPHA_DERIV=    1.94
2025-07-12 17:25:11.056 INFO: Epoch 533: head: Default, loss=0.5754, RMSE_MU_per_atom=0.00 mDebye, RMSE_MU_DERIV=0.00 mDebye / A, RMSE_ALPHA_per_atom=    0.05, RMSE_ALPHA_DERIV=    1.94
2025-07-12 17:26:03.015 INFO: Epoch 534: head: Default, loss=0.5624, RMSE_MU_per_atom=0.00 mDebye, RMSE_MU_DERIV=0.00 mDebye / A, RMSE_ALPHA_per_atom=    0.04, RMSE_ALPHA_DERIV=    1.91
2025-07-12 17:26:54.942 INFO: Epoch 535: head: Default, loss=0.5641, RMSE_MU_per_atom=0.00 mDebye, RMSE_MU_DERIV=0.00 mDebye / A, RMSE_ALPHA_per_atom=    0.04, RMSE_ALPHA_DERIV=    1.93
2025-07-12 17:27:46.927 INFO: Epoch 536: head: Default, loss=0.5499, RMSE_MU_per_atom=0.00 mDebye, RMSE_MU_DERIV=0.00 mDebye / A, RMSE_ALPHA_per_atom=    0.03, RMSE_ALPHA_DERIV=    1.89
2025-07-12 17:28:38.967 INFO: Epoch 537: head: Default, loss=0.5594, RMSE_MU_per_atom=0.00 mDebye, RMSE_MU_DERIV=0.00 mDebye / A, RMSE_ALPHA_per_atom=    0.04, RMSE_ALPHA_DERIV=    1.90
2025-07-12 17:29:31.014 INFO: Epoch 538: head: Default, loss=0.5647, RMSE_MU_per_atom=0.00 mDebye, RMSE_MU_DERIV=0.00 mDebye / A, RMSE_ALPHA_per_atom=    0.03, RMSE_ALPHA_DERIV=    1.92
2025-07-12 17:30:23.134 INFO: Epoch 539: head: Default, loss=0.5714, RMSE_MU_per_atom=0.00 mDebye, RMSE_MU_DERIV=0.00 mDebye / A, RMSE_ALPHA_per_atom=    0.04, RMSE_ALPHA_DERIV=    1.92
2025-07-12 17:31:15.223 INFO: Epoch 540: head: Default, loss=0.5497, RMSE_MU_per_atom=0.00 mDebye, RMSE_MU_DERIV=0.00 mDebye / A, RMSE_ALPHA_per_atom=    0.03, RMSE_ALPHA_DERIV=    1.90
2025-07-12 17:32:07.348 INFO: Epoch 541: head: Default, loss=0.5791, RMSE_MU_per_atom=0.00 mDebye, RMSE_MU_DERIV=0.00 mDebye / A, RMSE_ALPHA_per_atom=    0.04, RMSE_ALPHA_DERIV=    1.93
2025-07-12 17:32:59.434 INFO: Epoch 542: head: Default, loss=0.5684, RMSE_MU_per_atom=0.00 mDebye, RMSE_MU_DERIV=0.00 mDebye / A, RMSE_ALPHA_per_atom=    0.04, RMSE_ALPHA_DERIV=    1.92
2025-07-12 17:33:51.453 INFO: Epoch 543: head: Default, loss=0.5569, RMSE_MU_per_atom=0.00 mDebye, RMSE_MU_DERIV=0.00 mDebye / A, RMSE_ALPHA_per_atom=    0.03, RMSE_ALPHA_DERIV=    1.90
2025-07-12 17:34:43.486 INFO: Epoch 544: head: Default, loss=0.5667, RMSE_MU_per_atom=0.00 mDebye, RMSE_MU_DERIV=0.00 mDebye / A, RMSE_ALPHA_per_atom=    0.03, RMSE_ALPHA_DERIV=    1.92
2025-07-12 17:35:35.524 INFO: Epoch 545: head: Default, loss=0.5655, RMSE_MU_per_atom=0.00 mDebye, RMSE_MU_DERIV=0.00 mDebye / A, RMSE_ALPHA_per_atom=    0.05, RMSE_ALPHA_DERIV=    1.92
2025-07-12 17:36:27.592 INFO: Epoch 546: head: Default, loss=0.5714, RMSE_MU_per_atom=0.00 mDebye, RMSE_MU_DERIV=0.00 mDebye / A, RMSE_ALPHA_per_atom=    0.04, RMSE_ALPHA_DERIV=    1.93
2025-07-12 17:37:19.683 INFO: Epoch 547: head: Default, loss=0.5674, RMSE_MU_per_atom=0.00 mDebye, RMSE_MU_DERIV=0.00 mDebye / A, RMSE_ALPHA_per_atom=    0.04, RMSE_ALPHA_DERIV=    1.92
2025-07-12 17:38:11.832 INFO: Epoch 548: head: Default, loss=0.5624, RMSE_MU_per_atom=0.00 mDebye, RMSE_MU_DERIV=0.00 mDebye / A, RMSE_ALPHA_per_atom=    0.03, RMSE_ALPHA_DERIV=    1.92
2025-07-12 17:39:04.031 INFO: Epoch 549: head: Default, loss=0.5936, RMSE_MU_per_atom=0.00 mDebye, RMSE_MU_DERIV=0.00 mDebye / A, RMSE_ALPHA_per_atom=    0.11, RMSE_ALPHA_DERIV=    1.94
2025-07-12 17:39:56.284 INFO: Epoch 550: head: Default, loss=0.5619, RMSE_MU_per_atom=0.00 mDebye, RMSE_MU_DERIV=0.00 mDebye / A, RMSE_ALPHA_per_atom=    0.04, RMSE_ALPHA_DERIV=    1.92
2025-07-12 17:40:48.483 INFO: Epoch 551: head: Default, loss=0.5793, RMSE_MU_per_atom=0.00 mDebye, RMSE_MU_DERIV=0.00 mDebye / A, RMSE_ALPHA_per_atom=    0.06, RMSE_ALPHA_DERIV=    1.94
2025-07-12 17:41:40.595 INFO: Epoch 552: head: Default, loss=0.5606, RMSE_MU_per_atom=0.00 mDebye, RMSE_MU_DERIV=0.00 mDebye / A, RMSE_ALPHA_per_atom=    0.03, RMSE_ALPHA_DERIV=    1.91
2025-07-12 17:42:32.709 INFO: Epoch 553: head: Default, loss=0.5589, RMSE_MU_per_atom=0.00 mDebye, RMSE_MU_DERIV=0.00 mDebye / A, RMSE_ALPHA_per_atom=    0.05, RMSE_ALPHA_DERIV=    1.91
2025-07-12 17:43:24.805 INFO: Epoch 554: head: Default, loss=0.5716, RMSE_MU_per_atom=0.00 mDebye, RMSE_MU_DERIV=0.00 mDebye / A, RMSE_ALPHA_per_atom=    0.05, RMSE_ALPHA_DERIV=    1.92
2025-07-12 17:44:16.945 INFO: Epoch 555: head: Default, loss=0.5586, RMSE_MU_per_atom=0.00 mDebye, RMSE_MU_DERIV=0.00 mDebye / A, RMSE_ALPHA_per_atom=    0.04, RMSE_ALPHA_DERIV=    1.91
2025-07-12 17:45:09.078 INFO: Epoch 556: head: Default, loss=0.5726, RMSE_MU_per_atom=0.00 mDebye, RMSE_MU_DERIV=0.00 mDebye / A, RMSE_ALPHA_per_atom=    0.04, RMSE_ALPHA_DERIV=    1.92
2025-07-12 17:46:01.227 INFO: Epoch 557: head: Default, loss=0.5566, RMSE_MU_per_atom=0.00 mDebye, RMSE_MU_DERIV=0.00 mDebye / A, RMSE_ALPHA_per_atom=    0.03, RMSE_ALPHA_DERIV=    1.91
2025-07-12 17:46:53.395 INFO: Epoch 558: head: Default, loss=0.5613, RMSE_MU_per_atom=0.00 mDebye, RMSE_MU_DERIV=0.00 mDebye / A, RMSE_ALPHA_per_atom=    0.03, RMSE_ALPHA_DERIV=    1.91
2025-07-12 17:47:45.524 INFO: Epoch 559: head: Default, loss=0.5622, RMSE_MU_per_atom=0.00 mDebye, RMSE_MU_DERIV=0.00 mDebye / A, RMSE_ALPHA_per_atom=    0.03, RMSE_ALPHA_DERIV=    1.91
2025-07-12 17:48:37.603 INFO: Epoch 560: head: Default, loss=0.5568, RMSE_MU_per_atom=0.00 mDebye, RMSE_MU_DERIV=0.00 mDebye / A, RMSE_ALPHA_per_atom=    0.03, RMSE_ALPHA_DERIV=    1.90
2025-07-12 17:49:29.683 INFO: Epoch 561: head: Default, loss=0.5609, RMSE_MU_per_atom=0.00 mDebye, RMSE_MU_DERIV=0.00 mDebye / A, RMSE_ALPHA_per_atom=    0.03, RMSE_ALPHA_DERIV=    1.91
2025-07-12 17:50:21.695 INFO: Epoch 562: head: Default, loss=0.5577, RMSE_MU_per_atom=0.00 mDebye, RMSE_MU_DERIV=0.00 mDebye / A, RMSE_ALPHA_per_atom=    0.03, RMSE_ALPHA_DERIV=    1.90
2025-07-12 17:51:13.775 INFO: Epoch 563: head: Default, loss=0.5594, RMSE_MU_per_atom=0.00 mDebye, RMSE_MU_DERIV=0.00 mDebye / A, RMSE_ALPHA_per_atom=    0.03, RMSE_ALPHA_DERIV=    1.91
2025-07-12 17:52:05.798 INFO: Epoch 564: head: Default, loss=0.5626, RMSE_MU_per_atom=0.00 mDebye, RMSE_MU_DERIV=0.00 mDebye / A, RMSE_ALPHA_per_atom=    0.03, RMSE_ALPHA_DERIV=    1.92
2025-07-12 17:52:57.877 INFO: Epoch 565: head: Default, loss=0.5824, RMSE_MU_per_atom=0.00 mDebye, RMSE_MU_DERIV=0.00 mDebye / A, RMSE_ALPHA_per_atom=    0.04, RMSE_ALPHA_DERIV=    1.93
2025-07-12 17:53:49.956 INFO: Epoch 566: head: Default, loss=0.5651, RMSE_MU_per_atom=0.00 mDebye, RMSE_MU_DERIV=0.00 mDebye / A, RMSE_ALPHA_per_atom=    0.04, RMSE_ALPHA_DERIV=    1.92
2025-07-12 17:54:42.036 INFO: Epoch 567: head: Default, loss=0.5615, RMSE_MU_per_atom=0.00 mDebye, RMSE_MU_DERIV=0.00 mDebye / A, RMSE_ALPHA_per_atom=    0.03, RMSE_ALPHA_DERIV=    1.92
2025-07-12 17:55:34.135 INFO: Epoch 568: head: Default, loss=0.5609, RMSE_MU_per_atom=0.00 mDebye, RMSE_MU_DERIV=0.00 mDebye / A, RMSE_ALPHA_per_atom=    0.03, RMSE_ALPHA_DERIV=    1.91
2025-07-12 17:56:26.220 INFO: Epoch 569: head: Default, loss=0.5555, RMSE_MU_per_atom=0.00 mDebye, RMSE_MU_DERIV=0.00 mDebye / A, RMSE_ALPHA_per_atom=    0.03, RMSE_ALPHA_DERIV=    1.90
2025-07-12 17:57:18.345 INFO: Epoch 570: head: Default, loss=0.5617, RMSE_MU_per_atom=0.00 mDebye, RMSE_MU_DERIV=0.00 mDebye / A, RMSE_ALPHA_per_atom=    0.03, RMSE_ALPHA_DERIV=    1.91
2025-07-12 17:58:10.483 INFO: Epoch 571: head: Default, loss=0.5511, RMSE_MU_per_atom=0.00 mDebye, RMSE_MU_DERIV=0.00 mDebye / A, RMSE_ALPHA_per_atom=    0.03, RMSE_ALPHA_DERIV=    1.90
2025-07-12 17:59:02.688 INFO: Epoch 572: head: Default, loss=0.5618, RMSE_MU_per_atom=0.00 mDebye, RMSE_MU_DERIV=0.00 mDebye / A, RMSE_ALPHA_per_atom=    0.03, RMSE_ALPHA_DERIV=    1.91
2025-07-12 17:59:54.874 INFO: Epoch 573: head: Default, loss=0.5523, RMSE_MU_per_atom=0.00 mDebye, RMSE_MU_DERIV=0.00 mDebye / A, RMSE_ALPHA_per_atom=    0.03, RMSE_ALPHA_DERIV=    1.90
2025-07-12 18:00:47.003 INFO: Epoch 574: head: Default, loss=0.5579, RMSE_MU_per_atom=0.00 mDebye, RMSE_MU_DERIV=0.00 mDebye / A, RMSE_ALPHA_per_atom=    0.03, RMSE_ALPHA_DERIV=    1.91
2025-07-12 18:01:39.136 INFO: Epoch 575: head: Default, loss=0.5637, RMSE_MU_per_atom=0.00 mDebye, RMSE_MU_DERIV=0.00 mDebye / A, RMSE_ALPHA_per_atom=    0.03, RMSE_ALPHA_DERIV=    1.92
2025-07-12 18:02:31.236 INFO: Epoch 576: head: Default, loss=0.5640, RMSE_MU_per_atom=0.00 mDebye, RMSE_MU_DERIV=0.00 mDebye / A, RMSE_ALPHA_per_atom=    0.05, RMSE_ALPHA_DERIV=    1.91
2025-07-12 18:03:23.355 INFO: Epoch 577: head: Default, loss=0.5636, RMSE_MU_per_atom=0.00 mDebye, RMSE_MU_DERIV=0.00 mDebye / A, RMSE_ALPHA_per_atom=    0.03, RMSE_ALPHA_DERIV=    1.92
2025-07-12 18:04:15.488 INFO: Epoch 578: head: Default, loss=0.5630, RMSE_MU_per_atom=0.00 mDebye, RMSE_MU_DERIV=0.00 mDebye / A, RMSE_ALPHA_per_atom=    0.03, RMSE_ALPHA_DERIV=    1.92
2025-07-12 18:05:07.572 INFO: Epoch 579: head: Default, loss=0.5756, RMSE_MU_per_atom=0.00 mDebye, RMSE_MU_DERIV=0.00 mDebye / A, RMSE_ALPHA_per_atom=    0.04, RMSE_ALPHA_DERIV=    1.94
2025-07-12 18:05:59.718 INFO: Epoch 580: head: Default, loss=0.5642, RMSE_MU_per_atom=0.00 mDebye, RMSE_MU_DERIV=0.00 mDebye / A, RMSE_ALPHA_per_atom=    0.03, RMSE_ALPHA_DERIV=    1.92
2025-07-12 18:06:51.921 INFO: Epoch 581: head: Default, loss=0.5691, RMSE_MU_per_atom=0.00 mDebye, RMSE_MU_DERIV=0.00 mDebye / A, RMSE_ALPHA_per_atom=    0.03, RMSE_ALPHA_DERIV=    1.92
2025-07-12 18:07:44.026 INFO: Epoch 582: head: Default, loss=0.5588, RMSE_MU_per_atom=0.00 mDebye, RMSE_MU_DERIV=0.00 mDebye / A, RMSE_ALPHA_per_atom=    0.03, RMSE_ALPHA_DERIV=    1.91
2025-07-12 18:08:36.061 INFO: Epoch 583: head: Default, loss=0.5594, RMSE_MU_per_atom=0.00 mDebye, RMSE_MU_DERIV=0.00 mDebye / A, RMSE_ALPHA_per_atom=    0.03, RMSE_ALPHA_DERIV=    1.91
2025-07-12 18:09:28.135 INFO: Epoch 584: head: Default, loss=0.5638, RMSE_MU_per_atom=0.00 mDebye, RMSE_MU_DERIV=0.00 mDebye / A, RMSE_ALPHA_per_atom=    0.03, RMSE_ALPHA_DERIV=    1.91
2025-07-12 18:10:20.203 INFO: Epoch 585: head: Default, loss=0.5605, RMSE_MU_per_atom=0.00 mDebye, RMSE_MU_DERIV=0.00 mDebye / A, RMSE_ALPHA_per_atom=    0.03, RMSE_ALPHA_DERIV=    1.91
2025-07-12 18:11:12.289 INFO: Epoch 586: head: Default, loss=0.5691, RMSE_MU_per_atom=0.00 mDebye, RMSE_MU_DERIV=0.00 mDebye / A, RMSE_ALPHA_per_atom=    0.05, RMSE_ALPHA_DERIV=    1.92
2025-07-12 18:12:04.369 INFO: Epoch 587: head: Default, loss=0.5656, RMSE_MU_per_atom=0.00 mDebye, RMSE_MU_DERIV=0.00 mDebye / A, RMSE_ALPHA_per_atom=    0.03, RMSE_ALPHA_DERIV=    1.91
2025-07-12 18:12:56.436 INFO: Epoch 588: head: Default, loss=0.5679, RMSE_MU_per_atom=0.00 mDebye, RMSE_MU_DERIV=0.00 mDebye / A, RMSE_ALPHA_per_atom=    0.03, RMSE_ALPHA_DERIV=    1.92
2025-07-12 18:13:48.547 INFO: Epoch 589: head: Default, loss=0.5630, RMSE_MU_per_atom=0.00 mDebye, RMSE_MU_DERIV=0.00 mDebye / A, RMSE_ALPHA_per_atom=    0.03, RMSE_ALPHA_DERIV=    1.91
2025-07-12 18:14:40.609 INFO: Epoch 590: head: Default, loss=0.5647, RMSE_MU_per_atom=0.00 mDebye, RMSE_MU_DERIV=0.00 mDebye / A, RMSE_ALPHA_per_atom=    0.03, RMSE_ALPHA_DERIV=    1.93
2025-07-12 18:15:32.748 INFO: Epoch 591: head: Default, loss=0.5684, RMSE_MU_per_atom=0.00 mDebye, RMSE_MU_DERIV=0.00 mDebye / A, RMSE_ALPHA_per_atom=    0.05, RMSE_ALPHA_DERIV=    1.93
2025-07-12 18:16:24.879 INFO: Epoch 592: head: Default, loss=0.5692, RMSE_MU_per_atom=0.00 mDebye, RMSE_MU_DERIV=0.00 mDebye / A, RMSE_ALPHA_per_atom=    0.03, RMSE_ALPHA_DERIV=    1.91
2025-07-12 18:17:17.031 INFO: Epoch 593: head: Default, loss=0.5738, RMSE_MU_per_atom=0.00 mDebye, RMSE_MU_DERIV=0.00 mDebye / A, RMSE_ALPHA_per_atom=    0.03, RMSE_ALPHA_DERIV=    1.94
2025-07-12 18:18:09.150 INFO: Epoch 594: head: Default, loss=0.5632, RMSE_MU_per_atom=0.00 mDebye, RMSE_MU_DERIV=0.00 mDebye / A, RMSE_ALPHA_per_atom=    0.03, RMSE_ALPHA_DERIV=    1.91
2025-07-12 18:19:01.215 INFO: Epoch 595: head: Default, loss=0.5635, RMSE_MU_per_atom=0.00 mDebye, RMSE_MU_DERIV=0.00 mDebye / A, RMSE_ALPHA_per_atom=    0.04, RMSE_ALPHA_DERIV=    1.91
2025-07-12 18:19:53.283 INFO: Epoch 596: head: Default, loss=0.5584, RMSE_MU_per_atom=0.00 mDebye, RMSE_MU_DERIV=0.00 mDebye / A, RMSE_ALPHA_per_atom=    0.04, RMSE_ALPHA_DERIV=    1.90
2025-07-12 18:20:45.372 INFO: Epoch 597: head: Default, loss=0.5526, RMSE_MU_per_atom=0.00 mDebye, RMSE_MU_DERIV=0.00 mDebye / A, RMSE_ALPHA_per_atom=    0.02, RMSE_ALPHA_DERIV=    1.90
2025-07-12 18:21:37.488 INFO: Epoch 598: head: Default, loss=0.5601, RMSE_MU_per_atom=0.00 mDebye, RMSE_MU_DERIV=0.00 mDebye / A, RMSE_ALPHA_per_atom=    0.05, RMSE_ALPHA_DERIV=    1.90
2025-07-12 18:22:29.581 INFO: Epoch 599: head: Default, loss=0.5609, RMSE_MU_per_atom=0.00 mDebye, RMSE_MU_DERIV=0.00 mDebye / A, RMSE_ALPHA_per_atom=    0.03, RMSE_ALPHA_DERIV=    1.91
2025-07-12 18:23:21.670 INFO: Epoch 600: head: Default, loss=0.5653, RMSE_MU_per_atom=0.00 mDebye, RMSE_MU_DERIV=0.00 mDebye / A, RMSE_ALPHA_per_atom=    0.05, RMSE_ALPHA_DERIV=    1.91
2025-07-12 18:24:13.765 INFO: Epoch 601: head: Default, loss=0.5627, RMSE_MU_per_atom=0.00 mDebye, RMSE_MU_DERIV=0.00 mDebye / A, RMSE_ALPHA_per_atom=    0.03, RMSE_ALPHA_DERIV=    1.92
2025-07-12 18:25:05.804 INFO: Epoch 602: head: Default, loss=0.5686, RMSE_MU_per_atom=0.00 mDebye, RMSE_MU_DERIV=0.00 mDebye / A, RMSE_ALPHA_per_atom=    0.06, RMSE_ALPHA_DERIV=    1.91
2025-07-12 18:25:57.858 INFO: Epoch 603: head: Default, loss=0.5667, RMSE_MU_per_atom=0.00 mDebye, RMSE_MU_DERIV=0.00 mDebye / A, RMSE_ALPHA_per_atom=    0.04, RMSE_ALPHA_DERIV=    1.92
2025-07-12 18:26:49.925 INFO: Epoch 604: head: Default, loss=0.5614, RMSE_MU_per_atom=0.00 mDebye, RMSE_MU_DERIV=0.00 mDebye / A, RMSE_ALPHA_per_atom=    0.03, RMSE_ALPHA_DERIV=    1.91
2025-07-12 18:27:42.067 INFO: Epoch 605: head: Default, loss=0.5616, RMSE_MU_per_atom=0.00 mDebye, RMSE_MU_DERIV=0.00 mDebye / A, RMSE_ALPHA_per_atom=    0.03, RMSE_ALPHA_DERIV=    1.91
2025-07-12 18:28:34.147 INFO: Epoch 606: head: Default, loss=0.5602, RMSE_MU_per_atom=0.00 mDebye, RMSE_MU_DERIV=0.00 mDebye / A, RMSE_ALPHA_per_atom=    0.04, RMSE_ALPHA_DERIV=    1.91
2025-07-12 18:29:26.233 INFO: Epoch 607: head: Default, loss=0.5606, RMSE_MU_per_atom=0.00 mDebye, RMSE_MU_DERIV=0.00 mDebye / A, RMSE_ALPHA_per_atom=    0.03, RMSE_ALPHA_DERIV=    1.91
2025-07-12 18:30:18.321 INFO: Epoch 608: head: Default, loss=0.5602, RMSE_MU_per_atom=0.00 mDebye, RMSE_MU_DERIV=0.00 mDebye / A, RMSE_ALPHA_per_atom=    0.03, RMSE_ALPHA_DERIV=    1.92
2025-07-12 18:31:10.407 INFO: Epoch 609: head: Default, loss=0.5606, RMSE_MU_per_atom=0.00 mDebye, RMSE_MU_DERIV=0.00 mDebye / A, RMSE_ALPHA_per_atom=    0.03, RMSE_ALPHA_DERIV=    1.91
2025-07-12 18:32:02.496 INFO: Epoch 610: head: Default, loss=0.5590, RMSE_MU_per_atom=0.00 mDebye, RMSE_MU_DERIV=0.00 mDebye / A, RMSE_ALPHA_per_atom=    0.03, RMSE_ALPHA_DERIV=    1.90
2025-07-12 18:32:54.620 INFO: Epoch 611: head: Default, loss=0.5593, RMSE_MU_per_atom=0.00 mDebye, RMSE_MU_DERIV=0.00 mDebye / A, RMSE_ALPHA_per_atom=    0.04, RMSE_ALPHA_DERIV=    1.91
2025-07-12 18:33:46.790 INFO: Epoch 612: head: Default, loss=0.5561, RMSE_MU_per_atom=0.00 mDebye, RMSE_MU_DERIV=0.00 mDebye / A, RMSE_ALPHA_per_atom=    0.03, RMSE_ALPHA_DERIV=    1.90
2025-07-12 18:34:38.858 INFO: Epoch 613: head: Default, loss=0.5584, RMSE_MU_per_atom=0.00 mDebye, RMSE_MU_DERIV=0.00 mDebye / A, RMSE_ALPHA_per_atom=    0.04, RMSE_ALPHA_DERIV=    1.91
2025-07-12 18:35:30.948 INFO: Epoch 614: head: Default, loss=0.5577, RMSE_MU_per_atom=0.00 mDebye, RMSE_MU_DERIV=0.00 mDebye / A, RMSE_ALPHA_per_atom=    0.03, RMSE_ALPHA_DERIV=    1.90
2025-07-12 18:36:23.027 INFO: Epoch 615: head: Default, loss=0.5593, RMSE_MU_per_atom=0.00 mDebye, RMSE_MU_DERIV=0.00 mDebye / A, RMSE_ALPHA_per_atom=    0.04, RMSE_ALPHA_DERIV=    1.91
2025-07-12 18:37:15.083 INFO: Epoch 616: head: Default, loss=0.5629, RMSE_MU_per_atom=0.00 mDebye, RMSE_MU_DERIV=0.00 mDebye / A, RMSE_ALPHA_per_atom=    0.02, RMSE_ALPHA_DERIV=    1.91
2025-07-12 18:38:07.136 INFO: Epoch 617: head: Default, loss=0.5588, RMSE_MU_per_atom=0.00 mDebye, RMSE_MU_DERIV=0.00 mDebye / A, RMSE_ALPHA_per_atom=    0.03, RMSE_ALPHA_DERIV=    1.91
2025-07-12 18:38:59.216 INFO: Epoch 618: head: Default, loss=0.5629, RMSE_MU_per_atom=0.00 mDebye, RMSE_MU_DERIV=0.00 mDebye / A, RMSE_ALPHA_per_atom=    0.04, RMSE_ALPHA_DERIV=    1.91
2025-07-12 18:39:51.196 INFO: Epoch 619: head: Default, loss=0.5576, RMSE_MU_per_atom=0.00 mDebye, RMSE_MU_DERIV=0.00 mDebye / A, RMSE_ALPHA_per_atom=    0.03, RMSE_ALPHA_DERIV=    1.91
2025-07-12 18:40:43.280 INFO: Epoch 620: head: Default, loss=0.5628, RMSE_MU_per_atom=0.00 mDebye, RMSE_MU_DERIV=0.00 mDebye / A, RMSE_ALPHA_per_atom=    0.03, RMSE_ALPHA_DERIV=    1.91
2025-07-12 18:41:35.277 INFO: Epoch 621: head: Default, loss=0.5612, RMSE_MU_per_atom=0.00 mDebye, RMSE_MU_DERIV=0.00 mDebye / A, RMSE_ALPHA_per_atom=    0.03, RMSE_ALPHA_DERIV=    1.91
2025-07-12 18:42:27.334 INFO: Epoch 622: head: Default, loss=0.5611, RMSE_MU_per_atom=0.00 mDebye, RMSE_MU_DERIV=0.00 mDebye / A, RMSE_ALPHA_per_atom=    0.06, RMSE_ALPHA_DERIV=    1.90
2025-07-12 18:43:19.397 INFO: Epoch 623: head: Default, loss=0.5656, RMSE_MU_per_atom=0.00 mDebye, RMSE_MU_DERIV=0.00 mDebye / A, RMSE_ALPHA_per_atom=    0.04, RMSE_ALPHA_DERIV=    1.91
2025-07-12 18:44:11.490 INFO: Epoch 624: head: Default, loss=0.5665, RMSE_MU_per_atom=0.00 mDebye, RMSE_MU_DERIV=0.00 mDebye / A, RMSE_ALPHA_per_atom=    0.04, RMSE_ALPHA_DERIV=    1.91
2025-07-12 18:45:03.626 INFO: Epoch 625: head: Default, loss=0.5614, RMSE_MU_per_atom=0.00 mDebye, RMSE_MU_DERIV=0.00 mDebye / A, RMSE_ALPHA_per_atom=    0.05, RMSE_ALPHA_DERIV=    1.91
2025-07-12 18:45:55.721 INFO: Epoch 626: head: Default, loss=0.5698, RMSE_MU_per_atom=0.00 mDebye, RMSE_MU_DERIV=0.00 mDebye / A, RMSE_ALPHA_per_atom=    0.04, RMSE_ALPHA_DERIV=    1.92
2025-07-12 18:46:47.762 INFO: Epoch 627: head: Default, loss=0.5613, RMSE_MU_per_atom=0.00 mDebye, RMSE_MU_DERIV=0.00 mDebye / A, RMSE_ALPHA_per_atom=    0.03, RMSE_ALPHA_DERIV=    1.91
2025-07-12 18:47:39.855 INFO: Epoch 628: head: Default, loss=0.5660, RMSE_MU_per_atom=0.00 mDebye, RMSE_MU_DERIV=0.00 mDebye / A, RMSE_ALPHA_per_atom=    0.03, RMSE_ALPHA_DERIV=    1.92
2025-07-12 18:48:31.949 INFO: Epoch 629: head: Default, loss=0.5732, RMSE_MU_per_atom=0.00 mDebye, RMSE_MU_DERIV=0.00 mDebye / A, RMSE_ALPHA_per_atom=    0.03, RMSE_ALPHA_DERIV=    1.93
2025-07-12 18:49:24.093 INFO: Epoch 630: head: Default, loss=0.5622, RMSE_MU_per_atom=0.00 mDebye, RMSE_MU_DERIV=0.00 mDebye / A, RMSE_ALPHA_per_atom=    0.03, RMSE_ALPHA_DERIV=    1.92
2025-07-12 18:50:16.171 INFO: Epoch 631: head: Default, loss=0.5598, RMSE_MU_per_atom=0.00 mDebye, RMSE_MU_DERIV=0.00 mDebye / A, RMSE_ALPHA_per_atom=    0.03, RMSE_ALPHA_DERIV=    1.91
2025-07-12 18:51:08.249 INFO: Epoch 632: head: Default, loss=0.5628, RMSE_MU_per_atom=0.00 mDebye, RMSE_MU_DERIV=0.00 mDebye / A, RMSE_ALPHA_per_atom=    0.03, RMSE_ALPHA_DERIV=    1.92
2025-07-12 18:52:00.298 INFO: Epoch 633: head: Default, loss=0.5562, RMSE_MU_per_atom=0.00 mDebye, RMSE_MU_DERIV=0.00 mDebye / A, RMSE_ALPHA_per_atom=    0.03, RMSE_ALPHA_DERIV=    1.91
2025-07-12 18:52:52.257 INFO: Epoch 634: head: Default, loss=0.5653, RMSE_MU_per_atom=0.00 mDebye, RMSE_MU_DERIV=0.00 mDebye / A, RMSE_ALPHA_per_atom=    0.03, RMSE_ALPHA_DERIV=    1.92
2025-07-12 18:53:44.291 INFO: Epoch 635: head: Default, loss=0.5536, RMSE_MU_per_atom=0.00 mDebye, RMSE_MU_DERIV=0.00 mDebye / A, RMSE_ALPHA_per_atom=    0.04, RMSE_ALPHA_DERIV=    1.90
2025-07-12 18:54:36.369 INFO: Epoch 636: head: Default, loss=0.5582, RMSE_MU_per_atom=0.00 mDebye, RMSE_MU_DERIV=0.00 mDebye / A, RMSE_ALPHA_per_atom=    0.03, RMSE_ALPHA_DERIV=    1.91
2025-07-12 18:55:28.467 INFO: Epoch 637: head: Default, loss=0.5608, RMSE_MU_per_atom=0.00 mDebye, RMSE_MU_DERIV=0.00 mDebye / A, RMSE_ALPHA_per_atom=    0.03, RMSE_ALPHA_DERIV=    1.91
2025-07-12 18:56:20.554 INFO: Epoch 638: head: Default, loss=0.5578, RMSE_MU_per_atom=0.00 mDebye, RMSE_MU_DERIV=0.00 mDebye / A, RMSE_ALPHA_per_atom=    0.03, RMSE_ALPHA_DERIV=    1.91
2025-07-12 18:57:12.728 INFO: Epoch 639: head: Default, loss=0.5656, RMSE_MU_per_atom=0.00 mDebye, RMSE_MU_DERIV=0.00 mDebye / A, RMSE_ALPHA_per_atom=    0.03, RMSE_ALPHA_DERIV=    1.92
2025-07-12 18:58:04.797 INFO: Epoch 640: head: Default, loss=0.5602, RMSE_MU_per_atom=0.00 mDebye, RMSE_MU_DERIV=0.00 mDebye / A, RMSE_ALPHA_per_atom=    0.03, RMSE_ALPHA_DERIV=    1.91
2025-07-12 18:58:56.864 INFO: Epoch 641: head: Default, loss=0.5557, RMSE_MU_per_atom=0.00 mDebye, RMSE_MU_DERIV=0.00 mDebye / A, RMSE_ALPHA_per_atom=    0.03, RMSE_ALPHA_DERIV=    1.91
2025-07-12 18:59:48.937 INFO: Epoch 642: head: Default, loss=0.5567, RMSE_MU_per_atom=0.00 mDebye, RMSE_MU_DERIV=0.00 mDebye / A, RMSE_ALPHA_per_atom=    0.03, RMSE_ALPHA_DERIV=    1.91
2025-07-12 19:00:41.130 INFO: Epoch 643: head: Default, loss=0.5595, RMSE_MU_per_atom=0.00 mDebye, RMSE_MU_DERIV=0.00 mDebye / A, RMSE_ALPHA_per_atom=    0.03, RMSE_ALPHA_DERIV=    1.91
2025-07-12 19:01:33.298 INFO: Epoch 644: head: Default, loss=0.5592, RMSE_MU_per_atom=0.00 mDebye, RMSE_MU_DERIV=0.00 mDebye / A, RMSE_ALPHA_per_atom=    0.03, RMSE_ALPHA_DERIV=    1.92
2025-07-12 19:02:25.369 INFO: Epoch 645: head: Default, loss=0.5651, RMSE_MU_per_atom=0.00 mDebye, RMSE_MU_DERIV=0.00 mDebye / A, RMSE_ALPHA_per_atom=    0.03, RMSE_ALPHA_DERIV=    1.92
2025-07-12 19:03:17.464 INFO: Epoch 646: head: Default, loss=0.5576, RMSE_MU_per_atom=0.00 mDebye, RMSE_MU_DERIV=0.00 mDebye / A, RMSE_ALPHA_per_atom=    0.03, RMSE_ALPHA_DERIV=    1.91
2025-07-12 19:04:09.588 INFO: Epoch 647: head: Default, loss=0.5652, RMSE_MU_per_atom=0.00 mDebye, RMSE_MU_DERIV=0.00 mDebye / A, RMSE_ALPHA_per_atom=    0.04, RMSE_ALPHA_DERIV=    1.91
2025-07-12 19:05:01.745 INFO: Epoch 648: head: Default, loss=0.5632, RMSE_MU_per_atom=0.00 mDebye, RMSE_MU_DERIV=0.00 mDebye / A, RMSE_ALPHA_per_atom=    0.04, RMSE_ALPHA_DERIV=    1.92
2025-07-12 19:05:53.929 INFO: Epoch 649: head: Default, loss=0.5703, RMSE_MU_per_atom=0.00 mDebye, RMSE_MU_DERIV=0.00 mDebye / A, RMSE_ALPHA_per_atom=    0.04, RMSE_ALPHA_DERIV=    1.92
2025-07-12 19:06:45.997 INFO: Epoch 650: head: Default, loss=0.5620, RMSE_MU_per_atom=0.00 mDebye, RMSE_MU_DERIV=0.00 mDebye / A, RMSE_ALPHA_per_atom=    0.03, RMSE_ALPHA_DERIV=    1.91
2025-07-12 19:07:38.079 INFO: Epoch 651: head: Default, loss=0.5614, RMSE_MU_per_atom=0.00 mDebye, RMSE_MU_DERIV=0.00 mDebye / A, RMSE_ALPHA_per_atom=    0.03, RMSE_ALPHA_DERIV=    1.92
2025-07-12 19:08:30.103 INFO: Epoch 652: head: Default, loss=0.5606, RMSE_MU_per_atom=0.00 mDebye, RMSE_MU_DERIV=0.00 mDebye / A, RMSE_ALPHA_per_atom=    0.03, RMSE_ALPHA_DERIV=    1.91
2025-07-12 19:09:22.155 INFO: Epoch 653: head: Default, loss=0.5587, RMSE_MU_per_atom=0.00 mDebye, RMSE_MU_DERIV=0.00 mDebye / A, RMSE_ALPHA_per_atom=    0.03, RMSE_ALPHA_DERIV=    1.91
2025-07-12 19:10:14.267 INFO: Epoch 654: head: Default, loss=0.5603, RMSE_MU_per_atom=0.00 mDebye, RMSE_MU_DERIV=0.00 mDebye / A, RMSE_ALPHA_per_atom=    0.02, RMSE_ALPHA_DERIV=    1.91
2025-07-12 19:11:06.368 INFO: Epoch 655: head: Default, loss=0.5582, RMSE_MU_per_atom=0.00 mDebye, RMSE_MU_DERIV=0.00 mDebye / A, RMSE_ALPHA_per_atom=    0.03, RMSE_ALPHA_DERIV=    1.91
2025-07-12 19:11:58.504 INFO: Epoch 656: head: Default, loss=0.5585, RMSE_MU_per_atom=0.00 mDebye, RMSE_MU_DERIV=0.00 mDebye / A, RMSE_ALPHA_per_atom=    0.03, RMSE_ALPHA_DERIV=    1.91
2025-07-12 19:12:50.662 INFO: Epoch 657: head: Default, loss=0.5596, RMSE_MU_per_atom=0.00 mDebye, RMSE_MU_DERIV=0.00 mDebye / A, RMSE_ALPHA_per_atom=    0.03, RMSE_ALPHA_DERIV=    1.91
2025-07-12 19:13:42.813 INFO: Epoch 658: head: Default, loss=0.5660, RMSE_MU_per_atom=0.00 mDebye, RMSE_MU_DERIV=0.00 mDebye / A, RMSE_ALPHA_per_atom=    0.03, RMSE_ALPHA_DERIV=    1.92
2025-07-12 19:14:34.934 INFO: Epoch 659: head: Default, loss=0.5655, RMSE_MU_per_atom=0.00 mDebye, RMSE_MU_DERIV=0.00 mDebye / A, RMSE_ALPHA_per_atom=    0.03, RMSE_ALPHA_DERIV=    1.92
2025-07-12 19:15:27.061 INFO: Epoch 660: head: Default, loss=0.5648, RMSE_MU_per_atom=0.00 mDebye, RMSE_MU_DERIV=0.00 mDebye / A, RMSE_ALPHA_per_atom=    0.03, RMSE_ALPHA_DERIV=    1.91
2025-07-12 19:16:19.205 INFO: Epoch 661: head: Default, loss=0.5575, RMSE_MU_per_atom=0.00 mDebye, RMSE_MU_DERIV=0.00 mDebye / A, RMSE_ALPHA_per_atom=    0.03, RMSE_ALPHA_DERIV=    1.90
2025-07-12 19:17:11.314 INFO: Epoch 662: head: Default, loss=0.5664, RMSE_MU_per_atom=0.00 mDebye, RMSE_MU_DERIV=0.00 mDebye / A, RMSE_ALPHA_per_atom=    0.03, RMSE_ALPHA_DERIV=    1.92
2025-07-12 19:18:03.443 INFO: Epoch 663: head: Default, loss=0.5603, RMSE_MU_per_atom=0.00 mDebye, RMSE_MU_DERIV=0.00 mDebye / A, RMSE_ALPHA_per_atom=    0.03, RMSE_ALPHA_DERIV=    1.91
2025-07-12 19:18:55.567 INFO: Epoch 664: head: Default, loss=0.5601, RMSE_MU_per_atom=0.00 mDebye, RMSE_MU_DERIV=0.00 mDebye / A, RMSE_ALPHA_per_atom=    0.03, RMSE_ALPHA_DERIV=    1.91
2025-07-12 19:19:47.707 INFO: Epoch 665: head: Default, loss=0.5588, RMSE_MU_per_atom=0.00 mDebye, RMSE_MU_DERIV=0.00 mDebye / A, RMSE_ALPHA_per_atom=    0.03, RMSE_ALPHA_DERIV=    1.91
2025-07-12 19:20:39.931 INFO: Epoch 666: head: Default, loss=0.5634, RMSE_MU_per_atom=0.00 mDebye, RMSE_MU_DERIV=0.00 mDebye / A, RMSE_ALPHA_per_atom=    0.03, RMSE_ALPHA_DERIV=    1.91
2025-07-12 19:21:32.183 INFO: Epoch 667: head: Default, loss=0.5644, RMSE_MU_per_atom=0.00 mDebye, RMSE_MU_DERIV=0.00 mDebye / A, RMSE_ALPHA_per_atom=    0.03, RMSE_ALPHA_DERIV=    1.92
2025-07-12 19:22:24.409 INFO: Epoch 668: head: Default, loss=0.5557, RMSE_MU_per_atom=0.00 mDebye, RMSE_MU_DERIV=0.00 mDebye / A, RMSE_ALPHA_per_atom=    0.03, RMSE_ALPHA_DERIV=    1.90
2025-07-12 19:23:16.648 INFO: Epoch 669: head: Default, loss=0.5633, RMSE_MU_per_atom=0.00 mDebye, RMSE_MU_DERIV=0.00 mDebye / A, RMSE_ALPHA_per_atom=    0.02, RMSE_ALPHA_DERIV=    1.91
2025-07-12 19:24:08.777 INFO: Epoch 670: head: Default, loss=0.5655, RMSE_MU_per_atom=0.00 mDebye, RMSE_MU_DERIV=0.00 mDebye / A, RMSE_ALPHA_per_atom=    0.03, RMSE_ALPHA_DERIV=    1.92
2025-07-12 19:25:00.919 INFO: Epoch 671: head: Default, loss=0.5624, RMSE_MU_per_atom=0.00 mDebye, RMSE_MU_DERIV=0.00 mDebye / A, RMSE_ALPHA_per_atom=    0.03, RMSE_ALPHA_DERIV=    1.91
2025-07-12 19:25:53.084 INFO: Epoch 672: head: Default, loss=0.5586, RMSE_MU_per_atom=0.00 mDebye, RMSE_MU_DERIV=0.00 mDebye / A, RMSE_ALPHA_per_atom=    0.03, RMSE_ALPHA_DERIV=    1.91
2025-07-12 19:26:45.289 INFO: Epoch 673: head: Default, loss=0.5584, RMSE_MU_per_atom=0.00 mDebye, RMSE_MU_DERIV=0.00 mDebye / A, RMSE_ALPHA_per_atom=    0.03, RMSE_ALPHA_DERIV=    1.91
2025-07-12 19:27:37.541 INFO: Epoch 674: head: Default, loss=0.5551, RMSE_MU_per_atom=0.00 mDebye, RMSE_MU_DERIV=0.00 mDebye / A, RMSE_ALPHA_per_atom=    0.03, RMSE_ALPHA_DERIV=    1.90
2025-07-12 19:28:29.678 INFO: Epoch 675: head: Default, loss=0.5636, RMSE_MU_per_atom=0.00 mDebye, RMSE_MU_DERIV=0.00 mDebye / A, RMSE_ALPHA_per_atom=    0.03, RMSE_ALPHA_DERIV=    1.92
2025-07-12 19:29:21.917 INFO: Epoch 676: head: Default, loss=0.5630, RMSE_MU_per_atom=0.00 mDebye, RMSE_MU_DERIV=0.00 mDebye / A, RMSE_ALPHA_per_atom=    0.02, RMSE_ALPHA_DERIV=    1.92
2025-07-12 19:30:14.086 INFO: Epoch 677: head: Default, loss=0.5623, RMSE_MU_per_atom=0.00 mDebye, RMSE_MU_DERIV=0.00 mDebye / A, RMSE_ALPHA_per_atom=    0.03, RMSE_ALPHA_DERIV=    1.91
2025-07-12 19:31:06.338 INFO: Epoch 678: head: Default, loss=0.5640, RMSE_MU_per_atom=0.00 mDebye, RMSE_MU_DERIV=0.00 mDebye / A, RMSE_ALPHA_per_atom=    0.03, RMSE_ALPHA_DERIV=    1.92
2025-07-12 19:31:58.510 INFO: Epoch 679: head: Default, loss=0.5633, RMSE_MU_per_atom=0.00 mDebye, RMSE_MU_DERIV=0.00 mDebye / A, RMSE_ALPHA_per_atom=    0.04, RMSE_ALPHA_DERIV=    1.91
2025-07-12 19:32:50.757 INFO: Epoch 680: head: Default, loss=0.5600, RMSE_MU_per_atom=0.00 mDebye, RMSE_MU_DERIV=0.00 mDebye / A, RMSE_ALPHA_per_atom=    0.03, RMSE_ALPHA_DERIV=    1.91
2025-07-12 19:33:42.886 INFO: Epoch 681: head: Default, loss=0.5586, RMSE_MU_per_atom=0.00 mDebye, RMSE_MU_DERIV=0.00 mDebye / A, RMSE_ALPHA_per_atom=    0.03, RMSE_ALPHA_DERIV=    1.91
2025-07-12 19:34:35.144 INFO: Epoch 682: head: Default, loss=0.5611, RMSE_MU_per_atom=0.00 mDebye, RMSE_MU_DERIV=0.00 mDebye / A, RMSE_ALPHA_per_atom=    0.03, RMSE_ALPHA_DERIV=    1.92
2025-07-12 19:35:27.309 INFO: Epoch 683: head: Default, loss=0.5634, RMSE_MU_per_atom=0.00 mDebye, RMSE_MU_DERIV=0.00 mDebye / A, RMSE_ALPHA_per_atom=    0.03, RMSE_ALPHA_DERIV=    1.91
2025-07-12 19:36:19.417 INFO: Epoch 684: head: Default, loss=0.5650, RMSE_MU_per_atom=0.00 mDebye, RMSE_MU_DERIV=0.00 mDebye / A, RMSE_ALPHA_per_atom=    0.03, RMSE_ALPHA_DERIV=    1.92
2025-07-12 19:37:11.647 INFO: Epoch 685: head: Default, loss=0.5615, RMSE_MU_per_atom=0.00 mDebye, RMSE_MU_DERIV=0.00 mDebye / A, RMSE_ALPHA_per_atom=    0.02, RMSE_ALPHA_DERIV=    1.91
2025-07-12 19:38:03.800 INFO: Epoch 686: head: Default, loss=0.5604, RMSE_MU_per_atom=0.00 mDebye, RMSE_MU_DERIV=0.00 mDebye / A, RMSE_ALPHA_per_atom=    0.02, RMSE_ALPHA_DERIV=    1.91
2025-07-12 19:38:55.891 INFO: Epoch 687: head: Default, loss=0.5647, RMSE_MU_per_atom=0.00 mDebye, RMSE_MU_DERIV=0.00 mDebye / A, RMSE_ALPHA_per_atom=    0.03, RMSE_ALPHA_DERIV=    1.92
2025-07-12 19:39:47.999 INFO: Epoch 688: head: Default, loss=0.5610, RMSE_MU_per_atom=0.00 mDebye, RMSE_MU_DERIV=0.00 mDebye / A, RMSE_ALPHA_per_atom=    0.03, RMSE_ALPHA_DERIV=    1.91
2025-07-12 19:40:40.117 INFO: Epoch 689: head: Default, loss=0.5598, RMSE_MU_per_atom=0.00 mDebye, RMSE_MU_DERIV=0.00 mDebye / A, RMSE_ALPHA_per_atom=    0.03, RMSE_ALPHA_DERIV=    1.91
2025-07-12 19:41:32.256 INFO: Epoch 690: head: Default, loss=0.5568, RMSE_MU_per_atom=0.00 mDebye, RMSE_MU_DERIV=0.00 mDebye / A, RMSE_ALPHA_per_atom=    0.03, RMSE_ALPHA_DERIV=    1.91
2025-07-12 19:42:24.338 INFO: Epoch 691: head: Default, loss=0.5582, RMSE_MU_per_atom=0.00 mDebye, RMSE_MU_DERIV=0.00 mDebye / A, RMSE_ALPHA_per_atom=    0.03, RMSE_ALPHA_DERIV=    1.91
2025-07-12 19:43:16.443 INFO: Epoch 692: head: Default, loss=0.5601, RMSE_MU_per_atom=0.00 mDebye, RMSE_MU_DERIV=0.00 mDebye / A, RMSE_ALPHA_per_atom=    0.03, RMSE_ALPHA_DERIV=    1.91
2025-07-12 19:44:08.590 INFO: Epoch 693: head: Default, loss=0.5658, RMSE_MU_per_atom=0.00 mDebye, RMSE_MU_DERIV=0.00 mDebye / A, RMSE_ALPHA_per_atom=    0.03, RMSE_ALPHA_DERIV=    1.92
2025-07-12 19:45:00.722 INFO: Epoch 694: head: Default, loss=0.5632, RMSE_MU_per_atom=0.00 mDebye, RMSE_MU_DERIV=0.00 mDebye / A, RMSE_ALPHA_per_atom=    0.03, RMSE_ALPHA_DERIV=    1.91
2025-07-12 19:45:52.855 INFO: Epoch 695: head: Default, loss=0.5597, RMSE_MU_per_atom=0.00 mDebye, RMSE_MU_DERIV=0.00 mDebye / A, RMSE_ALPHA_per_atom=    0.03, RMSE_ALPHA_DERIV=    1.91
2025-07-12 19:46:44.974 INFO: Epoch 696: head: Default, loss=0.5647, RMSE_MU_per_atom=0.00 mDebye, RMSE_MU_DERIV=0.00 mDebye / A, RMSE_ALPHA_per_atom=    0.03, RMSE_ALPHA_DERIV=    1.92
2025-07-12 19:47:37.131 INFO: Epoch 697: head: Default, loss=0.5572, RMSE_MU_per_atom=0.00 mDebye, RMSE_MU_DERIV=0.00 mDebye / A, RMSE_ALPHA_per_atom=    0.03, RMSE_ALPHA_DERIV=    1.91
2025-07-12 19:48:29.387 INFO: Epoch 698: head: Default, loss=0.5617, RMSE_MU_per_atom=0.00 mDebye, RMSE_MU_DERIV=0.00 mDebye / A, RMSE_ALPHA_per_atom=    0.03, RMSE_ALPHA_DERIV=    1.91
2025-07-12 19:49:21.534 INFO: Epoch 699: head: Default, loss=0.5627, RMSE_MU_per_atom=0.00 mDebye, RMSE_MU_DERIV=0.00 mDebye / A, RMSE_ALPHA_per_atom=    0.03, RMSE_ALPHA_DERIV=    1.91
2025-07-12 19:50:13.638 INFO: Epoch 700: head: Default, loss=0.5678, RMSE_MU_per_atom=0.00 mDebye, RMSE_MU_DERIV=0.00 mDebye / A, RMSE_ALPHA_per_atom=    0.04, RMSE_ALPHA_DERIV=    1.92
2025-07-12 19:51:05.796 INFO: Epoch 701: head: Default, loss=0.5608, RMSE_MU_per_atom=0.00 mDebye, RMSE_MU_DERIV=0.00 mDebye / A, RMSE_ALPHA_per_atom=    0.03, RMSE_ALPHA_DERIV=    1.91
2025-07-12 19:51:57.925 INFO: Epoch 702: head: Default, loss=0.5637, RMSE_MU_per_atom=0.00 mDebye, RMSE_MU_DERIV=0.00 mDebye / A, RMSE_ALPHA_per_atom=    0.03, RMSE_ALPHA_DERIV=    1.91
2025-07-12 19:52:50.028 INFO: Epoch 703: head: Default, loss=0.5682, RMSE_MU_per_atom=0.00 mDebye, RMSE_MU_DERIV=0.00 mDebye / A, RMSE_ALPHA_per_atom=    0.04, RMSE_ALPHA_DERIV=    1.92
2025-07-12 19:53:42.116 INFO: Epoch 704: head: Default, loss=0.5600, RMSE_MU_per_atom=0.00 mDebye, RMSE_MU_DERIV=0.00 mDebye / A, RMSE_ALPHA_per_atom=    0.02, RMSE_ALPHA_DERIV=    1.92
2025-07-12 19:54:34.300 INFO: Epoch 705: head: Default, loss=0.5619, RMSE_MU_per_atom=0.00 mDebye, RMSE_MU_DERIV=0.00 mDebye / A, RMSE_ALPHA_per_atom=    0.03, RMSE_ALPHA_DERIV=    1.91
2025-07-12 19:55:26.458 INFO: Epoch 706: head: Default, loss=0.5606, RMSE_MU_per_atom=0.00 mDebye, RMSE_MU_DERIV=0.00 mDebye / A, RMSE_ALPHA_per_atom=    0.03, RMSE_ALPHA_DERIV=    1.91
2025-07-12 19:56:18.601 INFO: Epoch 707: head: Default, loss=0.5575, RMSE_MU_per_atom=0.00 mDebye, RMSE_MU_DERIV=0.00 mDebye / A, RMSE_ALPHA_per_atom=    0.02, RMSE_ALPHA_DERIV=    1.91
2025-07-12 19:57:10.715 INFO: Epoch 708: head: Default, loss=0.5604, RMSE_MU_per_atom=0.00 mDebye, RMSE_MU_DERIV=0.00 mDebye / A, RMSE_ALPHA_per_atom=    0.03, RMSE_ALPHA_DERIV=    1.91
2025-07-12 19:58:02.849 INFO: Epoch 709: head: Default, loss=0.5660, RMSE_MU_per_atom=0.00 mDebye, RMSE_MU_DERIV=0.00 mDebye / A, RMSE_ALPHA_per_atom=    0.03, RMSE_ALPHA_DERIV=    1.92
2025-07-12 19:58:54.948 INFO: Epoch 710: head: Default, loss=0.5609, RMSE_MU_per_atom=0.00 mDebye, RMSE_MU_DERIV=0.00 mDebye / A, RMSE_ALPHA_per_atom=    0.03, RMSE_ALPHA_DERIV=    1.91
2025-07-12 19:59:47.020 INFO: Epoch 711: head: Default, loss=0.5632, RMSE_MU_per_atom=0.00 mDebye, RMSE_MU_DERIV=0.00 mDebye / A, RMSE_ALPHA_per_atom=    0.03, RMSE_ALPHA_DERIV=    1.92
2025-07-12 20:00:39.114 INFO: Epoch 712: head: Default, loss=0.5596, RMSE_MU_per_atom=0.00 mDebye, RMSE_MU_DERIV=0.00 mDebye / A, RMSE_ALPHA_per_atom=    0.03, RMSE_ALPHA_DERIV=    1.91
2025-07-12 20:01:31.248 INFO: Epoch 713: head: Default, loss=0.5613, RMSE_MU_per_atom=0.00 mDebye, RMSE_MU_DERIV=0.00 mDebye / A, RMSE_ALPHA_per_atom=    0.03, RMSE_ALPHA_DERIV=    1.91
2025-07-12 20:02:23.391 INFO: Epoch 714: head: Default, loss=0.5611, RMSE_MU_per_atom=0.00 mDebye, RMSE_MU_DERIV=0.00 mDebye / A, RMSE_ALPHA_per_atom=    0.02, RMSE_ALPHA_DERIV=    1.91
2025-07-12 20:03:15.534 INFO: Epoch 715: head: Default, loss=0.5665, RMSE_MU_per_atom=0.00 mDebye, RMSE_MU_DERIV=0.00 mDebye / A, RMSE_ALPHA_per_atom=    0.03, RMSE_ALPHA_DERIV=    1.92
2025-07-12 20:04:07.719 INFO: Epoch 716: head: Default, loss=0.5609, RMSE_MU_per_atom=0.00 mDebye, RMSE_MU_DERIV=0.00 mDebye / A, RMSE_ALPHA_per_atom=    0.03, RMSE_ALPHA_DERIV=    1.91
2025-07-12 20:04:59.895 INFO: Epoch 717: head: Default, loss=0.5622, RMSE_MU_per_atom=0.00 mDebye, RMSE_MU_DERIV=0.00 mDebye / A, RMSE_ALPHA_per_atom=    0.03, RMSE_ALPHA_DERIV=    1.92
2025-07-12 20:05:52.080 INFO: Epoch 718: head: Default, loss=0.5601, RMSE_MU_per_atom=0.00 mDebye, RMSE_MU_DERIV=0.00 mDebye / A, RMSE_ALPHA_per_atom=    0.03, RMSE_ALPHA_DERIV=    1.91
2025-07-12 20:06:44.234 INFO: Epoch 719: head: Default, loss=0.5618, RMSE_MU_per_atom=0.00 mDebye, RMSE_MU_DERIV=0.00 mDebye / A, RMSE_ALPHA_per_atom=    0.03, RMSE_ALPHA_DERIV=    1.91
2025-07-12 20:07:36.365 INFO: Epoch 720: head: Default, loss=0.5637, RMSE_MU_per_atom=0.00 mDebye, RMSE_MU_DERIV=0.00 mDebye / A, RMSE_ALPHA_per_atom=    0.03, RMSE_ALPHA_DERIV=    1.91
2025-07-12 20:08:28.584 INFO: Epoch 721: head: Default, loss=0.5609, RMSE_MU_per_atom=0.00 mDebye, RMSE_MU_DERIV=0.00 mDebye / A, RMSE_ALPHA_per_atom=    0.03, RMSE_ALPHA_DERIV=    1.91
2025-07-12 20:09:20.780 INFO: Epoch 722: head: Default, loss=0.5570, RMSE_MU_per_atom=0.00 mDebye, RMSE_MU_DERIV=0.00 mDebye / A, RMSE_ALPHA_per_atom=    0.02, RMSE_ALPHA_DERIV=    1.91
2025-07-12 20:10:13.041 INFO: Epoch 723: head: Default, loss=0.5560, RMSE_MU_per_atom=0.00 mDebye, RMSE_MU_DERIV=0.00 mDebye / A, RMSE_ALPHA_per_atom=    0.03, RMSE_ALPHA_DERIV=    1.90
2025-07-12 20:11:05.362 INFO: Epoch 724: head: Default, loss=0.5587, RMSE_MU_per_atom=0.00 mDebye, RMSE_MU_DERIV=0.00 mDebye / A, RMSE_ALPHA_per_atom=    0.02, RMSE_ALPHA_DERIV=    1.92
2025-07-12 20:11:57.672 INFO: Epoch 725: head: Default, loss=0.5567, RMSE_MU_per_atom=0.00 mDebye, RMSE_MU_DERIV=0.00 mDebye / A, RMSE_ALPHA_per_atom=    0.03, RMSE_ALPHA_DERIV=    1.90
2025-07-12 20:12:49.932 INFO: Epoch 726: head: Default, loss=0.5623, RMSE_MU_per_atom=0.00 mDebye, RMSE_MU_DERIV=0.00 mDebye / A, RMSE_ALPHA_per_atom=    0.03, RMSE_ALPHA_DERIV=    1.91
2025-07-12 20:13:42.181 INFO: Epoch 727: head: Default, loss=0.5622, RMSE_MU_per_atom=0.00 mDebye, RMSE_MU_DERIV=0.00 mDebye / A, RMSE_ALPHA_per_atom=    0.03, RMSE_ALPHA_DERIV=    1.92
2025-07-12 20:14:34.440 INFO: Epoch 728: head: Default, loss=0.5595, RMSE_MU_per_atom=0.00 mDebye, RMSE_MU_DERIV=0.00 mDebye / A, RMSE_ALPHA_per_atom=    0.03, RMSE_ALPHA_DERIV=    1.91
2025-07-12 20:15:26.607 INFO: Epoch 729: head: Default, loss=0.5623, RMSE_MU_per_atom=0.00 mDebye, RMSE_MU_DERIV=0.00 mDebye / A, RMSE_ALPHA_per_atom=    0.03, RMSE_ALPHA_DERIV=    1.91
2025-07-12 20:16:18.888 INFO: Epoch 730: head: Default, loss=0.5615, RMSE_MU_per_atom=0.00 mDebye, RMSE_MU_DERIV=0.00 mDebye / A, RMSE_ALPHA_per_atom=    0.02, RMSE_ALPHA_DERIV=    1.92
2025-07-12 20:17:11.098 INFO: Epoch 731: head: Default, loss=0.5614, RMSE_MU_per_atom=0.00 mDebye, RMSE_MU_DERIV=0.00 mDebye / A, RMSE_ALPHA_per_atom=    0.02, RMSE_ALPHA_DERIV=    1.92
2025-07-12 20:18:03.283 INFO: Epoch 732: head: Default, loss=0.5629, RMSE_MU_per_atom=0.00 mDebye, RMSE_MU_DERIV=0.00 mDebye / A, RMSE_ALPHA_per_atom=    0.03, RMSE_ALPHA_DERIV=    1.92
2025-07-12 20:18:55.410 INFO: Epoch 733: head: Default, loss=0.5609, RMSE_MU_per_atom=0.00 mDebye, RMSE_MU_DERIV=0.00 mDebye / A, RMSE_ALPHA_per_atom=    0.03, RMSE_ALPHA_DERIV=    1.91
2025-07-12 20:19:47.573 INFO: Epoch 734: head: Default, loss=0.5580, RMSE_MU_per_atom=0.00 mDebye, RMSE_MU_DERIV=0.00 mDebye / A, RMSE_ALPHA_per_atom=    0.03, RMSE_ALPHA_DERIV=    1.91
2025-07-12 20:20:39.636 INFO: Epoch 735: head: Default, loss=0.5647, RMSE_MU_per_atom=0.00 mDebye, RMSE_MU_DERIV=0.00 mDebye / A, RMSE_ALPHA_per_atom=    0.03, RMSE_ALPHA_DERIV=    1.91
2025-07-12 20:21:31.699 INFO: Epoch 736: head: Default, loss=0.5582, RMSE_MU_per_atom=0.00 mDebye, RMSE_MU_DERIV=0.00 mDebye / A, RMSE_ALPHA_per_atom=    0.03, RMSE_ALPHA_DERIV=    1.91
2025-07-12 20:22:23.828 INFO: Epoch 737: head: Default, loss=0.5618, RMSE_MU_per_atom=0.00 mDebye, RMSE_MU_DERIV=0.00 mDebye / A, RMSE_ALPHA_per_atom=    0.03, RMSE_ALPHA_DERIV=    1.91
2025-07-12 20:23:16.060 INFO: Epoch 738: head: Default, loss=0.5613, RMSE_MU_per_atom=0.00 mDebye, RMSE_MU_DERIV=0.00 mDebye / A, RMSE_ALPHA_per_atom=    0.03, RMSE_ALPHA_DERIV=    1.91
2025-07-12 20:24:08.357 INFO: Epoch 739: head: Default, loss=0.5626, RMSE_MU_per_atom=0.00 mDebye, RMSE_MU_DERIV=0.00 mDebye / A, RMSE_ALPHA_per_atom=    0.03, RMSE_ALPHA_DERIV=    1.92
2025-07-12 20:25:00.642 INFO: Epoch 740: head: Default, loss=0.5645, RMSE_MU_per_atom=0.00 mDebye, RMSE_MU_DERIV=0.00 mDebye / A, RMSE_ALPHA_per_atom=    0.03, RMSE_ALPHA_DERIV=    1.91
2025-07-12 20:25:52.842 INFO: Epoch 741: head: Default, loss=0.5632, RMSE_MU_per_atom=0.00 mDebye, RMSE_MU_DERIV=0.00 mDebye / A, RMSE_ALPHA_per_atom=    0.02, RMSE_ALPHA_DERIV=    1.92
2025-07-12 20:26:45.135 INFO: Epoch 742: head: Default, loss=0.5556, RMSE_MU_per_atom=0.00 mDebye, RMSE_MU_DERIV=0.00 mDebye / A, RMSE_ALPHA_per_atom=    0.02, RMSE_ALPHA_DERIV=    1.91
2025-07-12 20:27:37.363 INFO: Epoch 743: head: Default, loss=0.5629, RMSE_MU_per_atom=0.00 mDebye, RMSE_MU_DERIV=0.00 mDebye / A, RMSE_ALPHA_per_atom=    0.03, RMSE_ALPHA_DERIV=    1.91
2025-07-12 20:28:29.540 INFO: Epoch 744: head: Default, loss=0.5646, RMSE_MU_per_atom=0.00 mDebye, RMSE_MU_DERIV=0.00 mDebye / A, RMSE_ALPHA_per_atom=    0.03, RMSE_ALPHA_DERIV=    1.91
2025-07-12 20:29:21.768 INFO: Epoch 745: head: Default, loss=0.5643, RMSE_MU_per_atom=0.00 mDebye, RMSE_MU_DERIV=0.00 mDebye / A, RMSE_ALPHA_per_atom=    0.02, RMSE_ALPHA_DERIV=    1.92
2025-07-12 20:30:13.984 INFO: Epoch 746: head: Default, loss=0.5658, RMSE_MU_per_atom=0.00 mDebye, RMSE_MU_DERIV=0.00 mDebye / A, RMSE_ALPHA_per_atom=    0.03, RMSE_ALPHA_DERIV=    1.91
2025-07-12 20:31:06.138 INFO: Epoch 747: head: Default, loss=0.5691, RMSE_MU_per_atom=0.00 mDebye, RMSE_MU_DERIV=0.00 mDebye / A, RMSE_ALPHA_per_atom=    0.03, RMSE_ALPHA_DERIV=    1.92
2025-07-12 20:31:58.308 INFO: Epoch 748: head: Default, loss=0.5581, RMSE_MU_per_atom=0.00 mDebye, RMSE_MU_DERIV=0.00 mDebye / A, RMSE_ALPHA_per_atom=    0.02, RMSE_ALPHA_DERIV=    1.91
2025-07-12 20:32:50.540 INFO: Epoch 749: head: Default, loss=0.5620, RMSE_MU_per_atom=0.00 mDebye, RMSE_MU_DERIV=0.00 mDebye / A, RMSE_ALPHA_per_atom=    0.03, RMSE_ALPHA_DERIV=    1.91
2025-07-12 20:33:42.851 INFO: Epoch 750: head: Default, loss=0.5610, RMSE_MU_per_atom=0.00 mDebye, RMSE_MU_DERIV=0.00 mDebye / A, RMSE_ALPHA_per_atom=    0.03, RMSE_ALPHA_DERIV=    1.91
2025-07-12 20:34:35.160 INFO: Epoch 751: head: Default, loss=0.5591, RMSE_MU_per_atom=0.00 mDebye, RMSE_MU_DERIV=0.00 mDebye / A, RMSE_ALPHA_per_atom=    0.03, RMSE_ALPHA_DERIV=    1.91
2025-07-12 20:35:27.447 INFO: Epoch 752: head: Default, loss=0.5658, RMSE_MU_per_atom=0.00 mDebye, RMSE_MU_DERIV=0.00 mDebye / A, RMSE_ALPHA_per_atom=    0.02, RMSE_ALPHA_DERIV=    1.92
2025-07-12 20:36:19.755 INFO: Epoch 753: head: Default, loss=0.5644, RMSE_MU_per_atom=0.00 mDebye, RMSE_MU_DERIV=0.00 mDebye / A, RMSE_ALPHA_per_atom=    0.03, RMSE_ALPHA_DERIV=    1.92
2025-07-12 20:37:12.085 INFO: Epoch 754: head: Default, loss=0.5609, RMSE_MU_per_atom=0.00 mDebye, RMSE_MU_DERIV=0.00 mDebye / A, RMSE_ALPHA_per_atom=    0.03, RMSE_ALPHA_DERIV=    1.91
2025-07-12 20:38:04.460 INFO: Epoch 755: head: Default, loss=0.5648, RMSE_MU_per_atom=0.00 mDebye, RMSE_MU_DERIV=0.00 mDebye / A, RMSE_ALPHA_per_atom=    0.03, RMSE_ALPHA_DERIV=    1.92
2025-07-12 20:38:56.690 INFO: Epoch 756: head: Default, loss=0.5570, RMSE_MU_per_atom=0.00 mDebye, RMSE_MU_DERIV=0.00 mDebye / A, RMSE_ALPHA_per_atom=    0.03, RMSE_ALPHA_DERIV=    1.91
2025-07-12 20:39:48.882 INFO: Epoch 757: head: Default, loss=0.5640, RMSE_MU_per_atom=0.00 mDebye, RMSE_MU_DERIV=0.00 mDebye / A, RMSE_ALPHA_per_atom=    0.03, RMSE_ALPHA_DERIV=    1.92
2025-07-12 20:40:41.012 INFO: Epoch 758: head: Default, loss=0.5650, RMSE_MU_per_atom=0.00 mDebye, RMSE_MU_DERIV=0.00 mDebye / A, RMSE_ALPHA_per_atom=    0.03, RMSE_ALPHA_DERIV=    1.91
2025-07-12 20:41:33.232 INFO: Epoch 759: head: Default, loss=0.5560, RMSE_MU_per_atom=0.00 mDebye, RMSE_MU_DERIV=0.00 mDebye / A, RMSE_ALPHA_per_atom=    0.02, RMSE_ALPHA_DERIV=    1.91
2025-07-12 20:42:25.530 INFO: Epoch 760: head: Default, loss=0.5595, RMSE_MU_per_atom=0.00 mDebye, RMSE_MU_DERIV=0.00 mDebye / A, RMSE_ALPHA_per_atom=    0.02, RMSE_ALPHA_DERIV=    1.91
2025-07-12 20:43:17.841 INFO: Epoch 761: head: Default, loss=0.5556, RMSE_MU_per_atom=0.00 mDebye, RMSE_MU_DERIV=0.00 mDebye / A, RMSE_ALPHA_per_atom=    0.03, RMSE_ALPHA_DERIV=    1.90
2025-07-12 20:44:10.156 INFO: Epoch 762: head: Default, loss=0.5610, RMSE_MU_per_atom=0.00 mDebye, RMSE_MU_DERIV=0.00 mDebye / A, RMSE_ALPHA_per_atom=    0.02, RMSE_ALPHA_DERIV=    1.91
2025-07-12 20:45:02.468 INFO: Epoch 763: head: Default, loss=0.5608, RMSE_MU_per_atom=0.00 mDebye, RMSE_MU_DERIV=0.00 mDebye / A, RMSE_ALPHA_per_atom=    0.02, RMSE_ALPHA_DERIV=    1.91
2025-07-12 20:45:54.714 INFO: Epoch 764: head: Default, loss=0.5617, RMSE_MU_per_atom=0.00 mDebye, RMSE_MU_DERIV=0.00 mDebye / A, RMSE_ALPHA_per_atom=    0.02, RMSE_ALPHA_DERIV=    1.92
2025-07-12 20:46:47.028 INFO: Epoch 765: head: Default, loss=0.5576, RMSE_MU_per_atom=0.00 mDebye, RMSE_MU_DERIV=0.00 mDebye / A, RMSE_ALPHA_per_atom=    0.02, RMSE_ALPHA_DERIV=    1.91
2025-07-12 20:47:39.361 INFO: Epoch 766: head: Default, loss=0.5640, RMSE_MU_per_atom=0.00 mDebye, RMSE_MU_DERIV=0.00 mDebye / A, RMSE_ALPHA_per_atom=    0.02, RMSE_ALPHA_DERIV=    1.92
2025-07-12 20:48:31.678 INFO: Epoch 767: head: Default, loss=0.5596, RMSE_MU_per_atom=0.00 mDebye, RMSE_MU_DERIV=0.00 mDebye / A, RMSE_ALPHA_per_atom=    0.03, RMSE_ALPHA_DERIV=    1.91
2025-07-12 20:49:24.015 INFO: Epoch 768: head: Default, loss=0.5614, RMSE_MU_per_atom=0.00 mDebye, RMSE_MU_DERIV=0.00 mDebye / A, RMSE_ALPHA_per_atom=    0.03, RMSE_ALPHA_DERIV=    1.91
2025-07-12 20:50:16.325 INFO: Epoch 769: head: Default, loss=0.5605, RMSE_MU_per_atom=0.00 mDebye, RMSE_MU_DERIV=0.00 mDebye / A, RMSE_ALPHA_per_atom=    0.03, RMSE_ALPHA_DERIV=    1.91
2025-07-12 20:51:08.684 INFO: Epoch 770: head: Default, loss=0.5590, RMSE_MU_per_atom=0.00 mDebye, RMSE_MU_DERIV=0.00 mDebye / A, RMSE_ALPHA_per_atom=    0.02, RMSE_ALPHA_DERIV=    1.91
2025-07-12 20:52:01.056 INFO: Epoch 771: head: Default, loss=0.5591, RMSE_MU_per_atom=0.00 mDebye, RMSE_MU_DERIV=0.00 mDebye / A, RMSE_ALPHA_per_atom=    0.03, RMSE_ALPHA_DERIV=    1.91
2025-07-12 20:52:53.447 INFO: Epoch 772: head: Default, loss=0.5618, RMSE_MU_per_atom=0.00 mDebye, RMSE_MU_DERIV=0.00 mDebye / A, RMSE_ALPHA_per_atom=    0.03, RMSE_ALPHA_DERIV=    1.91
2025-07-12 20:53:45.853 INFO: Epoch 773: head: Default, loss=0.5645, RMSE_MU_per_atom=0.00 mDebye, RMSE_MU_DERIV=0.00 mDebye / A, RMSE_ALPHA_per_atom=    0.03, RMSE_ALPHA_DERIV=    1.92
2025-07-12 20:54:38.248 INFO: Epoch 774: head: Default, loss=0.5624, RMSE_MU_per_atom=0.00 mDebye, RMSE_MU_DERIV=0.00 mDebye / A, RMSE_ALPHA_per_atom=    0.03, RMSE_ALPHA_DERIV=    1.91
2025-07-12 20:55:30.639 INFO: Epoch 775: head: Default, loss=0.5650, RMSE_MU_per_atom=0.00 mDebye, RMSE_MU_DERIV=0.00 mDebye / A, RMSE_ALPHA_per_atom=    0.02, RMSE_ALPHA_DERIV=    1.92
2025-07-12 20:56:23.043 INFO: Epoch 776: head: Default, loss=0.5606, RMSE_MU_per_atom=0.00 mDebye, RMSE_MU_DERIV=0.00 mDebye / A, RMSE_ALPHA_per_atom=    0.02, RMSE_ALPHA_DERIV=    1.91
2025-07-12 20:57:15.423 INFO: Epoch 777: head: Default, loss=0.5614, RMSE_MU_per_atom=0.00 mDebye, RMSE_MU_DERIV=0.00 mDebye / A, RMSE_ALPHA_per_atom=    0.03, RMSE_ALPHA_DERIV=    1.91
2025-07-12 20:58:07.760 INFO: Epoch 778: head: Default, loss=0.5598, RMSE_MU_per_atom=0.00 mDebye, RMSE_MU_DERIV=0.00 mDebye / A, RMSE_ALPHA_per_atom=    0.02, RMSE_ALPHA_DERIV=    1.91
2025-07-12 20:59:00.142 INFO: Epoch 779: head: Default, loss=0.5593, RMSE_MU_per_atom=0.00 mDebye, RMSE_MU_DERIV=0.00 mDebye / A, RMSE_ALPHA_per_atom=    0.03, RMSE_ALPHA_DERIV=    1.91
2025-07-12 20:59:52.488 INFO: Epoch 780: head: Default, loss=0.5575, RMSE_MU_per_atom=0.00 mDebye, RMSE_MU_DERIV=0.00 mDebye / A, RMSE_ALPHA_per_atom=    0.03, RMSE_ALPHA_DERIV=    1.90
2025-07-12 21:00:44.852 INFO: Epoch 781: head: Default, loss=0.5638, RMSE_MU_per_atom=0.00 mDebye, RMSE_MU_DERIV=0.00 mDebye / A, RMSE_ALPHA_per_atom=    0.03, RMSE_ALPHA_DERIV=    1.92
2025-07-12 21:01:37.238 INFO: Epoch 782: head: Default, loss=0.5619, RMSE_MU_per_atom=0.00 mDebye, RMSE_MU_DERIV=0.00 mDebye / A, RMSE_ALPHA_per_atom=    0.03, RMSE_ALPHA_DERIV=    1.91
2025-07-12 21:02:29.608 INFO: Epoch 783: head: Default, loss=0.5588, RMSE_MU_per_atom=0.00 mDebye, RMSE_MU_DERIV=0.00 mDebye / A, RMSE_ALPHA_per_atom=    0.02, RMSE_ALPHA_DERIV=    1.91
2025-07-12 21:03:21.985 INFO: Epoch 784: head: Default, loss=0.5540, RMSE_MU_per_atom=0.00 mDebye, RMSE_MU_DERIV=0.00 mDebye / A, RMSE_ALPHA_per_atom=    0.02, RMSE_ALPHA_DERIV=    1.90
2025-07-12 21:04:14.294 INFO: Epoch 785: head: Default, loss=0.5595, RMSE_MU_per_atom=0.00 mDebye, RMSE_MU_DERIV=0.00 mDebye / A, RMSE_ALPHA_per_atom=    0.03, RMSE_ALPHA_DERIV=    1.91
2025-07-12 21:05:06.596 INFO: Epoch 786: head: Default, loss=0.5578, RMSE_MU_per_atom=0.00 mDebye, RMSE_MU_DERIV=0.00 mDebye / A, RMSE_ALPHA_per_atom=    0.02, RMSE_ALPHA_DERIV=    1.91
2025-07-12 21:05:58.949 INFO: Epoch 787: head: Default, loss=0.5606, RMSE_MU_per_atom=0.00 mDebye, RMSE_MU_DERIV=0.00 mDebye / A, RMSE_ALPHA_per_atom=    0.02, RMSE_ALPHA_DERIV=    1.91
2025-07-12 21:06:51.294 INFO: Epoch 788: head: Default, loss=0.5635, RMSE_MU_per_atom=0.00 mDebye, RMSE_MU_DERIV=0.00 mDebye / A, RMSE_ALPHA_per_atom=    0.03, RMSE_ALPHA_DERIV=    1.91
2025-07-12 21:07:43.653 INFO: Epoch 789: head: Default, loss=0.5647, RMSE_MU_per_atom=0.00 mDebye, RMSE_MU_DERIV=0.00 mDebye / A, RMSE_ALPHA_per_atom=    0.03, RMSE_ALPHA_DERIV=    1.92
2025-07-12 21:08:35.989 INFO: Epoch 790: head: Default, loss=0.5591, RMSE_MU_per_atom=0.00 mDebye, RMSE_MU_DERIV=0.00 mDebye / A, RMSE_ALPHA_per_atom=    0.02, RMSE_ALPHA_DERIV=    1.91
2025-07-12 21:09:28.375 INFO: Epoch 791: head: Default, loss=0.5604, RMSE_MU_per_atom=0.00 mDebye, RMSE_MU_DERIV=0.00 mDebye / A, RMSE_ALPHA_per_atom=    0.03, RMSE_ALPHA_DERIV=    1.91
2025-07-12 21:10:20.700 INFO: Epoch 792: head: Default, loss=0.5568, RMSE_MU_per_atom=0.00 mDebye, RMSE_MU_DERIV=0.00 mDebye / A, RMSE_ALPHA_per_atom=    0.03, RMSE_ALPHA_DERIV=    1.91
2025-07-12 21:11:12.972 INFO: Epoch 793: head: Default, loss=0.5610, RMSE_MU_per_atom=0.00 mDebye, RMSE_MU_DERIV=0.00 mDebye / A, RMSE_ALPHA_per_atom=    0.03, RMSE_ALPHA_DERIV=    1.91
2025-07-12 21:12:05.194 INFO: Epoch 794: head: Default, loss=0.5617, RMSE_MU_per_atom=0.00 mDebye, RMSE_MU_DERIV=0.00 mDebye / A, RMSE_ALPHA_per_atom=    0.03, RMSE_ALPHA_DERIV=    1.92
2025-07-12 21:12:57.447 INFO: Epoch 795: head: Default, loss=0.5630, RMSE_MU_per_atom=0.00 mDebye, RMSE_MU_DERIV=0.00 mDebye / A, RMSE_ALPHA_per_atom=    0.03, RMSE_ALPHA_DERIV=    1.91
2025-07-12 21:13:49.669 INFO: Epoch 796: head: Default, loss=0.5635, RMSE_MU_per_atom=0.00 mDebye, RMSE_MU_DERIV=0.00 mDebye / A, RMSE_ALPHA_per_atom=    0.03, RMSE_ALPHA_DERIV=    1.91
2025-07-12 21:14:41.977 INFO: Epoch 797: head: Default, loss=0.5603, RMSE_MU_per_atom=0.00 mDebye, RMSE_MU_DERIV=0.00 mDebye / A, RMSE_ALPHA_per_atom=    0.03, RMSE_ALPHA_DERIV=    1.91
2025-07-12 21:15:34.242 INFO: Epoch 798: head: Default, loss=0.5620, RMSE_MU_per_atom=0.00 mDebye, RMSE_MU_DERIV=0.00 mDebye / A, RMSE_ALPHA_per_atom=    0.03, RMSE_ALPHA_DERIV=    1.91
2025-07-12 21:16:26.477 INFO: Epoch 799: head: Default, loss=0.5612, RMSE_MU_per_atom=0.00 mDebye, RMSE_MU_DERIV=0.00 mDebye / A, RMSE_ALPHA_per_atom=    0.03, RMSE_ALPHA_DERIV=    1.91
2025-07-12 21:17:18.783 INFO: Epoch 800: head: Default, loss=0.5626, RMSE_MU_per_atom=0.00 mDebye, RMSE_MU_DERIV=0.00 mDebye / A, RMSE_ALPHA_per_atom=    0.03, RMSE_ALPHA_DERIV=    1.91
2025-07-12 21:18:11.149 INFO: Epoch 801: head: Default, loss=0.5637, RMSE_MU_per_atom=0.00 mDebye, RMSE_MU_DERIV=0.00 mDebye / A, RMSE_ALPHA_per_atom=    0.03, RMSE_ALPHA_DERIV=    1.91
2025-07-12 21:19:03.509 INFO: Epoch 802: head: Default, loss=0.5608, RMSE_MU_per_atom=0.00 mDebye, RMSE_MU_DERIV=0.00 mDebye / A, RMSE_ALPHA_per_atom=    0.02, RMSE_ALPHA_DERIV=    1.91
2025-07-12 21:19:55.834 INFO: Epoch 803: head: Default, loss=0.5655, RMSE_MU_per_atom=0.00 mDebye, RMSE_MU_DERIV=0.00 mDebye / A, RMSE_ALPHA_per_atom=    0.02, RMSE_ALPHA_DERIV=    1.92
2025-07-12 21:20:48.046 INFO: Epoch 804: head: Default, loss=0.5623, RMSE_MU_per_atom=0.00 mDebye, RMSE_MU_DERIV=0.00 mDebye / A, RMSE_ALPHA_per_atom=    0.03, RMSE_ALPHA_DERIV=    1.91
2025-07-12 21:21:40.323 INFO: Epoch 805: head: Default, loss=0.5647, RMSE_MU_per_atom=0.00 mDebye, RMSE_MU_DERIV=0.00 mDebye / A, RMSE_ALPHA_per_atom=    0.03, RMSE_ALPHA_DERIV=    1.92
2025-07-12 21:22:32.657 INFO: Epoch 806: head: Default, loss=0.5655, RMSE_MU_per_atom=0.00 mDebye, RMSE_MU_DERIV=0.00 mDebye / A, RMSE_ALPHA_per_atom=    0.02, RMSE_ALPHA_DERIV=    1.92
2025-07-12 21:23:25.017 INFO: Epoch 807: head: Default, loss=0.5639, RMSE_MU_per_atom=0.00 mDebye, RMSE_MU_DERIV=0.00 mDebye / A, RMSE_ALPHA_per_atom=    0.03, RMSE_ALPHA_DERIV=    1.91
2025-07-12 21:24:17.368 INFO: Epoch 808: head: Default, loss=0.5574, RMSE_MU_per_atom=0.00 mDebye, RMSE_MU_DERIV=0.00 mDebye / A, RMSE_ALPHA_per_atom=    0.02, RMSE_ALPHA_DERIV=    1.91
2025-07-12 21:25:09.704 INFO: Epoch 809: head: Default, loss=0.5630, RMSE_MU_per_atom=0.00 mDebye, RMSE_MU_DERIV=0.00 mDebye / A, RMSE_ALPHA_per_atom=    0.03, RMSE_ALPHA_DERIV=    1.91
2025-07-12 21:26:02.035 INFO: Epoch 810: head: Default, loss=0.5632, RMSE_MU_per_atom=0.00 mDebye, RMSE_MU_DERIV=0.00 mDebye / A, RMSE_ALPHA_per_atom=    0.03, RMSE_ALPHA_DERIV=    1.91
2025-07-12 21:26:54.321 INFO: Epoch 811: head: Default, loss=0.5634, RMSE_MU_per_atom=0.00 mDebye, RMSE_MU_DERIV=0.00 mDebye / A, RMSE_ALPHA_per_atom=    0.02, RMSE_ALPHA_DERIV=    1.92
2025-07-12 21:27:46.509 INFO: Epoch 812: head: Default, loss=0.5589, RMSE_MU_per_atom=0.00 mDebye, RMSE_MU_DERIV=0.00 mDebye / A, RMSE_ALPHA_per_atom=    0.02, RMSE_ALPHA_DERIV=    1.91
2025-07-12 21:28:38.715 INFO: Epoch 813: head: Default, loss=0.5600, RMSE_MU_per_atom=0.00 mDebye, RMSE_MU_DERIV=0.00 mDebye / A, RMSE_ALPHA_per_atom=    0.02, RMSE_ALPHA_DERIV=    1.91
2025-07-12 21:29:31.009 INFO: Epoch 814: head: Default, loss=0.5587, RMSE_MU_per_atom=0.00 mDebye, RMSE_MU_DERIV=0.00 mDebye / A, RMSE_ALPHA_per_atom=    0.02, RMSE_ALPHA_DERIV=    1.91
2025-07-12 21:30:23.350 INFO: Epoch 815: head: Default, loss=0.5598, RMSE_MU_per_atom=0.00 mDebye, RMSE_MU_DERIV=0.00 mDebye / A, RMSE_ALPHA_per_atom=    0.03, RMSE_ALPHA_DERIV=    1.91
2025-07-12 21:31:15.660 INFO: Epoch 816: head: Default, loss=0.5626, RMSE_MU_per_atom=0.00 mDebye, RMSE_MU_DERIV=0.00 mDebye / A, RMSE_ALPHA_per_atom=    0.02, RMSE_ALPHA_DERIV=    1.92
2025-07-12 21:32:07.972 INFO: Epoch 817: head: Default, loss=0.5616, RMSE_MU_per_atom=0.00 mDebye, RMSE_MU_DERIV=0.00 mDebye / A, RMSE_ALPHA_per_atom=    0.03, RMSE_ALPHA_DERIV=    1.91
2025-07-12 21:33:00.259 INFO: Epoch 818: head: Default, loss=0.5600, RMSE_MU_per_atom=0.00 mDebye, RMSE_MU_DERIV=0.00 mDebye / A, RMSE_ALPHA_per_atom=    0.02, RMSE_ALPHA_DERIV=    1.91
2025-07-12 21:33:52.507 INFO: Epoch 819: head: Default, loss=0.5622, RMSE_MU_per_atom=0.00 mDebye, RMSE_MU_DERIV=0.00 mDebye / A, RMSE_ALPHA_per_atom=    0.03, RMSE_ALPHA_DERIV=    1.91
2025-07-12 21:34:44.788 INFO: Epoch 820: head: Default, loss=0.5617, RMSE_MU_per_atom=0.00 mDebye, RMSE_MU_DERIV=0.00 mDebye / A, RMSE_ALPHA_per_atom=    0.03, RMSE_ALPHA_DERIV=    1.91
2025-07-12 21:35:37.100 INFO: Epoch 821: head: Default, loss=0.5596, RMSE_MU_per_atom=0.00 mDebye, RMSE_MU_DERIV=0.00 mDebye / A, RMSE_ALPHA_per_atom=    0.02, RMSE_ALPHA_DERIV=    1.91
2025-07-12 21:36:29.458 INFO: Epoch 822: head: Default, loss=0.5596, RMSE_MU_per_atom=0.00 mDebye, RMSE_MU_DERIV=0.00 mDebye / A, RMSE_ALPHA_per_atom=    0.02, RMSE_ALPHA_DERIV=    1.91
2025-07-12 21:37:21.762 INFO: Epoch 823: head: Default, loss=0.5610, RMSE_MU_per_atom=0.00 mDebye, RMSE_MU_DERIV=0.00 mDebye / A, RMSE_ALPHA_per_atom=    0.02, RMSE_ALPHA_DERIV=    1.92
2025-07-12 21:38:14.077 INFO: Epoch 824: head: Default, loss=0.5636, RMSE_MU_per_atom=0.00 mDebye, RMSE_MU_DERIV=0.00 mDebye / A, RMSE_ALPHA_per_atom=    0.03, RMSE_ALPHA_DERIV=    1.92
2025-07-12 21:39:06.397 INFO: Epoch 825: head: Default, loss=0.5623, RMSE_MU_per_atom=0.00 mDebye, RMSE_MU_DERIV=0.00 mDebye / A, RMSE_ALPHA_per_atom=    0.02, RMSE_ALPHA_DERIV=    1.92
2025-07-12 21:39:58.708 INFO: Epoch 826: head: Default, loss=0.5598, RMSE_MU_per_atom=0.00 mDebye, RMSE_MU_DERIV=0.00 mDebye / A, RMSE_ALPHA_per_atom=    0.03, RMSE_ALPHA_DERIV=    1.91
2025-07-12 21:40:51.032 INFO: Epoch 827: head: Default, loss=0.5636, RMSE_MU_per_atom=0.00 mDebye, RMSE_MU_DERIV=0.00 mDebye / A, RMSE_ALPHA_per_atom=    0.03, RMSE_ALPHA_DERIV=    1.91
2025-07-12 21:41:43.276 INFO: Epoch 828: head: Default, loss=0.5587, RMSE_MU_per_atom=0.00 mDebye, RMSE_MU_DERIV=0.00 mDebye / A, RMSE_ALPHA_per_atom=    0.02, RMSE_ALPHA_DERIV=    1.91
2025-07-12 21:42:35.496 INFO: Epoch 829: head: Default, loss=0.5589, RMSE_MU_per_atom=0.00 mDebye, RMSE_MU_DERIV=0.00 mDebye / A, RMSE_ALPHA_per_atom=    0.02, RMSE_ALPHA_DERIV=    1.91
2025-07-12 21:43:27.670 INFO: Epoch 830: head: Default, loss=0.5608, RMSE_MU_per_atom=0.00 mDebye, RMSE_MU_DERIV=0.00 mDebye / A, RMSE_ALPHA_per_atom=    0.03, RMSE_ALPHA_DERIV=    1.91
2025-07-12 21:44:19.868 INFO: Epoch 831: head: Default, loss=0.5605, RMSE_MU_per_atom=0.00 mDebye, RMSE_MU_DERIV=0.00 mDebye / A, RMSE_ALPHA_per_atom=    0.03, RMSE_ALPHA_DERIV=    1.91
2025-07-12 21:45:12.058 INFO: Epoch 832: head: Default, loss=0.5609, RMSE_MU_per_atom=0.00 mDebye, RMSE_MU_DERIV=0.00 mDebye / A, RMSE_ALPHA_per_atom=    0.03, RMSE_ALPHA_DERIV=    1.91
2025-07-12 21:46:04.221 INFO: Epoch 833: head: Default, loss=0.5638, RMSE_MU_per_atom=0.00 mDebye, RMSE_MU_DERIV=0.00 mDebye / A, RMSE_ALPHA_per_atom=    0.03, RMSE_ALPHA_DERIV=    1.91
2025-07-12 21:46:56.363 INFO: Epoch 834: head: Default, loss=0.5614, RMSE_MU_per_atom=0.00 mDebye, RMSE_MU_DERIV=0.00 mDebye / A, RMSE_ALPHA_per_atom=    0.02, RMSE_ALPHA_DERIV=    1.91
2025-07-12 21:47:48.543 INFO: Epoch 835: head: Default, loss=0.5622, RMSE_MU_per_atom=0.00 mDebye, RMSE_MU_DERIV=0.00 mDebye / A, RMSE_ALPHA_per_atom=    0.03, RMSE_ALPHA_DERIV=    1.91
2025-07-12 21:48:40.783 INFO: Epoch 836: head: Default, loss=0.5672, RMSE_MU_per_atom=0.00 mDebye, RMSE_MU_DERIV=0.00 mDebye / A, RMSE_ALPHA_per_atom=    0.03, RMSE_ALPHA_DERIV=    1.92
2025-07-12 21:49:33.011 INFO: Epoch 837: head: Default, loss=0.5606, RMSE_MU_per_atom=0.00 mDebye, RMSE_MU_DERIV=0.00 mDebye / A, RMSE_ALPHA_per_atom=    0.03, RMSE_ALPHA_DERIV=    1.91
2025-07-12 21:50:25.208 INFO: Epoch 838: head: Default, loss=0.5617, RMSE_MU_per_atom=0.00 mDebye, RMSE_MU_DERIV=0.00 mDebye / A, RMSE_ALPHA_per_atom=    0.03, RMSE_ALPHA_DERIV=    1.91
2025-07-12 21:51:17.442 INFO: Epoch 839: head: Default, loss=0.5605, RMSE_MU_per_atom=0.00 mDebye, RMSE_MU_DERIV=0.00 mDebye / A, RMSE_ALPHA_per_atom=    0.02, RMSE_ALPHA_DERIV=    1.91
2025-07-12 21:52:09.688 INFO: Epoch 840: head: Default, loss=0.5614, RMSE_MU_per_atom=0.00 mDebye, RMSE_MU_DERIV=0.00 mDebye / A, RMSE_ALPHA_per_atom=    0.02, RMSE_ALPHA_DERIV=    1.92
2025-07-12 21:53:01.843 INFO: Epoch 841: head: Default, loss=0.5636, RMSE_MU_per_atom=0.00 mDebye, RMSE_MU_DERIV=0.00 mDebye / A, RMSE_ALPHA_per_atom=    0.02, RMSE_ALPHA_DERIV=    1.92
2025-07-12 21:53:54.018 INFO: Epoch 842: head: Default, loss=0.5629, RMSE_MU_per_atom=0.00 mDebye, RMSE_MU_DERIV=0.00 mDebye / A, RMSE_ALPHA_per_atom=    0.02, RMSE_ALPHA_DERIV=    1.92
2025-07-12 21:54:46.290 INFO: Epoch 843: head: Default, loss=0.5640, RMSE_MU_per_atom=0.00 mDebye, RMSE_MU_DERIV=0.00 mDebye / A, RMSE_ALPHA_per_atom=    0.02, RMSE_ALPHA_DERIV=    1.92
2025-07-12 21:55:38.503 INFO: Epoch 844: head: Default, loss=0.5623, RMSE_MU_per_atom=0.00 mDebye, RMSE_MU_DERIV=0.00 mDebye / A, RMSE_ALPHA_per_atom=    0.02, RMSE_ALPHA_DERIV=    1.92
2025-07-12 21:56:30.680 INFO: Epoch 845: head: Default, loss=0.5622, RMSE_MU_per_atom=0.00 mDebye, RMSE_MU_DERIV=0.00 mDebye / A, RMSE_ALPHA_per_atom=    0.03, RMSE_ALPHA_DERIV=    1.91
2025-07-12 21:57:22.933 INFO: Epoch 846: head: Default, loss=0.5628, RMSE_MU_per_atom=0.00 mDebye, RMSE_MU_DERIV=0.00 mDebye / A, RMSE_ALPHA_per_atom=    0.02, RMSE_ALPHA_DERIV=    1.92
2025-07-12 21:58:15.109 INFO: Epoch 847: head: Default, loss=0.5579, RMSE_MU_per_atom=0.00 mDebye, RMSE_MU_DERIV=0.00 mDebye / A, RMSE_ALPHA_per_atom=    0.02, RMSE_ALPHA_DERIV=    1.91
2025-07-12 21:59:07.319 INFO: Epoch 848: head: Default, loss=0.5637, RMSE_MU_per_atom=0.00 mDebye, RMSE_MU_DERIV=0.00 mDebye / A, RMSE_ALPHA_per_atom=    0.03, RMSE_ALPHA_DERIV=    1.91
2025-07-12 21:59:59.425 INFO: Epoch 849: head: Default, loss=0.5579, RMSE_MU_per_atom=0.00 mDebye, RMSE_MU_DERIV=0.00 mDebye / A, RMSE_ALPHA_per_atom=    0.02, RMSE_ALPHA_DERIV=    1.91
2025-07-12 22:00:51.597 INFO: Epoch 850: head: Default, loss=0.5597, RMSE_MU_per_atom=0.00 mDebye, RMSE_MU_DERIV=0.00 mDebye / A, RMSE_ALPHA_per_atom=    0.02, RMSE_ALPHA_DERIV=    1.91
2025-07-12 22:01:43.825 INFO: Epoch 851: head: Default, loss=0.5620, RMSE_MU_per_atom=0.00 mDebye, RMSE_MU_DERIV=0.00 mDebye / A, RMSE_ALPHA_per_atom=    0.02, RMSE_ALPHA_DERIV=    1.91
2025-07-12 22:02:35.995 INFO: Epoch 852: head: Default, loss=0.5638, RMSE_MU_per_atom=0.00 mDebye, RMSE_MU_DERIV=0.00 mDebye / A, RMSE_ALPHA_per_atom=    0.03, RMSE_ALPHA_DERIV=    1.91
2025-07-12 22:03:28.211 INFO: Epoch 853: head: Default, loss=0.5603, RMSE_MU_per_atom=0.00 mDebye, RMSE_MU_DERIV=0.00 mDebye / A, RMSE_ALPHA_per_atom=    0.02, RMSE_ALPHA_DERIV=    1.91
2025-07-12 22:04:20.435 INFO: Epoch 854: head: Default, loss=0.5629, RMSE_MU_per_atom=0.00 mDebye, RMSE_MU_DERIV=0.00 mDebye / A, RMSE_ALPHA_per_atom=    0.02, RMSE_ALPHA_DERIV=    1.91
2025-07-12 22:05:12.691 INFO: Epoch 855: head: Default, loss=0.5598, RMSE_MU_per_atom=0.00 mDebye, RMSE_MU_DERIV=0.00 mDebye / A, RMSE_ALPHA_per_atom=    0.03, RMSE_ALPHA_DERIV=    1.91
2025-07-12 22:06:04.939 INFO: Epoch 856: head: Default, loss=0.5604, RMSE_MU_per_atom=0.00 mDebye, RMSE_MU_DERIV=0.00 mDebye / A, RMSE_ALPHA_per_atom=    0.02, RMSE_ALPHA_DERIV=    1.91
2025-07-12 22:06:57.217 INFO: Epoch 857: head: Default, loss=0.5615, RMSE_MU_per_atom=0.00 mDebye, RMSE_MU_DERIV=0.00 mDebye / A, RMSE_ALPHA_per_atom=    0.03, RMSE_ALPHA_DERIV=    1.91
2025-07-12 22:07:49.535 INFO: Epoch 858: head: Default, loss=0.5604, RMSE_MU_per_atom=0.00 mDebye, RMSE_MU_DERIV=0.00 mDebye / A, RMSE_ALPHA_per_atom=    0.03, RMSE_ALPHA_DERIV=    1.91
2025-07-12 22:08:41.781 INFO: Epoch 859: head: Default, loss=0.5636, RMSE_MU_per_atom=0.00 mDebye, RMSE_MU_DERIV=0.00 mDebye / A, RMSE_ALPHA_per_atom=    0.03, RMSE_ALPHA_DERIV=    1.92
2025-07-12 22:09:34.089 INFO: Epoch 860: head: Default, loss=0.5590, RMSE_MU_per_atom=0.00 mDebye, RMSE_MU_DERIV=0.00 mDebye / A, RMSE_ALPHA_per_atom=    0.02, RMSE_ALPHA_DERIV=    1.91
2025-07-12 22:10:26.346 INFO: Epoch 861: head: Default, loss=0.5633, RMSE_MU_per_atom=0.00 mDebye, RMSE_MU_DERIV=0.00 mDebye / A, RMSE_ALPHA_per_atom=    0.02, RMSE_ALPHA_DERIV=    1.92
2025-07-12 22:11:18.553 INFO: Epoch 862: head: Default, loss=0.5600, RMSE_MU_per_atom=0.00 mDebye, RMSE_MU_DERIV=0.00 mDebye / A, RMSE_ALPHA_per_atom=    0.02, RMSE_ALPHA_DERIV=    1.91
2025-07-12 22:12:10.824 INFO: Epoch 863: head: Default, loss=0.5641, RMSE_MU_per_atom=0.00 mDebye, RMSE_MU_DERIV=0.00 mDebye / A, RMSE_ALPHA_per_atom=    0.03, RMSE_ALPHA_DERIV=    1.91
2025-07-12 22:13:03.069 INFO: Epoch 864: head: Default, loss=0.5600, RMSE_MU_per_atom=0.00 mDebye, RMSE_MU_DERIV=0.00 mDebye / A, RMSE_ALPHA_per_atom=    0.02, RMSE_ALPHA_DERIV=    1.91
2025-07-12 22:13:55.371 INFO: Epoch 865: head: Default, loss=0.5619, RMSE_MU_per_atom=0.00 mDebye, RMSE_MU_DERIV=0.00 mDebye / A, RMSE_ALPHA_per_atom=    0.02, RMSE_ALPHA_DERIV=    1.91
2025-07-12 22:14:47.620 INFO: Epoch 866: head: Default, loss=0.5631, RMSE_MU_per_atom=0.00 mDebye, RMSE_MU_DERIV=0.00 mDebye / A, RMSE_ALPHA_per_atom=    0.03, RMSE_ALPHA_DERIV=    1.92
2025-07-12 22:15:39.859 INFO: Epoch 867: head: Default, loss=0.5613, RMSE_MU_per_atom=0.00 mDebye, RMSE_MU_DERIV=0.00 mDebye / A, RMSE_ALPHA_per_atom=    0.03, RMSE_ALPHA_DERIV=    1.91
2025-07-12 22:16:32.138 INFO: Epoch 868: head: Default, loss=0.5614, RMSE_MU_per_atom=0.00 mDebye, RMSE_MU_DERIV=0.00 mDebye / A, RMSE_ALPHA_per_atom=    0.03, RMSE_ALPHA_DERIV=    1.91
2025-07-12 22:17:24.409 INFO: Epoch 869: head: Default, loss=0.5650, RMSE_MU_per_atom=0.00 mDebye, RMSE_MU_DERIV=0.00 mDebye / A, RMSE_ALPHA_per_atom=    0.03, RMSE_ALPHA_DERIV=    1.91
2025-07-12 22:18:16.657 INFO: Epoch 870: head: Default, loss=0.5607, RMSE_MU_per_atom=0.00 mDebye, RMSE_MU_DERIV=0.00 mDebye / A, RMSE_ALPHA_per_atom=    0.02, RMSE_ALPHA_DERIV=    1.91
2025-07-12 22:19:08.886 INFO: Epoch 871: head: Default, loss=0.5627, RMSE_MU_per_atom=0.00 mDebye, RMSE_MU_DERIV=0.00 mDebye / A, RMSE_ALPHA_per_atom=    0.03, RMSE_ALPHA_DERIV=    1.91
2025-07-12 22:20:01.097 INFO: Epoch 872: head: Default, loss=0.5616, RMSE_MU_per_atom=0.00 mDebye, RMSE_MU_DERIV=0.00 mDebye / A, RMSE_ALPHA_per_atom=    0.02, RMSE_ALPHA_DERIV=    1.91
2025-07-12 22:20:53.326 INFO: Epoch 873: head: Default, loss=0.5581, RMSE_MU_per_atom=0.00 mDebye, RMSE_MU_DERIV=0.00 mDebye / A, RMSE_ALPHA_per_atom=    0.02, RMSE_ALPHA_DERIV=    1.91
2025-07-12 22:21:45.509 INFO: Epoch 874: head: Default, loss=0.5623, RMSE_MU_per_atom=0.00 mDebye, RMSE_MU_DERIV=0.00 mDebye / A, RMSE_ALPHA_per_atom=    0.03, RMSE_ALPHA_DERIV=    1.91
2025-07-12 22:22:37.668 INFO: Epoch 875: head: Default, loss=0.5605, RMSE_MU_per_atom=0.00 mDebye, RMSE_MU_DERIV=0.00 mDebye / A, RMSE_ALPHA_per_atom=    0.03, RMSE_ALPHA_DERIV=    1.91
2025-07-12 22:23:29.790 INFO: Epoch 876: head: Default, loss=0.5613, RMSE_MU_per_atom=0.00 mDebye, RMSE_MU_DERIV=0.00 mDebye / A, RMSE_ALPHA_per_atom=    0.02, RMSE_ALPHA_DERIV=    1.91
2025-07-12 22:24:22.120 INFO: Epoch 877: head: Default, loss=0.5595, RMSE_MU_per_atom=0.00 mDebye, RMSE_MU_DERIV=0.00 mDebye / A, RMSE_ALPHA_per_atom=    0.03, RMSE_ALPHA_DERIV=    1.91
2025-07-12 22:25:14.418 INFO: Epoch 878: head: Default, loss=0.5607, RMSE_MU_per_atom=0.00 mDebye, RMSE_MU_DERIV=0.00 mDebye / A, RMSE_ALPHA_per_atom=    0.03, RMSE_ALPHA_DERIV=    1.91
2025-07-12 22:26:06.740 INFO: Epoch 879: head: Default, loss=0.5646, RMSE_MU_per_atom=0.00 mDebye, RMSE_MU_DERIV=0.00 mDebye / A, RMSE_ALPHA_per_atom=    0.02, RMSE_ALPHA_DERIV=    1.91
2025-07-12 22:26:58.959 INFO: Epoch 880: head: Default, loss=0.5624, RMSE_MU_per_atom=0.00 mDebye, RMSE_MU_DERIV=0.00 mDebye / A, RMSE_ALPHA_per_atom=    0.02, RMSE_ALPHA_DERIV=    1.91
2025-07-12 22:27:51.230 INFO: Epoch 881: head: Default, loss=0.5608, RMSE_MU_per_atom=0.00 mDebye, RMSE_MU_DERIV=0.00 mDebye / A, RMSE_ALPHA_per_atom=    0.02, RMSE_ALPHA_DERIV=    1.91
2025-07-12 22:28:43.456 INFO: Epoch 882: head: Default, loss=0.5655, RMSE_MU_per_atom=0.00 mDebye, RMSE_MU_DERIV=0.00 mDebye / A, RMSE_ALPHA_per_atom=    0.03, RMSE_ALPHA_DERIV=    1.91
2025-07-12 22:29:35.704 INFO: Epoch 883: head: Default, loss=0.5620, RMSE_MU_per_atom=0.00 mDebye, RMSE_MU_DERIV=0.00 mDebye / A, RMSE_ALPHA_per_atom=    0.02, RMSE_ALPHA_DERIV=    1.92
2025-07-12 22:30:28.039 INFO: Epoch 884: head: Default, loss=0.5661, RMSE_MU_per_atom=0.00 mDebye, RMSE_MU_DERIV=0.00 mDebye / A, RMSE_ALPHA_per_atom=    0.03, RMSE_ALPHA_DERIV=    1.92
2025-07-12 22:31:20.245 INFO: Epoch 885: head: Default, loss=0.5689, RMSE_MU_per_atom=0.00 mDebye, RMSE_MU_DERIV=0.00 mDebye / A, RMSE_ALPHA_per_atom=    0.03, RMSE_ALPHA_DERIV=    1.92
2025-07-12 22:32:12.420 INFO: Epoch 886: head: Default, loss=0.5608, RMSE_MU_per_atom=0.00 mDebye, RMSE_MU_DERIV=0.00 mDebye / A, RMSE_ALPHA_per_atom=    0.03, RMSE_ALPHA_DERIV=    1.91
2025-07-12 22:33:04.587 INFO: Epoch 887: head: Default, loss=0.5618, RMSE_MU_per_atom=0.00 mDebye, RMSE_MU_DERIV=0.00 mDebye / A, RMSE_ALPHA_per_atom=    0.03, RMSE_ALPHA_DERIV=    1.91
2025-07-12 22:33:56.737 INFO: Epoch 888: head: Default, loss=0.5651, RMSE_MU_per_atom=0.00 mDebye, RMSE_MU_DERIV=0.00 mDebye / A, RMSE_ALPHA_per_atom=    0.03, RMSE_ALPHA_DERIV=    1.92
2025-07-12 22:34:48.944 INFO: Epoch 889: head: Default, loss=0.5626, RMSE_MU_per_atom=0.00 mDebye, RMSE_MU_DERIV=0.00 mDebye / A, RMSE_ALPHA_per_atom=    0.03, RMSE_ALPHA_DERIV=    1.92
2025-07-12 22:35:41.202 INFO: Epoch 890: head: Default, loss=0.5626, RMSE_MU_per_atom=0.00 mDebye, RMSE_MU_DERIV=0.00 mDebye / A, RMSE_ALPHA_per_atom=    0.03, RMSE_ALPHA_DERIV=    1.91
2025-07-12 22:36:33.509 INFO: Epoch 891: head: Default, loss=0.5641, RMSE_MU_per_atom=0.00 mDebye, RMSE_MU_DERIV=0.00 mDebye / A, RMSE_ALPHA_per_atom=    0.03, RMSE_ALPHA_DERIV=    1.92
2025-07-12 22:37:25.874 INFO: Epoch 892: head: Default, loss=0.5637, RMSE_MU_per_atom=0.00 mDebye, RMSE_MU_DERIV=0.00 mDebye / A, RMSE_ALPHA_per_atom=    0.03, RMSE_ALPHA_DERIV=    1.91
2025-07-12 22:38:18.244 INFO: Epoch 893: head: Default, loss=0.5617, RMSE_MU_per_atom=0.00 mDebye, RMSE_MU_DERIV=0.00 mDebye / A, RMSE_ALPHA_per_atom=    0.02, RMSE_ALPHA_DERIV=    1.92
2025-07-12 22:39:10.595 INFO: Epoch 894: head: Default, loss=0.5605, RMSE_MU_per_atom=0.00 mDebye, RMSE_MU_DERIV=0.00 mDebye / A, RMSE_ALPHA_per_atom=    0.02, RMSE_ALPHA_DERIV=    1.91
2025-07-12 22:40:02.940 INFO: Epoch 895: head: Default, loss=0.5631, RMSE_MU_per_atom=0.00 mDebye, RMSE_MU_DERIV=0.00 mDebye / A, RMSE_ALPHA_per_atom=    0.02, RMSE_ALPHA_DERIV=    1.91
2025-07-12 22:40:55.319 INFO: Epoch 896: head: Default, loss=0.5616, RMSE_MU_per_atom=0.00 mDebye, RMSE_MU_DERIV=0.00 mDebye / A, RMSE_ALPHA_per_atom=    0.02, RMSE_ALPHA_DERIV=    1.91
2025-07-12 22:41:47.624 INFO: Epoch 897: head: Default, loss=0.5620, RMSE_MU_per_atom=0.00 mDebye, RMSE_MU_DERIV=0.00 mDebye / A, RMSE_ALPHA_per_atom=    0.03, RMSE_ALPHA_DERIV=    1.91
2025-07-12 22:42:39.947 INFO: Epoch 898: head: Default, loss=0.5593, RMSE_MU_per_atom=0.00 mDebye, RMSE_MU_DERIV=0.00 mDebye / A, RMSE_ALPHA_per_atom=    0.03, RMSE_ALPHA_DERIV=    1.91
2025-07-12 22:43:32.223 INFO: Epoch 899: head: Default, loss=0.5634, RMSE_MU_per_atom=0.00 mDebye, RMSE_MU_DERIV=0.00 mDebye / A, RMSE_ALPHA_per_atom=    0.03, RMSE_ALPHA_DERIV=    1.92
2025-07-12 22:44:24.521 INFO: Epoch 900: head: Default, loss=0.5638, RMSE_MU_per_atom=0.00 mDebye, RMSE_MU_DERIV=0.00 mDebye / A, RMSE_ALPHA_per_atom=    0.02, RMSE_ALPHA_DERIV=    1.92
2025-07-12 22:45:16.829 INFO: Epoch 901: head: Default, loss=0.5638, RMSE_MU_per_atom=0.00 mDebye, RMSE_MU_DERIV=0.00 mDebye / A, RMSE_ALPHA_per_atom=    0.03, RMSE_ALPHA_DERIV=    1.92
2025-07-12 22:46:09.144 INFO: Epoch 902: head: Default, loss=0.5641, RMSE_MU_per_atom=0.00 mDebye, RMSE_MU_DERIV=0.00 mDebye / A, RMSE_ALPHA_per_atom=    0.02, RMSE_ALPHA_DERIV=    1.92
2025-07-12 22:47:01.350 INFO: Epoch 903: head: Default, loss=0.5636, RMSE_MU_per_atom=0.00 mDebye, RMSE_MU_DERIV=0.00 mDebye / A, RMSE_ALPHA_per_atom=    0.03, RMSE_ALPHA_DERIV=    1.91
2025-07-12 22:47:53.589 INFO: Epoch 904: head: Default, loss=0.5622, RMSE_MU_per_atom=0.00 mDebye, RMSE_MU_DERIV=0.00 mDebye / A, RMSE_ALPHA_per_atom=    0.02, RMSE_ALPHA_DERIV=    1.91
2025-07-12 22:48:45.813 INFO: Epoch 905: head: Default, loss=0.5607, RMSE_MU_per_atom=0.00 mDebye, RMSE_MU_DERIV=0.00 mDebye / A, RMSE_ALPHA_per_atom=    0.03, RMSE_ALPHA_DERIV=    1.91
2025-07-12 22:49:38.033 INFO: Epoch 906: head: Default, loss=0.5592, RMSE_MU_per_atom=0.00 mDebye, RMSE_MU_DERIV=0.00 mDebye / A, RMSE_ALPHA_per_atom=    0.02, RMSE_ALPHA_DERIV=    1.91
2025-07-12 22:50:30.324 INFO: Epoch 907: head: Default, loss=0.5630, RMSE_MU_per_atom=0.00 mDebye, RMSE_MU_DERIV=0.00 mDebye / A, RMSE_ALPHA_per_atom=    0.03, RMSE_ALPHA_DERIV=    1.92
2025-07-12 22:51:22.637 INFO: Epoch 908: head: Default, loss=0.5634, RMSE_MU_per_atom=0.00 mDebye, RMSE_MU_DERIV=0.00 mDebye / A, RMSE_ALPHA_per_atom=    0.03, RMSE_ALPHA_DERIV=    1.92
2025-07-12 22:52:14.912 INFO: Epoch 909: head: Default, loss=0.5637, RMSE_MU_per_atom=0.00 mDebye, RMSE_MU_DERIV=0.00 mDebye / A, RMSE_ALPHA_per_atom=    0.03, RMSE_ALPHA_DERIV=    1.91
2025-07-12 22:53:07.261 INFO: Epoch 910: head: Default, loss=0.5625, RMSE_MU_per_atom=0.00 mDebye, RMSE_MU_DERIV=0.00 mDebye / A, RMSE_ALPHA_per_atom=    0.02, RMSE_ALPHA_DERIV=    1.91
2025-07-12 22:53:59.596 INFO: Epoch 911: head: Default, loss=0.5606, RMSE_MU_per_atom=0.00 mDebye, RMSE_MU_DERIV=0.00 mDebye / A, RMSE_ALPHA_per_atom=    0.02, RMSE_ALPHA_DERIV=    1.91
2025-07-12 22:54:51.844 INFO: Epoch 912: head: Default, loss=0.5633, RMSE_MU_per_atom=0.00 mDebye, RMSE_MU_DERIV=0.00 mDebye / A, RMSE_ALPHA_per_atom=    0.03, RMSE_ALPHA_DERIV=    1.91
2025-07-12 22:55:44.165 INFO: Epoch 913: head: Default, loss=0.5628, RMSE_MU_per_atom=0.00 mDebye, RMSE_MU_DERIV=0.00 mDebye / A, RMSE_ALPHA_per_atom=    0.02, RMSE_ALPHA_DERIV=    1.91
2025-07-12 22:56:36.502 INFO: Epoch 914: head: Default, loss=0.5621, RMSE_MU_per_atom=0.00 mDebye, RMSE_MU_DERIV=0.00 mDebye / A, RMSE_ALPHA_per_atom=    0.02, RMSE_ALPHA_DERIV=    1.91
2025-07-12 22:57:28.815 INFO: Epoch 915: head: Default, loss=0.5634, RMSE_MU_per_atom=0.00 mDebye, RMSE_MU_DERIV=0.00 mDebye / A, RMSE_ALPHA_per_atom=    0.03, RMSE_ALPHA_DERIV=    1.91
2025-07-12 22:58:21.116 INFO: Epoch 916: head: Default, loss=0.5595, RMSE_MU_per_atom=0.00 mDebye, RMSE_MU_DERIV=0.00 mDebye / A, RMSE_ALPHA_per_atom=    0.02, RMSE_ALPHA_DERIV=    1.91
2025-07-12 22:59:13.334 INFO: Epoch 917: head: Default, loss=0.5620, RMSE_MU_per_atom=0.00 mDebye, RMSE_MU_DERIV=0.00 mDebye / A, RMSE_ALPHA_per_atom=    0.03, RMSE_ALPHA_DERIV=    1.91
2025-07-12 23:00:05.624 INFO: Epoch 918: head: Default, loss=0.5630, RMSE_MU_per_atom=0.00 mDebye, RMSE_MU_DERIV=0.00 mDebye / A, RMSE_ALPHA_per_atom=    0.03, RMSE_ALPHA_DERIV=    1.91
2025-07-12 23:00:57.907 INFO: Epoch 919: head: Default, loss=0.5602, RMSE_MU_per_atom=0.00 mDebye, RMSE_MU_DERIV=0.00 mDebye / A, RMSE_ALPHA_per_atom=    0.03, RMSE_ALPHA_DERIV=    1.91
2025-07-12 23:01:50.106 INFO: Epoch 920: head: Default, loss=0.5627, RMSE_MU_per_atom=0.00 mDebye, RMSE_MU_DERIV=0.00 mDebye / A, RMSE_ALPHA_per_atom=    0.03, RMSE_ALPHA_DERIV=    1.91
2025-07-12 23:02:42.387 INFO: Epoch 921: head: Default, loss=0.5609, RMSE_MU_per_atom=0.00 mDebye, RMSE_MU_DERIV=0.00 mDebye / A, RMSE_ALPHA_per_atom=    0.03, RMSE_ALPHA_DERIV=    1.91
2025-07-12 23:03:34.531 INFO: Epoch 922: head: Default, loss=0.5619, RMSE_MU_per_atom=0.00 mDebye, RMSE_MU_DERIV=0.00 mDebye / A, RMSE_ALPHA_per_atom=    0.02, RMSE_ALPHA_DERIV=    1.91
2025-07-12 23:04:26.660 INFO: Epoch 923: head: Default, loss=0.5595, RMSE_MU_per_atom=0.00 mDebye, RMSE_MU_DERIV=0.00 mDebye / A, RMSE_ALPHA_per_atom=    0.02, RMSE_ALPHA_DERIV=    1.91
2025-07-12 23:05:18.819 INFO: Epoch 924: head: Default, loss=0.5615, RMSE_MU_per_atom=0.00 mDebye, RMSE_MU_DERIV=0.00 mDebye / A, RMSE_ALPHA_per_atom=    0.02, RMSE_ALPHA_DERIV=    1.91
2025-07-12 23:06:10.892 INFO: Epoch 925: head: Default, loss=0.5572, RMSE_MU_per_atom=0.00 mDebye, RMSE_MU_DERIV=0.00 mDebye / A, RMSE_ALPHA_per_atom=    0.03, RMSE_ALPHA_DERIV=    1.91
2025-07-12 23:07:03.007 INFO: Epoch 926: head: Default, loss=0.5598, RMSE_MU_per_atom=0.00 mDebye, RMSE_MU_DERIV=0.00 mDebye / A, RMSE_ALPHA_per_atom=    0.02, RMSE_ALPHA_DERIV=    1.91
2025-07-12 23:07:55.180 INFO: Epoch 927: head: Default, loss=0.5629, RMSE_MU_per_atom=0.00 mDebye, RMSE_MU_DERIV=0.00 mDebye / A, RMSE_ALPHA_per_atom=    0.02, RMSE_ALPHA_DERIV=    1.92
2025-07-12 23:08:47.487 INFO: Epoch 928: head: Default, loss=0.5618, RMSE_MU_per_atom=0.00 mDebye, RMSE_MU_DERIV=0.00 mDebye / A, RMSE_ALPHA_per_atom=    0.02, RMSE_ALPHA_DERIV=    1.91
2025-07-12 23:09:39.696 INFO: Epoch 929: head: Default, loss=0.5617, RMSE_MU_per_atom=0.00 mDebye, RMSE_MU_DERIV=0.00 mDebye / A, RMSE_ALPHA_per_atom=    0.02, RMSE_ALPHA_DERIV=    1.92
2025-07-12 23:10:31.842 INFO: Epoch 930: head: Default, loss=0.5623, RMSE_MU_per_atom=0.00 mDebye, RMSE_MU_DERIV=0.00 mDebye / A, RMSE_ALPHA_per_atom=    0.03, RMSE_ALPHA_DERIV=    1.91
2025-07-12 23:11:23.989 INFO: Epoch 931: head: Default, loss=0.5622, RMSE_MU_per_atom=0.00 mDebye, RMSE_MU_DERIV=0.00 mDebye / A, RMSE_ALPHA_per_atom=    0.02, RMSE_ALPHA_DERIV=    1.92
2025-07-12 23:12:16.131 INFO: Epoch 932: head: Default, loss=0.5613, RMSE_MU_per_atom=0.00 mDebye, RMSE_MU_DERIV=0.00 mDebye / A, RMSE_ALPHA_per_atom=    0.02, RMSE_ALPHA_DERIV=    1.91
2025-07-12 23:13:08.313 INFO: Epoch 933: head: Default, loss=0.5645, RMSE_MU_per_atom=0.00 mDebye, RMSE_MU_DERIV=0.00 mDebye / A, RMSE_ALPHA_per_atom=    0.03, RMSE_ALPHA_DERIV=    1.92
2025-07-12 23:14:00.581 INFO: Epoch 934: head: Default, loss=0.5627, RMSE_MU_per_atom=0.00 mDebye, RMSE_MU_DERIV=0.00 mDebye / A, RMSE_ALPHA_per_atom=    0.02, RMSE_ALPHA_DERIV=    1.92
2025-07-12 23:14:52.860 INFO: Epoch 935: head: Default, loss=0.5644, RMSE_MU_per_atom=0.00 mDebye, RMSE_MU_DERIV=0.00 mDebye / A, RMSE_ALPHA_per_atom=    0.03, RMSE_ALPHA_DERIV=    1.91
2025-07-12 23:15:45.098 INFO: Epoch 936: head: Default, loss=0.5614, RMSE_MU_per_atom=0.00 mDebye, RMSE_MU_DERIV=0.00 mDebye / A, RMSE_ALPHA_per_atom=    0.03, RMSE_ALPHA_DERIV=    1.91
2025-07-12 23:16:37.344 INFO: Epoch 937: head: Default, loss=0.5596, RMSE_MU_per_atom=0.00 mDebye, RMSE_MU_DERIV=0.00 mDebye / A, RMSE_ALPHA_per_atom=    0.02, RMSE_ALPHA_DERIV=    1.91
2025-07-12 23:17:29.511 INFO: Epoch 938: head: Default, loss=0.5632, RMSE_MU_per_atom=0.00 mDebye, RMSE_MU_DERIV=0.00 mDebye / A, RMSE_ALPHA_per_atom=    0.02, RMSE_ALPHA_DERIV=    1.92
2025-07-12 23:18:21.626 INFO: Epoch 939: head: Default, loss=0.5613, RMSE_MU_per_atom=0.00 mDebye, RMSE_MU_DERIV=0.00 mDebye / A, RMSE_ALPHA_per_atom=    0.03, RMSE_ALPHA_DERIV=    1.91
2025-07-12 23:19:13.898 INFO: Epoch 940: head: Default, loss=0.5626, RMSE_MU_per_atom=0.00 mDebye, RMSE_MU_DERIV=0.00 mDebye / A, RMSE_ALPHA_per_atom=    0.02, RMSE_ALPHA_DERIV=    1.92
2025-07-12 23:20:06.147 INFO: Epoch 941: head: Default, loss=0.5615, RMSE_MU_per_atom=0.00 mDebye, RMSE_MU_DERIV=0.00 mDebye / A, RMSE_ALPHA_per_atom=    0.03, RMSE_ALPHA_DERIV=    1.91
2025-07-12 23:20:58.366 INFO: Epoch 942: head: Default, loss=0.5643, RMSE_MU_per_atom=0.00 mDebye, RMSE_MU_DERIV=0.00 mDebye / A, RMSE_ALPHA_per_atom=    0.03, RMSE_ALPHA_DERIV=    1.92
2025-07-12 23:21:50.648 INFO: Epoch 943: head: Default, loss=0.5638, RMSE_MU_per_atom=0.00 mDebye, RMSE_MU_DERIV=0.00 mDebye / A, RMSE_ALPHA_per_atom=    0.02, RMSE_ALPHA_DERIV=    1.92
2025-07-12 23:22:42.974 INFO: Epoch 944: head: Default, loss=0.5614, RMSE_MU_per_atom=0.00 mDebye, RMSE_MU_DERIV=0.00 mDebye / A, RMSE_ALPHA_per_atom=    0.02, RMSE_ALPHA_DERIV=    1.91
2025-07-12 23:23:35.260 INFO: Epoch 945: head: Default, loss=0.5609, RMSE_MU_per_atom=0.00 mDebye, RMSE_MU_DERIV=0.00 mDebye / A, RMSE_ALPHA_per_atom=    0.03, RMSE_ALPHA_DERIV=    1.91
2025-07-12 23:24:27.579 INFO: Epoch 946: head: Default, loss=0.5628, RMSE_MU_per_atom=0.00 mDebye, RMSE_MU_DERIV=0.00 mDebye / A, RMSE_ALPHA_per_atom=    0.02, RMSE_ALPHA_DERIV=    1.92
2025-07-12 23:25:19.953 INFO: Epoch 947: head: Default, loss=0.5637, RMSE_MU_per_atom=0.00 mDebye, RMSE_MU_DERIV=0.00 mDebye / A, RMSE_ALPHA_per_atom=    0.03, RMSE_ALPHA_DERIV=    1.91
2025-07-12 23:26:12.326 INFO: Epoch 948: head: Default, loss=0.5627, RMSE_MU_per_atom=0.00 mDebye, RMSE_MU_DERIV=0.00 mDebye / A, RMSE_ALPHA_per_atom=    0.02, RMSE_ALPHA_DERIV=    1.92
2025-07-12 23:27:04.546 INFO: Epoch 949: head: Default, loss=0.5621, RMSE_MU_per_atom=0.00 mDebye, RMSE_MU_DERIV=0.00 mDebye / A, RMSE_ALPHA_per_atom=    0.02, RMSE_ALPHA_DERIV=    1.91
2025-07-12 23:27:56.810 INFO: Epoch 950: head: Default, loss=0.5637, RMSE_MU_per_atom=0.00 mDebye, RMSE_MU_DERIV=0.00 mDebye / A, RMSE_ALPHA_per_atom=    0.02, RMSE_ALPHA_DERIV=    1.92
2025-07-12 23:28:49.156 INFO: Epoch 951: head: Default, loss=0.5641, RMSE_MU_per_atom=0.00 mDebye, RMSE_MU_DERIV=0.00 mDebye / A, RMSE_ALPHA_per_atom=    0.03, RMSE_ALPHA_DERIV=    1.92
2025-07-12 23:29:41.508 INFO: Epoch 952: head: Default, loss=0.5612, RMSE_MU_per_atom=0.00 mDebye, RMSE_MU_DERIV=0.00 mDebye / A, RMSE_ALPHA_per_atom=    0.02, RMSE_ALPHA_DERIV=    1.92
2025-07-12 23:30:33.761 INFO: Epoch 953: head: Default, loss=0.5617, RMSE_MU_per_atom=0.00 mDebye, RMSE_MU_DERIV=0.00 mDebye / A, RMSE_ALPHA_per_atom=    0.03, RMSE_ALPHA_DERIV=    1.91
2025-07-12 23:31:26.072 INFO: Epoch 954: head: Default, loss=0.5626, RMSE_MU_per_atom=0.00 mDebye, RMSE_MU_DERIV=0.00 mDebye / A, RMSE_ALPHA_per_atom=    0.02, RMSE_ALPHA_DERIV=    1.91
2025-07-12 23:32:18.419 INFO: Epoch 955: head: Default, loss=0.5632, RMSE_MU_per_atom=0.00 mDebye, RMSE_MU_DERIV=0.00 mDebye / A, RMSE_ALPHA_per_atom=    0.03, RMSE_ALPHA_DERIV=    1.91
2025-07-12 23:33:10.703 INFO: Epoch 956: head: Default, loss=0.5605, RMSE_MU_per_atom=0.00 mDebye, RMSE_MU_DERIV=0.00 mDebye / A, RMSE_ALPHA_per_atom=    0.02, RMSE_ALPHA_DERIV=    1.91
2025-07-12 23:34:03.000 INFO: Epoch 957: head: Default, loss=0.5623, RMSE_MU_per_atom=0.00 mDebye, RMSE_MU_DERIV=0.00 mDebye / A, RMSE_ALPHA_per_atom=    0.02, RMSE_ALPHA_DERIV=    1.91
2025-07-12 23:34:55.307 INFO: Epoch 958: head: Default, loss=0.5629, RMSE_MU_per_atom=0.00 mDebye, RMSE_MU_DERIV=0.00 mDebye / A, RMSE_ALPHA_per_atom=    0.02, RMSE_ALPHA_DERIV=    1.91
2025-07-12 23:35:47.591 INFO: Epoch 959: head: Default, loss=0.5638, RMSE_MU_per_atom=0.00 mDebye, RMSE_MU_DERIV=0.00 mDebye / A, RMSE_ALPHA_per_atom=    0.02, RMSE_ALPHA_DERIV=    1.91
2025-07-12 23:36:39.901 INFO: Epoch 960: head: Default, loss=0.5607, RMSE_MU_per_atom=0.00 mDebye, RMSE_MU_DERIV=0.00 mDebye / A, RMSE_ALPHA_per_atom=    0.02, RMSE_ALPHA_DERIV=    1.91
2025-07-12 23:37:32.235 INFO: Epoch 961: head: Default, loss=0.5618, RMSE_MU_per_atom=0.00 mDebye, RMSE_MU_DERIV=0.00 mDebye / A, RMSE_ALPHA_per_atom=    0.02, RMSE_ALPHA_DERIV=    1.92
2025-07-12 23:38:24.538 INFO: Epoch 962: head: Default, loss=0.5625, RMSE_MU_per_atom=0.00 mDebye, RMSE_MU_DERIV=0.00 mDebye / A, RMSE_ALPHA_per_atom=    0.03, RMSE_ALPHA_DERIV=    1.91
2025-07-12 23:39:16.874 INFO: Epoch 963: head: Default, loss=0.5620, RMSE_MU_per_atom=0.00 mDebye, RMSE_MU_DERIV=0.00 mDebye / A, RMSE_ALPHA_per_atom=    0.02, RMSE_ALPHA_DERIV=    1.91
2025-07-12 23:40:09.197 INFO: Epoch 964: head: Default, loss=0.5599, RMSE_MU_per_atom=0.00 mDebye, RMSE_MU_DERIV=0.00 mDebye / A, RMSE_ALPHA_per_atom=    0.02, RMSE_ALPHA_DERIV=    1.91
2025-07-12 23:41:01.464 INFO: Epoch 965: head: Default, loss=0.5616, RMSE_MU_per_atom=0.00 mDebye, RMSE_MU_DERIV=0.00 mDebye / A, RMSE_ALPHA_per_atom=    0.03, RMSE_ALPHA_DERIV=    1.91
2025-07-12 23:41:53.750 INFO: Epoch 966: head: Default, loss=0.5625, RMSE_MU_per_atom=0.00 mDebye, RMSE_MU_DERIV=0.00 mDebye / A, RMSE_ALPHA_per_atom=    0.02, RMSE_ALPHA_DERIV=    1.92
2025-07-12 23:42:46.063 INFO: Epoch 967: head: Default, loss=0.5613, RMSE_MU_per_atom=0.00 mDebye, RMSE_MU_DERIV=0.00 mDebye / A, RMSE_ALPHA_per_atom=    0.02, RMSE_ALPHA_DERIV=    1.91
2025-07-12 23:43:38.326 INFO: Epoch 968: head: Default, loss=0.5634, RMSE_MU_per_atom=0.00 mDebye, RMSE_MU_DERIV=0.00 mDebye / A, RMSE_ALPHA_per_atom=    0.02, RMSE_ALPHA_DERIV=    1.91
2025-07-12 23:44:30.655 INFO: Epoch 969: head: Default, loss=0.5610, RMSE_MU_per_atom=0.00 mDebye, RMSE_MU_DERIV=0.00 mDebye / A, RMSE_ALPHA_per_atom=    0.02, RMSE_ALPHA_DERIV=    1.91
2025-07-12 23:45:22.982 INFO: Epoch 970: head: Default, loss=0.5615, RMSE_MU_per_atom=0.00 mDebye, RMSE_MU_DERIV=0.00 mDebye / A, RMSE_ALPHA_per_atom=    0.03, RMSE_ALPHA_DERIV=    1.91
2025-07-12 23:46:15.301 INFO: Epoch 971: head: Default, loss=0.5626, RMSE_MU_per_atom=0.00 mDebye, RMSE_MU_DERIV=0.00 mDebye / A, RMSE_ALPHA_per_atom=    0.02, RMSE_ALPHA_DERIV=    1.91
2025-07-12 23:47:07.687 INFO: Epoch 972: head: Default, loss=0.5607, RMSE_MU_per_atom=0.00 mDebye, RMSE_MU_DERIV=0.00 mDebye / A, RMSE_ALPHA_per_atom=    0.02, RMSE_ALPHA_DERIV=    1.91
2025-07-12 23:48:00.061 INFO: Epoch 973: head: Default, loss=0.5630, RMSE_MU_per_atom=0.00 mDebye, RMSE_MU_DERIV=0.00 mDebye / A, RMSE_ALPHA_per_atom=    0.02, RMSE_ALPHA_DERIV=    1.91
2025-07-12 23:48:52.435 INFO: Epoch 974: head: Default, loss=0.5616, RMSE_MU_per_atom=0.00 mDebye, RMSE_MU_DERIV=0.00 mDebye / A, RMSE_ALPHA_per_atom=    0.02, RMSE_ALPHA_DERIV=    1.92
2025-07-12 23:49:44.785 INFO: Epoch 975: head: Default, loss=0.5616, RMSE_MU_per_atom=0.00 mDebye, RMSE_MU_DERIV=0.00 mDebye / A, RMSE_ALPHA_per_atom=    0.02, RMSE_ALPHA_DERIV=    1.91
2025-07-12 23:50:37.116 INFO: Epoch 976: head: Default, loss=0.5624, RMSE_MU_per_atom=0.00 mDebye, RMSE_MU_DERIV=0.00 mDebye / A, RMSE_ALPHA_per_atom=    0.02, RMSE_ALPHA_DERIV=    1.92
2025-07-12 23:51:29.465 INFO: Epoch 977: head: Default, loss=0.5635, RMSE_MU_per_atom=0.00 mDebye, RMSE_MU_DERIV=0.00 mDebye / A, RMSE_ALPHA_per_atom=    0.02, RMSE_ALPHA_DERIV=    1.92
2025-07-12 23:52:21.747 INFO: Epoch 978: head: Default, loss=0.5608, RMSE_MU_per_atom=0.00 mDebye, RMSE_MU_DERIV=0.00 mDebye / A, RMSE_ALPHA_per_atom=    0.03, RMSE_ALPHA_DERIV=    1.91
2025-07-12 23:53:13.974 INFO: Epoch 979: head: Default, loss=0.5634, RMSE_MU_per_atom=0.00 mDebye, RMSE_MU_DERIV=0.00 mDebye / A, RMSE_ALPHA_per_atom=    0.02, RMSE_ALPHA_DERIV=    1.91
2025-07-12 23:54:06.245 INFO: Epoch 980: head: Default, loss=0.5609, RMSE_MU_per_atom=0.00 mDebye, RMSE_MU_DERIV=0.00 mDebye / A, RMSE_ALPHA_per_atom=    0.03, RMSE_ALPHA_DERIV=    1.91
2025-07-12 23:54:58.555 INFO: Epoch 981: head: Default, loss=0.5610, RMSE_MU_per_atom=0.00 mDebye, RMSE_MU_DERIV=0.00 mDebye / A, RMSE_ALPHA_per_atom=    0.03, RMSE_ALPHA_DERIV=    1.91
2025-07-12 23:55:50.829 INFO: Epoch 982: head: Default, loss=0.5608, RMSE_MU_per_atom=0.00 mDebye, RMSE_MU_DERIV=0.00 mDebye / A, RMSE_ALPHA_per_atom=    0.02, RMSE_ALPHA_DERIV=    1.91
2025-07-12 23:56:42.976 INFO: Epoch 983: head: Default, loss=0.5612, RMSE_MU_per_atom=0.00 mDebye, RMSE_MU_DERIV=0.00 mDebye / A, RMSE_ALPHA_per_atom=    0.02, RMSE_ALPHA_DERIV=    1.91
2025-07-12 23:57:35.313 INFO: Epoch 984: head: Default, loss=0.5618, RMSE_MU_per_atom=0.00 mDebye, RMSE_MU_DERIV=0.00 mDebye / A, RMSE_ALPHA_per_atom=    0.02, RMSE_ALPHA_DERIV=    1.91
2025-07-12 23:58:27.651 INFO: Epoch 985: head: Default, loss=0.5622, RMSE_MU_per_atom=0.00 mDebye, RMSE_MU_DERIV=0.00 mDebye / A, RMSE_ALPHA_per_atom=    0.02, RMSE_ALPHA_DERIV=    1.91
2025-07-12 23:59:20.013 INFO: Epoch 986: head: Default, loss=0.5642, RMSE_MU_per_atom=0.00 mDebye, RMSE_MU_DERIV=0.00 mDebye / A, RMSE_ALPHA_per_atom=    0.02, RMSE_ALPHA_DERIV=    1.92
2025-07-13 00:00:12.353 INFO: Epoch 987: head: Default, loss=0.5605, RMSE_MU_per_atom=0.00 mDebye, RMSE_MU_DERIV=0.00 mDebye / A, RMSE_ALPHA_per_atom=    0.02, RMSE_ALPHA_DERIV=    1.91
2025-07-13 00:01:04.718 INFO: Epoch 988: head: Default, loss=0.5623, RMSE_MU_per_atom=0.00 mDebye, RMSE_MU_DERIV=0.00 mDebye / A, RMSE_ALPHA_per_atom=    0.02, RMSE_ALPHA_DERIV=    1.92
2025-07-13 00:01:57.067 INFO: Epoch 989: head: Default, loss=0.5612, RMSE_MU_per_atom=0.00 mDebye, RMSE_MU_DERIV=0.00 mDebye / A, RMSE_ALPHA_per_atom=    0.02, RMSE_ALPHA_DERIV=    1.91
2025-07-13 00:02:49.429 INFO: Epoch 990: head: Default, loss=0.5624, RMSE_MU_per_atom=0.00 mDebye, RMSE_MU_DERIV=0.00 mDebye / A, RMSE_ALPHA_per_atom=    0.02, RMSE_ALPHA_DERIV=    1.91
2025-07-13 00:03:41.766 INFO: Epoch 991: head: Default, loss=0.5625, RMSE_MU_per_atom=0.00 mDebye, RMSE_MU_DERIV=0.00 mDebye / A, RMSE_ALPHA_per_atom=    0.02, RMSE_ALPHA_DERIV=    1.92
2025-07-13 00:04:34.143 INFO: Epoch 992: head: Default, loss=0.5614, RMSE_MU_per_atom=0.00 mDebye, RMSE_MU_DERIV=0.00 mDebye / A, RMSE_ALPHA_per_atom=    0.02, RMSE_ALPHA_DERIV=    1.91
2025-07-13 00:05:26.505 INFO: Epoch 993: head: Default, loss=0.5613, RMSE_MU_per_atom=0.00 mDebye, RMSE_MU_DERIV=0.00 mDebye / A, RMSE_ALPHA_per_atom=    0.02, RMSE_ALPHA_DERIV=    1.91
2025-07-13 00:06:18.797 INFO: Epoch 994: head: Default, loss=0.5612, RMSE_MU_per_atom=0.00 mDebye, RMSE_MU_DERIV=0.00 mDebye / A, RMSE_ALPHA_per_atom=    0.02, RMSE_ALPHA_DERIV=    1.91
2025-07-13 00:07:11.152 INFO: Epoch 995: head: Default, loss=0.5628, RMSE_MU_per_atom=0.00 mDebye, RMSE_MU_DERIV=0.00 mDebye / A, RMSE_ALPHA_per_atom=    0.02, RMSE_ALPHA_DERIV=    1.92
2025-07-13 00:08:03.506 INFO: Epoch 996: head: Default, loss=0.5643, RMSE_MU_per_atom=0.00 mDebye, RMSE_MU_DERIV=0.00 mDebye / A, RMSE_ALPHA_per_atom=    0.03, RMSE_ALPHA_DERIV=    1.92
2025-07-13 00:08:55.844 INFO: Epoch 997: head: Default, loss=0.5619, RMSE_MU_per_atom=0.00 mDebye, RMSE_MU_DERIV=0.00 mDebye / A, RMSE_ALPHA_per_atom=    0.03, RMSE_ALPHA_DERIV=    1.91
2025-07-13 00:09:48.226 INFO: Epoch 998: head: Default, loss=0.5633, RMSE_MU_per_atom=0.00 mDebye, RMSE_MU_DERIV=0.00 mDebye / A, RMSE_ALPHA_per_atom=    0.02, RMSE_ALPHA_DERIV=    1.91
2025-07-13 00:10:40.598 INFO: Epoch 999: head: Default, loss=0.5636, RMSE_MU_per_atom=0.00 mDebye, RMSE_MU_DERIV=0.00 mDebye / A, RMSE_ALPHA_per_atom=    0.02, RMSE_ALPHA_DERIV=    1.92
2025-07-13 00:11:32.978 INFO: Epoch 1000: head: Default, loss=0.5634, RMSE_MU_per_atom=0.00 mDebye, RMSE_MU_DERIV=0.00 mDebye / A, RMSE_ALPHA_per_atom=    0.02, RMSE_ALPHA_DERIV=    1.92
2025-07-13 00:12:25.344 INFO: Epoch 1001: head: Default, loss=0.5633, RMSE_MU_per_atom=0.00 mDebye, RMSE_MU_DERIV=0.00 mDebye / A, RMSE_ALPHA_per_atom=    0.02, RMSE_ALPHA_DERIV=    1.92
2025-07-13 00:13:17.690 INFO: Epoch 1002: head: Default, loss=0.5626, RMSE_MU_per_atom=0.00 mDebye, RMSE_MU_DERIV=0.00 mDebye / A, RMSE_ALPHA_per_atom=    0.03, RMSE_ALPHA_DERIV=    1.91
2025-07-13 00:14:10.071 INFO: Epoch 1003: head: Default, loss=0.5638, RMSE_MU_per_atom=0.00 mDebye, RMSE_MU_DERIV=0.00 mDebye / A, RMSE_ALPHA_per_atom=    0.02, RMSE_ALPHA_DERIV=    1.91
2025-07-13 00:15:02.447 INFO: Epoch 1004: head: Default, loss=0.5615, RMSE_MU_per_atom=0.00 mDebye, RMSE_MU_DERIV=0.00 mDebye / A, RMSE_ALPHA_per_atom=    0.02, RMSE_ALPHA_DERIV=    1.91
2025-07-13 00:15:54.830 INFO: Epoch 1005: head: Default, loss=0.5614, RMSE_MU_per_atom=0.00 mDebye, RMSE_MU_DERIV=0.00 mDebye / A, RMSE_ALPHA_per_atom=    0.02, RMSE_ALPHA_DERIV=    1.91
2025-07-13 00:16:47.192 INFO: Epoch 1006: head: Default, loss=0.5618, RMSE_MU_per_atom=0.00 mDebye, RMSE_MU_DERIV=0.00 mDebye / A, RMSE_ALPHA_per_atom=    0.03, RMSE_ALPHA_DERIV=    1.91
2025-07-13 00:17:39.562 INFO: Epoch 1007: head: Default, loss=0.5630, RMSE_MU_per_atom=0.00 mDebye, RMSE_MU_DERIV=0.00 mDebye / A, RMSE_ALPHA_per_atom=    0.03, RMSE_ALPHA_DERIV=    1.91
2025-07-13 00:18:31.927 INFO: Epoch 1008: head: Default, loss=0.5610, RMSE_MU_per_atom=0.00 mDebye, RMSE_MU_DERIV=0.00 mDebye / A, RMSE_ALPHA_per_atom=    0.02, RMSE_ALPHA_DERIV=    1.91
2025-07-13 00:19:24.309 INFO: Epoch 1009: head: Default, loss=0.5629, RMSE_MU_per_atom=0.00 mDebye, RMSE_MU_DERIV=0.00 mDebye / A, RMSE_ALPHA_per_atom=    0.03, RMSE_ALPHA_DERIV=    1.91
2025-07-13 00:20:16.654 INFO: Epoch 1010: head: Default, loss=0.5628, RMSE_MU_per_atom=0.00 mDebye, RMSE_MU_DERIV=0.00 mDebye / A, RMSE_ALPHA_per_atom=    0.03, RMSE_ALPHA_DERIV=    1.91
2025-07-13 00:21:08.991 INFO: Epoch 1011: head: Default, loss=0.5616, RMSE_MU_per_atom=0.00 mDebye, RMSE_MU_DERIV=0.00 mDebye / A, RMSE_ALPHA_per_atom=    0.02, RMSE_ALPHA_DERIV=    1.91
2025-07-13 00:22:01.281 INFO: Epoch 1012: head: Default, loss=0.5603, RMSE_MU_per_atom=0.00 mDebye, RMSE_MU_DERIV=0.00 mDebye / A, RMSE_ALPHA_per_atom=    0.02, RMSE_ALPHA_DERIV=    1.91
2025-07-13 00:22:53.612 INFO: Epoch 1013: head: Default, loss=0.5625, RMSE_MU_per_atom=0.00 mDebye, RMSE_MU_DERIV=0.00 mDebye / A, RMSE_ALPHA_per_atom=    0.02, RMSE_ALPHA_DERIV=    1.91
2025-07-13 00:23:45.900 INFO: Epoch 1014: head: Default, loss=0.5604, RMSE_MU_per_atom=0.00 mDebye, RMSE_MU_DERIV=0.00 mDebye / A, RMSE_ALPHA_per_atom=    0.02, RMSE_ALPHA_DERIV=    1.91
2025-07-13 00:24:38.191 INFO: Epoch 1015: head: Default, loss=0.5605, RMSE_MU_per_atom=0.00 mDebye, RMSE_MU_DERIV=0.00 mDebye / A, RMSE_ALPHA_per_atom=    0.03, RMSE_ALPHA_DERIV=    1.91
2025-07-13 00:25:30.551 INFO: Epoch 1016: head: Default, loss=0.5627, RMSE_MU_per_atom=0.00 mDebye, RMSE_MU_DERIV=0.00 mDebye / A, RMSE_ALPHA_per_atom=    0.02, RMSE_ALPHA_DERIV=    1.91
2025-07-13 00:26:22.898 INFO: Epoch 1017: head: Default, loss=0.5619, RMSE_MU_per_atom=0.00 mDebye, RMSE_MU_DERIV=0.00 mDebye / A, RMSE_ALPHA_per_atom=    0.02, RMSE_ALPHA_DERIV=    1.91
2025-07-13 00:27:15.213 INFO: Epoch 1018: head: Default, loss=0.5616, RMSE_MU_per_atom=0.00 mDebye, RMSE_MU_DERIV=0.00 mDebye / A, RMSE_ALPHA_per_atom=    0.02, RMSE_ALPHA_DERIV=    1.91
2025-07-13 00:28:07.571 INFO: Epoch 1019: head: Default, loss=0.5635, RMSE_MU_per_atom=0.00 mDebye, RMSE_MU_DERIV=0.00 mDebye / A, RMSE_ALPHA_per_atom=    0.03, RMSE_ALPHA_DERIV=    1.91
2025-07-13 00:28:59.912 INFO: Epoch 1020: head: Default, loss=0.5607, RMSE_MU_per_atom=0.00 mDebye, RMSE_MU_DERIV=0.00 mDebye / A, RMSE_ALPHA_per_atom=    0.03, RMSE_ALPHA_DERIV=    1.91
2025-07-13 00:29:52.252 INFO: Epoch 1021: head: Default, loss=0.5606, RMSE_MU_per_atom=0.00 mDebye, RMSE_MU_DERIV=0.00 mDebye / A, RMSE_ALPHA_per_atom=    0.02, RMSE_ALPHA_DERIV=    1.91
2025-07-13 00:30:44.463 INFO: Epoch 1022: head: Default, loss=0.5615, RMSE_MU_per_atom=0.00 mDebye, RMSE_MU_DERIV=0.00 mDebye / A, RMSE_ALPHA_per_atom=    0.02, RMSE_ALPHA_DERIV=    1.91
2025-07-13 00:31:36.706 INFO: Epoch 1023: head: Default, loss=0.5614, RMSE_MU_per_atom=0.00 mDebye, RMSE_MU_DERIV=0.00 mDebye / A, RMSE_ALPHA_per_atom=    0.03, RMSE_ALPHA_DERIV=    1.91
2025-07-13 00:32:28.894 INFO: Epoch 1024: head: Default, loss=0.5617, RMSE_MU_per_atom=0.00 mDebye, RMSE_MU_DERIV=0.00 mDebye / A, RMSE_ALPHA_per_atom=    0.03, RMSE_ALPHA_DERIV=    1.91
2025-07-13 00:33:21.187 INFO: Epoch 1025: head: Default, loss=0.5621, RMSE_MU_per_atom=0.00 mDebye, RMSE_MU_DERIV=0.00 mDebye / A, RMSE_ALPHA_per_atom=    0.02, RMSE_ALPHA_DERIV=    1.91
2025-07-13 00:34:13.558 INFO: Epoch 1026: head: Default, loss=0.5624, RMSE_MU_per_atom=0.00 mDebye, RMSE_MU_DERIV=0.00 mDebye / A, RMSE_ALPHA_per_atom=    0.02, RMSE_ALPHA_DERIV=    1.92
2025-07-13 00:35:05.931 INFO: Epoch 1027: head: Default, loss=0.5618, RMSE_MU_per_atom=0.00 mDebye, RMSE_MU_DERIV=0.00 mDebye / A, RMSE_ALPHA_per_atom=    0.02, RMSE_ALPHA_DERIV=    1.91
2025-07-13 00:35:58.332 INFO: Epoch 1028: head: Default, loss=0.5626, RMSE_MU_per_atom=0.00 mDebye, RMSE_MU_DERIV=0.00 mDebye / A, RMSE_ALPHA_per_atom=    0.02, RMSE_ALPHA_DERIV=    1.92
2025-07-13 00:36:50.713 INFO: Epoch 1029: head: Default, loss=0.5611, RMSE_MU_per_atom=0.00 mDebye, RMSE_MU_DERIV=0.00 mDebye / A, RMSE_ALPHA_per_atom=    0.03, RMSE_ALPHA_DERIV=    1.91
2025-07-13 00:37:43.049 INFO: Epoch 1030: head: Default, loss=0.5623, RMSE_MU_per_atom=0.00 mDebye, RMSE_MU_DERIV=0.00 mDebye / A, RMSE_ALPHA_per_atom=    0.02, RMSE_ALPHA_DERIV=    1.91
2025-07-13 00:38:35.313 INFO: Epoch 1031: head: Default, loss=0.5620, RMSE_MU_per_atom=0.00 mDebye, RMSE_MU_DERIV=0.00 mDebye / A, RMSE_ALPHA_per_atom=    0.03, RMSE_ALPHA_DERIV=    1.91
2025-07-13 00:39:27.590 INFO: Epoch 1032: head: Default, loss=0.5619, RMSE_MU_per_atom=0.00 mDebye, RMSE_MU_DERIV=0.00 mDebye / A, RMSE_ALPHA_per_atom=    0.02, RMSE_ALPHA_DERIV=    1.91
2025-07-13 00:40:19.817 INFO: Epoch 1033: head: Default, loss=0.5639, RMSE_MU_per_atom=0.00 mDebye, RMSE_MU_DERIV=0.00 mDebye / A, RMSE_ALPHA_per_atom=    0.02, RMSE_ALPHA_DERIV=    1.92
2025-07-13 00:41:12.020 INFO: Epoch 1034: head: Default, loss=0.5627, RMSE_MU_per_atom=0.00 mDebye, RMSE_MU_DERIV=0.00 mDebye / A, RMSE_ALPHA_per_atom=    0.02, RMSE_ALPHA_DERIV=    1.91
2025-07-13 00:42:04.255 INFO: Epoch 1035: head: Default, loss=0.5623, RMSE_MU_per_atom=0.00 mDebye, RMSE_MU_DERIV=0.00 mDebye / A, RMSE_ALPHA_per_atom=    0.02, RMSE_ALPHA_DERIV=    1.91
2025-07-13 00:42:56.553 INFO: Epoch 1036: head: Default, loss=0.5622, RMSE_MU_per_atom=0.00 mDebye, RMSE_MU_DERIV=0.00 mDebye / A, RMSE_ALPHA_per_atom=    0.02, RMSE_ALPHA_DERIV=    1.91
2025-07-13 00:43:48.827 INFO: Epoch 1037: head: Default, loss=0.5628, RMSE_MU_per_atom=0.00 mDebye, RMSE_MU_DERIV=0.00 mDebye / A, RMSE_ALPHA_per_atom=    0.02, RMSE_ALPHA_DERIV=    1.91
2025-07-13 00:44:41.092 INFO: Epoch 1038: head: Default, loss=0.5634, RMSE_MU_per_atom=0.00 mDebye, RMSE_MU_DERIV=0.00 mDebye / A, RMSE_ALPHA_per_atom=    0.03, RMSE_ALPHA_DERIV=    1.91
2025-07-13 00:45:33.368 INFO: Epoch 1039: head: Default, loss=0.5608, RMSE_MU_per_atom=0.00 mDebye, RMSE_MU_DERIV=0.00 mDebye / A, RMSE_ALPHA_per_atom=    0.02, RMSE_ALPHA_DERIV=    1.91
2025-07-13 00:46:25.590 INFO: Epoch 1040: head: Default, loss=0.5627, RMSE_MU_per_atom=0.00 mDebye, RMSE_MU_DERIV=0.00 mDebye / A, RMSE_ALPHA_per_atom=    0.02, RMSE_ALPHA_DERIV=    1.91
2025-07-13 00:47:17.920 INFO: Epoch 1041: head: Default, loss=0.5623, RMSE_MU_per_atom=0.00 mDebye, RMSE_MU_DERIV=0.00 mDebye / A, RMSE_ALPHA_per_atom=    0.03, RMSE_ALPHA_DERIV=    1.91
2025-07-13 00:48:10.285 INFO: Epoch 1042: head: Default, loss=0.5630, RMSE_MU_per_atom=0.00 mDebye, RMSE_MU_DERIV=0.00 mDebye / A, RMSE_ALPHA_per_atom=    0.03, RMSE_ALPHA_DERIV=    1.91
2025-07-13 00:49:02.617 INFO: Epoch 1043: head: Default, loss=0.5618, RMSE_MU_per_atom=0.00 mDebye, RMSE_MU_DERIV=0.00 mDebye / A, RMSE_ALPHA_per_atom=    0.02, RMSE_ALPHA_DERIV=    1.91
2025-07-13 00:49:54.927 INFO: Epoch 1044: head: Default, loss=0.5645, RMSE_MU_per_atom=0.00 mDebye, RMSE_MU_DERIV=0.00 mDebye / A, RMSE_ALPHA_per_atom=    0.02, RMSE_ALPHA_DERIV=    1.92
2025-07-13 00:50:47.152 INFO: Epoch 1045: head: Default, loss=0.5626, RMSE_MU_per_atom=0.00 mDebye, RMSE_MU_DERIV=0.00 mDebye / A, RMSE_ALPHA_per_atom=    0.03, RMSE_ALPHA_DERIV=    1.91
2025-07-13 00:51:39.483 INFO: Epoch 1046: head: Default, loss=0.5623, RMSE_MU_per_atom=0.00 mDebye, RMSE_MU_DERIV=0.00 mDebye / A, RMSE_ALPHA_per_atom=    0.03, RMSE_ALPHA_DERIV=    1.91
2025-07-13 00:52:31.741 INFO: Epoch 1047: head: Default, loss=0.5605, RMSE_MU_per_atom=0.00 mDebye, RMSE_MU_DERIV=0.00 mDebye / A, RMSE_ALPHA_per_atom=    0.02, RMSE_ALPHA_DERIV=    1.91
2025-07-13 00:53:24.029 INFO: Epoch 1048: head: Default, loss=0.5623, RMSE_MU_per_atom=0.00 mDebye, RMSE_MU_DERIV=0.00 mDebye / A, RMSE_ALPHA_per_atom=    0.03, RMSE_ALPHA_DERIV=    1.91
2025-07-13 00:54:16.363 INFO: Epoch 1049: head: Default, loss=0.5613, RMSE_MU_per_atom=0.00 mDebye, RMSE_MU_DERIV=0.00 mDebye / A, RMSE_ALPHA_per_atom=    0.03, RMSE_ALPHA_DERIV=    1.91
2025-07-13 00:55:08.657 INFO: Epoch 1050: head: Default, loss=0.5608, RMSE_MU_per_atom=0.00 mDebye, RMSE_MU_DERIV=0.00 mDebye / A, RMSE_ALPHA_per_atom=    0.02, RMSE_ALPHA_DERIV=    1.91
2025-07-13 00:56:00.890 INFO: Epoch 1051: head: Default, loss=0.5612, RMSE_MU_per_atom=0.00 mDebye, RMSE_MU_DERIV=0.00 mDebye / A, RMSE_ALPHA_per_atom=    0.02, RMSE_ALPHA_DERIV=    1.91
2025-07-13 00:56:53.177 INFO: Epoch 1052: head: Default, loss=0.5608, RMSE_MU_per_atom=0.00 mDebye, RMSE_MU_DERIV=0.00 mDebye / A, RMSE_ALPHA_per_atom=    0.02, RMSE_ALPHA_DERIV=    1.91
2025-07-13 00:57:45.476 INFO: Epoch 1053: head: Default, loss=0.5622, RMSE_MU_per_atom=0.00 mDebye, RMSE_MU_DERIV=0.00 mDebye / A, RMSE_ALPHA_per_atom=    0.02, RMSE_ALPHA_DERIV=    1.92
2025-07-13 00:58:37.783 INFO: Epoch 1054: head: Default, loss=0.5624, RMSE_MU_per_atom=0.00 mDebye, RMSE_MU_DERIV=0.00 mDebye / A, RMSE_ALPHA_per_atom=    0.02, RMSE_ALPHA_DERIV=    1.92
2025-07-13 00:59:30.128 INFO: Epoch 1055: head: Default, loss=0.5606, RMSE_MU_per_atom=0.00 mDebye, RMSE_MU_DERIV=0.00 mDebye / A, RMSE_ALPHA_per_atom=    0.02, RMSE_ALPHA_DERIV=    1.91
2025-07-13 01:00:22.449 INFO: Epoch 1056: head: Default, loss=0.5627, RMSE_MU_per_atom=0.00 mDebye, RMSE_MU_DERIV=0.00 mDebye / A, RMSE_ALPHA_per_atom=    0.02, RMSE_ALPHA_DERIV=    1.91
2025-07-13 01:01:14.718 INFO: Epoch 1057: head: Default, loss=0.5620, RMSE_MU_per_atom=0.00 mDebye, RMSE_MU_DERIV=0.00 mDebye / A, RMSE_ALPHA_per_atom=    0.02, RMSE_ALPHA_DERIV=    1.91
2025-07-13 01:02:07.048 INFO: Epoch 1058: head: Default, loss=0.5635, RMSE_MU_per_atom=0.00 mDebye, RMSE_MU_DERIV=0.00 mDebye / A, RMSE_ALPHA_per_atom=    0.03, RMSE_ALPHA_DERIV=    1.91
2025-07-13 01:02:59.321 INFO: Epoch 1059: head: Default, loss=0.5599, RMSE_MU_per_atom=0.00 mDebye, RMSE_MU_DERIV=0.00 mDebye / A, RMSE_ALPHA_per_atom=    0.02, RMSE_ALPHA_DERIV=    1.91
2025-07-13 01:03:51.624 INFO: Epoch 1060: head: Default, loss=0.5629, RMSE_MU_per_atom=0.00 mDebye, RMSE_MU_DERIV=0.00 mDebye / A, RMSE_ALPHA_per_atom=    0.02, RMSE_ALPHA_DERIV=    1.92
2025-07-13 01:04:43.867 INFO: Epoch 1061: head: Default, loss=0.5608, RMSE_MU_per_atom=0.00 mDebye, RMSE_MU_DERIV=0.00 mDebye / A, RMSE_ALPHA_per_atom=    0.02, RMSE_ALPHA_DERIV=    1.91
2025-07-13 01:05:36.210 INFO: Epoch 1062: head: Default, loss=0.5643, RMSE_MU_per_atom=0.00 mDebye, RMSE_MU_DERIV=0.00 mDebye / A, RMSE_ALPHA_per_atom=    0.02, RMSE_ALPHA_DERIV=    1.92
2025-07-13 01:06:28.530 INFO: Epoch 1063: head: Default, loss=0.5634, RMSE_MU_per_atom=0.00 mDebye, RMSE_MU_DERIV=0.00 mDebye / A, RMSE_ALPHA_per_atom=    0.02, RMSE_ALPHA_DERIV=    1.92
2025-07-13 01:07:20.917 INFO: Epoch 1064: head: Default, loss=0.5609, RMSE_MU_per_atom=0.00 mDebye, RMSE_MU_DERIV=0.00 mDebye / A, RMSE_ALPHA_per_atom=    0.02, RMSE_ALPHA_DERIV=    1.91
2025-07-13 01:08:13.261 INFO: Epoch 1065: head: Default, loss=0.5616, RMSE_MU_per_atom=0.00 mDebye, RMSE_MU_DERIV=0.00 mDebye / A, RMSE_ALPHA_per_atom=    0.02, RMSE_ALPHA_DERIV=    1.91
2025-07-13 01:09:05.604 INFO: Epoch 1066: head: Default, loss=0.5626, RMSE_MU_per_atom=0.00 mDebye, RMSE_MU_DERIV=0.00 mDebye / A, RMSE_ALPHA_per_atom=    0.02, RMSE_ALPHA_DERIV=    1.91
2025-07-13 01:09:57.917 INFO: Epoch 1067: head: Default, loss=0.5620, RMSE_MU_per_atom=0.00 mDebye, RMSE_MU_DERIV=0.00 mDebye / A, RMSE_ALPHA_per_atom=    0.02, RMSE_ALPHA_DERIV=    1.91
2025-07-13 01:10:50.198 INFO: Epoch 1068: head: Default, loss=0.5628, RMSE_MU_per_atom=0.00 mDebye, RMSE_MU_DERIV=0.00 mDebye / A, RMSE_ALPHA_per_atom=    0.02, RMSE_ALPHA_DERIV=    1.92
2025-07-13 01:11:42.517 INFO: Epoch 1069: head: Default, loss=0.5613, RMSE_MU_per_atom=0.00 mDebye, RMSE_MU_DERIV=0.00 mDebye / A, RMSE_ALPHA_per_atom=    0.02, RMSE_ALPHA_DERIV=    1.91
2025-07-13 01:12:34.826 INFO: Epoch 1070: head: Default, loss=0.5603, RMSE_MU_per_atom=0.00 mDebye, RMSE_MU_DERIV=0.00 mDebye / A, RMSE_ALPHA_per_atom=    0.02, RMSE_ALPHA_DERIV=    1.91
2025-07-13 01:13:27.153 INFO: Epoch 1071: head: Default, loss=0.5616, RMSE_MU_per_atom=0.00 mDebye, RMSE_MU_DERIV=0.00 mDebye / A, RMSE_ALPHA_per_atom=    0.02, RMSE_ALPHA_DERIV=    1.91
2025-07-13 01:14:19.498 INFO: Epoch 1072: head: Default, loss=0.5629, RMSE_MU_per_atom=0.00 mDebye, RMSE_MU_DERIV=0.00 mDebye / A, RMSE_ALPHA_per_atom=    0.02, RMSE_ALPHA_DERIV=    1.92
2025-07-13 01:15:11.815 INFO: Epoch 1073: head: Default, loss=0.5612, RMSE_MU_per_atom=0.00 mDebye, RMSE_MU_DERIV=0.00 mDebye / A, RMSE_ALPHA_per_atom=    0.02, RMSE_ALPHA_DERIV=    1.91
2025-07-13 01:16:04.173 INFO: Epoch 1074: head: Default, loss=0.5615, RMSE_MU_per_atom=0.00 mDebye, RMSE_MU_DERIV=0.00 mDebye / A, RMSE_ALPHA_per_atom=    0.02, RMSE_ALPHA_DERIV=    1.91
2025-07-13 01:16:56.526 INFO: Epoch 1075: head: Default, loss=0.5617, RMSE_MU_per_atom=0.00 mDebye, RMSE_MU_DERIV=0.00 mDebye / A, RMSE_ALPHA_per_atom=    0.02, RMSE_ALPHA_DERIV=    1.91
2025-07-13 01:17:48.910 INFO: Epoch 1076: head: Default, loss=0.5631, RMSE_MU_per_atom=0.00 mDebye, RMSE_MU_DERIV=0.00 mDebye / A, RMSE_ALPHA_per_atom=    0.02, RMSE_ALPHA_DERIV=    1.91
2025-07-13 01:18:41.310 INFO: Epoch 1077: head: Default, loss=0.5615, RMSE_MU_per_atom=0.00 mDebye, RMSE_MU_DERIV=0.00 mDebye / A, RMSE_ALPHA_per_atom=    0.03, RMSE_ALPHA_DERIV=    1.91
2025-07-13 01:19:33.710 INFO: Epoch 1078: head: Default, loss=0.5634, RMSE_MU_per_atom=0.00 mDebye, RMSE_MU_DERIV=0.00 mDebye / A, RMSE_ALPHA_per_atom=    0.02, RMSE_ALPHA_DERIV=    1.92
2025-07-13 01:20:26.119 INFO: Epoch 1079: head: Default, loss=0.5614, RMSE_MU_per_atom=0.00 mDebye, RMSE_MU_DERIV=0.00 mDebye / A, RMSE_ALPHA_per_atom=    0.02, RMSE_ALPHA_DERIV=    1.91
2025-07-13 01:21:18.526 INFO: Epoch 1080: head: Default, loss=0.5622, RMSE_MU_per_atom=0.00 mDebye, RMSE_MU_DERIV=0.00 mDebye / A, RMSE_ALPHA_per_atom=    0.02, RMSE_ALPHA_DERIV=    1.91
2025-07-13 01:22:10.924 INFO: Epoch 1081: head: Default, loss=0.5624, RMSE_MU_per_atom=0.00 mDebye, RMSE_MU_DERIV=0.00 mDebye / A, RMSE_ALPHA_per_atom=    0.02, RMSE_ALPHA_DERIV=    1.91
2025-07-13 01:23:03.288 INFO: Epoch 1082: head: Default, loss=0.5612, RMSE_MU_per_atom=0.00 mDebye, RMSE_MU_DERIV=0.00 mDebye / A, RMSE_ALPHA_per_atom=    0.02, RMSE_ALPHA_DERIV=    1.91
2025-07-13 01:23:55.659 INFO: Epoch 1083: head: Default, loss=0.5626, RMSE_MU_per_atom=0.00 mDebye, RMSE_MU_DERIV=0.00 mDebye / A, RMSE_ALPHA_per_atom=    0.02, RMSE_ALPHA_DERIV=    1.91
2025-07-13 01:24:48.051 INFO: Epoch 1084: head: Default, loss=0.5616, RMSE_MU_per_atom=0.00 mDebye, RMSE_MU_DERIV=0.00 mDebye / A, RMSE_ALPHA_per_atom=    0.02, RMSE_ALPHA_DERIV=    1.91
2025-07-13 01:25:40.430 INFO: Epoch 1085: head: Default, loss=0.5620, RMSE_MU_per_atom=0.00 mDebye, RMSE_MU_DERIV=0.00 mDebye / A, RMSE_ALPHA_per_atom=    0.02, RMSE_ALPHA_DERIV=    1.91
2025-07-13 01:26:32.804 INFO: Epoch 1086: head: Default, loss=0.5620, RMSE_MU_per_atom=0.00 mDebye, RMSE_MU_DERIV=0.00 mDebye / A, RMSE_ALPHA_per_atom=    0.02, RMSE_ALPHA_DERIV=    1.91
2025-07-13 01:27:25.174 INFO: Epoch 1087: head: Default, loss=0.5626, RMSE_MU_per_atom=0.00 mDebye, RMSE_MU_DERIV=0.00 mDebye / A, RMSE_ALPHA_per_atom=    0.02, RMSE_ALPHA_DERIV=    1.91
2025-07-13 01:28:17.521 INFO: Epoch 1088: head: Default, loss=0.5614, RMSE_MU_per_atom=0.00 mDebye, RMSE_MU_DERIV=0.00 mDebye / A, RMSE_ALPHA_per_atom=    0.02, RMSE_ALPHA_DERIV=    1.91
2025-07-13 01:29:09.883 INFO: Epoch 1089: head: Default, loss=0.5621, RMSE_MU_per_atom=0.00 mDebye, RMSE_MU_DERIV=0.00 mDebye / A, RMSE_ALPHA_per_atom=    0.02, RMSE_ALPHA_DERIV=    1.91
2025-07-13 01:30:02.225 INFO: Epoch 1090: head: Default, loss=0.5628, RMSE_MU_per_atom=0.00 mDebye, RMSE_MU_DERIV=0.00 mDebye / A, RMSE_ALPHA_per_atom=    0.02, RMSE_ALPHA_DERIV=    1.92
2025-07-13 01:30:54.610 INFO: Epoch 1091: head: Default, loss=0.5631, RMSE_MU_per_atom=0.00 mDebye, RMSE_MU_DERIV=0.00 mDebye / A, RMSE_ALPHA_per_atom=    0.03, RMSE_ALPHA_DERIV=    1.91
2025-07-13 01:31:47.017 INFO: Epoch 1092: head: Default, loss=0.5607, RMSE_MU_per_atom=0.00 mDebye, RMSE_MU_DERIV=0.00 mDebye / A, RMSE_ALPHA_per_atom=    0.02, RMSE_ALPHA_DERIV=    1.91
2025-07-13 01:32:39.411 INFO: Epoch 1093: head: Default, loss=0.5636, RMSE_MU_per_atom=0.00 mDebye, RMSE_MU_DERIV=0.00 mDebye / A, RMSE_ALPHA_per_atom=    0.02, RMSE_ALPHA_DERIV=    1.92
2025-07-13 01:33:31.715 INFO: Epoch 1094: head: Default, loss=0.5616, RMSE_MU_per_atom=0.00 mDebye, RMSE_MU_DERIV=0.00 mDebye / A, RMSE_ALPHA_per_atom=    0.02, RMSE_ALPHA_DERIV=    1.91
2025-07-13 01:34:23.970 INFO: Epoch 1095: head: Default, loss=0.5611, RMSE_MU_per_atom=0.00 mDebye, RMSE_MU_DERIV=0.00 mDebye / A, RMSE_ALPHA_per_atom=    0.02, RMSE_ALPHA_DERIV=    1.91
2025-07-13 01:35:16.254 INFO: Epoch 1096: head: Default, loss=0.5622, RMSE_MU_per_atom=0.00 mDebye, RMSE_MU_DERIV=0.00 mDebye / A, RMSE_ALPHA_per_atom=    0.02, RMSE_ALPHA_DERIV=    1.91
2025-07-13 01:36:08.511 INFO: Epoch 1097: head: Default, loss=0.5614, RMSE_MU_per_atom=0.00 mDebye, RMSE_MU_DERIV=0.00 mDebye / A, RMSE_ALPHA_per_atom=    0.02, RMSE_ALPHA_DERIV=    1.91
2025-07-13 01:37:00.851 INFO: Epoch 1098: head: Default, loss=0.5640, RMSE_MU_per_atom=0.00 mDebye, RMSE_MU_DERIV=0.00 mDebye / A, RMSE_ALPHA_per_atom=    0.02, RMSE_ALPHA_DERIV=    1.92
2025-07-13 01:37:53.159 INFO: Epoch 1099: head: Default, loss=0.5622, RMSE_MU_per_atom=0.00 mDebye, RMSE_MU_DERIV=0.00 mDebye / A, RMSE_ALPHA_per_atom=    0.02, RMSE_ALPHA_DERIV=    1.91
2025-07-13 01:38:45.466 INFO: Epoch 1100: head: Default, loss=0.5624, RMSE_MU_per_atom=0.00 mDebye, RMSE_MU_DERIV=0.00 mDebye / A, RMSE_ALPHA_per_atom=    0.03, RMSE_ALPHA_DERIV=    1.91
2025-07-13 01:39:37.799 INFO: Epoch 1101: head: Default, loss=0.5618, RMSE_MU_per_atom=0.00 mDebye, RMSE_MU_DERIV=0.00 mDebye / A, RMSE_ALPHA_per_atom=    0.02, RMSE_ALPHA_DERIV=    1.91
2025-07-13 01:40:30.160 INFO: Epoch 1102: head: Default, loss=0.5633, RMSE_MU_per_atom=0.00 mDebye, RMSE_MU_DERIV=0.00 mDebye / A, RMSE_ALPHA_per_atom=    0.02, RMSE_ALPHA_DERIV=    1.92
2025-07-13 01:41:22.568 INFO: Epoch 1103: head: Default, loss=0.5618, RMSE_MU_per_atom=0.00 mDebye, RMSE_MU_DERIV=0.00 mDebye / A, RMSE_ALPHA_per_atom=    0.02, RMSE_ALPHA_DERIV=    1.91
2025-07-13 01:42:14.964 INFO: Epoch 1104: head: Default, loss=0.5625, RMSE_MU_per_atom=0.00 mDebye, RMSE_MU_DERIV=0.00 mDebye / A, RMSE_ALPHA_per_atom=    0.02, RMSE_ALPHA_DERIV=    1.91
2025-07-13 01:43:07.352 INFO: Epoch 1105: head: Default, loss=0.5619, RMSE_MU_per_atom=0.00 mDebye, RMSE_MU_DERIV=0.00 mDebye / A, RMSE_ALPHA_per_atom=    0.02, RMSE_ALPHA_DERIV=    1.91
2025-07-13 01:43:59.767 INFO: Epoch 1106: head: Default, loss=0.5622, RMSE_MU_per_atom=0.00 mDebye, RMSE_MU_DERIV=0.00 mDebye / A, RMSE_ALPHA_per_atom=    0.02, RMSE_ALPHA_DERIV=    1.91
2025-07-13 01:44:52.173 INFO: Epoch 1107: head: Default, loss=0.5608, RMSE_MU_per_atom=0.00 mDebye, RMSE_MU_DERIV=0.00 mDebye / A, RMSE_ALPHA_per_atom=    0.02, RMSE_ALPHA_DERIV=    1.91
2025-07-13 01:45:44.565 INFO: Epoch 1108: head: Default, loss=0.5619, RMSE_MU_per_atom=0.00 mDebye, RMSE_MU_DERIV=0.00 mDebye / A, RMSE_ALPHA_per_atom=    0.02, RMSE_ALPHA_DERIV=    1.91
2025-07-13 01:46:36.967 INFO: Epoch 1109: head: Default, loss=0.5611, RMSE_MU_per_atom=0.00 mDebye, RMSE_MU_DERIV=0.00 mDebye / A, RMSE_ALPHA_per_atom=    0.02, RMSE_ALPHA_DERIV=    1.91
2025-07-13 01:47:29.375 INFO: Epoch 1110: head: Default, loss=0.5636, RMSE_MU_per_atom=0.00 mDebye, RMSE_MU_DERIV=0.00 mDebye / A, RMSE_ALPHA_per_atom=    0.02, RMSE_ALPHA_DERIV=    1.92
2025-07-13 01:48:21.739 INFO: Epoch 1111: head: Default, loss=0.5616, RMSE_MU_per_atom=0.00 mDebye, RMSE_MU_DERIV=0.00 mDebye / A, RMSE_ALPHA_per_atom=    0.02, RMSE_ALPHA_DERIV=    1.91
2025-07-13 01:49:14.083 INFO: Epoch 1112: head: Default, loss=0.5623, RMSE_MU_per_atom=0.00 mDebye, RMSE_MU_DERIV=0.00 mDebye / A, RMSE_ALPHA_per_atom=    0.02, RMSE_ALPHA_DERIV=    1.91
2025-07-13 01:50:06.417 INFO: Epoch 1113: head: Default, loss=0.5620, RMSE_MU_per_atom=0.00 mDebye, RMSE_MU_DERIV=0.00 mDebye / A, RMSE_ALPHA_per_atom=    0.02, RMSE_ALPHA_DERIV=    1.91
2025-07-13 01:50:58.759 INFO: Epoch 1114: head: Default, loss=0.5629, RMSE_MU_per_atom=0.00 mDebye, RMSE_MU_DERIV=0.00 mDebye / A, RMSE_ALPHA_per_atom=    0.03, RMSE_ALPHA_DERIV=    1.92
2025-07-13 01:51:51.105 INFO: Epoch 1115: head: Default, loss=0.5619, RMSE_MU_per_atom=0.00 mDebye, RMSE_MU_DERIV=0.00 mDebye / A, RMSE_ALPHA_per_atom=    0.02, RMSE_ALPHA_DERIV=    1.91
2025-07-13 01:52:43.443 INFO: Epoch 1116: head: Default, loss=0.5627, RMSE_MU_per_atom=0.00 mDebye, RMSE_MU_DERIV=0.00 mDebye / A, RMSE_ALPHA_per_atom=    0.02, RMSE_ALPHA_DERIV=    1.91
2025-07-13 01:53:35.733 INFO: Epoch 1117: head: Default, loss=0.5619, RMSE_MU_per_atom=0.00 mDebye, RMSE_MU_DERIV=0.00 mDebye / A, RMSE_ALPHA_per_atom=    0.02, RMSE_ALPHA_DERIV=    1.91
2025-07-13 01:54:28.028 INFO: Epoch 1118: head: Default, loss=0.5615, RMSE_MU_per_atom=0.00 mDebye, RMSE_MU_DERIV=0.00 mDebye / A, RMSE_ALPHA_per_atom=    0.02, RMSE_ALPHA_DERIV=    1.91
2025-07-13 01:55:20.338 INFO: Epoch 1119: head: Default, loss=0.5625, RMSE_MU_per_atom=0.00 mDebye, RMSE_MU_DERIV=0.00 mDebye / A, RMSE_ALPHA_per_atom=    0.02, RMSE_ALPHA_DERIV=    1.91
2025-07-13 01:56:12.714 INFO: Epoch 1120: head: Default, loss=0.5633, RMSE_MU_per_atom=0.00 mDebye, RMSE_MU_DERIV=0.00 mDebye / A, RMSE_ALPHA_per_atom=    0.02, RMSE_ALPHA_DERIV=    1.91
2025-07-13 01:57:04.945 INFO: Epoch 1121: head: Default, loss=0.5622, RMSE_MU_per_atom=0.00 mDebye, RMSE_MU_DERIV=0.00 mDebye / A, RMSE_ALPHA_per_atom=    0.02, RMSE_ALPHA_DERIV=    1.91
2025-07-13 01:57:57.278 INFO: Epoch 1122: head: Default, loss=0.5628, RMSE_MU_per_atom=0.00 mDebye, RMSE_MU_DERIV=0.00 mDebye / A, RMSE_ALPHA_per_atom=    0.02, RMSE_ALPHA_DERIV=    1.91
2025-07-13 01:58:49.573 INFO: Epoch 1123: head: Default, loss=0.5624, RMSE_MU_per_atom=0.00 mDebye, RMSE_MU_DERIV=0.00 mDebye / A, RMSE_ALPHA_per_atom=    0.02, RMSE_ALPHA_DERIV=    1.91
2025-07-13 01:59:41.904 INFO: Epoch 1124: head: Default, loss=0.5627, RMSE_MU_per_atom=0.00 mDebye, RMSE_MU_DERIV=0.00 mDebye / A, RMSE_ALPHA_per_atom=    0.02, RMSE_ALPHA_DERIV=    1.91
2025-07-13 02:00:34.282 INFO: Epoch 1125: head: Default, loss=0.5624, RMSE_MU_per_atom=0.00 mDebye, RMSE_MU_DERIV=0.00 mDebye / A, RMSE_ALPHA_per_atom=    0.02, RMSE_ALPHA_DERIV=    1.92
2025-07-13 02:01:26.530 INFO: Epoch 1126: head: Default, loss=0.5628, RMSE_MU_per_atom=0.00 mDebye, RMSE_MU_DERIV=0.00 mDebye / A, RMSE_ALPHA_per_atom=    0.02, RMSE_ALPHA_DERIV=    1.92
2025-07-13 02:02:18.859 INFO: Epoch 1127: head: Default, loss=0.5625, RMSE_MU_per_atom=0.00 mDebye, RMSE_MU_DERIV=0.00 mDebye / A, RMSE_ALPHA_per_atom=    0.02, RMSE_ALPHA_DERIV=    1.91
2025-07-13 02:03:11.192 INFO: Epoch 1128: head: Default, loss=0.5621, RMSE_MU_per_atom=0.00 mDebye, RMSE_MU_DERIV=0.00 mDebye / A, RMSE_ALPHA_per_atom=    0.02, RMSE_ALPHA_DERIV=    1.91
2025-07-13 02:04:03.500 INFO: Epoch 1129: head: Default, loss=0.5626, RMSE_MU_per_atom=0.00 mDebye, RMSE_MU_DERIV=0.00 mDebye / A, RMSE_ALPHA_per_atom=    0.02, RMSE_ALPHA_DERIV=    1.91
2025-07-13 02:04:55.871 INFO: Epoch 1130: head: Default, loss=0.5624, RMSE_MU_per_atom=0.00 mDebye, RMSE_MU_DERIV=0.00 mDebye / A, RMSE_ALPHA_per_atom=    0.02, RMSE_ALPHA_DERIV=    1.91
2025-07-13 02:05:48.252 INFO: Epoch 1131: head: Default, loss=0.5625, RMSE_MU_per_atom=0.00 mDebye, RMSE_MU_DERIV=0.00 mDebye / A, RMSE_ALPHA_per_atom=    0.02, RMSE_ALPHA_DERIV=    1.91
2025-07-13 02:06:40.631 INFO: Epoch 1132: head: Default, loss=0.5618, RMSE_MU_per_atom=0.00 mDebye, RMSE_MU_DERIV=0.00 mDebye / A, RMSE_ALPHA_per_atom=    0.02, RMSE_ALPHA_DERIV=    1.91
2025-07-13 02:07:33.013 INFO: Epoch 1133: head: Default, loss=0.5617, RMSE_MU_per_atom=0.00 mDebye, RMSE_MU_DERIV=0.00 mDebye / A, RMSE_ALPHA_per_atom=    0.02, RMSE_ALPHA_DERIV=    1.91
2025-07-13 02:08:25.373 INFO: Epoch 1134: head: Default, loss=0.5617, RMSE_MU_per_atom=0.00 mDebye, RMSE_MU_DERIV=0.00 mDebye / A, RMSE_ALPHA_per_atom=    0.02, RMSE_ALPHA_DERIV=    1.91
2025-07-13 02:09:17.685 INFO: Epoch 1135: head: Default, loss=0.5620, RMSE_MU_per_atom=0.00 mDebye, RMSE_MU_DERIV=0.00 mDebye / A, RMSE_ALPHA_per_atom=    0.02, RMSE_ALPHA_DERIV=    1.91
2025-07-13 02:10:10.000 INFO: Epoch 1136: head: Default, loss=0.5613, RMSE_MU_per_atom=0.00 mDebye, RMSE_MU_DERIV=0.00 mDebye / A, RMSE_ALPHA_per_atom=    0.02, RMSE_ALPHA_DERIV=    1.91
2025-07-13 02:11:02.355 INFO: Epoch 1137: head: Default, loss=0.5635, RMSE_MU_per_atom=0.00 mDebye, RMSE_MU_DERIV=0.00 mDebye / A, RMSE_ALPHA_per_atom=    0.02, RMSE_ALPHA_DERIV=    1.92
2025-07-13 02:11:54.727 INFO: Epoch 1138: head: Default, loss=0.5610, RMSE_MU_per_atom=0.00 mDebye, RMSE_MU_DERIV=0.00 mDebye / A, RMSE_ALPHA_per_atom=    0.02, RMSE_ALPHA_DERIV=    1.91
2025-07-13 02:12:47.111 INFO: Epoch 1139: head: Default, loss=0.5616, RMSE_MU_per_atom=0.00 mDebye, RMSE_MU_DERIV=0.00 mDebye / A, RMSE_ALPHA_per_atom=    0.03, RMSE_ALPHA_DERIV=    1.91
2025-07-13 02:13:39.506 INFO: Epoch 1140: head: Default, loss=0.5622, RMSE_MU_per_atom=0.00 mDebye, RMSE_MU_DERIV=0.00 mDebye / A, RMSE_ALPHA_per_atom=    0.02, RMSE_ALPHA_DERIV=    1.91
2025-07-13 02:14:31.840 INFO: Epoch 1141: head: Default, loss=0.5621, RMSE_MU_per_atom=0.00 mDebye, RMSE_MU_DERIV=0.00 mDebye / A, RMSE_ALPHA_per_atom=    0.02, RMSE_ALPHA_DERIV=    1.91
2025-07-13 02:15:24.178 INFO: Epoch 1142: head: Default, loss=0.5620, RMSE_MU_per_atom=0.00 mDebye, RMSE_MU_DERIV=0.00 mDebye / A, RMSE_ALPHA_per_atom=    0.02, RMSE_ALPHA_DERIV=    1.91
2025-07-13 02:16:16.521 INFO: Epoch 1143: head: Default, loss=0.5629, RMSE_MU_per_atom=0.00 mDebye, RMSE_MU_DERIV=0.00 mDebye / A, RMSE_ALPHA_per_atom=    0.03, RMSE_ALPHA_DERIV=    1.91
2025-07-13 02:17:08.806 INFO: Epoch 1144: head: Default, loss=0.5625, RMSE_MU_per_atom=0.00 mDebye, RMSE_MU_DERIV=0.00 mDebye / A, RMSE_ALPHA_per_atom=    0.02, RMSE_ALPHA_DERIV=    1.92
2025-07-13 02:18:01.080 INFO: Epoch 1145: head: Default, loss=0.5620, RMSE_MU_per_atom=0.00 mDebye, RMSE_MU_DERIV=0.00 mDebye / A, RMSE_ALPHA_per_atom=    0.02, RMSE_ALPHA_DERIV=    1.91
2025-07-13 02:18:53.399 INFO: Epoch 1146: head: Default, loss=0.5618, RMSE_MU_per_atom=0.00 mDebye, RMSE_MU_DERIV=0.00 mDebye / A, RMSE_ALPHA_per_atom=    0.02, RMSE_ALPHA_DERIV=    1.91
2025-07-13 02:19:45.710 INFO: Epoch 1147: head: Default, loss=0.5627, RMSE_MU_per_atom=0.00 mDebye, RMSE_MU_DERIV=0.00 mDebye / A, RMSE_ALPHA_per_atom=    0.02, RMSE_ALPHA_DERIV=    1.91
2025-07-13 02:20:38.036 INFO: Epoch 1148: head: Default, loss=0.5621, RMSE_MU_per_atom=0.00 mDebye, RMSE_MU_DERIV=0.00 mDebye / A, RMSE_ALPHA_per_atom=    0.02, RMSE_ALPHA_DERIV=    1.91
2025-07-13 02:21:30.415 INFO: Epoch 1149: head: Default, loss=0.5621, RMSE_MU_per_atom=0.00 mDebye, RMSE_MU_DERIV=0.00 mDebye / A, RMSE_ALPHA_per_atom=    0.03, RMSE_ALPHA_DERIV=    1.91
2025-07-13 02:22:22.756 INFO: Epoch 1150: head: Default, loss=0.5632, RMSE_MU_per_atom=0.00 mDebye, RMSE_MU_DERIV=0.00 mDebye / A, RMSE_ALPHA_per_atom=    0.02, RMSE_ALPHA_DERIV=    1.92
2025-07-13 02:23:15.140 INFO: Epoch 1151: head: Default, loss=0.5617, RMSE_MU_per_atom=0.00 mDebye, RMSE_MU_DERIV=0.00 mDebye / A, RMSE_ALPHA_per_atom=    0.02, RMSE_ALPHA_DERIV=    1.91
2025-07-13 02:24:07.497 INFO: Epoch 1152: head: Default, loss=0.5624, RMSE_MU_per_atom=0.00 mDebye, RMSE_MU_DERIV=0.00 mDebye / A, RMSE_ALPHA_per_atom=    0.02, RMSE_ALPHA_DERIV=    1.91
2025-07-13 02:24:59.832 INFO: Epoch 1153: head: Default, loss=0.5613, RMSE_MU_per_atom=0.00 mDebye, RMSE_MU_DERIV=0.00 mDebye / A, RMSE_ALPHA_per_atom=    0.02, RMSE_ALPHA_DERIV=    1.91
2025-07-13 02:25:52.186 INFO: Epoch 1154: head: Default, loss=0.5614, RMSE_MU_per_atom=0.00 mDebye, RMSE_MU_DERIV=0.00 mDebye / A, RMSE_ALPHA_per_atom=    0.02, RMSE_ALPHA_DERIV=    1.91
2025-07-13 02:26:44.529 INFO: Epoch 1155: head: Default, loss=0.5622, RMSE_MU_per_atom=0.00 mDebye, RMSE_MU_DERIV=0.00 mDebye / A, RMSE_ALPHA_per_atom=    0.02, RMSE_ALPHA_DERIV=    1.91
2025-07-13 02:27:36.864 INFO: Epoch 1156: head: Default, loss=0.5617, RMSE_MU_per_atom=0.00 mDebye, RMSE_MU_DERIV=0.00 mDebye / A, RMSE_ALPHA_per_atom=    0.02, RMSE_ALPHA_DERIV=    1.91
2025-07-13 02:28:29.232 INFO: Epoch 1157: head: Default, loss=0.5612, RMSE_MU_per_atom=0.00 mDebye, RMSE_MU_DERIV=0.00 mDebye / A, RMSE_ALPHA_per_atom=    0.02, RMSE_ALPHA_DERIV=    1.91
2025-07-13 02:29:21.627 INFO: Epoch 1158: head: Default, loss=0.5636, RMSE_MU_per_atom=0.00 mDebye, RMSE_MU_DERIV=0.00 mDebye / A, RMSE_ALPHA_per_atom=    0.02, RMSE_ALPHA_DERIV=    1.91
2025-07-13 02:30:14.012 INFO: Epoch 1159: head: Default, loss=0.5636, RMSE_MU_per_atom=0.00 mDebye, RMSE_MU_DERIV=0.00 mDebye / A, RMSE_ALPHA_per_atom=    0.03, RMSE_ALPHA_DERIV=    1.91
2025-07-13 02:31:06.412 INFO: Epoch 1160: head: Default, loss=0.5624, RMSE_MU_per_atom=0.00 mDebye, RMSE_MU_DERIV=0.00 mDebye / A, RMSE_ALPHA_per_atom=    0.02, RMSE_ALPHA_DERIV=    1.91
2025-07-13 02:31:58.787 INFO: Epoch 1161: head: Default, loss=0.5624, RMSE_MU_per_atom=0.00 mDebye, RMSE_MU_DERIV=0.00 mDebye / A, RMSE_ALPHA_per_atom=    0.03, RMSE_ALPHA_DERIV=    1.91
2025-07-13 02:32:51.154 INFO: Epoch 1162: head: Default, loss=0.5623, RMSE_MU_per_atom=0.00 mDebye, RMSE_MU_DERIV=0.00 mDebye / A, RMSE_ALPHA_per_atom=    0.02, RMSE_ALPHA_DERIV=    1.91
2025-07-13 02:33:43.511 INFO: Epoch 1163: head: Default, loss=0.5620, RMSE_MU_per_atom=0.00 mDebye, RMSE_MU_DERIV=0.00 mDebye / A, RMSE_ALPHA_per_atom=    0.02, RMSE_ALPHA_DERIV=    1.91
2025-07-13 02:34:35.915 INFO: Epoch 1164: head: Default, loss=0.5628, RMSE_MU_per_atom=0.00 mDebye, RMSE_MU_DERIV=0.00 mDebye / A, RMSE_ALPHA_per_atom=    0.02, RMSE_ALPHA_DERIV=    1.92
2025-07-13 02:35:28.299 INFO: Epoch 1165: head: Default, loss=0.5624, RMSE_MU_per_atom=0.00 mDebye, RMSE_MU_DERIV=0.00 mDebye / A, RMSE_ALPHA_per_atom=    0.02, RMSE_ALPHA_DERIV=    1.91
2025-07-13 02:36:20.669 INFO: Epoch 1166: head: Default, loss=0.5618, RMSE_MU_per_atom=0.00 mDebye, RMSE_MU_DERIV=0.00 mDebye / A, RMSE_ALPHA_per_atom=    0.02, RMSE_ALPHA_DERIV=    1.91
2025-07-13 02:37:13.046 INFO: Epoch 1167: head: Default, loss=0.5619, RMSE_MU_per_atom=0.00 mDebye, RMSE_MU_DERIV=0.00 mDebye / A, RMSE_ALPHA_per_atom=    0.02, RMSE_ALPHA_DERIV=    1.91
2025-07-13 02:38:05.388 INFO: Epoch 1168: head: Default, loss=0.5625, RMSE_MU_per_atom=0.00 mDebye, RMSE_MU_DERIV=0.00 mDebye / A, RMSE_ALPHA_per_atom=    0.02, RMSE_ALPHA_DERIV=    1.92
2025-07-13 02:38:57.723 INFO: Epoch 1169: head: Default, loss=0.5625, RMSE_MU_per_atom=0.00 mDebye, RMSE_MU_DERIV=0.00 mDebye / A, RMSE_ALPHA_per_atom=    0.02, RMSE_ALPHA_DERIV=    1.91
2025-07-13 02:39:50.130 INFO: Epoch 1170: head: Default, loss=0.5624, RMSE_MU_per_atom=0.00 mDebye, RMSE_MU_DERIV=0.00 mDebye / A, RMSE_ALPHA_per_atom=    0.02, RMSE_ALPHA_DERIV=    1.91
2025-07-13 02:40:42.512 INFO: Epoch 1171: head: Default, loss=0.5615, RMSE_MU_per_atom=0.00 mDebye, RMSE_MU_DERIV=0.00 mDebye / A, RMSE_ALPHA_per_atom=    0.02, RMSE_ALPHA_DERIV=    1.91
2025-07-13 02:41:34.889 INFO: Epoch 1172: head: Default, loss=0.5622, RMSE_MU_per_atom=0.00 mDebye, RMSE_MU_DERIV=0.00 mDebye / A, RMSE_ALPHA_per_atom=    0.02, RMSE_ALPHA_DERIV=    1.91
2025-07-13 02:42:27.276 INFO: Epoch 1173: head: Default, loss=0.5622, RMSE_MU_per_atom=0.00 mDebye, RMSE_MU_DERIV=0.00 mDebye / A, RMSE_ALPHA_per_atom=    0.02, RMSE_ALPHA_DERIV=    1.91
2025-07-13 02:43:19.689 INFO: Epoch 1174: head: Default, loss=0.5621, RMSE_MU_per_atom=0.00 mDebye, RMSE_MU_DERIV=0.00 mDebye / A, RMSE_ALPHA_per_atom=    0.02, RMSE_ALPHA_DERIV=    1.91
2025-07-13 02:44:12.087 INFO: Epoch 1175: head: Default, loss=0.5618, RMSE_MU_per_atom=0.00 mDebye, RMSE_MU_DERIV=0.00 mDebye / A, RMSE_ALPHA_per_atom=    0.02, RMSE_ALPHA_DERIV=    1.91
2025-07-13 02:45:04.420 INFO: Epoch 1176: head: Default, loss=0.5625, RMSE_MU_per_atom=0.00 mDebye, RMSE_MU_DERIV=0.00 mDebye / A, RMSE_ALPHA_per_atom=    0.02, RMSE_ALPHA_DERIV=    1.91
2025-07-13 02:45:56.765 INFO: Epoch 1177: head: Default, loss=0.5641, RMSE_MU_per_atom=0.00 mDebye, RMSE_MU_DERIV=0.00 mDebye / A, RMSE_ALPHA_per_atom=    0.03, RMSE_ALPHA_DERIV=    1.92
2025-07-13 02:46:49.160 INFO: Epoch 1178: head: Default, loss=0.5626, RMSE_MU_per_atom=0.00 mDebye, RMSE_MU_DERIV=0.00 mDebye / A, RMSE_ALPHA_per_atom=    0.02, RMSE_ALPHA_DERIV=    1.92
2025-07-13 02:47:41.532 INFO: Epoch 1179: head: Default, loss=0.5622, RMSE_MU_per_atom=0.00 mDebye, RMSE_MU_DERIV=0.00 mDebye / A, RMSE_ALPHA_per_atom=    0.02, RMSE_ALPHA_DERIV=    1.91
2025-07-13 02:48:33.903 INFO: Epoch 1180: head: Default, loss=0.5631, RMSE_MU_per_atom=0.00 mDebye, RMSE_MU_DERIV=0.00 mDebye / A, RMSE_ALPHA_per_atom=    0.03, RMSE_ALPHA_DERIV=    1.91
2025-07-13 02:49:26.277 INFO: Epoch 1181: head: Default, loss=0.5621, RMSE_MU_per_atom=0.00 mDebye, RMSE_MU_DERIV=0.00 mDebye / A, RMSE_ALPHA_per_atom=    0.02, RMSE_ALPHA_DERIV=    1.91
2025-07-13 02:50:18.605 INFO: Epoch 1182: head: Default, loss=0.5624, RMSE_MU_per_atom=0.00 mDebye, RMSE_MU_DERIV=0.00 mDebye / A, RMSE_ALPHA_per_atom=    0.02, RMSE_ALPHA_DERIV=    1.91
2025-07-13 02:51:10.979 INFO: Epoch 1183: head: Default, loss=0.5621, RMSE_MU_per_atom=0.00 mDebye, RMSE_MU_DERIV=0.00 mDebye / A, RMSE_ALPHA_per_atom=    0.02, RMSE_ALPHA_DERIV=    1.91
2025-07-13 02:52:03.327 INFO: Epoch 1184: head: Default, loss=0.5629, RMSE_MU_per_atom=0.00 mDebye, RMSE_MU_DERIV=0.00 mDebye / A, RMSE_ALPHA_per_atom=    0.03, RMSE_ALPHA_DERIV=    1.91
2025-07-13 02:52:55.691 INFO: Epoch 1185: head: Default, loss=0.5623, RMSE_MU_per_atom=0.00 mDebye, RMSE_MU_DERIV=0.00 mDebye / A, RMSE_ALPHA_per_atom=    0.02, RMSE_ALPHA_DERIV=    1.91
2025-07-13 02:53:48.083 INFO: Epoch 1186: head: Default, loss=0.5631, RMSE_MU_per_atom=0.00 mDebye, RMSE_MU_DERIV=0.00 mDebye / A, RMSE_ALPHA_per_atom=    0.02, RMSE_ALPHA_DERIV=    1.91
2025-07-13 02:54:40.415 INFO: Epoch 1187: head: Default, loss=0.5634, RMSE_MU_per_atom=0.00 mDebye, RMSE_MU_DERIV=0.00 mDebye / A, RMSE_ALPHA_per_atom=    0.02, RMSE_ALPHA_DERIV=    1.91
2025-07-13 02:55:32.748 INFO: Epoch 1188: head: Default, loss=0.5619, RMSE_MU_per_atom=0.00 mDebye, RMSE_MU_DERIV=0.00 mDebye / A, RMSE_ALPHA_per_atom=    0.02, RMSE_ALPHA_DERIV=    1.91
2025-07-13 02:56:25.086 INFO: Epoch 1189: head: Default, loss=0.5626, RMSE_MU_per_atom=0.00 mDebye, RMSE_MU_DERIV=0.00 mDebye / A, RMSE_ALPHA_per_atom=    0.02, RMSE_ALPHA_DERIV=    1.91
2025-07-13 02:57:17.450 INFO: Epoch 1190: head: Default, loss=0.5621, RMSE_MU_per_atom=0.00 mDebye, RMSE_MU_DERIV=0.00 mDebye / A, RMSE_ALPHA_per_atom=    0.02, RMSE_ALPHA_DERIV=    1.91
2025-07-13 02:58:09.777 INFO: Epoch 1191: head: Default, loss=0.5624, RMSE_MU_per_atom=0.00 mDebye, RMSE_MU_DERIV=0.00 mDebye / A, RMSE_ALPHA_per_atom=    0.02, RMSE_ALPHA_DERIV=    1.91
2025-07-13 02:59:02.117 INFO: Epoch 1192: head: Default, loss=0.5618, RMSE_MU_per_atom=0.00 mDebye, RMSE_MU_DERIV=0.00 mDebye / A, RMSE_ALPHA_per_atom=    0.02, RMSE_ALPHA_DERIV=    1.91
2025-07-13 02:59:54.453 INFO: Epoch 1193: head: Default, loss=0.5627, RMSE_MU_per_atom=0.00 mDebye, RMSE_MU_DERIV=0.00 mDebye / A, RMSE_ALPHA_per_atom=    0.02, RMSE_ALPHA_DERIV=    1.91
2025-07-13 03:00:46.825 INFO: Epoch 1194: head: Default, loss=0.5626, RMSE_MU_per_atom=0.00 mDebye, RMSE_MU_DERIV=0.00 mDebye / A, RMSE_ALPHA_per_atom=    0.02, RMSE_ALPHA_DERIV=    1.91
2025-07-13 03:01:39.120 INFO: Epoch 1195: head: Default, loss=0.5623, RMSE_MU_per_atom=0.00 mDebye, RMSE_MU_DERIV=0.00 mDebye / A, RMSE_ALPHA_per_atom=    0.03, RMSE_ALPHA_DERIV=    1.91
2025-07-13 03:02:31.361 INFO: Epoch 1196: head: Default, loss=0.5630, RMSE_MU_per_atom=0.00 mDebye, RMSE_MU_DERIV=0.00 mDebye / A, RMSE_ALPHA_per_atom=    0.02, RMSE_ALPHA_DERIV=    1.91
2025-07-13 03:03:23.717 INFO: Epoch 1197: head: Default, loss=0.5619, RMSE_MU_per_atom=0.00 mDebye, RMSE_MU_DERIV=0.00 mDebye / A, RMSE_ALPHA_per_atom=    0.02, RMSE_ALPHA_DERIV=    1.91
2025-07-13 03:04:15.992 INFO: Epoch 1198: head: Default, loss=0.5627, RMSE_MU_per_atom=0.00 mDebye, RMSE_MU_DERIV=0.00 mDebye / A, RMSE_ALPHA_per_atom=    0.03, RMSE_ALPHA_DERIV=    1.91
2025-07-13 03:05:08.207 INFO: Epoch 1199: head: Default, loss=0.5618, RMSE_MU_per_atom=0.00 mDebye, RMSE_MU_DERIV=0.00 mDebye / A, RMSE_ALPHA_per_atom=    0.02, RMSE_ALPHA_DERIV=    1.91
2025-07-13 03:06:00.440 INFO: Epoch 1200: head: Default, loss=0.5624, RMSE_MU_per_atom=0.00 mDebye, RMSE_MU_DERIV=0.00 mDebye / A, RMSE_ALPHA_per_atom=    0.03, RMSE_ALPHA_DERIV=    1.91
2025-07-13 03:06:52.698 INFO: Epoch 1201: head: Default, loss=0.5628, RMSE_MU_per_atom=0.00 mDebye, RMSE_MU_DERIV=0.00 mDebye / A, RMSE_ALPHA_per_atom=    0.02, RMSE_ALPHA_DERIV=    1.91
2025-07-13 03:07:44.975 INFO: Epoch 1202: head: Default, loss=0.5623, RMSE_MU_per_atom=0.00 mDebye, RMSE_MU_DERIV=0.00 mDebye / A, RMSE_ALPHA_per_atom=    0.03, RMSE_ALPHA_DERIV=    1.91
2025-07-13 03:08:37.336 INFO: Epoch 1203: head: Default, loss=0.5619, RMSE_MU_per_atom=0.00 mDebye, RMSE_MU_DERIV=0.00 mDebye / A, RMSE_ALPHA_per_atom=    0.02, RMSE_ALPHA_DERIV=    1.91
2025-07-13 03:09:29.695 INFO: Epoch 1204: head: Default, loss=0.5620, RMSE_MU_per_atom=0.00 mDebye, RMSE_MU_DERIV=0.00 mDebye / A, RMSE_ALPHA_per_atom=    0.02, RMSE_ALPHA_DERIV=    1.91
2025-07-13 03:10:22.051 INFO: Epoch 1205: head: Default, loss=0.5620, RMSE_MU_per_atom=0.00 mDebye, RMSE_MU_DERIV=0.00 mDebye / A, RMSE_ALPHA_per_atom=    0.02, RMSE_ALPHA_DERIV=    1.91
2025-07-13 03:11:14.360 INFO: Epoch 1206: head: Default, loss=0.5626, RMSE_MU_per_atom=0.00 mDebye, RMSE_MU_DERIV=0.00 mDebye / A, RMSE_ALPHA_per_atom=    0.02, RMSE_ALPHA_DERIV=    1.91
2025-07-13 03:12:06.734 INFO: Epoch 1207: head: Default, loss=0.5631, RMSE_MU_per_atom=0.00 mDebye, RMSE_MU_DERIV=0.00 mDebye / A, RMSE_ALPHA_per_atom=    0.02, RMSE_ALPHA_DERIV=    1.92
2025-07-13 03:12:59.044 INFO: Epoch 1208: head: Default, loss=0.5623, RMSE_MU_per_atom=0.00 mDebye, RMSE_MU_DERIV=0.00 mDebye / A, RMSE_ALPHA_per_atom=    0.02, RMSE_ALPHA_DERIV=    1.91
2025-07-13 03:13:51.383 INFO: Epoch 1209: head: Default, loss=0.5622, RMSE_MU_per_atom=0.00 mDebye, RMSE_MU_DERIV=0.00 mDebye / A, RMSE_ALPHA_per_atom=    0.02, RMSE_ALPHA_DERIV=    1.91
2025-07-13 03:14:43.667 INFO: Epoch 1210: head: Default, loss=0.5617, RMSE_MU_per_atom=0.00 mDebye, RMSE_MU_DERIV=0.00 mDebye / A, RMSE_ALPHA_per_atom=    0.02, RMSE_ALPHA_DERIV=    1.91
2025-07-13 03:15:35.889 INFO: Epoch 1211: head: Default, loss=0.5616, RMSE_MU_per_atom=0.00 mDebye, RMSE_MU_DERIV=0.00 mDebye / A, RMSE_ALPHA_per_atom=    0.02, RMSE_ALPHA_DERIV=    1.91
2025-07-13 03:16:28.183 INFO: Epoch 1212: head: Default, loss=0.5619, RMSE_MU_per_atom=0.00 mDebye, RMSE_MU_DERIV=0.00 mDebye / A, RMSE_ALPHA_per_atom=    0.02, RMSE_ALPHA_DERIV=    1.91
2025-07-13 03:17:20.473 INFO: Epoch 1213: head: Default, loss=0.5614, RMSE_MU_per_atom=0.00 mDebye, RMSE_MU_DERIV=0.00 mDebye / A, RMSE_ALPHA_per_atom=    0.02, RMSE_ALPHA_DERIV=    1.91
2025-07-13 03:18:12.747 INFO: Epoch 1214: head: Default, loss=0.5625, RMSE_MU_per_atom=0.00 mDebye, RMSE_MU_DERIV=0.00 mDebye / A, RMSE_ALPHA_per_atom=    0.02, RMSE_ALPHA_DERIV=    1.91
2025-07-13 03:19:05.086 INFO: Epoch 1215: head: Default, loss=0.5625, RMSE_MU_per_atom=0.00 mDebye, RMSE_MU_DERIV=0.00 mDebye / A, RMSE_ALPHA_per_atom=    0.02, RMSE_ALPHA_DERIV=    1.91
2025-07-13 03:19:57.428 INFO: Epoch 1216: head: Default, loss=0.5615, RMSE_MU_per_atom=0.00 mDebye, RMSE_MU_DERIV=0.00 mDebye / A, RMSE_ALPHA_per_atom=    0.02, RMSE_ALPHA_DERIV=    1.91
2025-07-13 03:20:49.707 INFO: Epoch 1217: head: Default, loss=0.5623, RMSE_MU_per_atom=0.00 mDebye, RMSE_MU_DERIV=0.00 mDebye / A, RMSE_ALPHA_per_atom=    0.02, RMSE_ALPHA_DERIV=    1.91
2025-07-13 03:21:42.055 INFO: Epoch 1218: head: Default, loss=0.5627, RMSE_MU_per_atom=0.00 mDebye, RMSE_MU_DERIV=0.00 mDebye / A, RMSE_ALPHA_per_atom=    0.02, RMSE_ALPHA_DERIV=    1.92
2025-07-13 03:22:34.394 INFO: Epoch 1219: head: Default, loss=0.5619, RMSE_MU_per_atom=0.00 mDebye, RMSE_MU_DERIV=0.00 mDebye / A, RMSE_ALPHA_per_atom=    0.02, RMSE_ALPHA_DERIV=    1.91
2025-07-13 03:23:26.743 INFO: Epoch 1220: head: Default, loss=0.5616, RMSE_MU_per_atom=0.00 mDebye, RMSE_MU_DERIV=0.00 mDebye / A, RMSE_ALPHA_per_atom=    0.02, RMSE_ALPHA_DERIV=    1.91
2025-07-13 03:24:19.124 INFO: Epoch 1221: head: Default, loss=0.5617, RMSE_MU_per_atom=0.00 mDebye, RMSE_MU_DERIV=0.00 mDebye / A, RMSE_ALPHA_per_atom=    0.02, RMSE_ALPHA_DERIV=    1.91
2025-07-13 03:25:11.485 INFO: Epoch 1222: head: Default, loss=0.5624, RMSE_MU_per_atom=0.00 mDebye, RMSE_MU_DERIV=0.00 mDebye / A, RMSE_ALPHA_per_atom=    0.02, RMSE_ALPHA_DERIV=    1.91
2025-07-13 03:26:03.832 INFO: Epoch 1223: head: Default, loss=0.5625, RMSE_MU_per_atom=0.00 mDebye, RMSE_MU_DERIV=0.00 mDebye / A, RMSE_ALPHA_per_atom=    0.02, RMSE_ALPHA_DERIV=    1.91
2025-07-13 03:26:56.134 INFO: Epoch 1224: head: Default, loss=0.5619, RMSE_MU_per_atom=0.00 mDebye, RMSE_MU_DERIV=0.00 mDebye / A, RMSE_ALPHA_per_atom=    0.02, RMSE_ALPHA_DERIV=    1.91
2025-07-13 03:27:48.409 INFO: Epoch 1225: head: Default, loss=0.5623, RMSE_MU_per_atom=0.00 mDebye, RMSE_MU_DERIV=0.00 mDebye / A, RMSE_ALPHA_per_atom=    0.02, RMSE_ALPHA_DERIV=    1.91
2025-07-13 03:28:40.702 INFO: Epoch 1226: head: Default, loss=0.5620, RMSE_MU_per_atom=0.00 mDebye, RMSE_MU_DERIV=0.00 mDebye / A, RMSE_ALPHA_per_atom=    0.02, RMSE_ALPHA_DERIV=    1.91
2025-07-13 03:29:32.964 INFO: Epoch 1227: head: Default, loss=0.5622, RMSE_MU_per_atom=0.00 mDebye, RMSE_MU_DERIV=0.00 mDebye / A, RMSE_ALPHA_per_atom=    0.02, RMSE_ALPHA_DERIV=    1.91
2025-07-13 03:30:25.295 INFO: Epoch 1228: head: Default, loss=0.5622, RMSE_MU_per_atom=0.00 mDebye, RMSE_MU_DERIV=0.00 mDebye / A, RMSE_ALPHA_per_atom=    0.02, RMSE_ALPHA_DERIV=    1.91
2025-07-13 03:31:17.637 INFO: Epoch 1229: head: Default, loss=0.5630, RMSE_MU_per_atom=0.00 mDebye, RMSE_MU_DERIV=0.00 mDebye / A, RMSE_ALPHA_per_atom=    0.02, RMSE_ALPHA_DERIV=    1.91
2025-07-13 03:32:09.969 INFO: Epoch 1230: head: Default, loss=0.5622, RMSE_MU_per_atom=0.00 mDebye, RMSE_MU_DERIV=0.00 mDebye / A, RMSE_ALPHA_per_atom=    0.02, RMSE_ALPHA_DERIV=    1.91
2025-07-13 03:33:02.298 INFO: Epoch 1231: head: Default, loss=0.5615, RMSE_MU_per_atom=0.00 mDebye, RMSE_MU_DERIV=0.00 mDebye / A, RMSE_ALPHA_per_atom=    0.02, RMSE_ALPHA_DERIV=    1.91
2025-07-13 03:33:54.616 INFO: Epoch 1232: head: Default, loss=0.5621, RMSE_MU_per_atom=0.00 mDebye, RMSE_MU_DERIV=0.00 mDebye / A, RMSE_ALPHA_per_atom=    0.02, RMSE_ALPHA_DERIV=    1.91
2025-07-13 03:34:46.933 INFO: Epoch 1233: head: Default, loss=0.5622, RMSE_MU_per_atom=0.00 mDebye, RMSE_MU_DERIV=0.00 mDebye / A, RMSE_ALPHA_per_atom=    0.02, RMSE_ALPHA_DERIV=    1.91
2025-07-13 03:35:39.234 INFO: Epoch 1234: head: Default, loss=0.5616, RMSE_MU_per_atom=0.00 mDebye, RMSE_MU_DERIV=0.00 mDebye / A, RMSE_ALPHA_per_atom=    0.02, RMSE_ALPHA_DERIV=    1.91
2025-07-13 03:36:31.613 INFO: Epoch 1235: head: Default, loss=0.5626, RMSE_MU_per_atom=0.00 mDebye, RMSE_MU_DERIV=0.00 mDebye / A, RMSE_ALPHA_per_atom=    0.02, RMSE_ALPHA_DERIV=    1.91
2025-07-13 03:37:23.990 INFO: Epoch 1236: head: Default, loss=0.5619, RMSE_MU_per_atom=0.00 mDebye, RMSE_MU_DERIV=0.00 mDebye / A, RMSE_ALPHA_per_atom=    0.02, RMSE_ALPHA_DERIV=    1.91
2025-07-13 03:38:16.359 INFO: Epoch 1237: head: Default, loss=0.5622, RMSE_MU_per_atom=0.00 mDebye, RMSE_MU_DERIV=0.00 mDebye / A, RMSE_ALPHA_per_atom=    0.02, RMSE_ALPHA_DERIV=    1.91
2025-07-13 03:39:08.722 INFO: Epoch 1238: head: Default, loss=0.5627, RMSE_MU_per_atom=0.00 mDebye, RMSE_MU_DERIV=0.00 mDebye / A, RMSE_ALPHA_per_atom=    0.02, RMSE_ALPHA_DERIV=    1.91
2025-07-13 03:40:01.029 INFO: Epoch 1239: head: Default, loss=0.5626, RMSE_MU_per_atom=0.00 mDebye, RMSE_MU_DERIV=0.00 mDebye / A, RMSE_ALPHA_per_atom=    0.02, RMSE_ALPHA_DERIV=    1.91
2025-07-13 03:40:53.369 INFO: Epoch 1240: head: Default, loss=0.5625, RMSE_MU_per_atom=0.00 mDebye, RMSE_MU_DERIV=0.00 mDebye / A, RMSE_ALPHA_per_atom=    0.02, RMSE_ALPHA_DERIV=    1.92
2025-07-13 03:41:45.724 INFO: Epoch 1241: head: Default, loss=0.5619, RMSE_MU_per_atom=0.00 mDebye, RMSE_MU_DERIV=0.00 mDebye / A, RMSE_ALPHA_per_atom=    0.02, RMSE_ALPHA_DERIV=    1.91
2025-07-13 03:42:38.098 INFO: Epoch 1242: head: Default, loss=0.5626, RMSE_MU_per_atom=0.00 mDebye, RMSE_MU_DERIV=0.00 mDebye / A, RMSE_ALPHA_per_atom=    0.02, RMSE_ALPHA_DERIV=    1.92
2025-07-13 03:43:30.411 INFO: Epoch 1243: head: Default, loss=0.5626, RMSE_MU_per_atom=0.00 mDebye, RMSE_MU_DERIV=0.00 mDebye / A, RMSE_ALPHA_per_atom=    0.02, RMSE_ALPHA_DERIV=    1.91
2025-07-13 03:44:22.725 INFO: Epoch 1244: head: Default, loss=0.5619, RMSE_MU_per_atom=0.00 mDebye, RMSE_MU_DERIV=0.00 mDebye / A, RMSE_ALPHA_per_atom=    0.02, RMSE_ALPHA_DERIV=    1.91
2025-07-13 03:45:15.102 INFO: Epoch 1245: head: Default, loss=0.5621, RMSE_MU_per_atom=0.00 mDebye, RMSE_MU_DERIV=0.00 mDebye / A, RMSE_ALPHA_per_atom=    0.02, RMSE_ALPHA_DERIV=    1.91
2025-07-13 03:46:07.508 INFO: Epoch 1246: head: Default, loss=0.5623, RMSE_MU_per_atom=0.00 mDebye, RMSE_MU_DERIV=0.00 mDebye / A, RMSE_ALPHA_per_atom=    0.02, RMSE_ALPHA_DERIV=    1.91
2025-07-13 03:46:59.897 INFO: Epoch 1247: head: Default, loss=0.5622, RMSE_MU_per_atom=0.00 mDebye, RMSE_MU_DERIV=0.00 mDebye / A, RMSE_ALPHA_per_atom=    0.02, RMSE_ALPHA_DERIV=    1.91
2025-07-13 03:47:52.264 INFO: Epoch 1248: head: Default, loss=0.5617, RMSE_MU_per_atom=0.00 mDebye, RMSE_MU_DERIV=0.00 mDebye / A, RMSE_ALPHA_per_atom=    0.02, RMSE_ALPHA_DERIV=    1.91
2025-07-13 03:48:44.653 INFO: Epoch 1249: head: Default, loss=0.5626, RMSE_MU_per_atom=0.00 mDebye, RMSE_MU_DERIV=0.00 mDebye / A, RMSE_ALPHA_per_atom=    0.02, RMSE_ALPHA_DERIV=    1.91
2025-07-13 03:49:37.041 INFO: Epoch 1250: head: Default, loss=0.5625, RMSE_MU_per_atom=0.00 mDebye, RMSE_MU_DERIV=0.00 mDebye / A, RMSE_ALPHA_per_atom=    0.02, RMSE_ALPHA_DERIV=    1.91
2025-07-13 03:50:29.437 INFO: Epoch 1251: head: Default, loss=0.5623, RMSE_MU_per_atom=0.00 mDebye, RMSE_MU_DERIV=0.00 mDebye / A, RMSE_ALPHA_per_atom=    0.02, RMSE_ALPHA_DERIV=    1.91
2025-07-13 03:51:21.829 INFO: Epoch 1252: head: Default, loss=0.5629, RMSE_MU_per_atom=0.00 mDebye, RMSE_MU_DERIV=0.00 mDebye / A, RMSE_ALPHA_per_atom=    0.02, RMSE_ALPHA_DERIV=    1.91
2025-07-13 03:52:14.194 INFO: Epoch 1253: head: Default, loss=0.5628, RMSE_MU_per_atom=0.00 mDebye, RMSE_MU_DERIV=0.00 mDebye / A, RMSE_ALPHA_per_atom=    0.02, RMSE_ALPHA_DERIV=    1.91
2025-07-13 03:53:06.557 INFO: Epoch 1254: head: Default, loss=0.5628, RMSE_MU_per_atom=0.00 mDebye, RMSE_MU_DERIV=0.00 mDebye / A, RMSE_ALPHA_per_atom=    0.02, RMSE_ALPHA_DERIV=    1.91
2025-07-13 03:53:58.924 INFO: Epoch 1255: head: Default, loss=0.5618, RMSE_MU_per_atom=0.00 mDebye, RMSE_MU_DERIV=0.00 mDebye / A, RMSE_ALPHA_per_atom=    0.02, RMSE_ALPHA_DERIV=    1.91
2025-07-13 03:54:51.318 INFO: Epoch 1256: head: Default, loss=0.5625, RMSE_MU_per_atom=0.00 mDebye, RMSE_MU_DERIV=0.00 mDebye / A, RMSE_ALPHA_per_atom=    0.02, RMSE_ALPHA_DERIV=    1.91
2025-07-13 03:55:43.692 INFO: Epoch 1257: head: Default, loss=0.5625, RMSE_MU_per_atom=0.00 mDebye, RMSE_MU_DERIV=0.00 mDebye / A, RMSE_ALPHA_per_atom=    0.02, RMSE_ALPHA_DERIV=    1.91
2025-07-13 03:56:36.092 INFO: Epoch 1258: head: Default, loss=0.5625, RMSE_MU_per_atom=0.00 mDebye, RMSE_MU_DERIV=0.00 mDebye / A, RMSE_ALPHA_per_atom=    0.02, RMSE_ALPHA_DERIV=    1.91
2025-07-13 03:57:28.463 INFO: Epoch 1259: head: Default, loss=0.5620, RMSE_MU_per_atom=0.00 mDebye, RMSE_MU_DERIV=0.00 mDebye / A, RMSE_ALPHA_per_atom=    0.02, RMSE_ALPHA_DERIV=    1.91
2025-07-13 03:58:20.838 INFO: Epoch 1260: head: Default, loss=0.5621, RMSE_MU_per_atom=0.00 mDebye, RMSE_MU_DERIV=0.00 mDebye / A, RMSE_ALPHA_per_atom=    0.02, RMSE_ALPHA_DERIV=    1.91
2025-07-13 03:59:13.241 INFO: Epoch 1261: head: Default, loss=0.5626, RMSE_MU_per_atom=0.00 mDebye, RMSE_MU_DERIV=0.00 mDebye / A, RMSE_ALPHA_per_atom=    0.02, RMSE_ALPHA_DERIV=    1.91
2025-07-13 04:00:05.645 INFO: Epoch 1262: head: Default, loss=0.5617, RMSE_MU_per_atom=0.00 mDebye, RMSE_MU_DERIV=0.00 mDebye / A, RMSE_ALPHA_per_atom=    0.02, RMSE_ALPHA_DERIV=    1.91
2025-07-13 04:00:58.065 INFO: Epoch 1263: head: Default, loss=0.5622, RMSE_MU_per_atom=0.00 mDebye, RMSE_MU_DERIV=0.00 mDebye / A, RMSE_ALPHA_per_atom=    0.02, RMSE_ALPHA_DERIV=    1.91
2025-07-13 04:01:50.430 INFO: Epoch 1264: head: Default, loss=0.5616, RMSE_MU_per_atom=0.00 mDebye, RMSE_MU_DERIV=0.00 mDebye / A, RMSE_ALPHA_per_atom=    0.02, RMSE_ALPHA_DERIV=    1.91
2025-07-13 04:02:42.838 INFO: Epoch 1265: head: Default, loss=0.5621, RMSE_MU_per_atom=0.00 mDebye, RMSE_MU_DERIV=0.00 mDebye / A, RMSE_ALPHA_per_atom=    0.02, RMSE_ALPHA_DERIV=    1.91
2025-07-13 04:03:35.153 INFO: Epoch 1266: head: Default, loss=0.5622, RMSE_MU_per_atom=0.00 mDebye, RMSE_MU_DERIV=0.00 mDebye / A, RMSE_ALPHA_per_atom=    0.02, RMSE_ALPHA_DERIV=    1.91
2025-07-13 04:04:27.417 INFO: Epoch 1267: head: Default, loss=0.5619, RMSE_MU_per_atom=0.00 mDebye, RMSE_MU_DERIV=0.00 mDebye / A, RMSE_ALPHA_per_atom=    0.02, RMSE_ALPHA_DERIV=    1.91
2025-07-13 04:05:19.764 INFO: Epoch 1268: head: Default, loss=0.5622, RMSE_MU_per_atom=0.00 mDebye, RMSE_MU_DERIV=0.00 mDebye / A, RMSE_ALPHA_per_atom=    0.02, RMSE_ALPHA_DERIV=    1.91
2025-07-13 04:06:12.136 INFO: Epoch 1269: head: Default, loss=0.5624, RMSE_MU_per_atom=0.00 mDebye, RMSE_MU_DERIV=0.00 mDebye / A, RMSE_ALPHA_per_atom=    0.02, RMSE_ALPHA_DERIV=    1.91
2025-07-13 04:07:04.545 INFO: Epoch 1270: head: Default, loss=0.5626, RMSE_MU_per_atom=0.00 mDebye, RMSE_MU_DERIV=0.00 mDebye / A, RMSE_ALPHA_per_atom=    0.02, RMSE_ALPHA_DERIV=    1.91
2025-07-13 04:07:56.917 INFO: Epoch 1271: head: Default, loss=0.5626, RMSE_MU_per_atom=0.00 mDebye, RMSE_MU_DERIV=0.00 mDebye / A, RMSE_ALPHA_per_atom=    0.02, RMSE_ALPHA_DERIV=    1.91
2025-07-13 04:08:49.301 INFO: Epoch 1272: head: Default, loss=0.5630, RMSE_MU_per_atom=0.00 mDebye, RMSE_MU_DERIV=0.00 mDebye / A, RMSE_ALPHA_per_atom=    0.02, RMSE_ALPHA_DERIV=    1.91
2025-07-13 04:09:41.695 INFO: Epoch 1273: head: Default, loss=0.5625, RMSE_MU_per_atom=0.00 mDebye, RMSE_MU_DERIV=0.00 mDebye / A, RMSE_ALPHA_per_atom=    0.02, RMSE_ALPHA_DERIV=    1.91
2025-07-13 04:10:34.091 INFO: Epoch 1274: head: Default, loss=0.5620, RMSE_MU_per_atom=0.00 mDebye, RMSE_MU_DERIV=0.00 mDebye / A, RMSE_ALPHA_per_atom=    0.02, RMSE_ALPHA_DERIV=    1.91
2025-07-13 04:11:26.467 INFO: Epoch 1275: head: Default, loss=0.5624, RMSE_MU_per_atom=0.00 mDebye, RMSE_MU_DERIV=0.00 mDebye / A, RMSE_ALPHA_per_atom=    0.02, RMSE_ALPHA_DERIV=    1.91
2025-07-13 04:12:18.865 INFO: Epoch 1276: head: Default, loss=0.5624, RMSE_MU_per_atom=0.00 mDebye, RMSE_MU_DERIV=0.00 mDebye / A, RMSE_ALPHA_per_atom=    0.02, RMSE_ALPHA_DERIV=    1.91
2025-07-13 04:13:11.240 INFO: Epoch 1277: head: Default, loss=0.5621, RMSE_MU_per_atom=0.00 mDebye, RMSE_MU_DERIV=0.00 mDebye / A, RMSE_ALPHA_per_atom=    0.02, RMSE_ALPHA_DERIV=    1.91
2025-07-13 04:14:03.630 INFO: Epoch 1278: head: Default, loss=0.5617, RMSE_MU_per_atom=0.00 mDebye, RMSE_MU_DERIV=0.00 mDebye / A, RMSE_ALPHA_per_atom=    0.02, RMSE_ALPHA_DERIV=    1.91
2025-07-13 04:14:56.035 INFO: Epoch 1279: head: Default, loss=0.5624, RMSE_MU_per_atom=0.00 mDebye, RMSE_MU_DERIV=0.00 mDebye / A, RMSE_ALPHA_per_atom=    0.02, RMSE_ALPHA_DERIV=    1.91
2025-07-13 04:15:48.407 INFO: Epoch 1280: head: Default, loss=0.5621, RMSE_MU_per_atom=0.00 mDebye, RMSE_MU_DERIV=0.00 mDebye / A, RMSE_ALPHA_per_atom=    0.02, RMSE_ALPHA_DERIV=    1.91
2025-07-13 04:16:40.803 INFO: Epoch 1281: head: Default, loss=0.5621, RMSE_MU_per_atom=0.00 mDebye, RMSE_MU_DERIV=0.00 mDebye / A, RMSE_ALPHA_per_atom=    0.02, RMSE_ALPHA_DERIV=    1.91
2025-07-13 04:17:33.131 INFO: Epoch 1282: head: Default, loss=0.5619, RMSE_MU_per_atom=0.00 mDebye, RMSE_MU_DERIV=0.00 mDebye / A, RMSE_ALPHA_per_atom=    0.02, RMSE_ALPHA_DERIV=    1.91
2025-07-13 04:18:25.521 INFO: Epoch 1283: head: Default, loss=0.5621, RMSE_MU_per_atom=0.00 mDebye, RMSE_MU_DERIV=0.00 mDebye / A, RMSE_ALPHA_per_atom=    0.02, RMSE_ALPHA_DERIV=    1.91
2025-07-13 04:19:17.903 INFO: Epoch 1284: head: Default, loss=0.5623, RMSE_MU_per_atom=0.00 mDebye, RMSE_MU_DERIV=0.00 mDebye / A, RMSE_ALPHA_per_atom=    0.02, RMSE_ALPHA_DERIV=    1.91
2025-07-13 04:20:10.261 INFO: Epoch 1285: head: Default, loss=0.5621, RMSE_MU_per_atom=0.00 mDebye, RMSE_MU_DERIV=0.00 mDebye / A, RMSE_ALPHA_per_atom=    0.02, RMSE_ALPHA_DERIV=    1.91
2025-07-13 04:21:02.587 INFO: Epoch 1286: head: Default, loss=0.5623, RMSE_MU_per_atom=0.00 mDebye, RMSE_MU_DERIV=0.00 mDebye / A, RMSE_ALPHA_per_atom=    0.02, RMSE_ALPHA_DERIV=    1.91
2025-07-13 04:21:54.950 INFO: Epoch 1287: head: Default, loss=0.5628, RMSE_MU_per_atom=0.00 mDebye, RMSE_MU_DERIV=0.00 mDebye / A, RMSE_ALPHA_per_atom=    0.02, RMSE_ALPHA_DERIV=    1.91
2025-07-13 04:22:47.330 INFO: Epoch 1288: head: Default, loss=0.5626, RMSE_MU_per_atom=0.00 mDebye, RMSE_MU_DERIV=0.00 mDebye / A, RMSE_ALPHA_per_atom=    0.02, RMSE_ALPHA_DERIV=    1.91
2025-07-13 04:23:39.699 INFO: Epoch 1289: head: Default, loss=0.5622, RMSE_MU_per_atom=0.00 mDebye, RMSE_MU_DERIV=0.00 mDebye / A, RMSE_ALPHA_per_atom=    0.02, RMSE_ALPHA_DERIV=    1.91
2025-07-13 04:24:32.081 INFO: Epoch 1290: head: Default, loss=0.5632, RMSE_MU_per_atom=0.00 mDebye, RMSE_MU_DERIV=0.00 mDebye / A, RMSE_ALPHA_per_atom=    0.02, RMSE_ALPHA_DERIV=    1.92
2025-07-13 04:25:24.485 INFO: Epoch 1291: head: Default, loss=0.5623, RMSE_MU_per_atom=0.00 mDebye, RMSE_MU_DERIV=0.00 mDebye / A, RMSE_ALPHA_per_atom=    0.02, RMSE_ALPHA_DERIV=    1.91
2025-07-13 04:26:16.883 INFO: Epoch 1292: head: Default, loss=0.5622, RMSE_MU_per_atom=0.00 mDebye, RMSE_MU_DERIV=0.00 mDebye / A, RMSE_ALPHA_per_atom=    0.02, RMSE_ALPHA_DERIV=    1.91
2025-07-13 04:27:09.282 INFO: Epoch 1293: head: Default, loss=0.5624, RMSE_MU_per_atom=0.00 mDebye, RMSE_MU_DERIV=0.00 mDebye / A, RMSE_ALPHA_per_atom=    0.02, RMSE_ALPHA_DERIV=    1.91
2025-07-13 04:28:01.684 INFO: Epoch 1294: head: Default, loss=0.5627, RMSE_MU_per_atom=0.00 mDebye, RMSE_MU_DERIV=0.00 mDebye / A, RMSE_ALPHA_per_atom=    0.02, RMSE_ALPHA_DERIV=    1.91
2025-07-13 04:28:54.073 INFO: Epoch 1295: head: Default, loss=0.5621, RMSE_MU_per_atom=0.00 mDebye, RMSE_MU_DERIV=0.00 mDebye / A, RMSE_ALPHA_per_atom=    0.02, RMSE_ALPHA_DERIV=    1.91
2025-07-13 04:29:46.421 INFO: Epoch 1296: head: Default, loss=0.5623, RMSE_MU_per_atom=0.00 mDebye, RMSE_MU_DERIV=0.00 mDebye / A, RMSE_ALPHA_per_atom=    0.02, RMSE_ALPHA_DERIV=    1.91
2025-07-13 04:30:38.797 INFO: Epoch 1297: head: Default, loss=0.5623, RMSE_MU_per_atom=0.00 mDebye, RMSE_MU_DERIV=0.00 mDebye / A, RMSE_ALPHA_per_atom=    0.02, RMSE_ALPHA_DERIV=    1.91
2025-07-13 04:31:31.191 INFO: Epoch 1298: head: Default, loss=0.5618, RMSE_MU_per_atom=0.00 mDebye, RMSE_MU_DERIV=0.00 mDebye / A, RMSE_ALPHA_per_atom=    0.02, RMSE_ALPHA_DERIV=    1.91
2025-07-13 04:32:23.583 INFO: Epoch 1299: head: Default, loss=0.5624, RMSE_MU_per_atom=0.00 mDebye, RMSE_MU_DERIV=0.00 mDebye / A, RMSE_ALPHA_per_atom=    0.02, RMSE_ALPHA_DERIV=    1.91
2025-07-13 04:33:15.981 INFO: Epoch 1300: head: Default, loss=0.5622, RMSE_MU_per_atom=0.00 mDebye, RMSE_MU_DERIV=0.00 mDebye / A, RMSE_ALPHA_per_atom=    0.02, RMSE_ALPHA_DERIV=    1.91
2025-07-13 04:34:08.370 INFO: Epoch 1301: head: Default, loss=0.5628, RMSE_MU_per_atom=0.00 mDebye, RMSE_MU_DERIV=0.00 mDebye / A, RMSE_ALPHA_per_atom=    0.02, RMSE_ALPHA_DERIV=    1.91
2025-07-13 04:35:00.771 INFO: Epoch 1302: head: Default, loss=0.5623, RMSE_MU_per_atom=0.00 mDebye, RMSE_MU_DERIV=0.00 mDebye / A, RMSE_ALPHA_per_atom=    0.02, RMSE_ALPHA_DERIV=    1.91
2025-07-13 04:35:53.152 INFO: Epoch 1303: head: Default, loss=0.5620, RMSE_MU_per_atom=0.00 mDebye, RMSE_MU_DERIV=0.00 mDebye / A, RMSE_ALPHA_per_atom=    0.02, RMSE_ALPHA_DERIV=    1.91
2025-07-13 04:36:45.571 INFO: Epoch 1304: head: Default, loss=0.5624, RMSE_MU_per_atom=0.00 mDebye, RMSE_MU_DERIV=0.00 mDebye / A, RMSE_ALPHA_per_atom=    0.02, RMSE_ALPHA_DERIV=    1.91
2025-07-13 04:37:37.971 INFO: Epoch 1305: head: Default, loss=0.5624, RMSE_MU_per_atom=0.00 mDebye, RMSE_MU_DERIV=0.00 mDebye / A, RMSE_ALPHA_per_atom=    0.02, RMSE_ALPHA_DERIV=    1.91
2025-07-13 04:38:30.335 INFO: Epoch 1306: head: Default, loss=0.5623, RMSE_MU_per_atom=0.00 mDebye, RMSE_MU_DERIV=0.00 mDebye / A, RMSE_ALPHA_per_atom=    0.02, RMSE_ALPHA_DERIV=    1.91
2025-07-13 04:39:22.734 INFO: Epoch 1307: head: Default, loss=0.5622, RMSE_MU_per_atom=0.00 mDebye, RMSE_MU_DERIV=0.00 mDebye / A, RMSE_ALPHA_per_atom=    0.02, RMSE_ALPHA_DERIV=    1.91
2025-07-13 04:40:15.115 INFO: Epoch 1308: head: Default, loss=0.5628, RMSE_MU_per_atom=0.00 mDebye, RMSE_MU_DERIV=0.00 mDebye / A, RMSE_ALPHA_per_atom=    0.02, RMSE_ALPHA_DERIV=    1.91
2025-07-13 04:41:07.491 INFO: Epoch 1309: head: Default, loss=0.5622, RMSE_MU_per_atom=0.00 mDebye, RMSE_MU_DERIV=0.00 mDebye / A, RMSE_ALPHA_per_atom=    0.02, RMSE_ALPHA_DERIV=    1.91
2025-07-13 04:41:59.841 INFO: Epoch 1310: head: Default, loss=0.5621, RMSE_MU_per_atom=0.00 mDebye, RMSE_MU_DERIV=0.00 mDebye / A, RMSE_ALPHA_per_atom=    0.02, RMSE_ALPHA_DERIV=    1.91
2025-07-13 04:42:52.208 INFO: Epoch 1311: head: Default, loss=0.5619, RMSE_MU_per_atom=0.00 mDebye, RMSE_MU_DERIV=0.00 mDebye / A, RMSE_ALPHA_per_atom=    0.02, RMSE_ALPHA_DERIV=    1.91
2025-07-13 04:43:44.567 INFO: Epoch 1312: head: Default, loss=0.5624, RMSE_MU_per_atom=0.00 mDebye, RMSE_MU_DERIV=0.00 mDebye / A, RMSE_ALPHA_per_atom=    0.02, RMSE_ALPHA_DERIV=    1.91
2025-07-13 04:44:36.925 INFO: Epoch 1313: head: Default, loss=0.5620, RMSE_MU_per_atom=0.00 mDebye, RMSE_MU_DERIV=0.00 mDebye / A, RMSE_ALPHA_per_atom=    0.02, RMSE_ALPHA_DERIV=    1.91
2025-07-13 04:45:29.314 INFO: Epoch 1314: head: Default, loss=0.5625, RMSE_MU_per_atom=0.00 mDebye, RMSE_MU_DERIV=0.00 mDebye / A, RMSE_ALPHA_per_atom=    0.02, RMSE_ALPHA_DERIV=    1.91
2025-07-13 04:46:21.721 INFO: Epoch 1315: head: Default, loss=0.5623, RMSE_MU_per_atom=0.00 mDebye, RMSE_MU_DERIV=0.00 mDebye / A, RMSE_ALPHA_per_atom=    0.02, RMSE_ALPHA_DERIV=    1.91
2025-07-13 04:47:14.113 INFO: Epoch 1316: head: Default, loss=0.5623, RMSE_MU_per_atom=0.00 mDebye, RMSE_MU_DERIV=0.00 mDebye / A, RMSE_ALPHA_per_atom=    0.02, RMSE_ALPHA_DERIV=    1.91
2025-07-13 04:48:06.509 INFO: Epoch 1317: head: Default, loss=0.5621, RMSE_MU_per_atom=0.00 mDebye, RMSE_MU_DERIV=0.00 mDebye / A, RMSE_ALPHA_per_atom=    0.02, RMSE_ALPHA_DERIV=    1.91
2025-07-13 04:48:58.902 INFO: Epoch 1318: head: Default, loss=0.5623, RMSE_MU_per_atom=0.00 mDebye, RMSE_MU_DERIV=0.00 mDebye / A, RMSE_ALPHA_per_atom=    0.02, RMSE_ALPHA_DERIV=    1.91
2025-07-13 04:49:51.259 INFO: Epoch 1319: head: Default, loss=0.5621, RMSE_MU_per_atom=0.00 mDebye, RMSE_MU_DERIV=0.00 mDebye / A, RMSE_ALPHA_per_atom=    0.02, RMSE_ALPHA_DERIV=    1.91
2025-07-13 04:50:43.640 INFO: Epoch 1320: head: Default, loss=0.5619, RMSE_MU_per_atom=0.00 mDebye, RMSE_MU_DERIV=0.00 mDebye / A, RMSE_ALPHA_per_atom=    0.02, RMSE_ALPHA_DERIV=    1.91
2025-07-13 04:51:36.028 INFO: Epoch 1321: head: Default, loss=0.5620, RMSE_MU_per_atom=0.00 mDebye, RMSE_MU_DERIV=0.00 mDebye / A, RMSE_ALPHA_per_atom=    0.02, RMSE_ALPHA_DERIV=    1.91
2025-07-13 04:52:28.361 INFO: Epoch 1322: head: Default, loss=0.5624, RMSE_MU_per_atom=0.00 mDebye, RMSE_MU_DERIV=0.00 mDebye / A, RMSE_ALPHA_per_atom=    0.02, RMSE_ALPHA_DERIV=    1.91
2025-07-13 04:53:20.699 INFO: Epoch 1323: head: Default, loss=0.5623, RMSE_MU_per_atom=0.00 mDebye, RMSE_MU_DERIV=0.00 mDebye / A, RMSE_ALPHA_per_atom=    0.02, RMSE_ALPHA_DERIV=    1.91
2025-07-13 04:54:13.089 INFO: Epoch 1324: head: Default, loss=0.5619, RMSE_MU_per_atom=0.00 mDebye, RMSE_MU_DERIV=0.00 mDebye / A, RMSE_ALPHA_per_atom=    0.02, RMSE_ALPHA_DERIV=    1.91
2025-07-13 04:55:05.449 INFO: Epoch 1325: head: Default, loss=0.5626, RMSE_MU_per_atom=0.00 mDebye, RMSE_MU_DERIV=0.00 mDebye / A, RMSE_ALPHA_per_atom=    0.02, RMSE_ALPHA_DERIV=    1.91
2025-07-13 04:55:57.805 INFO: Epoch 1326: head: Default, loss=0.5619, RMSE_MU_per_atom=0.00 mDebye, RMSE_MU_DERIV=0.00 mDebye / A, RMSE_ALPHA_per_atom=    0.02, RMSE_ALPHA_DERIV=    1.91
2025-07-13 04:56:50.159 INFO: Epoch 1327: head: Default, loss=0.5618, RMSE_MU_per_atom=0.00 mDebye, RMSE_MU_DERIV=0.00 mDebye / A, RMSE_ALPHA_per_atom=    0.02, RMSE_ALPHA_DERIV=    1.91
2025-07-13 04:57:42.524 INFO: Epoch 1328: head: Default, loss=0.5621, RMSE_MU_per_atom=0.00 mDebye, RMSE_MU_DERIV=0.00 mDebye / A, RMSE_ALPHA_per_atom=    0.02, RMSE_ALPHA_DERIV=    1.91
2025-07-13 04:58:34.903 INFO: Epoch 1329: head: Default, loss=0.5626, RMSE_MU_per_atom=0.00 mDebye, RMSE_MU_DERIV=0.00 mDebye / A, RMSE_ALPHA_per_atom=    0.02, RMSE_ALPHA_DERIV=    1.91
2025-07-13 04:59:27.237 INFO: Epoch 1330: head: Default, loss=0.5620, RMSE_MU_per_atom=0.00 mDebye, RMSE_MU_DERIV=0.00 mDebye / A, RMSE_ALPHA_per_atom=    0.02, RMSE_ALPHA_DERIV=    1.91
2025-07-13 05:00:19.596 INFO: Epoch 1331: head: Default, loss=0.5627, RMSE_MU_per_atom=0.00 mDebye, RMSE_MU_DERIV=0.00 mDebye / A, RMSE_ALPHA_per_atom=    0.02, RMSE_ALPHA_DERIV=    1.91
2025-07-13 05:01:11.939 INFO: Epoch 1332: head: Default, loss=0.5624, RMSE_MU_per_atom=0.00 mDebye, RMSE_MU_DERIV=0.00 mDebye / A, RMSE_ALPHA_per_atom=    0.02, RMSE_ALPHA_DERIV=    1.91
2025-07-13 05:02:04.279 INFO: Epoch 1333: head: Default, loss=0.5624, RMSE_MU_per_atom=0.00 mDebye, RMSE_MU_DERIV=0.00 mDebye / A, RMSE_ALPHA_per_atom=    0.02, RMSE_ALPHA_DERIV=    1.91
2025-07-13 05:02:56.664 INFO: Epoch 1334: head: Default, loss=0.5621, RMSE_MU_per_atom=0.00 mDebye, RMSE_MU_DERIV=0.00 mDebye / A, RMSE_ALPHA_per_atom=    0.02, RMSE_ALPHA_DERIV=    1.91
2025-07-13 05:03:49.045 INFO: Epoch 1335: head: Default, loss=0.5623, RMSE_MU_per_atom=0.00 mDebye, RMSE_MU_DERIV=0.00 mDebye / A, RMSE_ALPHA_per_atom=    0.02, RMSE_ALPHA_DERIV=    1.91
2025-07-13 05:04:41.426 INFO: Epoch 1336: head: Default, loss=0.5621, RMSE_MU_per_atom=0.00 mDebye, RMSE_MU_DERIV=0.00 mDebye / A, RMSE_ALPHA_per_atom=    0.02, RMSE_ALPHA_DERIV=    1.91
2025-07-13 05:05:33.812 INFO: Epoch 1337: head: Default, loss=0.5628, RMSE_MU_per_atom=0.00 mDebye, RMSE_MU_DERIV=0.00 mDebye / A, RMSE_ALPHA_per_atom=    0.02, RMSE_ALPHA_DERIV=    1.91
2025-07-13 05:06:26.183 INFO: Epoch 1338: head: Default, loss=0.5629, RMSE_MU_per_atom=0.00 mDebye, RMSE_MU_DERIV=0.00 mDebye / A, RMSE_ALPHA_per_atom=    0.02, RMSE_ALPHA_DERIV=    1.91
2025-07-13 05:07:18.515 INFO: Epoch 1339: head: Default, loss=0.5618, RMSE_MU_per_atom=0.00 mDebye, RMSE_MU_DERIV=0.00 mDebye / A, RMSE_ALPHA_per_atom=    0.02, RMSE_ALPHA_DERIV=    1.91
2025-07-13 05:08:10.851 INFO: Epoch 1340: head: Default, loss=0.5620, RMSE_MU_per_atom=0.00 mDebye, RMSE_MU_DERIV=0.00 mDebye / A, RMSE_ALPHA_per_atom=    0.02, RMSE_ALPHA_DERIV=    1.91
2025-07-13 05:09:03.204 INFO: Epoch 1341: head: Default, loss=0.5623, RMSE_MU_per_atom=0.00 mDebye, RMSE_MU_DERIV=0.00 mDebye / A, RMSE_ALPHA_per_atom=    0.02, RMSE_ALPHA_DERIV=    1.91
2025-07-13 05:09:55.566 INFO: Epoch 1342: head: Default, loss=0.5628, RMSE_MU_per_atom=0.00 mDebye, RMSE_MU_DERIV=0.00 mDebye / A, RMSE_ALPHA_per_atom=    0.02, RMSE_ALPHA_DERIV=    1.91
2025-07-13 05:10:47.923 INFO: Epoch 1343: head: Default, loss=0.5626, RMSE_MU_per_atom=0.00 mDebye, RMSE_MU_DERIV=0.00 mDebye / A, RMSE_ALPHA_per_atom=    0.02, RMSE_ALPHA_DERIV=    1.91
2025-07-13 05:11:40.273 INFO: Epoch 1344: head: Default, loss=0.5620, RMSE_MU_per_atom=0.00 mDebye, RMSE_MU_DERIV=0.00 mDebye / A, RMSE_ALPHA_per_atom=    0.02, RMSE_ALPHA_DERIV=    1.91
2025-07-13 05:12:32.658 INFO: Epoch 1345: head: Default, loss=0.5625, RMSE_MU_per_atom=0.00 mDebye, RMSE_MU_DERIV=0.00 mDebye / A, RMSE_ALPHA_per_atom=    0.02, RMSE_ALPHA_DERIV=    1.91
2025-07-13 05:13:25.049 INFO: Epoch 1346: head: Default, loss=0.5622, RMSE_MU_per_atom=0.00 mDebye, RMSE_MU_DERIV=0.00 mDebye / A, RMSE_ALPHA_per_atom=    0.02, RMSE_ALPHA_DERIV=    1.91
2025-07-13 05:14:17.433 INFO: Epoch 1347: head: Default, loss=0.5620, RMSE_MU_per_atom=0.00 mDebye, RMSE_MU_DERIV=0.00 mDebye / A, RMSE_ALPHA_per_atom=    0.02, RMSE_ALPHA_DERIV=    1.91
2025-07-13 05:15:09.829 INFO: Epoch 1348: head: Default, loss=0.5622, RMSE_MU_per_atom=0.00 mDebye, RMSE_MU_DERIV=0.00 mDebye / A, RMSE_ALPHA_per_atom=    0.02, RMSE_ALPHA_DERIV=    1.91
2025-07-13 05:16:02.222 INFO: Epoch 1349: head: Default, loss=0.5625, RMSE_MU_per_atom=0.00 mDebye, RMSE_MU_DERIV=0.00 mDebye / A, RMSE_ALPHA_per_atom=    0.02, RMSE_ALPHA_DERIV=    1.91
2025-07-13 05:16:54.613 INFO: Epoch 1350: head: Default, loss=0.5624, RMSE_MU_per_atom=0.00 mDebye, RMSE_MU_DERIV=0.00 mDebye / A, RMSE_ALPHA_per_atom=    0.02, RMSE_ALPHA_DERIV=    1.91
2025-07-13 05:17:47.025 INFO: Epoch 1351: head: Default, loss=0.5622, RMSE_MU_per_atom=0.00 mDebye, RMSE_MU_DERIV=0.00 mDebye / A, RMSE_ALPHA_per_atom=    0.02, RMSE_ALPHA_DERIV=    1.91
2025-07-13 05:18:39.405 INFO: Epoch 1352: head: Default, loss=0.5628, RMSE_MU_per_atom=0.00 mDebye, RMSE_MU_DERIV=0.00 mDebye / A, RMSE_ALPHA_per_atom=    0.02, RMSE_ALPHA_DERIV=    1.91
2025-07-13 05:19:31.804 INFO: Epoch 1353: head: Default, loss=0.5624, RMSE_MU_per_atom=0.00 mDebye, RMSE_MU_DERIV=0.00 mDebye / A, RMSE_ALPHA_per_atom=    0.02, RMSE_ALPHA_DERIV=    1.91
2025-07-13 05:20:24.214 INFO: Epoch 1354: head: Default, loss=0.5625, RMSE_MU_per_atom=0.00 mDebye, RMSE_MU_DERIV=0.00 mDebye / A, RMSE_ALPHA_per_atom=    0.02, RMSE_ALPHA_DERIV=    1.91
2025-07-13 05:21:16.622 INFO: Epoch 1355: head: Default, loss=0.5623, RMSE_MU_per_atom=0.00 mDebye, RMSE_MU_DERIV=0.00 mDebye / A, RMSE_ALPHA_per_atom=    0.02, RMSE_ALPHA_DERIV=    1.91
2025-07-13 05:22:09.009 INFO: Epoch 1356: head: Default, loss=0.5623, RMSE_MU_per_atom=0.00 mDebye, RMSE_MU_DERIV=0.00 mDebye / A, RMSE_ALPHA_per_atom=    0.02, RMSE_ALPHA_DERIV=    1.91
2025-07-13 05:23:01.361 INFO: Epoch 1357: head: Default, loss=0.5624, RMSE_MU_per_atom=0.00 mDebye, RMSE_MU_DERIV=0.00 mDebye / A, RMSE_ALPHA_per_atom=    0.02, RMSE_ALPHA_DERIV=    1.91
2025-07-13 05:23:53.746 INFO: Epoch 1358: head: Default, loss=0.5627, RMSE_MU_per_atom=0.00 mDebye, RMSE_MU_DERIV=0.00 mDebye / A, RMSE_ALPHA_per_atom=    0.02, RMSE_ALPHA_DERIV=    1.91
2025-07-13 05:24:46.105 INFO: Epoch 1359: head: Default, loss=0.5622, RMSE_MU_per_atom=0.00 mDebye, RMSE_MU_DERIV=0.00 mDebye / A, RMSE_ALPHA_per_atom=    0.02, RMSE_ALPHA_DERIV=    1.91
2025-07-13 05:25:38.474 INFO: Epoch 1360: head: Default, loss=0.5624, RMSE_MU_per_atom=0.00 mDebye, RMSE_MU_DERIV=0.00 mDebye / A, RMSE_ALPHA_per_atom=    0.02, RMSE_ALPHA_DERIV=    1.91
2025-07-13 05:26:30.832 INFO: Epoch 1361: head: Default, loss=0.5622, RMSE_MU_per_atom=0.00 mDebye, RMSE_MU_DERIV=0.00 mDebye / A, RMSE_ALPHA_per_atom=    0.02, RMSE_ALPHA_DERIV=    1.91
2025-07-13 05:27:23.210 INFO: Epoch 1362: head: Default, loss=0.5624, RMSE_MU_per_atom=0.00 mDebye, RMSE_MU_DERIV=0.00 mDebye / A, RMSE_ALPHA_per_atom=    0.02, RMSE_ALPHA_DERIV=    1.91
2025-07-13 05:28:15.614 INFO: Epoch 1363: head: Default, loss=0.5621, RMSE_MU_per_atom=0.00 mDebye, RMSE_MU_DERIV=0.00 mDebye / A, RMSE_ALPHA_per_atom=    0.02, RMSE_ALPHA_DERIV=    1.91
2025-07-13 05:29:07.993 INFO: Epoch 1364: head: Default, loss=0.5622, RMSE_MU_per_atom=0.00 mDebye, RMSE_MU_DERIV=0.00 mDebye / A, RMSE_ALPHA_per_atom=    0.02, RMSE_ALPHA_DERIV=    1.91
2025-07-13 05:30:00.364 INFO: Epoch 1365: head: Default, loss=0.5627, RMSE_MU_per_atom=0.00 mDebye, RMSE_MU_DERIV=0.00 mDebye / A, RMSE_ALPHA_per_atom=    0.02, RMSE_ALPHA_DERIV=    1.91
2025-07-13 05:30:52.747 INFO: Epoch 1366: head: Default, loss=0.5624, RMSE_MU_per_atom=0.00 mDebye, RMSE_MU_DERIV=0.00 mDebye / A, RMSE_ALPHA_per_atom=    0.02, RMSE_ALPHA_DERIV=    1.91
2025-07-13 05:31:45.128 INFO: Epoch 1367: head: Default, loss=0.5622, RMSE_MU_per_atom=0.00 mDebye, RMSE_MU_DERIV=0.00 mDebye / A, RMSE_ALPHA_per_atom=    0.02, RMSE_ALPHA_DERIV=    1.91
2025-07-13 05:32:37.533 INFO: Epoch 1368: head: Default, loss=0.5624, RMSE_MU_per_atom=0.00 mDebye, RMSE_MU_DERIV=0.00 mDebye / A, RMSE_ALPHA_per_atom=    0.02, RMSE_ALPHA_DERIV=    1.91
2025-07-13 05:33:29.951 INFO: Epoch 1369: head: Default, loss=0.5626, RMSE_MU_per_atom=0.00 mDebye, RMSE_MU_DERIV=0.00 mDebye / A, RMSE_ALPHA_per_atom=    0.02, RMSE_ALPHA_DERIV=    1.91
2025-07-13 05:34:22.350 INFO: Epoch 1370: head: Default, loss=0.5628, RMSE_MU_per_atom=0.00 mDebye, RMSE_MU_DERIV=0.00 mDebye / A, RMSE_ALPHA_per_atom=    0.02, RMSE_ALPHA_DERIV=    1.91
2025-07-13 05:35:14.727 INFO: Epoch 1371: head: Default, loss=0.5623, RMSE_MU_per_atom=0.00 mDebye, RMSE_MU_DERIV=0.00 mDebye / A, RMSE_ALPHA_per_atom=    0.02, RMSE_ALPHA_DERIV=    1.91
2025-07-13 05:36:07.125 INFO: Epoch 1372: head: Default, loss=0.5623, RMSE_MU_per_atom=0.00 mDebye, RMSE_MU_DERIV=0.00 mDebye / A, RMSE_ALPHA_per_atom=    0.02, RMSE_ALPHA_DERIV=    1.91
2025-07-13 05:36:59.518 INFO: Epoch 1373: head: Default, loss=0.5623, RMSE_MU_per_atom=0.00 mDebye, RMSE_MU_DERIV=0.00 mDebye / A, RMSE_ALPHA_per_atom=    0.02, RMSE_ALPHA_DERIV=    1.91
2025-07-13 05:37:51.919 INFO: Epoch 1374: head: Default, loss=0.5623, RMSE_MU_per_atom=0.00 mDebye, RMSE_MU_DERIV=0.00 mDebye / A, RMSE_ALPHA_per_atom=    0.02, RMSE_ALPHA_DERIV=    1.91
2025-07-13 05:38:44.311 INFO: Epoch 1375: head: Default, loss=0.5622, RMSE_MU_per_atom=0.00 mDebye, RMSE_MU_DERIV=0.00 mDebye / A, RMSE_ALPHA_per_atom=    0.02, RMSE_ALPHA_DERIV=    1.91
2025-07-13 05:39:36.706 INFO: Epoch 1376: head: Default, loss=0.5628, RMSE_MU_per_atom=0.00 mDebye, RMSE_MU_DERIV=0.00 mDebye / A, RMSE_ALPHA_per_atom=    0.02, RMSE_ALPHA_DERIV=    1.91
2025-07-13 05:40:29.100 INFO: Epoch 1377: head: Default, loss=0.5626, RMSE_MU_per_atom=0.00 mDebye, RMSE_MU_DERIV=0.00 mDebye / A, RMSE_ALPHA_per_atom=    0.02, RMSE_ALPHA_DERIV=    1.91
2025-07-13 05:41:21.502 INFO: Epoch 1378: head: Default, loss=0.5622, RMSE_MU_per_atom=0.00 mDebye, RMSE_MU_DERIV=0.00 mDebye / A, RMSE_ALPHA_per_atom=    0.02, RMSE_ALPHA_DERIV=    1.91
2025-07-13 05:42:13.894 INFO: Epoch 1379: head: Default, loss=0.5625, RMSE_MU_per_atom=0.00 mDebye, RMSE_MU_DERIV=0.00 mDebye / A, RMSE_ALPHA_per_atom=    0.02, RMSE_ALPHA_DERIV=    1.91
2025-07-13 05:43:06.306 INFO: Epoch 1380: head: Default, loss=0.5623, RMSE_MU_per_atom=0.00 mDebye, RMSE_MU_DERIV=0.00 mDebye / A, RMSE_ALPHA_per_atom=    0.02, RMSE_ALPHA_DERIV=    1.91
2025-07-13 05:43:58.699 INFO: Epoch 1381: head: Default, loss=0.5624, RMSE_MU_per_atom=0.00 mDebye, RMSE_MU_DERIV=0.00 mDebye / A, RMSE_ALPHA_per_atom=    0.02, RMSE_ALPHA_DERIV=    1.91
2025-07-13 05:44:51.103 INFO: Epoch 1382: head: Default, loss=0.5619, RMSE_MU_per_atom=0.00 mDebye, RMSE_MU_DERIV=0.00 mDebye / A, RMSE_ALPHA_per_atom=    0.02, RMSE_ALPHA_DERIV=    1.91
2025-07-13 05:45:43.514 INFO: Epoch 1383: head: Default, loss=0.5627, RMSE_MU_per_atom=0.00 mDebye, RMSE_MU_DERIV=0.00 mDebye / A, RMSE_ALPHA_per_atom=    0.02, RMSE_ALPHA_DERIV=    1.91
2025-07-13 05:46:35.920 INFO: Epoch 1384: head: Default, loss=0.5622, RMSE_MU_per_atom=0.00 mDebye, RMSE_MU_DERIV=0.00 mDebye / A, RMSE_ALPHA_per_atom=    0.02, RMSE_ALPHA_DERIV=    1.91
2025-07-13 05:47:28.321 INFO: Epoch 1385: head: Default, loss=0.5628, RMSE_MU_per_atom=0.00 mDebye, RMSE_MU_DERIV=0.00 mDebye / A, RMSE_ALPHA_per_atom=    0.02, RMSE_ALPHA_DERIV=    1.91
2025-07-13 05:48:20.714 INFO: Epoch 1386: head: Default, loss=0.5620, RMSE_MU_per_atom=0.00 mDebye, RMSE_MU_DERIV=0.00 mDebye / A, RMSE_ALPHA_per_atom=    0.02, RMSE_ALPHA_DERIV=    1.91
2025-07-13 05:49:13.109 INFO: Epoch 1387: head: Default, loss=0.5623, RMSE_MU_per_atom=0.00 mDebye, RMSE_MU_DERIV=0.00 mDebye / A, RMSE_ALPHA_per_atom=    0.02, RMSE_ALPHA_DERIV=    1.91
2025-07-13 05:50:05.503 INFO: Epoch 1388: head: Default, loss=0.5622, RMSE_MU_per_atom=0.00 mDebye, RMSE_MU_DERIV=0.00 mDebye / A, RMSE_ALPHA_per_atom=    0.02, RMSE_ALPHA_DERIV=    1.91
2025-07-13 05:50:57.911 INFO: Epoch 1389: head: Default, loss=0.5628, RMSE_MU_per_atom=0.00 mDebye, RMSE_MU_DERIV=0.00 mDebye / A, RMSE_ALPHA_per_atom=    0.02, RMSE_ALPHA_DERIV=    1.91
2025-07-13 05:51:50.317 INFO: Epoch 1390: head: Default, loss=0.5623, RMSE_MU_per_atom=0.00 mDebye, RMSE_MU_DERIV=0.00 mDebye / A, RMSE_ALPHA_per_atom=    0.02, RMSE_ALPHA_DERIV=    1.91
2025-07-13 05:52:42.716 INFO: Epoch 1391: head: Default, loss=0.5626, RMSE_MU_per_atom=0.00 mDebye, RMSE_MU_DERIV=0.00 mDebye / A, RMSE_ALPHA_per_atom=    0.02, RMSE_ALPHA_DERIV=    1.91
2025-07-13 05:53:35.108 INFO: Epoch 1392: head: Default, loss=0.5622, RMSE_MU_per_atom=0.00 mDebye, RMSE_MU_DERIV=0.00 mDebye / A, RMSE_ALPHA_per_atom=    0.02, RMSE_ALPHA_DERIV=    1.91
2025-07-13 05:54:27.512 INFO: Epoch 1393: head: Default, loss=0.5625, RMSE_MU_per_atom=0.00 mDebye, RMSE_MU_DERIV=0.00 mDebye / A, RMSE_ALPHA_per_atom=    0.02, RMSE_ALPHA_DERIV=    1.91
2025-07-13 05:55:19.915 INFO: Epoch 1394: head: Default, loss=0.5621, RMSE_MU_per_atom=0.00 mDebye, RMSE_MU_DERIV=0.00 mDebye / A, RMSE_ALPHA_per_atom=    0.02, RMSE_ALPHA_DERIV=    1.91
2025-07-13 05:56:12.294 INFO: Epoch 1395: head: Default, loss=0.5628, RMSE_MU_per_atom=0.00 mDebye, RMSE_MU_DERIV=0.00 mDebye / A, RMSE_ALPHA_per_atom=    0.02, RMSE_ALPHA_DERIV=    1.91
2025-07-13 05:57:04.697 INFO: Epoch 1396: head: Default, loss=0.5620, RMSE_MU_per_atom=0.00 mDebye, RMSE_MU_DERIV=0.00 mDebye / A, RMSE_ALPHA_per_atom=    0.02, RMSE_ALPHA_DERIV=    1.91
2025-07-13 05:57:57.081 INFO: Epoch 1397: head: Default, loss=0.5623, RMSE_MU_per_atom=0.00 mDebye, RMSE_MU_DERIV=0.00 mDebye / A, RMSE_ALPHA_per_atom=    0.02, RMSE_ALPHA_DERIV=    1.91
2025-07-13 05:58:49.497 INFO: Epoch 1398: head: Default, loss=0.5627, RMSE_MU_per_atom=0.00 mDebye, RMSE_MU_DERIV=0.00 mDebye / A, RMSE_ALPHA_per_atom=    0.02, RMSE_ALPHA_DERIV=    1.91
2025-07-13 05:59:41.893 INFO: Epoch 1399: head: Default, loss=0.5623, RMSE_MU_per_atom=0.00 mDebye, RMSE_MU_DERIV=0.00 mDebye / A, RMSE_ALPHA_per_atom=    0.02, RMSE_ALPHA_DERIV=    1.91
2025-07-13 06:00:34.284 INFO: Epoch 1400: head: Default, loss=0.5628, RMSE_MU_per_atom=0.00 mDebye, RMSE_MU_DERIV=0.00 mDebye / A, RMSE_ALPHA_per_atom=    0.02, RMSE_ALPHA_DERIV=    1.91
2025-07-13 06:01:26.687 INFO: Epoch 1401: head: Default, loss=0.5622, RMSE_MU_per_atom=0.00 mDebye, RMSE_MU_DERIV=0.00 mDebye / A, RMSE_ALPHA_per_atom=    0.02, RMSE_ALPHA_DERIV=    1.91
2025-07-13 06:02:19.098 INFO: Epoch 1402: head: Default, loss=0.5626, RMSE_MU_per_atom=0.00 mDebye, RMSE_MU_DERIV=0.00 mDebye / A, RMSE_ALPHA_per_atom=    0.02, RMSE_ALPHA_DERIV=    1.91
2025-07-13 06:03:11.515 INFO: Epoch 1403: head: Default, loss=0.5624, RMSE_MU_per_atom=0.00 mDebye, RMSE_MU_DERIV=0.00 mDebye / A, RMSE_ALPHA_per_atom=    0.02, RMSE_ALPHA_DERIV=    1.91
2025-07-13 06:04:03.930 INFO: Epoch 1404: head: Default, loss=0.5622, RMSE_MU_per_atom=0.00 mDebye, RMSE_MU_DERIV=0.00 mDebye / A, RMSE_ALPHA_per_atom=    0.02, RMSE_ALPHA_DERIV=    1.91
2025-07-13 06:04:56.343 INFO: Epoch 1405: head: Default, loss=0.5625, RMSE_MU_per_atom=0.00 mDebye, RMSE_MU_DERIV=0.00 mDebye / A, RMSE_ALPHA_per_atom=    0.02, RMSE_ALPHA_DERIV=    1.91
2025-07-13 06:05:48.758 INFO: Epoch 1406: head: Default, loss=0.5625, RMSE_MU_per_atom=0.00 mDebye, RMSE_MU_DERIV=0.00 mDebye / A, RMSE_ALPHA_per_atom=    0.02, RMSE_ALPHA_DERIV=    1.91
2025-07-13 06:06:41.170 INFO: Epoch 1407: head: Default, loss=0.5624, RMSE_MU_per_atom=0.00 mDebye, RMSE_MU_DERIV=0.00 mDebye / A, RMSE_ALPHA_per_atom=    0.02, RMSE_ALPHA_DERIV=    1.91
2025-07-13 06:07:33.560 INFO: Epoch 1408: head: Default, loss=0.5626, RMSE_MU_per_atom=0.00 mDebye, RMSE_MU_DERIV=0.00 mDebye / A, RMSE_ALPHA_per_atom=    0.02, RMSE_ALPHA_DERIV=    1.91
2025-07-13 06:08:25.930 INFO: Epoch 1409: head: Default, loss=0.5625, RMSE_MU_per_atom=0.00 mDebye, RMSE_MU_DERIV=0.00 mDebye / A, RMSE_ALPHA_per_atom=    0.02, RMSE_ALPHA_DERIV=    1.91
2025-07-13 06:09:18.330 INFO: Epoch 1410: head: Default, loss=0.5624, RMSE_MU_per_atom=0.00 mDebye, RMSE_MU_DERIV=0.00 mDebye / A, RMSE_ALPHA_per_atom=    0.02, RMSE_ALPHA_DERIV=    1.91
2025-07-13 06:10:10.745 INFO: Epoch 1411: head: Default, loss=0.5625, RMSE_MU_per_atom=0.00 mDebye, RMSE_MU_DERIV=0.00 mDebye / A, RMSE_ALPHA_per_atom=    0.02, RMSE_ALPHA_DERIV=    1.91
2025-07-13 06:11:03.130 INFO: Epoch 1412: head: Default, loss=0.5627, RMSE_MU_per_atom=0.00 mDebye, RMSE_MU_DERIV=0.00 mDebye / A, RMSE_ALPHA_per_atom=    0.02, RMSE_ALPHA_DERIV=    1.91
2025-07-13 06:11:55.539 INFO: Epoch 1413: head: Default, loss=0.5625, RMSE_MU_per_atom=0.00 mDebye, RMSE_MU_DERIV=0.00 mDebye / A, RMSE_ALPHA_per_atom=    0.02, RMSE_ALPHA_DERIV=    1.91
2025-07-13 06:12:47.941 INFO: Epoch 1414: head: Default, loss=0.5625, RMSE_MU_per_atom=0.00 mDebye, RMSE_MU_DERIV=0.00 mDebye / A, RMSE_ALPHA_per_atom=    0.02, RMSE_ALPHA_DERIV=    1.91
2025-07-13 06:13:40.336 INFO: Epoch 1415: head: Default, loss=0.5621, RMSE_MU_per_atom=0.00 mDebye, RMSE_MU_DERIV=0.00 mDebye / A, RMSE_ALPHA_per_atom=    0.02, RMSE_ALPHA_DERIV=    1.91
2025-07-13 06:14:32.731 INFO: Epoch 1416: head: Default, loss=0.5631, RMSE_MU_per_atom=0.00 mDebye, RMSE_MU_DERIV=0.00 mDebye / A, RMSE_ALPHA_per_atom=    0.02, RMSE_ALPHA_DERIV=    1.91
2025-07-13 06:15:25.148 INFO: Epoch 1417: head: Default, loss=0.5626, RMSE_MU_per_atom=0.00 mDebye, RMSE_MU_DERIV=0.00 mDebye / A, RMSE_ALPHA_per_atom=    0.02, RMSE_ALPHA_DERIV=    1.91
2025-07-13 06:16:17.564 INFO: Epoch 1418: head: Default, loss=0.5627, RMSE_MU_per_atom=0.00 mDebye, RMSE_MU_DERIV=0.00 mDebye / A, RMSE_ALPHA_per_atom=    0.02, RMSE_ALPHA_DERIV=    1.91
2025-07-13 06:17:09.972 INFO: Epoch 1419: head: Default, loss=0.5623, RMSE_MU_per_atom=0.00 mDebye, RMSE_MU_DERIV=0.00 mDebye / A, RMSE_ALPHA_per_atom=    0.02, RMSE_ALPHA_DERIV=    1.91
2025-07-13 06:18:02.372 INFO: Epoch 1420: head: Default, loss=0.5624, RMSE_MU_per_atom=0.00 mDebye, RMSE_MU_DERIV=0.00 mDebye / A, RMSE_ALPHA_per_atom=    0.02, RMSE_ALPHA_DERIV=    1.91
2025-07-13 06:18:54.779 INFO: Epoch 1421: head: Default, loss=0.5624, RMSE_MU_per_atom=0.00 mDebye, RMSE_MU_DERIV=0.00 mDebye / A, RMSE_ALPHA_per_atom=    0.02, RMSE_ALPHA_DERIV=    1.91
2025-07-13 06:19:47.175 INFO: Epoch 1422: head: Default, loss=0.5623, RMSE_MU_per_atom=0.00 mDebye, RMSE_MU_DERIV=0.00 mDebye / A, RMSE_ALPHA_per_atom=    0.02, RMSE_ALPHA_DERIV=    1.91
2025-07-13 06:20:39.569 INFO: Epoch 1423: head: Default, loss=0.5627, RMSE_MU_per_atom=0.00 mDebye, RMSE_MU_DERIV=0.00 mDebye / A, RMSE_ALPHA_per_atom=    0.02, RMSE_ALPHA_DERIV=    1.91
2025-07-13 06:21:31.945 INFO: Epoch 1424: head: Default, loss=0.5626, RMSE_MU_per_atom=0.00 mDebye, RMSE_MU_DERIV=0.00 mDebye / A, RMSE_ALPHA_per_atom=    0.02, RMSE_ALPHA_DERIV=    1.91
2025-07-13 06:22:24.362 INFO: Epoch 1425: head: Default, loss=0.5625, RMSE_MU_per_atom=0.00 mDebye, RMSE_MU_DERIV=0.00 mDebye / A, RMSE_ALPHA_per_atom=    0.02, RMSE_ALPHA_DERIV=    1.91
2025-07-13 06:23:16.768 INFO: Epoch 1426: head: Default, loss=0.5625, RMSE_MU_per_atom=0.00 mDebye, RMSE_MU_DERIV=0.00 mDebye / A, RMSE_ALPHA_per_atom=    0.02, RMSE_ALPHA_DERIV=    1.91
2025-07-13 06:24:09.162 INFO: Epoch 1427: head: Default, loss=0.5621, RMSE_MU_per_atom=0.00 mDebye, RMSE_MU_DERIV=0.00 mDebye / A, RMSE_ALPHA_per_atom=    0.02, RMSE_ALPHA_DERIV=    1.91
2025-07-13 06:25:01.557 INFO: Epoch 1428: head: Default, loss=0.5622, RMSE_MU_per_atom=0.00 mDebye, RMSE_MU_DERIV=0.00 mDebye / A, RMSE_ALPHA_per_atom=    0.02, RMSE_ALPHA_DERIV=    1.91
2025-07-13 06:25:53.959 INFO: Epoch 1429: head: Default, loss=0.5625, RMSE_MU_per_atom=0.00 mDebye, RMSE_MU_DERIV=0.00 mDebye / A, RMSE_ALPHA_per_atom=    0.02, RMSE_ALPHA_DERIV=    1.91
2025-07-13 06:26:46.347 INFO: Epoch 1430: head: Default, loss=0.5624, RMSE_MU_per_atom=0.00 mDebye, RMSE_MU_DERIV=0.00 mDebye / A, RMSE_ALPHA_per_atom=    0.02, RMSE_ALPHA_DERIV=    1.91
2025-07-13 06:27:38.769 INFO: Epoch 1431: head: Default, loss=0.5623, RMSE_MU_per_atom=0.00 mDebye, RMSE_MU_DERIV=0.00 mDebye / A, RMSE_ALPHA_per_atom=    0.02, RMSE_ALPHA_DERIV=    1.91
2025-07-13 06:28:31.156 INFO: Epoch 1432: head: Default, loss=0.5621, RMSE_MU_per_atom=0.00 mDebye, RMSE_MU_DERIV=0.00 mDebye / A, RMSE_ALPHA_per_atom=    0.02, RMSE_ALPHA_DERIV=    1.91
2025-07-13 06:29:23.557 INFO: Epoch 1433: head: Default, loss=0.5625, RMSE_MU_per_atom=0.00 mDebye, RMSE_MU_DERIV=0.00 mDebye / A, RMSE_ALPHA_per_atom=    0.02, RMSE_ALPHA_DERIV=    1.91
2025-07-13 06:30:15.976 INFO: Epoch 1434: head: Default, loss=0.5628, RMSE_MU_per_atom=0.00 mDebye, RMSE_MU_DERIV=0.00 mDebye / A, RMSE_ALPHA_per_atom=    0.02, RMSE_ALPHA_DERIV=    1.91
2025-07-13 06:31:08.403 INFO: Epoch 1435: head: Default, loss=0.5622, RMSE_MU_per_atom=0.00 mDebye, RMSE_MU_DERIV=0.00 mDebye / A, RMSE_ALPHA_per_atom=    0.02, RMSE_ALPHA_DERIV=    1.91
2025-07-13 06:32:00.810 INFO: Epoch 1436: head: Default, loss=0.5624, RMSE_MU_per_atom=0.00 mDebye, RMSE_MU_DERIV=0.00 mDebye / A, RMSE_ALPHA_per_atom=    0.02, RMSE_ALPHA_DERIV=    1.91
2025-07-13 06:32:53.209 INFO: Epoch 1437: head: Default, loss=0.5624, RMSE_MU_per_atom=0.00 mDebye, RMSE_MU_DERIV=0.00 mDebye / A, RMSE_ALPHA_per_atom=    0.02, RMSE_ALPHA_DERIV=    1.91
2025-07-13 06:33:45.611 INFO: Epoch 1438: head: Default, loss=0.5623, RMSE_MU_per_atom=0.00 mDebye, RMSE_MU_DERIV=0.00 mDebye / A, RMSE_ALPHA_per_atom=    0.02, RMSE_ALPHA_DERIV=    1.91
2025-07-13 06:34:38.008 INFO: Epoch 1439: head: Default, loss=0.5620, RMSE_MU_per_atom=0.00 mDebye, RMSE_MU_DERIV=0.00 mDebye / A, RMSE_ALPHA_per_atom=    0.02, RMSE_ALPHA_DERIV=    1.91
2025-07-13 06:35:30.404 INFO: Epoch 1440: head: Default, loss=0.5625, RMSE_MU_per_atom=0.00 mDebye, RMSE_MU_DERIV=0.00 mDebye / A, RMSE_ALPHA_per_atom=    0.02, RMSE_ALPHA_DERIV=    1.91
2025-07-13 06:36:22.798 INFO: Epoch 1441: head: Default, loss=0.5624, RMSE_MU_per_atom=0.00 mDebye, RMSE_MU_DERIV=0.00 mDebye / A, RMSE_ALPHA_per_atom=    0.02, RMSE_ALPHA_DERIV=    1.91
2025-07-13 06:37:15.122 INFO: Epoch 1442: head: Default, loss=0.5627, RMSE_MU_per_atom=0.00 mDebye, RMSE_MU_DERIV=0.00 mDebye / A, RMSE_ALPHA_per_atom=    0.02, RMSE_ALPHA_DERIV=    1.91
2025-07-13 06:38:07.471 INFO: Epoch 1443: head: Default, loss=0.5623, RMSE_MU_per_atom=0.00 mDebye, RMSE_MU_DERIV=0.00 mDebye / A, RMSE_ALPHA_per_atom=    0.02, RMSE_ALPHA_DERIV=    1.91
2025-07-13 06:38:59.856 INFO: Epoch 1444: head: Default, loss=0.5619, RMSE_MU_per_atom=0.00 mDebye, RMSE_MU_DERIV=0.00 mDebye / A, RMSE_ALPHA_per_atom=    0.02, RMSE_ALPHA_DERIV=    1.91
2025-07-13 06:39:52.259 INFO: Epoch 1445: head: Default, loss=0.5621, RMSE_MU_per_atom=0.00 mDebye, RMSE_MU_DERIV=0.00 mDebye / A, RMSE_ALPHA_per_atom=    0.02, RMSE_ALPHA_DERIV=    1.91
2025-07-13 06:40:44.659 INFO: Epoch 1446: head: Default, loss=0.5623, RMSE_MU_per_atom=0.00 mDebye, RMSE_MU_DERIV=0.00 mDebye / A, RMSE_ALPHA_per_atom=    0.02, RMSE_ALPHA_DERIV=    1.91
2025-07-13 06:41:37.051 INFO: Epoch 1447: head: Default, loss=0.5622, RMSE_MU_per_atom=0.00 mDebye, RMSE_MU_DERIV=0.00 mDebye / A, RMSE_ALPHA_per_atom=    0.02, RMSE_ALPHA_DERIV=    1.91
2025-07-13 06:42:29.461 INFO: Epoch 1448: head: Default, loss=0.5623, RMSE_MU_per_atom=0.00 mDebye, RMSE_MU_DERIV=0.00 mDebye / A, RMSE_ALPHA_per_atom=    0.02, RMSE_ALPHA_DERIV=    1.91
2025-07-13 06:43:21.860 INFO: Epoch 1449: head: Default, loss=0.5626, RMSE_MU_per_atom=0.00 mDebye, RMSE_MU_DERIV=0.00 mDebye / A, RMSE_ALPHA_per_atom=    0.02, RMSE_ALPHA_DERIV=    1.91
2025-07-13 06:44:14.258 INFO: Epoch 1450: head: Default, loss=0.5622, RMSE_MU_per_atom=0.00 mDebye, RMSE_MU_DERIV=0.00 mDebye / A, RMSE_ALPHA_per_atom=    0.02, RMSE_ALPHA_DERIV=    1.91
2025-07-13 06:45:06.674 INFO: Epoch 1451: head: Default, loss=0.5623, RMSE_MU_per_atom=0.00 mDebye, RMSE_MU_DERIV=0.00 mDebye / A, RMSE_ALPHA_per_atom=    0.02, RMSE_ALPHA_DERIV=    1.91
2025-07-13 06:45:59.080 INFO: Epoch 1452: head: Default, loss=0.5624, RMSE_MU_per_atom=0.00 mDebye, RMSE_MU_DERIV=0.00 mDebye / A, RMSE_ALPHA_per_atom=    0.02, RMSE_ALPHA_DERIV=    1.91
2025-07-13 06:46:51.485 INFO: Epoch 1453: head: Default, loss=0.5625, RMSE_MU_per_atom=0.00 mDebye, RMSE_MU_DERIV=0.00 mDebye / A, RMSE_ALPHA_per_atom=    0.02, RMSE_ALPHA_DERIV=    1.91
2025-07-13 06:47:43.892 INFO: Epoch 1454: head: Default, loss=0.5625, RMSE_MU_per_atom=0.00 mDebye, RMSE_MU_DERIV=0.00 mDebye / A, RMSE_ALPHA_per_atom=    0.02, RMSE_ALPHA_DERIV=    1.91
2025-07-13 06:48:36.269 INFO: Epoch 1455: head: Default, loss=0.5626, RMSE_MU_per_atom=0.00 mDebye, RMSE_MU_DERIV=0.00 mDebye / A, RMSE_ALPHA_per_atom=    0.02, RMSE_ALPHA_DERIV=    1.91
2025-07-13 06:49:28.641 INFO: Epoch 1456: head: Default, loss=0.5627, RMSE_MU_per_atom=0.00 mDebye, RMSE_MU_DERIV=0.00 mDebye / A, RMSE_ALPHA_per_atom=    0.02, RMSE_ALPHA_DERIV=    1.91
2025-07-13 06:50:21.011 INFO: Epoch 1457: head: Default, loss=0.5620, RMSE_MU_per_atom=0.00 mDebye, RMSE_MU_DERIV=0.00 mDebye / A, RMSE_ALPHA_per_atom=    0.02, RMSE_ALPHA_DERIV=    1.91
2025-07-13 06:51:13.392 INFO: Epoch 1458: head: Default, loss=0.5625, RMSE_MU_per_atom=0.00 mDebye, RMSE_MU_DERIV=0.00 mDebye / A, RMSE_ALPHA_per_atom=    0.02, RMSE_ALPHA_DERIV=    1.91
2025-07-13 06:52:05.726 INFO: Epoch 1459: head: Default, loss=0.5623, RMSE_MU_per_atom=0.00 mDebye, RMSE_MU_DERIV=0.00 mDebye / A, RMSE_ALPHA_per_atom=    0.02, RMSE_ALPHA_DERIV=    1.91
2025-07-13 06:52:58.034 INFO: Epoch 1460: head: Default, loss=0.5624, RMSE_MU_per_atom=0.00 mDebye, RMSE_MU_DERIV=0.00 mDebye / A, RMSE_ALPHA_per_atom=    0.02, RMSE_ALPHA_DERIV=    1.91
2025-07-13 06:53:50.324 INFO: Epoch 1461: head: Default, loss=0.5623, RMSE_MU_per_atom=0.00 mDebye, RMSE_MU_DERIV=0.00 mDebye / A, RMSE_ALPHA_per_atom=    0.02, RMSE_ALPHA_DERIV=    1.91
2025-07-13 06:54:42.666 INFO: Epoch 1462: head: Default, loss=0.5621, RMSE_MU_per_atom=0.00 mDebye, RMSE_MU_DERIV=0.00 mDebye / A, RMSE_ALPHA_per_atom=    0.02, RMSE_ALPHA_DERIV=    1.91
2025-07-13 06:55:35.064 INFO: Epoch 1463: head: Default, loss=0.5625, RMSE_MU_per_atom=0.00 mDebye, RMSE_MU_DERIV=0.00 mDebye / A, RMSE_ALPHA_per_atom=    0.02, RMSE_ALPHA_DERIV=    1.91
2025-07-13 06:56:27.465 INFO: Epoch 1464: head: Default, loss=0.5625, RMSE_MU_per_atom=0.00 mDebye, RMSE_MU_DERIV=0.00 mDebye / A, RMSE_ALPHA_per_atom=    0.02, RMSE_ALPHA_DERIV=    1.91
2025-07-13 06:57:19.837 INFO: Epoch 1465: head: Default, loss=0.5627, RMSE_MU_per_atom=0.00 mDebye, RMSE_MU_DERIV=0.00 mDebye / A, RMSE_ALPHA_per_atom=    0.02, RMSE_ALPHA_DERIV=    1.91
2025-07-13 06:58:12.232 INFO: Epoch 1466: head: Default, loss=0.5623, RMSE_MU_per_atom=0.00 mDebye, RMSE_MU_DERIV=0.00 mDebye / A, RMSE_ALPHA_per_atom=    0.02, RMSE_ALPHA_DERIV=    1.91
2025-07-13 06:59:04.603 INFO: Epoch 1467: head: Default, loss=0.5626, RMSE_MU_per_atom=0.00 mDebye, RMSE_MU_DERIV=0.00 mDebye / A, RMSE_ALPHA_per_atom=    0.02, RMSE_ALPHA_DERIV=    1.91
2025-07-13 06:59:56.972 INFO: Epoch 1468: head: Default, loss=0.5623, RMSE_MU_per_atom=0.00 mDebye, RMSE_MU_DERIV=0.00 mDebye / A, RMSE_ALPHA_per_atom=    0.02, RMSE_ALPHA_DERIV=    1.91
2025-07-13 07:00:49.345 INFO: Epoch 1469: head: Default, loss=0.5625, RMSE_MU_per_atom=0.00 mDebye, RMSE_MU_DERIV=0.00 mDebye / A, RMSE_ALPHA_per_atom=    0.02, RMSE_ALPHA_DERIV=    1.91
2025-07-13 07:01:41.695 INFO: Epoch 1470: head: Default, loss=0.5626, RMSE_MU_per_atom=0.00 mDebye, RMSE_MU_DERIV=0.00 mDebye / A, RMSE_ALPHA_per_atom=    0.02, RMSE_ALPHA_DERIV=    1.91
2025-07-13 07:02:34.068 INFO: Epoch 1471: head: Default, loss=0.5627, RMSE_MU_per_atom=0.00 mDebye, RMSE_MU_DERIV=0.00 mDebye / A, RMSE_ALPHA_per_atom=    0.02, RMSE_ALPHA_DERIV=    1.91
2025-07-13 07:03:26.457 INFO: Epoch 1472: head: Default, loss=0.5624, RMSE_MU_per_atom=0.00 mDebye, RMSE_MU_DERIV=0.00 mDebye / A, RMSE_ALPHA_per_atom=    0.02, RMSE_ALPHA_DERIV=    1.91
2025-07-13 07:04:18.846 INFO: Epoch 1473: head: Default, loss=0.5625, RMSE_MU_per_atom=0.00 mDebye, RMSE_MU_DERIV=0.00 mDebye / A, RMSE_ALPHA_per_atom=    0.02, RMSE_ALPHA_DERIV=    1.91
2025-07-13 07:05:11.235 INFO: Epoch 1474: head: Default, loss=0.5626, RMSE_MU_per_atom=0.00 mDebye, RMSE_MU_DERIV=0.00 mDebye / A, RMSE_ALPHA_per_atom=    0.02, RMSE_ALPHA_DERIV=    1.91
2025-07-13 07:06:03.616 INFO: Epoch 1475: head: Default, loss=0.5627, RMSE_MU_per_atom=0.00 mDebye, RMSE_MU_DERIV=0.00 mDebye / A, RMSE_ALPHA_per_atom=    0.02, RMSE_ALPHA_DERIV=    1.91
2025-07-13 07:06:56.006 INFO: Epoch 1476: head: Default, loss=0.5623, RMSE_MU_per_atom=0.00 mDebye, RMSE_MU_DERIV=0.00 mDebye / A, RMSE_ALPHA_per_atom=    0.02, RMSE_ALPHA_DERIV=    1.91
2025-07-13 07:07:48.373 INFO: Epoch 1477: head: Default, loss=0.5625, RMSE_MU_per_atom=0.00 mDebye, RMSE_MU_DERIV=0.00 mDebye / A, RMSE_ALPHA_per_atom=    0.02, RMSE_ALPHA_DERIV=    1.91
2025-07-13 07:08:40.758 INFO: Epoch 1478: head: Default, loss=0.5623, RMSE_MU_per_atom=0.00 mDebye, RMSE_MU_DERIV=0.00 mDebye / A, RMSE_ALPHA_per_atom=    0.02, RMSE_ALPHA_DERIV=    1.91
2025-07-13 07:09:33.105 INFO: Epoch 1479: head: Default, loss=0.5623, RMSE_MU_per_atom=0.00 mDebye, RMSE_MU_DERIV=0.00 mDebye / A, RMSE_ALPHA_per_atom=    0.02, RMSE_ALPHA_DERIV=    1.91
2025-07-13 07:10:25.463 INFO: Epoch 1480: head: Default, loss=0.5624, RMSE_MU_per_atom=0.00 mDebye, RMSE_MU_DERIV=0.00 mDebye / A, RMSE_ALPHA_per_atom=    0.02, RMSE_ALPHA_DERIV=    1.91
2025-07-13 07:11:17.865 INFO: Epoch 1481: head: Default, loss=0.5625, RMSE_MU_per_atom=0.00 mDebye, RMSE_MU_DERIV=0.00 mDebye / A, RMSE_ALPHA_per_atom=    0.02, RMSE_ALPHA_DERIV=    1.91
2025-07-13 07:12:10.277 INFO: Epoch 1482: head: Default, loss=0.5623, RMSE_MU_per_atom=0.00 mDebye, RMSE_MU_DERIV=0.00 mDebye / A, RMSE_ALPHA_per_atom=    0.02, RMSE_ALPHA_DERIV=    1.91
2025-07-13 07:13:02.688 INFO: Epoch 1483: head: Default, loss=0.5624, RMSE_MU_per_atom=0.00 mDebye, RMSE_MU_DERIV=0.00 mDebye / A, RMSE_ALPHA_per_atom=    0.02, RMSE_ALPHA_DERIV=    1.91
2025-07-13 07:13:55.028 INFO: Epoch 1484: head: Default, loss=0.5625, RMSE_MU_per_atom=0.00 mDebye, RMSE_MU_DERIV=0.00 mDebye / A, RMSE_ALPHA_per_atom=    0.02, RMSE_ALPHA_DERIV=    1.91
2025-07-13 07:14:47.378 INFO: Epoch 1485: head: Default, loss=0.5624, RMSE_MU_per_atom=0.00 mDebye, RMSE_MU_DERIV=0.00 mDebye / A, RMSE_ALPHA_per_atom=    0.02, RMSE_ALPHA_DERIV=    1.91
2025-07-13 07:15:39.774 INFO: Epoch 1486: head: Default, loss=0.5625, RMSE_MU_per_atom=0.00 mDebye, RMSE_MU_DERIV=0.00 mDebye / A, RMSE_ALPHA_per_atom=    0.02, RMSE_ALPHA_DERIV=    1.91
2025-07-13 07:16:32.166 INFO: Epoch 1487: head: Default, loss=0.5624, RMSE_MU_per_atom=0.00 mDebye, RMSE_MU_DERIV=0.00 mDebye / A, RMSE_ALPHA_per_atom=    0.02, RMSE_ALPHA_DERIV=    1.91
2025-07-13 07:17:24.558 INFO: Epoch 1488: head: Default, loss=0.5620, RMSE_MU_per_atom=0.00 mDebye, RMSE_MU_DERIV=0.00 mDebye / A, RMSE_ALPHA_per_atom=    0.02, RMSE_ALPHA_DERIV=    1.91
2025-07-13 07:18:16.906 INFO: Epoch 1489: head: Default, loss=0.5622, RMSE_MU_per_atom=0.00 mDebye, RMSE_MU_DERIV=0.00 mDebye / A, RMSE_ALPHA_per_atom=    0.02, RMSE_ALPHA_DERIV=    1.91
2025-07-13 07:19:09.305 INFO: Epoch 1490: head: Default, loss=0.5624, RMSE_MU_per_atom=0.00 mDebye, RMSE_MU_DERIV=0.00 mDebye / A, RMSE_ALPHA_per_atom=    0.02, RMSE_ALPHA_DERIV=    1.91
2025-07-13 07:20:01.673 INFO: Epoch 1491: head: Default, loss=0.5623, RMSE_MU_per_atom=0.00 mDebye, RMSE_MU_DERIV=0.00 mDebye / A, RMSE_ALPHA_per_atom=    0.02, RMSE_ALPHA_DERIV=    1.91
2025-07-13 07:20:54.052 INFO: Epoch 1492: head: Default, loss=0.5625, RMSE_MU_per_atom=0.00 mDebye, RMSE_MU_DERIV=0.00 mDebye / A, RMSE_ALPHA_per_atom=    0.02, RMSE_ALPHA_DERIV=    1.91
2025-07-13 07:21:46.456 INFO: Epoch 1493: head: Default, loss=0.5623, RMSE_MU_per_atom=0.00 mDebye, RMSE_MU_DERIV=0.00 mDebye / A, RMSE_ALPHA_per_atom=    0.02, RMSE_ALPHA_DERIV=    1.91
2025-07-13 07:22:38.823 INFO: Epoch 1494: head: Default, loss=0.5623, RMSE_MU_per_atom=0.00 mDebye, RMSE_MU_DERIV=0.00 mDebye / A, RMSE_ALPHA_per_atom=    0.02, RMSE_ALPHA_DERIV=    1.91
2025-07-13 07:23:31.198 INFO: Epoch 1495: head: Default, loss=0.5623, RMSE_MU_per_atom=0.00 mDebye, RMSE_MU_DERIV=0.00 mDebye / A, RMSE_ALPHA_per_atom=    0.02, RMSE_ALPHA_DERIV=    1.91
2025-07-13 07:24:23.558 INFO: Epoch 1496: head: Default, loss=0.5624, RMSE_MU_per_atom=0.00 mDebye, RMSE_MU_DERIV=0.00 mDebye / A, RMSE_ALPHA_per_atom=    0.02, RMSE_ALPHA_DERIV=    1.91
2025-07-13 07:25:15.922 INFO: Epoch 1497: head: Default, loss=0.5624, RMSE_MU_per_atom=0.00 mDebye, RMSE_MU_DERIV=0.00 mDebye / A, RMSE_ALPHA_per_atom=    0.02, RMSE_ALPHA_DERIV=    1.91
2025-07-13 07:26:08.316 INFO: Epoch 1498: head: Default, loss=0.5625, RMSE_MU_per_atom=0.00 mDebye, RMSE_MU_DERIV=0.00 mDebye / A, RMSE_ALPHA_per_atom=    0.02, RMSE_ALPHA_DERIV=    1.91
2025-07-13 07:27:00.707 INFO: Epoch 1499: head: Default, loss=0.5625, RMSE_MU_per_atom=0.00 mDebye, RMSE_MU_DERIV=0.00 mDebye / A, RMSE_ALPHA_per_atom=    0.02, RMSE_ALPHA_DERIV=    1.91
2025-07-13 07:27:53.100 INFO: Epoch 1500: head: Default, loss=0.5625, RMSE_MU_per_atom=0.00 mDebye, RMSE_MU_DERIV=0.00 mDebye / A, RMSE_ALPHA_per_atom=    0.02, RMSE_ALPHA_DERIV=    1.91
2025-07-13 07:28:45.455 INFO: Epoch 1501: head: Default, loss=0.5623, RMSE_MU_per_atom=0.00 mDebye, RMSE_MU_DERIV=0.00 mDebye / A, RMSE_ALPHA_per_atom=    0.02, RMSE_ALPHA_DERIV=    1.91
2025-07-13 07:29:37.837 INFO: Epoch 1502: head: Default, loss=0.5625, RMSE_MU_per_atom=0.00 mDebye, RMSE_MU_DERIV=0.00 mDebye / A, RMSE_ALPHA_per_atom=    0.02, RMSE_ALPHA_DERIV=    1.91
2025-07-13 07:30:30.230 INFO: Epoch 1503: head: Default, loss=0.5623, RMSE_MU_per_atom=0.00 mDebye, RMSE_MU_DERIV=0.00 mDebye / A, RMSE_ALPHA_per_atom=    0.02, RMSE_ALPHA_DERIV=    1.91
2025-07-13 07:31:22.540 INFO: Epoch 1504: head: Default, loss=0.5623, RMSE_MU_per_atom=0.00 mDebye, RMSE_MU_DERIV=0.00 mDebye / A, RMSE_ALPHA_per_atom=    0.02, RMSE_ALPHA_DERIV=    1.91
2025-07-13 07:32:14.828 INFO: Epoch 1505: head: Default, loss=0.5623, RMSE_MU_per_atom=0.00 mDebye, RMSE_MU_DERIV=0.00 mDebye / A, RMSE_ALPHA_per_atom=    0.02, RMSE_ALPHA_DERIV=    1.91
2025-07-13 07:33:07.098 INFO: Epoch 1506: head: Default, loss=0.5626, RMSE_MU_per_atom=0.00 mDebye, RMSE_MU_DERIV=0.00 mDebye / A, RMSE_ALPHA_per_atom=    0.02, RMSE_ALPHA_DERIV=    1.91
2025-07-13 07:33:59.428 INFO: Epoch 1507: head: Default, loss=0.5626, RMSE_MU_per_atom=0.00 mDebye, RMSE_MU_DERIV=0.00 mDebye / A, RMSE_ALPHA_per_atom=    0.02, RMSE_ALPHA_DERIV=    1.91
2025-07-13 07:34:51.715 INFO: Epoch 1508: head: Default, loss=0.5623, RMSE_MU_per_atom=0.00 mDebye, RMSE_MU_DERIV=0.00 mDebye / A, RMSE_ALPHA_per_atom=    0.02, RMSE_ALPHA_DERIV=    1.91
2025-07-13 07:35:44.057 INFO: Epoch 1509: head: Default, loss=0.5625, RMSE_MU_per_atom=0.00 mDebye, RMSE_MU_DERIV=0.00 mDebye / A, RMSE_ALPHA_per_atom=    0.02, RMSE_ALPHA_DERIV=    1.91
2025-07-13 07:36:36.371 INFO: Epoch 1510: head: Default, loss=0.5624, RMSE_MU_per_atom=0.00 mDebye, RMSE_MU_DERIV=0.00 mDebye / A, RMSE_ALPHA_per_atom=    0.02, RMSE_ALPHA_DERIV=    1.91
2025-07-13 07:37:28.688 INFO: Epoch 1511: head: Default, loss=0.5624, RMSE_MU_per_atom=0.00 mDebye, RMSE_MU_DERIV=0.00 mDebye / A, RMSE_ALPHA_per_atom=    0.02, RMSE_ALPHA_DERIV=    1.91
2025-07-13 07:38:21.015 INFO: Epoch 1512: head: Default, loss=0.5625, RMSE_MU_per_atom=0.00 mDebye, RMSE_MU_DERIV=0.00 mDebye / A, RMSE_ALPHA_per_atom=    0.02, RMSE_ALPHA_DERIV=    1.91
2025-07-13 07:39:13.380 INFO: Epoch 1513: head: Default, loss=0.5623, RMSE_MU_per_atom=0.00 mDebye, RMSE_MU_DERIV=0.00 mDebye / A, RMSE_ALPHA_per_atom=    0.02, RMSE_ALPHA_DERIV=    1.91
2025-07-13 07:40:05.768 INFO: Epoch 1514: head: Default, loss=0.5626, RMSE_MU_per_atom=0.00 mDebye, RMSE_MU_DERIV=0.00 mDebye / A, RMSE_ALPHA_per_atom=    0.02, RMSE_ALPHA_DERIV=    1.91
2025-07-13 07:40:58.151 INFO: Epoch 1515: head: Default, loss=0.5623, RMSE_MU_per_atom=0.00 mDebye, RMSE_MU_DERIV=0.00 mDebye / A, RMSE_ALPHA_per_atom=    0.02, RMSE_ALPHA_DERIV=    1.91
2025-07-13 07:41:50.541 INFO: Epoch 1516: head: Default, loss=0.5625, RMSE_MU_per_atom=0.00 mDebye, RMSE_MU_DERIV=0.00 mDebye / A, RMSE_ALPHA_per_atom=    0.02, RMSE_ALPHA_DERIV=    1.91
2025-07-13 07:42:42.907 INFO: Epoch 1517: head: Default, loss=0.5625, RMSE_MU_per_atom=0.00 mDebye, RMSE_MU_DERIV=0.00 mDebye / A, RMSE_ALPHA_per_atom=    0.02, RMSE_ALPHA_DERIV=    1.91
2025-07-13 07:43:35.275 INFO: Epoch 1518: head: Default, loss=0.5623, RMSE_MU_per_atom=0.00 mDebye, RMSE_MU_DERIV=0.00 mDebye / A, RMSE_ALPHA_per_atom=    0.02, RMSE_ALPHA_DERIV=    1.91
2025-07-13 07:44:27.682 INFO: Epoch 1519: head: Default, loss=0.5627, RMSE_MU_per_atom=0.00 mDebye, RMSE_MU_DERIV=0.00 mDebye / A, RMSE_ALPHA_per_atom=    0.02, RMSE_ALPHA_DERIV=    1.91
2025-07-13 07:45:20.057 INFO: Epoch 1520: head: Default, loss=0.5627, RMSE_MU_per_atom=0.00 mDebye, RMSE_MU_DERIV=0.00 mDebye / A, RMSE_ALPHA_per_atom=    0.02, RMSE_ALPHA_DERIV=    1.91
2025-07-13 07:46:12.378 INFO: Epoch 1521: head: Default, loss=0.5624, RMSE_MU_per_atom=0.00 mDebye, RMSE_MU_DERIV=0.00 mDebye / A, RMSE_ALPHA_per_atom=    0.02, RMSE_ALPHA_DERIV=    1.91
2025-07-13 07:47:04.706 INFO: Epoch 1522: head: Default, loss=0.5625, RMSE_MU_per_atom=0.00 mDebye, RMSE_MU_DERIV=0.00 mDebye / A, RMSE_ALPHA_per_atom=    0.02, RMSE_ALPHA_DERIV=    1.91
2025-07-13 07:47:57.058 INFO: Epoch 1523: head: Default, loss=0.5624, RMSE_MU_per_atom=0.00 mDebye, RMSE_MU_DERIV=0.00 mDebye / A, RMSE_ALPHA_per_atom=    0.02, RMSE_ALPHA_DERIV=    1.91
2025-07-13 07:48:49.429 INFO: Epoch 1524: head: Default, loss=0.5626, RMSE_MU_per_atom=0.00 mDebye, RMSE_MU_DERIV=0.00 mDebye / A, RMSE_ALPHA_per_atom=    0.02, RMSE_ALPHA_DERIV=    1.91
2025-07-13 07:49:41.768 INFO: Epoch 1525: head: Default, loss=0.5624, RMSE_MU_per_atom=0.00 mDebye, RMSE_MU_DERIV=0.00 mDebye / A, RMSE_ALPHA_per_atom=    0.02, RMSE_ALPHA_DERIV=    1.91
2025-07-13 07:50:34.174 INFO: Epoch 1526: head: Default, loss=0.5624, RMSE_MU_per_atom=0.00 mDebye, RMSE_MU_DERIV=0.00 mDebye / A, RMSE_ALPHA_per_atom=    0.02, RMSE_ALPHA_DERIV=    1.91
2025-07-13 07:51:26.560 INFO: Epoch 1527: head: Default, loss=0.5625, RMSE_MU_per_atom=0.00 mDebye, RMSE_MU_DERIV=0.00 mDebye / A, RMSE_ALPHA_per_atom=    0.02, RMSE_ALPHA_DERIV=    1.91
2025-07-13 07:52:18.902 INFO: Epoch 1528: head: Default, loss=0.5626, RMSE_MU_per_atom=0.00 mDebye, RMSE_MU_DERIV=0.00 mDebye / A, RMSE_ALPHA_per_atom=    0.02, RMSE_ALPHA_DERIV=    1.91
2025-07-13 07:53:11.273 INFO: Epoch 1529: head: Default, loss=0.5624, RMSE_MU_per_atom=0.00 mDebye, RMSE_MU_DERIV=0.00 mDebye / A, RMSE_ALPHA_per_atom=    0.02, RMSE_ALPHA_DERIV=    1.91
2025-07-13 07:54:03.658 INFO: Epoch 1530: head: Default, loss=0.5623, RMSE_MU_per_atom=0.00 mDebye, RMSE_MU_DERIV=0.00 mDebye / A, RMSE_ALPHA_per_atom=    0.02, RMSE_ALPHA_DERIV=    1.91
2025-07-13 07:54:56.049 INFO: Epoch 1531: head: Default, loss=0.5623, RMSE_MU_per_atom=0.00 mDebye, RMSE_MU_DERIV=0.00 mDebye / A, RMSE_ALPHA_per_atom=    0.02, RMSE_ALPHA_DERIV=    1.91
2025-07-13 07:55:48.423 INFO: Epoch 1532: head: Default, loss=0.5624, RMSE_MU_per_atom=0.00 mDebye, RMSE_MU_DERIV=0.00 mDebye / A, RMSE_ALPHA_per_atom=    0.02, RMSE_ALPHA_DERIV=    1.91
2025-07-13 07:56:40.810 INFO: Epoch 1533: head: Default, loss=0.5625, RMSE_MU_per_atom=0.00 mDebye, RMSE_MU_DERIV=0.00 mDebye / A, RMSE_ALPHA_per_atom=    0.02, RMSE_ALPHA_DERIV=    1.91
2025-07-13 07:57:33.218 INFO: Epoch 1534: head: Default, loss=0.5623, RMSE_MU_per_atom=0.00 mDebye, RMSE_MU_DERIV=0.00 mDebye / A, RMSE_ALPHA_per_atom=    0.02, RMSE_ALPHA_DERIV=    1.91
2025-07-13 07:58:25.626 INFO: Epoch 1535: head: Default, loss=0.5623, RMSE_MU_per_atom=0.00 mDebye, RMSE_MU_DERIV=0.00 mDebye / A, RMSE_ALPHA_per_atom=    0.02, RMSE_ALPHA_DERIV=    1.91
2025-07-13 07:59:18.042 INFO: Epoch 1536: head: Default, loss=0.5623, RMSE_MU_per_atom=0.00 mDebye, RMSE_MU_DERIV=0.00 mDebye / A, RMSE_ALPHA_per_atom=    0.02, RMSE_ALPHA_DERIV=    1.91
2025-07-13 08:00:10.413 INFO: Epoch 1537: head: Default, loss=0.5626, RMSE_MU_per_atom=0.00 mDebye, RMSE_MU_DERIV=0.00 mDebye / A, RMSE_ALPHA_per_atom=    0.02, RMSE_ALPHA_DERIV=    1.91
2025-07-13 08:01:02.756 INFO: Epoch 1538: head: Default, loss=0.5622, RMSE_MU_per_atom=0.00 mDebye, RMSE_MU_DERIV=0.00 mDebye / A, RMSE_ALPHA_per_atom=    0.02, RMSE_ALPHA_DERIV=    1.91
2025-07-13 08:01:55.125 INFO: Epoch 1539: head: Default, loss=0.5625, RMSE_MU_per_atom=0.00 mDebye, RMSE_MU_DERIV=0.00 mDebye / A, RMSE_ALPHA_per_atom=    0.02, RMSE_ALPHA_DERIV=    1.91
2025-07-13 08:02:47.520 INFO: Epoch 1540: head: Default, loss=0.5628, RMSE_MU_per_atom=0.00 mDebye, RMSE_MU_DERIV=0.00 mDebye / A, RMSE_ALPHA_per_atom=    0.02, RMSE_ALPHA_DERIV=    1.91
2025-07-13 08:03:39.922 INFO: Epoch 1541: head: Default, loss=0.5626, RMSE_MU_per_atom=0.00 mDebye, RMSE_MU_DERIV=0.00 mDebye / A, RMSE_ALPHA_per_atom=    0.02, RMSE_ALPHA_DERIV=    1.91
2025-07-13 08:04:32.328 INFO: Epoch 1542: head: Default, loss=0.5626, RMSE_MU_per_atom=0.00 mDebye, RMSE_MU_DERIV=0.00 mDebye / A, RMSE_ALPHA_per_atom=    0.02, RMSE_ALPHA_DERIV=    1.91
2025-07-13 08:05:24.732 INFO: Epoch 1543: head: Default, loss=0.5626, RMSE_MU_per_atom=0.00 mDebye, RMSE_MU_DERIV=0.00 mDebye / A, RMSE_ALPHA_per_atom=    0.02, RMSE_ALPHA_DERIV=    1.91
2025-07-13 08:06:17.130 INFO: Epoch 1544: head: Default, loss=0.5626, RMSE_MU_per_atom=0.00 mDebye, RMSE_MU_DERIV=0.00 mDebye / A, RMSE_ALPHA_per_atom=    0.02, RMSE_ALPHA_DERIV=    1.91
2025-07-13 08:07:09.529 INFO: Epoch 1545: head: Default, loss=0.5627, RMSE_MU_per_atom=0.00 mDebye, RMSE_MU_DERIV=0.00 mDebye / A, RMSE_ALPHA_per_atom=    0.02, RMSE_ALPHA_DERIV=    1.91
2025-07-13 08:08:01.923 INFO: Epoch 1546: head: Default, loss=0.5627, RMSE_MU_per_atom=0.00 mDebye, RMSE_MU_DERIV=0.00 mDebye / A, RMSE_ALPHA_per_atom=    0.02, RMSE_ALPHA_DERIV=    1.91
2025-07-13 08:08:54.277 INFO: Epoch 1547: head: Default, loss=0.5625, RMSE_MU_per_atom=0.00 mDebye, RMSE_MU_DERIV=0.00 mDebye / A, RMSE_ALPHA_per_atom=    0.02, RMSE_ALPHA_DERIV=    1.91
2025-07-13 08:09:46.678 INFO: Epoch 1548: head: Default, loss=0.5623, RMSE_MU_per_atom=0.00 mDebye, RMSE_MU_DERIV=0.00 mDebye / A, RMSE_ALPHA_per_atom=    0.02, RMSE_ALPHA_DERIV=    1.91
2025-07-13 08:10:39.043 INFO: Epoch 1549: head: Default, loss=0.5626, RMSE_MU_per_atom=0.00 mDebye, RMSE_MU_DERIV=0.00 mDebye / A, RMSE_ALPHA_per_atom=    0.02, RMSE_ALPHA_DERIV=    1.91
2025-07-13 08:11:31.444 INFO: Epoch 1550: head: Default, loss=0.5625, RMSE_MU_per_atom=0.00 mDebye, RMSE_MU_DERIV=0.00 mDebye / A, RMSE_ALPHA_per_atom=    0.02, RMSE_ALPHA_DERIV=    1.91
2025-07-13 08:12:23.856 INFO: Epoch 1551: head: Default, loss=0.5624, RMSE_MU_per_atom=0.00 mDebye, RMSE_MU_DERIV=0.00 mDebye / A, RMSE_ALPHA_per_atom=    0.02, RMSE_ALPHA_DERIV=    1.91
2025-07-13 08:13:16.226 INFO: Epoch 1552: head: Default, loss=0.5625, RMSE_MU_per_atom=0.00 mDebye, RMSE_MU_DERIV=0.00 mDebye / A, RMSE_ALPHA_per_atom=    0.02, RMSE_ALPHA_DERIV=    1.91
2025-07-13 08:14:08.633 INFO: Epoch 1553: head: Default, loss=0.5627, RMSE_MU_per_atom=0.00 mDebye, RMSE_MU_DERIV=0.00 mDebye / A, RMSE_ALPHA_per_atom=    0.02, RMSE_ALPHA_DERIV=    1.91
2025-07-13 08:15:01.031 INFO: Epoch 1554: head: Default, loss=0.5624, RMSE_MU_per_atom=0.00 mDebye, RMSE_MU_DERIV=0.00 mDebye / A, RMSE_ALPHA_per_atom=    0.02, RMSE_ALPHA_DERIV=    1.91
2025-07-13 08:15:53.435 INFO: Epoch 1555: head: Default, loss=0.5626, RMSE_MU_per_atom=0.00 mDebye, RMSE_MU_DERIV=0.00 mDebye / A, RMSE_ALPHA_per_atom=    0.02, RMSE_ALPHA_DERIV=    1.91
2025-07-13 08:16:45.833 INFO: Epoch 1556: head: Default, loss=0.5626, RMSE_MU_per_atom=0.00 mDebye, RMSE_MU_DERIV=0.00 mDebye / A, RMSE_ALPHA_per_atom=    0.02, RMSE_ALPHA_DERIV=    1.91
2025-07-13 08:17:38.222 INFO: Epoch 1557: head: Default, loss=0.5625, RMSE_MU_per_atom=0.00 mDebye, RMSE_MU_DERIV=0.00 mDebye / A, RMSE_ALPHA_per_atom=    0.02, RMSE_ALPHA_DERIV=    1.91
2025-07-13 08:18:30.587 INFO: Epoch 1558: head: Default, loss=0.5624, RMSE_MU_per_atom=0.00 mDebye, RMSE_MU_DERIV=0.00 mDebye / A, RMSE_ALPHA_per_atom=    0.02, RMSE_ALPHA_DERIV=    1.91
2025-07-13 08:19:22.959 INFO: Epoch 1559: head: Default, loss=0.5625, RMSE_MU_per_atom=0.00 mDebye, RMSE_MU_DERIV=0.00 mDebye / A, RMSE_ALPHA_per_atom=    0.02, RMSE_ALPHA_DERIV=    1.91
2025-07-13 08:20:15.361 INFO: Epoch 1560: head: Default, loss=0.5626, RMSE_MU_per_atom=0.00 mDebye, RMSE_MU_DERIV=0.00 mDebye / A, RMSE_ALPHA_per_atom=    0.02, RMSE_ALPHA_DERIV=    1.91
2025-07-13 08:21:07.742 INFO: Epoch 1561: head: Default, loss=0.5624, RMSE_MU_per_atom=0.00 mDebye, RMSE_MU_DERIV=0.00 mDebye / A, RMSE_ALPHA_per_atom=    0.02, RMSE_ALPHA_DERIV=    1.91
2025-07-13 08:22:00.140 INFO: Epoch 1562: head: Default, loss=0.5623, RMSE_MU_per_atom=0.00 mDebye, RMSE_MU_DERIV=0.00 mDebye / A, RMSE_ALPHA_per_atom=    0.02, RMSE_ALPHA_DERIV=    1.91
2025-07-13 08:22:52.477 INFO: Epoch 1563: head: Default, loss=0.5622, RMSE_MU_per_atom=0.00 mDebye, RMSE_MU_DERIV=0.00 mDebye / A, RMSE_ALPHA_per_atom=    0.02, RMSE_ALPHA_DERIV=    1.91
2025-07-13 08:23:44.830 INFO: Epoch 1564: head: Default, loss=0.5625, RMSE_MU_per_atom=0.00 mDebye, RMSE_MU_DERIV=0.00 mDebye / A, RMSE_ALPHA_per_atom=    0.02, RMSE_ALPHA_DERIV=    1.91
2025-07-13 08:24:37.203 INFO: Epoch 1565: head: Default, loss=0.5626, RMSE_MU_per_atom=0.00 mDebye, RMSE_MU_DERIV=0.00 mDebye / A, RMSE_ALPHA_per_atom=    0.02, RMSE_ALPHA_DERIV=    1.91
2025-07-13 08:25:29.590 INFO: Epoch 1566: head: Default, loss=0.5624, RMSE_MU_per_atom=0.00 mDebye, RMSE_MU_DERIV=0.00 mDebye / A, RMSE_ALPHA_per_atom=    0.02, RMSE_ALPHA_DERIV=    1.91
2025-07-13 08:26:21.971 INFO: Epoch 1567: head: Default, loss=0.5625, RMSE_MU_per_atom=0.00 mDebye, RMSE_MU_DERIV=0.00 mDebye / A, RMSE_ALPHA_per_atom=    0.02, RMSE_ALPHA_DERIV=    1.91
2025-07-13 08:27:14.344 INFO: Epoch 1568: head: Default, loss=0.5626, RMSE_MU_per_atom=0.00 mDebye, RMSE_MU_DERIV=0.00 mDebye / A, RMSE_ALPHA_per_atom=    0.02, RMSE_ALPHA_DERIV=    1.91
2025-07-13 08:28:06.667 INFO: Epoch 1569: head: Default, loss=0.5625, RMSE_MU_per_atom=0.00 mDebye, RMSE_MU_DERIV=0.00 mDebye / A, RMSE_ALPHA_per_atom=    0.02, RMSE_ALPHA_DERIV=    1.91
2025-07-13 08:28:59.024 INFO: Epoch 1570: head: Default, loss=0.5625, RMSE_MU_per_atom=0.00 mDebye, RMSE_MU_DERIV=0.00 mDebye / A, RMSE_ALPHA_per_atom=    0.02, RMSE_ALPHA_DERIV=    1.91
2025-07-13 08:29:51.398 INFO: Epoch 1571: head: Default, loss=0.5625, RMSE_MU_per_atom=0.00 mDebye, RMSE_MU_DERIV=0.00 mDebye / A, RMSE_ALPHA_per_atom=    0.02, RMSE_ALPHA_DERIV=    1.91
2025-07-13 08:30:43.786 INFO: Epoch 1572: head: Default, loss=0.5625, RMSE_MU_per_atom=0.00 mDebye, RMSE_MU_DERIV=0.00 mDebye / A, RMSE_ALPHA_per_atom=    0.02, RMSE_ALPHA_DERIV=    1.91
2025-07-13 08:31:36.168 INFO: Epoch 1573: head: Default, loss=0.5626, RMSE_MU_per_atom=0.00 mDebye, RMSE_MU_DERIV=0.00 mDebye / A, RMSE_ALPHA_per_atom=    0.02, RMSE_ALPHA_DERIV=    1.91
2025-07-13 08:32:28.497 INFO: Epoch 1574: head: Default, loss=0.5626, RMSE_MU_per_atom=0.00 mDebye, RMSE_MU_DERIV=0.00 mDebye / A, RMSE_ALPHA_per_atom=    0.02, RMSE_ALPHA_DERIV=    1.91
2025-07-13 08:33:20.824 INFO: Epoch 1575: head: Default, loss=0.5627, RMSE_MU_per_atom=0.00 mDebye, RMSE_MU_DERIV=0.00 mDebye / A, RMSE_ALPHA_per_atom=    0.02, RMSE_ALPHA_DERIV=    1.91
2025-07-13 08:34:13.201 INFO: Epoch 1576: head: Default, loss=0.5627, RMSE_MU_per_atom=0.00 mDebye, RMSE_MU_DERIV=0.00 mDebye / A, RMSE_ALPHA_per_atom=    0.02, RMSE_ALPHA_DERIV=    1.91
2025-07-13 08:35:05.564 INFO: Epoch 1577: head: Default, loss=0.5626, RMSE_MU_per_atom=0.00 mDebye, RMSE_MU_DERIV=0.00 mDebye / A, RMSE_ALPHA_per_atom=    0.02, RMSE_ALPHA_DERIV=    1.91
2025-07-13 08:35:57.941 INFO: Epoch 1578: head: Default, loss=0.5625, RMSE_MU_per_atom=0.00 mDebye, RMSE_MU_DERIV=0.00 mDebye / A, RMSE_ALPHA_per_atom=    0.02, RMSE_ALPHA_DERIV=    1.91
2025-07-13 08:36:50.299 INFO: Epoch 1579: head: Default, loss=0.5626, RMSE_MU_per_atom=0.00 mDebye, RMSE_MU_DERIV=0.00 mDebye / A, RMSE_ALPHA_per_atom=    0.02, RMSE_ALPHA_DERIV=    1.91
2025-07-13 08:37:42.654 INFO: Epoch 1580: head: Default, loss=0.5626, RMSE_MU_per_atom=0.00 mDebye, RMSE_MU_DERIV=0.00 mDebye / A, RMSE_ALPHA_per_atom=    0.02, RMSE_ALPHA_DERIV=    1.91
2025-07-13 08:38:34.986 INFO: Epoch 1581: head: Default, loss=0.5624, RMSE_MU_per_atom=0.00 mDebye, RMSE_MU_DERIV=0.00 mDebye / A, RMSE_ALPHA_per_atom=    0.02, RMSE_ALPHA_DERIV=    1.91
2025-07-13 08:39:27.333 INFO: Epoch 1582: head: Default, loss=0.5625, RMSE_MU_per_atom=0.00 mDebye, RMSE_MU_DERIV=0.00 mDebye / A, RMSE_ALPHA_per_atom=    0.02, RMSE_ALPHA_DERIV=    1.91
2025-07-13 08:40:19.604 INFO: Epoch 1583: head: Default, loss=0.5626, RMSE_MU_per_atom=0.00 mDebye, RMSE_MU_DERIV=0.00 mDebye / A, RMSE_ALPHA_per_atom=    0.02, RMSE_ALPHA_DERIV=    1.91
2025-07-13 08:41:11.868 INFO: Epoch 1584: head: Default, loss=0.5625, RMSE_MU_per_atom=0.00 mDebye, RMSE_MU_DERIV=0.00 mDebye / A, RMSE_ALPHA_per_atom=    0.02, RMSE_ALPHA_DERIV=    1.91
2025-07-13 08:42:04.148 INFO: Epoch 1585: head: Default, loss=0.5625, RMSE_MU_per_atom=0.00 mDebye, RMSE_MU_DERIV=0.00 mDebye / A, RMSE_ALPHA_per_atom=    0.02, RMSE_ALPHA_DERIV=    1.91
2025-07-13 08:42:56.529 INFO: Epoch 1586: head: Default, loss=0.5626, RMSE_MU_per_atom=0.00 mDebye, RMSE_MU_DERIV=0.00 mDebye / A, RMSE_ALPHA_per_atom=    0.02, RMSE_ALPHA_DERIV=    1.91
2025-07-13 08:43:48.896 INFO: Epoch 1587: head: Default, loss=0.5626, RMSE_MU_per_atom=0.00 mDebye, RMSE_MU_DERIV=0.00 mDebye / A, RMSE_ALPHA_per_atom=    0.02, RMSE_ALPHA_DERIV=    1.91
2025-07-13 08:44:41.292 INFO: Epoch 1588: head: Default, loss=0.5625, RMSE_MU_per_atom=0.00 mDebye, RMSE_MU_DERIV=0.00 mDebye / A, RMSE_ALPHA_per_atom=    0.02, RMSE_ALPHA_DERIV=    1.91
2025-07-13 08:45:33.682 INFO: Epoch 1589: head: Default, loss=0.5625, RMSE_MU_per_atom=0.00 mDebye, RMSE_MU_DERIV=0.00 mDebye / A, RMSE_ALPHA_per_atom=    0.02, RMSE_ALPHA_DERIV=    1.91
2025-07-13 08:46:26.073 INFO: Epoch 1590: head: Default, loss=0.5626, RMSE_MU_per_atom=0.00 mDebye, RMSE_MU_DERIV=0.00 mDebye / A, RMSE_ALPHA_per_atom=    0.02, RMSE_ALPHA_DERIV=    1.91
2025-07-13 08:47:18.435 INFO: Epoch 1591: head: Default, loss=0.5624, RMSE_MU_per_atom=0.00 mDebye, RMSE_MU_DERIV=0.00 mDebye / A, RMSE_ALPHA_per_atom=    0.02, RMSE_ALPHA_DERIV=    1.91
2025-07-13 08:48:10.805 INFO: Epoch 1592: head: Default, loss=0.5626, RMSE_MU_per_atom=0.00 mDebye, RMSE_MU_DERIV=0.00 mDebye / A, RMSE_ALPHA_per_atom=    0.02, RMSE_ALPHA_DERIV=    1.91
2025-07-13 08:49:03.158 INFO: Epoch 1593: head: Default, loss=0.5625, RMSE_MU_per_atom=0.00 mDebye, RMSE_MU_DERIV=0.00 mDebye / A, RMSE_ALPHA_per_atom=    0.02, RMSE_ALPHA_DERIV=    1.91
2025-07-13 08:49:55.459 INFO: Epoch 1594: head: Default, loss=0.5624, RMSE_MU_per_atom=0.00 mDebye, RMSE_MU_DERIV=0.00 mDebye / A, RMSE_ALPHA_per_atom=    0.02, RMSE_ALPHA_DERIV=    1.91
2025-07-13 08:50:47.736 INFO: Epoch 1595: head: Default, loss=0.5625, RMSE_MU_per_atom=0.00 mDebye, RMSE_MU_DERIV=0.00 mDebye / A, RMSE_ALPHA_per_atom=    0.02, RMSE_ALPHA_DERIV=    1.91
2025-07-13 08:51:40.037 INFO: Epoch 1596: head: Default, loss=0.5624, RMSE_MU_per_atom=0.00 mDebye, RMSE_MU_DERIV=0.00 mDebye / A, RMSE_ALPHA_per_atom=    0.02, RMSE_ALPHA_DERIV=    1.91
2025-07-13 08:52:32.283 INFO: Epoch 1597: head: Default, loss=0.5623, RMSE_MU_per_atom=0.00 mDebye, RMSE_MU_DERIV=0.00 mDebye / A, RMSE_ALPHA_per_atom=    0.02, RMSE_ALPHA_DERIV=    1.91
2025-07-13 08:53:24.471 INFO: Epoch 1598: head: Default, loss=0.5625, RMSE_MU_per_atom=0.00 mDebye, RMSE_MU_DERIV=0.00 mDebye / A, RMSE_ALPHA_per_atom=    0.02, RMSE_ALPHA_DERIV=    1.91
2025-07-13 08:54:16.780 INFO: Epoch 1599: head: Default, loss=0.5626, RMSE_MU_per_atom=0.00 mDebye, RMSE_MU_DERIV=0.00 mDebye / A, RMSE_ALPHA_per_atom=    0.02, RMSE_ALPHA_DERIV=    1.91
2025-07-13 08:55:09.110 INFO: Epoch 1600: head: Default, loss=0.5626, RMSE_MU_per_atom=0.00 mDebye, RMSE_MU_DERIV=0.00 mDebye / A, RMSE_ALPHA_per_atom=    0.02, RMSE_ALPHA_DERIV=    1.91
2025-07-13 08:56:01.367 INFO: Epoch 1601: head: Default, loss=0.5625, RMSE_MU_per_atom=0.00 mDebye, RMSE_MU_DERIV=0.00 mDebye / A, RMSE_ALPHA_per_atom=    0.02, RMSE_ALPHA_DERIV=    1.91
2025-07-13 08:56:53.582 INFO: Epoch 1602: head: Default, loss=0.5624, RMSE_MU_per_atom=0.00 mDebye, RMSE_MU_DERIV=0.00 mDebye / A, RMSE_ALPHA_per_atom=    0.02, RMSE_ALPHA_DERIV=    1.91
2025-07-13 08:57:45.848 INFO: Epoch 1603: head: Default, loss=0.5625, RMSE_MU_per_atom=0.00 mDebye, RMSE_MU_DERIV=0.00 mDebye / A, RMSE_ALPHA_per_atom=    0.02, RMSE_ALPHA_DERIV=    1.91
2025-07-13 08:58:38.147 INFO: Epoch 1604: head: Default, loss=0.5625, RMSE_MU_per_atom=0.00 mDebye, RMSE_MU_DERIV=0.00 mDebye / A, RMSE_ALPHA_per_atom=    0.02, RMSE_ALPHA_DERIV=    1.91
2025-07-13 08:59:30.497 INFO: Epoch 1605: head: Default, loss=0.5623, RMSE_MU_per_atom=0.00 mDebye, RMSE_MU_DERIV=0.00 mDebye / A, RMSE_ALPHA_per_atom=    0.02, RMSE_ALPHA_DERIV=    1.91
2025-07-13 09:00:22.823 INFO: Epoch 1606: head: Default, loss=0.5623, RMSE_MU_per_atom=0.00 mDebye, RMSE_MU_DERIV=0.00 mDebye / A, RMSE_ALPHA_per_atom=    0.02, RMSE_ALPHA_DERIV=    1.91
2025-07-13 09:01:15.171 INFO: Epoch 1607: head: Default, loss=0.5625, RMSE_MU_per_atom=0.00 mDebye, RMSE_MU_DERIV=0.00 mDebye / A, RMSE_ALPHA_per_atom=    0.02, RMSE_ALPHA_DERIV=    1.91
2025-07-13 09:02:07.548 INFO: Epoch 1608: head: Default, loss=0.5623, RMSE_MU_per_atom=0.00 mDebye, RMSE_MU_DERIV=0.00 mDebye / A, RMSE_ALPHA_per_atom=    0.02, RMSE_ALPHA_DERIV=    1.91
2025-07-13 09:02:59.941 INFO: Epoch 1609: head: Default, loss=0.5623, RMSE_MU_per_atom=0.00 mDebye, RMSE_MU_DERIV=0.00 mDebye / A, RMSE_ALPHA_per_atom=    0.02, RMSE_ALPHA_DERIV=    1.91
2025-07-13 09:03:52.316 INFO: Epoch 1610: head: Default, loss=0.5624, RMSE_MU_per_atom=0.00 mDebye, RMSE_MU_DERIV=0.00 mDebye / A, RMSE_ALPHA_per_atom=    0.02, RMSE_ALPHA_DERIV=    1.91
2025-07-13 09:04:44.678 INFO: Epoch 1611: head: Default, loss=0.5624, RMSE_MU_per_atom=0.00 mDebye, RMSE_MU_DERIV=0.00 mDebye / A, RMSE_ALPHA_per_atom=    0.02, RMSE_ALPHA_DERIV=    1.91
2025-07-13 09:05:37.083 INFO: Epoch 1612: head: Default, loss=0.5624, RMSE_MU_per_atom=0.00 mDebye, RMSE_MU_DERIV=0.00 mDebye / A, RMSE_ALPHA_per_atom=    0.02, RMSE_ALPHA_DERIV=    1.91
2025-07-13 09:06:29.491 INFO: Epoch 1613: head: Default, loss=0.5623, RMSE_MU_per_atom=0.00 mDebye, RMSE_MU_DERIV=0.00 mDebye / A, RMSE_ALPHA_per_atom=    0.02, RMSE_ALPHA_DERIV=    1.91
2025-07-13 09:07:21.877 INFO: Epoch 1614: head: Default, loss=0.5623, RMSE_MU_per_atom=0.00 mDebye, RMSE_MU_DERIV=0.00 mDebye / A, RMSE_ALPHA_per_atom=    0.02, RMSE_ALPHA_DERIV=    1.91
2025-07-13 09:08:14.265 INFO: Epoch 1615: head: Default, loss=0.5624, RMSE_MU_per_atom=0.00 mDebye, RMSE_MU_DERIV=0.00 mDebye / A, RMSE_ALPHA_per_atom=    0.02, RMSE_ALPHA_DERIV=    1.91
2025-07-13 09:09:06.601 INFO: Epoch 1616: head: Default, loss=0.5624, RMSE_MU_per_atom=0.00 mDebye, RMSE_MU_DERIV=0.00 mDebye / A, RMSE_ALPHA_per_atom=    0.02, RMSE_ALPHA_DERIV=    1.91
2025-07-13 09:09:58.974 INFO: Epoch 1617: head: Default, loss=0.5624, RMSE_MU_per_atom=0.00 mDebye, RMSE_MU_DERIV=0.00 mDebye / A, RMSE_ALPHA_per_atom=    0.02, RMSE_ALPHA_DERIV=    1.91
2025-07-13 09:10:51.313 INFO: Epoch 1618: head: Default, loss=0.5623, RMSE_MU_per_atom=0.00 mDebye, RMSE_MU_DERIV=0.00 mDebye / A, RMSE_ALPHA_per_atom=    0.02, RMSE_ALPHA_DERIV=    1.91
2025-07-13 09:11:43.685 INFO: Epoch 1619: head: Default, loss=0.5623, RMSE_MU_per_atom=0.00 mDebye, RMSE_MU_DERIV=0.00 mDebye / A, RMSE_ALPHA_per_atom=    0.02, RMSE_ALPHA_DERIV=    1.91
2025-07-13 09:12:36.073 INFO: Epoch 1620: head: Default, loss=0.5624, RMSE_MU_per_atom=0.00 mDebye, RMSE_MU_DERIV=0.00 mDebye / A, RMSE_ALPHA_per_atom=    0.02, RMSE_ALPHA_DERIV=    1.91
2025-07-13 09:13:28.453 INFO: Epoch 1621: head: Default, loss=0.5624, RMSE_MU_per_atom=0.00 mDebye, RMSE_MU_DERIV=0.00 mDebye / A, RMSE_ALPHA_per_atom=    0.02, RMSE_ALPHA_DERIV=    1.91
2025-07-13 09:14:20.860 INFO: Epoch 1622: head: Default, loss=0.5621, RMSE_MU_per_atom=0.00 mDebye, RMSE_MU_DERIV=0.00 mDebye / A, RMSE_ALPHA_per_atom=    0.02, RMSE_ALPHA_DERIV=    1.91
2025-07-13 09:15:13.248 INFO: Epoch 1623: head: Default, loss=0.5626, RMSE_MU_per_atom=0.00 mDebye, RMSE_MU_DERIV=0.00 mDebye / A, RMSE_ALPHA_per_atom=    0.02, RMSE_ALPHA_DERIV=    1.91
2025-07-13 09:16:05.585 INFO: Epoch 1624: head: Default, loss=0.5625, RMSE_MU_per_atom=0.00 mDebye, RMSE_MU_DERIV=0.00 mDebye / A, RMSE_ALPHA_per_atom=    0.02, RMSE_ALPHA_DERIV=    1.91
2025-07-13 09:16:57.981 INFO: Epoch 1625: head: Default, loss=0.5627, RMSE_MU_per_atom=0.00 mDebye, RMSE_MU_DERIV=0.00 mDebye / A, RMSE_ALPHA_per_atom=    0.02, RMSE_ALPHA_DERIV=    1.91
2025-07-13 09:17:50.331 INFO: Epoch 1626: head: Default, loss=0.5626, RMSE_MU_per_atom=0.00 mDebye, RMSE_MU_DERIV=0.00 mDebye / A, RMSE_ALPHA_per_atom=    0.02, RMSE_ALPHA_DERIV=    1.91
2025-07-13 09:18:42.719 INFO: Epoch 1627: head: Default, loss=0.5624, RMSE_MU_per_atom=0.00 mDebye, RMSE_MU_DERIV=0.00 mDebye / A, RMSE_ALPHA_per_atom=    0.02, RMSE_ALPHA_DERIV=    1.91
2025-07-13 09:19:35.082 INFO: Epoch 1628: head: Default, loss=0.5625, RMSE_MU_per_atom=0.00 mDebye, RMSE_MU_DERIV=0.00 mDebye / A, RMSE_ALPHA_per_atom=    0.02, RMSE_ALPHA_DERIV=    1.91
2025-07-13 09:20:27.487 INFO: Epoch 1629: head: Default, loss=0.5624, RMSE_MU_per_atom=0.00 mDebye, RMSE_MU_DERIV=0.00 mDebye / A, RMSE_ALPHA_per_atom=    0.02, RMSE_ALPHA_DERIV=    1.91
2025-07-13 09:21:19.892 INFO: Epoch 1630: head: Default, loss=0.5625, RMSE_MU_per_atom=0.00 mDebye, RMSE_MU_DERIV=0.00 mDebye / A, RMSE_ALPHA_per_atom=    0.02, RMSE_ALPHA_DERIV=    1.91
2025-07-13 09:22:12.284 INFO: Epoch 1631: head: Default, loss=0.5626, RMSE_MU_per_atom=0.00 mDebye, RMSE_MU_DERIV=0.00 mDebye / A, RMSE_ALPHA_per_atom=    0.02, RMSE_ALPHA_DERIV=    1.91
2025-07-13 09:23:04.669 INFO: Epoch 1632: head: Default, loss=0.5624, RMSE_MU_per_atom=0.00 mDebye, RMSE_MU_DERIV=0.00 mDebye / A, RMSE_ALPHA_per_atom=    0.02, RMSE_ALPHA_DERIV=    1.91
2025-07-13 09:23:57.068 INFO: Epoch 1633: head: Default, loss=0.5624, RMSE_MU_per_atom=0.00 mDebye, RMSE_MU_DERIV=0.00 mDebye / A, RMSE_ALPHA_per_atom=    0.02, RMSE_ALPHA_DERIV=    1.91
2025-07-13 09:24:49.482 INFO: Epoch 1634: head: Default, loss=0.5623, RMSE_MU_per_atom=0.00 mDebye, RMSE_MU_DERIV=0.00 mDebye / A, RMSE_ALPHA_per_atom=    0.02, RMSE_ALPHA_DERIV=    1.91
2025-07-13 09:25:41.859 INFO: Epoch 1635: head: Default, loss=0.5624, RMSE_MU_per_atom=0.00 mDebye, RMSE_MU_DERIV=0.00 mDebye / A, RMSE_ALPHA_per_atom=    0.02, RMSE_ALPHA_DERIV=    1.91
2025-07-13 09:26:34.262 INFO: Epoch 1636: head: Default, loss=0.5625, RMSE_MU_per_atom=0.00 mDebye, RMSE_MU_DERIV=0.00 mDebye / A, RMSE_ALPHA_per_atom=    0.02, RMSE_ALPHA_DERIV=    1.91
2025-07-13 09:27:26.676 INFO: Epoch 1637: head: Default, loss=0.5622, RMSE_MU_per_atom=0.00 mDebye, RMSE_MU_DERIV=0.00 mDebye / A, RMSE_ALPHA_per_atom=    0.02, RMSE_ALPHA_DERIV=    1.91
2025-07-13 09:28:19.064 INFO: Epoch 1638: head: Default, loss=0.5623, RMSE_MU_per_atom=0.00 mDebye, RMSE_MU_DERIV=0.00 mDebye / A, RMSE_ALPHA_per_atom=    0.02, RMSE_ALPHA_DERIV=    1.91
2025-07-13 09:29:11.452 INFO: Epoch 1639: head: Default, loss=0.5624, RMSE_MU_per_atom=0.00 mDebye, RMSE_MU_DERIV=0.00 mDebye / A, RMSE_ALPHA_per_atom=    0.02, RMSE_ALPHA_DERIV=    1.91
2025-07-13 09:30:03.840 INFO: Epoch 1640: head: Default, loss=0.5623, RMSE_MU_per_atom=0.00 mDebye, RMSE_MU_DERIV=0.00 mDebye / A, RMSE_ALPHA_per_atom=    0.02, RMSE_ALPHA_DERIV=    1.91
2025-07-13 09:30:56.184 INFO: Epoch 1641: head: Default, loss=0.5625, RMSE_MU_per_atom=0.00 mDebye, RMSE_MU_DERIV=0.00 mDebye / A, RMSE_ALPHA_per_atom=    0.02, RMSE_ALPHA_DERIV=    1.91
2025-07-13 09:31:48.572 INFO: Epoch 1642: head: Default, loss=0.5626, RMSE_MU_per_atom=0.00 mDebye, RMSE_MU_DERIV=0.00 mDebye / A, RMSE_ALPHA_per_atom=    0.02, RMSE_ALPHA_DERIV=    1.91
2025-07-13 09:32:40.937 INFO: Epoch 1643: head: Default, loss=0.5626, RMSE_MU_per_atom=0.00 mDebye, RMSE_MU_DERIV=0.00 mDebye / A, RMSE_ALPHA_per_atom=    0.02, RMSE_ALPHA_DERIV=    1.91
2025-07-13 09:33:33.328 INFO: Epoch 1644: head: Default, loss=0.5625, RMSE_MU_per_atom=0.00 mDebye, RMSE_MU_DERIV=0.00 mDebye / A, RMSE_ALPHA_per_atom=    0.02, RMSE_ALPHA_DERIV=    1.91
2025-07-13 09:34:25.728 INFO: Epoch 1645: head: Default, loss=0.5625, RMSE_MU_per_atom=0.00 mDebye, RMSE_MU_DERIV=0.00 mDebye / A, RMSE_ALPHA_per_atom=    0.02, RMSE_ALPHA_DERIV=    1.91
2025-07-13 09:35:18.129 INFO: Epoch 1646: head: Default, loss=0.5625, RMSE_MU_per_atom=0.00 mDebye, RMSE_MU_DERIV=0.00 mDebye / A, RMSE_ALPHA_per_atom=    0.02, RMSE_ALPHA_DERIV=    1.91
2025-07-13 09:36:10.486 INFO: Epoch 1647: head: Default, loss=0.5624, RMSE_MU_per_atom=0.00 mDebye, RMSE_MU_DERIV=0.00 mDebye / A, RMSE_ALPHA_per_atom=    0.02, RMSE_ALPHA_DERIV=    1.91
2025-07-13 09:37:02.860 INFO: Epoch 1648: head: Default, loss=0.5625, RMSE_MU_per_atom=0.00 mDebye, RMSE_MU_DERIV=0.00 mDebye / A, RMSE_ALPHA_per_atom=    0.02, RMSE_ALPHA_DERIV=    1.91
2025-07-13 09:37:55.229 INFO: Epoch 1649: head: Default, loss=0.5625, RMSE_MU_per_atom=0.00 mDebye, RMSE_MU_DERIV=0.00 mDebye / A, RMSE_ALPHA_per_atom=    0.02, RMSE_ALPHA_DERIV=    1.91
2025-07-13 09:38:47.602 INFO: Epoch 1650: head: Default, loss=0.5624, RMSE_MU_per_atom=0.00 mDebye, RMSE_MU_DERIV=0.00 mDebye / A, RMSE_ALPHA_per_atom=    0.02, RMSE_ALPHA_DERIV=    1.91
2025-07-13 09:39:39.986 INFO: Epoch 1651: head: Default, loss=0.5625, RMSE_MU_per_atom=0.00 mDebye, RMSE_MU_DERIV=0.00 mDebye / A, RMSE_ALPHA_per_atom=    0.02, RMSE_ALPHA_DERIV=    1.91
2025-07-13 09:40:32.372 INFO: Epoch 1652: head: Default, loss=0.5625, RMSE_MU_per_atom=0.00 mDebye, RMSE_MU_DERIV=0.00 mDebye / A, RMSE_ALPHA_per_atom=    0.02, RMSE_ALPHA_DERIV=    1.91
2025-07-13 09:41:24.759 INFO: Epoch 1653: head: Default, loss=0.5625, RMSE_MU_per_atom=0.00 mDebye, RMSE_MU_DERIV=0.00 mDebye / A, RMSE_ALPHA_per_atom=    0.02, RMSE_ALPHA_DERIV=    1.91
2025-07-13 09:42:17.149 INFO: Epoch 1654: head: Default, loss=0.5625, RMSE_MU_per_atom=0.00 mDebye, RMSE_MU_DERIV=0.00 mDebye / A, RMSE_ALPHA_per_atom=    0.02, RMSE_ALPHA_DERIV=    1.91
2025-07-13 09:43:09.517 INFO: Epoch 1655: head: Default, loss=0.5627, RMSE_MU_per_atom=0.00 mDebye, RMSE_MU_DERIV=0.00 mDebye / A, RMSE_ALPHA_per_atom=    0.02, RMSE_ALPHA_DERIV=    1.91
2025-07-13 09:44:01.897 INFO: Epoch 1656: head: Default, loss=0.5625, RMSE_MU_per_atom=0.00 mDebye, RMSE_MU_DERIV=0.00 mDebye / A, RMSE_ALPHA_per_atom=    0.02, RMSE_ALPHA_DERIV=    1.91
2025-07-13 09:44:54.265 INFO: Epoch 1657: head: Default, loss=0.5624, RMSE_MU_per_atom=0.00 mDebye, RMSE_MU_DERIV=0.00 mDebye / A, RMSE_ALPHA_per_atom=    0.02, RMSE_ALPHA_DERIV=    1.91
2025-07-13 09:45:46.639 INFO: Epoch 1658: head: Default, loss=0.5623, RMSE_MU_per_atom=0.00 mDebye, RMSE_MU_DERIV=0.00 mDebye / A, RMSE_ALPHA_per_atom=    0.02, RMSE_ALPHA_DERIV=    1.91
2025-07-13 09:46:39.006 INFO: Epoch 1659: head: Default, loss=0.5626, RMSE_MU_per_atom=0.00 mDebye, RMSE_MU_DERIV=0.00 mDebye / A, RMSE_ALPHA_per_atom=    0.02, RMSE_ALPHA_DERIV=    1.91
2025-07-13 09:47:31.407 INFO: Epoch 1660: head: Default, loss=0.5625, RMSE_MU_per_atom=0.00 mDebye, RMSE_MU_DERIV=0.00 mDebye / A, RMSE_ALPHA_per_atom=    0.02, RMSE_ALPHA_DERIV=    1.91
2025-07-13 09:48:23.797 INFO: Epoch 1661: head: Default, loss=0.5626, RMSE_MU_per_atom=0.00 mDebye, RMSE_MU_DERIV=0.00 mDebye / A, RMSE_ALPHA_per_atom=    0.02, RMSE_ALPHA_DERIV=    1.91
2025-07-13 09:49:16.205 INFO: Epoch 1662: head: Default, loss=0.5625, RMSE_MU_per_atom=0.00 mDebye, RMSE_MU_DERIV=0.00 mDebye / A, RMSE_ALPHA_per_atom=    0.02, RMSE_ALPHA_DERIV=    1.91
2025-07-13 09:50:08.599 INFO: Epoch 1663: head: Default, loss=0.5624, RMSE_MU_per_atom=0.00 mDebye, RMSE_MU_DERIV=0.00 mDebye / A, RMSE_ALPHA_per_atom=    0.02, RMSE_ALPHA_DERIV=    1.91
2025-07-13 09:51:00.983 INFO: Epoch 1664: head: Default, loss=0.5625, RMSE_MU_per_atom=0.00 mDebye, RMSE_MU_DERIV=0.00 mDebye / A, RMSE_ALPHA_per_atom=    0.02, RMSE_ALPHA_DERIV=    1.91
2025-07-13 09:51:53.368 INFO: Epoch 1665: head: Default, loss=0.5624, RMSE_MU_per_atom=0.00 mDebye, RMSE_MU_DERIV=0.00 mDebye / A, RMSE_ALPHA_per_atom=    0.02, RMSE_ALPHA_DERIV=    1.91
2025-07-13 09:52:45.766 INFO: Epoch 1666: head: Default, loss=0.5625, RMSE_MU_per_atom=0.00 mDebye, RMSE_MU_DERIV=0.00 mDebye / A, RMSE_ALPHA_per_atom=    0.02, RMSE_ALPHA_DERIV=    1.91
2025-07-13 09:53:38.159 INFO: Epoch 1667: head: Default, loss=0.5627, RMSE_MU_per_atom=0.00 mDebye, RMSE_MU_DERIV=0.00 mDebye / A, RMSE_ALPHA_per_atom=    0.02, RMSE_ALPHA_DERIV=    1.91
2025-07-13 09:54:30.528 INFO: Epoch 1668: head: Default, loss=0.5625, RMSE_MU_per_atom=0.00 mDebye, RMSE_MU_DERIV=0.00 mDebye / A, RMSE_ALPHA_per_atom=    0.02, RMSE_ALPHA_DERIV=    1.91
2025-07-13 09:55:22.903 INFO: Epoch 1669: head: Default, loss=0.5625, RMSE_MU_per_atom=0.00 mDebye, RMSE_MU_DERIV=0.00 mDebye / A, RMSE_ALPHA_per_atom=    0.02, RMSE_ALPHA_DERIV=    1.91
2025-07-13 09:56:15.307 INFO: Epoch 1670: head: Default, loss=0.5625, RMSE_MU_per_atom=0.00 mDebye, RMSE_MU_DERIV=0.00 mDebye / A, RMSE_ALPHA_per_atom=    0.02, RMSE_ALPHA_DERIV=    1.91
2025-07-13 09:57:07.685 INFO: Epoch 1671: head: Default, loss=0.5624, RMSE_MU_per_atom=0.00 mDebye, RMSE_MU_DERIV=0.00 mDebye / A, RMSE_ALPHA_per_atom=    0.02, RMSE_ALPHA_DERIV=    1.91
2025-07-13 09:58:00.065 INFO: Epoch 1672: head: Default, loss=0.5624, RMSE_MU_per_atom=0.00 mDebye, RMSE_MU_DERIV=0.00 mDebye / A, RMSE_ALPHA_per_atom=    0.02, RMSE_ALPHA_DERIV=    1.91
2025-07-13 09:58:52.462 INFO: Epoch 1673: head: Default, loss=0.5624, RMSE_MU_per_atom=0.00 mDebye, RMSE_MU_DERIV=0.00 mDebye / A, RMSE_ALPHA_per_atom=    0.02, RMSE_ALPHA_DERIV=    1.91
2025-07-13 09:59:44.861 INFO: Epoch 1674: head: Default, loss=0.5623, RMSE_MU_per_atom=0.00 mDebye, RMSE_MU_DERIV=0.00 mDebye / A, RMSE_ALPHA_per_atom=    0.02, RMSE_ALPHA_DERIV=    1.91
2025-07-13 10:00:37.255 INFO: Epoch 1675: head: Default, loss=0.5625, RMSE_MU_per_atom=0.00 mDebye, RMSE_MU_DERIV=0.00 mDebye / A, RMSE_ALPHA_per_atom=    0.02, RMSE_ALPHA_DERIV=    1.91
2025-07-13 10:01:29.663 INFO: Epoch 1676: head: Default, loss=0.5624, RMSE_MU_per_atom=0.00 mDebye, RMSE_MU_DERIV=0.00 mDebye / A, RMSE_ALPHA_per_atom=    0.02, RMSE_ALPHA_DERIV=    1.91
2025-07-13 10:02:22.065 INFO: Epoch 1677: head: Default, loss=0.5625, RMSE_MU_per_atom=0.00 mDebye, RMSE_MU_DERIV=0.00 mDebye / A, RMSE_ALPHA_per_atom=    0.02, RMSE_ALPHA_DERIV=    1.91
2025-07-13 10:03:14.475 INFO: Epoch 1678: head: Default, loss=0.5625, RMSE_MU_per_atom=0.00 mDebye, RMSE_MU_DERIV=0.00 mDebye / A, RMSE_ALPHA_per_atom=    0.02, RMSE_ALPHA_DERIV=    1.91
2025-07-13 10:04:06.892 INFO: Epoch 1679: head: Default, loss=0.5625, RMSE_MU_per_atom=0.00 mDebye, RMSE_MU_DERIV=0.00 mDebye / A, RMSE_ALPHA_per_atom=    0.02, RMSE_ALPHA_DERIV=    1.91
2025-07-13 10:04:59.287 INFO: Epoch 1680: head: Default, loss=0.5625, RMSE_MU_per_atom=0.00 mDebye, RMSE_MU_DERIV=0.00 mDebye / A, RMSE_ALPHA_per_atom=    0.02, RMSE_ALPHA_DERIV=    1.91
2025-07-13 10:05:51.706 INFO: Epoch 1681: head: Default, loss=0.5624, RMSE_MU_per_atom=0.00 mDebye, RMSE_MU_DERIV=0.00 mDebye / A, RMSE_ALPHA_per_atom=    0.02, RMSE_ALPHA_DERIV=    1.91
2025-07-13 10:06:44.095 INFO: Epoch 1682: head: Default, loss=0.5624, RMSE_MU_per_atom=0.00 mDebye, RMSE_MU_DERIV=0.00 mDebye / A, RMSE_ALPHA_per_atom=    0.02, RMSE_ALPHA_DERIV=    1.91
2025-07-13 10:07:36.496 INFO: Epoch 1683: head: Default, loss=0.5624, RMSE_MU_per_atom=0.00 mDebye, RMSE_MU_DERIV=0.00 mDebye / A, RMSE_ALPHA_per_atom=    0.02, RMSE_ALPHA_DERIV=    1.91
2025-07-13 10:08:28.890 INFO: Epoch 1684: head: Default, loss=0.5625, RMSE_MU_per_atom=0.00 mDebye, RMSE_MU_DERIV=0.00 mDebye / A, RMSE_ALPHA_per_atom=    0.02, RMSE_ALPHA_DERIV=    1.91
2025-07-13 10:09:21.277 INFO: Epoch 1685: head: Default, loss=0.5625, RMSE_MU_per_atom=0.00 mDebye, RMSE_MU_DERIV=0.00 mDebye / A, RMSE_ALPHA_per_atom=    0.02, RMSE_ALPHA_DERIV=    1.91
2025-07-13 10:10:13.667 INFO: Epoch 1686: head: Default, loss=0.5624, RMSE_MU_per_atom=0.00 mDebye, RMSE_MU_DERIV=0.00 mDebye / A, RMSE_ALPHA_per_atom=    0.02, RMSE_ALPHA_DERIV=    1.91
2025-07-13 10:11:06.055 INFO: Epoch 1687: head: Default, loss=0.5624, RMSE_MU_per_atom=0.00 mDebye, RMSE_MU_DERIV=0.00 mDebye / A, RMSE_ALPHA_per_atom=    0.02, RMSE_ALPHA_DERIV=    1.91
2025-07-13 10:11:58.446 INFO: Epoch 1688: head: Default, loss=0.5625, RMSE_MU_per_atom=0.00 mDebye, RMSE_MU_DERIV=0.00 mDebye / A, RMSE_ALPHA_per_atom=    0.02, RMSE_ALPHA_DERIV=    1.91
2025-07-13 10:12:50.823 INFO: Epoch 1689: head: Default, loss=0.5625, RMSE_MU_per_atom=0.00 mDebye, RMSE_MU_DERIV=0.00 mDebye / A, RMSE_ALPHA_per_atom=    0.02, RMSE_ALPHA_DERIV=    1.91
2025-07-13 10:13:43.215 INFO: Epoch 1690: head: Default, loss=0.5624, RMSE_MU_per_atom=0.00 mDebye, RMSE_MU_DERIV=0.00 mDebye / A, RMSE_ALPHA_per_atom=    0.02, RMSE_ALPHA_DERIV=    1.91
2025-07-13 10:14:35.565 INFO: Epoch 1691: head: Default, loss=0.5625, RMSE_MU_per_atom=0.00 mDebye, RMSE_MU_DERIV=0.00 mDebye / A, RMSE_ALPHA_per_atom=    0.02, RMSE_ALPHA_DERIV=    1.91
2025-07-13 10:15:27.929 INFO: Epoch 1692: head: Default, loss=0.5624, RMSE_MU_per_atom=0.00 mDebye, RMSE_MU_DERIV=0.00 mDebye / A, RMSE_ALPHA_per_atom=    0.02, RMSE_ALPHA_DERIV=    1.91
2025-07-13 10:16:20.282 INFO: Epoch 1693: head: Default, loss=0.5624, RMSE_MU_per_atom=0.00 mDebye, RMSE_MU_DERIV=0.00 mDebye / A, RMSE_ALPHA_per_atom=    0.02, RMSE_ALPHA_DERIV=    1.91
2025-07-13 10:17:12.661 INFO: Epoch 1694: head: Default, loss=0.5624, RMSE_MU_per_atom=0.00 mDebye, RMSE_MU_DERIV=0.00 mDebye / A, RMSE_ALPHA_per_atom=    0.02, RMSE_ALPHA_DERIV=    1.91
2025-07-13 10:18:05.063 INFO: Epoch 1695: head: Default, loss=0.5624, RMSE_MU_per_atom=0.00 mDebye, RMSE_MU_DERIV=0.00 mDebye / A, RMSE_ALPHA_per_atom=    0.02, RMSE_ALPHA_DERIV=    1.91
2025-07-13 10:18:57.421 INFO: Epoch 1696: head: Default, loss=0.5626, RMSE_MU_per_atom=0.00 mDebye, RMSE_MU_DERIV=0.00 mDebye / A, RMSE_ALPHA_per_atom=    0.02, RMSE_ALPHA_DERIV=    1.91
2025-07-13 10:19:49.726 INFO: Epoch 1697: head: Default, loss=0.5625, RMSE_MU_per_atom=0.00 mDebye, RMSE_MU_DERIV=0.00 mDebye / A, RMSE_ALPHA_per_atom=    0.02, RMSE_ALPHA_DERIV=    1.91
2025-07-13 10:20:42.101 INFO: Epoch 1698: head: Default, loss=0.5624, RMSE_MU_per_atom=0.00 mDebye, RMSE_MU_DERIV=0.00 mDebye / A, RMSE_ALPHA_per_atom=    0.02, RMSE_ALPHA_DERIV=    1.91
2025-07-13 10:21:34.455 INFO: Epoch 1699: head: Default, loss=0.5624, RMSE_MU_per_atom=0.00 mDebye, RMSE_MU_DERIV=0.00 mDebye / A, RMSE_ALPHA_per_atom=    0.02, RMSE_ALPHA_DERIV=    1.91
2025-07-13 10:22:26.813 INFO: Epoch 1700: head: Default, loss=0.5624, RMSE_MU_per_atom=0.00 mDebye, RMSE_MU_DERIV=0.00 mDebye / A, RMSE_ALPHA_per_atom=    0.02, RMSE_ALPHA_DERIV=    1.91
2025-07-13 10:23:19.201 INFO: Epoch 1701: head: Default, loss=0.5624, RMSE_MU_per_atom=0.00 mDebye, RMSE_MU_DERIV=0.00 mDebye / A, RMSE_ALPHA_per_atom=    0.02, RMSE_ALPHA_DERIV=    1.91
2025-07-13 10:24:11.508 INFO: Epoch 1702: head: Default, loss=0.5623, RMSE_MU_per_atom=0.00 mDebye, RMSE_MU_DERIV=0.00 mDebye / A, RMSE_ALPHA_per_atom=    0.02, RMSE_ALPHA_DERIV=    1.91
2025-07-13 10:25:03.845 INFO: Epoch 1703: head: Default, loss=0.5622, RMSE_MU_per_atom=0.00 mDebye, RMSE_MU_DERIV=0.00 mDebye / A, RMSE_ALPHA_per_atom=    0.02, RMSE_ALPHA_DERIV=    1.91
2025-07-13 10:25:56.210 INFO: Epoch 1704: head: Default, loss=0.5622, RMSE_MU_per_atom=0.00 mDebye, RMSE_MU_DERIV=0.00 mDebye / A, RMSE_ALPHA_per_atom=    0.02, RMSE_ALPHA_DERIV=    1.91
2025-07-13 10:26:48.614 INFO: Epoch 1705: head: Default, loss=0.5623, RMSE_MU_per_atom=0.00 mDebye, RMSE_MU_DERIV=0.00 mDebye / A, RMSE_ALPHA_per_atom=    0.02, RMSE_ALPHA_DERIV=    1.91
2025-07-13 10:27:41.005 INFO: Epoch 1706: head: Default, loss=0.5623, RMSE_MU_per_atom=0.00 mDebye, RMSE_MU_DERIV=0.00 mDebye / A, RMSE_ALPHA_per_atom=    0.02, RMSE_ALPHA_DERIV=    1.91
2025-07-13 10:28:33.416 INFO: Epoch 1707: head: Default, loss=0.5624, RMSE_MU_per_atom=0.00 mDebye, RMSE_MU_DERIV=0.00 mDebye / A, RMSE_ALPHA_per_atom=    0.02, RMSE_ALPHA_DERIV=    1.91
2025-07-13 10:29:25.813 INFO: Epoch 1708: head: Default, loss=0.5624, RMSE_MU_per_atom=0.00 mDebye, RMSE_MU_DERIV=0.00 mDebye / A, RMSE_ALPHA_per_atom=    0.02, RMSE_ALPHA_DERIV=    1.91
2025-07-13 10:30:18.211 INFO: Epoch 1709: head: Default, loss=0.5624, RMSE_MU_per_atom=0.00 mDebye, RMSE_MU_DERIV=0.00 mDebye / A, RMSE_ALPHA_per_atom=    0.02, RMSE_ALPHA_DERIV=    1.91
2025-07-13 10:31:10.616 INFO: Epoch 1710: head: Default, loss=0.5624, RMSE_MU_per_atom=0.00 mDebye, RMSE_MU_DERIV=0.00 mDebye / A, RMSE_ALPHA_per_atom=    0.02, RMSE_ALPHA_DERIV=    1.91
2025-07-13 10:32:02.979 INFO: Epoch 1711: head: Default, loss=0.5624, RMSE_MU_per_atom=0.00 mDebye, RMSE_MU_DERIV=0.00 mDebye / A, RMSE_ALPHA_per_atom=    0.02, RMSE_ALPHA_DERIV=    1.91
2025-07-13 10:32:55.354 INFO: Epoch 1712: head: Default, loss=0.5623, RMSE_MU_per_atom=0.00 mDebye, RMSE_MU_DERIV=0.00 mDebye / A, RMSE_ALPHA_per_atom=    0.02, RMSE_ALPHA_DERIV=    1.91
2025-07-13 10:33:47.695 INFO: Epoch 1713: head: Default, loss=0.5624, RMSE_MU_per_atom=0.00 mDebye, RMSE_MU_DERIV=0.00 mDebye / A, RMSE_ALPHA_per_atom=    0.02, RMSE_ALPHA_DERIV=    1.91
2025-07-13 10:34:40.054 INFO: Epoch 1714: head: Default, loss=0.5624, RMSE_MU_per_atom=0.00 mDebye, RMSE_MU_DERIV=0.00 mDebye / A, RMSE_ALPHA_per_atom=    0.02, RMSE_ALPHA_DERIV=    1.91
2025-07-13 10:35:32.458 INFO: Epoch 1715: head: Default, loss=0.5624, RMSE_MU_per_atom=0.00 mDebye, RMSE_MU_DERIV=0.00 mDebye / A, RMSE_ALPHA_per_atom=    0.02, RMSE_ALPHA_DERIV=    1.91
2025-07-13 10:36:24.838 INFO: Epoch 1716: head: Default, loss=0.5623, RMSE_MU_per_atom=0.00 mDebye, RMSE_MU_DERIV=0.00 mDebye / A, RMSE_ALPHA_per_atom=    0.02, RMSE_ALPHA_DERIV=    1.91
2025-07-13 10:37:17.234 INFO: Epoch 1717: head: Default, loss=0.5624, RMSE_MU_per_atom=0.00 mDebye, RMSE_MU_DERIV=0.00 mDebye / A, RMSE_ALPHA_per_atom=    0.02, RMSE_ALPHA_DERIV=    1.91
2025-07-13 10:38:09.630 INFO: Epoch 1718: head: Default, loss=0.5623, RMSE_MU_per_atom=0.00 mDebye, RMSE_MU_DERIV=0.00 mDebye / A, RMSE_ALPHA_per_atom=    0.02, RMSE_ALPHA_DERIV=    1.91
2025-07-13 10:39:01.986 INFO: Epoch 1719: head: Default, loss=0.5622, RMSE_MU_per_atom=0.00 mDebye, RMSE_MU_DERIV=0.00 mDebye / A, RMSE_ALPHA_per_atom=    0.02, RMSE_ALPHA_DERIV=    1.91
2025-07-13 10:39:54.349 INFO: Epoch 1720: head: Default, loss=0.5623, RMSE_MU_per_atom=0.00 mDebye, RMSE_MU_DERIV=0.00 mDebye / A, RMSE_ALPHA_per_atom=    0.02, RMSE_ALPHA_DERIV=    1.91
2025-07-13 10:40:46.640 INFO: Epoch 1721: head: Default, loss=0.5624, RMSE_MU_per_atom=0.00 mDebye, RMSE_MU_DERIV=0.00 mDebye / A, RMSE_ALPHA_per_atom=    0.02, RMSE_ALPHA_DERIV=    1.91
2025-07-13 10:41:38.951 INFO: Epoch 1722: head: Default, loss=0.5625, RMSE_MU_per_atom=0.00 mDebye, RMSE_MU_DERIV=0.00 mDebye / A, RMSE_ALPHA_per_atom=    0.02, RMSE_ALPHA_DERIV=    1.91
2025-07-13 10:42:31.250 INFO: Epoch 1723: head: Default, loss=0.5623, RMSE_MU_per_atom=0.00 mDebye, RMSE_MU_DERIV=0.00 mDebye / A, RMSE_ALPHA_per_atom=    0.02, RMSE_ALPHA_DERIV=    1.91
2025-07-13 10:43:23.609 INFO: Epoch 1724: head: Default, loss=0.5623, RMSE_MU_per_atom=0.00 mDebye, RMSE_MU_DERIV=0.00 mDebye / A, RMSE_ALPHA_per_atom=    0.02, RMSE_ALPHA_DERIV=    1.91
2025-07-13 10:44:15.909 INFO: Epoch 1725: head: Default, loss=0.5623, RMSE_MU_per_atom=0.00 mDebye, RMSE_MU_DERIV=0.00 mDebye / A, RMSE_ALPHA_per_atom=    0.02, RMSE_ALPHA_DERIV=    1.91
2025-07-13 10:45:08.164 INFO: Epoch 1726: head: Default, loss=0.5623, RMSE_MU_per_atom=0.00 mDebye, RMSE_MU_DERIV=0.00 mDebye / A, RMSE_ALPHA_per_atom=    0.02, RMSE_ALPHA_DERIV=    1.91
2025-07-13 10:46:00.515 INFO: Epoch 1727: head: Default, loss=0.5624, RMSE_MU_per_atom=0.00 mDebye, RMSE_MU_DERIV=0.00 mDebye / A, RMSE_ALPHA_per_atom=    0.02, RMSE_ALPHA_DERIV=    1.91
2025-07-13 10:46:52.916 INFO: Epoch 1728: head: Default, loss=0.5623, RMSE_MU_per_atom=0.00 mDebye, RMSE_MU_DERIV=0.00 mDebye / A, RMSE_ALPHA_per_atom=    0.02, RMSE_ALPHA_DERIV=    1.91
2025-07-13 10:47:45.295 INFO: Epoch 1729: head: Default, loss=0.5624, RMSE_MU_per_atom=0.00 mDebye, RMSE_MU_DERIV=0.00 mDebye / A, RMSE_ALPHA_per_atom=    0.02, RMSE_ALPHA_DERIV=    1.91
2025-07-13 10:48:37.679 INFO: Epoch 1730: head: Default, loss=0.5624, RMSE_MU_per_atom=0.00 mDebye, RMSE_MU_DERIV=0.00 mDebye / A, RMSE_ALPHA_per_atom=    0.02, RMSE_ALPHA_DERIV=    1.91
2025-07-13 10:49:30.008 INFO: Epoch 1731: head: Default, loss=0.5624, RMSE_MU_per_atom=0.00 mDebye, RMSE_MU_DERIV=0.00 mDebye / A, RMSE_ALPHA_per_atom=    0.02, RMSE_ALPHA_DERIV=    1.91
2025-07-13 10:50:22.349 INFO: Epoch 1732: head: Default, loss=0.5625, RMSE_MU_per_atom=0.00 mDebye, RMSE_MU_DERIV=0.00 mDebye / A, RMSE_ALPHA_per_atom=    0.02, RMSE_ALPHA_DERIV=    1.91
2025-07-13 10:51:14.711 INFO: Epoch 1733: head: Default, loss=0.5624, RMSE_MU_per_atom=0.00 mDebye, RMSE_MU_DERIV=0.00 mDebye / A, RMSE_ALPHA_per_atom=    0.02, RMSE_ALPHA_DERIV=    1.91
2025-07-13 10:52:07.097 INFO: Epoch 1734: head: Default, loss=0.5623, RMSE_MU_per_atom=0.00 mDebye, RMSE_MU_DERIV=0.00 mDebye / A, RMSE_ALPHA_per_atom=    0.02, RMSE_ALPHA_DERIV=    1.91
2025-07-13 10:52:59.454 INFO: Epoch 1735: head: Default, loss=0.5624, RMSE_MU_per_atom=0.00 mDebye, RMSE_MU_DERIV=0.00 mDebye / A, RMSE_ALPHA_per_atom=    0.02, RMSE_ALPHA_DERIV=    1.91
2025-07-13 10:53:51.803 INFO: Epoch 1736: head: Default, loss=0.5623, RMSE_MU_per_atom=0.00 mDebye, RMSE_MU_DERIV=0.00 mDebye / A, RMSE_ALPHA_per_atom=    0.02, RMSE_ALPHA_DERIV=    1.91
2025-07-13 10:54:44.161 INFO: Epoch 1737: head: Default, loss=0.5624, RMSE_MU_per_atom=0.00 mDebye, RMSE_MU_DERIV=0.00 mDebye / A, RMSE_ALPHA_per_atom=    0.02, RMSE_ALPHA_DERIV=    1.91
2025-07-13 10:55:36.514 INFO: Epoch 1738: head: Default, loss=0.5624, RMSE_MU_per_atom=0.00 mDebye, RMSE_MU_DERIV=0.00 mDebye / A, RMSE_ALPHA_per_atom=    0.02, RMSE_ALPHA_DERIV=    1.91
2025-07-13 10:56:28.878 INFO: Epoch 1739: head: Default, loss=0.5623, RMSE_MU_per_atom=0.00 mDebye, RMSE_MU_DERIV=0.00 mDebye / A, RMSE_ALPHA_per_atom=    0.02, RMSE_ALPHA_DERIV=    1.91
2025-07-13 10:57:21.266 INFO: Epoch 1740: head: Default, loss=0.5623, RMSE_MU_per_atom=0.00 mDebye, RMSE_MU_DERIV=0.00 mDebye / A, RMSE_ALPHA_per_atom=    0.02, RMSE_ALPHA_DERIV=    1.91
2025-07-13 10:58:13.641 INFO: Epoch 1741: head: Default, loss=0.5624, RMSE_MU_per_atom=0.00 mDebye, RMSE_MU_DERIV=0.00 mDebye / A, RMSE_ALPHA_per_atom=    0.02, RMSE_ALPHA_DERIV=    1.91
2025-07-13 10:59:06.036 INFO: Epoch 1742: head: Default, loss=0.5623, RMSE_MU_per_atom=0.00 mDebye, RMSE_MU_DERIV=0.00 mDebye / A, RMSE_ALPHA_per_atom=    0.02, RMSE_ALPHA_DERIV=    1.91
2025-07-13 10:59:58.403 INFO: Epoch 1743: head: Default, loss=0.5624, RMSE_MU_per_atom=0.00 mDebye, RMSE_MU_DERIV=0.00 mDebye / A, RMSE_ALPHA_per_atom=    0.02, RMSE_ALPHA_DERIV=    1.91
2025-07-13 11:00:50.791 INFO: Epoch 1744: head: Default, loss=0.5625, RMSE_MU_per_atom=0.00 mDebye, RMSE_MU_DERIV=0.00 mDebye / A, RMSE_ALPHA_per_atom=    0.02, RMSE_ALPHA_DERIV=    1.91
2025-07-13 11:01:43.190 INFO: Epoch 1745: head: Default, loss=0.5624, RMSE_MU_per_atom=0.00 mDebye, RMSE_MU_DERIV=0.00 mDebye / A, RMSE_ALPHA_per_atom=    0.02, RMSE_ALPHA_DERIV=    1.91
2025-07-13 11:02:35.519 INFO: Epoch 1746: head: Default, loss=0.5625, RMSE_MU_per_atom=0.00 mDebye, RMSE_MU_DERIV=0.00 mDebye / A, RMSE_ALPHA_per_atom=    0.02, RMSE_ALPHA_DERIV=    1.91
2025-07-13 11:03:27.815 INFO: Epoch 1747: head: Default, loss=0.5626, RMSE_MU_per_atom=0.00 mDebye, RMSE_MU_DERIV=0.00 mDebye / A, RMSE_ALPHA_per_atom=    0.02, RMSE_ALPHA_DERIV=    1.91
2025-07-13 11:04:20.127 INFO: Epoch 1748: head: Default, loss=0.5626, RMSE_MU_per_atom=0.00 mDebye, RMSE_MU_DERIV=0.00 mDebye / A, RMSE_ALPHA_per_atom=    0.02, RMSE_ALPHA_DERIV=    1.91
2025-07-13 11:05:12.381 INFO: Epoch 1749: head: Default, loss=0.5625, RMSE_MU_per_atom=0.00 mDebye, RMSE_MU_DERIV=0.00 mDebye / A, RMSE_ALPHA_per_atom=    0.02, RMSE_ALPHA_DERIV=    1.91
2025-07-13 11:06:04.641 INFO: Epoch 1750: head: Default, loss=0.5625, RMSE_MU_per_atom=0.00 mDebye, RMSE_MU_DERIV=0.00 mDebye / A, RMSE_ALPHA_per_atom=    0.02, RMSE_ALPHA_DERIV=    1.91
2025-07-13 11:06:56.979 INFO: Epoch 1751: head: Default, loss=0.5625, RMSE_MU_per_atom=0.00 mDebye, RMSE_MU_DERIV=0.00 mDebye / A, RMSE_ALPHA_per_atom=    0.02, RMSE_ALPHA_DERIV=    1.91
2025-07-13 11:07:49.309 INFO: Epoch 1752: head: Default, loss=0.5625, RMSE_MU_per_atom=0.00 mDebye, RMSE_MU_DERIV=0.00 mDebye / A, RMSE_ALPHA_per_atom=    0.02, RMSE_ALPHA_DERIV=    1.91
2025-07-13 11:08:41.687 INFO: Epoch 1753: head: Default, loss=0.5625, RMSE_MU_per_atom=0.00 mDebye, RMSE_MU_DERIV=0.00 mDebye / A, RMSE_ALPHA_per_atom=    0.02, RMSE_ALPHA_DERIV=    1.91
2025-07-13 11:09:34.028 INFO: Epoch 1754: head: Default, loss=0.5623, RMSE_MU_per_atom=0.00 mDebye, RMSE_MU_DERIV=0.00 mDebye / A, RMSE_ALPHA_per_atom=    0.02, RMSE_ALPHA_DERIV=    1.91
2025-07-13 11:10:26.413 INFO: Epoch 1755: head: Default, loss=0.5625, RMSE_MU_per_atom=0.00 mDebye, RMSE_MU_DERIV=0.00 mDebye / A, RMSE_ALPHA_per_atom=    0.02, RMSE_ALPHA_DERIV=    1.91
2025-07-13 11:11:18.641 INFO: Epoch 1756: head: Default, loss=0.5625, RMSE_MU_per_atom=0.00 mDebye, RMSE_MU_DERIV=0.00 mDebye / A, RMSE_ALPHA_per_atom=    0.02, RMSE_ALPHA_DERIV=    1.91
2025-07-13 11:12:10.934 INFO: Epoch 1757: head: Default, loss=0.5624, RMSE_MU_per_atom=0.00 mDebye, RMSE_MU_DERIV=0.00 mDebye / A, RMSE_ALPHA_per_atom=    0.02, RMSE_ALPHA_DERIV=    1.91
2025-07-13 11:13:03.289 INFO: Epoch 1758: head: Default, loss=0.5625, RMSE_MU_per_atom=0.00 mDebye, RMSE_MU_DERIV=0.00 mDebye / A, RMSE_ALPHA_per_atom=    0.02, RMSE_ALPHA_DERIV=    1.91
2025-07-13 11:13:55.641 INFO: Epoch 1759: head: Default, loss=0.5624, RMSE_MU_per_atom=0.00 mDebye, RMSE_MU_DERIV=0.00 mDebye / A, RMSE_ALPHA_per_atom=    0.02, RMSE_ALPHA_DERIV=    1.91
2025-07-13 11:14:47.955 INFO: Epoch 1760: head: Default, loss=0.5625, RMSE_MU_per_atom=0.00 mDebye, RMSE_MU_DERIV=0.00 mDebye / A, RMSE_ALPHA_per_atom=    0.02, RMSE_ALPHA_DERIV=    1.91
2025-07-13 11:15:40.294 INFO: Epoch 1761: head: Default, loss=0.5623, RMSE_MU_per_atom=0.00 mDebye, RMSE_MU_DERIV=0.00 mDebye / A, RMSE_ALPHA_per_atom=    0.02, RMSE_ALPHA_DERIV=    1.91
2025-07-13 11:16:32.601 INFO: Epoch 1762: head: Default, loss=0.5624, RMSE_MU_per_atom=0.00 mDebye, RMSE_MU_DERIV=0.00 mDebye / A, RMSE_ALPHA_per_atom=    0.02, RMSE_ALPHA_DERIV=    1.91
2025-07-13 11:17:24.809 INFO: Epoch 1763: head: Default, loss=0.5625, RMSE_MU_per_atom=0.00 mDebye, RMSE_MU_DERIV=0.00 mDebye / A, RMSE_ALPHA_per_atom=    0.02, RMSE_ALPHA_DERIV=    1.91
2025-07-13 11:18:17.017 INFO: Epoch 1764: head: Default, loss=0.5625, RMSE_MU_per_atom=0.00 mDebye, RMSE_MU_DERIV=0.00 mDebye / A, RMSE_ALPHA_per_atom=    0.02, RMSE_ALPHA_DERIV=    1.91
2025-07-13 11:19:09.301 INFO: Epoch 1765: head: Default, loss=0.5624, RMSE_MU_per_atom=0.00 mDebye, RMSE_MU_DERIV=0.00 mDebye / A, RMSE_ALPHA_per_atom=    0.02, RMSE_ALPHA_DERIV=    1.91
2025-07-13 11:20:01.570 INFO: Epoch 1766: head: Default, loss=0.5625, RMSE_MU_per_atom=0.00 mDebye, RMSE_MU_DERIV=0.00 mDebye / A, RMSE_ALPHA_per_atom=    0.02, RMSE_ALPHA_DERIV=    1.91
2025-07-13 11:20:53.903 INFO: Epoch 1767: head: Default, loss=0.5624, RMSE_MU_per_atom=0.00 mDebye, RMSE_MU_DERIV=0.00 mDebye / A, RMSE_ALPHA_per_atom=    0.02, RMSE_ALPHA_DERIV=    1.91
2025-07-13 11:21:46.278 INFO: Epoch 1768: head: Default, loss=0.5624, RMSE_MU_per_atom=0.00 mDebye, RMSE_MU_DERIV=0.00 mDebye / A, RMSE_ALPHA_per_atom=    0.02, RMSE_ALPHA_DERIV=    1.91
2025-07-13 11:22:38.619 INFO: Epoch 1769: head: Default, loss=0.5624, RMSE_MU_per_atom=0.00 mDebye, RMSE_MU_DERIV=0.00 mDebye / A, RMSE_ALPHA_per_atom=    0.02, RMSE_ALPHA_DERIV=    1.91
2025-07-13 11:23:31.010 INFO: Epoch 1770: head: Default, loss=0.5624, RMSE_MU_per_atom=0.00 mDebye, RMSE_MU_DERIV=0.00 mDebye / A, RMSE_ALPHA_per_atom=    0.02, RMSE_ALPHA_DERIV=    1.91
2025-07-13 11:24:23.327 INFO: Epoch 1771: head: Default, loss=0.5624, RMSE_MU_per_atom=0.00 mDebye, RMSE_MU_DERIV=0.00 mDebye / A, RMSE_ALPHA_per_atom=    0.02, RMSE_ALPHA_DERIV=    1.91
2025-07-13 11:25:15.666 INFO: Epoch 1772: head: Default, loss=0.5625, RMSE_MU_per_atom=0.00 mDebye, RMSE_MU_DERIV=0.00 mDebye / A, RMSE_ALPHA_per_atom=    0.02, RMSE_ALPHA_DERIV=    1.91
2025-07-13 11:26:08.003 INFO: Epoch 1773: head: Default, loss=0.5623, RMSE_MU_per_atom=0.00 mDebye, RMSE_MU_DERIV=0.00 mDebye / A, RMSE_ALPHA_per_atom=    0.02, RMSE_ALPHA_DERIV=    1.91
2025-07-13 11:27:00.354 INFO: Epoch 1774: head: Default, loss=0.5624, RMSE_MU_per_atom=0.00 mDebye, RMSE_MU_DERIV=0.00 mDebye / A, RMSE_ALPHA_per_atom=    0.02, RMSE_ALPHA_DERIV=    1.91
2025-07-13 11:27:52.675 INFO: Epoch 1775: head: Default, loss=0.5625, RMSE_MU_per_atom=0.00 mDebye, RMSE_MU_DERIV=0.00 mDebye / A, RMSE_ALPHA_per_atom=    0.02, RMSE_ALPHA_DERIV=    1.91
2025-07-13 11:28:45.026 INFO: Epoch 1776: head: Default, loss=0.5623, RMSE_MU_per_atom=0.00 mDebye, RMSE_MU_DERIV=0.00 mDebye / A, RMSE_ALPHA_per_atom=    0.02, RMSE_ALPHA_DERIV=    1.91
2025-07-13 11:29:37.414 INFO: Epoch 1777: head: Default, loss=0.5624, RMSE_MU_per_atom=0.00 mDebye, RMSE_MU_DERIV=0.00 mDebye / A, RMSE_ALPHA_per_atom=    0.02, RMSE_ALPHA_DERIV=    1.91
2025-07-13 11:30:29.797 INFO: Epoch 1778: head: Default, loss=0.5624, RMSE_MU_per_atom=0.00 mDebye, RMSE_MU_DERIV=0.00 mDebye / A, RMSE_ALPHA_per_atom=    0.02, RMSE_ALPHA_DERIV=    1.91
2025-07-13 11:31:22.176 INFO: Epoch 1779: head: Default, loss=0.5624, RMSE_MU_per_atom=0.00 mDebye, RMSE_MU_DERIV=0.00 mDebye / A, RMSE_ALPHA_per_atom=    0.02, RMSE_ALPHA_DERIV=    1.91
2025-07-13 11:32:14.485 INFO: Epoch 1780: head: Default, loss=0.5625, RMSE_MU_per_atom=0.00 mDebye, RMSE_MU_DERIV=0.00 mDebye / A, RMSE_ALPHA_per_atom=    0.02, RMSE_ALPHA_DERIV=    1.91
2025-07-13 11:33:06.786 INFO: Epoch 1781: head: Default, loss=0.5624, RMSE_MU_per_atom=0.00 mDebye, RMSE_MU_DERIV=0.00 mDebye / A, RMSE_ALPHA_per_atom=    0.02, RMSE_ALPHA_DERIV=    1.91
2025-07-13 11:33:59.123 INFO: Epoch 1782: head: Default, loss=0.5624, RMSE_MU_per_atom=0.00 mDebye, RMSE_MU_DERIV=0.00 mDebye / A, RMSE_ALPHA_per_atom=    0.02, RMSE_ALPHA_DERIV=    1.91
2025-07-13 11:34:51.374 INFO: Epoch 1783: head: Default, loss=0.5624, RMSE_MU_per_atom=0.00 mDebye, RMSE_MU_DERIV=0.00 mDebye / A, RMSE_ALPHA_per_atom=    0.02, RMSE_ALPHA_DERIV=    1.91
2025-07-13 11:35:43.619 INFO: Epoch 1784: head: Default, loss=0.5624, RMSE_MU_per_atom=0.00 mDebye, RMSE_MU_DERIV=0.00 mDebye / A, RMSE_ALPHA_per_atom=    0.02, RMSE_ALPHA_DERIV=    1.91
2025-07-13 11:36:35.972 INFO: Epoch 1785: head: Default, loss=0.5625, RMSE_MU_per_atom=0.00 mDebye, RMSE_MU_DERIV=0.00 mDebye / A, RMSE_ALPHA_per_atom=    0.02, RMSE_ALPHA_DERIV=    1.91
2025-07-13 11:37:28.373 INFO: Epoch 1786: head: Default, loss=0.5625, RMSE_MU_per_atom=0.00 mDebye, RMSE_MU_DERIV=0.00 mDebye / A, RMSE_ALPHA_per_atom=    0.02, RMSE_ALPHA_DERIV=    1.91
2025-07-13 11:38:20.760 INFO: Epoch 1787: head: Default, loss=0.5625, RMSE_MU_per_atom=0.00 mDebye, RMSE_MU_DERIV=0.00 mDebye / A, RMSE_ALPHA_per_atom=    0.02, RMSE_ALPHA_DERIV=    1.91
2025-07-13 11:39:13.035 INFO: Epoch 1788: head: Default, loss=0.5624, RMSE_MU_per_atom=0.00 mDebye, RMSE_MU_DERIV=0.00 mDebye / A, RMSE_ALPHA_per_atom=    0.02, RMSE_ALPHA_DERIV=    1.91
2025-07-13 11:40:05.360 INFO: Epoch 1789: head: Default, loss=0.5624, RMSE_MU_per_atom=0.00 mDebye, RMSE_MU_DERIV=0.00 mDebye / A, RMSE_ALPHA_per_atom=    0.02, RMSE_ALPHA_DERIV=    1.91
2025-07-13 11:40:57.751 INFO: Epoch 1790: head: Default, loss=0.5625, RMSE_MU_per_atom=0.00 mDebye, RMSE_MU_DERIV=0.00 mDebye / A, RMSE_ALPHA_per_atom=    0.02, RMSE_ALPHA_DERIV=    1.91
2025-07-13 11:41:50.133 INFO: Epoch 1791: head: Default, loss=0.5625, RMSE_MU_per_atom=0.00 mDebye, RMSE_MU_DERIV=0.00 mDebye / A, RMSE_ALPHA_per_atom=    0.02, RMSE_ALPHA_DERIV=    1.91
2025-07-13 11:42:42.503 INFO: Epoch 1792: head: Default, loss=0.5624, RMSE_MU_per_atom=0.00 mDebye, RMSE_MU_DERIV=0.00 mDebye / A, RMSE_ALPHA_per_atom=    0.02, RMSE_ALPHA_DERIV=    1.91
2025-07-13 11:43:34.871 INFO: Epoch 1793: head: Default, loss=0.5625, RMSE_MU_per_atom=0.00 mDebye, RMSE_MU_DERIV=0.00 mDebye / A, RMSE_ALPHA_per_atom=    0.02, RMSE_ALPHA_DERIV=    1.91
2025-07-13 11:44:27.204 INFO: Epoch 1794: head: Default, loss=0.5623, RMSE_MU_per_atom=0.00 mDebye, RMSE_MU_DERIV=0.00 mDebye / A, RMSE_ALPHA_per_atom=    0.02, RMSE_ALPHA_DERIV=    1.91
2025-07-13 11:45:19.553 INFO: Epoch 1795: head: Default, loss=0.5625, RMSE_MU_per_atom=0.00 mDebye, RMSE_MU_DERIV=0.00 mDebye / A, RMSE_ALPHA_per_atom=    0.02, RMSE_ALPHA_DERIV=    1.91
2025-07-13 11:46:11.919 INFO: Epoch 1796: head: Default, loss=0.5624, RMSE_MU_per_atom=0.00 mDebye, RMSE_MU_DERIV=0.00 mDebye / A, RMSE_ALPHA_per_atom=    0.02, RMSE_ALPHA_DERIV=    1.91
2025-07-13 11:47:04.280 INFO: Epoch 1797: head: Default, loss=0.5624, RMSE_MU_per_atom=0.00 mDebye, RMSE_MU_DERIV=0.00 mDebye / A, RMSE_ALPHA_per_atom=    0.02, RMSE_ALPHA_DERIV=    1.91
2025-07-13 11:47:56.642 INFO: Epoch 1798: head: Default, loss=0.5624, RMSE_MU_per_atom=0.00 mDebye, RMSE_MU_DERIV=0.00 mDebye / A, RMSE_ALPHA_per_atom=    0.02, RMSE_ALPHA_DERIV=    1.91
2025-07-13 11:48:49.032 INFO: Epoch 1799: head: Default, loss=0.5625, RMSE_MU_per_atom=0.00 mDebye, RMSE_MU_DERIV=0.00 mDebye / A, RMSE_ALPHA_per_atom=    0.02, RMSE_ALPHA_DERIV=    1.91
2025-07-13 11:49:41.385 INFO: Epoch 1800: head: Default, loss=0.5624, RMSE_MU_per_atom=0.00 mDebye, RMSE_MU_DERIV=0.00 mDebye / A, RMSE_ALPHA_per_atom=    0.02, RMSE_ALPHA_DERIV=    1.91
2025-07-13 11:50:33.723 INFO: Epoch 1801: head: Default, loss=0.5625, RMSE_MU_per_atom=0.00 mDebye, RMSE_MU_DERIV=0.00 mDebye / A, RMSE_ALPHA_per_atom=    0.02, RMSE_ALPHA_DERIV=    1.91
2025-07-13 11:51:26.127 INFO: Epoch 1802: head: Default, loss=0.5626, RMSE_MU_per_atom=0.00 mDebye, RMSE_MU_DERIV=0.00 mDebye / A, RMSE_ALPHA_per_atom=    0.02, RMSE_ALPHA_DERIV=    1.91
2025-07-13 11:52:18.497 INFO: Epoch 1803: head: Default, loss=0.5625, RMSE_MU_per_atom=0.00 mDebye, RMSE_MU_DERIV=0.00 mDebye / A, RMSE_ALPHA_per_atom=    0.02, RMSE_ALPHA_DERIV=    1.91
2025-07-13 11:53:10.839 INFO: Epoch 1804: head: Default, loss=0.5624, RMSE_MU_per_atom=0.00 mDebye, RMSE_MU_DERIV=0.00 mDebye / A, RMSE_ALPHA_per_atom=    0.02, RMSE_ALPHA_DERIV=    1.91
2025-07-13 11:54:03.210 INFO: Epoch 1805: head: Default, loss=0.5624, RMSE_MU_per_atom=0.00 mDebye, RMSE_MU_DERIV=0.00 mDebye / A, RMSE_ALPHA_per_atom=    0.02, RMSE_ALPHA_DERIV=    1.91
2025-07-13 11:54:55.512 INFO: Epoch 1806: head: Default, loss=0.5624, RMSE_MU_per_atom=0.00 mDebye, RMSE_MU_DERIV=0.00 mDebye / A, RMSE_ALPHA_per_atom=    0.02, RMSE_ALPHA_DERIV=    1.91
2025-07-13 11:55:47.883 INFO: Epoch 1807: head: Default, loss=0.5625, RMSE_MU_per_atom=0.00 mDebye, RMSE_MU_DERIV=0.00 mDebye / A, RMSE_ALPHA_per_atom=    0.02, RMSE_ALPHA_DERIV=    1.91
2025-07-13 11:56:40.276 INFO: Epoch 1808: head: Default, loss=0.5625, RMSE_MU_per_atom=0.00 mDebye, RMSE_MU_DERIV=0.00 mDebye / A, RMSE_ALPHA_per_atom=    0.02, RMSE_ALPHA_DERIV=    1.91
2025-07-13 11:57:32.636 INFO: Epoch 1809: head: Default, loss=0.5625, RMSE_MU_per_atom=0.00 mDebye, RMSE_MU_DERIV=0.00 mDebye / A, RMSE_ALPHA_per_atom=    0.02, RMSE_ALPHA_DERIV=    1.91
2025-07-13 11:58:25.002 INFO: Epoch 1810: head: Default, loss=0.5624, RMSE_MU_per_atom=0.00 mDebye, RMSE_MU_DERIV=0.00 mDebye / A, RMSE_ALPHA_per_atom=    0.02, RMSE_ALPHA_DERIV=    1.91
2025-07-13 11:59:17.297 INFO: Epoch 1811: head: Default, loss=0.5624, RMSE_MU_per_atom=0.00 mDebye, RMSE_MU_DERIV=0.00 mDebye / A, RMSE_ALPHA_per_atom=    0.02, RMSE_ALPHA_DERIV=    1.91
2025-07-13 12:00:09.625 INFO: Epoch 1812: head: Default, loss=0.5624, RMSE_MU_per_atom=0.00 mDebye, RMSE_MU_DERIV=0.00 mDebye / A, RMSE_ALPHA_per_atom=    0.02, RMSE_ALPHA_DERIV=    1.91
2025-07-13 12:01:01.964 INFO: Epoch 1813: head: Default, loss=0.5624, RMSE_MU_per_atom=0.00 mDebye, RMSE_MU_DERIV=0.00 mDebye / A, RMSE_ALPHA_per_atom=    0.02, RMSE_ALPHA_DERIV=    1.91
2025-07-13 12:01:54.347 INFO: Epoch 1814: head: Default, loss=0.5624, RMSE_MU_per_atom=0.00 mDebye, RMSE_MU_DERIV=0.00 mDebye / A, RMSE_ALPHA_per_atom=    0.02, RMSE_ALPHA_DERIV=    1.91
2025-07-13 12:02:46.726 INFO: Epoch 1815: head: Default, loss=0.5624, RMSE_MU_per_atom=0.00 mDebye, RMSE_MU_DERIV=0.00 mDebye / A, RMSE_ALPHA_per_atom=    0.02, RMSE_ALPHA_DERIV=    1.91
2025-07-13 12:03:39.080 INFO: Epoch 1816: head: Default, loss=0.5624, RMSE_MU_per_atom=0.00 mDebye, RMSE_MU_DERIV=0.00 mDebye / A, RMSE_ALPHA_per_atom=    0.02, RMSE_ALPHA_DERIV=    1.91
2025-07-13 12:04:31.396 INFO: Epoch 1817: head: Default, loss=0.5624, RMSE_MU_per_atom=0.00 mDebye, RMSE_MU_DERIV=0.00 mDebye / A, RMSE_ALPHA_per_atom=    0.02, RMSE_ALPHA_DERIV=    1.91
2025-07-13 12:05:23.737 INFO: Epoch 1818: head: Default, loss=0.5625, RMSE_MU_per_atom=0.00 mDebye, RMSE_MU_DERIV=0.00 mDebye / A, RMSE_ALPHA_per_atom=    0.02, RMSE_ALPHA_DERIV=    1.91
2025-07-13 12:06:16.031 INFO: Epoch 1819: head: Default, loss=0.5625, RMSE_MU_per_atom=0.00 mDebye, RMSE_MU_DERIV=0.00 mDebye / A, RMSE_ALPHA_per_atom=    0.02, RMSE_ALPHA_DERIV=    1.91
2025-07-13 12:07:08.410 INFO: Epoch 1820: head: Default, loss=0.5624, RMSE_MU_per_atom=0.00 mDebye, RMSE_MU_DERIV=0.00 mDebye / A, RMSE_ALPHA_per_atom=    0.02, RMSE_ALPHA_DERIV=    1.91
2025-07-13 12:08:00.705 INFO: Epoch 1821: head: Default, loss=0.5624, RMSE_MU_per_atom=0.00 mDebye, RMSE_MU_DERIV=0.00 mDebye / A, RMSE_ALPHA_per_atom=    0.02, RMSE_ALPHA_DERIV=    1.91
2025-07-13 12:08:53.013 INFO: Epoch 1822: head: Default, loss=0.5624, RMSE_MU_per_atom=0.00 mDebye, RMSE_MU_DERIV=0.00 mDebye / A, RMSE_ALPHA_per_atom=    0.02, RMSE_ALPHA_DERIV=    1.91
2025-07-13 12:09:45.369 INFO: Epoch 1823: head: Default, loss=0.5625, RMSE_MU_per_atom=0.00 mDebye, RMSE_MU_DERIV=0.00 mDebye / A, RMSE_ALPHA_per_atom=    0.02, RMSE_ALPHA_DERIV=    1.91
2025-07-13 12:10:37.742 INFO: Epoch 1824: head: Default, loss=0.5624, RMSE_MU_per_atom=0.00 mDebye, RMSE_MU_DERIV=0.00 mDebye / A, RMSE_ALPHA_per_atom=    0.02, RMSE_ALPHA_DERIV=    1.91
2025-07-13 12:11:30.044 INFO: Epoch 1825: head: Default, loss=0.5624, RMSE_MU_per_atom=0.00 mDebye, RMSE_MU_DERIV=0.00 mDebye / A, RMSE_ALPHA_per_atom=    0.02, RMSE_ALPHA_DERIV=    1.91
2025-07-13 12:12:22.261 INFO: Epoch 1826: head: Default, loss=0.5624, RMSE_MU_per_atom=0.00 mDebye, RMSE_MU_DERIV=0.00 mDebye / A, RMSE_ALPHA_per_atom=    0.02, RMSE_ALPHA_DERIV=    1.91
2025-07-13 12:13:14.575 INFO: Epoch 1827: head: Default, loss=0.5624, RMSE_MU_per_atom=0.00 mDebye, RMSE_MU_DERIV=0.00 mDebye / A, RMSE_ALPHA_per_atom=    0.02, RMSE_ALPHA_DERIV=    1.91
2025-07-13 12:14:06.917 INFO: Epoch 1828: head: Default, loss=0.5624, RMSE_MU_per_atom=0.00 mDebye, RMSE_MU_DERIV=0.00 mDebye / A, RMSE_ALPHA_per_atom=    0.02, RMSE_ALPHA_DERIV=    1.91
2025-07-13 12:14:59.297 INFO: Epoch 1829: head: Default, loss=0.5625, RMSE_MU_per_atom=0.00 mDebye, RMSE_MU_DERIV=0.00 mDebye / A, RMSE_ALPHA_per_atom=    0.02, RMSE_ALPHA_DERIV=    1.91
2025-07-13 12:15:51.646 INFO: Epoch 1830: head: Default, loss=0.5624, RMSE_MU_per_atom=0.00 mDebye, RMSE_MU_DERIV=0.00 mDebye / A, RMSE_ALPHA_per_atom=    0.02, RMSE_ALPHA_DERIV=    1.91
2025-07-13 12:16:43.977 INFO: Epoch 1831: head: Default, loss=0.5624, RMSE_MU_per_atom=0.00 mDebye, RMSE_MU_DERIV=0.00 mDebye / A, RMSE_ALPHA_per_atom=    0.02, RMSE_ALPHA_DERIV=    1.91
2025-07-13 12:17:36.228 INFO: Epoch 1832: head: Default, loss=0.5625, RMSE_MU_per_atom=0.00 mDebye, RMSE_MU_DERIV=0.00 mDebye / A, RMSE_ALPHA_per_atom=    0.02, RMSE_ALPHA_DERIV=    1.91
2025-07-13 12:18:28.523 INFO: Epoch 1833: head: Default, loss=0.5624, RMSE_MU_per_atom=0.00 mDebye, RMSE_MU_DERIV=0.00 mDebye / A, RMSE_ALPHA_per_atom=    0.02, RMSE_ALPHA_DERIV=    1.91
2025-07-13 12:19:20.893 INFO: Epoch 1834: head: Default, loss=0.5625, RMSE_MU_per_atom=0.00 mDebye, RMSE_MU_DERIV=0.00 mDebye / A, RMSE_ALPHA_per_atom=    0.02, RMSE_ALPHA_DERIV=    1.91
2025-07-13 12:20:13.246 INFO: Epoch 1835: head: Default, loss=0.5625, RMSE_MU_per_atom=0.00 mDebye, RMSE_MU_DERIV=0.00 mDebye / A, RMSE_ALPHA_per_atom=    0.02, RMSE_ALPHA_DERIV=    1.91
2025-07-13 12:21:05.584 INFO: Epoch 1836: head: Default, loss=0.5625, RMSE_MU_per_atom=0.00 mDebye, RMSE_MU_DERIV=0.00 mDebye / A, RMSE_ALPHA_per_atom=    0.02, RMSE_ALPHA_DERIV=    1.91
2025-07-13 12:21:57.867 INFO: Epoch 1837: head: Default, loss=0.5625, RMSE_MU_per_atom=0.00 mDebye, RMSE_MU_DERIV=0.00 mDebye / A, RMSE_ALPHA_per_atom=    0.02, RMSE_ALPHA_DERIV=    1.91
2025-07-13 12:22:50.195 INFO: Epoch 1838: head: Default, loss=0.5625, RMSE_MU_per_atom=0.00 mDebye, RMSE_MU_DERIV=0.00 mDebye / A, RMSE_ALPHA_per_atom=    0.02, RMSE_ALPHA_DERIV=    1.91
2025-07-13 12:23:42.489 INFO: Epoch 1839: head: Default, loss=0.5625, RMSE_MU_per_atom=0.00 mDebye, RMSE_MU_DERIV=0.00 mDebye / A, RMSE_ALPHA_per_atom=    0.02, RMSE_ALPHA_DERIV=    1.91
2025-07-13 12:24:34.776 INFO: Epoch 1840: head: Default, loss=0.5625, RMSE_MU_per_atom=0.00 mDebye, RMSE_MU_DERIV=0.00 mDebye / A, RMSE_ALPHA_per_atom=    0.02, RMSE_ALPHA_DERIV=    1.91
2025-07-13 12:25:27.022 INFO: Epoch 1841: head: Default, loss=0.5625, RMSE_MU_per_atom=0.00 mDebye, RMSE_MU_DERIV=0.00 mDebye / A, RMSE_ALPHA_per_atom=    0.02, RMSE_ALPHA_DERIV=    1.91
2025-07-13 12:26:19.298 INFO: Epoch 1842: head: Default, loss=0.5625, RMSE_MU_per_atom=0.00 mDebye, RMSE_MU_DERIV=0.00 mDebye / A, RMSE_ALPHA_per_atom=    0.02, RMSE_ALPHA_DERIV=    1.91
2025-07-13 12:27:11.560 INFO: Epoch 1843: head: Default, loss=0.5625, RMSE_MU_per_atom=0.00 mDebye, RMSE_MU_DERIV=0.00 mDebye / A, RMSE_ALPHA_per_atom=    0.02, RMSE_ALPHA_DERIV=    1.91
2025-07-13 12:28:03.799 INFO: Epoch 1844: head: Default, loss=0.5625, RMSE_MU_per_atom=0.00 mDebye, RMSE_MU_DERIV=0.00 mDebye / A, RMSE_ALPHA_per_atom=    0.02, RMSE_ALPHA_DERIV=    1.91
2025-07-13 12:28:56.018 INFO: Epoch 1845: head: Default, loss=0.5625, RMSE_MU_per_atom=0.00 mDebye, RMSE_MU_DERIV=0.00 mDebye / A, RMSE_ALPHA_per_atom=    0.02, RMSE_ALPHA_DERIV=    1.91
2025-07-13 12:29:48.354 INFO: Epoch 1846: head: Default, loss=0.5625, RMSE_MU_per_atom=0.00 mDebye, RMSE_MU_DERIV=0.00 mDebye / A, RMSE_ALPHA_per_atom=    0.02, RMSE_ALPHA_DERIV=    1.91
2025-07-13 12:30:40.629 INFO: Epoch 1847: head: Default, loss=0.5624, RMSE_MU_per_atom=0.00 mDebye, RMSE_MU_DERIV=0.00 mDebye / A, RMSE_ALPHA_per_atom=    0.02, RMSE_ALPHA_DERIV=    1.91
2025-07-13 12:31:32.888 INFO: Epoch 1848: head: Default, loss=0.5625, RMSE_MU_per_atom=0.00 mDebye, RMSE_MU_DERIV=0.00 mDebye / A, RMSE_ALPHA_per_atom=    0.02, RMSE_ALPHA_DERIV=    1.91
2025-07-13 12:32:25.234 INFO: Epoch 1849: head: Default, loss=0.5624, RMSE_MU_per_atom=0.00 mDebye, RMSE_MU_DERIV=0.00 mDebye / A, RMSE_ALPHA_per_atom=    0.02, RMSE_ALPHA_DERIV=    1.91
2025-07-13 12:33:17.632 INFO: Epoch 1850: head: Default, loss=0.5624, RMSE_MU_per_atom=0.00 mDebye, RMSE_MU_DERIV=0.00 mDebye / A, RMSE_ALPHA_per_atom=    0.02, RMSE_ALPHA_DERIV=    1.91
2025-07-13 12:34:10.016 INFO: Epoch 1851: head: Default, loss=0.5625, RMSE_MU_per_atom=0.00 mDebye, RMSE_MU_DERIV=0.00 mDebye / A, RMSE_ALPHA_per_atom=    0.02, RMSE_ALPHA_DERIV=    1.91
2025-07-13 12:35:02.432 INFO: Epoch 1852: head: Default, loss=0.5625, RMSE_MU_per_atom=0.00 mDebye, RMSE_MU_DERIV=0.00 mDebye / A, RMSE_ALPHA_per_atom=    0.02, RMSE_ALPHA_DERIV=    1.91
2025-07-13 12:35:54.824 INFO: Epoch 1853: head: Default, loss=0.5625, RMSE_MU_per_atom=0.00 mDebye, RMSE_MU_DERIV=0.00 mDebye / A, RMSE_ALPHA_per_atom=    0.02, RMSE_ALPHA_DERIV=    1.91
2025-07-13 12:36:47.189 INFO: Epoch 1854: head: Default, loss=0.5625, RMSE_MU_per_atom=0.00 mDebye, RMSE_MU_DERIV=0.00 mDebye / A, RMSE_ALPHA_per_atom=    0.02, RMSE_ALPHA_DERIV=    1.91
2025-07-13 12:37:39.582 INFO: Epoch 1855: head: Default, loss=0.5625, RMSE_MU_per_atom=0.00 mDebye, RMSE_MU_DERIV=0.00 mDebye / A, RMSE_ALPHA_per_atom=    0.02, RMSE_ALPHA_DERIV=    1.91
2025-07-13 12:38:31.887 INFO: Epoch 1856: head: Default, loss=0.5625, RMSE_MU_per_atom=0.00 mDebye, RMSE_MU_DERIV=0.00 mDebye / A, RMSE_ALPHA_per_atom=    0.02, RMSE_ALPHA_DERIV=    1.91
2025-07-13 12:39:24.148 INFO: Epoch 1857: head: Default, loss=0.5625, RMSE_MU_per_atom=0.00 mDebye, RMSE_MU_DERIV=0.00 mDebye / A, RMSE_ALPHA_per_atom=    0.02, RMSE_ALPHA_DERIV=    1.91
2025-07-13 12:40:16.427 INFO: Epoch 1858: head: Default, loss=0.5625, RMSE_MU_per_atom=0.00 mDebye, RMSE_MU_DERIV=0.00 mDebye / A, RMSE_ALPHA_per_atom=    0.02, RMSE_ALPHA_DERIV=    1.91
2025-07-13 12:41:08.741 INFO: Epoch 1859: head: Default, loss=0.5625, RMSE_MU_per_atom=0.00 mDebye, RMSE_MU_DERIV=0.00 mDebye / A, RMSE_ALPHA_per_atom=    0.02, RMSE_ALPHA_DERIV=    1.91
2025-07-13 12:42:01.058 INFO: Epoch 1860: head: Default, loss=0.5625, RMSE_MU_per_atom=0.00 mDebye, RMSE_MU_DERIV=0.00 mDebye / A, RMSE_ALPHA_per_atom=    0.02, RMSE_ALPHA_DERIV=    1.91
2025-07-13 12:42:53.316 INFO: Epoch 1861: head: Default, loss=0.5624, RMSE_MU_per_atom=0.00 mDebye, RMSE_MU_DERIV=0.00 mDebye / A, RMSE_ALPHA_per_atom=    0.02, RMSE_ALPHA_DERIV=    1.91
2025-07-13 12:43:45.705 INFO: Epoch 1862: head: Default, loss=0.5625, RMSE_MU_per_atom=0.00 mDebye, RMSE_MU_DERIV=0.00 mDebye / A, RMSE_ALPHA_per_atom=    0.02, RMSE_ALPHA_DERIV=    1.91
2025-07-13 12:44:38.111 INFO: Epoch 1863: head: Default, loss=0.5625, RMSE_MU_per_atom=0.00 mDebye, RMSE_MU_DERIV=0.00 mDebye / A, RMSE_ALPHA_per_atom=    0.02, RMSE_ALPHA_DERIV=    1.91
2025-07-13 12:45:30.499 INFO: Epoch 1864: head: Default, loss=0.5625, RMSE_MU_per_atom=0.00 mDebye, RMSE_MU_DERIV=0.00 mDebye / A, RMSE_ALPHA_per_atom=    0.02, RMSE_ALPHA_DERIV=    1.91
2025-07-13 12:46:22.877 INFO: Epoch 1865: head: Default, loss=0.5625, RMSE_MU_per_atom=0.00 mDebye, RMSE_MU_DERIV=0.00 mDebye / A, RMSE_ALPHA_per_atom=    0.02, RMSE_ALPHA_DERIV=    1.91
2025-07-13 12:47:15.239 INFO: Epoch 1866: head: Default, loss=0.5625, RMSE_MU_per_atom=0.00 mDebye, RMSE_MU_DERIV=0.00 mDebye / A, RMSE_ALPHA_per_atom=    0.02, RMSE_ALPHA_DERIV=    1.91
2025-07-13 12:48:07.607 INFO: Epoch 1867: head: Default, loss=0.5625, RMSE_MU_per_atom=0.00 mDebye, RMSE_MU_DERIV=0.00 mDebye / A, RMSE_ALPHA_per_atom=    0.02, RMSE_ALPHA_DERIV=    1.91
2025-07-13 12:48:59.996 INFO: Epoch 1868: head: Default, loss=0.5625, RMSE_MU_per_atom=0.00 mDebye, RMSE_MU_DERIV=0.00 mDebye / A, RMSE_ALPHA_per_atom=    0.02, RMSE_ALPHA_DERIV=    1.91
2025-07-13 12:49:52.401 INFO: Epoch 1869: head: Default, loss=0.5625, RMSE_MU_per_atom=0.00 mDebye, RMSE_MU_DERIV=0.00 mDebye / A, RMSE_ALPHA_per_atom=    0.02, RMSE_ALPHA_DERIV=    1.91
2025-07-13 12:50:44.798 INFO: Epoch 1870: head: Default, loss=0.5625, RMSE_MU_per_atom=0.00 mDebye, RMSE_MU_DERIV=0.00 mDebye / A, RMSE_ALPHA_per_atom=    0.02, RMSE_ALPHA_DERIV=    1.91
2025-07-13 12:51:37.173 INFO: Epoch 1871: head: Default, loss=0.5624, RMSE_MU_per_atom=0.00 mDebye, RMSE_MU_DERIV=0.00 mDebye / A, RMSE_ALPHA_per_atom=    0.02, RMSE_ALPHA_DERIV=    1.91
2025-07-13 12:52:29.574 INFO: Epoch 1872: head: Default, loss=0.5625, RMSE_MU_per_atom=0.00 mDebye, RMSE_MU_DERIV=0.00 mDebye / A, RMSE_ALPHA_per_atom=    0.02, RMSE_ALPHA_DERIV=    1.91
2025-07-13 12:53:21.950 INFO: Epoch 1873: head: Default, loss=0.5625, RMSE_MU_per_atom=0.00 mDebye, RMSE_MU_DERIV=0.00 mDebye / A, RMSE_ALPHA_per_atom=    0.02, RMSE_ALPHA_DERIV=    1.91
2025-07-13 12:54:14.354 INFO: Epoch 1874: head: Default, loss=0.5625, RMSE_MU_per_atom=0.00 mDebye, RMSE_MU_DERIV=0.00 mDebye / A, RMSE_ALPHA_per_atom=    0.02, RMSE_ALPHA_DERIV=    1.91
2025-07-13 12:55:06.731 INFO: Epoch 1875: head: Default, loss=0.5624, RMSE_MU_per_atom=0.00 mDebye, RMSE_MU_DERIV=0.00 mDebye / A, RMSE_ALPHA_per_atom=    0.02, RMSE_ALPHA_DERIV=    1.91
2025-07-13 12:55:59.074 INFO: Epoch 1876: head: Default, loss=0.5625, RMSE_MU_per_atom=0.00 mDebye, RMSE_MU_DERIV=0.00 mDebye / A, RMSE_ALPHA_per_atom=    0.02, RMSE_ALPHA_DERIV=    1.91
2025-07-13 12:56:51.432 INFO: Epoch 1877: head: Default, loss=0.5625, RMSE_MU_per_atom=0.00 mDebye, RMSE_MU_DERIV=0.00 mDebye / A, RMSE_ALPHA_per_atom=    0.02, RMSE_ALPHA_DERIV=    1.91
2025-07-13 12:57:43.815 INFO: Epoch 1878: head: Default, loss=0.5624, RMSE_MU_per_atom=0.00 mDebye, RMSE_MU_DERIV=0.00 mDebye / A, RMSE_ALPHA_per_atom=    0.02, RMSE_ALPHA_DERIV=    1.91
2025-07-13 12:58:36.178 INFO: Epoch 1879: head: Default, loss=0.5624, RMSE_MU_per_atom=0.00 mDebye, RMSE_MU_DERIV=0.00 mDebye / A, RMSE_ALPHA_per_atom=    0.02, RMSE_ALPHA_DERIV=    1.91
2025-07-13 12:59:28.578 INFO: Epoch 1880: head: Default, loss=0.5625, RMSE_MU_per_atom=0.00 mDebye, RMSE_MU_DERIV=0.00 mDebye / A, RMSE_ALPHA_per_atom=    0.02, RMSE_ALPHA_DERIV=    1.91
2025-07-13 13:00:20.937 INFO: Epoch 1881: head: Default, loss=0.5624, RMSE_MU_per_atom=0.00 mDebye, RMSE_MU_DERIV=0.00 mDebye / A, RMSE_ALPHA_per_atom=    0.02, RMSE_ALPHA_DERIV=    1.91
2025-07-13 13:01:13.287 INFO: Epoch 1882: head: Default, loss=0.5625, RMSE_MU_per_atom=0.00 mDebye, RMSE_MU_DERIV=0.00 mDebye / A, RMSE_ALPHA_per_atom=    0.02, RMSE_ALPHA_DERIV=    1.91
2025-07-13 13:02:05.672 INFO: Epoch 1883: head: Default, loss=0.5625, RMSE_MU_per_atom=0.00 mDebye, RMSE_MU_DERIV=0.00 mDebye / A, RMSE_ALPHA_per_atom=    0.02, RMSE_ALPHA_DERIV=    1.91
2025-07-13 13:02:58.040 INFO: Epoch 1884: head: Default, loss=0.5625, RMSE_MU_per_atom=0.00 mDebye, RMSE_MU_DERIV=0.00 mDebye / A, RMSE_ALPHA_per_atom=    0.02, RMSE_ALPHA_DERIV=    1.91
2025-07-13 13:03:50.452 INFO: Epoch 1885: head: Default, loss=0.5625, RMSE_MU_per_atom=0.00 mDebye, RMSE_MU_DERIV=0.00 mDebye / A, RMSE_ALPHA_per_atom=    0.02, RMSE_ALPHA_DERIV=    1.91
2025-07-13 13:04:42.796 INFO: Epoch 1886: head: Default, loss=0.5624, RMSE_MU_per_atom=0.00 mDebye, RMSE_MU_DERIV=0.00 mDebye / A, RMSE_ALPHA_per_atom=    0.02, RMSE_ALPHA_DERIV=    1.91
2025-07-13 13:05:35.160 INFO: Epoch 1887: head: Default, loss=0.5625, RMSE_MU_per_atom=0.00 mDebye, RMSE_MU_DERIV=0.00 mDebye / A, RMSE_ALPHA_per_atom=    0.02, RMSE_ALPHA_DERIV=    1.91
2025-07-13 13:06:27.535 INFO: Epoch 1888: head: Default, loss=0.5625, RMSE_MU_per_atom=0.00 mDebye, RMSE_MU_DERIV=0.00 mDebye / A, RMSE_ALPHA_per_atom=    0.02, RMSE_ALPHA_DERIV=    1.91
2025-07-13 13:07:19.891 INFO: Epoch 1889: head: Default, loss=0.5625, RMSE_MU_per_atom=0.00 mDebye, RMSE_MU_DERIV=0.00 mDebye / A, RMSE_ALPHA_per_atom=    0.02, RMSE_ALPHA_DERIV=    1.91
2025-07-13 13:08:12.248 INFO: Epoch 1890: head: Default, loss=0.5625, RMSE_MU_per_atom=0.00 mDebye, RMSE_MU_DERIV=0.00 mDebye / A, RMSE_ALPHA_per_atom=    0.02, RMSE_ALPHA_DERIV=    1.91
2025-07-13 13:09:04.637 INFO: Epoch 1891: head: Default, loss=0.5625, RMSE_MU_per_atom=0.00 mDebye, RMSE_MU_DERIV=0.00 mDebye / A, RMSE_ALPHA_per_atom=    0.02, RMSE_ALPHA_DERIV=    1.91
2025-07-13 13:09:57.012 INFO: Epoch 1892: head: Default, loss=0.5625, RMSE_MU_per_atom=0.00 mDebye, RMSE_MU_DERIV=0.00 mDebye / A, RMSE_ALPHA_per_atom=    0.02, RMSE_ALPHA_DERIV=    1.91
2025-07-13 13:10:49.401 INFO: Epoch 1893: head: Default, loss=0.5625, RMSE_MU_per_atom=0.00 mDebye, RMSE_MU_DERIV=0.00 mDebye / A, RMSE_ALPHA_per_atom=    0.02, RMSE_ALPHA_DERIV=    1.91
2025-07-13 13:11:41.740 INFO: Epoch 1894: head: Default, loss=0.5625, RMSE_MU_per_atom=0.00 mDebye, RMSE_MU_DERIV=0.00 mDebye / A, RMSE_ALPHA_per_atom=    0.02, RMSE_ALPHA_DERIV=    1.91
2025-07-13 13:12:34.137 INFO: Epoch 1895: head: Default, loss=0.5625, RMSE_MU_per_atom=0.00 mDebye, RMSE_MU_DERIV=0.00 mDebye / A, RMSE_ALPHA_per_atom=    0.02, RMSE_ALPHA_DERIV=    1.91
2025-07-13 13:13:26.528 INFO: Epoch 1896: head: Default, loss=0.5624, RMSE_MU_per_atom=0.00 mDebye, RMSE_MU_DERIV=0.00 mDebye / A, RMSE_ALPHA_per_atom=    0.02, RMSE_ALPHA_DERIV=    1.91
2025-07-13 13:14:18.936 INFO: Epoch 1897: head: Default, loss=0.5624, RMSE_MU_per_atom=0.00 mDebye, RMSE_MU_DERIV=0.00 mDebye / A, RMSE_ALPHA_per_atom=    0.02, RMSE_ALPHA_DERIV=    1.91
2025-07-13 13:15:11.339 INFO: Epoch 1898: head: Default, loss=0.5625, RMSE_MU_per_atom=0.00 mDebye, RMSE_MU_DERIV=0.00 mDebye / A, RMSE_ALPHA_per_atom=    0.02, RMSE_ALPHA_DERIV=    1.91
2025-07-13 13:16:03.745 INFO: Epoch 1899: head: Default, loss=0.5624, RMSE_MU_per_atom=0.00 mDebye, RMSE_MU_DERIV=0.00 mDebye / A, RMSE_ALPHA_per_atom=    0.02, RMSE_ALPHA_DERIV=    1.91
2025-07-13 13:16:56.134 INFO: Epoch 1900: head: Default, loss=0.5624, RMSE_MU_per_atom=0.00 mDebye, RMSE_MU_DERIV=0.00 mDebye / A, RMSE_ALPHA_per_atom=    0.02, RMSE_ALPHA_DERIV=    1.91
2025-07-13 13:17:48.469 INFO: Epoch 1901: head: Default, loss=0.5624, RMSE_MU_per_atom=0.00 mDebye, RMSE_MU_DERIV=0.00 mDebye / A, RMSE_ALPHA_per_atom=    0.02, RMSE_ALPHA_DERIV=    1.91
2025-07-13 13:18:40.797 INFO: Epoch 1902: head: Default, loss=0.5624, RMSE_MU_per_atom=0.00 mDebye, RMSE_MU_DERIV=0.00 mDebye / A, RMSE_ALPHA_per_atom=    0.02, RMSE_ALPHA_DERIV=    1.91
2025-07-13 13:19:33.068 INFO: Epoch 1903: head: Default, loss=0.5624, RMSE_MU_per_atom=0.00 mDebye, RMSE_MU_DERIV=0.00 mDebye / A, RMSE_ALPHA_per_atom=    0.02, RMSE_ALPHA_DERIV=    1.91
2025-07-13 13:20:25.410 INFO: Epoch 1904: head: Default, loss=0.5624, RMSE_MU_per_atom=0.00 mDebye, RMSE_MU_DERIV=0.00 mDebye / A, RMSE_ALPHA_per_atom=    0.02, RMSE_ALPHA_DERIV=    1.91
2025-07-13 13:21:17.744 INFO: Epoch 1905: head: Default, loss=0.5624, RMSE_MU_per_atom=0.00 mDebye, RMSE_MU_DERIV=0.00 mDebye / A, RMSE_ALPHA_per_atom=    0.02, RMSE_ALPHA_DERIV=    1.91
2025-07-13 13:22:10.089 INFO: Epoch 1906: head: Default, loss=0.5625, RMSE_MU_per_atom=0.00 mDebye, RMSE_MU_DERIV=0.00 mDebye / A, RMSE_ALPHA_per_atom=    0.02, RMSE_ALPHA_DERIV=    1.91
2025-07-13 13:23:02.480 INFO: Epoch 1907: head: Default, loss=0.5624, RMSE_MU_per_atom=0.00 mDebye, RMSE_MU_DERIV=0.00 mDebye / A, RMSE_ALPHA_per_atom=    0.02, RMSE_ALPHA_DERIV=    1.91
2025-07-13 13:23:54.887 INFO: Epoch 1908: head: Default, loss=0.5624, RMSE_MU_per_atom=0.00 mDebye, RMSE_MU_DERIV=0.00 mDebye / A, RMSE_ALPHA_per_atom=    0.02, RMSE_ALPHA_DERIV=    1.91
2025-07-13 13:24:47.248 INFO: Epoch 1909: head: Default, loss=0.5624, RMSE_MU_per_atom=0.00 mDebye, RMSE_MU_DERIV=0.00 mDebye / A, RMSE_ALPHA_per_atom=    0.02, RMSE_ALPHA_DERIV=    1.91
2025-07-13 13:25:39.651 INFO: Epoch 1910: head: Default, loss=0.5624, RMSE_MU_per_atom=0.00 mDebye, RMSE_MU_DERIV=0.00 mDebye / A, RMSE_ALPHA_per_atom=    0.02, RMSE_ALPHA_DERIV=    1.91
2025-07-13 13:26:32.021 INFO: Epoch 1911: head: Default, loss=0.5625, RMSE_MU_per_atom=0.00 mDebye, RMSE_MU_DERIV=0.00 mDebye / A, RMSE_ALPHA_per_atom=    0.02, RMSE_ALPHA_DERIV=    1.91
2025-07-13 13:27:24.355 INFO: Epoch 1912: head: Default, loss=0.5625, RMSE_MU_per_atom=0.00 mDebye, RMSE_MU_DERIV=0.00 mDebye / A, RMSE_ALPHA_per_atom=    0.02, RMSE_ALPHA_DERIV=    1.91
2025-07-13 13:28:16.670 INFO: Epoch 1913: head: Default, loss=0.5625, RMSE_MU_per_atom=0.00 mDebye, RMSE_MU_DERIV=0.00 mDebye / A, RMSE_ALPHA_per_atom=    0.02, RMSE_ALPHA_DERIV=    1.91
2025-07-13 13:29:08.951 INFO: Epoch 1914: head: Default, loss=0.5625, RMSE_MU_per_atom=0.00 mDebye, RMSE_MU_DERIV=0.00 mDebye / A, RMSE_ALPHA_per_atom=    0.02, RMSE_ALPHA_DERIV=    1.91
2025-07-13 13:30:01.210 INFO: Epoch 1915: head: Default, loss=0.5625, RMSE_MU_per_atom=0.00 mDebye, RMSE_MU_DERIV=0.00 mDebye / A, RMSE_ALPHA_per_atom=    0.02, RMSE_ALPHA_DERIV=    1.91
2025-07-13 13:30:53.533 INFO: Epoch 1916: head: Default, loss=0.5625, RMSE_MU_per_atom=0.00 mDebye, RMSE_MU_DERIV=0.00 mDebye / A, RMSE_ALPHA_per_atom=    0.02, RMSE_ALPHA_DERIV=    1.91
2025-07-13 13:31:45.835 INFO: Epoch 1917: head: Default, loss=0.5624, RMSE_MU_per_atom=0.00 mDebye, RMSE_MU_DERIV=0.00 mDebye / A, RMSE_ALPHA_per_atom=    0.02, RMSE_ALPHA_DERIV=    1.91
2025-07-13 13:32:38.211 INFO: Epoch 1918: head: Default, loss=0.5625, RMSE_MU_per_atom=0.00 mDebye, RMSE_MU_DERIV=0.00 mDebye / A, RMSE_ALPHA_per_atom=    0.02, RMSE_ALPHA_DERIV=    1.91
2025-07-13 13:33:30.572 INFO: Epoch 1919: head: Default, loss=0.5625, RMSE_MU_per_atom=0.00 mDebye, RMSE_MU_DERIV=0.00 mDebye / A, RMSE_ALPHA_per_atom=    0.02, RMSE_ALPHA_DERIV=    1.91
2025-07-13 13:34:22.934 INFO: Epoch 1920: head: Default, loss=0.5624, RMSE_MU_per_atom=0.00 mDebye, RMSE_MU_DERIV=0.00 mDebye / A, RMSE_ALPHA_per_atom=    0.02, RMSE_ALPHA_DERIV=    1.91
2025-07-13 13:35:15.271 INFO: Epoch 1921: head: Default, loss=0.5624, RMSE_MU_per_atom=0.00 mDebye, RMSE_MU_DERIV=0.00 mDebye / A, RMSE_ALPHA_per_atom=    0.02, RMSE_ALPHA_DERIV=    1.91
2025-07-13 13:36:07.631 INFO: Epoch 1922: head: Default, loss=0.5624, RMSE_MU_per_atom=0.00 mDebye, RMSE_MU_DERIV=0.00 mDebye / A, RMSE_ALPHA_per_atom=    0.02, RMSE_ALPHA_DERIV=    1.91
2025-07-13 13:36:59.978 INFO: Epoch 1923: head: Default, loss=0.5625, RMSE_MU_per_atom=0.00 mDebye, RMSE_MU_DERIV=0.00 mDebye / A, RMSE_ALPHA_per_atom=    0.02, RMSE_ALPHA_DERIV=    1.91
2025-07-13 13:37:52.291 INFO: Epoch 1924: head: Default, loss=0.5624, RMSE_MU_per_atom=0.00 mDebye, RMSE_MU_DERIV=0.00 mDebye / A, RMSE_ALPHA_per_atom=    0.02, RMSE_ALPHA_DERIV=    1.91
2025-07-13 13:38:44.526 INFO: Epoch 1925: head: Default, loss=0.5624, RMSE_MU_per_atom=0.00 mDebye, RMSE_MU_DERIV=0.00 mDebye / A, RMSE_ALPHA_per_atom=    0.02, RMSE_ALPHA_DERIV=    1.91
2025-07-13 13:39:36.760 INFO: Epoch 1926: head: Default, loss=0.5625, RMSE_MU_per_atom=0.00 mDebye, RMSE_MU_DERIV=0.00 mDebye / A, RMSE_ALPHA_per_atom=    0.02, RMSE_ALPHA_DERIV=    1.91
2025-07-13 13:40:29.124 INFO: Epoch 1927: head: Default, loss=0.5624, RMSE_MU_per_atom=0.00 mDebye, RMSE_MU_DERIV=0.00 mDebye / A, RMSE_ALPHA_per_atom=    0.02, RMSE_ALPHA_DERIV=    1.91
2025-07-13 13:41:21.477 INFO: Epoch 1928: head: Default, loss=0.5624, RMSE_MU_per_atom=0.00 mDebye, RMSE_MU_DERIV=0.00 mDebye / A, RMSE_ALPHA_per_atom=    0.02, RMSE_ALPHA_DERIV=    1.91
2025-07-13 13:42:13.863 INFO: Epoch 1929: head: Default, loss=0.5624, RMSE_MU_per_atom=0.00 mDebye, RMSE_MU_DERIV=0.00 mDebye / A, RMSE_ALPHA_per_atom=    0.02, RMSE_ALPHA_DERIV=    1.91
2025-07-13 13:43:06.266 INFO: Epoch 1930: head: Default, loss=0.5624, RMSE_MU_per_atom=0.00 mDebye, RMSE_MU_DERIV=0.00 mDebye / A, RMSE_ALPHA_per_atom=    0.02, RMSE_ALPHA_DERIV=    1.91
2025-07-13 13:43:58.640 INFO: Epoch 1931: head: Default, loss=0.5624, RMSE_MU_per_atom=0.00 mDebye, RMSE_MU_DERIV=0.00 mDebye / A, RMSE_ALPHA_per_atom=    0.02, RMSE_ALPHA_DERIV=    1.91
2025-07-13 13:44:50.987 INFO: Epoch 1932: head: Default, loss=0.5625, RMSE_MU_per_atom=0.00 mDebye, RMSE_MU_DERIV=0.00 mDebye / A, RMSE_ALPHA_per_atom=    0.02, RMSE_ALPHA_DERIV=    1.91
2025-07-13 13:45:43.373 INFO: Epoch 1933: head: Default, loss=0.5624, RMSE_MU_per_atom=0.00 mDebye, RMSE_MU_DERIV=0.00 mDebye / A, RMSE_ALPHA_per_atom=    0.02, RMSE_ALPHA_DERIV=    1.91
2025-07-13 13:46:35.774 INFO: Epoch 1934: head: Default, loss=0.5625, RMSE_MU_per_atom=0.00 mDebye, RMSE_MU_DERIV=0.00 mDebye / A, RMSE_ALPHA_per_atom=    0.02, RMSE_ALPHA_DERIV=    1.91
2025-07-13 13:47:28.135 INFO: Epoch 1935: head: Default, loss=0.5625, RMSE_MU_per_atom=0.00 mDebye, RMSE_MU_DERIV=0.00 mDebye / A, RMSE_ALPHA_per_atom=    0.02, RMSE_ALPHA_DERIV=    1.91
2025-07-13 13:48:20.477 INFO: Epoch 1936: head: Default, loss=0.5625, RMSE_MU_per_atom=0.00 mDebye, RMSE_MU_DERIV=0.00 mDebye / A, RMSE_ALPHA_per_atom=    0.02, RMSE_ALPHA_DERIV=    1.91
2025-07-13 13:49:12.793 INFO: Epoch 1937: head: Default, loss=0.5625, RMSE_MU_per_atom=0.00 mDebye, RMSE_MU_DERIV=0.00 mDebye / A, RMSE_ALPHA_per_atom=    0.02, RMSE_ALPHA_DERIV=    1.91
2025-07-13 13:50:04.976 INFO: Epoch 1938: head: Default, loss=0.5625, RMSE_MU_per_atom=0.00 mDebye, RMSE_MU_DERIV=0.00 mDebye / A, RMSE_ALPHA_per_atom=    0.02, RMSE_ALPHA_DERIV=    1.91
2025-07-13 13:50:57.240 INFO: Epoch 1939: head: Default, loss=0.5625, RMSE_MU_per_atom=0.00 mDebye, RMSE_MU_DERIV=0.00 mDebye / A, RMSE_ALPHA_per_atom=    0.02, RMSE_ALPHA_DERIV=    1.91
2025-07-13 13:51:49.535 INFO: Epoch 1940: head: Default, loss=0.5625, RMSE_MU_per_atom=0.00 mDebye, RMSE_MU_DERIV=0.00 mDebye / A, RMSE_ALPHA_per_atom=    0.02, RMSE_ALPHA_DERIV=    1.91
2025-07-13 13:52:41.886 INFO: Epoch 1941: head: Default, loss=0.5625, RMSE_MU_per_atom=0.00 mDebye, RMSE_MU_DERIV=0.00 mDebye / A, RMSE_ALPHA_per_atom=    0.02, RMSE_ALPHA_DERIV=    1.91
2025-07-13 13:53:34.248 INFO: Epoch 1942: head: Default, loss=0.5624, RMSE_MU_per_atom=0.00 mDebye, RMSE_MU_DERIV=0.00 mDebye / A, RMSE_ALPHA_per_atom=    0.02, RMSE_ALPHA_DERIV=    1.91
2025-07-13 13:54:26.564 INFO: Epoch 1943: head: Default, loss=0.5624, RMSE_MU_per_atom=0.00 mDebye, RMSE_MU_DERIV=0.00 mDebye / A, RMSE_ALPHA_per_atom=    0.02, RMSE_ALPHA_DERIV=    1.91
2025-07-13 13:55:18.931 INFO: Epoch 1944: head: Default, loss=0.5624, RMSE_MU_per_atom=0.00 mDebye, RMSE_MU_DERIV=0.00 mDebye / A, RMSE_ALPHA_per_atom=    0.02, RMSE_ALPHA_DERIV=    1.91
2025-07-13 13:56:11.294 INFO: Epoch 1945: head: Default, loss=0.5624, RMSE_MU_per_atom=0.00 mDebye, RMSE_MU_DERIV=0.00 mDebye / A, RMSE_ALPHA_per_atom=    0.02, RMSE_ALPHA_DERIV=    1.91
2025-07-13 13:57:03.658 INFO: Epoch 1946: head: Default, loss=0.5624, RMSE_MU_per_atom=0.00 mDebye, RMSE_MU_DERIV=0.00 mDebye / A, RMSE_ALPHA_per_atom=    0.02, RMSE_ALPHA_DERIV=    1.91
2025-07-13 13:57:55.986 INFO: Epoch 1947: head: Default, loss=0.5624, RMSE_MU_per_atom=0.00 mDebye, RMSE_MU_DERIV=0.00 mDebye / A, RMSE_ALPHA_per_atom=    0.02, RMSE_ALPHA_DERIV=    1.91
2025-07-13 13:58:48.366 INFO: Epoch 1948: head: Default, loss=0.5625, RMSE_MU_per_atom=0.00 mDebye, RMSE_MU_DERIV=0.00 mDebye / A, RMSE_ALPHA_per_atom=    0.02, RMSE_ALPHA_DERIV=    1.91
2025-07-13 13:59:40.701 INFO: Epoch 1949: head: Default, loss=0.5625, RMSE_MU_per_atom=0.00 mDebye, RMSE_MU_DERIV=0.00 mDebye / A, RMSE_ALPHA_per_atom=    0.02, RMSE_ALPHA_DERIV=    1.91
2025-07-13 14:00:33.028 INFO: Epoch 1950: head: Default, loss=0.5624, RMSE_MU_per_atom=0.00 mDebye, RMSE_MU_DERIV=0.00 mDebye / A, RMSE_ALPHA_per_atom=    0.02, RMSE_ALPHA_DERIV=    1.91
2025-07-13 14:01:25.356 INFO: Epoch 1951: head: Default, loss=0.5625, RMSE_MU_per_atom=0.00 mDebye, RMSE_MU_DERIV=0.00 mDebye / A, RMSE_ALPHA_per_atom=    0.02, RMSE_ALPHA_DERIV=    1.91
2025-07-13 14:02:17.563 INFO: Epoch 1952: head: Default, loss=0.5625, RMSE_MU_per_atom=0.00 mDebye, RMSE_MU_DERIV=0.00 mDebye / A, RMSE_ALPHA_per_atom=    0.02, RMSE_ALPHA_DERIV=    1.91
2025-07-13 14:03:09.834 INFO: Epoch 1953: head: Default, loss=0.5625, RMSE_MU_per_atom=0.00 mDebye, RMSE_MU_DERIV=0.00 mDebye / A, RMSE_ALPHA_per_atom=    0.02, RMSE_ALPHA_DERIV=    1.91
2025-07-13 14:04:02.134 INFO: Epoch 1954: head: Default, loss=0.5624, RMSE_MU_per_atom=0.00 mDebye, RMSE_MU_DERIV=0.00 mDebye / A, RMSE_ALPHA_per_atom=    0.02, RMSE_ALPHA_DERIV=    1.91
2025-07-13 14:04:54.317 INFO: Epoch 1955: head: Default, loss=0.5625, RMSE_MU_per_atom=0.00 mDebye, RMSE_MU_DERIV=0.00 mDebye / A, RMSE_ALPHA_per_atom=    0.02, RMSE_ALPHA_DERIV=    1.91
2025-07-13 14:05:46.612 INFO: Epoch 1956: head: Default, loss=0.5625, RMSE_MU_per_atom=0.00 mDebye, RMSE_MU_DERIV=0.00 mDebye / A, RMSE_ALPHA_per_atom=    0.02, RMSE_ALPHA_DERIV=    1.91
2025-07-13 14:06:38.814 INFO: Epoch 1957: head: Default, loss=0.5625, RMSE_MU_per_atom=0.00 mDebye, RMSE_MU_DERIV=0.00 mDebye / A, RMSE_ALPHA_per_atom=    0.02, RMSE_ALPHA_DERIV=    1.91
2025-07-13 14:07:31.075 INFO: Epoch 1958: head: Default, loss=0.5625, RMSE_MU_per_atom=0.00 mDebye, RMSE_MU_DERIV=0.00 mDebye / A, RMSE_ALPHA_per_atom=    0.02, RMSE_ALPHA_DERIV=    1.91
2025-07-13 14:08:23.409 INFO: Epoch 1959: head: Default, loss=0.5625, RMSE_MU_per_atom=0.00 mDebye, RMSE_MU_DERIV=0.00 mDebye / A, RMSE_ALPHA_per_atom=    0.02, RMSE_ALPHA_DERIV=    1.91
2025-07-13 14:09:15.744 INFO: Epoch 1960: head: Default, loss=0.5624, RMSE_MU_per_atom=0.00 mDebye, RMSE_MU_DERIV=0.00 mDebye / A, RMSE_ALPHA_per_atom=    0.02, RMSE_ALPHA_DERIV=    1.91
2025-07-13 14:10:08.019 INFO: Epoch 1961: head: Default, loss=0.5625, RMSE_MU_per_atom=0.00 mDebye, RMSE_MU_DERIV=0.00 mDebye / A, RMSE_ALPHA_per_atom=    0.02, RMSE_ALPHA_DERIV=    1.91
2025-07-13 14:11:00.182 INFO: Epoch 1962: head: Default, loss=0.5624, RMSE_MU_per_atom=0.00 mDebye, RMSE_MU_DERIV=0.00 mDebye / A, RMSE_ALPHA_per_atom=    0.02, RMSE_ALPHA_DERIV=    1.91
2025-07-13 14:11:52.331 INFO: Epoch 1963: head: Default, loss=0.5624, RMSE_MU_per_atom=0.00 mDebye, RMSE_MU_DERIV=0.00 mDebye / A, RMSE_ALPHA_per_atom=    0.02, RMSE_ALPHA_DERIV=    1.91
2025-07-13 14:12:44.649 INFO: Epoch 1964: head: Default, loss=0.5625, RMSE_MU_per_atom=0.00 mDebye, RMSE_MU_DERIV=0.00 mDebye / A, RMSE_ALPHA_per_atom=    0.02, RMSE_ALPHA_DERIV=    1.91
2025-07-13 14:13:36.926 INFO: Epoch 1965: head: Default, loss=0.5625, RMSE_MU_per_atom=0.00 mDebye, RMSE_MU_DERIV=0.00 mDebye / A, RMSE_ALPHA_per_atom=    0.02, RMSE_ALPHA_DERIV=    1.91
2025-07-13 14:14:29.102 INFO: Epoch 1966: head: Default, loss=0.5625, RMSE_MU_per_atom=0.00 mDebye, RMSE_MU_DERIV=0.00 mDebye / A, RMSE_ALPHA_per_atom=    0.02, RMSE_ALPHA_DERIV=    1.91
2025-07-13 14:15:21.417 INFO: Epoch 1967: head: Default, loss=0.5624, RMSE_MU_per_atom=0.00 mDebye, RMSE_MU_DERIV=0.00 mDebye / A, RMSE_ALPHA_per_atom=    0.02, RMSE_ALPHA_DERIV=    1.91
2025-07-13 14:16:13.697 INFO: Epoch 1968: head: Default, loss=0.5624, RMSE_MU_per_atom=0.00 mDebye, RMSE_MU_DERIV=0.00 mDebye / A, RMSE_ALPHA_per_atom=    0.02, RMSE_ALPHA_DERIV=    1.91
2025-07-13 14:17:05.956 INFO: Epoch 1969: head: Default, loss=0.5624, RMSE_MU_per_atom=0.00 mDebye, RMSE_MU_DERIV=0.00 mDebye / A, RMSE_ALPHA_per_atom=    0.02, RMSE_ALPHA_DERIV=    1.91
2025-07-13 14:17:58.170 INFO: Epoch 1970: head: Default, loss=0.5624, RMSE_MU_per_atom=0.00 mDebye, RMSE_MU_DERIV=0.00 mDebye / A, RMSE_ALPHA_per_atom=    0.02, RMSE_ALPHA_DERIV=    1.91
2025-07-13 14:18:50.457 INFO: Epoch 1971: head: Default, loss=0.5624, RMSE_MU_per_atom=0.00 mDebye, RMSE_MU_DERIV=0.00 mDebye / A, RMSE_ALPHA_per_atom=    0.02, RMSE_ALPHA_DERIV=    1.91
2025-07-13 14:19:42.766 INFO: Epoch 1972: head: Default, loss=0.5624, RMSE_MU_per_atom=0.00 mDebye, RMSE_MU_DERIV=0.00 mDebye / A, RMSE_ALPHA_per_atom=    0.02, RMSE_ALPHA_DERIV=    1.91
2025-07-13 14:20:35.057 INFO: Epoch 1973: head: Default, loss=0.5624, RMSE_MU_per_atom=0.00 mDebye, RMSE_MU_DERIV=0.00 mDebye / A, RMSE_ALPHA_per_atom=    0.02, RMSE_ALPHA_DERIV=    1.91
2025-07-13 14:21:27.360 INFO: Epoch 1974: head: Default, loss=0.5624, RMSE_MU_per_atom=0.00 mDebye, RMSE_MU_DERIV=0.00 mDebye / A, RMSE_ALPHA_per_atom=    0.02, RMSE_ALPHA_DERIV=    1.91
2025-07-13 14:22:19.594 INFO: Epoch 1975: head: Default, loss=0.5624, RMSE_MU_per_atom=0.00 mDebye, RMSE_MU_DERIV=0.00 mDebye / A, RMSE_ALPHA_per_atom=    0.02, RMSE_ALPHA_DERIV=    1.91
2025-07-13 14:23:11.828 INFO: Epoch 1976: head: Default, loss=0.5624, RMSE_MU_per_atom=0.00 mDebye, RMSE_MU_DERIV=0.00 mDebye / A, RMSE_ALPHA_per_atom=    0.02, RMSE_ALPHA_DERIV=    1.91
2025-07-13 14:24:04.097 INFO: Epoch 1977: head: Default, loss=0.5624, RMSE_MU_per_atom=0.00 mDebye, RMSE_MU_DERIV=0.00 mDebye / A, RMSE_ALPHA_per_atom=    0.02, RMSE_ALPHA_DERIV=    1.91
2025-07-13 14:24:56.361 INFO: Epoch 1978: head: Default, loss=0.5624, RMSE_MU_per_atom=0.00 mDebye, RMSE_MU_DERIV=0.00 mDebye / A, RMSE_ALPHA_per_atom=    0.02, RMSE_ALPHA_DERIV=    1.91
2025-07-13 14:25:48.608 INFO: Epoch 1979: head: Default, loss=0.5624, RMSE_MU_per_atom=0.00 mDebye, RMSE_MU_DERIV=0.00 mDebye / A, RMSE_ALPHA_per_atom=    0.02, RMSE_ALPHA_DERIV=    1.91
2025-07-13 14:26:40.853 INFO: Epoch 1980: head: Default, loss=0.5625, RMSE_MU_per_atom=0.00 mDebye, RMSE_MU_DERIV=0.00 mDebye / A, RMSE_ALPHA_per_atom=    0.02, RMSE_ALPHA_DERIV=    1.91
2025-07-13 14:27:32.987 INFO: Epoch 1981: head: Default, loss=0.5624, RMSE_MU_per_atom=0.00 mDebye, RMSE_MU_DERIV=0.00 mDebye / A, RMSE_ALPHA_per_atom=    0.02, RMSE_ALPHA_DERIV=    1.91
2025-07-13 14:28:25.180 INFO: Epoch 1982: head: Default, loss=0.5624, RMSE_MU_per_atom=0.00 mDebye, RMSE_MU_DERIV=0.00 mDebye / A, RMSE_ALPHA_per_atom=    0.02, RMSE_ALPHA_DERIV=    1.91
2025-07-13 14:29:17.372 INFO: Epoch 1983: head: Default, loss=0.5625, RMSE_MU_per_atom=0.00 mDebye, RMSE_MU_DERIV=0.00 mDebye / A, RMSE_ALPHA_per_atom=    0.02, RMSE_ALPHA_DERIV=    1.91
2025-07-13 14:30:09.574 INFO: Epoch 1984: head: Default, loss=0.5624, RMSE_MU_per_atom=0.00 mDebye, RMSE_MU_DERIV=0.00 mDebye / A, RMSE_ALPHA_per_atom=    0.02, RMSE_ALPHA_DERIV=    1.91
2025-07-13 14:31:01.769 INFO: Epoch 1985: head: Default, loss=0.5625, RMSE_MU_per_atom=0.00 mDebye, RMSE_MU_DERIV=0.00 mDebye / A, RMSE_ALPHA_per_atom=    0.02, RMSE_ALPHA_DERIV=    1.91
2025-07-13 14:31:53.927 INFO: Epoch 1986: head: Default, loss=0.5625, RMSE_MU_per_atom=0.00 mDebye, RMSE_MU_DERIV=0.00 mDebye / A, RMSE_ALPHA_per_atom=    0.02, RMSE_ALPHA_DERIV=    1.91
2025-07-13 14:32:46.068 INFO: Epoch 1987: head: Default, loss=0.5625, RMSE_MU_per_atom=0.00 mDebye, RMSE_MU_DERIV=0.00 mDebye / A, RMSE_ALPHA_per_atom=    0.02, RMSE_ALPHA_DERIV=    1.91
2025-07-13 14:33:38.226 INFO: Epoch 1988: head: Default, loss=0.5625, RMSE_MU_per_atom=0.00 mDebye, RMSE_MU_DERIV=0.00 mDebye / A, RMSE_ALPHA_per_atom=    0.02, RMSE_ALPHA_DERIV=    1.91
2025-07-13 14:34:30.390 INFO: Epoch 1989: head: Default, loss=0.5625, RMSE_MU_per_atom=0.00 mDebye, RMSE_MU_DERIV=0.00 mDebye / A, RMSE_ALPHA_per_atom=    0.02, RMSE_ALPHA_DERIV=    1.91
2025-07-13 14:35:22.571 INFO: Epoch 1990: head: Default, loss=0.5625, RMSE_MU_per_atom=0.00 mDebye, RMSE_MU_DERIV=0.00 mDebye / A, RMSE_ALPHA_per_atom=    0.02, RMSE_ALPHA_DERIV=    1.91
2025-07-13 14:36:14.738 INFO: Epoch 1991: head: Default, loss=0.5625, RMSE_MU_per_atom=0.00 mDebye, RMSE_MU_DERIV=0.00 mDebye / A, RMSE_ALPHA_per_atom=    0.02, RMSE_ALPHA_DERIV=    1.91
2025-07-13 14:37:06.890 INFO: Epoch 1992: head: Default, loss=0.5625, RMSE_MU_per_atom=0.00 mDebye, RMSE_MU_DERIV=0.00 mDebye / A, RMSE_ALPHA_per_atom=    0.02, RMSE_ALPHA_DERIV=    1.91
2025-07-13 14:37:59.046 INFO: Epoch 1993: head: Default, loss=0.5624, RMSE_MU_per_atom=0.00 mDebye, RMSE_MU_DERIV=0.00 mDebye / A, RMSE_ALPHA_per_atom=    0.02, RMSE_ALPHA_DERIV=    1.91
2025-07-13 14:38:51.152 INFO: Epoch 1994: head: Default, loss=0.5624, RMSE_MU_per_atom=0.00 mDebye, RMSE_MU_DERIV=0.00 mDebye / A, RMSE_ALPHA_per_atom=    0.02, RMSE_ALPHA_DERIV=    1.91
2025-07-13 14:39:43.315 INFO: Epoch 1995: head: Default, loss=0.5624, RMSE_MU_per_atom=0.00 mDebye, RMSE_MU_DERIV=0.00 mDebye / A, RMSE_ALPHA_per_atom=    0.02, RMSE_ALPHA_DERIV=    1.91
2025-07-13 14:40:35.469 INFO: Epoch 1996: head: Default, loss=0.5625, RMSE_MU_per_atom=0.00 mDebye, RMSE_MU_DERIV=0.00 mDebye / A, RMSE_ALPHA_per_atom=    0.02, RMSE_ALPHA_DERIV=    1.91
2025-07-13 14:41:27.660 INFO: Epoch 1997: head: Default, loss=0.5625, RMSE_MU_per_atom=0.00 mDebye, RMSE_MU_DERIV=0.00 mDebye / A, RMSE_ALPHA_per_atom=    0.02, RMSE_ALPHA_DERIV=    1.91
2025-07-13 14:42:19.810 INFO: Epoch 1998: head: Default, loss=0.5625, RMSE_MU_per_atom=0.00 mDebye, RMSE_MU_DERIV=0.00 mDebye / A, RMSE_ALPHA_per_atom=    0.02, RMSE_ALPHA_DERIV=    1.91
2025-07-13 14:43:12.001 INFO: Epoch 1999: head: Default, loss=0.5625, RMSE_MU_per_atom=0.00 mDebye, RMSE_MU_DERIV=0.00 mDebye / A, RMSE_ALPHA_per_atom=    0.02, RMSE_ALPHA_DERIV=    1.91
2025-07-13 14:43:12.001 INFO: Training complete
2025-07-13 14:43:12.001 INFO: 
2025-07-13 14:43:12.001 INFO: ===========RESULTS===========
2025-07-13 14:43:12.213 INFO: Loading checkpoint: ./checkpoints/MoWSSe_susram_ndata_all_subset_280_weights_10_1_run-123_epoch-504.pt
2025-07-13 14:43:12.270 INFO: Loaded Stage one model from epoch 504 for evaluation
2025-07-13 14:43:12.270 INFO: Saving model to checkpoints/MoWSSe_susram_ndata_all_subset_280_weights_10_1_run-123.model
2025-07-13 14:43:12.653 INFO: Compiling model, saving metadata to MoWSSe_susram_ndata_all_subset_280_weights_10_1_compiled.model
2025-07-13 14:43:13.466 INFO: Computing metrics for training, validation, and test sets
2025-07-13 14:43:13.467 INFO: Skipping evaluation for heads: ['pt_head']
2025-07-13 14:43:13.467 INFO: Evaluating train_Default ...
2025-07-13 14:43:32.652 INFO: Evaluating valid_Default ...
2025-07-13 14:43:33.752 INFO: Error-table on TRAIN and VALID:
+---------------+-------------------------+----------------+---------------+------------+-------------------+------------------+
|  config_type  | RMSE MU / mDebye / atom | rel. MU RMSE % | RMSE MU deriv | RMSE ALPHA | rel. ALPHA RMSE % | RMSE ALPHA deriv |
+---------------+-------------------------+----------------+---------------+------------+-------------------+------------------+
| train_Default |           0.00          |      0.0       |      0.00     |    0.03    |        0.3        |       0.94       |
| valid_Default |           0.00          |      0.0       |      0.00     |    0.04    |        0.3        |       1.89       |
+---------------+-------------------------+----------------+---------------+------------+-------------------+------------------+
2025-07-13 14:43:33.753 INFO: Evaluating Default_Default ...
2025-07-13 14:43:54.319 INFO: Error-table on TEST:
+-----------------+-------------------------+----------------+---------------+------------+-------------------+------------------+
|   config_type   | RMSE MU / mDebye / atom | rel. MU RMSE % | RMSE MU deriv | RMSE ALPHA | rel. ALPHA RMSE % | RMSE ALPHA deriv |
+-----------------+-------------------------+----------------+---------------+------------+-------------------+------------------+
| Default_Default |           0.00          |      0.0       |      0.00     |    0.03    |        0.3        |       1.01       |
+-----------------+-------------------------+----------------+---------------+------------+-------------------+------------------+
2025-07-13 14:43:54.319 DEBUG: Running inference on train_Default dataset
2025-07-13 14:44:13.240 DEBUG: Running inference on valid_Default dataset
2025-07-13 14:44:14.290 DEBUG: Running inference on Default_Default dataset
2025-07-13 14:44:35.354 DEBUG: Plotting failed: 'Axes' object is not iterable
2025-07-13 14:44:35.358 INFO: Done
