2025-07-12 19:40:06.043 INFO: ===========VERIFYING SETTINGS===========
2025-07-12 19:40:06.044 INFO: MACE version: 0.3.13
2025-07-12 19:40:06.044 DEBUG: Configuration: Namespace(config=None, name='MoWSSe_sus_ndata_all_subset_120', seed=123, work_dir='.', log_dir='./logs', model_dir='.', checkpoints_dir='./checkpoints', results_dir='./results', downloads_dir='./downloads', device='cuda', default_dtype='float64', distributed=False, log_level='INFO', plot=True, plot_frequency=0, error_table='DipolePolarizabilityDerivRMSE', model='AtomicDipolesMACE', r_max=5.0, radial_type='bessel', num_radial_basis=8, num_cutoff_basis=5, pair_repulsion=False, distance_transform='None', interaction='RealAgnosticResidualInteractionBlock', interaction_first='RealAgnosticResidualInteractionBlock', max_ell=3, correlation=3, num_interactions=2, MLP_irreps='16x0e', radial_MLP='[64, 64, 64]', hidden_irreps='128x0e + 128x1o + 128x2e', num_channels=128, max_L=2, gate='silu', scaling='rms_forces_scaling', avg_num_neighbors=1, compute_avg_num_neighbors=True, compute_stress=False, compute_forces=False, train_file='all_subset_120.xyz', valid_file=None, valid_fraction=0.05, test_file='all_subset_120.xyz', test_dir=None, multi_processed_test=False, num_workers=0, pin_memory=True, atomic_numbers=None, mean=None, std=None, statistics_file=None, E0s=None, foundation_filter_elements=True, heads=None, multiheads_finetuning=True, foundation_head=None, weight_pt_head=1.0, num_samples_pt=10000, force_mh_ft_lr=False, subselect_pt='random', filter_type_pt='none', pt_train_file=None, pt_valid_file=None, foundation_model_elements=False, keep_isolated_atoms=False, energy_key='None', forces_key='None', virials_key='REF_virials', stress_key='None', dipole_key='dipole', dipole_deriv_key='dipole_deriv', polarizability_key='susceptibility_tensor', polarizability_deriv_key='raman_tensor', head_key='head', skip_evaluate_heads='pt_head', loss='dipole_polarizability_deriv', forces_weight=100.0, swa_forces_weight=100.0, energy_weight=1.0, swa_energy_weight=1000.0, virials_weight=1.0, swa_virials_weight=10.0, stress_weight=1.0, swa_stress_weight=10.0, dipole_weight=0.0, swa_dipole_weight=1.0, dipole_deriv_weight=0.0, swa_dipole_deriv_weight=1.0, polarizability_weight=1.0, swa_polarizability_weight=1.0, polarizability_deriv_weight=0.0, swa_polarizability_deriv_weight=1.0, config_type_weights='{"Default":1.0}', huber_delta=0.01, optimizer='adam', beta=0.9, batch_size=10, valid_batch_size=10, lr=0.01, swa_lr=0.001, weight_decay=5e-07, amsgrad=True, scheduler='ReduceLROnPlateau', lr_factor=0.8, scheduler_patience=50, lr_scheduler_gamma=0.9993, swa=False, start_swa=None, lbfgs=False, ema=False, ema_decay=0.99, max_num_epochs=2000, patience=2048, foundation_model=None, foundation_model_readout=True, eval_interval=1, keep_checkpoints=False, save_all_checkpoints=False, restart_latest=True, save_cpu=False, clip_grad=10.0, dry_run=False, enable_cueq=False, wandb=False, wandb_dir=None, wandb_project='', wandb_entity='', wandb_name='', wandb_log_hypers=['num_channels', 'max_L', 'correlation', 'lr', 'swa_lr', 'weight_decay', 'batch_size', 'max_num_epochs', 'start_swa', 'energy_weight', 'forces_weight'], key_specification=KeySpecification(info_keys={'energy': 'None', 'stress': 'None', 'virials': 'REF_virials', 'dipole': 'dipole', 'polarizability': 'susceptibility_tensor', 'head': 'head'}, arrays_keys={'forces': 'None', 'dipole_deriv': 'dipole_deriv', 'polarizability_deriv': 'raman_tensor'}))
2025-07-12 19:40:06.155 INFO: CUDA version: 12.4, CUDA device: 0
2025-07-12 19:40:06.401 DEBUG: Popen(['git', 'version'], cwd=/gpfs/home/theory/phrrpq/dielectrics/training_conv, stdin=None, shell=False, universal_newlines=False)
2025-07-12 19:40:06.453 DEBUG: Popen(['git', 'version'], cwd=/gpfs/home/theory/phrrpq/dielectrics/training_conv, stdin=None, shell=False, universal_newlines=False)
2025-07-12 19:40:06.539 DEBUG: Error accessing Git repository: /gpfs/home/theory/phrrpq/dielectrics/training_conv
2025-07-12 19:40:06.540 INFO: ===========LOADING INPUT DATA===========
2025-07-12 19:40:06.540 INFO: Using heads: ['Default']
2025-07-12 19:40:06.540 INFO: Using the key specifications to parse data:
2025-07-12 19:40:06.540 INFO: Default: KeySpecification(info_keys={'energy': 'None', 'stress': 'None', 'virials': 'REF_virials', 'dipole': 'dipole', 'polarizability': 'susceptibility_tensor', 'head': 'head'}, arrays_keys={'forces': 'None', 'dipole_deriv': 'dipole_deriv', 'polarizability_deriv': 'raman_tensor'})
2025-07-12 19:40:06.541 INFO: =============    Processing head Default     ===========
2025-07-12 19:40:06.541 DEBUG: Loading training file: all_subset_120.xyz
2025-07-12 19:40:06.693 INFO: Training set 1/1 [energy: 0, stress: 0, virials: 0, dipole components: 0, polarizability: 120, head: 120, forces: 0, dipole_deriv: 0, polarizability_deriv: 120]
2025-07-12 19:40:06.694 INFO: Total Training set [energy: 0, stress: 0, virials: 0, dipole components: 0, polarizability: 120, head: 120, forces: 0, dipole_deriv: 0, polarizability_deriv: 120]
2025-07-12 19:40:06.694 INFO: No validation set provided, splitting training data instead.
2025-07-12 19:40:06.694 INFO: Using random 5% of training set for validation with following indices: [46, 22, 91, 35, 25, 77]
2025-07-12 19:40:06.695 INFO: Random Split Training set [energy: 0, stress: 0, virials: 0, dipole components: 0, polarizability: 114, head: 114, forces: 0, dipole_deriv: 0, polarizability_deriv: 114]
2025-07-12 19:40:06.695 INFO: Random Split Validation set [energy: 0, stress: 0, virials: 0, dipole components: 0, polarizability: 6, head: 6, forces: 0, dipole_deriv: 0, polarizability_deriv: 6]
2025-07-12 19:40:06.782 INFO: Test set 1/1 [energy: 0, stress: 0, virials: 0, dipole components: 0, polarizability: 120, head: 120, forces: 0, dipole_deriv: 0, polarizability_deriv: 120]
2025-07-12 19:40:06.783 INFO: Total Test set [energy: 0, stress: 0, virials: 0, dipole components: 0, polarizability: 120, head: 120, forces: 0, dipole_deriv: 0, polarizability_deriv: 120]
2025-07-12 19:40:06.783 INFO: Total number of configurations: train=114, valid=6, tests=[Default_Default: 120],
2025-07-12 19:40:06.783 WARNING: Validation batch size (10) is larger than the number of validation data (6)
2025-07-12 19:40:06.783 INFO: Atomic Numbers used: [16, 34, 42, 74]
2025-07-12 19:40:06.783 INFO: Processing datasets for head 'Default'
2025-07-12 19:40:06.959 DEBUG: Successfully loaded dataset from ASE files: ['all_subset_120.xyz']
2025-07-12 19:40:06.959 INFO: Combining 1 list datasets for head 'Default'
2025-07-12 19:40:06.964 INFO: Head 'Default' training dataset size: 114
2025-07-12 19:40:06.964 INFO: Computing average number of neighbors
2025-07-12 19:40:07.253 INFO: Average number of neighbors: 19.003367003367003
2025-07-12 19:40:07.253 INFO: During training the following quantities will be reported: dipoles, polarizability, dipole_deriv, polarizability_deriv
2025-07-12 19:40:07.257 INFO: ===========MODEL DETAILS===========
2025-07-12 19:40:07.257 INFO: Building model
2025-07-12 19:40:07.257 INFO: Message passing with 128 channels and max_L=2 (128x0e + 128x1o + 128x2e)
2025-07-12 19:40:07.257 INFO: 2 layers, each with correlation order: 3 (body order: 4) and spherical harmonics up to: l=3
2025-07-12 19:40:07.257 INFO: 8 radial and 5 basis functions
2025-07-12 19:40:07.257 INFO: Radial cutoff: 5.0 A (total receptive field for each atom: 10.0 A)
2025-07-12 19:40:07.257 INFO: Distance transform for radial basis functions: None
2025-07-12 19:40:07.257 INFO: Hidden irreps: 128x0e + 128x1o + 128x2e
2025-07-12 19:40:10.215 DEBUG: AtomicDipolesMACE(
  (node_embedding): LinearNodeEmbeddingBlock(
    (linear): Linear(4x0e -> 128x0e | 512 weights)
  )
  (radial_embedding): RadialEmbeddingBlock(
    (bessel_fn): BesselBasis(r_max=5.0, num_basis=8, trainable=False)
    (cutoff_fn): PolynomialCutoff(p=5, r_max=5.0)
  )
  (spherical_harmonics): SphericalHarmonics()
  (interactions): ModuleList(
    (0): RealAgnosticInteractionBlock(
      (linear_up): Linear(128x0e -> 128x0e | 16384 weights)
      (conv_tp): TensorProduct(128x0e x 1x0e+1x1o+1x2e+1x3o -> 128x0e+128x1o+128x2e+128x3o | 512 paths | 512 weights)
      (conv_tp_weights): FullyConnectedNet[8, 64, 64, 64, 512]
      (linear): Linear(128x0e+128x1o+128x2e+128x3o -> 128x0e+128x1o+128x2e+128x3o | 65536 weights)
      (skip_tp): FullyConnectedTensorProduct(128x0e+128x1o+128x2e+128x3o x 4x0e -> 128x0e+128x1o+128x2e+128x3o | 262144 paths | 262144 weights)
      (reshape): reshape_irreps()
    )
    (1): RealAgnosticResidualInteractionBlock(
      (linear_up): Linear(128x0e+128x1o+128x2e -> 128x0e+128x1o+128x2e | 49152 weights)
      (conv_tp): TensorProduct(128x0e+128x1o+128x2e x 1x0e+1x1o+1x2e+1x3o -> 384x0e+640x1o+640x2e+512x3o | 2176 paths | 2176 weights)
      (conv_tp_weights): FullyConnectedNet[8, 64, 64, 64, 2176]
      (linear): Linear(128x0e+128x0e+128x0e+128x1o+128x1o+128x1o+128x1o+128x1o+128x2e+128x2e+128x2e+128x2e+128x2e+128x3o+128x3o+128x3o+128x3o -> 128x0e+128x1o+128x2e+128x3o | 278528 weights)
      (skip_tp): FullyConnectedTensorProduct(128x0e+128x1o+128x2e x 4x0e -> 128x1o | 65536 paths | 65536 weights)
      (reshape): reshape_irreps()
    )
  )
  (products): ModuleList(
    (0): EquivariantProductBasisBlock(
      (symmetric_contractions): SymmetricContraction(
        (contractions): ModuleList(
          (0): Contraction(
            (contractions_weighting): ModuleList(
              (0-1): 2 x GraphModule()
            )
            (contractions_features): ModuleList(
              (0-1): 2 x GraphModule()
            )
            (weights): ParameterList(
                (0): Parameter containing: [torch.float64 of size 4x4x128 (cuda:0)]
                (1): Parameter containing: [torch.float64 of size 4x1x128 (cuda:0)]
            )
            (graph_opt_main): GraphModule()
          )
          (1): Contraction(
            (contractions_weighting): ModuleList(
              (0-1): 2 x GraphModule()
            )
            (contractions_features): ModuleList(
              (0-1): 2 x GraphModule()
            )
            (weights): ParameterList(
                (0): Parameter containing: [torch.float64 of size 4x6x128 (cuda:0)]
                (1): Parameter containing: [torch.float64 of size 4x1x128 (cuda:0)]
            )
            (graph_opt_main): GraphModule()
          )
          (2): Contraction(
            (contractions_weighting): ModuleList(
              (0-1): 2 x GraphModule()
            )
            (contractions_features): ModuleList(
              (0-1): 2 x GraphModule()
            )
            (weights): ParameterList(
                (0): Parameter containing: [torch.float64 of size 4x7x128 (cuda:0)]
                (1): Parameter containing: [torch.float64 of size 4x1x128 (cuda:0)]
            )
            (graph_opt_main): GraphModule()
          )
        )
      )
      (linear): Linear(128x0e+128x1o+128x2e -> 128x0e+128x1o+128x2e | 49152 weights)
    )
    (1): EquivariantProductBasisBlock(
      (symmetric_contractions): SymmetricContraction(
        (contractions): ModuleList(
          (0): Contraction(
            (contractions_weighting): ModuleList(
              (0-1): 2 x GraphModule()
            )
            (contractions_features): ModuleList(
              (0-1): 2 x GraphModule()
            )
            (weights): ParameterList(
                (0): Parameter containing: [torch.float64 of size 4x6x128 (cuda:0)]
                (1): Parameter containing: [torch.float64 of size 4x1x128 (cuda:0)]
            )
            (graph_opt_main): GraphModule()
          )
        )
      )
      (linear): Linear(128x1o -> 128x1o | 16384 weights)
    )
  )
  (readouts): ModuleList(
    (0): LinearDipoleReadoutBlock(
      (linear): Linear(128x0e+128x1o+128x2e -> 1x0e+1x1o+1x2e | 384 weights)
    )
    (1): NonLinearDipoleReadoutBlock(
      (equivariant_nonlin): Gate (16x0e -> 16x0e)
      (linear_1): Linear(128x1o -> 16x0e | 0 weights)
      (linear_2): Linear(16x0e -> 1x0e+1x1o+1x2e | 16 weights)
    )
  )
  (rtp): ReducedTensorProducts(
      in: 1x1o times 1x1o
      out: 1x0e+1x2e
  )
)
2025-07-12 19:40:10.217 INFO: Total number of parameters: 1104272
2025-07-12 19:40:10.217 INFO: 
2025-07-12 19:40:10.217 INFO: ===========OPTIMIZER INFORMATION===========
2025-07-12 19:40:10.217 INFO: Using ADAM as parameter optimizer
2025-07-12 19:40:10.217 INFO: Batch size: 10
2025-07-12 19:40:10.217 INFO: Number of gradient updates: 22800
2025-07-12 19:40:10.217 INFO: Learning rate: 0.01, weight decay: 5e-07
2025-07-12 19:40:10.218 INFO: DipolePolarizabilityDerivLoss(dipole_weight=0.000, polarizability_weight=1.000, dipole_deriv_weight=0.000, polarizability_deriv_weight=0.000)
2025-07-12 19:40:10.223 WARNING: Cannot find checkpoint with tag 'MoWSSe_sus_ndata_all_subset_120_run-123' in './checkpoints'
2025-07-12 19:40:10.223 INFO: Using gradient clipping with tolerance=10.000
2025-07-12 19:40:10.223 INFO: 
2025-07-12 19:40:10.223 INFO: ===========TRAINING===========
2025-07-12 19:40:10.223 INFO: Started training, reporting errors on validation set
2025-07-12 19:40:10.223 INFO: Loss metrics on validation set
2025-07-12 19:40:13.109 INFO: Initial: head: Default, loss=15.6963, RMSE_MU_per_atom=0.00 mDebye, RMSE_MU_DERIV=0.01 mDebye / A, RMSE_ALPHA_per_atom=    9.70, RMSE_ALPHA_DERIV=    6.94
2025-07-12 19:40:40.910 INFO: Epoch 0: head: Default, loss=14.8618, RMSE_MU_per_atom=0.00 mDebye, RMSE_MU_DERIV=0.01 mDebye / A, RMSE_ALPHA_per_atom=    9.44, RMSE_ALPHA_DERIV=    6.97
2025-07-12 19:40:40.911 DEBUG: Saving checkpoint: ./checkpoints/MoWSSe_sus_ndata_all_subset_120_run-123_epoch-0.pt
2025-07-12 19:41:03.333 INFO: Epoch 1: head: Default, loss=1.0532, RMSE_MU_per_atom=0.00 mDebye, RMSE_MU_DERIV=0.06 mDebye / A, RMSE_ALPHA_per_atom=    2.51, RMSE_ALPHA_DERIV=   10.03
2025-07-12 19:41:03.334 DEBUG: Deleting old checkpoint file: ./checkpoints/MoWSSe_sus_ndata_all_subset_120_run-123_epoch-0.pt
2025-07-12 19:41:03.335 DEBUG: Saving checkpoint: ./checkpoints/MoWSSe_sus_ndata_all_subset_120_run-123_epoch-1.pt
2025-07-12 19:41:25.246 INFO: Epoch 2: head: Default, loss=0.2423, RMSE_MU_per_atom=0.00 mDebye, RMSE_MU_DERIV=0.03 mDebye / A, RMSE_ALPHA_per_atom=    1.21, RMSE_ALPHA_DERIV=   10.05
2025-07-12 19:41:25.246 DEBUG: Deleting old checkpoint file: ./checkpoints/MoWSSe_sus_ndata_all_subset_120_run-123_epoch-1.pt
2025-07-12 19:41:25.247 DEBUG: Saving checkpoint: ./checkpoints/MoWSSe_sus_ndata_all_subset_120_run-123_epoch-2.pt
2025-07-12 19:41:47.092 INFO: Epoch 3: head: Default, loss=1.3387, RMSE_MU_per_atom=0.00 mDebye, RMSE_MU_DERIV=0.02 mDebye / A, RMSE_ALPHA_per_atom=    2.83, RMSE_ALPHA_DERIV=   10.98
2025-07-12 19:42:08.895 INFO: Epoch 4: head: Default, loss=0.8375, RMSE_MU_per_atom=0.00 mDebye, RMSE_MU_DERIV=0.02 mDebye / A, RMSE_ALPHA_per_atom=    2.24, RMSE_ALPHA_DERIV=   10.06
2025-07-12 19:42:30.703 INFO: Epoch 5: head: Default, loss=0.0850, RMSE_MU_per_atom=0.00 mDebye, RMSE_MU_DERIV=0.02 mDebye / A, RMSE_ALPHA_per_atom=    0.71, RMSE_ALPHA_DERIV=    9.43
2025-07-12 19:42:30.704 DEBUG: Deleting old checkpoint file: ./checkpoints/MoWSSe_sus_ndata_all_subset_120_run-123_epoch-2.pt
2025-07-12 19:42:30.704 DEBUG: Saving checkpoint: ./checkpoints/MoWSSe_sus_ndata_all_subset_120_run-123_epoch-5.pt
2025-07-12 19:42:52.592 INFO: Epoch 6: head: Default, loss=0.0976, RMSE_MU_per_atom=0.00 mDebye, RMSE_MU_DERIV=0.02 mDebye / A, RMSE_ALPHA_per_atom=    0.77, RMSE_ALPHA_DERIV=    9.37
2025-07-12 19:43:14.438 INFO: Epoch 7: head: Default, loss=0.1870, RMSE_MU_per_atom=0.00 mDebye, RMSE_MU_DERIV=0.03 mDebye / A, RMSE_ALPHA_per_atom=    1.06, RMSE_ALPHA_DERIV=    9.43
2025-07-12 19:43:36.298 INFO: Epoch 8: head: Default, loss=0.2979, RMSE_MU_per_atom=0.00 mDebye, RMSE_MU_DERIV=0.03 mDebye / A, RMSE_ALPHA_per_atom=    1.34, RMSE_ALPHA_DERIV=    9.52
2025-07-12 19:43:58.157 INFO: Epoch 9: head: Default, loss=0.0298, RMSE_MU_per_atom=0.00 mDebye, RMSE_MU_DERIV=0.03 mDebye / A, RMSE_ALPHA_per_atom=    0.42, RMSE_ALPHA_DERIV=    9.10
2025-07-12 19:43:58.158 DEBUG: Deleting old checkpoint file: ./checkpoints/MoWSSe_sus_ndata_all_subset_120_run-123_epoch-5.pt
2025-07-12 19:43:58.158 DEBUG: Saving checkpoint: ./checkpoints/MoWSSe_sus_ndata_all_subset_120_run-123_epoch-9.pt
2025-07-12 19:44:20.063 INFO: Epoch 10: head: Default, loss=0.0212, RMSE_MU_per_atom=0.00 mDebye, RMSE_MU_DERIV=0.03 mDebye / A, RMSE_ALPHA_per_atom=    0.36, RMSE_ALPHA_DERIV=    9.08
2025-07-12 19:44:20.064 DEBUG: Deleting old checkpoint file: ./checkpoints/MoWSSe_sus_ndata_all_subset_120_run-123_epoch-9.pt
2025-07-12 19:44:20.065 DEBUG: Saving checkpoint: ./checkpoints/MoWSSe_sus_ndata_all_subset_120_run-123_epoch-10.pt
2025-07-12 19:44:41.969 INFO: Epoch 11: head: Default, loss=0.0128, RMSE_MU_per_atom=0.00 mDebye, RMSE_MU_DERIV=0.02 mDebye / A, RMSE_ALPHA_per_atom=    0.28, RMSE_ALPHA_DERIV=    8.95
2025-07-12 19:44:41.970 DEBUG: Deleting old checkpoint file: ./checkpoints/MoWSSe_sus_ndata_all_subset_120_run-123_epoch-10.pt
2025-07-12 19:44:41.970 DEBUG: Saving checkpoint: ./checkpoints/MoWSSe_sus_ndata_all_subset_120_run-123_epoch-11.pt
2025-07-12 19:45:03.887 INFO: Epoch 12: head: Default, loss=0.0104, RMSE_MU_per_atom=0.00 mDebye, RMSE_MU_DERIV=0.02 mDebye / A, RMSE_ALPHA_per_atom=    0.25, RMSE_ALPHA_DERIV=    8.80
2025-07-12 19:45:03.888 DEBUG: Deleting old checkpoint file: ./checkpoints/MoWSSe_sus_ndata_all_subset_120_run-123_epoch-11.pt
2025-07-12 19:45:03.888 DEBUG: Saving checkpoint: ./checkpoints/MoWSSe_sus_ndata_all_subset_120_run-123_epoch-12.pt
2025-07-12 19:45:25.797 INFO: Epoch 13: head: Default, loss=0.0398, RMSE_MU_per_atom=0.00 mDebye, RMSE_MU_DERIV=0.02 mDebye / A, RMSE_ALPHA_per_atom=    0.49, RMSE_ALPHA_DERIV=    8.78
2025-07-12 19:45:47.654 INFO: Epoch 14: head: Default, loss=0.0518, RMSE_MU_per_atom=0.00 mDebye, RMSE_MU_DERIV=0.02 mDebye / A, RMSE_ALPHA_per_atom=    0.56, RMSE_ALPHA_DERIV=    8.66
2025-07-12 19:46:09.513 INFO: Epoch 15: head: Default, loss=0.1359, RMSE_MU_per_atom=0.00 mDebye, RMSE_MU_DERIV=0.02 mDebye / A, RMSE_ALPHA_per_atom=    0.90, RMSE_ALPHA_DERIV=    8.67
2025-07-12 19:46:31.368 INFO: Epoch 16: head: Default, loss=0.0427, RMSE_MU_per_atom=0.00 mDebye, RMSE_MU_DERIV=0.02 mDebye / A, RMSE_ALPHA_per_atom=    0.51, RMSE_ALPHA_DERIV=    8.41
2025-07-12 19:46:53.229 INFO: Epoch 17: head: Default, loss=0.0361, RMSE_MU_per_atom=0.00 mDebye, RMSE_MU_DERIV=0.01 mDebye / A, RMSE_ALPHA_per_atom=    0.47, RMSE_ALPHA_DERIV=    8.23
2025-07-12 19:47:15.086 INFO: Epoch 18: head: Default, loss=0.0697, RMSE_MU_per_atom=0.00 mDebye, RMSE_MU_DERIV=0.01 mDebye / A, RMSE_ALPHA_per_atom=    0.65, RMSE_ALPHA_DERIV=    8.10
2025-07-12 19:47:36.936 INFO: Epoch 19: head: Default, loss=0.1704, RMSE_MU_per_atom=0.00 mDebye, RMSE_MU_DERIV=0.01 mDebye / A, RMSE_ALPHA_per_atom=    1.01, RMSE_ALPHA_DERIV=    8.06
2025-07-12 19:47:58.787 INFO: Epoch 20: head: Default, loss=0.1300, RMSE_MU_per_atom=0.00 mDebye, RMSE_MU_DERIV=0.01 mDebye / A, RMSE_ALPHA_per_atom=    0.88, RMSE_ALPHA_DERIV=    7.91
2025-07-12 19:48:20.630 INFO: Epoch 21: head: Default, loss=0.1086, RMSE_MU_per_atom=0.00 mDebye, RMSE_MU_DERIV=0.01 mDebye / A, RMSE_ALPHA_per_atom=    0.81, RMSE_ALPHA_DERIV=    7.82
2025-07-12 19:48:42.484 INFO: Epoch 22: head: Default, loss=0.0936, RMSE_MU_per_atom=0.00 mDebye, RMSE_MU_DERIV=0.01 mDebye / A, RMSE_ALPHA_per_atom=    0.75, RMSE_ALPHA_DERIV=    7.71
2025-07-12 19:49:04.343 INFO: Epoch 23: head: Default, loss=0.0644, RMSE_MU_per_atom=0.00 mDebye, RMSE_MU_DERIV=0.01 mDebye / A, RMSE_ALPHA_per_atom=    0.62, RMSE_ALPHA_DERIV=    7.59
2025-07-12 19:49:26.188 INFO: Epoch 24: head: Default, loss=0.0286, RMSE_MU_per_atom=0.00 mDebye, RMSE_MU_DERIV=0.01 mDebye / A, RMSE_ALPHA_per_atom=    0.41, RMSE_ALPHA_DERIV=    7.49
2025-07-12 19:49:48.046 INFO: Epoch 25: head: Default, loss=0.0489, RMSE_MU_per_atom=0.00 mDebye, RMSE_MU_DERIV=0.01 mDebye / A, RMSE_ALPHA_per_atom=    0.54, RMSE_ALPHA_DERIV=    7.41
2025-07-12 19:50:09.892 INFO: Epoch 26: head: Default, loss=0.0705, RMSE_MU_per_atom=0.00 mDebye, RMSE_MU_DERIV=0.01 mDebye / A, RMSE_ALPHA_per_atom=    0.65, RMSE_ALPHA_DERIV=    7.33
2025-07-12 19:50:31.751 INFO: Epoch 27: head: Default, loss=0.1669, RMSE_MU_per_atom=0.00 mDebye, RMSE_MU_DERIV=0.01 mDebye / A, RMSE_ALPHA_per_atom=    1.00, RMSE_ALPHA_DERIV=    7.29
2025-07-12 19:50:53.618 INFO: Epoch 28: head: Default, loss=0.0349, RMSE_MU_per_atom=0.00 mDebye, RMSE_MU_DERIV=0.01 mDebye / A, RMSE_ALPHA_per_atom=    0.46, RMSE_ALPHA_DERIV=    6.93
2025-07-12 19:51:15.460 INFO: Epoch 29: head: Default, loss=0.0509, RMSE_MU_per_atom=0.00 mDebye, RMSE_MU_DERIV=0.01 mDebye / A, RMSE_ALPHA_per_atom=    0.55, RMSE_ALPHA_DERIV=    6.86
2025-07-12 19:51:37.315 INFO: Epoch 30: head: Default, loss=0.0732, RMSE_MU_per_atom=0.00 mDebye, RMSE_MU_DERIV=0.01 mDebye / A, RMSE_ALPHA_per_atom=    0.66, RMSE_ALPHA_DERIV=   10.16
2025-07-12 19:51:59.162 INFO: Epoch 31: head: Default, loss=0.0326, RMSE_MU_per_atom=0.00 mDebye, RMSE_MU_DERIV=0.01 mDebye / A, RMSE_ALPHA_per_atom=    0.44, RMSE_ALPHA_DERIV=    8.38
2025-07-12 19:52:21.016 INFO: Epoch 32: head: Default, loss=0.0069, RMSE_MU_per_atom=0.00 mDebye, RMSE_MU_DERIV=0.01 mDebye / A, RMSE_ALPHA_per_atom=    0.20, RMSE_ALPHA_DERIV=    7.88
2025-07-12 19:52:21.017 DEBUG: Deleting old checkpoint file: ./checkpoints/MoWSSe_sus_ndata_all_subset_120_run-123_epoch-12.pt
2025-07-12 19:52:21.019 DEBUG: Saving checkpoint: ./checkpoints/MoWSSe_sus_ndata_all_subset_120_run-123_epoch-32.pt
2025-07-12 19:52:42.918 INFO: Epoch 33: head: Default, loss=0.0236, RMSE_MU_per_atom=0.00 mDebye, RMSE_MU_DERIV=0.01 mDebye / A, RMSE_ALPHA_per_atom=    0.38, RMSE_ALPHA_DERIV=    8.21
2025-07-12 19:53:04.762 INFO: Epoch 34: head: Default, loss=0.0095, RMSE_MU_per_atom=0.00 mDebye, RMSE_MU_DERIV=0.01 mDebye / A, RMSE_ALPHA_per_atom=    0.24, RMSE_ALPHA_DERIV=    7.21
2025-07-12 19:53:26.609 INFO: Epoch 35: head: Default, loss=0.0077, RMSE_MU_per_atom=0.00 mDebye, RMSE_MU_DERIV=0.00 mDebye / A, RMSE_ALPHA_per_atom=    0.22, RMSE_ALPHA_DERIV=    6.80
2025-07-12 19:53:48.462 INFO: Epoch 36: head: Default, loss=0.0101, RMSE_MU_per_atom=0.00 mDebye, RMSE_MU_DERIV=0.00 mDebye / A, RMSE_ALPHA_per_atom=    0.25, RMSE_ALPHA_DERIV=    7.57
2025-07-12 19:54:10.312 INFO: Epoch 37: head: Default, loss=0.0037, RMSE_MU_per_atom=0.00 mDebye, RMSE_MU_DERIV=0.00 mDebye / A, RMSE_ALPHA_per_atom=    0.15, RMSE_ALPHA_DERIV=    6.80
2025-07-12 19:54:10.313 DEBUG: Deleting old checkpoint file: ./checkpoints/MoWSSe_sus_ndata_all_subset_120_run-123_epoch-32.pt
2025-07-12 19:54:10.314 DEBUG: Saving checkpoint: ./checkpoints/MoWSSe_sus_ndata_all_subset_120_run-123_epoch-37.pt
2025-07-12 19:54:32.199 INFO: Epoch 38: head: Default, loss=0.0126, RMSE_MU_per_atom=0.00 mDebye, RMSE_MU_DERIV=0.00 mDebye / A, RMSE_ALPHA_per_atom=    0.28, RMSE_ALPHA_DERIV=    6.51
2025-07-12 19:54:54.042 INFO: Epoch 39: head: Default, loss=0.0061, RMSE_MU_per_atom=0.00 mDebye, RMSE_MU_DERIV=0.00 mDebye / A, RMSE_ALPHA_per_atom=    0.19, RMSE_ALPHA_DERIV=    8.17
2025-07-12 19:55:15.897 INFO: Epoch 40: head: Default, loss=0.0072, RMSE_MU_per_atom=0.00 mDebye, RMSE_MU_DERIV=0.00 mDebye / A, RMSE_ALPHA_per_atom=    0.21, RMSE_ALPHA_DERIV=    7.60
2025-07-12 19:55:37.739 INFO: Epoch 41: head: Default, loss=0.0057, RMSE_MU_per_atom=0.00 mDebye, RMSE_MU_DERIV=0.00 mDebye / A, RMSE_ALPHA_per_atom=    0.18, RMSE_ALPHA_DERIV=    7.10
2025-07-12 19:55:59.579 INFO: Epoch 42: head: Default, loss=0.0053, RMSE_MU_per_atom=0.00 mDebye, RMSE_MU_DERIV=0.00 mDebye / A, RMSE_ALPHA_per_atom=    0.18, RMSE_ALPHA_DERIV=    7.19
2025-07-12 19:56:21.426 INFO: Epoch 43: head: Default, loss=0.0115, RMSE_MU_per_atom=0.00 mDebye, RMSE_MU_DERIV=0.00 mDebye / A, RMSE_ALPHA_per_atom=    0.26, RMSE_ALPHA_DERIV=    6.94
2025-07-12 19:56:43.269 INFO: Epoch 44: head: Default, loss=0.0075, RMSE_MU_per_atom=0.00 mDebye, RMSE_MU_DERIV=0.00 mDebye / A, RMSE_ALPHA_per_atom=    0.21, RMSE_ALPHA_DERIV=    7.19
2025-07-12 19:57:05.105 INFO: Epoch 45: head: Default, loss=0.0076, RMSE_MU_per_atom=0.00 mDebye, RMSE_MU_DERIV=0.00 mDebye / A, RMSE_ALPHA_per_atom=    0.21, RMSE_ALPHA_DERIV=    6.68
2025-07-12 19:57:26.948 INFO: Epoch 46: head: Default, loss=0.0084, RMSE_MU_per_atom=0.00 mDebye, RMSE_MU_DERIV=0.00 mDebye / A, RMSE_ALPHA_per_atom=    0.23, RMSE_ALPHA_DERIV=    6.85
2025-07-12 19:57:48.798 INFO: Epoch 47: head: Default, loss=0.0083, RMSE_MU_per_atom=0.00 mDebye, RMSE_MU_DERIV=0.00 mDebye / A, RMSE_ALPHA_per_atom=    0.22, RMSE_ALPHA_DERIV=    6.33
2025-07-12 19:58:10.650 INFO: Epoch 48: head: Default, loss=0.0064, RMSE_MU_per_atom=0.00 mDebye, RMSE_MU_DERIV=0.00 mDebye / A, RMSE_ALPHA_per_atom=    0.20, RMSE_ALPHA_DERIV=    6.18
2025-07-12 19:58:32.494 INFO: Epoch 49: head: Default, loss=0.0045, RMSE_MU_per_atom=0.00 mDebye, RMSE_MU_DERIV=0.00 mDebye / A, RMSE_ALPHA_per_atom=    0.17, RMSE_ALPHA_DERIV=    6.65
2025-07-12 19:58:54.340 INFO: Epoch 50: head: Default, loss=0.0095, RMSE_MU_per_atom=0.00 mDebye, RMSE_MU_DERIV=0.00 mDebye / A, RMSE_ALPHA_per_atom=    0.24, RMSE_ALPHA_DERIV=    5.91
2025-07-12 19:59:16.178 INFO: Epoch 51: head: Default, loss=0.0044, RMSE_MU_per_atom=0.00 mDebye, RMSE_MU_DERIV=0.00 mDebye / A, RMSE_ALPHA_per_atom=    0.16, RMSE_ALPHA_DERIV=    6.48
2025-07-12 19:59:38.028 INFO: Epoch 52: head: Default, loss=0.0060, RMSE_MU_per_atom=0.00 mDebye, RMSE_MU_DERIV=0.00 mDebye / A, RMSE_ALPHA_per_atom=    0.19, RMSE_ALPHA_DERIV=    6.24
2025-07-12 19:59:59.871 INFO: Epoch 53: head: Default, loss=0.0057, RMSE_MU_per_atom=0.00 mDebye, RMSE_MU_DERIV=0.00 mDebye / A, RMSE_ALPHA_per_atom=    0.19, RMSE_ALPHA_DERIV=    6.15
2025-07-12 20:00:21.707 INFO: Epoch 54: head: Default, loss=0.0028, RMSE_MU_per_atom=0.00 mDebye, RMSE_MU_DERIV=0.00 mDebye / A, RMSE_ALPHA_per_atom=    0.13, RMSE_ALPHA_DERIV=    6.14
2025-07-12 20:00:21.708 DEBUG: Deleting old checkpoint file: ./checkpoints/MoWSSe_sus_ndata_all_subset_120_run-123_epoch-37.pt
2025-07-12 20:00:21.708 DEBUG: Saving checkpoint: ./checkpoints/MoWSSe_sus_ndata_all_subset_120_run-123_epoch-54.pt
2025-07-12 20:00:43.594 INFO: Epoch 55: head: Default, loss=0.0048, RMSE_MU_per_atom=0.00 mDebye, RMSE_MU_DERIV=0.00 mDebye / A, RMSE_ALPHA_per_atom=    0.17, RMSE_ALPHA_DERIV=    5.71
2025-07-12 20:01:05.440 INFO: Epoch 56: head: Default, loss=0.0071, RMSE_MU_per_atom=0.00 mDebye, RMSE_MU_DERIV=0.00 mDebye / A, RMSE_ALPHA_per_atom=    0.21, RMSE_ALPHA_DERIV=    6.18
2025-07-12 20:01:27.273 INFO: Epoch 57: head: Default, loss=0.0046, RMSE_MU_per_atom=0.00 mDebye, RMSE_MU_DERIV=0.00 mDebye / A, RMSE_ALPHA_per_atom=    0.17, RMSE_ALPHA_DERIV=    5.20
2025-07-12 20:01:49.120 INFO: Epoch 58: head: Default, loss=0.0066, RMSE_MU_per_atom=0.00 mDebye, RMSE_MU_DERIV=0.00 mDebye / A, RMSE_ALPHA_per_atom=    0.20, RMSE_ALPHA_DERIV=    5.24
2025-07-12 20:02:10.958 INFO: Epoch 59: head: Default, loss=0.0035, RMSE_MU_per_atom=0.00 mDebye, RMSE_MU_DERIV=0.00 mDebye / A, RMSE_ALPHA_per_atom=    0.15, RMSE_ALPHA_DERIV=    5.43
2025-07-12 20:02:32.809 INFO: Epoch 60: head: Default, loss=0.0064, RMSE_MU_per_atom=0.00 mDebye, RMSE_MU_DERIV=0.00 mDebye / A, RMSE_ALPHA_per_atom=    0.20, RMSE_ALPHA_DERIV=    5.38
2025-07-12 20:02:54.651 INFO: Epoch 61: head: Default, loss=0.0082, RMSE_MU_per_atom=0.00 mDebye, RMSE_MU_DERIV=0.00 mDebye / A, RMSE_ALPHA_per_atom=    0.22, RMSE_ALPHA_DERIV=    5.04
2025-07-12 20:03:16.486 INFO: Epoch 62: head: Default, loss=0.0036, RMSE_MU_per_atom=0.00 mDebye, RMSE_MU_DERIV=0.00 mDebye / A, RMSE_ALPHA_per_atom=    0.15, RMSE_ALPHA_DERIV=    5.37
2025-07-12 20:03:38.326 INFO: Epoch 63: head: Default, loss=0.0044, RMSE_MU_per_atom=0.00 mDebye, RMSE_MU_DERIV=0.00 mDebye / A, RMSE_ALPHA_per_atom=    0.16, RMSE_ALPHA_DERIV=    5.52
2025-07-12 20:04:00.183 INFO: Epoch 64: head: Default, loss=0.0039, RMSE_MU_per_atom=0.00 mDebye, RMSE_MU_DERIV=0.00 mDebye / A, RMSE_ALPHA_per_atom=    0.15, RMSE_ALPHA_DERIV=    5.37
2025-07-12 20:04:22.017 INFO: Epoch 65: head: Default, loss=0.0082, RMSE_MU_per_atom=0.00 mDebye, RMSE_MU_DERIV=0.00 mDebye / A, RMSE_ALPHA_per_atom=    0.22, RMSE_ALPHA_DERIV=    5.26
2025-07-12 20:04:43.859 INFO: Epoch 66: head: Default, loss=0.0063, RMSE_MU_per_atom=0.00 mDebye, RMSE_MU_DERIV=0.00 mDebye / A, RMSE_ALPHA_per_atom=    0.19, RMSE_ALPHA_DERIV=    5.22
2025-07-12 20:05:05.698 INFO: Epoch 67: head: Default, loss=0.0071, RMSE_MU_per_atom=0.00 mDebye, RMSE_MU_DERIV=0.00 mDebye / A, RMSE_ALPHA_per_atom=    0.21, RMSE_ALPHA_DERIV=    5.05
2025-07-12 20:05:27.540 INFO: Epoch 68: head: Default, loss=0.0042, RMSE_MU_per_atom=0.00 mDebye, RMSE_MU_DERIV=0.00 mDebye / A, RMSE_ALPHA_per_atom=    0.16, RMSE_ALPHA_DERIV=    5.32
2025-07-12 20:05:49.376 INFO: Epoch 69: head: Default, loss=0.0084, RMSE_MU_per_atom=0.00 mDebye, RMSE_MU_DERIV=0.00 mDebye / A, RMSE_ALPHA_per_atom=    0.22, RMSE_ALPHA_DERIV=    5.14
2025-07-12 20:06:11.221 INFO: Epoch 70: head: Default, loss=0.0036, RMSE_MU_per_atom=0.00 mDebye, RMSE_MU_DERIV=0.00 mDebye / A, RMSE_ALPHA_per_atom=    0.15, RMSE_ALPHA_DERIV=    4.96
2025-07-12 20:06:33.065 INFO: Epoch 71: head: Default, loss=0.0035, RMSE_MU_per_atom=0.00 mDebye, RMSE_MU_DERIV=0.00 mDebye / A, RMSE_ALPHA_per_atom=    0.15, RMSE_ALPHA_DERIV=    5.27
2025-07-12 20:06:54.920 INFO: Epoch 72: head: Default, loss=0.0052, RMSE_MU_per_atom=0.00 mDebye, RMSE_MU_DERIV=0.00 mDebye / A, RMSE_ALPHA_per_atom=    0.18, RMSE_ALPHA_DERIV=    5.14
2025-07-12 20:07:16.759 INFO: Epoch 73: head: Default, loss=0.0036, RMSE_MU_per_atom=0.00 mDebye, RMSE_MU_DERIV=0.00 mDebye / A, RMSE_ALPHA_per_atom=    0.15, RMSE_ALPHA_DERIV=    5.07
2025-07-12 20:07:38.601 INFO: Epoch 74: head: Default, loss=0.0030, RMSE_MU_per_atom=0.00 mDebye, RMSE_MU_DERIV=0.00 mDebye / A, RMSE_ALPHA_per_atom=    0.13, RMSE_ALPHA_DERIV=    4.85
2025-07-12 20:08:00.447 INFO: Epoch 75: head: Default, loss=0.0034, RMSE_MU_per_atom=0.00 mDebye, RMSE_MU_DERIV=0.00 mDebye / A, RMSE_ALPHA_per_atom=    0.14, RMSE_ALPHA_DERIV=    4.89
2025-07-12 20:08:22.290 INFO: Epoch 76: head: Default, loss=0.0061, RMSE_MU_per_atom=0.00 mDebye, RMSE_MU_DERIV=0.00 mDebye / A, RMSE_ALPHA_per_atom=    0.19, RMSE_ALPHA_DERIV=    4.98
2025-07-12 20:08:44.131 INFO: Epoch 77: head: Default, loss=0.0053, RMSE_MU_per_atom=0.00 mDebye, RMSE_MU_DERIV=0.00 mDebye / A, RMSE_ALPHA_per_atom=    0.18, RMSE_ALPHA_DERIV=    4.93
2025-07-12 20:09:05.962 INFO: Epoch 78: head: Default, loss=0.0048, RMSE_MU_per_atom=0.00 mDebye, RMSE_MU_DERIV=0.00 mDebye / A, RMSE_ALPHA_per_atom=    0.17, RMSE_ALPHA_DERIV=    5.04
2025-07-12 20:09:27.809 INFO: Epoch 79: head: Default, loss=0.0032, RMSE_MU_per_atom=0.00 mDebye, RMSE_MU_DERIV=0.00 mDebye / A, RMSE_ALPHA_per_atom=    0.14, RMSE_ALPHA_DERIV=    5.07
2025-07-12 20:09:49.647 INFO: Epoch 80: head: Default, loss=0.0087, RMSE_MU_per_atom=0.00 mDebye, RMSE_MU_DERIV=0.00 mDebye / A, RMSE_ALPHA_per_atom=    0.23, RMSE_ALPHA_DERIV=    4.89
2025-07-12 20:10:11.481 INFO: Epoch 81: head: Default, loss=0.0051, RMSE_MU_per_atom=0.00 mDebye, RMSE_MU_DERIV=0.00 mDebye / A, RMSE_ALPHA_per_atom=    0.17, RMSE_ALPHA_DERIV=    4.91
2025-07-12 20:10:33.329 INFO: Epoch 82: head: Default, loss=0.0025, RMSE_MU_per_atom=0.00 mDebye, RMSE_MU_DERIV=0.00 mDebye / A, RMSE_ALPHA_per_atom=    0.12, RMSE_ALPHA_DERIV=    4.86
2025-07-12 20:10:33.330 DEBUG: Deleting old checkpoint file: ./checkpoints/MoWSSe_sus_ndata_all_subset_120_run-123_epoch-54.pt
2025-07-12 20:10:33.332 DEBUG: Saving checkpoint: ./checkpoints/MoWSSe_sus_ndata_all_subset_120_run-123_epoch-82.pt
2025-07-12 20:10:55.222 INFO: Epoch 83: head: Default, loss=0.0040, RMSE_MU_per_atom=0.00 mDebye, RMSE_MU_DERIV=0.00 mDebye / A, RMSE_ALPHA_per_atom=    0.15, RMSE_ALPHA_DERIV=    5.22
2025-07-12 20:11:17.073 INFO: Epoch 84: head: Default, loss=0.0107, RMSE_MU_per_atom=0.00 mDebye, RMSE_MU_DERIV=0.00 mDebye / A, RMSE_ALPHA_per_atom=    0.25, RMSE_ALPHA_DERIV=    4.90
2025-07-12 20:11:38.916 INFO: Epoch 85: head: Default, loss=0.0032, RMSE_MU_per_atom=0.00 mDebye, RMSE_MU_DERIV=0.00 mDebye / A, RMSE_ALPHA_per_atom=    0.14, RMSE_ALPHA_DERIV=    4.98
2025-07-12 20:12:00.759 INFO: Epoch 86: head: Default, loss=0.0070, RMSE_MU_per_atom=0.00 mDebye, RMSE_MU_DERIV=0.00 mDebye / A, RMSE_ALPHA_per_atom=    0.20, RMSE_ALPHA_DERIV=    4.91
2025-07-12 20:12:22.600 INFO: Epoch 87: head: Default, loss=0.0051, RMSE_MU_per_atom=0.00 mDebye, RMSE_MU_DERIV=0.00 mDebye / A, RMSE_ALPHA_per_atom=    0.18, RMSE_ALPHA_DERIV=    4.80
2025-07-12 20:12:44.440 INFO: Epoch 88: head: Default, loss=0.0035, RMSE_MU_per_atom=0.00 mDebye, RMSE_MU_DERIV=0.00 mDebye / A, RMSE_ALPHA_per_atom=    0.15, RMSE_ALPHA_DERIV=    5.06
2025-07-12 20:13:06.288 INFO: Epoch 89: head: Default, loss=0.0057, RMSE_MU_per_atom=0.00 mDebye, RMSE_MU_DERIV=0.00 mDebye / A, RMSE_ALPHA_per_atom=    0.19, RMSE_ALPHA_DERIV=    5.37
2025-07-12 20:13:28.129 INFO: Epoch 90: head: Default, loss=0.0031, RMSE_MU_per_atom=0.00 mDebye, RMSE_MU_DERIV=0.00 mDebye / A, RMSE_ALPHA_per_atom=    0.14, RMSE_ALPHA_DERIV=    4.88
2025-07-12 20:13:49.973 INFO: Epoch 91: head: Default, loss=0.0026, RMSE_MU_per_atom=0.00 mDebye, RMSE_MU_DERIV=0.00 mDebye / A, RMSE_ALPHA_per_atom=    0.12, RMSE_ALPHA_DERIV=    5.10
2025-07-12 20:14:11.814 INFO: Epoch 92: head: Default, loss=0.0035, RMSE_MU_per_atom=0.00 mDebye, RMSE_MU_DERIV=0.00 mDebye / A, RMSE_ALPHA_per_atom=    0.14, RMSE_ALPHA_DERIV=    4.95
2025-07-12 20:14:33.659 INFO: Epoch 93: head: Default, loss=0.0043, RMSE_MU_per_atom=0.00 mDebye, RMSE_MU_DERIV=0.00 mDebye / A, RMSE_ALPHA_per_atom=    0.16, RMSE_ALPHA_DERIV=    4.93
2025-07-12 20:14:55.501 INFO: Epoch 94: head: Default, loss=0.0028, RMSE_MU_per_atom=0.00 mDebye, RMSE_MU_DERIV=0.00 mDebye / A, RMSE_ALPHA_per_atom=    0.13, RMSE_ALPHA_DERIV=    5.01
2025-07-12 20:15:17.352 INFO: Epoch 95: head: Default, loss=0.0095, RMSE_MU_per_atom=0.00 mDebye, RMSE_MU_DERIV=0.00 mDebye / A, RMSE_ALPHA_per_atom=    0.24, RMSE_ALPHA_DERIV=    4.80
2025-07-12 20:15:39.196 INFO: Epoch 96: head: Default, loss=0.0019, RMSE_MU_per_atom=0.00 mDebye, RMSE_MU_DERIV=0.00 mDebye / A, RMSE_ALPHA_per_atom=    0.11, RMSE_ALPHA_DERIV=    4.72
2025-07-12 20:15:39.197 DEBUG: Deleting old checkpoint file: ./checkpoints/MoWSSe_sus_ndata_all_subset_120_run-123_epoch-82.pt
2025-07-12 20:15:39.197 DEBUG: Saving checkpoint: ./checkpoints/MoWSSe_sus_ndata_all_subset_120_run-123_epoch-96.pt
2025-07-12 20:16:01.099 INFO: Epoch 97: head: Default, loss=0.0052, RMSE_MU_per_atom=0.00 mDebye, RMSE_MU_DERIV=0.00 mDebye / A, RMSE_ALPHA_per_atom=    0.18, RMSE_ALPHA_DERIV=    4.57
2025-07-12 20:16:22.942 INFO: Epoch 98: head: Default, loss=0.0038, RMSE_MU_per_atom=0.00 mDebye, RMSE_MU_DERIV=0.00 mDebye / A, RMSE_ALPHA_per_atom=    0.15, RMSE_ALPHA_DERIV=    4.89
2025-07-12 20:16:44.782 INFO: Epoch 99: head: Default, loss=0.0075, RMSE_MU_per_atom=0.00 mDebye, RMSE_MU_DERIV=0.00 mDebye / A, RMSE_ALPHA_per_atom=    0.21, RMSE_ALPHA_DERIV=    4.92
2025-07-12 20:17:06.626 INFO: Epoch 100: head: Default, loss=0.0018, RMSE_MU_per_atom=0.00 mDebye, RMSE_MU_DERIV=0.00 mDebye / A, RMSE_ALPHA_per_atom=    0.10, RMSE_ALPHA_DERIV=    5.15
2025-07-12 20:17:06.626 DEBUG: Deleting old checkpoint file: ./checkpoints/MoWSSe_sus_ndata_all_subset_120_run-123_epoch-96.pt
2025-07-12 20:17:06.627 DEBUG: Saving checkpoint: ./checkpoints/MoWSSe_sus_ndata_all_subset_120_run-123_epoch-100.pt
2025-07-12 20:17:28.513 INFO: Epoch 101: head: Default, loss=0.0023, RMSE_MU_per_atom=0.00 mDebye, RMSE_MU_DERIV=0.00 mDebye / A, RMSE_ALPHA_per_atom=    0.12, RMSE_ALPHA_DERIV=    4.84
2025-07-12 20:17:50.359 INFO: Epoch 102: head: Default, loss=0.0041, RMSE_MU_per_atom=0.00 mDebye, RMSE_MU_DERIV=0.00 mDebye / A, RMSE_ALPHA_per_atom=    0.16, RMSE_ALPHA_DERIV=    5.08
2025-07-12 20:18:12.204 INFO: Epoch 103: head: Default, loss=0.0026, RMSE_MU_per_atom=0.00 mDebye, RMSE_MU_DERIV=0.00 mDebye / A, RMSE_ALPHA_per_atom=    0.12, RMSE_ALPHA_DERIV=    5.10
2025-07-12 20:18:34.042 INFO: Epoch 104: head: Default, loss=0.0054, RMSE_MU_per_atom=0.00 mDebye, RMSE_MU_DERIV=0.00 mDebye / A, RMSE_ALPHA_per_atom=    0.18, RMSE_ALPHA_DERIV=    4.74
2025-07-12 20:18:55.891 INFO: Epoch 105: head: Default, loss=0.0062, RMSE_MU_per_atom=0.00 mDebye, RMSE_MU_DERIV=0.00 mDebye / A, RMSE_ALPHA_per_atom=    0.19, RMSE_ALPHA_DERIV=    5.11
2025-07-12 20:19:17.743 INFO: Epoch 106: head: Default, loss=0.0054, RMSE_MU_per_atom=0.00 mDebye, RMSE_MU_DERIV=0.00 mDebye / A, RMSE_ALPHA_per_atom=    0.18, RMSE_ALPHA_DERIV=    4.85
2025-07-12 20:19:39.583 INFO: Epoch 107: head: Default, loss=0.0038, RMSE_MU_per_atom=0.00 mDebye, RMSE_MU_DERIV=0.00 mDebye / A, RMSE_ALPHA_per_atom=    0.15, RMSE_ALPHA_DERIV=    5.05
2025-07-12 20:20:01.431 INFO: Epoch 108: head: Default, loss=0.0028, RMSE_MU_per_atom=0.00 mDebye, RMSE_MU_DERIV=0.00 mDebye / A, RMSE_ALPHA_per_atom=    0.13, RMSE_ALPHA_DERIV=    5.30
2025-07-12 20:20:23.271 INFO: Epoch 109: head: Default, loss=0.0073, RMSE_MU_per_atom=0.00 mDebye, RMSE_MU_DERIV=0.00 mDebye / A, RMSE_ALPHA_per_atom=    0.21, RMSE_ALPHA_DERIV=    4.69
2025-07-12 20:20:45.115 INFO: Epoch 110: head: Default, loss=0.0026, RMSE_MU_per_atom=0.00 mDebye, RMSE_MU_DERIV=0.00 mDebye / A, RMSE_ALPHA_per_atom=    0.12, RMSE_ALPHA_DERIV=    4.90
2025-07-12 20:21:06.960 INFO: Epoch 111: head: Default, loss=0.0023, RMSE_MU_per_atom=0.00 mDebye, RMSE_MU_DERIV=0.00 mDebye / A, RMSE_ALPHA_per_atom=    0.12, RMSE_ALPHA_DERIV=    4.93
2025-07-12 20:21:28.797 INFO: Epoch 112: head: Default, loss=0.0036, RMSE_MU_per_atom=0.00 mDebye, RMSE_MU_DERIV=0.00 mDebye / A, RMSE_ALPHA_per_atom=    0.15, RMSE_ALPHA_DERIV=    5.18
2025-07-12 20:21:50.633 INFO: Epoch 113: head: Default, loss=0.0036, RMSE_MU_per_atom=0.00 mDebye, RMSE_MU_DERIV=0.00 mDebye / A, RMSE_ALPHA_per_atom=    0.15, RMSE_ALPHA_DERIV=    4.92
2025-07-12 20:22:12.484 INFO: Epoch 114: head: Default, loss=0.0030, RMSE_MU_per_atom=0.00 mDebye, RMSE_MU_DERIV=0.00 mDebye / A, RMSE_ALPHA_per_atom=    0.14, RMSE_ALPHA_DERIV=    4.90
2025-07-12 20:22:34.325 INFO: Epoch 115: head: Default, loss=0.0089, RMSE_MU_per_atom=0.00 mDebye, RMSE_MU_DERIV=0.00 mDebye / A, RMSE_ALPHA_per_atom=    0.23, RMSE_ALPHA_DERIV=    4.65
2025-07-12 20:22:56.161 INFO: Epoch 116: head: Default, loss=0.0022, RMSE_MU_per_atom=0.00 mDebye, RMSE_MU_DERIV=0.00 mDebye / A, RMSE_ALPHA_per_atom=    0.11, RMSE_ALPHA_DERIV=    4.71
2025-07-12 20:23:18.014 INFO: Epoch 117: head: Default, loss=0.0037, RMSE_MU_per_atom=0.00 mDebye, RMSE_MU_DERIV=0.00 mDebye / A, RMSE_ALPHA_per_atom=    0.15, RMSE_ALPHA_DERIV=    4.91
2025-07-12 20:23:39.837 INFO: Epoch 118: head: Default, loss=0.0053, RMSE_MU_per_atom=0.00 mDebye, RMSE_MU_DERIV=0.00 mDebye / A, RMSE_ALPHA_per_atom=    0.18, RMSE_ALPHA_DERIV=    5.10
2025-07-12 20:24:01.684 INFO: Epoch 119: head: Default, loss=0.0038, RMSE_MU_per_atom=0.00 mDebye, RMSE_MU_DERIV=0.00 mDebye / A, RMSE_ALPHA_per_atom=    0.15, RMSE_ALPHA_DERIV=    4.95
2025-07-12 20:24:23.530 INFO: Epoch 120: head: Default, loss=0.0020, RMSE_MU_per_atom=0.00 mDebye, RMSE_MU_DERIV=0.00 mDebye / A, RMSE_ALPHA_per_atom=    0.11, RMSE_ALPHA_DERIV=    4.85
2025-07-12 20:24:45.383 INFO: Epoch 121: head: Default, loss=0.0021, RMSE_MU_per_atom=0.00 mDebye, RMSE_MU_DERIV=0.00 mDebye / A, RMSE_ALPHA_per_atom=    0.11, RMSE_ALPHA_DERIV=    5.07
2025-07-12 20:25:07.236 INFO: Epoch 122: head: Default, loss=0.0028, RMSE_MU_per_atom=0.00 mDebye, RMSE_MU_DERIV=0.00 mDebye / A, RMSE_ALPHA_per_atom=    0.13, RMSE_ALPHA_DERIV=    4.80
2025-07-12 20:25:29.074 INFO: Epoch 123: head: Default, loss=0.0046, RMSE_MU_per_atom=0.00 mDebye, RMSE_MU_DERIV=0.00 mDebye / A, RMSE_ALPHA_per_atom=    0.17, RMSE_ALPHA_DERIV=    5.00
2025-07-12 20:25:50.919 INFO: Epoch 124: head: Default, loss=0.0035, RMSE_MU_per_atom=0.00 mDebye, RMSE_MU_DERIV=0.00 mDebye / A, RMSE_ALPHA_per_atom=    0.14, RMSE_ALPHA_DERIV=    5.10
2025-07-12 20:26:12.761 INFO: Epoch 125: head: Default, loss=0.0050, RMSE_MU_per_atom=0.00 mDebye, RMSE_MU_DERIV=0.00 mDebye / A, RMSE_ALPHA_per_atom=    0.17, RMSE_ALPHA_DERIV=    4.90
2025-07-12 20:26:34.600 INFO: Epoch 126: head: Default, loss=0.0036, RMSE_MU_per_atom=0.00 mDebye, RMSE_MU_DERIV=0.00 mDebye / A, RMSE_ALPHA_per_atom=    0.15, RMSE_ALPHA_DERIV=    4.93
2025-07-12 20:26:56.436 INFO: Epoch 127: head: Default, loss=0.0021, RMSE_MU_per_atom=0.00 mDebye, RMSE_MU_DERIV=0.00 mDebye / A, RMSE_ALPHA_per_atom=    0.11, RMSE_ALPHA_DERIV=    4.85
2025-07-12 20:27:18.273 INFO: Epoch 128: head: Default, loss=0.0011, RMSE_MU_per_atom=0.00 mDebye, RMSE_MU_DERIV=0.00 mDebye / A, RMSE_ALPHA_per_atom=    0.08, RMSE_ALPHA_DERIV=    4.54
2025-07-12 20:27:18.274 DEBUG: Deleting old checkpoint file: ./checkpoints/MoWSSe_sus_ndata_all_subset_120_run-123_epoch-100.pt
2025-07-12 20:27:18.274 DEBUG: Saving checkpoint: ./checkpoints/MoWSSe_sus_ndata_all_subset_120_run-123_epoch-128.pt
2025-07-12 20:27:40.168 INFO: Epoch 129: head: Default, loss=0.0025, RMSE_MU_per_atom=0.00 mDebye, RMSE_MU_DERIV=0.00 mDebye / A, RMSE_ALPHA_per_atom=    0.12, RMSE_ALPHA_DERIV=    5.13
2025-07-12 20:28:02.014 INFO: Epoch 130: head: Default, loss=0.0059, RMSE_MU_per_atom=0.00 mDebye, RMSE_MU_DERIV=0.00 mDebye / A, RMSE_ALPHA_per_atom=    0.19, RMSE_ALPHA_DERIV=    4.81
2025-07-12 20:28:23.852 INFO: Epoch 131: head: Default, loss=0.0044, RMSE_MU_per_atom=0.00 mDebye, RMSE_MU_DERIV=0.00 mDebye / A, RMSE_ALPHA_per_atom=    0.16, RMSE_ALPHA_DERIV=    4.79
2025-07-12 20:28:45.700 INFO: Epoch 132: head: Default, loss=0.0014, RMSE_MU_per_atom=0.00 mDebye, RMSE_MU_DERIV=0.00 mDebye / A, RMSE_ALPHA_per_atom=    0.09, RMSE_ALPHA_DERIV=    4.77
2025-07-12 20:29:07.551 INFO: Epoch 133: head: Default, loss=0.0033, RMSE_MU_per_atom=0.00 mDebye, RMSE_MU_DERIV=0.00 mDebye / A, RMSE_ALPHA_per_atom=    0.14, RMSE_ALPHA_DERIV=    5.17
2025-07-12 20:29:29.390 INFO: Epoch 134: head: Default, loss=0.0050, RMSE_MU_per_atom=0.00 mDebye, RMSE_MU_DERIV=0.00 mDebye / A, RMSE_ALPHA_per_atom=    0.17, RMSE_ALPHA_DERIV=    4.70
2025-07-12 20:29:51.226 INFO: Epoch 135: head: Default, loss=0.0019, RMSE_MU_per_atom=0.00 mDebye, RMSE_MU_DERIV=0.00 mDebye / A, RMSE_ALPHA_per_atom=    0.11, RMSE_ALPHA_DERIV=    4.87
2025-07-12 20:30:13.066 INFO: Epoch 136: head: Default, loss=0.0028, RMSE_MU_per_atom=0.00 mDebye, RMSE_MU_DERIV=0.00 mDebye / A, RMSE_ALPHA_per_atom=    0.13, RMSE_ALPHA_DERIV=    5.00
2025-07-12 20:30:34.911 INFO: Epoch 137: head: Default, loss=0.0010, RMSE_MU_per_atom=0.00 mDebye, RMSE_MU_DERIV=0.00 mDebye / A, RMSE_ALPHA_per_atom=    0.08, RMSE_ALPHA_DERIV=    4.64
2025-07-12 20:30:34.912 DEBUG: Deleting old checkpoint file: ./checkpoints/MoWSSe_sus_ndata_all_subset_120_run-123_epoch-128.pt
2025-07-12 20:30:34.912 DEBUG: Saving checkpoint: ./checkpoints/MoWSSe_sus_ndata_all_subset_120_run-123_epoch-137.pt
2025-07-12 20:30:56.785 INFO: Epoch 138: head: Default, loss=0.0022, RMSE_MU_per_atom=0.00 mDebye, RMSE_MU_DERIV=0.00 mDebye / A, RMSE_ALPHA_per_atom=    0.11, RMSE_ALPHA_DERIV=    4.79
2025-07-12 20:31:18.631 INFO: Epoch 139: head: Default, loss=0.0024, RMSE_MU_per_atom=0.00 mDebye, RMSE_MU_DERIV=0.00 mDebye / A, RMSE_ALPHA_per_atom=    0.12, RMSE_ALPHA_DERIV=    4.71
2025-07-12 20:31:40.473 INFO: Epoch 140: head: Default, loss=0.0034, RMSE_MU_per_atom=0.00 mDebye, RMSE_MU_DERIV=0.00 mDebye / A, RMSE_ALPHA_per_atom=    0.14, RMSE_ALPHA_DERIV=    4.67
2025-07-12 20:32:02.311 INFO: Epoch 141: head: Default, loss=0.0034, RMSE_MU_per_atom=0.00 mDebye, RMSE_MU_DERIV=0.00 mDebye / A, RMSE_ALPHA_per_atom=    0.14, RMSE_ALPHA_DERIV=    4.76
2025-07-12 20:32:24.153 INFO: Epoch 142: head: Default, loss=0.0026, RMSE_MU_per_atom=0.00 mDebye, RMSE_MU_DERIV=0.00 mDebye / A, RMSE_ALPHA_per_atom=    0.13, RMSE_ALPHA_DERIV=    4.98
2025-07-12 20:32:46.007 INFO: Epoch 143: head: Default, loss=0.0022, RMSE_MU_per_atom=0.00 mDebye, RMSE_MU_DERIV=0.00 mDebye / A, RMSE_ALPHA_per_atom=    0.11, RMSE_ALPHA_DERIV=    4.85
2025-07-12 20:33:07.847 INFO: Epoch 144: head: Default, loss=0.0021, RMSE_MU_per_atom=0.00 mDebye, RMSE_MU_DERIV=0.00 mDebye / A, RMSE_ALPHA_per_atom=    0.11, RMSE_ALPHA_DERIV=    4.89
2025-07-12 20:33:29.689 INFO: Epoch 145: head: Default, loss=0.0032, RMSE_MU_per_atom=0.00 mDebye, RMSE_MU_DERIV=0.00 mDebye / A, RMSE_ALPHA_per_atom=    0.14, RMSE_ALPHA_DERIV=    5.06
2025-07-12 20:33:51.535 INFO: Epoch 146: head: Default, loss=0.0039, RMSE_MU_per_atom=0.00 mDebye, RMSE_MU_DERIV=0.00 mDebye / A, RMSE_ALPHA_per_atom=    0.15, RMSE_ALPHA_DERIV=    4.99
2025-07-12 20:34:13.386 INFO: Epoch 147: head: Default, loss=0.0093, RMSE_MU_per_atom=0.00 mDebye, RMSE_MU_DERIV=0.00 mDebye / A, RMSE_ALPHA_per_atom=    0.24, RMSE_ALPHA_DERIV=    4.40
2025-07-12 20:34:35.237 INFO: Epoch 148: head: Default, loss=0.0045, RMSE_MU_per_atom=0.00 mDebye, RMSE_MU_DERIV=0.00 mDebye / A, RMSE_ALPHA_per_atom=    0.16, RMSE_ALPHA_DERIV=    5.22
2025-07-12 20:34:57.078 INFO: Epoch 149: head: Default, loss=0.0066, RMSE_MU_per_atom=0.00 mDebye, RMSE_MU_DERIV=0.00 mDebye / A, RMSE_ALPHA_per_atom=    0.20, RMSE_ALPHA_DERIV=    5.30
2025-07-12 20:35:18.931 INFO: Epoch 150: head: Default, loss=0.0084, RMSE_MU_per_atom=0.00 mDebye, RMSE_MU_DERIV=0.00 mDebye / A, RMSE_ALPHA_per_atom=    0.22, RMSE_ALPHA_DERIV=    4.97
2025-07-12 20:35:40.765 INFO: Epoch 151: head: Default, loss=0.0030, RMSE_MU_per_atom=0.00 mDebye, RMSE_MU_DERIV=0.00 mDebye / A, RMSE_ALPHA_per_atom=    0.13, RMSE_ALPHA_DERIV=    4.95
2025-07-12 20:36:02.606 INFO: Epoch 152: head: Default, loss=0.0051, RMSE_MU_per_atom=0.00 mDebye, RMSE_MU_DERIV=0.00 mDebye / A, RMSE_ALPHA_per_atom=    0.17, RMSE_ALPHA_DERIV=    4.71
2025-07-12 20:36:24.450 INFO: Epoch 153: head: Default, loss=0.0018, RMSE_MU_per_atom=0.00 mDebye, RMSE_MU_DERIV=0.00 mDebye / A, RMSE_ALPHA_per_atom=    0.10, RMSE_ALPHA_DERIV=    4.87
2025-07-12 20:36:46.285 INFO: Epoch 154: head: Default, loss=0.0011, RMSE_MU_per_atom=0.00 mDebye, RMSE_MU_DERIV=0.00 mDebye / A, RMSE_ALPHA_per_atom=    0.08, RMSE_ALPHA_DERIV=    4.81
2025-07-12 20:37:08.130 INFO: Epoch 155: head: Default, loss=0.0017, RMSE_MU_per_atom=0.00 mDebye, RMSE_MU_DERIV=0.00 mDebye / A, RMSE_ALPHA_per_atom=    0.10, RMSE_ALPHA_DERIV=    4.61
2025-07-12 20:37:29.960 INFO: Epoch 156: head: Default, loss=0.0032, RMSE_MU_per_atom=0.00 mDebye, RMSE_MU_DERIV=0.00 mDebye / A, RMSE_ALPHA_per_atom=    0.14, RMSE_ALPHA_DERIV=    5.00
2025-07-12 20:37:51.799 INFO: Epoch 157: head: Default, loss=0.0027, RMSE_MU_per_atom=0.00 mDebye, RMSE_MU_DERIV=0.00 mDebye / A, RMSE_ALPHA_per_atom=    0.13, RMSE_ALPHA_DERIV=    4.78
2025-07-12 20:38:13.638 INFO: Epoch 158: head: Default, loss=0.0026, RMSE_MU_per_atom=0.00 mDebye, RMSE_MU_DERIV=0.00 mDebye / A, RMSE_ALPHA_per_atom=    0.12, RMSE_ALPHA_DERIV=    4.76
2025-07-12 20:38:35.484 INFO: Epoch 159: head: Default, loss=0.0019, RMSE_MU_per_atom=0.00 mDebye, RMSE_MU_DERIV=0.00 mDebye / A, RMSE_ALPHA_per_atom=    0.11, RMSE_ALPHA_DERIV=    4.70
2025-07-12 20:38:57.326 INFO: Epoch 160: head: Default, loss=0.0013, RMSE_MU_per_atom=0.00 mDebye, RMSE_MU_DERIV=0.00 mDebye / A, RMSE_ALPHA_per_atom=    0.09, RMSE_ALPHA_DERIV=    4.92
2025-07-12 20:39:19.170 INFO: Epoch 161: head: Default, loss=0.0019, RMSE_MU_per_atom=0.00 mDebye, RMSE_MU_DERIV=0.00 mDebye / A, RMSE_ALPHA_per_atom=    0.11, RMSE_ALPHA_DERIV=    4.68
2025-07-12 20:39:41.007 INFO: Epoch 162: head: Default, loss=0.0019, RMSE_MU_per_atom=0.00 mDebye, RMSE_MU_DERIV=0.00 mDebye / A, RMSE_ALPHA_per_atom=    0.11, RMSE_ALPHA_DERIV=    4.75
2025-07-12 20:40:02.845 INFO: Epoch 163: head: Default, loss=0.0037, RMSE_MU_per_atom=0.00 mDebye, RMSE_MU_DERIV=0.00 mDebye / A, RMSE_ALPHA_per_atom=    0.15, RMSE_ALPHA_DERIV=    4.80
2025-07-12 20:40:24.691 INFO: Epoch 164: head: Default, loss=0.0046, RMSE_MU_per_atom=0.00 mDebye, RMSE_MU_DERIV=0.00 mDebye / A, RMSE_ALPHA_per_atom=    0.17, RMSE_ALPHA_DERIV=    4.92
2025-07-12 20:40:46.540 INFO: Epoch 165: head: Default, loss=0.0017, RMSE_MU_per_atom=0.00 mDebye, RMSE_MU_DERIV=0.00 mDebye / A, RMSE_ALPHA_per_atom=    0.10, RMSE_ALPHA_DERIV=    4.90
2025-07-12 20:41:08.385 INFO: Epoch 166: head: Default, loss=0.0031, RMSE_MU_per_atom=0.00 mDebye, RMSE_MU_DERIV=0.00 mDebye / A, RMSE_ALPHA_per_atom=    0.14, RMSE_ALPHA_DERIV=    4.61
2025-07-12 20:41:30.233 INFO: Epoch 167: head: Default, loss=0.0083, RMSE_MU_per_atom=0.00 mDebye, RMSE_MU_DERIV=0.00 mDebye / A, RMSE_ALPHA_per_atom=    0.22, RMSE_ALPHA_DERIV=    4.64
2025-07-12 20:41:52.093 INFO: Epoch 168: head: Default, loss=0.0011, RMSE_MU_per_atom=0.00 mDebye, RMSE_MU_DERIV=0.00 mDebye / A, RMSE_ALPHA_per_atom=    0.08, RMSE_ALPHA_DERIV=    4.93
2025-07-12 20:42:13.931 INFO: Epoch 169: head: Default, loss=0.0014, RMSE_MU_per_atom=0.00 mDebye, RMSE_MU_DERIV=0.00 mDebye / A, RMSE_ALPHA_per_atom=    0.09, RMSE_ALPHA_DERIV=    5.15
2025-07-12 20:42:35.773 INFO: Epoch 170: head: Default, loss=0.0022, RMSE_MU_per_atom=0.00 mDebye, RMSE_MU_DERIV=0.00 mDebye / A, RMSE_ALPHA_per_atom=    0.12, RMSE_ALPHA_DERIV=    4.69
2025-07-12 20:42:57.603 INFO: Epoch 171: head: Default, loss=0.0017, RMSE_MU_per_atom=0.00 mDebye, RMSE_MU_DERIV=0.00 mDebye / A, RMSE_ALPHA_per_atom=    0.10, RMSE_ALPHA_DERIV=    4.95
2025-07-12 20:43:19.453 INFO: Epoch 172: head: Default, loss=0.0020, RMSE_MU_per_atom=0.00 mDebye, RMSE_MU_DERIV=0.00 mDebye / A, RMSE_ALPHA_per_atom=    0.11, RMSE_ALPHA_DERIV=    4.69
2025-07-12 20:43:41.304 INFO: Epoch 173: head: Default, loss=0.0020, RMSE_MU_per_atom=0.00 mDebye, RMSE_MU_DERIV=0.00 mDebye / A, RMSE_ALPHA_per_atom=    0.11, RMSE_ALPHA_DERIV=    5.03
2025-07-12 20:44:03.151 INFO: Epoch 174: head: Default, loss=0.0079, RMSE_MU_per_atom=0.00 mDebye, RMSE_MU_DERIV=0.00 mDebye / A, RMSE_ALPHA_per_atom=    0.22, RMSE_ALPHA_DERIV=    4.57
2025-07-12 20:44:24.983 INFO: Epoch 175: head: Default, loss=0.0027, RMSE_MU_per_atom=0.00 mDebye, RMSE_MU_DERIV=0.00 mDebye / A, RMSE_ALPHA_per_atom=    0.13, RMSE_ALPHA_DERIV=    4.79
2025-07-12 20:44:46.836 INFO: Epoch 176: head: Default, loss=0.0016, RMSE_MU_per_atom=0.00 mDebye, RMSE_MU_DERIV=0.00 mDebye / A, RMSE_ALPHA_per_atom=    0.10, RMSE_ALPHA_DERIV=    4.66
2025-07-12 20:45:08.675 INFO: Epoch 177: head: Default, loss=0.0017, RMSE_MU_per_atom=0.00 mDebye, RMSE_MU_DERIV=0.00 mDebye / A, RMSE_ALPHA_per_atom=    0.10, RMSE_ALPHA_DERIV=    4.90
2025-07-12 20:45:30.516 INFO: Epoch 178: head: Default, loss=0.0035, RMSE_MU_per_atom=0.00 mDebye, RMSE_MU_DERIV=0.00 mDebye / A, RMSE_ALPHA_per_atom=    0.14, RMSE_ALPHA_DERIV=    4.88
2025-07-12 20:45:52.355 INFO: Epoch 179: head: Default, loss=0.0031, RMSE_MU_per_atom=0.00 mDebye, RMSE_MU_DERIV=0.00 mDebye / A, RMSE_ALPHA_per_atom=    0.14, RMSE_ALPHA_DERIV=    4.67
2025-07-12 20:46:14.190 INFO: Epoch 180: head: Default, loss=0.0020, RMSE_MU_per_atom=0.00 mDebye, RMSE_MU_DERIV=0.00 mDebye / A, RMSE_ALPHA_per_atom=    0.11, RMSE_ALPHA_DERIV=    4.57
2025-07-12 20:46:36.034 INFO: Epoch 181: head: Default, loss=0.0016, RMSE_MU_per_atom=0.00 mDebye, RMSE_MU_DERIV=0.00 mDebye / A, RMSE_ALPHA_per_atom=    0.10, RMSE_ALPHA_DERIV=    5.15
2025-07-12 20:46:57.872 INFO: Epoch 182: head: Default, loss=0.0038, RMSE_MU_per_atom=0.00 mDebye, RMSE_MU_DERIV=0.00 mDebye / A, RMSE_ALPHA_per_atom=    0.15, RMSE_ALPHA_DERIV=    4.97
2025-07-12 20:47:19.705 INFO: Epoch 183: head: Default, loss=0.0037, RMSE_MU_per_atom=0.00 mDebye, RMSE_MU_DERIV=0.00 mDebye / A, RMSE_ALPHA_per_atom=    0.15, RMSE_ALPHA_DERIV=    4.82
2025-07-12 20:47:41.544 INFO: Epoch 184: head: Default, loss=0.0023, RMSE_MU_per_atom=0.00 mDebye, RMSE_MU_DERIV=0.00 mDebye / A, RMSE_ALPHA_per_atom=    0.12, RMSE_ALPHA_DERIV=    4.88
2025-07-12 20:48:03.386 INFO: Epoch 185: head: Default, loss=0.0014, RMSE_MU_per_atom=0.00 mDebye, RMSE_MU_DERIV=0.00 mDebye / A, RMSE_ALPHA_per_atom=    0.09, RMSE_ALPHA_DERIV=    5.13
2025-07-12 20:48:25.225 INFO: Epoch 186: head: Default, loss=0.0017, RMSE_MU_per_atom=0.00 mDebye, RMSE_MU_DERIV=0.00 mDebye / A, RMSE_ALPHA_per_atom=    0.10, RMSE_ALPHA_DERIV=    4.67
2025-07-12 20:48:47.055 INFO: Epoch 187: head: Default, loss=0.0022, RMSE_MU_per_atom=0.00 mDebye, RMSE_MU_DERIV=0.00 mDebye / A, RMSE_ALPHA_per_atom=    0.12, RMSE_ALPHA_DERIV=    4.78
2025-07-12 20:49:08.903 INFO: Epoch 188: head: Default, loss=0.0026, RMSE_MU_per_atom=0.00 mDebye, RMSE_MU_DERIV=0.00 mDebye / A, RMSE_ALPHA_per_atom=    0.12, RMSE_ALPHA_DERIV=    4.91
2025-07-12 20:49:30.736 INFO: Epoch 189: head: Default, loss=0.0030, RMSE_MU_per_atom=0.00 mDebye, RMSE_MU_DERIV=0.00 mDebye / A, RMSE_ALPHA_per_atom=    0.13, RMSE_ALPHA_DERIV=    4.92
2025-07-12 20:49:52.578 INFO: Epoch 190: head: Default, loss=0.0012, RMSE_MU_per_atom=0.00 mDebye, RMSE_MU_DERIV=0.00 mDebye / A, RMSE_ALPHA_per_atom=    0.09, RMSE_ALPHA_DERIV=    4.78
2025-07-12 20:50:14.413 INFO: Epoch 191: head: Default, loss=0.0028, RMSE_MU_per_atom=0.00 mDebye, RMSE_MU_DERIV=0.00 mDebye / A, RMSE_ALPHA_per_atom=    0.13, RMSE_ALPHA_DERIV=    4.73
2025-07-12 20:50:36.266 INFO: Epoch 192: head: Default, loss=0.0016, RMSE_MU_per_atom=0.00 mDebye, RMSE_MU_DERIV=0.00 mDebye / A, RMSE_ALPHA_per_atom=    0.10, RMSE_ALPHA_DERIV=    4.78
2025-07-12 20:50:58.105 INFO: Epoch 193: head: Default, loss=0.0025, RMSE_MU_per_atom=0.00 mDebye, RMSE_MU_DERIV=0.00 mDebye / A, RMSE_ALPHA_per_atom=    0.12, RMSE_ALPHA_DERIV=    4.90
2025-07-12 20:51:19.950 INFO: Epoch 194: head: Default, loss=0.0021, RMSE_MU_per_atom=0.00 mDebye, RMSE_MU_DERIV=0.00 mDebye / A, RMSE_ALPHA_per_atom=    0.11, RMSE_ALPHA_DERIV=    4.83
2025-07-12 20:51:41.791 INFO: Epoch 195: head: Default, loss=0.0027, RMSE_MU_per_atom=0.00 mDebye, RMSE_MU_DERIV=0.00 mDebye / A, RMSE_ALPHA_per_atom=    0.13, RMSE_ALPHA_DERIV=    4.76
2025-07-12 20:52:03.637 INFO: Epoch 196: head: Default, loss=0.0029, RMSE_MU_per_atom=0.00 mDebye, RMSE_MU_DERIV=0.00 mDebye / A, RMSE_ALPHA_per_atom=    0.13, RMSE_ALPHA_DERIV=    4.82
2025-07-12 20:52:25.473 INFO: Epoch 197: head: Default, loss=0.0012, RMSE_MU_per_atom=0.00 mDebye, RMSE_MU_DERIV=0.00 mDebye / A, RMSE_ALPHA_per_atom=    0.08, RMSE_ALPHA_DERIV=    4.77
2025-07-12 20:52:47.325 INFO: Epoch 198: head: Default, loss=0.0035, RMSE_MU_per_atom=0.00 mDebye, RMSE_MU_DERIV=0.00 mDebye / A, RMSE_ALPHA_per_atom=    0.14, RMSE_ALPHA_DERIV=    4.90
2025-07-12 20:53:09.162 INFO: Epoch 199: head: Default, loss=0.0019, RMSE_MU_per_atom=0.00 mDebye, RMSE_MU_DERIV=0.00 mDebye / A, RMSE_ALPHA_per_atom=    0.11, RMSE_ALPHA_DERIV=    4.92
2025-07-12 20:53:31.003 INFO: Epoch 200: head: Default, loss=0.0017, RMSE_MU_per_atom=0.00 mDebye, RMSE_MU_DERIV=0.00 mDebye / A, RMSE_ALPHA_per_atom=    0.10, RMSE_ALPHA_DERIV=    4.71
2025-07-12 20:53:52.853 INFO: Epoch 201: head: Default, loss=0.0016, RMSE_MU_per_atom=0.00 mDebye, RMSE_MU_DERIV=0.00 mDebye / A, RMSE_ALPHA_per_atom=    0.10, RMSE_ALPHA_DERIV=    4.85
2025-07-12 20:54:14.698 INFO: Epoch 202: head: Default, loss=0.0025, RMSE_MU_per_atom=0.00 mDebye, RMSE_MU_DERIV=0.00 mDebye / A, RMSE_ALPHA_per_atom=    0.12, RMSE_ALPHA_DERIV=    4.73
2025-07-12 20:54:36.541 INFO: Epoch 203: head: Default, loss=0.0022, RMSE_MU_per_atom=0.00 mDebye, RMSE_MU_DERIV=0.00 mDebye / A, RMSE_ALPHA_per_atom=    0.12, RMSE_ALPHA_DERIV=    4.82
2025-07-12 20:54:58.381 INFO: Epoch 204: head: Default, loss=0.0023, RMSE_MU_per_atom=0.00 mDebye, RMSE_MU_DERIV=0.00 mDebye / A, RMSE_ALPHA_per_atom=    0.12, RMSE_ALPHA_DERIV=    4.99
2025-07-12 20:55:20.237 INFO: Epoch 205: head: Default, loss=0.0029, RMSE_MU_per_atom=0.00 mDebye, RMSE_MU_DERIV=0.00 mDebye / A, RMSE_ALPHA_per_atom=    0.13, RMSE_ALPHA_DERIV=    4.85
2025-07-12 20:55:42.072 INFO: Epoch 206: head: Default, loss=0.0009, RMSE_MU_per_atom=0.00 mDebye, RMSE_MU_DERIV=0.00 mDebye / A, RMSE_ALPHA_per_atom=    0.07, RMSE_ALPHA_DERIV=    4.87
2025-07-12 20:55:42.073 DEBUG: Deleting old checkpoint file: ./checkpoints/MoWSSe_sus_ndata_all_subset_120_run-123_epoch-137.pt
2025-07-12 20:55:42.073 DEBUG: Saving checkpoint: ./checkpoints/MoWSSe_sus_ndata_all_subset_120_run-123_epoch-206.pt
2025-07-12 20:56:03.970 INFO: Epoch 207: head: Default, loss=0.0015, RMSE_MU_per_atom=0.00 mDebye, RMSE_MU_DERIV=0.00 mDebye / A, RMSE_ALPHA_per_atom=    0.09, RMSE_ALPHA_DERIV=    4.90
2025-07-12 20:56:25.813 INFO: Epoch 208: head: Default, loss=0.0048, RMSE_MU_per_atom=0.00 mDebye, RMSE_MU_DERIV=0.00 mDebye / A, RMSE_ALPHA_per_atom=    0.17, RMSE_ALPHA_DERIV=    4.68
2025-07-12 20:56:47.655 INFO: Epoch 209: head: Default, loss=0.0028, RMSE_MU_per_atom=0.00 mDebye, RMSE_MU_DERIV=0.00 mDebye / A, RMSE_ALPHA_per_atom=    0.13, RMSE_ALPHA_DERIV=    5.22
2025-07-12 20:57:09.500 INFO: Epoch 210: head: Default, loss=0.0063, RMSE_MU_per_atom=0.00 mDebye, RMSE_MU_DERIV=0.00 mDebye / A, RMSE_ALPHA_per_atom=    0.19, RMSE_ALPHA_DERIV=    4.84
2025-07-12 20:57:31.340 INFO: Epoch 211: head: Default, loss=0.0041, RMSE_MU_per_atom=0.00 mDebye, RMSE_MU_DERIV=0.00 mDebye / A, RMSE_ALPHA_per_atom=    0.16, RMSE_ALPHA_DERIV=    4.82
2025-07-12 20:57:53.186 INFO: Epoch 212: head: Default, loss=0.0034, RMSE_MU_per_atom=0.00 mDebye, RMSE_MU_DERIV=0.00 mDebye / A, RMSE_ALPHA_per_atom=    0.14, RMSE_ALPHA_DERIV=    4.52
2025-07-12 20:58:15.031 INFO: Epoch 213: head: Default, loss=0.0017, RMSE_MU_per_atom=0.00 mDebye, RMSE_MU_DERIV=0.00 mDebye / A, RMSE_ALPHA_per_atom=    0.10, RMSE_ALPHA_DERIV=    4.91
2025-07-12 20:58:36.877 INFO: Epoch 214: head: Default, loss=0.0030, RMSE_MU_per_atom=0.00 mDebye, RMSE_MU_DERIV=0.00 mDebye / A, RMSE_ALPHA_per_atom=    0.13, RMSE_ALPHA_DERIV=    4.87
2025-07-12 20:58:58.721 INFO: Epoch 215: head: Default, loss=0.0013, RMSE_MU_per_atom=0.00 mDebye, RMSE_MU_DERIV=0.00 mDebye / A, RMSE_ALPHA_per_atom=    0.09, RMSE_ALPHA_DERIV=    4.90
2025-07-12 20:59:20.560 INFO: Epoch 216: head: Default, loss=0.0026, RMSE_MU_per_atom=0.00 mDebye, RMSE_MU_DERIV=0.00 mDebye / A, RMSE_ALPHA_per_atom=    0.13, RMSE_ALPHA_DERIV=    4.70
2025-07-12 20:59:42.409 INFO: Epoch 217: head: Default, loss=0.0030, RMSE_MU_per_atom=0.00 mDebye, RMSE_MU_DERIV=0.00 mDebye / A, RMSE_ALPHA_per_atom=    0.13, RMSE_ALPHA_DERIV=    4.90
2025-07-12 21:00:04.252 INFO: Epoch 218: head: Default, loss=0.0037, RMSE_MU_per_atom=0.00 mDebye, RMSE_MU_DERIV=0.00 mDebye / A, RMSE_ALPHA_per_atom=    0.15, RMSE_ALPHA_DERIV=    4.97
2025-07-12 21:00:26.091 INFO: Epoch 219: head: Default, loss=0.0023, RMSE_MU_per_atom=0.00 mDebye, RMSE_MU_DERIV=0.00 mDebye / A, RMSE_ALPHA_per_atom=    0.12, RMSE_ALPHA_DERIV=    4.91
2025-07-12 21:00:47.929 INFO: Epoch 220: head: Default, loss=0.0019, RMSE_MU_per_atom=0.00 mDebye, RMSE_MU_DERIV=0.00 mDebye / A, RMSE_ALPHA_per_atom=    0.11, RMSE_ALPHA_DERIV=    4.91
2025-07-12 21:01:09.781 INFO: Epoch 221: head: Default, loss=0.0026, RMSE_MU_per_atom=0.00 mDebye, RMSE_MU_DERIV=0.00 mDebye / A, RMSE_ALPHA_per_atom=    0.12, RMSE_ALPHA_DERIV=    5.03
2025-07-12 21:01:31.623 INFO: Epoch 222: head: Default, loss=0.0016, RMSE_MU_per_atom=0.00 mDebye, RMSE_MU_DERIV=0.00 mDebye / A, RMSE_ALPHA_per_atom=    0.10, RMSE_ALPHA_DERIV=    4.84
2025-07-12 21:01:53.471 INFO: Epoch 223: head: Default, loss=0.0020, RMSE_MU_per_atom=0.00 mDebye, RMSE_MU_DERIV=0.00 mDebye / A, RMSE_ALPHA_per_atom=    0.11, RMSE_ALPHA_DERIV=    4.78
2025-07-12 21:02:15.306 INFO: Epoch 224: head: Default, loss=0.0016, RMSE_MU_per_atom=0.00 mDebye, RMSE_MU_DERIV=0.00 mDebye / A, RMSE_ALPHA_per_atom=    0.10, RMSE_ALPHA_DERIV=    4.87
2025-07-12 21:02:37.137 INFO: Epoch 225: head: Default, loss=0.0019, RMSE_MU_per_atom=0.00 mDebye, RMSE_MU_DERIV=0.00 mDebye / A, RMSE_ALPHA_per_atom=    0.11, RMSE_ALPHA_DERIV=    4.75
2025-07-12 21:02:58.983 INFO: Epoch 226: head: Default, loss=0.0033, RMSE_MU_per_atom=0.00 mDebye, RMSE_MU_DERIV=0.00 mDebye / A, RMSE_ALPHA_per_atom=    0.14, RMSE_ALPHA_DERIV=    4.93
2025-07-12 21:03:20.821 INFO: Epoch 227: head: Default, loss=0.0016, RMSE_MU_per_atom=0.00 mDebye, RMSE_MU_DERIV=0.00 mDebye / A, RMSE_ALPHA_per_atom=    0.10, RMSE_ALPHA_DERIV=    4.95
2025-07-12 21:03:42.668 INFO: Epoch 228: head: Default, loss=0.0024, RMSE_MU_per_atom=0.00 mDebye, RMSE_MU_DERIV=0.00 mDebye / A, RMSE_ALPHA_per_atom=    0.12, RMSE_ALPHA_DERIV=    4.87
2025-07-12 21:04:04.513 INFO: Epoch 229: head: Default, loss=0.0024, RMSE_MU_per_atom=0.00 mDebye, RMSE_MU_DERIV=0.00 mDebye / A, RMSE_ALPHA_per_atom=    0.12, RMSE_ALPHA_DERIV=    4.82
2025-07-12 21:04:26.351 INFO: Epoch 230: head: Default, loss=0.0016, RMSE_MU_per_atom=0.00 mDebye, RMSE_MU_DERIV=0.00 mDebye / A, RMSE_ALPHA_per_atom=    0.10, RMSE_ALPHA_DERIV=    5.03
2025-07-12 21:04:48.195 INFO: Epoch 231: head: Default, loss=0.0020, RMSE_MU_per_atom=0.00 mDebye, RMSE_MU_DERIV=0.00 mDebye / A, RMSE_ALPHA_per_atom=    0.11, RMSE_ALPHA_DERIV=    4.79
2025-07-12 21:05:10.026 INFO: Epoch 232: head: Default, loss=0.0024, RMSE_MU_per_atom=0.00 mDebye, RMSE_MU_DERIV=0.00 mDebye / A, RMSE_ALPHA_per_atom=    0.12, RMSE_ALPHA_DERIV=    4.83
2025-07-12 21:05:31.868 INFO: Epoch 233: head: Default, loss=0.0019, RMSE_MU_per_atom=0.00 mDebye, RMSE_MU_DERIV=0.00 mDebye / A, RMSE_ALPHA_per_atom=    0.11, RMSE_ALPHA_DERIV=    4.91
2025-07-12 21:05:53.707 INFO: Epoch 234: head: Default, loss=0.0021, RMSE_MU_per_atom=0.00 mDebye, RMSE_MU_DERIV=0.00 mDebye / A, RMSE_ALPHA_per_atom=    0.11, RMSE_ALPHA_DERIV=    4.96
2025-07-12 21:06:15.546 INFO: Epoch 235: head: Default, loss=0.0012, RMSE_MU_per_atom=0.00 mDebye, RMSE_MU_DERIV=0.00 mDebye / A, RMSE_ALPHA_per_atom=    0.09, RMSE_ALPHA_DERIV=    4.91
2025-07-12 21:06:37.408 INFO: Epoch 236: head: Default, loss=0.0015, RMSE_MU_per_atom=0.00 mDebye, RMSE_MU_DERIV=0.00 mDebye / A, RMSE_ALPHA_per_atom=    0.09, RMSE_ALPHA_DERIV=    4.94
2025-07-12 21:06:59.252 INFO: Epoch 237: head: Default, loss=0.0018, RMSE_MU_per_atom=0.00 mDebye, RMSE_MU_DERIV=0.00 mDebye / A, RMSE_ALPHA_per_atom=    0.10, RMSE_ALPHA_DERIV=    5.04
2025-07-12 21:07:21.097 INFO: Epoch 238: head: Default, loss=0.0025, RMSE_MU_per_atom=0.00 mDebye, RMSE_MU_DERIV=0.00 mDebye / A, RMSE_ALPHA_per_atom=    0.12, RMSE_ALPHA_DERIV=    4.96
2025-07-12 21:07:42.940 INFO: Epoch 239: head: Default, loss=0.0021, RMSE_MU_per_atom=0.00 mDebye, RMSE_MU_DERIV=0.00 mDebye / A, RMSE_ALPHA_per_atom=    0.11, RMSE_ALPHA_DERIV=    4.93
2025-07-12 21:08:04.786 INFO: Epoch 240: head: Default, loss=0.0025, RMSE_MU_per_atom=0.00 mDebye, RMSE_MU_DERIV=0.00 mDebye / A, RMSE_ALPHA_per_atom=    0.12, RMSE_ALPHA_DERIV=    4.84
2025-07-12 21:08:26.624 INFO: Epoch 241: head: Default, loss=0.0015, RMSE_MU_per_atom=0.00 mDebye, RMSE_MU_DERIV=0.00 mDebye / A, RMSE_ALPHA_per_atom=    0.10, RMSE_ALPHA_DERIV=    4.95
2025-07-12 21:08:48.455 INFO: Epoch 242: head: Default, loss=0.0015, RMSE_MU_per_atom=0.00 mDebye, RMSE_MU_DERIV=0.00 mDebye / A, RMSE_ALPHA_per_atom=    0.10, RMSE_ALPHA_DERIV=    5.10
2025-07-12 21:09:10.295 INFO: Epoch 243: head: Default, loss=0.0028, RMSE_MU_per_atom=0.00 mDebye, RMSE_MU_DERIV=0.00 mDebye / A, RMSE_ALPHA_per_atom=    0.13, RMSE_ALPHA_DERIV=    4.92
2025-07-12 21:09:32.142 INFO: Epoch 244: head: Default, loss=0.0015, RMSE_MU_per_atom=0.00 mDebye, RMSE_MU_DERIV=0.00 mDebye / A, RMSE_ALPHA_per_atom=    0.10, RMSE_ALPHA_DERIV=    4.99
2025-07-12 21:09:53.985 INFO: Epoch 245: head: Default, loss=0.0024, RMSE_MU_per_atom=0.00 mDebye, RMSE_MU_DERIV=0.00 mDebye / A, RMSE_ALPHA_per_atom=    0.12, RMSE_ALPHA_DERIV=    5.00
2025-07-12 21:10:15.829 INFO: Epoch 246: head: Default, loss=0.0023, RMSE_MU_per_atom=0.00 mDebye, RMSE_MU_DERIV=0.00 mDebye / A, RMSE_ALPHA_per_atom=    0.12, RMSE_ALPHA_DERIV=    5.00
2025-07-12 21:10:37.676 INFO: Epoch 247: head: Default, loss=0.0018, RMSE_MU_per_atom=0.00 mDebye, RMSE_MU_DERIV=0.00 mDebye / A, RMSE_ALPHA_per_atom=    0.10, RMSE_ALPHA_DERIV=    4.92
2025-07-12 21:10:59.520 INFO: Epoch 248: head: Default, loss=0.0019, RMSE_MU_per_atom=0.00 mDebye, RMSE_MU_DERIV=0.00 mDebye / A, RMSE_ALPHA_per_atom=    0.11, RMSE_ALPHA_DERIV=    5.13
2025-07-12 21:11:21.355 INFO: Epoch 249: head: Default, loss=0.0035, RMSE_MU_per_atom=0.00 mDebye, RMSE_MU_DERIV=0.00 mDebye / A, RMSE_ALPHA_per_atom=    0.14, RMSE_ALPHA_DERIV=    4.87
2025-07-12 21:11:43.216 INFO: Epoch 250: head: Default, loss=0.0020, RMSE_MU_per_atom=0.00 mDebye, RMSE_MU_DERIV=0.00 mDebye / A, RMSE_ALPHA_per_atom=    0.11, RMSE_ALPHA_DERIV=    5.09
2025-07-12 21:12:05.054 INFO: Epoch 251: head: Default, loss=0.0014, RMSE_MU_per_atom=0.00 mDebye, RMSE_MU_DERIV=0.00 mDebye / A, RMSE_ALPHA_per_atom=    0.09, RMSE_ALPHA_DERIV=    4.73
2025-07-12 21:12:26.894 INFO: Epoch 252: head: Default, loss=0.0021, RMSE_MU_per_atom=0.00 mDebye, RMSE_MU_DERIV=0.00 mDebye / A, RMSE_ALPHA_per_atom=    0.11, RMSE_ALPHA_DERIV=    4.91
2025-07-12 21:12:48.740 INFO: Epoch 253: head: Default, loss=0.0023, RMSE_MU_per_atom=0.00 mDebye, RMSE_MU_DERIV=0.00 mDebye / A, RMSE_ALPHA_per_atom=    0.12, RMSE_ALPHA_DERIV=    4.99
2025-07-12 21:13:10.574 INFO: Epoch 254: head: Default, loss=0.0012, RMSE_MU_per_atom=0.00 mDebye, RMSE_MU_DERIV=0.00 mDebye / A, RMSE_ALPHA_per_atom=    0.09, RMSE_ALPHA_DERIV=    5.04
2025-07-12 21:13:32.405 INFO: Epoch 255: head: Default, loss=0.0013, RMSE_MU_per_atom=0.00 mDebye, RMSE_MU_DERIV=0.00 mDebye / A, RMSE_ALPHA_per_atom=    0.09, RMSE_ALPHA_DERIV=    4.81
2025-07-12 21:13:54.254 INFO: Epoch 256: head: Default, loss=0.0021, RMSE_MU_per_atom=0.00 mDebye, RMSE_MU_DERIV=0.00 mDebye / A, RMSE_ALPHA_per_atom=    0.11, RMSE_ALPHA_DERIV=    4.97
2025-07-12 21:14:16.095 INFO: Epoch 257: head: Default, loss=0.0025, RMSE_MU_per_atom=0.00 mDebye, RMSE_MU_DERIV=0.00 mDebye / A, RMSE_ALPHA_per_atom=    0.12, RMSE_ALPHA_DERIV=    5.03
2025-07-12 21:14:37.937 INFO: Epoch 258: head: Default, loss=0.0021, RMSE_MU_per_atom=0.00 mDebye, RMSE_MU_DERIV=0.00 mDebye / A, RMSE_ALPHA_per_atom=    0.11, RMSE_ALPHA_DERIV=    4.88
2025-07-12 21:14:59.776 INFO: Epoch 259: head: Default, loss=0.0019, RMSE_MU_per_atom=0.00 mDebye, RMSE_MU_DERIV=0.00 mDebye / A, RMSE_ALPHA_per_atom=    0.11, RMSE_ALPHA_DERIV=    4.95
2025-07-12 21:15:21.614 INFO: Epoch 260: head: Default, loss=0.0019, RMSE_MU_per_atom=0.00 mDebye, RMSE_MU_DERIV=0.00 mDebye / A, RMSE_ALPHA_per_atom=    0.11, RMSE_ALPHA_DERIV=    4.95
2025-07-12 21:15:43.456 INFO: Epoch 261: head: Default, loss=0.0019, RMSE_MU_per_atom=0.00 mDebye, RMSE_MU_DERIV=0.00 mDebye / A, RMSE_ALPHA_per_atom=    0.11, RMSE_ALPHA_DERIV=    4.96
2025-07-12 21:16:05.298 INFO: Epoch 262: head: Default, loss=0.0017, RMSE_MU_per_atom=0.00 mDebye, RMSE_MU_DERIV=0.00 mDebye / A, RMSE_ALPHA_per_atom=    0.10, RMSE_ALPHA_DERIV=    5.00
2025-07-12 21:16:27.147 INFO: Epoch 263: head: Default, loss=0.0018, RMSE_MU_per_atom=0.00 mDebye, RMSE_MU_DERIV=0.00 mDebye / A, RMSE_ALPHA_per_atom=    0.10, RMSE_ALPHA_DERIV=    5.03
2025-07-12 21:16:48.987 INFO: Epoch 264: head: Default, loss=0.0016, RMSE_MU_per_atom=0.00 mDebye, RMSE_MU_DERIV=0.00 mDebye / A, RMSE_ALPHA_per_atom=    0.10, RMSE_ALPHA_DERIV=    5.01
2025-07-12 21:17:10.834 INFO: Epoch 265: head: Default, loss=0.0020, RMSE_MU_per_atom=0.00 mDebye, RMSE_MU_DERIV=0.00 mDebye / A, RMSE_ALPHA_per_atom=    0.11, RMSE_ALPHA_DERIV=    5.05
2025-07-12 21:17:32.683 INFO: Epoch 266: head: Default, loss=0.0019, RMSE_MU_per_atom=0.00 mDebye, RMSE_MU_DERIV=0.00 mDebye / A, RMSE_ALPHA_per_atom=    0.11, RMSE_ALPHA_DERIV=    4.96
2025-07-12 21:17:54.519 INFO: Epoch 267: head: Default, loss=0.0022, RMSE_MU_per_atom=0.00 mDebye, RMSE_MU_DERIV=0.00 mDebye / A, RMSE_ALPHA_per_atom=    0.11, RMSE_ALPHA_DERIV=    5.14
2025-07-12 21:18:16.369 INFO: Epoch 268: head: Default, loss=0.0014, RMSE_MU_per_atom=0.00 mDebye, RMSE_MU_DERIV=0.00 mDebye / A, RMSE_ALPHA_per_atom=    0.09, RMSE_ALPHA_DERIV=    5.07
2025-07-12 21:18:38.205 INFO: Epoch 269: head: Default, loss=0.0020, RMSE_MU_per_atom=0.00 mDebye, RMSE_MU_DERIV=0.00 mDebye / A, RMSE_ALPHA_per_atom=    0.11, RMSE_ALPHA_DERIV=    5.00
2025-07-12 21:19:00.054 INFO: Epoch 270: head: Default, loss=0.0016, RMSE_MU_per_atom=0.00 mDebye, RMSE_MU_DERIV=0.00 mDebye / A, RMSE_ALPHA_per_atom=    0.10, RMSE_ALPHA_DERIV=    4.98
2025-07-12 21:19:21.910 INFO: Epoch 271: head: Default, loss=0.0019, RMSE_MU_per_atom=0.00 mDebye, RMSE_MU_DERIV=0.00 mDebye / A, RMSE_ALPHA_per_atom=    0.11, RMSE_ALPHA_DERIV=    5.03
2025-07-12 21:19:43.750 INFO: Epoch 272: head: Default, loss=0.0017, RMSE_MU_per_atom=0.00 mDebye, RMSE_MU_DERIV=0.00 mDebye / A, RMSE_ALPHA_per_atom=    0.10, RMSE_ALPHA_DERIV=    5.09
2025-07-12 21:20:05.605 INFO: Epoch 273: head: Default, loss=0.0014, RMSE_MU_per_atom=0.00 mDebye, RMSE_MU_DERIV=0.00 mDebye / A, RMSE_ALPHA_per_atom=    0.09, RMSE_ALPHA_DERIV=    5.12
2025-07-12 21:20:27.443 INFO: Epoch 274: head: Default, loss=0.0026, RMSE_MU_per_atom=0.00 mDebye, RMSE_MU_DERIV=0.00 mDebye / A, RMSE_ALPHA_per_atom=    0.13, RMSE_ALPHA_DERIV=    4.97
2025-07-12 21:20:49.277 INFO: Epoch 275: head: Default, loss=0.0022, RMSE_MU_per_atom=0.00 mDebye, RMSE_MU_DERIV=0.00 mDebye / A, RMSE_ALPHA_per_atom=    0.12, RMSE_ALPHA_DERIV=    4.98
2025-07-12 21:21:11.117 INFO: Epoch 276: head: Default, loss=0.0025, RMSE_MU_per_atom=0.00 mDebye, RMSE_MU_DERIV=0.00 mDebye / A, RMSE_ALPHA_per_atom=    0.12, RMSE_ALPHA_DERIV=    5.12
2025-07-12 21:21:32.945 INFO: Epoch 277: head: Default, loss=0.0017, RMSE_MU_per_atom=0.00 mDebye, RMSE_MU_DERIV=0.00 mDebye / A, RMSE_ALPHA_per_atom=    0.10, RMSE_ALPHA_DERIV=    5.14
2025-07-12 21:21:54.779 INFO: Epoch 278: head: Default, loss=0.0021, RMSE_MU_per_atom=0.00 mDebye, RMSE_MU_DERIV=0.00 mDebye / A, RMSE_ALPHA_per_atom=    0.11, RMSE_ALPHA_DERIV=    5.13
2025-07-12 21:22:16.622 INFO: Epoch 279: head: Default, loss=0.0030, RMSE_MU_per_atom=0.00 mDebye, RMSE_MU_DERIV=0.00 mDebye / A, RMSE_ALPHA_per_atom=    0.13, RMSE_ALPHA_DERIV=    5.10
2025-07-12 21:22:38.473 INFO: Epoch 280: head: Default, loss=0.0014, RMSE_MU_per_atom=0.00 mDebye, RMSE_MU_DERIV=0.00 mDebye / A, RMSE_ALPHA_per_atom=    0.09, RMSE_ALPHA_DERIV=    5.18
2025-07-12 21:23:00.312 INFO: Epoch 281: head: Default, loss=0.0032, RMSE_MU_per_atom=0.00 mDebye, RMSE_MU_DERIV=0.00 mDebye / A, RMSE_ALPHA_per_atom=    0.14, RMSE_ALPHA_DERIV=    5.13
2025-07-12 21:23:22.158 INFO: Epoch 282: head: Default, loss=0.0017, RMSE_MU_per_atom=0.00 mDebye, RMSE_MU_DERIV=0.00 mDebye / A, RMSE_ALPHA_per_atom=    0.10, RMSE_ALPHA_DERIV=    5.22
2025-07-12 21:23:44.012 INFO: Epoch 283: head: Default, loss=0.0013, RMSE_MU_per_atom=0.00 mDebye, RMSE_MU_DERIV=0.00 mDebye / A, RMSE_ALPHA_per_atom=    0.09, RMSE_ALPHA_DERIV=    5.13
2025-07-12 21:24:05.854 INFO: Epoch 284: head: Default, loss=0.0017, RMSE_MU_per_atom=0.00 mDebye, RMSE_MU_DERIV=0.00 mDebye / A, RMSE_ALPHA_per_atom=    0.10, RMSE_ALPHA_DERIV=    4.98
2025-07-12 21:24:27.715 INFO: Epoch 285: head: Default, loss=0.0013, RMSE_MU_per_atom=0.00 mDebye, RMSE_MU_DERIV=0.00 mDebye / A, RMSE_ALPHA_per_atom=    0.09, RMSE_ALPHA_DERIV=    5.11
2025-07-12 21:24:49.560 INFO: Epoch 286: head: Default, loss=0.0020, RMSE_MU_per_atom=0.00 mDebye, RMSE_MU_DERIV=0.00 mDebye / A, RMSE_ALPHA_per_atom=    0.11, RMSE_ALPHA_DERIV=    5.14
2025-07-12 21:25:11.405 INFO: Epoch 287: head: Default, loss=0.0026, RMSE_MU_per_atom=0.00 mDebye, RMSE_MU_DERIV=0.00 mDebye / A, RMSE_ALPHA_per_atom=    0.13, RMSE_ALPHA_DERIV=    5.19
2025-07-12 21:25:33.247 INFO: Epoch 288: head: Default, loss=0.0018, RMSE_MU_per_atom=0.00 mDebye, RMSE_MU_DERIV=0.00 mDebye / A, RMSE_ALPHA_per_atom=    0.10, RMSE_ALPHA_DERIV=    5.16
2025-07-12 21:25:55.095 INFO: Epoch 289: head: Default, loss=0.0014, RMSE_MU_per_atom=0.00 mDebye, RMSE_MU_DERIV=0.00 mDebye / A, RMSE_ALPHA_per_atom=    0.09, RMSE_ALPHA_DERIV=    5.07
2025-07-12 21:26:16.953 INFO: Epoch 290: head: Default, loss=0.0022, RMSE_MU_per_atom=0.00 mDebye, RMSE_MU_DERIV=0.00 mDebye / A, RMSE_ALPHA_per_atom=    0.11, RMSE_ALPHA_DERIV=    5.17
2025-07-12 21:26:38.802 INFO: Epoch 291: head: Default, loss=0.0018, RMSE_MU_per_atom=0.00 mDebye, RMSE_MU_DERIV=0.00 mDebye / A, RMSE_ALPHA_per_atom=    0.10, RMSE_ALPHA_DERIV=    5.12
2025-07-12 21:27:00.647 INFO: Epoch 292: head: Default, loss=0.0014, RMSE_MU_per_atom=0.00 mDebye, RMSE_MU_DERIV=0.00 mDebye / A, RMSE_ALPHA_per_atom=    0.09, RMSE_ALPHA_DERIV=    5.17
2025-07-12 21:27:22.494 INFO: Epoch 293: head: Default, loss=0.0029, RMSE_MU_per_atom=0.00 mDebye, RMSE_MU_DERIV=0.00 mDebye / A, RMSE_ALPHA_per_atom=    0.13, RMSE_ALPHA_DERIV=    5.12
2025-07-12 21:27:44.347 INFO: Epoch 294: head: Default, loss=0.0019, RMSE_MU_per_atom=0.00 mDebye, RMSE_MU_DERIV=0.00 mDebye / A, RMSE_ALPHA_per_atom=    0.11, RMSE_ALPHA_DERIV=    5.18
2025-07-12 21:28:06.195 INFO: Epoch 295: head: Default, loss=0.0013, RMSE_MU_per_atom=0.00 mDebye, RMSE_MU_DERIV=0.00 mDebye / A, RMSE_ALPHA_per_atom=    0.09, RMSE_ALPHA_DERIV=    5.13
2025-07-12 21:28:28.040 INFO: Epoch 296: head: Default, loss=0.0018, RMSE_MU_per_atom=0.00 mDebye, RMSE_MU_DERIV=0.00 mDebye / A, RMSE_ALPHA_per_atom=    0.10, RMSE_ALPHA_DERIV=    5.05
2025-07-12 21:28:49.886 INFO: Epoch 297: head: Default, loss=0.0022, RMSE_MU_per_atom=0.00 mDebye, RMSE_MU_DERIV=0.00 mDebye / A, RMSE_ALPHA_per_atom=    0.11, RMSE_ALPHA_DERIV=    5.07
2025-07-12 21:29:11.733 INFO: Epoch 298: head: Default, loss=0.0017, RMSE_MU_per_atom=0.00 mDebye, RMSE_MU_DERIV=0.00 mDebye / A, RMSE_ALPHA_per_atom=    0.10, RMSE_ALPHA_DERIV=    5.06
2025-07-12 21:29:33.579 INFO: Epoch 299: head: Default, loss=0.0019, RMSE_MU_per_atom=0.00 mDebye, RMSE_MU_DERIV=0.00 mDebye / A, RMSE_ALPHA_per_atom=    0.11, RMSE_ALPHA_DERIV=    5.29
2025-07-12 21:29:55.429 INFO: Epoch 300: head: Default, loss=0.0025, RMSE_MU_per_atom=0.00 mDebye, RMSE_MU_DERIV=0.00 mDebye / A, RMSE_ALPHA_per_atom=    0.12, RMSE_ALPHA_DERIV=    5.10
2025-07-12 21:30:17.272 INFO: Epoch 301: head: Default, loss=0.0019, RMSE_MU_per_atom=0.00 mDebye, RMSE_MU_DERIV=0.00 mDebye / A, RMSE_ALPHA_per_atom=    0.11, RMSE_ALPHA_DERIV=    5.18
2025-07-12 21:30:39.120 INFO: Epoch 302: head: Default, loss=0.0016, RMSE_MU_per_atom=0.00 mDebye, RMSE_MU_DERIV=0.00 mDebye / A, RMSE_ALPHA_per_atom=    0.10, RMSE_ALPHA_DERIV=    5.25
2025-07-12 21:31:00.954 INFO: Epoch 303: head: Default, loss=0.0024, RMSE_MU_per_atom=0.00 mDebye, RMSE_MU_DERIV=0.00 mDebye / A, RMSE_ALPHA_per_atom=    0.12, RMSE_ALPHA_DERIV=    5.30
2025-07-12 21:31:22.805 INFO: Epoch 304: head: Default, loss=0.0028, RMSE_MU_per_atom=0.00 mDebye, RMSE_MU_DERIV=0.00 mDebye / A, RMSE_ALPHA_per_atom=    0.13, RMSE_ALPHA_DERIV=    5.15
2025-07-12 21:31:44.652 INFO: Epoch 305: head: Default, loss=0.0009, RMSE_MU_per_atom=0.00 mDebye, RMSE_MU_DERIV=0.00 mDebye / A, RMSE_ALPHA_per_atom=    0.08, RMSE_ALPHA_DERIV=    5.13
2025-07-12 21:32:06.502 INFO: Epoch 306: head: Default, loss=0.0022, RMSE_MU_per_atom=0.00 mDebye, RMSE_MU_DERIV=0.00 mDebye / A, RMSE_ALPHA_per_atom=    0.12, RMSE_ALPHA_DERIV=    5.23
2025-07-12 21:32:28.343 INFO: Epoch 307: head: Default, loss=0.0015, RMSE_MU_per_atom=0.00 mDebye, RMSE_MU_DERIV=0.00 mDebye / A, RMSE_ALPHA_per_atom=    0.10, RMSE_ALPHA_DERIV=    5.17
2025-07-12 21:32:50.194 INFO: Epoch 308: head: Default, loss=0.0025, RMSE_MU_per_atom=0.00 mDebye, RMSE_MU_DERIV=0.00 mDebye / A, RMSE_ALPHA_per_atom=    0.12, RMSE_ALPHA_DERIV=    5.10
2025-07-12 21:33:12.040 INFO: Epoch 309: head: Default, loss=0.0018, RMSE_MU_per_atom=0.00 mDebye, RMSE_MU_DERIV=0.00 mDebye / A, RMSE_ALPHA_per_atom=    0.10, RMSE_ALPHA_DERIV=    5.29
2025-07-12 21:33:33.880 INFO: Epoch 310: head: Default, loss=0.0020, RMSE_MU_per_atom=0.00 mDebye, RMSE_MU_DERIV=0.00 mDebye / A, RMSE_ALPHA_per_atom=    0.11, RMSE_ALPHA_DERIV=    5.21
2025-07-12 21:33:55.720 INFO: Epoch 311: head: Default, loss=0.0026, RMSE_MU_per_atom=0.00 mDebye, RMSE_MU_DERIV=0.00 mDebye / A, RMSE_ALPHA_per_atom=    0.12, RMSE_ALPHA_DERIV=    5.20
2025-07-12 21:34:17.569 INFO: Epoch 312: head: Default, loss=0.0016, RMSE_MU_per_atom=0.00 mDebye, RMSE_MU_DERIV=0.00 mDebye / A, RMSE_ALPHA_per_atom=    0.10, RMSE_ALPHA_DERIV=    5.10
2025-07-12 21:34:39.407 INFO: Epoch 313: head: Default, loss=0.0032, RMSE_MU_per_atom=0.00 mDebye, RMSE_MU_DERIV=0.00 mDebye / A, RMSE_ALPHA_per_atom=    0.14, RMSE_ALPHA_DERIV=    5.21
2025-07-12 21:35:01.251 INFO: Epoch 314: head: Default, loss=0.0020, RMSE_MU_per_atom=0.00 mDebye, RMSE_MU_DERIV=0.00 mDebye / A, RMSE_ALPHA_per_atom=    0.11, RMSE_ALPHA_DERIV=    5.16
2025-07-12 21:35:23.103 INFO: Epoch 315: head: Default, loss=0.0016, RMSE_MU_per_atom=0.00 mDebye, RMSE_MU_DERIV=0.00 mDebye / A, RMSE_ALPHA_per_atom=    0.10, RMSE_ALPHA_DERIV=    5.23
2025-07-12 21:35:44.950 INFO: Epoch 316: head: Default, loss=0.0019, RMSE_MU_per_atom=0.00 mDebye, RMSE_MU_DERIV=0.00 mDebye / A, RMSE_ALPHA_per_atom=    0.11, RMSE_ALPHA_DERIV=    5.22
2025-07-12 21:36:06.802 INFO: Epoch 317: head: Default, loss=0.0019, RMSE_MU_per_atom=0.00 mDebye, RMSE_MU_DERIV=0.00 mDebye / A, RMSE_ALPHA_per_atom=    0.11, RMSE_ALPHA_DERIV=    5.24
2025-07-12 21:36:28.643 INFO: Epoch 318: head: Default, loss=0.0021, RMSE_MU_per_atom=0.00 mDebye, RMSE_MU_DERIV=0.00 mDebye / A, RMSE_ALPHA_per_atom=    0.11, RMSE_ALPHA_DERIV=    5.25
2025-07-12 21:36:50.491 INFO: Epoch 319: head: Default, loss=0.0018, RMSE_MU_per_atom=0.00 mDebye, RMSE_MU_DERIV=0.00 mDebye / A, RMSE_ALPHA_per_atom=    0.10, RMSE_ALPHA_DERIV=    5.16
2025-07-12 21:37:12.344 INFO: Epoch 320: head: Default, loss=0.0022, RMSE_MU_per_atom=0.00 mDebye, RMSE_MU_DERIV=0.00 mDebye / A, RMSE_ALPHA_per_atom=    0.12, RMSE_ALPHA_DERIV=    5.18
2025-07-12 21:37:34.186 INFO: Epoch 321: head: Default, loss=0.0019, RMSE_MU_per_atom=0.00 mDebye, RMSE_MU_DERIV=0.00 mDebye / A, RMSE_ALPHA_per_atom=    0.11, RMSE_ALPHA_DERIV=    5.25
2025-07-12 21:37:56.030 INFO: Epoch 322: head: Default, loss=0.0018, RMSE_MU_per_atom=0.00 mDebye, RMSE_MU_DERIV=0.00 mDebye / A, RMSE_ALPHA_per_atom=    0.10, RMSE_ALPHA_DERIV=    5.34
2025-07-12 21:38:17.875 INFO: Epoch 323: head: Default, loss=0.0023, RMSE_MU_per_atom=0.00 mDebye, RMSE_MU_DERIV=0.00 mDebye / A, RMSE_ALPHA_per_atom=    0.12, RMSE_ALPHA_DERIV=    5.26
2025-07-12 21:38:39.732 INFO: Epoch 324: head: Default, loss=0.0019, RMSE_MU_per_atom=0.00 mDebye, RMSE_MU_DERIV=0.00 mDebye / A, RMSE_ALPHA_per_atom=    0.11, RMSE_ALPHA_DERIV=    5.24
2025-07-12 21:39:01.564 INFO: Epoch 325: head: Default, loss=0.0016, RMSE_MU_per_atom=0.00 mDebye, RMSE_MU_DERIV=0.00 mDebye / A, RMSE_ALPHA_per_atom=    0.10, RMSE_ALPHA_DERIV=    5.25
2025-07-12 21:39:23.410 INFO: Epoch 326: head: Default, loss=0.0016, RMSE_MU_per_atom=0.00 mDebye, RMSE_MU_DERIV=0.00 mDebye / A, RMSE_ALPHA_per_atom=    0.10, RMSE_ALPHA_DERIV=    5.18
2025-07-12 21:39:45.261 INFO: Epoch 327: head: Default, loss=0.0022, RMSE_MU_per_atom=0.00 mDebye, RMSE_MU_DERIV=0.00 mDebye / A, RMSE_ALPHA_per_atom=    0.11, RMSE_ALPHA_DERIV=    5.19
2025-07-12 21:40:07.105 INFO: Epoch 328: head: Default, loss=0.0022, RMSE_MU_per_atom=0.00 mDebye, RMSE_MU_DERIV=0.00 mDebye / A, RMSE_ALPHA_per_atom=    0.11, RMSE_ALPHA_DERIV=    5.25
2025-07-12 21:40:28.951 INFO: Epoch 329: head: Default, loss=0.0018, RMSE_MU_per_atom=0.00 mDebye, RMSE_MU_DERIV=0.00 mDebye / A, RMSE_ALPHA_per_atom=    0.11, RMSE_ALPHA_DERIV=    5.30
2025-07-12 21:40:50.790 INFO: Epoch 330: head: Default, loss=0.0017, RMSE_MU_per_atom=0.00 mDebye, RMSE_MU_DERIV=0.00 mDebye / A, RMSE_ALPHA_per_atom=    0.10, RMSE_ALPHA_DERIV=    5.31
2025-07-12 21:41:12.629 INFO: Epoch 331: head: Default, loss=0.0018, RMSE_MU_per_atom=0.00 mDebye, RMSE_MU_DERIV=0.00 mDebye / A, RMSE_ALPHA_per_atom=    0.11, RMSE_ALPHA_DERIV=    5.20
2025-07-12 21:41:34.476 INFO: Epoch 332: head: Default, loss=0.0020, RMSE_MU_per_atom=0.00 mDebye, RMSE_MU_DERIV=0.00 mDebye / A, RMSE_ALPHA_per_atom=    0.11, RMSE_ALPHA_DERIV=    5.22
2025-07-12 21:41:56.312 INFO: Epoch 333: head: Default, loss=0.0017, RMSE_MU_per_atom=0.00 mDebye, RMSE_MU_DERIV=0.00 mDebye / A, RMSE_ALPHA_per_atom=    0.10, RMSE_ALPHA_DERIV=    5.24
2025-07-12 21:42:18.155 INFO: Epoch 334: head: Default, loss=0.0023, RMSE_MU_per_atom=0.00 mDebye, RMSE_MU_DERIV=0.00 mDebye / A, RMSE_ALPHA_per_atom=    0.12, RMSE_ALPHA_DERIV=    5.15
2025-07-12 21:42:39.997 INFO: Epoch 335: head: Default, loss=0.0023, RMSE_MU_per_atom=0.00 mDebye, RMSE_MU_DERIV=0.00 mDebye / A, RMSE_ALPHA_per_atom=    0.12, RMSE_ALPHA_DERIV=    5.29
2025-07-12 21:43:01.837 INFO: Epoch 336: head: Default, loss=0.0014, RMSE_MU_per_atom=0.00 mDebye, RMSE_MU_DERIV=0.00 mDebye / A, RMSE_ALPHA_per_atom=    0.09, RMSE_ALPHA_DERIV=    5.24
2025-07-12 21:43:23.685 INFO: Epoch 337: head: Default, loss=0.0023, RMSE_MU_per_atom=0.00 mDebye, RMSE_MU_DERIV=0.00 mDebye / A, RMSE_ALPHA_per_atom=    0.12, RMSE_ALPHA_DERIV=    5.26
2025-07-12 21:43:45.520 INFO: Epoch 338: head: Default, loss=0.0015, RMSE_MU_per_atom=0.00 mDebye, RMSE_MU_DERIV=0.00 mDebye / A, RMSE_ALPHA_per_atom=    0.10, RMSE_ALPHA_DERIV=    5.26
2025-07-12 21:44:07.367 INFO: Epoch 339: head: Default, loss=0.0028, RMSE_MU_per_atom=0.00 mDebye, RMSE_MU_DERIV=0.00 mDebye / A, RMSE_ALPHA_per_atom=    0.13, RMSE_ALPHA_DERIV=    5.21
2025-07-12 21:44:29.207 INFO: Epoch 340: head: Default, loss=0.0019, RMSE_MU_per_atom=0.00 mDebye, RMSE_MU_DERIV=0.00 mDebye / A, RMSE_ALPHA_per_atom=    0.11, RMSE_ALPHA_DERIV=    5.23
2025-07-12 21:44:51.052 INFO: Epoch 341: head: Default, loss=0.0020, RMSE_MU_per_atom=0.00 mDebye, RMSE_MU_DERIV=0.00 mDebye / A, RMSE_ALPHA_per_atom=    0.11, RMSE_ALPHA_DERIV=    5.30
2025-07-12 21:45:12.897 INFO: Epoch 342: head: Default, loss=0.0020, RMSE_MU_per_atom=0.00 mDebye, RMSE_MU_DERIV=0.00 mDebye / A, RMSE_ALPHA_per_atom=    0.11, RMSE_ALPHA_DERIV=    5.34
2025-07-12 21:45:34.741 INFO: Epoch 343: head: Default, loss=0.0020, RMSE_MU_per_atom=0.00 mDebye, RMSE_MU_DERIV=0.00 mDebye / A, RMSE_ALPHA_per_atom=    0.11, RMSE_ALPHA_DERIV=    5.26
2025-07-12 21:45:56.587 INFO: Epoch 344: head: Default, loss=0.0018, RMSE_MU_per_atom=0.00 mDebye, RMSE_MU_DERIV=0.00 mDebye / A, RMSE_ALPHA_per_atom=    0.10, RMSE_ALPHA_DERIV=    5.19
2025-07-12 21:46:18.425 INFO: Epoch 345: head: Default, loss=0.0020, RMSE_MU_per_atom=0.00 mDebye, RMSE_MU_DERIV=0.00 mDebye / A, RMSE_ALPHA_per_atom=    0.11, RMSE_ALPHA_DERIV=    5.28
2025-07-12 21:46:40.272 INFO: Epoch 346: head: Default, loss=0.0028, RMSE_MU_per_atom=0.00 mDebye, RMSE_MU_DERIV=0.00 mDebye / A, RMSE_ALPHA_per_atom=    0.13, RMSE_ALPHA_DERIV=    5.26
2025-07-12 21:47:02.110 INFO: Epoch 347: head: Default, loss=0.0014, RMSE_MU_per_atom=0.00 mDebye, RMSE_MU_DERIV=0.00 mDebye / A, RMSE_ALPHA_per_atom=    0.09, RMSE_ALPHA_DERIV=    5.30
2025-07-12 21:47:23.955 INFO: Epoch 348: head: Default, loss=0.0021, RMSE_MU_per_atom=0.00 mDebye, RMSE_MU_DERIV=0.00 mDebye / A, RMSE_ALPHA_per_atom=    0.11, RMSE_ALPHA_DERIV=    5.21
2025-07-12 21:47:45.806 INFO: Epoch 349: head: Default, loss=0.0020, RMSE_MU_per_atom=0.00 mDebye, RMSE_MU_DERIV=0.00 mDebye / A, RMSE_ALPHA_per_atom=    0.11, RMSE_ALPHA_DERIV=    5.29
2025-07-12 21:48:07.660 INFO: Epoch 350: head: Default, loss=0.0017, RMSE_MU_per_atom=0.00 mDebye, RMSE_MU_DERIV=0.00 mDebye / A, RMSE_ALPHA_per_atom=    0.10, RMSE_ALPHA_DERIV=    5.30
2025-07-12 21:48:29.504 INFO: Epoch 351: head: Default, loss=0.0017, RMSE_MU_per_atom=0.00 mDebye, RMSE_MU_DERIV=0.00 mDebye / A, RMSE_ALPHA_per_atom=    0.10, RMSE_ALPHA_DERIV=    5.32
2025-07-12 21:48:51.347 INFO: Epoch 352: head: Default, loss=0.0019, RMSE_MU_per_atom=0.00 mDebye, RMSE_MU_DERIV=0.00 mDebye / A, RMSE_ALPHA_per_atom=    0.11, RMSE_ALPHA_DERIV=    5.30
2025-07-12 21:49:13.195 INFO: Epoch 353: head: Default, loss=0.0024, RMSE_MU_per_atom=0.00 mDebye, RMSE_MU_DERIV=0.00 mDebye / A, RMSE_ALPHA_per_atom=    0.12, RMSE_ALPHA_DERIV=    5.26
2025-07-12 21:49:35.047 INFO: Epoch 354: head: Default, loss=0.0022, RMSE_MU_per_atom=0.00 mDebye, RMSE_MU_DERIV=0.00 mDebye / A, RMSE_ALPHA_per_atom=    0.11, RMSE_ALPHA_DERIV=    5.30
2025-07-12 21:49:56.875 INFO: Epoch 355: head: Default, loss=0.0018, RMSE_MU_per_atom=0.00 mDebye, RMSE_MU_DERIV=0.00 mDebye / A, RMSE_ALPHA_per_atom=    0.11, RMSE_ALPHA_DERIV=    5.33
2025-07-12 21:50:18.725 INFO: Epoch 356: head: Default, loss=0.0016, RMSE_MU_per_atom=0.00 mDebye, RMSE_MU_DERIV=0.00 mDebye / A, RMSE_ALPHA_per_atom=    0.10, RMSE_ALPHA_DERIV=    5.30
2025-07-12 21:50:40.560 INFO: Epoch 357: head: Default, loss=0.0018, RMSE_MU_per_atom=0.00 mDebye, RMSE_MU_DERIV=0.00 mDebye / A, RMSE_ALPHA_per_atom=    0.10, RMSE_ALPHA_DERIV=    5.26
2025-07-12 21:51:02.391 INFO: Epoch 358: head: Default, loss=0.0017, RMSE_MU_per_atom=0.00 mDebye, RMSE_MU_DERIV=0.00 mDebye / A, RMSE_ALPHA_per_atom=    0.10, RMSE_ALPHA_DERIV=    5.22
2025-07-12 21:51:24.227 INFO: Epoch 359: head: Default, loss=0.0024, RMSE_MU_per_atom=0.00 mDebye, RMSE_MU_DERIV=0.00 mDebye / A, RMSE_ALPHA_per_atom=    0.12, RMSE_ALPHA_DERIV=    5.26
2025-07-12 21:51:46.057 INFO: Epoch 360: head: Default, loss=0.0022, RMSE_MU_per_atom=0.00 mDebye, RMSE_MU_DERIV=0.00 mDebye / A, RMSE_ALPHA_per_atom=    0.11, RMSE_ALPHA_DERIV=    5.29
2025-07-12 21:52:07.904 INFO: Epoch 361: head: Default, loss=0.0020, RMSE_MU_per_atom=0.00 mDebye, RMSE_MU_DERIV=0.00 mDebye / A, RMSE_ALPHA_per_atom=    0.11, RMSE_ALPHA_DERIV=    5.34
2025-07-12 21:52:29.737 INFO: Epoch 362: head: Default, loss=0.0015, RMSE_MU_per_atom=0.00 mDebye, RMSE_MU_DERIV=0.00 mDebye / A, RMSE_ALPHA_per_atom=    0.10, RMSE_ALPHA_DERIV=    5.38
2025-07-12 21:52:51.579 INFO: Epoch 363: head: Default, loss=0.0026, RMSE_MU_per_atom=0.00 mDebye, RMSE_MU_DERIV=0.00 mDebye / A, RMSE_ALPHA_per_atom=    0.12, RMSE_ALPHA_DERIV=    5.35
2025-07-12 21:53:13.418 INFO: Epoch 364: head: Default, loss=0.0017, RMSE_MU_per_atom=0.00 mDebye, RMSE_MU_DERIV=0.00 mDebye / A, RMSE_ALPHA_per_atom=    0.10, RMSE_ALPHA_DERIV=    5.24
2025-07-12 21:53:35.262 INFO: Epoch 365: head: Default, loss=0.0024, RMSE_MU_per_atom=0.00 mDebye, RMSE_MU_DERIV=0.00 mDebye / A, RMSE_ALPHA_per_atom=    0.12, RMSE_ALPHA_DERIV=    5.27
2025-07-12 21:53:57.092 INFO: Epoch 366: head: Default, loss=0.0018, RMSE_MU_per_atom=0.00 mDebye, RMSE_MU_DERIV=0.00 mDebye / A, RMSE_ALPHA_per_atom=    0.10, RMSE_ALPHA_DERIV=    5.26
2025-07-12 21:54:18.937 INFO: Epoch 367: head: Default, loss=0.0019, RMSE_MU_per_atom=0.00 mDebye, RMSE_MU_DERIV=0.00 mDebye / A, RMSE_ALPHA_per_atom=    0.11, RMSE_ALPHA_DERIV=    5.30
2025-07-12 21:54:40.775 INFO: Epoch 368: head: Default, loss=0.0018, RMSE_MU_per_atom=0.00 mDebye, RMSE_MU_DERIV=0.00 mDebye / A, RMSE_ALPHA_per_atom=    0.11, RMSE_ALPHA_DERIV=    5.33
2025-07-12 21:55:02.608 INFO: Epoch 369: head: Default, loss=0.0022, RMSE_MU_per_atom=0.00 mDebye, RMSE_MU_DERIV=0.00 mDebye / A, RMSE_ALPHA_per_atom=    0.11, RMSE_ALPHA_DERIV=    5.30
2025-07-12 21:55:24.448 INFO: Epoch 370: head: Default, loss=0.0018, RMSE_MU_per_atom=0.00 mDebye, RMSE_MU_DERIV=0.00 mDebye / A, RMSE_ALPHA_per_atom=    0.10, RMSE_ALPHA_DERIV=    5.30
2025-07-12 21:55:46.287 INFO: Epoch 371: head: Default, loss=0.0021, RMSE_MU_per_atom=0.00 mDebye, RMSE_MU_DERIV=0.00 mDebye / A, RMSE_ALPHA_per_atom=    0.11, RMSE_ALPHA_DERIV=    5.37
2025-07-12 21:56:08.130 INFO: Epoch 372: head: Default, loss=0.0017, RMSE_MU_per_atom=0.00 mDebye, RMSE_MU_DERIV=0.00 mDebye / A, RMSE_ALPHA_per_atom=    0.10, RMSE_ALPHA_DERIV=    5.38
2025-07-12 21:56:29.976 INFO: Epoch 373: head: Default, loss=0.0019, RMSE_MU_per_atom=0.00 mDebye, RMSE_MU_DERIV=0.00 mDebye / A, RMSE_ALPHA_per_atom=    0.11, RMSE_ALPHA_DERIV=    5.29
2025-07-12 21:56:51.826 INFO: Epoch 374: head: Default, loss=0.0018, RMSE_MU_per_atom=0.00 mDebye, RMSE_MU_DERIV=0.00 mDebye / A, RMSE_ALPHA_per_atom=    0.10, RMSE_ALPHA_DERIV=    5.30
2025-07-12 21:57:13.661 INFO: Epoch 375: head: Default, loss=0.0017, RMSE_MU_per_atom=0.00 mDebye, RMSE_MU_DERIV=0.00 mDebye / A, RMSE_ALPHA_per_atom=    0.10, RMSE_ALPHA_DERIV=    5.37
2025-07-12 21:57:35.508 INFO: Epoch 376: head: Default, loss=0.0017, RMSE_MU_per_atom=0.00 mDebye, RMSE_MU_DERIV=0.00 mDebye / A, RMSE_ALPHA_per_atom=    0.10, RMSE_ALPHA_DERIV=    5.41
2025-07-12 21:57:57.343 INFO: Epoch 377: head: Default, loss=0.0022, RMSE_MU_per_atom=0.00 mDebye, RMSE_MU_DERIV=0.00 mDebye / A, RMSE_ALPHA_per_atom=    0.11, RMSE_ALPHA_DERIV=    5.32
2025-07-12 21:58:19.199 INFO: Epoch 378: head: Default, loss=0.0022, RMSE_MU_per_atom=0.00 mDebye, RMSE_MU_DERIV=0.00 mDebye / A, RMSE_ALPHA_per_atom=    0.11, RMSE_ALPHA_DERIV=    5.32
2025-07-12 21:58:41.048 INFO: Epoch 379: head: Default, loss=0.0022, RMSE_MU_per_atom=0.00 mDebye, RMSE_MU_DERIV=0.00 mDebye / A, RMSE_ALPHA_per_atom=    0.11, RMSE_ALPHA_DERIV=    5.33
2025-07-12 21:59:02.876 INFO: Epoch 380: head: Default, loss=0.0023, RMSE_MU_per_atom=0.00 mDebye, RMSE_MU_DERIV=0.00 mDebye / A, RMSE_ALPHA_per_atom=    0.12, RMSE_ALPHA_DERIV=    5.36
2025-07-12 21:59:24.719 INFO: Epoch 381: head: Default, loss=0.0019, RMSE_MU_per_atom=0.00 mDebye, RMSE_MU_DERIV=0.00 mDebye / A, RMSE_ALPHA_per_atom=    0.11, RMSE_ALPHA_DERIV=    5.36
2025-07-12 21:59:46.574 INFO: Epoch 382: head: Default, loss=0.0021, RMSE_MU_per_atom=0.00 mDebye, RMSE_MU_DERIV=0.00 mDebye / A, RMSE_ALPHA_per_atom=    0.11, RMSE_ALPHA_DERIV=    5.36
2025-07-12 22:00:08.406 INFO: Epoch 383: head: Default, loss=0.0019, RMSE_MU_per_atom=0.00 mDebye, RMSE_MU_DERIV=0.00 mDebye / A, RMSE_ALPHA_per_atom=    0.11, RMSE_ALPHA_DERIV=    5.36
2025-07-12 22:00:30.249 INFO: Epoch 384: head: Default, loss=0.0023, RMSE_MU_per_atom=0.00 mDebye, RMSE_MU_DERIV=0.00 mDebye / A, RMSE_ALPHA_per_atom=    0.12, RMSE_ALPHA_DERIV=    5.34
2025-07-12 22:00:52.083 INFO: Epoch 385: head: Default, loss=0.0020, RMSE_MU_per_atom=0.00 mDebye, RMSE_MU_DERIV=0.00 mDebye / A, RMSE_ALPHA_per_atom=    0.11, RMSE_ALPHA_DERIV=    5.34
2025-07-12 22:01:13.926 INFO: Epoch 386: head: Default, loss=0.0024, RMSE_MU_per_atom=0.00 mDebye, RMSE_MU_DERIV=0.00 mDebye / A, RMSE_ALPHA_per_atom=    0.12, RMSE_ALPHA_DERIV=    5.33
2025-07-12 22:01:35.787 INFO: Epoch 387: head: Default, loss=0.0025, RMSE_MU_per_atom=0.00 mDebye, RMSE_MU_DERIV=0.00 mDebye / A, RMSE_ALPHA_per_atom=    0.12, RMSE_ALPHA_DERIV=    5.35
2025-07-12 22:01:57.639 INFO: Epoch 388: head: Default, loss=0.0019, RMSE_MU_per_atom=0.00 mDebye, RMSE_MU_DERIV=0.00 mDebye / A, RMSE_ALPHA_per_atom=    0.11, RMSE_ALPHA_DERIV=    5.35
2025-07-12 22:02:19.479 INFO: Epoch 389: head: Default, loss=0.0019, RMSE_MU_per_atom=0.00 mDebye, RMSE_MU_DERIV=0.00 mDebye / A, RMSE_ALPHA_per_atom=    0.11, RMSE_ALPHA_DERIV=    5.38
2025-07-12 22:02:41.332 INFO: Epoch 390: head: Default, loss=0.0017, RMSE_MU_per_atom=0.00 mDebye, RMSE_MU_DERIV=0.00 mDebye / A, RMSE_ALPHA_per_atom=    0.10, RMSE_ALPHA_DERIV=    5.33
2025-07-12 22:03:03.187 INFO: Epoch 391: head: Default, loss=0.0017, RMSE_MU_per_atom=0.00 mDebye, RMSE_MU_DERIV=0.00 mDebye / A, RMSE_ALPHA_per_atom=    0.10, RMSE_ALPHA_DERIV=    5.33
2025-07-12 22:03:25.029 INFO: Epoch 392: head: Default, loss=0.0022, RMSE_MU_per_atom=0.00 mDebye, RMSE_MU_DERIV=0.00 mDebye / A, RMSE_ALPHA_per_atom=    0.12, RMSE_ALPHA_DERIV=    5.39
2025-07-12 22:03:46.868 INFO: Epoch 393: head: Default, loss=0.0018, RMSE_MU_per_atom=0.00 mDebye, RMSE_MU_DERIV=0.00 mDebye / A, RMSE_ALPHA_per_atom=    0.10, RMSE_ALPHA_DERIV=    5.38
2025-07-12 22:04:08.715 INFO: Epoch 394: head: Default, loss=0.0023, RMSE_MU_per_atom=0.00 mDebye, RMSE_MU_DERIV=0.00 mDebye / A, RMSE_ALPHA_per_atom=    0.12, RMSE_ALPHA_DERIV=    5.39
2025-07-12 22:04:30.554 INFO: Epoch 395: head: Default, loss=0.0019, RMSE_MU_per_atom=0.00 mDebye, RMSE_MU_DERIV=0.00 mDebye / A, RMSE_ALPHA_per_atom=    0.11, RMSE_ALPHA_DERIV=    5.39
2025-07-12 22:04:52.391 INFO: Epoch 396: head: Default, loss=0.0018, RMSE_MU_per_atom=0.00 mDebye, RMSE_MU_DERIV=0.00 mDebye / A, RMSE_ALPHA_per_atom=    0.10, RMSE_ALPHA_DERIV=    5.34
2025-07-12 22:05:14.237 INFO: Epoch 397: head: Default, loss=0.0024, RMSE_MU_per_atom=0.00 mDebye, RMSE_MU_DERIV=0.00 mDebye / A, RMSE_ALPHA_per_atom=    0.12, RMSE_ALPHA_DERIV=    5.42
2025-07-12 22:05:36.084 INFO: Epoch 398: head: Default, loss=0.0015, RMSE_MU_per_atom=0.00 mDebye, RMSE_MU_DERIV=0.00 mDebye / A, RMSE_ALPHA_per_atom=    0.10, RMSE_ALPHA_DERIV=    5.44
2025-07-12 22:05:57.926 INFO: Epoch 399: head: Default, loss=0.0022, RMSE_MU_per_atom=0.00 mDebye, RMSE_MU_DERIV=0.00 mDebye / A, RMSE_ALPHA_per_atom=    0.11, RMSE_ALPHA_DERIV=    5.38
2025-07-12 22:06:19.766 INFO: Epoch 400: head: Default, loss=0.0016, RMSE_MU_per_atom=0.00 mDebye, RMSE_MU_DERIV=0.00 mDebye / A, RMSE_ALPHA_per_atom=    0.10, RMSE_ALPHA_DERIV=    5.38
2025-07-12 22:06:41.609 INFO: Epoch 401: head: Default, loss=0.0020, RMSE_MU_per_atom=0.00 mDebye, RMSE_MU_DERIV=0.00 mDebye / A, RMSE_ALPHA_per_atom=    0.11, RMSE_ALPHA_DERIV=    5.34
2025-07-12 22:07:03.465 INFO: Epoch 402: head: Default, loss=0.0016, RMSE_MU_per_atom=0.00 mDebye, RMSE_MU_DERIV=0.00 mDebye / A, RMSE_ALPHA_per_atom=    0.10, RMSE_ALPHA_DERIV=    5.41
2025-07-12 22:07:25.332 INFO: Epoch 403: head: Default, loss=0.0020, RMSE_MU_per_atom=0.00 mDebye, RMSE_MU_DERIV=0.00 mDebye / A, RMSE_ALPHA_per_atom=    0.11, RMSE_ALPHA_DERIV=    5.48
2025-07-12 22:07:47.181 INFO: Epoch 404: head: Default, loss=0.0021, RMSE_MU_per_atom=0.00 mDebye, RMSE_MU_DERIV=0.00 mDebye / A, RMSE_ALPHA_per_atom=    0.11, RMSE_ALPHA_DERIV=    5.42
2025-07-12 22:08:09.035 INFO: Epoch 405: head: Default, loss=0.0016, RMSE_MU_per_atom=0.00 mDebye, RMSE_MU_DERIV=0.00 mDebye / A, RMSE_ALPHA_per_atom=    0.10, RMSE_ALPHA_DERIV=    5.33
2025-07-12 22:08:30.875 INFO: Epoch 406: head: Default, loss=0.0022, RMSE_MU_per_atom=0.00 mDebye, RMSE_MU_DERIV=0.00 mDebye / A, RMSE_ALPHA_per_atom=    0.11, RMSE_ALPHA_DERIV=    5.28
2025-07-12 22:08:52.724 INFO: Epoch 407: head: Default, loss=0.0023, RMSE_MU_per_atom=0.00 mDebye, RMSE_MU_DERIV=0.00 mDebye / A, RMSE_ALPHA_per_atom=    0.12, RMSE_ALPHA_DERIV=    5.36
2025-07-12 22:09:14.580 INFO: Epoch 408: head: Default, loss=0.0015, RMSE_MU_per_atom=0.00 mDebye, RMSE_MU_DERIV=0.00 mDebye / A, RMSE_ALPHA_per_atom=    0.10, RMSE_ALPHA_DERIV=    5.50
2025-07-12 22:09:36.422 INFO: Epoch 409: head: Default, loss=0.0019, RMSE_MU_per_atom=0.00 mDebye, RMSE_MU_DERIV=0.00 mDebye / A, RMSE_ALPHA_per_atom=    0.11, RMSE_ALPHA_DERIV=    5.48
2025-07-12 22:09:58.281 INFO: Epoch 410: head: Default, loss=0.0017, RMSE_MU_per_atom=0.00 mDebye, RMSE_MU_DERIV=0.00 mDebye / A, RMSE_ALPHA_per_atom=    0.10, RMSE_ALPHA_DERIV=    5.41
2025-07-12 22:10:20.141 INFO: Epoch 411: head: Default, loss=0.0017, RMSE_MU_per_atom=0.00 mDebye, RMSE_MU_DERIV=0.00 mDebye / A, RMSE_ALPHA_per_atom=    0.10, RMSE_ALPHA_DERIV=    5.38
2025-07-12 22:10:41.990 INFO: Epoch 412: head: Default, loss=0.0019, RMSE_MU_per_atom=0.00 mDebye, RMSE_MU_DERIV=0.00 mDebye / A, RMSE_ALPHA_per_atom=    0.11, RMSE_ALPHA_DERIV=    5.45
2025-07-12 22:11:03.833 INFO: Epoch 413: head: Default, loss=0.0019, RMSE_MU_per_atom=0.00 mDebye, RMSE_MU_DERIV=0.00 mDebye / A, RMSE_ALPHA_per_atom=    0.11, RMSE_ALPHA_DERIV=    5.44
2025-07-12 22:11:25.674 INFO: Epoch 414: head: Default, loss=0.0019, RMSE_MU_per_atom=0.00 mDebye, RMSE_MU_DERIV=0.00 mDebye / A, RMSE_ALPHA_per_atom=    0.11, RMSE_ALPHA_DERIV=    5.44
2025-07-12 22:11:47.516 INFO: Epoch 415: head: Default, loss=0.0017, RMSE_MU_per_atom=0.00 mDebye, RMSE_MU_DERIV=0.00 mDebye / A, RMSE_ALPHA_per_atom=    0.10, RMSE_ALPHA_DERIV=    5.39
2025-07-12 22:12:09.356 INFO: Epoch 416: head: Default, loss=0.0022, RMSE_MU_per_atom=0.00 mDebye, RMSE_MU_DERIV=0.00 mDebye / A, RMSE_ALPHA_per_atom=    0.12, RMSE_ALPHA_DERIV=    5.44
2025-07-12 22:12:31.208 INFO: Epoch 417: head: Default, loss=0.0017, RMSE_MU_per_atom=0.00 mDebye, RMSE_MU_DERIV=0.00 mDebye / A, RMSE_ALPHA_per_atom=    0.10, RMSE_ALPHA_DERIV=    5.40
2025-07-12 22:12:53.058 INFO: Epoch 418: head: Default, loss=0.0023, RMSE_MU_per_atom=0.00 mDebye, RMSE_MU_DERIV=0.00 mDebye / A, RMSE_ALPHA_per_atom=    0.12, RMSE_ALPHA_DERIV=    5.42
2025-07-12 22:13:14.907 INFO: Epoch 419: head: Default, loss=0.0016, RMSE_MU_per_atom=0.00 mDebye, RMSE_MU_DERIV=0.00 mDebye / A, RMSE_ALPHA_per_atom=    0.10, RMSE_ALPHA_DERIV=    5.38
2025-07-12 22:13:36.746 INFO: Epoch 420: head: Default, loss=0.0023, RMSE_MU_per_atom=0.00 mDebye, RMSE_MU_DERIV=0.00 mDebye / A, RMSE_ALPHA_per_atom=    0.12, RMSE_ALPHA_DERIV=    5.39
2025-07-12 22:13:58.577 INFO: Epoch 421: head: Default, loss=0.0017, RMSE_MU_per_atom=0.00 mDebye, RMSE_MU_DERIV=0.00 mDebye / A, RMSE_ALPHA_per_atom=    0.10, RMSE_ALPHA_DERIV=    5.39
2025-07-12 22:14:20.420 INFO: Epoch 422: head: Default, loss=0.0020, RMSE_MU_per_atom=0.00 mDebye, RMSE_MU_DERIV=0.00 mDebye / A, RMSE_ALPHA_per_atom=    0.11, RMSE_ALPHA_DERIV=    5.45
2025-07-12 22:14:42.267 INFO: Epoch 423: head: Default, loss=0.0015, RMSE_MU_per_atom=0.00 mDebye, RMSE_MU_DERIV=0.00 mDebye / A, RMSE_ALPHA_per_atom=    0.10, RMSE_ALPHA_DERIV=    5.46
2025-07-12 22:15:04.107 INFO: Epoch 424: head: Default, loss=0.0019, RMSE_MU_per_atom=0.00 mDebye, RMSE_MU_DERIV=0.00 mDebye / A, RMSE_ALPHA_per_atom=    0.11, RMSE_ALPHA_DERIV=    5.49
2025-07-12 22:15:25.950 INFO: Epoch 425: head: Default, loss=0.0017, RMSE_MU_per_atom=0.00 mDebye, RMSE_MU_DERIV=0.00 mDebye / A, RMSE_ALPHA_per_atom=    0.10, RMSE_ALPHA_DERIV=    5.42
2025-07-12 22:15:47.794 INFO: Epoch 426: head: Default, loss=0.0022, RMSE_MU_per_atom=0.00 mDebye, RMSE_MU_DERIV=0.00 mDebye / A, RMSE_ALPHA_per_atom=    0.11, RMSE_ALPHA_DERIV=    5.41
2025-07-12 22:16:09.646 INFO: Epoch 427: head: Default, loss=0.0016, RMSE_MU_per_atom=0.00 mDebye, RMSE_MU_DERIV=0.00 mDebye / A, RMSE_ALPHA_per_atom=    0.10, RMSE_ALPHA_DERIV=    5.42
2025-07-12 22:16:31.492 INFO: Epoch 428: head: Default, loss=0.0018, RMSE_MU_per_atom=0.00 mDebye, RMSE_MU_DERIV=0.00 mDebye / A, RMSE_ALPHA_per_atom=    0.10, RMSE_ALPHA_DERIV=    5.47
2025-07-12 22:16:53.342 INFO: Epoch 429: head: Default, loss=0.0018, RMSE_MU_per_atom=0.00 mDebye, RMSE_MU_DERIV=0.00 mDebye / A, RMSE_ALPHA_per_atom=    0.10, RMSE_ALPHA_DERIV=    5.45
2025-07-12 22:17:15.181 INFO: Epoch 430: head: Default, loss=0.0017, RMSE_MU_per_atom=0.00 mDebye, RMSE_MU_DERIV=0.00 mDebye / A, RMSE_ALPHA_per_atom=    0.10, RMSE_ALPHA_DERIV=    5.46
2025-07-12 22:17:37.031 INFO: Epoch 431: head: Default, loss=0.0015, RMSE_MU_per_atom=0.00 mDebye, RMSE_MU_DERIV=0.00 mDebye / A, RMSE_ALPHA_per_atom=    0.09, RMSE_ALPHA_DERIV=    5.44
2025-07-12 22:17:58.887 INFO: Epoch 432: head: Default, loss=0.0024, RMSE_MU_per_atom=0.00 mDebye, RMSE_MU_DERIV=0.00 mDebye / A, RMSE_ALPHA_per_atom=    0.12, RMSE_ALPHA_DERIV=    5.46
2025-07-12 22:18:20.726 INFO: Epoch 433: head: Default, loss=0.0017, RMSE_MU_per_atom=0.00 mDebye, RMSE_MU_DERIV=0.00 mDebye / A, RMSE_ALPHA_per_atom=    0.10, RMSE_ALPHA_DERIV=    5.44
2025-07-12 22:18:42.577 INFO: Epoch 434: head: Default, loss=0.0017, RMSE_MU_per_atom=0.00 mDebye, RMSE_MU_DERIV=0.00 mDebye / A, RMSE_ALPHA_per_atom=    0.10, RMSE_ALPHA_DERIV=    5.41
2025-07-12 22:19:04.431 INFO: Epoch 435: head: Default, loss=0.0019, RMSE_MU_per_atom=0.00 mDebye, RMSE_MU_DERIV=0.00 mDebye / A, RMSE_ALPHA_per_atom=    0.11, RMSE_ALPHA_DERIV=    5.43
2025-07-12 22:19:26.282 INFO: Epoch 436: head: Default, loss=0.0016, RMSE_MU_per_atom=0.00 mDebye, RMSE_MU_DERIV=0.00 mDebye / A, RMSE_ALPHA_per_atom=    0.10, RMSE_ALPHA_DERIV=    5.44
2025-07-12 22:19:48.128 INFO: Epoch 437: head: Default, loss=0.0018, RMSE_MU_per_atom=0.00 mDebye, RMSE_MU_DERIV=0.00 mDebye / A, RMSE_ALPHA_per_atom=    0.10, RMSE_ALPHA_DERIV=    5.45
2025-07-12 22:20:09.963 INFO: Epoch 438: head: Default, loss=0.0019, RMSE_MU_per_atom=0.00 mDebye, RMSE_MU_DERIV=0.00 mDebye / A, RMSE_ALPHA_per_atom=    0.11, RMSE_ALPHA_DERIV=    5.46
2025-07-12 22:20:31.798 INFO: Epoch 439: head: Default, loss=0.0018, RMSE_MU_per_atom=0.00 mDebye, RMSE_MU_DERIV=0.00 mDebye / A, RMSE_ALPHA_per_atom=    0.10, RMSE_ALPHA_DERIV=    5.48
2025-07-12 22:20:53.644 INFO: Epoch 440: head: Default, loss=0.0020, RMSE_MU_per_atom=0.00 mDebye, RMSE_MU_DERIV=0.00 mDebye / A, RMSE_ALPHA_per_atom=    0.11, RMSE_ALPHA_DERIV=    5.49
2025-07-12 22:21:15.488 INFO: Epoch 441: head: Default, loss=0.0019, RMSE_MU_per_atom=0.00 mDebye, RMSE_MU_DERIV=0.00 mDebye / A, RMSE_ALPHA_per_atom=    0.11, RMSE_ALPHA_DERIV=    5.50
2025-07-12 22:21:37.348 INFO: Epoch 442: head: Default, loss=0.0016, RMSE_MU_per_atom=0.00 mDebye, RMSE_MU_DERIV=0.00 mDebye / A, RMSE_ALPHA_per_atom=    0.10, RMSE_ALPHA_DERIV=    5.49
2025-07-12 22:21:59.200 INFO: Epoch 443: head: Default, loss=0.0019, RMSE_MU_per_atom=0.00 mDebye, RMSE_MU_DERIV=0.00 mDebye / A, RMSE_ALPHA_per_atom=    0.11, RMSE_ALPHA_DERIV=    5.47
2025-07-12 22:22:21.053 INFO: Epoch 444: head: Default, loss=0.0020, RMSE_MU_per_atom=0.00 mDebye, RMSE_MU_DERIV=0.00 mDebye / A, RMSE_ALPHA_per_atom=    0.11, RMSE_ALPHA_DERIV=    5.44
2025-07-12 22:22:42.901 INFO: Epoch 445: head: Default, loss=0.0021, RMSE_MU_per_atom=0.00 mDebye, RMSE_MU_DERIV=0.00 mDebye / A, RMSE_ALPHA_per_atom=    0.11, RMSE_ALPHA_DERIV=    5.47
2025-07-12 22:23:04.748 INFO: Epoch 446: head: Default, loss=0.0016, RMSE_MU_per_atom=0.00 mDebye, RMSE_MU_DERIV=0.00 mDebye / A, RMSE_ALPHA_per_atom=    0.10, RMSE_ALPHA_DERIV=    5.45
2025-07-12 22:23:26.595 INFO: Epoch 447: head: Default, loss=0.0018, RMSE_MU_per_atom=0.00 mDebye, RMSE_MU_DERIV=0.00 mDebye / A, RMSE_ALPHA_per_atom=    0.10, RMSE_ALPHA_DERIV=    5.49
2025-07-12 22:23:48.451 INFO: Epoch 448: head: Default, loss=0.0019, RMSE_MU_per_atom=0.00 mDebye, RMSE_MU_DERIV=0.00 mDebye / A, RMSE_ALPHA_per_atom=    0.11, RMSE_ALPHA_DERIV=    5.46
2025-07-12 22:24:10.309 INFO: Epoch 449: head: Default, loss=0.0019, RMSE_MU_per_atom=0.00 mDebye, RMSE_MU_DERIV=0.00 mDebye / A, RMSE_ALPHA_per_atom=    0.11, RMSE_ALPHA_DERIV=    5.47
2025-07-12 22:24:32.163 INFO: Epoch 450: head: Default, loss=0.0018, RMSE_MU_per_atom=0.00 mDebye, RMSE_MU_DERIV=0.00 mDebye / A, RMSE_ALPHA_per_atom=    0.11, RMSE_ALPHA_DERIV=    5.47
2025-07-12 22:24:54.023 INFO: Epoch 451: head: Default, loss=0.0020, RMSE_MU_per_atom=0.00 mDebye, RMSE_MU_DERIV=0.00 mDebye / A, RMSE_ALPHA_per_atom=    0.11, RMSE_ALPHA_DERIV=    5.52
2025-07-12 22:25:15.899 INFO: Epoch 452: head: Default, loss=0.0017, RMSE_MU_per_atom=0.00 mDebye, RMSE_MU_DERIV=0.00 mDebye / A, RMSE_ALPHA_per_atom=    0.10, RMSE_ALPHA_DERIV=    5.50
2025-07-12 22:25:37.757 INFO: Epoch 453: head: Default, loss=0.0017, RMSE_MU_per_atom=0.00 mDebye, RMSE_MU_DERIV=0.00 mDebye / A, RMSE_ALPHA_per_atom=    0.10, RMSE_ALPHA_DERIV=    5.47
2025-07-12 22:25:59.593 INFO: Epoch 454: head: Default, loss=0.0018, RMSE_MU_per_atom=0.00 mDebye, RMSE_MU_DERIV=0.00 mDebye / A, RMSE_ALPHA_per_atom=    0.11, RMSE_ALPHA_DERIV=    5.49
2025-07-12 22:26:21.446 INFO: Epoch 455: head: Default, loss=0.0016, RMSE_MU_per_atom=0.00 mDebye, RMSE_MU_DERIV=0.00 mDebye / A, RMSE_ALPHA_per_atom=    0.10, RMSE_ALPHA_DERIV=    5.50
2025-07-12 22:26:43.293 INFO: Epoch 456: head: Default, loss=0.0019, RMSE_MU_per_atom=0.00 mDebye, RMSE_MU_DERIV=0.00 mDebye / A, RMSE_ALPHA_per_atom=    0.11, RMSE_ALPHA_DERIV=    5.51
2025-07-12 22:27:05.131 INFO: Epoch 457: head: Default, loss=0.0017, RMSE_MU_per_atom=0.00 mDebye, RMSE_MU_DERIV=0.00 mDebye / A, RMSE_ALPHA_per_atom=    0.10, RMSE_ALPHA_DERIV=    5.48
2025-07-12 22:27:26.979 INFO: Epoch 458: head: Default, loss=0.0017, RMSE_MU_per_atom=0.00 mDebye, RMSE_MU_DERIV=0.00 mDebye / A, RMSE_ALPHA_per_atom=    0.10, RMSE_ALPHA_DERIV=    5.50
2025-07-12 22:27:48.819 INFO: Epoch 459: head: Default, loss=0.0021, RMSE_MU_per_atom=0.00 mDebye, RMSE_MU_DERIV=0.00 mDebye / A, RMSE_ALPHA_per_atom=    0.11, RMSE_ALPHA_DERIV=    5.46
2025-07-12 22:28:10.660 INFO: Epoch 460: head: Default, loss=0.0018, RMSE_MU_per_atom=0.00 mDebye, RMSE_MU_DERIV=0.00 mDebye / A, RMSE_ALPHA_per_atom=    0.10, RMSE_ALPHA_DERIV=    5.46
2025-07-12 22:28:32.505 INFO: Epoch 461: head: Default, loss=0.0018, RMSE_MU_per_atom=0.00 mDebye, RMSE_MU_DERIV=0.00 mDebye / A, RMSE_ALPHA_per_atom=    0.11, RMSE_ALPHA_DERIV=    5.48
2025-07-12 22:28:54.347 INFO: Epoch 462: head: Default, loss=0.0019, RMSE_MU_per_atom=0.00 mDebye, RMSE_MU_DERIV=0.00 mDebye / A, RMSE_ALPHA_per_atom=    0.11, RMSE_ALPHA_DERIV=    5.49
2025-07-12 22:29:16.180 INFO: Epoch 463: head: Default, loss=0.0018, RMSE_MU_per_atom=0.00 mDebye, RMSE_MU_DERIV=0.00 mDebye / A, RMSE_ALPHA_per_atom=    0.10, RMSE_ALPHA_DERIV=    5.48
2025-07-12 22:29:38.031 INFO: Epoch 464: head: Default, loss=0.0019, RMSE_MU_per_atom=0.00 mDebye, RMSE_MU_DERIV=0.00 mDebye / A, RMSE_ALPHA_per_atom=    0.11, RMSE_ALPHA_DERIV=    5.47
2025-07-12 22:29:59.864 INFO: Epoch 465: head: Default, loss=0.0019, RMSE_MU_per_atom=0.00 mDebye, RMSE_MU_DERIV=0.00 mDebye / A, RMSE_ALPHA_per_atom=    0.11, RMSE_ALPHA_DERIV=    5.47
2025-07-12 22:30:21.705 INFO: Epoch 466: head: Default, loss=0.0018, RMSE_MU_per_atom=0.00 mDebye, RMSE_MU_DERIV=0.00 mDebye / A, RMSE_ALPHA_per_atom=    0.10, RMSE_ALPHA_DERIV=    5.49
2025-07-12 22:30:43.561 INFO: Epoch 467: head: Default, loss=0.0017, RMSE_MU_per_atom=0.00 mDebye, RMSE_MU_DERIV=0.00 mDebye / A, RMSE_ALPHA_per_atom=    0.10, RMSE_ALPHA_DERIV=    5.51
2025-07-12 22:31:05.409 INFO: Epoch 468: head: Default, loss=0.0018, RMSE_MU_per_atom=0.00 mDebye, RMSE_MU_DERIV=0.00 mDebye / A, RMSE_ALPHA_per_atom=    0.11, RMSE_ALPHA_DERIV=    5.51
2025-07-12 22:31:27.265 INFO: Epoch 469: head: Default, loss=0.0018, RMSE_MU_per_atom=0.00 mDebye, RMSE_MU_DERIV=0.00 mDebye / A, RMSE_ALPHA_per_atom=    0.10, RMSE_ALPHA_DERIV=    5.51
2025-07-12 22:31:49.107 INFO: Epoch 470: head: Default, loss=0.0018, RMSE_MU_per_atom=0.00 mDebye, RMSE_MU_DERIV=0.00 mDebye / A, RMSE_ALPHA_per_atom=    0.10, RMSE_ALPHA_DERIV=    5.49
2025-07-12 22:32:10.954 INFO: Epoch 471: head: Default, loss=0.0020, RMSE_MU_per_atom=0.00 mDebye, RMSE_MU_DERIV=0.00 mDebye / A, RMSE_ALPHA_per_atom=    0.11, RMSE_ALPHA_DERIV=    5.53
2025-07-12 22:32:32.798 INFO: Epoch 472: head: Default, loss=0.0016, RMSE_MU_per_atom=0.00 mDebye, RMSE_MU_DERIV=0.00 mDebye / A, RMSE_ALPHA_per_atom=    0.10, RMSE_ALPHA_DERIV=    5.48
2025-07-12 22:32:54.642 INFO: Epoch 473: head: Default, loss=0.0020, RMSE_MU_per_atom=0.00 mDebye, RMSE_MU_DERIV=0.00 mDebye / A, RMSE_ALPHA_per_atom=    0.11, RMSE_ALPHA_DERIV=    5.48
2025-07-12 22:33:16.481 INFO: Epoch 474: head: Default, loss=0.0018, RMSE_MU_per_atom=0.00 mDebye, RMSE_MU_DERIV=0.00 mDebye / A, RMSE_ALPHA_per_atom=    0.10, RMSE_ALPHA_DERIV=    5.51
2025-07-12 22:33:38.334 INFO: Epoch 475: head: Default, loss=0.0019, RMSE_MU_per_atom=0.00 mDebye, RMSE_MU_DERIV=0.00 mDebye / A, RMSE_ALPHA_per_atom=    0.11, RMSE_ALPHA_DERIV=    5.52
2025-07-12 22:34:00.180 INFO: Epoch 476: head: Default, loss=0.0019, RMSE_MU_per_atom=0.00 mDebye, RMSE_MU_DERIV=0.00 mDebye / A, RMSE_ALPHA_per_atom=    0.11, RMSE_ALPHA_DERIV=    5.53
2025-07-12 22:34:22.021 INFO: Epoch 477: head: Default, loss=0.0018, RMSE_MU_per_atom=0.00 mDebye, RMSE_MU_DERIV=0.00 mDebye / A, RMSE_ALPHA_per_atom=    0.10, RMSE_ALPHA_DERIV=    5.55
2025-07-12 22:34:43.877 INFO: Epoch 478: head: Default, loss=0.0018, RMSE_MU_per_atom=0.00 mDebye, RMSE_MU_DERIV=0.00 mDebye / A, RMSE_ALPHA_per_atom=    0.10, RMSE_ALPHA_DERIV=    5.52
2025-07-12 22:35:05.732 INFO: Epoch 479: head: Default, loss=0.0017, RMSE_MU_per_atom=0.00 mDebye, RMSE_MU_DERIV=0.00 mDebye / A, RMSE_ALPHA_per_atom=    0.10, RMSE_ALPHA_DERIV=    5.58
2025-07-12 22:35:27.575 INFO: Epoch 480: head: Default, loss=0.0017, RMSE_MU_per_atom=0.00 mDebye, RMSE_MU_DERIV=0.00 mDebye / A, RMSE_ALPHA_per_atom=    0.10, RMSE_ALPHA_DERIV=    5.53
2025-07-12 22:35:49.415 INFO: Epoch 481: head: Default, loss=0.0017, RMSE_MU_per_atom=0.00 mDebye, RMSE_MU_DERIV=0.00 mDebye / A, RMSE_ALPHA_per_atom=    0.10, RMSE_ALPHA_DERIV=    5.54
2025-07-12 22:36:11.260 INFO: Epoch 482: head: Default, loss=0.0021, RMSE_MU_per_atom=0.00 mDebye, RMSE_MU_DERIV=0.00 mDebye / A, RMSE_ALPHA_per_atom=    0.11, RMSE_ALPHA_DERIV=    5.51
2025-07-12 22:36:33.095 INFO: Epoch 483: head: Default, loss=0.0020, RMSE_MU_per_atom=0.00 mDebye, RMSE_MU_DERIV=0.00 mDebye / A, RMSE_ALPHA_per_atom=    0.11, RMSE_ALPHA_DERIV=    5.46
2025-07-12 22:36:54.932 INFO: Epoch 484: head: Default, loss=0.0020, RMSE_MU_per_atom=0.00 mDebye, RMSE_MU_DERIV=0.00 mDebye / A, RMSE_ALPHA_per_atom=    0.11, RMSE_ALPHA_DERIV=    5.47
2025-07-12 22:37:16.773 INFO: Epoch 485: head: Default, loss=0.0017, RMSE_MU_per_atom=0.00 mDebye, RMSE_MU_DERIV=0.00 mDebye / A, RMSE_ALPHA_per_atom=    0.10, RMSE_ALPHA_DERIV=    5.47
2025-07-12 22:37:38.627 INFO: Epoch 486: head: Default, loss=0.0018, RMSE_MU_per_atom=0.00 mDebye, RMSE_MU_DERIV=0.00 mDebye / A, RMSE_ALPHA_per_atom=    0.10, RMSE_ALPHA_DERIV=    5.48
2025-07-12 22:38:00.466 INFO: Epoch 487: head: Default, loss=0.0020, RMSE_MU_per_atom=0.00 mDebye, RMSE_MU_DERIV=0.00 mDebye / A, RMSE_ALPHA_per_atom=    0.11, RMSE_ALPHA_DERIV=    5.51
2025-07-12 22:38:22.313 INFO: Epoch 488: head: Default, loss=0.0019, RMSE_MU_per_atom=0.00 mDebye, RMSE_MU_DERIV=0.00 mDebye / A, RMSE_ALPHA_per_atom=    0.11, RMSE_ALPHA_DERIV=    5.46
2025-07-12 22:38:44.166 INFO: Epoch 489: head: Default, loss=0.0022, RMSE_MU_per_atom=0.00 mDebye, RMSE_MU_DERIV=0.00 mDebye / A, RMSE_ALPHA_per_atom=    0.11, RMSE_ALPHA_DERIV=    5.47
2025-07-12 22:39:05.995 INFO: Epoch 490: head: Default, loss=0.0018, RMSE_MU_per_atom=0.00 mDebye, RMSE_MU_DERIV=0.00 mDebye / A, RMSE_ALPHA_per_atom=    0.10, RMSE_ALPHA_DERIV=    5.53
2025-07-12 22:39:27.836 INFO: Epoch 491: head: Default, loss=0.0019, RMSE_MU_per_atom=0.00 mDebye, RMSE_MU_DERIV=0.00 mDebye / A, RMSE_ALPHA_per_atom=    0.11, RMSE_ALPHA_DERIV=    5.52
2025-07-12 22:39:49.671 INFO: Epoch 492: head: Default, loss=0.0021, RMSE_MU_per_atom=0.00 mDebye, RMSE_MU_DERIV=0.00 mDebye / A, RMSE_ALPHA_per_atom=    0.11, RMSE_ALPHA_DERIV=    5.49
2025-07-12 22:40:11.512 INFO: Epoch 493: head: Default, loss=0.0019, RMSE_MU_per_atom=0.00 mDebye, RMSE_MU_DERIV=0.00 mDebye / A, RMSE_ALPHA_per_atom=    0.11, RMSE_ALPHA_DERIV=    5.50
2025-07-12 22:40:33.369 INFO: Epoch 494: head: Default, loss=0.0019, RMSE_MU_per_atom=0.00 mDebye, RMSE_MU_DERIV=0.00 mDebye / A, RMSE_ALPHA_per_atom=    0.11, RMSE_ALPHA_DERIV=    5.51
2025-07-12 22:40:55.215 INFO: Epoch 495: head: Default, loss=0.0019, RMSE_MU_per_atom=0.00 mDebye, RMSE_MU_DERIV=0.00 mDebye / A, RMSE_ALPHA_per_atom=    0.11, RMSE_ALPHA_DERIV=    5.54
2025-07-12 22:41:17.051 INFO: Epoch 496: head: Default, loss=0.0017, RMSE_MU_per_atom=0.00 mDebye, RMSE_MU_DERIV=0.00 mDebye / A, RMSE_ALPHA_per_atom=    0.10, RMSE_ALPHA_DERIV=    5.53
2025-07-12 22:41:38.898 INFO: Epoch 497: head: Default, loss=0.0019, RMSE_MU_per_atom=0.00 mDebye, RMSE_MU_DERIV=0.00 mDebye / A, RMSE_ALPHA_per_atom=    0.11, RMSE_ALPHA_DERIV=    5.51
2025-07-12 22:42:00.728 INFO: Epoch 498: head: Default, loss=0.0022, RMSE_MU_per_atom=0.00 mDebye, RMSE_MU_DERIV=0.00 mDebye / A, RMSE_ALPHA_per_atom=    0.11, RMSE_ALPHA_DERIV=    5.47
2025-07-12 22:42:22.573 INFO: Epoch 499: head: Default, loss=0.0019, RMSE_MU_per_atom=0.00 mDebye, RMSE_MU_DERIV=0.00 mDebye / A, RMSE_ALPHA_per_atom=    0.11, RMSE_ALPHA_DERIV=    5.51
2025-07-12 22:42:44.423 INFO: Epoch 500: head: Default, loss=0.0019, RMSE_MU_per_atom=0.00 mDebye, RMSE_MU_DERIV=0.00 mDebye / A, RMSE_ALPHA_per_atom=    0.11, RMSE_ALPHA_DERIV=    5.51
2025-07-12 22:43:06.267 INFO: Epoch 501: head: Default, loss=0.0018, RMSE_MU_per_atom=0.00 mDebye, RMSE_MU_DERIV=0.00 mDebye / A, RMSE_ALPHA_per_atom=    0.10, RMSE_ALPHA_DERIV=    5.51
2025-07-12 22:43:28.113 INFO: Epoch 502: head: Default, loss=0.0019, RMSE_MU_per_atom=0.00 mDebye, RMSE_MU_DERIV=0.00 mDebye / A, RMSE_ALPHA_per_atom=    0.11, RMSE_ALPHA_DERIV=    5.52
2025-07-12 22:43:49.952 INFO: Epoch 503: head: Default, loss=0.0019, RMSE_MU_per_atom=0.00 mDebye, RMSE_MU_DERIV=0.00 mDebye / A, RMSE_ALPHA_per_atom=    0.11, RMSE_ALPHA_DERIV=    5.53
2025-07-12 22:44:11.793 INFO: Epoch 504: head: Default, loss=0.0019, RMSE_MU_per_atom=0.00 mDebye, RMSE_MU_DERIV=0.00 mDebye / A, RMSE_ALPHA_per_atom=    0.11, RMSE_ALPHA_DERIV=    5.54
2025-07-12 22:44:33.633 INFO: Epoch 505: head: Default, loss=0.0022, RMSE_MU_per_atom=0.00 mDebye, RMSE_MU_DERIV=0.00 mDebye / A, RMSE_ALPHA_per_atom=    0.11, RMSE_ALPHA_DERIV=    5.48
2025-07-12 22:44:55.482 INFO: Epoch 506: head: Default, loss=0.0018, RMSE_MU_per_atom=0.00 mDebye, RMSE_MU_DERIV=0.00 mDebye / A, RMSE_ALPHA_per_atom=    0.10, RMSE_ALPHA_DERIV=    5.51
2025-07-12 22:45:17.330 INFO: Epoch 507: head: Default, loss=0.0021, RMSE_MU_per_atom=0.00 mDebye, RMSE_MU_DERIV=0.00 mDebye / A, RMSE_ALPHA_per_atom=    0.11, RMSE_ALPHA_DERIV=    5.52
2025-07-12 22:45:39.179 INFO: Epoch 508: head: Default, loss=0.0020, RMSE_MU_per_atom=0.00 mDebye, RMSE_MU_DERIV=0.00 mDebye / A, RMSE_ALPHA_per_atom=    0.11, RMSE_ALPHA_DERIV=    5.55
2025-07-12 22:46:01.029 INFO: Epoch 509: head: Default, loss=0.0018, RMSE_MU_per_atom=0.00 mDebye, RMSE_MU_DERIV=0.00 mDebye / A, RMSE_ALPHA_per_atom=    0.10, RMSE_ALPHA_DERIV=    5.52
2025-07-12 22:46:22.874 INFO: Epoch 510: head: Default, loss=0.0020, RMSE_MU_per_atom=0.00 mDebye, RMSE_MU_DERIV=0.00 mDebye / A, RMSE_ALPHA_per_atom=    0.11, RMSE_ALPHA_DERIV=    5.54
2025-07-12 22:46:44.729 INFO: Epoch 511: head: Default, loss=0.0020, RMSE_MU_per_atom=0.00 mDebye, RMSE_MU_DERIV=0.00 mDebye / A, RMSE_ALPHA_per_atom=    0.11, RMSE_ALPHA_DERIV=    5.55
2025-07-12 22:47:06.573 INFO: Epoch 512: head: Default, loss=0.0019, RMSE_MU_per_atom=0.00 mDebye, RMSE_MU_DERIV=0.00 mDebye / A, RMSE_ALPHA_per_atom=    0.11, RMSE_ALPHA_DERIV=    5.54
2025-07-12 22:47:28.416 INFO: Epoch 513: head: Default, loss=0.0018, RMSE_MU_per_atom=0.00 mDebye, RMSE_MU_DERIV=0.00 mDebye / A, RMSE_ALPHA_per_atom=    0.10, RMSE_ALPHA_DERIV=    5.56
2025-07-12 22:47:50.263 INFO: Epoch 514: head: Default, loss=0.0020, RMSE_MU_per_atom=0.00 mDebye, RMSE_MU_DERIV=0.00 mDebye / A, RMSE_ALPHA_per_atom=    0.11, RMSE_ALPHA_DERIV=    5.53
2025-07-12 22:48:12.113 INFO: Epoch 515: head: Default, loss=0.0019, RMSE_MU_per_atom=0.00 mDebye, RMSE_MU_DERIV=0.00 mDebye / A, RMSE_ALPHA_per_atom=    0.11, RMSE_ALPHA_DERIV=    5.53
2025-07-12 22:48:33.970 INFO: Epoch 516: head: Default, loss=0.0023, RMSE_MU_per_atom=0.00 mDebye, RMSE_MU_DERIV=0.00 mDebye / A, RMSE_ALPHA_per_atom=    0.12, RMSE_ALPHA_DERIV=    5.50
2025-07-12 22:48:55.826 INFO: Epoch 517: head: Default, loss=0.0017, RMSE_MU_per_atom=0.00 mDebye, RMSE_MU_DERIV=0.00 mDebye / A, RMSE_ALPHA_per_atom=    0.10, RMSE_ALPHA_DERIV=    5.55
2025-07-12 22:49:17.664 INFO: Epoch 518: head: Default, loss=0.0019, RMSE_MU_per_atom=0.00 mDebye, RMSE_MU_DERIV=0.00 mDebye / A, RMSE_ALPHA_per_atom=    0.11, RMSE_ALPHA_DERIV=    5.57
2025-07-12 22:49:39.506 INFO: Epoch 519: head: Default, loss=0.0018, RMSE_MU_per_atom=0.00 mDebye, RMSE_MU_DERIV=0.00 mDebye / A, RMSE_ALPHA_per_atom=    0.10, RMSE_ALPHA_DERIV=    5.54
2025-07-12 22:50:01.345 INFO: Epoch 520: head: Default, loss=0.0019, RMSE_MU_per_atom=0.00 mDebye, RMSE_MU_DERIV=0.00 mDebye / A, RMSE_ALPHA_per_atom=    0.11, RMSE_ALPHA_DERIV=    5.54
2025-07-12 22:50:23.196 INFO: Epoch 521: head: Default, loss=0.0020, RMSE_MU_per_atom=0.00 mDebye, RMSE_MU_DERIV=0.00 mDebye / A, RMSE_ALPHA_per_atom=    0.11, RMSE_ALPHA_DERIV=    5.54
2025-07-12 22:50:45.052 INFO: Epoch 522: head: Default, loss=0.0018, RMSE_MU_per_atom=0.00 mDebye, RMSE_MU_DERIV=0.00 mDebye / A, RMSE_ALPHA_per_atom=    0.10, RMSE_ALPHA_DERIV=    5.56
2025-07-12 22:51:06.890 INFO: Epoch 523: head: Default, loss=0.0018, RMSE_MU_per_atom=0.00 mDebye, RMSE_MU_DERIV=0.00 mDebye / A, RMSE_ALPHA_per_atom=    0.11, RMSE_ALPHA_DERIV=    5.57
2025-07-12 22:51:28.741 INFO: Epoch 524: head: Default, loss=0.0019, RMSE_MU_per_atom=0.00 mDebye, RMSE_MU_DERIV=0.00 mDebye / A, RMSE_ALPHA_per_atom=    0.11, RMSE_ALPHA_DERIV=    5.55
2025-07-12 22:51:50.585 INFO: Epoch 525: head: Default, loss=0.0019, RMSE_MU_per_atom=0.00 mDebye, RMSE_MU_DERIV=0.00 mDebye / A, RMSE_ALPHA_per_atom=    0.11, RMSE_ALPHA_DERIV=    5.52
2025-07-12 22:52:12.439 INFO: Epoch 526: head: Default, loss=0.0019, RMSE_MU_per_atom=0.00 mDebye, RMSE_MU_DERIV=0.00 mDebye / A, RMSE_ALPHA_per_atom=    0.11, RMSE_ALPHA_DERIV=    5.55
2025-07-12 22:52:34.286 INFO: Epoch 527: head: Default, loss=0.0020, RMSE_MU_per_atom=0.00 mDebye, RMSE_MU_DERIV=0.00 mDebye / A, RMSE_ALPHA_per_atom=    0.11, RMSE_ALPHA_DERIV=    5.55
2025-07-12 22:52:56.124 INFO: Epoch 528: head: Default, loss=0.0019, RMSE_MU_per_atom=0.00 mDebye, RMSE_MU_DERIV=0.00 mDebye / A, RMSE_ALPHA_per_atom=    0.11, RMSE_ALPHA_DERIV=    5.55
2025-07-12 22:53:17.960 INFO: Epoch 529: head: Default, loss=0.0021, RMSE_MU_per_atom=0.00 mDebye, RMSE_MU_DERIV=0.00 mDebye / A, RMSE_ALPHA_per_atom=    0.11, RMSE_ALPHA_DERIV=    5.51
2025-07-12 22:53:39.803 INFO: Epoch 530: head: Default, loss=0.0019, RMSE_MU_per_atom=0.00 mDebye, RMSE_MU_DERIV=0.00 mDebye / A, RMSE_ALPHA_per_atom=    0.11, RMSE_ALPHA_DERIV=    5.52
2025-07-12 22:54:01.650 INFO: Epoch 531: head: Default, loss=0.0022, RMSE_MU_per_atom=0.00 mDebye, RMSE_MU_DERIV=0.00 mDebye / A, RMSE_ALPHA_per_atom=    0.11, RMSE_ALPHA_DERIV=    5.52
2025-07-12 22:54:23.500 INFO: Epoch 532: head: Default, loss=0.0016, RMSE_MU_per_atom=0.00 mDebye, RMSE_MU_DERIV=0.00 mDebye / A, RMSE_ALPHA_per_atom=    0.10, RMSE_ALPHA_DERIV=    5.53
2025-07-12 22:54:45.344 INFO: Epoch 533: head: Default, loss=0.0019, RMSE_MU_per_atom=0.00 mDebye, RMSE_MU_DERIV=0.00 mDebye / A, RMSE_ALPHA_per_atom=    0.11, RMSE_ALPHA_DERIV=    5.57
2025-07-12 22:55:07.183 INFO: Epoch 534: head: Default, loss=0.0018, RMSE_MU_per_atom=0.00 mDebye, RMSE_MU_DERIV=0.00 mDebye / A, RMSE_ALPHA_per_atom=    0.10, RMSE_ALPHA_DERIV=    5.57
2025-07-12 22:55:29.023 INFO: Epoch 535: head: Default, loss=0.0018, RMSE_MU_per_atom=0.00 mDebye, RMSE_MU_DERIV=0.00 mDebye / A, RMSE_ALPHA_per_atom=    0.10, RMSE_ALPHA_DERIV=    5.52
2025-07-12 22:55:50.865 INFO: Epoch 536: head: Default, loss=0.0020, RMSE_MU_per_atom=0.00 mDebye, RMSE_MU_DERIV=0.00 mDebye / A, RMSE_ALPHA_per_atom=    0.11, RMSE_ALPHA_DERIV=    5.56
2025-07-12 22:56:12.717 INFO: Epoch 537: head: Default, loss=0.0020, RMSE_MU_per_atom=0.00 mDebye, RMSE_MU_DERIV=0.00 mDebye / A, RMSE_ALPHA_per_atom=    0.11, RMSE_ALPHA_DERIV=    5.54
2025-07-12 22:56:34.558 INFO: Epoch 538: head: Default, loss=0.0020, RMSE_MU_per_atom=0.00 mDebye, RMSE_MU_DERIV=0.00 mDebye / A, RMSE_ALPHA_per_atom=    0.11, RMSE_ALPHA_DERIV=    5.54
2025-07-12 22:56:56.394 INFO: Epoch 539: head: Default, loss=0.0018, RMSE_MU_per_atom=0.00 mDebye, RMSE_MU_DERIV=0.00 mDebye / A, RMSE_ALPHA_per_atom=    0.11, RMSE_ALPHA_DERIV=    5.57
2025-07-12 22:57:18.231 INFO: Epoch 540: head: Default, loss=0.0020, RMSE_MU_per_atom=0.00 mDebye, RMSE_MU_DERIV=0.00 mDebye / A, RMSE_ALPHA_per_atom=    0.11, RMSE_ALPHA_DERIV=    5.55
2025-07-12 22:57:40.073 INFO: Epoch 541: head: Default, loss=0.0019, RMSE_MU_per_atom=0.00 mDebye, RMSE_MU_DERIV=0.00 mDebye / A, RMSE_ALPHA_per_atom=    0.11, RMSE_ALPHA_DERIV=    5.54
2025-07-12 22:58:01.930 INFO: Epoch 542: head: Default, loss=0.0020, RMSE_MU_per_atom=0.00 mDebye, RMSE_MU_DERIV=0.00 mDebye / A, RMSE_ALPHA_per_atom=    0.11, RMSE_ALPHA_DERIV=    5.55
2025-07-12 22:58:23.771 INFO: Epoch 543: head: Default, loss=0.0019, RMSE_MU_per_atom=0.00 mDebye, RMSE_MU_DERIV=0.00 mDebye / A, RMSE_ALPHA_per_atom=    0.11, RMSE_ALPHA_DERIV=    5.60
2025-07-12 22:58:45.621 INFO: Epoch 544: head: Default, loss=0.0020, RMSE_MU_per_atom=0.00 mDebye, RMSE_MU_DERIV=0.00 mDebye / A, RMSE_ALPHA_per_atom=    0.11, RMSE_ALPHA_DERIV=    5.57
2025-07-12 22:59:07.463 INFO: Epoch 545: head: Default, loss=0.0019, RMSE_MU_per_atom=0.00 mDebye, RMSE_MU_DERIV=0.00 mDebye / A, RMSE_ALPHA_per_atom=    0.11, RMSE_ALPHA_DERIV=    5.57
2025-07-12 22:59:29.317 INFO: Epoch 546: head: Default, loss=0.0019, RMSE_MU_per_atom=0.00 mDebye, RMSE_MU_DERIV=0.00 mDebye / A, RMSE_ALPHA_per_atom=    0.11, RMSE_ALPHA_DERIV=    5.56
2025-07-12 22:59:51.165 INFO: Epoch 547: head: Default, loss=0.0019, RMSE_MU_per_atom=0.00 mDebye, RMSE_MU_DERIV=0.00 mDebye / A, RMSE_ALPHA_per_atom=    0.11, RMSE_ALPHA_DERIV=    5.58
2025-07-12 23:00:13.011 INFO: Epoch 548: head: Default, loss=0.0018, RMSE_MU_per_atom=0.00 mDebye, RMSE_MU_DERIV=0.00 mDebye / A, RMSE_ALPHA_per_atom=    0.11, RMSE_ALPHA_DERIV=    5.58
2025-07-12 23:00:34.850 INFO: Epoch 549: head: Default, loss=0.0018, RMSE_MU_per_atom=0.00 mDebye, RMSE_MU_DERIV=0.00 mDebye / A, RMSE_ALPHA_per_atom=    0.10, RMSE_ALPHA_DERIV=    5.55
2025-07-12 23:00:56.699 INFO: Epoch 550: head: Default, loss=0.0020, RMSE_MU_per_atom=0.00 mDebye, RMSE_MU_DERIV=0.00 mDebye / A, RMSE_ALPHA_per_atom=    0.11, RMSE_ALPHA_DERIV=    5.56
2025-07-12 23:01:18.561 INFO: Epoch 551: head: Default, loss=0.0018, RMSE_MU_per_atom=0.00 mDebye, RMSE_MU_DERIV=0.00 mDebye / A, RMSE_ALPHA_per_atom=    0.10, RMSE_ALPHA_DERIV=    5.56
2025-07-12 23:01:40.407 INFO: Epoch 552: head: Default, loss=0.0019, RMSE_MU_per_atom=0.00 mDebye, RMSE_MU_DERIV=0.00 mDebye / A, RMSE_ALPHA_per_atom=    0.11, RMSE_ALPHA_DERIV=    5.56
2025-07-12 23:02:02.254 INFO: Epoch 553: head: Default, loss=0.0019, RMSE_MU_per_atom=0.00 mDebye, RMSE_MU_DERIV=0.00 mDebye / A, RMSE_ALPHA_per_atom=    0.11, RMSE_ALPHA_DERIV=    5.59
2025-07-12 23:02:24.100 INFO: Epoch 554: head: Default, loss=0.0019, RMSE_MU_per_atom=0.00 mDebye, RMSE_MU_DERIV=0.00 mDebye / A, RMSE_ALPHA_per_atom=    0.11, RMSE_ALPHA_DERIV=    5.58
2025-07-12 23:02:45.951 INFO: Epoch 555: head: Default, loss=0.0018, RMSE_MU_per_atom=0.00 mDebye, RMSE_MU_DERIV=0.00 mDebye / A, RMSE_ALPHA_per_atom=    0.11, RMSE_ALPHA_DERIV=    5.59
2025-07-12 23:03:07.796 INFO: Epoch 556: head: Default, loss=0.0020, RMSE_MU_per_atom=0.00 mDebye, RMSE_MU_DERIV=0.00 mDebye / A, RMSE_ALPHA_per_atom=    0.11, RMSE_ALPHA_DERIV=    5.57
2025-07-12 23:03:29.644 INFO: Epoch 557: head: Default, loss=0.0018, RMSE_MU_per_atom=0.00 mDebye, RMSE_MU_DERIV=0.00 mDebye / A, RMSE_ALPHA_per_atom=    0.11, RMSE_ALPHA_DERIV=    5.59
2025-07-12 23:03:51.483 INFO: Epoch 558: head: Default, loss=0.0019, RMSE_MU_per_atom=0.00 mDebye, RMSE_MU_DERIV=0.00 mDebye / A, RMSE_ALPHA_per_atom=    0.11, RMSE_ALPHA_DERIV=    5.59
2025-07-12 23:04:13.333 INFO: Epoch 559: head: Default, loss=0.0018, RMSE_MU_per_atom=0.00 mDebye, RMSE_MU_DERIV=0.00 mDebye / A, RMSE_ALPHA_per_atom=    0.10, RMSE_ALPHA_DERIV=    5.59
2025-07-12 23:04:35.173 INFO: Epoch 560: head: Default, loss=0.0018, RMSE_MU_per_atom=0.00 mDebye, RMSE_MU_DERIV=0.00 mDebye / A, RMSE_ALPHA_per_atom=    0.10, RMSE_ALPHA_DERIV=    5.60
2025-07-12 23:04:57.020 INFO: Epoch 561: head: Default, loss=0.0020, RMSE_MU_per_atom=0.00 mDebye, RMSE_MU_DERIV=0.00 mDebye / A, RMSE_ALPHA_per_atom=    0.11, RMSE_ALPHA_DERIV=    5.57
2025-07-12 23:05:18.867 INFO: Epoch 562: head: Default, loss=0.0019, RMSE_MU_per_atom=0.00 mDebye, RMSE_MU_DERIV=0.00 mDebye / A, RMSE_ALPHA_per_atom=    0.11, RMSE_ALPHA_DERIV=    5.59
2025-07-12 23:05:40.709 INFO: Epoch 563: head: Default, loss=0.0018, RMSE_MU_per_atom=0.00 mDebye, RMSE_MU_DERIV=0.00 mDebye / A, RMSE_ALPHA_per_atom=    0.10, RMSE_ALPHA_DERIV=    5.60
2025-07-12 23:06:02.549 INFO: Epoch 564: head: Default, loss=0.0019, RMSE_MU_per_atom=0.00 mDebye, RMSE_MU_DERIV=0.00 mDebye / A, RMSE_ALPHA_per_atom=    0.11, RMSE_ALPHA_DERIV=    5.58
2025-07-12 23:06:24.404 INFO: Epoch 565: head: Default, loss=0.0019, RMSE_MU_per_atom=0.00 mDebye, RMSE_MU_DERIV=0.00 mDebye / A, RMSE_ALPHA_per_atom=    0.11, RMSE_ALPHA_DERIV=    5.58
2025-07-12 23:06:46.256 INFO: Epoch 566: head: Default, loss=0.0019, RMSE_MU_per_atom=0.00 mDebye, RMSE_MU_DERIV=0.00 mDebye / A, RMSE_ALPHA_per_atom=    0.11, RMSE_ALPHA_DERIV=    5.59
2025-07-12 23:07:08.104 INFO: Epoch 567: head: Default, loss=0.0019, RMSE_MU_per_atom=0.00 mDebye, RMSE_MU_DERIV=0.00 mDebye / A, RMSE_ALPHA_per_atom=    0.11, RMSE_ALPHA_DERIV=    5.61
2025-07-12 23:07:29.950 INFO: Epoch 568: head: Default, loss=0.0019, RMSE_MU_per_atom=0.00 mDebye, RMSE_MU_DERIV=0.00 mDebye / A, RMSE_ALPHA_per_atom=    0.11, RMSE_ALPHA_DERIV=    5.59
2025-07-12 23:07:51.791 INFO: Epoch 569: head: Default, loss=0.0019, RMSE_MU_per_atom=0.00 mDebye, RMSE_MU_DERIV=0.00 mDebye / A, RMSE_ALPHA_per_atom=    0.11, RMSE_ALPHA_DERIV=    5.59
2025-07-12 23:08:13.647 INFO: Epoch 570: head: Default, loss=0.0019, RMSE_MU_per_atom=0.00 mDebye, RMSE_MU_DERIV=0.00 mDebye / A, RMSE_ALPHA_per_atom=    0.11, RMSE_ALPHA_DERIV=    5.59
2025-07-12 23:08:35.482 INFO: Epoch 571: head: Default, loss=0.0021, RMSE_MU_per_atom=0.00 mDebye, RMSE_MU_DERIV=0.00 mDebye / A, RMSE_ALPHA_per_atom=    0.11, RMSE_ALPHA_DERIV=    5.59
2025-07-12 23:08:57.328 INFO: Epoch 572: head: Default, loss=0.0019, RMSE_MU_per_atom=0.00 mDebye, RMSE_MU_DERIV=0.00 mDebye / A, RMSE_ALPHA_per_atom=    0.11, RMSE_ALPHA_DERIV=    5.60
2025-07-12 23:09:19.190 INFO: Epoch 573: head: Default, loss=0.0018, RMSE_MU_per_atom=0.00 mDebye, RMSE_MU_DERIV=0.00 mDebye / A, RMSE_ALPHA_per_atom=    0.10, RMSE_ALPHA_DERIV=    5.61
2025-07-12 23:09:41.045 INFO: Epoch 574: head: Default, loss=0.0018, RMSE_MU_per_atom=0.00 mDebye, RMSE_MU_DERIV=0.00 mDebye / A, RMSE_ALPHA_per_atom=    0.10, RMSE_ALPHA_DERIV=    5.62
2025-07-12 23:10:02.880 INFO: Epoch 575: head: Default, loss=0.0021, RMSE_MU_per_atom=0.00 mDebye, RMSE_MU_DERIV=0.00 mDebye / A, RMSE_ALPHA_per_atom=    0.11, RMSE_ALPHA_DERIV=    5.60
2025-07-12 23:10:24.728 INFO: Epoch 576: head: Default, loss=0.0022, RMSE_MU_per_atom=0.00 mDebye, RMSE_MU_DERIV=0.00 mDebye / A, RMSE_ALPHA_per_atom=    0.11, RMSE_ALPHA_DERIV=    5.59
2025-07-12 23:10:46.576 INFO: Epoch 577: head: Default, loss=0.0018, RMSE_MU_per_atom=0.00 mDebye, RMSE_MU_DERIV=0.00 mDebye / A, RMSE_ALPHA_per_atom=    0.11, RMSE_ALPHA_DERIV=    5.61
2025-07-12 23:11:08.420 INFO: Epoch 578: head: Default, loss=0.0020, RMSE_MU_per_atom=0.00 mDebye, RMSE_MU_DERIV=0.00 mDebye / A, RMSE_ALPHA_per_atom=    0.11, RMSE_ALPHA_DERIV=    5.61
2025-07-12 23:11:30.266 INFO: Epoch 579: head: Default, loss=0.0021, RMSE_MU_per_atom=0.00 mDebye, RMSE_MU_DERIV=0.00 mDebye / A, RMSE_ALPHA_per_atom=    0.11, RMSE_ALPHA_DERIV=    5.59
2025-07-12 23:11:52.108 INFO: Epoch 580: head: Default, loss=0.0019, RMSE_MU_per_atom=0.00 mDebye, RMSE_MU_DERIV=0.00 mDebye / A, RMSE_ALPHA_per_atom=    0.11, RMSE_ALPHA_DERIV=    5.59
2025-07-12 23:12:13.952 INFO: Epoch 581: head: Default, loss=0.0019, RMSE_MU_per_atom=0.00 mDebye, RMSE_MU_DERIV=0.00 mDebye / A, RMSE_ALPHA_per_atom=    0.11, RMSE_ALPHA_DERIV=    5.61
2025-07-12 23:12:35.786 INFO: Epoch 582: head: Default, loss=0.0019, RMSE_MU_per_atom=0.00 mDebye, RMSE_MU_DERIV=0.00 mDebye / A, RMSE_ALPHA_per_atom=    0.11, RMSE_ALPHA_DERIV=    5.61
2025-07-12 23:12:57.634 INFO: Epoch 583: head: Default, loss=0.0021, RMSE_MU_per_atom=0.00 mDebye, RMSE_MU_DERIV=0.00 mDebye / A, RMSE_ALPHA_per_atom=    0.11, RMSE_ALPHA_DERIV=    5.58
2025-07-12 23:13:19.482 INFO: Epoch 584: head: Default, loss=0.0018, RMSE_MU_per_atom=0.00 mDebye, RMSE_MU_DERIV=0.00 mDebye / A, RMSE_ALPHA_per_atom=    0.10, RMSE_ALPHA_DERIV=    5.61
2025-07-12 23:13:41.330 INFO: Epoch 585: head: Default, loss=0.0020, RMSE_MU_per_atom=0.00 mDebye, RMSE_MU_DERIV=0.00 mDebye / A, RMSE_ALPHA_per_atom=    0.11, RMSE_ALPHA_DERIV=    5.62
2025-07-12 23:14:03.158 INFO: Epoch 586: head: Default, loss=0.0018, RMSE_MU_per_atom=0.00 mDebye, RMSE_MU_DERIV=0.00 mDebye / A, RMSE_ALPHA_per_atom=    0.10, RMSE_ALPHA_DERIV=    5.62
2025-07-12 23:14:24.995 INFO: Epoch 587: head: Default, loss=0.0019, RMSE_MU_per_atom=0.00 mDebye, RMSE_MU_DERIV=0.00 mDebye / A, RMSE_ALPHA_per_atom=    0.11, RMSE_ALPHA_DERIV=    5.62
2025-07-12 23:14:46.839 INFO: Epoch 588: head: Default, loss=0.0020, RMSE_MU_per_atom=0.00 mDebye, RMSE_MU_DERIV=0.00 mDebye / A, RMSE_ALPHA_per_atom=    0.11, RMSE_ALPHA_DERIV=    5.61
2025-07-12 23:15:08.683 INFO: Epoch 589: head: Default, loss=0.0018, RMSE_MU_per_atom=0.00 mDebye, RMSE_MU_DERIV=0.00 mDebye / A, RMSE_ALPHA_per_atom=    0.10, RMSE_ALPHA_DERIV=    5.61
2025-07-12 23:15:30.520 INFO: Epoch 590: head: Default, loss=0.0021, RMSE_MU_per_atom=0.00 mDebye, RMSE_MU_DERIV=0.00 mDebye / A, RMSE_ALPHA_per_atom=    0.11, RMSE_ALPHA_DERIV=    5.60
2025-07-12 23:15:52.360 INFO: Epoch 591: head: Default, loss=0.0020, RMSE_MU_per_atom=0.00 mDebye, RMSE_MU_DERIV=0.00 mDebye / A, RMSE_ALPHA_per_atom=    0.11, RMSE_ALPHA_DERIV=    5.63
2025-07-12 23:16:14.205 INFO: Epoch 592: head: Default, loss=0.0020, RMSE_MU_per_atom=0.00 mDebye, RMSE_MU_DERIV=0.00 mDebye / A, RMSE_ALPHA_per_atom=    0.11, RMSE_ALPHA_DERIV=    5.61
2025-07-12 23:16:36.040 INFO: Epoch 593: head: Default, loss=0.0020, RMSE_MU_per_atom=0.00 mDebye, RMSE_MU_DERIV=0.00 mDebye / A, RMSE_ALPHA_per_atom=    0.11, RMSE_ALPHA_DERIV=    5.59
2025-07-12 23:16:57.875 INFO: Epoch 594: head: Default, loss=0.0019, RMSE_MU_per_atom=0.00 mDebye, RMSE_MU_DERIV=0.00 mDebye / A, RMSE_ALPHA_per_atom=    0.11, RMSE_ALPHA_DERIV=    5.61
2025-07-12 23:17:19.712 INFO: Epoch 595: head: Default, loss=0.0020, RMSE_MU_per_atom=0.00 mDebye, RMSE_MU_DERIV=0.00 mDebye / A, RMSE_ALPHA_per_atom=    0.11, RMSE_ALPHA_DERIV=    5.59
2025-07-12 23:17:41.560 INFO: Epoch 596: head: Default, loss=0.0017, RMSE_MU_per_atom=0.00 mDebye, RMSE_MU_DERIV=0.00 mDebye / A, RMSE_ALPHA_per_atom=    0.10, RMSE_ALPHA_DERIV=    5.63
2025-07-12 23:18:03.397 INFO: Epoch 597: head: Default, loss=0.0020, RMSE_MU_per_atom=0.00 mDebye, RMSE_MU_DERIV=0.00 mDebye / A, RMSE_ALPHA_per_atom=    0.11, RMSE_ALPHA_DERIV=    5.61
2025-07-12 23:18:25.242 INFO: Epoch 598: head: Default, loss=0.0022, RMSE_MU_per_atom=0.00 mDebye, RMSE_MU_DERIV=0.00 mDebye / A, RMSE_ALPHA_per_atom=    0.12, RMSE_ALPHA_DERIV=    5.58
2025-07-12 23:18:47.091 INFO: Epoch 599: head: Default, loss=0.0017, RMSE_MU_per_atom=0.00 mDebye, RMSE_MU_DERIV=0.00 mDebye / A, RMSE_ALPHA_per_atom=    0.10, RMSE_ALPHA_DERIV=    5.64
2025-07-12 23:19:08.935 INFO: Epoch 600: head: Default, loss=0.0022, RMSE_MU_per_atom=0.00 mDebye, RMSE_MU_DERIV=0.00 mDebye / A, RMSE_ALPHA_per_atom=    0.12, RMSE_ALPHA_DERIV=    5.63
2025-07-12 23:19:30.781 INFO: Epoch 601: head: Default, loss=0.0019, RMSE_MU_per_atom=0.00 mDebye, RMSE_MU_DERIV=0.00 mDebye / A, RMSE_ALPHA_per_atom=    0.11, RMSE_ALPHA_DERIV=    5.60
2025-07-12 23:19:52.637 INFO: Epoch 602: head: Default, loss=0.0021, RMSE_MU_per_atom=0.00 mDebye, RMSE_MU_DERIV=0.00 mDebye / A, RMSE_ALPHA_per_atom=    0.11, RMSE_ALPHA_DERIV=    5.62
2025-07-12 23:20:14.484 INFO: Epoch 603: head: Default, loss=0.0019, RMSE_MU_per_atom=0.00 mDebye, RMSE_MU_DERIV=0.00 mDebye / A, RMSE_ALPHA_per_atom=    0.11, RMSE_ALPHA_DERIV=    5.64
2025-07-12 23:20:36.327 INFO: Epoch 604: head: Default, loss=0.0019, RMSE_MU_per_atom=0.00 mDebye, RMSE_MU_DERIV=0.00 mDebye / A, RMSE_ALPHA_per_atom=    0.11, RMSE_ALPHA_DERIV=    5.62
2025-07-12 23:20:58.171 INFO: Epoch 605: head: Default, loss=0.0020, RMSE_MU_per_atom=0.00 mDebye, RMSE_MU_DERIV=0.00 mDebye / A, RMSE_ALPHA_per_atom=    0.11, RMSE_ALPHA_DERIV=    5.59
2025-07-12 23:21:20.010 INFO: Epoch 606: head: Default, loss=0.0020, RMSE_MU_per_atom=0.00 mDebye, RMSE_MU_DERIV=0.00 mDebye / A, RMSE_ALPHA_per_atom=    0.11, RMSE_ALPHA_DERIV=    5.61
2025-07-12 23:21:41.846 INFO: Epoch 607: head: Default, loss=0.0019, RMSE_MU_per_atom=0.00 mDebye, RMSE_MU_DERIV=0.00 mDebye / A, RMSE_ALPHA_per_atom=    0.11, RMSE_ALPHA_DERIV=    5.61
2025-07-12 23:22:03.690 INFO: Epoch 608: head: Default, loss=0.0020, RMSE_MU_per_atom=0.00 mDebye, RMSE_MU_DERIV=0.00 mDebye / A, RMSE_ALPHA_per_atom=    0.11, RMSE_ALPHA_DERIV=    5.60
2025-07-12 23:22:25.533 INFO: Epoch 609: head: Default, loss=0.0020, RMSE_MU_per_atom=0.00 mDebye, RMSE_MU_DERIV=0.00 mDebye / A, RMSE_ALPHA_per_atom=    0.11, RMSE_ALPHA_DERIV=    5.62
2025-07-12 23:22:47.376 INFO: Epoch 610: head: Default, loss=0.0018, RMSE_MU_per_atom=0.00 mDebye, RMSE_MU_DERIV=0.00 mDebye / A, RMSE_ALPHA_per_atom=    0.11, RMSE_ALPHA_DERIV=    5.63
2025-07-12 23:23:09.209 INFO: Epoch 611: head: Default, loss=0.0020, RMSE_MU_per_atom=0.00 mDebye, RMSE_MU_DERIV=0.00 mDebye / A, RMSE_ALPHA_per_atom=    0.11, RMSE_ALPHA_DERIV=    5.62
2025-07-12 23:23:31.058 INFO: Epoch 612: head: Default, loss=0.0020, RMSE_MU_per_atom=0.00 mDebye, RMSE_MU_DERIV=0.00 mDebye / A, RMSE_ALPHA_per_atom=    0.11, RMSE_ALPHA_DERIV=    5.61
2025-07-12 23:23:52.887 INFO: Epoch 613: head: Default, loss=0.0019, RMSE_MU_per_atom=0.00 mDebye, RMSE_MU_DERIV=0.00 mDebye / A, RMSE_ALPHA_per_atom=    0.11, RMSE_ALPHA_DERIV=    5.64
2025-07-12 23:24:14.742 INFO: Epoch 614: head: Default, loss=0.0021, RMSE_MU_per_atom=0.00 mDebye, RMSE_MU_DERIV=0.00 mDebye / A, RMSE_ALPHA_per_atom=    0.11, RMSE_ALPHA_DERIV=    5.63
2025-07-12 23:24:36.586 INFO: Epoch 615: head: Default, loss=0.0020, RMSE_MU_per_atom=0.00 mDebye, RMSE_MU_DERIV=0.00 mDebye / A, RMSE_ALPHA_per_atom=    0.11, RMSE_ALPHA_DERIV=    5.60
2025-07-12 23:24:58.422 INFO: Epoch 616: head: Default, loss=0.0019, RMSE_MU_per_atom=0.00 mDebye, RMSE_MU_DERIV=0.00 mDebye / A, RMSE_ALPHA_per_atom=    0.11, RMSE_ALPHA_DERIV=    5.64
2025-07-12 23:25:20.266 INFO: Epoch 617: head: Default, loss=0.0019, RMSE_MU_per_atom=0.00 mDebye, RMSE_MU_DERIV=0.00 mDebye / A, RMSE_ALPHA_per_atom=    0.11, RMSE_ALPHA_DERIV=    5.63
2025-07-12 23:25:42.116 INFO: Epoch 618: head: Default, loss=0.0021, RMSE_MU_per_atom=0.00 mDebye, RMSE_MU_DERIV=0.00 mDebye / A, RMSE_ALPHA_per_atom=    0.11, RMSE_ALPHA_DERIV=    5.63
2025-07-12 23:26:03.962 INFO: Epoch 619: head: Default, loss=0.0019, RMSE_MU_per_atom=0.00 mDebye, RMSE_MU_DERIV=0.00 mDebye / A, RMSE_ALPHA_per_atom=    0.11, RMSE_ALPHA_DERIV=    5.63
2025-07-12 23:26:25.803 INFO: Epoch 620: head: Default, loss=0.0021, RMSE_MU_per_atom=0.00 mDebye, RMSE_MU_DERIV=0.00 mDebye / A, RMSE_ALPHA_per_atom=    0.11, RMSE_ALPHA_DERIV=    5.61
2025-07-12 23:26:47.659 INFO: Epoch 621: head: Default, loss=0.0019, RMSE_MU_per_atom=0.00 mDebye, RMSE_MU_DERIV=0.00 mDebye / A, RMSE_ALPHA_per_atom=    0.11, RMSE_ALPHA_DERIV=    5.62
2025-07-12 23:27:09.518 INFO: Epoch 622: head: Default, loss=0.0019, RMSE_MU_per_atom=0.00 mDebye, RMSE_MU_DERIV=0.00 mDebye / A, RMSE_ALPHA_per_atom=    0.11, RMSE_ALPHA_DERIV=    5.64
2025-07-12 23:27:31.367 INFO: Epoch 623: head: Default, loss=0.0021, RMSE_MU_per_atom=0.00 mDebye, RMSE_MU_DERIV=0.00 mDebye / A, RMSE_ALPHA_per_atom=    0.11, RMSE_ALPHA_DERIV=    5.63
2025-07-12 23:27:53.217 INFO: Epoch 624: head: Default, loss=0.0019, RMSE_MU_per_atom=0.00 mDebye, RMSE_MU_DERIV=0.00 mDebye / A, RMSE_ALPHA_per_atom=    0.11, RMSE_ALPHA_DERIV=    5.63
2025-07-12 23:28:15.065 INFO: Epoch 625: head: Default, loss=0.0019, RMSE_MU_per_atom=0.00 mDebye, RMSE_MU_DERIV=0.00 mDebye / A, RMSE_ALPHA_per_atom=    0.11, RMSE_ALPHA_DERIV=    5.63
2025-07-12 23:28:36.906 INFO: Epoch 626: head: Default, loss=0.0019, RMSE_MU_per_atom=0.00 mDebye, RMSE_MU_DERIV=0.00 mDebye / A, RMSE_ALPHA_per_atom=    0.11, RMSE_ALPHA_DERIV=    5.61
2025-07-12 23:28:58.748 INFO: Epoch 627: head: Default, loss=0.0019, RMSE_MU_per_atom=0.00 mDebye, RMSE_MU_DERIV=0.00 mDebye / A, RMSE_ALPHA_per_atom=    0.11, RMSE_ALPHA_DERIV=    5.65
2025-07-12 23:29:20.592 INFO: Epoch 628: head: Default, loss=0.0022, RMSE_MU_per_atom=0.00 mDebye, RMSE_MU_DERIV=0.00 mDebye / A, RMSE_ALPHA_per_atom=    0.12, RMSE_ALPHA_DERIV=    5.62
2025-07-12 23:29:42.454 INFO: Epoch 629: head: Default, loss=0.0018, RMSE_MU_per_atom=0.00 mDebye, RMSE_MU_DERIV=0.00 mDebye / A, RMSE_ALPHA_per_atom=    0.11, RMSE_ALPHA_DERIV=    5.63
2025-07-12 23:30:04.303 INFO: Epoch 630: head: Default, loss=0.0020, RMSE_MU_per_atom=0.00 mDebye, RMSE_MU_DERIV=0.00 mDebye / A, RMSE_ALPHA_per_atom=    0.11, RMSE_ALPHA_DERIV=    5.65
2025-07-12 23:30:26.162 INFO: Epoch 631: head: Default, loss=0.0021, RMSE_MU_per_atom=0.00 mDebye, RMSE_MU_DERIV=0.00 mDebye / A, RMSE_ALPHA_per_atom=    0.11, RMSE_ALPHA_DERIV=    5.60
2025-07-12 23:30:48.016 INFO: Epoch 632: head: Default, loss=0.0018, RMSE_MU_per_atom=0.00 mDebye, RMSE_MU_DERIV=0.00 mDebye / A, RMSE_ALPHA_per_atom=    0.10, RMSE_ALPHA_DERIV=    5.63
2025-07-12 23:31:09.863 INFO: Epoch 633: head: Default, loss=0.0020, RMSE_MU_per_atom=0.00 mDebye, RMSE_MU_DERIV=0.00 mDebye / A, RMSE_ALPHA_per_atom=    0.11, RMSE_ALPHA_DERIV=    5.61
2025-07-12 23:31:31.702 INFO: Epoch 634: head: Default, loss=0.0020, RMSE_MU_per_atom=0.00 mDebye, RMSE_MU_DERIV=0.00 mDebye / A, RMSE_ALPHA_per_atom=    0.11, RMSE_ALPHA_DERIV=    5.61
2025-07-12 23:31:53.551 INFO: Epoch 635: head: Default, loss=0.0019, RMSE_MU_per_atom=0.00 mDebye, RMSE_MU_DERIV=0.00 mDebye / A, RMSE_ALPHA_per_atom=    0.11, RMSE_ALPHA_DERIV=    5.64
2025-07-12 23:32:15.405 INFO: Epoch 636: head: Default, loss=0.0020, RMSE_MU_per_atom=0.00 mDebye, RMSE_MU_DERIV=0.00 mDebye / A, RMSE_ALPHA_per_atom=    0.11, RMSE_ALPHA_DERIV=    5.64
2025-07-12 23:32:37.245 INFO: Epoch 637: head: Default, loss=0.0019, RMSE_MU_per_atom=0.00 mDebye, RMSE_MU_DERIV=0.00 mDebye / A, RMSE_ALPHA_per_atom=    0.11, RMSE_ALPHA_DERIV=    5.62
2025-07-12 23:32:59.095 INFO: Epoch 638: head: Default, loss=0.0019, RMSE_MU_per_atom=0.00 mDebye, RMSE_MU_DERIV=0.00 mDebye / A, RMSE_ALPHA_per_atom=    0.11, RMSE_ALPHA_DERIV=    5.61
2025-07-12 23:33:20.951 INFO: Epoch 639: head: Default, loss=0.0020, RMSE_MU_per_atom=0.00 mDebye, RMSE_MU_DERIV=0.00 mDebye / A, RMSE_ALPHA_per_atom=    0.11, RMSE_ALPHA_DERIV=    5.64
2025-07-12 23:33:42.802 INFO: Epoch 640: head: Default, loss=0.0021, RMSE_MU_per_atom=0.00 mDebye, RMSE_MU_DERIV=0.00 mDebye / A, RMSE_ALPHA_per_atom=    0.11, RMSE_ALPHA_DERIV=    5.60
2025-07-12 23:34:04.648 INFO: Epoch 641: head: Default, loss=0.0019, RMSE_MU_per_atom=0.00 mDebye, RMSE_MU_DERIV=0.00 mDebye / A, RMSE_ALPHA_per_atom=    0.11, RMSE_ALPHA_DERIV=    5.64
2025-07-12 23:34:26.490 INFO: Epoch 642: head: Default, loss=0.0020, RMSE_MU_per_atom=0.00 mDebye, RMSE_MU_DERIV=0.00 mDebye / A, RMSE_ALPHA_per_atom=    0.11, RMSE_ALPHA_DERIV=    5.63
2025-07-12 23:34:48.345 INFO: Epoch 643: head: Default, loss=0.0019, RMSE_MU_per_atom=0.00 mDebye, RMSE_MU_DERIV=0.00 mDebye / A, RMSE_ALPHA_per_atom=    0.11, RMSE_ALPHA_DERIV=    5.64
2025-07-12 23:35:10.192 INFO: Epoch 644: head: Default, loss=0.0021, RMSE_MU_per_atom=0.00 mDebye, RMSE_MU_DERIV=0.00 mDebye / A, RMSE_ALPHA_per_atom=    0.11, RMSE_ALPHA_DERIV=    5.63
2025-07-12 23:35:32.036 INFO: Epoch 645: head: Default, loss=0.0020, RMSE_MU_per_atom=0.00 mDebye, RMSE_MU_DERIV=0.00 mDebye / A, RMSE_ALPHA_per_atom=    0.11, RMSE_ALPHA_DERIV=    5.64
2025-07-12 23:35:53.882 INFO: Epoch 646: head: Default, loss=0.0018, RMSE_MU_per_atom=0.00 mDebye, RMSE_MU_DERIV=0.00 mDebye / A, RMSE_ALPHA_per_atom=    0.10, RMSE_ALPHA_DERIV=    5.65
2025-07-12 23:36:15.729 INFO: Epoch 647: head: Default, loss=0.0022, RMSE_MU_per_atom=0.00 mDebye, RMSE_MU_DERIV=0.00 mDebye / A, RMSE_ALPHA_per_atom=    0.11, RMSE_ALPHA_DERIV=    5.62
2025-07-12 23:36:37.575 INFO: Epoch 648: head: Default, loss=0.0018, RMSE_MU_per_atom=0.00 mDebye, RMSE_MU_DERIV=0.00 mDebye / A, RMSE_ALPHA_per_atom=    0.10, RMSE_ALPHA_DERIV=    5.66
2025-07-12 23:36:59.411 INFO: Epoch 649: head: Default, loss=0.0021, RMSE_MU_per_atom=0.00 mDebye, RMSE_MU_DERIV=0.00 mDebye / A, RMSE_ALPHA_per_atom=    0.11, RMSE_ALPHA_DERIV=    5.63
2025-07-12 23:37:21.260 INFO: Epoch 650: head: Default, loss=0.0017, RMSE_MU_per_atom=0.00 mDebye, RMSE_MU_DERIV=0.00 mDebye / A, RMSE_ALPHA_per_atom=    0.10, RMSE_ALPHA_DERIV=    5.66
2025-07-12 23:37:43.109 INFO: Epoch 651: head: Default, loss=0.0020, RMSE_MU_per_atom=0.00 mDebye, RMSE_MU_DERIV=0.00 mDebye / A, RMSE_ALPHA_per_atom=    0.11, RMSE_ALPHA_DERIV=    5.64
2025-07-12 23:38:04.939 INFO: Epoch 652: head: Default, loss=0.0019, RMSE_MU_per_atom=0.00 mDebye, RMSE_MU_DERIV=0.00 mDebye / A, RMSE_ALPHA_per_atom=    0.11, RMSE_ALPHA_DERIV=    5.65
2025-07-12 23:38:26.796 INFO: Epoch 653: head: Default, loss=0.0020, RMSE_MU_per_atom=0.00 mDebye, RMSE_MU_DERIV=0.00 mDebye / A, RMSE_ALPHA_per_atom=    0.11, RMSE_ALPHA_DERIV=    5.62
2025-07-12 23:38:48.636 INFO: Epoch 654: head: Default, loss=0.0019, RMSE_MU_per_atom=0.00 mDebye, RMSE_MU_DERIV=0.00 mDebye / A, RMSE_ALPHA_per_atom=    0.11, RMSE_ALPHA_DERIV=    5.65
2025-07-12 23:39:10.481 INFO: Epoch 655: head: Default, loss=0.0021, RMSE_MU_per_atom=0.00 mDebye, RMSE_MU_DERIV=0.00 mDebye / A, RMSE_ALPHA_per_atom=    0.11, RMSE_ALPHA_DERIV=    5.64
2025-07-12 23:39:32.330 INFO: Epoch 656: head: Default, loss=0.0020, RMSE_MU_per_atom=0.00 mDebye, RMSE_MU_DERIV=0.00 mDebye / A, RMSE_ALPHA_per_atom=    0.11, RMSE_ALPHA_DERIV=    5.64
2025-07-12 23:39:54.174 INFO: Epoch 657: head: Default, loss=0.0022, RMSE_MU_per_atom=0.00 mDebye, RMSE_MU_DERIV=0.00 mDebye / A, RMSE_ALPHA_per_atom=    0.11, RMSE_ALPHA_DERIV=    5.63
2025-07-12 23:40:16.022 INFO: Epoch 658: head: Default, loss=0.0018, RMSE_MU_per_atom=0.00 mDebye, RMSE_MU_DERIV=0.00 mDebye / A, RMSE_ALPHA_per_atom=    0.11, RMSE_ALPHA_DERIV=    5.66
2025-07-12 23:40:37.869 INFO: Epoch 659: head: Default, loss=0.0020, RMSE_MU_per_atom=0.00 mDebye, RMSE_MU_DERIV=0.00 mDebye / A, RMSE_ALPHA_per_atom=    0.11, RMSE_ALPHA_DERIV=    5.64
2025-07-12 23:40:59.712 INFO: Epoch 660: head: Default, loss=0.0021, RMSE_MU_per_atom=0.00 mDebye, RMSE_MU_DERIV=0.00 mDebye / A, RMSE_ALPHA_per_atom=    0.11, RMSE_ALPHA_DERIV=    5.62
2025-07-12 23:41:21.556 INFO: Epoch 661: head: Default, loss=0.0020, RMSE_MU_per_atom=0.00 mDebye, RMSE_MU_DERIV=0.00 mDebye / A, RMSE_ALPHA_per_atom=    0.11, RMSE_ALPHA_DERIV=    5.65
2025-07-12 23:41:43.385 INFO: Epoch 662: head: Default, loss=0.0021, RMSE_MU_per_atom=0.00 mDebye, RMSE_MU_DERIV=0.00 mDebye / A, RMSE_ALPHA_per_atom=    0.11, RMSE_ALPHA_DERIV=    5.62
2025-07-12 23:42:05.243 INFO: Epoch 663: head: Default, loss=0.0019, RMSE_MU_per_atom=0.00 mDebye, RMSE_MU_DERIV=0.00 mDebye / A, RMSE_ALPHA_per_atom=    0.11, RMSE_ALPHA_DERIV=    5.66
2025-07-12 23:42:27.085 INFO: Epoch 664: head: Default, loss=0.0020, RMSE_MU_per_atom=0.00 mDebye, RMSE_MU_DERIV=0.00 mDebye / A, RMSE_ALPHA_per_atom=    0.11, RMSE_ALPHA_DERIV=    5.66
2025-07-12 23:42:48.935 INFO: Epoch 665: head: Default, loss=0.0021, RMSE_MU_per_atom=0.00 mDebye, RMSE_MU_DERIV=0.00 mDebye / A, RMSE_ALPHA_per_atom=    0.11, RMSE_ALPHA_DERIV=    5.63
2025-07-12 23:43:10.795 INFO: Epoch 666: head: Default, loss=0.0018, RMSE_MU_per_atom=0.00 mDebye, RMSE_MU_DERIV=0.00 mDebye / A, RMSE_ALPHA_per_atom=    0.11, RMSE_ALPHA_DERIV=    5.67
2025-07-12 23:43:32.636 INFO: Epoch 667: head: Default, loss=0.0021, RMSE_MU_per_atom=0.00 mDebye, RMSE_MU_DERIV=0.00 mDebye / A, RMSE_ALPHA_per_atom=    0.11, RMSE_ALPHA_DERIV=    5.64
2025-07-12 23:43:54.478 INFO: Epoch 668: head: Default, loss=0.0019, RMSE_MU_per_atom=0.00 mDebye, RMSE_MU_DERIV=0.00 mDebye / A, RMSE_ALPHA_per_atom=    0.11, RMSE_ALPHA_DERIV=    5.65
2025-07-12 23:44:16.323 INFO: Epoch 669: head: Default, loss=0.0020, RMSE_MU_per_atom=0.00 mDebye, RMSE_MU_DERIV=0.00 mDebye / A, RMSE_ALPHA_per_atom=    0.11, RMSE_ALPHA_DERIV=    5.64
2025-07-12 23:44:38.155 INFO: Epoch 670: head: Default, loss=0.0019, RMSE_MU_per_atom=0.00 mDebye, RMSE_MU_DERIV=0.00 mDebye / A, RMSE_ALPHA_per_atom=    0.11, RMSE_ALPHA_DERIV=    5.64
2025-07-12 23:45:00.000 INFO: Epoch 671: head: Default, loss=0.0020, RMSE_MU_per_atom=0.00 mDebye, RMSE_MU_DERIV=0.00 mDebye / A, RMSE_ALPHA_per_atom=    0.11, RMSE_ALPHA_DERIV=    5.66
2025-07-12 23:45:21.849 INFO: Epoch 672: head: Default, loss=0.0020, RMSE_MU_per_atom=0.00 mDebye, RMSE_MU_DERIV=0.00 mDebye / A, RMSE_ALPHA_per_atom=    0.11, RMSE_ALPHA_DERIV=    5.65
2025-07-12 23:45:43.698 INFO: Epoch 673: head: Default, loss=0.0019, RMSE_MU_per_atom=0.00 mDebye, RMSE_MU_DERIV=0.00 mDebye / A, RMSE_ALPHA_per_atom=    0.11, RMSE_ALPHA_DERIV=    5.65
2025-07-12 23:46:05.545 INFO: Epoch 674: head: Default, loss=0.0020, RMSE_MU_per_atom=0.00 mDebye, RMSE_MU_DERIV=0.00 mDebye / A, RMSE_ALPHA_per_atom=    0.11, RMSE_ALPHA_DERIV=    5.64
2025-07-12 23:46:27.383 INFO: Epoch 675: head: Default, loss=0.0019, RMSE_MU_per_atom=0.00 mDebye, RMSE_MU_DERIV=0.00 mDebye / A, RMSE_ALPHA_per_atom=    0.11, RMSE_ALPHA_DERIV=    5.66
2025-07-12 23:46:49.214 INFO: Epoch 676: head: Default, loss=0.0020, RMSE_MU_per_atom=0.00 mDebye, RMSE_MU_DERIV=0.00 mDebye / A, RMSE_ALPHA_per_atom=    0.11, RMSE_ALPHA_DERIV=    5.65
2025-07-12 23:47:11.058 INFO: Epoch 677: head: Default, loss=0.0020, RMSE_MU_per_atom=0.00 mDebye, RMSE_MU_DERIV=0.00 mDebye / A, RMSE_ALPHA_per_atom=    0.11, RMSE_ALPHA_DERIV=    5.65
2025-07-12 23:47:32.913 INFO: Epoch 678: head: Default, loss=0.0019, RMSE_MU_per_atom=0.00 mDebye, RMSE_MU_DERIV=0.00 mDebye / A, RMSE_ALPHA_per_atom=    0.11, RMSE_ALPHA_DERIV=    5.66
2025-07-12 23:47:54.744 INFO: Epoch 679: head: Default, loss=0.0019, RMSE_MU_per_atom=0.00 mDebye, RMSE_MU_DERIV=0.00 mDebye / A, RMSE_ALPHA_per_atom=    0.11, RMSE_ALPHA_DERIV=    5.67
2025-07-12 23:48:16.595 INFO: Epoch 680: head: Default, loss=0.0021, RMSE_MU_per_atom=0.00 mDebye, RMSE_MU_DERIV=0.00 mDebye / A, RMSE_ALPHA_per_atom=    0.11, RMSE_ALPHA_DERIV=    5.65
2025-07-12 23:48:38.437 INFO: Epoch 681: head: Default, loss=0.0019, RMSE_MU_per_atom=0.00 mDebye, RMSE_MU_DERIV=0.00 mDebye / A, RMSE_ALPHA_per_atom=    0.11, RMSE_ALPHA_DERIV=    5.67
2025-07-12 23:49:00.280 INFO: Epoch 682: head: Default, loss=0.0019, RMSE_MU_per_atom=0.00 mDebye, RMSE_MU_DERIV=0.00 mDebye / A, RMSE_ALPHA_per_atom=    0.11, RMSE_ALPHA_DERIV=    5.65
2025-07-12 23:49:22.117 INFO: Epoch 683: head: Default, loss=0.0020, RMSE_MU_per_atom=0.00 mDebye, RMSE_MU_DERIV=0.00 mDebye / A, RMSE_ALPHA_per_atom=    0.11, RMSE_ALPHA_DERIV=    5.67
2025-07-12 23:49:43.967 INFO: Epoch 684: head: Default, loss=0.0020, RMSE_MU_per_atom=0.00 mDebye, RMSE_MU_DERIV=0.00 mDebye / A, RMSE_ALPHA_per_atom=    0.11, RMSE_ALPHA_DERIV=    5.65
2025-07-12 23:50:05.814 INFO: Epoch 685: head: Default, loss=0.0019, RMSE_MU_per_atom=0.00 mDebye, RMSE_MU_DERIV=0.00 mDebye / A, RMSE_ALPHA_per_atom=    0.11, RMSE_ALPHA_DERIV=    5.66
2025-07-12 23:50:27.659 INFO: Epoch 686: head: Default, loss=0.0019, RMSE_MU_per_atom=0.00 mDebye, RMSE_MU_DERIV=0.00 mDebye / A, RMSE_ALPHA_per_atom=    0.11, RMSE_ALPHA_DERIV=    5.66
2025-07-12 23:50:49.501 INFO: Epoch 687: head: Default, loss=0.0020, RMSE_MU_per_atom=0.00 mDebye, RMSE_MU_DERIV=0.00 mDebye / A, RMSE_ALPHA_per_atom=    0.11, RMSE_ALPHA_DERIV=    5.65
2025-07-12 23:51:11.351 INFO: Epoch 688: head: Default, loss=0.0018, RMSE_MU_per_atom=0.00 mDebye, RMSE_MU_DERIV=0.00 mDebye / A, RMSE_ALPHA_per_atom=    0.10, RMSE_ALPHA_DERIV=    5.67
2025-07-12 23:51:33.195 INFO: Epoch 689: head: Default, loss=0.0020, RMSE_MU_per_atom=0.00 mDebye, RMSE_MU_DERIV=0.00 mDebye / A, RMSE_ALPHA_per_atom=    0.11, RMSE_ALPHA_DERIV=    5.66
2025-07-12 23:51:55.048 INFO: Epoch 690: head: Default, loss=0.0021, RMSE_MU_per_atom=0.00 mDebye, RMSE_MU_DERIV=0.00 mDebye / A, RMSE_ALPHA_per_atom=    0.11, RMSE_ALPHA_DERIV=    5.65
2025-07-12 23:52:16.887 INFO: Epoch 691: head: Default, loss=0.0018, RMSE_MU_per_atom=0.00 mDebye, RMSE_MU_DERIV=0.00 mDebye / A, RMSE_ALPHA_per_atom=    0.10, RMSE_ALPHA_DERIV=    5.67
2025-07-12 23:52:38.735 INFO: Epoch 692: head: Default, loss=0.0021, RMSE_MU_per_atom=0.00 mDebye, RMSE_MU_DERIV=0.00 mDebye / A, RMSE_ALPHA_per_atom=    0.11, RMSE_ALPHA_DERIV=    5.65
2025-07-12 23:53:00.580 INFO: Epoch 693: head: Default, loss=0.0019, RMSE_MU_per_atom=0.00 mDebye, RMSE_MU_DERIV=0.00 mDebye / A, RMSE_ALPHA_per_atom=    0.11, RMSE_ALPHA_DERIV=    5.66
2025-07-12 23:53:22.415 INFO: Epoch 694: head: Default, loss=0.0020, RMSE_MU_per_atom=0.00 mDebye, RMSE_MU_DERIV=0.00 mDebye / A, RMSE_ALPHA_per_atom=    0.11, RMSE_ALPHA_DERIV=    5.66
2025-07-12 23:53:44.256 INFO: Epoch 695: head: Default, loss=0.0020, RMSE_MU_per_atom=0.00 mDebye, RMSE_MU_DERIV=0.00 mDebye / A, RMSE_ALPHA_per_atom=    0.11, RMSE_ALPHA_DERIV=    5.66
2025-07-12 23:54:06.094 INFO: Epoch 696: head: Default, loss=0.0019, RMSE_MU_per_atom=0.00 mDebye, RMSE_MU_DERIV=0.00 mDebye / A, RMSE_ALPHA_per_atom=    0.11, RMSE_ALPHA_DERIV=    5.67
2025-07-12 23:54:27.933 INFO: Epoch 697: head: Default, loss=0.0020, RMSE_MU_per_atom=0.00 mDebye, RMSE_MU_DERIV=0.00 mDebye / A, RMSE_ALPHA_per_atom=    0.11, RMSE_ALPHA_DERIV=    5.66
2025-07-12 23:54:49.777 INFO: Epoch 698: head: Default, loss=0.0019, RMSE_MU_per_atom=0.00 mDebye, RMSE_MU_DERIV=0.00 mDebye / A, RMSE_ALPHA_per_atom=    0.11, RMSE_ALPHA_DERIV=    5.65
2025-07-12 23:55:11.622 INFO: Epoch 699: head: Default, loss=0.0020, RMSE_MU_per_atom=0.00 mDebye, RMSE_MU_DERIV=0.00 mDebye / A, RMSE_ALPHA_per_atom=    0.11, RMSE_ALPHA_DERIV=    5.66
2025-07-12 23:55:33.475 INFO: Epoch 700: head: Default, loss=0.0020, RMSE_MU_per_atom=0.00 mDebye, RMSE_MU_DERIV=0.00 mDebye / A, RMSE_ALPHA_per_atom=    0.11, RMSE_ALPHA_DERIV=    5.65
2025-07-12 23:55:55.311 INFO: Epoch 701: head: Default, loss=0.0019, RMSE_MU_per_atom=0.00 mDebye, RMSE_MU_DERIV=0.00 mDebye / A, RMSE_ALPHA_per_atom=    0.11, RMSE_ALPHA_DERIV=    5.67
2025-07-12 23:56:17.145 INFO: Epoch 702: head: Default, loss=0.0021, RMSE_MU_per_atom=0.00 mDebye, RMSE_MU_DERIV=0.00 mDebye / A, RMSE_ALPHA_per_atom=    0.11, RMSE_ALPHA_DERIV=    5.65
2025-07-12 23:56:38.979 INFO: Epoch 703: head: Default, loss=0.0020, RMSE_MU_per_atom=0.00 mDebye, RMSE_MU_DERIV=0.00 mDebye / A, RMSE_ALPHA_per_atom=    0.11, RMSE_ALPHA_DERIV=    5.66
2025-07-12 23:57:00.824 INFO: Epoch 704: head: Default, loss=0.0020, RMSE_MU_per_atom=0.00 mDebye, RMSE_MU_DERIV=0.00 mDebye / A, RMSE_ALPHA_per_atom=    0.11, RMSE_ALPHA_DERIV=    5.65
2025-07-12 23:57:22.664 INFO: Epoch 705: head: Default, loss=0.0019, RMSE_MU_per_atom=0.00 mDebye, RMSE_MU_DERIV=0.00 mDebye / A, RMSE_ALPHA_per_atom=    0.11, RMSE_ALPHA_DERIV=    5.68
2025-07-12 23:57:44.503 INFO: Epoch 706: head: Default, loss=0.0020, RMSE_MU_per_atom=0.00 mDebye, RMSE_MU_DERIV=0.00 mDebye / A, RMSE_ALPHA_per_atom=    0.11, RMSE_ALPHA_DERIV=    5.65
2025-07-12 23:58:06.350 INFO: Epoch 707: head: Default, loss=0.0020, RMSE_MU_per_atom=0.00 mDebye, RMSE_MU_DERIV=0.00 mDebye / A, RMSE_ALPHA_per_atom=    0.11, RMSE_ALPHA_DERIV=    5.66
2025-07-12 23:58:28.184 INFO: Epoch 708: head: Default, loss=0.0019, RMSE_MU_per_atom=0.00 mDebye, RMSE_MU_DERIV=0.00 mDebye / A, RMSE_ALPHA_per_atom=    0.11, RMSE_ALPHA_DERIV=    5.67
2025-07-12 23:58:50.025 INFO: Epoch 709: head: Default, loss=0.0021, RMSE_MU_per_atom=0.00 mDebye, RMSE_MU_DERIV=0.00 mDebye / A, RMSE_ALPHA_per_atom=    0.11, RMSE_ALPHA_DERIV=    5.65
2025-07-12 23:59:11.867 INFO: Epoch 710: head: Default, loss=0.0019, RMSE_MU_per_atom=0.00 mDebye, RMSE_MU_DERIV=0.00 mDebye / A, RMSE_ALPHA_per_atom=    0.11, RMSE_ALPHA_DERIV=    5.68
2025-07-12 23:59:33.714 INFO: Epoch 711: head: Default, loss=0.0020, RMSE_MU_per_atom=0.00 mDebye, RMSE_MU_DERIV=0.00 mDebye / A, RMSE_ALPHA_per_atom=    0.11, RMSE_ALPHA_DERIV=    5.66
2025-07-12 23:59:55.553 INFO: Epoch 712: head: Default, loss=0.0020, RMSE_MU_per_atom=0.00 mDebye, RMSE_MU_DERIV=0.00 mDebye / A, RMSE_ALPHA_per_atom=    0.11, RMSE_ALPHA_DERIV=    5.67
2025-07-13 00:00:17.396 INFO: Epoch 713: head: Default, loss=0.0019, RMSE_MU_per_atom=0.00 mDebye, RMSE_MU_DERIV=0.00 mDebye / A, RMSE_ALPHA_per_atom=    0.11, RMSE_ALPHA_DERIV=    5.67
2025-07-13 00:00:39.243 INFO: Epoch 714: head: Default, loss=0.0020, RMSE_MU_per_atom=0.00 mDebye, RMSE_MU_DERIV=0.00 mDebye / A, RMSE_ALPHA_per_atom=    0.11, RMSE_ALPHA_DERIV=    5.66
2025-07-13 00:01:01.090 INFO: Epoch 715: head: Default, loss=0.0019, RMSE_MU_per_atom=0.00 mDebye, RMSE_MU_DERIV=0.00 mDebye / A, RMSE_ALPHA_per_atom=    0.11, RMSE_ALPHA_DERIV=    5.68
2025-07-13 00:01:22.926 INFO: Epoch 716: head: Default, loss=0.0020, RMSE_MU_per_atom=0.00 mDebye, RMSE_MU_DERIV=0.00 mDebye / A, RMSE_ALPHA_per_atom=    0.11, RMSE_ALPHA_DERIV=    5.67
2025-07-13 00:01:44.763 INFO: Epoch 717: head: Default, loss=0.0020, RMSE_MU_per_atom=0.00 mDebye, RMSE_MU_DERIV=0.00 mDebye / A, RMSE_ALPHA_per_atom=    0.11, RMSE_ALPHA_DERIV=    5.68
2025-07-13 00:02:06.611 INFO: Epoch 718: head: Default, loss=0.0020, RMSE_MU_per_atom=0.00 mDebye, RMSE_MU_DERIV=0.00 mDebye / A, RMSE_ALPHA_per_atom=    0.11, RMSE_ALPHA_DERIV=    5.67
2025-07-13 00:02:28.449 INFO: Epoch 719: head: Default, loss=0.0020, RMSE_MU_per_atom=0.00 mDebye, RMSE_MU_DERIV=0.00 mDebye / A, RMSE_ALPHA_per_atom=    0.11, RMSE_ALPHA_DERIV=    5.67
2025-07-13 00:02:50.297 INFO: Epoch 720: head: Default, loss=0.0020, RMSE_MU_per_atom=0.00 mDebye, RMSE_MU_DERIV=0.00 mDebye / A, RMSE_ALPHA_per_atom=    0.11, RMSE_ALPHA_DERIV=    5.67
2025-07-13 00:03:12.137 INFO: Epoch 721: head: Default, loss=0.0019, RMSE_MU_per_atom=0.00 mDebye, RMSE_MU_DERIV=0.00 mDebye / A, RMSE_ALPHA_per_atom=    0.11, RMSE_ALPHA_DERIV=    5.68
2025-07-13 00:03:33.978 INFO: Epoch 722: head: Default, loss=0.0020, RMSE_MU_per_atom=0.00 mDebye, RMSE_MU_DERIV=0.00 mDebye / A, RMSE_ALPHA_per_atom=    0.11, RMSE_ALPHA_DERIV=    5.67
2025-07-13 00:03:55.823 INFO: Epoch 723: head: Default, loss=0.0020, RMSE_MU_per_atom=0.00 mDebye, RMSE_MU_DERIV=0.00 mDebye / A, RMSE_ALPHA_per_atom=    0.11, RMSE_ALPHA_DERIV=    5.68
2025-07-13 00:04:17.667 INFO: Epoch 724: head: Default, loss=0.0020, RMSE_MU_per_atom=0.00 mDebye, RMSE_MU_DERIV=0.00 mDebye / A, RMSE_ALPHA_per_atom=    0.11, RMSE_ALPHA_DERIV=    5.67
2025-07-13 00:04:39.497 INFO: Epoch 725: head: Default, loss=0.0020, RMSE_MU_per_atom=0.00 mDebye, RMSE_MU_DERIV=0.00 mDebye / A, RMSE_ALPHA_per_atom=    0.11, RMSE_ALPHA_DERIV=    5.67
2025-07-13 00:05:01.333 INFO: Epoch 726: head: Default, loss=0.0019, RMSE_MU_per_atom=0.00 mDebye, RMSE_MU_DERIV=0.00 mDebye / A, RMSE_ALPHA_per_atom=    0.11, RMSE_ALPHA_DERIV=    5.68
2025-07-13 00:05:23.165 INFO: Epoch 727: head: Default, loss=0.0021, RMSE_MU_per_atom=0.00 mDebye, RMSE_MU_DERIV=0.00 mDebye / A, RMSE_ALPHA_per_atom=    0.11, RMSE_ALPHA_DERIV=    5.67
2025-07-13 00:05:45.010 INFO: Epoch 728: head: Default, loss=0.0019, RMSE_MU_per_atom=0.00 mDebye, RMSE_MU_DERIV=0.00 mDebye / A, RMSE_ALPHA_per_atom=    0.11, RMSE_ALPHA_DERIV=    5.68
2025-07-13 00:06:06.850 INFO: Epoch 729: head: Default, loss=0.0020, RMSE_MU_per_atom=0.00 mDebye, RMSE_MU_DERIV=0.00 mDebye / A, RMSE_ALPHA_per_atom=    0.11, RMSE_ALPHA_DERIV=    5.66
2025-07-13 00:06:28.700 INFO: Epoch 730: head: Default, loss=0.0020, RMSE_MU_per_atom=0.00 mDebye, RMSE_MU_DERIV=0.00 mDebye / A, RMSE_ALPHA_per_atom=    0.11, RMSE_ALPHA_DERIV=    5.66
2025-07-13 00:06:50.537 INFO: Epoch 731: head: Default, loss=0.0019, RMSE_MU_per_atom=0.00 mDebye, RMSE_MU_DERIV=0.00 mDebye / A, RMSE_ALPHA_per_atom=    0.11, RMSE_ALPHA_DERIV=    5.67
2025-07-13 00:07:12.372 INFO: Epoch 732: head: Default, loss=0.0019, RMSE_MU_per_atom=0.00 mDebye, RMSE_MU_DERIV=0.00 mDebye / A, RMSE_ALPHA_per_atom=    0.11, RMSE_ALPHA_DERIV=    5.67
2025-07-13 00:07:34.221 INFO: Epoch 733: head: Default, loss=0.0020, RMSE_MU_per_atom=0.00 mDebye, RMSE_MU_DERIV=0.00 mDebye / A, RMSE_ALPHA_per_atom=    0.11, RMSE_ALPHA_DERIV=    5.67
2025-07-13 00:07:56.066 INFO: Epoch 734: head: Default, loss=0.0019, RMSE_MU_per_atom=0.00 mDebye, RMSE_MU_DERIV=0.00 mDebye / A, RMSE_ALPHA_per_atom=    0.11, RMSE_ALPHA_DERIV=    5.67
2025-07-13 00:08:17.912 INFO: Epoch 735: head: Default, loss=0.0019, RMSE_MU_per_atom=0.00 mDebye, RMSE_MU_DERIV=0.00 mDebye / A, RMSE_ALPHA_per_atom=    0.11, RMSE_ALPHA_DERIV=    5.68
2025-07-13 00:08:39.759 INFO: Epoch 736: head: Default, loss=0.0019, RMSE_MU_per_atom=0.00 mDebye, RMSE_MU_DERIV=0.00 mDebye / A, RMSE_ALPHA_per_atom=    0.11, RMSE_ALPHA_DERIV=    5.68
2025-07-13 00:09:01.606 INFO: Epoch 737: head: Default, loss=0.0020, RMSE_MU_per_atom=0.00 mDebye, RMSE_MU_DERIV=0.00 mDebye / A, RMSE_ALPHA_per_atom=    0.11, RMSE_ALPHA_DERIV=    5.67
2025-07-13 00:09:23.453 INFO: Epoch 738: head: Default, loss=0.0019, RMSE_MU_per_atom=0.00 mDebye, RMSE_MU_DERIV=0.00 mDebye / A, RMSE_ALPHA_per_atom=    0.11, RMSE_ALPHA_DERIV=    5.68
2025-07-13 00:09:45.298 INFO: Epoch 739: head: Default, loss=0.0019, RMSE_MU_per_atom=0.00 mDebye, RMSE_MU_DERIV=0.00 mDebye / A, RMSE_ALPHA_per_atom=    0.11, RMSE_ALPHA_DERIV=    5.68
2025-07-13 00:10:07.141 INFO: Epoch 740: head: Default, loss=0.0020, RMSE_MU_per_atom=0.00 mDebye, RMSE_MU_DERIV=0.00 mDebye / A, RMSE_ALPHA_per_atom=    0.11, RMSE_ALPHA_DERIV=    5.67
2025-07-13 00:10:28.988 INFO: Epoch 741: head: Default, loss=0.0019, RMSE_MU_per_atom=0.00 mDebye, RMSE_MU_DERIV=0.00 mDebye / A, RMSE_ALPHA_per_atom=    0.11, RMSE_ALPHA_DERIV=    5.68
2025-07-13 00:10:50.843 INFO: Epoch 742: head: Default, loss=0.0021, RMSE_MU_per_atom=0.00 mDebye, RMSE_MU_DERIV=0.00 mDebye / A, RMSE_ALPHA_per_atom=    0.11, RMSE_ALPHA_DERIV=    5.68
2025-07-13 00:11:12.685 INFO: Epoch 743: head: Default, loss=0.0021, RMSE_MU_per_atom=0.00 mDebye, RMSE_MU_DERIV=0.00 mDebye / A, RMSE_ALPHA_per_atom=    0.11, RMSE_ALPHA_DERIV=    5.67
2025-07-13 00:11:34.535 INFO: Epoch 744: head: Default, loss=0.0019, RMSE_MU_per_atom=0.00 mDebye, RMSE_MU_DERIV=0.00 mDebye / A, RMSE_ALPHA_per_atom=    0.11, RMSE_ALPHA_DERIV=    5.68
2025-07-13 00:11:56.380 INFO: Epoch 745: head: Default, loss=0.0021, RMSE_MU_per_atom=0.00 mDebye, RMSE_MU_DERIV=0.00 mDebye / A, RMSE_ALPHA_per_atom=    0.11, RMSE_ALPHA_DERIV=    5.67
2025-07-13 00:12:18.227 INFO: Epoch 746: head: Default, loss=0.0020, RMSE_MU_per_atom=0.00 mDebye, RMSE_MU_DERIV=0.00 mDebye / A, RMSE_ALPHA_per_atom=    0.11, RMSE_ALPHA_DERIV=    5.69
2025-07-13 00:12:40.073 INFO: Epoch 747: head: Default, loss=0.0020, RMSE_MU_per_atom=0.00 mDebye, RMSE_MU_DERIV=0.00 mDebye / A, RMSE_ALPHA_per_atom=    0.11, RMSE_ALPHA_DERIV=    5.68
2025-07-13 00:13:01.929 INFO: Epoch 748: head: Default, loss=0.0020, RMSE_MU_per_atom=0.00 mDebye, RMSE_MU_DERIV=0.00 mDebye / A, RMSE_ALPHA_per_atom=    0.11, RMSE_ALPHA_DERIV=    5.69
2025-07-13 00:13:23.764 INFO: Epoch 749: head: Default, loss=0.0020, RMSE_MU_per_atom=0.00 mDebye, RMSE_MU_DERIV=0.00 mDebye / A, RMSE_ALPHA_per_atom=    0.11, RMSE_ALPHA_DERIV=    5.69
2025-07-13 00:13:45.607 INFO: Epoch 750: head: Default, loss=0.0020, RMSE_MU_per_atom=0.00 mDebye, RMSE_MU_DERIV=0.00 mDebye / A, RMSE_ALPHA_per_atom=    0.11, RMSE_ALPHA_DERIV=    5.70
2025-07-13 00:14:07.440 INFO: Epoch 751: head: Default, loss=0.0020, RMSE_MU_per_atom=0.00 mDebye, RMSE_MU_DERIV=0.00 mDebye / A, RMSE_ALPHA_per_atom=    0.11, RMSE_ALPHA_DERIV=    5.69
2025-07-13 00:14:29.282 INFO: Epoch 752: head: Default, loss=0.0020, RMSE_MU_per_atom=0.00 mDebye, RMSE_MU_DERIV=0.00 mDebye / A, RMSE_ALPHA_per_atom=    0.11, RMSE_ALPHA_DERIV=    5.68
2025-07-13 00:14:51.121 INFO: Epoch 753: head: Default, loss=0.0020, RMSE_MU_per_atom=0.00 mDebye, RMSE_MU_DERIV=0.00 mDebye / A, RMSE_ALPHA_per_atom=    0.11, RMSE_ALPHA_DERIV=    5.69
2025-07-13 00:15:12.972 INFO: Epoch 754: head: Default, loss=0.0020, RMSE_MU_per_atom=0.00 mDebye, RMSE_MU_DERIV=0.00 mDebye / A, RMSE_ALPHA_per_atom=    0.11, RMSE_ALPHA_DERIV=    5.68
2025-07-13 00:15:34.809 INFO: Epoch 755: head: Default, loss=0.0020, RMSE_MU_per_atom=0.00 mDebye, RMSE_MU_DERIV=0.00 mDebye / A, RMSE_ALPHA_per_atom=    0.11, RMSE_ALPHA_DERIV=    5.68
2025-07-13 00:15:56.647 INFO: Epoch 756: head: Default, loss=0.0020, RMSE_MU_per_atom=0.00 mDebye, RMSE_MU_DERIV=0.00 mDebye / A, RMSE_ALPHA_per_atom=    0.11, RMSE_ALPHA_DERIV=    5.69
2025-07-13 00:16:18.496 INFO: Epoch 757: head: Default, loss=0.0020, RMSE_MU_per_atom=0.00 mDebye, RMSE_MU_DERIV=0.00 mDebye / A, RMSE_ALPHA_per_atom=    0.11, RMSE_ALPHA_DERIV=    5.68
2025-07-13 00:16:40.331 INFO: Epoch 758: head: Default, loss=0.0020, RMSE_MU_per_atom=0.00 mDebye, RMSE_MU_DERIV=0.00 mDebye / A, RMSE_ALPHA_per_atom=    0.11, RMSE_ALPHA_DERIV=    5.69
2025-07-13 00:17:02.171 INFO: Epoch 759: head: Default, loss=0.0019, RMSE_MU_per_atom=0.00 mDebye, RMSE_MU_DERIV=0.00 mDebye / A, RMSE_ALPHA_per_atom=    0.11, RMSE_ALPHA_DERIV=    5.69
2025-07-13 00:17:24.005 INFO: Epoch 760: head: Default, loss=0.0020, RMSE_MU_per_atom=0.00 mDebye, RMSE_MU_DERIV=0.00 mDebye / A, RMSE_ALPHA_per_atom=    0.11, RMSE_ALPHA_DERIV=    5.69
2025-07-13 00:17:45.853 INFO: Epoch 761: head: Default, loss=0.0020, RMSE_MU_per_atom=0.00 mDebye, RMSE_MU_DERIV=0.00 mDebye / A, RMSE_ALPHA_per_atom=    0.11, RMSE_ALPHA_DERIV=    5.69
2025-07-13 00:18:07.701 INFO: Epoch 762: head: Default, loss=0.0020, RMSE_MU_per_atom=0.00 mDebye, RMSE_MU_DERIV=0.00 mDebye / A, RMSE_ALPHA_per_atom=    0.11, RMSE_ALPHA_DERIV=    5.68
2025-07-13 00:18:29.542 INFO: Epoch 763: head: Default, loss=0.0020, RMSE_MU_per_atom=0.00 mDebye, RMSE_MU_DERIV=0.00 mDebye / A, RMSE_ALPHA_per_atom=    0.11, RMSE_ALPHA_DERIV=    5.69
2025-07-13 00:18:51.389 INFO: Epoch 764: head: Default, loss=0.0020, RMSE_MU_per_atom=0.00 mDebye, RMSE_MU_DERIV=0.00 mDebye / A, RMSE_ALPHA_per_atom=    0.11, RMSE_ALPHA_DERIV=    5.68
2025-07-13 00:19:13.230 INFO: Epoch 765: head: Default, loss=0.0020, RMSE_MU_per_atom=0.00 mDebye, RMSE_MU_DERIV=0.00 mDebye / A, RMSE_ALPHA_per_atom=    0.11, RMSE_ALPHA_DERIV=    5.68
2025-07-13 00:19:35.067 INFO: Epoch 766: head: Default, loss=0.0019, RMSE_MU_per_atom=0.00 mDebye, RMSE_MU_DERIV=0.00 mDebye / A, RMSE_ALPHA_per_atom=    0.11, RMSE_ALPHA_DERIV=    5.70
2025-07-13 00:19:56.916 INFO: Epoch 767: head: Default, loss=0.0020, RMSE_MU_per_atom=0.00 mDebye, RMSE_MU_DERIV=0.00 mDebye / A, RMSE_ALPHA_per_atom=    0.11, RMSE_ALPHA_DERIV=    5.69
2025-07-13 00:20:18.758 INFO: Epoch 768: head: Default, loss=0.0019, RMSE_MU_per_atom=0.00 mDebye, RMSE_MU_DERIV=0.00 mDebye / A, RMSE_ALPHA_per_atom=    0.11, RMSE_ALPHA_DERIV=    5.70
2025-07-13 00:20:40.600 INFO: Epoch 769: head: Default, loss=0.0020, RMSE_MU_per_atom=0.00 mDebye, RMSE_MU_DERIV=0.00 mDebye / A, RMSE_ALPHA_per_atom=    0.11, RMSE_ALPHA_DERIV=    5.69
2025-07-13 00:21:02.439 INFO: Epoch 770: head: Default, loss=0.0020, RMSE_MU_per_atom=0.00 mDebye, RMSE_MU_DERIV=0.00 mDebye / A, RMSE_ALPHA_per_atom=    0.11, RMSE_ALPHA_DERIV=    5.69
2025-07-13 00:21:24.288 INFO: Epoch 771: head: Default, loss=0.0020, RMSE_MU_per_atom=0.00 mDebye, RMSE_MU_DERIV=0.00 mDebye / A, RMSE_ALPHA_per_atom=    0.11, RMSE_ALPHA_DERIV=    5.69
2025-07-13 00:21:46.141 INFO: Epoch 772: head: Default, loss=0.0020, RMSE_MU_per_atom=0.00 mDebye, RMSE_MU_DERIV=0.00 mDebye / A, RMSE_ALPHA_per_atom=    0.11, RMSE_ALPHA_DERIV=    5.69
2025-07-13 00:22:07.986 INFO: Epoch 773: head: Default, loss=0.0020, RMSE_MU_per_atom=0.00 mDebye, RMSE_MU_DERIV=0.00 mDebye / A, RMSE_ALPHA_per_atom=    0.11, RMSE_ALPHA_DERIV=    5.69
2025-07-13 00:22:29.826 INFO: Epoch 774: head: Default, loss=0.0020, RMSE_MU_per_atom=0.00 mDebye, RMSE_MU_DERIV=0.00 mDebye / A, RMSE_ALPHA_per_atom=    0.11, RMSE_ALPHA_DERIV=    5.70
2025-07-13 00:22:51.673 INFO: Epoch 775: head: Default, loss=0.0020, RMSE_MU_per_atom=0.00 mDebye, RMSE_MU_DERIV=0.00 mDebye / A, RMSE_ALPHA_per_atom=    0.11, RMSE_ALPHA_DERIV=    5.69
2025-07-13 00:23:13.516 INFO: Epoch 776: head: Default, loss=0.0020, RMSE_MU_per_atom=0.00 mDebye, RMSE_MU_DERIV=0.00 mDebye / A, RMSE_ALPHA_per_atom=    0.11, RMSE_ALPHA_DERIV=    5.70
2025-07-13 00:23:35.355 INFO: Epoch 777: head: Default, loss=0.0020, RMSE_MU_per_atom=0.00 mDebye, RMSE_MU_DERIV=0.00 mDebye / A, RMSE_ALPHA_per_atom=    0.11, RMSE_ALPHA_DERIV=    5.69
2025-07-13 00:23:57.218 INFO: Epoch 778: head: Default, loss=0.0021, RMSE_MU_per_atom=0.00 mDebye, RMSE_MU_DERIV=0.00 mDebye / A, RMSE_ALPHA_per_atom=    0.11, RMSE_ALPHA_DERIV=    5.70
2025-07-13 00:24:19.066 INFO: Epoch 779: head: Default, loss=0.0019, RMSE_MU_per_atom=0.00 mDebye, RMSE_MU_DERIV=0.00 mDebye / A, RMSE_ALPHA_per_atom=    0.11, RMSE_ALPHA_DERIV=    5.69
2025-07-13 00:24:40.915 INFO: Epoch 780: head: Default, loss=0.0020, RMSE_MU_per_atom=0.00 mDebye, RMSE_MU_DERIV=0.00 mDebye / A, RMSE_ALPHA_per_atom=    0.11, RMSE_ALPHA_DERIV=    5.69
2025-07-13 00:25:02.761 INFO: Epoch 781: head: Default, loss=0.0021, RMSE_MU_per_atom=0.00 mDebye, RMSE_MU_DERIV=0.00 mDebye / A, RMSE_ALPHA_per_atom=    0.11, RMSE_ALPHA_DERIV=    5.69
2025-07-13 00:25:24.610 INFO: Epoch 782: head: Default, loss=0.0020, RMSE_MU_per_atom=0.00 mDebye, RMSE_MU_DERIV=0.00 mDebye / A, RMSE_ALPHA_per_atom=    0.11, RMSE_ALPHA_DERIV=    5.69
2025-07-13 00:25:46.457 INFO: Epoch 783: head: Default, loss=0.0020, RMSE_MU_per_atom=0.00 mDebye, RMSE_MU_DERIV=0.00 mDebye / A, RMSE_ALPHA_per_atom=    0.11, RMSE_ALPHA_DERIV=    5.69
2025-07-13 00:26:08.300 INFO: Epoch 784: head: Default, loss=0.0021, RMSE_MU_per_atom=0.00 mDebye, RMSE_MU_DERIV=0.00 mDebye / A, RMSE_ALPHA_per_atom=    0.11, RMSE_ALPHA_DERIV=    5.68
2025-07-13 00:26:30.149 INFO: Epoch 785: head: Default, loss=0.0019, RMSE_MU_per_atom=0.00 mDebye, RMSE_MU_DERIV=0.00 mDebye / A, RMSE_ALPHA_per_atom=    0.11, RMSE_ALPHA_DERIV=    5.69
2025-07-13 00:26:51.992 INFO: Epoch 786: head: Default, loss=0.0019, RMSE_MU_per_atom=0.00 mDebye, RMSE_MU_DERIV=0.00 mDebye / A, RMSE_ALPHA_per_atom=    0.11, RMSE_ALPHA_DERIV=    5.70
2025-07-13 00:27:13.839 INFO: Epoch 787: head: Default, loss=0.0021, RMSE_MU_per_atom=0.00 mDebye, RMSE_MU_DERIV=0.00 mDebye / A, RMSE_ALPHA_per_atom=    0.11, RMSE_ALPHA_DERIV=    5.69
2025-07-13 00:27:35.683 INFO: Epoch 788: head: Default, loss=0.0020, RMSE_MU_per_atom=0.00 mDebye, RMSE_MU_DERIV=0.00 mDebye / A, RMSE_ALPHA_per_atom=    0.11, RMSE_ALPHA_DERIV=    5.69
2025-07-13 00:27:57.538 INFO: Epoch 789: head: Default, loss=0.0020, RMSE_MU_per_atom=0.00 mDebye, RMSE_MU_DERIV=0.00 mDebye / A, RMSE_ALPHA_per_atom=    0.11, RMSE_ALPHA_DERIV=    5.69
2025-07-13 00:28:19.395 INFO: Epoch 790: head: Default, loss=0.0020, RMSE_MU_per_atom=0.00 mDebye, RMSE_MU_DERIV=0.00 mDebye / A, RMSE_ALPHA_per_atom=    0.11, RMSE_ALPHA_DERIV=    5.69
2025-07-13 00:28:41.246 INFO: Epoch 791: head: Default, loss=0.0020, RMSE_MU_per_atom=0.00 mDebye, RMSE_MU_DERIV=0.00 mDebye / A, RMSE_ALPHA_per_atom=    0.11, RMSE_ALPHA_DERIV=    5.69
2025-07-13 00:29:03.097 INFO: Epoch 792: head: Default, loss=0.0019, RMSE_MU_per_atom=0.00 mDebye, RMSE_MU_DERIV=0.00 mDebye / A, RMSE_ALPHA_per_atom=    0.11, RMSE_ALPHA_DERIV=    5.70
2025-07-13 00:29:24.949 INFO: Epoch 793: head: Default, loss=0.0020, RMSE_MU_per_atom=0.00 mDebye, RMSE_MU_DERIV=0.00 mDebye / A, RMSE_ALPHA_per_atom=    0.11, RMSE_ALPHA_DERIV=    5.70
2025-07-13 00:29:46.810 INFO: Epoch 794: head: Default, loss=0.0021, RMSE_MU_per_atom=0.00 mDebye, RMSE_MU_DERIV=0.00 mDebye / A, RMSE_ALPHA_per_atom=    0.11, RMSE_ALPHA_DERIV=    5.70
2025-07-13 00:30:08.671 INFO: Epoch 795: head: Default, loss=0.0020, RMSE_MU_per_atom=0.00 mDebye, RMSE_MU_DERIV=0.00 mDebye / A, RMSE_ALPHA_per_atom=    0.11, RMSE_ALPHA_DERIV=    5.69
2025-07-13 00:30:30.525 INFO: Epoch 796: head: Default, loss=0.0020, RMSE_MU_per_atom=0.00 mDebye, RMSE_MU_DERIV=0.00 mDebye / A, RMSE_ALPHA_per_atom=    0.11, RMSE_ALPHA_DERIV=    5.69
2025-07-13 00:30:52.384 INFO: Epoch 797: head: Default, loss=0.0020, RMSE_MU_per_atom=0.00 mDebye, RMSE_MU_DERIV=0.00 mDebye / A, RMSE_ALPHA_per_atom=    0.11, RMSE_ALPHA_DERIV=    5.70
2025-07-13 00:31:14.248 INFO: Epoch 798: head: Default, loss=0.0020, RMSE_MU_per_atom=0.00 mDebye, RMSE_MU_DERIV=0.00 mDebye / A, RMSE_ALPHA_per_atom=    0.11, RMSE_ALPHA_DERIV=    5.70
2025-07-13 00:31:36.101 INFO: Epoch 799: head: Default, loss=0.0020, RMSE_MU_per_atom=0.00 mDebye, RMSE_MU_DERIV=0.00 mDebye / A, RMSE_ALPHA_per_atom=    0.11, RMSE_ALPHA_DERIV=    5.70
2025-07-13 00:31:57.939 INFO: Epoch 800: head: Default, loss=0.0020, RMSE_MU_per_atom=0.00 mDebye, RMSE_MU_DERIV=0.00 mDebye / A, RMSE_ALPHA_per_atom=    0.11, RMSE_ALPHA_DERIV=    5.70
2025-07-13 00:32:19.797 INFO: Epoch 801: head: Default, loss=0.0020, RMSE_MU_per_atom=0.00 mDebye, RMSE_MU_DERIV=0.00 mDebye / A, RMSE_ALPHA_per_atom=    0.11, RMSE_ALPHA_DERIV=    5.70
2025-07-13 00:32:41.654 INFO: Epoch 802: head: Default, loss=0.0020, RMSE_MU_per_atom=0.00 mDebye, RMSE_MU_DERIV=0.00 mDebye / A, RMSE_ALPHA_per_atom=    0.11, RMSE_ALPHA_DERIV=    5.69
2025-07-13 00:33:03.507 INFO: Epoch 803: head: Default, loss=0.0020, RMSE_MU_per_atom=0.00 mDebye, RMSE_MU_DERIV=0.00 mDebye / A, RMSE_ALPHA_per_atom=    0.11, RMSE_ALPHA_DERIV=    5.70
2025-07-13 00:33:25.348 INFO: Epoch 804: head: Default, loss=0.0020, RMSE_MU_per_atom=0.00 mDebye, RMSE_MU_DERIV=0.00 mDebye / A, RMSE_ALPHA_per_atom=    0.11, RMSE_ALPHA_DERIV=    5.69
2025-07-13 00:33:47.202 INFO: Epoch 805: head: Default, loss=0.0020, RMSE_MU_per_atom=0.00 mDebye, RMSE_MU_DERIV=0.00 mDebye / A, RMSE_ALPHA_per_atom=    0.11, RMSE_ALPHA_DERIV=    5.69
2025-07-13 00:34:09.058 INFO: Epoch 806: head: Default, loss=0.0020, RMSE_MU_per_atom=0.00 mDebye, RMSE_MU_DERIV=0.00 mDebye / A, RMSE_ALPHA_per_atom=    0.11, RMSE_ALPHA_DERIV=    5.70
2025-07-13 00:34:30.913 INFO: Epoch 807: head: Default, loss=0.0020, RMSE_MU_per_atom=0.00 mDebye, RMSE_MU_DERIV=0.00 mDebye / A, RMSE_ALPHA_per_atom=    0.11, RMSE_ALPHA_DERIV=    5.69
2025-07-13 00:34:52.775 INFO: Epoch 808: head: Default, loss=0.0020, RMSE_MU_per_atom=0.00 mDebye, RMSE_MU_DERIV=0.00 mDebye / A, RMSE_ALPHA_per_atom=    0.11, RMSE_ALPHA_DERIV=    5.70
2025-07-13 00:35:14.629 INFO: Epoch 809: head: Default, loss=0.0020, RMSE_MU_per_atom=0.00 mDebye, RMSE_MU_DERIV=0.00 mDebye / A, RMSE_ALPHA_per_atom=    0.11, RMSE_ALPHA_DERIV=    5.69
2025-07-13 00:35:36.482 INFO: Epoch 810: head: Default, loss=0.0020, RMSE_MU_per_atom=0.00 mDebye, RMSE_MU_DERIV=0.00 mDebye / A, RMSE_ALPHA_per_atom=    0.11, RMSE_ALPHA_DERIV=    5.70
2025-07-13 00:35:58.335 INFO: Epoch 811: head: Default, loss=0.0021, RMSE_MU_per_atom=0.00 mDebye, RMSE_MU_DERIV=0.00 mDebye / A, RMSE_ALPHA_per_atom=    0.11, RMSE_ALPHA_DERIV=    5.70
2025-07-13 00:36:20.186 INFO: Epoch 812: head: Default, loss=0.0020, RMSE_MU_per_atom=0.00 mDebye, RMSE_MU_DERIV=0.00 mDebye / A, RMSE_ALPHA_per_atom=    0.11, RMSE_ALPHA_DERIV=    5.70
2025-07-13 00:36:42.047 INFO: Epoch 813: head: Default, loss=0.0020, RMSE_MU_per_atom=0.00 mDebye, RMSE_MU_DERIV=0.00 mDebye / A, RMSE_ALPHA_per_atom=    0.11, RMSE_ALPHA_DERIV=    5.70
2025-07-13 00:37:03.916 INFO: Epoch 814: head: Default, loss=0.0021, RMSE_MU_per_atom=0.00 mDebye, RMSE_MU_DERIV=0.00 mDebye / A, RMSE_ALPHA_per_atom=    0.11, RMSE_ALPHA_DERIV=    5.70
2025-07-13 00:37:25.792 INFO: Epoch 815: head: Default, loss=0.0020, RMSE_MU_per_atom=0.00 mDebye, RMSE_MU_DERIV=0.00 mDebye / A, RMSE_ALPHA_per_atom=    0.11, RMSE_ALPHA_DERIV=    5.69
2025-07-13 00:37:47.650 INFO: Epoch 816: head: Default, loss=0.0020, RMSE_MU_per_atom=0.00 mDebye, RMSE_MU_DERIV=0.00 mDebye / A, RMSE_ALPHA_per_atom=    0.11, RMSE_ALPHA_DERIV=    5.70
2025-07-13 00:38:09.518 INFO: Epoch 817: head: Default, loss=0.0020, RMSE_MU_per_atom=0.00 mDebye, RMSE_MU_DERIV=0.00 mDebye / A, RMSE_ALPHA_per_atom=    0.11, RMSE_ALPHA_DERIV=    5.70
2025-07-13 00:38:31.370 INFO: Epoch 818: head: Default, loss=0.0020, RMSE_MU_per_atom=0.00 mDebye, RMSE_MU_DERIV=0.00 mDebye / A, RMSE_ALPHA_per_atom=    0.11, RMSE_ALPHA_DERIV=    5.71
2025-07-13 00:38:53.227 INFO: Epoch 819: head: Default, loss=0.0020, RMSE_MU_per_atom=0.00 mDebye, RMSE_MU_DERIV=0.00 mDebye / A, RMSE_ALPHA_per_atom=    0.11, RMSE_ALPHA_DERIV=    5.70
2025-07-13 00:39:15.059 INFO: Epoch 820: head: Default, loss=0.0020, RMSE_MU_per_atom=0.00 mDebye, RMSE_MU_DERIV=0.00 mDebye / A, RMSE_ALPHA_per_atom=    0.11, RMSE_ALPHA_DERIV=    5.71
2025-07-13 00:39:36.902 INFO: Epoch 821: head: Default, loss=0.0021, RMSE_MU_per_atom=0.00 mDebye, RMSE_MU_DERIV=0.00 mDebye / A, RMSE_ALPHA_per_atom=    0.11, RMSE_ALPHA_DERIV=    5.70
2025-07-13 00:39:58.759 INFO: Epoch 822: head: Default, loss=0.0020, RMSE_MU_per_atom=0.00 mDebye, RMSE_MU_DERIV=0.00 mDebye / A, RMSE_ALPHA_per_atom=    0.11, RMSE_ALPHA_DERIV=    5.70
2025-07-13 00:40:20.608 INFO: Epoch 823: head: Default, loss=0.0020, RMSE_MU_per_atom=0.00 mDebye, RMSE_MU_DERIV=0.00 mDebye / A, RMSE_ALPHA_per_atom=    0.11, RMSE_ALPHA_DERIV=    5.70
2025-07-13 00:40:42.462 INFO: Epoch 824: head: Default, loss=0.0020, RMSE_MU_per_atom=0.00 mDebye, RMSE_MU_DERIV=0.00 mDebye / A, RMSE_ALPHA_per_atom=    0.11, RMSE_ALPHA_DERIV=    5.70
2025-07-13 00:41:04.313 INFO: Epoch 825: head: Default, loss=0.0020, RMSE_MU_per_atom=0.00 mDebye, RMSE_MU_DERIV=0.00 mDebye / A, RMSE_ALPHA_per_atom=    0.11, RMSE_ALPHA_DERIV=    5.70
2025-07-13 00:41:26.168 INFO: Epoch 826: head: Default, loss=0.0020, RMSE_MU_per_atom=0.00 mDebye, RMSE_MU_DERIV=0.00 mDebye / A, RMSE_ALPHA_per_atom=    0.11, RMSE_ALPHA_DERIV=    5.71
2025-07-13 00:41:48.016 INFO: Epoch 827: head: Default, loss=0.0021, RMSE_MU_per_atom=0.00 mDebye, RMSE_MU_DERIV=0.00 mDebye / A, RMSE_ALPHA_per_atom=    0.11, RMSE_ALPHA_DERIV=    5.70
2025-07-13 00:42:09.866 INFO: Epoch 828: head: Default, loss=0.0020, RMSE_MU_per_atom=0.00 mDebye, RMSE_MU_DERIV=0.00 mDebye / A, RMSE_ALPHA_per_atom=    0.11, RMSE_ALPHA_DERIV=    5.70
2025-07-13 00:42:31.731 INFO: Epoch 829: head: Default, loss=0.0020, RMSE_MU_per_atom=0.00 mDebye, RMSE_MU_DERIV=0.00 mDebye / A, RMSE_ALPHA_per_atom=    0.11, RMSE_ALPHA_DERIV=    5.71
2025-07-13 00:42:53.608 INFO: Epoch 830: head: Default, loss=0.0020, RMSE_MU_per_atom=0.00 mDebye, RMSE_MU_DERIV=0.00 mDebye / A, RMSE_ALPHA_per_atom=    0.11, RMSE_ALPHA_DERIV=    5.71
2025-07-13 00:43:15.456 INFO: Epoch 831: head: Default, loss=0.0021, RMSE_MU_per_atom=0.00 mDebye, RMSE_MU_DERIV=0.00 mDebye / A, RMSE_ALPHA_per_atom=    0.11, RMSE_ALPHA_DERIV=    5.71
2025-07-13 00:43:37.316 INFO: Epoch 832: head: Default, loss=0.0020, RMSE_MU_per_atom=0.00 mDebye, RMSE_MU_DERIV=0.00 mDebye / A, RMSE_ALPHA_per_atom=    0.11, RMSE_ALPHA_DERIV=    5.70
2025-07-13 00:43:59.190 INFO: Epoch 833: head: Default, loss=0.0020, RMSE_MU_per_atom=0.00 mDebye, RMSE_MU_DERIV=0.00 mDebye / A, RMSE_ALPHA_per_atom=    0.11, RMSE_ALPHA_DERIV=    5.70
2025-07-13 00:44:21.044 INFO: Epoch 834: head: Default, loss=0.0020, RMSE_MU_per_atom=0.00 mDebye, RMSE_MU_DERIV=0.00 mDebye / A, RMSE_ALPHA_per_atom=    0.11, RMSE_ALPHA_DERIV=    5.71
2025-07-13 00:44:42.901 INFO: Epoch 835: head: Default, loss=0.0021, RMSE_MU_per_atom=0.00 mDebye, RMSE_MU_DERIV=0.00 mDebye / A, RMSE_ALPHA_per_atom=    0.11, RMSE_ALPHA_DERIV=    5.70
2025-07-13 00:45:04.738 INFO: Epoch 836: head: Default, loss=0.0019, RMSE_MU_per_atom=0.00 mDebye, RMSE_MU_DERIV=0.00 mDebye / A, RMSE_ALPHA_per_atom=    0.11, RMSE_ALPHA_DERIV=    5.71
2025-07-13 00:45:26.598 INFO: Epoch 837: head: Default, loss=0.0020, RMSE_MU_per_atom=0.00 mDebye, RMSE_MU_DERIV=0.00 mDebye / A, RMSE_ALPHA_per_atom=    0.11, RMSE_ALPHA_DERIV=    5.70
2025-07-13 00:45:48.443 INFO: Epoch 838: head: Default, loss=0.0020, RMSE_MU_per_atom=0.00 mDebye, RMSE_MU_DERIV=0.00 mDebye / A, RMSE_ALPHA_per_atom=    0.11, RMSE_ALPHA_DERIV=    5.71
2025-07-13 00:46:10.290 INFO: Epoch 839: head: Default, loss=0.0020, RMSE_MU_per_atom=0.00 mDebye, RMSE_MU_DERIV=0.00 mDebye / A, RMSE_ALPHA_per_atom=    0.11, RMSE_ALPHA_DERIV=    5.71
2025-07-13 00:46:32.131 INFO: Epoch 840: head: Default, loss=0.0020, RMSE_MU_per_atom=0.00 mDebye, RMSE_MU_DERIV=0.00 mDebye / A, RMSE_ALPHA_per_atom=    0.11, RMSE_ALPHA_DERIV=    5.71
2025-07-13 00:46:53.992 INFO: Epoch 841: head: Default, loss=0.0020, RMSE_MU_per_atom=0.00 mDebye, RMSE_MU_DERIV=0.00 mDebye / A, RMSE_ALPHA_per_atom=    0.11, RMSE_ALPHA_DERIV=    5.70
2025-07-13 00:47:15.829 INFO: Epoch 842: head: Default, loss=0.0020, RMSE_MU_per_atom=0.00 mDebye, RMSE_MU_DERIV=0.00 mDebye / A, RMSE_ALPHA_per_atom=    0.11, RMSE_ALPHA_DERIV=    5.71
2025-07-13 00:47:37.669 INFO: Epoch 843: head: Default, loss=0.0020, RMSE_MU_per_atom=0.00 mDebye, RMSE_MU_DERIV=0.00 mDebye / A, RMSE_ALPHA_per_atom=    0.11, RMSE_ALPHA_DERIV=    5.70
2025-07-13 00:47:59.513 INFO: Epoch 844: head: Default, loss=0.0020, RMSE_MU_per_atom=0.00 mDebye, RMSE_MU_DERIV=0.00 mDebye / A, RMSE_ALPHA_per_atom=    0.11, RMSE_ALPHA_DERIV=    5.71
2025-07-13 00:48:21.365 INFO: Epoch 845: head: Default, loss=0.0020, RMSE_MU_per_atom=0.00 mDebye, RMSE_MU_DERIV=0.00 mDebye / A, RMSE_ALPHA_per_atom=    0.11, RMSE_ALPHA_DERIV=    5.70
2025-07-13 00:48:43.227 INFO: Epoch 846: head: Default, loss=0.0020, RMSE_MU_per_atom=0.00 mDebye, RMSE_MU_DERIV=0.00 mDebye / A, RMSE_ALPHA_per_atom=    0.11, RMSE_ALPHA_DERIV=    5.71
2025-07-13 00:49:05.084 INFO: Epoch 847: head: Default, loss=0.0020, RMSE_MU_per_atom=0.00 mDebye, RMSE_MU_DERIV=0.00 mDebye / A, RMSE_ALPHA_per_atom=    0.11, RMSE_ALPHA_DERIV=    5.71
2025-07-13 00:49:26.926 INFO: Epoch 848: head: Default, loss=0.0020, RMSE_MU_per_atom=0.00 mDebye, RMSE_MU_DERIV=0.00 mDebye / A, RMSE_ALPHA_per_atom=    0.11, RMSE_ALPHA_DERIV=    5.71
2025-07-13 00:49:48.778 INFO: Epoch 849: head: Default, loss=0.0020, RMSE_MU_per_atom=0.00 mDebye, RMSE_MU_DERIV=0.00 mDebye / A, RMSE_ALPHA_per_atom=    0.11, RMSE_ALPHA_DERIV=    5.71
2025-07-13 00:50:10.637 INFO: Epoch 850: head: Default, loss=0.0020, RMSE_MU_per_atom=0.00 mDebye, RMSE_MU_DERIV=0.00 mDebye / A, RMSE_ALPHA_per_atom=    0.11, RMSE_ALPHA_DERIV=    5.71
2025-07-13 00:50:32.498 INFO: Epoch 851: head: Default, loss=0.0020, RMSE_MU_per_atom=0.00 mDebye, RMSE_MU_DERIV=0.00 mDebye / A, RMSE_ALPHA_per_atom=    0.11, RMSE_ALPHA_DERIV=    5.71
2025-07-13 00:50:54.353 INFO: Epoch 852: head: Default, loss=0.0020, RMSE_MU_per_atom=0.00 mDebye, RMSE_MU_DERIV=0.00 mDebye / A, RMSE_ALPHA_per_atom=    0.11, RMSE_ALPHA_DERIV=    5.71
2025-07-13 00:51:16.201 INFO: Epoch 853: head: Default, loss=0.0020, RMSE_MU_per_atom=0.00 mDebye, RMSE_MU_DERIV=0.00 mDebye / A, RMSE_ALPHA_per_atom=    0.11, RMSE_ALPHA_DERIV=    5.71
2025-07-13 00:51:38.054 INFO: Epoch 854: head: Default, loss=0.0020, RMSE_MU_per_atom=0.00 mDebye, RMSE_MU_DERIV=0.00 mDebye / A, RMSE_ALPHA_per_atom=    0.11, RMSE_ALPHA_DERIV=    5.71
2025-07-13 00:51:59.902 INFO: Epoch 855: head: Default, loss=0.0020, RMSE_MU_per_atom=0.00 mDebye, RMSE_MU_DERIV=0.00 mDebye / A, RMSE_ALPHA_per_atom=    0.11, RMSE_ALPHA_DERIV=    5.71
2025-07-13 00:52:21.762 INFO: Epoch 856: head: Default, loss=0.0020, RMSE_MU_per_atom=0.00 mDebye, RMSE_MU_DERIV=0.00 mDebye / A, RMSE_ALPHA_per_atom=    0.11, RMSE_ALPHA_DERIV=    5.71
2025-07-13 00:52:43.618 INFO: Epoch 857: head: Default, loss=0.0019, RMSE_MU_per_atom=0.00 mDebye, RMSE_MU_DERIV=0.00 mDebye / A, RMSE_ALPHA_per_atom=    0.11, RMSE_ALPHA_DERIV=    5.71
2025-07-13 00:53:05.472 INFO: Epoch 858: head: Default, loss=0.0020, RMSE_MU_per_atom=0.00 mDebye, RMSE_MU_DERIV=0.00 mDebye / A, RMSE_ALPHA_per_atom=    0.11, RMSE_ALPHA_DERIV=    5.71
2025-07-13 00:53:27.318 INFO: Epoch 859: head: Default, loss=0.0020, RMSE_MU_per_atom=0.00 mDebye, RMSE_MU_DERIV=0.00 mDebye / A, RMSE_ALPHA_per_atom=    0.11, RMSE_ALPHA_DERIV=    5.72
2025-07-13 00:53:49.176 INFO: Epoch 860: head: Default, loss=0.0020, RMSE_MU_per_atom=0.00 mDebye, RMSE_MU_DERIV=0.00 mDebye / A, RMSE_ALPHA_per_atom=    0.11, RMSE_ALPHA_DERIV=    5.71
2025-07-13 00:54:11.020 INFO: Epoch 861: head: Default, loss=0.0020, RMSE_MU_per_atom=0.00 mDebye, RMSE_MU_DERIV=0.00 mDebye / A, RMSE_ALPHA_per_atom=    0.11, RMSE_ALPHA_DERIV=    5.71
2025-07-13 00:54:32.881 INFO: Epoch 862: head: Default, loss=0.0020, RMSE_MU_per_atom=0.00 mDebye, RMSE_MU_DERIV=0.00 mDebye / A, RMSE_ALPHA_per_atom=    0.11, RMSE_ALPHA_DERIV=    5.70
2025-07-13 00:54:54.730 INFO: Epoch 863: head: Default, loss=0.0020, RMSE_MU_per_atom=0.00 mDebye, RMSE_MU_DERIV=0.00 mDebye / A, RMSE_ALPHA_per_atom=    0.11, RMSE_ALPHA_DERIV=    5.71
2025-07-13 00:55:16.566 INFO: Epoch 864: head: Default, loss=0.0020, RMSE_MU_per_atom=0.00 mDebye, RMSE_MU_DERIV=0.00 mDebye / A, RMSE_ALPHA_per_atom=    0.11, RMSE_ALPHA_DERIV=    5.71
2025-07-13 00:55:38.419 INFO: Epoch 865: head: Default, loss=0.0020, RMSE_MU_per_atom=0.00 mDebye, RMSE_MU_DERIV=0.00 mDebye / A, RMSE_ALPHA_per_atom=    0.11, RMSE_ALPHA_DERIV=    5.71
2025-07-13 00:56:00.279 INFO: Epoch 866: head: Default, loss=0.0020, RMSE_MU_per_atom=0.00 mDebye, RMSE_MU_DERIV=0.00 mDebye / A, RMSE_ALPHA_per_atom=    0.11, RMSE_ALPHA_DERIV=    5.71
2025-07-13 00:56:22.144 INFO: Epoch 867: head: Default, loss=0.0020, RMSE_MU_per_atom=0.00 mDebye, RMSE_MU_DERIV=0.00 mDebye / A, RMSE_ALPHA_per_atom=    0.11, RMSE_ALPHA_DERIV=    5.71
2025-07-13 00:56:44.003 INFO: Epoch 868: head: Default, loss=0.0020, RMSE_MU_per_atom=0.00 mDebye, RMSE_MU_DERIV=0.00 mDebye / A, RMSE_ALPHA_per_atom=    0.11, RMSE_ALPHA_DERIV=    5.71
2025-07-13 00:57:05.870 INFO: Epoch 869: head: Default, loss=0.0020, RMSE_MU_per_atom=0.00 mDebye, RMSE_MU_DERIV=0.00 mDebye / A, RMSE_ALPHA_per_atom=    0.11, RMSE_ALPHA_DERIV=    5.71
2025-07-13 00:57:27.717 INFO: Epoch 870: head: Default, loss=0.0020, RMSE_MU_per_atom=0.00 mDebye, RMSE_MU_DERIV=0.00 mDebye / A, RMSE_ALPHA_per_atom=    0.11, RMSE_ALPHA_DERIV=    5.71
2025-07-13 00:57:49.556 INFO: Epoch 871: head: Default, loss=0.0021, RMSE_MU_per_atom=0.00 mDebye, RMSE_MU_DERIV=0.00 mDebye / A, RMSE_ALPHA_per_atom=    0.11, RMSE_ALPHA_DERIV=    5.71
2025-07-13 00:58:11.397 INFO: Epoch 872: head: Default, loss=0.0020, RMSE_MU_per_atom=0.00 mDebye, RMSE_MU_DERIV=0.00 mDebye / A, RMSE_ALPHA_per_atom=    0.11, RMSE_ALPHA_DERIV=    5.71
2025-07-13 00:58:33.249 INFO: Epoch 873: head: Default, loss=0.0020, RMSE_MU_per_atom=0.00 mDebye, RMSE_MU_DERIV=0.00 mDebye / A, RMSE_ALPHA_per_atom=    0.11, RMSE_ALPHA_DERIV=    5.71
2025-07-13 00:58:55.106 INFO: Epoch 874: head: Default, loss=0.0020, RMSE_MU_per_atom=0.00 mDebye, RMSE_MU_DERIV=0.00 mDebye / A, RMSE_ALPHA_per_atom=    0.11, RMSE_ALPHA_DERIV=    5.71
2025-07-13 00:59:16.946 INFO: Epoch 875: head: Default, loss=0.0020, RMSE_MU_per_atom=0.00 mDebye, RMSE_MU_DERIV=0.00 mDebye / A, RMSE_ALPHA_per_atom=    0.11, RMSE_ALPHA_DERIV=    5.72
2025-07-13 00:59:38.792 INFO: Epoch 876: head: Default, loss=0.0020, RMSE_MU_per_atom=0.00 mDebye, RMSE_MU_DERIV=0.00 mDebye / A, RMSE_ALPHA_per_atom=    0.11, RMSE_ALPHA_DERIV=    5.71
2025-07-13 01:00:00.644 INFO: Epoch 877: head: Default, loss=0.0020, RMSE_MU_per_atom=0.00 mDebye, RMSE_MU_DERIV=0.00 mDebye / A, RMSE_ALPHA_per_atom=    0.11, RMSE_ALPHA_DERIV=    5.72
2025-07-13 01:00:22.481 INFO: Epoch 878: head: Default, loss=0.0020, RMSE_MU_per_atom=0.00 mDebye, RMSE_MU_DERIV=0.00 mDebye / A, RMSE_ALPHA_per_atom=    0.11, RMSE_ALPHA_DERIV=    5.72
2025-07-13 01:00:44.334 INFO: Epoch 879: head: Default, loss=0.0020, RMSE_MU_per_atom=0.00 mDebye, RMSE_MU_DERIV=0.00 mDebye / A, RMSE_ALPHA_per_atom=    0.11, RMSE_ALPHA_DERIV=    5.71
2025-07-13 01:01:06.183 INFO: Epoch 880: head: Default, loss=0.0020, RMSE_MU_per_atom=0.00 mDebye, RMSE_MU_DERIV=0.00 mDebye / A, RMSE_ALPHA_per_atom=    0.11, RMSE_ALPHA_DERIV=    5.72
2025-07-13 01:01:28.039 INFO: Epoch 881: head: Default, loss=0.0020, RMSE_MU_per_atom=0.00 mDebye, RMSE_MU_DERIV=0.00 mDebye / A, RMSE_ALPHA_per_atom=    0.11, RMSE_ALPHA_DERIV=    5.72
2025-07-13 01:01:49.880 INFO: Epoch 882: head: Default, loss=0.0020, RMSE_MU_per_atom=0.00 mDebye, RMSE_MU_DERIV=0.00 mDebye / A, RMSE_ALPHA_per_atom=    0.11, RMSE_ALPHA_DERIV=    5.71
2025-07-13 01:02:11.713 INFO: Epoch 883: head: Default, loss=0.0020, RMSE_MU_per_atom=0.00 mDebye, RMSE_MU_DERIV=0.00 mDebye / A, RMSE_ALPHA_per_atom=    0.11, RMSE_ALPHA_DERIV=    5.71
2025-07-13 01:02:33.556 INFO: Epoch 884: head: Default, loss=0.0020, RMSE_MU_per_atom=0.00 mDebye, RMSE_MU_DERIV=0.00 mDebye / A, RMSE_ALPHA_per_atom=    0.11, RMSE_ALPHA_DERIV=    5.71
2025-07-13 01:02:55.397 INFO: Epoch 885: head: Default, loss=0.0020, RMSE_MU_per_atom=0.00 mDebye, RMSE_MU_DERIV=0.00 mDebye / A, RMSE_ALPHA_per_atom=    0.11, RMSE_ALPHA_DERIV=    5.71
2025-07-13 01:03:17.242 INFO: Epoch 886: head: Default, loss=0.0020, RMSE_MU_per_atom=0.00 mDebye, RMSE_MU_DERIV=0.00 mDebye / A, RMSE_ALPHA_per_atom=    0.11, RMSE_ALPHA_DERIV=    5.72
2025-07-13 01:03:39.100 INFO: Epoch 887: head: Default, loss=0.0020, RMSE_MU_per_atom=0.00 mDebye, RMSE_MU_DERIV=0.00 mDebye / A, RMSE_ALPHA_per_atom=    0.11, RMSE_ALPHA_DERIV=    5.71
2025-07-13 01:04:00.947 INFO: Epoch 888: head: Default, loss=0.0020, RMSE_MU_per_atom=0.00 mDebye, RMSE_MU_DERIV=0.00 mDebye / A, RMSE_ALPHA_per_atom=    0.11, RMSE_ALPHA_DERIV=    5.72
2025-07-13 01:04:22.784 INFO: Epoch 889: head: Default, loss=0.0020, RMSE_MU_per_atom=0.00 mDebye, RMSE_MU_DERIV=0.00 mDebye / A, RMSE_ALPHA_per_atom=    0.11, RMSE_ALPHA_DERIV=    5.71
2025-07-13 01:04:44.624 INFO: Epoch 890: head: Default, loss=0.0020, RMSE_MU_per_atom=0.00 mDebye, RMSE_MU_DERIV=0.00 mDebye / A, RMSE_ALPHA_per_atom=    0.11, RMSE_ALPHA_DERIV=    5.71
2025-07-13 01:05:06.472 INFO: Epoch 891: head: Default, loss=0.0020, RMSE_MU_per_atom=0.00 mDebye, RMSE_MU_DERIV=0.00 mDebye / A, RMSE_ALPHA_per_atom=    0.11, RMSE_ALPHA_DERIV=    5.73
2025-07-13 01:05:28.336 INFO: Epoch 892: head: Default, loss=0.0021, RMSE_MU_per_atom=0.00 mDebye, RMSE_MU_DERIV=0.00 mDebye / A, RMSE_ALPHA_per_atom=    0.11, RMSE_ALPHA_DERIV=    5.71
2025-07-13 01:05:50.187 INFO: Epoch 893: head: Default, loss=0.0020, RMSE_MU_per_atom=0.00 mDebye, RMSE_MU_DERIV=0.00 mDebye / A, RMSE_ALPHA_per_atom=    0.11, RMSE_ALPHA_DERIV=    5.71
2025-07-13 01:06:12.040 INFO: Epoch 894: head: Default, loss=0.0020, RMSE_MU_per_atom=0.00 mDebye, RMSE_MU_DERIV=0.00 mDebye / A, RMSE_ALPHA_per_atom=    0.11, RMSE_ALPHA_DERIV=    5.72
2025-07-13 01:06:33.886 INFO: Epoch 895: head: Default, loss=0.0020, RMSE_MU_per_atom=0.00 mDebye, RMSE_MU_DERIV=0.00 mDebye / A, RMSE_ALPHA_per_atom=    0.11, RMSE_ALPHA_DERIV=    5.72
2025-07-13 01:06:55.735 INFO: Epoch 896: head: Default, loss=0.0020, RMSE_MU_per_atom=0.00 mDebye, RMSE_MU_DERIV=0.00 mDebye / A, RMSE_ALPHA_per_atom=    0.11, RMSE_ALPHA_DERIV=    5.71
2025-07-13 01:07:17.574 INFO: Epoch 897: head: Default, loss=0.0020, RMSE_MU_per_atom=0.00 mDebye, RMSE_MU_DERIV=0.00 mDebye / A, RMSE_ALPHA_per_atom=    0.11, RMSE_ALPHA_DERIV=    5.72
2025-07-13 01:07:39.416 INFO: Epoch 898: head: Default, loss=0.0020, RMSE_MU_per_atom=0.00 mDebye, RMSE_MU_DERIV=0.00 mDebye / A, RMSE_ALPHA_per_atom=    0.11, RMSE_ALPHA_DERIV=    5.72
2025-07-13 01:08:01.264 INFO: Epoch 899: head: Default, loss=0.0020, RMSE_MU_per_atom=0.00 mDebye, RMSE_MU_DERIV=0.00 mDebye / A, RMSE_ALPHA_per_atom=    0.11, RMSE_ALPHA_DERIV=    5.71
2025-07-13 01:08:23.104 INFO: Epoch 900: head: Default, loss=0.0020, RMSE_MU_per_atom=0.00 mDebye, RMSE_MU_DERIV=0.00 mDebye / A, RMSE_ALPHA_per_atom=    0.11, RMSE_ALPHA_DERIV=    5.72
2025-07-13 01:08:44.941 INFO: Epoch 901: head: Default, loss=0.0020, RMSE_MU_per_atom=0.00 mDebye, RMSE_MU_DERIV=0.00 mDebye / A, RMSE_ALPHA_per_atom=    0.11, RMSE_ALPHA_DERIV=    5.71
2025-07-13 01:09:06.785 INFO: Epoch 902: head: Default, loss=0.0020, RMSE_MU_per_atom=0.00 mDebye, RMSE_MU_DERIV=0.00 mDebye / A, RMSE_ALPHA_per_atom=    0.11, RMSE_ALPHA_DERIV=    5.72
2025-07-13 01:09:28.632 INFO: Epoch 903: head: Default, loss=0.0020, RMSE_MU_per_atom=0.00 mDebye, RMSE_MU_DERIV=0.00 mDebye / A, RMSE_ALPHA_per_atom=    0.11, RMSE_ALPHA_DERIV=    5.72
2025-07-13 01:09:50.483 INFO: Epoch 904: head: Default, loss=0.0021, RMSE_MU_per_atom=0.00 mDebye, RMSE_MU_DERIV=0.00 mDebye / A, RMSE_ALPHA_per_atom=    0.11, RMSE_ALPHA_DERIV=    5.72
2025-07-13 01:10:12.321 INFO: Epoch 905: head: Default, loss=0.0020, RMSE_MU_per_atom=0.00 mDebye, RMSE_MU_DERIV=0.00 mDebye / A, RMSE_ALPHA_per_atom=    0.11, RMSE_ALPHA_DERIV=    5.72
2025-07-13 01:10:34.156 INFO: Epoch 906: head: Default, loss=0.0020, RMSE_MU_per_atom=0.00 mDebye, RMSE_MU_DERIV=0.00 mDebye / A, RMSE_ALPHA_per_atom=    0.11, RMSE_ALPHA_DERIV=    5.71
2025-07-13 01:10:56.007 INFO: Epoch 907: head: Default, loss=0.0020, RMSE_MU_per_atom=0.00 mDebye, RMSE_MU_DERIV=0.00 mDebye / A, RMSE_ALPHA_per_atom=    0.11, RMSE_ALPHA_DERIV=    5.72
2025-07-13 01:11:17.861 INFO: Epoch 908: head: Default, loss=0.0020, RMSE_MU_per_atom=0.00 mDebye, RMSE_MU_DERIV=0.00 mDebye / A, RMSE_ALPHA_per_atom=    0.11, RMSE_ALPHA_DERIV=    5.72
2025-07-13 01:11:39.699 INFO: Epoch 909: head: Default, loss=0.0021, RMSE_MU_per_atom=0.00 mDebye, RMSE_MU_DERIV=0.00 mDebye / A, RMSE_ALPHA_per_atom=    0.11, RMSE_ALPHA_DERIV=    5.72
2025-07-13 01:12:01.531 INFO: Epoch 910: head: Default, loss=0.0020, RMSE_MU_per_atom=0.00 mDebye, RMSE_MU_DERIV=0.00 mDebye / A, RMSE_ALPHA_per_atom=    0.11, RMSE_ALPHA_DERIV=    5.72
2025-07-13 01:12:23.375 INFO: Epoch 911: head: Default, loss=0.0020, RMSE_MU_per_atom=0.00 mDebye, RMSE_MU_DERIV=0.00 mDebye / A, RMSE_ALPHA_per_atom=    0.11, RMSE_ALPHA_DERIV=    5.72
2025-07-13 01:12:45.217 INFO: Epoch 912: head: Default, loss=0.0020, RMSE_MU_per_atom=0.00 mDebye, RMSE_MU_DERIV=0.00 mDebye / A, RMSE_ALPHA_per_atom=    0.11, RMSE_ALPHA_DERIV=    5.72
2025-07-13 01:13:07.058 INFO: Epoch 913: head: Default, loss=0.0020, RMSE_MU_per_atom=0.00 mDebye, RMSE_MU_DERIV=0.00 mDebye / A, RMSE_ALPHA_per_atom=    0.11, RMSE_ALPHA_DERIV=    5.72
2025-07-13 01:13:28.907 INFO: Epoch 914: head: Default, loss=0.0021, RMSE_MU_per_atom=0.00 mDebye, RMSE_MU_DERIV=0.00 mDebye / A, RMSE_ALPHA_per_atom=    0.11, RMSE_ALPHA_DERIV=    5.72
2025-07-13 01:13:50.753 INFO: Epoch 915: head: Default, loss=0.0020, RMSE_MU_per_atom=0.00 mDebye, RMSE_MU_DERIV=0.00 mDebye / A, RMSE_ALPHA_per_atom=    0.11, RMSE_ALPHA_DERIV=    5.72
2025-07-13 01:14:12.589 INFO: Epoch 916: head: Default, loss=0.0020, RMSE_MU_per_atom=0.00 mDebye, RMSE_MU_DERIV=0.00 mDebye / A, RMSE_ALPHA_per_atom=    0.11, RMSE_ALPHA_DERIV=    5.72
2025-07-13 01:14:34.439 INFO: Epoch 917: head: Default, loss=0.0020, RMSE_MU_per_atom=0.00 mDebye, RMSE_MU_DERIV=0.00 mDebye / A, RMSE_ALPHA_per_atom=    0.11, RMSE_ALPHA_DERIV=    5.72
2025-07-13 01:14:56.283 INFO: Epoch 918: head: Default, loss=0.0020, RMSE_MU_per_atom=0.00 mDebye, RMSE_MU_DERIV=0.00 mDebye / A, RMSE_ALPHA_per_atom=    0.11, RMSE_ALPHA_DERIV=    5.72
2025-07-13 01:15:18.135 INFO: Epoch 919: head: Default, loss=0.0020, RMSE_MU_per_atom=0.00 mDebye, RMSE_MU_DERIV=0.00 mDebye / A, RMSE_ALPHA_per_atom=    0.11, RMSE_ALPHA_DERIV=    5.72
2025-07-13 01:15:39.976 INFO: Epoch 920: head: Default, loss=0.0020, RMSE_MU_per_atom=0.00 mDebye, RMSE_MU_DERIV=0.00 mDebye / A, RMSE_ALPHA_per_atom=    0.11, RMSE_ALPHA_DERIV=    5.72
2025-07-13 01:16:01.815 INFO: Epoch 921: head: Default, loss=0.0020, RMSE_MU_per_atom=0.00 mDebye, RMSE_MU_DERIV=0.00 mDebye / A, RMSE_ALPHA_per_atom=    0.11, RMSE_ALPHA_DERIV=    5.72
2025-07-13 01:16:23.648 INFO: Epoch 922: head: Default, loss=0.0020, RMSE_MU_per_atom=0.00 mDebye, RMSE_MU_DERIV=0.00 mDebye / A, RMSE_ALPHA_per_atom=    0.11, RMSE_ALPHA_DERIV=    5.72
2025-07-13 01:16:45.493 INFO: Epoch 923: head: Default, loss=0.0020, RMSE_MU_per_atom=0.00 mDebye, RMSE_MU_DERIV=0.00 mDebye / A, RMSE_ALPHA_per_atom=    0.11, RMSE_ALPHA_DERIV=    5.72
2025-07-13 01:17:07.329 INFO: Epoch 924: head: Default, loss=0.0020, RMSE_MU_per_atom=0.00 mDebye, RMSE_MU_DERIV=0.00 mDebye / A, RMSE_ALPHA_per_atom=    0.11, RMSE_ALPHA_DERIV=    5.72
2025-07-13 01:17:29.174 INFO: Epoch 925: head: Default, loss=0.0021, RMSE_MU_per_atom=0.00 mDebye, RMSE_MU_DERIV=0.00 mDebye / A, RMSE_ALPHA_per_atom=    0.11, RMSE_ALPHA_DERIV=    5.72
2025-07-13 01:17:51.026 INFO: Epoch 926: head: Default, loss=0.0020, RMSE_MU_per_atom=0.00 mDebye, RMSE_MU_DERIV=0.00 mDebye / A, RMSE_ALPHA_per_atom=    0.11, RMSE_ALPHA_DERIV=    5.72
2025-07-13 01:18:12.874 INFO: Epoch 927: head: Default, loss=0.0020, RMSE_MU_per_atom=0.00 mDebye, RMSE_MU_DERIV=0.00 mDebye / A, RMSE_ALPHA_per_atom=    0.11, RMSE_ALPHA_DERIV=    5.72
2025-07-13 01:18:34.726 INFO: Epoch 928: head: Default, loss=0.0020, RMSE_MU_per_atom=0.00 mDebye, RMSE_MU_DERIV=0.00 mDebye / A, RMSE_ALPHA_per_atom=    0.11, RMSE_ALPHA_DERIV=    5.72
2025-07-13 01:18:56.575 INFO: Epoch 929: head: Default, loss=0.0020, RMSE_MU_per_atom=0.00 mDebye, RMSE_MU_DERIV=0.00 mDebye / A, RMSE_ALPHA_per_atom=    0.11, RMSE_ALPHA_DERIV=    5.72
2025-07-13 01:19:18.404 INFO: Epoch 930: head: Default, loss=0.0020, RMSE_MU_per_atom=0.00 mDebye, RMSE_MU_DERIV=0.00 mDebye / A, RMSE_ALPHA_per_atom=    0.11, RMSE_ALPHA_DERIV=    5.72
2025-07-13 01:19:40.255 INFO: Epoch 931: head: Default, loss=0.0020, RMSE_MU_per_atom=0.00 mDebye, RMSE_MU_DERIV=0.00 mDebye / A, RMSE_ALPHA_per_atom=    0.11, RMSE_ALPHA_DERIV=    5.72
2025-07-13 01:20:02.104 INFO: Epoch 932: head: Default, loss=0.0020, RMSE_MU_per_atom=0.00 mDebye, RMSE_MU_DERIV=0.00 mDebye / A, RMSE_ALPHA_per_atom=    0.11, RMSE_ALPHA_DERIV=    5.73
2025-07-13 01:20:23.955 INFO: Epoch 933: head: Default, loss=0.0021, RMSE_MU_per_atom=0.00 mDebye, RMSE_MU_DERIV=0.00 mDebye / A, RMSE_ALPHA_per_atom=    0.11, RMSE_ALPHA_DERIV=    5.71
2025-07-13 01:20:45.791 INFO: Epoch 934: head: Default, loss=0.0020, RMSE_MU_per_atom=0.00 mDebye, RMSE_MU_DERIV=0.00 mDebye / A, RMSE_ALPHA_per_atom=    0.11, RMSE_ALPHA_DERIV=    5.72
2025-07-13 01:21:07.629 INFO: Epoch 935: head: Default, loss=0.0020, RMSE_MU_per_atom=0.00 mDebye, RMSE_MU_DERIV=0.00 mDebye / A, RMSE_ALPHA_per_atom=    0.11, RMSE_ALPHA_DERIV=    5.72
2025-07-13 01:21:29.471 INFO: Epoch 936: head: Default, loss=0.0021, RMSE_MU_per_atom=0.00 mDebye, RMSE_MU_DERIV=0.00 mDebye / A, RMSE_ALPHA_per_atom=    0.11, RMSE_ALPHA_DERIV=    5.72
2025-07-13 01:21:51.309 INFO: Epoch 937: head: Default, loss=0.0020, RMSE_MU_per_atom=0.00 mDebye, RMSE_MU_DERIV=0.00 mDebye / A, RMSE_ALPHA_per_atom=    0.11, RMSE_ALPHA_DERIV=    5.72
2025-07-13 01:22:13.137 INFO: Epoch 938: head: Default, loss=0.0020, RMSE_MU_per_atom=0.00 mDebye, RMSE_MU_DERIV=0.00 mDebye / A, RMSE_ALPHA_per_atom=    0.11, RMSE_ALPHA_DERIV=    5.72
2025-07-13 01:22:34.978 INFO: Epoch 939: head: Default, loss=0.0020, RMSE_MU_per_atom=0.00 mDebye, RMSE_MU_DERIV=0.00 mDebye / A, RMSE_ALPHA_per_atom=    0.11, RMSE_ALPHA_DERIV=    5.72
2025-07-13 01:22:56.829 INFO: Epoch 940: head: Default, loss=0.0020, RMSE_MU_per_atom=0.00 mDebye, RMSE_MU_DERIV=0.00 mDebye / A, RMSE_ALPHA_per_atom=    0.11, RMSE_ALPHA_DERIV=    5.72
2025-07-13 01:23:18.666 INFO: Epoch 941: head: Default, loss=0.0020, RMSE_MU_per_atom=0.00 mDebye, RMSE_MU_DERIV=0.00 mDebye / A, RMSE_ALPHA_per_atom=    0.11, RMSE_ALPHA_DERIV=    5.72
2025-07-13 01:23:40.507 INFO: Epoch 942: head: Default, loss=0.0021, RMSE_MU_per_atom=0.00 mDebye, RMSE_MU_DERIV=0.00 mDebye / A, RMSE_ALPHA_per_atom=    0.11, RMSE_ALPHA_DERIV=    5.72
2025-07-13 01:24:02.351 INFO: Epoch 943: head: Default, loss=0.0021, RMSE_MU_per_atom=0.00 mDebye, RMSE_MU_DERIV=0.00 mDebye / A, RMSE_ALPHA_per_atom=    0.11, RMSE_ALPHA_DERIV=    5.72
2025-07-13 01:24:24.200 INFO: Epoch 944: head: Default, loss=0.0020, RMSE_MU_per_atom=0.00 mDebye, RMSE_MU_DERIV=0.00 mDebye / A, RMSE_ALPHA_per_atom=    0.11, RMSE_ALPHA_DERIV=    5.72
2025-07-13 01:24:46.050 INFO: Epoch 945: head: Default, loss=0.0020, RMSE_MU_per_atom=0.00 mDebye, RMSE_MU_DERIV=0.00 mDebye / A, RMSE_ALPHA_per_atom=    0.11, RMSE_ALPHA_DERIV=    5.73
2025-07-13 01:25:07.881 INFO: Epoch 946: head: Default, loss=0.0020, RMSE_MU_per_atom=0.00 mDebye, RMSE_MU_DERIV=0.00 mDebye / A, RMSE_ALPHA_per_atom=    0.11, RMSE_ALPHA_DERIV=    5.72
2025-07-13 01:25:29.729 INFO: Epoch 947: head: Default, loss=0.0020, RMSE_MU_per_atom=0.00 mDebye, RMSE_MU_DERIV=0.00 mDebye / A, RMSE_ALPHA_per_atom=    0.11, RMSE_ALPHA_DERIV=    5.73
2025-07-13 01:25:51.574 INFO: Epoch 948: head: Default, loss=0.0021, RMSE_MU_per_atom=0.00 mDebye, RMSE_MU_DERIV=0.00 mDebye / A, RMSE_ALPHA_per_atom=    0.11, RMSE_ALPHA_DERIV=    5.73
2025-07-13 01:26:13.411 INFO: Epoch 949: head: Default, loss=0.0020, RMSE_MU_per_atom=0.00 mDebye, RMSE_MU_DERIV=0.00 mDebye / A, RMSE_ALPHA_per_atom=    0.11, RMSE_ALPHA_DERIV=    5.73
2025-07-13 01:26:35.266 INFO: Epoch 950: head: Default, loss=0.0021, RMSE_MU_per_atom=0.00 mDebye, RMSE_MU_DERIV=0.00 mDebye / A, RMSE_ALPHA_per_atom=    0.11, RMSE_ALPHA_DERIV=    5.72
2025-07-13 01:26:57.110 INFO: Epoch 951: head: Default, loss=0.0021, RMSE_MU_per_atom=0.00 mDebye, RMSE_MU_DERIV=0.00 mDebye / A, RMSE_ALPHA_per_atom=    0.11, RMSE_ALPHA_DERIV=    5.73
2025-07-13 01:27:18.962 INFO: Epoch 952: head: Default, loss=0.0020, RMSE_MU_per_atom=0.00 mDebye, RMSE_MU_DERIV=0.00 mDebye / A, RMSE_ALPHA_per_atom=    0.11, RMSE_ALPHA_DERIV=    5.73
2025-07-13 01:27:40.806 INFO: Epoch 953: head: Default, loss=0.0020, RMSE_MU_per_atom=0.00 mDebye, RMSE_MU_DERIV=0.00 mDebye / A, RMSE_ALPHA_per_atom=    0.11, RMSE_ALPHA_DERIV=    5.72
2025-07-13 01:28:02.656 INFO: Epoch 954: head: Default, loss=0.0020, RMSE_MU_per_atom=0.00 mDebye, RMSE_MU_DERIV=0.00 mDebye / A, RMSE_ALPHA_per_atom=    0.11, RMSE_ALPHA_DERIV=    5.73
2025-07-13 01:28:24.503 INFO: Epoch 955: head: Default, loss=0.0020, RMSE_MU_per_atom=0.00 mDebye, RMSE_MU_DERIV=0.00 mDebye / A, RMSE_ALPHA_per_atom=    0.11, RMSE_ALPHA_DERIV=    5.73
2025-07-13 01:28:46.339 INFO: Epoch 956: head: Default, loss=0.0021, RMSE_MU_per_atom=0.00 mDebye, RMSE_MU_DERIV=0.00 mDebye / A, RMSE_ALPHA_per_atom=    0.11, RMSE_ALPHA_DERIV=    5.72
2025-07-13 01:29:08.176 INFO: Epoch 957: head: Default, loss=0.0020, RMSE_MU_per_atom=0.00 mDebye, RMSE_MU_DERIV=0.00 mDebye / A, RMSE_ALPHA_per_atom=    0.11, RMSE_ALPHA_DERIV=    5.73
2025-07-13 01:29:30.019 INFO: Epoch 958: head: Default, loss=0.0020, RMSE_MU_per_atom=0.00 mDebye, RMSE_MU_DERIV=0.00 mDebye / A, RMSE_ALPHA_per_atom=    0.11, RMSE_ALPHA_DERIV=    5.72
2025-07-13 01:29:51.873 INFO: Epoch 959: head: Default, loss=0.0020, RMSE_MU_per_atom=0.00 mDebye, RMSE_MU_DERIV=0.00 mDebye / A, RMSE_ALPHA_per_atom=    0.11, RMSE_ALPHA_DERIV=    5.73
2025-07-13 01:30:13.720 INFO: Epoch 960: head: Default, loss=0.0020, RMSE_MU_per_atom=0.00 mDebye, RMSE_MU_DERIV=0.00 mDebye / A, RMSE_ALPHA_per_atom=    0.11, RMSE_ALPHA_DERIV=    5.73
2025-07-13 01:30:35.568 INFO: Epoch 961: head: Default, loss=0.0021, RMSE_MU_per_atom=0.00 mDebye, RMSE_MU_DERIV=0.00 mDebye / A, RMSE_ALPHA_per_atom=    0.11, RMSE_ALPHA_DERIV=    5.72
2025-07-13 01:30:57.409 INFO: Epoch 962: head: Default, loss=0.0020, RMSE_MU_per_atom=0.00 mDebye, RMSE_MU_DERIV=0.00 mDebye / A, RMSE_ALPHA_per_atom=    0.11, RMSE_ALPHA_DERIV=    5.73
2025-07-13 01:31:19.245 INFO: Epoch 963: head: Default, loss=0.0020, RMSE_MU_per_atom=0.00 mDebye, RMSE_MU_DERIV=0.00 mDebye / A, RMSE_ALPHA_per_atom=    0.11, RMSE_ALPHA_DERIV=    5.73
2025-07-13 01:31:41.099 INFO: Epoch 964: head: Default, loss=0.0021, RMSE_MU_per_atom=0.00 mDebye, RMSE_MU_DERIV=0.00 mDebye / A, RMSE_ALPHA_per_atom=    0.11, RMSE_ALPHA_DERIV=    5.73
2025-07-13 01:32:02.941 INFO: Epoch 965: head: Default, loss=0.0020, RMSE_MU_per_atom=0.00 mDebye, RMSE_MU_DERIV=0.00 mDebye / A, RMSE_ALPHA_per_atom=    0.11, RMSE_ALPHA_DERIV=    5.72
2025-07-13 01:32:24.779 INFO: Epoch 966: head: Default, loss=0.0020, RMSE_MU_per_atom=0.00 mDebye, RMSE_MU_DERIV=0.00 mDebye / A, RMSE_ALPHA_per_atom=    0.11, RMSE_ALPHA_DERIV=    5.73
2025-07-13 01:32:46.637 INFO: Epoch 967: head: Default, loss=0.0020, RMSE_MU_per_atom=0.00 mDebye, RMSE_MU_DERIV=0.00 mDebye / A, RMSE_ALPHA_per_atom=    0.11, RMSE_ALPHA_DERIV=    5.73
2025-07-13 01:33:08.477 INFO: Epoch 968: head: Default, loss=0.0021, RMSE_MU_per_atom=0.00 mDebye, RMSE_MU_DERIV=0.00 mDebye / A, RMSE_ALPHA_per_atom=    0.11, RMSE_ALPHA_DERIV=    5.72
2025-07-13 01:33:30.328 INFO: Epoch 969: head: Default, loss=0.0020, RMSE_MU_per_atom=0.00 mDebye, RMSE_MU_DERIV=0.00 mDebye / A, RMSE_ALPHA_per_atom=    0.11, RMSE_ALPHA_DERIV=    5.73
2025-07-13 01:33:52.181 INFO: Epoch 970: head: Default, loss=0.0020, RMSE_MU_per_atom=0.00 mDebye, RMSE_MU_DERIV=0.00 mDebye / A, RMSE_ALPHA_per_atom=    0.11, RMSE_ALPHA_DERIV=    5.73
2025-07-13 01:34:14.027 INFO: Epoch 971: head: Default, loss=0.0020, RMSE_MU_per_atom=0.00 mDebye, RMSE_MU_DERIV=0.00 mDebye / A, RMSE_ALPHA_per_atom=    0.11, RMSE_ALPHA_DERIV=    5.73
2025-07-13 01:34:35.876 INFO: Epoch 972: head: Default, loss=0.0020, RMSE_MU_per_atom=0.00 mDebye, RMSE_MU_DERIV=0.00 mDebye / A, RMSE_ALPHA_per_atom=    0.11, RMSE_ALPHA_DERIV=    5.73
2025-07-13 01:34:57.719 INFO: Epoch 973: head: Default, loss=0.0020, RMSE_MU_per_atom=0.00 mDebye, RMSE_MU_DERIV=0.00 mDebye / A, RMSE_ALPHA_per_atom=    0.11, RMSE_ALPHA_DERIV=    5.73
2025-07-13 01:35:19.572 INFO: Epoch 974: head: Default, loss=0.0020, RMSE_MU_per_atom=0.00 mDebye, RMSE_MU_DERIV=0.00 mDebye / A, RMSE_ALPHA_per_atom=    0.11, RMSE_ALPHA_DERIV=    5.73
2025-07-13 01:35:41.428 INFO: Epoch 975: head: Default, loss=0.0020, RMSE_MU_per_atom=0.00 mDebye, RMSE_MU_DERIV=0.00 mDebye / A, RMSE_ALPHA_per_atom=    0.11, RMSE_ALPHA_DERIV=    5.73
2025-07-13 01:36:03.274 INFO: Epoch 976: head: Default, loss=0.0020, RMSE_MU_per_atom=0.00 mDebye, RMSE_MU_DERIV=0.00 mDebye / A, RMSE_ALPHA_per_atom=    0.11, RMSE_ALPHA_DERIV=    5.73
2025-07-13 01:36:25.114 INFO: Epoch 977: head: Default, loss=0.0020, RMSE_MU_per_atom=0.00 mDebye, RMSE_MU_DERIV=0.00 mDebye / A, RMSE_ALPHA_per_atom=    0.11, RMSE_ALPHA_DERIV=    5.73
2025-07-13 01:36:46.952 INFO: Epoch 978: head: Default, loss=0.0021, RMSE_MU_per_atom=0.00 mDebye, RMSE_MU_DERIV=0.00 mDebye / A, RMSE_ALPHA_per_atom=    0.11, RMSE_ALPHA_DERIV=    5.73
2025-07-13 01:37:08.803 INFO: Epoch 979: head: Default, loss=0.0021, RMSE_MU_per_atom=0.00 mDebye, RMSE_MU_DERIV=0.00 mDebye / A, RMSE_ALPHA_per_atom=    0.11, RMSE_ALPHA_DERIV=    5.72
2025-07-13 01:37:30.638 INFO: Epoch 980: head: Default, loss=0.0020, RMSE_MU_per_atom=0.00 mDebye, RMSE_MU_DERIV=0.00 mDebye / A, RMSE_ALPHA_per_atom=    0.11, RMSE_ALPHA_DERIV=    5.74
2025-07-13 01:37:52.480 INFO: Epoch 981: head: Default, loss=0.0020, RMSE_MU_per_atom=0.00 mDebye, RMSE_MU_DERIV=0.00 mDebye / A, RMSE_ALPHA_per_atom=    0.11, RMSE_ALPHA_DERIV=    5.73
2025-07-13 01:38:14.305 INFO: Epoch 982: head: Default, loss=0.0020, RMSE_MU_per_atom=0.00 mDebye, RMSE_MU_DERIV=0.00 mDebye / A, RMSE_ALPHA_per_atom=    0.11, RMSE_ALPHA_DERIV=    5.73
2025-07-13 01:38:36.152 INFO: Epoch 983: head: Default, loss=0.0020, RMSE_MU_per_atom=0.00 mDebye, RMSE_MU_DERIV=0.00 mDebye / A, RMSE_ALPHA_per_atom=    0.11, RMSE_ALPHA_DERIV=    5.73
2025-07-13 01:38:58.009 INFO: Epoch 984: head: Default, loss=0.0021, RMSE_MU_per_atom=0.00 mDebye, RMSE_MU_DERIV=0.00 mDebye / A, RMSE_ALPHA_per_atom=    0.11, RMSE_ALPHA_DERIV=    5.73
2025-07-13 01:39:19.850 INFO: Epoch 985: head: Default, loss=0.0020, RMSE_MU_per_atom=0.00 mDebye, RMSE_MU_DERIV=0.00 mDebye / A, RMSE_ALPHA_per_atom=    0.11, RMSE_ALPHA_DERIV=    5.73
2025-07-13 01:39:41.688 INFO: Epoch 986: head: Default, loss=0.0020, RMSE_MU_per_atom=0.00 mDebye, RMSE_MU_DERIV=0.00 mDebye / A, RMSE_ALPHA_per_atom=    0.11, RMSE_ALPHA_DERIV=    5.74
2025-07-13 01:40:03.536 INFO: Epoch 987: head: Default, loss=0.0021, RMSE_MU_per_atom=0.00 mDebye, RMSE_MU_DERIV=0.00 mDebye / A, RMSE_ALPHA_per_atom=    0.11, RMSE_ALPHA_DERIV=    5.73
2025-07-13 01:40:25.383 INFO: Epoch 988: head: Default, loss=0.0020, RMSE_MU_per_atom=0.00 mDebye, RMSE_MU_DERIV=0.00 mDebye / A, RMSE_ALPHA_per_atom=    0.11, RMSE_ALPHA_DERIV=    5.73
2025-07-13 01:40:47.232 INFO: Epoch 989: head: Default, loss=0.0020, RMSE_MU_per_atom=0.00 mDebye, RMSE_MU_DERIV=0.00 mDebye / A, RMSE_ALPHA_per_atom=    0.11, RMSE_ALPHA_DERIV=    5.74
2025-07-13 01:41:09.079 INFO: Epoch 990: head: Default, loss=0.0020, RMSE_MU_per_atom=0.00 mDebye, RMSE_MU_DERIV=0.00 mDebye / A, RMSE_ALPHA_per_atom=    0.11, RMSE_ALPHA_DERIV=    5.73
2025-07-13 01:41:30.932 INFO: Epoch 991: head: Default, loss=0.0020, RMSE_MU_per_atom=0.00 mDebye, RMSE_MU_DERIV=0.00 mDebye / A, RMSE_ALPHA_per_atom=    0.11, RMSE_ALPHA_DERIV=    5.73
2025-07-13 01:41:52.767 INFO: Epoch 992: head: Default, loss=0.0020, RMSE_MU_per_atom=0.00 mDebye, RMSE_MU_DERIV=0.00 mDebye / A, RMSE_ALPHA_per_atom=    0.11, RMSE_ALPHA_DERIV=    5.74
2025-07-13 01:42:14.615 INFO: Epoch 993: head: Default, loss=0.0020, RMSE_MU_per_atom=0.00 mDebye, RMSE_MU_DERIV=0.00 mDebye / A, RMSE_ALPHA_per_atom=    0.11, RMSE_ALPHA_DERIV=    5.73
2025-07-13 01:42:36.462 INFO: Epoch 994: head: Default, loss=0.0021, RMSE_MU_per_atom=0.00 mDebye, RMSE_MU_DERIV=0.00 mDebye / A, RMSE_ALPHA_per_atom=    0.11, RMSE_ALPHA_DERIV=    5.73
2025-07-13 01:42:58.305 INFO: Epoch 995: head: Default, loss=0.0021, RMSE_MU_per_atom=0.00 mDebye, RMSE_MU_DERIV=0.00 mDebye / A, RMSE_ALPHA_per_atom=    0.11, RMSE_ALPHA_DERIV=    5.74
2025-07-13 01:43:20.156 INFO: Epoch 996: head: Default, loss=0.0020, RMSE_MU_per_atom=0.00 mDebye, RMSE_MU_DERIV=0.00 mDebye / A, RMSE_ALPHA_per_atom=    0.11, RMSE_ALPHA_DERIV=    5.73
2025-07-13 01:43:42.003 INFO: Epoch 997: head: Default, loss=0.0020, RMSE_MU_per_atom=0.00 mDebye, RMSE_MU_DERIV=0.00 mDebye / A, RMSE_ALPHA_per_atom=    0.11, RMSE_ALPHA_DERIV=    5.73
2025-07-13 01:44:03.839 INFO: Epoch 998: head: Default, loss=0.0020, RMSE_MU_per_atom=0.00 mDebye, RMSE_MU_DERIV=0.00 mDebye / A, RMSE_ALPHA_per_atom=    0.11, RMSE_ALPHA_DERIV=    5.73
2025-07-13 01:44:25.686 INFO: Epoch 999: head: Default, loss=0.0021, RMSE_MU_per_atom=0.00 mDebye, RMSE_MU_DERIV=0.00 mDebye / A, RMSE_ALPHA_per_atom=    0.11, RMSE_ALPHA_DERIV=    5.73
2025-07-13 01:44:47.538 INFO: Epoch 1000: head: Default, loss=0.0020, RMSE_MU_per_atom=0.00 mDebye, RMSE_MU_DERIV=0.00 mDebye / A, RMSE_ALPHA_per_atom=    0.11, RMSE_ALPHA_DERIV=    5.73
2025-07-13 01:45:09.381 INFO: Epoch 1001: head: Default, loss=0.0020, RMSE_MU_per_atom=0.00 mDebye, RMSE_MU_DERIV=0.00 mDebye / A, RMSE_ALPHA_per_atom=    0.11, RMSE_ALPHA_DERIV=    5.73
2025-07-13 01:45:31.223 INFO: Epoch 1002: head: Default, loss=0.0020, RMSE_MU_per_atom=0.00 mDebye, RMSE_MU_DERIV=0.00 mDebye / A, RMSE_ALPHA_per_atom=    0.11, RMSE_ALPHA_DERIV=    5.73
2025-07-13 01:45:53.068 INFO: Epoch 1003: head: Default, loss=0.0020, RMSE_MU_per_atom=0.00 mDebye, RMSE_MU_DERIV=0.00 mDebye / A, RMSE_ALPHA_per_atom=    0.11, RMSE_ALPHA_DERIV=    5.74
2025-07-13 01:46:14.898 INFO: Epoch 1004: head: Default, loss=0.0020, RMSE_MU_per_atom=0.00 mDebye, RMSE_MU_DERIV=0.00 mDebye / A, RMSE_ALPHA_per_atom=    0.11, RMSE_ALPHA_DERIV=    5.73
2025-07-13 01:46:36.737 INFO: Epoch 1005: head: Default, loss=0.0020, RMSE_MU_per_atom=0.00 mDebye, RMSE_MU_DERIV=0.00 mDebye / A, RMSE_ALPHA_per_atom=    0.11, RMSE_ALPHA_DERIV=    5.73
2025-07-13 01:46:58.580 INFO: Epoch 1006: head: Default, loss=0.0020, RMSE_MU_per_atom=0.00 mDebye, RMSE_MU_DERIV=0.00 mDebye / A, RMSE_ALPHA_per_atom=    0.11, RMSE_ALPHA_DERIV=    5.74
2025-07-13 01:47:20.418 INFO: Epoch 1007: head: Default, loss=0.0020, RMSE_MU_per_atom=0.00 mDebye, RMSE_MU_DERIV=0.00 mDebye / A, RMSE_ALPHA_per_atom=    0.11, RMSE_ALPHA_DERIV=    5.73
2025-07-13 01:47:42.265 INFO: Epoch 1008: head: Default, loss=0.0020, RMSE_MU_per_atom=0.00 mDebye, RMSE_MU_DERIV=0.00 mDebye / A, RMSE_ALPHA_per_atom=    0.11, RMSE_ALPHA_DERIV=    5.73
2025-07-13 01:48:04.118 INFO: Epoch 1009: head: Default, loss=0.0020, RMSE_MU_per_atom=0.00 mDebye, RMSE_MU_DERIV=0.00 mDebye / A, RMSE_ALPHA_per_atom=    0.11, RMSE_ALPHA_DERIV=    5.73
2025-07-13 01:48:25.964 INFO: Epoch 1010: head: Default, loss=0.0020, RMSE_MU_per_atom=0.00 mDebye, RMSE_MU_DERIV=0.00 mDebye / A, RMSE_ALPHA_per_atom=    0.11, RMSE_ALPHA_DERIV=    5.73
2025-07-13 01:48:47.802 INFO: Epoch 1011: head: Default, loss=0.0020, RMSE_MU_per_atom=0.00 mDebye, RMSE_MU_DERIV=0.00 mDebye / A, RMSE_ALPHA_per_atom=    0.11, RMSE_ALPHA_DERIV=    5.73
2025-07-13 01:49:09.649 INFO: Epoch 1012: head: Default, loss=0.0020, RMSE_MU_per_atom=0.00 mDebye, RMSE_MU_DERIV=0.00 mDebye / A, RMSE_ALPHA_per_atom=    0.11, RMSE_ALPHA_DERIV=    5.73
2025-07-13 01:49:31.506 INFO: Epoch 1013: head: Default, loss=0.0020, RMSE_MU_per_atom=0.00 mDebye, RMSE_MU_DERIV=0.00 mDebye / A, RMSE_ALPHA_per_atom=    0.11, RMSE_ALPHA_DERIV=    5.73
2025-07-13 01:49:53.352 INFO: Epoch 1014: head: Default, loss=0.0020, RMSE_MU_per_atom=0.00 mDebye, RMSE_MU_DERIV=0.00 mDebye / A, RMSE_ALPHA_per_atom=    0.11, RMSE_ALPHA_DERIV=    5.74
2025-07-13 01:50:15.194 INFO: Epoch 1015: head: Default, loss=0.0020, RMSE_MU_per_atom=0.00 mDebye, RMSE_MU_DERIV=0.00 mDebye / A, RMSE_ALPHA_per_atom=    0.11, RMSE_ALPHA_DERIV=    5.73
2025-07-13 01:50:37.031 INFO: Epoch 1016: head: Default, loss=0.0020, RMSE_MU_per_atom=0.00 mDebye, RMSE_MU_DERIV=0.00 mDebye / A, RMSE_ALPHA_per_atom=    0.11, RMSE_ALPHA_DERIV=    5.74
2025-07-13 01:50:58.871 INFO: Epoch 1017: head: Default, loss=0.0021, RMSE_MU_per_atom=0.00 mDebye, RMSE_MU_DERIV=0.00 mDebye / A, RMSE_ALPHA_per_atom=    0.11, RMSE_ALPHA_DERIV=    5.73
2025-07-13 01:51:20.722 INFO: Epoch 1018: head: Default, loss=0.0020, RMSE_MU_per_atom=0.00 mDebye, RMSE_MU_DERIV=0.00 mDebye / A, RMSE_ALPHA_per_atom=    0.11, RMSE_ALPHA_DERIV=    5.73
2025-07-13 01:51:42.566 INFO: Epoch 1019: head: Default, loss=0.0020, RMSE_MU_per_atom=0.00 mDebye, RMSE_MU_DERIV=0.00 mDebye / A, RMSE_ALPHA_per_atom=    0.11, RMSE_ALPHA_DERIV=    5.73
2025-07-13 01:52:04.418 INFO: Epoch 1020: head: Default, loss=0.0020, RMSE_MU_per_atom=0.00 mDebye, RMSE_MU_DERIV=0.00 mDebye / A, RMSE_ALPHA_per_atom=    0.11, RMSE_ALPHA_DERIV=    5.74
2025-07-13 01:52:26.275 INFO: Epoch 1021: head: Default, loss=0.0021, RMSE_MU_per_atom=0.00 mDebye, RMSE_MU_DERIV=0.00 mDebye / A, RMSE_ALPHA_per_atom=    0.11, RMSE_ALPHA_DERIV=    5.73
2025-07-13 01:52:48.124 INFO: Epoch 1022: head: Default, loss=0.0020, RMSE_MU_per_atom=0.00 mDebye, RMSE_MU_DERIV=0.00 mDebye / A, RMSE_ALPHA_per_atom=    0.11, RMSE_ALPHA_DERIV=    5.74
2025-07-13 01:53:09.975 INFO: Epoch 1023: head: Default, loss=0.0020, RMSE_MU_per_atom=0.00 mDebye, RMSE_MU_DERIV=0.00 mDebye / A, RMSE_ALPHA_per_atom=    0.11, RMSE_ALPHA_DERIV=    5.74
2025-07-13 01:53:31.843 INFO: Epoch 1024: head: Default, loss=0.0020, RMSE_MU_per_atom=0.00 mDebye, RMSE_MU_DERIV=0.00 mDebye / A, RMSE_ALPHA_per_atom=    0.11, RMSE_ALPHA_DERIV=    5.73
2025-07-13 01:53:53.693 INFO: Epoch 1025: head: Default, loss=0.0020, RMSE_MU_per_atom=0.00 mDebye, RMSE_MU_DERIV=0.00 mDebye / A, RMSE_ALPHA_per_atom=    0.11, RMSE_ALPHA_DERIV=    5.73
2025-07-13 01:54:15.532 INFO: Epoch 1026: head: Default, loss=0.0020, RMSE_MU_per_atom=0.00 mDebye, RMSE_MU_DERIV=0.00 mDebye / A, RMSE_ALPHA_per_atom=    0.11, RMSE_ALPHA_DERIV=    5.73
2025-07-13 01:54:37.377 INFO: Epoch 1027: head: Default, loss=0.0020, RMSE_MU_per_atom=0.00 mDebye, RMSE_MU_DERIV=0.00 mDebye / A, RMSE_ALPHA_per_atom=    0.11, RMSE_ALPHA_DERIV=    5.73
2025-07-13 01:54:59.218 INFO: Epoch 1028: head: Default, loss=0.0020, RMSE_MU_per_atom=0.00 mDebye, RMSE_MU_DERIV=0.00 mDebye / A, RMSE_ALPHA_per_atom=    0.11, RMSE_ALPHA_DERIV=    5.73
2025-07-13 01:55:21.070 INFO: Epoch 1029: head: Default, loss=0.0020, RMSE_MU_per_atom=0.00 mDebye, RMSE_MU_DERIV=0.00 mDebye / A, RMSE_ALPHA_per_atom=    0.11, RMSE_ALPHA_DERIV=    5.74
2025-07-13 01:55:42.922 INFO: Epoch 1030: head: Default, loss=0.0021, RMSE_MU_per_atom=0.00 mDebye, RMSE_MU_DERIV=0.00 mDebye / A, RMSE_ALPHA_per_atom=    0.11, RMSE_ALPHA_DERIV=    5.74
2025-07-13 01:56:04.767 INFO: Epoch 1031: head: Default, loss=0.0021, RMSE_MU_per_atom=0.00 mDebye, RMSE_MU_DERIV=0.00 mDebye / A, RMSE_ALPHA_per_atom=    0.11, RMSE_ALPHA_DERIV=    5.73
2025-07-13 01:56:26.619 INFO: Epoch 1032: head: Default, loss=0.0021, RMSE_MU_per_atom=0.00 mDebye, RMSE_MU_DERIV=0.00 mDebye / A, RMSE_ALPHA_per_atom=    0.11, RMSE_ALPHA_DERIV=    5.73
2025-07-13 01:56:48.466 INFO: Epoch 1033: head: Default, loss=0.0021, RMSE_MU_per_atom=0.00 mDebye, RMSE_MU_DERIV=0.00 mDebye / A, RMSE_ALPHA_per_atom=    0.11, RMSE_ALPHA_DERIV=    5.73
2025-07-13 01:57:10.298 INFO: Epoch 1034: head: Default, loss=0.0020, RMSE_MU_per_atom=0.00 mDebye, RMSE_MU_DERIV=0.00 mDebye / A, RMSE_ALPHA_per_atom=    0.11, RMSE_ALPHA_DERIV=    5.73
2025-07-13 01:57:32.156 INFO: Epoch 1035: head: Default, loss=0.0020, RMSE_MU_per_atom=0.00 mDebye, RMSE_MU_DERIV=0.00 mDebye / A, RMSE_ALPHA_per_atom=    0.11, RMSE_ALPHA_DERIV=    5.74
2025-07-13 01:57:54.001 INFO: Epoch 1036: head: Default, loss=0.0021, RMSE_MU_per_atom=0.00 mDebye, RMSE_MU_DERIV=0.00 mDebye / A, RMSE_ALPHA_per_atom=    0.11, RMSE_ALPHA_DERIV=    5.74
2025-07-13 01:58:15.841 INFO: Epoch 1037: head: Default, loss=0.0021, RMSE_MU_per_atom=0.00 mDebye, RMSE_MU_DERIV=0.00 mDebye / A, RMSE_ALPHA_per_atom=    0.11, RMSE_ALPHA_DERIV=    5.73
2025-07-13 01:58:37.680 INFO: Epoch 1038: head: Default, loss=0.0021, RMSE_MU_per_atom=0.00 mDebye, RMSE_MU_DERIV=0.00 mDebye / A, RMSE_ALPHA_per_atom=    0.11, RMSE_ALPHA_DERIV=    5.73
2025-07-13 01:58:59.523 INFO: Epoch 1039: head: Default, loss=0.0020, RMSE_MU_per_atom=0.00 mDebye, RMSE_MU_DERIV=0.00 mDebye / A, RMSE_ALPHA_per_atom=    0.11, RMSE_ALPHA_DERIV=    5.74
2025-07-13 01:59:21.365 INFO: Epoch 1040: head: Default, loss=0.0020, RMSE_MU_per_atom=0.00 mDebye, RMSE_MU_DERIV=0.00 mDebye / A, RMSE_ALPHA_per_atom=    0.11, RMSE_ALPHA_DERIV=    5.73
2025-07-13 01:59:43.208 INFO: Epoch 1041: head: Default, loss=0.0020, RMSE_MU_per_atom=0.00 mDebye, RMSE_MU_DERIV=0.00 mDebye / A, RMSE_ALPHA_per_atom=    0.11, RMSE_ALPHA_DERIV=    5.74
2025-07-13 02:00:05.050 INFO: Epoch 1042: head: Default, loss=0.0021, RMSE_MU_per_atom=0.00 mDebye, RMSE_MU_DERIV=0.00 mDebye / A, RMSE_ALPHA_per_atom=    0.11, RMSE_ALPHA_DERIV=    5.73
2025-07-13 02:00:26.877 INFO: Epoch 1043: head: Default, loss=0.0020, RMSE_MU_per_atom=0.00 mDebye, RMSE_MU_DERIV=0.00 mDebye / A, RMSE_ALPHA_per_atom=    0.11, RMSE_ALPHA_DERIV=    5.74
2025-07-13 02:00:48.718 INFO: Epoch 1044: head: Default, loss=0.0020, RMSE_MU_per_atom=0.00 mDebye, RMSE_MU_DERIV=0.00 mDebye / A, RMSE_ALPHA_per_atom=    0.11, RMSE_ALPHA_DERIV=    5.74
2025-07-13 02:01:10.567 INFO: Epoch 1045: head: Default, loss=0.0020, RMSE_MU_per_atom=0.00 mDebye, RMSE_MU_DERIV=0.00 mDebye / A, RMSE_ALPHA_per_atom=    0.11, RMSE_ALPHA_DERIV=    5.74
2025-07-13 02:01:32.419 INFO: Epoch 1046: head: Default, loss=0.0020, RMSE_MU_per_atom=0.00 mDebye, RMSE_MU_DERIV=0.00 mDebye / A, RMSE_ALPHA_per_atom=    0.11, RMSE_ALPHA_DERIV=    5.74
2025-07-13 02:01:54.255 INFO: Epoch 1047: head: Default, loss=0.0020, RMSE_MU_per_atom=0.00 mDebye, RMSE_MU_DERIV=0.00 mDebye / A, RMSE_ALPHA_per_atom=    0.11, RMSE_ALPHA_DERIV=    5.73
2025-07-13 02:02:16.095 INFO: Epoch 1048: head: Default, loss=0.0020, RMSE_MU_per_atom=0.00 mDebye, RMSE_MU_DERIV=0.00 mDebye / A, RMSE_ALPHA_per_atom=    0.11, RMSE_ALPHA_DERIV=    5.74
2025-07-13 02:02:37.929 INFO: Epoch 1049: head: Default, loss=0.0020, RMSE_MU_per_atom=0.00 mDebye, RMSE_MU_DERIV=0.00 mDebye / A, RMSE_ALPHA_per_atom=    0.11, RMSE_ALPHA_DERIV=    5.74
2025-07-13 02:02:59.771 INFO: Epoch 1050: head: Default, loss=0.0020, RMSE_MU_per_atom=0.00 mDebye, RMSE_MU_DERIV=0.00 mDebye / A, RMSE_ALPHA_per_atom=    0.11, RMSE_ALPHA_DERIV=    5.73
2025-07-13 02:03:21.606 INFO: Epoch 1051: head: Default, loss=0.0020, RMSE_MU_per_atom=0.00 mDebye, RMSE_MU_DERIV=0.00 mDebye / A, RMSE_ALPHA_per_atom=    0.11, RMSE_ALPHA_DERIV=    5.73
2025-07-13 02:03:43.453 INFO: Epoch 1052: head: Default, loss=0.0020, RMSE_MU_per_atom=0.00 mDebye, RMSE_MU_DERIV=0.00 mDebye / A, RMSE_ALPHA_per_atom=    0.11, RMSE_ALPHA_DERIV=    5.74
2025-07-13 02:04:05.292 INFO: Epoch 1053: head: Default, loss=0.0020, RMSE_MU_per_atom=0.00 mDebye, RMSE_MU_DERIV=0.00 mDebye / A, RMSE_ALPHA_per_atom=    0.11, RMSE_ALPHA_DERIV=    5.74
2025-07-13 02:04:27.128 INFO: Epoch 1054: head: Default, loss=0.0020, RMSE_MU_per_atom=0.00 mDebye, RMSE_MU_DERIV=0.00 mDebye / A, RMSE_ALPHA_per_atom=    0.11, RMSE_ALPHA_DERIV=    5.73
2025-07-13 02:04:48.978 INFO: Epoch 1055: head: Default, loss=0.0021, RMSE_MU_per_atom=0.00 mDebye, RMSE_MU_DERIV=0.00 mDebye / A, RMSE_ALPHA_per_atom=    0.11, RMSE_ALPHA_DERIV=    5.74
2025-07-13 02:05:10.817 INFO: Epoch 1056: head: Default, loss=0.0021, RMSE_MU_per_atom=0.00 mDebye, RMSE_MU_DERIV=0.00 mDebye / A, RMSE_ALPHA_per_atom=    0.11, RMSE_ALPHA_DERIV=    5.73
2025-07-13 02:05:32.660 INFO: Epoch 1057: head: Default, loss=0.0020, RMSE_MU_per_atom=0.00 mDebye, RMSE_MU_DERIV=0.00 mDebye / A, RMSE_ALPHA_per_atom=    0.11, RMSE_ALPHA_DERIV=    5.74
2025-07-13 02:05:54.496 INFO: Epoch 1058: head: Default, loss=0.0020, RMSE_MU_per_atom=0.00 mDebye, RMSE_MU_DERIV=0.00 mDebye / A, RMSE_ALPHA_per_atom=    0.11, RMSE_ALPHA_DERIV=    5.74
2025-07-13 02:06:16.340 INFO: Epoch 1059: head: Default, loss=0.0020, RMSE_MU_per_atom=0.00 mDebye, RMSE_MU_DERIV=0.00 mDebye / A, RMSE_ALPHA_per_atom=    0.11, RMSE_ALPHA_DERIV=    5.73
2025-07-13 02:06:38.178 INFO: Epoch 1060: head: Default, loss=0.0021, RMSE_MU_per_atom=0.00 mDebye, RMSE_MU_DERIV=0.00 mDebye / A, RMSE_ALPHA_per_atom=    0.11, RMSE_ALPHA_DERIV=    5.73
2025-07-13 02:07:00.022 INFO: Epoch 1061: head: Default, loss=0.0020, RMSE_MU_per_atom=0.00 mDebye, RMSE_MU_DERIV=0.00 mDebye / A, RMSE_ALPHA_per_atom=    0.11, RMSE_ALPHA_DERIV=    5.74
2025-07-13 02:07:21.868 INFO: Epoch 1062: head: Default, loss=0.0020, RMSE_MU_per_atom=0.00 mDebye, RMSE_MU_DERIV=0.00 mDebye / A, RMSE_ALPHA_per_atom=    0.11, RMSE_ALPHA_DERIV=    5.74
2025-07-13 02:07:43.706 INFO: Epoch 1063: head: Default, loss=0.0020, RMSE_MU_per_atom=0.00 mDebye, RMSE_MU_DERIV=0.00 mDebye / A, RMSE_ALPHA_per_atom=    0.11, RMSE_ALPHA_DERIV=    5.73
2025-07-13 02:08:05.559 INFO: Epoch 1064: head: Default, loss=0.0020, RMSE_MU_per_atom=0.00 mDebye, RMSE_MU_DERIV=0.00 mDebye / A, RMSE_ALPHA_per_atom=    0.11, RMSE_ALPHA_DERIV=    5.74
2025-07-13 02:08:27.402 INFO: Epoch 1065: head: Default, loss=0.0020, RMSE_MU_per_atom=0.00 mDebye, RMSE_MU_DERIV=0.00 mDebye / A, RMSE_ALPHA_per_atom=    0.11, RMSE_ALPHA_DERIV=    5.74
2025-07-13 02:08:49.249 INFO: Epoch 1066: head: Default, loss=0.0020, RMSE_MU_per_atom=0.00 mDebye, RMSE_MU_DERIV=0.00 mDebye / A, RMSE_ALPHA_per_atom=    0.11, RMSE_ALPHA_DERIV=    5.74
2025-07-13 02:09:11.087 INFO: Epoch 1067: head: Default, loss=0.0021, RMSE_MU_per_atom=0.00 mDebye, RMSE_MU_DERIV=0.00 mDebye / A, RMSE_ALPHA_per_atom=    0.11, RMSE_ALPHA_DERIV=    5.73
2025-07-13 02:09:32.928 INFO: Epoch 1068: head: Default, loss=0.0020, RMSE_MU_per_atom=0.00 mDebye, RMSE_MU_DERIV=0.00 mDebye / A, RMSE_ALPHA_per_atom=    0.11, RMSE_ALPHA_DERIV=    5.74
2025-07-13 02:09:54.773 INFO: Epoch 1069: head: Default, loss=0.0020, RMSE_MU_per_atom=0.00 mDebye, RMSE_MU_DERIV=0.00 mDebye / A, RMSE_ALPHA_per_atom=    0.11, RMSE_ALPHA_DERIV=    5.74
2025-07-13 02:10:16.626 INFO: Epoch 1070: head: Default, loss=0.0020, RMSE_MU_per_atom=0.00 mDebye, RMSE_MU_DERIV=0.00 mDebye / A, RMSE_ALPHA_per_atom=    0.11, RMSE_ALPHA_DERIV=    5.74
2025-07-13 02:10:38.469 INFO: Epoch 1071: head: Default, loss=0.0020, RMSE_MU_per_atom=0.00 mDebye, RMSE_MU_DERIV=0.00 mDebye / A, RMSE_ALPHA_per_atom=    0.11, RMSE_ALPHA_DERIV=    5.74
2025-07-13 02:11:00.306 INFO: Epoch 1072: head: Default, loss=0.0020, RMSE_MU_per_atom=0.00 mDebye, RMSE_MU_DERIV=0.00 mDebye / A, RMSE_ALPHA_per_atom=    0.11, RMSE_ALPHA_DERIV=    5.74
2025-07-13 02:11:22.139 INFO: Epoch 1073: head: Default, loss=0.0020, RMSE_MU_per_atom=0.00 mDebye, RMSE_MU_DERIV=0.00 mDebye / A, RMSE_ALPHA_per_atom=    0.11, RMSE_ALPHA_DERIV=    5.74
2025-07-13 02:11:43.978 INFO: Epoch 1074: head: Default, loss=0.0021, RMSE_MU_per_atom=0.00 mDebye, RMSE_MU_DERIV=0.00 mDebye / A, RMSE_ALPHA_per_atom=    0.11, RMSE_ALPHA_DERIV=    5.74
2025-07-13 02:12:05.827 INFO: Epoch 1075: head: Default, loss=0.0020, RMSE_MU_per_atom=0.00 mDebye, RMSE_MU_DERIV=0.00 mDebye / A, RMSE_ALPHA_per_atom=    0.11, RMSE_ALPHA_DERIV=    5.74
2025-07-13 02:12:27.677 INFO: Epoch 1076: head: Default, loss=0.0020, RMSE_MU_per_atom=0.00 mDebye, RMSE_MU_DERIV=0.00 mDebye / A, RMSE_ALPHA_per_atom=    0.11, RMSE_ALPHA_DERIV=    5.74
2025-07-13 02:12:49.515 INFO: Epoch 1077: head: Default, loss=0.0020, RMSE_MU_per_atom=0.00 mDebye, RMSE_MU_DERIV=0.00 mDebye / A, RMSE_ALPHA_per_atom=    0.11, RMSE_ALPHA_DERIV=    5.74
2025-07-13 02:13:11.362 INFO: Epoch 1078: head: Default, loss=0.0020, RMSE_MU_per_atom=0.00 mDebye, RMSE_MU_DERIV=0.00 mDebye / A, RMSE_ALPHA_per_atom=    0.11, RMSE_ALPHA_DERIV=    5.74
2025-07-13 02:13:33.208 INFO: Epoch 1079: head: Default, loss=0.0020, RMSE_MU_per_atom=0.00 mDebye, RMSE_MU_DERIV=0.00 mDebye / A, RMSE_ALPHA_per_atom=    0.11, RMSE_ALPHA_DERIV=    5.74
2025-07-13 02:13:55.057 INFO: Epoch 1080: head: Default, loss=0.0021, RMSE_MU_per_atom=0.00 mDebye, RMSE_MU_DERIV=0.00 mDebye / A, RMSE_ALPHA_per_atom=    0.11, RMSE_ALPHA_DERIV=    5.74
2025-07-13 02:14:16.901 INFO: Epoch 1081: head: Default, loss=0.0020, RMSE_MU_per_atom=0.00 mDebye, RMSE_MU_DERIV=0.00 mDebye / A, RMSE_ALPHA_per_atom=    0.11, RMSE_ALPHA_DERIV=    5.74
2025-07-13 02:14:38.736 INFO: Epoch 1082: head: Default, loss=0.0020, RMSE_MU_per_atom=0.00 mDebye, RMSE_MU_DERIV=0.00 mDebye / A, RMSE_ALPHA_per_atom=    0.11, RMSE_ALPHA_DERIV=    5.74
2025-07-13 02:15:00.576 INFO: Epoch 1083: head: Default, loss=0.0021, RMSE_MU_per_atom=0.00 mDebye, RMSE_MU_DERIV=0.00 mDebye / A, RMSE_ALPHA_per_atom=    0.11, RMSE_ALPHA_DERIV=    5.74
2025-07-13 02:15:22.417 INFO: Epoch 1084: head: Default, loss=0.0021, RMSE_MU_per_atom=0.00 mDebye, RMSE_MU_DERIV=0.00 mDebye / A, RMSE_ALPHA_per_atom=    0.11, RMSE_ALPHA_DERIV=    5.73
2025-07-13 02:15:44.254 INFO: Epoch 1085: head: Default, loss=0.0020, RMSE_MU_per_atom=0.00 mDebye, RMSE_MU_DERIV=0.00 mDebye / A, RMSE_ALPHA_per_atom=    0.11, RMSE_ALPHA_DERIV=    5.74
2025-07-13 02:16:06.098 INFO: Epoch 1086: head: Default, loss=0.0020, RMSE_MU_per_atom=0.00 mDebye, RMSE_MU_DERIV=0.00 mDebye / A, RMSE_ALPHA_per_atom=    0.11, RMSE_ALPHA_DERIV=    5.74
2025-07-13 02:16:27.941 INFO: Epoch 1087: head: Default, loss=0.0021, RMSE_MU_per_atom=0.00 mDebye, RMSE_MU_DERIV=0.00 mDebye / A, RMSE_ALPHA_per_atom=    0.11, RMSE_ALPHA_DERIV=    5.74
2025-07-13 02:16:49.774 INFO: Epoch 1088: head: Default, loss=0.0021, RMSE_MU_per_atom=0.00 mDebye, RMSE_MU_DERIV=0.00 mDebye / A, RMSE_ALPHA_per_atom=    0.11, RMSE_ALPHA_DERIV=    5.74
2025-07-13 02:17:11.601 INFO: Epoch 1089: head: Default, loss=0.0020, RMSE_MU_per_atom=0.00 mDebye, RMSE_MU_DERIV=0.00 mDebye / A, RMSE_ALPHA_per_atom=    0.11, RMSE_ALPHA_DERIV=    5.74
2025-07-13 02:17:33.452 INFO: Epoch 1090: head: Default, loss=0.0021, RMSE_MU_per_atom=0.00 mDebye, RMSE_MU_DERIV=0.00 mDebye / A, RMSE_ALPHA_per_atom=    0.11, RMSE_ALPHA_DERIV=    5.74
2025-07-13 02:17:55.295 INFO: Epoch 1091: head: Default, loss=0.0021, RMSE_MU_per_atom=0.00 mDebye, RMSE_MU_DERIV=0.00 mDebye / A, RMSE_ALPHA_per_atom=    0.11, RMSE_ALPHA_DERIV=    5.74
2025-07-13 02:18:17.134 INFO: Epoch 1092: head: Default, loss=0.0020, RMSE_MU_per_atom=0.00 mDebye, RMSE_MU_DERIV=0.00 mDebye / A, RMSE_ALPHA_per_atom=    0.11, RMSE_ALPHA_DERIV=    5.74
2025-07-13 02:18:38.979 INFO: Epoch 1093: head: Default, loss=0.0020, RMSE_MU_per_atom=0.00 mDebye, RMSE_MU_DERIV=0.00 mDebye / A, RMSE_ALPHA_per_atom=    0.11, RMSE_ALPHA_DERIV=    5.74
2025-07-13 02:19:00.827 INFO: Epoch 1094: head: Default, loss=0.0020, RMSE_MU_per_atom=0.00 mDebye, RMSE_MU_DERIV=0.00 mDebye / A, RMSE_ALPHA_per_atom=    0.11, RMSE_ALPHA_DERIV=    5.74
2025-07-13 02:19:22.676 INFO: Epoch 1095: head: Default, loss=0.0020, RMSE_MU_per_atom=0.00 mDebye, RMSE_MU_DERIV=0.00 mDebye / A, RMSE_ALPHA_per_atom=    0.11, RMSE_ALPHA_DERIV=    5.74
2025-07-13 02:19:44.503 INFO: Epoch 1096: head: Default, loss=0.0020, RMSE_MU_per_atom=0.00 mDebye, RMSE_MU_DERIV=0.00 mDebye / A, RMSE_ALPHA_per_atom=    0.11, RMSE_ALPHA_DERIV=    5.74
2025-07-13 02:20:06.355 INFO: Epoch 1097: head: Default, loss=0.0020, RMSE_MU_per_atom=0.00 mDebye, RMSE_MU_DERIV=0.00 mDebye / A, RMSE_ALPHA_per_atom=    0.11, RMSE_ALPHA_DERIV=    5.74
2025-07-13 02:20:28.185 INFO: Epoch 1098: head: Default, loss=0.0020, RMSE_MU_per_atom=0.00 mDebye, RMSE_MU_DERIV=0.00 mDebye / A, RMSE_ALPHA_per_atom=    0.11, RMSE_ALPHA_DERIV=    5.74
2025-07-13 02:20:50.032 INFO: Epoch 1099: head: Default, loss=0.0021, RMSE_MU_per_atom=0.00 mDebye, RMSE_MU_DERIV=0.00 mDebye / A, RMSE_ALPHA_per_atom=    0.11, RMSE_ALPHA_DERIV=    5.74
2025-07-13 02:21:11.867 INFO: Epoch 1100: head: Default, loss=0.0020, RMSE_MU_per_atom=0.00 mDebye, RMSE_MU_DERIV=0.00 mDebye / A, RMSE_ALPHA_per_atom=    0.11, RMSE_ALPHA_DERIV=    5.74
2025-07-13 02:21:33.702 INFO: Epoch 1101: head: Default, loss=0.0020, RMSE_MU_per_atom=0.00 mDebye, RMSE_MU_DERIV=0.00 mDebye / A, RMSE_ALPHA_per_atom=    0.11, RMSE_ALPHA_DERIV=    5.74
2025-07-13 02:21:55.534 INFO: Epoch 1102: head: Default, loss=0.0020, RMSE_MU_per_atom=0.00 mDebye, RMSE_MU_DERIV=0.00 mDebye / A, RMSE_ALPHA_per_atom=    0.11, RMSE_ALPHA_DERIV=    5.74
2025-07-13 02:22:17.378 INFO: Epoch 1103: head: Default, loss=0.0020, RMSE_MU_per_atom=0.00 mDebye, RMSE_MU_DERIV=0.00 mDebye / A, RMSE_ALPHA_per_atom=    0.11, RMSE_ALPHA_DERIV=    5.74
2025-07-13 02:22:39.222 INFO: Epoch 1104: head: Default, loss=0.0021, RMSE_MU_per_atom=0.00 mDebye, RMSE_MU_DERIV=0.00 mDebye / A, RMSE_ALPHA_per_atom=    0.11, RMSE_ALPHA_DERIV=    5.74
2025-07-13 02:23:01.067 INFO: Epoch 1105: head: Default, loss=0.0021, RMSE_MU_per_atom=0.00 mDebye, RMSE_MU_DERIV=0.00 mDebye / A, RMSE_ALPHA_per_atom=    0.11, RMSE_ALPHA_DERIV=    5.74
2025-07-13 02:23:22.913 INFO: Epoch 1106: head: Default, loss=0.0020, RMSE_MU_per_atom=0.00 mDebye, RMSE_MU_DERIV=0.00 mDebye / A, RMSE_ALPHA_per_atom=    0.11, RMSE_ALPHA_DERIV=    5.74
2025-07-13 02:23:44.762 INFO: Epoch 1107: head: Default, loss=0.0021, RMSE_MU_per_atom=0.00 mDebye, RMSE_MU_DERIV=0.00 mDebye / A, RMSE_ALPHA_per_atom=    0.11, RMSE_ALPHA_DERIV=    5.74
2025-07-13 02:24:06.605 INFO: Epoch 1108: head: Default, loss=0.0021, RMSE_MU_per_atom=0.00 mDebye, RMSE_MU_DERIV=0.00 mDebye / A, RMSE_ALPHA_per_atom=    0.11, RMSE_ALPHA_DERIV=    5.74
2025-07-13 02:24:28.443 INFO: Epoch 1109: head: Default, loss=0.0021, RMSE_MU_per_atom=0.00 mDebye, RMSE_MU_DERIV=0.00 mDebye / A, RMSE_ALPHA_per_atom=    0.11, RMSE_ALPHA_DERIV=    5.74
2025-07-13 02:24:50.289 INFO: Epoch 1110: head: Default, loss=0.0020, RMSE_MU_per_atom=0.00 mDebye, RMSE_MU_DERIV=0.00 mDebye / A, RMSE_ALPHA_per_atom=    0.11, RMSE_ALPHA_DERIV=    5.74
2025-07-13 02:25:12.132 INFO: Epoch 1111: head: Default, loss=0.0020, RMSE_MU_per_atom=0.00 mDebye, RMSE_MU_DERIV=0.00 mDebye / A, RMSE_ALPHA_per_atom=    0.11, RMSE_ALPHA_DERIV=    5.74
2025-07-13 02:25:33.970 INFO: Epoch 1112: head: Default, loss=0.0020, RMSE_MU_per_atom=0.00 mDebye, RMSE_MU_DERIV=0.00 mDebye / A, RMSE_ALPHA_per_atom=    0.11, RMSE_ALPHA_DERIV=    5.74
2025-07-13 02:25:55.821 INFO: Epoch 1113: head: Default, loss=0.0020, RMSE_MU_per_atom=0.00 mDebye, RMSE_MU_DERIV=0.00 mDebye / A, RMSE_ALPHA_per_atom=    0.11, RMSE_ALPHA_DERIV=    5.74
2025-07-13 02:26:17.669 INFO: Epoch 1114: head: Default, loss=0.0020, RMSE_MU_per_atom=0.00 mDebye, RMSE_MU_DERIV=0.00 mDebye / A, RMSE_ALPHA_per_atom=    0.11, RMSE_ALPHA_DERIV=    5.74
2025-07-13 02:26:39.509 INFO: Epoch 1115: head: Default, loss=0.0020, RMSE_MU_per_atom=0.00 mDebye, RMSE_MU_DERIV=0.00 mDebye / A, RMSE_ALPHA_per_atom=    0.11, RMSE_ALPHA_DERIV=    5.74
2025-07-13 02:27:01.349 INFO: Epoch 1116: head: Default, loss=0.0020, RMSE_MU_per_atom=0.00 mDebye, RMSE_MU_DERIV=0.00 mDebye / A, RMSE_ALPHA_per_atom=    0.11, RMSE_ALPHA_DERIV=    5.74
2025-07-13 02:27:23.194 INFO: Epoch 1117: head: Default, loss=0.0020, RMSE_MU_per_atom=0.00 mDebye, RMSE_MU_DERIV=0.00 mDebye / A, RMSE_ALPHA_per_atom=    0.11, RMSE_ALPHA_DERIV=    5.74
2025-07-13 02:27:45.051 INFO: Epoch 1118: head: Default, loss=0.0020, RMSE_MU_per_atom=0.00 mDebye, RMSE_MU_DERIV=0.00 mDebye / A, RMSE_ALPHA_per_atom=    0.11, RMSE_ALPHA_DERIV=    5.74
2025-07-13 02:28:06.899 INFO: Epoch 1119: head: Default, loss=0.0020, RMSE_MU_per_atom=0.00 mDebye, RMSE_MU_DERIV=0.00 mDebye / A, RMSE_ALPHA_per_atom=    0.11, RMSE_ALPHA_DERIV=    5.74
2025-07-13 02:28:28.744 INFO: Epoch 1120: head: Default, loss=0.0020, RMSE_MU_per_atom=0.00 mDebye, RMSE_MU_DERIV=0.00 mDebye / A, RMSE_ALPHA_per_atom=    0.11, RMSE_ALPHA_DERIV=    5.74
2025-07-13 02:28:50.610 INFO: Epoch 1121: head: Default, loss=0.0021, RMSE_MU_per_atom=0.00 mDebye, RMSE_MU_DERIV=0.00 mDebye / A, RMSE_ALPHA_per_atom=    0.11, RMSE_ALPHA_DERIV=    5.74
2025-07-13 02:29:12.455 INFO: Epoch 1122: head: Default, loss=0.0020, RMSE_MU_per_atom=0.00 mDebye, RMSE_MU_DERIV=0.00 mDebye / A, RMSE_ALPHA_per_atom=    0.11, RMSE_ALPHA_DERIV=    5.74
2025-07-13 02:29:34.294 INFO: Epoch 1123: head: Default, loss=0.0020, RMSE_MU_per_atom=0.00 mDebye, RMSE_MU_DERIV=0.00 mDebye / A, RMSE_ALPHA_per_atom=    0.11, RMSE_ALPHA_DERIV=    5.74
2025-07-13 02:29:56.139 INFO: Epoch 1124: head: Default, loss=0.0020, RMSE_MU_per_atom=0.00 mDebye, RMSE_MU_DERIV=0.00 mDebye / A, RMSE_ALPHA_per_atom=    0.11, RMSE_ALPHA_DERIV=    5.74
2025-07-13 02:30:17.986 INFO: Epoch 1125: head: Default, loss=0.0020, RMSE_MU_per_atom=0.00 mDebye, RMSE_MU_DERIV=0.00 mDebye / A, RMSE_ALPHA_per_atom=    0.11, RMSE_ALPHA_DERIV=    5.74
2025-07-13 02:30:39.838 INFO: Epoch 1126: head: Default, loss=0.0020, RMSE_MU_per_atom=0.00 mDebye, RMSE_MU_DERIV=0.00 mDebye / A, RMSE_ALPHA_per_atom=    0.11, RMSE_ALPHA_DERIV=    5.74
2025-07-13 02:31:01.686 INFO: Epoch 1127: head: Default, loss=0.0020, RMSE_MU_per_atom=0.00 mDebye, RMSE_MU_DERIV=0.00 mDebye / A, RMSE_ALPHA_per_atom=    0.11, RMSE_ALPHA_DERIV=    5.74
2025-07-13 02:31:23.552 INFO: Epoch 1128: head: Default, loss=0.0020, RMSE_MU_per_atom=0.00 mDebye, RMSE_MU_DERIV=0.00 mDebye / A, RMSE_ALPHA_per_atom=    0.11, RMSE_ALPHA_DERIV=    5.74
2025-07-13 02:31:45.397 INFO: Epoch 1129: head: Default, loss=0.0021, RMSE_MU_per_atom=0.00 mDebye, RMSE_MU_DERIV=0.00 mDebye / A, RMSE_ALPHA_per_atom=    0.11, RMSE_ALPHA_DERIV=    5.74
2025-07-13 02:32:07.254 INFO: Epoch 1130: head: Default, loss=0.0021, RMSE_MU_per_atom=0.00 mDebye, RMSE_MU_DERIV=0.00 mDebye / A, RMSE_ALPHA_per_atom=    0.11, RMSE_ALPHA_DERIV=    5.74
2025-07-13 02:32:29.115 INFO: Epoch 1131: head: Default, loss=0.0021, RMSE_MU_per_atom=0.00 mDebye, RMSE_MU_DERIV=0.00 mDebye / A, RMSE_ALPHA_per_atom=    0.11, RMSE_ALPHA_DERIV=    5.74
2025-07-13 02:32:50.965 INFO: Epoch 1132: head: Default, loss=0.0020, RMSE_MU_per_atom=0.00 mDebye, RMSE_MU_DERIV=0.00 mDebye / A, RMSE_ALPHA_per_atom=    0.11, RMSE_ALPHA_DERIV=    5.74
2025-07-13 02:33:12.805 INFO: Epoch 1133: head: Default, loss=0.0020, RMSE_MU_per_atom=0.00 mDebye, RMSE_MU_DERIV=0.00 mDebye / A, RMSE_ALPHA_per_atom=    0.11, RMSE_ALPHA_DERIV=    5.74
2025-07-13 02:33:34.643 INFO: Epoch 1134: head: Default, loss=0.0021, RMSE_MU_per_atom=0.00 mDebye, RMSE_MU_DERIV=0.00 mDebye / A, RMSE_ALPHA_per_atom=    0.11, RMSE_ALPHA_DERIV=    5.74
2025-07-13 02:33:56.493 INFO: Epoch 1135: head: Default, loss=0.0021, RMSE_MU_per_atom=0.00 mDebye, RMSE_MU_DERIV=0.00 mDebye / A, RMSE_ALPHA_per_atom=    0.11, RMSE_ALPHA_DERIV=    5.74
2025-07-13 02:34:18.340 INFO: Epoch 1136: head: Default, loss=0.0021, RMSE_MU_per_atom=0.00 mDebye, RMSE_MU_DERIV=0.00 mDebye / A, RMSE_ALPHA_per_atom=    0.11, RMSE_ALPHA_DERIV=    5.74
2025-07-13 02:34:40.186 INFO: Epoch 1137: head: Default, loss=0.0020, RMSE_MU_per_atom=0.00 mDebye, RMSE_MU_DERIV=0.00 mDebye / A, RMSE_ALPHA_per_atom=    0.11, RMSE_ALPHA_DERIV=    5.74
2025-07-13 02:35:02.037 INFO: Epoch 1138: head: Default, loss=0.0020, RMSE_MU_per_atom=0.00 mDebye, RMSE_MU_DERIV=0.00 mDebye / A, RMSE_ALPHA_per_atom=    0.11, RMSE_ALPHA_DERIV=    5.74
2025-07-13 02:35:23.878 INFO: Epoch 1139: head: Default, loss=0.0021, RMSE_MU_per_atom=0.00 mDebye, RMSE_MU_DERIV=0.00 mDebye / A, RMSE_ALPHA_per_atom=    0.11, RMSE_ALPHA_DERIV=    5.74
2025-07-13 02:35:45.724 INFO: Epoch 1140: head: Default, loss=0.0021, RMSE_MU_per_atom=0.00 mDebye, RMSE_MU_DERIV=0.00 mDebye / A, RMSE_ALPHA_per_atom=    0.11, RMSE_ALPHA_DERIV=    5.74
2025-07-13 02:36:07.565 INFO: Epoch 1141: head: Default, loss=0.0020, RMSE_MU_per_atom=0.00 mDebye, RMSE_MU_DERIV=0.00 mDebye / A, RMSE_ALPHA_per_atom=    0.11, RMSE_ALPHA_DERIV=    5.74
2025-07-13 02:36:29.408 INFO: Epoch 1142: head: Default, loss=0.0020, RMSE_MU_per_atom=0.00 mDebye, RMSE_MU_DERIV=0.00 mDebye / A, RMSE_ALPHA_per_atom=    0.11, RMSE_ALPHA_DERIV=    5.74
2025-07-13 02:36:51.254 INFO: Epoch 1143: head: Default, loss=0.0020, RMSE_MU_per_atom=0.00 mDebye, RMSE_MU_DERIV=0.00 mDebye / A, RMSE_ALPHA_per_atom=    0.11, RMSE_ALPHA_DERIV=    5.74
2025-07-13 02:37:13.103 INFO: Epoch 1144: head: Default, loss=0.0021, RMSE_MU_per_atom=0.00 mDebye, RMSE_MU_DERIV=0.00 mDebye / A, RMSE_ALPHA_per_atom=    0.11, RMSE_ALPHA_DERIV=    5.74
2025-07-13 02:37:34.953 INFO: Epoch 1145: head: Default, loss=0.0021, RMSE_MU_per_atom=0.00 mDebye, RMSE_MU_DERIV=0.00 mDebye / A, RMSE_ALPHA_per_atom=    0.11, RMSE_ALPHA_DERIV=    5.74
2025-07-13 02:37:56.793 INFO: Epoch 1146: head: Default, loss=0.0021, RMSE_MU_per_atom=0.00 mDebye, RMSE_MU_DERIV=0.00 mDebye / A, RMSE_ALPHA_per_atom=    0.11, RMSE_ALPHA_DERIV=    5.74
2025-07-13 02:38:18.641 INFO: Epoch 1147: head: Default, loss=0.0020, RMSE_MU_per_atom=0.00 mDebye, RMSE_MU_DERIV=0.00 mDebye / A, RMSE_ALPHA_per_atom=    0.11, RMSE_ALPHA_DERIV=    5.74
2025-07-13 02:38:40.486 INFO: Epoch 1148: head: Default, loss=0.0021, RMSE_MU_per_atom=0.00 mDebye, RMSE_MU_DERIV=0.00 mDebye / A, RMSE_ALPHA_per_atom=    0.11, RMSE_ALPHA_DERIV=    5.74
2025-07-13 02:39:02.339 INFO: Epoch 1149: head: Default, loss=0.0021, RMSE_MU_per_atom=0.00 mDebye, RMSE_MU_DERIV=0.00 mDebye / A, RMSE_ALPHA_per_atom=    0.11, RMSE_ALPHA_DERIV=    5.74
2025-07-13 02:39:24.180 INFO: Epoch 1150: head: Default, loss=0.0020, RMSE_MU_per_atom=0.00 mDebye, RMSE_MU_DERIV=0.00 mDebye / A, RMSE_ALPHA_per_atom=    0.11, RMSE_ALPHA_DERIV=    5.74
2025-07-13 02:39:46.022 INFO: Epoch 1151: head: Default, loss=0.0020, RMSE_MU_per_atom=0.00 mDebye, RMSE_MU_DERIV=0.00 mDebye / A, RMSE_ALPHA_per_atom=    0.11, RMSE_ALPHA_DERIV=    5.74
2025-07-13 02:40:07.871 INFO: Epoch 1152: head: Default, loss=0.0020, RMSE_MU_per_atom=0.00 mDebye, RMSE_MU_DERIV=0.00 mDebye / A, RMSE_ALPHA_per_atom=    0.11, RMSE_ALPHA_DERIV=    5.74
2025-07-13 02:40:29.719 INFO: Epoch 1153: head: Default, loss=0.0020, RMSE_MU_per_atom=0.00 mDebye, RMSE_MU_DERIV=0.00 mDebye / A, RMSE_ALPHA_per_atom=    0.11, RMSE_ALPHA_DERIV=    5.74
2025-07-13 02:40:51.563 INFO: Epoch 1154: head: Default, loss=0.0020, RMSE_MU_per_atom=0.00 mDebye, RMSE_MU_DERIV=0.00 mDebye / A, RMSE_ALPHA_per_atom=    0.11, RMSE_ALPHA_DERIV=    5.74
2025-07-13 02:41:13.397 INFO: Epoch 1155: head: Default, loss=0.0020, RMSE_MU_per_atom=0.00 mDebye, RMSE_MU_DERIV=0.00 mDebye / A, RMSE_ALPHA_per_atom=    0.11, RMSE_ALPHA_DERIV=    5.74
2025-07-13 02:41:35.246 INFO: Epoch 1156: head: Default, loss=0.0021, RMSE_MU_per_atom=0.00 mDebye, RMSE_MU_DERIV=0.00 mDebye / A, RMSE_ALPHA_per_atom=    0.11, RMSE_ALPHA_DERIV=    5.74
2025-07-13 02:41:57.081 INFO: Epoch 1157: head: Default, loss=0.0021, RMSE_MU_per_atom=0.00 mDebye, RMSE_MU_DERIV=0.00 mDebye / A, RMSE_ALPHA_per_atom=    0.11, RMSE_ALPHA_DERIV=    5.74
2025-07-13 02:42:18.935 INFO: Epoch 1158: head: Default, loss=0.0021, RMSE_MU_per_atom=0.00 mDebye, RMSE_MU_DERIV=0.00 mDebye / A, RMSE_ALPHA_per_atom=    0.11, RMSE_ALPHA_DERIV=    5.74
2025-07-13 02:42:40.782 INFO: Epoch 1159: head: Default, loss=0.0021, RMSE_MU_per_atom=0.00 mDebye, RMSE_MU_DERIV=0.00 mDebye / A, RMSE_ALPHA_per_atom=    0.11, RMSE_ALPHA_DERIV=    5.74
2025-07-13 02:43:02.637 INFO: Epoch 1160: head: Default, loss=0.0021, RMSE_MU_per_atom=0.00 mDebye, RMSE_MU_DERIV=0.00 mDebye / A, RMSE_ALPHA_per_atom=    0.11, RMSE_ALPHA_DERIV=    5.74
2025-07-13 02:43:24.474 INFO: Epoch 1161: head: Default, loss=0.0021, RMSE_MU_per_atom=0.00 mDebye, RMSE_MU_DERIV=0.00 mDebye / A, RMSE_ALPHA_per_atom=    0.11, RMSE_ALPHA_DERIV=    5.74
2025-07-13 02:43:46.323 INFO: Epoch 1162: head: Default, loss=0.0021, RMSE_MU_per_atom=0.00 mDebye, RMSE_MU_DERIV=0.00 mDebye / A, RMSE_ALPHA_per_atom=    0.11, RMSE_ALPHA_DERIV=    5.74
2025-07-13 02:44:08.173 INFO: Epoch 1163: head: Default, loss=0.0020, RMSE_MU_per_atom=0.00 mDebye, RMSE_MU_DERIV=0.00 mDebye / A, RMSE_ALPHA_per_atom=    0.11, RMSE_ALPHA_DERIV=    5.75
2025-07-13 02:44:30.044 INFO: Epoch 1164: head: Default, loss=0.0021, RMSE_MU_per_atom=0.00 mDebye, RMSE_MU_DERIV=0.00 mDebye / A, RMSE_ALPHA_per_atom=    0.11, RMSE_ALPHA_DERIV=    5.75
2025-07-13 02:44:51.917 INFO: Epoch 1165: head: Default, loss=0.0021, RMSE_MU_per_atom=0.00 mDebye, RMSE_MU_DERIV=0.00 mDebye / A, RMSE_ALPHA_per_atom=    0.11, RMSE_ALPHA_DERIV=    5.74
2025-07-13 02:45:13.778 INFO: Epoch 1166: head: Default, loss=0.0021, RMSE_MU_per_atom=0.00 mDebye, RMSE_MU_DERIV=0.00 mDebye / A, RMSE_ALPHA_per_atom=    0.11, RMSE_ALPHA_DERIV=    5.74
2025-07-13 02:45:35.628 INFO: Epoch 1167: head: Default, loss=0.0020, RMSE_MU_per_atom=0.00 mDebye, RMSE_MU_DERIV=0.00 mDebye / A, RMSE_ALPHA_per_atom=    0.11, RMSE_ALPHA_DERIV=    5.74
2025-07-13 02:45:57.482 INFO: Epoch 1168: head: Default, loss=0.0020, RMSE_MU_per_atom=0.00 mDebye, RMSE_MU_DERIV=0.00 mDebye / A, RMSE_ALPHA_per_atom=    0.11, RMSE_ALPHA_DERIV=    5.74
2025-07-13 02:46:19.329 INFO: Epoch 1169: head: Default, loss=0.0020, RMSE_MU_per_atom=0.00 mDebye, RMSE_MU_DERIV=0.00 mDebye / A, RMSE_ALPHA_per_atom=    0.11, RMSE_ALPHA_DERIV=    5.75
2025-07-13 02:46:41.185 INFO: Epoch 1170: head: Default, loss=0.0021, RMSE_MU_per_atom=0.00 mDebye, RMSE_MU_DERIV=0.00 mDebye / A, RMSE_ALPHA_per_atom=    0.11, RMSE_ALPHA_DERIV=    5.74
2025-07-13 02:47:03.035 INFO: Epoch 1171: head: Default, loss=0.0021, RMSE_MU_per_atom=0.00 mDebye, RMSE_MU_DERIV=0.00 mDebye / A, RMSE_ALPHA_per_atom=    0.11, RMSE_ALPHA_DERIV=    5.74
2025-07-13 02:47:24.886 INFO: Epoch 1172: head: Default, loss=0.0021, RMSE_MU_per_atom=0.00 mDebye, RMSE_MU_DERIV=0.00 mDebye / A, RMSE_ALPHA_per_atom=    0.11, RMSE_ALPHA_DERIV=    5.74
2025-07-13 02:47:46.742 INFO: Epoch 1173: head: Default, loss=0.0021, RMSE_MU_per_atom=0.00 mDebye, RMSE_MU_DERIV=0.00 mDebye / A, RMSE_ALPHA_per_atom=    0.11, RMSE_ALPHA_DERIV=    5.74
2025-07-13 02:48:08.593 INFO: Epoch 1174: head: Default, loss=0.0021, RMSE_MU_per_atom=0.00 mDebye, RMSE_MU_DERIV=0.00 mDebye / A, RMSE_ALPHA_per_atom=    0.11, RMSE_ALPHA_DERIV=    5.74
2025-07-13 02:48:30.461 INFO: Epoch 1175: head: Default, loss=0.0021, RMSE_MU_per_atom=0.00 mDebye, RMSE_MU_DERIV=0.00 mDebye / A, RMSE_ALPHA_per_atom=    0.11, RMSE_ALPHA_DERIV=    5.74
2025-07-13 02:48:52.310 INFO: Epoch 1176: head: Default, loss=0.0020, RMSE_MU_per_atom=0.00 mDebye, RMSE_MU_DERIV=0.00 mDebye / A, RMSE_ALPHA_per_atom=    0.11, RMSE_ALPHA_DERIV=    5.75
2025-07-13 02:49:14.153 INFO: Epoch 1177: head: Default, loss=0.0021, RMSE_MU_per_atom=0.00 mDebye, RMSE_MU_DERIV=0.00 mDebye / A, RMSE_ALPHA_per_atom=    0.11, RMSE_ALPHA_DERIV=    5.75
2025-07-13 02:49:35.994 INFO: Epoch 1178: head: Default, loss=0.0021, RMSE_MU_per_atom=0.00 mDebye, RMSE_MU_DERIV=0.00 mDebye / A, RMSE_ALPHA_per_atom=    0.11, RMSE_ALPHA_DERIV=    5.74
2025-07-13 02:49:57.838 INFO: Epoch 1179: head: Default, loss=0.0021, RMSE_MU_per_atom=0.00 mDebye, RMSE_MU_DERIV=0.00 mDebye / A, RMSE_ALPHA_per_atom=    0.11, RMSE_ALPHA_DERIV=    5.74
2025-07-13 02:50:19.676 INFO: Epoch 1180: head: Default, loss=0.0020, RMSE_MU_per_atom=0.00 mDebye, RMSE_MU_DERIV=0.00 mDebye / A, RMSE_ALPHA_per_atom=    0.11, RMSE_ALPHA_DERIV=    5.74
2025-07-13 02:50:41.520 INFO: Epoch 1181: head: Default, loss=0.0021, RMSE_MU_per_atom=0.00 mDebye, RMSE_MU_DERIV=0.00 mDebye / A, RMSE_ALPHA_per_atom=    0.11, RMSE_ALPHA_DERIV=    5.74
2025-07-13 02:51:03.366 INFO: Epoch 1182: head: Default, loss=0.0020, RMSE_MU_per_atom=0.00 mDebye, RMSE_MU_DERIV=0.00 mDebye / A, RMSE_ALPHA_per_atom=    0.11, RMSE_ALPHA_DERIV=    5.74
2025-07-13 02:51:25.213 INFO: Epoch 1183: head: Default, loss=0.0020, RMSE_MU_per_atom=0.00 mDebye, RMSE_MU_DERIV=0.00 mDebye / A, RMSE_ALPHA_per_atom=    0.11, RMSE_ALPHA_DERIV=    5.74
2025-07-13 02:51:47.063 INFO: Epoch 1184: head: Default, loss=0.0020, RMSE_MU_per_atom=0.00 mDebye, RMSE_MU_DERIV=0.00 mDebye / A, RMSE_ALPHA_per_atom=    0.11, RMSE_ALPHA_DERIV=    5.75
2025-07-13 02:52:08.920 INFO: Epoch 1185: head: Default, loss=0.0021, RMSE_MU_per_atom=0.00 mDebye, RMSE_MU_DERIV=0.00 mDebye / A, RMSE_ALPHA_per_atom=    0.11, RMSE_ALPHA_DERIV=    5.74
2025-07-13 02:52:30.752 INFO: Epoch 1186: head: Default, loss=0.0020, RMSE_MU_per_atom=0.00 mDebye, RMSE_MU_DERIV=0.00 mDebye / A, RMSE_ALPHA_per_atom=    0.11, RMSE_ALPHA_DERIV=    5.74
2025-07-13 02:52:52.608 INFO: Epoch 1187: head: Default, loss=0.0020, RMSE_MU_per_atom=0.00 mDebye, RMSE_MU_DERIV=0.00 mDebye / A, RMSE_ALPHA_per_atom=    0.11, RMSE_ALPHA_DERIV=    5.75
2025-07-13 02:53:14.455 INFO: Epoch 1188: head: Default, loss=0.0020, RMSE_MU_per_atom=0.00 mDebye, RMSE_MU_DERIV=0.00 mDebye / A, RMSE_ALPHA_per_atom=    0.11, RMSE_ALPHA_DERIV=    5.74
2025-07-13 02:53:36.313 INFO: Epoch 1189: head: Default, loss=0.0020, RMSE_MU_per_atom=0.00 mDebye, RMSE_MU_DERIV=0.00 mDebye / A, RMSE_ALPHA_per_atom=    0.11, RMSE_ALPHA_DERIV=    5.75
2025-07-13 02:53:58.166 INFO: Epoch 1190: head: Default, loss=0.0020, RMSE_MU_per_atom=0.00 mDebye, RMSE_MU_DERIV=0.00 mDebye / A, RMSE_ALPHA_per_atom=    0.11, RMSE_ALPHA_DERIV=    5.74
2025-07-13 02:54:20.010 INFO: Epoch 1191: head: Default, loss=0.0020, RMSE_MU_per_atom=0.00 mDebye, RMSE_MU_DERIV=0.00 mDebye / A, RMSE_ALPHA_per_atom=    0.11, RMSE_ALPHA_DERIV=    5.74
2025-07-13 02:54:41.848 INFO: Epoch 1192: head: Default, loss=0.0021, RMSE_MU_per_atom=0.00 mDebye, RMSE_MU_DERIV=0.00 mDebye / A, RMSE_ALPHA_per_atom=    0.11, RMSE_ALPHA_DERIV=    5.74
2025-07-13 02:55:03.702 INFO: Epoch 1193: head: Default, loss=0.0020, RMSE_MU_per_atom=0.00 mDebye, RMSE_MU_DERIV=0.00 mDebye / A, RMSE_ALPHA_per_atom=    0.11, RMSE_ALPHA_DERIV=    5.75
2025-07-13 02:55:25.545 INFO: Epoch 1194: head: Default, loss=0.0020, RMSE_MU_per_atom=0.00 mDebye, RMSE_MU_DERIV=0.00 mDebye / A, RMSE_ALPHA_per_atom=    0.11, RMSE_ALPHA_DERIV=    5.75
2025-07-13 02:55:47.388 INFO: Epoch 1195: head: Default, loss=0.0020, RMSE_MU_per_atom=0.00 mDebye, RMSE_MU_DERIV=0.00 mDebye / A, RMSE_ALPHA_per_atom=    0.11, RMSE_ALPHA_DERIV=    5.74
2025-07-13 02:56:09.231 INFO: Epoch 1196: head: Default, loss=0.0020, RMSE_MU_per_atom=0.00 mDebye, RMSE_MU_DERIV=0.00 mDebye / A, RMSE_ALPHA_per_atom=    0.11, RMSE_ALPHA_DERIV=    5.74
2025-07-13 02:56:31.086 INFO: Epoch 1197: head: Default, loss=0.0020, RMSE_MU_per_atom=0.00 mDebye, RMSE_MU_DERIV=0.00 mDebye / A, RMSE_ALPHA_per_atom=    0.11, RMSE_ALPHA_DERIV=    5.74
2025-07-13 02:56:52.928 INFO: Epoch 1198: head: Default, loss=0.0020, RMSE_MU_per_atom=0.00 mDebye, RMSE_MU_DERIV=0.00 mDebye / A, RMSE_ALPHA_per_atom=    0.11, RMSE_ALPHA_DERIV=    5.75
2025-07-13 02:57:14.768 INFO: Epoch 1199: head: Default, loss=0.0020, RMSE_MU_per_atom=0.00 mDebye, RMSE_MU_DERIV=0.00 mDebye / A, RMSE_ALPHA_per_atom=    0.11, RMSE_ALPHA_DERIV=    5.75
2025-07-13 02:57:36.611 INFO: Epoch 1200: head: Default, loss=0.0020, RMSE_MU_per_atom=0.00 mDebye, RMSE_MU_DERIV=0.00 mDebye / A, RMSE_ALPHA_per_atom=    0.11, RMSE_ALPHA_DERIV=    5.75
2025-07-13 02:57:58.457 INFO: Epoch 1201: head: Default, loss=0.0021, RMSE_MU_per_atom=0.00 mDebye, RMSE_MU_DERIV=0.00 mDebye / A, RMSE_ALPHA_per_atom=    0.11, RMSE_ALPHA_DERIV=    5.74
2025-07-13 02:58:20.324 INFO: Epoch 1202: head: Default, loss=0.0020, RMSE_MU_per_atom=0.00 mDebye, RMSE_MU_DERIV=0.00 mDebye / A, RMSE_ALPHA_per_atom=    0.11, RMSE_ALPHA_DERIV=    5.74
2025-07-13 02:58:42.180 INFO: Epoch 1203: head: Default, loss=0.0020, RMSE_MU_per_atom=0.00 mDebye, RMSE_MU_DERIV=0.00 mDebye / A, RMSE_ALPHA_per_atom=    0.11, RMSE_ALPHA_DERIV=    5.75
2025-07-13 02:59:04.027 INFO: Epoch 1204: head: Default, loss=0.0020, RMSE_MU_per_atom=0.00 mDebye, RMSE_MU_DERIV=0.00 mDebye / A, RMSE_ALPHA_per_atom=    0.11, RMSE_ALPHA_DERIV=    5.75
2025-07-13 02:59:25.882 INFO: Epoch 1205: head: Default, loss=0.0020, RMSE_MU_per_atom=0.00 mDebye, RMSE_MU_DERIV=0.00 mDebye / A, RMSE_ALPHA_per_atom=    0.11, RMSE_ALPHA_DERIV=    5.75
2025-07-13 02:59:47.745 INFO: Epoch 1206: head: Default, loss=0.0020, RMSE_MU_per_atom=0.00 mDebye, RMSE_MU_DERIV=0.00 mDebye / A, RMSE_ALPHA_per_atom=    0.11, RMSE_ALPHA_DERIV=    5.75
2025-07-13 03:00:09.611 INFO: Epoch 1207: head: Default, loss=0.0021, RMSE_MU_per_atom=0.00 mDebye, RMSE_MU_DERIV=0.00 mDebye / A, RMSE_ALPHA_per_atom=    0.11, RMSE_ALPHA_DERIV=    5.75
2025-07-13 03:00:31.458 INFO: Epoch 1208: head: Default, loss=0.0020, RMSE_MU_per_atom=0.00 mDebye, RMSE_MU_DERIV=0.00 mDebye / A, RMSE_ALPHA_per_atom=    0.11, RMSE_ALPHA_DERIV=    5.75
2025-07-13 03:00:53.316 INFO: Epoch 1209: head: Default, loss=0.0021, RMSE_MU_per_atom=0.00 mDebye, RMSE_MU_DERIV=0.00 mDebye / A, RMSE_ALPHA_per_atom=    0.11, RMSE_ALPHA_DERIV=    5.75
2025-07-13 03:01:15.165 INFO: Epoch 1210: head: Default, loss=0.0021, RMSE_MU_per_atom=0.00 mDebye, RMSE_MU_DERIV=0.00 mDebye / A, RMSE_ALPHA_per_atom=    0.11, RMSE_ALPHA_DERIV=    5.75
2025-07-13 03:01:37.020 INFO: Epoch 1211: head: Default, loss=0.0020, RMSE_MU_per_atom=0.00 mDebye, RMSE_MU_DERIV=0.00 mDebye / A, RMSE_ALPHA_per_atom=    0.11, RMSE_ALPHA_DERIV=    5.75
2025-07-13 03:01:58.870 INFO: Epoch 1212: head: Default, loss=0.0020, RMSE_MU_per_atom=0.00 mDebye, RMSE_MU_DERIV=0.00 mDebye / A, RMSE_ALPHA_per_atom=    0.11, RMSE_ALPHA_DERIV=    5.74
2025-07-13 03:02:20.716 INFO: Epoch 1213: head: Default, loss=0.0021, RMSE_MU_per_atom=0.00 mDebye, RMSE_MU_DERIV=0.00 mDebye / A, RMSE_ALPHA_per_atom=    0.11, RMSE_ALPHA_DERIV=    5.74
2025-07-13 03:02:42.571 INFO: Epoch 1214: head: Default, loss=0.0020, RMSE_MU_per_atom=0.00 mDebye, RMSE_MU_DERIV=0.00 mDebye / A, RMSE_ALPHA_per_atom=    0.11, RMSE_ALPHA_DERIV=    5.75
2025-07-13 03:03:04.414 INFO: Epoch 1215: head: Default, loss=0.0020, RMSE_MU_per_atom=0.00 mDebye, RMSE_MU_DERIV=0.00 mDebye / A, RMSE_ALPHA_per_atom=    0.11, RMSE_ALPHA_DERIV=    5.75
2025-07-13 03:03:26.257 INFO: Epoch 1216: head: Default, loss=0.0021, RMSE_MU_per_atom=0.00 mDebye, RMSE_MU_DERIV=0.00 mDebye / A, RMSE_ALPHA_per_atom=    0.11, RMSE_ALPHA_DERIV=    5.75
2025-07-13 03:03:48.105 INFO: Epoch 1217: head: Default, loss=0.0020, RMSE_MU_per_atom=0.00 mDebye, RMSE_MU_DERIV=0.00 mDebye / A, RMSE_ALPHA_per_atom=    0.11, RMSE_ALPHA_DERIV=    5.75
2025-07-13 03:04:09.959 INFO: Epoch 1218: head: Default, loss=0.0020, RMSE_MU_per_atom=0.00 mDebye, RMSE_MU_DERIV=0.00 mDebye / A, RMSE_ALPHA_per_atom=    0.11, RMSE_ALPHA_DERIV=    5.75
2025-07-13 03:04:31.814 INFO: Epoch 1219: head: Default, loss=0.0020, RMSE_MU_per_atom=0.00 mDebye, RMSE_MU_DERIV=0.00 mDebye / A, RMSE_ALPHA_per_atom=    0.11, RMSE_ALPHA_DERIV=    5.75
2025-07-13 03:04:53.660 INFO: Epoch 1220: head: Default, loss=0.0021, RMSE_MU_per_atom=0.00 mDebye, RMSE_MU_DERIV=0.00 mDebye / A, RMSE_ALPHA_per_atom=    0.11, RMSE_ALPHA_DERIV=    5.75
2025-07-13 03:05:15.498 INFO: Epoch 1221: head: Default, loss=0.0021, RMSE_MU_per_atom=0.00 mDebye, RMSE_MU_DERIV=0.00 mDebye / A, RMSE_ALPHA_per_atom=    0.11, RMSE_ALPHA_DERIV=    5.75
2025-07-13 03:05:37.358 INFO: Epoch 1222: head: Default, loss=0.0021, RMSE_MU_per_atom=0.00 mDebye, RMSE_MU_DERIV=0.00 mDebye / A, RMSE_ALPHA_per_atom=    0.11, RMSE_ALPHA_DERIV=    5.75
2025-07-13 03:05:59.212 INFO: Epoch 1223: head: Default, loss=0.0021, RMSE_MU_per_atom=0.00 mDebye, RMSE_MU_DERIV=0.00 mDebye / A, RMSE_ALPHA_per_atom=    0.11, RMSE_ALPHA_DERIV=    5.75
2025-07-13 03:06:21.080 INFO: Epoch 1224: head: Default, loss=0.0021, RMSE_MU_per_atom=0.00 mDebye, RMSE_MU_DERIV=0.00 mDebye / A, RMSE_ALPHA_per_atom=    0.11, RMSE_ALPHA_DERIV=    5.75
2025-07-13 03:06:42.921 INFO: Epoch 1225: head: Default, loss=0.0020, RMSE_MU_per_atom=0.00 mDebye, RMSE_MU_DERIV=0.00 mDebye / A, RMSE_ALPHA_per_atom=    0.11, RMSE_ALPHA_DERIV=    5.75
2025-07-13 03:07:04.764 INFO: Epoch 1226: head: Default, loss=0.0020, RMSE_MU_per_atom=0.00 mDebye, RMSE_MU_DERIV=0.00 mDebye / A, RMSE_ALPHA_per_atom=    0.11, RMSE_ALPHA_DERIV=    5.75
2025-07-13 03:07:26.603 INFO: Epoch 1227: head: Default, loss=0.0021, RMSE_MU_per_atom=0.00 mDebye, RMSE_MU_DERIV=0.00 mDebye / A, RMSE_ALPHA_per_atom=    0.11, RMSE_ALPHA_DERIV=    5.75
2025-07-13 03:07:48.447 INFO: Epoch 1228: head: Default, loss=0.0021, RMSE_MU_per_atom=0.00 mDebye, RMSE_MU_DERIV=0.00 mDebye / A, RMSE_ALPHA_per_atom=    0.11, RMSE_ALPHA_DERIV=    5.75
2025-07-13 03:08:10.290 INFO: Epoch 1229: head: Default, loss=0.0020, RMSE_MU_per_atom=0.00 mDebye, RMSE_MU_DERIV=0.00 mDebye / A, RMSE_ALPHA_per_atom=    0.11, RMSE_ALPHA_DERIV=    5.75
2025-07-13 03:08:32.130 INFO: Epoch 1230: head: Default, loss=0.0020, RMSE_MU_per_atom=0.00 mDebye, RMSE_MU_DERIV=0.00 mDebye / A, RMSE_ALPHA_per_atom=    0.11, RMSE_ALPHA_DERIV=    5.75
2025-07-13 03:08:53.991 INFO: Epoch 1231: head: Default, loss=0.0020, RMSE_MU_per_atom=0.00 mDebye, RMSE_MU_DERIV=0.00 mDebye / A, RMSE_ALPHA_per_atom=    0.11, RMSE_ALPHA_DERIV=    5.75
2025-07-13 03:09:15.842 INFO: Epoch 1232: head: Default, loss=0.0020, RMSE_MU_per_atom=0.00 mDebye, RMSE_MU_DERIV=0.00 mDebye / A, RMSE_ALPHA_per_atom=    0.11, RMSE_ALPHA_DERIV=    5.75
2025-07-13 03:09:37.683 INFO: Epoch 1233: head: Default, loss=0.0020, RMSE_MU_per_atom=0.00 mDebye, RMSE_MU_DERIV=0.00 mDebye / A, RMSE_ALPHA_per_atom=    0.11, RMSE_ALPHA_DERIV=    5.75
2025-07-13 03:09:59.537 INFO: Epoch 1234: head: Default, loss=0.0020, RMSE_MU_per_atom=0.00 mDebye, RMSE_MU_DERIV=0.00 mDebye / A, RMSE_ALPHA_per_atom=    0.11, RMSE_ALPHA_DERIV=    5.75
2025-07-13 03:10:21.394 INFO: Epoch 1235: head: Default, loss=0.0020, RMSE_MU_per_atom=0.00 mDebye, RMSE_MU_DERIV=0.00 mDebye / A, RMSE_ALPHA_per_atom=    0.11, RMSE_ALPHA_DERIV=    5.75
2025-07-13 03:10:43.233 INFO: Epoch 1236: head: Default, loss=0.0020, RMSE_MU_per_atom=0.00 mDebye, RMSE_MU_DERIV=0.00 mDebye / A, RMSE_ALPHA_per_atom=    0.11, RMSE_ALPHA_DERIV=    5.75
2025-07-13 03:11:05.086 INFO: Epoch 1237: head: Default, loss=0.0020, RMSE_MU_per_atom=0.00 mDebye, RMSE_MU_DERIV=0.00 mDebye / A, RMSE_ALPHA_per_atom=    0.11, RMSE_ALPHA_DERIV=    5.75
2025-07-13 03:11:26.934 INFO: Epoch 1238: head: Default, loss=0.0020, RMSE_MU_per_atom=0.00 mDebye, RMSE_MU_DERIV=0.00 mDebye / A, RMSE_ALPHA_per_atom=    0.11, RMSE_ALPHA_DERIV=    5.75
2025-07-13 03:11:48.782 INFO: Epoch 1239: head: Default, loss=0.0021, RMSE_MU_per_atom=0.00 mDebye, RMSE_MU_DERIV=0.00 mDebye / A, RMSE_ALPHA_per_atom=    0.11, RMSE_ALPHA_DERIV=    5.75
2025-07-13 03:12:10.621 INFO: Epoch 1240: head: Default, loss=0.0021, RMSE_MU_per_atom=0.00 mDebye, RMSE_MU_DERIV=0.00 mDebye / A, RMSE_ALPHA_per_atom=    0.11, RMSE_ALPHA_DERIV=    5.75
2025-07-13 03:12:32.463 INFO: Epoch 1241: head: Default, loss=0.0021, RMSE_MU_per_atom=0.00 mDebye, RMSE_MU_DERIV=0.00 mDebye / A, RMSE_ALPHA_per_atom=    0.11, RMSE_ALPHA_DERIV=    5.75
2025-07-13 03:12:54.311 INFO: Epoch 1242: head: Default, loss=0.0020, RMSE_MU_per_atom=0.00 mDebye, RMSE_MU_DERIV=0.00 mDebye / A, RMSE_ALPHA_per_atom=    0.11, RMSE_ALPHA_DERIV=    5.75
2025-07-13 03:13:16.144 INFO: Epoch 1243: head: Default, loss=0.0021, RMSE_MU_per_atom=0.00 mDebye, RMSE_MU_DERIV=0.00 mDebye / A, RMSE_ALPHA_per_atom=    0.11, RMSE_ALPHA_DERIV=    5.75
2025-07-13 03:13:37.994 INFO: Epoch 1244: head: Default, loss=0.0021, RMSE_MU_per_atom=0.00 mDebye, RMSE_MU_DERIV=0.00 mDebye / A, RMSE_ALPHA_per_atom=    0.11, RMSE_ALPHA_DERIV=    5.75
2025-07-13 03:13:59.837 INFO: Epoch 1245: head: Default, loss=0.0020, RMSE_MU_per_atom=0.00 mDebye, RMSE_MU_DERIV=0.00 mDebye / A, RMSE_ALPHA_per_atom=    0.11, RMSE_ALPHA_DERIV=    5.75
2025-07-13 03:14:21.681 INFO: Epoch 1246: head: Default, loss=0.0020, RMSE_MU_per_atom=0.00 mDebye, RMSE_MU_DERIV=0.00 mDebye / A, RMSE_ALPHA_per_atom=    0.11, RMSE_ALPHA_DERIV=    5.75
2025-07-13 03:14:43.518 INFO: Epoch 1247: head: Default, loss=0.0020, RMSE_MU_per_atom=0.00 mDebye, RMSE_MU_DERIV=0.00 mDebye / A, RMSE_ALPHA_per_atom=    0.11, RMSE_ALPHA_DERIV=    5.75
2025-07-13 03:15:05.359 INFO: Epoch 1248: head: Default, loss=0.0020, RMSE_MU_per_atom=0.00 mDebye, RMSE_MU_DERIV=0.00 mDebye / A, RMSE_ALPHA_per_atom=    0.11, RMSE_ALPHA_DERIV=    5.75
2025-07-13 03:15:27.206 INFO: Epoch 1249: head: Default, loss=0.0020, RMSE_MU_per_atom=0.00 mDebye, RMSE_MU_DERIV=0.00 mDebye / A, RMSE_ALPHA_per_atom=    0.11, RMSE_ALPHA_DERIV=    5.75
2025-07-13 03:15:49.052 INFO: Epoch 1250: head: Default, loss=0.0020, RMSE_MU_per_atom=0.00 mDebye, RMSE_MU_DERIV=0.00 mDebye / A, RMSE_ALPHA_per_atom=    0.11, RMSE_ALPHA_DERIV=    5.75
2025-07-13 03:16:10.905 INFO: Epoch 1251: head: Default, loss=0.0020, RMSE_MU_per_atom=0.00 mDebye, RMSE_MU_DERIV=0.00 mDebye / A, RMSE_ALPHA_per_atom=    0.11, RMSE_ALPHA_DERIV=    5.75
2025-07-13 03:16:32.748 INFO: Epoch 1252: head: Default, loss=0.0021, RMSE_MU_per_atom=0.00 mDebye, RMSE_MU_DERIV=0.00 mDebye / A, RMSE_ALPHA_per_atom=    0.11, RMSE_ALPHA_DERIV=    5.75
2025-07-13 03:16:54.601 INFO: Epoch 1253: head: Default, loss=0.0021, RMSE_MU_per_atom=0.00 mDebye, RMSE_MU_DERIV=0.00 mDebye / A, RMSE_ALPHA_per_atom=    0.11, RMSE_ALPHA_DERIV=    5.75
2025-07-13 03:17:16.448 INFO: Epoch 1254: head: Default, loss=0.0021, RMSE_MU_per_atom=0.00 mDebye, RMSE_MU_DERIV=0.00 mDebye / A, RMSE_ALPHA_per_atom=    0.11, RMSE_ALPHA_DERIV=    5.75
2025-07-13 03:17:38.297 INFO: Epoch 1255: head: Default, loss=0.0021, RMSE_MU_per_atom=0.00 mDebye, RMSE_MU_DERIV=0.00 mDebye / A, RMSE_ALPHA_per_atom=    0.11, RMSE_ALPHA_DERIV=    5.75
2025-07-13 03:18:00.139 INFO: Epoch 1256: head: Default, loss=0.0020, RMSE_MU_per_atom=0.00 mDebye, RMSE_MU_DERIV=0.00 mDebye / A, RMSE_ALPHA_per_atom=    0.11, RMSE_ALPHA_DERIV=    5.75
2025-07-13 03:18:21.977 INFO: Epoch 1257: head: Default, loss=0.0020, RMSE_MU_per_atom=0.00 mDebye, RMSE_MU_DERIV=0.00 mDebye / A, RMSE_ALPHA_per_atom=    0.11, RMSE_ALPHA_DERIV=    5.75
2025-07-13 03:18:43.832 INFO: Epoch 1258: head: Default, loss=0.0020, RMSE_MU_per_atom=0.00 mDebye, RMSE_MU_DERIV=0.00 mDebye / A, RMSE_ALPHA_per_atom=    0.11, RMSE_ALPHA_DERIV=    5.75
2025-07-13 03:19:05.676 INFO: Epoch 1259: head: Default, loss=0.0020, RMSE_MU_per_atom=0.00 mDebye, RMSE_MU_DERIV=0.00 mDebye / A, RMSE_ALPHA_per_atom=    0.11, RMSE_ALPHA_DERIV=    5.75
2025-07-13 03:19:27.505 INFO: Epoch 1260: head: Default, loss=0.0020, RMSE_MU_per_atom=0.00 mDebye, RMSE_MU_DERIV=0.00 mDebye / A, RMSE_ALPHA_per_atom=    0.11, RMSE_ALPHA_DERIV=    5.75
2025-07-13 03:19:49.341 INFO: Epoch 1261: head: Default, loss=0.0020, RMSE_MU_per_atom=0.00 mDebye, RMSE_MU_DERIV=0.00 mDebye / A, RMSE_ALPHA_per_atom=    0.11, RMSE_ALPHA_DERIV=    5.75
2025-07-13 03:20:11.184 INFO: Epoch 1262: head: Default, loss=0.0020, RMSE_MU_per_atom=0.00 mDebye, RMSE_MU_DERIV=0.00 mDebye / A, RMSE_ALPHA_per_atom=    0.11, RMSE_ALPHA_DERIV=    5.75
2025-07-13 03:20:33.032 INFO: Epoch 1263: head: Default, loss=0.0020, RMSE_MU_per_atom=0.00 mDebye, RMSE_MU_DERIV=0.00 mDebye / A, RMSE_ALPHA_per_atom=    0.11, RMSE_ALPHA_DERIV=    5.75
2025-07-13 03:20:54.881 INFO: Epoch 1264: head: Default, loss=0.0020, RMSE_MU_per_atom=0.00 mDebye, RMSE_MU_DERIV=0.00 mDebye / A, RMSE_ALPHA_per_atom=    0.11, RMSE_ALPHA_DERIV=    5.75
2025-07-13 03:21:16.728 INFO: Epoch 1265: head: Default, loss=0.0020, RMSE_MU_per_atom=0.00 mDebye, RMSE_MU_DERIV=0.00 mDebye / A, RMSE_ALPHA_per_atom=    0.11, RMSE_ALPHA_DERIV=    5.75
2025-07-13 03:21:38.575 INFO: Epoch 1266: head: Default, loss=0.0020, RMSE_MU_per_atom=0.00 mDebye, RMSE_MU_DERIV=0.00 mDebye / A, RMSE_ALPHA_per_atom=    0.11, RMSE_ALPHA_DERIV=    5.75
2025-07-13 03:22:00.422 INFO: Epoch 1267: head: Default, loss=0.0020, RMSE_MU_per_atom=0.00 mDebye, RMSE_MU_DERIV=0.00 mDebye / A, RMSE_ALPHA_per_atom=    0.11, RMSE_ALPHA_DERIV=    5.75
2025-07-13 03:22:22.258 INFO: Epoch 1268: head: Default, loss=0.0020, RMSE_MU_per_atom=0.00 mDebye, RMSE_MU_DERIV=0.00 mDebye / A, RMSE_ALPHA_per_atom=    0.11, RMSE_ALPHA_DERIV=    5.75
2025-07-13 03:22:44.093 INFO: Epoch 1269: head: Default, loss=0.0020, RMSE_MU_per_atom=0.00 mDebye, RMSE_MU_DERIV=0.00 mDebye / A, RMSE_ALPHA_per_atom=    0.11, RMSE_ALPHA_DERIV=    5.75
2025-07-13 03:23:05.930 INFO: Epoch 1270: head: Default, loss=0.0020, RMSE_MU_per_atom=0.00 mDebye, RMSE_MU_DERIV=0.00 mDebye / A, RMSE_ALPHA_per_atom=    0.11, RMSE_ALPHA_DERIV=    5.75
2025-07-13 03:23:27.768 INFO: Epoch 1271: head: Default, loss=0.0021, RMSE_MU_per_atom=0.00 mDebye, RMSE_MU_DERIV=0.00 mDebye / A, RMSE_ALPHA_per_atom=    0.11, RMSE_ALPHA_DERIV=    5.75
2025-07-13 03:23:49.603 INFO: Epoch 1272: head: Default, loss=0.0020, RMSE_MU_per_atom=0.00 mDebye, RMSE_MU_DERIV=0.00 mDebye / A, RMSE_ALPHA_per_atom=    0.11, RMSE_ALPHA_DERIV=    5.75
2025-07-13 03:24:11.454 INFO: Epoch 1273: head: Default, loss=0.0020, RMSE_MU_per_atom=0.00 mDebye, RMSE_MU_DERIV=0.00 mDebye / A, RMSE_ALPHA_per_atom=    0.11, RMSE_ALPHA_DERIV=    5.75
2025-07-13 03:24:33.300 INFO: Epoch 1274: head: Default, loss=0.0020, RMSE_MU_per_atom=0.00 mDebye, RMSE_MU_DERIV=0.00 mDebye / A, RMSE_ALPHA_per_atom=    0.11, RMSE_ALPHA_DERIV=    5.75
2025-07-13 03:24:55.157 INFO: Epoch 1275: head: Default, loss=0.0020, RMSE_MU_per_atom=0.00 mDebye, RMSE_MU_DERIV=0.00 mDebye / A, RMSE_ALPHA_per_atom=    0.11, RMSE_ALPHA_DERIV=    5.75
2025-07-13 03:25:16.994 INFO: Epoch 1276: head: Default, loss=0.0020, RMSE_MU_per_atom=0.00 mDebye, RMSE_MU_DERIV=0.00 mDebye / A, RMSE_ALPHA_per_atom=    0.11, RMSE_ALPHA_DERIV=    5.75
2025-07-13 03:25:38.845 INFO: Epoch 1277: head: Default, loss=0.0020, RMSE_MU_per_atom=0.00 mDebye, RMSE_MU_DERIV=0.00 mDebye / A, RMSE_ALPHA_per_atom=    0.11, RMSE_ALPHA_DERIV=    5.75
2025-07-13 03:26:00.693 INFO: Epoch 1278: head: Default, loss=0.0020, RMSE_MU_per_atom=0.00 mDebye, RMSE_MU_DERIV=0.00 mDebye / A, RMSE_ALPHA_per_atom=    0.11, RMSE_ALPHA_DERIV=    5.75
2025-07-13 03:26:22.537 INFO: Epoch 1279: head: Default, loss=0.0020, RMSE_MU_per_atom=0.00 mDebye, RMSE_MU_DERIV=0.00 mDebye / A, RMSE_ALPHA_per_atom=    0.11, RMSE_ALPHA_DERIV=    5.75
2025-07-13 03:26:44.381 INFO: Epoch 1280: head: Default, loss=0.0021, RMSE_MU_per_atom=0.00 mDebye, RMSE_MU_DERIV=0.00 mDebye / A, RMSE_ALPHA_per_atom=    0.11, RMSE_ALPHA_DERIV=    5.75
2025-07-13 03:27:06.220 INFO: Epoch 1281: head: Default, loss=0.0021, RMSE_MU_per_atom=0.00 mDebye, RMSE_MU_DERIV=0.00 mDebye / A, RMSE_ALPHA_per_atom=    0.11, RMSE_ALPHA_DERIV=    5.75
2025-07-13 03:27:28.054 INFO: Epoch 1282: head: Default, loss=0.0020, RMSE_MU_per_atom=0.00 mDebye, RMSE_MU_DERIV=0.00 mDebye / A, RMSE_ALPHA_per_atom=    0.11, RMSE_ALPHA_DERIV=    5.75
2025-07-13 03:27:49.900 INFO: Epoch 1283: head: Default, loss=0.0020, RMSE_MU_per_atom=0.00 mDebye, RMSE_MU_DERIV=0.00 mDebye / A, RMSE_ALPHA_per_atom=    0.11, RMSE_ALPHA_DERIV=    5.75
2025-07-13 03:28:11.729 INFO: Epoch 1284: head: Default, loss=0.0021, RMSE_MU_per_atom=0.00 mDebye, RMSE_MU_DERIV=0.00 mDebye / A, RMSE_ALPHA_per_atom=    0.11, RMSE_ALPHA_DERIV=    5.75
2025-07-13 03:28:33.575 INFO: Epoch 1285: head: Default, loss=0.0021, RMSE_MU_per_atom=0.00 mDebye, RMSE_MU_DERIV=0.00 mDebye / A, RMSE_ALPHA_per_atom=    0.11, RMSE_ALPHA_DERIV=    5.75
2025-07-13 03:28:55.419 INFO: Epoch 1286: head: Default, loss=0.0021, RMSE_MU_per_atom=0.00 mDebye, RMSE_MU_DERIV=0.00 mDebye / A, RMSE_ALPHA_per_atom=    0.11, RMSE_ALPHA_DERIV=    5.75
2025-07-13 03:29:17.271 INFO: Epoch 1287: head: Default, loss=0.0020, RMSE_MU_per_atom=0.00 mDebye, RMSE_MU_DERIV=0.00 mDebye / A, RMSE_ALPHA_per_atom=    0.11, RMSE_ALPHA_DERIV=    5.75
2025-07-13 03:29:39.125 INFO: Epoch 1288: head: Default, loss=0.0021, RMSE_MU_per_atom=0.00 mDebye, RMSE_MU_DERIV=0.00 mDebye / A, RMSE_ALPHA_per_atom=    0.11, RMSE_ALPHA_DERIV=    5.75
2025-07-13 03:30:00.973 INFO: Epoch 1289: head: Default, loss=0.0021, RMSE_MU_per_atom=0.00 mDebye, RMSE_MU_DERIV=0.00 mDebye / A, RMSE_ALPHA_per_atom=    0.11, RMSE_ALPHA_DERIV=    5.75
2025-07-13 03:30:22.814 INFO: Epoch 1290: head: Default, loss=0.0021, RMSE_MU_per_atom=0.00 mDebye, RMSE_MU_DERIV=0.00 mDebye / A, RMSE_ALPHA_per_atom=    0.11, RMSE_ALPHA_DERIV=    5.75
2025-07-13 03:30:44.649 INFO: Epoch 1291: head: Default, loss=0.0021, RMSE_MU_per_atom=0.00 mDebye, RMSE_MU_DERIV=0.00 mDebye / A, RMSE_ALPHA_per_atom=    0.11, RMSE_ALPHA_DERIV=    5.75
2025-07-13 03:31:06.501 INFO: Epoch 1292: head: Default, loss=0.0021, RMSE_MU_per_atom=0.00 mDebye, RMSE_MU_DERIV=0.00 mDebye / A, RMSE_ALPHA_per_atom=    0.11, RMSE_ALPHA_DERIV=    5.75
2025-07-13 03:31:28.358 INFO: Epoch 1293: head: Default, loss=0.0021, RMSE_MU_per_atom=0.00 mDebye, RMSE_MU_DERIV=0.00 mDebye / A, RMSE_ALPHA_per_atom=    0.11, RMSE_ALPHA_DERIV=    5.75
2025-07-13 03:31:50.197 INFO: Epoch 1294: head: Default, loss=0.0021, RMSE_MU_per_atom=0.00 mDebye, RMSE_MU_DERIV=0.00 mDebye / A, RMSE_ALPHA_per_atom=    0.11, RMSE_ALPHA_DERIV=    5.75
2025-07-13 03:32:12.033 INFO: Epoch 1295: head: Default, loss=0.0021, RMSE_MU_per_atom=0.00 mDebye, RMSE_MU_DERIV=0.00 mDebye / A, RMSE_ALPHA_per_atom=    0.11, RMSE_ALPHA_DERIV=    5.75
2025-07-13 03:32:33.879 INFO: Epoch 1296: head: Default, loss=0.0020, RMSE_MU_per_atom=0.00 mDebye, RMSE_MU_DERIV=0.00 mDebye / A, RMSE_ALPHA_per_atom=    0.11, RMSE_ALPHA_DERIV=    5.75
2025-07-13 03:32:55.733 INFO: Epoch 1297: head: Default, loss=0.0020, RMSE_MU_per_atom=0.00 mDebye, RMSE_MU_DERIV=0.00 mDebye / A, RMSE_ALPHA_per_atom=    0.11, RMSE_ALPHA_DERIV=    5.75
2025-07-13 03:33:17.570 INFO: Epoch 1298: head: Default, loss=0.0020, RMSE_MU_per_atom=0.00 mDebye, RMSE_MU_DERIV=0.00 mDebye / A, RMSE_ALPHA_per_atom=    0.11, RMSE_ALPHA_DERIV=    5.75
2025-07-13 03:33:39.414 INFO: Epoch 1299: head: Default, loss=0.0021, RMSE_MU_per_atom=0.00 mDebye, RMSE_MU_DERIV=0.00 mDebye / A, RMSE_ALPHA_per_atom=    0.11, RMSE_ALPHA_DERIV=    5.75
2025-07-13 03:34:01.251 INFO: Epoch 1300: head: Default, loss=0.0020, RMSE_MU_per_atom=0.00 mDebye, RMSE_MU_DERIV=0.00 mDebye / A, RMSE_ALPHA_per_atom=    0.11, RMSE_ALPHA_DERIV=    5.75
2025-07-13 03:34:23.097 INFO: Epoch 1301: head: Default, loss=0.0020, RMSE_MU_per_atom=0.00 mDebye, RMSE_MU_DERIV=0.00 mDebye / A, RMSE_ALPHA_per_atom=    0.11, RMSE_ALPHA_DERIV=    5.75
2025-07-13 03:34:44.939 INFO: Epoch 1302: head: Default, loss=0.0020, RMSE_MU_per_atom=0.00 mDebye, RMSE_MU_DERIV=0.00 mDebye / A, RMSE_ALPHA_per_atom=    0.11, RMSE_ALPHA_DERIV=    5.75
2025-07-13 03:35:06.783 INFO: Epoch 1303: head: Default, loss=0.0020, RMSE_MU_per_atom=0.00 mDebye, RMSE_MU_DERIV=0.00 mDebye / A, RMSE_ALPHA_per_atom=    0.11, RMSE_ALPHA_DERIV=    5.75
2025-07-13 03:35:28.621 INFO: Epoch 1304: head: Default, loss=0.0020, RMSE_MU_per_atom=0.00 mDebye, RMSE_MU_DERIV=0.00 mDebye / A, RMSE_ALPHA_per_atom=    0.11, RMSE_ALPHA_DERIV=    5.75
2025-07-13 03:35:50.465 INFO: Epoch 1305: head: Default, loss=0.0020, RMSE_MU_per_atom=0.00 mDebye, RMSE_MU_DERIV=0.00 mDebye / A, RMSE_ALPHA_per_atom=    0.11, RMSE_ALPHA_DERIV=    5.75
2025-07-13 03:36:12.306 INFO: Epoch 1306: head: Default, loss=0.0020, RMSE_MU_per_atom=0.00 mDebye, RMSE_MU_DERIV=0.00 mDebye / A, RMSE_ALPHA_per_atom=    0.11, RMSE_ALPHA_DERIV=    5.75
2025-07-13 03:36:34.160 INFO: Epoch 1307: head: Default, loss=0.0020, RMSE_MU_per_atom=0.00 mDebye, RMSE_MU_DERIV=0.00 mDebye / A, RMSE_ALPHA_per_atom=    0.11, RMSE_ALPHA_DERIV=    5.75
2025-07-13 03:36:56.003 INFO: Epoch 1308: head: Default, loss=0.0020, RMSE_MU_per_atom=0.00 mDebye, RMSE_MU_DERIV=0.00 mDebye / A, RMSE_ALPHA_per_atom=    0.11, RMSE_ALPHA_DERIV=    5.75
2025-07-13 03:37:17.847 INFO: Epoch 1309: head: Default, loss=0.0020, RMSE_MU_per_atom=0.00 mDebye, RMSE_MU_DERIV=0.00 mDebye / A, RMSE_ALPHA_per_atom=    0.11, RMSE_ALPHA_DERIV=    5.75
2025-07-13 03:37:39.688 INFO: Epoch 1310: head: Default, loss=0.0020, RMSE_MU_per_atom=0.00 mDebye, RMSE_MU_DERIV=0.00 mDebye / A, RMSE_ALPHA_per_atom=    0.11, RMSE_ALPHA_DERIV=    5.75
2025-07-13 03:38:01.528 INFO: Epoch 1311: head: Default, loss=0.0020, RMSE_MU_per_atom=0.00 mDebye, RMSE_MU_DERIV=0.00 mDebye / A, RMSE_ALPHA_per_atom=    0.11, RMSE_ALPHA_DERIV=    5.75
2025-07-13 03:38:23.373 INFO: Epoch 1312: head: Default, loss=0.0020, RMSE_MU_per_atom=0.00 mDebye, RMSE_MU_DERIV=0.00 mDebye / A, RMSE_ALPHA_per_atom=    0.11, RMSE_ALPHA_DERIV=    5.75
2025-07-13 03:38:45.216 INFO: Epoch 1313: head: Default, loss=0.0020, RMSE_MU_per_atom=0.00 mDebye, RMSE_MU_DERIV=0.00 mDebye / A, RMSE_ALPHA_per_atom=    0.11, RMSE_ALPHA_DERIV=    5.75
2025-07-13 03:39:07.058 INFO: Epoch 1314: head: Default, loss=0.0020, RMSE_MU_per_atom=0.00 mDebye, RMSE_MU_DERIV=0.00 mDebye / A, RMSE_ALPHA_per_atom=    0.11, RMSE_ALPHA_DERIV=    5.75
2025-07-13 03:39:28.904 INFO: Epoch 1315: head: Default, loss=0.0020, RMSE_MU_per_atom=0.00 mDebye, RMSE_MU_DERIV=0.00 mDebye / A, RMSE_ALPHA_per_atom=    0.11, RMSE_ALPHA_DERIV=    5.75
2025-07-13 03:39:50.745 INFO: Epoch 1316: head: Default, loss=0.0020, RMSE_MU_per_atom=0.00 mDebye, RMSE_MU_DERIV=0.00 mDebye / A, RMSE_ALPHA_per_atom=    0.11, RMSE_ALPHA_DERIV=    5.75
2025-07-13 03:40:12.590 INFO: Epoch 1317: head: Default, loss=0.0020, RMSE_MU_per_atom=0.00 mDebye, RMSE_MU_DERIV=0.00 mDebye / A, RMSE_ALPHA_per_atom=    0.11, RMSE_ALPHA_DERIV=    5.75
2025-07-13 03:40:34.433 INFO: Epoch 1318: head: Default, loss=0.0020, RMSE_MU_per_atom=0.00 mDebye, RMSE_MU_DERIV=0.00 mDebye / A, RMSE_ALPHA_per_atom=    0.11, RMSE_ALPHA_DERIV=    5.75
2025-07-13 03:40:56.274 INFO: Epoch 1319: head: Default, loss=0.0020, RMSE_MU_per_atom=0.00 mDebye, RMSE_MU_DERIV=0.00 mDebye / A, RMSE_ALPHA_per_atom=    0.11, RMSE_ALPHA_DERIV=    5.75
2025-07-13 03:41:18.117 INFO: Epoch 1320: head: Default, loss=0.0020, RMSE_MU_per_atom=0.00 mDebye, RMSE_MU_DERIV=0.00 mDebye / A, RMSE_ALPHA_per_atom=    0.11, RMSE_ALPHA_DERIV=    5.75
2025-07-13 03:41:39.951 INFO: Epoch 1321: head: Default, loss=0.0020, RMSE_MU_per_atom=0.00 mDebye, RMSE_MU_DERIV=0.00 mDebye / A, RMSE_ALPHA_per_atom=    0.11, RMSE_ALPHA_DERIV=    5.75
2025-07-13 03:42:01.788 INFO: Epoch 1322: head: Default, loss=0.0020, RMSE_MU_per_atom=0.00 mDebye, RMSE_MU_DERIV=0.00 mDebye / A, RMSE_ALPHA_per_atom=    0.11, RMSE_ALPHA_DERIV=    5.75
2025-07-13 03:42:23.626 INFO: Epoch 1323: head: Default, loss=0.0020, RMSE_MU_per_atom=0.00 mDebye, RMSE_MU_DERIV=0.00 mDebye / A, RMSE_ALPHA_per_atom=    0.11, RMSE_ALPHA_DERIV=    5.75
2025-07-13 03:42:45.460 INFO: Epoch 1324: head: Default, loss=0.0021, RMSE_MU_per_atom=0.00 mDebye, RMSE_MU_DERIV=0.00 mDebye / A, RMSE_ALPHA_per_atom=    0.11, RMSE_ALPHA_DERIV=    5.75
2025-07-13 03:43:07.301 INFO: Epoch 1325: head: Default, loss=0.0021, RMSE_MU_per_atom=0.00 mDebye, RMSE_MU_DERIV=0.00 mDebye / A, RMSE_ALPHA_per_atom=    0.11, RMSE_ALPHA_DERIV=    5.75
2025-07-13 03:43:29.157 INFO: Epoch 1326: head: Default, loss=0.0020, RMSE_MU_per_atom=0.00 mDebye, RMSE_MU_DERIV=0.00 mDebye / A, RMSE_ALPHA_per_atom=    0.11, RMSE_ALPHA_DERIV=    5.75
2025-07-13 03:43:50.992 INFO: Epoch 1327: head: Default, loss=0.0020, RMSE_MU_per_atom=0.00 mDebye, RMSE_MU_DERIV=0.00 mDebye / A, RMSE_ALPHA_per_atom=    0.11, RMSE_ALPHA_DERIV=    5.75
2025-07-13 03:44:12.833 INFO: Epoch 1328: head: Default, loss=0.0021, RMSE_MU_per_atom=0.00 mDebye, RMSE_MU_DERIV=0.00 mDebye / A, RMSE_ALPHA_per_atom=    0.11, RMSE_ALPHA_DERIV=    5.75
2025-07-13 03:44:34.686 INFO: Epoch 1329: head: Default, loss=0.0020, RMSE_MU_per_atom=0.00 mDebye, RMSE_MU_DERIV=0.00 mDebye / A, RMSE_ALPHA_per_atom=    0.11, RMSE_ALPHA_DERIV=    5.75
2025-07-13 03:44:56.540 INFO: Epoch 1330: head: Default, loss=0.0020, RMSE_MU_per_atom=0.00 mDebye, RMSE_MU_DERIV=0.00 mDebye / A, RMSE_ALPHA_per_atom=    0.11, RMSE_ALPHA_DERIV=    5.75
2025-07-13 03:45:18.385 INFO: Epoch 1331: head: Default, loss=0.0020, RMSE_MU_per_atom=0.00 mDebye, RMSE_MU_DERIV=0.00 mDebye / A, RMSE_ALPHA_per_atom=    0.11, RMSE_ALPHA_DERIV=    5.75
2025-07-13 03:45:40.230 INFO: Epoch 1332: head: Default, loss=0.0020, RMSE_MU_per_atom=0.00 mDebye, RMSE_MU_DERIV=0.00 mDebye / A, RMSE_ALPHA_per_atom=    0.11, RMSE_ALPHA_DERIV=    5.75
2025-07-13 03:46:02.093 INFO: Epoch 1333: head: Default, loss=0.0020, RMSE_MU_per_atom=0.00 mDebye, RMSE_MU_DERIV=0.00 mDebye / A, RMSE_ALPHA_per_atom=    0.11, RMSE_ALPHA_DERIV=    5.75
2025-07-13 03:46:23.948 INFO: Epoch 1334: head: Default, loss=0.0020, RMSE_MU_per_atom=0.00 mDebye, RMSE_MU_DERIV=0.00 mDebye / A, RMSE_ALPHA_per_atom=    0.11, RMSE_ALPHA_DERIV=    5.75
2025-07-13 03:46:45.789 INFO: Epoch 1335: head: Default, loss=0.0021, RMSE_MU_per_atom=0.00 mDebye, RMSE_MU_DERIV=0.00 mDebye / A, RMSE_ALPHA_per_atom=    0.11, RMSE_ALPHA_DERIV=    5.75
2025-07-13 03:47:07.636 INFO: Epoch 1336: head: Default, loss=0.0020, RMSE_MU_per_atom=0.00 mDebye, RMSE_MU_DERIV=0.00 mDebye / A, RMSE_ALPHA_per_atom=    0.11, RMSE_ALPHA_DERIV=    5.75
2025-07-13 03:47:29.482 INFO: Epoch 1337: head: Default, loss=0.0020, RMSE_MU_per_atom=0.00 mDebye, RMSE_MU_DERIV=0.00 mDebye / A, RMSE_ALPHA_per_atom=    0.11, RMSE_ALPHA_DERIV=    5.75
2025-07-13 03:47:51.327 INFO: Epoch 1338: head: Default, loss=0.0020, RMSE_MU_per_atom=0.00 mDebye, RMSE_MU_DERIV=0.00 mDebye / A, RMSE_ALPHA_per_atom=    0.11, RMSE_ALPHA_DERIV=    5.75
2025-07-13 03:48:13.167 INFO: Epoch 1339: head: Default, loss=0.0020, RMSE_MU_per_atom=0.00 mDebye, RMSE_MU_DERIV=0.00 mDebye / A, RMSE_ALPHA_per_atom=    0.11, RMSE_ALPHA_DERIV=    5.75
2025-07-13 03:48:35.010 INFO: Epoch 1340: head: Default, loss=0.0020, RMSE_MU_per_atom=0.00 mDebye, RMSE_MU_DERIV=0.00 mDebye / A, RMSE_ALPHA_per_atom=    0.11, RMSE_ALPHA_DERIV=    5.75
2025-07-13 03:48:56.850 INFO: Epoch 1341: head: Default, loss=0.0021, RMSE_MU_per_atom=0.00 mDebye, RMSE_MU_DERIV=0.00 mDebye / A, RMSE_ALPHA_per_atom=    0.11, RMSE_ALPHA_DERIV=    5.75
2025-07-13 03:49:18.692 INFO: Epoch 1342: head: Default, loss=0.0021, RMSE_MU_per_atom=0.00 mDebye, RMSE_MU_DERIV=0.00 mDebye / A, RMSE_ALPHA_per_atom=    0.11, RMSE_ALPHA_DERIV=    5.75
2025-07-13 03:49:40.532 INFO: Epoch 1343: head: Default, loss=0.0020, RMSE_MU_per_atom=0.00 mDebye, RMSE_MU_DERIV=0.00 mDebye / A, RMSE_ALPHA_per_atom=    0.11, RMSE_ALPHA_DERIV=    5.75
2025-07-13 03:50:02.368 INFO: Epoch 1344: head: Default, loss=0.0021, RMSE_MU_per_atom=0.00 mDebye, RMSE_MU_DERIV=0.00 mDebye / A, RMSE_ALPHA_per_atom=    0.11, RMSE_ALPHA_DERIV=    5.75
2025-07-13 03:50:24.224 INFO: Epoch 1345: head: Default, loss=0.0021, RMSE_MU_per_atom=0.00 mDebye, RMSE_MU_DERIV=0.00 mDebye / A, RMSE_ALPHA_per_atom=    0.11, RMSE_ALPHA_DERIV=    5.75
2025-07-13 03:50:46.074 INFO: Epoch 1346: head: Default, loss=0.0020, RMSE_MU_per_atom=0.00 mDebye, RMSE_MU_DERIV=0.00 mDebye / A, RMSE_ALPHA_per_atom=    0.11, RMSE_ALPHA_DERIV=    5.75
2025-07-13 03:51:07.932 INFO: Epoch 1347: head: Default, loss=0.0020, RMSE_MU_per_atom=0.00 mDebye, RMSE_MU_DERIV=0.00 mDebye / A, RMSE_ALPHA_per_atom=    0.11, RMSE_ALPHA_DERIV=    5.75
2025-07-13 03:51:29.782 INFO: Epoch 1348: head: Default, loss=0.0021, RMSE_MU_per_atom=0.00 mDebye, RMSE_MU_DERIV=0.00 mDebye / A, RMSE_ALPHA_per_atom=    0.11, RMSE_ALPHA_DERIV=    5.75
2025-07-13 03:51:51.627 INFO: Epoch 1349: head: Default, loss=0.0021, RMSE_MU_per_atom=0.00 mDebye, RMSE_MU_DERIV=0.00 mDebye / A, RMSE_ALPHA_per_atom=    0.11, RMSE_ALPHA_DERIV=    5.75
2025-07-13 03:52:13.488 INFO: Epoch 1350: head: Default, loss=0.0021, RMSE_MU_per_atom=0.00 mDebye, RMSE_MU_DERIV=0.00 mDebye / A, RMSE_ALPHA_per_atom=    0.11, RMSE_ALPHA_DERIV=    5.75
2025-07-13 03:52:35.346 INFO: Epoch 1351: head: Default, loss=0.0021, RMSE_MU_per_atom=0.00 mDebye, RMSE_MU_DERIV=0.00 mDebye / A, RMSE_ALPHA_per_atom=    0.11, RMSE_ALPHA_DERIV=    5.75
2025-07-13 03:52:57.211 INFO: Epoch 1352: head: Default, loss=0.0021, RMSE_MU_per_atom=0.00 mDebye, RMSE_MU_DERIV=0.00 mDebye / A, RMSE_ALPHA_per_atom=    0.11, RMSE_ALPHA_DERIV=    5.75
2025-07-13 03:53:19.101 INFO: Epoch 1353: head: Default, loss=0.0021, RMSE_MU_per_atom=0.00 mDebye, RMSE_MU_DERIV=0.00 mDebye / A, RMSE_ALPHA_per_atom=    0.11, RMSE_ALPHA_DERIV=    5.75
2025-07-13 03:53:40.977 INFO: Epoch 1354: head: Default, loss=0.0021, RMSE_MU_per_atom=0.00 mDebye, RMSE_MU_DERIV=0.00 mDebye / A, RMSE_ALPHA_per_atom=    0.11, RMSE_ALPHA_DERIV=    5.75
2025-07-13 03:54:02.831 INFO: Epoch 1355: head: Default, loss=0.0021, RMSE_MU_per_atom=0.00 mDebye, RMSE_MU_DERIV=0.00 mDebye / A, RMSE_ALPHA_per_atom=    0.11, RMSE_ALPHA_DERIV=    5.75
2025-07-13 03:54:24.677 INFO: Epoch 1356: head: Default, loss=0.0021, RMSE_MU_per_atom=0.00 mDebye, RMSE_MU_DERIV=0.00 mDebye / A, RMSE_ALPHA_per_atom=    0.11, RMSE_ALPHA_DERIV=    5.75
2025-07-13 03:54:46.534 INFO: Epoch 1357: head: Default, loss=0.0021, RMSE_MU_per_atom=0.00 mDebye, RMSE_MU_DERIV=0.00 mDebye / A, RMSE_ALPHA_per_atom=    0.11, RMSE_ALPHA_DERIV=    5.75
2025-07-13 03:55:08.381 INFO: Epoch 1358: head: Default, loss=0.0021, RMSE_MU_per_atom=0.00 mDebye, RMSE_MU_DERIV=0.00 mDebye / A, RMSE_ALPHA_per_atom=    0.11, RMSE_ALPHA_DERIV=    5.75
2025-07-13 03:55:30.229 INFO: Epoch 1359: head: Default, loss=0.0021, RMSE_MU_per_atom=0.00 mDebye, RMSE_MU_DERIV=0.00 mDebye / A, RMSE_ALPHA_per_atom=    0.11, RMSE_ALPHA_DERIV=    5.75
2025-07-13 03:55:52.075 INFO: Epoch 1360: head: Default, loss=0.0021, RMSE_MU_per_atom=0.00 mDebye, RMSE_MU_DERIV=0.00 mDebye / A, RMSE_ALPHA_per_atom=    0.11, RMSE_ALPHA_DERIV=    5.75
2025-07-13 03:56:13.917 INFO: Epoch 1361: head: Default, loss=0.0021, RMSE_MU_per_atom=0.00 mDebye, RMSE_MU_DERIV=0.00 mDebye / A, RMSE_ALPHA_per_atom=    0.11, RMSE_ALPHA_DERIV=    5.75
2025-07-13 03:56:35.752 INFO: Epoch 1362: head: Default, loss=0.0021, RMSE_MU_per_atom=0.00 mDebye, RMSE_MU_DERIV=0.00 mDebye / A, RMSE_ALPHA_per_atom=    0.11, RMSE_ALPHA_DERIV=    5.75
2025-07-13 03:56:57.594 INFO: Epoch 1363: head: Default, loss=0.0020, RMSE_MU_per_atom=0.00 mDebye, RMSE_MU_DERIV=0.00 mDebye / A, RMSE_ALPHA_per_atom=    0.11, RMSE_ALPHA_DERIV=    5.75
2025-07-13 03:57:19.440 INFO: Epoch 1364: head: Default, loss=0.0020, RMSE_MU_per_atom=0.00 mDebye, RMSE_MU_DERIV=0.00 mDebye / A, RMSE_ALPHA_per_atom=    0.11, RMSE_ALPHA_DERIV=    5.75
2025-07-13 03:57:41.287 INFO: Epoch 1365: head: Default, loss=0.0021, RMSE_MU_per_atom=0.00 mDebye, RMSE_MU_DERIV=0.00 mDebye / A, RMSE_ALPHA_per_atom=    0.11, RMSE_ALPHA_DERIV=    5.75
2025-07-13 03:58:03.132 INFO: Epoch 1366: head: Default, loss=0.0021, RMSE_MU_per_atom=0.00 mDebye, RMSE_MU_DERIV=0.00 mDebye / A, RMSE_ALPHA_per_atom=    0.11, RMSE_ALPHA_DERIV=    5.75
2025-07-13 03:58:24.984 INFO: Epoch 1367: head: Default, loss=0.0021, RMSE_MU_per_atom=0.00 mDebye, RMSE_MU_DERIV=0.00 mDebye / A, RMSE_ALPHA_per_atom=    0.11, RMSE_ALPHA_DERIV=    5.75
2025-07-13 03:58:46.825 INFO: Epoch 1368: head: Default, loss=0.0021, RMSE_MU_per_atom=0.00 mDebye, RMSE_MU_DERIV=0.00 mDebye / A, RMSE_ALPHA_per_atom=    0.11, RMSE_ALPHA_DERIV=    5.75
2025-07-13 03:59:08.666 INFO: Epoch 1369: head: Default, loss=0.0021, RMSE_MU_per_atom=0.00 mDebye, RMSE_MU_DERIV=0.00 mDebye / A, RMSE_ALPHA_per_atom=    0.11, RMSE_ALPHA_DERIV=    5.75
2025-07-13 03:59:30.511 INFO: Epoch 1370: head: Default, loss=0.0020, RMSE_MU_per_atom=0.00 mDebye, RMSE_MU_DERIV=0.00 mDebye / A, RMSE_ALPHA_per_atom=    0.11, RMSE_ALPHA_DERIV=    5.75
2025-07-13 03:59:52.356 INFO: Epoch 1371: head: Default, loss=0.0020, RMSE_MU_per_atom=0.00 mDebye, RMSE_MU_DERIV=0.00 mDebye / A, RMSE_ALPHA_per_atom=    0.11, RMSE_ALPHA_DERIV=    5.75
2025-07-13 04:00:14.192 INFO: Epoch 1372: head: Default, loss=0.0020, RMSE_MU_per_atom=0.00 mDebye, RMSE_MU_DERIV=0.00 mDebye / A, RMSE_ALPHA_per_atom=    0.11, RMSE_ALPHA_DERIV=    5.75
2025-07-13 04:00:36.039 INFO: Epoch 1373: head: Default, loss=0.0020, RMSE_MU_per_atom=0.00 mDebye, RMSE_MU_DERIV=0.00 mDebye / A, RMSE_ALPHA_per_atom=    0.11, RMSE_ALPHA_DERIV=    5.75
2025-07-13 04:00:57.892 INFO: Epoch 1374: head: Default, loss=0.0021, RMSE_MU_per_atom=0.00 mDebye, RMSE_MU_DERIV=0.00 mDebye / A, RMSE_ALPHA_per_atom=    0.11, RMSE_ALPHA_DERIV=    5.75
2025-07-13 04:01:19.734 INFO: Epoch 1375: head: Default, loss=0.0021, RMSE_MU_per_atom=0.00 mDebye, RMSE_MU_DERIV=0.00 mDebye / A, RMSE_ALPHA_per_atom=    0.11, RMSE_ALPHA_DERIV=    5.75
2025-07-13 04:01:41.588 INFO: Epoch 1376: head: Default, loss=0.0020, RMSE_MU_per_atom=0.00 mDebye, RMSE_MU_DERIV=0.00 mDebye / A, RMSE_ALPHA_per_atom=    0.11, RMSE_ALPHA_DERIV=    5.75
2025-07-13 04:02:03.429 INFO: Epoch 1377: head: Default, loss=0.0020, RMSE_MU_per_atom=0.00 mDebye, RMSE_MU_DERIV=0.00 mDebye / A, RMSE_ALPHA_per_atom=    0.11, RMSE_ALPHA_DERIV=    5.75
2025-07-13 04:02:25.278 INFO: Epoch 1378: head: Default, loss=0.0021, RMSE_MU_per_atom=0.00 mDebye, RMSE_MU_DERIV=0.00 mDebye / A, RMSE_ALPHA_per_atom=    0.11, RMSE_ALPHA_DERIV=    5.75
2025-07-13 04:02:47.121 INFO: Epoch 1379: head: Default, loss=0.0021, RMSE_MU_per_atom=0.00 mDebye, RMSE_MU_DERIV=0.00 mDebye / A, RMSE_ALPHA_per_atom=    0.11, RMSE_ALPHA_DERIV=    5.75
2025-07-13 04:03:08.971 INFO: Epoch 1380: head: Default, loss=0.0021, RMSE_MU_per_atom=0.00 mDebye, RMSE_MU_DERIV=0.00 mDebye / A, RMSE_ALPHA_per_atom=    0.11, RMSE_ALPHA_DERIV=    5.75
2025-07-13 04:03:30.811 INFO: Epoch 1381: head: Default, loss=0.0021, RMSE_MU_per_atom=0.00 mDebye, RMSE_MU_DERIV=0.00 mDebye / A, RMSE_ALPHA_per_atom=    0.11, RMSE_ALPHA_DERIV=    5.75
2025-07-13 04:03:52.659 INFO: Epoch 1382: head: Default, loss=0.0021, RMSE_MU_per_atom=0.00 mDebye, RMSE_MU_DERIV=0.00 mDebye / A, RMSE_ALPHA_per_atom=    0.11, RMSE_ALPHA_DERIV=    5.75
2025-07-13 04:04:14.498 INFO: Epoch 1383: head: Default, loss=0.0020, RMSE_MU_per_atom=0.00 mDebye, RMSE_MU_DERIV=0.00 mDebye / A, RMSE_ALPHA_per_atom=    0.11, RMSE_ALPHA_DERIV=    5.75
2025-07-13 04:04:36.344 INFO: Epoch 1384: head: Default, loss=0.0020, RMSE_MU_per_atom=0.00 mDebye, RMSE_MU_DERIV=0.00 mDebye / A, RMSE_ALPHA_per_atom=    0.11, RMSE_ALPHA_DERIV=    5.75
2025-07-13 04:04:58.189 INFO: Epoch 1385: head: Default, loss=0.0021, RMSE_MU_per_atom=0.00 mDebye, RMSE_MU_DERIV=0.00 mDebye / A, RMSE_ALPHA_per_atom=    0.11, RMSE_ALPHA_DERIV=    5.75
2025-07-13 04:05:20.034 INFO: Epoch 1386: head: Default, loss=0.0021, RMSE_MU_per_atom=0.00 mDebye, RMSE_MU_DERIV=0.00 mDebye / A, RMSE_ALPHA_per_atom=    0.11, RMSE_ALPHA_DERIV=    5.75
2025-07-13 04:05:41.874 INFO: Epoch 1387: head: Default, loss=0.0020, RMSE_MU_per_atom=0.00 mDebye, RMSE_MU_DERIV=0.00 mDebye / A, RMSE_ALPHA_per_atom=    0.11, RMSE_ALPHA_DERIV=    5.75
2025-07-13 04:06:03.729 INFO: Epoch 1388: head: Default, loss=0.0020, RMSE_MU_per_atom=0.00 mDebye, RMSE_MU_DERIV=0.00 mDebye / A, RMSE_ALPHA_per_atom=    0.11, RMSE_ALPHA_DERIV=    5.75
2025-07-13 04:06:25.569 INFO: Epoch 1389: head: Default, loss=0.0021, RMSE_MU_per_atom=0.00 mDebye, RMSE_MU_DERIV=0.00 mDebye / A, RMSE_ALPHA_per_atom=    0.11, RMSE_ALPHA_DERIV=    5.75
2025-07-13 04:06:47.419 INFO: Epoch 1390: head: Default, loss=0.0020, RMSE_MU_per_atom=0.00 mDebye, RMSE_MU_DERIV=0.00 mDebye / A, RMSE_ALPHA_per_atom=    0.11, RMSE_ALPHA_DERIV=    5.75
2025-07-13 04:07:09.271 INFO: Epoch 1391: head: Default, loss=0.0020, RMSE_MU_per_atom=0.00 mDebye, RMSE_MU_DERIV=0.00 mDebye / A, RMSE_ALPHA_per_atom=    0.11, RMSE_ALPHA_DERIV=    5.75
2025-07-13 04:07:31.112 INFO: Epoch 1392: head: Default, loss=0.0021, RMSE_MU_per_atom=0.00 mDebye, RMSE_MU_DERIV=0.00 mDebye / A, RMSE_ALPHA_per_atom=    0.11, RMSE_ALPHA_DERIV=    5.75
2025-07-13 04:07:52.960 INFO: Epoch 1393: head: Default, loss=0.0020, RMSE_MU_per_atom=0.00 mDebye, RMSE_MU_DERIV=0.00 mDebye / A, RMSE_ALPHA_per_atom=    0.11, RMSE_ALPHA_DERIV=    5.75
2025-07-13 04:08:14.805 INFO: Epoch 1394: head: Default, loss=0.0020, RMSE_MU_per_atom=0.00 mDebye, RMSE_MU_DERIV=0.00 mDebye / A, RMSE_ALPHA_per_atom=    0.11, RMSE_ALPHA_DERIV=    5.75
2025-07-13 04:08:36.662 INFO: Epoch 1395: head: Default, loss=0.0020, RMSE_MU_per_atom=0.00 mDebye, RMSE_MU_DERIV=0.00 mDebye / A, RMSE_ALPHA_per_atom=    0.11, RMSE_ALPHA_DERIV=    5.75
2025-07-13 04:08:58.517 INFO: Epoch 1396: head: Default, loss=0.0020, RMSE_MU_per_atom=0.00 mDebye, RMSE_MU_DERIV=0.00 mDebye / A, RMSE_ALPHA_per_atom=    0.11, RMSE_ALPHA_DERIV=    5.75
2025-07-13 04:09:20.362 INFO: Epoch 1397: head: Default, loss=0.0020, RMSE_MU_per_atom=0.00 mDebye, RMSE_MU_DERIV=0.00 mDebye / A, RMSE_ALPHA_per_atom=    0.11, RMSE_ALPHA_DERIV=    5.75
2025-07-13 04:09:42.214 INFO: Epoch 1398: head: Default, loss=0.0020, RMSE_MU_per_atom=0.00 mDebye, RMSE_MU_DERIV=0.00 mDebye / A, RMSE_ALPHA_per_atom=    0.11, RMSE_ALPHA_DERIV=    5.75
2025-07-13 04:10:04.089 INFO: Epoch 1399: head: Default, loss=0.0020, RMSE_MU_per_atom=0.00 mDebye, RMSE_MU_DERIV=0.00 mDebye / A, RMSE_ALPHA_per_atom=    0.11, RMSE_ALPHA_DERIV=    5.75
2025-07-13 04:10:25.941 INFO: Epoch 1400: head: Default, loss=0.0020, RMSE_MU_per_atom=0.00 mDebye, RMSE_MU_DERIV=0.00 mDebye / A, RMSE_ALPHA_per_atom=    0.11, RMSE_ALPHA_DERIV=    5.75
2025-07-13 04:10:47.798 INFO: Epoch 1401: head: Default, loss=0.0020, RMSE_MU_per_atom=0.00 mDebye, RMSE_MU_DERIV=0.00 mDebye / A, RMSE_ALPHA_per_atom=    0.11, RMSE_ALPHA_DERIV=    5.75
2025-07-13 04:11:09.633 INFO: Epoch 1402: head: Default, loss=0.0020, RMSE_MU_per_atom=0.00 mDebye, RMSE_MU_DERIV=0.00 mDebye / A, RMSE_ALPHA_per_atom=    0.11, RMSE_ALPHA_DERIV=    5.75
2025-07-13 04:11:31.487 INFO: Epoch 1403: head: Default, loss=0.0020, RMSE_MU_per_atom=0.00 mDebye, RMSE_MU_DERIV=0.00 mDebye / A, RMSE_ALPHA_per_atom=    0.11, RMSE_ALPHA_DERIV=    5.75
2025-07-13 04:11:53.335 INFO: Epoch 1404: head: Default, loss=0.0021, RMSE_MU_per_atom=0.00 mDebye, RMSE_MU_DERIV=0.00 mDebye / A, RMSE_ALPHA_per_atom=    0.11, RMSE_ALPHA_DERIV=    5.75
2025-07-13 04:12:15.188 INFO: Epoch 1405: head: Default, loss=0.0021, RMSE_MU_per_atom=0.00 mDebye, RMSE_MU_DERIV=0.00 mDebye / A, RMSE_ALPHA_per_atom=    0.11, RMSE_ALPHA_DERIV=    5.75
2025-07-13 04:12:37.048 INFO: Epoch 1406: head: Default, loss=0.0021, RMSE_MU_per_atom=0.00 mDebye, RMSE_MU_DERIV=0.00 mDebye / A, RMSE_ALPHA_per_atom=    0.11, RMSE_ALPHA_DERIV=    5.75
2025-07-13 04:12:58.903 INFO: Epoch 1407: head: Default, loss=0.0020, RMSE_MU_per_atom=0.00 mDebye, RMSE_MU_DERIV=0.00 mDebye / A, RMSE_ALPHA_per_atom=    0.11, RMSE_ALPHA_DERIV=    5.75
2025-07-13 04:13:20.739 INFO: Epoch 1408: head: Default, loss=0.0020, RMSE_MU_per_atom=0.00 mDebye, RMSE_MU_DERIV=0.00 mDebye / A, RMSE_ALPHA_per_atom=    0.11, RMSE_ALPHA_DERIV=    5.75
2025-07-13 04:13:42.577 INFO: Epoch 1409: head: Default, loss=0.0020, RMSE_MU_per_atom=0.00 mDebye, RMSE_MU_DERIV=0.00 mDebye / A, RMSE_ALPHA_per_atom=    0.11, RMSE_ALPHA_DERIV=    5.75
2025-07-13 04:14:04.424 INFO: Epoch 1410: head: Default, loss=0.0020, RMSE_MU_per_atom=0.00 mDebye, RMSE_MU_DERIV=0.00 mDebye / A, RMSE_ALPHA_per_atom=    0.11, RMSE_ALPHA_DERIV=    5.75
2025-07-13 04:14:26.280 INFO: Epoch 1411: head: Default, loss=0.0020, RMSE_MU_per_atom=0.00 mDebye, RMSE_MU_DERIV=0.00 mDebye / A, RMSE_ALPHA_per_atom=    0.11, RMSE_ALPHA_DERIV=    5.75
2025-07-13 04:14:48.141 INFO: Epoch 1412: head: Default, loss=0.0020, RMSE_MU_per_atom=0.00 mDebye, RMSE_MU_DERIV=0.00 mDebye / A, RMSE_ALPHA_per_atom=    0.11, RMSE_ALPHA_DERIV=    5.75
2025-07-13 04:15:10.006 INFO: Epoch 1413: head: Default, loss=0.0020, RMSE_MU_per_atom=0.00 mDebye, RMSE_MU_DERIV=0.00 mDebye / A, RMSE_ALPHA_per_atom=    0.11, RMSE_ALPHA_DERIV=    5.75
2025-07-13 04:15:31.880 INFO: Epoch 1414: head: Default, loss=0.0021, RMSE_MU_per_atom=0.00 mDebye, RMSE_MU_DERIV=0.00 mDebye / A, RMSE_ALPHA_per_atom=    0.11, RMSE_ALPHA_DERIV=    5.75
2025-07-13 04:15:53.743 INFO: Epoch 1415: head: Default, loss=0.0020, RMSE_MU_per_atom=0.00 mDebye, RMSE_MU_DERIV=0.00 mDebye / A, RMSE_ALPHA_per_atom=    0.11, RMSE_ALPHA_DERIV=    5.75
2025-07-13 04:16:15.593 INFO: Epoch 1416: head: Default, loss=0.0021, RMSE_MU_per_atom=0.00 mDebye, RMSE_MU_DERIV=0.00 mDebye / A, RMSE_ALPHA_per_atom=    0.11, RMSE_ALPHA_DERIV=    5.75
2025-07-13 04:16:37.472 INFO: Epoch 1417: head: Default, loss=0.0021, RMSE_MU_per_atom=0.00 mDebye, RMSE_MU_DERIV=0.00 mDebye / A, RMSE_ALPHA_per_atom=    0.11, RMSE_ALPHA_DERIV=    5.75
2025-07-13 04:16:59.331 INFO: Epoch 1418: head: Default, loss=0.0021, RMSE_MU_per_atom=0.00 mDebye, RMSE_MU_DERIV=0.00 mDebye / A, RMSE_ALPHA_per_atom=    0.11, RMSE_ALPHA_DERIV=    5.75
2025-07-13 04:17:21.175 INFO: Epoch 1419: head: Default, loss=0.0021, RMSE_MU_per_atom=0.00 mDebye, RMSE_MU_DERIV=0.00 mDebye / A, RMSE_ALPHA_per_atom=    0.11, RMSE_ALPHA_DERIV=    5.75
2025-07-13 04:17:43.040 INFO: Epoch 1420: head: Default, loss=0.0021, RMSE_MU_per_atom=0.00 mDebye, RMSE_MU_DERIV=0.00 mDebye / A, RMSE_ALPHA_per_atom=    0.11, RMSE_ALPHA_DERIV=    5.75
2025-07-13 04:18:04.888 INFO: Epoch 1421: head: Default, loss=0.0021, RMSE_MU_per_atom=0.00 mDebye, RMSE_MU_DERIV=0.00 mDebye / A, RMSE_ALPHA_per_atom=    0.11, RMSE_ALPHA_DERIV=    5.75
2025-07-13 04:18:26.752 INFO: Epoch 1422: head: Default, loss=0.0021, RMSE_MU_per_atom=0.00 mDebye, RMSE_MU_DERIV=0.00 mDebye / A, RMSE_ALPHA_per_atom=    0.11, RMSE_ALPHA_DERIV=    5.75
2025-07-13 04:18:48.633 INFO: Epoch 1423: head: Default, loss=0.0021, RMSE_MU_per_atom=0.00 mDebye, RMSE_MU_DERIV=0.00 mDebye / A, RMSE_ALPHA_per_atom=    0.11, RMSE_ALPHA_DERIV=    5.75
2025-07-13 04:19:10.488 INFO: Epoch 1424: head: Default, loss=0.0021, RMSE_MU_per_atom=0.00 mDebye, RMSE_MU_DERIV=0.00 mDebye / A, RMSE_ALPHA_per_atom=    0.11, RMSE_ALPHA_DERIV=    5.75
2025-07-13 04:19:32.341 INFO: Epoch 1425: head: Default, loss=0.0021, RMSE_MU_per_atom=0.00 mDebye, RMSE_MU_DERIV=0.00 mDebye / A, RMSE_ALPHA_per_atom=    0.11, RMSE_ALPHA_DERIV=    5.75
2025-07-13 04:19:54.195 INFO: Epoch 1426: head: Default, loss=0.0020, RMSE_MU_per_atom=0.00 mDebye, RMSE_MU_DERIV=0.00 mDebye / A, RMSE_ALPHA_per_atom=    0.11, RMSE_ALPHA_DERIV=    5.75
2025-07-13 04:20:16.043 INFO: Epoch 1427: head: Default, loss=0.0020, RMSE_MU_per_atom=0.00 mDebye, RMSE_MU_DERIV=0.00 mDebye / A, RMSE_ALPHA_per_atom=    0.11, RMSE_ALPHA_DERIV=    5.75
2025-07-13 04:20:37.887 INFO: Epoch 1428: head: Default, loss=0.0020, RMSE_MU_per_atom=0.00 mDebye, RMSE_MU_DERIV=0.00 mDebye / A, RMSE_ALPHA_per_atom=    0.11, RMSE_ALPHA_DERIV=    5.75
2025-07-13 04:20:59.734 INFO: Epoch 1429: head: Default, loss=0.0020, RMSE_MU_per_atom=0.00 mDebye, RMSE_MU_DERIV=0.00 mDebye / A, RMSE_ALPHA_per_atom=    0.11, RMSE_ALPHA_DERIV=    5.75
2025-07-13 04:21:21.584 INFO: Epoch 1430: head: Default, loss=0.0021, RMSE_MU_per_atom=0.00 mDebye, RMSE_MU_DERIV=0.00 mDebye / A, RMSE_ALPHA_per_atom=    0.11, RMSE_ALPHA_DERIV=    5.75
2025-07-13 04:21:43.423 INFO: Epoch 1431: head: Default, loss=0.0021, RMSE_MU_per_atom=0.00 mDebye, RMSE_MU_DERIV=0.00 mDebye / A, RMSE_ALPHA_per_atom=    0.11, RMSE_ALPHA_DERIV=    5.75
2025-07-13 04:22:05.287 INFO: Epoch 1432: head: Default, loss=0.0021, RMSE_MU_per_atom=0.00 mDebye, RMSE_MU_DERIV=0.00 mDebye / A, RMSE_ALPHA_per_atom=    0.11, RMSE_ALPHA_DERIV=    5.75
2025-07-13 04:22:27.150 INFO: Epoch 1433: head: Default, loss=0.0020, RMSE_MU_per_atom=0.00 mDebye, RMSE_MU_DERIV=0.00 mDebye / A, RMSE_ALPHA_per_atom=    0.11, RMSE_ALPHA_DERIV=    5.75
2025-07-13 04:22:48.994 INFO: Epoch 1434: head: Default, loss=0.0021, RMSE_MU_per_atom=0.00 mDebye, RMSE_MU_DERIV=0.00 mDebye / A, RMSE_ALPHA_per_atom=    0.11, RMSE_ALPHA_DERIV=    5.75
2025-07-13 04:23:10.854 INFO: Epoch 1435: head: Default, loss=0.0021, RMSE_MU_per_atom=0.00 mDebye, RMSE_MU_DERIV=0.00 mDebye / A, RMSE_ALPHA_per_atom=    0.11, RMSE_ALPHA_DERIV=    5.75
2025-07-13 04:23:32.738 INFO: Epoch 1436: head: Default, loss=0.0021, RMSE_MU_per_atom=0.00 mDebye, RMSE_MU_DERIV=0.00 mDebye / A, RMSE_ALPHA_per_atom=    0.11, RMSE_ALPHA_DERIV=    5.75
2025-07-13 04:23:54.593 INFO: Epoch 1437: head: Default, loss=0.0021, RMSE_MU_per_atom=0.00 mDebye, RMSE_MU_DERIV=0.00 mDebye / A, RMSE_ALPHA_per_atom=    0.11, RMSE_ALPHA_DERIV=    5.75
2025-07-13 04:24:16.461 INFO: Epoch 1438: head: Default, loss=0.0021, RMSE_MU_per_atom=0.00 mDebye, RMSE_MU_DERIV=0.00 mDebye / A, RMSE_ALPHA_per_atom=    0.11, RMSE_ALPHA_DERIV=    5.75
2025-07-13 04:24:38.341 INFO: Epoch 1439: head: Default, loss=0.0021, RMSE_MU_per_atom=0.00 mDebye, RMSE_MU_DERIV=0.00 mDebye / A, RMSE_ALPHA_per_atom=    0.11, RMSE_ALPHA_DERIV=    5.75
2025-07-13 04:25:00.192 INFO: Epoch 1440: head: Default, loss=0.0021, RMSE_MU_per_atom=0.00 mDebye, RMSE_MU_DERIV=0.00 mDebye / A, RMSE_ALPHA_per_atom=    0.11, RMSE_ALPHA_DERIV=    5.75
2025-07-13 04:25:22.040 INFO: Epoch 1441: head: Default, loss=0.0021, RMSE_MU_per_atom=0.00 mDebye, RMSE_MU_DERIV=0.00 mDebye / A, RMSE_ALPHA_per_atom=    0.11, RMSE_ALPHA_DERIV=    5.75
2025-07-13 04:25:43.887 INFO: Epoch 1442: head: Default, loss=0.0021, RMSE_MU_per_atom=0.00 mDebye, RMSE_MU_DERIV=0.00 mDebye / A, RMSE_ALPHA_per_atom=    0.11, RMSE_ALPHA_DERIV=    5.75
2025-07-13 04:26:05.728 INFO: Epoch 1443: head: Default, loss=0.0021, RMSE_MU_per_atom=0.00 mDebye, RMSE_MU_DERIV=0.00 mDebye / A, RMSE_ALPHA_per_atom=    0.11, RMSE_ALPHA_DERIV=    5.75
2025-07-13 04:26:27.568 INFO: Epoch 1444: head: Default, loss=0.0021, RMSE_MU_per_atom=0.00 mDebye, RMSE_MU_DERIV=0.00 mDebye / A, RMSE_ALPHA_per_atom=    0.11, RMSE_ALPHA_DERIV=    5.75
2025-07-13 04:26:49.419 INFO: Epoch 1445: head: Default, loss=0.0021, RMSE_MU_per_atom=0.00 mDebye, RMSE_MU_DERIV=0.00 mDebye / A, RMSE_ALPHA_per_atom=    0.11, RMSE_ALPHA_DERIV=    5.75
2025-07-13 04:27:11.274 INFO: Epoch 1446: head: Default, loss=0.0021, RMSE_MU_per_atom=0.00 mDebye, RMSE_MU_DERIV=0.00 mDebye / A, RMSE_ALPHA_per_atom=    0.11, RMSE_ALPHA_DERIV=    5.75
2025-07-13 04:27:33.127 INFO: Epoch 1447: head: Default, loss=0.0021, RMSE_MU_per_atom=0.00 mDebye, RMSE_MU_DERIV=0.00 mDebye / A, RMSE_ALPHA_per_atom=    0.11, RMSE_ALPHA_DERIV=    5.75
2025-07-13 04:27:54.981 INFO: Epoch 1448: head: Default, loss=0.0021, RMSE_MU_per_atom=0.00 mDebye, RMSE_MU_DERIV=0.00 mDebye / A, RMSE_ALPHA_per_atom=    0.11, RMSE_ALPHA_DERIV=    5.75
2025-07-13 04:28:16.826 INFO: Epoch 1449: head: Default, loss=0.0021, RMSE_MU_per_atom=0.00 mDebye, RMSE_MU_DERIV=0.00 mDebye / A, RMSE_ALPHA_per_atom=    0.11, RMSE_ALPHA_DERIV=    5.75
2025-07-13 04:28:38.716 INFO: Epoch 1450: head: Default, loss=0.0021, RMSE_MU_per_atom=0.00 mDebye, RMSE_MU_DERIV=0.00 mDebye / A, RMSE_ALPHA_per_atom=    0.11, RMSE_ALPHA_DERIV=    5.75
2025-07-13 04:29:00.600 INFO: Epoch 1451: head: Default, loss=0.0021, RMSE_MU_per_atom=0.00 mDebye, RMSE_MU_DERIV=0.00 mDebye / A, RMSE_ALPHA_per_atom=    0.11, RMSE_ALPHA_DERIV=    5.75
2025-07-13 04:29:22.466 INFO: Epoch 1452: head: Default, loss=0.0021, RMSE_MU_per_atom=0.00 mDebye, RMSE_MU_DERIV=0.00 mDebye / A, RMSE_ALPHA_per_atom=    0.11, RMSE_ALPHA_DERIV=    5.75
2025-07-13 04:29:44.328 INFO: Epoch 1453: head: Default, loss=0.0021, RMSE_MU_per_atom=0.00 mDebye, RMSE_MU_DERIV=0.00 mDebye / A, RMSE_ALPHA_per_atom=    0.11, RMSE_ALPHA_DERIV=    5.75
2025-07-13 04:30:06.176 INFO: Epoch 1454: head: Default, loss=0.0021, RMSE_MU_per_atom=0.00 mDebye, RMSE_MU_DERIV=0.00 mDebye / A, RMSE_ALPHA_per_atom=    0.11, RMSE_ALPHA_DERIV=    5.75
2025-07-13 04:30:28.030 INFO: Epoch 1455: head: Default, loss=0.0021, RMSE_MU_per_atom=0.00 mDebye, RMSE_MU_DERIV=0.00 mDebye / A, RMSE_ALPHA_per_atom=    0.11, RMSE_ALPHA_DERIV=    5.75
2025-07-13 04:30:49.872 INFO: Epoch 1456: head: Default, loss=0.0020, RMSE_MU_per_atom=0.00 mDebye, RMSE_MU_DERIV=0.00 mDebye / A, RMSE_ALPHA_per_atom=    0.11, RMSE_ALPHA_DERIV=    5.75
2025-07-13 04:31:11.706 INFO: Epoch 1457: head: Default, loss=0.0020, RMSE_MU_per_atom=0.00 mDebye, RMSE_MU_DERIV=0.00 mDebye / A, RMSE_ALPHA_per_atom=    0.11, RMSE_ALPHA_DERIV=    5.75
2025-07-13 04:31:33.549 INFO: Epoch 1458: head: Default, loss=0.0020, RMSE_MU_per_atom=0.00 mDebye, RMSE_MU_DERIV=0.00 mDebye / A, RMSE_ALPHA_per_atom=    0.11, RMSE_ALPHA_DERIV=    5.75
2025-07-13 04:31:55.393 INFO: Epoch 1459: head: Default, loss=0.0020, RMSE_MU_per_atom=0.00 mDebye, RMSE_MU_DERIV=0.00 mDebye / A, RMSE_ALPHA_per_atom=    0.11, RMSE_ALPHA_DERIV=    5.75
2025-07-13 04:32:17.267 INFO: Epoch 1460: head: Default, loss=0.0021, RMSE_MU_per_atom=0.00 mDebye, RMSE_MU_DERIV=0.00 mDebye / A, RMSE_ALPHA_per_atom=    0.11, RMSE_ALPHA_DERIV=    5.75
2025-07-13 04:32:39.121 INFO: Epoch 1461: head: Default, loss=0.0021, RMSE_MU_per_atom=0.00 mDebye, RMSE_MU_DERIV=0.00 mDebye / A, RMSE_ALPHA_per_atom=    0.11, RMSE_ALPHA_DERIV=    5.75
2025-07-13 04:33:00.970 INFO: Epoch 1462: head: Default, loss=0.0021, RMSE_MU_per_atom=0.00 mDebye, RMSE_MU_DERIV=0.00 mDebye / A, RMSE_ALPHA_per_atom=    0.11, RMSE_ALPHA_DERIV=    5.75
2025-07-13 04:33:22.809 INFO: Epoch 1463: head: Default, loss=0.0021, RMSE_MU_per_atom=0.00 mDebye, RMSE_MU_DERIV=0.00 mDebye / A, RMSE_ALPHA_per_atom=    0.11, RMSE_ALPHA_DERIV=    5.75
2025-07-13 04:33:44.689 INFO: Epoch 1464: head: Default, loss=0.0021, RMSE_MU_per_atom=0.00 mDebye, RMSE_MU_DERIV=0.00 mDebye / A, RMSE_ALPHA_per_atom=    0.11, RMSE_ALPHA_DERIV=    5.75
2025-07-13 04:34:06.555 INFO: Epoch 1465: head: Default, loss=0.0021, RMSE_MU_per_atom=0.00 mDebye, RMSE_MU_DERIV=0.00 mDebye / A, RMSE_ALPHA_per_atom=    0.11, RMSE_ALPHA_DERIV=    5.75
2025-07-13 04:34:28.413 INFO: Epoch 1466: head: Default, loss=0.0021, RMSE_MU_per_atom=0.00 mDebye, RMSE_MU_DERIV=0.00 mDebye / A, RMSE_ALPHA_per_atom=    0.11, RMSE_ALPHA_DERIV=    5.75
2025-07-13 04:34:50.256 INFO: Epoch 1467: head: Default, loss=0.0021, RMSE_MU_per_atom=0.00 mDebye, RMSE_MU_DERIV=0.00 mDebye / A, RMSE_ALPHA_per_atom=    0.11, RMSE_ALPHA_DERIV=    5.75
2025-07-13 04:35:12.106 INFO: Epoch 1468: head: Default, loss=0.0021, RMSE_MU_per_atom=0.00 mDebye, RMSE_MU_DERIV=0.00 mDebye / A, RMSE_ALPHA_per_atom=    0.11, RMSE_ALPHA_DERIV=    5.75
2025-07-13 04:35:33.953 INFO: Epoch 1469: head: Default, loss=0.0021, RMSE_MU_per_atom=0.00 mDebye, RMSE_MU_DERIV=0.00 mDebye / A, RMSE_ALPHA_per_atom=    0.11, RMSE_ALPHA_DERIV=    5.75
2025-07-13 04:35:55.799 INFO: Epoch 1470: head: Default, loss=0.0021, RMSE_MU_per_atom=0.00 mDebye, RMSE_MU_DERIV=0.00 mDebye / A, RMSE_ALPHA_per_atom=    0.11, RMSE_ALPHA_DERIV=    5.75
2025-07-13 04:36:17.645 INFO: Epoch 1471: head: Default, loss=0.0021, RMSE_MU_per_atom=0.00 mDebye, RMSE_MU_DERIV=0.00 mDebye / A, RMSE_ALPHA_per_atom=    0.11, RMSE_ALPHA_DERIV=    5.75
2025-07-13 04:36:39.488 INFO: Epoch 1472: head: Default, loss=0.0021, RMSE_MU_per_atom=0.00 mDebye, RMSE_MU_DERIV=0.00 mDebye / A, RMSE_ALPHA_per_atom=    0.11, RMSE_ALPHA_DERIV=    5.75
2025-07-13 04:37:01.359 INFO: Epoch 1473: head: Default, loss=0.0021, RMSE_MU_per_atom=0.00 mDebye, RMSE_MU_DERIV=0.00 mDebye / A, RMSE_ALPHA_per_atom=    0.11, RMSE_ALPHA_DERIV=    5.75
2025-07-13 04:37:23.212 INFO: Epoch 1474: head: Default, loss=0.0021, RMSE_MU_per_atom=0.00 mDebye, RMSE_MU_DERIV=0.00 mDebye / A, RMSE_ALPHA_per_atom=    0.11, RMSE_ALPHA_DERIV=    5.75
2025-07-13 04:37:45.071 INFO: Epoch 1475: head: Default, loss=0.0021, RMSE_MU_per_atom=0.00 mDebye, RMSE_MU_DERIV=0.00 mDebye / A, RMSE_ALPHA_per_atom=    0.11, RMSE_ALPHA_DERIV=    5.75
2025-07-13 04:38:06.920 INFO: Epoch 1476: head: Default, loss=0.0021, RMSE_MU_per_atom=0.00 mDebye, RMSE_MU_DERIV=0.00 mDebye / A, RMSE_ALPHA_per_atom=    0.11, RMSE_ALPHA_DERIV=    5.75
2025-07-13 04:38:28.789 INFO: Epoch 1477: head: Default, loss=0.0021, RMSE_MU_per_atom=0.00 mDebye, RMSE_MU_DERIV=0.00 mDebye / A, RMSE_ALPHA_per_atom=    0.11, RMSE_ALPHA_DERIV=    5.75
2025-07-13 04:38:50.643 INFO: Epoch 1478: head: Default, loss=0.0021, RMSE_MU_per_atom=0.00 mDebye, RMSE_MU_DERIV=0.00 mDebye / A, RMSE_ALPHA_per_atom=    0.11, RMSE_ALPHA_DERIV=    5.75
2025-07-13 04:39:12.486 INFO: Epoch 1479: head: Default, loss=0.0020, RMSE_MU_per_atom=0.00 mDebye, RMSE_MU_DERIV=0.00 mDebye / A, RMSE_ALPHA_per_atom=    0.11, RMSE_ALPHA_DERIV=    5.75
2025-07-13 04:39:34.343 INFO: Epoch 1480: head: Default, loss=0.0021, RMSE_MU_per_atom=0.00 mDebye, RMSE_MU_DERIV=0.00 mDebye / A, RMSE_ALPHA_per_atom=    0.11, RMSE_ALPHA_DERIV=    5.75
2025-07-13 04:39:56.190 INFO: Epoch 1481: head: Default, loss=0.0021, RMSE_MU_per_atom=0.00 mDebye, RMSE_MU_DERIV=0.00 mDebye / A, RMSE_ALPHA_per_atom=    0.11, RMSE_ALPHA_DERIV=    5.75
2025-07-13 04:40:18.046 INFO: Epoch 1482: head: Default, loss=0.0021, RMSE_MU_per_atom=0.00 mDebye, RMSE_MU_DERIV=0.00 mDebye / A, RMSE_ALPHA_per_atom=    0.11, RMSE_ALPHA_DERIV=    5.75
2025-07-13 04:40:39.896 INFO: Epoch 1483: head: Default, loss=0.0021, RMSE_MU_per_atom=0.00 mDebye, RMSE_MU_DERIV=0.00 mDebye / A, RMSE_ALPHA_per_atom=    0.11, RMSE_ALPHA_DERIV=    5.75
2025-07-13 04:41:01.737 INFO: Epoch 1484: head: Default, loss=0.0021, RMSE_MU_per_atom=0.00 mDebye, RMSE_MU_DERIV=0.00 mDebye / A, RMSE_ALPHA_per_atom=    0.11, RMSE_ALPHA_DERIV=    5.75
2025-07-13 04:41:23.591 INFO: Epoch 1485: head: Default, loss=0.0021, RMSE_MU_per_atom=0.00 mDebye, RMSE_MU_DERIV=0.00 mDebye / A, RMSE_ALPHA_per_atom=    0.11, RMSE_ALPHA_DERIV=    5.75
2025-07-13 04:41:45.455 INFO: Epoch 1486: head: Default, loss=0.0021, RMSE_MU_per_atom=0.00 mDebye, RMSE_MU_DERIV=0.00 mDebye / A, RMSE_ALPHA_per_atom=    0.11, RMSE_ALPHA_DERIV=    5.75
2025-07-13 04:42:07.304 INFO: Epoch 1487: head: Default, loss=0.0021, RMSE_MU_per_atom=0.00 mDebye, RMSE_MU_DERIV=0.00 mDebye / A, RMSE_ALPHA_per_atom=    0.11, RMSE_ALPHA_DERIV=    5.75
2025-07-13 04:42:29.162 INFO: Epoch 1488: head: Default, loss=0.0021, RMSE_MU_per_atom=0.00 mDebye, RMSE_MU_DERIV=0.00 mDebye / A, RMSE_ALPHA_per_atom=    0.11, RMSE_ALPHA_DERIV=    5.75
2025-07-13 04:42:51.013 INFO: Epoch 1489: head: Default, loss=0.0021, RMSE_MU_per_atom=0.00 mDebye, RMSE_MU_DERIV=0.00 mDebye / A, RMSE_ALPHA_per_atom=    0.11, RMSE_ALPHA_DERIV=    5.75
2025-07-13 04:43:12.854 INFO: Epoch 1490: head: Default, loss=0.0021, RMSE_MU_per_atom=0.00 mDebye, RMSE_MU_DERIV=0.00 mDebye / A, RMSE_ALPHA_per_atom=    0.11, RMSE_ALPHA_DERIV=    5.75
2025-07-13 04:43:34.704 INFO: Epoch 1491: head: Default, loss=0.0021, RMSE_MU_per_atom=0.00 mDebye, RMSE_MU_DERIV=0.00 mDebye / A, RMSE_ALPHA_per_atom=    0.11, RMSE_ALPHA_DERIV=    5.75
2025-07-13 04:43:56.545 INFO: Epoch 1492: head: Default, loss=0.0021, RMSE_MU_per_atom=0.00 mDebye, RMSE_MU_DERIV=0.00 mDebye / A, RMSE_ALPHA_per_atom=    0.11, RMSE_ALPHA_DERIV=    5.75
2025-07-13 04:44:18.398 INFO: Epoch 1493: head: Default, loss=0.0020, RMSE_MU_per_atom=0.00 mDebye, RMSE_MU_DERIV=0.00 mDebye / A, RMSE_ALPHA_per_atom=    0.11, RMSE_ALPHA_DERIV=    5.75
2025-07-13 04:44:40.255 INFO: Epoch 1494: head: Default, loss=0.0021, RMSE_MU_per_atom=0.00 mDebye, RMSE_MU_DERIV=0.00 mDebye / A, RMSE_ALPHA_per_atom=    0.11, RMSE_ALPHA_DERIV=    5.75
2025-07-13 04:45:02.106 INFO: Epoch 1495: head: Default, loss=0.0021, RMSE_MU_per_atom=0.00 mDebye, RMSE_MU_DERIV=0.00 mDebye / A, RMSE_ALPHA_per_atom=    0.11, RMSE_ALPHA_DERIV=    5.75
2025-07-13 04:45:23.958 INFO: Epoch 1496: head: Default, loss=0.0021, RMSE_MU_per_atom=0.00 mDebye, RMSE_MU_DERIV=0.00 mDebye / A, RMSE_ALPHA_per_atom=    0.11, RMSE_ALPHA_DERIV=    5.75
2025-07-13 04:45:45.807 INFO: Epoch 1497: head: Default, loss=0.0021, RMSE_MU_per_atom=0.00 mDebye, RMSE_MU_DERIV=0.00 mDebye / A, RMSE_ALPHA_per_atom=    0.11, RMSE_ALPHA_DERIV=    5.75
2025-07-13 04:46:07.658 INFO: Epoch 1498: head: Default, loss=0.0021, RMSE_MU_per_atom=0.00 mDebye, RMSE_MU_DERIV=0.00 mDebye / A, RMSE_ALPHA_per_atom=    0.11, RMSE_ALPHA_DERIV=    5.75
2025-07-13 04:46:29.509 INFO: Epoch 1499: head: Default, loss=0.0021, RMSE_MU_per_atom=0.00 mDebye, RMSE_MU_DERIV=0.00 mDebye / A, RMSE_ALPHA_per_atom=    0.11, RMSE_ALPHA_DERIV=    5.75
2025-07-13 04:46:51.355 INFO: Epoch 1500: head: Default, loss=0.0021, RMSE_MU_per_atom=0.00 mDebye, RMSE_MU_DERIV=0.00 mDebye / A, RMSE_ALPHA_per_atom=    0.11, RMSE_ALPHA_DERIV=    5.75
2025-07-13 04:47:13.200 INFO: Epoch 1501: head: Default, loss=0.0021, RMSE_MU_per_atom=0.00 mDebye, RMSE_MU_DERIV=0.00 mDebye / A, RMSE_ALPHA_per_atom=    0.11, RMSE_ALPHA_DERIV=    5.75
2025-07-13 04:47:35.065 INFO: Epoch 1502: head: Default, loss=0.0021, RMSE_MU_per_atom=0.00 mDebye, RMSE_MU_DERIV=0.00 mDebye / A, RMSE_ALPHA_per_atom=    0.11, RMSE_ALPHA_DERIV=    5.75
2025-07-13 04:47:56.926 INFO: Epoch 1503: head: Default, loss=0.0021, RMSE_MU_per_atom=0.00 mDebye, RMSE_MU_DERIV=0.00 mDebye / A, RMSE_ALPHA_per_atom=    0.11, RMSE_ALPHA_DERIV=    5.75
2025-07-13 04:48:18.792 INFO: Epoch 1504: head: Default, loss=0.0021, RMSE_MU_per_atom=0.00 mDebye, RMSE_MU_DERIV=0.00 mDebye / A, RMSE_ALPHA_per_atom=    0.11, RMSE_ALPHA_DERIV=    5.75
2025-07-13 04:48:40.644 INFO: Epoch 1505: head: Default, loss=0.0021, RMSE_MU_per_atom=0.00 mDebye, RMSE_MU_DERIV=0.00 mDebye / A, RMSE_ALPHA_per_atom=    0.11, RMSE_ALPHA_DERIV=    5.75
2025-07-13 04:49:02.512 INFO: Epoch 1506: head: Default, loss=0.0021, RMSE_MU_per_atom=0.00 mDebye, RMSE_MU_DERIV=0.00 mDebye / A, RMSE_ALPHA_per_atom=    0.11, RMSE_ALPHA_DERIV=    5.75
2025-07-13 04:49:24.390 INFO: Epoch 1507: head: Default, loss=0.0021, RMSE_MU_per_atom=0.00 mDebye, RMSE_MU_DERIV=0.00 mDebye / A, RMSE_ALPHA_per_atom=    0.11, RMSE_ALPHA_DERIV=    5.75
2025-07-13 04:49:46.265 INFO: Epoch 1508: head: Default, loss=0.0020, RMSE_MU_per_atom=0.00 mDebye, RMSE_MU_DERIV=0.00 mDebye / A, RMSE_ALPHA_per_atom=    0.11, RMSE_ALPHA_DERIV=    5.75
2025-07-13 04:50:08.108 INFO: Epoch 1509: head: Default, loss=0.0020, RMSE_MU_per_atom=0.00 mDebye, RMSE_MU_DERIV=0.00 mDebye / A, RMSE_ALPHA_per_atom=    0.11, RMSE_ALPHA_DERIV=    5.75
2025-07-13 04:50:29.970 INFO: Epoch 1510: head: Default, loss=0.0020, RMSE_MU_per_atom=0.00 mDebye, RMSE_MU_DERIV=0.00 mDebye / A, RMSE_ALPHA_per_atom=    0.11, RMSE_ALPHA_DERIV=    5.75
2025-07-13 04:50:51.829 INFO: Epoch 1511: head: Default, loss=0.0020, RMSE_MU_per_atom=0.00 mDebye, RMSE_MU_DERIV=0.00 mDebye / A, RMSE_ALPHA_per_atom=    0.11, RMSE_ALPHA_DERIV=    5.75
2025-07-13 04:51:13.682 INFO: Epoch 1512: head: Default, loss=0.0020, RMSE_MU_per_atom=0.00 mDebye, RMSE_MU_DERIV=0.00 mDebye / A, RMSE_ALPHA_per_atom=    0.11, RMSE_ALPHA_DERIV=    5.75
2025-07-13 04:51:35.537 INFO: Epoch 1513: head: Default, loss=0.0021, RMSE_MU_per_atom=0.00 mDebye, RMSE_MU_DERIV=0.00 mDebye / A, RMSE_ALPHA_per_atom=    0.11, RMSE_ALPHA_DERIV=    5.75
2025-07-13 04:51:57.411 INFO: Epoch 1514: head: Default, loss=0.0020, RMSE_MU_per_atom=0.00 mDebye, RMSE_MU_DERIV=0.00 mDebye / A, RMSE_ALPHA_per_atom=    0.11, RMSE_ALPHA_DERIV=    5.75
2025-07-13 04:52:19.304 INFO: Epoch 1515: head: Default, loss=0.0020, RMSE_MU_per_atom=0.00 mDebye, RMSE_MU_DERIV=0.00 mDebye / A, RMSE_ALPHA_per_atom=    0.11, RMSE_ALPHA_DERIV=    5.75
2025-07-13 04:52:41.174 INFO: Epoch 1516: head: Default, loss=0.0020, RMSE_MU_per_atom=0.00 mDebye, RMSE_MU_DERIV=0.00 mDebye / A, RMSE_ALPHA_per_atom=    0.11, RMSE_ALPHA_DERIV=    5.75
2025-07-13 04:53:03.022 INFO: Epoch 1517: head: Default, loss=0.0020, RMSE_MU_per_atom=0.00 mDebye, RMSE_MU_DERIV=0.00 mDebye / A, RMSE_ALPHA_per_atom=    0.11, RMSE_ALPHA_DERIV=    5.75
2025-07-13 04:53:24.868 INFO: Epoch 1518: head: Default, loss=0.0020, RMSE_MU_per_atom=0.00 mDebye, RMSE_MU_DERIV=0.00 mDebye / A, RMSE_ALPHA_per_atom=    0.11, RMSE_ALPHA_DERIV=    5.75
2025-07-13 04:53:46.723 INFO: Epoch 1519: head: Default, loss=0.0021, RMSE_MU_per_atom=0.00 mDebye, RMSE_MU_DERIV=0.00 mDebye / A, RMSE_ALPHA_per_atom=    0.11, RMSE_ALPHA_DERIV=    5.75
2025-07-13 04:54:08.564 INFO: Epoch 1520: head: Default, loss=0.0021, RMSE_MU_per_atom=0.00 mDebye, RMSE_MU_DERIV=0.00 mDebye / A, RMSE_ALPHA_per_atom=    0.11, RMSE_ALPHA_DERIV=    5.75
2025-07-13 04:54:30.421 INFO: Epoch 1521: head: Default, loss=0.0021, RMSE_MU_per_atom=0.00 mDebye, RMSE_MU_DERIV=0.00 mDebye / A, RMSE_ALPHA_per_atom=    0.11, RMSE_ALPHA_DERIV=    5.75
2025-07-13 04:54:52.268 INFO: Epoch 1522: head: Default, loss=0.0020, RMSE_MU_per_atom=0.00 mDebye, RMSE_MU_DERIV=0.00 mDebye / A, RMSE_ALPHA_per_atom=    0.11, RMSE_ALPHA_DERIV=    5.75
2025-07-13 04:55:14.120 INFO: Epoch 1523: head: Default, loss=0.0021, RMSE_MU_per_atom=0.00 mDebye, RMSE_MU_DERIV=0.00 mDebye / A, RMSE_ALPHA_per_atom=    0.11, RMSE_ALPHA_DERIV=    5.75
2025-07-13 04:55:35.984 INFO: Epoch 1524: head: Default, loss=0.0020, RMSE_MU_per_atom=0.00 mDebye, RMSE_MU_DERIV=0.00 mDebye / A, RMSE_ALPHA_per_atom=    0.11, RMSE_ALPHA_DERIV=    5.75
2025-07-13 04:55:57.835 INFO: Epoch 1525: head: Default, loss=0.0021, RMSE_MU_per_atom=0.00 mDebye, RMSE_MU_DERIV=0.00 mDebye / A, RMSE_ALPHA_per_atom=    0.11, RMSE_ALPHA_DERIV=    5.75
2025-07-13 04:56:19.688 INFO: Epoch 1526: head: Default, loss=0.0021, RMSE_MU_per_atom=0.00 mDebye, RMSE_MU_DERIV=0.00 mDebye / A, RMSE_ALPHA_per_atom=    0.11, RMSE_ALPHA_DERIV=    5.75
2025-07-13 04:56:41.545 INFO: Epoch 1527: head: Default, loss=0.0021, RMSE_MU_per_atom=0.00 mDebye, RMSE_MU_DERIV=0.00 mDebye / A, RMSE_ALPHA_per_atom=    0.11, RMSE_ALPHA_DERIV=    5.75
2025-07-13 04:57:03.393 INFO: Epoch 1528: head: Default, loss=0.0021, RMSE_MU_per_atom=0.00 mDebye, RMSE_MU_DERIV=0.00 mDebye / A, RMSE_ALPHA_per_atom=    0.11, RMSE_ALPHA_DERIV=    5.75
2025-07-13 04:57:25.233 INFO: Epoch 1529: head: Default, loss=0.0020, RMSE_MU_per_atom=0.00 mDebye, RMSE_MU_DERIV=0.00 mDebye / A, RMSE_ALPHA_per_atom=    0.11, RMSE_ALPHA_DERIV=    5.75
2025-07-13 04:57:47.074 INFO: Epoch 1530: head: Default, loss=0.0020, RMSE_MU_per_atom=0.00 mDebye, RMSE_MU_DERIV=0.00 mDebye / A, RMSE_ALPHA_per_atom=    0.11, RMSE_ALPHA_DERIV=    5.75
2025-07-13 04:58:08.928 INFO: Epoch 1531: head: Default, loss=0.0020, RMSE_MU_per_atom=0.00 mDebye, RMSE_MU_DERIV=0.00 mDebye / A, RMSE_ALPHA_per_atom=    0.11, RMSE_ALPHA_DERIV=    5.75
2025-07-13 04:58:30.768 INFO: Epoch 1532: head: Default, loss=0.0020, RMSE_MU_per_atom=0.00 mDebye, RMSE_MU_DERIV=0.00 mDebye / A, RMSE_ALPHA_per_atom=    0.11, RMSE_ALPHA_DERIV=    5.75
2025-07-13 04:58:52.614 INFO: Epoch 1533: head: Default, loss=0.0020, RMSE_MU_per_atom=0.00 mDebye, RMSE_MU_DERIV=0.00 mDebye / A, RMSE_ALPHA_per_atom=    0.11, RMSE_ALPHA_DERIV=    5.75
2025-07-13 04:59:14.457 INFO: Epoch 1534: head: Default, loss=0.0020, RMSE_MU_per_atom=0.00 mDebye, RMSE_MU_DERIV=0.00 mDebye / A, RMSE_ALPHA_per_atom=    0.11, RMSE_ALPHA_DERIV=    5.75
2025-07-13 04:59:36.298 INFO: Epoch 1535: head: Default, loss=0.0020, RMSE_MU_per_atom=0.00 mDebye, RMSE_MU_DERIV=0.00 mDebye / A, RMSE_ALPHA_per_atom=    0.11, RMSE_ALPHA_DERIV=    5.75
2025-07-13 04:59:58.146 INFO: Epoch 1536: head: Default, loss=0.0020, RMSE_MU_per_atom=0.00 mDebye, RMSE_MU_DERIV=0.00 mDebye / A, RMSE_ALPHA_per_atom=    0.11, RMSE_ALPHA_DERIV=    5.75
2025-07-13 05:00:20.001 INFO: Epoch 1537: head: Default, loss=0.0021, RMSE_MU_per_atom=0.00 mDebye, RMSE_MU_DERIV=0.00 mDebye / A, RMSE_ALPHA_per_atom=    0.11, RMSE_ALPHA_DERIV=    5.75
2025-07-13 05:00:41.834 INFO: Epoch 1538: head: Default, loss=0.0020, RMSE_MU_per_atom=0.00 mDebye, RMSE_MU_DERIV=0.00 mDebye / A, RMSE_ALPHA_per_atom=    0.11, RMSE_ALPHA_DERIV=    5.75
2025-07-13 05:01:03.676 INFO: Epoch 1539: head: Default, loss=0.0020, RMSE_MU_per_atom=0.00 mDebye, RMSE_MU_DERIV=0.00 mDebye / A, RMSE_ALPHA_per_atom=    0.11, RMSE_ALPHA_DERIV=    5.75
2025-07-13 05:01:25.517 INFO: Epoch 1540: head: Default, loss=0.0020, RMSE_MU_per_atom=0.00 mDebye, RMSE_MU_DERIV=0.00 mDebye / A, RMSE_ALPHA_per_atom=    0.11, RMSE_ALPHA_DERIV=    5.75
2025-07-13 05:01:47.358 INFO: Epoch 1541: head: Default, loss=0.0021, RMSE_MU_per_atom=0.00 mDebye, RMSE_MU_DERIV=0.00 mDebye / A, RMSE_ALPHA_per_atom=    0.11, RMSE_ALPHA_DERIV=    5.75
2025-07-13 05:02:09.198 INFO: Epoch 1542: head: Default, loss=0.0021, RMSE_MU_per_atom=0.00 mDebye, RMSE_MU_DERIV=0.00 mDebye / A, RMSE_ALPHA_per_atom=    0.11, RMSE_ALPHA_DERIV=    5.75
2025-07-13 05:02:31.037 INFO: Epoch 1543: head: Default, loss=0.0021, RMSE_MU_per_atom=0.00 mDebye, RMSE_MU_DERIV=0.00 mDebye / A, RMSE_ALPHA_per_atom=    0.11, RMSE_ALPHA_DERIV=    5.75
2025-07-13 05:02:52.875 INFO: Epoch 1544: head: Default, loss=0.0021, RMSE_MU_per_atom=0.00 mDebye, RMSE_MU_DERIV=0.00 mDebye / A, RMSE_ALPHA_per_atom=    0.11, RMSE_ALPHA_DERIV=    5.75
2025-07-13 05:03:14.725 INFO: Epoch 1545: head: Default, loss=0.0021, RMSE_MU_per_atom=0.00 mDebye, RMSE_MU_DERIV=0.00 mDebye / A, RMSE_ALPHA_per_atom=    0.11, RMSE_ALPHA_DERIV=    5.75
2025-07-13 05:03:36.567 INFO: Epoch 1546: head: Default, loss=0.0021, RMSE_MU_per_atom=0.00 mDebye, RMSE_MU_DERIV=0.00 mDebye / A, RMSE_ALPHA_per_atom=    0.11, RMSE_ALPHA_DERIV=    5.75
2025-07-13 05:03:58.423 INFO: Epoch 1547: head: Default, loss=0.0021, RMSE_MU_per_atom=0.00 mDebye, RMSE_MU_DERIV=0.00 mDebye / A, RMSE_ALPHA_per_atom=    0.11, RMSE_ALPHA_DERIV=    5.75
2025-07-13 05:04:20.261 INFO: Epoch 1548: head: Default, loss=0.0021, RMSE_MU_per_atom=0.00 mDebye, RMSE_MU_DERIV=0.00 mDebye / A, RMSE_ALPHA_per_atom=    0.11, RMSE_ALPHA_DERIV=    5.75
2025-07-13 05:04:42.111 INFO: Epoch 1549: head: Default, loss=0.0021, RMSE_MU_per_atom=0.00 mDebye, RMSE_MU_DERIV=0.00 mDebye / A, RMSE_ALPHA_per_atom=    0.11, RMSE_ALPHA_DERIV=    5.75
2025-07-13 05:05:03.959 INFO: Epoch 1550: head: Default, loss=0.0021, RMSE_MU_per_atom=0.00 mDebye, RMSE_MU_DERIV=0.00 mDebye / A, RMSE_ALPHA_per_atom=    0.11, RMSE_ALPHA_DERIV=    5.75
2025-07-13 05:05:25.804 INFO: Epoch 1551: head: Default, loss=0.0021, RMSE_MU_per_atom=0.00 mDebye, RMSE_MU_DERIV=0.00 mDebye / A, RMSE_ALPHA_per_atom=    0.11, RMSE_ALPHA_DERIV=    5.75
2025-07-13 05:05:47.651 INFO: Epoch 1552: head: Default, loss=0.0021, RMSE_MU_per_atom=0.00 mDebye, RMSE_MU_DERIV=0.00 mDebye / A, RMSE_ALPHA_per_atom=    0.11, RMSE_ALPHA_DERIV=    5.75
2025-07-13 05:06:09.503 INFO: Epoch 1553: head: Default, loss=0.0020, RMSE_MU_per_atom=0.00 mDebye, RMSE_MU_DERIV=0.00 mDebye / A, RMSE_ALPHA_per_atom=    0.11, RMSE_ALPHA_DERIV=    5.75
2025-07-13 05:06:31.342 INFO: Epoch 1554: head: Default, loss=0.0021, RMSE_MU_per_atom=0.00 mDebye, RMSE_MU_DERIV=0.00 mDebye / A, RMSE_ALPHA_per_atom=    0.11, RMSE_ALPHA_DERIV=    5.75
2025-07-13 05:06:53.189 INFO: Epoch 1555: head: Default, loss=0.0021, RMSE_MU_per_atom=0.00 mDebye, RMSE_MU_DERIV=0.00 mDebye / A, RMSE_ALPHA_per_atom=    0.11, RMSE_ALPHA_DERIV=    5.75
2025-07-13 05:07:15.024 INFO: Epoch 1556: head: Default, loss=0.0021, RMSE_MU_per_atom=0.00 mDebye, RMSE_MU_DERIV=0.00 mDebye / A, RMSE_ALPHA_per_atom=    0.11, RMSE_ALPHA_DERIV=    5.75
2025-07-13 05:07:36.878 INFO: Epoch 1557: head: Default, loss=0.0021, RMSE_MU_per_atom=0.00 mDebye, RMSE_MU_DERIV=0.00 mDebye / A, RMSE_ALPHA_per_atom=    0.11, RMSE_ALPHA_DERIV=    5.75
2025-07-13 05:07:58.727 INFO: Epoch 1558: head: Default, loss=0.0021, RMSE_MU_per_atom=0.00 mDebye, RMSE_MU_DERIV=0.00 mDebye / A, RMSE_ALPHA_per_atom=    0.11, RMSE_ALPHA_DERIV=    5.75
2025-07-13 05:08:20.585 INFO: Epoch 1559: head: Default, loss=0.0021, RMSE_MU_per_atom=0.00 mDebye, RMSE_MU_DERIV=0.00 mDebye / A, RMSE_ALPHA_per_atom=    0.11, RMSE_ALPHA_DERIV=    5.75
2025-07-13 05:08:42.437 INFO: Epoch 1560: head: Default, loss=0.0021, RMSE_MU_per_atom=0.00 mDebye, RMSE_MU_DERIV=0.00 mDebye / A, RMSE_ALPHA_per_atom=    0.11, RMSE_ALPHA_DERIV=    5.75
2025-07-13 05:09:04.292 INFO: Epoch 1561: head: Default, loss=0.0021, RMSE_MU_per_atom=0.00 mDebye, RMSE_MU_DERIV=0.00 mDebye / A, RMSE_ALPHA_per_atom=    0.11, RMSE_ALPHA_DERIV=    5.75
2025-07-13 05:09:26.131 INFO: Epoch 1562: head: Default, loss=0.0021, RMSE_MU_per_atom=0.00 mDebye, RMSE_MU_DERIV=0.00 mDebye / A, RMSE_ALPHA_per_atom=    0.11, RMSE_ALPHA_DERIV=    5.75
2025-07-13 05:09:47.980 INFO: Epoch 1563: head: Default, loss=0.0020, RMSE_MU_per_atom=0.00 mDebye, RMSE_MU_DERIV=0.00 mDebye / A, RMSE_ALPHA_per_atom=    0.11, RMSE_ALPHA_DERIV=    5.75
2025-07-13 05:10:09.822 INFO: Epoch 1564: head: Default, loss=0.0020, RMSE_MU_per_atom=0.00 mDebye, RMSE_MU_DERIV=0.00 mDebye / A, RMSE_ALPHA_per_atom=    0.11, RMSE_ALPHA_DERIV=    5.75
2025-07-13 05:10:31.665 INFO: Epoch 1565: head: Default, loss=0.0020, RMSE_MU_per_atom=0.00 mDebye, RMSE_MU_DERIV=0.00 mDebye / A, RMSE_ALPHA_per_atom=    0.11, RMSE_ALPHA_DERIV=    5.75
2025-07-13 05:10:53.515 INFO: Epoch 1566: head: Default, loss=0.0020, RMSE_MU_per_atom=0.00 mDebye, RMSE_MU_DERIV=0.00 mDebye / A, RMSE_ALPHA_per_atom=    0.11, RMSE_ALPHA_DERIV=    5.75
2025-07-13 05:11:15.357 INFO: Epoch 1567: head: Default, loss=0.0020, RMSE_MU_per_atom=0.00 mDebye, RMSE_MU_DERIV=0.00 mDebye / A, RMSE_ALPHA_per_atom=    0.11, RMSE_ALPHA_DERIV=    5.75
2025-07-13 05:11:37.206 INFO: Epoch 1568: head: Default, loss=0.0021, RMSE_MU_per_atom=0.00 mDebye, RMSE_MU_DERIV=0.00 mDebye / A, RMSE_ALPHA_per_atom=    0.11, RMSE_ALPHA_DERIV=    5.75
2025-07-13 05:11:59.058 INFO: Epoch 1569: head: Default, loss=0.0021, RMSE_MU_per_atom=0.00 mDebye, RMSE_MU_DERIV=0.00 mDebye / A, RMSE_ALPHA_per_atom=    0.11, RMSE_ALPHA_DERIV=    5.75
2025-07-13 05:12:20.902 INFO: Epoch 1570: head: Default, loss=0.0021, RMSE_MU_per_atom=0.00 mDebye, RMSE_MU_DERIV=0.00 mDebye / A, RMSE_ALPHA_per_atom=    0.11, RMSE_ALPHA_DERIV=    5.75
2025-07-13 05:12:42.752 INFO: Epoch 1571: head: Default, loss=0.0021, RMSE_MU_per_atom=0.00 mDebye, RMSE_MU_DERIV=0.00 mDebye / A, RMSE_ALPHA_per_atom=    0.11, RMSE_ALPHA_DERIV=    5.75
2025-07-13 05:13:04.598 INFO: Epoch 1572: head: Default, loss=0.0021, RMSE_MU_per_atom=0.00 mDebye, RMSE_MU_DERIV=0.00 mDebye / A, RMSE_ALPHA_per_atom=    0.11, RMSE_ALPHA_DERIV=    5.75
2025-07-13 05:13:26.440 INFO: Epoch 1573: head: Default, loss=0.0020, RMSE_MU_per_atom=0.00 mDebye, RMSE_MU_DERIV=0.00 mDebye / A, RMSE_ALPHA_per_atom=    0.11, RMSE_ALPHA_DERIV=    5.75
2025-07-13 05:13:48.282 INFO: Epoch 1574: head: Default, loss=0.0020, RMSE_MU_per_atom=0.00 mDebye, RMSE_MU_DERIV=0.00 mDebye / A, RMSE_ALPHA_per_atom=    0.11, RMSE_ALPHA_DERIV=    5.75
2025-07-13 05:14:10.138 INFO: Epoch 1575: head: Default, loss=0.0021, RMSE_MU_per_atom=0.00 mDebye, RMSE_MU_DERIV=0.00 mDebye / A, RMSE_ALPHA_per_atom=    0.11, RMSE_ALPHA_DERIV=    5.75
2025-07-13 05:14:31.981 INFO: Epoch 1576: head: Default, loss=0.0021, RMSE_MU_per_atom=0.00 mDebye, RMSE_MU_DERIV=0.00 mDebye / A, RMSE_ALPHA_per_atom=    0.11, RMSE_ALPHA_DERIV=    5.75
2025-07-13 05:14:53.817 INFO: Epoch 1577: head: Default, loss=0.0021, RMSE_MU_per_atom=0.00 mDebye, RMSE_MU_DERIV=0.00 mDebye / A, RMSE_ALPHA_per_atom=    0.11, RMSE_ALPHA_DERIV=    5.75
2025-07-13 05:15:15.667 INFO: Epoch 1578: head: Default, loss=0.0021, RMSE_MU_per_atom=0.00 mDebye, RMSE_MU_DERIV=0.00 mDebye / A, RMSE_ALPHA_per_atom=    0.11, RMSE_ALPHA_DERIV=    5.75
2025-07-13 05:15:37.504 INFO: Epoch 1579: head: Default, loss=0.0021, RMSE_MU_per_atom=0.00 mDebye, RMSE_MU_DERIV=0.00 mDebye / A, RMSE_ALPHA_per_atom=    0.11, RMSE_ALPHA_DERIV=    5.75
2025-07-13 05:15:59.350 INFO: Epoch 1580: head: Default, loss=0.0021, RMSE_MU_per_atom=0.00 mDebye, RMSE_MU_DERIV=0.00 mDebye / A, RMSE_ALPHA_per_atom=    0.11, RMSE_ALPHA_DERIV=    5.75
2025-07-13 05:16:21.193 INFO: Epoch 1581: head: Default, loss=0.0021, RMSE_MU_per_atom=0.00 mDebye, RMSE_MU_DERIV=0.00 mDebye / A, RMSE_ALPHA_per_atom=    0.11, RMSE_ALPHA_DERIV=    5.75
2025-07-13 05:16:43.031 INFO: Epoch 1582: head: Default, loss=0.0021, RMSE_MU_per_atom=0.00 mDebye, RMSE_MU_DERIV=0.00 mDebye / A, RMSE_ALPHA_per_atom=    0.11, RMSE_ALPHA_DERIV=    5.75
2025-07-13 05:17:04.868 INFO: Epoch 1583: head: Default, loss=0.0021, RMSE_MU_per_atom=0.00 mDebye, RMSE_MU_DERIV=0.00 mDebye / A, RMSE_ALPHA_per_atom=    0.11, RMSE_ALPHA_DERIV=    5.75
2025-07-13 05:17:26.720 INFO: Epoch 1584: head: Default, loss=0.0021, RMSE_MU_per_atom=0.00 mDebye, RMSE_MU_DERIV=0.00 mDebye / A, RMSE_ALPHA_per_atom=    0.11, RMSE_ALPHA_DERIV=    5.75
2025-07-13 05:17:48.571 INFO: Epoch 1585: head: Default, loss=0.0021, RMSE_MU_per_atom=0.00 mDebye, RMSE_MU_DERIV=0.00 mDebye / A, RMSE_ALPHA_per_atom=    0.11, RMSE_ALPHA_DERIV=    5.75
2025-07-13 05:18:10.430 INFO: Epoch 1586: head: Default, loss=0.0021, RMSE_MU_per_atom=0.00 mDebye, RMSE_MU_DERIV=0.00 mDebye / A, RMSE_ALPHA_per_atom=    0.11, RMSE_ALPHA_DERIV=    5.75
2025-07-13 05:18:32.286 INFO: Epoch 1587: head: Default, loss=0.0021, RMSE_MU_per_atom=0.00 mDebye, RMSE_MU_DERIV=0.00 mDebye / A, RMSE_ALPHA_per_atom=    0.11, RMSE_ALPHA_DERIV=    5.75
2025-07-13 05:18:54.148 INFO: Epoch 1588: head: Default, loss=0.0021, RMSE_MU_per_atom=0.00 mDebye, RMSE_MU_DERIV=0.00 mDebye / A, RMSE_ALPHA_per_atom=    0.11, RMSE_ALPHA_DERIV=    5.75
2025-07-13 05:19:15.999 INFO: Epoch 1589: head: Default, loss=0.0021, RMSE_MU_per_atom=0.00 mDebye, RMSE_MU_DERIV=0.00 mDebye / A, RMSE_ALPHA_per_atom=    0.11, RMSE_ALPHA_DERIV=    5.75
2025-07-13 05:19:37.852 INFO: Epoch 1590: head: Default, loss=0.0021, RMSE_MU_per_atom=0.00 mDebye, RMSE_MU_DERIV=0.00 mDebye / A, RMSE_ALPHA_per_atom=    0.11, RMSE_ALPHA_DERIV=    5.75
2025-07-13 05:19:59.708 INFO: Epoch 1591: head: Default, loss=0.0021, RMSE_MU_per_atom=0.00 mDebye, RMSE_MU_DERIV=0.00 mDebye / A, RMSE_ALPHA_per_atom=    0.11, RMSE_ALPHA_DERIV=    5.75
2025-07-13 05:20:21.549 INFO: Epoch 1592: head: Default, loss=0.0021, RMSE_MU_per_atom=0.00 mDebye, RMSE_MU_DERIV=0.00 mDebye / A, RMSE_ALPHA_per_atom=    0.11, RMSE_ALPHA_DERIV=    5.75
2025-07-13 05:20:43.402 INFO: Epoch 1593: head: Default, loss=0.0021, RMSE_MU_per_atom=0.00 mDebye, RMSE_MU_DERIV=0.00 mDebye / A, RMSE_ALPHA_per_atom=    0.11, RMSE_ALPHA_DERIV=    5.75
2025-07-13 05:21:05.257 INFO: Epoch 1594: head: Default, loss=0.0021, RMSE_MU_per_atom=0.00 mDebye, RMSE_MU_DERIV=0.00 mDebye / A, RMSE_ALPHA_per_atom=    0.11, RMSE_ALPHA_DERIV=    5.75
2025-07-13 05:21:27.134 INFO: Epoch 1595: head: Default, loss=0.0021, RMSE_MU_per_atom=0.00 mDebye, RMSE_MU_DERIV=0.00 mDebye / A, RMSE_ALPHA_per_atom=    0.11, RMSE_ALPHA_DERIV=    5.75
2025-07-13 05:21:48.987 INFO: Epoch 1596: head: Default, loss=0.0021, RMSE_MU_per_atom=0.00 mDebye, RMSE_MU_DERIV=0.00 mDebye / A, RMSE_ALPHA_per_atom=    0.11, RMSE_ALPHA_DERIV=    5.75
2025-07-13 05:22:10.835 INFO: Epoch 1597: head: Default, loss=0.0021, RMSE_MU_per_atom=0.00 mDebye, RMSE_MU_DERIV=0.00 mDebye / A, RMSE_ALPHA_per_atom=    0.11, RMSE_ALPHA_DERIV=    5.75
2025-07-13 05:22:32.691 INFO: Epoch 1598: head: Default, loss=0.0021, RMSE_MU_per_atom=0.00 mDebye, RMSE_MU_DERIV=0.00 mDebye / A, RMSE_ALPHA_per_atom=    0.11, RMSE_ALPHA_DERIV=    5.75
2025-07-13 05:22:54.538 INFO: Epoch 1599: head: Default, loss=0.0021, RMSE_MU_per_atom=0.00 mDebye, RMSE_MU_DERIV=0.00 mDebye / A, RMSE_ALPHA_per_atom=    0.11, RMSE_ALPHA_DERIV=    5.75
2025-07-13 05:23:16.409 INFO: Epoch 1600: head: Default, loss=0.0021, RMSE_MU_per_atom=0.00 mDebye, RMSE_MU_DERIV=0.00 mDebye / A, RMSE_ALPHA_per_atom=    0.11, RMSE_ALPHA_DERIV=    5.75
2025-07-13 05:23:38.287 INFO: Epoch 1601: head: Default, loss=0.0021, RMSE_MU_per_atom=0.00 mDebye, RMSE_MU_DERIV=0.00 mDebye / A, RMSE_ALPHA_per_atom=    0.11, RMSE_ALPHA_DERIV=    5.75
2025-07-13 05:24:00.162 INFO: Epoch 1602: head: Default, loss=0.0021, RMSE_MU_per_atom=0.00 mDebye, RMSE_MU_DERIV=0.00 mDebye / A, RMSE_ALPHA_per_atom=    0.11, RMSE_ALPHA_DERIV=    5.75
2025-07-13 05:24:22.026 INFO: Epoch 1603: head: Default, loss=0.0021, RMSE_MU_per_atom=0.00 mDebye, RMSE_MU_DERIV=0.00 mDebye / A, RMSE_ALPHA_per_atom=    0.11, RMSE_ALPHA_DERIV=    5.75
2025-07-13 05:24:43.887 INFO: Epoch 1604: head: Default, loss=0.0021, RMSE_MU_per_atom=0.00 mDebye, RMSE_MU_DERIV=0.00 mDebye / A, RMSE_ALPHA_per_atom=    0.11, RMSE_ALPHA_DERIV=    5.75
2025-07-13 05:25:05.733 INFO: Epoch 1605: head: Default, loss=0.0021, RMSE_MU_per_atom=0.00 mDebye, RMSE_MU_DERIV=0.00 mDebye / A, RMSE_ALPHA_per_atom=    0.11, RMSE_ALPHA_DERIV=    5.75
2025-07-13 05:25:27.586 INFO: Epoch 1606: head: Default, loss=0.0021, RMSE_MU_per_atom=0.00 mDebye, RMSE_MU_DERIV=0.00 mDebye / A, RMSE_ALPHA_per_atom=    0.11, RMSE_ALPHA_DERIV=    5.75
2025-07-13 05:25:49.429 INFO: Epoch 1607: head: Default, loss=0.0021, RMSE_MU_per_atom=0.00 mDebye, RMSE_MU_DERIV=0.00 mDebye / A, RMSE_ALPHA_per_atom=    0.11, RMSE_ALPHA_DERIV=    5.75
2025-07-13 05:26:11.279 INFO: Epoch 1608: head: Default, loss=0.0021, RMSE_MU_per_atom=0.00 mDebye, RMSE_MU_DERIV=0.00 mDebye / A, RMSE_ALPHA_per_atom=    0.11, RMSE_ALPHA_DERIV=    5.75
2025-07-13 05:26:33.133 INFO: Epoch 1609: head: Default, loss=0.0021, RMSE_MU_per_atom=0.00 mDebye, RMSE_MU_DERIV=0.00 mDebye / A, RMSE_ALPHA_per_atom=    0.11, RMSE_ALPHA_DERIV=    5.75
2025-07-13 05:26:54.995 INFO: Epoch 1610: head: Default, loss=0.0021, RMSE_MU_per_atom=0.00 mDebye, RMSE_MU_DERIV=0.00 mDebye / A, RMSE_ALPHA_per_atom=    0.11, RMSE_ALPHA_DERIV=    5.75
2025-07-13 05:27:16.838 INFO: Epoch 1611: head: Default, loss=0.0021, RMSE_MU_per_atom=0.00 mDebye, RMSE_MU_DERIV=0.00 mDebye / A, RMSE_ALPHA_per_atom=    0.11, RMSE_ALPHA_DERIV=    5.75
2025-07-13 05:27:38.699 INFO: Epoch 1612: head: Default, loss=0.0021, RMSE_MU_per_atom=0.00 mDebye, RMSE_MU_DERIV=0.00 mDebye / A, RMSE_ALPHA_per_atom=    0.11, RMSE_ALPHA_DERIV=    5.75
2025-07-13 05:28:00.543 INFO: Epoch 1613: head: Default, loss=0.0021, RMSE_MU_per_atom=0.00 mDebye, RMSE_MU_DERIV=0.00 mDebye / A, RMSE_ALPHA_per_atom=    0.11, RMSE_ALPHA_DERIV=    5.75
2025-07-13 05:28:22.392 INFO: Epoch 1614: head: Default, loss=0.0021, RMSE_MU_per_atom=0.00 mDebye, RMSE_MU_DERIV=0.00 mDebye / A, RMSE_ALPHA_per_atom=    0.11, RMSE_ALPHA_DERIV=    5.75
2025-07-13 05:28:44.238 INFO: Epoch 1615: head: Default, loss=0.0021, RMSE_MU_per_atom=0.00 mDebye, RMSE_MU_DERIV=0.00 mDebye / A, RMSE_ALPHA_per_atom=    0.11, RMSE_ALPHA_DERIV=    5.75
2025-07-13 05:29:06.083 INFO: Epoch 1616: head: Default, loss=0.0020, RMSE_MU_per_atom=0.00 mDebye, RMSE_MU_DERIV=0.00 mDebye / A, RMSE_ALPHA_per_atom=    0.11, RMSE_ALPHA_DERIV=    5.75
2025-07-13 05:29:27.932 INFO: Epoch 1617: head: Default, loss=0.0021, RMSE_MU_per_atom=0.00 mDebye, RMSE_MU_DERIV=0.00 mDebye / A, RMSE_ALPHA_per_atom=    0.11, RMSE_ALPHA_DERIV=    5.75
2025-07-13 05:29:49.774 INFO: Epoch 1618: head: Default, loss=0.0020, RMSE_MU_per_atom=0.00 mDebye, RMSE_MU_DERIV=0.00 mDebye / A, RMSE_ALPHA_per_atom=    0.11, RMSE_ALPHA_DERIV=    5.75
2025-07-13 05:30:11.616 INFO: Epoch 1619: head: Default, loss=0.0021, RMSE_MU_per_atom=0.00 mDebye, RMSE_MU_DERIV=0.00 mDebye / A, RMSE_ALPHA_per_atom=    0.11, RMSE_ALPHA_DERIV=    5.75
2025-07-13 05:30:33.465 INFO: Epoch 1620: head: Default, loss=0.0021, RMSE_MU_per_atom=0.00 mDebye, RMSE_MU_DERIV=0.00 mDebye / A, RMSE_ALPHA_per_atom=    0.11, RMSE_ALPHA_DERIV=    5.75
2025-07-13 05:30:55.318 INFO: Epoch 1621: head: Default, loss=0.0021, RMSE_MU_per_atom=0.00 mDebye, RMSE_MU_DERIV=0.00 mDebye / A, RMSE_ALPHA_per_atom=    0.11, RMSE_ALPHA_DERIV=    5.75
2025-07-13 05:31:17.168 INFO: Epoch 1622: head: Default, loss=0.0021, RMSE_MU_per_atom=0.00 mDebye, RMSE_MU_DERIV=0.00 mDebye / A, RMSE_ALPHA_per_atom=    0.11, RMSE_ALPHA_DERIV=    5.75
2025-07-13 05:31:39.002 INFO: Epoch 1623: head: Default, loss=0.0021, RMSE_MU_per_atom=0.00 mDebye, RMSE_MU_DERIV=0.00 mDebye / A, RMSE_ALPHA_per_atom=    0.11, RMSE_ALPHA_DERIV=    5.75
2025-07-13 05:32:00.855 INFO: Epoch 1624: head: Default, loss=0.0021, RMSE_MU_per_atom=0.00 mDebye, RMSE_MU_DERIV=0.00 mDebye / A, RMSE_ALPHA_per_atom=    0.11, RMSE_ALPHA_DERIV=    5.75
2025-07-13 05:32:22.708 INFO: Epoch 1625: head: Default, loss=0.0021, RMSE_MU_per_atom=0.00 mDebye, RMSE_MU_DERIV=0.00 mDebye / A, RMSE_ALPHA_per_atom=    0.11, RMSE_ALPHA_DERIV=    5.75
2025-07-13 05:32:44.559 INFO: Epoch 1626: head: Default, loss=0.0021, RMSE_MU_per_atom=0.00 mDebye, RMSE_MU_DERIV=0.00 mDebye / A, RMSE_ALPHA_per_atom=    0.11, RMSE_ALPHA_DERIV=    5.75
2025-07-13 05:33:06.414 INFO: Epoch 1627: head: Default, loss=0.0021, RMSE_MU_per_atom=0.00 mDebye, RMSE_MU_DERIV=0.00 mDebye / A, RMSE_ALPHA_per_atom=    0.11, RMSE_ALPHA_DERIV=    5.75
2025-07-13 05:33:28.268 INFO: Epoch 1628: head: Default, loss=0.0021, RMSE_MU_per_atom=0.00 mDebye, RMSE_MU_DERIV=0.00 mDebye / A, RMSE_ALPHA_per_atom=    0.11, RMSE_ALPHA_DERIV=    5.75
2025-07-13 05:33:50.109 INFO: Epoch 1629: head: Default, loss=0.0020, RMSE_MU_per_atom=0.00 mDebye, RMSE_MU_DERIV=0.00 mDebye / A, RMSE_ALPHA_per_atom=    0.11, RMSE_ALPHA_DERIV=    5.75
2025-07-13 05:34:11.962 INFO: Epoch 1630: head: Default, loss=0.0021, RMSE_MU_per_atom=0.00 mDebye, RMSE_MU_DERIV=0.00 mDebye / A, RMSE_ALPHA_per_atom=    0.11, RMSE_ALPHA_DERIV=    5.75
2025-07-13 05:34:33.818 INFO: Epoch 1631: head: Default, loss=0.0021, RMSE_MU_per_atom=0.00 mDebye, RMSE_MU_DERIV=0.00 mDebye / A, RMSE_ALPHA_per_atom=    0.11, RMSE_ALPHA_DERIV=    5.75
2025-07-13 05:34:55.658 INFO: Epoch 1632: head: Default, loss=0.0021, RMSE_MU_per_atom=0.00 mDebye, RMSE_MU_DERIV=0.00 mDebye / A, RMSE_ALPHA_per_atom=    0.11, RMSE_ALPHA_DERIV=    5.75
2025-07-13 05:35:17.528 INFO: Epoch 1633: head: Default, loss=0.0021, RMSE_MU_per_atom=0.00 mDebye, RMSE_MU_DERIV=0.00 mDebye / A, RMSE_ALPHA_per_atom=    0.11, RMSE_ALPHA_DERIV=    5.75
2025-07-13 05:35:39.372 INFO: Epoch 1634: head: Default, loss=0.0021, RMSE_MU_per_atom=0.00 mDebye, RMSE_MU_DERIV=0.00 mDebye / A, RMSE_ALPHA_per_atom=    0.11, RMSE_ALPHA_DERIV=    5.75
2025-07-13 05:36:01.209 INFO: Epoch 1635: head: Default, loss=0.0021, RMSE_MU_per_atom=0.00 mDebye, RMSE_MU_DERIV=0.00 mDebye / A, RMSE_ALPHA_per_atom=    0.11, RMSE_ALPHA_DERIV=    5.75
2025-07-13 05:36:23.046 INFO: Epoch 1636: head: Default, loss=0.0021, RMSE_MU_per_atom=0.00 mDebye, RMSE_MU_DERIV=0.00 mDebye / A, RMSE_ALPHA_per_atom=    0.11, RMSE_ALPHA_DERIV=    5.75
2025-07-13 05:36:44.895 INFO: Epoch 1637: head: Default, loss=0.0021, RMSE_MU_per_atom=0.00 mDebye, RMSE_MU_DERIV=0.00 mDebye / A, RMSE_ALPHA_per_atom=    0.11, RMSE_ALPHA_DERIV=    5.75
2025-07-13 05:37:06.749 INFO: Epoch 1638: head: Default, loss=0.0021, RMSE_MU_per_atom=0.00 mDebye, RMSE_MU_DERIV=0.00 mDebye / A, RMSE_ALPHA_per_atom=    0.11, RMSE_ALPHA_DERIV=    5.75
2025-07-13 05:37:28.603 INFO: Epoch 1639: head: Default, loss=0.0021, RMSE_MU_per_atom=0.00 mDebye, RMSE_MU_DERIV=0.00 mDebye / A, RMSE_ALPHA_per_atom=    0.11, RMSE_ALPHA_DERIV=    5.75
2025-07-13 05:37:50.443 INFO: Epoch 1640: head: Default, loss=0.0021, RMSE_MU_per_atom=0.00 mDebye, RMSE_MU_DERIV=0.00 mDebye / A, RMSE_ALPHA_per_atom=    0.11, RMSE_ALPHA_DERIV=    5.75
2025-07-13 05:38:12.291 INFO: Epoch 1641: head: Default, loss=0.0021, RMSE_MU_per_atom=0.00 mDebye, RMSE_MU_DERIV=0.00 mDebye / A, RMSE_ALPHA_per_atom=    0.11, RMSE_ALPHA_DERIV=    5.75
2025-07-13 05:38:34.154 INFO: Epoch 1642: head: Default, loss=0.0021, RMSE_MU_per_atom=0.00 mDebye, RMSE_MU_DERIV=0.00 mDebye / A, RMSE_ALPHA_per_atom=    0.11, RMSE_ALPHA_DERIV=    5.75
2025-07-13 05:38:55.999 INFO: Epoch 1643: head: Default, loss=0.0021, RMSE_MU_per_atom=0.00 mDebye, RMSE_MU_DERIV=0.00 mDebye / A, RMSE_ALPHA_per_atom=    0.11, RMSE_ALPHA_DERIV=    5.75
2025-07-13 05:39:17.833 INFO: Epoch 1644: head: Default, loss=0.0021, RMSE_MU_per_atom=0.00 mDebye, RMSE_MU_DERIV=0.00 mDebye / A, RMSE_ALPHA_per_atom=    0.11, RMSE_ALPHA_DERIV=    5.75
2025-07-13 05:39:39.669 INFO: Epoch 1645: head: Default, loss=0.0021, RMSE_MU_per_atom=0.00 mDebye, RMSE_MU_DERIV=0.00 mDebye / A, RMSE_ALPHA_per_atom=    0.11, RMSE_ALPHA_DERIV=    5.75
2025-07-13 05:40:01.511 INFO: Epoch 1646: head: Default, loss=0.0021, RMSE_MU_per_atom=0.00 mDebye, RMSE_MU_DERIV=0.00 mDebye / A, RMSE_ALPHA_per_atom=    0.11, RMSE_ALPHA_DERIV=    5.75
2025-07-13 05:40:23.364 INFO: Epoch 1647: head: Default, loss=0.0021, RMSE_MU_per_atom=0.00 mDebye, RMSE_MU_DERIV=0.00 mDebye / A, RMSE_ALPHA_per_atom=    0.11, RMSE_ALPHA_DERIV=    5.75
2025-07-13 05:40:45.205 INFO: Epoch 1648: head: Default, loss=0.0021, RMSE_MU_per_atom=0.00 mDebye, RMSE_MU_DERIV=0.00 mDebye / A, RMSE_ALPHA_per_atom=    0.11, RMSE_ALPHA_DERIV=    5.75
2025-07-13 05:41:07.050 INFO: Epoch 1649: head: Default, loss=0.0021, RMSE_MU_per_atom=0.00 mDebye, RMSE_MU_DERIV=0.00 mDebye / A, RMSE_ALPHA_per_atom=    0.11, RMSE_ALPHA_DERIV=    5.75
2025-07-13 05:41:28.888 INFO: Epoch 1650: head: Default, loss=0.0021, RMSE_MU_per_atom=0.00 mDebye, RMSE_MU_DERIV=0.00 mDebye / A, RMSE_ALPHA_per_atom=    0.11, RMSE_ALPHA_DERIV=    5.75
2025-07-13 05:41:50.738 INFO: Epoch 1651: head: Default, loss=0.0021, RMSE_MU_per_atom=0.00 mDebye, RMSE_MU_DERIV=0.00 mDebye / A, RMSE_ALPHA_per_atom=    0.11, RMSE_ALPHA_DERIV=    5.75
2025-07-13 05:42:12.579 INFO: Epoch 1652: head: Default, loss=0.0021, RMSE_MU_per_atom=0.00 mDebye, RMSE_MU_DERIV=0.00 mDebye / A, RMSE_ALPHA_per_atom=    0.11, RMSE_ALPHA_DERIV=    5.75
2025-07-13 05:42:34.437 INFO: Epoch 1653: head: Default, loss=0.0021, RMSE_MU_per_atom=0.00 mDebye, RMSE_MU_DERIV=0.00 mDebye / A, RMSE_ALPHA_per_atom=    0.11, RMSE_ALPHA_DERIV=    5.75
2025-07-13 05:42:56.276 INFO: Epoch 1654: head: Default, loss=0.0021, RMSE_MU_per_atom=0.00 mDebye, RMSE_MU_DERIV=0.00 mDebye / A, RMSE_ALPHA_per_atom=    0.11, RMSE_ALPHA_DERIV=    5.75
2025-07-13 05:43:18.120 INFO: Epoch 1655: head: Default, loss=0.0021, RMSE_MU_per_atom=0.00 mDebye, RMSE_MU_DERIV=0.00 mDebye / A, RMSE_ALPHA_per_atom=    0.11, RMSE_ALPHA_DERIV=    5.75
2025-07-13 05:43:39.972 INFO: Epoch 1656: head: Default, loss=0.0021, RMSE_MU_per_atom=0.00 mDebye, RMSE_MU_DERIV=0.00 mDebye / A, RMSE_ALPHA_per_atom=    0.11, RMSE_ALPHA_DERIV=    5.75
2025-07-13 05:44:01.813 INFO: Epoch 1657: head: Default, loss=0.0021, RMSE_MU_per_atom=0.00 mDebye, RMSE_MU_DERIV=0.00 mDebye / A, RMSE_ALPHA_per_atom=    0.11, RMSE_ALPHA_DERIV=    5.75
2025-07-13 05:44:23.648 INFO: Epoch 1658: head: Default, loss=0.0021, RMSE_MU_per_atom=0.00 mDebye, RMSE_MU_DERIV=0.00 mDebye / A, RMSE_ALPHA_per_atom=    0.11, RMSE_ALPHA_DERIV=    5.75
2025-07-13 05:44:45.493 INFO: Epoch 1659: head: Default, loss=0.0021, RMSE_MU_per_atom=0.00 mDebye, RMSE_MU_DERIV=0.00 mDebye / A, RMSE_ALPHA_per_atom=    0.11, RMSE_ALPHA_DERIV=    5.75
2025-07-13 05:45:07.340 INFO: Epoch 1660: head: Default, loss=0.0021, RMSE_MU_per_atom=0.00 mDebye, RMSE_MU_DERIV=0.00 mDebye / A, RMSE_ALPHA_per_atom=    0.11, RMSE_ALPHA_DERIV=    5.75
2025-07-13 05:45:29.187 INFO: Epoch 1661: head: Default, loss=0.0021, RMSE_MU_per_atom=0.00 mDebye, RMSE_MU_DERIV=0.00 mDebye / A, RMSE_ALPHA_per_atom=    0.11, RMSE_ALPHA_DERIV=    5.75
2025-07-13 05:45:51.026 INFO: Epoch 1662: head: Default, loss=0.0021, RMSE_MU_per_atom=0.00 mDebye, RMSE_MU_DERIV=0.00 mDebye / A, RMSE_ALPHA_per_atom=    0.11, RMSE_ALPHA_DERIV=    5.75
2025-07-13 05:46:12.875 INFO: Epoch 1663: head: Default, loss=0.0021, RMSE_MU_per_atom=0.00 mDebye, RMSE_MU_DERIV=0.00 mDebye / A, RMSE_ALPHA_per_atom=    0.11, RMSE_ALPHA_DERIV=    5.75
2025-07-13 05:46:34.722 INFO: Epoch 1664: head: Default, loss=0.0021, RMSE_MU_per_atom=0.00 mDebye, RMSE_MU_DERIV=0.00 mDebye / A, RMSE_ALPHA_per_atom=    0.11, RMSE_ALPHA_DERIV=    5.75
2025-07-13 05:46:56.568 INFO: Epoch 1665: head: Default, loss=0.0021, RMSE_MU_per_atom=0.00 mDebye, RMSE_MU_DERIV=0.00 mDebye / A, RMSE_ALPHA_per_atom=    0.11, RMSE_ALPHA_DERIV=    5.75
2025-07-13 05:47:18.416 INFO: Epoch 1666: head: Default, loss=0.0021, RMSE_MU_per_atom=0.00 mDebye, RMSE_MU_DERIV=0.00 mDebye / A, RMSE_ALPHA_per_atom=    0.11, RMSE_ALPHA_DERIV=    5.75
2025-07-13 05:47:40.266 INFO: Epoch 1667: head: Default, loss=0.0021, RMSE_MU_per_atom=0.00 mDebye, RMSE_MU_DERIV=0.00 mDebye / A, RMSE_ALPHA_per_atom=    0.11, RMSE_ALPHA_DERIV=    5.75
2025-07-13 05:48:02.101 INFO: Epoch 1668: head: Default, loss=0.0021, RMSE_MU_per_atom=0.00 mDebye, RMSE_MU_DERIV=0.00 mDebye / A, RMSE_ALPHA_per_atom=    0.11, RMSE_ALPHA_DERIV=    5.75
2025-07-13 05:48:23.943 INFO: Epoch 1669: head: Default, loss=0.0021, RMSE_MU_per_atom=0.00 mDebye, RMSE_MU_DERIV=0.00 mDebye / A, RMSE_ALPHA_per_atom=    0.11, RMSE_ALPHA_DERIV=    5.75
2025-07-13 05:48:45.796 INFO: Epoch 1670: head: Default, loss=0.0021, RMSE_MU_per_atom=0.00 mDebye, RMSE_MU_DERIV=0.00 mDebye / A, RMSE_ALPHA_per_atom=    0.11, RMSE_ALPHA_DERIV=    5.75
2025-07-13 05:49:07.648 INFO: Epoch 1671: head: Default, loss=0.0021, RMSE_MU_per_atom=0.00 mDebye, RMSE_MU_DERIV=0.00 mDebye / A, RMSE_ALPHA_per_atom=    0.11, RMSE_ALPHA_DERIV=    5.75
2025-07-13 05:49:29.489 INFO: Epoch 1672: head: Default, loss=0.0021, RMSE_MU_per_atom=0.00 mDebye, RMSE_MU_DERIV=0.00 mDebye / A, RMSE_ALPHA_per_atom=    0.11, RMSE_ALPHA_DERIV=    5.75
2025-07-13 05:49:51.329 INFO: Epoch 1673: head: Default, loss=0.0021, RMSE_MU_per_atom=0.00 mDebye, RMSE_MU_DERIV=0.00 mDebye / A, RMSE_ALPHA_per_atom=    0.11, RMSE_ALPHA_DERIV=    5.75
2025-07-13 05:50:13.181 INFO: Epoch 1674: head: Default, loss=0.0021, RMSE_MU_per_atom=0.00 mDebye, RMSE_MU_DERIV=0.00 mDebye / A, RMSE_ALPHA_per_atom=    0.11, RMSE_ALPHA_DERIV=    5.75
2025-07-13 05:50:35.024 INFO: Epoch 1675: head: Default, loss=0.0021, RMSE_MU_per_atom=0.00 mDebye, RMSE_MU_DERIV=0.00 mDebye / A, RMSE_ALPHA_per_atom=    0.11, RMSE_ALPHA_DERIV=    5.75
2025-07-13 05:50:56.866 INFO: Epoch 1676: head: Default, loss=0.0021, RMSE_MU_per_atom=0.00 mDebye, RMSE_MU_DERIV=0.00 mDebye / A, RMSE_ALPHA_per_atom=    0.11, RMSE_ALPHA_DERIV=    5.75
2025-07-13 05:51:18.699 INFO: Epoch 1677: head: Default, loss=0.0021, RMSE_MU_per_atom=0.00 mDebye, RMSE_MU_DERIV=0.00 mDebye / A, RMSE_ALPHA_per_atom=    0.11, RMSE_ALPHA_DERIV=    5.75
2025-07-13 05:51:40.551 INFO: Epoch 1678: head: Default, loss=0.0021, RMSE_MU_per_atom=0.00 mDebye, RMSE_MU_DERIV=0.00 mDebye / A, RMSE_ALPHA_per_atom=    0.11, RMSE_ALPHA_DERIV=    5.75
2025-07-13 05:52:02.391 INFO: Epoch 1679: head: Default, loss=0.0021, RMSE_MU_per_atom=0.00 mDebye, RMSE_MU_DERIV=0.00 mDebye / A, RMSE_ALPHA_per_atom=    0.11, RMSE_ALPHA_DERIV=    5.75
2025-07-13 05:52:24.231 INFO: Epoch 1680: head: Default, loss=0.0021, RMSE_MU_per_atom=0.00 mDebye, RMSE_MU_DERIV=0.00 mDebye / A, RMSE_ALPHA_per_atom=    0.11, RMSE_ALPHA_DERIV=    5.75
2025-07-13 05:52:46.070 INFO: Epoch 1681: head: Default, loss=0.0021, RMSE_MU_per_atom=0.00 mDebye, RMSE_MU_DERIV=0.00 mDebye / A, RMSE_ALPHA_per_atom=    0.11, RMSE_ALPHA_DERIV=    5.75
2025-07-13 05:53:07.907 INFO: Epoch 1682: head: Default, loss=0.0021, RMSE_MU_per_atom=0.00 mDebye, RMSE_MU_DERIV=0.00 mDebye / A, RMSE_ALPHA_per_atom=    0.11, RMSE_ALPHA_DERIV=    5.75
2025-07-13 05:53:29.755 INFO: Epoch 1683: head: Default, loss=0.0021, RMSE_MU_per_atom=0.00 mDebye, RMSE_MU_DERIV=0.00 mDebye / A, RMSE_ALPHA_per_atom=    0.11, RMSE_ALPHA_DERIV=    5.75
2025-07-13 05:53:51.601 INFO: Epoch 1684: head: Default, loss=0.0021, RMSE_MU_per_atom=0.00 mDebye, RMSE_MU_DERIV=0.00 mDebye / A, RMSE_ALPHA_per_atom=    0.11, RMSE_ALPHA_DERIV=    5.75
2025-07-13 05:54:13.439 INFO: Epoch 1685: head: Default, loss=0.0021, RMSE_MU_per_atom=0.00 mDebye, RMSE_MU_DERIV=0.00 mDebye / A, RMSE_ALPHA_per_atom=    0.11, RMSE_ALPHA_DERIV=    5.75
2025-07-13 05:54:35.277 INFO: Epoch 1686: head: Default, loss=0.0021, RMSE_MU_per_atom=0.00 mDebye, RMSE_MU_DERIV=0.00 mDebye / A, RMSE_ALPHA_per_atom=    0.11, RMSE_ALPHA_DERIV=    5.75
2025-07-13 05:54:57.119 INFO: Epoch 1687: head: Default, loss=0.0021, RMSE_MU_per_atom=0.00 mDebye, RMSE_MU_DERIV=0.00 mDebye / A, RMSE_ALPHA_per_atom=    0.11, RMSE_ALPHA_DERIV=    5.75
2025-07-13 05:55:18.951 INFO: Epoch 1688: head: Default, loss=0.0021, RMSE_MU_per_atom=0.00 mDebye, RMSE_MU_DERIV=0.00 mDebye / A, RMSE_ALPHA_per_atom=    0.11, RMSE_ALPHA_DERIV=    5.75
2025-07-13 05:55:40.796 INFO: Epoch 1689: head: Default, loss=0.0021, RMSE_MU_per_atom=0.00 mDebye, RMSE_MU_DERIV=0.00 mDebye / A, RMSE_ALPHA_per_atom=    0.11, RMSE_ALPHA_DERIV=    5.75
2025-07-13 05:56:02.640 INFO: Epoch 1690: head: Default, loss=0.0021, RMSE_MU_per_atom=0.00 mDebye, RMSE_MU_DERIV=0.00 mDebye / A, RMSE_ALPHA_per_atom=    0.11, RMSE_ALPHA_DERIV=    5.75
2025-07-13 05:56:24.470 INFO: Epoch 1691: head: Default, loss=0.0021, RMSE_MU_per_atom=0.00 mDebye, RMSE_MU_DERIV=0.00 mDebye / A, RMSE_ALPHA_per_atom=    0.11, RMSE_ALPHA_DERIV=    5.75
2025-07-13 05:56:46.306 INFO: Epoch 1692: head: Default, loss=0.0021, RMSE_MU_per_atom=0.00 mDebye, RMSE_MU_DERIV=0.00 mDebye / A, RMSE_ALPHA_per_atom=    0.11, RMSE_ALPHA_DERIV=    5.75
2025-07-13 05:57:08.147 INFO: Epoch 1693: head: Default, loss=0.0021, RMSE_MU_per_atom=0.00 mDebye, RMSE_MU_DERIV=0.00 mDebye / A, RMSE_ALPHA_per_atom=    0.11, RMSE_ALPHA_DERIV=    5.75
2025-07-13 05:57:29.991 INFO: Epoch 1694: head: Default, loss=0.0021, RMSE_MU_per_atom=0.00 mDebye, RMSE_MU_DERIV=0.00 mDebye / A, RMSE_ALPHA_per_atom=    0.11, RMSE_ALPHA_DERIV=    5.75
2025-07-13 05:57:51.826 INFO: Epoch 1695: head: Default, loss=0.0021, RMSE_MU_per_atom=0.00 mDebye, RMSE_MU_DERIV=0.00 mDebye / A, RMSE_ALPHA_per_atom=    0.11, RMSE_ALPHA_DERIV=    5.75
2025-07-13 05:58:13.668 INFO: Epoch 1696: head: Default, loss=0.0021, RMSE_MU_per_atom=0.00 mDebye, RMSE_MU_DERIV=0.00 mDebye / A, RMSE_ALPHA_per_atom=    0.11, RMSE_ALPHA_DERIV=    5.75
2025-07-13 05:58:35.518 INFO: Epoch 1697: head: Default, loss=0.0021, RMSE_MU_per_atom=0.00 mDebye, RMSE_MU_DERIV=0.00 mDebye / A, RMSE_ALPHA_per_atom=    0.11, RMSE_ALPHA_DERIV=    5.75
2025-07-13 05:58:57.354 INFO: Epoch 1698: head: Default, loss=0.0021, RMSE_MU_per_atom=0.00 mDebye, RMSE_MU_DERIV=0.00 mDebye / A, RMSE_ALPHA_per_atom=    0.11, RMSE_ALPHA_DERIV=    5.75
2025-07-13 05:59:19.189 INFO: Epoch 1699: head: Default, loss=0.0021, RMSE_MU_per_atom=0.00 mDebye, RMSE_MU_DERIV=0.00 mDebye / A, RMSE_ALPHA_per_atom=    0.11, RMSE_ALPHA_DERIV=    5.75
2025-07-13 05:59:41.032 INFO: Epoch 1700: head: Default, loss=0.0021, RMSE_MU_per_atom=0.00 mDebye, RMSE_MU_DERIV=0.00 mDebye / A, RMSE_ALPHA_per_atom=    0.11, RMSE_ALPHA_DERIV=    5.75
2025-07-13 06:00:02.874 INFO: Epoch 1701: head: Default, loss=0.0021, RMSE_MU_per_atom=0.00 mDebye, RMSE_MU_DERIV=0.00 mDebye / A, RMSE_ALPHA_per_atom=    0.11, RMSE_ALPHA_DERIV=    5.75
2025-07-13 06:00:24.709 INFO: Epoch 1702: head: Default, loss=0.0021, RMSE_MU_per_atom=0.00 mDebye, RMSE_MU_DERIV=0.00 mDebye / A, RMSE_ALPHA_per_atom=    0.11, RMSE_ALPHA_DERIV=    5.75
2025-07-13 06:00:46.555 INFO: Epoch 1703: head: Default, loss=0.0021, RMSE_MU_per_atom=0.00 mDebye, RMSE_MU_DERIV=0.00 mDebye / A, RMSE_ALPHA_per_atom=    0.11, RMSE_ALPHA_DERIV=    5.75
2025-07-13 06:01:08.397 INFO: Epoch 1704: head: Default, loss=0.0021, RMSE_MU_per_atom=0.00 mDebye, RMSE_MU_DERIV=0.00 mDebye / A, RMSE_ALPHA_per_atom=    0.11, RMSE_ALPHA_DERIV=    5.75
2025-07-13 06:01:30.244 INFO: Epoch 1705: head: Default, loss=0.0021, RMSE_MU_per_atom=0.00 mDebye, RMSE_MU_DERIV=0.00 mDebye / A, RMSE_ALPHA_per_atom=    0.11, RMSE_ALPHA_DERIV=    5.75
2025-07-13 06:01:52.087 INFO: Epoch 1706: head: Default, loss=0.0021, RMSE_MU_per_atom=0.00 mDebye, RMSE_MU_DERIV=0.00 mDebye / A, RMSE_ALPHA_per_atom=    0.11, RMSE_ALPHA_DERIV=    5.75
2025-07-13 06:02:13.923 INFO: Epoch 1707: head: Default, loss=0.0021, RMSE_MU_per_atom=0.00 mDebye, RMSE_MU_DERIV=0.00 mDebye / A, RMSE_ALPHA_per_atom=    0.11, RMSE_ALPHA_DERIV=    5.75
2025-07-13 06:02:35.762 INFO: Epoch 1708: head: Default, loss=0.0021, RMSE_MU_per_atom=0.00 mDebye, RMSE_MU_DERIV=0.00 mDebye / A, RMSE_ALPHA_per_atom=    0.11, RMSE_ALPHA_DERIV=    5.75
2025-07-13 06:02:57.597 INFO: Epoch 1709: head: Default, loss=0.0021, RMSE_MU_per_atom=0.00 mDebye, RMSE_MU_DERIV=0.00 mDebye / A, RMSE_ALPHA_per_atom=    0.11, RMSE_ALPHA_DERIV=    5.75
2025-07-13 06:03:19.444 INFO: Epoch 1710: head: Default, loss=0.0021, RMSE_MU_per_atom=0.00 mDebye, RMSE_MU_DERIV=0.00 mDebye / A, RMSE_ALPHA_per_atom=    0.11, RMSE_ALPHA_DERIV=    5.75
2025-07-13 06:03:41.296 INFO: Epoch 1711: head: Default, loss=0.0020, RMSE_MU_per_atom=0.00 mDebye, RMSE_MU_DERIV=0.00 mDebye / A, RMSE_ALPHA_per_atom=    0.11, RMSE_ALPHA_DERIV=    5.75
2025-07-13 06:04:03.141 INFO: Epoch 1712: head: Default, loss=0.0020, RMSE_MU_per_atom=0.00 mDebye, RMSE_MU_DERIV=0.00 mDebye / A, RMSE_ALPHA_per_atom=    0.11, RMSE_ALPHA_DERIV=    5.75
2025-07-13 06:04:24.978 INFO: Epoch 1713: head: Default, loss=0.0021, RMSE_MU_per_atom=0.00 mDebye, RMSE_MU_DERIV=0.00 mDebye / A, RMSE_ALPHA_per_atom=    0.11, RMSE_ALPHA_DERIV=    5.75
2025-07-13 06:04:46.824 INFO: Epoch 1714: head: Default, loss=0.0021, RMSE_MU_per_atom=0.00 mDebye, RMSE_MU_DERIV=0.00 mDebye / A, RMSE_ALPHA_per_atom=    0.11, RMSE_ALPHA_DERIV=    5.75
2025-07-13 06:05:08.678 INFO: Epoch 1715: head: Default, loss=0.0021, RMSE_MU_per_atom=0.00 mDebye, RMSE_MU_DERIV=0.00 mDebye / A, RMSE_ALPHA_per_atom=    0.11, RMSE_ALPHA_DERIV=    5.75
2025-07-13 06:05:30.517 INFO: Epoch 1716: head: Default, loss=0.0021, RMSE_MU_per_atom=0.00 mDebye, RMSE_MU_DERIV=0.00 mDebye / A, RMSE_ALPHA_per_atom=    0.11, RMSE_ALPHA_DERIV=    5.75
2025-07-13 06:05:52.366 INFO: Epoch 1717: head: Default, loss=0.0021, RMSE_MU_per_atom=0.00 mDebye, RMSE_MU_DERIV=0.00 mDebye / A, RMSE_ALPHA_per_atom=    0.11, RMSE_ALPHA_DERIV=    5.75
2025-07-13 06:06:14.206 INFO: Epoch 1718: head: Default, loss=0.0021, RMSE_MU_per_atom=0.00 mDebye, RMSE_MU_DERIV=0.00 mDebye / A, RMSE_ALPHA_per_atom=    0.11, RMSE_ALPHA_DERIV=    5.75
2025-07-13 06:06:36.052 INFO: Epoch 1719: head: Default, loss=0.0021, RMSE_MU_per_atom=0.00 mDebye, RMSE_MU_DERIV=0.00 mDebye / A, RMSE_ALPHA_per_atom=    0.11, RMSE_ALPHA_DERIV=    5.75
2025-07-13 06:06:57.895 INFO: Epoch 1720: head: Default, loss=0.0021, RMSE_MU_per_atom=0.00 mDebye, RMSE_MU_DERIV=0.00 mDebye / A, RMSE_ALPHA_per_atom=    0.11, RMSE_ALPHA_DERIV=    5.75
2025-07-13 06:07:19.741 INFO: Epoch 1721: head: Default, loss=0.0021, RMSE_MU_per_atom=0.00 mDebye, RMSE_MU_DERIV=0.00 mDebye / A, RMSE_ALPHA_per_atom=    0.11, RMSE_ALPHA_DERIV=    5.75
2025-07-13 06:07:41.586 INFO: Epoch 1722: head: Default, loss=0.0021, RMSE_MU_per_atom=0.00 mDebye, RMSE_MU_DERIV=0.00 mDebye / A, RMSE_ALPHA_per_atom=    0.11, RMSE_ALPHA_DERIV=    5.75
2025-07-13 06:08:03.421 INFO: Epoch 1723: head: Default, loss=0.0021, RMSE_MU_per_atom=0.00 mDebye, RMSE_MU_DERIV=0.00 mDebye / A, RMSE_ALPHA_per_atom=    0.11, RMSE_ALPHA_DERIV=    5.75
2025-07-13 06:08:25.271 INFO: Epoch 1724: head: Default, loss=0.0021, RMSE_MU_per_atom=0.00 mDebye, RMSE_MU_DERIV=0.00 mDebye / A, RMSE_ALPHA_per_atom=    0.11, RMSE_ALPHA_DERIV=    5.75
2025-07-13 06:08:47.115 INFO: Epoch 1725: head: Default, loss=0.0021, RMSE_MU_per_atom=0.00 mDebye, RMSE_MU_DERIV=0.00 mDebye / A, RMSE_ALPHA_per_atom=    0.11, RMSE_ALPHA_DERIV=    5.75
2025-07-13 06:09:08.955 INFO: Epoch 1726: head: Default, loss=0.0021, RMSE_MU_per_atom=0.00 mDebye, RMSE_MU_DERIV=0.00 mDebye / A, RMSE_ALPHA_per_atom=    0.11, RMSE_ALPHA_DERIV=    5.75
2025-07-13 06:09:30.796 INFO: Epoch 1727: head: Default, loss=0.0020, RMSE_MU_per_atom=0.00 mDebye, RMSE_MU_DERIV=0.00 mDebye / A, RMSE_ALPHA_per_atom=    0.11, RMSE_ALPHA_DERIV=    5.75
2025-07-13 06:09:52.633 INFO: Epoch 1728: head: Default, loss=0.0021, RMSE_MU_per_atom=0.00 mDebye, RMSE_MU_DERIV=0.00 mDebye / A, RMSE_ALPHA_per_atom=    0.11, RMSE_ALPHA_DERIV=    5.75
2025-07-13 06:10:14.474 INFO: Epoch 1729: head: Default, loss=0.0021, RMSE_MU_per_atom=0.00 mDebye, RMSE_MU_DERIV=0.00 mDebye / A, RMSE_ALPHA_per_atom=    0.11, RMSE_ALPHA_DERIV=    5.75
2025-07-13 06:10:36.316 INFO: Epoch 1730: head: Default, loss=0.0021, RMSE_MU_per_atom=0.00 mDebye, RMSE_MU_DERIV=0.00 mDebye / A, RMSE_ALPHA_per_atom=    0.11, RMSE_ALPHA_DERIV=    5.75
2025-07-13 06:10:58.160 INFO: Epoch 1731: head: Default, loss=0.0021, RMSE_MU_per_atom=0.00 mDebye, RMSE_MU_DERIV=0.00 mDebye / A, RMSE_ALPHA_per_atom=    0.11, RMSE_ALPHA_DERIV=    5.75
2025-07-13 06:11:20.005 INFO: Epoch 1732: head: Default, loss=0.0021, RMSE_MU_per_atom=0.00 mDebye, RMSE_MU_DERIV=0.00 mDebye / A, RMSE_ALPHA_per_atom=    0.11, RMSE_ALPHA_DERIV=    5.75
2025-07-13 06:11:41.864 INFO: Epoch 1733: head: Default, loss=0.0021, RMSE_MU_per_atom=0.00 mDebye, RMSE_MU_DERIV=0.00 mDebye / A, RMSE_ALPHA_per_atom=    0.11, RMSE_ALPHA_DERIV=    5.75
2025-07-13 06:12:03.719 INFO: Epoch 1734: head: Default, loss=0.0021, RMSE_MU_per_atom=0.00 mDebye, RMSE_MU_DERIV=0.00 mDebye / A, RMSE_ALPHA_per_atom=    0.11, RMSE_ALPHA_DERIV=    5.75
2025-07-13 06:12:25.566 INFO: Epoch 1735: head: Default, loss=0.0021, RMSE_MU_per_atom=0.00 mDebye, RMSE_MU_DERIV=0.00 mDebye / A, RMSE_ALPHA_per_atom=    0.11, RMSE_ALPHA_DERIV=    5.75
2025-07-13 06:12:47.410 INFO: Epoch 1736: head: Default, loss=0.0021, RMSE_MU_per_atom=0.00 mDebye, RMSE_MU_DERIV=0.00 mDebye / A, RMSE_ALPHA_per_atom=    0.11, RMSE_ALPHA_DERIV=    5.75
2025-07-13 06:13:09.255 INFO: Epoch 1737: head: Default, loss=0.0021, RMSE_MU_per_atom=0.00 mDebye, RMSE_MU_DERIV=0.00 mDebye / A, RMSE_ALPHA_per_atom=    0.11, RMSE_ALPHA_DERIV=    5.75
2025-07-13 06:13:31.098 INFO: Epoch 1738: head: Default, loss=0.0021, RMSE_MU_per_atom=0.00 mDebye, RMSE_MU_DERIV=0.00 mDebye / A, RMSE_ALPHA_per_atom=    0.11, RMSE_ALPHA_DERIV=    5.75
2025-07-13 06:13:52.943 INFO: Epoch 1739: head: Default, loss=0.0021, RMSE_MU_per_atom=0.00 mDebye, RMSE_MU_DERIV=0.00 mDebye / A, RMSE_ALPHA_per_atom=    0.11, RMSE_ALPHA_DERIV=    5.75
2025-07-13 06:14:14.782 INFO: Epoch 1740: head: Default, loss=0.0021, RMSE_MU_per_atom=0.00 mDebye, RMSE_MU_DERIV=0.00 mDebye / A, RMSE_ALPHA_per_atom=    0.11, RMSE_ALPHA_DERIV=    5.75
2025-07-13 06:14:36.618 INFO: Epoch 1741: head: Default, loss=0.0021, RMSE_MU_per_atom=0.00 mDebye, RMSE_MU_DERIV=0.00 mDebye / A, RMSE_ALPHA_per_atom=    0.11, RMSE_ALPHA_DERIV=    5.75
2025-07-13 06:14:58.458 INFO: Epoch 1742: head: Default, loss=0.0021, RMSE_MU_per_atom=0.00 mDebye, RMSE_MU_DERIV=0.00 mDebye / A, RMSE_ALPHA_per_atom=    0.11, RMSE_ALPHA_DERIV=    5.75
2025-07-13 06:15:20.297 INFO: Epoch 1743: head: Default, loss=0.0021, RMSE_MU_per_atom=0.00 mDebye, RMSE_MU_DERIV=0.00 mDebye / A, RMSE_ALPHA_per_atom=    0.11, RMSE_ALPHA_DERIV=    5.75
2025-07-13 06:15:42.143 INFO: Epoch 1744: head: Default, loss=0.0021, RMSE_MU_per_atom=0.00 mDebye, RMSE_MU_DERIV=0.00 mDebye / A, RMSE_ALPHA_per_atom=    0.11, RMSE_ALPHA_DERIV=    5.75
2025-07-13 06:16:03.993 INFO: Epoch 1745: head: Default, loss=0.0021, RMSE_MU_per_atom=0.00 mDebye, RMSE_MU_DERIV=0.00 mDebye / A, RMSE_ALPHA_per_atom=    0.11, RMSE_ALPHA_DERIV=    5.75
2025-07-13 06:16:25.838 INFO: Epoch 1746: head: Default, loss=0.0021, RMSE_MU_per_atom=0.00 mDebye, RMSE_MU_DERIV=0.00 mDebye / A, RMSE_ALPHA_per_atom=    0.11, RMSE_ALPHA_DERIV=    5.75
2025-07-13 06:16:47.682 INFO: Epoch 1747: head: Default, loss=0.0021, RMSE_MU_per_atom=0.00 mDebye, RMSE_MU_DERIV=0.00 mDebye / A, RMSE_ALPHA_per_atom=    0.11, RMSE_ALPHA_DERIV=    5.75
2025-07-13 06:17:09.516 INFO: Epoch 1748: head: Default, loss=0.0021, RMSE_MU_per_atom=0.00 mDebye, RMSE_MU_DERIV=0.00 mDebye / A, RMSE_ALPHA_per_atom=    0.11, RMSE_ALPHA_DERIV=    5.75
2025-07-13 06:17:31.356 INFO: Epoch 1749: head: Default, loss=0.0021, RMSE_MU_per_atom=0.00 mDebye, RMSE_MU_DERIV=0.00 mDebye / A, RMSE_ALPHA_per_atom=    0.11, RMSE_ALPHA_DERIV=    5.75
2025-07-13 06:17:53.198 INFO: Epoch 1750: head: Default, loss=0.0021, RMSE_MU_per_atom=0.00 mDebye, RMSE_MU_DERIV=0.00 mDebye / A, RMSE_ALPHA_per_atom=    0.11, RMSE_ALPHA_DERIV=    5.75
2025-07-13 06:18:15.045 INFO: Epoch 1751: head: Default, loss=0.0021, RMSE_MU_per_atom=0.00 mDebye, RMSE_MU_DERIV=0.00 mDebye / A, RMSE_ALPHA_per_atom=    0.11, RMSE_ALPHA_DERIV=    5.75
2025-07-13 06:18:36.881 INFO: Epoch 1752: head: Default, loss=0.0021, RMSE_MU_per_atom=0.00 mDebye, RMSE_MU_DERIV=0.00 mDebye / A, RMSE_ALPHA_per_atom=    0.11, RMSE_ALPHA_DERIV=    5.75
2025-07-13 06:18:58.724 INFO: Epoch 1753: head: Default, loss=0.0021, RMSE_MU_per_atom=0.00 mDebye, RMSE_MU_DERIV=0.00 mDebye / A, RMSE_ALPHA_per_atom=    0.11, RMSE_ALPHA_DERIV=    5.75
2025-07-13 06:19:20.574 INFO: Epoch 1754: head: Default, loss=0.0021, RMSE_MU_per_atom=0.00 mDebye, RMSE_MU_DERIV=0.00 mDebye / A, RMSE_ALPHA_per_atom=    0.11, RMSE_ALPHA_DERIV=    5.75
2025-07-13 06:19:42.428 INFO: Epoch 1755: head: Default, loss=0.0021, RMSE_MU_per_atom=0.00 mDebye, RMSE_MU_DERIV=0.00 mDebye / A, RMSE_ALPHA_per_atom=    0.11, RMSE_ALPHA_DERIV=    5.75
2025-07-13 06:20:04.272 INFO: Epoch 1756: head: Default, loss=0.0021, RMSE_MU_per_atom=0.00 mDebye, RMSE_MU_DERIV=0.00 mDebye / A, RMSE_ALPHA_per_atom=    0.11, RMSE_ALPHA_DERIV=    5.75
2025-07-13 06:20:26.117 INFO: Epoch 1757: head: Default, loss=0.0021, RMSE_MU_per_atom=0.00 mDebye, RMSE_MU_DERIV=0.00 mDebye / A, RMSE_ALPHA_per_atom=    0.11, RMSE_ALPHA_DERIV=    5.75
2025-07-13 06:20:47.963 INFO: Epoch 1758: head: Default, loss=0.0021, RMSE_MU_per_atom=0.00 mDebye, RMSE_MU_DERIV=0.00 mDebye / A, RMSE_ALPHA_per_atom=    0.11, RMSE_ALPHA_DERIV=    5.75
2025-07-13 06:21:09.797 INFO: Epoch 1759: head: Default, loss=0.0021, RMSE_MU_per_atom=0.00 mDebye, RMSE_MU_DERIV=0.00 mDebye / A, RMSE_ALPHA_per_atom=    0.11, RMSE_ALPHA_DERIV=    5.75
2025-07-13 06:21:31.645 INFO: Epoch 1760: head: Default, loss=0.0021, RMSE_MU_per_atom=0.00 mDebye, RMSE_MU_DERIV=0.00 mDebye / A, RMSE_ALPHA_per_atom=    0.11, RMSE_ALPHA_DERIV=    5.75
2025-07-13 06:21:53.484 INFO: Epoch 1761: head: Default, loss=0.0021, RMSE_MU_per_atom=0.00 mDebye, RMSE_MU_DERIV=0.00 mDebye / A, RMSE_ALPHA_per_atom=    0.11, RMSE_ALPHA_DERIV=    5.75
2025-07-13 06:22:15.327 INFO: Epoch 1762: head: Default, loss=0.0021, RMSE_MU_per_atom=0.00 mDebye, RMSE_MU_DERIV=0.00 mDebye / A, RMSE_ALPHA_per_atom=    0.11, RMSE_ALPHA_DERIV=    5.75
2025-07-13 06:22:37.174 INFO: Epoch 1763: head: Default, loss=0.0021, RMSE_MU_per_atom=0.00 mDebye, RMSE_MU_DERIV=0.00 mDebye / A, RMSE_ALPHA_per_atom=    0.11, RMSE_ALPHA_DERIV=    5.75
2025-07-13 06:22:59.023 INFO: Epoch 1764: head: Default, loss=0.0021, RMSE_MU_per_atom=0.00 mDebye, RMSE_MU_DERIV=0.00 mDebye / A, RMSE_ALPHA_per_atom=    0.11, RMSE_ALPHA_DERIV=    5.75
2025-07-13 06:23:20.852 INFO: Epoch 1765: head: Default, loss=0.0021, RMSE_MU_per_atom=0.00 mDebye, RMSE_MU_DERIV=0.00 mDebye / A, RMSE_ALPHA_per_atom=    0.11, RMSE_ALPHA_DERIV=    5.75
2025-07-13 06:23:42.693 INFO: Epoch 1766: head: Default, loss=0.0021, RMSE_MU_per_atom=0.00 mDebye, RMSE_MU_DERIV=0.00 mDebye / A, RMSE_ALPHA_per_atom=    0.11, RMSE_ALPHA_DERIV=    5.75
2025-07-13 06:24:04.535 INFO: Epoch 1767: head: Default, loss=0.0021, RMSE_MU_per_atom=0.00 mDebye, RMSE_MU_DERIV=0.00 mDebye / A, RMSE_ALPHA_per_atom=    0.11, RMSE_ALPHA_DERIV=    5.75
2025-07-13 06:24:26.369 INFO: Epoch 1768: head: Default, loss=0.0021, RMSE_MU_per_atom=0.00 mDebye, RMSE_MU_DERIV=0.00 mDebye / A, RMSE_ALPHA_per_atom=    0.11, RMSE_ALPHA_DERIV=    5.75
2025-07-13 06:24:48.225 INFO: Epoch 1769: head: Default, loss=0.0021, RMSE_MU_per_atom=0.00 mDebye, RMSE_MU_DERIV=0.00 mDebye / A, RMSE_ALPHA_per_atom=    0.11, RMSE_ALPHA_DERIV=    5.75
2025-07-13 06:25:10.061 INFO: Epoch 1770: head: Default, loss=0.0021, RMSE_MU_per_atom=0.00 mDebye, RMSE_MU_DERIV=0.00 mDebye / A, RMSE_ALPHA_per_atom=    0.11, RMSE_ALPHA_DERIV=    5.75
2025-07-13 06:25:31.914 INFO: Epoch 1771: head: Default, loss=0.0021, RMSE_MU_per_atom=0.00 mDebye, RMSE_MU_DERIV=0.00 mDebye / A, RMSE_ALPHA_per_atom=    0.11, RMSE_ALPHA_DERIV=    5.75
2025-07-13 06:25:53.759 INFO: Epoch 1772: head: Default, loss=0.0021, RMSE_MU_per_atom=0.00 mDebye, RMSE_MU_DERIV=0.00 mDebye / A, RMSE_ALPHA_per_atom=    0.11, RMSE_ALPHA_DERIV=    5.75
2025-07-13 06:26:15.595 INFO: Epoch 1773: head: Default, loss=0.0021, RMSE_MU_per_atom=0.00 mDebye, RMSE_MU_DERIV=0.00 mDebye / A, RMSE_ALPHA_per_atom=    0.11, RMSE_ALPHA_DERIV=    5.75
2025-07-13 06:26:37.443 INFO: Epoch 1774: head: Default, loss=0.0021, RMSE_MU_per_atom=0.00 mDebye, RMSE_MU_DERIV=0.00 mDebye / A, RMSE_ALPHA_per_atom=    0.11, RMSE_ALPHA_DERIV=    5.75
2025-07-13 06:26:59.284 INFO: Epoch 1775: head: Default, loss=0.0021, RMSE_MU_per_atom=0.00 mDebye, RMSE_MU_DERIV=0.00 mDebye / A, RMSE_ALPHA_per_atom=    0.11, RMSE_ALPHA_DERIV=    5.75
2025-07-13 06:27:21.121 INFO: Epoch 1776: head: Default, loss=0.0021, RMSE_MU_per_atom=0.00 mDebye, RMSE_MU_DERIV=0.00 mDebye / A, RMSE_ALPHA_per_atom=    0.11, RMSE_ALPHA_DERIV=    5.75
2025-07-13 06:27:42.972 INFO: Epoch 1777: head: Default, loss=0.0021, RMSE_MU_per_atom=0.00 mDebye, RMSE_MU_DERIV=0.00 mDebye / A, RMSE_ALPHA_per_atom=    0.11, RMSE_ALPHA_DERIV=    5.75
2025-07-13 06:28:04.814 INFO: Epoch 1778: head: Default, loss=0.0021, RMSE_MU_per_atom=0.00 mDebye, RMSE_MU_DERIV=0.00 mDebye / A, RMSE_ALPHA_per_atom=    0.11, RMSE_ALPHA_DERIV=    5.75
2025-07-13 06:28:26.649 INFO: Epoch 1779: head: Default, loss=0.0021, RMSE_MU_per_atom=0.00 mDebye, RMSE_MU_DERIV=0.00 mDebye / A, RMSE_ALPHA_per_atom=    0.11, RMSE_ALPHA_DERIV=    5.75
2025-07-13 06:28:48.489 INFO: Epoch 1780: head: Default, loss=0.0021, RMSE_MU_per_atom=0.00 mDebye, RMSE_MU_DERIV=0.00 mDebye / A, RMSE_ALPHA_per_atom=    0.11, RMSE_ALPHA_DERIV=    5.75
2025-07-13 06:29:10.339 INFO: Epoch 1781: head: Default, loss=0.0021, RMSE_MU_per_atom=0.00 mDebye, RMSE_MU_DERIV=0.00 mDebye / A, RMSE_ALPHA_per_atom=    0.11, RMSE_ALPHA_DERIV=    5.75
2025-07-13 06:29:32.176 INFO: Epoch 1782: head: Default, loss=0.0021, RMSE_MU_per_atom=0.00 mDebye, RMSE_MU_DERIV=0.00 mDebye / A, RMSE_ALPHA_per_atom=    0.11, RMSE_ALPHA_DERIV=    5.75
2025-07-13 06:29:54.020 INFO: Epoch 1783: head: Default, loss=0.0021, RMSE_MU_per_atom=0.00 mDebye, RMSE_MU_DERIV=0.00 mDebye / A, RMSE_ALPHA_per_atom=    0.11, RMSE_ALPHA_DERIV=    5.75
2025-07-13 06:30:15.866 INFO: Epoch 1784: head: Default, loss=0.0021, RMSE_MU_per_atom=0.00 mDebye, RMSE_MU_DERIV=0.00 mDebye / A, RMSE_ALPHA_per_atom=    0.11, RMSE_ALPHA_DERIV=    5.75
2025-07-13 06:30:37.712 INFO: Epoch 1785: head: Default, loss=0.0021, RMSE_MU_per_atom=0.00 mDebye, RMSE_MU_DERIV=0.00 mDebye / A, RMSE_ALPHA_per_atom=    0.11, RMSE_ALPHA_DERIV=    5.75
2025-07-13 06:30:59.555 INFO: Epoch 1786: head: Default, loss=0.0021, RMSE_MU_per_atom=0.00 mDebye, RMSE_MU_DERIV=0.00 mDebye / A, RMSE_ALPHA_per_atom=    0.11, RMSE_ALPHA_DERIV=    5.75
2025-07-13 06:31:21.393 INFO: Epoch 1787: head: Default, loss=0.0021, RMSE_MU_per_atom=0.00 mDebye, RMSE_MU_DERIV=0.00 mDebye / A, RMSE_ALPHA_per_atom=    0.11, RMSE_ALPHA_DERIV=    5.75
2025-07-13 06:31:43.228 INFO: Epoch 1788: head: Default, loss=0.0021, RMSE_MU_per_atom=0.00 mDebye, RMSE_MU_DERIV=0.00 mDebye / A, RMSE_ALPHA_per_atom=    0.11, RMSE_ALPHA_DERIV=    5.75
2025-07-13 06:32:05.073 INFO: Epoch 1789: head: Default, loss=0.0021, RMSE_MU_per_atom=0.00 mDebye, RMSE_MU_DERIV=0.00 mDebye / A, RMSE_ALPHA_per_atom=    0.11, RMSE_ALPHA_DERIV=    5.75
2025-07-13 06:32:26.917 INFO: Epoch 1790: head: Default, loss=0.0021, RMSE_MU_per_atom=0.00 mDebye, RMSE_MU_DERIV=0.00 mDebye / A, RMSE_ALPHA_per_atom=    0.11, RMSE_ALPHA_DERIV=    5.75
2025-07-13 06:32:48.755 INFO: Epoch 1791: head: Default, loss=0.0021, RMSE_MU_per_atom=0.00 mDebye, RMSE_MU_DERIV=0.00 mDebye / A, RMSE_ALPHA_per_atom=    0.11, RMSE_ALPHA_DERIV=    5.75
2025-07-13 06:33:10.599 INFO: Epoch 1792: head: Default, loss=0.0021, RMSE_MU_per_atom=0.00 mDebye, RMSE_MU_DERIV=0.00 mDebye / A, RMSE_ALPHA_per_atom=    0.11, RMSE_ALPHA_DERIV=    5.75
2025-07-13 06:33:32.443 INFO: Epoch 1793: head: Default, loss=0.0021, RMSE_MU_per_atom=0.00 mDebye, RMSE_MU_DERIV=0.00 mDebye / A, RMSE_ALPHA_per_atom=    0.11, RMSE_ALPHA_DERIV=    5.75
2025-07-13 06:33:54.282 INFO: Epoch 1794: head: Default, loss=0.0021, RMSE_MU_per_atom=0.00 mDebye, RMSE_MU_DERIV=0.00 mDebye / A, RMSE_ALPHA_per_atom=    0.11, RMSE_ALPHA_DERIV=    5.75
2025-07-13 06:34:16.119 INFO: Epoch 1795: head: Default, loss=0.0021, RMSE_MU_per_atom=0.00 mDebye, RMSE_MU_DERIV=0.00 mDebye / A, RMSE_ALPHA_per_atom=    0.11, RMSE_ALPHA_DERIV=    5.75
2025-07-13 06:34:37.970 INFO: Epoch 1796: head: Default, loss=0.0021, RMSE_MU_per_atom=0.00 mDebye, RMSE_MU_DERIV=0.00 mDebye / A, RMSE_ALPHA_per_atom=    0.11, RMSE_ALPHA_DERIV=    5.75
2025-07-13 06:34:59.812 INFO: Epoch 1797: head: Default, loss=0.0021, RMSE_MU_per_atom=0.00 mDebye, RMSE_MU_DERIV=0.00 mDebye / A, RMSE_ALPHA_per_atom=    0.11, RMSE_ALPHA_DERIV=    5.75
2025-07-13 06:35:21.654 INFO: Epoch 1798: head: Default, loss=0.0021, RMSE_MU_per_atom=0.00 mDebye, RMSE_MU_DERIV=0.00 mDebye / A, RMSE_ALPHA_per_atom=    0.11, RMSE_ALPHA_DERIV=    5.75
2025-07-13 06:35:43.487 INFO: Epoch 1799: head: Default, loss=0.0021, RMSE_MU_per_atom=0.00 mDebye, RMSE_MU_DERIV=0.00 mDebye / A, RMSE_ALPHA_per_atom=    0.11, RMSE_ALPHA_DERIV=    5.75
2025-07-13 06:36:05.338 INFO: Epoch 1800: head: Default, loss=0.0021, RMSE_MU_per_atom=0.00 mDebye, RMSE_MU_DERIV=0.00 mDebye / A, RMSE_ALPHA_per_atom=    0.11, RMSE_ALPHA_DERIV=    5.75
2025-07-13 06:36:27.182 INFO: Epoch 1801: head: Default, loss=0.0021, RMSE_MU_per_atom=0.00 mDebye, RMSE_MU_DERIV=0.00 mDebye / A, RMSE_ALPHA_per_atom=    0.11, RMSE_ALPHA_DERIV=    5.75
2025-07-13 06:36:49.028 INFO: Epoch 1802: head: Default, loss=0.0021, RMSE_MU_per_atom=0.00 mDebye, RMSE_MU_DERIV=0.00 mDebye / A, RMSE_ALPHA_per_atom=    0.11, RMSE_ALPHA_DERIV=    5.75
2025-07-13 06:37:10.874 INFO: Epoch 1803: head: Default, loss=0.0021, RMSE_MU_per_atom=0.00 mDebye, RMSE_MU_DERIV=0.00 mDebye / A, RMSE_ALPHA_per_atom=    0.11, RMSE_ALPHA_DERIV=    5.75
2025-07-13 06:37:32.728 INFO: Epoch 1804: head: Default, loss=0.0021, RMSE_MU_per_atom=0.00 mDebye, RMSE_MU_DERIV=0.00 mDebye / A, RMSE_ALPHA_per_atom=    0.11, RMSE_ALPHA_DERIV=    5.75
2025-07-13 06:37:54.561 INFO: Epoch 1805: head: Default, loss=0.0021, RMSE_MU_per_atom=0.00 mDebye, RMSE_MU_DERIV=0.00 mDebye / A, RMSE_ALPHA_per_atom=    0.11, RMSE_ALPHA_DERIV=    5.75
2025-07-13 06:38:16.402 INFO: Epoch 1806: head: Default, loss=0.0021, RMSE_MU_per_atom=0.00 mDebye, RMSE_MU_DERIV=0.00 mDebye / A, RMSE_ALPHA_per_atom=    0.11, RMSE_ALPHA_DERIV=    5.75
2025-07-13 06:38:38.240 INFO: Epoch 1807: head: Default, loss=0.0021, RMSE_MU_per_atom=0.00 mDebye, RMSE_MU_DERIV=0.00 mDebye / A, RMSE_ALPHA_per_atom=    0.11, RMSE_ALPHA_DERIV=    5.75
2025-07-13 06:39:00.073 INFO: Epoch 1808: head: Default, loss=0.0021, RMSE_MU_per_atom=0.00 mDebye, RMSE_MU_DERIV=0.00 mDebye / A, RMSE_ALPHA_per_atom=    0.11, RMSE_ALPHA_DERIV=    5.75
2025-07-13 06:39:21.911 INFO: Epoch 1809: head: Default, loss=0.0021, RMSE_MU_per_atom=0.00 mDebye, RMSE_MU_DERIV=0.00 mDebye / A, RMSE_ALPHA_per_atom=    0.11, RMSE_ALPHA_DERIV=    5.75
2025-07-13 06:39:43.755 INFO: Epoch 1810: head: Default, loss=0.0021, RMSE_MU_per_atom=0.00 mDebye, RMSE_MU_DERIV=0.00 mDebye / A, RMSE_ALPHA_per_atom=    0.11, RMSE_ALPHA_DERIV=    5.75
2025-07-13 06:40:05.600 INFO: Epoch 1811: head: Default, loss=0.0021, RMSE_MU_per_atom=0.00 mDebye, RMSE_MU_DERIV=0.00 mDebye / A, RMSE_ALPHA_per_atom=    0.11, RMSE_ALPHA_DERIV=    5.75
2025-07-13 06:40:27.447 INFO: Epoch 1812: head: Default, loss=0.0021, RMSE_MU_per_atom=0.00 mDebye, RMSE_MU_DERIV=0.00 mDebye / A, RMSE_ALPHA_per_atom=    0.11, RMSE_ALPHA_DERIV=    5.75
2025-07-13 06:40:49.289 INFO: Epoch 1813: head: Default, loss=0.0021, RMSE_MU_per_atom=0.00 mDebye, RMSE_MU_DERIV=0.00 mDebye / A, RMSE_ALPHA_per_atom=    0.11, RMSE_ALPHA_DERIV=    5.75
2025-07-13 06:41:11.139 INFO: Epoch 1814: head: Default, loss=0.0021, RMSE_MU_per_atom=0.00 mDebye, RMSE_MU_DERIV=0.00 mDebye / A, RMSE_ALPHA_per_atom=    0.11, RMSE_ALPHA_DERIV=    5.75
2025-07-13 06:41:32.982 INFO: Epoch 1815: head: Default, loss=0.0021, RMSE_MU_per_atom=0.00 mDebye, RMSE_MU_DERIV=0.00 mDebye / A, RMSE_ALPHA_per_atom=    0.11, RMSE_ALPHA_DERIV=    5.75
2025-07-13 06:41:54.813 INFO: Epoch 1816: head: Default, loss=0.0021, RMSE_MU_per_atom=0.00 mDebye, RMSE_MU_DERIV=0.00 mDebye / A, RMSE_ALPHA_per_atom=    0.11, RMSE_ALPHA_DERIV=    5.75
2025-07-13 06:42:16.662 INFO: Epoch 1817: head: Default, loss=0.0021, RMSE_MU_per_atom=0.00 mDebye, RMSE_MU_DERIV=0.00 mDebye / A, RMSE_ALPHA_per_atom=    0.11, RMSE_ALPHA_DERIV=    5.75
2025-07-13 06:42:38.498 INFO: Epoch 1818: head: Default, loss=0.0021, RMSE_MU_per_atom=0.00 mDebye, RMSE_MU_DERIV=0.00 mDebye / A, RMSE_ALPHA_per_atom=    0.11, RMSE_ALPHA_DERIV=    5.75
2025-07-13 06:43:00.351 INFO: Epoch 1819: head: Default, loss=0.0021, RMSE_MU_per_atom=0.00 mDebye, RMSE_MU_DERIV=0.00 mDebye / A, RMSE_ALPHA_per_atom=    0.11, RMSE_ALPHA_DERIV=    5.75
2025-07-13 06:43:22.190 INFO: Epoch 1820: head: Default, loss=0.0021, RMSE_MU_per_atom=0.00 mDebye, RMSE_MU_DERIV=0.00 mDebye / A, RMSE_ALPHA_per_atom=    0.11, RMSE_ALPHA_DERIV=    5.75
2025-07-13 06:43:44.034 INFO: Epoch 1821: head: Default, loss=0.0021, RMSE_MU_per_atom=0.00 mDebye, RMSE_MU_DERIV=0.00 mDebye / A, RMSE_ALPHA_per_atom=    0.11, RMSE_ALPHA_DERIV=    5.75
2025-07-13 06:44:05.879 INFO: Epoch 1822: head: Default, loss=0.0021, RMSE_MU_per_atom=0.00 mDebye, RMSE_MU_DERIV=0.00 mDebye / A, RMSE_ALPHA_per_atom=    0.11, RMSE_ALPHA_DERIV=    5.75
2025-07-13 06:44:27.722 INFO: Epoch 1823: head: Default, loss=0.0021, RMSE_MU_per_atom=0.00 mDebye, RMSE_MU_DERIV=0.00 mDebye / A, RMSE_ALPHA_per_atom=    0.11, RMSE_ALPHA_DERIV=    5.75
2025-07-13 06:44:49.566 INFO: Epoch 1824: head: Default, loss=0.0021, RMSE_MU_per_atom=0.00 mDebye, RMSE_MU_DERIV=0.00 mDebye / A, RMSE_ALPHA_per_atom=    0.11, RMSE_ALPHA_DERIV=    5.75
2025-07-13 06:45:11.414 INFO: Epoch 1825: head: Default, loss=0.0021, RMSE_MU_per_atom=0.00 mDebye, RMSE_MU_DERIV=0.00 mDebye / A, RMSE_ALPHA_per_atom=    0.11, RMSE_ALPHA_DERIV=    5.75
2025-07-13 06:45:33.261 INFO: Epoch 1826: head: Default, loss=0.0021, RMSE_MU_per_atom=0.00 mDebye, RMSE_MU_DERIV=0.00 mDebye / A, RMSE_ALPHA_per_atom=    0.11, RMSE_ALPHA_DERIV=    5.75
2025-07-13 06:45:55.102 INFO: Epoch 1827: head: Default, loss=0.0021, RMSE_MU_per_atom=0.00 mDebye, RMSE_MU_DERIV=0.00 mDebye / A, RMSE_ALPHA_per_atom=    0.11, RMSE_ALPHA_DERIV=    5.75
2025-07-13 06:46:16.960 INFO: Epoch 1828: head: Default, loss=0.0021, RMSE_MU_per_atom=0.00 mDebye, RMSE_MU_DERIV=0.00 mDebye / A, RMSE_ALPHA_per_atom=    0.11, RMSE_ALPHA_DERIV=    5.75
2025-07-13 06:46:38.801 INFO: Epoch 1829: head: Default, loss=0.0021, RMSE_MU_per_atom=0.00 mDebye, RMSE_MU_DERIV=0.00 mDebye / A, RMSE_ALPHA_per_atom=    0.11, RMSE_ALPHA_DERIV=    5.75
2025-07-13 06:47:00.627 INFO: Epoch 1830: head: Default, loss=0.0021, RMSE_MU_per_atom=0.00 mDebye, RMSE_MU_DERIV=0.00 mDebye / A, RMSE_ALPHA_per_atom=    0.11, RMSE_ALPHA_DERIV=    5.75
2025-07-13 06:47:22.477 INFO: Epoch 1831: head: Default, loss=0.0021, RMSE_MU_per_atom=0.00 mDebye, RMSE_MU_DERIV=0.00 mDebye / A, RMSE_ALPHA_per_atom=    0.11, RMSE_ALPHA_DERIV=    5.75
2025-07-13 06:47:44.318 INFO: Epoch 1832: head: Default, loss=0.0021, RMSE_MU_per_atom=0.00 mDebye, RMSE_MU_DERIV=0.00 mDebye / A, RMSE_ALPHA_per_atom=    0.11, RMSE_ALPHA_DERIV=    5.75
2025-07-13 06:48:06.175 INFO: Epoch 1833: head: Default, loss=0.0021, RMSE_MU_per_atom=0.00 mDebye, RMSE_MU_DERIV=0.00 mDebye / A, RMSE_ALPHA_per_atom=    0.11, RMSE_ALPHA_DERIV=    5.75
2025-07-13 06:48:28.019 INFO: Epoch 1834: head: Default, loss=0.0021, RMSE_MU_per_atom=0.00 mDebye, RMSE_MU_DERIV=0.00 mDebye / A, RMSE_ALPHA_per_atom=    0.11, RMSE_ALPHA_DERIV=    5.75
2025-07-13 06:48:49.862 INFO: Epoch 1835: head: Default, loss=0.0021, RMSE_MU_per_atom=0.00 mDebye, RMSE_MU_DERIV=0.00 mDebye / A, RMSE_ALPHA_per_atom=    0.11, RMSE_ALPHA_DERIV=    5.75
2025-07-13 06:49:11.704 INFO: Epoch 1836: head: Default, loss=0.0021, RMSE_MU_per_atom=0.00 mDebye, RMSE_MU_DERIV=0.00 mDebye / A, RMSE_ALPHA_per_atom=    0.11, RMSE_ALPHA_DERIV=    5.75
2025-07-13 06:49:33.551 INFO: Epoch 1837: head: Default, loss=0.0021, RMSE_MU_per_atom=0.00 mDebye, RMSE_MU_DERIV=0.00 mDebye / A, RMSE_ALPHA_per_atom=    0.11, RMSE_ALPHA_DERIV=    5.75
2025-07-13 06:49:55.408 INFO: Epoch 1838: head: Default, loss=0.0021, RMSE_MU_per_atom=0.00 mDebye, RMSE_MU_DERIV=0.00 mDebye / A, RMSE_ALPHA_per_atom=    0.11, RMSE_ALPHA_DERIV=    5.75
2025-07-13 06:50:17.265 INFO: Epoch 1839: head: Default, loss=0.0021, RMSE_MU_per_atom=0.00 mDebye, RMSE_MU_DERIV=0.00 mDebye / A, RMSE_ALPHA_per_atom=    0.11, RMSE_ALPHA_DERIV=    5.75
2025-07-13 06:50:39.103 INFO: Epoch 1840: head: Default, loss=0.0021, RMSE_MU_per_atom=0.00 mDebye, RMSE_MU_DERIV=0.00 mDebye / A, RMSE_ALPHA_per_atom=    0.11, RMSE_ALPHA_DERIV=    5.75
2025-07-13 06:51:00.949 INFO: Epoch 1841: head: Default, loss=0.0021, RMSE_MU_per_atom=0.00 mDebye, RMSE_MU_DERIV=0.00 mDebye / A, RMSE_ALPHA_per_atom=    0.11, RMSE_ALPHA_DERIV=    5.75
2025-07-13 06:51:22.792 INFO: Epoch 1842: head: Default, loss=0.0021, RMSE_MU_per_atom=0.00 mDebye, RMSE_MU_DERIV=0.00 mDebye / A, RMSE_ALPHA_per_atom=    0.11, RMSE_ALPHA_DERIV=    5.75
2025-07-13 06:51:44.651 INFO: Epoch 1843: head: Default, loss=0.0021, RMSE_MU_per_atom=0.00 mDebye, RMSE_MU_DERIV=0.00 mDebye / A, RMSE_ALPHA_per_atom=    0.11, RMSE_ALPHA_DERIV=    5.75
2025-07-13 06:52:06.493 INFO: Epoch 1844: head: Default, loss=0.0021, RMSE_MU_per_atom=0.00 mDebye, RMSE_MU_DERIV=0.00 mDebye / A, RMSE_ALPHA_per_atom=    0.11, RMSE_ALPHA_DERIV=    5.75
2025-07-13 06:52:28.335 INFO: Epoch 1845: head: Default, loss=0.0021, RMSE_MU_per_atom=0.00 mDebye, RMSE_MU_DERIV=0.00 mDebye / A, RMSE_ALPHA_per_atom=    0.11, RMSE_ALPHA_DERIV=    5.75
2025-07-13 06:52:50.184 INFO: Epoch 1846: head: Default, loss=0.0021, RMSE_MU_per_atom=0.00 mDebye, RMSE_MU_DERIV=0.00 mDebye / A, RMSE_ALPHA_per_atom=    0.11, RMSE_ALPHA_DERIV=    5.75
2025-07-13 06:53:12.023 INFO: Epoch 1847: head: Default, loss=0.0021, RMSE_MU_per_atom=0.00 mDebye, RMSE_MU_DERIV=0.00 mDebye / A, RMSE_ALPHA_per_atom=    0.11, RMSE_ALPHA_DERIV=    5.75
2025-07-13 06:53:33.866 INFO: Epoch 1848: head: Default, loss=0.0021, RMSE_MU_per_atom=0.00 mDebye, RMSE_MU_DERIV=0.00 mDebye / A, RMSE_ALPHA_per_atom=    0.11, RMSE_ALPHA_DERIV=    5.75
2025-07-13 06:53:55.705 INFO: Epoch 1849: head: Default, loss=0.0021, RMSE_MU_per_atom=0.00 mDebye, RMSE_MU_DERIV=0.00 mDebye / A, RMSE_ALPHA_per_atom=    0.11, RMSE_ALPHA_DERIV=    5.75
2025-07-13 06:54:17.545 INFO: Epoch 1850: head: Default, loss=0.0021, RMSE_MU_per_atom=0.00 mDebye, RMSE_MU_DERIV=0.00 mDebye / A, RMSE_ALPHA_per_atom=    0.11, RMSE_ALPHA_DERIV=    5.75
2025-07-13 06:54:39.388 INFO: Epoch 1851: head: Default, loss=0.0021, RMSE_MU_per_atom=0.00 mDebye, RMSE_MU_DERIV=0.00 mDebye / A, RMSE_ALPHA_per_atom=    0.11, RMSE_ALPHA_DERIV=    5.75
2025-07-13 06:55:01.227 INFO: Epoch 1852: head: Default, loss=0.0021, RMSE_MU_per_atom=0.00 mDebye, RMSE_MU_DERIV=0.00 mDebye / A, RMSE_ALPHA_per_atom=    0.11, RMSE_ALPHA_DERIV=    5.75
2025-07-13 06:55:23.071 INFO: Epoch 1853: head: Default, loss=0.0021, RMSE_MU_per_atom=0.00 mDebye, RMSE_MU_DERIV=0.00 mDebye / A, RMSE_ALPHA_per_atom=    0.11, RMSE_ALPHA_DERIV=    5.75
2025-07-13 06:55:44.921 INFO: Epoch 1854: head: Default, loss=0.0021, RMSE_MU_per_atom=0.00 mDebye, RMSE_MU_DERIV=0.00 mDebye / A, RMSE_ALPHA_per_atom=    0.11, RMSE_ALPHA_DERIV=    5.75
2025-07-13 06:56:06.764 INFO: Epoch 1855: head: Default, loss=0.0021, RMSE_MU_per_atom=0.00 mDebye, RMSE_MU_DERIV=0.00 mDebye / A, RMSE_ALPHA_per_atom=    0.11, RMSE_ALPHA_DERIV=    5.75
2025-07-13 06:56:28.603 INFO: Epoch 1856: head: Default, loss=0.0021, RMSE_MU_per_atom=0.00 mDebye, RMSE_MU_DERIV=0.00 mDebye / A, RMSE_ALPHA_per_atom=    0.11, RMSE_ALPHA_DERIV=    5.75
2025-07-13 06:56:50.458 INFO: Epoch 1857: head: Default, loss=0.0021, RMSE_MU_per_atom=0.00 mDebye, RMSE_MU_DERIV=0.00 mDebye / A, RMSE_ALPHA_per_atom=    0.11, RMSE_ALPHA_DERIV=    5.75
2025-07-13 06:57:12.312 INFO: Epoch 1858: head: Default, loss=0.0021, RMSE_MU_per_atom=0.00 mDebye, RMSE_MU_DERIV=0.00 mDebye / A, RMSE_ALPHA_per_atom=    0.11, RMSE_ALPHA_DERIV=    5.75
2025-07-13 06:57:34.156 INFO: Epoch 1859: head: Default, loss=0.0021, RMSE_MU_per_atom=0.00 mDebye, RMSE_MU_DERIV=0.00 mDebye / A, RMSE_ALPHA_per_atom=    0.11, RMSE_ALPHA_DERIV=    5.75
2025-07-13 06:57:55.986 INFO: Epoch 1860: head: Default, loss=0.0021, RMSE_MU_per_atom=0.00 mDebye, RMSE_MU_DERIV=0.00 mDebye / A, RMSE_ALPHA_per_atom=    0.11, RMSE_ALPHA_DERIV=    5.75
2025-07-13 06:58:17.819 INFO: Epoch 1861: head: Default, loss=0.0021, RMSE_MU_per_atom=0.00 mDebye, RMSE_MU_DERIV=0.00 mDebye / A, RMSE_ALPHA_per_atom=    0.11, RMSE_ALPHA_DERIV=    5.75
2025-07-13 06:58:39.670 INFO: Epoch 1862: head: Default, loss=0.0021, RMSE_MU_per_atom=0.00 mDebye, RMSE_MU_DERIV=0.00 mDebye / A, RMSE_ALPHA_per_atom=    0.11, RMSE_ALPHA_DERIV=    5.75
2025-07-13 06:59:01.512 INFO: Epoch 1863: head: Default, loss=0.0021, RMSE_MU_per_atom=0.00 mDebye, RMSE_MU_DERIV=0.00 mDebye / A, RMSE_ALPHA_per_atom=    0.11, RMSE_ALPHA_DERIV=    5.75
2025-07-13 06:59:23.349 INFO: Epoch 1864: head: Default, loss=0.0021, RMSE_MU_per_atom=0.00 mDebye, RMSE_MU_DERIV=0.00 mDebye / A, RMSE_ALPHA_per_atom=    0.11, RMSE_ALPHA_DERIV=    5.75
2025-07-13 06:59:45.191 INFO: Epoch 1865: head: Default, loss=0.0021, RMSE_MU_per_atom=0.00 mDebye, RMSE_MU_DERIV=0.00 mDebye / A, RMSE_ALPHA_per_atom=    0.11, RMSE_ALPHA_DERIV=    5.75
2025-07-13 07:00:07.031 INFO: Epoch 1866: head: Default, loss=0.0021, RMSE_MU_per_atom=0.00 mDebye, RMSE_MU_DERIV=0.00 mDebye / A, RMSE_ALPHA_per_atom=    0.11, RMSE_ALPHA_DERIV=    5.75
2025-07-13 07:00:28.869 INFO: Epoch 1867: head: Default, loss=0.0021, RMSE_MU_per_atom=0.00 mDebye, RMSE_MU_DERIV=0.00 mDebye / A, RMSE_ALPHA_per_atom=    0.11, RMSE_ALPHA_DERIV=    5.75
2025-07-13 07:00:50.718 INFO: Epoch 1868: head: Default, loss=0.0021, RMSE_MU_per_atom=0.00 mDebye, RMSE_MU_DERIV=0.00 mDebye / A, RMSE_ALPHA_per_atom=    0.11, RMSE_ALPHA_DERIV=    5.75
2025-07-13 07:01:12.558 INFO: Epoch 1869: head: Default, loss=0.0021, RMSE_MU_per_atom=0.00 mDebye, RMSE_MU_DERIV=0.00 mDebye / A, RMSE_ALPHA_per_atom=    0.11, RMSE_ALPHA_DERIV=    5.75
2025-07-13 07:01:34.399 INFO: Epoch 1870: head: Default, loss=0.0021, RMSE_MU_per_atom=0.00 mDebye, RMSE_MU_DERIV=0.00 mDebye / A, RMSE_ALPHA_per_atom=    0.11, RMSE_ALPHA_DERIV=    5.75
2025-07-13 07:01:56.250 INFO: Epoch 1871: head: Default, loss=0.0021, RMSE_MU_per_atom=0.00 mDebye, RMSE_MU_DERIV=0.00 mDebye / A, RMSE_ALPHA_per_atom=    0.11, RMSE_ALPHA_DERIV=    5.75
2025-07-13 07:02:18.091 INFO: Epoch 1872: head: Default, loss=0.0021, RMSE_MU_per_atom=0.00 mDebye, RMSE_MU_DERIV=0.00 mDebye / A, RMSE_ALPHA_per_atom=    0.11, RMSE_ALPHA_DERIV=    5.75
2025-07-13 07:02:39.933 INFO: Epoch 1873: head: Default, loss=0.0021, RMSE_MU_per_atom=0.00 mDebye, RMSE_MU_DERIV=0.00 mDebye / A, RMSE_ALPHA_per_atom=    0.11, RMSE_ALPHA_DERIV=    5.75
2025-07-13 07:03:01.778 INFO: Epoch 1874: head: Default, loss=0.0021, RMSE_MU_per_atom=0.00 mDebye, RMSE_MU_DERIV=0.00 mDebye / A, RMSE_ALPHA_per_atom=    0.11, RMSE_ALPHA_DERIV=    5.75
2025-07-13 07:03:23.626 INFO: Epoch 1875: head: Default, loss=0.0021, RMSE_MU_per_atom=0.00 mDebye, RMSE_MU_DERIV=0.00 mDebye / A, RMSE_ALPHA_per_atom=    0.11, RMSE_ALPHA_DERIV=    5.75
2025-07-13 07:03:45.465 INFO: Epoch 1876: head: Default, loss=0.0021, RMSE_MU_per_atom=0.00 mDebye, RMSE_MU_DERIV=0.00 mDebye / A, RMSE_ALPHA_per_atom=    0.11, RMSE_ALPHA_DERIV=    5.75
2025-07-13 07:04:07.310 INFO: Epoch 1877: head: Default, loss=0.0021, RMSE_MU_per_atom=0.00 mDebye, RMSE_MU_DERIV=0.00 mDebye / A, RMSE_ALPHA_per_atom=    0.11, RMSE_ALPHA_DERIV=    5.75
2025-07-13 07:04:29.152 INFO: Epoch 1878: head: Default, loss=0.0021, RMSE_MU_per_atom=0.00 mDebye, RMSE_MU_DERIV=0.00 mDebye / A, RMSE_ALPHA_per_atom=    0.11, RMSE_ALPHA_DERIV=    5.75
2025-07-13 07:04:50.988 INFO: Epoch 1879: head: Default, loss=0.0021, RMSE_MU_per_atom=0.00 mDebye, RMSE_MU_DERIV=0.00 mDebye / A, RMSE_ALPHA_per_atom=    0.11, RMSE_ALPHA_DERIV=    5.75
2025-07-13 07:05:12.838 INFO: Epoch 1880: head: Default, loss=0.0021, RMSE_MU_per_atom=0.00 mDebye, RMSE_MU_DERIV=0.00 mDebye / A, RMSE_ALPHA_per_atom=    0.11, RMSE_ALPHA_DERIV=    5.75
2025-07-13 07:05:34.672 INFO: Epoch 1881: head: Default, loss=0.0021, RMSE_MU_per_atom=0.00 mDebye, RMSE_MU_DERIV=0.00 mDebye / A, RMSE_ALPHA_per_atom=    0.11, RMSE_ALPHA_DERIV=    5.75
2025-07-13 07:05:56.510 INFO: Epoch 1882: head: Default, loss=0.0021, RMSE_MU_per_atom=0.00 mDebye, RMSE_MU_DERIV=0.00 mDebye / A, RMSE_ALPHA_per_atom=    0.11, RMSE_ALPHA_DERIV=    5.75
2025-07-13 07:06:18.354 INFO: Epoch 1883: head: Default, loss=0.0021, RMSE_MU_per_atom=0.00 mDebye, RMSE_MU_DERIV=0.00 mDebye / A, RMSE_ALPHA_per_atom=    0.11, RMSE_ALPHA_DERIV=    5.75
2025-07-13 07:06:40.193 INFO: Epoch 1884: head: Default, loss=0.0021, RMSE_MU_per_atom=0.00 mDebye, RMSE_MU_DERIV=0.00 mDebye / A, RMSE_ALPHA_per_atom=    0.11, RMSE_ALPHA_DERIV=    5.75
2025-07-13 07:07:02.041 INFO: Epoch 1885: head: Default, loss=0.0021, RMSE_MU_per_atom=0.00 mDebye, RMSE_MU_DERIV=0.00 mDebye / A, RMSE_ALPHA_per_atom=    0.11, RMSE_ALPHA_DERIV=    5.75
2025-07-13 07:07:23.875 INFO: Epoch 1886: head: Default, loss=0.0021, RMSE_MU_per_atom=0.00 mDebye, RMSE_MU_DERIV=0.00 mDebye / A, RMSE_ALPHA_per_atom=    0.11, RMSE_ALPHA_DERIV=    5.75
2025-07-13 07:07:45.719 INFO: Epoch 1887: head: Default, loss=0.0021, RMSE_MU_per_atom=0.00 mDebye, RMSE_MU_DERIV=0.00 mDebye / A, RMSE_ALPHA_per_atom=    0.11, RMSE_ALPHA_DERIV=    5.75
2025-07-13 07:08:07.576 INFO: Epoch 1888: head: Default, loss=0.0021, RMSE_MU_per_atom=0.00 mDebye, RMSE_MU_DERIV=0.00 mDebye / A, RMSE_ALPHA_per_atom=    0.11, RMSE_ALPHA_DERIV=    5.75
2025-07-13 07:08:29.419 INFO: Epoch 1889: head: Default, loss=0.0021, RMSE_MU_per_atom=0.00 mDebye, RMSE_MU_DERIV=0.00 mDebye / A, RMSE_ALPHA_per_atom=    0.11, RMSE_ALPHA_DERIV=    5.75
2025-07-13 07:08:51.268 INFO: Epoch 1890: head: Default, loss=0.0021, RMSE_MU_per_atom=0.00 mDebye, RMSE_MU_DERIV=0.00 mDebye / A, RMSE_ALPHA_per_atom=    0.11, RMSE_ALPHA_DERIV=    5.75
2025-07-13 07:09:13.121 INFO: Epoch 1891: head: Default, loss=0.0021, RMSE_MU_per_atom=0.00 mDebye, RMSE_MU_DERIV=0.00 mDebye / A, RMSE_ALPHA_per_atom=    0.11, RMSE_ALPHA_DERIV=    5.75
2025-07-13 07:09:34.963 INFO: Epoch 1892: head: Default, loss=0.0021, RMSE_MU_per_atom=0.00 mDebye, RMSE_MU_DERIV=0.00 mDebye / A, RMSE_ALPHA_per_atom=    0.11, RMSE_ALPHA_DERIV=    5.75
2025-07-13 07:09:56.801 INFO: Epoch 1893: head: Default, loss=0.0021, RMSE_MU_per_atom=0.00 mDebye, RMSE_MU_DERIV=0.00 mDebye / A, RMSE_ALPHA_per_atom=    0.11, RMSE_ALPHA_DERIV=    5.75
2025-07-13 07:10:18.644 INFO: Epoch 1894: head: Default, loss=0.0021, RMSE_MU_per_atom=0.00 mDebye, RMSE_MU_DERIV=0.00 mDebye / A, RMSE_ALPHA_per_atom=    0.11, RMSE_ALPHA_DERIV=    5.75
2025-07-13 07:10:40.486 INFO: Epoch 1895: head: Default, loss=0.0021, RMSE_MU_per_atom=0.00 mDebye, RMSE_MU_DERIV=0.00 mDebye / A, RMSE_ALPHA_per_atom=    0.11, RMSE_ALPHA_DERIV=    5.75
2025-07-13 07:11:02.326 INFO: Epoch 1896: head: Default, loss=0.0021, RMSE_MU_per_atom=0.00 mDebye, RMSE_MU_DERIV=0.00 mDebye / A, RMSE_ALPHA_per_atom=    0.11, RMSE_ALPHA_DERIV=    5.75
2025-07-13 07:11:24.168 INFO: Epoch 1897: head: Default, loss=0.0021, RMSE_MU_per_atom=0.00 mDebye, RMSE_MU_DERIV=0.00 mDebye / A, RMSE_ALPHA_per_atom=    0.11, RMSE_ALPHA_DERIV=    5.75
2025-07-13 07:11:46.009 INFO: Epoch 1898: head: Default, loss=0.0021, RMSE_MU_per_atom=0.00 mDebye, RMSE_MU_DERIV=0.00 mDebye / A, RMSE_ALPHA_per_atom=    0.11, RMSE_ALPHA_DERIV=    5.75
2025-07-13 07:12:07.848 INFO: Epoch 1899: head: Default, loss=0.0021, RMSE_MU_per_atom=0.00 mDebye, RMSE_MU_DERIV=0.00 mDebye / A, RMSE_ALPHA_per_atom=    0.11, RMSE_ALPHA_DERIV=    5.75
2025-07-13 07:12:29.695 INFO: Epoch 1900: head: Default, loss=0.0021, RMSE_MU_per_atom=0.00 mDebye, RMSE_MU_DERIV=0.00 mDebye / A, RMSE_ALPHA_per_atom=    0.11, RMSE_ALPHA_DERIV=    5.75
2025-07-13 07:12:51.543 INFO: Epoch 1901: head: Default, loss=0.0021, RMSE_MU_per_atom=0.00 mDebye, RMSE_MU_DERIV=0.00 mDebye / A, RMSE_ALPHA_per_atom=    0.11, RMSE_ALPHA_DERIV=    5.75
2025-07-13 07:13:13.391 INFO: Epoch 1902: head: Default, loss=0.0021, RMSE_MU_per_atom=0.00 mDebye, RMSE_MU_DERIV=0.00 mDebye / A, RMSE_ALPHA_per_atom=    0.11, RMSE_ALPHA_DERIV=    5.75
2025-07-13 07:13:35.235 INFO: Epoch 1903: head: Default, loss=0.0021, RMSE_MU_per_atom=0.00 mDebye, RMSE_MU_DERIV=0.00 mDebye / A, RMSE_ALPHA_per_atom=    0.11, RMSE_ALPHA_DERIV=    5.75
2025-07-13 07:13:57.082 INFO: Epoch 1904: head: Default, loss=0.0021, RMSE_MU_per_atom=0.00 mDebye, RMSE_MU_DERIV=0.00 mDebye / A, RMSE_ALPHA_per_atom=    0.11, RMSE_ALPHA_DERIV=    5.75
2025-07-13 07:14:18.927 INFO: Epoch 1905: head: Default, loss=0.0021, RMSE_MU_per_atom=0.00 mDebye, RMSE_MU_DERIV=0.00 mDebye / A, RMSE_ALPHA_per_atom=    0.11, RMSE_ALPHA_DERIV=    5.75
2025-07-13 07:14:40.770 INFO: Epoch 1906: head: Default, loss=0.0021, RMSE_MU_per_atom=0.00 mDebye, RMSE_MU_DERIV=0.00 mDebye / A, RMSE_ALPHA_per_atom=    0.11, RMSE_ALPHA_DERIV=    5.75
2025-07-13 07:15:02.603 INFO: Epoch 1907: head: Default, loss=0.0021, RMSE_MU_per_atom=0.00 mDebye, RMSE_MU_DERIV=0.00 mDebye / A, RMSE_ALPHA_per_atom=    0.11, RMSE_ALPHA_DERIV=    5.75
2025-07-13 07:15:24.456 INFO: Epoch 1908: head: Default, loss=0.0021, RMSE_MU_per_atom=0.00 mDebye, RMSE_MU_DERIV=0.00 mDebye / A, RMSE_ALPHA_per_atom=    0.11, RMSE_ALPHA_DERIV=    5.75
2025-07-13 07:15:46.293 INFO: Epoch 1909: head: Default, loss=0.0021, RMSE_MU_per_atom=0.00 mDebye, RMSE_MU_DERIV=0.00 mDebye / A, RMSE_ALPHA_per_atom=    0.11, RMSE_ALPHA_DERIV=    5.75
2025-07-13 07:16:08.131 INFO: Epoch 1910: head: Default, loss=0.0021, RMSE_MU_per_atom=0.00 mDebye, RMSE_MU_DERIV=0.00 mDebye / A, RMSE_ALPHA_per_atom=    0.11, RMSE_ALPHA_DERIV=    5.75
2025-07-13 07:16:29.968 INFO: Epoch 1911: head: Default, loss=0.0021, RMSE_MU_per_atom=0.00 mDebye, RMSE_MU_DERIV=0.00 mDebye / A, RMSE_ALPHA_per_atom=    0.11, RMSE_ALPHA_DERIV=    5.75
2025-07-13 07:16:51.804 INFO: Epoch 1912: head: Default, loss=0.0021, RMSE_MU_per_atom=0.00 mDebye, RMSE_MU_DERIV=0.00 mDebye / A, RMSE_ALPHA_per_atom=    0.11, RMSE_ALPHA_DERIV=    5.75
2025-07-13 07:17:13.654 INFO: Epoch 1913: head: Default, loss=0.0021, RMSE_MU_per_atom=0.00 mDebye, RMSE_MU_DERIV=0.00 mDebye / A, RMSE_ALPHA_per_atom=    0.11, RMSE_ALPHA_DERIV=    5.75
2025-07-13 07:17:35.496 INFO: Epoch 1914: head: Default, loss=0.0021, RMSE_MU_per_atom=0.00 mDebye, RMSE_MU_DERIV=0.00 mDebye / A, RMSE_ALPHA_per_atom=    0.11, RMSE_ALPHA_DERIV=    5.75
2025-07-13 07:17:57.335 INFO: Epoch 1915: head: Default, loss=0.0021, RMSE_MU_per_atom=0.00 mDebye, RMSE_MU_DERIV=0.00 mDebye / A, RMSE_ALPHA_per_atom=    0.11, RMSE_ALPHA_DERIV=    5.75
2025-07-13 07:18:19.179 INFO: Epoch 1916: head: Default, loss=0.0021, RMSE_MU_per_atom=0.00 mDebye, RMSE_MU_DERIV=0.00 mDebye / A, RMSE_ALPHA_per_atom=    0.11, RMSE_ALPHA_DERIV=    5.75
2025-07-13 07:18:41.025 INFO: Epoch 1917: head: Default, loss=0.0021, RMSE_MU_per_atom=0.00 mDebye, RMSE_MU_DERIV=0.00 mDebye / A, RMSE_ALPHA_per_atom=    0.11, RMSE_ALPHA_DERIV=    5.75
2025-07-13 07:19:02.872 INFO: Epoch 1918: head: Default, loss=0.0021, RMSE_MU_per_atom=0.00 mDebye, RMSE_MU_DERIV=0.00 mDebye / A, RMSE_ALPHA_per_atom=    0.11, RMSE_ALPHA_DERIV=    5.75
2025-07-13 07:19:24.714 INFO: Epoch 1919: head: Default, loss=0.0021, RMSE_MU_per_atom=0.00 mDebye, RMSE_MU_DERIV=0.00 mDebye / A, RMSE_ALPHA_per_atom=    0.11, RMSE_ALPHA_DERIV=    5.75
2025-07-13 07:19:46.548 INFO: Epoch 1920: head: Default, loss=0.0021, RMSE_MU_per_atom=0.00 mDebye, RMSE_MU_DERIV=0.00 mDebye / A, RMSE_ALPHA_per_atom=    0.11, RMSE_ALPHA_DERIV=    5.75
2025-07-13 07:20:08.385 INFO: Epoch 1921: head: Default, loss=0.0021, RMSE_MU_per_atom=0.00 mDebye, RMSE_MU_DERIV=0.00 mDebye / A, RMSE_ALPHA_per_atom=    0.11, RMSE_ALPHA_DERIV=    5.75
2025-07-13 07:20:30.226 INFO: Epoch 1922: head: Default, loss=0.0021, RMSE_MU_per_atom=0.00 mDebye, RMSE_MU_DERIV=0.00 mDebye / A, RMSE_ALPHA_per_atom=    0.11, RMSE_ALPHA_DERIV=    5.75
2025-07-13 07:20:52.063 INFO: Epoch 1923: head: Default, loss=0.0021, RMSE_MU_per_atom=0.00 mDebye, RMSE_MU_DERIV=0.00 mDebye / A, RMSE_ALPHA_per_atom=    0.11, RMSE_ALPHA_DERIV=    5.75
2025-07-13 07:21:13.902 INFO: Epoch 1924: head: Default, loss=0.0021, RMSE_MU_per_atom=0.00 mDebye, RMSE_MU_DERIV=0.00 mDebye / A, RMSE_ALPHA_per_atom=    0.11, RMSE_ALPHA_DERIV=    5.75
2025-07-13 07:21:35.756 INFO: Epoch 1925: head: Default, loss=0.0021, RMSE_MU_per_atom=0.00 mDebye, RMSE_MU_DERIV=0.00 mDebye / A, RMSE_ALPHA_per_atom=    0.11, RMSE_ALPHA_DERIV=    5.75
2025-07-13 07:21:57.600 INFO: Epoch 1926: head: Default, loss=0.0021, RMSE_MU_per_atom=0.00 mDebye, RMSE_MU_DERIV=0.00 mDebye / A, RMSE_ALPHA_per_atom=    0.11, RMSE_ALPHA_DERIV=    5.75
2025-07-13 07:22:19.436 INFO: Epoch 1927: head: Default, loss=0.0021, RMSE_MU_per_atom=0.00 mDebye, RMSE_MU_DERIV=0.00 mDebye / A, RMSE_ALPHA_per_atom=    0.11, RMSE_ALPHA_DERIV=    5.75
2025-07-13 07:22:41.272 INFO: Epoch 1928: head: Default, loss=0.0021, RMSE_MU_per_atom=0.00 mDebye, RMSE_MU_DERIV=0.00 mDebye / A, RMSE_ALPHA_per_atom=    0.11, RMSE_ALPHA_DERIV=    5.75
2025-07-13 07:23:03.123 INFO: Epoch 1929: head: Default, loss=0.0021, RMSE_MU_per_atom=0.00 mDebye, RMSE_MU_DERIV=0.00 mDebye / A, RMSE_ALPHA_per_atom=    0.11, RMSE_ALPHA_DERIV=    5.75
2025-07-13 07:23:24.966 INFO: Epoch 1930: head: Default, loss=0.0021, RMSE_MU_per_atom=0.00 mDebye, RMSE_MU_DERIV=0.00 mDebye / A, RMSE_ALPHA_per_atom=    0.11, RMSE_ALPHA_DERIV=    5.75
2025-07-13 07:23:46.812 INFO: Epoch 1931: head: Default, loss=0.0021, RMSE_MU_per_atom=0.00 mDebye, RMSE_MU_DERIV=0.00 mDebye / A, RMSE_ALPHA_per_atom=    0.11, RMSE_ALPHA_DERIV=    5.75
2025-07-13 07:24:08.656 INFO: Epoch 1932: head: Default, loss=0.0021, RMSE_MU_per_atom=0.00 mDebye, RMSE_MU_DERIV=0.00 mDebye / A, RMSE_ALPHA_per_atom=    0.11, RMSE_ALPHA_DERIV=    5.75
2025-07-13 07:24:30.496 INFO: Epoch 1933: head: Default, loss=0.0021, RMSE_MU_per_atom=0.00 mDebye, RMSE_MU_DERIV=0.00 mDebye / A, RMSE_ALPHA_per_atom=    0.11, RMSE_ALPHA_DERIV=    5.75
2025-07-13 07:24:52.336 INFO: Epoch 1934: head: Default, loss=0.0021, RMSE_MU_per_atom=0.00 mDebye, RMSE_MU_DERIV=0.00 mDebye / A, RMSE_ALPHA_per_atom=    0.11, RMSE_ALPHA_DERIV=    5.75
2025-07-13 07:25:14.199 INFO: Epoch 1935: head: Default, loss=0.0021, RMSE_MU_per_atom=0.00 mDebye, RMSE_MU_DERIV=0.00 mDebye / A, RMSE_ALPHA_per_atom=    0.11, RMSE_ALPHA_DERIV=    5.75
2025-07-13 07:25:36.051 INFO: Epoch 1936: head: Default, loss=0.0021, RMSE_MU_per_atom=0.00 mDebye, RMSE_MU_DERIV=0.00 mDebye / A, RMSE_ALPHA_per_atom=    0.11, RMSE_ALPHA_DERIV=    5.75
2025-07-13 07:25:57.906 INFO: Epoch 1937: head: Default, loss=0.0021, RMSE_MU_per_atom=0.00 mDebye, RMSE_MU_DERIV=0.00 mDebye / A, RMSE_ALPHA_per_atom=    0.11, RMSE_ALPHA_DERIV=    5.75
2025-07-13 07:26:19.747 INFO: Epoch 1938: head: Default, loss=0.0021, RMSE_MU_per_atom=0.00 mDebye, RMSE_MU_DERIV=0.00 mDebye / A, RMSE_ALPHA_per_atom=    0.11, RMSE_ALPHA_DERIV=    5.75
2025-07-13 07:26:41.584 INFO: Epoch 1939: head: Default, loss=0.0021, RMSE_MU_per_atom=0.00 mDebye, RMSE_MU_DERIV=0.00 mDebye / A, RMSE_ALPHA_per_atom=    0.11, RMSE_ALPHA_DERIV=    5.75
2025-07-13 07:27:03.426 INFO: Epoch 1940: head: Default, loss=0.0021, RMSE_MU_per_atom=0.00 mDebye, RMSE_MU_DERIV=0.00 mDebye / A, RMSE_ALPHA_per_atom=    0.11, RMSE_ALPHA_DERIV=    5.75
2025-07-13 07:27:25.281 INFO: Epoch 1941: head: Default, loss=0.0021, RMSE_MU_per_atom=0.00 mDebye, RMSE_MU_DERIV=0.00 mDebye / A, RMSE_ALPHA_per_atom=    0.11, RMSE_ALPHA_DERIV=    5.75
2025-07-13 07:27:47.128 INFO: Epoch 1942: head: Default, loss=0.0021, RMSE_MU_per_atom=0.00 mDebye, RMSE_MU_DERIV=0.00 mDebye / A, RMSE_ALPHA_per_atom=    0.11, RMSE_ALPHA_DERIV=    5.75
2025-07-13 07:28:08.976 INFO: Epoch 1943: head: Default, loss=0.0021, RMSE_MU_per_atom=0.00 mDebye, RMSE_MU_DERIV=0.00 mDebye / A, RMSE_ALPHA_per_atom=    0.11, RMSE_ALPHA_DERIV=    5.75
2025-07-13 07:28:30.839 INFO: Epoch 1944: head: Default, loss=0.0021, RMSE_MU_per_atom=0.00 mDebye, RMSE_MU_DERIV=0.00 mDebye / A, RMSE_ALPHA_per_atom=    0.11, RMSE_ALPHA_DERIV=    5.75
2025-07-13 07:28:52.686 INFO: Epoch 1945: head: Default, loss=0.0021, RMSE_MU_per_atom=0.00 mDebye, RMSE_MU_DERIV=0.00 mDebye / A, RMSE_ALPHA_per_atom=    0.11, RMSE_ALPHA_DERIV=    5.75
2025-07-13 07:29:14.554 INFO: Epoch 1946: head: Default, loss=0.0021, RMSE_MU_per_atom=0.00 mDebye, RMSE_MU_DERIV=0.00 mDebye / A, RMSE_ALPHA_per_atom=    0.11, RMSE_ALPHA_DERIV=    5.75
2025-07-13 07:29:36.404 INFO: Epoch 1947: head: Default, loss=0.0021, RMSE_MU_per_atom=0.00 mDebye, RMSE_MU_DERIV=0.00 mDebye / A, RMSE_ALPHA_per_atom=    0.11, RMSE_ALPHA_DERIV=    5.75
2025-07-13 07:29:58.248 INFO: Epoch 1948: head: Default, loss=0.0021, RMSE_MU_per_atom=0.00 mDebye, RMSE_MU_DERIV=0.00 mDebye / A, RMSE_ALPHA_per_atom=    0.11, RMSE_ALPHA_DERIV=    5.75
2025-07-13 07:30:20.097 INFO: Epoch 1949: head: Default, loss=0.0021, RMSE_MU_per_atom=0.00 mDebye, RMSE_MU_DERIV=0.00 mDebye / A, RMSE_ALPHA_per_atom=    0.11, RMSE_ALPHA_DERIV=    5.75
2025-07-13 07:30:41.940 INFO: Epoch 1950: head: Default, loss=0.0021, RMSE_MU_per_atom=0.00 mDebye, RMSE_MU_DERIV=0.00 mDebye / A, RMSE_ALPHA_per_atom=    0.11, RMSE_ALPHA_DERIV=    5.75
2025-07-13 07:31:03.788 INFO: Epoch 1951: head: Default, loss=0.0021, RMSE_MU_per_atom=0.00 mDebye, RMSE_MU_DERIV=0.00 mDebye / A, RMSE_ALPHA_per_atom=    0.11, RMSE_ALPHA_DERIV=    5.75
2025-07-13 07:31:25.640 INFO: Epoch 1952: head: Default, loss=0.0021, RMSE_MU_per_atom=0.00 mDebye, RMSE_MU_DERIV=0.00 mDebye / A, RMSE_ALPHA_per_atom=    0.11, RMSE_ALPHA_DERIV=    5.75
2025-07-13 07:31:47.472 INFO: Epoch 1953: head: Default, loss=0.0021, RMSE_MU_per_atom=0.00 mDebye, RMSE_MU_DERIV=0.00 mDebye / A, RMSE_ALPHA_per_atom=    0.11, RMSE_ALPHA_DERIV=    5.75
2025-07-13 07:32:09.318 INFO: Epoch 1954: head: Default, loss=0.0021, RMSE_MU_per_atom=0.00 mDebye, RMSE_MU_DERIV=0.00 mDebye / A, RMSE_ALPHA_per_atom=    0.11, RMSE_ALPHA_DERIV=    5.75
2025-07-13 07:32:31.158 INFO: Epoch 1955: head: Default, loss=0.0021, RMSE_MU_per_atom=0.00 mDebye, RMSE_MU_DERIV=0.00 mDebye / A, RMSE_ALPHA_per_atom=    0.11, RMSE_ALPHA_DERIV=    5.75
2025-07-13 07:32:53.003 INFO: Epoch 1956: head: Default, loss=0.0021, RMSE_MU_per_atom=0.00 mDebye, RMSE_MU_DERIV=0.00 mDebye / A, RMSE_ALPHA_per_atom=    0.11, RMSE_ALPHA_DERIV=    5.75
2025-07-13 07:33:14.854 INFO: Epoch 1957: head: Default, loss=0.0021, RMSE_MU_per_atom=0.00 mDebye, RMSE_MU_DERIV=0.00 mDebye / A, RMSE_ALPHA_per_atom=    0.11, RMSE_ALPHA_DERIV=    5.75
2025-07-13 07:33:36.704 INFO: Epoch 1958: head: Default, loss=0.0021, RMSE_MU_per_atom=0.00 mDebye, RMSE_MU_DERIV=0.00 mDebye / A, RMSE_ALPHA_per_atom=    0.11, RMSE_ALPHA_DERIV=    5.75
2025-07-13 07:33:58.544 INFO: Epoch 1959: head: Default, loss=0.0021, RMSE_MU_per_atom=0.00 mDebye, RMSE_MU_DERIV=0.00 mDebye / A, RMSE_ALPHA_per_atom=    0.11, RMSE_ALPHA_DERIV=    5.75
2025-07-13 07:34:20.401 INFO: Epoch 1960: head: Default, loss=0.0021, RMSE_MU_per_atom=0.00 mDebye, RMSE_MU_DERIV=0.00 mDebye / A, RMSE_ALPHA_per_atom=    0.11, RMSE_ALPHA_DERIV=    5.75
2025-07-13 07:34:42.251 INFO: Epoch 1961: head: Default, loss=0.0021, RMSE_MU_per_atom=0.00 mDebye, RMSE_MU_DERIV=0.00 mDebye / A, RMSE_ALPHA_per_atom=    0.11, RMSE_ALPHA_DERIV=    5.75
2025-07-13 07:35:04.109 INFO: Epoch 1962: head: Default, loss=0.0021, RMSE_MU_per_atom=0.00 mDebye, RMSE_MU_DERIV=0.00 mDebye / A, RMSE_ALPHA_per_atom=    0.11, RMSE_ALPHA_DERIV=    5.75
2025-07-13 07:35:25.961 INFO: Epoch 1963: head: Default, loss=0.0021, RMSE_MU_per_atom=0.00 mDebye, RMSE_MU_DERIV=0.00 mDebye / A, RMSE_ALPHA_per_atom=    0.11, RMSE_ALPHA_DERIV=    5.75
2025-07-13 07:35:47.816 INFO: Epoch 1964: head: Default, loss=0.0021, RMSE_MU_per_atom=0.00 mDebye, RMSE_MU_DERIV=0.00 mDebye / A, RMSE_ALPHA_per_atom=    0.11, RMSE_ALPHA_DERIV=    5.75
2025-07-13 07:36:09.676 INFO: Epoch 1965: head: Default, loss=0.0021, RMSE_MU_per_atom=0.00 mDebye, RMSE_MU_DERIV=0.00 mDebye / A, RMSE_ALPHA_per_atom=    0.11, RMSE_ALPHA_DERIV=    5.75
2025-07-13 07:36:31.529 INFO: Epoch 1966: head: Default, loss=0.0021, RMSE_MU_per_atom=0.00 mDebye, RMSE_MU_DERIV=0.00 mDebye / A, RMSE_ALPHA_per_atom=    0.11, RMSE_ALPHA_DERIV=    5.75
2025-07-13 07:36:53.371 INFO: Epoch 1967: head: Default, loss=0.0021, RMSE_MU_per_atom=0.00 mDebye, RMSE_MU_DERIV=0.00 mDebye / A, RMSE_ALPHA_per_atom=    0.11, RMSE_ALPHA_DERIV=    5.75
2025-07-13 07:37:15.216 INFO: Epoch 1968: head: Default, loss=0.0021, RMSE_MU_per_atom=0.00 mDebye, RMSE_MU_DERIV=0.00 mDebye / A, RMSE_ALPHA_per_atom=    0.11, RMSE_ALPHA_DERIV=    5.75
2025-07-13 07:37:37.060 INFO: Epoch 1969: head: Default, loss=0.0021, RMSE_MU_per_atom=0.00 mDebye, RMSE_MU_DERIV=0.00 mDebye / A, RMSE_ALPHA_per_atom=    0.11, RMSE_ALPHA_DERIV=    5.75
2025-07-13 07:37:58.909 INFO: Epoch 1970: head: Default, loss=0.0021, RMSE_MU_per_atom=0.00 mDebye, RMSE_MU_DERIV=0.00 mDebye / A, RMSE_ALPHA_per_atom=    0.11, RMSE_ALPHA_DERIV=    5.75
2025-07-13 07:38:20.767 INFO: Epoch 1971: head: Default, loss=0.0021, RMSE_MU_per_atom=0.00 mDebye, RMSE_MU_DERIV=0.00 mDebye / A, RMSE_ALPHA_per_atom=    0.11, RMSE_ALPHA_DERIV=    5.75
2025-07-13 07:38:42.622 INFO: Epoch 1972: head: Default, loss=0.0021, RMSE_MU_per_atom=0.00 mDebye, RMSE_MU_DERIV=0.00 mDebye / A, RMSE_ALPHA_per_atom=    0.11, RMSE_ALPHA_DERIV=    5.75
2025-07-13 07:39:04.476 INFO: Epoch 1973: head: Default, loss=0.0021, RMSE_MU_per_atom=0.00 mDebye, RMSE_MU_DERIV=0.00 mDebye / A, RMSE_ALPHA_per_atom=    0.11, RMSE_ALPHA_DERIV=    5.75
2025-07-13 07:39:26.318 INFO: Epoch 1974: head: Default, loss=0.0021, RMSE_MU_per_atom=0.00 mDebye, RMSE_MU_DERIV=0.00 mDebye / A, RMSE_ALPHA_per_atom=    0.11, RMSE_ALPHA_DERIV=    5.75
2025-07-13 07:39:48.161 INFO: Epoch 1975: head: Default, loss=0.0021, RMSE_MU_per_atom=0.00 mDebye, RMSE_MU_DERIV=0.00 mDebye / A, RMSE_ALPHA_per_atom=    0.11, RMSE_ALPHA_DERIV=    5.75
2025-07-13 07:40:09.999 INFO: Epoch 1976: head: Default, loss=0.0021, RMSE_MU_per_atom=0.00 mDebye, RMSE_MU_DERIV=0.00 mDebye / A, RMSE_ALPHA_per_atom=    0.11, RMSE_ALPHA_DERIV=    5.75
2025-07-13 07:40:31.850 INFO: Epoch 1977: head: Default, loss=0.0021, RMSE_MU_per_atom=0.00 mDebye, RMSE_MU_DERIV=0.00 mDebye / A, RMSE_ALPHA_per_atom=    0.11, RMSE_ALPHA_DERIV=    5.75
2025-07-13 07:40:53.706 INFO: Epoch 1978: head: Default, loss=0.0021, RMSE_MU_per_atom=0.00 mDebye, RMSE_MU_DERIV=0.00 mDebye / A, RMSE_ALPHA_per_atom=    0.11, RMSE_ALPHA_DERIV=    5.75
2025-07-13 07:41:15.557 INFO: Epoch 1979: head: Default, loss=0.0021, RMSE_MU_per_atom=0.00 mDebye, RMSE_MU_DERIV=0.00 mDebye / A, RMSE_ALPHA_per_atom=    0.11, RMSE_ALPHA_DERIV=    5.75
2025-07-13 07:41:37.396 INFO: Epoch 1980: head: Default, loss=0.0021, RMSE_MU_per_atom=0.00 mDebye, RMSE_MU_DERIV=0.00 mDebye / A, RMSE_ALPHA_per_atom=    0.11, RMSE_ALPHA_DERIV=    5.75
2025-07-13 07:41:59.233 INFO: Epoch 1981: head: Default, loss=0.0021, RMSE_MU_per_atom=0.00 mDebye, RMSE_MU_DERIV=0.00 mDebye / A, RMSE_ALPHA_per_atom=    0.11, RMSE_ALPHA_DERIV=    5.75
2025-07-13 07:42:21.083 INFO: Epoch 1982: head: Default, loss=0.0021, RMSE_MU_per_atom=0.00 mDebye, RMSE_MU_DERIV=0.00 mDebye / A, RMSE_ALPHA_per_atom=    0.11, RMSE_ALPHA_DERIV=    5.75
2025-07-13 07:42:42.923 INFO: Epoch 1983: head: Default, loss=0.0021, RMSE_MU_per_atom=0.00 mDebye, RMSE_MU_DERIV=0.00 mDebye / A, RMSE_ALPHA_per_atom=    0.11, RMSE_ALPHA_DERIV=    5.75
2025-07-13 07:43:04.761 INFO: Epoch 1984: head: Default, loss=0.0021, RMSE_MU_per_atom=0.00 mDebye, RMSE_MU_DERIV=0.00 mDebye / A, RMSE_ALPHA_per_atom=    0.11, RMSE_ALPHA_DERIV=    5.75
2025-07-13 07:43:26.616 INFO: Epoch 1985: head: Default, loss=0.0021, RMSE_MU_per_atom=0.00 mDebye, RMSE_MU_DERIV=0.00 mDebye / A, RMSE_ALPHA_per_atom=    0.11, RMSE_ALPHA_DERIV=    5.75
2025-07-13 07:43:48.466 INFO: Epoch 1986: head: Default, loss=0.0021, RMSE_MU_per_atom=0.00 mDebye, RMSE_MU_DERIV=0.00 mDebye / A, RMSE_ALPHA_per_atom=    0.11, RMSE_ALPHA_DERIV=    5.75
2025-07-13 07:44:10.305 INFO: Epoch 1987: head: Default, loss=0.0021, RMSE_MU_per_atom=0.00 mDebye, RMSE_MU_DERIV=0.00 mDebye / A, RMSE_ALPHA_per_atom=    0.11, RMSE_ALPHA_DERIV=    5.75
2025-07-13 07:44:32.139 INFO: Epoch 1988: head: Default, loss=0.0021, RMSE_MU_per_atom=0.00 mDebye, RMSE_MU_DERIV=0.00 mDebye / A, RMSE_ALPHA_per_atom=    0.11, RMSE_ALPHA_DERIV=    5.75
2025-07-13 07:44:53.979 INFO: Epoch 1989: head: Default, loss=0.0021, RMSE_MU_per_atom=0.00 mDebye, RMSE_MU_DERIV=0.00 mDebye / A, RMSE_ALPHA_per_atom=    0.11, RMSE_ALPHA_DERIV=    5.75
2025-07-13 07:45:15.813 INFO: Epoch 1990: head: Default, loss=0.0021, RMSE_MU_per_atom=0.00 mDebye, RMSE_MU_DERIV=0.00 mDebye / A, RMSE_ALPHA_per_atom=    0.11, RMSE_ALPHA_DERIV=    5.75
2025-07-13 07:45:37.667 INFO: Epoch 1991: head: Default, loss=0.0021, RMSE_MU_per_atom=0.00 mDebye, RMSE_MU_DERIV=0.00 mDebye / A, RMSE_ALPHA_per_atom=    0.11, RMSE_ALPHA_DERIV=    5.75
2025-07-13 07:45:59.514 INFO: Epoch 1992: head: Default, loss=0.0021, RMSE_MU_per_atom=0.00 mDebye, RMSE_MU_DERIV=0.00 mDebye / A, RMSE_ALPHA_per_atom=    0.11, RMSE_ALPHA_DERIV=    5.75
2025-07-13 07:46:21.354 INFO: Epoch 1993: head: Default, loss=0.0021, RMSE_MU_per_atom=0.00 mDebye, RMSE_MU_DERIV=0.00 mDebye / A, RMSE_ALPHA_per_atom=    0.11, RMSE_ALPHA_DERIV=    5.75
2025-07-13 07:46:43.190 INFO: Epoch 1994: head: Default, loss=0.0021, RMSE_MU_per_atom=0.00 mDebye, RMSE_MU_DERIV=0.00 mDebye / A, RMSE_ALPHA_per_atom=    0.11, RMSE_ALPHA_DERIV=    5.75
2025-07-13 07:47:05.030 INFO: Epoch 1995: head: Default, loss=0.0021, RMSE_MU_per_atom=0.00 mDebye, RMSE_MU_DERIV=0.00 mDebye / A, RMSE_ALPHA_per_atom=    0.11, RMSE_ALPHA_DERIV=    5.75
2025-07-13 07:47:26.869 INFO: Epoch 1996: head: Default, loss=0.0021, RMSE_MU_per_atom=0.00 mDebye, RMSE_MU_DERIV=0.00 mDebye / A, RMSE_ALPHA_per_atom=    0.11, RMSE_ALPHA_DERIV=    5.75
2025-07-13 07:47:48.719 INFO: Epoch 1997: head: Default, loss=0.0021, RMSE_MU_per_atom=0.00 mDebye, RMSE_MU_DERIV=0.00 mDebye / A, RMSE_ALPHA_per_atom=    0.11, RMSE_ALPHA_DERIV=    5.75
2025-07-13 07:48:10.558 INFO: Epoch 1998: head: Default, loss=0.0021, RMSE_MU_per_atom=0.00 mDebye, RMSE_MU_DERIV=0.00 mDebye / A, RMSE_ALPHA_per_atom=    0.11, RMSE_ALPHA_DERIV=    5.75
2025-07-13 07:48:32.394 INFO: Epoch 1999: head: Default, loss=0.0021, RMSE_MU_per_atom=0.00 mDebye, RMSE_MU_DERIV=0.00 mDebye / A, RMSE_ALPHA_per_atom=    0.11, RMSE_ALPHA_DERIV=    5.75
2025-07-13 07:48:32.394 INFO: Training complete
2025-07-13 07:48:32.394 INFO: 
2025-07-13 07:48:32.394 INFO: ===========RESULTS===========
2025-07-13 07:48:32.486 INFO: Loading checkpoint: ./checkpoints/MoWSSe_sus_ndata_all_subset_120_run-123_epoch-206.pt
2025-07-13 07:48:32.586 INFO: Loaded Stage one model from epoch 206 for evaluation
2025-07-13 07:48:32.587 INFO: Saving model to checkpoints/MoWSSe_sus_ndata_all_subset_120_run-123.model
2025-07-13 07:48:32.867 INFO: Compiling model, saving metadata to MoWSSe_sus_ndata_all_subset_120_compiled.model
2025-07-13 07:48:34.409 INFO: Computing metrics for training, validation, and test sets
2025-07-13 07:48:34.410 INFO: Skipping evaluation for heads: ['pt_head']
2025-07-13 07:48:34.410 INFO: Evaluating train_Default ...
2025-07-13 07:48:42.768 INFO: Evaluating valid_Default ...
2025-07-13 07:48:43.290 INFO: Error-table on TRAIN and VALID:
+---------------+-------------------------+----------------+---------------+------------+-------------------+------------------+
|  config_type  | RMSE MU / mDebye / atom | rel. MU RMSE % | RMSE MU deriv | RMSE ALPHA | rel. ALPHA RMSE % | RMSE ALPHA deriv |
+---------------+-------------------------+----------------+---------------+------------+-------------------+------------------+
| train_Default |           0.00          |      0.0       |      0.00     |    0.09    |        0.8        |       9.21       |
| valid_Default |           0.00          |      0.0       |      0.00     |    0.07    |        0.7        |       4.87       |
+---------------+-------------------------+----------------+---------------+------------+-------------------+------------------+
2025-07-13 07:48:43.290 INFO: Evaluating Default_Default ...
2025-07-13 07:48:51.812 INFO: Error-table on TEST:
+-----------------+-------------------------+----------------+---------------+------------+-------------------+------------------+
|   config_type   | RMSE MU / mDebye / atom | rel. MU RMSE % | RMSE MU deriv | RMSE ALPHA | rel. ALPHA RMSE % | RMSE ALPHA deriv |
+-----------------+-------------------------+----------------+---------------+------------+-------------------+------------------+
| Default_Default |           0.00          |      0.0       |      0.00     |    0.09    |        0.8        |       9.07       |
+-----------------+-------------------------+----------------+---------------+------------+-------------------+------------------+
2025-07-13 07:48:51.813 DEBUG: Running inference on train_Default dataset
2025-07-13 07:48:59.583 DEBUG: Running inference on valid_Default dataset
2025-07-13 07:49:00.037 DEBUG: Running inference on Default_Default dataset
2025-07-13 07:49:08.949 DEBUG: Plotting failed: 'Axes' object is not iterable
2025-07-13 07:49:08.951 INFO: Done
