2025-07-12 13:49:54.285 INFO: ===========VERIFYING SETTINGS===========
2025-07-12 13:49:54.285 INFO: MACE version: 0.3.13
2025-07-12 13:49:54.285 DEBUG: Configuration: Namespace(config=None, name='MoWSSe_susram_ndata_all_subset_300_weights_10_1', seed=123, work_dir='.', log_dir='./logs', model_dir='.', checkpoints_dir='./checkpoints', results_dir='./results', downloads_dir='./downloads', device='cuda', default_dtype='float64', distributed=False, log_level='INFO', plot=True, plot_frequency=0, error_table='DipolePolarizabilityDerivRMSE', model='AtomicDipolesMACE', r_max=5.0, radial_type='bessel', num_radial_basis=8, num_cutoff_basis=5, pair_repulsion=False, distance_transform='None', interaction='RealAgnosticResidualInteractionBlock', interaction_first='RealAgnosticResidualInteractionBlock', max_ell=3, correlation=3, num_interactions=2, MLP_irreps='16x0e', radial_MLP='[64, 64, 64]', hidden_irreps='128x0e + 128x1o + 128x2e', num_channels=128, max_L=2, gate='silu', scaling='rms_forces_scaling', avg_num_neighbors=1, compute_avg_num_neighbors=True, compute_stress=False, compute_forces=False, train_file='all_subset_300.xyz', valid_file=None, valid_fraction=0.05, test_file='all_subset_300.xyz', test_dir=None, multi_processed_test=False, num_workers=0, pin_memory=True, atomic_numbers=None, mean=None, std=None, statistics_file=None, E0s=None, foundation_filter_elements=True, heads=None, multiheads_finetuning=True, foundation_head=None, weight_pt_head=1.0, num_samples_pt=10000, force_mh_ft_lr=False, subselect_pt='random', filter_type_pt='none', pt_train_file=None, pt_valid_file=None, foundation_model_elements=False, keep_isolated_atoms=False, energy_key='None', forces_key='None', virials_key='REF_virials', stress_key='None', dipole_key='dipole', dipole_deriv_key='dipole_deriv', polarizability_key='susceptibility_tensor', polarizability_deriv_key='raman_tensor', head_key='head', skip_evaluate_heads='pt_head', loss='dipole_polarizability_deriv', forces_weight=100.0, swa_forces_weight=100.0, energy_weight=1.0, swa_energy_weight=1000.0, virials_weight=1.0, swa_virials_weight=10.0, stress_weight=1.0, swa_stress_weight=10.0, dipole_weight=0.0, swa_dipole_weight=1.0, dipole_deriv_weight=0.0, swa_dipole_deriv_weight=1.0, polarizability_weight=10.0, swa_polarizability_weight=1.0, polarizability_deriv_weight=1.0, swa_polarizability_deriv_weight=1.0, config_type_weights='{"Default":1.0}', huber_delta=0.01, optimizer='adam', beta=0.9, batch_size=10, valid_batch_size=10, lr=0.01, swa_lr=0.001, weight_decay=5e-07, amsgrad=True, scheduler='ReduceLROnPlateau', lr_factor=0.8, scheduler_patience=50, lr_scheduler_gamma=0.9993, swa=False, start_swa=None, lbfgs=False, ema=False, ema_decay=0.99, max_num_epochs=2000, patience=2048, foundation_model=None, foundation_model_readout=True, eval_interval=1, keep_checkpoints=False, save_all_checkpoints=False, restart_latest=True, save_cpu=False, clip_grad=10.0, dry_run=False, enable_cueq=False, wandb=False, wandb_dir=None, wandb_project='', wandb_entity='', wandb_name='', wandb_log_hypers=['num_channels', 'max_L', 'correlation', 'lr', 'swa_lr', 'weight_decay', 'batch_size', 'max_num_epochs', 'start_swa', 'energy_weight', 'forces_weight'], key_specification=KeySpecification(info_keys={'energy': 'None', 'stress': 'None', 'virials': 'REF_virials', 'dipole': 'dipole', 'polarizability': 'susceptibility_tensor', 'head': 'head'}, arrays_keys={'forces': 'None', 'dipole_deriv': 'dipole_deriv', 'polarizability_deriv': 'raman_tensor'}))
2025-07-12 13:49:54.387 INFO: CUDA version: 12.4, CUDA device: 0
2025-07-12 13:49:54.504 DEBUG: Popen(['git', 'version'], cwd=/gpfs/home/theory/phrrpq/dielectrics/training_conv, stdin=None, shell=False, universal_newlines=False)
2025-07-12 13:49:54.555 DEBUG: Popen(['git', 'version'], cwd=/gpfs/home/theory/phrrpq/dielectrics/training_conv, stdin=None, shell=False, universal_newlines=False)
2025-07-12 13:49:54.639 DEBUG: Error accessing Git repository: /gpfs/home/theory/phrrpq/dielectrics/training_conv
2025-07-12 13:49:54.640 INFO: ===========LOADING INPUT DATA===========
2025-07-12 13:49:54.640 INFO: Using heads: ['Default']
2025-07-12 13:49:54.640 INFO: Using the key specifications to parse data:
2025-07-12 13:49:54.640 INFO: Default: KeySpecification(info_keys={'energy': 'None', 'stress': 'None', 'virials': 'REF_virials', 'dipole': 'dipole', 'polarizability': 'susceptibility_tensor', 'head': 'head'}, arrays_keys={'forces': 'None', 'dipole_deriv': 'dipole_deriv', 'polarizability_deriv': 'raman_tensor'})
2025-07-12 13:49:54.640 INFO: =============    Processing head Default     ===========
2025-07-12 13:49:54.641 DEBUG: Loading training file: all_subset_300.xyz
2025-07-12 13:49:54.874 INFO: Training set 1/1 [energy: 0, stress: 0, virials: 0, dipole components: 0, polarizability: 300, head: 300, forces: 0, dipole_deriv: 0, polarizability_deriv: 300]
2025-07-12 13:49:54.875 INFO: Total Training set [energy: 0, stress: 0, virials: 0, dipole components: 0, polarizability: 300, head: 300, forces: 0, dipole_deriv: 0, polarizability_deriv: 300]
2025-07-12 13:49:54.875 INFO: No validation set provided, splitting training data instead.
2025-07-12 13:49:54.877 INFO: Using random 5% of training set for validation with indices saved in: ./valid_indices_123.txt
2025-07-12 13:49:54.878 INFO: Random Split Training set [energy: 0, stress: 0, virials: 0, dipole components: 0, polarizability: 285, head: 285, forces: 0, dipole_deriv: 0, polarizability_deriv: 285]
2025-07-12 13:49:54.878 INFO: Random Split Validation set [energy: 0, stress: 0, virials: 0, dipole components: 0, polarizability: 15, head: 15, forces: 0, dipole_deriv: 0, polarizability_deriv: 15]
2025-07-12 13:49:55.076 INFO: Test set 1/1 [energy: 0, stress: 0, virials: 0, dipole components: 0, polarizability: 300, head: 300, forces: 0, dipole_deriv: 0, polarizability_deriv: 300]
2025-07-12 13:49:55.078 INFO: Total Test set [energy: 0, stress: 0, virials: 0, dipole components: 0, polarizability: 300, head: 300, forces: 0, dipole_deriv: 0, polarizability_deriv: 300]
2025-07-12 13:49:55.078 INFO: Total number of configurations: train=285, valid=15, tests=[Default_Default: 300],
2025-07-12 13:49:55.079 INFO: Atomic Numbers used: [16, 34, 42, 74]
2025-07-12 13:49:55.079 INFO: Processing datasets for head 'Default'
2025-07-12 13:49:55.306 DEBUG: Successfully loaded dataset from ASE files: ['all_subset_300.xyz']
2025-07-12 13:49:55.306 INFO: Combining 1 list datasets for head 'Default'
2025-07-12 13:49:55.319 INFO: Head 'Default' training dataset size: 285
2025-07-12 13:49:55.319 INFO: Computing average number of neighbors
2025-07-12 13:49:55.512 INFO: Average number of neighbors: 18.99074074074074
2025-07-12 13:49:55.512 INFO: During training the following quantities will be reported: dipoles, polarizability, dipole_deriv, polarizability_deriv
2025-07-12 13:49:55.512 INFO: ===========MODEL DETAILS===========
2025-07-12 13:49:55.514 INFO: Building model
2025-07-12 13:49:55.514 INFO: Message passing with 128 channels and max_L=2 (128x0e + 128x1o + 128x2e)
2025-07-12 13:49:55.514 INFO: 2 layers, each with correlation order: 3 (body order: 4) and spherical harmonics up to: l=3
2025-07-12 13:49:55.514 INFO: 8 radial and 5 basis functions
2025-07-12 13:49:55.514 INFO: Radial cutoff: 5.0 A (total receptive field for each atom: 10.0 A)
2025-07-12 13:49:55.514 INFO: Distance transform for radial basis functions: None
2025-07-12 13:49:55.514 INFO: Hidden irreps: 128x0e + 128x1o + 128x2e
2025-07-12 13:49:57.836 DEBUG: AtomicDipolesMACE(
  (node_embedding): LinearNodeEmbeddingBlock(
    (linear): Linear(4x0e -> 128x0e | 512 weights)
  )
  (radial_embedding): RadialEmbeddingBlock(
    (bessel_fn): BesselBasis(r_max=5.0, num_basis=8, trainable=False)
    (cutoff_fn): PolynomialCutoff(p=5, r_max=5.0)
  )
  (spherical_harmonics): SphericalHarmonics()
  (interactions): ModuleList(
    (0): RealAgnosticInteractionBlock(
      (linear_up): Linear(128x0e -> 128x0e | 16384 weights)
      (conv_tp): TensorProduct(128x0e x 1x0e+1x1o+1x2e+1x3o -> 128x0e+128x1o+128x2e+128x3o | 512 paths | 512 weights)
      (conv_tp_weights): FullyConnectedNet[8, 64, 64, 64, 512]
      (linear): Linear(128x0e+128x1o+128x2e+128x3o -> 128x0e+128x1o+128x2e+128x3o | 65536 weights)
      (skip_tp): FullyConnectedTensorProduct(128x0e+128x1o+128x2e+128x3o x 4x0e -> 128x0e+128x1o+128x2e+128x3o | 262144 paths | 262144 weights)
      (reshape): reshape_irreps()
    )
    (1): RealAgnosticResidualInteractionBlock(
      (linear_up): Linear(128x0e+128x1o+128x2e -> 128x0e+128x1o+128x2e | 49152 weights)
      (conv_tp): TensorProduct(128x0e+128x1o+128x2e x 1x0e+1x1o+1x2e+1x3o -> 384x0e+640x1o+640x2e+512x3o | 2176 paths | 2176 weights)
      (conv_tp_weights): FullyConnectedNet[8, 64, 64, 64, 2176]
      (linear): Linear(128x0e+128x0e+128x0e+128x1o+128x1o+128x1o+128x1o+128x1o+128x2e+128x2e+128x2e+128x2e+128x2e+128x3o+128x3o+128x3o+128x3o -> 128x0e+128x1o+128x2e+128x3o | 278528 weights)
      (skip_tp): FullyConnectedTensorProduct(128x0e+128x1o+128x2e x 4x0e -> 128x1o | 65536 paths | 65536 weights)
      (reshape): reshape_irreps()
    )
  )
  (products): ModuleList(
    (0): EquivariantProductBasisBlock(
      (symmetric_contractions): SymmetricContraction(
        (contractions): ModuleList(
          (0): Contraction(
            (contractions_weighting): ModuleList(
              (0-1): 2 x GraphModule()
            )
            (contractions_features): ModuleList(
              (0-1): 2 x GraphModule()
            )
            (weights): ParameterList(
                (0): Parameter containing: [torch.float64 of size 4x4x128 (cuda:0)]
                (1): Parameter containing: [torch.float64 of size 4x1x128 (cuda:0)]
            )
            (graph_opt_main): GraphModule()
          )
          (1): Contraction(
            (contractions_weighting): ModuleList(
              (0-1): 2 x GraphModule()
            )
            (contractions_features): ModuleList(
              (0-1): 2 x GraphModule()
            )
            (weights): ParameterList(
                (0): Parameter containing: [torch.float64 of size 4x6x128 (cuda:0)]
                (1): Parameter containing: [torch.float64 of size 4x1x128 (cuda:0)]
            )
            (graph_opt_main): GraphModule()
          )
          (2): Contraction(
            (contractions_weighting): ModuleList(
              (0-1): 2 x GraphModule()
            )
            (contractions_features): ModuleList(
              (0-1): 2 x GraphModule()
            )
            (weights): ParameterList(
                (0): Parameter containing: [torch.float64 of size 4x7x128 (cuda:0)]
                (1): Parameter containing: [torch.float64 of size 4x1x128 (cuda:0)]
            )
            (graph_opt_main): GraphModule()
          )
        )
      )
      (linear): Linear(128x0e+128x1o+128x2e -> 128x0e+128x1o+128x2e | 49152 weights)
    )
    (1): EquivariantProductBasisBlock(
      (symmetric_contractions): SymmetricContraction(
        (contractions): ModuleList(
          (0): Contraction(
            (contractions_weighting): ModuleList(
              (0-1): 2 x GraphModule()
            )
            (contractions_features): ModuleList(
              (0-1): 2 x GraphModule()
            )
            (weights): ParameterList(
                (0): Parameter containing: [torch.float64 of size 4x6x128 (cuda:0)]
                (1): Parameter containing: [torch.float64 of size 4x1x128 (cuda:0)]
            )
            (graph_opt_main): GraphModule()
          )
        )
      )
      (linear): Linear(128x1o -> 128x1o | 16384 weights)
    )
  )
  (readouts): ModuleList(
    (0): LinearDipoleReadoutBlock(
      (linear): Linear(128x0e+128x1o+128x2e -> 1x0e+1x1o+1x2e | 384 weights)
    )
    (1): NonLinearDipoleReadoutBlock(
      (equivariant_nonlin): Gate (16x0e -> 16x0e)
      (linear_1): Linear(128x1o -> 16x0e | 0 weights)
      (linear_2): Linear(16x0e -> 1x0e+1x1o+1x2e | 16 weights)
    )
  )
  (rtp): ReducedTensorProducts(
      in: 1x1o times 1x1o
      out: 1x0e+1x2e
  )
)
2025-07-12 13:49:57.837 INFO: Total number of parameters: 1104272
2025-07-12 13:49:57.837 INFO: 
2025-07-12 13:49:57.838 INFO: ===========OPTIMIZER INFORMATION===========
2025-07-12 13:49:57.838 INFO: Using ADAM as parameter optimizer
2025-07-12 13:49:57.838 INFO: Batch size: 10
2025-07-12 13:49:57.838 INFO: Number of gradient updates: 57000
2025-07-12 13:49:57.838 INFO: Learning rate: 0.01, weight decay: 5e-07
2025-07-12 13:49:57.838 INFO: DipolePolarizabilityDerivLoss(dipole_weight=0.000, polarizability_weight=10.000, dipole_deriv_weight=0.000, polarizability_deriv_weight=1.000)
2025-07-12 13:49:57.841 WARNING: Cannot find checkpoint with tag 'MoWSSe_susram_ndata_all_subset_300_weights_10_1_run-123' in './checkpoints'
2025-07-12 13:49:57.841 INFO: Using gradient clipping with tolerance=10.000
2025-07-12 13:49:57.841 INFO: 
2025-07-12 13:49:57.841 INFO: ===========TRAINING===========
2025-07-12 13:49:57.841 INFO: Started training, reporting errors on validation set
2025-07-12 13:49:57.841 INFO: Loss metrics on validation set
2025-07-12 13:50:01.001 INFO: Initial: head: Default, loss=200.7931, RMSE_MU_per_atom=0.00 mDebye, RMSE_MU_DERIV=0.01 mDebye / A, RMSE_ALPHA_per_atom=   11.36, RMSE_ALPHA_DERIV=   13.62
2025-07-12 13:51:02.073 INFO: Epoch 0: head: Default, loss=194.7259, RMSE_MU_per_atom=0.01 mDebye, RMSE_MU_DERIV=0.09 mDebye / A, RMSE_ALPHA_per_atom=    9.17, RMSE_ALPHA_DERIV=   23.68
2025-07-12 13:51:02.074 DEBUG: Saving checkpoint: ./checkpoints/MoWSSe_susram_ndata_all_subset_300_weights_10_1_run-123_epoch-0.pt
2025-07-12 13:51:57.520 INFO: Epoch 1: head: Default, loss=18.5507, RMSE_MU_per_atom=0.01 mDebye, RMSE_MU_DERIV=0.29 mDebye / A, RMSE_ALPHA_per_atom=    1.69, RMSE_ALPHA_DERIV=   10.24
2025-07-12 13:51:57.521 DEBUG: Deleting old checkpoint file: ./checkpoints/MoWSSe_susram_ndata_all_subset_300_weights_10_1_run-123_epoch-0.pt
2025-07-12 13:51:57.521 DEBUG: Saving checkpoint: ./checkpoints/MoWSSe_susram_ndata_all_subset_300_weights_10_1_run-123_epoch-1.pt
2025-07-12 13:52:52.957 INFO: Epoch 2: head: Default, loss=10.6149, RMSE_MU_per_atom=0.00 mDebye, RMSE_MU_DERIV=0.24 mDebye / A, RMSE_ALPHA_per_atom=    0.88, RMSE_ALPHA_DERIV=    8.28
2025-07-12 13:52:52.958 DEBUG: Deleting old checkpoint file: ./checkpoints/MoWSSe_susram_ndata_all_subset_300_weights_10_1_run-123_epoch-1.pt
2025-07-12 13:52:52.959 DEBUG: Saving checkpoint: ./checkpoints/MoWSSe_susram_ndata_all_subset_300_weights_10_1_run-123_epoch-2.pt
2025-07-12 13:53:48.399 INFO: Epoch 3: head: Default, loss=10.4148, RMSE_MU_per_atom=0.00 mDebye, RMSE_MU_DERIV=0.16 mDebye / A, RMSE_ALPHA_per_atom=    1.26, RMSE_ALPHA_DERIV=    7.61
2025-07-12 13:53:48.400 DEBUG: Deleting old checkpoint file: ./checkpoints/MoWSSe_susram_ndata_all_subset_300_weights_10_1_run-123_epoch-2.pt
2025-07-12 13:53:48.400 DEBUG: Saving checkpoint: ./checkpoints/MoWSSe_susram_ndata_all_subset_300_weights_10_1_run-123_epoch-3.pt
2025-07-12 13:54:43.841 INFO: Epoch 4: head: Default, loss=6.9347, RMSE_MU_per_atom=0.00 mDebye, RMSE_MU_DERIV=0.10 mDebye / A, RMSE_ALPHA_per_atom=    0.78, RMSE_ALPHA_DERIV=    6.58
2025-07-12 13:54:43.842 DEBUG: Deleting old checkpoint file: ./checkpoints/MoWSSe_susram_ndata_all_subset_300_weights_10_1_run-123_epoch-3.pt
2025-07-12 13:54:43.842 DEBUG: Saving checkpoint: ./checkpoints/MoWSSe_susram_ndata_all_subset_300_weights_10_1_run-123_epoch-4.pt
2025-07-12 13:55:39.296 INFO: Epoch 5: head: Default, loss=5.2560, RMSE_MU_per_atom=0.00 mDebye, RMSE_MU_DERIV=0.06 mDebye / A, RMSE_ALPHA_per_atom=    0.61, RMSE_ALPHA_DERIV=    5.80
2025-07-12 13:55:39.297 DEBUG: Deleting old checkpoint file: ./checkpoints/MoWSSe_susram_ndata_all_subset_300_weights_10_1_run-123_epoch-4.pt
2025-07-12 13:55:39.299 DEBUG: Saving checkpoint: ./checkpoints/MoWSSe_susram_ndata_all_subset_300_weights_10_1_run-123_epoch-5.pt
2025-07-12 13:56:34.756 INFO: Epoch 6: head: Default, loss=4.4704, RMSE_MU_per_atom=0.00 mDebye, RMSE_MU_DERIV=0.03 mDebye / A, RMSE_ALPHA_per_atom=    0.65, RMSE_ALPHA_DERIV=    5.25
2025-07-12 13:56:34.757 DEBUG: Deleting old checkpoint file: ./checkpoints/MoWSSe_susram_ndata_all_subset_300_weights_10_1_run-123_epoch-5.pt
2025-07-12 13:56:34.758 DEBUG: Saving checkpoint: ./checkpoints/MoWSSe_susram_ndata_all_subset_300_weights_10_1_run-123_epoch-6.pt
2025-07-12 13:57:30.216 INFO: Epoch 7: head: Default, loss=3.9908, RMSE_MU_per_atom=0.00 mDebye, RMSE_MU_DERIV=0.02 mDebye / A, RMSE_ALPHA_per_atom=    0.65, RMSE_ALPHA_DERIV=    4.90
2025-07-12 13:57:30.216 DEBUG: Deleting old checkpoint file: ./checkpoints/MoWSSe_susram_ndata_all_subset_300_weights_10_1_run-123_epoch-6.pt
2025-07-12 13:57:30.217 DEBUG: Saving checkpoint: ./checkpoints/MoWSSe_susram_ndata_all_subset_300_weights_10_1_run-123_epoch-7.pt
2025-07-12 13:58:25.686 INFO: Epoch 8: head: Default, loss=3.7009, RMSE_MU_per_atom=0.00 mDebye, RMSE_MU_DERIV=0.02 mDebye / A, RMSE_ALPHA_per_atom=    0.59, RMSE_ALPHA_DERIV=    4.74
2025-07-12 13:58:25.687 DEBUG: Deleting old checkpoint file: ./checkpoints/MoWSSe_susram_ndata_all_subset_300_weights_10_1_run-123_epoch-7.pt
2025-07-12 13:58:25.687 DEBUG: Saving checkpoint: ./checkpoints/MoWSSe_susram_ndata_all_subset_300_weights_10_1_run-123_epoch-8.pt
2025-07-12 13:59:21.150 INFO: Epoch 9: head: Default, loss=2.6160, RMSE_MU_per_atom=0.00 mDebye, RMSE_MU_DERIV=0.01 mDebye / A, RMSE_ALPHA_per_atom=    0.27, RMSE_ALPHA_DERIV=    4.20
2025-07-12 13:59:21.151 DEBUG: Deleting old checkpoint file: ./checkpoints/MoWSSe_susram_ndata_all_subset_300_weights_10_1_run-123_epoch-8.pt
2025-07-12 13:59:21.151 DEBUG: Saving checkpoint: ./checkpoints/MoWSSe_susram_ndata_all_subset_300_weights_10_1_run-123_epoch-9.pt
2025-07-12 14:00:16.602 INFO: Epoch 10: head: Default, loss=3.7364, RMSE_MU_per_atom=0.00 mDebye, RMSE_MU_DERIV=0.01 mDebye / A, RMSE_ALPHA_per_atom=    0.70, RMSE_ALPHA_DERIV=    4.72
2025-07-12 14:01:11.995 INFO: Epoch 11: head: Default, loss=3.3879, RMSE_MU_per_atom=0.00 mDebye, RMSE_MU_DERIV=0.01 mDebye / A, RMSE_ALPHA_per_atom=    0.58, RMSE_ALPHA_DERIV=    4.57
2025-07-12 14:02:07.390 INFO: Epoch 12: head: Default, loss=2.4360, RMSE_MU_per_atom=0.00 mDebye, RMSE_MU_DERIV=0.00 mDebye / A, RMSE_ALPHA_per_atom=    0.27, RMSE_ALPHA_DERIV=    4.04
2025-07-12 14:02:07.391 DEBUG: Deleting old checkpoint file: ./checkpoints/MoWSSe_susram_ndata_all_subset_300_weights_10_1_run-123_epoch-9.pt
2025-07-12 14:02:07.393 DEBUG: Saving checkpoint: ./checkpoints/MoWSSe_susram_ndata_all_subset_300_weights_10_1_run-123_epoch-12.pt
2025-07-12 14:03:02.838 INFO: Epoch 13: head: Default, loss=2.7137, RMSE_MU_per_atom=0.00 mDebye, RMSE_MU_DERIV=0.00 mDebye / A, RMSE_ALPHA_per_atom=    0.38, RMSE_ALPHA_DERIV=    4.20
2025-07-12 14:03:58.223 INFO: Epoch 14: head: Default, loss=2.9686, RMSE_MU_per_atom=0.00 mDebye, RMSE_MU_DERIV=0.00 mDebye / A, RMSE_ALPHA_per_atom=    0.41, RMSE_ALPHA_DERIV=    4.43
2025-07-12 14:04:53.608 INFO: Epoch 15: head: Default, loss=1.9844, RMSE_MU_per_atom=0.00 mDebye, RMSE_MU_DERIV=0.00 mDebye / A, RMSE_ALPHA_per_atom=    0.36, RMSE_ALPHA_DERIV=    3.57
2025-07-12 14:04:53.609 DEBUG: Deleting old checkpoint file: ./checkpoints/MoWSSe_susram_ndata_all_subset_300_weights_10_1_run-123_epoch-12.pt
2025-07-12 14:04:53.609 DEBUG: Saving checkpoint: ./checkpoints/MoWSSe_susram_ndata_all_subset_300_weights_10_1_run-123_epoch-15.pt
2025-07-12 14:05:49.053 INFO: Epoch 16: head: Default, loss=1.9690, RMSE_MU_per_atom=0.00 mDebye, RMSE_MU_DERIV=0.00 mDebye / A, RMSE_ALPHA_per_atom=    0.29, RMSE_ALPHA_DERIV=    3.61
2025-07-12 14:05:49.053 DEBUG: Deleting old checkpoint file: ./checkpoints/MoWSSe_susram_ndata_all_subset_300_weights_10_1_run-123_epoch-15.pt
2025-07-12 14:05:49.054 DEBUG: Saving checkpoint: ./checkpoints/MoWSSe_susram_ndata_all_subset_300_weights_10_1_run-123_epoch-16.pt
2025-07-12 14:06:44.488 INFO: Epoch 17: head: Default, loss=1.8641, RMSE_MU_per_atom=0.00 mDebye, RMSE_MU_DERIV=0.00 mDebye / A, RMSE_ALPHA_per_atom=    0.20, RMSE_ALPHA_DERIV=    3.55
2025-07-12 14:06:44.489 DEBUG: Deleting old checkpoint file: ./checkpoints/MoWSSe_susram_ndata_all_subset_300_weights_10_1_run-123_epoch-16.pt
2025-07-12 14:06:44.489 DEBUG: Saving checkpoint: ./checkpoints/MoWSSe_susram_ndata_all_subset_300_weights_10_1_run-123_epoch-17.pt
2025-07-12 14:07:39.948 INFO: Epoch 18: head: Default, loss=1.7355, RMSE_MU_per_atom=0.00 mDebye, RMSE_MU_DERIV=0.00 mDebye / A, RMSE_ALPHA_per_atom=    0.29, RMSE_ALPHA_DERIV=    3.39
2025-07-12 14:07:39.949 DEBUG: Deleting old checkpoint file: ./checkpoints/MoWSSe_susram_ndata_all_subset_300_weights_10_1_run-123_epoch-17.pt
2025-07-12 14:07:39.949 DEBUG: Saving checkpoint: ./checkpoints/MoWSSe_susram_ndata_all_subset_300_weights_10_1_run-123_epoch-18.pt
2025-07-12 14:08:35.409 INFO: Epoch 19: head: Default, loss=1.6996, RMSE_MU_per_atom=0.00 mDebye, RMSE_MU_DERIV=0.00 mDebye / A, RMSE_ALPHA_per_atom=    0.23, RMSE_ALPHA_DERIV=    3.37
2025-07-12 14:08:35.409 DEBUG: Deleting old checkpoint file: ./checkpoints/MoWSSe_susram_ndata_all_subset_300_weights_10_1_run-123_epoch-18.pt
2025-07-12 14:08:35.410 DEBUG: Saving checkpoint: ./checkpoints/MoWSSe_susram_ndata_all_subset_300_weights_10_1_run-123_epoch-19.pt
2025-07-12 14:09:30.843 INFO: Epoch 20: head: Default, loss=1.8148, RMSE_MU_per_atom=0.00 mDebye, RMSE_MU_DERIV=0.00 mDebye / A, RMSE_ALPHA_per_atom=    0.29, RMSE_ALPHA_DERIV=    3.51
2025-07-12 14:10:26.260 INFO: Epoch 21: head: Default, loss=1.8258, RMSE_MU_per_atom=0.00 mDebye, RMSE_MU_DERIV=0.00 mDebye / A, RMSE_ALPHA_per_atom=    0.22, RMSE_ALPHA_DERIV=    3.55
2025-07-12 14:11:21.652 INFO: Epoch 22: head: Default, loss=1.4672, RMSE_MU_per_atom=0.00 mDebye, RMSE_MU_DERIV=0.00 mDebye / A, RMSE_ALPHA_per_atom=    0.21, RMSE_ALPHA_DERIV=    3.17
2025-07-12 14:11:21.653 DEBUG: Deleting old checkpoint file: ./checkpoints/MoWSSe_susram_ndata_all_subset_300_weights_10_1_run-123_epoch-19.pt
2025-07-12 14:11:21.653 DEBUG: Saving checkpoint: ./checkpoints/MoWSSe_susram_ndata_all_subset_300_weights_10_1_run-123_epoch-22.pt
2025-07-12 14:12:17.098 INFO: Epoch 23: head: Default, loss=1.5402, RMSE_MU_per_atom=0.00 mDebye, RMSE_MU_DERIV=0.00 mDebye / A, RMSE_ALPHA_per_atom=    0.43, RMSE_ALPHA_DERIV=    3.04
2025-07-12 14:13:12.502 INFO: Epoch 24: head: Default, loss=1.3882, RMSE_MU_per_atom=0.00 mDebye, RMSE_MU_DERIV=0.00 mDebye / A, RMSE_ALPHA_per_atom=    0.21, RMSE_ALPHA_DERIV=    3.06
2025-07-12 14:13:12.503 DEBUG: Deleting old checkpoint file: ./checkpoints/MoWSSe_susram_ndata_all_subset_300_weights_10_1_run-123_epoch-22.pt
2025-07-12 14:13:12.503 DEBUG: Saving checkpoint: ./checkpoints/MoWSSe_susram_ndata_all_subset_300_weights_10_1_run-123_epoch-24.pt
2025-07-12 14:14:07.945 INFO: Epoch 25: head: Default, loss=1.3326, RMSE_MU_per_atom=0.00 mDebye, RMSE_MU_DERIV=0.00 mDebye / A, RMSE_ALPHA_per_atom=    0.17, RMSE_ALPHA_DERIV=    3.04
2025-07-12 14:14:07.945 DEBUG: Deleting old checkpoint file: ./checkpoints/MoWSSe_susram_ndata_all_subset_300_weights_10_1_run-123_epoch-24.pt
2025-07-12 14:14:07.946 DEBUG: Saving checkpoint: ./checkpoints/MoWSSe_susram_ndata_all_subset_300_weights_10_1_run-123_epoch-25.pt
2025-07-12 14:15:03.399 INFO: Epoch 26: head: Default, loss=2.0349, RMSE_MU_per_atom=0.00 mDebye, RMSE_MU_DERIV=0.00 mDebye / A, RMSE_ALPHA_per_atom=    0.25, RMSE_ALPHA_DERIV=    3.72
2025-07-12 14:15:58.788 INFO: Epoch 27: head: Default, loss=1.5273, RMSE_MU_per_atom=0.00 mDebye, RMSE_MU_DERIV=0.00 mDebye / A, RMSE_ALPHA_per_atom=    0.24, RMSE_ALPHA_DERIV=    3.26
2025-07-12 14:16:54.174 INFO: Epoch 28: head: Default, loss=1.2075, RMSE_MU_per_atom=0.00 mDebye, RMSE_MU_DERIV=0.00 mDebye / A, RMSE_ALPHA_per_atom=    0.20, RMSE_ALPHA_DERIV=    2.90
2025-07-12 14:16:54.175 DEBUG: Deleting old checkpoint file: ./checkpoints/MoWSSe_susram_ndata_all_subset_300_weights_10_1_run-123_epoch-25.pt
2025-07-12 14:16:54.175 DEBUG: Saving checkpoint: ./checkpoints/MoWSSe_susram_ndata_all_subset_300_weights_10_1_run-123_epoch-28.pt
2025-07-12 14:17:49.625 INFO: Epoch 29: head: Default, loss=1.1672, RMSE_MU_per_atom=0.00 mDebye, RMSE_MU_DERIV=0.00 mDebye / A, RMSE_ALPHA_per_atom=    0.20, RMSE_ALPHA_DERIV=    2.82
2025-07-12 14:17:49.626 DEBUG: Deleting old checkpoint file: ./checkpoints/MoWSSe_susram_ndata_all_subset_300_weights_10_1_run-123_epoch-28.pt
2025-07-12 14:17:49.626 DEBUG: Saving checkpoint: ./checkpoints/MoWSSe_susram_ndata_all_subset_300_weights_10_1_run-123_epoch-29.pt
2025-07-12 14:18:45.080 INFO: Epoch 30: head: Default, loss=1.0944, RMSE_MU_per_atom=0.00 mDebye, RMSE_MU_DERIV=0.00 mDebye / A, RMSE_ALPHA_per_atom=    0.12, RMSE_ALPHA_DERIV=    2.78
2025-07-12 14:18:45.080 DEBUG: Deleting old checkpoint file: ./checkpoints/MoWSSe_susram_ndata_all_subset_300_weights_10_1_run-123_epoch-29.pt
2025-07-12 14:18:45.081 DEBUG: Saving checkpoint: ./checkpoints/MoWSSe_susram_ndata_all_subset_300_weights_10_1_run-123_epoch-30.pt
2025-07-12 14:19:40.521 INFO: Epoch 31: head: Default, loss=1.2351, RMSE_MU_per_atom=0.00 mDebye, RMSE_MU_DERIV=0.00 mDebye / A, RMSE_ALPHA_per_atom=    0.29, RMSE_ALPHA_DERIV=    2.86
2025-07-12 14:20:35.928 INFO: Epoch 32: head: Default, loss=1.2000, RMSE_MU_per_atom=0.00 mDebye, RMSE_MU_DERIV=0.00 mDebye / A, RMSE_ALPHA_per_atom=    0.22, RMSE_ALPHA_DERIV=    2.86
2025-07-12 14:21:31.346 INFO: Epoch 33: head: Default, loss=1.1355, RMSE_MU_per_atom=0.00 mDebye, RMSE_MU_DERIV=0.00 mDebye / A, RMSE_ALPHA_per_atom=    0.16, RMSE_ALPHA_DERIV=    2.84
2025-07-12 14:22:26.759 INFO: Epoch 34: head: Default, loss=1.4193, RMSE_MU_per_atom=0.00 mDebye, RMSE_MU_DERIV=0.00 mDebye / A, RMSE_ALPHA_per_atom=    0.52, RMSE_ALPHA_DERIV=    2.79
2025-07-12 14:23:22.167 INFO: Epoch 35: head: Default, loss=1.2125, RMSE_MU_per_atom=0.00 mDebye, RMSE_MU_DERIV=0.00 mDebye / A, RMSE_ALPHA_per_atom=    0.30, RMSE_ALPHA_DERIV=    2.83
2025-07-12 14:24:17.577 INFO: Epoch 36: head: Default, loss=1.4090, RMSE_MU_per_atom=0.00 mDebye, RMSE_MU_DERIV=0.00 mDebye / A, RMSE_ALPHA_per_atom=    0.24, RMSE_ALPHA_DERIV=    3.09
2025-07-12 14:25:12.980 INFO: Epoch 37: head: Default, loss=1.0606, RMSE_MU_per_atom=0.00 mDebye, RMSE_MU_DERIV=0.00 mDebye / A, RMSE_ALPHA_per_atom=    0.15, RMSE_ALPHA_DERIV=    2.77
2025-07-12 14:25:12.981 DEBUG: Deleting old checkpoint file: ./checkpoints/MoWSSe_susram_ndata_all_subset_300_weights_10_1_run-123_epoch-30.pt
2025-07-12 14:25:12.981 DEBUG: Saving checkpoint: ./checkpoints/MoWSSe_susram_ndata_all_subset_300_weights_10_1_run-123_epoch-37.pt
2025-07-12 14:26:08.431 INFO: Epoch 38: head: Default, loss=1.0491, RMSE_MU_per_atom=0.00 mDebye, RMSE_MU_DERIV=0.00 mDebye / A, RMSE_ALPHA_per_atom=    0.26, RMSE_ALPHA_DERIV=    2.65
2025-07-12 14:26:08.432 DEBUG: Deleting old checkpoint file: ./checkpoints/MoWSSe_susram_ndata_all_subset_300_weights_10_1_run-123_epoch-37.pt
2025-07-12 14:26:08.432 DEBUG: Saving checkpoint: ./checkpoints/MoWSSe_susram_ndata_all_subset_300_weights_10_1_run-123_epoch-38.pt
2025-07-12 14:27:03.877 INFO: Epoch 39: head: Default, loss=0.9756, RMSE_MU_per_atom=0.00 mDebye, RMSE_MU_DERIV=0.00 mDebye / A, RMSE_ALPHA_per_atom=    0.18, RMSE_ALPHA_DERIV=    2.62
2025-07-12 14:27:03.878 DEBUG: Deleting old checkpoint file: ./checkpoints/MoWSSe_susram_ndata_all_subset_300_weights_10_1_run-123_epoch-38.pt
2025-07-12 14:27:03.878 DEBUG: Saving checkpoint: ./checkpoints/MoWSSe_susram_ndata_all_subset_300_weights_10_1_run-123_epoch-39.pt
2025-07-12 14:27:59.319 INFO: Epoch 40: head: Default, loss=1.1662, RMSE_MU_per_atom=0.00 mDebye, RMSE_MU_DERIV=0.00 mDebye / A, RMSE_ALPHA_per_atom=    0.15, RMSE_ALPHA_DERIV=    2.86
2025-07-12 14:28:54.706 INFO: Epoch 41: head: Default, loss=1.1316, RMSE_MU_per_atom=0.00 mDebye, RMSE_MU_DERIV=0.00 mDebye / A, RMSE_ALPHA_per_atom=    0.33, RMSE_ALPHA_DERIV=    2.68
2025-07-12 14:29:50.092 INFO: Epoch 42: head: Default, loss=0.9444, RMSE_MU_per_atom=0.00 mDebye, RMSE_MU_DERIV=0.00 mDebye / A, RMSE_ALPHA_per_atom=    0.10, RMSE_ALPHA_DERIV=    2.60
2025-07-12 14:29:50.093 DEBUG: Deleting old checkpoint file: ./checkpoints/MoWSSe_susram_ndata_all_subset_300_weights_10_1_run-123_epoch-39.pt
2025-07-12 14:29:50.093 DEBUG: Saving checkpoint: ./checkpoints/MoWSSe_susram_ndata_all_subset_300_weights_10_1_run-123_epoch-42.pt
2025-07-12 14:30:45.529 INFO: Epoch 43: head: Default, loss=1.1776, RMSE_MU_per_atom=0.00 mDebye, RMSE_MU_DERIV=0.00 mDebye / A, RMSE_ALPHA_per_atom=    0.32, RMSE_ALPHA_DERIV=    2.77
2025-07-12 14:31:40.890 INFO: Epoch 44: head: Default, loss=1.0499, RMSE_MU_per_atom=0.00 mDebye, RMSE_MU_DERIV=0.00 mDebye / A, RMSE_ALPHA_per_atom=    0.16, RMSE_ALPHA_DERIV=    2.75
2025-07-12 14:32:36.268 INFO: Epoch 45: head: Default, loss=1.2051, RMSE_MU_per_atom=0.00 mDebye, RMSE_MU_DERIV=0.00 mDebye / A, RMSE_ALPHA_per_atom=    0.24, RMSE_ALPHA_DERIV=    2.89
2025-07-12 14:33:31.656 INFO: Epoch 46: head: Default, loss=0.9291, RMSE_MU_per_atom=0.00 mDebye, RMSE_MU_DERIV=0.00 mDebye / A, RMSE_ALPHA_per_atom=    0.13, RMSE_ALPHA_DERIV=    2.58
2025-07-12 14:33:31.657 DEBUG: Deleting old checkpoint file: ./checkpoints/MoWSSe_susram_ndata_all_subset_300_weights_10_1_run-123_epoch-42.pt
2025-07-12 14:33:31.657 DEBUG: Saving checkpoint: ./checkpoints/MoWSSe_susram_ndata_all_subset_300_weights_10_1_run-123_epoch-46.pt
2025-07-12 14:34:27.113 INFO: Epoch 47: head: Default, loss=0.9012, RMSE_MU_per_atom=0.00 mDebye, RMSE_MU_DERIV=0.00 mDebye / A, RMSE_ALPHA_per_atom=    0.11, RMSE_ALPHA_DERIV=    2.55
2025-07-12 14:34:27.114 DEBUG: Deleting old checkpoint file: ./checkpoints/MoWSSe_susram_ndata_all_subset_300_weights_10_1_run-123_epoch-46.pt
2025-07-12 14:34:27.114 DEBUG: Saving checkpoint: ./checkpoints/MoWSSe_susram_ndata_all_subset_300_weights_10_1_run-123_epoch-47.pt
2025-07-12 14:35:22.582 INFO: Epoch 48: head: Default, loss=0.9745, RMSE_MU_per_atom=0.00 mDebye, RMSE_MU_DERIV=0.00 mDebye / A, RMSE_ALPHA_per_atom=    0.14, RMSE_ALPHA_DERIV=    2.65
2025-07-12 14:36:17.990 INFO: Epoch 49: head: Default, loss=0.9995, RMSE_MU_per_atom=0.00 mDebye, RMSE_MU_DERIV=0.00 mDebye / A, RMSE_ALPHA_per_atom=    0.21, RMSE_ALPHA_DERIV=    2.63
2025-07-12 14:37:13.412 INFO: Epoch 50: head: Default, loss=0.9236, RMSE_MU_per_atom=0.00 mDebye, RMSE_MU_DERIV=0.00 mDebye / A, RMSE_ALPHA_per_atom=    0.20, RMSE_ALPHA_DERIV=    2.54
2025-07-12 14:38:08.826 INFO: Epoch 51: head: Default, loss=0.8722, RMSE_MU_per_atom=0.00 mDebye, RMSE_MU_DERIV=0.00 mDebye / A, RMSE_ALPHA_per_atom=    0.13, RMSE_ALPHA_DERIV=    2.50
2025-07-12 14:38:08.827 DEBUG: Deleting old checkpoint file: ./checkpoints/MoWSSe_susram_ndata_all_subset_300_weights_10_1_run-123_epoch-47.pt
2025-07-12 14:38:08.827 DEBUG: Saving checkpoint: ./checkpoints/MoWSSe_susram_ndata_all_subset_300_weights_10_1_run-123_epoch-51.pt
2025-07-12 14:39:04.273 INFO: Epoch 52: head: Default, loss=0.9164, RMSE_MU_per_atom=0.00 mDebye, RMSE_MU_DERIV=0.00 mDebye / A, RMSE_ALPHA_per_atom=    0.23, RMSE_ALPHA_DERIV=    2.51
2025-07-12 14:39:59.662 INFO: Epoch 53: head: Default, loss=0.9115, RMSE_MU_per_atom=0.00 mDebye, RMSE_MU_DERIV=0.00 mDebye / A, RMSE_ALPHA_per_atom=    0.14, RMSE_ALPHA_DERIV=    2.56
2025-07-12 14:40:55.038 INFO: Epoch 54: head: Default, loss=1.0692, RMSE_MU_per_atom=0.00 mDebye, RMSE_MU_DERIV=0.00 mDebye / A, RMSE_ALPHA_per_atom=    0.34, RMSE_ALPHA_DERIV=    2.64
2025-07-12 14:41:50.417 INFO: Epoch 55: head: Default, loss=0.7961, RMSE_MU_per_atom=0.00 mDebye, RMSE_MU_DERIV=0.00 mDebye / A, RMSE_ALPHA_per_atom=    0.10, RMSE_ALPHA_DERIV=    2.41
2025-07-12 14:41:50.418 DEBUG: Deleting old checkpoint file: ./checkpoints/MoWSSe_susram_ndata_all_subset_300_weights_10_1_run-123_epoch-51.pt
2025-07-12 14:41:50.419 DEBUG: Saving checkpoint: ./checkpoints/MoWSSe_susram_ndata_all_subset_300_weights_10_1_run-123_epoch-55.pt
2025-07-12 14:42:45.866 INFO: Epoch 56: head: Default, loss=0.8380, RMSE_MU_per_atom=0.00 mDebye, RMSE_MU_DERIV=0.00 mDebye / A, RMSE_ALPHA_per_atom=    0.10, RMSE_ALPHA_DERIV=    2.47
2025-07-12 14:43:41.258 INFO: Epoch 57: head: Default, loss=0.8523, RMSE_MU_per_atom=0.00 mDebye, RMSE_MU_DERIV=0.00 mDebye / A, RMSE_ALPHA_per_atom=    0.10, RMSE_ALPHA_DERIV=    2.50
2025-07-12 14:44:36.620 INFO: Epoch 58: head: Default, loss=0.8959, RMSE_MU_per_atom=0.00 mDebye, RMSE_MU_DERIV=0.00 mDebye / A, RMSE_ALPHA_per_atom=    0.10, RMSE_ALPHA_DERIV=    2.55
2025-07-12 14:45:31.996 INFO: Epoch 59: head: Default, loss=0.7946, RMSE_MU_per_atom=0.00 mDebye, RMSE_MU_DERIV=0.00 mDebye / A, RMSE_ALPHA_per_atom=    0.12, RMSE_ALPHA_DERIV=    2.41
2025-07-12 14:45:31.997 DEBUG: Deleting old checkpoint file: ./checkpoints/MoWSSe_susram_ndata_all_subset_300_weights_10_1_run-123_epoch-55.pt
2025-07-12 14:45:31.997 DEBUG: Saving checkpoint: ./checkpoints/MoWSSe_susram_ndata_all_subset_300_weights_10_1_run-123_epoch-59.pt
2025-07-12 14:46:27.431 INFO: Epoch 60: head: Default, loss=0.8789, RMSE_MU_per_atom=0.00 mDebye, RMSE_MU_DERIV=0.00 mDebye / A, RMSE_ALPHA_per_atom=    0.13, RMSE_ALPHA_DERIV=    2.53
2025-07-12 14:47:22.801 INFO: Epoch 61: head: Default, loss=0.8935, RMSE_MU_per_atom=0.00 mDebye, RMSE_MU_DERIV=0.00 mDebye / A, RMSE_ALPHA_per_atom=    0.22, RMSE_ALPHA_DERIV=    2.47
2025-07-12 14:48:18.177 INFO: Epoch 62: head: Default, loss=0.8067, RMSE_MU_per_atom=0.00 mDebye, RMSE_MU_DERIV=0.00 mDebye / A, RMSE_ALPHA_per_atom=    0.10, RMSE_ALPHA_DERIV=    2.42
2025-07-12 14:49:13.554 INFO: Epoch 63: head: Default, loss=0.8078, RMSE_MU_per_atom=0.00 mDebye, RMSE_MU_DERIV=0.00 mDebye / A, RMSE_ALPHA_per_atom=    0.14, RMSE_ALPHA_DERIV=    2.41
2025-07-12 14:50:08.952 INFO: Epoch 64: head: Default, loss=0.8057, RMSE_MU_per_atom=0.00 mDebye, RMSE_MU_DERIV=0.00 mDebye / A, RMSE_ALPHA_per_atom=    0.17, RMSE_ALPHA_DERIV=    2.39
2025-07-12 14:51:04.345 INFO: Epoch 65: head: Default, loss=0.8986, RMSE_MU_per_atom=0.00 mDebye, RMSE_MU_DERIV=0.00 mDebye / A, RMSE_ALPHA_per_atom=    0.27, RMSE_ALPHA_DERIV=    2.42
2025-07-12 14:51:59.719 INFO: Epoch 66: head: Default, loss=0.7541, RMSE_MU_per_atom=0.00 mDebye, RMSE_MU_DERIV=0.00 mDebye / A, RMSE_ALPHA_per_atom=    0.14, RMSE_ALPHA_DERIV=    2.32
2025-07-12 14:51:59.720 DEBUG: Deleting old checkpoint file: ./checkpoints/MoWSSe_susram_ndata_all_subset_300_weights_10_1_run-123_epoch-59.pt
2025-07-12 14:51:59.721 DEBUG: Saving checkpoint: ./checkpoints/MoWSSe_susram_ndata_all_subset_300_weights_10_1_run-123_epoch-66.pt
2025-07-12 14:52:55.169 INFO: Epoch 67: head: Default, loss=0.7675, RMSE_MU_per_atom=0.00 mDebye, RMSE_MU_DERIV=0.00 mDebye / A, RMSE_ALPHA_per_atom=    0.09, RMSE_ALPHA_DERIV=    2.36
2025-07-12 14:53:50.567 INFO: Epoch 68: head: Default, loss=0.7538, RMSE_MU_per_atom=0.00 mDebye, RMSE_MU_DERIV=0.00 mDebye / A, RMSE_ALPHA_per_atom=    0.14, RMSE_ALPHA_DERIV=    2.33
2025-07-12 14:53:50.568 DEBUG: Deleting old checkpoint file: ./checkpoints/MoWSSe_susram_ndata_all_subset_300_weights_10_1_run-123_epoch-66.pt
2025-07-12 14:53:50.568 DEBUG: Saving checkpoint: ./checkpoints/MoWSSe_susram_ndata_all_subset_300_weights_10_1_run-123_epoch-68.pt
2025-07-12 14:54:46.007 INFO: Epoch 69: head: Default, loss=0.7005, RMSE_MU_per_atom=0.00 mDebye, RMSE_MU_DERIV=0.00 mDebye / A, RMSE_ALPHA_per_atom=    0.09, RMSE_ALPHA_DERIV=    2.27
2025-07-12 14:54:46.008 DEBUG: Deleting old checkpoint file: ./checkpoints/MoWSSe_susram_ndata_all_subset_300_weights_10_1_run-123_epoch-68.pt
2025-07-12 14:54:46.010 DEBUG: Saving checkpoint: ./checkpoints/MoWSSe_susram_ndata_all_subset_300_weights_10_1_run-123_epoch-69.pt
2025-07-12 14:55:41.462 INFO: Epoch 70: head: Default, loss=0.7473, RMSE_MU_per_atom=0.00 mDebye, RMSE_MU_DERIV=0.00 mDebye / A, RMSE_ALPHA_per_atom=    0.13, RMSE_ALPHA_DERIV=    2.33
2025-07-12 14:56:36.852 INFO: Epoch 71: head: Default, loss=0.9233, RMSE_MU_per_atom=0.00 mDebye, RMSE_MU_DERIV=0.00 mDebye / A, RMSE_ALPHA_per_atom=    0.17, RMSE_ALPHA_DERIV=    2.54
2025-07-12 14:57:32.243 INFO: Epoch 72: head: Default, loss=0.9011, RMSE_MU_per_atom=0.00 mDebye, RMSE_MU_DERIV=0.00 mDebye / A, RMSE_ALPHA_per_atom=    0.27, RMSE_ALPHA_DERIV=    2.44
2025-07-12 14:58:27.625 INFO: Epoch 73: head: Default, loss=0.6823, RMSE_MU_per_atom=0.00 mDebye, RMSE_MU_DERIV=0.00 mDebye / A, RMSE_ALPHA_per_atom=    0.09, RMSE_ALPHA_DERIV=    2.22
2025-07-12 14:58:27.626 DEBUG: Deleting old checkpoint file: ./checkpoints/MoWSSe_susram_ndata_all_subset_300_weights_10_1_run-123_epoch-69.pt
2025-07-12 14:58:27.626 DEBUG: Saving checkpoint: ./checkpoints/MoWSSe_susram_ndata_all_subset_300_weights_10_1_run-123_epoch-73.pt
2025-07-12 14:59:23.053 INFO: Epoch 74: head: Default, loss=0.8000, RMSE_MU_per_atom=0.00 mDebye, RMSE_MU_DERIV=0.00 mDebye / A, RMSE_ALPHA_per_atom=    0.18, RMSE_ALPHA_DERIV=    2.38
2025-07-12 15:00:18.432 INFO: Epoch 75: head: Default, loss=0.7979, RMSE_MU_per_atom=0.00 mDebye, RMSE_MU_DERIV=0.00 mDebye / A, RMSE_ALPHA_per_atom=    0.20, RMSE_ALPHA_DERIV=    2.35
2025-07-12 15:01:13.794 INFO: Epoch 76: head: Default, loss=1.0568, RMSE_MU_per_atom=0.00 mDebye, RMSE_MU_DERIV=0.00 mDebye / A, RMSE_ALPHA_per_atom=    0.22, RMSE_ALPHA_DERIV=    2.67
2025-07-12 15:02:09.162 INFO: Epoch 77: head: Default, loss=0.7339, RMSE_MU_per_atom=0.00 mDebye, RMSE_MU_DERIV=0.00 mDebye / A, RMSE_ALPHA_per_atom=    0.12, RMSE_ALPHA_DERIV=    2.29
2025-07-12 15:03:04.533 INFO: Epoch 78: head: Default, loss=0.7255, RMSE_MU_per_atom=0.00 mDebye, RMSE_MU_DERIV=0.00 mDebye / A, RMSE_ALPHA_per_atom=    0.10, RMSE_ALPHA_DERIV=    2.29
2025-07-12 15:03:59.917 INFO: Epoch 79: head: Default, loss=0.7570, RMSE_MU_per_atom=0.00 mDebye, RMSE_MU_DERIV=0.00 mDebye / A, RMSE_ALPHA_per_atom=    0.15, RMSE_ALPHA_DERIV=    2.32
2025-07-12 15:04:55.299 INFO: Epoch 80: head: Default, loss=0.7422, RMSE_MU_per_atom=0.00 mDebye, RMSE_MU_DERIV=0.00 mDebye / A, RMSE_ALPHA_per_atom=    0.11, RMSE_ALPHA_DERIV=    2.30
2025-07-12 15:05:50.692 INFO: Epoch 81: head: Default, loss=0.7373, RMSE_MU_per_atom=0.00 mDebye, RMSE_MU_DERIV=0.00 mDebye / A, RMSE_ALPHA_per_atom=    0.19, RMSE_ALPHA_DERIV=    2.27
2025-07-12 15:06:46.058 INFO: Epoch 82: head: Default, loss=0.7795, RMSE_MU_per_atom=0.00 mDebye, RMSE_MU_DERIV=0.00 mDebye / A, RMSE_ALPHA_per_atom=    0.18, RMSE_ALPHA_DERIV=    2.34
2025-07-12 15:07:41.422 INFO: Epoch 83: head: Default, loss=0.7181, RMSE_MU_per_atom=0.00 mDebye, RMSE_MU_DERIV=0.00 mDebye / A, RMSE_ALPHA_per_atom=    0.18, RMSE_ALPHA_DERIV=    2.21
2025-07-12 15:08:36.794 INFO: Epoch 84: head: Default, loss=0.8023, RMSE_MU_per_atom=0.00 mDebye, RMSE_MU_DERIV=0.00 mDebye / A, RMSE_ALPHA_per_atom=    0.18, RMSE_ALPHA_DERIV=    2.37
2025-07-12 15:09:32.157 INFO: Epoch 85: head: Default, loss=0.6502, RMSE_MU_per_atom=0.00 mDebye, RMSE_MU_DERIV=0.00 mDebye / A, RMSE_ALPHA_per_atom=    0.09, RMSE_ALPHA_DERIV=    2.18
2025-07-12 15:09:32.158 DEBUG: Deleting old checkpoint file: ./checkpoints/MoWSSe_susram_ndata_all_subset_300_weights_10_1_run-123_epoch-73.pt
2025-07-12 15:09:32.158 DEBUG: Saving checkpoint: ./checkpoints/MoWSSe_susram_ndata_all_subset_300_weights_10_1_run-123_epoch-85.pt
2025-07-12 15:10:27.577 INFO: Epoch 86: head: Default, loss=0.7986, RMSE_MU_per_atom=0.00 mDebye, RMSE_MU_DERIV=0.00 mDebye / A, RMSE_ALPHA_per_atom=    0.21, RMSE_ALPHA_DERIV=    2.33
2025-07-12 15:11:22.942 INFO: Epoch 87: head: Default, loss=0.8970, RMSE_MU_per_atom=0.00 mDebye, RMSE_MU_DERIV=0.00 mDebye / A, RMSE_ALPHA_per_atom=    0.32, RMSE_ALPHA_DERIV=    2.39
2025-07-12 15:12:18.313 INFO: Epoch 88: head: Default, loss=0.6945, RMSE_MU_per_atom=0.00 mDebye, RMSE_MU_DERIV=0.00 mDebye / A, RMSE_ALPHA_per_atom=    0.15, RMSE_ALPHA_DERIV=    2.23
2025-07-12 15:13:13.689 INFO: Epoch 89: head: Default, loss=0.6472, RMSE_MU_per_atom=0.00 mDebye, RMSE_MU_DERIV=0.00 mDebye / A, RMSE_ALPHA_per_atom=    0.15, RMSE_ALPHA_DERIV=    2.14
2025-07-12 15:13:13.690 DEBUG: Deleting old checkpoint file: ./checkpoints/MoWSSe_susram_ndata_all_subset_300_weights_10_1_run-123_epoch-85.pt
2025-07-12 15:13:13.691 DEBUG: Saving checkpoint: ./checkpoints/MoWSSe_susram_ndata_all_subset_300_weights_10_1_run-123_epoch-89.pt
2025-07-12 15:14:09.098 INFO: Epoch 90: head: Default, loss=0.6250, RMSE_MU_per_atom=0.00 mDebye, RMSE_MU_DERIV=0.00 mDebye / A, RMSE_ALPHA_per_atom=    0.08, RMSE_ALPHA_DERIV=    2.13
2025-07-12 15:14:09.098 DEBUG: Deleting old checkpoint file: ./checkpoints/MoWSSe_susram_ndata_all_subset_300_weights_10_1_run-123_epoch-89.pt
2025-07-12 15:14:09.099 DEBUG: Saving checkpoint: ./checkpoints/MoWSSe_susram_ndata_all_subset_300_weights_10_1_run-123_epoch-90.pt
2025-07-12 15:15:04.515 INFO: Epoch 91: head: Default, loss=0.7197, RMSE_MU_per_atom=0.00 mDebye, RMSE_MU_DERIV=0.00 mDebye / A, RMSE_ALPHA_per_atom=    0.18, RMSE_ALPHA_DERIV=    2.24
2025-07-12 15:15:59.865 INFO: Epoch 92: head: Default, loss=0.7337, RMSE_MU_per_atom=0.00 mDebye, RMSE_MU_DERIV=0.00 mDebye / A, RMSE_ALPHA_per_atom=    0.28, RMSE_ALPHA_DERIV=    2.16
2025-07-12 15:16:55.236 INFO: Epoch 93: head: Default, loss=0.6430, RMSE_MU_per_atom=0.00 mDebye, RMSE_MU_DERIV=0.00 mDebye / A, RMSE_ALPHA_per_atom=    0.14, RMSE_ALPHA_DERIV=    2.13
2025-07-12 15:17:50.591 INFO: Epoch 94: head: Default, loss=0.6820, RMSE_MU_per_atom=0.00 mDebye, RMSE_MU_DERIV=0.00 mDebye / A, RMSE_ALPHA_per_atom=    0.10, RMSE_ALPHA_DERIV=    2.21
2025-07-12 15:18:45.972 INFO: Epoch 95: head: Default, loss=0.6250, RMSE_MU_per_atom=0.00 mDebye, RMSE_MU_DERIV=0.00 mDebye / A, RMSE_ALPHA_per_atom=    0.13, RMSE_ALPHA_DERIV=    2.11
2025-07-12 15:19:41.347 INFO: Epoch 96: head: Default, loss=0.6307, RMSE_MU_per_atom=0.00 mDebye, RMSE_MU_DERIV=0.00 mDebye / A, RMSE_ALPHA_per_atom=    0.15, RMSE_ALPHA_DERIV=    2.10
2025-07-12 15:20:36.711 INFO: Epoch 97: head: Default, loss=0.7845, RMSE_MU_per_atom=0.00 mDebye, RMSE_MU_DERIV=0.00 mDebye / A, RMSE_ALPHA_per_atom=    0.16, RMSE_ALPHA_DERIV=    2.32
2025-07-12 15:21:32.104 INFO: Epoch 98: head: Default, loss=0.6245, RMSE_MU_per_atom=0.00 mDebye, RMSE_MU_DERIV=0.00 mDebye / A, RMSE_ALPHA_per_atom=    0.09, RMSE_ALPHA_DERIV=    2.12
2025-07-12 15:21:32.105 DEBUG: Deleting old checkpoint file: ./checkpoints/MoWSSe_susram_ndata_all_subset_300_weights_10_1_run-123_epoch-90.pt
2025-07-12 15:21:32.105 DEBUG: Saving checkpoint: ./checkpoints/MoWSSe_susram_ndata_all_subset_300_weights_10_1_run-123_epoch-98.pt
2025-07-12 15:22:27.536 INFO: Epoch 99: head: Default, loss=0.6397, RMSE_MU_per_atom=0.00 mDebye, RMSE_MU_DERIV=0.00 mDebye / A, RMSE_ALPHA_per_atom=    0.12, RMSE_ALPHA_DERIV=    2.14
2025-07-12 15:23:22.914 INFO: Epoch 100: head: Default, loss=0.6346, RMSE_MU_per_atom=0.00 mDebye, RMSE_MU_DERIV=0.00 mDebye / A, RMSE_ALPHA_per_atom=    0.20, RMSE_ALPHA_DERIV=    2.08
2025-07-12 15:24:18.286 INFO: Epoch 101: head: Default, loss=0.6602, RMSE_MU_per_atom=0.00 mDebye, RMSE_MU_DERIV=0.00 mDebye / A, RMSE_ALPHA_per_atom=    0.16, RMSE_ALPHA_DERIV=    2.16
2025-07-12 15:25:13.660 INFO: Epoch 102: head: Default, loss=0.6578, RMSE_MU_per_atom=0.00 mDebye, RMSE_MU_DERIV=0.00 mDebye / A, RMSE_ALPHA_per_atom=    0.16, RMSE_ALPHA_DERIV=    2.13
2025-07-12 15:26:09.030 INFO: Epoch 103: head: Default, loss=0.8551, RMSE_MU_per_atom=0.00 mDebye, RMSE_MU_DERIV=0.00 mDebye / A, RMSE_ALPHA_per_atom=    0.31, RMSE_ALPHA_DERIV=    2.29
2025-07-12 15:27:04.396 INFO: Epoch 104: head: Default, loss=0.6352, RMSE_MU_per_atom=0.00 mDebye, RMSE_MU_DERIV=0.00 mDebye / A, RMSE_ALPHA_per_atom=    0.15, RMSE_ALPHA_DERIV=    2.11
2025-07-12 15:27:59.771 INFO: Epoch 105: head: Default, loss=0.5827, RMSE_MU_per_atom=0.00 mDebye, RMSE_MU_DERIV=0.00 mDebye / A, RMSE_ALPHA_per_atom=    0.09, RMSE_ALPHA_DERIV=    2.05
2025-07-12 15:27:59.772 DEBUG: Deleting old checkpoint file: ./checkpoints/MoWSSe_susram_ndata_all_subset_300_weights_10_1_run-123_epoch-98.pt
2025-07-12 15:27:59.772 DEBUG: Saving checkpoint: ./checkpoints/MoWSSe_susram_ndata_all_subset_300_weights_10_1_run-123_epoch-105.pt
2025-07-12 15:28:55.191 INFO: Epoch 106: head: Default, loss=0.5962, RMSE_MU_per_atom=0.00 mDebye, RMSE_MU_DERIV=0.00 mDebye / A, RMSE_ALPHA_per_atom=    0.10, RMSE_ALPHA_DERIV=    2.08
2025-07-12 15:29:50.562 INFO: Epoch 107: head: Default, loss=0.5937, RMSE_MU_per_atom=0.00 mDebye, RMSE_MU_DERIV=0.00 mDebye / A, RMSE_ALPHA_per_atom=    0.10, RMSE_ALPHA_DERIV=    2.07
2025-07-12 15:30:45.918 INFO: Epoch 108: head: Default, loss=0.6048, RMSE_MU_per_atom=0.00 mDebye, RMSE_MU_DERIV=0.00 mDebye / A, RMSE_ALPHA_per_atom=    0.12, RMSE_ALPHA_DERIV=    2.07
2025-07-12 15:31:41.280 INFO: Epoch 109: head: Default, loss=0.6283, RMSE_MU_per_atom=0.00 mDebye, RMSE_MU_DERIV=0.00 mDebye / A, RMSE_ALPHA_per_atom=    0.09, RMSE_ALPHA_DERIV=    2.14
2025-07-12 15:32:36.638 INFO: Epoch 110: head: Default, loss=0.6459, RMSE_MU_per_atom=0.00 mDebye, RMSE_MU_DERIV=0.00 mDebye / A, RMSE_ALPHA_per_atom=    0.10, RMSE_ALPHA_DERIV=    2.15
2025-07-12 15:33:32.042 INFO: Epoch 111: head: Default, loss=0.6389, RMSE_MU_per_atom=0.00 mDebye, RMSE_MU_DERIV=0.00 mDebye / A, RMSE_ALPHA_per_atom=    0.17, RMSE_ALPHA_DERIV=    2.11
2025-07-12 15:34:27.427 INFO: Epoch 112: head: Default, loss=0.5852, RMSE_MU_per_atom=0.00 mDebye, RMSE_MU_DERIV=0.00 mDebye / A, RMSE_ALPHA_per_atom=    0.07, RMSE_ALPHA_DERIV=    2.06
2025-07-12 15:35:22.815 INFO: Epoch 113: head: Default, loss=0.5864, RMSE_MU_per_atom=0.00 mDebye, RMSE_MU_DERIV=0.00 mDebye / A, RMSE_ALPHA_per_atom=    0.10, RMSE_ALPHA_DERIV=    2.07
2025-07-12 15:36:18.195 INFO: Epoch 114: head: Default, loss=0.7738, RMSE_MU_per_atom=0.00 mDebye, RMSE_MU_DERIV=0.00 mDebye / A, RMSE_ALPHA_per_atom=    0.14, RMSE_ALPHA_DERIV=    2.34
2025-07-12 15:37:13.563 INFO: Epoch 115: head: Default, loss=0.6379, RMSE_MU_per_atom=0.00 mDebye, RMSE_MU_DERIV=0.00 mDebye / A, RMSE_ALPHA_per_atom=    0.18, RMSE_ALPHA_DERIV=    2.10
2025-07-12 15:38:08.953 INFO: Epoch 116: head: Default, loss=0.6377, RMSE_MU_per_atom=0.00 mDebye, RMSE_MU_DERIV=0.00 mDebye / A, RMSE_ALPHA_per_atom=    0.10, RMSE_ALPHA_DERIV=    2.16
2025-07-12 15:39:04.352 INFO: Epoch 117: head: Default, loss=0.6207, RMSE_MU_per_atom=0.00 mDebye, RMSE_MU_DERIV=0.00 mDebye / A, RMSE_ALPHA_per_atom=    0.07, RMSE_ALPHA_DERIV=    2.13
2025-07-12 15:39:59.766 INFO: Epoch 118: head: Default, loss=0.7240, RMSE_MU_per_atom=0.00 mDebye, RMSE_MU_DERIV=0.00 mDebye / A, RMSE_ALPHA_per_atom=    0.23, RMSE_ALPHA_DERIV=    2.18
2025-07-12 15:40:55.181 INFO: Epoch 119: head: Default, loss=0.6220, RMSE_MU_per_atom=0.00 mDebye, RMSE_MU_DERIV=0.00 mDebye / A, RMSE_ALPHA_per_atom=    0.19, RMSE_ALPHA_DERIV=    2.05
2025-07-12 15:41:50.581 INFO: Epoch 120: head: Default, loss=0.5946, RMSE_MU_per_atom=0.00 mDebye, RMSE_MU_DERIV=0.00 mDebye / A, RMSE_ALPHA_per_atom=    0.12, RMSE_ALPHA_DERIV=    2.05
2025-07-12 15:42:45.985 INFO: Epoch 121: head: Default, loss=0.6474, RMSE_MU_per_atom=0.00 mDebye, RMSE_MU_DERIV=0.00 mDebye / A, RMSE_ALPHA_per_atom=    0.15, RMSE_ALPHA_DERIV=    2.12
2025-07-12 15:43:41.383 INFO: Epoch 122: head: Default, loss=0.6023, RMSE_MU_per_atom=0.00 mDebye, RMSE_MU_DERIV=0.00 mDebye / A, RMSE_ALPHA_per_atom=    0.10, RMSE_ALPHA_DERIV=    2.08
2025-07-12 15:44:36.770 INFO: Epoch 123: head: Default, loss=0.6763, RMSE_MU_per_atom=0.00 mDebye, RMSE_MU_DERIV=0.00 mDebye / A, RMSE_ALPHA_per_atom=    0.10, RMSE_ALPHA_DERIV=    2.21
2025-07-12 15:45:32.181 INFO: Epoch 124: head: Default, loss=0.5925, RMSE_MU_per_atom=0.00 mDebye, RMSE_MU_DERIV=0.00 mDebye / A, RMSE_ALPHA_per_atom=    0.11, RMSE_ALPHA_DERIV=    2.06
2025-07-12 15:46:27.597 INFO: Epoch 125: head: Default, loss=0.5879, RMSE_MU_per_atom=0.00 mDebye, RMSE_MU_DERIV=0.00 mDebye / A, RMSE_ALPHA_per_atom=    0.06, RMSE_ALPHA_DERIV=    2.07
2025-07-12 15:47:23.016 INFO: Epoch 126: head: Default, loss=0.5656, RMSE_MU_per_atom=0.00 mDebye, RMSE_MU_DERIV=0.00 mDebye / A, RMSE_ALPHA_per_atom=    0.06, RMSE_ALPHA_DERIV=    2.03
2025-07-12 15:47:23.016 DEBUG: Deleting old checkpoint file: ./checkpoints/MoWSSe_susram_ndata_all_subset_300_weights_10_1_run-123_epoch-105.pt
2025-07-12 15:47:23.017 DEBUG: Saving checkpoint: ./checkpoints/MoWSSe_susram_ndata_all_subset_300_weights_10_1_run-123_epoch-126.pt
2025-07-12 15:48:18.464 INFO: Epoch 127: head: Default, loss=0.5606, RMSE_MU_per_atom=0.00 mDebye, RMSE_MU_DERIV=0.00 mDebye / A, RMSE_ALPHA_per_atom=    0.05, RMSE_ALPHA_DERIV=    2.03
2025-07-12 15:48:18.465 DEBUG: Deleting old checkpoint file: ./checkpoints/MoWSSe_susram_ndata_all_subset_300_weights_10_1_run-123_epoch-126.pt
2025-07-12 15:48:18.465 DEBUG: Saving checkpoint: ./checkpoints/MoWSSe_susram_ndata_all_subset_300_weights_10_1_run-123_epoch-127.pt
2025-07-12 15:49:13.902 INFO: Epoch 128: head: Default, loss=0.5836, RMSE_MU_per_atom=0.00 mDebye, RMSE_MU_DERIV=0.00 mDebye / A, RMSE_ALPHA_per_atom=    0.09, RMSE_ALPHA_DERIV=    2.07
2025-07-12 15:50:09.317 INFO: Epoch 129: head: Default, loss=0.5651, RMSE_MU_per_atom=0.00 mDebye, RMSE_MU_DERIV=0.00 mDebye / A, RMSE_ALPHA_per_atom=    0.13, RMSE_ALPHA_DERIV=    1.99
2025-07-12 15:51:04.710 INFO: Epoch 130: head: Default, loss=0.5600, RMSE_MU_per_atom=0.00 mDebye, RMSE_MU_DERIV=0.00 mDebye / A, RMSE_ALPHA_per_atom=    0.08, RMSE_ALPHA_DERIV=    2.01
2025-07-12 15:51:04.711 DEBUG: Deleting old checkpoint file: ./checkpoints/MoWSSe_susram_ndata_all_subset_300_weights_10_1_run-123_epoch-127.pt
2025-07-12 15:51:04.711 DEBUG: Saving checkpoint: ./checkpoints/MoWSSe_susram_ndata_all_subset_300_weights_10_1_run-123_epoch-130.pt
2025-07-12 15:52:00.155 INFO: Epoch 131: head: Default, loss=0.6177, RMSE_MU_per_atom=0.00 mDebye, RMSE_MU_DERIV=0.00 mDebye / A, RMSE_ALPHA_per_atom=    0.17, RMSE_ALPHA_DERIV=    2.06
2025-07-12 15:52:55.539 INFO: Epoch 132: head: Default, loss=0.6301, RMSE_MU_per_atom=0.00 mDebye, RMSE_MU_DERIV=0.00 mDebye / A, RMSE_ALPHA_per_atom=    0.11, RMSE_ALPHA_DERIV=    2.12
2025-07-12 15:53:50.944 INFO: Epoch 133: head: Default, loss=0.5891, RMSE_MU_per_atom=0.00 mDebye, RMSE_MU_DERIV=0.00 mDebye / A, RMSE_ALPHA_per_atom=    0.10, RMSE_ALPHA_DERIV=    2.06
2025-07-12 15:54:46.357 INFO: Epoch 134: head: Default, loss=0.5897, RMSE_MU_per_atom=0.00 mDebye, RMSE_MU_DERIV=0.00 mDebye / A, RMSE_ALPHA_per_atom=    0.06, RMSE_ALPHA_DERIV=    2.07
2025-07-12 15:55:41.760 INFO: Epoch 135: head: Default, loss=0.5845, RMSE_MU_per_atom=0.00 mDebye, RMSE_MU_DERIV=0.00 mDebye / A, RMSE_ALPHA_per_atom=    0.11, RMSE_ALPHA_DERIV=    2.04
2025-07-12 15:56:37.161 INFO: Epoch 136: head: Default, loss=0.5501, RMSE_MU_per_atom=0.00 mDebye, RMSE_MU_DERIV=0.00 mDebye / A, RMSE_ALPHA_per_atom=    0.07, RMSE_ALPHA_DERIV=    2.00
2025-07-12 15:56:37.162 DEBUG: Deleting old checkpoint file: ./checkpoints/MoWSSe_susram_ndata_all_subset_300_weights_10_1_run-123_epoch-130.pt
2025-07-12 15:56:37.164 DEBUG: Saving checkpoint: ./checkpoints/MoWSSe_susram_ndata_all_subset_300_weights_10_1_run-123_epoch-136.pt
2025-07-12 15:57:32.598 INFO: Epoch 137: head: Default, loss=0.5592, RMSE_MU_per_atom=0.00 mDebye, RMSE_MU_DERIV=0.00 mDebye / A, RMSE_ALPHA_per_atom=    0.09, RMSE_ALPHA_DERIV=    2.02
2025-07-12 15:58:28.031 INFO: Epoch 138: head: Default, loss=0.5927, RMSE_MU_per_atom=0.00 mDebye, RMSE_MU_DERIV=0.00 mDebye / A, RMSE_ALPHA_per_atom=    0.15, RMSE_ALPHA_DERIV=    2.04
2025-07-12 15:59:23.431 INFO: Epoch 139: head: Default, loss=0.5516, RMSE_MU_per_atom=0.00 mDebye, RMSE_MU_DERIV=0.00 mDebye / A, RMSE_ALPHA_per_atom=    0.06, RMSE_ALPHA_DERIV=    2.01
2025-07-12 16:00:18.835 INFO: Epoch 140: head: Default, loss=0.5533, RMSE_MU_per_atom=0.00 mDebye, RMSE_MU_DERIV=0.00 mDebye / A, RMSE_ALPHA_per_atom=    0.06, RMSE_ALPHA_DERIV=    2.01
2025-07-12 16:01:14.252 INFO: Epoch 141: head: Default, loss=0.5439, RMSE_MU_per_atom=0.00 mDebye, RMSE_MU_DERIV=0.00 mDebye / A, RMSE_ALPHA_per_atom=    0.06, RMSE_ALPHA_DERIV=    1.99
2025-07-12 16:01:14.253 DEBUG: Deleting old checkpoint file: ./checkpoints/MoWSSe_susram_ndata_all_subset_300_weights_10_1_run-123_epoch-136.pt
2025-07-12 16:01:14.254 DEBUG: Saving checkpoint: ./checkpoints/MoWSSe_susram_ndata_all_subset_300_weights_10_1_run-123_epoch-141.pt
2025-07-12 16:02:09.725 INFO: Epoch 142: head: Default, loss=0.6183, RMSE_MU_per_atom=0.00 mDebye, RMSE_MU_DERIV=0.00 mDebye / A, RMSE_ALPHA_per_atom=    0.14, RMSE_ALPHA_DERIV=    2.08
2025-07-12 16:03:05.135 INFO: Epoch 143: head: Default, loss=0.5943, RMSE_MU_per_atom=0.00 mDebye, RMSE_MU_DERIV=0.00 mDebye / A, RMSE_ALPHA_per_atom=    0.11, RMSE_ALPHA_DERIV=    2.07
2025-07-12 16:04:00.549 INFO: Epoch 144: head: Default, loss=0.5538, RMSE_MU_per_atom=0.00 mDebye, RMSE_MU_DERIV=0.00 mDebye / A, RMSE_ALPHA_per_atom=    0.06, RMSE_ALPHA_DERIV=    2.01
2025-07-12 16:04:55.968 INFO: Epoch 145: head: Default, loss=0.5733, RMSE_MU_per_atom=0.00 mDebye, RMSE_MU_DERIV=0.00 mDebye / A, RMSE_ALPHA_per_atom=    0.14, RMSE_ALPHA_DERIV=    2.02
2025-07-12 16:05:51.347 INFO: Epoch 146: head: Default, loss=0.5680, RMSE_MU_per_atom=0.00 mDebye, RMSE_MU_DERIV=0.00 mDebye / A, RMSE_ALPHA_per_atom=    0.08, RMSE_ALPHA_DERIV=    2.03
2025-07-12 16:06:46.719 INFO: Epoch 147: head: Default, loss=0.6017, RMSE_MU_per_atom=0.00 mDebye, RMSE_MU_DERIV=0.00 mDebye / A, RMSE_ALPHA_per_atom=    0.13, RMSE_ALPHA_DERIV=    2.06
2025-07-12 16:07:42.101 INFO: Epoch 148: head: Default, loss=0.5534, RMSE_MU_per_atom=0.00 mDebye, RMSE_MU_DERIV=0.00 mDebye / A, RMSE_ALPHA_per_atom=    0.12, RMSE_ALPHA_DERIV=    1.97
2025-07-12 16:08:37.486 INFO: Epoch 149: head: Default, loss=0.5498, RMSE_MU_per_atom=0.00 mDebye, RMSE_MU_DERIV=0.00 mDebye / A, RMSE_ALPHA_per_atom=    0.11, RMSE_ALPHA_DERIV=    1.99
2025-07-12 16:09:32.877 INFO: Epoch 150: head: Default, loss=0.5990, RMSE_MU_per_atom=0.00 mDebye, RMSE_MU_DERIV=0.00 mDebye / A, RMSE_ALPHA_per_atom=    0.17, RMSE_ALPHA_DERIV=    2.04
2025-07-12 16:10:28.269 INFO: Epoch 151: head: Default, loss=0.6144, RMSE_MU_per_atom=0.00 mDebye, RMSE_MU_DERIV=0.00 mDebye / A, RMSE_ALPHA_per_atom=    0.15, RMSE_ALPHA_DERIV=    2.08
2025-07-12 16:11:23.667 INFO: Epoch 152: head: Default, loss=0.6010, RMSE_MU_per_atom=0.00 mDebye, RMSE_MU_DERIV=0.00 mDebye / A, RMSE_ALPHA_per_atom=    0.10, RMSE_ALPHA_DERIV=    2.09
2025-07-12 16:12:19.045 INFO: Epoch 153: head: Default, loss=0.5505, RMSE_MU_per_atom=0.00 mDebye, RMSE_MU_DERIV=0.00 mDebye / A, RMSE_ALPHA_per_atom=    0.11, RMSE_ALPHA_DERIV=    1.98
2025-07-12 16:13:14.426 INFO: Epoch 154: head: Default, loss=0.5771, RMSE_MU_per_atom=0.00 mDebye, RMSE_MU_DERIV=0.00 mDebye / A, RMSE_ALPHA_per_atom=    0.14, RMSE_ALPHA_DERIV=    2.01
2025-07-12 16:14:09.832 INFO: Epoch 155: head: Default, loss=0.5476, RMSE_MU_per_atom=0.00 mDebye, RMSE_MU_DERIV=0.00 mDebye / A, RMSE_ALPHA_per_atom=    0.07, RMSE_ALPHA_DERIV=    1.99
2025-07-12 16:15:05.226 INFO: Epoch 156: head: Default, loss=0.5749, RMSE_MU_per_atom=0.00 mDebye, RMSE_MU_DERIV=0.00 mDebye / A, RMSE_ALPHA_per_atom=    0.13, RMSE_ALPHA_DERIV=    2.02
2025-07-12 16:16:00.616 INFO: Epoch 157: head: Default, loss=0.5606, RMSE_MU_per_atom=0.00 mDebye, RMSE_MU_DERIV=0.00 mDebye / A, RMSE_ALPHA_per_atom=    0.08, RMSE_ALPHA_DERIV=    2.01
2025-07-12 16:16:56.018 INFO: Epoch 158: head: Default, loss=0.5413, RMSE_MU_per_atom=0.00 mDebye, RMSE_MU_DERIV=0.00 mDebye / A, RMSE_ALPHA_per_atom=    0.09, RMSE_ALPHA_DERIV=    1.98
2025-07-12 16:16:56.019 DEBUG: Deleting old checkpoint file: ./checkpoints/MoWSSe_susram_ndata_all_subset_300_weights_10_1_run-123_epoch-141.pt
2025-07-12 16:16:56.021 DEBUG: Saving checkpoint: ./checkpoints/MoWSSe_susram_ndata_all_subset_300_weights_10_1_run-123_epoch-158.pt
2025-07-12 16:17:51.454 INFO: Epoch 159: head: Default, loss=0.5643, RMSE_MU_per_atom=0.00 mDebye, RMSE_MU_DERIV=0.00 mDebye / A, RMSE_ALPHA_per_atom=    0.17, RMSE_ALPHA_DERIV=    1.95
2025-07-12 16:18:46.839 INFO: Epoch 160: head: Default, loss=0.5659, RMSE_MU_per_atom=0.00 mDebye, RMSE_MU_DERIV=0.00 mDebye / A, RMSE_ALPHA_per_atom=    0.14, RMSE_ALPHA_DERIV=    1.99
2025-07-12 16:19:42.226 INFO: Epoch 161: head: Default, loss=0.5911, RMSE_MU_per_atom=0.00 mDebye, RMSE_MU_DERIV=0.00 mDebye / A, RMSE_ALPHA_per_atom=    0.22, RMSE_ALPHA_DERIV=    1.97
2025-07-12 16:20:37.642 INFO: Epoch 162: head: Default, loss=0.5883, RMSE_MU_per_atom=0.00 mDebye, RMSE_MU_DERIV=0.00 mDebye / A, RMSE_ALPHA_per_atom=    0.06, RMSE_ALPHA_DERIV=    2.07
2025-07-12 16:21:33.036 INFO: Epoch 163: head: Default, loss=0.5451, RMSE_MU_per_atom=0.00 mDebye, RMSE_MU_DERIV=0.00 mDebye / A, RMSE_ALPHA_per_atom=    0.06, RMSE_ALPHA_DERIV=    2.00
2025-07-12 16:22:28.443 INFO: Epoch 164: head: Default, loss=0.5449, RMSE_MU_per_atom=0.00 mDebye, RMSE_MU_DERIV=0.00 mDebye / A, RMSE_ALPHA_per_atom=    0.09, RMSE_ALPHA_DERIV=    1.99
2025-07-12 16:23:23.843 INFO: Epoch 165: head: Default, loss=0.5323, RMSE_MU_per_atom=0.00 mDebye, RMSE_MU_DERIV=0.00 mDebye / A, RMSE_ALPHA_per_atom=    0.06, RMSE_ALPHA_DERIV=    1.97
2025-07-12 16:23:23.844 DEBUG: Deleting old checkpoint file: ./checkpoints/MoWSSe_susram_ndata_all_subset_300_weights_10_1_run-123_epoch-158.pt
2025-07-12 16:23:23.844 DEBUG: Saving checkpoint: ./checkpoints/MoWSSe_susram_ndata_all_subset_300_weights_10_1_run-123_epoch-165.pt
2025-07-12 16:24:19.298 INFO: Epoch 166: head: Default, loss=0.5512, RMSE_MU_per_atom=0.00 mDebye, RMSE_MU_DERIV=0.00 mDebye / A, RMSE_ALPHA_per_atom=    0.14, RMSE_ALPHA_DERIV=    1.96
2025-07-12 16:25:14.671 INFO: Epoch 167: head: Default, loss=0.5202, RMSE_MU_per_atom=0.00 mDebye, RMSE_MU_DERIV=0.00 mDebye / A, RMSE_ALPHA_per_atom=    0.05, RMSE_ALPHA_DERIV=    1.95
2025-07-12 16:25:14.672 DEBUG: Deleting old checkpoint file: ./checkpoints/MoWSSe_susram_ndata_all_subset_300_weights_10_1_run-123_epoch-165.pt
2025-07-12 16:25:14.672 DEBUG: Saving checkpoint: ./checkpoints/MoWSSe_susram_ndata_all_subset_300_weights_10_1_run-123_epoch-167.pt
2025-07-12 16:26:10.118 INFO: Epoch 168: head: Default, loss=0.5402, RMSE_MU_per_atom=0.00 mDebye, RMSE_MU_DERIV=0.00 mDebye / A, RMSE_ALPHA_per_atom=    0.08, RMSE_ALPHA_DERIV=    1.97
2025-07-12 16:27:05.522 INFO: Epoch 169: head: Default, loss=0.5296, RMSE_MU_per_atom=0.00 mDebye, RMSE_MU_DERIV=0.00 mDebye / A, RMSE_ALPHA_per_atom=    0.05, RMSE_ALPHA_DERIV=    1.96
2025-07-12 16:28:00.894 INFO: Epoch 170: head: Default, loss=0.5276, RMSE_MU_per_atom=0.00 mDebye, RMSE_MU_DERIV=0.00 mDebye / A, RMSE_ALPHA_per_atom=    0.09, RMSE_ALPHA_DERIV=    1.96
2025-07-12 16:28:56.284 INFO: Epoch 171: head: Default, loss=0.6007, RMSE_MU_per_atom=0.00 mDebye, RMSE_MU_DERIV=0.00 mDebye / A, RMSE_ALPHA_per_atom=    0.15, RMSE_ALPHA_DERIV=    2.05
2025-07-12 16:29:51.642 INFO: Epoch 172: head: Default, loss=0.7136, RMSE_MU_per_atom=0.00 mDebye, RMSE_MU_DERIV=0.00 mDebye / A, RMSE_ALPHA_per_atom=    0.24, RMSE_ALPHA_DERIV=    2.14
2025-07-12 16:30:47.004 INFO: Epoch 173: head: Default, loss=0.5805, RMSE_MU_per_atom=0.00 mDebye, RMSE_MU_DERIV=0.00 mDebye / A, RMSE_ALPHA_per_atom=    0.14, RMSE_ALPHA_DERIV=    2.02
2025-07-12 16:31:42.383 INFO: Epoch 174: head: Default, loss=0.5902, RMSE_MU_per_atom=0.00 mDebye, RMSE_MU_DERIV=0.00 mDebye / A, RMSE_ALPHA_per_atom=    0.20, RMSE_ALPHA_DERIV=    2.00
2025-07-12 16:32:37.781 INFO: Epoch 175: head: Default, loss=0.6081, RMSE_MU_per_atom=0.00 mDebye, RMSE_MU_DERIV=0.00 mDebye / A, RMSE_ALPHA_per_atom=    0.10, RMSE_ALPHA_DERIV=    2.08
2025-07-12 16:33:33.187 INFO: Epoch 176: head: Default, loss=0.5321, RMSE_MU_per_atom=0.00 mDebye, RMSE_MU_DERIV=0.00 mDebye / A, RMSE_ALPHA_per_atom=    0.07, RMSE_ALPHA_DERIV=    1.97
2025-07-12 16:34:28.573 INFO: Epoch 177: head: Default, loss=0.5189, RMSE_MU_per_atom=0.00 mDebye, RMSE_MU_DERIV=0.00 mDebye / A, RMSE_ALPHA_per_atom=    0.05, RMSE_ALPHA_DERIV=    1.95
2025-07-12 16:34:28.574 DEBUG: Deleting old checkpoint file: ./checkpoints/MoWSSe_susram_ndata_all_subset_300_weights_10_1_run-123_epoch-167.pt
2025-07-12 16:34:28.574 DEBUG: Saving checkpoint: ./checkpoints/MoWSSe_susram_ndata_all_subset_300_weights_10_1_run-123_epoch-177.pt
2025-07-12 16:35:24.013 INFO: Epoch 178: head: Default, loss=0.5464, RMSE_MU_per_atom=0.00 mDebye, RMSE_MU_DERIV=0.00 mDebye / A, RMSE_ALPHA_per_atom=    0.12, RMSE_ALPHA_DERIV=    1.97
2025-07-12 16:36:19.392 INFO: Epoch 179: head: Default, loss=0.5356, RMSE_MU_per_atom=0.00 mDebye, RMSE_MU_DERIV=0.00 mDebye / A, RMSE_ALPHA_per_atom=    0.06, RMSE_ALPHA_DERIV=    1.98
2025-07-12 16:37:14.759 INFO: Epoch 180: head: Default, loss=0.5324, RMSE_MU_per_atom=0.00 mDebye, RMSE_MU_DERIV=0.00 mDebye / A, RMSE_ALPHA_per_atom=    0.11, RMSE_ALPHA_DERIV=    1.95
2025-07-12 16:38:10.133 INFO: Epoch 181: head: Default, loss=0.5378, RMSE_MU_per_atom=0.00 mDebye, RMSE_MU_DERIV=0.00 mDebye / A, RMSE_ALPHA_per_atom=    0.12, RMSE_ALPHA_DERIV=    1.96
2025-07-12 16:39:05.526 INFO: Epoch 182: head: Default, loss=0.5279, RMSE_MU_per_atom=0.00 mDebye, RMSE_MU_DERIV=0.00 mDebye / A, RMSE_ALPHA_per_atom=    0.10, RMSE_ALPHA_DERIV=    1.95
2025-07-12 16:40:00.935 INFO: Epoch 183: head: Default, loss=0.5295, RMSE_MU_per_atom=0.00 mDebye, RMSE_MU_DERIV=0.00 mDebye / A, RMSE_ALPHA_per_atom=    0.08, RMSE_ALPHA_DERIV=    1.95
2025-07-12 16:40:56.340 INFO: Epoch 184: head: Default, loss=0.6764, RMSE_MU_per_atom=0.00 mDebye, RMSE_MU_DERIV=0.00 mDebye / A, RMSE_ALPHA_per_atom=    0.13, RMSE_ALPHA_DERIV=    2.19
2025-07-12 16:41:51.710 INFO: Epoch 185: head: Default, loss=0.5348, RMSE_MU_per_atom=0.00 mDebye, RMSE_MU_DERIV=0.00 mDebye / A, RMSE_ALPHA_per_atom=    0.07, RMSE_ALPHA_DERIV=    1.98
2025-07-12 16:42:47.087 INFO: Epoch 186: head: Default, loss=0.5626, RMSE_MU_per_atom=0.00 mDebye, RMSE_MU_DERIV=0.00 mDebye / A, RMSE_ALPHA_per_atom=    0.07, RMSE_ALPHA_DERIV=    2.03
2025-07-12 16:43:42.468 INFO: Epoch 187: head: Default, loss=0.5784, RMSE_MU_per_atom=0.00 mDebye, RMSE_MU_DERIV=0.00 mDebye / A, RMSE_ALPHA_per_atom=    0.16, RMSE_ALPHA_DERIV=    2.00
2025-07-12 16:44:37.856 INFO: Epoch 188: head: Default, loss=0.5269, RMSE_MU_per_atom=0.00 mDebye, RMSE_MU_DERIV=0.00 mDebye / A, RMSE_ALPHA_per_atom=    0.08, RMSE_ALPHA_DERIV=    1.95
2025-07-12 16:45:33.219 INFO: Epoch 189: head: Default, loss=0.5019, RMSE_MU_per_atom=0.00 mDebye, RMSE_MU_DERIV=0.00 mDebye / A, RMSE_ALPHA_per_atom=    0.06, RMSE_ALPHA_DERIV=    1.91
2025-07-12 16:45:33.220 DEBUG: Deleting old checkpoint file: ./checkpoints/MoWSSe_susram_ndata_all_subset_300_weights_10_1_run-123_epoch-177.pt
2025-07-12 16:45:33.220 DEBUG: Saving checkpoint: ./checkpoints/MoWSSe_susram_ndata_all_subset_300_weights_10_1_run-123_epoch-189.pt
2025-07-12 16:46:28.644 INFO: Epoch 190: head: Default, loss=0.5210, RMSE_MU_per_atom=0.00 mDebye, RMSE_MU_DERIV=0.00 mDebye / A, RMSE_ALPHA_per_atom=    0.06, RMSE_ALPHA_DERIV=    1.95
2025-07-12 16:47:24.033 INFO: Epoch 191: head: Default, loss=0.5086, RMSE_MU_per_atom=0.00 mDebye, RMSE_MU_DERIV=0.00 mDebye / A, RMSE_ALPHA_per_atom=    0.04, RMSE_ALPHA_DERIV=    1.93
2025-07-12 16:48:19.410 INFO: Epoch 192: head: Default, loss=0.6246, RMSE_MU_per_atom=0.00 mDebye, RMSE_MU_DERIV=0.00 mDebye / A, RMSE_ALPHA_per_atom=    0.22, RMSE_ALPHA_DERIV=    2.04
2025-07-12 16:49:14.795 INFO: Epoch 193: head: Default, loss=0.5474, RMSE_MU_per_atom=0.00 mDebye, RMSE_MU_DERIV=0.00 mDebye / A, RMSE_ALPHA_per_atom=    0.07, RMSE_ALPHA_DERIV=    2.00
2025-07-12 16:50:10.185 INFO: Epoch 194: head: Default, loss=0.5138, RMSE_MU_per_atom=0.00 mDebye, RMSE_MU_DERIV=0.00 mDebye / A, RMSE_ALPHA_per_atom=    0.07, RMSE_ALPHA_DERIV=    1.94
2025-07-12 16:51:05.587 INFO: Epoch 195: head: Default, loss=0.5362, RMSE_MU_per_atom=0.00 mDebye, RMSE_MU_DERIV=0.00 mDebye / A, RMSE_ALPHA_per_atom=    0.12, RMSE_ALPHA_DERIV=    1.95
2025-07-12 16:52:00.982 INFO: Epoch 196: head: Default, loss=0.5198, RMSE_MU_per_atom=0.00 mDebye, RMSE_MU_DERIV=0.00 mDebye / A, RMSE_ALPHA_per_atom=    0.08, RMSE_ALPHA_DERIV=    1.93
2025-07-12 16:52:56.367 INFO: Epoch 197: head: Default, loss=0.5605, RMSE_MU_per_atom=0.00 mDebye, RMSE_MU_DERIV=0.00 mDebye / A, RMSE_ALPHA_per_atom=    0.11, RMSE_ALPHA_DERIV=    2.00
2025-07-12 16:53:51.733 INFO: Epoch 198: head: Default, loss=0.5604, RMSE_MU_per_atom=0.00 mDebye, RMSE_MU_DERIV=0.00 mDebye / A, RMSE_ALPHA_per_atom=    0.11, RMSE_ALPHA_DERIV=    2.00
2025-07-12 16:54:47.098 INFO: Epoch 199: head: Default, loss=0.5296, RMSE_MU_per_atom=0.00 mDebye, RMSE_MU_DERIV=0.00 mDebye / A, RMSE_ALPHA_per_atom=    0.12, RMSE_ALPHA_DERIV=    1.94
2025-07-12 16:55:42.472 INFO: Epoch 200: head: Default, loss=0.5973, RMSE_MU_per_atom=0.00 mDebye, RMSE_MU_DERIV=0.00 mDebye / A, RMSE_ALPHA_per_atom=    0.12, RMSE_ALPHA_DERIV=    2.03
2025-07-12 16:56:37.841 INFO: Epoch 201: head: Default, loss=0.5105, RMSE_MU_per_atom=0.00 mDebye, RMSE_MU_DERIV=0.00 mDebye / A, RMSE_ALPHA_per_atom=    0.09, RMSE_ALPHA_DERIV=    1.92
2025-07-12 16:57:33.213 INFO: Epoch 202: head: Default, loss=0.5319, RMSE_MU_per_atom=0.00 mDebye, RMSE_MU_DERIV=0.00 mDebye / A, RMSE_ALPHA_per_atom=    0.09, RMSE_ALPHA_DERIV=    1.95
2025-07-12 16:58:28.572 INFO: Epoch 203: head: Default, loss=0.5240, RMSE_MU_per_atom=0.00 mDebye, RMSE_MU_DERIV=0.00 mDebye / A, RMSE_ALPHA_per_atom=    0.07, RMSE_ALPHA_DERIV=    1.95
2025-07-12 16:59:23.950 INFO: Epoch 204: head: Default, loss=0.6051, RMSE_MU_per_atom=0.00 mDebye, RMSE_MU_DERIV=0.00 mDebye / A, RMSE_ALPHA_per_atom=    0.20, RMSE_ALPHA_DERIV=    2.01
2025-07-12 17:00:19.335 INFO: Epoch 205: head: Default, loss=0.5638, RMSE_MU_per_atom=0.00 mDebye, RMSE_MU_DERIV=0.00 mDebye / A, RMSE_ALPHA_per_atom=    0.11, RMSE_ALPHA_DERIV=    2.01
2025-07-12 17:01:14.698 INFO: Epoch 206: head: Default, loss=0.5026, RMSE_MU_per_atom=0.00 mDebye, RMSE_MU_DERIV=0.00 mDebye / A, RMSE_ALPHA_per_atom=    0.05, RMSE_ALPHA_DERIV=    1.92
2025-07-12 17:02:10.078 INFO: Epoch 207: head: Default, loss=0.5296, RMSE_MU_per_atom=0.00 mDebye, RMSE_MU_DERIV=0.00 mDebye / A, RMSE_ALPHA_per_atom=    0.06, RMSE_ALPHA_DERIV=    1.96
2025-07-12 17:03:05.448 INFO: Epoch 208: head: Default, loss=0.5174, RMSE_MU_per_atom=0.00 mDebye, RMSE_MU_DERIV=0.00 mDebye / A, RMSE_ALPHA_per_atom=    0.09, RMSE_ALPHA_DERIV=    1.93
2025-07-12 17:04:00.835 INFO: Epoch 209: head: Default, loss=0.5140, RMSE_MU_per_atom=0.00 mDebye, RMSE_MU_DERIV=0.00 mDebye / A, RMSE_ALPHA_per_atom=    0.08, RMSE_ALPHA_DERIV=    1.94
2025-07-12 17:04:56.208 INFO: Epoch 210: head: Default, loss=0.5631, RMSE_MU_per_atom=0.00 mDebye, RMSE_MU_DERIV=0.00 mDebye / A, RMSE_ALPHA_per_atom=    0.16, RMSE_ALPHA_DERIV=    1.97
2025-07-12 17:05:51.575 INFO: Epoch 211: head: Default, loss=0.5398, RMSE_MU_per_atom=0.00 mDebye, RMSE_MU_DERIV=0.00 mDebye / A, RMSE_ALPHA_per_atom=    0.10, RMSE_ALPHA_DERIV=    1.96
2025-07-12 17:06:46.921 INFO: Epoch 212: head: Default, loss=0.5440, RMSE_MU_per_atom=0.00 mDebye, RMSE_MU_DERIV=0.00 mDebye / A, RMSE_ALPHA_per_atom=    0.10, RMSE_ALPHA_DERIV=    1.96
2025-07-12 17:07:42.283 INFO: Epoch 213: head: Default, loss=0.5373, RMSE_MU_per_atom=0.00 mDebye, RMSE_MU_DERIV=0.00 mDebye / A, RMSE_ALPHA_per_atom=    0.08, RMSE_ALPHA_DERIV=    1.98
2025-07-12 17:08:37.665 INFO: Epoch 214: head: Default, loss=0.6073, RMSE_MU_per_atom=0.00 mDebye, RMSE_MU_DERIV=0.00 mDebye / A, RMSE_ALPHA_per_atom=    0.19, RMSE_ALPHA_DERIV=    2.03
2025-07-12 17:09:33.054 INFO: Epoch 215: head: Default, loss=0.5480, RMSE_MU_per_atom=0.00 mDebye, RMSE_MU_DERIV=0.00 mDebye / A, RMSE_ALPHA_per_atom=    0.06, RMSE_ALPHA_DERIV=    2.01
2025-07-12 17:10:28.433 INFO: Epoch 216: head: Default, loss=0.5239, RMSE_MU_per_atom=0.00 mDebye, RMSE_MU_DERIV=0.00 mDebye / A, RMSE_ALPHA_per_atom=    0.08, RMSE_ALPHA_DERIV=    1.95
2025-07-12 17:11:23.807 INFO: Epoch 217: head: Default, loss=0.5205, RMSE_MU_per_atom=0.00 mDebye, RMSE_MU_DERIV=0.00 mDebye / A, RMSE_ALPHA_per_atom=    0.06, RMSE_ALPHA_DERIV=    1.96
2025-07-12 17:12:19.197 INFO: Epoch 218: head: Default, loss=0.5365, RMSE_MU_per_atom=0.00 mDebye, RMSE_MU_DERIV=0.00 mDebye / A, RMSE_ALPHA_per_atom=    0.08, RMSE_ALPHA_DERIV=    1.97
2025-07-12 17:13:14.597 INFO: Epoch 219: head: Default, loss=0.5216, RMSE_MU_per_atom=0.00 mDebye, RMSE_MU_DERIV=0.00 mDebye / A, RMSE_ALPHA_per_atom=    0.04, RMSE_ALPHA_DERIV=    1.97
2025-07-12 17:14:09.989 INFO: Epoch 220: head: Default, loss=0.5478, RMSE_MU_per_atom=0.00 mDebye, RMSE_MU_DERIV=0.00 mDebye / A, RMSE_ALPHA_per_atom=    0.09, RMSE_ALPHA_DERIV=    1.99
2025-07-12 17:15:05.383 INFO: Epoch 221: head: Default, loss=0.5378, RMSE_MU_per_atom=0.00 mDebye, RMSE_MU_DERIV=0.00 mDebye / A, RMSE_ALPHA_per_atom=    0.04, RMSE_ALPHA_DERIV=    1.99
2025-07-12 17:16:00.759 INFO: Epoch 222: head: Default, loss=0.5453, RMSE_MU_per_atom=0.00 mDebye, RMSE_MU_DERIV=0.00 mDebye / A, RMSE_ALPHA_per_atom=    0.15, RMSE_ALPHA_DERIV=    1.96
2025-07-12 17:16:56.126 INFO: Epoch 223: head: Default, loss=0.5161, RMSE_MU_per_atom=0.00 mDebye, RMSE_MU_DERIV=0.00 mDebye / A, RMSE_ALPHA_per_atom=    0.10, RMSE_ALPHA_DERIV=    1.93
2025-07-12 17:17:51.504 INFO: Epoch 224: head: Default, loss=0.5386, RMSE_MU_per_atom=0.00 mDebye, RMSE_MU_DERIV=0.00 mDebye / A, RMSE_ALPHA_per_atom=    0.07, RMSE_ALPHA_DERIV=    1.98
2025-07-12 17:18:46.867 INFO: Epoch 225: head: Default, loss=0.5357, RMSE_MU_per_atom=0.00 mDebye, RMSE_MU_DERIV=0.00 mDebye / A, RMSE_ALPHA_per_atom=    0.18, RMSE_ALPHA_DERIV=    1.90
2025-07-12 17:19:42.252 INFO: Epoch 226: head: Default, loss=0.4935, RMSE_MU_per_atom=0.00 mDebye, RMSE_MU_DERIV=0.00 mDebye / A, RMSE_ALPHA_per_atom=    0.10, RMSE_ALPHA_DERIV=    1.88
2025-07-12 17:19:42.252 DEBUG: Deleting old checkpoint file: ./checkpoints/MoWSSe_susram_ndata_all_subset_300_weights_10_1_run-123_epoch-189.pt
2025-07-12 17:19:42.254 DEBUG: Saving checkpoint: ./checkpoints/MoWSSe_susram_ndata_all_subset_300_weights_10_1_run-123_epoch-226.pt
2025-07-12 17:20:37.667 INFO: Epoch 227: head: Default, loss=0.5295, RMSE_MU_per_atom=0.00 mDebye, RMSE_MU_DERIV=0.00 mDebye / A, RMSE_ALPHA_per_atom=    0.09, RMSE_ALPHA_DERIV=    1.96
2025-07-12 17:21:33.038 INFO: Epoch 228: head: Default, loss=0.5314, RMSE_MU_per_atom=0.00 mDebye, RMSE_MU_DERIV=0.00 mDebye / A, RMSE_ALPHA_per_atom=    0.07, RMSE_ALPHA_DERIV=    1.96
2025-07-12 17:22:28.395 INFO: Epoch 229: head: Default, loss=0.4984, RMSE_MU_per_atom=0.00 mDebye, RMSE_MU_DERIV=0.00 mDebye / A, RMSE_ALPHA_per_atom=    0.09, RMSE_ALPHA_DERIV=    1.89
2025-07-12 17:23:23.773 INFO: Epoch 230: head: Default, loss=0.5849, RMSE_MU_per_atom=0.00 mDebye, RMSE_MU_DERIV=0.00 mDebye / A, RMSE_ALPHA_per_atom=    0.14, RMSE_ALPHA_DERIV=    2.02
2025-07-12 17:24:19.152 INFO: Epoch 231: head: Default, loss=0.5307, RMSE_MU_per_atom=0.00 mDebye, RMSE_MU_DERIV=0.00 mDebye / A, RMSE_ALPHA_per_atom=    0.12, RMSE_ALPHA_DERIV=    1.94
2025-07-12 17:25:14.537 INFO: Epoch 232: head: Default, loss=0.5421, RMSE_MU_per_atom=0.00 mDebye, RMSE_MU_DERIV=0.00 mDebye / A, RMSE_ALPHA_per_atom=    0.12, RMSE_ALPHA_DERIV=    1.95
2025-07-12 17:26:09.922 INFO: Epoch 233: head: Default, loss=0.5290, RMSE_MU_per_atom=0.00 mDebye, RMSE_MU_DERIV=0.00 mDebye / A, RMSE_ALPHA_per_atom=    0.11, RMSE_ALPHA_DERIV=    1.93
2025-07-12 17:27:05.318 INFO: Epoch 234: head: Default, loss=0.5308, RMSE_MU_per_atom=0.00 mDebye, RMSE_MU_DERIV=0.00 mDebye / A, RMSE_ALPHA_per_atom=    0.06, RMSE_ALPHA_DERIV=    1.97
2025-07-12 17:28:00.704 INFO: Epoch 235: head: Default, loss=0.5485, RMSE_MU_per_atom=0.00 mDebye, RMSE_MU_DERIV=0.00 mDebye / A, RMSE_ALPHA_per_atom=    0.06, RMSE_ALPHA_DERIV=    2.00
2025-07-12 17:28:56.040 INFO: Epoch 236: head: Default, loss=0.5235, RMSE_MU_per_atom=0.00 mDebye, RMSE_MU_DERIV=0.00 mDebye / A, RMSE_ALPHA_per_atom=    0.04, RMSE_ALPHA_DERIV=    1.96
2025-07-12 17:29:51.424 INFO: Epoch 237: head: Default, loss=0.5460, RMSE_MU_per_atom=0.00 mDebye, RMSE_MU_DERIV=0.00 mDebye / A, RMSE_ALPHA_per_atom=    0.11, RMSE_ALPHA_DERIV=    1.97
2025-07-12 17:30:46.795 INFO: Epoch 238: head: Default, loss=0.4879, RMSE_MU_per_atom=0.00 mDebye, RMSE_MU_DERIV=0.00 mDebye / A, RMSE_ALPHA_per_atom=    0.07, RMSE_ALPHA_DERIV=    1.88
2025-07-12 17:30:46.796 DEBUG: Deleting old checkpoint file: ./checkpoints/MoWSSe_susram_ndata_all_subset_300_weights_10_1_run-123_epoch-226.pt
2025-07-12 17:30:46.796 DEBUG: Saving checkpoint: ./checkpoints/MoWSSe_susram_ndata_all_subset_300_weights_10_1_run-123_epoch-238.pt
2025-07-12 17:31:42.236 INFO: Epoch 239: head: Default, loss=0.5398, RMSE_MU_per_atom=0.00 mDebye, RMSE_MU_DERIV=0.00 mDebye / A, RMSE_ALPHA_per_atom=    0.05, RMSE_ALPHA_DERIV=    1.99
2025-07-12 17:32:37.619 INFO: Epoch 240: head: Default, loss=0.4964, RMSE_MU_per_atom=0.00 mDebye, RMSE_MU_DERIV=0.00 mDebye / A, RMSE_ALPHA_per_atom=    0.06, RMSE_ALPHA_DERIV=    1.90
2025-07-12 17:33:32.985 INFO: Epoch 241: head: Default, loss=0.5038, RMSE_MU_per_atom=0.00 mDebye, RMSE_MU_DERIV=0.00 mDebye / A, RMSE_ALPHA_per_atom=    0.06, RMSE_ALPHA_DERIV=    1.92
2025-07-12 17:34:28.344 INFO: Epoch 242: head: Default, loss=0.5757, RMSE_MU_per_atom=0.00 mDebye, RMSE_MU_DERIV=0.00 mDebye / A, RMSE_ALPHA_per_atom=    0.12, RMSE_ALPHA_DERIV=    2.03
2025-07-12 17:35:23.710 INFO: Epoch 243: head: Default, loss=0.5505, RMSE_MU_per_atom=0.00 mDebye, RMSE_MU_DERIV=0.00 mDebye / A, RMSE_ALPHA_per_atom=    0.09, RMSE_ALPHA_DERIV=    2.00
2025-07-12 17:36:19.073 INFO: Epoch 244: head: Default, loss=0.5541, RMSE_MU_per_atom=0.00 mDebye, RMSE_MU_DERIV=0.00 mDebye / A, RMSE_ALPHA_per_atom=    0.10, RMSE_ALPHA_DERIV=    2.00
2025-07-12 17:37:14.427 INFO: Epoch 245: head: Default, loss=0.5083, RMSE_MU_per_atom=0.00 mDebye, RMSE_MU_DERIV=0.00 mDebye / A, RMSE_ALPHA_per_atom=    0.10, RMSE_ALPHA_DERIV=    1.91
2025-07-12 17:38:09.793 INFO: Epoch 246: head: Default, loss=0.5454, RMSE_MU_per_atom=0.00 mDebye, RMSE_MU_DERIV=0.00 mDebye / A, RMSE_ALPHA_per_atom=    0.10, RMSE_ALPHA_DERIV=    1.97
2025-07-12 17:39:05.165 INFO: Epoch 247: head: Default, loss=0.5544, RMSE_MU_per_atom=0.00 mDebye, RMSE_MU_DERIV=0.00 mDebye / A, RMSE_ALPHA_per_atom=    0.11, RMSE_ALPHA_DERIV=    1.99
2025-07-12 17:40:00.539 INFO: Epoch 248: head: Default, loss=0.5261, RMSE_MU_per_atom=0.00 mDebye, RMSE_MU_DERIV=0.00 mDebye / A, RMSE_ALPHA_per_atom=    0.15, RMSE_ALPHA_DERIV=    1.91
2025-07-12 17:40:55.889 INFO: Epoch 249: head: Default, loss=0.5081, RMSE_MU_per_atom=0.00 mDebye, RMSE_MU_DERIV=0.00 mDebye / A, RMSE_ALPHA_per_atom=    0.07, RMSE_ALPHA_DERIV=    1.93
2025-07-12 17:41:51.282 INFO: Epoch 250: head: Default, loss=0.5172, RMSE_MU_per_atom=0.00 mDebye, RMSE_MU_DERIV=0.00 mDebye / A, RMSE_ALPHA_per_atom=    0.06, RMSE_ALPHA_DERIV=    1.94
2025-07-12 17:42:46.646 INFO: Epoch 251: head: Default, loss=0.4999, RMSE_MU_per_atom=0.00 mDebye, RMSE_MU_DERIV=0.00 mDebye / A, RMSE_ALPHA_per_atom=    0.04, RMSE_ALPHA_DERIV=    1.91
2025-07-12 17:43:42.032 INFO: Epoch 252: head: Default, loss=0.5246, RMSE_MU_per_atom=0.00 mDebye, RMSE_MU_DERIV=0.00 mDebye / A, RMSE_ALPHA_per_atom=    0.07, RMSE_ALPHA_DERIV=    1.95
2025-07-12 17:44:37.412 INFO: Epoch 253: head: Default, loss=0.4874, RMSE_MU_per_atom=0.00 mDebye, RMSE_MU_DERIV=0.00 mDebye / A, RMSE_ALPHA_per_atom=    0.05, RMSE_ALPHA_DERIV=    1.89
2025-07-12 17:44:37.413 DEBUG: Deleting old checkpoint file: ./checkpoints/MoWSSe_susram_ndata_all_subset_300_weights_10_1_run-123_epoch-238.pt
2025-07-12 17:44:37.413 DEBUG: Saving checkpoint: ./checkpoints/MoWSSe_susram_ndata_all_subset_300_weights_10_1_run-123_epoch-253.pt
2025-07-12 17:45:32.847 INFO: Epoch 254: head: Default, loss=0.5113, RMSE_MU_per_atom=0.00 mDebye, RMSE_MU_DERIV=0.00 mDebye / A, RMSE_ALPHA_per_atom=    0.09, RMSE_ALPHA_DERIV=    1.92
2025-07-12 17:46:28.227 INFO: Epoch 255: head: Default, loss=0.5250, RMSE_MU_per_atom=0.00 mDebye, RMSE_MU_DERIV=0.00 mDebye / A, RMSE_ALPHA_per_atom=    0.11, RMSE_ALPHA_DERIV=    1.94
2025-07-12 17:47:23.581 INFO: Epoch 256: head: Default, loss=0.5008, RMSE_MU_per_atom=0.00 mDebye, RMSE_MU_DERIV=0.00 mDebye / A, RMSE_ALPHA_per_atom=    0.04, RMSE_ALPHA_DERIV=    1.91
2025-07-12 17:48:18.964 INFO: Epoch 257: head: Default, loss=0.5216, RMSE_MU_per_atom=0.00 mDebye, RMSE_MU_DERIV=0.00 mDebye / A, RMSE_ALPHA_per_atom=    0.07, RMSE_ALPHA_DERIV=    1.94
2025-07-12 17:49:14.339 INFO: Epoch 258: head: Default, loss=0.5041, RMSE_MU_per_atom=0.00 mDebye, RMSE_MU_DERIV=0.00 mDebye / A, RMSE_ALPHA_per_atom=    0.05, RMSE_ALPHA_DERIV=    1.92
2025-07-12 17:50:09.713 INFO: Epoch 259: head: Default, loss=0.4934, RMSE_MU_per_atom=0.00 mDebye, RMSE_MU_DERIV=0.00 mDebye / A, RMSE_ALPHA_per_atom=    0.03, RMSE_ALPHA_DERIV=    1.91
2025-07-12 17:51:05.100 INFO: Epoch 260: head: Default, loss=0.5142, RMSE_MU_per_atom=0.00 mDebye, RMSE_MU_DERIV=0.00 mDebye / A, RMSE_ALPHA_per_atom=    0.08, RMSE_ALPHA_DERIV=    1.94
2025-07-12 17:52:00.487 INFO: Epoch 261: head: Default, loss=0.5242, RMSE_MU_per_atom=0.00 mDebye, RMSE_MU_DERIV=0.00 mDebye / A, RMSE_ALPHA_per_atom=    0.06, RMSE_ALPHA_DERIV=    1.96
2025-07-12 17:52:55.885 INFO: Epoch 262: head: Default, loss=0.4844, RMSE_MU_per_atom=0.00 mDebye, RMSE_MU_DERIV=0.00 mDebye / A, RMSE_ALPHA_per_atom=    0.08, RMSE_ALPHA_DERIV=    1.88
2025-07-12 17:52:55.886 DEBUG: Deleting old checkpoint file: ./checkpoints/MoWSSe_susram_ndata_all_subset_300_weights_10_1_run-123_epoch-253.pt
2025-07-12 17:52:55.886 DEBUG: Saving checkpoint: ./checkpoints/MoWSSe_susram_ndata_all_subset_300_weights_10_1_run-123_epoch-262.pt
2025-07-12 17:53:51.328 INFO: Epoch 263: head: Default, loss=0.5280, RMSE_MU_per_atom=0.00 mDebye, RMSE_MU_DERIV=0.00 mDebye / A, RMSE_ALPHA_per_atom=    0.09, RMSE_ALPHA_DERIV=    1.94
2025-07-12 17:54:46.728 INFO: Epoch 264: head: Default, loss=0.5053, RMSE_MU_per_atom=0.00 mDebye, RMSE_MU_DERIV=0.00 mDebye / A, RMSE_ALPHA_per_atom=    0.06, RMSE_ALPHA_DERIV=    1.92
2025-07-12 17:55:42.107 INFO: Epoch 265: head: Default, loss=0.5426, RMSE_MU_per_atom=0.00 mDebye, RMSE_MU_DERIV=0.00 mDebye / A, RMSE_ALPHA_per_atom=    0.08, RMSE_ALPHA_DERIV=    1.97
2025-07-12 17:56:37.475 INFO: Epoch 266: head: Default, loss=0.5460, RMSE_MU_per_atom=0.00 mDebye, RMSE_MU_DERIV=0.00 mDebye / A, RMSE_ALPHA_per_atom=    0.08, RMSE_ALPHA_DERIV=    2.00
2025-07-12 17:57:32.837 INFO: Epoch 267: head: Default, loss=0.5067, RMSE_MU_per_atom=0.00 mDebye, RMSE_MU_DERIV=0.00 mDebye / A, RMSE_ALPHA_per_atom=    0.09, RMSE_ALPHA_DERIV=    1.90
2025-07-12 17:58:28.247 INFO: Epoch 268: head: Default, loss=0.5017, RMSE_MU_per_atom=0.00 mDebye, RMSE_MU_DERIV=0.00 mDebye / A, RMSE_ALPHA_per_atom=    0.05, RMSE_ALPHA_DERIV=    1.91
2025-07-12 17:59:23.632 INFO: Epoch 269: head: Default, loss=0.5205, RMSE_MU_per_atom=0.00 mDebye, RMSE_MU_DERIV=0.00 mDebye / A, RMSE_ALPHA_per_atom=    0.05, RMSE_ALPHA_DERIV=    1.95
2025-07-12 18:00:19.011 INFO: Epoch 270: head: Default, loss=0.5487, RMSE_MU_per_atom=0.00 mDebye, RMSE_MU_DERIV=0.00 mDebye / A, RMSE_ALPHA_per_atom=    0.12, RMSE_ALPHA_DERIV=    1.97
2025-07-12 18:01:14.388 INFO: Epoch 271: head: Default, loss=0.5301, RMSE_MU_per_atom=0.00 mDebye, RMSE_MU_DERIV=0.00 mDebye / A, RMSE_ALPHA_per_atom=    0.08, RMSE_ALPHA_DERIV=    1.96
2025-07-12 18:02:09.752 INFO: Epoch 272: head: Default, loss=0.5404, RMSE_MU_per_atom=0.00 mDebye, RMSE_MU_DERIV=0.00 mDebye / A, RMSE_ALPHA_per_atom=    0.11, RMSE_ALPHA_DERIV=    1.97
2025-07-12 18:03:05.138 INFO: Epoch 273: head: Default, loss=0.5133, RMSE_MU_per_atom=0.00 mDebye, RMSE_MU_DERIV=0.00 mDebye / A, RMSE_ALPHA_per_atom=    0.08, RMSE_ALPHA_DERIV=    1.93
2025-07-12 18:04:00.511 INFO: Epoch 274: head: Default, loss=0.5808, RMSE_MU_per_atom=0.00 mDebye, RMSE_MU_DERIV=0.00 mDebye / A, RMSE_ALPHA_per_atom=    0.18, RMSE_ALPHA_DERIV=    1.97
2025-07-12 18:04:55.882 INFO: Epoch 275: head: Default, loss=0.5675, RMSE_MU_per_atom=0.00 mDebye, RMSE_MU_DERIV=0.00 mDebye / A, RMSE_ALPHA_per_atom=    0.21, RMSE_ALPHA_DERIV=    1.92
2025-07-12 18:05:51.245 INFO: Epoch 276: head: Default, loss=0.5951, RMSE_MU_per_atom=0.00 mDebye, RMSE_MU_DERIV=0.00 mDebye / A, RMSE_ALPHA_per_atom=    0.14, RMSE_ALPHA_DERIV=    2.03
2025-07-12 18:06:46.621 INFO: Epoch 277: head: Default, loss=0.5216, RMSE_MU_per_atom=0.00 mDebye, RMSE_MU_DERIV=0.00 mDebye / A, RMSE_ALPHA_per_atom=    0.10, RMSE_ALPHA_DERIV=    1.93
2025-07-12 18:07:42.019 INFO: Epoch 278: head: Default, loss=0.4898, RMSE_MU_per_atom=0.00 mDebye, RMSE_MU_DERIV=0.00 mDebye / A, RMSE_ALPHA_per_atom=    0.07, RMSE_ALPHA_DERIV=    1.89
2025-07-12 18:08:37.406 INFO: Epoch 279: head: Default, loss=0.5347, RMSE_MU_per_atom=0.00 mDebye, RMSE_MU_DERIV=0.00 mDebye / A, RMSE_ALPHA_per_atom=    0.11, RMSE_ALPHA_DERIV=    1.96
2025-07-12 18:09:32.802 INFO: Epoch 280: head: Default, loss=0.4960, RMSE_MU_per_atom=0.00 mDebye, RMSE_MU_DERIV=0.00 mDebye / A, RMSE_ALPHA_per_atom=    0.05, RMSE_ALPHA_DERIV=    1.90
2025-07-12 18:10:28.198 INFO: Epoch 281: head: Default, loss=0.4835, RMSE_MU_per_atom=0.00 mDebye, RMSE_MU_DERIV=0.00 mDebye / A, RMSE_ALPHA_per_atom=    0.05, RMSE_ALPHA_DERIV=    1.88
2025-07-12 18:10:28.199 DEBUG: Deleting old checkpoint file: ./checkpoints/MoWSSe_susram_ndata_all_subset_300_weights_10_1_run-123_epoch-262.pt
2025-07-12 18:10:28.199 DEBUG: Saving checkpoint: ./checkpoints/MoWSSe_susram_ndata_all_subset_300_weights_10_1_run-123_epoch-281.pt
2025-07-12 18:11:23.642 INFO: Epoch 282: head: Default, loss=0.4954, RMSE_MU_per_atom=0.00 mDebye, RMSE_MU_DERIV=0.00 mDebye / A, RMSE_ALPHA_per_atom=    0.09, RMSE_ALPHA_DERIV=    1.89
2025-07-12 18:12:19.017 INFO: Epoch 283: head: Default, loss=0.5175, RMSE_MU_per_atom=0.00 mDebye, RMSE_MU_DERIV=0.00 mDebye / A, RMSE_ALPHA_per_atom=    0.04, RMSE_ALPHA_DERIV=    1.96
2025-07-12 18:13:14.398 INFO: Epoch 284: head: Default, loss=0.4843, RMSE_MU_per_atom=0.00 mDebye, RMSE_MU_DERIV=0.00 mDebye / A, RMSE_ALPHA_per_atom=    0.04, RMSE_ALPHA_DERIV=    1.89
2025-07-12 18:14:09.767 INFO: Epoch 285: head: Default, loss=0.5656, RMSE_MU_per_atom=0.00 mDebye, RMSE_MU_DERIV=0.00 mDebye / A, RMSE_ALPHA_per_atom=    0.05, RMSE_ALPHA_DERIV=    2.03
2025-07-12 18:15:05.154 INFO: Epoch 286: head: Default, loss=0.5033, RMSE_MU_per_atom=0.00 mDebye, RMSE_MU_DERIV=0.00 mDebye / A, RMSE_ALPHA_per_atom=    0.07, RMSE_ALPHA_DERIV=    1.91
2025-07-12 18:16:00.554 INFO: Epoch 287: head: Default, loss=0.5062, RMSE_MU_per_atom=0.00 mDebye, RMSE_MU_DERIV=0.00 mDebye / A, RMSE_ALPHA_per_atom=    0.08, RMSE_ALPHA_DERIV=    1.92
2025-07-12 18:16:55.925 INFO: Epoch 288: head: Default, loss=0.5019, RMSE_MU_per_atom=0.00 mDebye, RMSE_MU_DERIV=0.00 mDebye / A, RMSE_ALPHA_per_atom=    0.07, RMSE_ALPHA_DERIV=    1.91
2025-07-12 18:17:51.300 INFO: Epoch 289: head: Default, loss=0.5093, RMSE_MU_per_atom=0.00 mDebye, RMSE_MU_DERIV=0.00 mDebye / A, RMSE_ALPHA_per_atom=    0.06, RMSE_ALPHA_DERIV=    1.92
2025-07-12 18:18:46.678 INFO: Epoch 290: head: Default, loss=0.5026, RMSE_MU_per_atom=0.00 mDebye, RMSE_MU_DERIV=0.00 mDebye / A, RMSE_ALPHA_per_atom=    0.08, RMSE_ALPHA_DERIV=    1.91
2025-07-12 18:19:42.037 INFO: Epoch 291: head: Default, loss=0.5017, RMSE_MU_per_atom=0.00 mDebye, RMSE_MU_DERIV=0.00 mDebye / A, RMSE_ALPHA_per_atom=    0.09, RMSE_ALPHA_DERIV=    1.90
2025-07-12 18:20:37.389 INFO: Epoch 292: head: Default, loss=0.5209, RMSE_MU_per_atom=0.00 mDebye, RMSE_MU_DERIV=0.00 mDebye / A, RMSE_ALPHA_per_atom=    0.06, RMSE_ALPHA_DERIV=    1.95
2025-07-12 18:21:32.739 INFO: Epoch 293: head: Default, loss=0.4810, RMSE_MU_per_atom=0.00 mDebye, RMSE_MU_DERIV=0.00 mDebye / A, RMSE_ALPHA_per_atom=    0.04, RMSE_ALPHA_DERIV=    1.88
2025-07-12 18:21:32.740 DEBUG: Deleting old checkpoint file: ./checkpoints/MoWSSe_susram_ndata_all_subset_300_weights_10_1_run-123_epoch-281.pt
2025-07-12 18:21:32.740 DEBUG: Saving checkpoint: ./checkpoints/MoWSSe_susram_ndata_all_subset_300_weights_10_1_run-123_epoch-293.pt
2025-07-12 18:22:28.121 INFO: Epoch 294: head: Default, loss=0.5096, RMSE_MU_per_atom=0.00 mDebye, RMSE_MU_DERIV=0.00 mDebye / A, RMSE_ALPHA_per_atom=    0.07, RMSE_ALPHA_DERIV=    1.93
2025-07-12 18:23:23.469 INFO: Epoch 295: head: Default, loss=0.5136, RMSE_MU_per_atom=0.00 mDebye, RMSE_MU_DERIV=0.00 mDebye / A, RMSE_ALPHA_per_atom=    0.11, RMSE_ALPHA_DERIV=    1.92
2025-07-12 18:24:18.842 INFO: Epoch 296: head: Default, loss=0.4975, RMSE_MU_per_atom=0.00 mDebye, RMSE_MU_DERIV=0.00 mDebye / A, RMSE_ALPHA_per_atom=    0.08, RMSE_ALPHA_DERIV=    1.90
2025-07-12 18:25:14.191 INFO: Epoch 297: head: Default, loss=0.4988, RMSE_MU_per_atom=0.00 mDebye, RMSE_MU_DERIV=0.00 mDebye / A, RMSE_ALPHA_per_atom=    0.05, RMSE_ALPHA_DERIV=    1.91
2025-07-12 18:26:09.537 INFO: Epoch 298: head: Default, loss=0.5100, RMSE_MU_per_atom=0.00 mDebye, RMSE_MU_DERIV=0.00 mDebye / A, RMSE_ALPHA_per_atom=    0.05, RMSE_ALPHA_DERIV=    1.93
2025-07-12 18:27:04.878 INFO: Epoch 299: head: Default, loss=0.4995, RMSE_MU_per_atom=0.00 mDebye, RMSE_MU_DERIV=0.00 mDebye / A, RMSE_ALPHA_per_atom=    0.04, RMSE_ALPHA_DERIV=    1.91
2025-07-12 18:28:00.217 INFO: Epoch 300: head: Default, loss=0.4968, RMSE_MU_per_atom=0.00 mDebye, RMSE_MU_DERIV=0.00 mDebye / A, RMSE_ALPHA_per_atom=    0.04, RMSE_ALPHA_DERIV=    1.90
2025-07-12 18:28:55.588 INFO: Epoch 301: head: Default, loss=0.5103, RMSE_MU_per_atom=0.00 mDebye, RMSE_MU_DERIV=0.00 mDebye / A, RMSE_ALPHA_per_atom=    0.07, RMSE_ALPHA_DERIV=    1.91
2025-07-12 18:29:50.939 INFO: Epoch 302: head: Default, loss=0.5220, RMSE_MU_per_atom=0.00 mDebye, RMSE_MU_DERIV=0.00 mDebye / A, RMSE_ALPHA_per_atom=    0.06, RMSE_ALPHA_DERIV=    1.94
2025-07-12 18:30:46.295 INFO: Epoch 303: head: Default, loss=0.5158, RMSE_MU_per_atom=0.00 mDebye, RMSE_MU_DERIV=0.00 mDebye / A, RMSE_ALPHA_per_atom=    0.09, RMSE_ALPHA_DERIV=    1.93
2025-07-12 18:31:41.649 INFO: Epoch 304: head: Default, loss=0.4892, RMSE_MU_per_atom=0.00 mDebye, RMSE_MU_DERIV=0.00 mDebye / A, RMSE_ALPHA_per_atom=    0.04, RMSE_ALPHA_DERIV=    1.90
2025-07-12 18:32:37.007 INFO: Epoch 305: head: Default, loss=0.5028, RMSE_MU_per_atom=0.00 mDebye, RMSE_MU_DERIV=0.00 mDebye / A, RMSE_ALPHA_per_atom=    0.06, RMSE_ALPHA_DERIV=    1.91
2025-07-12 18:33:32.386 INFO: Epoch 306: head: Default, loss=0.4832, RMSE_MU_per_atom=0.00 mDebye, RMSE_MU_DERIV=0.00 mDebye / A, RMSE_ALPHA_per_atom=    0.06, RMSE_ALPHA_DERIV=    1.87
2025-07-12 18:34:27.757 INFO: Epoch 307: head: Default, loss=0.4950, RMSE_MU_per_atom=0.00 mDebye, RMSE_MU_DERIV=0.00 mDebye / A, RMSE_ALPHA_per_atom=    0.04, RMSE_ALPHA_DERIV=    1.90
2025-07-12 18:35:23.149 INFO: Epoch 308: head: Default, loss=0.4900, RMSE_MU_per_atom=0.00 mDebye, RMSE_MU_DERIV=0.00 mDebye / A, RMSE_ALPHA_per_atom=    0.06, RMSE_ALPHA_DERIV=    1.89
2025-07-12 18:36:18.520 INFO: Epoch 309: head: Default, loss=0.5153, RMSE_MU_per_atom=0.00 mDebye, RMSE_MU_DERIV=0.00 mDebye / A, RMSE_ALPHA_per_atom=    0.14, RMSE_ALPHA_DERIV=    1.89
2025-07-12 18:37:13.907 INFO: Epoch 310: head: Default, loss=0.5034, RMSE_MU_per_atom=0.00 mDebye, RMSE_MU_DERIV=0.00 mDebye / A, RMSE_ALPHA_per_atom=    0.07, RMSE_ALPHA_DERIV=    1.91
2025-07-12 18:38:09.315 INFO: Epoch 311: head: Default, loss=0.4883, RMSE_MU_per_atom=0.00 mDebye, RMSE_MU_DERIV=0.00 mDebye / A, RMSE_ALPHA_per_atom=    0.05, RMSE_ALPHA_DERIV=    1.89
2025-07-12 18:39:04.702 INFO: Epoch 312: head: Default, loss=0.5288, RMSE_MU_per_atom=0.00 mDebye, RMSE_MU_DERIV=0.00 mDebye / A, RMSE_ALPHA_per_atom=    0.13, RMSE_ALPHA_DERIV=    1.92
2025-07-12 18:40:00.101 INFO: Epoch 313: head: Default, loss=0.5186, RMSE_MU_per_atom=0.00 mDebye, RMSE_MU_DERIV=0.00 mDebye / A, RMSE_ALPHA_per_atom=    0.05, RMSE_ALPHA_DERIV=    1.95
2025-07-12 18:40:55.488 INFO: Epoch 314: head: Default, loss=0.5276, RMSE_MU_per_atom=0.00 mDebye, RMSE_MU_DERIV=0.00 mDebye / A, RMSE_ALPHA_per_atom=    0.04, RMSE_ALPHA_DERIV=    1.96
2025-07-12 18:41:50.861 INFO: Epoch 315: head: Default, loss=0.5356, RMSE_MU_per_atom=0.00 mDebye, RMSE_MU_DERIV=0.00 mDebye / A, RMSE_ALPHA_per_atom=    0.13, RMSE_ALPHA_DERIV=    1.95
2025-07-12 18:42:46.246 INFO: Epoch 316: head: Default, loss=0.5075, RMSE_MU_per_atom=0.00 mDebye, RMSE_MU_DERIV=0.00 mDebye / A, RMSE_ALPHA_per_atom=    0.06, RMSE_ALPHA_DERIV=    1.92
2025-07-12 18:43:41.634 INFO: Epoch 317: head: Default, loss=0.4926, RMSE_MU_per_atom=0.00 mDebye, RMSE_MU_DERIV=0.00 mDebye / A, RMSE_ALPHA_per_atom=    0.04, RMSE_ALPHA_DERIV=    1.90
2025-07-12 18:44:37.015 INFO: Epoch 318: head: Default, loss=0.4878, RMSE_MU_per_atom=0.00 mDebye, RMSE_MU_DERIV=0.00 mDebye / A, RMSE_ALPHA_per_atom=    0.03, RMSE_ALPHA_DERIV=    1.89
2025-07-12 18:45:32.380 INFO: Epoch 319: head: Default, loss=0.4980, RMSE_MU_per_atom=0.00 mDebye, RMSE_MU_DERIV=0.00 mDebye / A, RMSE_ALPHA_per_atom=    0.04, RMSE_ALPHA_DERIV=    1.91
2025-07-12 18:46:27.754 INFO: Epoch 320: head: Default, loss=0.5027, RMSE_MU_per_atom=0.00 mDebye, RMSE_MU_DERIV=0.00 mDebye / A, RMSE_ALPHA_per_atom=    0.05, RMSE_ALPHA_DERIV=    1.92
2025-07-12 18:47:23.129 INFO: Epoch 321: head: Default, loss=0.4974, RMSE_MU_per_atom=0.00 mDebye, RMSE_MU_DERIV=0.00 mDebye / A, RMSE_ALPHA_per_atom=    0.06, RMSE_ALPHA_DERIV=    1.89
2025-07-12 18:48:18.513 INFO: Epoch 322: head: Default, loss=0.5398, RMSE_MU_per_atom=0.00 mDebye, RMSE_MU_DERIV=0.00 mDebye / A, RMSE_ALPHA_per_atom=    0.06, RMSE_ALPHA_DERIV=    1.96
2025-07-12 18:49:13.880 INFO: Epoch 323: head: Default, loss=0.5006, RMSE_MU_per_atom=0.00 mDebye, RMSE_MU_DERIV=0.00 mDebye / A, RMSE_ALPHA_per_atom=    0.07, RMSE_ALPHA_DERIV=    1.91
2025-07-12 18:50:09.240 INFO: Epoch 324: head: Default, loss=0.4966, RMSE_MU_per_atom=0.00 mDebye, RMSE_MU_DERIV=0.00 mDebye / A, RMSE_ALPHA_per_atom=    0.07, RMSE_ALPHA_DERIV=    1.90
2025-07-12 18:51:04.626 INFO: Epoch 325: head: Default, loss=0.5346, RMSE_MU_per_atom=0.00 mDebye, RMSE_MU_DERIV=0.00 mDebye / A, RMSE_ALPHA_per_atom=    0.08, RMSE_ALPHA_DERIV=    1.95
2025-07-12 18:52:00.008 INFO: Epoch 326: head: Default, loss=0.4845, RMSE_MU_per_atom=0.00 mDebye, RMSE_MU_DERIV=0.00 mDebye / A, RMSE_ALPHA_per_atom=    0.04, RMSE_ALPHA_DERIV=    1.88
2025-07-12 18:52:55.375 INFO: Epoch 327: head: Default, loss=0.5361, RMSE_MU_per_atom=0.00 mDebye, RMSE_MU_DERIV=0.00 mDebye / A, RMSE_ALPHA_per_atom=    0.07, RMSE_ALPHA_DERIV=    1.98
2025-07-12 18:53:50.735 INFO: Epoch 328: head: Default, loss=0.4897, RMSE_MU_per_atom=0.00 mDebye, RMSE_MU_DERIV=0.00 mDebye / A, RMSE_ALPHA_per_atom=    0.06, RMSE_ALPHA_DERIV=    1.89
2025-07-12 18:54:46.099 INFO: Epoch 329: head: Default, loss=0.5263, RMSE_MU_per_atom=0.00 mDebye, RMSE_MU_DERIV=0.00 mDebye / A, RMSE_ALPHA_per_atom=    0.10, RMSE_ALPHA_DERIV=    1.94
2025-07-12 18:55:41.419 INFO: Epoch 330: head: Default, loss=0.5318, RMSE_MU_per_atom=0.00 mDebye, RMSE_MU_DERIV=0.00 mDebye / A, RMSE_ALPHA_per_atom=    0.06, RMSE_ALPHA_DERIV=    1.98
2025-07-12 18:56:36.750 INFO: Epoch 331: head: Default, loss=0.5156, RMSE_MU_per_atom=0.00 mDebye, RMSE_MU_DERIV=0.00 mDebye / A, RMSE_ALPHA_per_atom=    0.08, RMSE_ALPHA_DERIV=    1.93
2025-07-12 18:57:32.093 INFO: Epoch 332: head: Default, loss=0.5013, RMSE_MU_per_atom=0.00 mDebye, RMSE_MU_DERIV=0.00 mDebye / A, RMSE_ALPHA_per_atom=    0.06, RMSE_ALPHA_DERIV=    1.92
2025-07-12 18:58:27.455 INFO: Epoch 333: head: Default, loss=0.5161, RMSE_MU_per_atom=0.00 mDebye, RMSE_MU_DERIV=0.00 mDebye / A, RMSE_ALPHA_per_atom=    0.05, RMSE_ALPHA_DERIV=    1.95
2025-07-12 18:59:22.792 INFO: Epoch 334: head: Default, loss=0.5065, RMSE_MU_per_atom=0.00 mDebye, RMSE_MU_DERIV=0.00 mDebye / A, RMSE_ALPHA_per_atom=    0.06, RMSE_ALPHA_DERIV=    1.92
2025-07-12 19:00:18.151 INFO: Epoch 335: head: Default, loss=0.5036, RMSE_MU_per_atom=0.00 mDebye, RMSE_MU_DERIV=0.00 mDebye / A, RMSE_ALPHA_per_atom=    0.07, RMSE_ALPHA_DERIV=    1.91
2025-07-12 19:01:13.492 INFO: Epoch 336: head: Default, loss=0.4920, RMSE_MU_per_atom=0.00 mDebye, RMSE_MU_DERIV=0.00 mDebye / A, RMSE_ALPHA_per_atom=    0.04, RMSE_ALPHA_DERIV=    1.91
2025-07-12 19:02:08.836 INFO: Epoch 337: head: Default, loss=0.4845, RMSE_MU_per_atom=0.00 mDebye, RMSE_MU_DERIV=0.00 mDebye / A, RMSE_ALPHA_per_atom=    0.08, RMSE_ALPHA_DERIV=    1.88
2025-07-12 19:03:04.162 INFO: Epoch 338: head: Default, loss=0.5083, RMSE_MU_per_atom=0.00 mDebye, RMSE_MU_DERIV=0.00 mDebye / A, RMSE_ALPHA_per_atom=    0.12, RMSE_ALPHA_DERIV=    1.89
2025-07-12 19:03:59.482 INFO: Epoch 339: head: Default, loss=0.5338, RMSE_MU_per_atom=0.00 mDebye, RMSE_MU_DERIV=0.00 mDebye / A, RMSE_ALPHA_per_atom=    0.06, RMSE_ALPHA_DERIV=    1.96
2025-07-12 19:04:54.828 INFO: Epoch 340: head: Default, loss=0.7203, RMSE_MU_per_atom=0.00 mDebye, RMSE_MU_DERIV=0.00 mDebye / A, RMSE_ALPHA_per_atom=    0.23, RMSE_ALPHA_DERIV=    2.13
2025-07-12 19:05:50.168 INFO: Epoch 341: head: Default, loss=0.5449, RMSE_MU_per_atom=0.00 mDebye, RMSE_MU_DERIV=0.00 mDebye / A, RMSE_ALPHA_per_atom=    0.11, RMSE_ALPHA_DERIV=    1.97
2025-07-12 19:06:45.498 INFO: Epoch 342: head: Default, loss=0.5119, RMSE_MU_per_atom=0.00 mDebye, RMSE_MU_DERIV=0.00 mDebye / A, RMSE_ALPHA_per_atom=    0.07, RMSE_ALPHA_DERIV=    1.93
2025-07-12 19:07:40.820 INFO: Epoch 343: head: Default, loss=0.5288, RMSE_MU_per_atom=0.00 mDebye, RMSE_MU_DERIV=0.00 mDebye / A, RMSE_ALPHA_per_atom=    0.11, RMSE_ALPHA_DERIV=    1.93
2025-07-12 19:08:36.154 INFO: Epoch 344: head: Default, loss=0.6266, RMSE_MU_per_atom=0.00 mDebye, RMSE_MU_DERIV=0.00 mDebye / A, RMSE_ALPHA_per_atom=    0.27, RMSE_ALPHA_DERIV=    1.98
2025-07-12 19:09:31.475 INFO: Epoch 345: head: Default, loss=0.4953, RMSE_MU_per_atom=0.00 mDebye, RMSE_MU_DERIV=0.00 mDebye / A, RMSE_ALPHA_per_atom=    0.05, RMSE_ALPHA_DERIV=    1.91
2025-07-12 19:10:26.783 INFO: Epoch 346: head: Default, loss=0.4781, RMSE_MU_per_atom=0.00 mDebye, RMSE_MU_DERIV=0.00 mDebye / A, RMSE_ALPHA_per_atom=    0.04, RMSE_ALPHA_DERIV=    1.88
2025-07-12 19:10:26.784 DEBUG: Deleting old checkpoint file: ./checkpoints/MoWSSe_susram_ndata_all_subset_300_weights_10_1_run-123_epoch-293.pt
2025-07-12 19:10:26.786 DEBUG: Saving checkpoint: ./checkpoints/MoWSSe_susram_ndata_all_subset_300_weights_10_1_run-123_epoch-346.pt
2025-07-12 19:11:22.147 INFO: Epoch 347: head: Default, loss=0.4876, RMSE_MU_per_atom=0.00 mDebye, RMSE_MU_DERIV=0.00 mDebye / A, RMSE_ALPHA_per_atom=    0.04, RMSE_ALPHA_DERIV=    1.89
2025-07-12 19:12:17.524 INFO: Epoch 348: head: Default, loss=0.5175, RMSE_MU_per_atom=0.00 mDebye, RMSE_MU_DERIV=0.00 mDebye / A, RMSE_ALPHA_per_atom=    0.12, RMSE_ALPHA_DERIV=    1.92
2025-07-12 19:13:12.879 INFO: Epoch 349: head: Default, loss=0.4827, RMSE_MU_per_atom=0.00 mDebye, RMSE_MU_DERIV=0.00 mDebye / A, RMSE_ALPHA_per_atom=    0.05, RMSE_ALPHA_DERIV=    1.88
2025-07-12 19:14:08.233 INFO: Epoch 350: head: Default, loss=0.5050, RMSE_MU_per_atom=0.00 mDebye, RMSE_MU_DERIV=0.00 mDebye / A, RMSE_ALPHA_per_atom=    0.05, RMSE_ALPHA_DERIV=    1.92
2025-07-12 19:15:03.570 INFO: Epoch 351: head: Default, loss=0.5162, RMSE_MU_per_atom=0.00 mDebye, RMSE_MU_DERIV=0.00 mDebye / A, RMSE_ALPHA_per_atom=    0.05, RMSE_ALPHA_DERIV=    1.95
2025-07-12 19:15:58.918 INFO: Epoch 352: head: Default, loss=0.5014, RMSE_MU_per_atom=0.00 mDebye, RMSE_MU_DERIV=0.00 mDebye / A, RMSE_ALPHA_per_atom=    0.03, RMSE_ALPHA_DERIV=    1.92
2025-07-12 19:16:54.279 INFO: Epoch 353: head: Default, loss=0.4860, RMSE_MU_per_atom=0.00 mDebye, RMSE_MU_DERIV=0.00 mDebye / A, RMSE_ALPHA_per_atom=    0.07, RMSE_ALPHA_DERIV=    1.88
2025-07-12 19:17:49.637 INFO: Epoch 354: head: Default, loss=0.4968, RMSE_MU_per_atom=0.00 mDebye, RMSE_MU_DERIV=0.00 mDebye / A, RMSE_ALPHA_per_atom=    0.04, RMSE_ALPHA_DERIV=    1.91
2025-07-12 19:18:44.983 INFO: Epoch 355: head: Default, loss=0.5059, RMSE_MU_per_atom=0.00 mDebye, RMSE_MU_DERIV=0.00 mDebye / A, RMSE_ALPHA_per_atom=    0.09, RMSE_ALPHA_DERIV=    1.91
2025-07-12 19:19:40.348 INFO: Epoch 356: head: Default, loss=0.4875, RMSE_MU_per_atom=0.00 mDebye, RMSE_MU_DERIV=0.00 mDebye / A, RMSE_ALPHA_per_atom=    0.08, RMSE_ALPHA_DERIV=    1.88
2025-07-12 19:20:35.688 INFO: Epoch 357: head: Default, loss=0.4940, RMSE_MU_per_atom=0.00 mDebye, RMSE_MU_DERIV=0.00 mDebye / A, RMSE_ALPHA_per_atom=    0.04, RMSE_ALPHA_DERIV=    1.90
2025-07-12 19:21:31.035 INFO: Epoch 358: head: Default, loss=0.4826, RMSE_MU_per_atom=0.00 mDebye, RMSE_MU_DERIV=0.00 mDebye / A, RMSE_ALPHA_per_atom=    0.04, RMSE_ALPHA_DERIV=    1.88
2025-07-12 19:22:26.393 INFO: Epoch 359: head: Default, loss=0.4801, RMSE_MU_per_atom=0.00 mDebye, RMSE_MU_DERIV=0.00 mDebye / A, RMSE_ALPHA_per_atom=    0.06, RMSE_ALPHA_DERIV=    1.87
2025-07-12 19:23:21.736 INFO: Epoch 360: head: Default, loss=0.4947, RMSE_MU_per_atom=0.00 mDebye, RMSE_MU_DERIV=0.00 mDebye / A, RMSE_ALPHA_per_atom=    0.04, RMSE_ALPHA_DERIV=    1.91
2025-07-12 19:24:17.072 INFO: Epoch 361: head: Default, loss=0.4904, RMSE_MU_per_atom=0.00 mDebye, RMSE_MU_DERIV=0.00 mDebye / A, RMSE_ALPHA_per_atom=    0.06, RMSE_ALPHA_DERIV=    1.89
2025-07-12 19:25:12.429 INFO: Epoch 362: head: Default, loss=0.4896, RMSE_MU_per_atom=0.00 mDebye, RMSE_MU_DERIV=0.00 mDebye / A, RMSE_ALPHA_per_atom=    0.04, RMSE_ALPHA_DERIV=    1.90
2025-07-12 19:26:07.796 INFO: Epoch 363: head: Default, loss=0.4809, RMSE_MU_per_atom=0.00 mDebye, RMSE_MU_DERIV=0.00 mDebye / A, RMSE_ALPHA_per_atom=    0.05, RMSE_ALPHA_DERIV=    1.87
2025-07-12 19:27:03.154 INFO: Epoch 364: head: Default, loss=0.4907, RMSE_MU_per_atom=0.00 mDebye, RMSE_MU_DERIV=0.00 mDebye / A, RMSE_ALPHA_per_atom=    0.05, RMSE_ALPHA_DERIV=    1.89
2025-07-12 19:27:58.509 INFO: Epoch 365: head: Default, loss=0.5033, RMSE_MU_per_atom=0.00 mDebye, RMSE_MU_DERIV=0.00 mDebye / A, RMSE_ALPHA_per_atom=    0.06, RMSE_ALPHA_DERIV=    1.92
2025-07-12 19:28:53.856 INFO: Epoch 366: head: Default, loss=0.5092, RMSE_MU_per_atom=0.00 mDebye, RMSE_MU_DERIV=0.00 mDebye / A, RMSE_ALPHA_per_atom=    0.06, RMSE_ALPHA_DERIV=    1.93
2025-07-12 19:29:49.191 INFO: Epoch 367: head: Default, loss=0.4910, RMSE_MU_per_atom=0.00 mDebye, RMSE_MU_DERIV=0.00 mDebye / A, RMSE_ALPHA_per_atom=    0.04, RMSE_ALPHA_DERIV=    1.90
2025-07-12 19:30:44.552 INFO: Epoch 368: head: Default, loss=0.4879, RMSE_MU_per_atom=0.00 mDebye, RMSE_MU_DERIV=0.00 mDebye / A, RMSE_ALPHA_per_atom=    0.04, RMSE_ALPHA_DERIV=    1.88
2025-07-12 19:31:39.867 INFO: Epoch 369: head: Default, loss=0.5009, RMSE_MU_per_atom=0.00 mDebye, RMSE_MU_DERIV=0.00 mDebye / A, RMSE_ALPHA_per_atom=    0.08, RMSE_ALPHA_DERIV=    1.91
2025-07-12 19:32:35.212 INFO: Epoch 370: head: Default, loss=0.5083, RMSE_MU_per_atom=0.00 mDebye, RMSE_MU_DERIV=0.00 mDebye / A, RMSE_ALPHA_per_atom=    0.05, RMSE_ALPHA_DERIV=    1.92
2025-07-12 19:33:30.556 INFO: Epoch 371: head: Default, loss=0.4952, RMSE_MU_per_atom=0.00 mDebye, RMSE_MU_DERIV=0.00 mDebye / A, RMSE_ALPHA_per_atom=    0.04, RMSE_ALPHA_DERIV=    1.90
2025-07-12 19:34:25.887 INFO: Epoch 372: head: Default, loss=0.4917, RMSE_MU_per_atom=0.00 mDebye, RMSE_MU_DERIV=0.00 mDebye / A, RMSE_ALPHA_per_atom=    0.04, RMSE_ALPHA_DERIV=    1.89
2025-07-12 19:35:21.224 INFO: Epoch 373: head: Default, loss=0.5050, RMSE_MU_per_atom=0.00 mDebye, RMSE_MU_DERIV=0.00 mDebye / A, RMSE_ALPHA_per_atom=    0.06, RMSE_ALPHA_DERIV=    1.91
2025-07-12 19:36:16.562 INFO: Epoch 374: head: Default, loss=0.5102, RMSE_MU_per_atom=0.00 mDebye, RMSE_MU_DERIV=0.00 mDebye / A, RMSE_ALPHA_per_atom=    0.07, RMSE_ALPHA_DERIV=    1.93
2025-07-12 19:37:11.895 INFO: Epoch 375: head: Default, loss=0.4838, RMSE_MU_per_atom=0.00 mDebye, RMSE_MU_DERIV=0.00 mDebye / A, RMSE_ALPHA_per_atom=    0.04, RMSE_ALPHA_DERIV=    1.88
2025-07-12 19:38:07.219 INFO: Epoch 376: head: Default, loss=0.5231, RMSE_MU_per_atom=0.00 mDebye, RMSE_MU_DERIV=0.00 mDebye / A, RMSE_ALPHA_per_atom=    0.09, RMSE_ALPHA_DERIV=    1.95
2025-07-12 19:39:02.565 INFO: Epoch 377: head: Default, loss=0.4916, RMSE_MU_per_atom=0.00 mDebye, RMSE_MU_DERIV=0.00 mDebye / A, RMSE_ALPHA_per_atom=    0.06, RMSE_ALPHA_DERIV=    1.89
2025-07-12 19:39:57.932 INFO: Epoch 378: head: Default, loss=0.4910, RMSE_MU_per_atom=0.00 mDebye, RMSE_MU_DERIV=0.00 mDebye / A, RMSE_ALPHA_per_atom=    0.06, RMSE_ALPHA_DERIV=    1.89
2025-07-12 19:40:53.297 INFO: Epoch 379: head: Default, loss=0.4972, RMSE_MU_per_atom=0.00 mDebye, RMSE_MU_DERIV=0.00 mDebye / A, RMSE_ALPHA_per_atom=    0.07, RMSE_ALPHA_DERIV=    1.90
2025-07-12 19:41:48.649 INFO: Epoch 380: head: Default, loss=0.5164, RMSE_MU_per_atom=0.00 mDebye, RMSE_MU_DERIV=0.00 mDebye / A, RMSE_ALPHA_per_atom=    0.08, RMSE_ALPHA_DERIV=    1.92
2025-07-12 19:42:43.982 INFO: Epoch 381: head: Default, loss=0.4881, RMSE_MU_per_atom=0.00 mDebye, RMSE_MU_DERIV=0.00 mDebye / A, RMSE_ALPHA_per_atom=    0.06, RMSE_ALPHA_DERIV=    1.88
2025-07-12 19:43:39.327 INFO: Epoch 382: head: Default, loss=0.5788, RMSE_MU_per_atom=0.00 mDebye, RMSE_MU_DERIV=0.00 mDebye / A, RMSE_ALPHA_per_atom=    0.17, RMSE_ALPHA_DERIV=    1.98
2025-07-12 19:44:34.655 INFO: Epoch 383: head: Default, loss=0.5005, RMSE_MU_per_atom=0.00 mDebye, RMSE_MU_DERIV=0.00 mDebye / A, RMSE_ALPHA_per_atom=    0.09, RMSE_ALPHA_DERIV=    1.90
2025-07-12 19:45:29.982 INFO: Epoch 384: head: Default, loss=0.4880, RMSE_MU_per_atom=0.00 mDebye, RMSE_MU_DERIV=0.00 mDebye / A, RMSE_ALPHA_per_atom=    0.04, RMSE_ALPHA_DERIV=    1.89
2025-07-12 19:46:25.319 INFO: Epoch 385: head: Default, loss=0.4852, RMSE_MU_per_atom=0.00 mDebye, RMSE_MU_DERIV=0.00 mDebye / A, RMSE_ALPHA_per_atom=    0.03, RMSE_ALPHA_DERIV=    1.89
2025-07-12 19:47:20.662 INFO: Epoch 386: head: Default, loss=0.4802, RMSE_MU_per_atom=0.00 mDebye, RMSE_MU_DERIV=0.00 mDebye / A, RMSE_ALPHA_per_atom=    0.03, RMSE_ALPHA_DERIV=    1.88
2025-07-12 19:48:15.991 INFO: Epoch 387: head: Default, loss=0.4837, RMSE_MU_per_atom=0.00 mDebye, RMSE_MU_DERIV=0.00 mDebye / A, RMSE_ALPHA_per_atom=    0.05, RMSE_ALPHA_DERIV=    1.88
2025-07-12 19:49:11.321 INFO: Epoch 388: head: Default, loss=0.5043, RMSE_MU_per_atom=0.00 mDebye, RMSE_MU_DERIV=0.00 mDebye / A, RMSE_ALPHA_per_atom=    0.05, RMSE_ALPHA_DERIV=    1.93
2025-07-12 19:50:06.641 INFO: Epoch 389: head: Default, loss=0.4890, RMSE_MU_per_atom=0.00 mDebye, RMSE_MU_DERIV=0.00 mDebye / A, RMSE_ALPHA_per_atom=    0.04, RMSE_ALPHA_DERIV=    1.90
2025-07-12 19:51:01.965 INFO: Epoch 390: head: Default, loss=0.4961, RMSE_MU_per_atom=0.00 mDebye, RMSE_MU_DERIV=0.00 mDebye / A, RMSE_ALPHA_per_atom=    0.05, RMSE_ALPHA_DERIV=    1.91
2025-07-12 19:51:57.298 INFO: Epoch 391: head: Default, loss=0.4917, RMSE_MU_per_atom=0.00 mDebye, RMSE_MU_DERIV=0.00 mDebye / A, RMSE_ALPHA_per_atom=    0.04, RMSE_ALPHA_DERIV=    1.90
2025-07-12 19:52:52.620 INFO: Epoch 392: head: Default, loss=0.4982, RMSE_MU_per_atom=0.00 mDebye, RMSE_MU_DERIV=0.00 mDebye / A, RMSE_ALPHA_per_atom=    0.06, RMSE_ALPHA_DERIV=    1.91
2025-07-12 19:53:47.931 INFO: Epoch 393: head: Default, loss=0.4849, RMSE_MU_per_atom=0.00 mDebye, RMSE_MU_DERIV=0.00 mDebye / A, RMSE_ALPHA_per_atom=    0.06, RMSE_ALPHA_DERIV=    1.88
2025-07-12 19:54:43.264 INFO: Epoch 394: head: Default, loss=0.5063, RMSE_MU_per_atom=0.00 mDebye, RMSE_MU_DERIV=0.00 mDebye / A, RMSE_ALPHA_per_atom=    0.05, RMSE_ALPHA_DERIV=    1.93
2025-07-12 19:55:38.580 INFO: Epoch 395: head: Default, loss=0.4824, RMSE_MU_per_atom=0.00 mDebye, RMSE_MU_DERIV=0.00 mDebye / A, RMSE_ALPHA_per_atom=    0.05, RMSE_ALPHA_DERIV=    1.88
2025-07-12 19:56:33.887 INFO: Epoch 396: head: Default, loss=0.4796, RMSE_MU_per_atom=0.00 mDebye, RMSE_MU_DERIV=0.00 mDebye / A, RMSE_ALPHA_per_atom=    0.03, RMSE_ALPHA_DERIV=    1.88
2025-07-12 19:57:29.193 INFO: Epoch 397: head: Default, loss=0.4815, RMSE_MU_per_atom=0.00 mDebye, RMSE_MU_DERIV=0.00 mDebye / A, RMSE_ALPHA_per_atom=    0.05, RMSE_ALPHA_DERIV=    1.88
2025-07-12 19:58:24.526 INFO: Epoch 398: head: Default, loss=0.4952, RMSE_MU_per_atom=0.00 mDebye, RMSE_MU_DERIV=0.00 mDebye / A, RMSE_ALPHA_per_atom=    0.05, RMSE_ALPHA_DERIV=    1.90
2025-07-12 19:59:19.838 INFO: Epoch 399: head: Default, loss=0.4987, RMSE_MU_per_atom=0.00 mDebye, RMSE_MU_DERIV=0.00 mDebye / A, RMSE_ALPHA_per_atom=    0.06, RMSE_ALPHA_DERIV=    1.91
2025-07-12 20:00:15.164 INFO: Epoch 400: head: Default, loss=0.4904, RMSE_MU_per_atom=0.00 mDebye, RMSE_MU_DERIV=0.00 mDebye / A, RMSE_ALPHA_per_atom=    0.05, RMSE_ALPHA_DERIV=    1.89
2025-07-12 20:01:10.496 INFO: Epoch 401: head: Default, loss=0.4949, RMSE_MU_per_atom=0.00 mDebye, RMSE_MU_DERIV=0.00 mDebye / A, RMSE_ALPHA_per_atom=    0.04, RMSE_ALPHA_DERIV=    1.91
2025-07-12 20:02:05.809 INFO: Epoch 402: head: Default, loss=0.4936, RMSE_MU_per_atom=0.00 mDebye, RMSE_MU_DERIV=0.00 mDebye / A, RMSE_ALPHA_per_atom=    0.05, RMSE_ALPHA_DERIV=    1.90
2025-07-12 20:03:01.135 INFO: Epoch 403: head: Default, loss=0.4884, RMSE_MU_per_atom=0.00 mDebye, RMSE_MU_DERIV=0.00 mDebye / A, RMSE_ALPHA_per_atom=    0.04, RMSE_ALPHA_DERIV=    1.89
2025-07-12 20:03:56.475 INFO: Epoch 404: head: Default, loss=0.4841, RMSE_MU_per_atom=0.00 mDebye, RMSE_MU_DERIV=0.00 mDebye / A, RMSE_ALPHA_per_atom=    0.04, RMSE_ALPHA_DERIV=    1.88
2025-07-12 20:04:51.811 INFO: Epoch 405: head: Default, loss=0.5025, RMSE_MU_per_atom=0.00 mDebye, RMSE_MU_DERIV=0.00 mDebye / A, RMSE_ALPHA_per_atom=    0.04, RMSE_ALPHA_DERIV=    1.92
2025-07-12 20:05:47.160 INFO: Epoch 406: head: Default, loss=0.4895, RMSE_MU_per_atom=0.00 mDebye, RMSE_MU_DERIV=0.00 mDebye / A, RMSE_ALPHA_per_atom=    0.03, RMSE_ALPHA_DERIV=    1.90
2025-07-12 20:06:42.501 INFO: Epoch 407: head: Default, loss=0.4828, RMSE_MU_per_atom=0.00 mDebye, RMSE_MU_DERIV=0.00 mDebye / A, RMSE_ALPHA_per_atom=    0.03, RMSE_ALPHA_DERIV=    1.89
2025-07-12 20:07:37.858 INFO: Epoch 408: head: Default, loss=0.4924, RMSE_MU_per_atom=0.00 mDebye, RMSE_MU_DERIV=0.00 mDebye / A, RMSE_ALPHA_per_atom=    0.05, RMSE_ALPHA_DERIV=    1.90
2025-07-12 20:08:33.200 INFO: Epoch 409: head: Default, loss=0.5057, RMSE_MU_per_atom=0.00 mDebye, RMSE_MU_DERIV=0.00 mDebye / A, RMSE_ALPHA_per_atom=    0.06, RMSE_ALPHA_DERIV=    1.92
2025-07-12 20:09:28.546 INFO: Epoch 410: head: Default, loss=0.4952, RMSE_MU_per_atom=0.00 mDebye, RMSE_MU_DERIV=0.00 mDebye / A, RMSE_ALPHA_per_atom=    0.04, RMSE_ALPHA_DERIV=    1.90
2025-07-12 20:10:23.865 INFO: Epoch 411: head: Default, loss=0.4848, RMSE_MU_per_atom=0.00 mDebye, RMSE_MU_DERIV=0.00 mDebye / A, RMSE_ALPHA_per_atom=    0.03, RMSE_ALPHA_DERIV=    1.88
2025-07-12 20:11:19.190 INFO: Epoch 412: head: Default, loss=0.4924, RMSE_MU_per_atom=0.00 mDebye, RMSE_MU_DERIV=0.00 mDebye / A, RMSE_ALPHA_per_atom=    0.04, RMSE_ALPHA_DERIV=    1.90
2025-07-12 20:12:14.532 INFO: Epoch 413: head: Default, loss=0.4973, RMSE_MU_per_atom=0.00 mDebye, RMSE_MU_DERIV=0.00 mDebye / A, RMSE_ALPHA_per_atom=    0.06, RMSE_ALPHA_DERIV=    1.91
2025-07-12 20:13:09.863 INFO: Epoch 414: head: Default, loss=0.4933, RMSE_MU_per_atom=0.00 mDebye, RMSE_MU_DERIV=0.00 mDebye / A, RMSE_ALPHA_per_atom=    0.04, RMSE_ALPHA_DERIV=    1.90
2025-07-12 20:14:05.175 INFO: Epoch 415: head: Default, loss=0.4831, RMSE_MU_per_atom=0.00 mDebye, RMSE_MU_DERIV=0.00 mDebye / A, RMSE_ALPHA_per_atom=    0.07, RMSE_ALPHA_DERIV=    1.87
2025-07-12 20:15:00.492 INFO: Epoch 416: head: Default, loss=0.4874, RMSE_MU_per_atom=0.00 mDebye, RMSE_MU_DERIV=0.00 mDebye / A, RMSE_ALPHA_per_atom=    0.03, RMSE_ALPHA_DERIV=    1.89
2025-07-12 20:15:55.819 INFO: Epoch 417: head: Default, loss=0.4875, RMSE_MU_per_atom=0.00 mDebye, RMSE_MU_DERIV=0.00 mDebye / A, RMSE_ALPHA_per_atom=    0.03, RMSE_ALPHA_DERIV=    1.89
2025-07-12 20:16:51.122 INFO: Epoch 418: head: Default, loss=0.4884, RMSE_MU_per_atom=0.00 mDebye, RMSE_MU_DERIV=0.00 mDebye / A, RMSE_ALPHA_per_atom=    0.03, RMSE_ALPHA_DERIV=    1.89
2025-07-12 20:17:46.440 INFO: Epoch 419: head: Default, loss=0.4884, RMSE_MU_per_atom=0.00 mDebye, RMSE_MU_DERIV=0.00 mDebye / A, RMSE_ALPHA_per_atom=    0.04, RMSE_ALPHA_DERIV=    1.89
2025-07-12 20:18:41.751 INFO: Epoch 420: head: Default, loss=0.4947, RMSE_MU_per_atom=0.00 mDebye, RMSE_MU_DERIV=0.00 mDebye / A, RMSE_ALPHA_per_atom=    0.04, RMSE_ALPHA_DERIV=    1.90
2025-07-12 20:19:37.071 INFO: Epoch 421: head: Default, loss=0.4911, RMSE_MU_per_atom=0.00 mDebye, RMSE_MU_DERIV=0.00 mDebye / A, RMSE_ALPHA_per_atom=    0.05, RMSE_ALPHA_DERIV=    1.90
2025-07-12 20:20:32.381 INFO: Epoch 422: head: Default, loss=0.5096, RMSE_MU_per_atom=0.00 mDebye, RMSE_MU_DERIV=0.00 mDebye / A, RMSE_ALPHA_per_atom=    0.04, RMSE_ALPHA_DERIV=    1.94
2025-07-12 20:21:27.690 INFO: Epoch 423: head: Default, loss=0.4933, RMSE_MU_per_atom=0.00 mDebye, RMSE_MU_DERIV=0.00 mDebye / A, RMSE_ALPHA_per_atom=    0.03, RMSE_ALPHA_DERIV=    1.91
2025-07-12 20:22:23.008 INFO: Epoch 424: head: Default, loss=0.4930, RMSE_MU_per_atom=0.00 mDebye, RMSE_MU_DERIV=0.00 mDebye / A, RMSE_ALPHA_per_atom=    0.03, RMSE_ALPHA_DERIV=    1.91
2025-07-12 20:23:18.335 INFO: Epoch 425: head: Default, loss=0.4870, RMSE_MU_per_atom=0.00 mDebye, RMSE_MU_DERIV=0.00 mDebye / A, RMSE_ALPHA_per_atom=    0.04, RMSE_ALPHA_DERIV=    1.89
2025-07-12 20:24:13.657 INFO: Epoch 426: head: Default, loss=0.5000, RMSE_MU_per_atom=0.00 mDebye, RMSE_MU_DERIV=0.00 mDebye / A, RMSE_ALPHA_per_atom=    0.03, RMSE_ALPHA_DERIV=    1.91
2025-07-12 20:25:08.969 INFO: Epoch 427: head: Default, loss=0.4893, RMSE_MU_per_atom=0.00 mDebye, RMSE_MU_DERIV=0.00 mDebye / A, RMSE_ALPHA_per_atom=    0.04, RMSE_ALPHA_DERIV=    1.89
2025-07-12 20:26:04.285 INFO: Epoch 428: head: Default, loss=0.4987, RMSE_MU_per_atom=0.00 mDebye, RMSE_MU_DERIV=0.00 mDebye / A, RMSE_ALPHA_per_atom=    0.03, RMSE_ALPHA_DERIV=    1.92
2025-07-12 20:26:59.602 INFO: Epoch 429: head: Default, loss=0.4957, RMSE_MU_per_atom=0.00 mDebye, RMSE_MU_DERIV=0.00 mDebye / A, RMSE_ALPHA_per_atom=    0.04, RMSE_ALPHA_DERIV=    1.90
2025-07-12 20:27:54.934 INFO: Epoch 430: head: Default, loss=0.4875, RMSE_MU_per_atom=0.00 mDebye, RMSE_MU_DERIV=0.00 mDebye / A, RMSE_ALPHA_per_atom=    0.05, RMSE_ALPHA_DERIV=    1.89
2025-07-12 20:28:50.270 INFO: Epoch 431: head: Default, loss=0.4851, RMSE_MU_per_atom=0.00 mDebye, RMSE_MU_DERIV=0.00 mDebye / A, RMSE_ALPHA_per_atom=    0.07, RMSE_ALPHA_DERIV=    1.88
2025-07-12 20:29:45.586 INFO: Epoch 432: head: Default, loss=0.5102, RMSE_MU_per_atom=0.00 mDebye, RMSE_MU_DERIV=0.00 mDebye / A, RMSE_ALPHA_per_atom=    0.04, RMSE_ALPHA_DERIV=    1.94
2025-07-12 20:30:40.903 INFO: Epoch 433: head: Default, loss=0.5198, RMSE_MU_per_atom=0.00 mDebye, RMSE_MU_DERIV=0.00 mDebye / A, RMSE_ALPHA_per_atom=    0.10, RMSE_ALPHA_DERIV=    1.93
2025-07-12 20:31:36.202 INFO: Epoch 434: head: Default, loss=0.5441, RMSE_MU_per_atom=0.00 mDebye, RMSE_MU_DERIV=0.00 mDebye / A, RMSE_ALPHA_per_atom=    0.07, RMSE_ALPHA_DERIV=    1.98
2025-07-12 20:32:31.512 INFO: Epoch 435: head: Default, loss=0.5024, RMSE_MU_per_atom=0.00 mDebye, RMSE_MU_DERIV=0.00 mDebye / A, RMSE_ALPHA_per_atom=    0.05, RMSE_ALPHA_DERIV=    1.91
2025-07-12 20:33:26.832 INFO: Epoch 436: head: Default, loss=0.5147, RMSE_MU_per_atom=0.00 mDebye, RMSE_MU_DERIV=0.00 mDebye / A, RMSE_ALPHA_per_atom=    0.04, RMSE_ALPHA_DERIV=    1.94
2025-07-12 20:34:22.160 INFO: Epoch 437: head: Default, loss=0.4980, RMSE_MU_per_atom=0.00 mDebye, RMSE_MU_DERIV=0.00 mDebye / A, RMSE_ALPHA_per_atom=    0.06, RMSE_ALPHA_DERIV=    1.90
2025-07-12 20:35:17.469 INFO: Epoch 438: head: Default, loss=0.4877, RMSE_MU_per_atom=0.00 mDebye, RMSE_MU_DERIV=0.00 mDebye / A, RMSE_ALPHA_per_atom=    0.04, RMSE_ALPHA_DERIV=    1.89
2025-07-12 20:36:12.770 INFO: Epoch 439: head: Default, loss=0.4813, RMSE_MU_per_atom=0.00 mDebye, RMSE_MU_DERIV=0.00 mDebye / A, RMSE_ALPHA_per_atom=    0.04, RMSE_ALPHA_DERIV=    1.88
2025-07-12 20:37:08.078 INFO: Epoch 440: head: Default, loss=0.4801, RMSE_MU_per_atom=0.00 mDebye, RMSE_MU_DERIV=0.00 mDebye / A, RMSE_ALPHA_per_atom=    0.04, RMSE_ALPHA_DERIV=    1.87
2025-07-12 20:38:03.398 INFO: Epoch 441: head: Default, loss=0.4813, RMSE_MU_per_atom=0.00 mDebye, RMSE_MU_DERIV=0.00 mDebye / A, RMSE_ALPHA_per_atom=    0.04, RMSE_ALPHA_DERIV=    1.88
2025-07-12 20:38:58.709 INFO: Epoch 442: head: Default, loss=0.4876, RMSE_MU_per_atom=0.00 mDebye, RMSE_MU_DERIV=0.00 mDebye / A, RMSE_ALPHA_per_atom=    0.04, RMSE_ALPHA_DERIV=    1.89
2025-07-12 20:39:54.028 INFO: Epoch 443: head: Default, loss=0.4869, RMSE_MU_per_atom=0.00 mDebye, RMSE_MU_DERIV=0.00 mDebye / A, RMSE_ALPHA_per_atom=    0.04, RMSE_ALPHA_DERIV=    1.88
2025-07-12 20:40:49.338 INFO: Epoch 444: head: Default, loss=0.4859, RMSE_MU_per_atom=0.00 mDebye, RMSE_MU_DERIV=0.00 mDebye / A, RMSE_ALPHA_per_atom=    0.04, RMSE_ALPHA_DERIV=    1.89
2025-07-12 20:41:44.654 INFO: Epoch 445: head: Default, loss=0.4830, RMSE_MU_per_atom=0.00 mDebye, RMSE_MU_DERIV=0.00 mDebye / A, RMSE_ALPHA_per_atom=    0.03, RMSE_ALPHA_DERIV=    1.88
2025-07-12 20:42:39.980 INFO: Epoch 446: head: Default, loss=0.4897, RMSE_MU_per_atom=0.00 mDebye, RMSE_MU_DERIV=0.00 mDebye / A, RMSE_ALPHA_per_atom=    0.03, RMSE_ALPHA_DERIV=    1.90
2025-07-12 20:43:35.292 INFO: Epoch 447: head: Default, loss=0.5143, RMSE_MU_per_atom=0.00 mDebye, RMSE_MU_DERIV=0.00 mDebye / A, RMSE_ALPHA_per_atom=    0.05, RMSE_ALPHA_DERIV=    1.94
2025-07-12 20:44:30.609 INFO: Epoch 448: head: Default, loss=0.4916, RMSE_MU_per_atom=0.00 mDebye, RMSE_MU_DERIV=0.00 mDebye / A, RMSE_ALPHA_per_atom=    0.04, RMSE_ALPHA_DERIV=    1.90
2025-07-12 20:45:25.929 INFO: Epoch 449: head: Default, loss=0.4902, RMSE_MU_per_atom=0.00 mDebye, RMSE_MU_DERIV=0.00 mDebye / A, RMSE_ALPHA_per_atom=    0.03, RMSE_ALPHA_DERIV=    1.90
2025-07-12 20:46:21.242 INFO: Epoch 450: head: Default, loss=0.4955, RMSE_MU_per_atom=0.00 mDebye, RMSE_MU_DERIV=0.00 mDebye / A, RMSE_ALPHA_per_atom=    0.03, RMSE_ALPHA_DERIV=    1.92
2025-07-12 20:47:16.564 INFO: Epoch 451: head: Default, loss=0.4922, RMSE_MU_per_atom=0.00 mDebye, RMSE_MU_DERIV=0.00 mDebye / A, RMSE_ALPHA_per_atom=    0.03, RMSE_ALPHA_DERIV=    1.90
2025-07-12 20:48:11.892 INFO: Epoch 452: head: Default, loss=0.4825, RMSE_MU_per_atom=0.00 mDebye, RMSE_MU_DERIV=0.00 mDebye / A, RMSE_ALPHA_per_atom=    0.03, RMSE_ALPHA_DERIV=    1.88
2025-07-12 20:49:07.201 INFO: Epoch 453: head: Default, loss=0.5006, RMSE_MU_per_atom=0.00 mDebye, RMSE_MU_DERIV=0.00 mDebye / A, RMSE_ALPHA_per_atom=    0.04, RMSE_ALPHA_DERIV=    1.92
2025-07-12 20:50:02.509 INFO: Epoch 454: head: Default, loss=0.4992, RMSE_MU_per_atom=0.00 mDebye, RMSE_MU_DERIV=0.00 mDebye / A, RMSE_ALPHA_per_atom=    0.04, RMSE_ALPHA_DERIV=    1.91
2025-07-12 20:50:57.835 INFO: Epoch 455: head: Default, loss=0.4812, RMSE_MU_per_atom=0.00 mDebye, RMSE_MU_DERIV=0.00 mDebye / A, RMSE_ALPHA_per_atom=    0.03, RMSE_ALPHA_DERIV=    1.88
2025-07-12 20:51:53.165 INFO: Epoch 456: head: Default, loss=0.5016, RMSE_MU_per_atom=0.00 mDebye, RMSE_MU_DERIV=0.00 mDebye / A, RMSE_ALPHA_per_atom=    0.04, RMSE_ALPHA_DERIV=    1.92
2025-07-12 20:52:48.475 INFO: Epoch 457: head: Default, loss=0.4812, RMSE_MU_per_atom=0.00 mDebye, RMSE_MU_DERIV=0.00 mDebye / A, RMSE_ALPHA_per_atom=    0.03, RMSE_ALPHA_DERIV=    1.88
2025-07-12 20:53:43.784 INFO: Epoch 458: head: Default, loss=0.4852, RMSE_MU_per_atom=0.00 mDebye, RMSE_MU_DERIV=0.00 mDebye / A, RMSE_ALPHA_per_atom=    0.03, RMSE_ALPHA_DERIV=    1.88
2025-07-12 20:54:39.089 INFO: Epoch 459: head: Default, loss=0.4837, RMSE_MU_per_atom=0.00 mDebye, RMSE_MU_DERIV=0.00 mDebye / A, RMSE_ALPHA_per_atom=    0.04, RMSE_ALPHA_DERIV=    1.88
2025-07-12 20:55:34.411 INFO: Epoch 460: head: Default, loss=0.4856, RMSE_MU_per_atom=0.00 mDebye, RMSE_MU_DERIV=0.00 mDebye / A, RMSE_ALPHA_per_atom=    0.03, RMSE_ALPHA_DERIV=    1.88
2025-07-12 20:56:29.735 INFO: Epoch 461: head: Default, loss=0.4864, RMSE_MU_per_atom=0.00 mDebye, RMSE_MU_DERIV=0.00 mDebye / A, RMSE_ALPHA_per_atom=    0.03, RMSE_ALPHA_DERIV=    1.89
2025-07-12 20:57:25.075 INFO: Epoch 462: head: Default, loss=0.4859, RMSE_MU_per_atom=0.00 mDebye, RMSE_MU_DERIV=0.00 mDebye / A, RMSE_ALPHA_per_atom=    0.03, RMSE_ALPHA_DERIV=    1.89
2025-07-12 20:58:20.379 INFO: Epoch 463: head: Default, loss=0.4922, RMSE_MU_per_atom=0.00 mDebye, RMSE_MU_DERIV=0.00 mDebye / A, RMSE_ALPHA_per_atom=    0.04, RMSE_ALPHA_DERIV=    1.90
2025-07-12 20:59:15.685 INFO: Epoch 464: head: Default, loss=0.5059, RMSE_MU_per_atom=0.00 mDebye, RMSE_MU_DERIV=0.00 mDebye / A, RMSE_ALPHA_per_atom=    0.04, RMSE_ALPHA_DERIV=    1.93
2025-07-12 21:00:10.993 INFO: Epoch 465: head: Default, loss=0.4922, RMSE_MU_per_atom=0.00 mDebye, RMSE_MU_DERIV=0.00 mDebye / A, RMSE_ALPHA_per_atom=    0.03, RMSE_ALPHA_DERIV=    1.90
2025-07-12 21:01:06.305 INFO: Epoch 466: head: Default, loss=0.4921, RMSE_MU_per_atom=0.00 mDebye, RMSE_MU_DERIV=0.00 mDebye / A, RMSE_ALPHA_per_atom=    0.03, RMSE_ALPHA_DERIV=    1.90
2025-07-12 21:02:01.610 INFO: Epoch 467: head: Default, loss=0.4895, RMSE_MU_per_atom=0.00 mDebye, RMSE_MU_DERIV=0.00 mDebye / A, RMSE_ALPHA_per_atom=    0.03, RMSE_ALPHA_DERIV=    1.90
2025-07-12 21:02:56.908 INFO: Epoch 468: head: Default, loss=0.4905, RMSE_MU_per_atom=0.00 mDebye, RMSE_MU_DERIV=0.00 mDebye / A, RMSE_ALPHA_per_atom=    0.03, RMSE_ALPHA_DERIV=    1.90
2025-07-12 21:03:52.210 INFO: Epoch 469: head: Default, loss=0.4843, RMSE_MU_per_atom=0.00 mDebye, RMSE_MU_DERIV=0.00 mDebye / A, RMSE_ALPHA_per_atom=    0.03, RMSE_ALPHA_DERIV=    1.88
2025-07-12 21:04:47.515 INFO: Epoch 470: head: Default, loss=0.4904, RMSE_MU_per_atom=0.00 mDebye, RMSE_MU_DERIV=0.00 mDebye / A, RMSE_ALPHA_per_atom=    0.03, RMSE_ALPHA_DERIV=    1.90
2025-07-12 21:05:42.814 INFO: Epoch 471: head: Default, loss=0.4918, RMSE_MU_per_atom=0.00 mDebye, RMSE_MU_DERIV=0.00 mDebye / A, RMSE_ALPHA_per_atom=    0.03, RMSE_ALPHA_DERIV=    1.90
2025-07-12 21:06:38.137 INFO: Epoch 472: head: Default, loss=0.4851, RMSE_MU_per_atom=0.00 mDebye, RMSE_MU_DERIV=0.00 mDebye / A, RMSE_ALPHA_per_atom=    0.04, RMSE_ALPHA_DERIV=    1.88
2025-07-12 21:07:33.448 INFO: Epoch 473: head: Default, loss=0.5049, RMSE_MU_per_atom=0.00 mDebye, RMSE_MU_DERIV=0.00 mDebye / A, RMSE_ALPHA_per_atom=    0.04, RMSE_ALPHA_DERIV=    1.93
2025-07-12 21:08:28.758 INFO: Epoch 474: head: Default, loss=0.4962, RMSE_MU_per_atom=0.00 mDebye, RMSE_MU_DERIV=0.00 mDebye / A, RMSE_ALPHA_per_atom=    0.03, RMSE_ALPHA_DERIV=    1.91
2025-07-12 21:09:24.071 INFO: Epoch 475: head: Default, loss=0.4965, RMSE_MU_per_atom=0.00 mDebye, RMSE_MU_DERIV=0.00 mDebye / A, RMSE_ALPHA_per_atom=    0.03, RMSE_ALPHA_DERIV=    1.91
2025-07-12 21:10:19.371 INFO: Epoch 476: head: Default, loss=0.5005, RMSE_MU_per_atom=0.00 mDebye, RMSE_MU_DERIV=0.00 mDebye / A, RMSE_ALPHA_per_atom=    0.04, RMSE_ALPHA_DERIV=    1.91
2025-07-12 21:11:14.674 INFO: Epoch 477: head: Default, loss=0.4824, RMSE_MU_per_atom=0.00 mDebye, RMSE_MU_DERIV=0.00 mDebye / A, RMSE_ALPHA_per_atom=    0.03, RMSE_ALPHA_DERIV=    1.88
2025-07-12 21:12:09.977 INFO: Epoch 478: head: Default, loss=0.4911, RMSE_MU_per_atom=0.00 mDebye, RMSE_MU_DERIV=0.00 mDebye / A, RMSE_ALPHA_per_atom=    0.04, RMSE_ALPHA_DERIV=    1.90
2025-07-12 21:13:05.281 INFO: Epoch 479: head: Default, loss=0.4931, RMSE_MU_per_atom=0.00 mDebye, RMSE_MU_DERIV=0.00 mDebye / A, RMSE_ALPHA_per_atom=    0.04, RMSE_ALPHA_DERIV=    1.90
2025-07-12 21:14:00.584 INFO: Epoch 480: head: Default, loss=0.5034, RMSE_MU_per_atom=0.00 mDebye, RMSE_MU_DERIV=0.00 mDebye / A, RMSE_ALPHA_per_atom=    0.06, RMSE_ALPHA_DERIV=    1.92
2025-07-12 21:14:55.885 INFO: Epoch 481: head: Default, loss=0.4930, RMSE_MU_per_atom=0.00 mDebye, RMSE_MU_DERIV=0.00 mDebye / A, RMSE_ALPHA_per_atom=    0.03, RMSE_ALPHA_DERIV=    1.90
2025-07-12 21:15:51.179 INFO: Epoch 482: head: Default, loss=0.4833, RMSE_MU_per_atom=0.00 mDebye, RMSE_MU_DERIV=0.00 mDebye / A, RMSE_ALPHA_per_atom=    0.03, RMSE_ALPHA_DERIV=    1.88
2025-07-12 21:16:46.476 INFO: Epoch 483: head: Default, loss=0.4969, RMSE_MU_per_atom=0.00 mDebye, RMSE_MU_DERIV=0.00 mDebye / A, RMSE_ALPHA_per_atom=    0.03, RMSE_ALPHA_DERIV=    1.91
2025-07-12 21:17:41.748 INFO: Epoch 484: head: Default, loss=0.4953, RMSE_MU_per_atom=0.00 mDebye, RMSE_MU_DERIV=0.00 mDebye / A, RMSE_ALPHA_per_atom=    0.04, RMSE_ALPHA_DERIV=    1.91
2025-07-12 21:18:37.042 INFO: Epoch 485: head: Default, loss=0.4999, RMSE_MU_per_atom=0.00 mDebye, RMSE_MU_DERIV=0.00 mDebye / A, RMSE_ALPHA_per_atom=    0.03, RMSE_ALPHA_DERIV=    1.92
2025-07-12 21:19:32.353 INFO: Epoch 486: head: Default, loss=0.4850, RMSE_MU_per_atom=0.00 mDebye, RMSE_MU_DERIV=0.00 mDebye / A, RMSE_ALPHA_per_atom=    0.04, RMSE_ALPHA_DERIV=    1.89
2025-07-12 21:20:27.662 INFO: Epoch 487: head: Default, loss=0.4928, RMSE_MU_per_atom=0.00 mDebye, RMSE_MU_DERIV=0.00 mDebye / A, RMSE_ALPHA_per_atom=    0.03, RMSE_ALPHA_DERIV=    1.90
2025-07-12 21:21:22.954 INFO: Epoch 488: head: Default, loss=0.4991, RMSE_MU_per_atom=0.00 mDebye, RMSE_MU_DERIV=0.00 mDebye / A, RMSE_ALPHA_per_atom=    0.03, RMSE_ALPHA_DERIV=    1.92
2025-07-12 21:22:18.229 INFO: Epoch 489: head: Default, loss=0.4877, RMSE_MU_per_atom=0.00 mDebye, RMSE_MU_DERIV=0.00 mDebye / A, RMSE_ALPHA_per_atom=    0.04, RMSE_ALPHA_DERIV=    1.89
2025-07-12 21:23:13.529 INFO: Epoch 490: head: Default, loss=0.5070, RMSE_MU_per_atom=0.00 mDebye, RMSE_MU_DERIV=0.00 mDebye / A, RMSE_ALPHA_per_atom=    0.07, RMSE_ALPHA_DERIV=    1.92
2025-07-12 21:24:08.822 INFO: Epoch 491: head: Default, loss=0.4931, RMSE_MU_per_atom=0.00 mDebye, RMSE_MU_DERIV=0.00 mDebye / A, RMSE_ALPHA_per_atom=    0.05, RMSE_ALPHA_DERIV=    1.90
2025-07-12 21:25:04.108 INFO: Epoch 492: head: Default, loss=0.4912, RMSE_MU_per_atom=0.00 mDebye, RMSE_MU_DERIV=0.00 mDebye / A, RMSE_ALPHA_per_atom=    0.04, RMSE_ALPHA_DERIV=    1.90
2025-07-12 21:25:59.410 INFO: Epoch 493: head: Default, loss=0.5016, RMSE_MU_per_atom=0.00 mDebye, RMSE_MU_DERIV=0.00 mDebye / A, RMSE_ALPHA_per_atom=    0.03, RMSE_ALPHA_DERIV=    1.92
2025-07-12 21:26:54.707 INFO: Epoch 494: head: Default, loss=0.4961, RMSE_MU_per_atom=0.00 mDebye, RMSE_MU_DERIV=0.00 mDebye / A, RMSE_ALPHA_per_atom=    0.04, RMSE_ALPHA_DERIV=    1.91
2025-07-12 21:27:50.016 INFO: Epoch 495: head: Default, loss=0.5000, RMSE_MU_per_atom=0.00 mDebye, RMSE_MU_DERIV=0.00 mDebye / A, RMSE_ALPHA_per_atom=    0.06, RMSE_ALPHA_DERIV=    1.91
2025-07-12 21:28:45.307 INFO: Epoch 496: head: Default, loss=0.4928, RMSE_MU_per_atom=0.00 mDebye, RMSE_MU_DERIV=0.00 mDebye / A, RMSE_ALPHA_per_atom=    0.03, RMSE_ALPHA_DERIV=    1.90
2025-07-12 21:29:40.605 INFO: Epoch 497: head: Default, loss=0.4934, RMSE_MU_per_atom=0.00 mDebye, RMSE_MU_DERIV=0.00 mDebye / A, RMSE_ALPHA_per_atom=    0.05, RMSE_ALPHA_DERIV=    1.90
2025-07-12 21:30:35.918 INFO: Epoch 498: head: Default, loss=0.4955, RMSE_MU_per_atom=0.00 mDebye, RMSE_MU_DERIV=0.00 mDebye / A, RMSE_ALPHA_per_atom=    0.04, RMSE_ALPHA_DERIV=    1.91
2025-07-12 21:31:31.222 INFO: Epoch 499: head: Default, loss=0.4880, RMSE_MU_per_atom=0.00 mDebye, RMSE_MU_DERIV=0.00 mDebye / A, RMSE_ALPHA_per_atom=    0.04, RMSE_ALPHA_DERIV=    1.89
2025-07-12 21:32:26.526 INFO: Epoch 500: head: Default, loss=0.4833, RMSE_MU_per_atom=0.00 mDebye, RMSE_MU_DERIV=0.00 mDebye / A, RMSE_ALPHA_per_atom=    0.03, RMSE_ALPHA_DERIV=    1.88
2025-07-12 21:33:21.840 INFO: Epoch 501: head: Default, loss=0.4890, RMSE_MU_per_atom=0.00 mDebye, RMSE_MU_DERIV=0.00 mDebye / A, RMSE_ALPHA_per_atom=    0.03, RMSE_ALPHA_DERIV=    1.90
2025-07-12 21:34:17.145 INFO: Epoch 502: head: Default, loss=0.4929, RMSE_MU_per_atom=0.00 mDebye, RMSE_MU_DERIV=0.00 mDebye / A, RMSE_ALPHA_per_atom=    0.03, RMSE_ALPHA_DERIV=    1.90
2025-07-12 21:35:12.437 INFO: Epoch 503: head: Default, loss=0.4879, RMSE_MU_per_atom=0.00 mDebye, RMSE_MU_DERIV=0.00 mDebye / A, RMSE_ALPHA_per_atom=    0.04, RMSE_ALPHA_DERIV=    1.89
2025-07-12 21:36:07.730 INFO: Epoch 504: head: Default, loss=0.4940, RMSE_MU_per_atom=0.00 mDebye, RMSE_MU_DERIV=0.00 mDebye / A, RMSE_ALPHA_per_atom=    0.03, RMSE_ALPHA_DERIV=    1.90
2025-07-12 21:37:03.040 INFO: Epoch 505: head: Default, loss=0.4992, RMSE_MU_per_atom=0.00 mDebye, RMSE_MU_DERIV=0.00 mDebye / A, RMSE_ALPHA_per_atom=    0.04, RMSE_ALPHA_DERIV=    1.92
2025-07-12 21:37:58.344 INFO: Epoch 506: head: Default, loss=0.4935, RMSE_MU_per_atom=0.00 mDebye, RMSE_MU_DERIV=0.00 mDebye / A, RMSE_ALPHA_per_atom=    0.03, RMSE_ALPHA_DERIV=    1.91
2025-07-12 21:38:53.635 INFO: Epoch 507: head: Default, loss=0.4919, RMSE_MU_per_atom=0.00 mDebye, RMSE_MU_DERIV=0.00 mDebye / A, RMSE_ALPHA_per_atom=    0.03, RMSE_ALPHA_DERIV=    1.90
2025-07-12 21:39:48.941 INFO: Epoch 508: head: Default, loss=0.4890, RMSE_MU_per_atom=0.00 mDebye, RMSE_MU_DERIV=0.00 mDebye / A, RMSE_ALPHA_per_atom=    0.03, RMSE_ALPHA_DERIV=    1.89
2025-07-12 21:40:44.226 INFO: Epoch 509: head: Default, loss=0.4863, RMSE_MU_per_atom=0.00 mDebye, RMSE_MU_DERIV=0.00 mDebye / A, RMSE_ALPHA_per_atom=    0.03, RMSE_ALPHA_DERIV=    1.89
2025-07-12 21:41:39.497 INFO: Epoch 510: head: Default, loss=0.4879, RMSE_MU_per_atom=0.00 mDebye, RMSE_MU_DERIV=0.00 mDebye / A, RMSE_ALPHA_per_atom=    0.03, RMSE_ALPHA_DERIV=    1.90
2025-07-12 21:42:34.786 INFO: Epoch 511: head: Default, loss=0.4956, RMSE_MU_per_atom=0.00 mDebye, RMSE_MU_DERIV=0.00 mDebye / A, RMSE_ALPHA_per_atom=    0.04, RMSE_ALPHA_DERIV=    1.91
2025-07-12 21:43:30.069 INFO: Epoch 512: head: Default, loss=0.4924, RMSE_MU_per_atom=0.00 mDebye, RMSE_MU_DERIV=0.00 mDebye / A, RMSE_ALPHA_per_atom=    0.03, RMSE_ALPHA_DERIV=    1.90
2025-07-12 21:44:25.355 INFO: Epoch 513: head: Default, loss=0.4963, RMSE_MU_per_atom=0.00 mDebye, RMSE_MU_DERIV=0.00 mDebye / A, RMSE_ALPHA_per_atom=    0.06, RMSE_ALPHA_DERIV=    1.90
2025-07-12 21:45:20.658 INFO: Epoch 514: head: Default, loss=0.5013, RMSE_MU_per_atom=0.00 mDebye, RMSE_MU_DERIV=0.00 mDebye / A, RMSE_ALPHA_per_atom=    0.04, RMSE_ALPHA_DERIV=    1.91
2025-07-12 21:46:15.954 INFO: Epoch 515: head: Default, loss=0.4968, RMSE_MU_per_atom=0.00 mDebye, RMSE_MU_DERIV=0.00 mDebye / A, RMSE_ALPHA_per_atom=    0.04, RMSE_ALPHA_DERIV=    1.91
2025-07-12 21:47:11.251 INFO: Epoch 516: head: Default, loss=0.4984, RMSE_MU_per_atom=0.00 mDebye, RMSE_MU_DERIV=0.00 mDebye / A, RMSE_ALPHA_per_atom=    0.03, RMSE_ALPHA_DERIV=    1.92
2025-07-12 21:48:06.558 INFO: Epoch 517: head: Default, loss=0.4927, RMSE_MU_per_atom=0.00 mDebye, RMSE_MU_DERIV=0.00 mDebye / A, RMSE_ALPHA_per_atom=    0.03, RMSE_ALPHA_DERIV=    1.90
2025-07-12 21:49:01.849 INFO: Epoch 518: head: Default, loss=0.4915, RMSE_MU_per_atom=0.00 mDebye, RMSE_MU_DERIV=0.00 mDebye / A, RMSE_ALPHA_per_atom=    0.04, RMSE_ALPHA_DERIV=    1.90
2025-07-12 21:49:57.142 INFO: Epoch 519: head: Default, loss=0.4944, RMSE_MU_per_atom=0.00 mDebye, RMSE_MU_DERIV=0.00 mDebye / A, RMSE_ALPHA_per_atom=    0.04, RMSE_ALPHA_DERIV=    1.91
2025-07-12 21:50:52.439 INFO: Epoch 520: head: Default, loss=0.4932, RMSE_MU_per_atom=0.00 mDebye, RMSE_MU_DERIV=0.00 mDebye / A, RMSE_ALPHA_per_atom=    0.03, RMSE_ALPHA_DERIV=    1.91
2025-07-12 21:51:47.752 INFO: Epoch 521: head: Default, loss=0.4875, RMSE_MU_per_atom=0.00 mDebye, RMSE_MU_DERIV=0.00 mDebye / A, RMSE_ALPHA_per_atom=    0.03, RMSE_ALPHA_DERIV=    1.89
2025-07-12 21:52:43.059 INFO: Epoch 522: head: Default, loss=0.4936, RMSE_MU_per_atom=0.00 mDebye, RMSE_MU_DERIV=0.00 mDebye / A, RMSE_ALPHA_per_atom=    0.04, RMSE_ALPHA_DERIV=    1.90
2025-07-12 21:53:38.367 INFO: Epoch 523: head: Default, loss=0.4993, RMSE_MU_per_atom=0.00 mDebye, RMSE_MU_DERIV=0.00 mDebye / A, RMSE_ALPHA_per_atom=    0.03, RMSE_ALPHA_DERIV=    1.92
2025-07-12 21:54:33.652 INFO: Epoch 524: head: Default, loss=0.4887, RMSE_MU_per_atom=0.00 mDebye, RMSE_MU_DERIV=0.00 mDebye / A, RMSE_ALPHA_per_atom=    0.04, RMSE_ALPHA_DERIV=    1.89
2025-07-12 21:55:28.947 INFO: Epoch 525: head: Default, loss=0.5038, RMSE_MU_per_atom=0.00 mDebye, RMSE_MU_DERIV=0.00 mDebye / A, RMSE_ALPHA_per_atom=    0.04, RMSE_ALPHA_DERIV=    1.92
2025-07-12 21:56:24.249 INFO: Epoch 526: head: Default, loss=0.4981, RMSE_MU_per_atom=0.00 mDebye, RMSE_MU_DERIV=0.00 mDebye / A, RMSE_ALPHA_per_atom=    0.03, RMSE_ALPHA_DERIV=    1.91
2025-07-12 21:57:19.531 INFO: Epoch 527: head: Default, loss=0.4965, RMSE_MU_per_atom=0.00 mDebye, RMSE_MU_DERIV=0.00 mDebye / A, RMSE_ALPHA_per_atom=    0.04, RMSE_ALPHA_DERIV=    1.91
2025-07-12 21:58:14.826 INFO: Epoch 528: head: Default, loss=0.5070, RMSE_MU_per_atom=0.00 mDebye, RMSE_MU_DERIV=0.00 mDebye / A, RMSE_ALPHA_per_atom=    0.04, RMSE_ALPHA_DERIV=    1.93
2025-07-12 21:59:10.124 INFO: Epoch 529: head: Default, loss=0.4984, RMSE_MU_per_atom=0.00 mDebye, RMSE_MU_DERIV=0.00 mDebye / A, RMSE_ALPHA_per_atom=    0.04, RMSE_ALPHA_DERIV=    1.92
2025-07-12 22:00:05.426 INFO: Epoch 530: head: Default, loss=0.4958, RMSE_MU_per_atom=0.00 mDebye, RMSE_MU_DERIV=0.00 mDebye / A, RMSE_ALPHA_per_atom=    0.04, RMSE_ALPHA_DERIV=    1.91
2025-07-12 22:01:00.722 INFO: Epoch 531: head: Default, loss=0.4925, RMSE_MU_per_atom=0.00 mDebye, RMSE_MU_DERIV=0.00 mDebye / A, RMSE_ALPHA_per_atom=    0.03, RMSE_ALPHA_DERIV=    1.90
2025-07-12 22:01:56.010 INFO: Epoch 532: head: Default, loss=0.4966, RMSE_MU_per_atom=0.00 mDebye, RMSE_MU_DERIV=0.00 mDebye / A, RMSE_ALPHA_per_atom=    0.03, RMSE_ALPHA_DERIV=    1.91
2025-07-12 22:02:51.303 INFO: Epoch 533: head: Default, loss=0.4962, RMSE_MU_per_atom=0.00 mDebye, RMSE_MU_DERIV=0.00 mDebye / A, RMSE_ALPHA_per_atom=    0.03, RMSE_ALPHA_DERIV=    1.91
2025-07-12 22:03:46.596 INFO: Epoch 534: head: Default, loss=0.4930, RMSE_MU_per_atom=0.00 mDebye, RMSE_MU_DERIV=0.00 mDebye / A, RMSE_ALPHA_per_atom=    0.03, RMSE_ALPHA_DERIV=    1.91
2025-07-12 22:04:41.900 INFO: Epoch 535: head: Default, loss=0.4922, RMSE_MU_per_atom=0.00 mDebye, RMSE_MU_DERIV=0.00 mDebye / A, RMSE_ALPHA_per_atom=    0.03, RMSE_ALPHA_DERIV=    1.90
2025-07-12 22:05:37.191 INFO: Epoch 536: head: Default, loss=0.5046, RMSE_MU_per_atom=0.00 mDebye, RMSE_MU_DERIV=0.00 mDebye / A, RMSE_ALPHA_per_atom=    0.04, RMSE_ALPHA_DERIV=    1.93
2025-07-12 22:06:32.492 INFO: Epoch 537: head: Default, loss=0.4954, RMSE_MU_per_atom=0.00 mDebye, RMSE_MU_DERIV=0.00 mDebye / A, RMSE_ALPHA_per_atom=    0.03, RMSE_ALPHA_DERIV=    1.91
2025-07-12 22:07:27.781 INFO: Epoch 538: head: Default, loss=0.4931, RMSE_MU_per_atom=0.00 mDebye, RMSE_MU_DERIV=0.00 mDebye / A, RMSE_ALPHA_per_atom=    0.03, RMSE_ALPHA_DERIV=    1.91
2025-07-12 22:08:23.081 INFO: Epoch 539: head: Default, loss=0.4933, RMSE_MU_per_atom=0.00 mDebye, RMSE_MU_DERIV=0.00 mDebye / A, RMSE_ALPHA_per_atom=    0.04, RMSE_ALPHA_DERIV=    1.90
2025-07-12 22:09:18.371 INFO: Epoch 540: head: Default, loss=0.4926, RMSE_MU_per_atom=0.00 mDebye, RMSE_MU_DERIV=0.00 mDebye / A, RMSE_ALPHA_per_atom=    0.03, RMSE_ALPHA_DERIV=    1.90
2025-07-12 22:10:13.657 INFO: Epoch 541: head: Default, loss=0.4963, RMSE_MU_per_atom=0.00 mDebye, RMSE_MU_DERIV=0.00 mDebye / A, RMSE_ALPHA_per_atom=    0.04, RMSE_ALPHA_DERIV=    1.91
2025-07-12 22:11:08.948 INFO: Epoch 542: head: Default, loss=0.5215, RMSE_MU_per_atom=0.00 mDebye, RMSE_MU_DERIV=0.00 mDebye / A, RMSE_ALPHA_per_atom=    0.04, RMSE_ALPHA_DERIV=    1.96
2025-07-12 22:12:04.245 INFO: Epoch 543: head: Default, loss=0.5013, RMSE_MU_per_atom=0.00 mDebye, RMSE_MU_DERIV=0.00 mDebye / A, RMSE_ALPHA_per_atom=    0.04, RMSE_ALPHA_DERIV=    1.92
2025-07-12 22:12:59.540 INFO: Epoch 544: head: Default, loss=0.4939, RMSE_MU_per_atom=0.00 mDebye, RMSE_MU_DERIV=0.00 mDebye / A, RMSE_ALPHA_per_atom=    0.03, RMSE_ALPHA_DERIV=    1.91
2025-07-12 22:13:54.838 INFO: Epoch 545: head: Default, loss=0.4918, RMSE_MU_per_atom=0.00 mDebye, RMSE_MU_DERIV=0.00 mDebye / A, RMSE_ALPHA_per_atom=    0.03, RMSE_ALPHA_DERIV=    1.90
2025-07-12 22:14:50.130 INFO: Epoch 546: head: Default, loss=0.4987, RMSE_MU_per_atom=0.00 mDebye, RMSE_MU_DERIV=0.00 mDebye / A, RMSE_ALPHA_per_atom=    0.03, RMSE_ALPHA_DERIV=    1.92
2025-07-12 22:15:45.415 INFO: Epoch 547: head: Default, loss=0.4989, RMSE_MU_per_atom=0.00 mDebye, RMSE_MU_DERIV=0.00 mDebye / A, RMSE_ALPHA_per_atom=    0.04, RMSE_ALPHA_DERIV=    1.92
2025-07-12 22:16:40.706 INFO: Epoch 548: head: Default, loss=0.5007, RMSE_MU_per_atom=0.00 mDebye, RMSE_MU_DERIV=0.00 mDebye / A, RMSE_ALPHA_per_atom=    0.03, RMSE_ALPHA_DERIV=    1.92
2025-07-12 22:17:35.992 INFO: Epoch 549: head: Default, loss=0.4969, RMSE_MU_per_atom=0.00 mDebye, RMSE_MU_DERIV=0.00 mDebye / A, RMSE_ALPHA_per_atom=    0.03, RMSE_ALPHA_DERIV=    1.91
2025-07-12 22:18:31.279 INFO: Epoch 550: head: Default, loss=0.4916, RMSE_MU_per_atom=0.00 mDebye, RMSE_MU_DERIV=0.00 mDebye / A, RMSE_ALPHA_per_atom=    0.03, RMSE_ALPHA_DERIV=    1.90
2025-07-12 22:19:26.576 INFO: Epoch 551: head: Default, loss=0.4941, RMSE_MU_per_atom=0.00 mDebye, RMSE_MU_DERIV=0.00 mDebye / A, RMSE_ALPHA_per_atom=    0.03, RMSE_ALPHA_DERIV=    1.90
2025-07-12 22:20:21.872 INFO: Epoch 552: head: Default, loss=0.4978, RMSE_MU_per_atom=0.00 mDebye, RMSE_MU_DERIV=0.00 mDebye / A, RMSE_ALPHA_per_atom=    0.03, RMSE_ALPHA_DERIV=    1.91
2025-07-12 22:21:17.151 INFO: Epoch 553: head: Default, loss=0.4907, RMSE_MU_per_atom=0.00 mDebye, RMSE_MU_DERIV=0.00 mDebye / A, RMSE_ALPHA_per_atom=    0.03, RMSE_ALPHA_DERIV=    1.90
2025-07-12 22:22:12.433 INFO: Epoch 554: head: Default, loss=0.4942, RMSE_MU_per_atom=0.00 mDebye, RMSE_MU_DERIV=0.00 mDebye / A, RMSE_ALPHA_per_atom=    0.03, RMSE_ALPHA_DERIV=    1.91
2025-07-12 22:23:07.711 INFO: Epoch 555: head: Default, loss=0.4910, RMSE_MU_per_atom=0.00 mDebye, RMSE_MU_DERIV=0.00 mDebye / A, RMSE_ALPHA_per_atom=    0.04, RMSE_ALPHA_DERIV=    1.89
2025-07-12 22:24:02.994 INFO: Epoch 556: head: Default, loss=0.4931, RMSE_MU_per_atom=0.00 mDebye, RMSE_MU_DERIV=0.00 mDebye / A, RMSE_ALPHA_per_atom=    0.03, RMSE_ALPHA_DERIV=    1.90
2025-07-12 22:24:58.278 INFO: Epoch 557: head: Default, loss=0.5116, RMSE_MU_per_atom=0.00 mDebye, RMSE_MU_DERIV=0.00 mDebye / A, RMSE_ALPHA_per_atom=    0.04, RMSE_ALPHA_DERIV=    1.94
2025-07-12 22:25:53.568 INFO: Epoch 558: head: Default, loss=0.5077, RMSE_MU_per_atom=0.00 mDebye, RMSE_MU_DERIV=0.00 mDebye / A, RMSE_ALPHA_per_atom=    0.04, RMSE_ALPHA_DERIV=    1.93
2025-07-12 22:26:48.871 INFO: Epoch 559: head: Default, loss=0.4969, RMSE_MU_per_atom=0.00 mDebye, RMSE_MU_DERIV=0.00 mDebye / A, RMSE_ALPHA_per_atom=    0.04, RMSE_ALPHA_DERIV=    1.91
2025-07-12 22:27:44.172 INFO: Epoch 560: head: Default, loss=0.4864, RMSE_MU_per_atom=0.00 mDebye, RMSE_MU_DERIV=0.00 mDebye / A, RMSE_ALPHA_per_atom=    0.04, RMSE_ALPHA_DERIV=    1.89
2025-07-12 22:28:39.463 INFO: Epoch 561: head: Default, loss=0.4922, RMSE_MU_per_atom=0.00 mDebye, RMSE_MU_DERIV=0.00 mDebye / A, RMSE_ALPHA_per_atom=    0.03, RMSE_ALPHA_DERIV=    1.90
2025-07-12 22:29:34.744 INFO: Epoch 562: head: Default, loss=0.4949, RMSE_MU_per_atom=0.00 mDebye, RMSE_MU_DERIV=0.00 mDebye / A, RMSE_ALPHA_per_atom=    0.03, RMSE_ALPHA_DERIV=    1.91
2025-07-12 22:30:30.020 INFO: Epoch 563: head: Default, loss=0.5115, RMSE_MU_per_atom=0.00 mDebye, RMSE_MU_DERIV=0.00 mDebye / A, RMSE_ALPHA_per_atom=    0.04, RMSE_ALPHA_DERIV=    1.94
2025-07-12 22:31:25.305 INFO: Epoch 564: head: Default, loss=0.5037, RMSE_MU_per_atom=0.00 mDebye, RMSE_MU_DERIV=0.00 mDebye / A, RMSE_ALPHA_per_atom=    0.03, RMSE_ALPHA_DERIV=    1.93
2025-07-12 22:32:20.605 INFO: Epoch 565: head: Default, loss=0.4940, RMSE_MU_per_atom=0.00 mDebye, RMSE_MU_DERIV=0.00 mDebye / A, RMSE_ALPHA_per_atom=    0.03, RMSE_ALPHA_DERIV=    1.90
2025-07-12 22:33:15.895 INFO: Epoch 566: head: Default, loss=0.4922, RMSE_MU_per_atom=0.00 mDebye, RMSE_MU_DERIV=0.00 mDebye / A, RMSE_ALPHA_per_atom=    0.03, RMSE_ALPHA_DERIV=    1.90
2025-07-12 22:34:11.186 INFO: Epoch 567: head: Default, loss=0.4938, RMSE_MU_per_atom=0.00 mDebye, RMSE_MU_DERIV=0.00 mDebye / A, RMSE_ALPHA_per_atom=    0.03, RMSE_ALPHA_DERIV=    1.91
2025-07-12 22:35:06.466 INFO: Epoch 568: head: Default, loss=0.4895, RMSE_MU_per_atom=0.00 mDebye, RMSE_MU_DERIV=0.00 mDebye / A, RMSE_ALPHA_per_atom=    0.03, RMSE_ALPHA_DERIV=    1.90
2025-07-12 22:36:01.747 INFO: Epoch 569: head: Default, loss=0.4978, RMSE_MU_per_atom=0.00 mDebye, RMSE_MU_DERIV=0.00 mDebye / A, RMSE_ALPHA_per_atom=    0.04, RMSE_ALPHA_DERIV=    1.92
2025-07-12 22:36:57.017 INFO: Epoch 570: head: Default, loss=0.4947, RMSE_MU_per_atom=0.00 mDebye, RMSE_MU_DERIV=0.00 mDebye / A, RMSE_ALPHA_per_atom=    0.03, RMSE_ALPHA_DERIV=    1.91
2025-07-12 22:37:52.283 INFO: Epoch 571: head: Default, loss=0.4931, RMSE_MU_per_atom=0.00 mDebye, RMSE_MU_DERIV=0.00 mDebye / A, RMSE_ALPHA_per_atom=    0.03, RMSE_ALPHA_DERIV=    1.91
2025-07-12 22:38:47.555 INFO: Epoch 572: head: Default, loss=0.4950, RMSE_MU_per_atom=0.00 mDebye, RMSE_MU_DERIV=0.00 mDebye / A, RMSE_ALPHA_per_atom=    0.03, RMSE_ALPHA_DERIV=    1.91
2025-07-12 22:39:42.830 INFO: Epoch 573: head: Default, loss=0.4943, RMSE_MU_per_atom=0.00 mDebye, RMSE_MU_DERIV=0.00 mDebye / A, RMSE_ALPHA_per_atom=    0.04, RMSE_ALPHA_DERIV=    1.90
2025-07-12 22:40:38.111 INFO: Epoch 574: head: Default, loss=0.4956, RMSE_MU_per_atom=0.00 mDebye, RMSE_MU_DERIV=0.00 mDebye / A, RMSE_ALPHA_per_atom=    0.03, RMSE_ALPHA_DERIV=    1.91
2025-07-12 22:41:33.391 INFO: Epoch 575: head: Default, loss=0.5009, RMSE_MU_per_atom=0.00 mDebye, RMSE_MU_DERIV=0.00 mDebye / A, RMSE_ALPHA_per_atom=    0.03, RMSE_ALPHA_DERIV=    1.92
2025-07-12 22:42:28.676 INFO: Epoch 576: head: Default, loss=0.4888, RMSE_MU_per_atom=0.00 mDebye, RMSE_MU_DERIV=0.00 mDebye / A, RMSE_ALPHA_per_atom=    0.03, RMSE_ALPHA_DERIV=    1.90
2025-07-12 22:43:23.961 INFO: Epoch 577: head: Default, loss=0.4981, RMSE_MU_per_atom=0.00 mDebye, RMSE_MU_DERIV=0.00 mDebye / A, RMSE_ALPHA_per_atom=    0.03, RMSE_ALPHA_DERIV=    1.92
2025-07-12 22:44:19.253 INFO: Epoch 578: head: Default, loss=0.4915, RMSE_MU_per_atom=0.00 mDebye, RMSE_MU_DERIV=0.00 mDebye / A, RMSE_ALPHA_per_atom=    0.03, RMSE_ALPHA_DERIV=    1.90
2025-07-12 22:45:14.551 INFO: Epoch 579: head: Default, loss=0.4982, RMSE_MU_per_atom=0.00 mDebye, RMSE_MU_DERIV=0.00 mDebye / A, RMSE_ALPHA_per_atom=    0.03, RMSE_ALPHA_DERIV=    1.91
2025-07-12 22:46:09.866 INFO: Epoch 580: head: Default, loss=0.5012, RMSE_MU_per_atom=0.00 mDebye, RMSE_MU_DERIV=0.00 mDebye / A, RMSE_ALPHA_per_atom=    0.04, RMSE_ALPHA_DERIV=    1.92
2025-07-12 22:47:05.168 INFO: Epoch 581: head: Default, loss=0.4941, RMSE_MU_per_atom=0.00 mDebye, RMSE_MU_DERIV=0.00 mDebye / A, RMSE_ALPHA_per_atom=    0.03, RMSE_ALPHA_DERIV=    1.91
2025-07-12 22:48:00.479 INFO: Epoch 582: head: Default, loss=0.4901, RMSE_MU_per_atom=0.00 mDebye, RMSE_MU_DERIV=0.00 mDebye / A, RMSE_ALPHA_per_atom=    0.03, RMSE_ALPHA_DERIV=    1.90
2025-07-12 22:48:55.772 INFO: Epoch 583: head: Default, loss=0.5032, RMSE_MU_per_atom=0.00 mDebye, RMSE_MU_DERIV=0.00 mDebye / A, RMSE_ALPHA_per_atom=    0.03, RMSE_ALPHA_DERIV=    1.93
2025-07-12 22:49:51.067 INFO: Epoch 584: head: Default, loss=0.4923, RMSE_MU_per_atom=0.00 mDebye, RMSE_MU_DERIV=0.00 mDebye / A, RMSE_ALPHA_per_atom=    0.03, RMSE_ALPHA_DERIV=    1.90
2025-07-12 22:50:46.373 INFO: Epoch 585: head: Default, loss=0.4961, RMSE_MU_per_atom=0.00 mDebye, RMSE_MU_DERIV=0.00 mDebye / A, RMSE_ALPHA_per_atom=    0.03, RMSE_ALPHA_DERIV=    1.91
2025-07-12 22:51:41.676 INFO: Epoch 586: head: Default, loss=0.5005, RMSE_MU_per_atom=0.00 mDebye, RMSE_MU_DERIV=0.00 mDebye / A, RMSE_ALPHA_per_atom=    0.04, RMSE_ALPHA_DERIV=    1.92
2025-07-12 22:52:36.974 INFO: Epoch 587: head: Default, loss=0.4907, RMSE_MU_per_atom=0.00 mDebye, RMSE_MU_DERIV=0.00 mDebye / A, RMSE_ALPHA_per_atom=    0.03, RMSE_ALPHA_DERIV=    1.90
2025-07-12 22:53:32.258 INFO: Epoch 588: head: Default, loss=0.4882, RMSE_MU_per_atom=0.00 mDebye, RMSE_MU_DERIV=0.00 mDebye / A, RMSE_ALPHA_per_atom=    0.03, RMSE_ALPHA_DERIV=    1.89
2025-07-12 22:54:27.532 INFO: Epoch 589: head: Default, loss=0.4961, RMSE_MU_per_atom=0.00 mDebye, RMSE_MU_DERIV=0.00 mDebye / A, RMSE_ALPHA_per_atom=    0.05, RMSE_ALPHA_DERIV=    1.90
2025-07-12 22:55:22.812 INFO: Epoch 590: head: Default, loss=0.5041, RMSE_MU_per_atom=0.00 mDebye, RMSE_MU_DERIV=0.00 mDebye / A, RMSE_ALPHA_per_atom=    0.03, RMSE_ALPHA_DERIV=    1.93
2025-07-12 22:56:18.081 INFO: Epoch 591: head: Default, loss=0.4908, RMSE_MU_per_atom=0.00 mDebye, RMSE_MU_DERIV=0.00 mDebye / A, RMSE_ALPHA_per_atom=    0.03, RMSE_ALPHA_DERIV=    1.90
2025-07-12 22:57:13.349 INFO: Epoch 592: head: Default, loss=0.4918, RMSE_MU_per_atom=0.00 mDebye, RMSE_MU_DERIV=0.00 mDebye / A, RMSE_ALPHA_per_atom=    0.03, RMSE_ALPHA_DERIV=    1.90
2025-07-12 22:58:08.625 INFO: Epoch 593: head: Default, loss=0.4898, RMSE_MU_per_atom=0.00 mDebye, RMSE_MU_DERIV=0.00 mDebye / A, RMSE_ALPHA_per_atom=    0.03, RMSE_ALPHA_DERIV=    1.90
2025-07-12 22:59:03.913 INFO: Epoch 594: head: Default, loss=0.4916, RMSE_MU_per_atom=0.00 mDebye, RMSE_MU_DERIV=0.00 mDebye / A, RMSE_ALPHA_per_atom=    0.03, RMSE_ALPHA_DERIV=    1.90
2025-07-12 22:59:59.202 INFO: Epoch 595: head: Default, loss=0.5030, RMSE_MU_per_atom=0.00 mDebye, RMSE_MU_DERIV=0.00 mDebye / A, RMSE_ALPHA_per_atom=    0.04, RMSE_ALPHA_DERIV=    1.92
2025-07-12 23:00:54.507 INFO: Epoch 596: head: Default, loss=0.5038, RMSE_MU_per_atom=0.00 mDebye, RMSE_MU_DERIV=0.00 mDebye / A, RMSE_ALPHA_per_atom=    0.03, RMSE_ALPHA_DERIV=    1.93
2025-07-12 23:01:49.792 INFO: Epoch 597: head: Default, loss=0.4960, RMSE_MU_per_atom=0.00 mDebye, RMSE_MU_DERIV=0.00 mDebye / A, RMSE_ALPHA_per_atom=    0.03, RMSE_ALPHA_DERIV=    1.91
2025-07-12 23:02:45.080 INFO: Epoch 598: head: Default, loss=0.4936, RMSE_MU_per_atom=0.00 mDebye, RMSE_MU_DERIV=0.00 mDebye / A, RMSE_ALPHA_per_atom=    0.04, RMSE_ALPHA_DERIV=    1.90
2025-07-12 23:03:40.367 INFO: Epoch 599: head: Default, loss=0.4978, RMSE_MU_per_atom=0.00 mDebye, RMSE_MU_DERIV=0.00 mDebye / A, RMSE_ALPHA_per_atom=    0.03, RMSE_ALPHA_DERIV=    1.92
2025-07-12 23:04:35.657 INFO: Epoch 600: head: Default, loss=0.4972, RMSE_MU_per_atom=0.00 mDebye, RMSE_MU_DERIV=0.00 mDebye / A, RMSE_ALPHA_per_atom=    0.03, RMSE_ALPHA_DERIV=    1.92
2025-07-12 23:05:30.944 INFO: Epoch 601: head: Default, loss=0.4930, RMSE_MU_per_atom=0.00 mDebye, RMSE_MU_DERIV=0.00 mDebye / A, RMSE_ALPHA_per_atom=    0.03, RMSE_ALPHA_DERIV=    1.90
2025-07-12 23:06:26.225 INFO: Epoch 602: head: Default, loss=0.5011, RMSE_MU_per_atom=0.00 mDebye, RMSE_MU_DERIV=0.00 mDebye / A, RMSE_ALPHA_per_atom=    0.03, RMSE_ALPHA_DERIV=    1.92
2025-07-12 23:07:21.525 INFO: Epoch 603: head: Default, loss=0.4944, RMSE_MU_per_atom=0.00 mDebye, RMSE_MU_DERIV=0.00 mDebye / A, RMSE_ALPHA_per_atom=    0.03, RMSE_ALPHA_DERIV=    1.91
2025-07-12 23:08:16.819 INFO: Epoch 604: head: Default, loss=0.4939, RMSE_MU_per_atom=0.00 mDebye, RMSE_MU_DERIV=0.00 mDebye / A, RMSE_ALPHA_per_atom=    0.03, RMSE_ALPHA_DERIV=    1.91
2025-07-12 23:09:12.113 INFO: Epoch 605: head: Default, loss=0.4948, RMSE_MU_per_atom=0.00 mDebye, RMSE_MU_DERIV=0.00 mDebye / A, RMSE_ALPHA_per_atom=    0.04, RMSE_ALPHA_DERIV=    1.91
2025-07-12 23:10:07.408 INFO: Epoch 606: head: Default, loss=0.4950, RMSE_MU_per_atom=0.00 mDebye, RMSE_MU_DERIV=0.00 mDebye / A, RMSE_ALPHA_per_atom=    0.03, RMSE_ALPHA_DERIV=    1.91
2025-07-12 23:11:02.692 INFO: Epoch 607: head: Default, loss=0.4918, RMSE_MU_per_atom=0.00 mDebye, RMSE_MU_DERIV=0.00 mDebye / A, RMSE_ALPHA_per_atom=    0.03, RMSE_ALPHA_DERIV=    1.90
2025-07-12 23:11:57.998 INFO: Epoch 608: head: Default, loss=0.4953, RMSE_MU_per_atom=0.00 mDebye, RMSE_MU_DERIV=0.00 mDebye / A, RMSE_ALPHA_per_atom=    0.03, RMSE_ALPHA_DERIV=    1.91
2025-07-12 23:12:53.303 INFO: Epoch 609: head: Default, loss=0.4987, RMSE_MU_per_atom=0.00 mDebye, RMSE_MU_DERIV=0.00 mDebye / A, RMSE_ALPHA_per_atom=    0.03, RMSE_ALPHA_DERIV=    1.92
2025-07-12 23:13:48.604 INFO: Epoch 610: head: Default, loss=0.4943, RMSE_MU_per_atom=0.00 mDebye, RMSE_MU_DERIV=0.00 mDebye / A, RMSE_ALPHA_per_atom=    0.04, RMSE_ALPHA_DERIV=    1.91
2025-07-12 23:14:43.895 INFO: Epoch 611: head: Default, loss=0.4922, RMSE_MU_per_atom=0.00 mDebye, RMSE_MU_DERIV=0.00 mDebye / A, RMSE_ALPHA_per_atom=    0.03, RMSE_ALPHA_DERIV=    1.91
2025-07-12 23:15:39.186 INFO: Epoch 612: head: Default, loss=0.4964, RMSE_MU_per_atom=0.00 mDebye, RMSE_MU_DERIV=0.00 mDebye / A, RMSE_ALPHA_per_atom=    0.03, RMSE_ALPHA_DERIV=    1.91
2025-07-12 23:16:34.481 INFO: Epoch 613: head: Default, loss=0.4969, RMSE_MU_per_atom=0.00 mDebye, RMSE_MU_DERIV=0.00 mDebye / A, RMSE_ALPHA_per_atom=    0.03, RMSE_ALPHA_DERIV=    1.91
2025-07-12 23:17:29.795 INFO: Epoch 614: head: Default, loss=0.4883, RMSE_MU_per_atom=0.00 mDebye, RMSE_MU_DERIV=0.00 mDebye / A, RMSE_ALPHA_per_atom=    0.03, RMSE_ALPHA_DERIV=    1.89
2025-07-12 23:18:25.096 INFO: Epoch 615: head: Default, loss=0.4937, RMSE_MU_per_atom=0.00 mDebye, RMSE_MU_DERIV=0.00 mDebye / A, RMSE_ALPHA_per_atom=    0.03, RMSE_ALPHA_DERIV=    1.91
2025-07-12 23:19:20.408 INFO: Epoch 616: head: Default, loss=0.4997, RMSE_MU_per_atom=0.00 mDebye, RMSE_MU_DERIV=0.00 mDebye / A, RMSE_ALPHA_per_atom=    0.04, RMSE_ALPHA_DERIV=    1.92
2025-07-12 23:20:15.717 INFO: Epoch 617: head: Default, loss=0.4926, RMSE_MU_per_atom=0.00 mDebye, RMSE_MU_DERIV=0.00 mDebye / A, RMSE_ALPHA_per_atom=    0.03, RMSE_ALPHA_DERIV=    1.91
2025-07-12 23:21:11.007 INFO: Epoch 618: head: Default, loss=0.4897, RMSE_MU_per_atom=0.00 mDebye, RMSE_MU_DERIV=0.00 mDebye / A, RMSE_ALPHA_per_atom=    0.03, RMSE_ALPHA_DERIV=    1.90
2025-07-12 23:22:06.308 INFO: Epoch 619: head: Default, loss=0.5043, RMSE_MU_per_atom=0.00 mDebye, RMSE_MU_DERIV=0.00 mDebye / A, RMSE_ALPHA_per_atom=    0.03, RMSE_ALPHA_DERIV=    1.93
2025-07-12 23:23:01.606 INFO: Epoch 620: head: Default, loss=0.4936, RMSE_MU_per_atom=0.00 mDebye, RMSE_MU_DERIV=0.00 mDebye / A, RMSE_ALPHA_per_atom=    0.03, RMSE_ALPHA_DERIV=    1.91
2025-07-12 23:23:56.915 INFO: Epoch 621: head: Default, loss=0.4950, RMSE_MU_per_atom=0.00 mDebye, RMSE_MU_DERIV=0.00 mDebye / A, RMSE_ALPHA_per_atom=    0.03, RMSE_ALPHA_DERIV=    1.91
2025-07-12 23:24:52.215 INFO: Epoch 622: head: Default, loss=0.4964, RMSE_MU_per_atom=0.00 mDebye, RMSE_MU_DERIV=0.00 mDebye / A, RMSE_ALPHA_per_atom=    0.03, RMSE_ALPHA_DERIV=    1.91
2025-07-12 23:25:47.520 INFO: Epoch 623: head: Default, loss=0.4955, RMSE_MU_per_atom=0.00 mDebye, RMSE_MU_DERIV=0.00 mDebye / A, RMSE_ALPHA_per_atom=    0.04, RMSE_ALPHA_DERIV=    1.91
2025-07-12 23:26:42.810 INFO: Epoch 624: head: Default, loss=0.4912, RMSE_MU_per_atom=0.00 mDebye, RMSE_MU_DERIV=0.00 mDebye / A, RMSE_ALPHA_per_atom=    0.03, RMSE_ALPHA_DERIV=    1.90
2025-07-12 23:27:38.112 INFO: Epoch 625: head: Default, loss=0.4918, RMSE_MU_per_atom=0.00 mDebye, RMSE_MU_DERIV=0.00 mDebye / A, RMSE_ALPHA_per_atom=    0.03, RMSE_ALPHA_DERIV=    1.90
2025-07-12 23:28:33.399 INFO: Epoch 626: head: Default, loss=0.4977, RMSE_MU_per_atom=0.00 mDebye, RMSE_MU_DERIV=0.00 mDebye / A, RMSE_ALPHA_per_atom=    0.04, RMSE_ALPHA_DERIV=    1.91
2025-07-12 23:29:28.690 INFO: Epoch 627: head: Default, loss=0.4934, RMSE_MU_per_atom=0.00 mDebye, RMSE_MU_DERIV=0.00 mDebye / A, RMSE_ALPHA_per_atom=    0.03, RMSE_ALPHA_DERIV=    1.91
2025-07-12 23:30:23.999 INFO: Epoch 628: head: Default, loss=0.4931, RMSE_MU_per_atom=0.00 mDebye, RMSE_MU_DERIV=0.00 mDebye / A, RMSE_ALPHA_per_atom=    0.03, RMSE_ALPHA_DERIV=    1.90
2025-07-12 23:31:19.301 INFO: Epoch 629: head: Default, loss=0.4982, RMSE_MU_per_atom=0.00 mDebye, RMSE_MU_DERIV=0.00 mDebye / A, RMSE_ALPHA_per_atom=    0.03, RMSE_ALPHA_DERIV=    1.91
2025-07-12 23:32:14.601 INFO: Epoch 630: head: Default, loss=0.5016, RMSE_MU_per_atom=0.00 mDebye, RMSE_MU_DERIV=0.00 mDebye / A, RMSE_ALPHA_per_atom=    0.04, RMSE_ALPHA_DERIV=    1.92
2025-07-12 23:33:09.901 INFO: Epoch 631: head: Default, loss=0.4991, RMSE_MU_per_atom=0.00 mDebye, RMSE_MU_DERIV=0.00 mDebye / A, RMSE_ALPHA_per_atom=    0.03, RMSE_ALPHA_DERIV=    1.92
2025-07-12 23:34:05.212 INFO: Epoch 632: head: Default, loss=0.4983, RMSE_MU_per_atom=0.00 mDebye, RMSE_MU_DERIV=0.00 mDebye / A, RMSE_ALPHA_per_atom=    0.03, RMSE_ALPHA_DERIV=    1.91
2025-07-12 23:35:00.491 INFO: Epoch 633: head: Default, loss=0.5018, RMSE_MU_per_atom=0.00 mDebye, RMSE_MU_DERIV=0.00 mDebye / A, RMSE_ALPHA_per_atom=    0.03, RMSE_ALPHA_DERIV=    1.92
2025-07-12 23:35:55.778 INFO: Epoch 634: head: Default, loss=0.4951, RMSE_MU_per_atom=0.00 mDebye, RMSE_MU_DERIV=0.00 mDebye / A, RMSE_ALPHA_per_atom=    0.03, RMSE_ALPHA_DERIV=    1.91
2025-07-12 23:36:51.056 INFO: Epoch 635: head: Default, loss=0.4981, RMSE_MU_per_atom=0.00 mDebye, RMSE_MU_DERIV=0.00 mDebye / A, RMSE_ALPHA_per_atom=    0.03, RMSE_ALPHA_DERIV=    1.92
2025-07-12 23:37:46.353 INFO: Epoch 636: head: Default, loss=0.4931, RMSE_MU_per_atom=0.00 mDebye, RMSE_MU_DERIV=0.00 mDebye / A, RMSE_ALPHA_per_atom=    0.03, RMSE_ALPHA_DERIV=    1.91
2025-07-12 23:38:41.649 INFO: Epoch 637: head: Default, loss=0.4964, RMSE_MU_per_atom=0.00 mDebye, RMSE_MU_DERIV=0.00 mDebye / A, RMSE_ALPHA_per_atom=    0.03, RMSE_ALPHA_DERIV=    1.91
2025-07-12 23:39:36.954 INFO: Epoch 638: head: Default, loss=0.4961, RMSE_MU_per_atom=0.00 mDebye, RMSE_MU_DERIV=0.00 mDebye / A, RMSE_ALPHA_per_atom=    0.03, RMSE_ALPHA_DERIV=    1.91
2025-07-12 23:40:32.253 INFO: Epoch 639: head: Default, loss=0.4999, RMSE_MU_per_atom=0.00 mDebye, RMSE_MU_DERIV=0.00 mDebye / A, RMSE_ALPHA_per_atom=    0.03, RMSE_ALPHA_DERIV=    1.92
2025-07-12 23:41:27.554 INFO: Epoch 640: head: Default, loss=0.4906, RMSE_MU_per_atom=0.00 mDebye, RMSE_MU_DERIV=0.00 mDebye / A, RMSE_ALPHA_per_atom=    0.03, RMSE_ALPHA_DERIV=    1.90
2025-07-12 23:42:22.844 INFO: Epoch 641: head: Default, loss=0.4903, RMSE_MU_per_atom=0.00 mDebye, RMSE_MU_DERIV=0.00 mDebye / A, RMSE_ALPHA_per_atom=    0.03, RMSE_ALPHA_DERIV=    1.90
2025-07-12 23:43:18.140 INFO: Epoch 642: head: Default, loss=0.4992, RMSE_MU_per_atom=0.00 mDebye, RMSE_MU_DERIV=0.00 mDebye / A, RMSE_ALPHA_per_atom=    0.03, RMSE_ALPHA_DERIV=    1.92
2025-07-12 23:44:13.435 INFO: Epoch 643: head: Default, loss=0.4948, RMSE_MU_per_atom=0.00 mDebye, RMSE_MU_DERIV=0.00 mDebye / A, RMSE_ALPHA_per_atom=    0.03, RMSE_ALPHA_DERIV=    1.91
2025-07-12 23:45:08.709 INFO: Epoch 644: head: Default, loss=0.4955, RMSE_MU_per_atom=0.00 mDebye, RMSE_MU_DERIV=0.00 mDebye / A, RMSE_ALPHA_per_atom=    0.03, RMSE_ALPHA_DERIV=    1.91
2025-07-12 23:46:04.005 INFO: Epoch 645: head: Default, loss=0.4994, RMSE_MU_per_atom=0.00 mDebye, RMSE_MU_DERIV=0.00 mDebye / A, RMSE_ALPHA_per_atom=    0.03, RMSE_ALPHA_DERIV=    1.92
2025-07-12 23:46:59.289 INFO: Epoch 646: head: Default, loss=0.4939, RMSE_MU_per_atom=0.00 mDebye, RMSE_MU_DERIV=0.00 mDebye / A, RMSE_ALPHA_per_atom=    0.03, RMSE_ALPHA_DERIV=    1.91
2025-07-12 23:47:54.580 INFO: Epoch 647: head: Default, loss=0.5001, RMSE_MU_per_atom=0.00 mDebye, RMSE_MU_DERIV=0.00 mDebye / A, RMSE_ALPHA_per_atom=    0.03, RMSE_ALPHA_DERIV=    1.92
2025-07-12 23:48:49.866 INFO: Epoch 648: head: Default, loss=0.4942, RMSE_MU_per_atom=0.00 mDebye, RMSE_MU_DERIV=0.00 mDebye / A, RMSE_ALPHA_per_atom=    0.03, RMSE_ALPHA_DERIV=    1.91
2025-07-12 23:49:45.153 INFO: Epoch 649: head: Default, loss=0.4975, RMSE_MU_per_atom=0.00 mDebye, RMSE_MU_DERIV=0.00 mDebye / A, RMSE_ALPHA_per_atom=    0.03, RMSE_ALPHA_DERIV=    1.91
2025-07-12 23:50:40.441 INFO: Epoch 650: head: Default, loss=0.4913, RMSE_MU_per_atom=0.00 mDebye, RMSE_MU_DERIV=0.00 mDebye / A, RMSE_ALPHA_per_atom=    0.03, RMSE_ALPHA_DERIV=    1.90
2025-07-12 23:51:35.722 INFO: Epoch 651: head: Default, loss=0.4926, RMSE_MU_per_atom=0.00 mDebye, RMSE_MU_DERIV=0.00 mDebye / A, RMSE_ALPHA_per_atom=    0.03, RMSE_ALPHA_DERIV=    1.90
2025-07-12 23:52:31.005 INFO: Epoch 652: head: Default, loss=0.5026, RMSE_MU_per_atom=0.00 mDebye, RMSE_MU_DERIV=0.00 mDebye / A, RMSE_ALPHA_per_atom=    0.04, RMSE_ALPHA_DERIV=    1.92
2025-07-12 23:53:26.290 INFO: Epoch 653: head: Default, loss=0.4987, RMSE_MU_per_atom=0.00 mDebye, RMSE_MU_DERIV=0.00 mDebye / A, RMSE_ALPHA_per_atom=    0.03, RMSE_ALPHA_DERIV=    1.92
2025-07-12 23:54:21.556 INFO: Epoch 654: head: Default, loss=0.4914, RMSE_MU_per_atom=0.00 mDebye, RMSE_MU_DERIV=0.00 mDebye / A, RMSE_ALPHA_per_atom=    0.03, RMSE_ALPHA_DERIV=    1.90
2025-07-12 23:55:16.829 INFO: Epoch 655: head: Default, loss=0.4959, RMSE_MU_per_atom=0.00 mDebye, RMSE_MU_DERIV=0.00 mDebye / A, RMSE_ALPHA_per_atom=    0.03, RMSE_ALPHA_DERIV=    1.91
2025-07-12 23:56:12.113 INFO: Epoch 656: head: Default, loss=0.4974, RMSE_MU_per_atom=0.00 mDebye, RMSE_MU_DERIV=0.00 mDebye / A, RMSE_ALPHA_per_atom=    0.03, RMSE_ALPHA_DERIV=    1.91
2025-07-12 23:57:07.390 INFO: Epoch 657: head: Default, loss=0.4982, RMSE_MU_per_atom=0.00 mDebye, RMSE_MU_DERIV=0.00 mDebye / A, RMSE_ALPHA_per_atom=    0.03, RMSE_ALPHA_DERIV=    1.91
2025-07-12 23:58:02.656 INFO: Epoch 658: head: Default, loss=0.4971, RMSE_MU_per_atom=0.00 mDebye, RMSE_MU_DERIV=0.00 mDebye / A, RMSE_ALPHA_per_atom=    0.03, RMSE_ALPHA_DERIV=    1.91
2025-07-12 23:58:57.933 INFO: Epoch 659: head: Default, loss=0.5003, RMSE_MU_per_atom=0.00 mDebye, RMSE_MU_DERIV=0.00 mDebye / A, RMSE_ALPHA_per_atom=    0.03, RMSE_ALPHA_DERIV=    1.92
2025-07-12 23:59:53.208 INFO: Epoch 660: head: Default, loss=0.4953, RMSE_MU_per_atom=0.00 mDebye, RMSE_MU_DERIV=0.00 mDebye / A, RMSE_ALPHA_per_atom=    0.03, RMSE_ALPHA_DERIV=    1.91
2025-07-13 00:00:48.497 INFO: Epoch 661: head: Default, loss=0.4923, RMSE_MU_per_atom=0.00 mDebye, RMSE_MU_DERIV=0.00 mDebye / A, RMSE_ALPHA_per_atom=    0.03, RMSE_ALPHA_DERIV=    1.90
2025-07-13 00:01:43.786 INFO: Epoch 662: head: Default, loss=0.4974, RMSE_MU_per_atom=0.00 mDebye, RMSE_MU_DERIV=0.00 mDebye / A, RMSE_ALPHA_per_atom=    0.03, RMSE_ALPHA_DERIV=    1.91
2025-07-13 00:02:39.066 INFO: Epoch 663: head: Default, loss=0.4931, RMSE_MU_per_atom=0.00 mDebye, RMSE_MU_DERIV=0.00 mDebye / A, RMSE_ALPHA_per_atom=    0.03, RMSE_ALPHA_DERIV=    1.91
2025-07-13 00:03:34.347 INFO: Epoch 664: head: Default, loss=0.4967, RMSE_MU_per_atom=0.00 mDebye, RMSE_MU_DERIV=0.00 mDebye / A, RMSE_ALPHA_per_atom=    0.03, RMSE_ALPHA_DERIV=    1.91
2025-07-13 00:04:29.648 INFO: Epoch 665: head: Default, loss=0.4972, RMSE_MU_per_atom=0.00 mDebye, RMSE_MU_DERIV=0.00 mDebye / A, RMSE_ALPHA_per_atom=    0.03, RMSE_ALPHA_DERIV=    1.91
2025-07-13 00:05:24.920 INFO: Epoch 666: head: Default, loss=0.4997, RMSE_MU_per_atom=0.00 mDebye, RMSE_MU_DERIV=0.00 mDebye / A, RMSE_ALPHA_per_atom=    0.03, RMSE_ALPHA_DERIV=    1.92
2025-07-13 00:06:20.197 INFO: Epoch 667: head: Default, loss=0.4953, RMSE_MU_per_atom=0.00 mDebye, RMSE_MU_DERIV=0.00 mDebye / A, RMSE_ALPHA_per_atom=    0.03, RMSE_ALPHA_DERIV=    1.91
2025-07-13 00:07:15.461 INFO: Epoch 668: head: Default, loss=0.4995, RMSE_MU_per_atom=0.00 mDebye, RMSE_MU_DERIV=0.00 mDebye / A, RMSE_ALPHA_per_atom=    0.03, RMSE_ALPHA_DERIV=    1.92
2025-07-13 00:08:10.723 INFO: Epoch 669: head: Default, loss=0.4985, RMSE_MU_per_atom=0.00 mDebye, RMSE_MU_DERIV=0.00 mDebye / A, RMSE_ALPHA_per_atom=    0.03, RMSE_ALPHA_DERIV=    1.92
2025-07-13 00:09:05.994 INFO: Epoch 670: head: Default, loss=0.4939, RMSE_MU_per_atom=0.00 mDebye, RMSE_MU_DERIV=0.00 mDebye / A, RMSE_ALPHA_per_atom=    0.03, RMSE_ALPHA_DERIV=    1.90
2025-07-13 00:10:01.258 INFO: Epoch 671: head: Default, loss=0.4969, RMSE_MU_per_atom=0.00 mDebye, RMSE_MU_DERIV=0.00 mDebye / A, RMSE_ALPHA_per_atom=    0.03, RMSE_ALPHA_DERIV=    1.91
2025-07-13 00:10:56.530 INFO: Epoch 672: head: Default, loss=0.4967, RMSE_MU_per_atom=0.00 mDebye, RMSE_MU_DERIV=0.00 mDebye / A, RMSE_ALPHA_per_atom=    0.03, RMSE_ALPHA_DERIV=    1.91
2025-07-13 00:11:51.819 INFO: Epoch 673: head: Default, loss=0.4936, RMSE_MU_per_atom=0.00 mDebye, RMSE_MU_DERIV=0.00 mDebye / A, RMSE_ALPHA_per_atom=    0.03, RMSE_ALPHA_DERIV=    1.91
2025-07-13 00:12:47.105 INFO: Epoch 674: head: Default, loss=0.4973, RMSE_MU_per_atom=0.00 mDebye, RMSE_MU_DERIV=0.00 mDebye / A, RMSE_ALPHA_per_atom=    0.03, RMSE_ALPHA_DERIV=    1.91
2025-07-13 00:13:42.387 INFO: Epoch 675: head: Default, loss=0.5002, RMSE_MU_per_atom=0.00 mDebye, RMSE_MU_DERIV=0.00 mDebye / A, RMSE_ALPHA_per_atom=    0.03, RMSE_ALPHA_DERIV=    1.92
2025-07-13 00:14:37.669 INFO: Epoch 676: head: Default, loss=0.4951, RMSE_MU_per_atom=0.00 mDebye, RMSE_MU_DERIV=0.00 mDebye / A, RMSE_ALPHA_per_atom=    0.03, RMSE_ALPHA_DERIV=    1.91
2025-07-13 00:15:32.946 INFO: Epoch 677: head: Default, loss=0.5018, RMSE_MU_per_atom=0.00 mDebye, RMSE_MU_DERIV=0.00 mDebye / A, RMSE_ALPHA_per_atom=    0.03, RMSE_ALPHA_DERIV=    1.92
2025-07-13 00:16:28.237 INFO: Epoch 678: head: Default, loss=0.4940, RMSE_MU_per_atom=0.00 mDebye, RMSE_MU_DERIV=0.00 mDebye / A, RMSE_ALPHA_per_atom=    0.03, RMSE_ALPHA_DERIV=    1.91
2025-07-13 00:17:23.509 INFO: Epoch 679: head: Default, loss=0.4968, RMSE_MU_per_atom=0.00 mDebye, RMSE_MU_DERIV=0.00 mDebye / A, RMSE_ALPHA_per_atom=    0.03, RMSE_ALPHA_DERIV=    1.91
2025-07-13 00:18:18.783 INFO: Epoch 680: head: Default, loss=0.4977, RMSE_MU_per_atom=0.00 mDebye, RMSE_MU_DERIV=0.00 mDebye / A, RMSE_ALPHA_per_atom=    0.04, RMSE_ALPHA_DERIV=    1.91
2025-07-13 00:19:14.072 INFO: Epoch 681: head: Default, loss=0.5005, RMSE_MU_per_atom=0.00 mDebye, RMSE_MU_DERIV=0.00 mDebye / A, RMSE_ALPHA_per_atom=    0.03, RMSE_ALPHA_DERIV=    1.92
2025-07-13 00:20:09.365 INFO: Epoch 682: head: Default, loss=0.4981, RMSE_MU_per_atom=0.00 mDebye, RMSE_MU_DERIV=0.00 mDebye / A, RMSE_ALPHA_per_atom=    0.03, RMSE_ALPHA_DERIV=    1.91
2025-07-13 00:21:04.652 INFO: Epoch 683: head: Default, loss=0.5020, RMSE_MU_per_atom=0.00 mDebye, RMSE_MU_DERIV=0.00 mDebye / A, RMSE_ALPHA_per_atom=    0.03, RMSE_ALPHA_DERIV=    1.92
2025-07-13 00:21:59.947 INFO: Epoch 684: head: Default, loss=0.5004, RMSE_MU_per_atom=0.00 mDebye, RMSE_MU_DERIV=0.00 mDebye / A, RMSE_ALPHA_per_atom=    0.03, RMSE_ALPHA_DERIV=    1.92
2025-07-13 00:22:55.222 INFO: Epoch 685: head: Default, loss=0.4975, RMSE_MU_per_atom=0.00 mDebye, RMSE_MU_DERIV=0.00 mDebye / A, RMSE_ALPHA_per_atom=    0.03, RMSE_ALPHA_DERIV=    1.91
2025-07-13 00:23:50.504 INFO: Epoch 686: head: Default, loss=0.4951, RMSE_MU_per_atom=0.00 mDebye, RMSE_MU_DERIV=0.00 mDebye / A, RMSE_ALPHA_per_atom=    0.03, RMSE_ALPHA_DERIV=    1.91
2025-07-13 00:24:45.785 INFO: Epoch 687: head: Default, loss=0.4967, RMSE_MU_per_atom=0.00 mDebye, RMSE_MU_DERIV=0.00 mDebye / A, RMSE_ALPHA_per_atom=    0.03, RMSE_ALPHA_DERIV=    1.91
2025-07-13 00:25:41.063 INFO: Epoch 688: head: Default, loss=0.5023, RMSE_MU_per_atom=0.00 mDebye, RMSE_MU_DERIV=0.00 mDebye / A, RMSE_ALPHA_per_atom=    0.03, RMSE_ALPHA_DERIV=    1.93
2025-07-13 00:26:36.341 INFO: Epoch 689: head: Default, loss=0.4982, RMSE_MU_per_atom=0.00 mDebye, RMSE_MU_DERIV=0.00 mDebye / A, RMSE_ALPHA_per_atom=    0.03, RMSE_ALPHA_DERIV=    1.92
2025-07-13 00:27:31.611 INFO: Epoch 690: head: Default, loss=0.4964, RMSE_MU_per_atom=0.00 mDebye, RMSE_MU_DERIV=0.00 mDebye / A, RMSE_ALPHA_per_atom=    0.03, RMSE_ALPHA_DERIV=    1.91
2025-07-13 00:28:26.880 INFO: Epoch 691: head: Default, loss=0.5065, RMSE_MU_per_atom=0.00 mDebye, RMSE_MU_DERIV=0.00 mDebye / A, RMSE_ALPHA_per_atom=    0.03, RMSE_ALPHA_DERIV=    1.93
2025-07-13 00:29:22.155 INFO: Epoch 692: head: Default, loss=0.4946, RMSE_MU_per_atom=0.00 mDebye, RMSE_MU_DERIV=0.00 mDebye / A, RMSE_ALPHA_per_atom=    0.03, RMSE_ALPHA_DERIV=    1.91
2025-07-13 00:30:17.423 INFO: Epoch 693: head: Default, loss=0.4944, RMSE_MU_per_atom=0.00 mDebye, RMSE_MU_DERIV=0.00 mDebye / A, RMSE_ALPHA_per_atom=    0.03, RMSE_ALPHA_DERIV=    1.91
2025-07-13 00:31:12.695 INFO: Epoch 694: head: Default, loss=0.4946, RMSE_MU_per_atom=0.00 mDebye, RMSE_MU_DERIV=0.00 mDebye / A, RMSE_ALPHA_per_atom=    0.03, RMSE_ALPHA_DERIV=    1.91
2025-07-13 00:32:07.972 INFO: Epoch 695: head: Default, loss=0.4950, RMSE_MU_per_atom=0.00 mDebye, RMSE_MU_DERIV=0.00 mDebye / A, RMSE_ALPHA_per_atom=    0.03, RMSE_ALPHA_DERIV=    1.91
2025-07-13 00:33:03.246 INFO: Epoch 696: head: Default, loss=0.5044, RMSE_MU_per_atom=0.00 mDebye, RMSE_MU_DERIV=0.00 mDebye / A, RMSE_ALPHA_per_atom=    0.03, RMSE_ALPHA_DERIV=    1.93
2025-07-13 00:33:58.525 INFO: Epoch 697: head: Default, loss=0.5001, RMSE_MU_per_atom=0.00 mDebye, RMSE_MU_DERIV=0.00 mDebye / A, RMSE_ALPHA_per_atom=    0.03, RMSE_ALPHA_DERIV=    1.92
2025-07-13 00:34:53.813 INFO: Epoch 698: head: Default, loss=0.4918, RMSE_MU_per_atom=0.00 mDebye, RMSE_MU_DERIV=0.00 mDebye / A, RMSE_ALPHA_per_atom=    0.03, RMSE_ALPHA_DERIV=    1.90
2025-07-13 00:35:49.099 INFO: Epoch 699: head: Default, loss=0.4971, RMSE_MU_per_atom=0.00 mDebye, RMSE_MU_DERIV=0.00 mDebye / A, RMSE_ALPHA_per_atom=    0.03, RMSE_ALPHA_DERIV=    1.91
2025-07-13 00:36:44.376 INFO: Epoch 700: head: Default, loss=0.4981, RMSE_MU_per_atom=0.00 mDebye, RMSE_MU_DERIV=0.00 mDebye / A, RMSE_ALPHA_per_atom=    0.03, RMSE_ALPHA_DERIV=    1.92
2025-07-13 00:37:39.650 INFO: Epoch 701: head: Default, loss=0.5001, RMSE_MU_per_atom=0.00 mDebye, RMSE_MU_DERIV=0.00 mDebye / A, RMSE_ALPHA_per_atom=    0.03, RMSE_ALPHA_DERIV=    1.92
2025-07-13 00:38:34.925 INFO: Epoch 702: head: Default, loss=0.4994, RMSE_MU_per_atom=0.00 mDebye, RMSE_MU_DERIV=0.00 mDebye / A, RMSE_ALPHA_per_atom=    0.03, RMSE_ALPHA_DERIV=    1.92
2025-07-13 00:39:30.199 INFO: Epoch 703: head: Default, loss=0.4938, RMSE_MU_per_atom=0.00 mDebye, RMSE_MU_DERIV=0.00 mDebye / A, RMSE_ALPHA_per_atom=    0.03, RMSE_ALPHA_DERIV=    1.91
2025-07-13 00:40:25.479 INFO: Epoch 704: head: Default, loss=0.4945, RMSE_MU_per_atom=0.00 mDebye, RMSE_MU_DERIV=0.00 mDebye / A, RMSE_ALPHA_per_atom=    0.03, RMSE_ALPHA_DERIV=    1.91
2025-07-13 00:41:20.767 INFO: Epoch 705: head: Default, loss=0.4932, RMSE_MU_per_atom=0.00 mDebye, RMSE_MU_DERIV=0.00 mDebye / A, RMSE_ALPHA_per_atom=    0.03, RMSE_ALPHA_DERIV=    1.90
2025-07-13 00:42:16.045 INFO: Epoch 706: head: Default, loss=0.4957, RMSE_MU_per_atom=0.00 mDebye, RMSE_MU_DERIV=0.00 mDebye / A, RMSE_ALPHA_per_atom=    0.03, RMSE_ALPHA_DERIV=    1.91
2025-07-13 00:43:11.315 INFO: Epoch 707: head: Default, loss=0.4957, RMSE_MU_per_atom=0.00 mDebye, RMSE_MU_DERIV=0.00 mDebye / A, RMSE_ALPHA_per_atom=    0.03, RMSE_ALPHA_DERIV=    1.91
2025-07-13 00:44:06.583 INFO: Epoch 708: head: Default, loss=0.5010, RMSE_MU_per_atom=0.00 mDebye, RMSE_MU_DERIV=0.00 mDebye / A, RMSE_ALPHA_per_atom=    0.03, RMSE_ALPHA_DERIV=    1.92
2025-07-13 00:45:01.856 INFO: Epoch 709: head: Default, loss=0.5030, RMSE_MU_per_atom=0.00 mDebye, RMSE_MU_DERIV=0.00 mDebye / A, RMSE_ALPHA_per_atom=    0.03, RMSE_ALPHA_DERIV=    1.93
2025-07-13 00:45:57.129 INFO: Epoch 710: head: Default, loss=0.4971, RMSE_MU_per_atom=0.00 mDebye, RMSE_MU_DERIV=0.00 mDebye / A, RMSE_ALPHA_per_atom=    0.03, RMSE_ALPHA_DERIV=    1.91
2025-07-13 00:46:52.408 INFO: Epoch 711: head: Default, loss=0.5074, RMSE_MU_per_atom=0.00 mDebye, RMSE_MU_DERIV=0.00 mDebye / A, RMSE_ALPHA_per_atom=    0.03, RMSE_ALPHA_DERIV=    1.93
2025-07-13 00:47:47.672 INFO: Epoch 712: head: Default, loss=0.4983, RMSE_MU_per_atom=0.00 mDebye, RMSE_MU_DERIV=0.00 mDebye / A, RMSE_ALPHA_per_atom=    0.03, RMSE_ALPHA_DERIV=    1.91
2025-07-13 00:48:42.942 INFO: Epoch 713: head: Default, loss=0.4992, RMSE_MU_per_atom=0.00 mDebye, RMSE_MU_DERIV=0.00 mDebye / A, RMSE_ALPHA_per_atom=    0.03, RMSE_ALPHA_DERIV=    1.92
2025-07-13 00:49:38.221 INFO: Epoch 714: head: Default, loss=0.4964, RMSE_MU_per_atom=0.00 mDebye, RMSE_MU_DERIV=0.00 mDebye / A, RMSE_ALPHA_per_atom=    0.03, RMSE_ALPHA_DERIV=    1.91
2025-07-13 00:50:33.495 INFO: Epoch 715: head: Default, loss=0.4979, RMSE_MU_per_atom=0.00 mDebye, RMSE_MU_DERIV=0.00 mDebye / A, RMSE_ALPHA_per_atom=    0.03, RMSE_ALPHA_DERIV=    1.91
2025-07-13 00:51:28.780 INFO: Epoch 716: head: Default, loss=0.5013, RMSE_MU_per_atom=0.00 mDebye, RMSE_MU_DERIV=0.00 mDebye / A, RMSE_ALPHA_per_atom=    0.03, RMSE_ALPHA_DERIV=    1.92
2025-07-13 00:52:24.069 INFO: Epoch 717: head: Default, loss=0.5029, RMSE_MU_per_atom=0.00 mDebye, RMSE_MU_DERIV=0.00 mDebye / A, RMSE_ALPHA_per_atom=    0.03, RMSE_ALPHA_DERIV=    1.92
2025-07-13 00:53:19.354 INFO: Epoch 718: head: Default, loss=0.4959, RMSE_MU_per_atom=0.00 mDebye, RMSE_MU_DERIV=0.00 mDebye / A, RMSE_ALPHA_per_atom=    0.03, RMSE_ALPHA_DERIV=    1.91
2025-07-13 00:54:14.646 INFO: Epoch 719: head: Default, loss=0.4946, RMSE_MU_per_atom=0.00 mDebye, RMSE_MU_DERIV=0.00 mDebye / A, RMSE_ALPHA_per_atom=    0.03, RMSE_ALPHA_DERIV=    1.91
2025-07-13 00:55:09.928 INFO: Epoch 720: head: Default, loss=0.4955, RMSE_MU_per_atom=0.00 mDebye, RMSE_MU_DERIV=0.00 mDebye / A, RMSE_ALPHA_per_atom=    0.03, RMSE_ALPHA_DERIV=    1.91
2025-07-13 00:56:05.215 INFO: Epoch 721: head: Default, loss=0.5009, RMSE_MU_per_atom=0.00 mDebye, RMSE_MU_DERIV=0.00 mDebye / A, RMSE_ALPHA_per_atom=    0.03, RMSE_ALPHA_DERIV=    1.92
2025-07-13 00:57:00.508 INFO: Epoch 722: head: Default, loss=0.4971, RMSE_MU_per_atom=0.00 mDebye, RMSE_MU_DERIV=0.00 mDebye / A, RMSE_ALPHA_per_atom=    0.03, RMSE_ALPHA_DERIV=    1.91
2025-07-13 00:57:55.793 INFO: Epoch 723: head: Default, loss=0.4988, RMSE_MU_per_atom=0.00 mDebye, RMSE_MU_DERIV=0.00 mDebye / A, RMSE_ALPHA_per_atom=    0.03, RMSE_ALPHA_DERIV=    1.92
2025-07-13 00:58:51.078 INFO: Epoch 724: head: Default, loss=0.4971, RMSE_MU_per_atom=0.00 mDebye, RMSE_MU_DERIV=0.00 mDebye / A, RMSE_ALPHA_per_atom=    0.03, RMSE_ALPHA_DERIV=    1.91
2025-07-13 00:59:46.361 INFO: Epoch 725: head: Default, loss=0.5011, RMSE_MU_per_atom=0.00 mDebye, RMSE_MU_DERIV=0.00 mDebye / A, RMSE_ALPHA_per_atom=    0.03, RMSE_ALPHA_DERIV=    1.92
2025-07-13 01:00:41.633 INFO: Epoch 726: head: Default, loss=0.4972, RMSE_MU_per_atom=0.00 mDebye, RMSE_MU_DERIV=0.00 mDebye / A, RMSE_ALPHA_per_atom=    0.03, RMSE_ALPHA_DERIV=    1.91
2025-07-13 01:01:36.908 INFO: Epoch 727: head: Default, loss=0.4998, RMSE_MU_per_atom=0.00 mDebye, RMSE_MU_DERIV=0.00 mDebye / A, RMSE_ALPHA_per_atom=    0.03, RMSE_ALPHA_DERIV=    1.92
2025-07-13 01:02:32.177 INFO: Epoch 728: head: Default, loss=0.5041, RMSE_MU_per_atom=0.00 mDebye, RMSE_MU_DERIV=0.00 mDebye / A, RMSE_ALPHA_per_atom=    0.03, RMSE_ALPHA_DERIV=    1.93
2025-07-13 01:03:27.454 INFO: Epoch 729: head: Default, loss=0.4941, RMSE_MU_per_atom=0.00 mDebye, RMSE_MU_DERIV=0.00 mDebye / A, RMSE_ALPHA_per_atom=    0.03, RMSE_ALPHA_DERIV=    1.91
2025-07-13 01:04:22.728 INFO: Epoch 730: head: Default, loss=0.4981, RMSE_MU_per_atom=0.00 mDebye, RMSE_MU_DERIV=0.00 mDebye / A, RMSE_ALPHA_per_atom=    0.03, RMSE_ALPHA_DERIV=    1.91
2025-07-13 01:05:18.005 INFO: Epoch 731: head: Default, loss=0.4991, RMSE_MU_per_atom=0.00 mDebye, RMSE_MU_DERIV=0.00 mDebye / A, RMSE_ALPHA_per_atom=    0.03, RMSE_ALPHA_DERIV=    1.92
2025-07-13 01:06:13.278 INFO: Epoch 732: head: Default, loss=0.4954, RMSE_MU_per_atom=0.00 mDebye, RMSE_MU_DERIV=0.00 mDebye / A, RMSE_ALPHA_per_atom=    0.03, RMSE_ALPHA_DERIV=    1.91
2025-07-13 01:07:08.551 INFO: Epoch 733: head: Default, loss=0.4960, RMSE_MU_per_atom=0.00 mDebye, RMSE_MU_DERIV=0.00 mDebye / A, RMSE_ALPHA_per_atom=    0.03, RMSE_ALPHA_DERIV=    1.91
2025-07-13 01:08:03.825 INFO: Epoch 734: head: Default, loss=0.4982, RMSE_MU_per_atom=0.00 mDebye, RMSE_MU_DERIV=0.00 mDebye / A, RMSE_ALPHA_per_atom=    0.03, RMSE_ALPHA_DERIV=    1.91
2025-07-13 01:08:59.093 INFO: Epoch 735: head: Default, loss=0.5012, RMSE_MU_per_atom=0.00 mDebye, RMSE_MU_DERIV=0.00 mDebye / A, RMSE_ALPHA_per_atom=    0.04, RMSE_ALPHA_DERIV=    1.92
2025-07-13 01:09:54.357 INFO: Epoch 736: head: Default, loss=0.4999, RMSE_MU_per_atom=0.00 mDebye, RMSE_MU_DERIV=0.00 mDebye / A, RMSE_ALPHA_per_atom=    0.03, RMSE_ALPHA_DERIV=    1.92
2025-07-13 01:10:49.633 INFO: Epoch 737: head: Default, loss=0.4953, RMSE_MU_per_atom=0.00 mDebye, RMSE_MU_DERIV=0.00 mDebye / A, RMSE_ALPHA_per_atom=    0.03, RMSE_ALPHA_DERIV=    1.91
2025-07-13 01:11:44.919 INFO: Epoch 738: head: Default, loss=0.4987, RMSE_MU_per_atom=0.00 mDebye, RMSE_MU_DERIV=0.00 mDebye / A, RMSE_ALPHA_per_atom=    0.03, RMSE_ALPHA_DERIV=    1.91
2025-07-13 01:12:40.198 INFO: Epoch 739: head: Default, loss=0.4976, RMSE_MU_per_atom=0.00 mDebye, RMSE_MU_DERIV=0.00 mDebye / A, RMSE_ALPHA_per_atom=    0.03, RMSE_ALPHA_DERIV=    1.91
2025-07-13 01:13:35.479 INFO: Epoch 740: head: Default, loss=0.5005, RMSE_MU_per_atom=0.00 mDebye, RMSE_MU_DERIV=0.00 mDebye / A, RMSE_ALPHA_per_atom=    0.03, RMSE_ALPHA_DERIV=    1.92
2025-07-13 01:14:30.759 INFO: Epoch 741: head: Default, loss=0.4965, RMSE_MU_per_atom=0.00 mDebye, RMSE_MU_DERIV=0.00 mDebye / A, RMSE_ALPHA_per_atom=    0.03, RMSE_ALPHA_DERIV=    1.91
2025-07-13 01:15:26.043 INFO: Epoch 742: head: Default, loss=0.4959, RMSE_MU_per_atom=0.00 mDebye, RMSE_MU_DERIV=0.00 mDebye / A, RMSE_ALPHA_per_atom=    0.03, RMSE_ALPHA_DERIV=    1.91
2025-07-13 01:16:21.330 INFO: Epoch 743: head: Default, loss=0.4956, RMSE_MU_per_atom=0.00 mDebye, RMSE_MU_DERIV=0.00 mDebye / A, RMSE_ALPHA_per_atom=    0.03, RMSE_ALPHA_DERIV=    1.91
2025-07-13 01:17:16.628 INFO: Epoch 744: head: Default, loss=0.4971, RMSE_MU_per_atom=0.00 mDebye, RMSE_MU_DERIV=0.00 mDebye / A, RMSE_ALPHA_per_atom=    0.03, RMSE_ALPHA_DERIV=    1.91
2025-07-13 01:18:11.901 INFO: Epoch 745: head: Default, loss=0.4946, RMSE_MU_per_atom=0.00 mDebye, RMSE_MU_DERIV=0.00 mDebye / A, RMSE_ALPHA_per_atom=    0.03, RMSE_ALPHA_DERIV=    1.91
2025-07-13 01:19:07.162 INFO: Epoch 746: head: Default, loss=0.4969, RMSE_MU_per_atom=0.00 mDebye, RMSE_MU_DERIV=0.00 mDebye / A, RMSE_ALPHA_per_atom=    0.03, RMSE_ALPHA_DERIV=    1.91
2025-07-13 01:20:02.434 INFO: Epoch 747: head: Default, loss=0.4936, RMSE_MU_per_atom=0.00 mDebye, RMSE_MU_DERIV=0.00 mDebye / A, RMSE_ALPHA_per_atom=    0.03, RMSE_ALPHA_DERIV=    1.90
2025-07-13 01:20:57.706 INFO: Epoch 748: head: Default, loss=0.5033, RMSE_MU_per_atom=0.00 mDebye, RMSE_MU_DERIV=0.00 mDebye / A, RMSE_ALPHA_per_atom=    0.03, RMSE_ALPHA_DERIV=    1.93
2025-07-13 01:21:52.964 INFO: Epoch 749: head: Default, loss=0.4951, RMSE_MU_per_atom=0.00 mDebye, RMSE_MU_DERIV=0.00 mDebye / A, RMSE_ALPHA_per_atom=    0.03, RMSE_ALPHA_DERIV=    1.91
2025-07-13 01:22:48.219 INFO: Epoch 750: head: Default, loss=0.4984, RMSE_MU_per_atom=0.00 mDebye, RMSE_MU_DERIV=0.00 mDebye / A, RMSE_ALPHA_per_atom=    0.03, RMSE_ALPHA_DERIV=    1.92
2025-07-13 01:23:43.486 INFO: Epoch 751: head: Default, loss=0.4949, RMSE_MU_per_atom=0.00 mDebye, RMSE_MU_DERIV=0.00 mDebye / A, RMSE_ALPHA_per_atom=    0.03, RMSE_ALPHA_DERIV=    1.91
2025-07-13 01:24:38.738 INFO: Epoch 752: head: Default, loss=0.4962, RMSE_MU_per_atom=0.00 mDebye, RMSE_MU_DERIV=0.00 mDebye / A, RMSE_ALPHA_per_atom=    0.03, RMSE_ALPHA_DERIV=    1.91
2025-07-13 01:25:34.007 INFO: Epoch 753: head: Default, loss=0.4965, RMSE_MU_per_atom=0.00 mDebye, RMSE_MU_DERIV=0.00 mDebye / A, RMSE_ALPHA_per_atom=    0.03, RMSE_ALPHA_DERIV=    1.91
2025-07-13 01:26:29.258 INFO: Epoch 754: head: Default, loss=0.4998, RMSE_MU_per_atom=0.00 mDebye, RMSE_MU_DERIV=0.00 mDebye / A, RMSE_ALPHA_per_atom=    0.03, RMSE_ALPHA_DERIV=    1.92
2025-07-13 01:27:24.518 INFO: Epoch 755: head: Default, loss=0.4985, RMSE_MU_per_atom=0.00 mDebye, RMSE_MU_DERIV=0.00 mDebye / A, RMSE_ALPHA_per_atom=    0.03, RMSE_ALPHA_DERIV=    1.92
2025-07-13 01:28:19.776 INFO: Epoch 756: head: Default, loss=0.4967, RMSE_MU_per_atom=0.00 mDebye, RMSE_MU_DERIV=0.00 mDebye / A, RMSE_ALPHA_per_atom=    0.03, RMSE_ALPHA_DERIV=    1.91
2025-07-13 01:29:15.033 INFO: Epoch 757: head: Default, loss=0.4994, RMSE_MU_per_atom=0.00 mDebye, RMSE_MU_DERIV=0.00 mDebye / A, RMSE_ALPHA_per_atom=    0.03, RMSE_ALPHA_DERIV=    1.92
2025-07-13 01:30:10.282 INFO: Epoch 758: head: Default, loss=0.4972, RMSE_MU_per_atom=0.00 mDebye, RMSE_MU_DERIV=0.00 mDebye / A, RMSE_ALPHA_per_atom=    0.03, RMSE_ALPHA_DERIV=    1.91
2025-07-13 01:31:05.526 INFO: Epoch 759: head: Default, loss=0.5005, RMSE_MU_per_atom=0.00 mDebye, RMSE_MU_DERIV=0.00 mDebye / A, RMSE_ALPHA_per_atom=    0.03, RMSE_ALPHA_DERIV=    1.92
2025-07-13 01:32:00.798 INFO: Epoch 760: head: Default, loss=0.4996, RMSE_MU_per_atom=0.00 mDebye, RMSE_MU_DERIV=0.00 mDebye / A, RMSE_ALPHA_per_atom=    0.03, RMSE_ALPHA_DERIV=    1.92
2025-07-13 01:32:56.061 INFO: Epoch 761: head: Default, loss=0.5007, RMSE_MU_per_atom=0.00 mDebye, RMSE_MU_DERIV=0.00 mDebye / A, RMSE_ALPHA_per_atom=    0.03, RMSE_ALPHA_DERIV=    1.92
2025-07-13 01:33:51.329 INFO: Epoch 762: head: Default, loss=0.4958, RMSE_MU_per_atom=0.00 mDebye, RMSE_MU_DERIV=0.00 mDebye / A, RMSE_ALPHA_per_atom=    0.03, RMSE_ALPHA_DERIV=    1.91
2025-07-13 01:34:46.594 INFO: Epoch 763: head: Default, loss=0.5005, RMSE_MU_per_atom=0.00 mDebye, RMSE_MU_DERIV=0.00 mDebye / A, RMSE_ALPHA_per_atom=    0.03, RMSE_ALPHA_DERIV=    1.92
2025-07-13 01:35:41.861 INFO: Epoch 764: head: Default, loss=0.4961, RMSE_MU_per_atom=0.00 mDebye, RMSE_MU_DERIV=0.00 mDebye / A, RMSE_ALPHA_per_atom=    0.03, RMSE_ALPHA_DERIV=    1.91
2025-07-13 01:36:37.113 INFO: Epoch 765: head: Default, loss=0.4974, RMSE_MU_per_atom=0.00 mDebye, RMSE_MU_DERIV=0.00 mDebye / A, RMSE_ALPHA_per_atom=    0.03, RMSE_ALPHA_DERIV=    1.91
2025-07-13 01:37:32.381 INFO: Epoch 766: head: Default, loss=0.4970, RMSE_MU_per_atom=0.00 mDebye, RMSE_MU_DERIV=0.00 mDebye / A, RMSE_ALPHA_per_atom=    0.03, RMSE_ALPHA_DERIV=    1.91
2025-07-13 01:38:27.655 INFO: Epoch 767: head: Default, loss=0.4963, RMSE_MU_per_atom=0.00 mDebye, RMSE_MU_DERIV=0.00 mDebye / A, RMSE_ALPHA_per_atom=    0.03, RMSE_ALPHA_DERIV=    1.91
2025-07-13 01:39:22.927 INFO: Epoch 768: head: Default, loss=0.4990, RMSE_MU_per_atom=0.00 mDebye, RMSE_MU_DERIV=0.00 mDebye / A, RMSE_ALPHA_per_atom=    0.03, RMSE_ALPHA_DERIV=    1.92
2025-07-13 01:40:18.193 INFO: Epoch 769: head: Default, loss=0.5009, RMSE_MU_per_atom=0.00 mDebye, RMSE_MU_DERIV=0.00 mDebye / A, RMSE_ALPHA_per_atom=    0.03, RMSE_ALPHA_DERIV=    1.92
2025-07-13 01:41:13.460 INFO: Epoch 770: head: Default, loss=0.4998, RMSE_MU_per_atom=0.00 mDebye, RMSE_MU_DERIV=0.00 mDebye / A, RMSE_ALPHA_per_atom=    0.03, RMSE_ALPHA_DERIV=    1.92
2025-07-13 01:42:08.723 INFO: Epoch 771: head: Default, loss=0.5000, RMSE_MU_per_atom=0.00 mDebye, RMSE_MU_DERIV=0.00 mDebye / A, RMSE_ALPHA_per_atom=    0.03, RMSE_ALPHA_DERIV=    1.92
2025-07-13 01:43:03.989 INFO: Epoch 772: head: Default, loss=0.4982, RMSE_MU_per_atom=0.00 mDebye, RMSE_MU_DERIV=0.00 mDebye / A, RMSE_ALPHA_per_atom=    0.03, RMSE_ALPHA_DERIV=    1.92
2025-07-13 01:43:59.263 INFO: Epoch 773: head: Default, loss=0.4992, RMSE_MU_per_atom=0.00 mDebye, RMSE_MU_DERIV=0.00 mDebye / A, RMSE_ALPHA_per_atom=    0.03, RMSE_ALPHA_DERIV=    1.92
2025-07-13 01:44:54.526 INFO: Epoch 774: head: Default, loss=0.4981, RMSE_MU_per_atom=0.00 mDebye, RMSE_MU_DERIV=0.00 mDebye / A, RMSE_ALPHA_per_atom=    0.03, RMSE_ALPHA_DERIV=    1.91
2025-07-13 01:45:49.788 INFO: Epoch 775: head: Default, loss=0.4964, RMSE_MU_per_atom=0.00 mDebye, RMSE_MU_DERIV=0.00 mDebye / A, RMSE_ALPHA_per_atom=    0.03, RMSE_ALPHA_DERIV=    1.91
2025-07-13 01:46:45.058 INFO: Epoch 776: head: Default, loss=0.4983, RMSE_MU_per_atom=0.00 mDebye, RMSE_MU_DERIV=0.00 mDebye / A, RMSE_ALPHA_per_atom=    0.03, RMSE_ALPHA_DERIV=    1.91
2025-07-13 01:47:40.328 INFO: Epoch 777: head: Default, loss=0.4938, RMSE_MU_per_atom=0.00 mDebye, RMSE_MU_DERIV=0.00 mDebye / A, RMSE_ALPHA_per_atom=    0.03, RMSE_ALPHA_DERIV=    1.91
2025-07-13 01:48:35.602 INFO: Epoch 778: head: Default, loss=0.4980, RMSE_MU_per_atom=0.00 mDebye, RMSE_MU_DERIV=0.00 mDebye / A, RMSE_ALPHA_per_atom=    0.03, RMSE_ALPHA_DERIV=    1.92
2025-07-13 01:49:30.865 INFO: Epoch 779: head: Default, loss=0.4988, RMSE_MU_per_atom=0.00 mDebye, RMSE_MU_DERIV=0.00 mDebye / A, RMSE_ALPHA_per_atom=    0.03, RMSE_ALPHA_DERIV=    1.92
2025-07-13 01:50:26.131 INFO: Epoch 780: head: Default, loss=0.4987, RMSE_MU_per_atom=0.00 mDebye, RMSE_MU_DERIV=0.00 mDebye / A, RMSE_ALPHA_per_atom=    0.03, RMSE_ALPHA_DERIV=    1.91
2025-07-13 01:51:21.397 INFO: Epoch 781: head: Default, loss=0.5045, RMSE_MU_per_atom=0.00 mDebye, RMSE_MU_DERIV=0.00 mDebye / A, RMSE_ALPHA_per_atom=    0.03, RMSE_ALPHA_DERIV=    1.93
2025-07-13 01:52:16.664 INFO: Epoch 782: head: Default, loss=0.4974, RMSE_MU_per_atom=0.00 mDebye, RMSE_MU_DERIV=0.00 mDebye / A, RMSE_ALPHA_per_atom=    0.03, RMSE_ALPHA_DERIV=    1.91
2025-07-13 01:53:11.934 INFO: Epoch 783: head: Default, loss=0.4977, RMSE_MU_per_atom=0.00 mDebye, RMSE_MU_DERIV=0.00 mDebye / A, RMSE_ALPHA_per_atom=    0.03, RMSE_ALPHA_DERIV=    1.91
2025-07-13 01:54:07.196 INFO: Epoch 784: head: Default, loss=0.4990, RMSE_MU_per_atom=0.00 mDebye, RMSE_MU_DERIV=0.00 mDebye / A, RMSE_ALPHA_per_atom=    0.03, RMSE_ALPHA_DERIV=    1.92
2025-07-13 01:55:02.456 INFO: Epoch 785: head: Default, loss=0.5018, RMSE_MU_per_atom=0.00 mDebye, RMSE_MU_DERIV=0.00 mDebye / A, RMSE_ALPHA_per_atom=    0.03, RMSE_ALPHA_DERIV=    1.92
2025-07-13 01:55:57.714 INFO: Epoch 786: head: Default, loss=0.4994, RMSE_MU_per_atom=0.00 mDebye, RMSE_MU_DERIV=0.00 mDebye / A, RMSE_ALPHA_per_atom=    0.03, RMSE_ALPHA_DERIV=    1.92
2025-07-13 01:56:52.988 INFO: Epoch 787: head: Default, loss=0.4997, RMSE_MU_per_atom=0.00 mDebye, RMSE_MU_DERIV=0.00 mDebye / A, RMSE_ALPHA_per_atom=    0.03, RMSE_ALPHA_DERIV=    1.92
2025-07-13 01:57:48.245 INFO: Epoch 788: head: Default, loss=0.4969, RMSE_MU_per_atom=0.00 mDebye, RMSE_MU_DERIV=0.00 mDebye / A, RMSE_ALPHA_per_atom=    0.03, RMSE_ALPHA_DERIV=    1.91
2025-07-13 01:58:43.501 INFO: Epoch 789: head: Default, loss=0.4967, RMSE_MU_per_atom=0.00 mDebye, RMSE_MU_DERIV=0.00 mDebye / A, RMSE_ALPHA_per_atom=    0.03, RMSE_ALPHA_DERIV=    1.91
2025-07-13 01:59:38.762 INFO: Epoch 790: head: Default, loss=0.5038, RMSE_MU_per_atom=0.00 mDebye, RMSE_MU_DERIV=0.00 mDebye / A, RMSE_ALPHA_per_atom=    0.03, RMSE_ALPHA_DERIV=    1.93
2025-07-13 02:00:34.005 INFO: Epoch 791: head: Default, loss=0.4977, RMSE_MU_per_atom=0.00 mDebye, RMSE_MU_DERIV=0.00 mDebye / A, RMSE_ALPHA_per_atom=    0.03, RMSE_ALPHA_DERIV=    1.91
2025-07-13 02:01:29.247 INFO: Epoch 792: head: Default, loss=0.5024, RMSE_MU_per_atom=0.00 mDebye, RMSE_MU_DERIV=0.00 mDebye / A, RMSE_ALPHA_per_atom=    0.03, RMSE_ALPHA_DERIV=    1.92
2025-07-13 02:02:24.499 INFO: Epoch 793: head: Default, loss=0.4975, RMSE_MU_per_atom=0.00 mDebye, RMSE_MU_DERIV=0.00 mDebye / A, RMSE_ALPHA_per_atom=    0.03, RMSE_ALPHA_DERIV=    1.91
2025-07-13 02:03:19.751 INFO: Epoch 794: head: Default, loss=0.4943, RMSE_MU_per_atom=0.00 mDebye, RMSE_MU_DERIV=0.00 mDebye / A, RMSE_ALPHA_per_atom=    0.03, RMSE_ALPHA_DERIV=    1.91
2025-07-13 02:04:15.001 INFO: Epoch 795: head: Default, loss=0.4957, RMSE_MU_per_atom=0.00 mDebye, RMSE_MU_DERIV=0.00 mDebye / A, RMSE_ALPHA_per_atom=    0.03, RMSE_ALPHA_DERIV=    1.91
2025-07-13 02:05:10.261 INFO: Epoch 796: head: Default, loss=0.4950, RMSE_MU_per_atom=0.00 mDebye, RMSE_MU_DERIV=0.00 mDebye / A, RMSE_ALPHA_per_atom=    0.03, RMSE_ALPHA_DERIV=    1.91
2025-07-13 02:06:05.524 INFO: Epoch 797: head: Default, loss=0.4974, RMSE_MU_per_atom=0.00 mDebye, RMSE_MU_DERIV=0.00 mDebye / A, RMSE_ALPHA_per_atom=    0.03, RMSE_ALPHA_DERIV=    1.91
2025-07-13 02:07:00.789 INFO: Epoch 798: head: Default, loss=0.5004, RMSE_MU_per_atom=0.00 mDebye, RMSE_MU_DERIV=0.00 mDebye / A, RMSE_ALPHA_per_atom=    0.03, RMSE_ALPHA_DERIV=    1.92
2025-07-13 02:07:56.053 INFO: Epoch 799: head: Default, loss=0.4961, RMSE_MU_per_atom=0.00 mDebye, RMSE_MU_DERIV=0.00 mDebye / A, RMSE_ALPHA_per_atom=    0.03, RMSE_ALPHA_DERIV=    1.91
2025-07-13 02:08:51.298 INFO: Epoch 800: head: Default, loss=0.4995, RMSE_MU_per_atom=0.00 mDebye, RMSE_MU_DERIV=0.00 mDebye / A, RMSE_ALPHA_per_atom=    0.03, RMSE_ALPHA_DERIV=    1.92
2025-07-13 02:09:46.547 INFO: Epoch 801: head: Default, loss=0.4990, RMSE_MU_per_atom=0.00 mDebye, RMSE_MU_DERIV=0.00 mDebye / A, RMSE_ALPHA_per_atom=    0.03, RMSE_ALPHA_DERIV=    1.92
2025-07-13 02:10:41.796 INFO: Epoch 802: head: Default, loss=0.4981, RMSE_MU_per_atom=0.00 mDebye, RMSE_MU_DERIV=0.00 mDebye / A, RMSE_ALPHA_per_atom=    0.03, RMSE_ALPHA_DERIV=    1.92
2025-07-13 02:11:37.047 INFO: Epoch 803: head: Default, loss=0.5107, RMSE_MU_per_atom=0.00 mDebye, RMSE_MU_DERIV=0.00 mDebye / A, RMSE_ALPHA_per_atom=    0.03, RMSE_ALPHA_DERIV=    1.94
2025-07-13 02:12:32.296 INFO: Epoch 804: head: Default, loss=0.4987, RMSE_MU_per_atom=0.00 mDebye, RMSE_MU_DERIV=0.00 mDebye / A, RMSE_ALPHA_per_atom=    0.03, RMSE_ALPHA_DERIV=    1.91
2025-07-13 02:13:27.537 INFO: Epoch 805: head: Default, loss=0.4986, RMSE_MU_per_atom=0.00 mDebye, RMSE_MU_DERIV=0.00 mDebye / A, RMSE_ALPHA_per_atom=    0.03, RMSE_ALPHA_DERIV=    1.92
2025-07-13 02:14:22.786 INFO: Epoch 806: head: Default, loss=0.4964, RMSE_MU_per_atom=0.00 mDebye, RMSE_MU_DERIV=0.00 mDebye / A, RMSE_ALPHA_per_atom=    0.03, RMSE_ALPHA_DERIV=    1.91
2025-07-13 02:15:18.036 INFO: Epoch 807: head: Default, loss=0.4978, RMSE_MU_per_atom=0.00 mDebye, RMSE_MU_DERIV=0.00 mDebye / A, RMSE_ALPHA_per_atom=    0.03, RMSE_ALPHA_DERIV=    1.91
2025-07-13 02:16:13.286 INFO: Epoch 808: head: Default, loss=0.4981, RMSE_MU_per_atom=0.00 mDebye, RMSE_MU_DERIV=0.00 mDebye / A, RMSE_ALPHA_per_atom=    0.03, RMSE_ALPHA_DERIV=    1.91
2025-07-13 02:17:08.545 INFO: Epoch 809: head: Default, loss=0.4979, RMSE_MU_per_atom=0.00 mDebye, RMSE_MU_DERIV=0.00 mDebye / A, RMSE_ALPHA_per_atom=    0.03, RMSE_ALPHA_DERIV=    1.92
2025-07-13 02:18:03.794 INFO: Epoch 810: head: Default, loss=0.5000, RMSE_MU_per_atom=0.00 mDebye, RMSE_MU_DERIV=0.00 mDebye / A, RMSE_ALPHA_per_atom=    0.03, RMSE_ALPHA_DERIV=    1.92
2025-07-13 02:18:59.041 INFO: Epoch 811: head: Default, loss=0.5026, RMSE_MU_per_atom=0.00 mDebye, RMSE_MU_DERIV=0.00 mDebye / A, RMSE_ALPHA_per_atom=    0.03, RMSE_ALPHA_DERIV=    1.92
2025-07-13 02:19:54.293 INFO: Epoch 812: head: Default, loss=0.4968, RMSE_MU_per_atom=0.00 mDebye, RMSE_MU_DERIV=0.00 mDebye / A, RMSE_ALPHA_per_atom=    0.03, RMSE_ALPHA_DERIV=    1.91
2025-07-13 02:20:49.546 INFO: Epoch 813: head: Default, loss=0.4979, RMSE_MU_per_atom=0.00 mDebye, RMSE_MU_DERIV=0.00 mDebye / A, RMSE_ALPHA_per_atom=    0.03, RMSE_ALPHA_DERIV=    1.92
2025-07-13 02:21:44.794 INFO: Epoch 814: head: Default, loss=0.5014, RMSE_MU_per_atom=0.00 mDebye, RMSE_MU_DERIV=0.00 mDebye / A, RMSE_ALPHA_per_atom=    0.03, RMSE_ALPHA_DERIV=    1.92
2025-07-13 02:22:40.033 INFO: Epoch 815: head: Default, loss=0.4965, RMSE_MU_per_atom=0.00 mDebye, RMSE_MU_DERIV=0.00 mDebye / A, RMSE_ALPHA_per_atom=    0.03, RMSE_ALPHA_DERIV=    1.91
2025-07-13 02:23:35.290 INFO: Epoch 816: head: Default, loss=0.4989, RMSE_MU_per_atom=0.00 mDebye, RMSE_MU_DERIV=0.00 mDebye / A, RMSE_ALPHA_per_atom=    0.03, RMSE_ALPHA_DERIV=    1.92
2025-07-13 02:24:30.548 INFO: Epoch 817: head: Default, loss=0.4971, RMSE_MU_per_atom=0.00 mDebye, RMSE_MU_DERIV=0.00 mDebye / A, RMSE_ALPHA_per_atom=    0.03, RMSE_ALPHA_DERIV=    1.91
2025-07-13 02:25:25.809 INFO: Epoch 818: head: Default, loss=0.5007, RMSE_MU_per_atom=0.00 mDebye, RMSE_MU_DERIV=0.00 mDebye / A, RMSE_ALPHA_per_atom=    0.03, RMSE_ALPHA_DERIV=    1.92
2025-07-13 02:26:21.056 INFO: Epoch 819: head: Default, loss=0.4994, RMSE_MU_per_atom=0.00 mDebye, RMSE_MU_DERIV=0.00 mDebye / A, RMSE_ALPHA_per_atom=    0.03, RMSE_ALPHA_DERIV=    1.92
2025-07-13 02:27:16.316 INFO: Epoch 820: head: Default, loss=0.4955, RMSE_MU_per_atom=0.00 mDebye, RMSE_MU_DERIV=0.00 mDebye / A, RMSE_ALPHA_per_atom=    0.03, RMSE_ALPHA_DERIV=    1.91
2025-07-13 02:28:11.581 INFO: Epoch 821: head: Default, loss=0.5012, RMSE_MU_per_atom=0.00 mDebye, RMSE_MU_DERIV=0.00 mDebye / A, RMSE_ALPHA_per_atom=    0.03, RMSE_ALPHA_DERIV=    1.92
2025-07-13 02:29:06.849 INFO: Epoch 822: head: Default, loss=0.4996, RMSE_MU_per_atom=0.00 mDebye, RMSE_MU_DERIV=0.00 mDebye / A, RMSE_ALPHA_per_atom=    0.03, RMSE_ALPHA_DERIV=    1.92
2025-07-13 02:30:02.094 INFO: Epoch 823: head: Default, loss=0.4992, RMSE_MU_per_atom=0.00 mDebye, RMSE_MU_DERIV=0.00 mDebye / A, RMSE_ALPHA_per_atom=    0.03, RMSE_ALPHA_DERIV=    1.92
2025-07-13 02:30:57.362 INFO: Epoch 824: head: Default, loss=0.4971, RMSE_MU_per_atom=0.00 mDebye, RMSE_MU_DERIV=0.00 mDebye / A, RMSE_ALPHA_per_atom=    0.03, RMSE_ALPHA_DERIV=    1.91
2025-07-13 02:31:52.622 INFO: Epoch 825: head: Default, loss=0.5003, RMSE_MU_per_atom=0.00 mDebye, RMSE_MU_DERIV=0.00 mDebye / A, RMSE_ALPHA_per_atom=    0.03, RMSE_ALPHA_DERIV=    1.92
2025-07-13 02:32:47.886 INFO: Epoch 826: head: Default, loss=0.4976, RMSE_MU_per_atom=0.00 mDebye, RMSE_MU_DERIV=0.00 mDebye / A, RMSE_ALPHA_per_atom=    0.03, RMSE_ALPHA_DERIV=    1.91
2025-07-13 02:33:43.140 INFO: Epoch 827: head: Default, loss=0.4991, RMSE_MU_per_atom=0.00 mDebye, RMSE_MU_DERIV=0.00 mDebye / A, RMSE_ALPHA_per_atom=    0.03, RMSE_ALPHA_DERIV=    1.92
2025-07-13 02:34:38.394 INFO: Epoch 828: head: Default, loss=0.4990, RMSE_MU_per_atom=0.00 mDebye, RMSE_MU_DERIV=0.00 mDebye / A, RMSE_ALPHA_per_atom=    0.03, RMSE_ALPHA_DERIV=    1.92
2025-07-13 02:35:33.654 INFO: Epoch 829: head: Default, loss=0.4980, RMSE_MU_per_atom=0.00 mDebye, RMSE_MU_DERIV=0.00 mDebye / A, RMSE_ALPHA_per_atom=    0.03, RMSE_ALPHA_DERIV=    1.91
2025-07-13 02:36:28.928 INFO: Epoch 830: head: Default, loss=0.4979, RMSE_MU_per_atom=0.00 mDebye, RMSE_MU_DERIV=0.00 mDebye / A, RMSE_ALPHA_per_atom=    0.03, RMSE_ALPHA_DERIV=    1.92
2025-07-13 02:37:24.196 INFO: Epoch 831: head: Default, loss=0.4995, RMSE_MU_per_atom=0.00 mDebye, RMSE_MU_DERIV=0.00 mDebye / A, RMSE_ALPHA_per_atom=    0.03, RMSE_ALPHA_DERIV=    1.92
2025-07-13 02:38:19.451 INFO: Epoch 832: head: Default, loss=0.4968, RMSE_MU_per_atom=0.00 mDebye, RMSE_MU_DERIV=0.00 mDebye / A, RMSE_ALPHA_per_atom=    0.03, RMSE_ALPHA_DERIV=    1.91
2025-07-13 02:39:14.720 INFO: Epoch 833: head: Default, loss=0.4973, RMSE_MU_per_atom=0.00 mDebye, RMSE_MU_DERIV=0.00 mDebye / A, RMSE_ALPHA_per_atom=    0.03, RMSE_ALPHA_DERIV=    1.91
2025-07-13 02:40:09.989 INFO: Epoch 834: head: Default, loss=0.4986, RMSE_MU_per_atom=0.00 mDebye, RMSE_MU_DERIV=0.00 mDebye / A, RMSE_ALPHA_per_atom=    0.03, RMSE_ALPHA_DERIV=    1.92
2025-07-13 02:41:05.265 INFO: Epoch 835: head: Default, loss=0.4977, RMSE_MU_per_atom=0.00 mDebye, RMSE_MU_DERIV=0.00 mDebye / A, RMSE_ALPHA_per_atom=    0.03, RMSE_ALPHA_DERIV=    1.91
2025-07-13 02:42:00.529 INFO: Epoch 836: head: Default, loss=0.5010, RMSE_MU_per_atom=0.00 mDebye, RMSE_MU_DERIV=0.00 mDebye / A, RMSE_ALPHA_per_atom=    0.03, RMSE_ALPHA_DERIV=    1.92
2025-07-13 02:42:55.782 INFO: Epoch 837: head: Default, loss=0.4999, RMSE_MU_per_atom=0.00 mDebye, RMSE_MU_DERIV=0.00 mDebye / A, RMSE_ALPHA_per_atom=    0.03, RMSE_ALPHA_DERIV=    1.92
2025-07-13 02:43:51.054 INFO: Epoch 838: head: Default, loss=0.5000, RMSE_MU_per_atom=0.00 mDebye, RMSE_MU_DERIV=0.00 mDebye / A, RMSE_ALPHA_per_atom=    0.03, RMSE_ALPHA_DERIV=    1.92
2025-07-13 02:44:46.317 INFO: Epoch 839: head: Default, loss=0.4983, RMSE_MU_per_atom=0.00 mDebye, RMSE_MU_DERIV=0.00 mDebye / A, RMSE_ALPHA_per_atom=    0.03, RMSE_ALPHA_DERIV=    1.92
2025-07-13 02:45:41.577 INFO: Epoch 840: head: Default, loss=0.5003, RMSE_MU_per_atom=0.00 mDebye, RMSE_MU_DERIV=0.00 mDebye / A, RMSE_ALPHA_per_atom=    0.03, RMSE_ALPHA_DERIV=    1.92
2025-07-13 02:46:36.829 INFO: Epoch 841: head: Default, loss=0.4982, RMSE_MU_per_atom=0.00 mDebye, RMSE_MU_DERIV=0.00 mDebye / A, RMSE_ALPHA_per_atom=    0.03, RMSE_ALPHA_DERIV=    1.91
2025-07-13 02:47:32.093 INFO: Epoch 842: head: Default, loss=0.5041, RMSE_MU_per_atom=0.00 mDebye, RMSE_MU_DERIV=0.00 mDebye / A, RMSE_ALPHA_per_atom=    0.03, RMSE_ALPHA_DERIV=    1.93
2025-07-13 02:48:27.360 INFO: Epoch 843: head: Default, loss=0.4995, RMSE_MU_per_atom=0.00 mDebye, RMSE_MU_DERIV=0.00 mDebye / A, RMSE_ALPHA_per_atom=    0.03, RMSE_ALPHA_DERIV=    1.92
2025-07-13 02:49:22.632 INFO: Epoch 844: head: Default, loss=0.5035, RMSE_MU_per_atom=0.00 mDebye, RMSE_MU_DERIV=0.00 mDebye / A, RMSE_ALPHA_per_atom=    0.03, RMSE_ALPHA_DERIV=    1.93
2025-07-13 02:50:17.908 INFO: Epoch 845: head: Default, loss=0.5009, RMSE_MU_per_atom=0.00 mDebye, RMSE_MU_DERIV=0.00 mDebye / A, RMSE_ALPHA_per_atom=    0.03, RMSE_ALPHA_DERIV=    1.92
2025-07-13 02:51:13.182 INFO: Epoch 846: head: Default, loss=0.5021, RMSE_MU_per_atom=0.00 mDebye, RMSE_MU_DERIV=0.00 mDebye / A, RMSE_ALPHA_per_atom=    0.03, RMSE_ALPHA_DERIV=    1.93
2025-07-13 02:52:08.452 INFO: Epoch 847: head: Default, loss=0.5020, RMSE_MU_per_atom=0.00 mDebye, RMSE_MU_DERIV=0.00 mDebye / A, RMSE_ALPHA_per_atom=    0.03, RMSE_ALPHA_DERIV=    1.92
2025-07-13 02:53:03.733 INFO: Epoch 848: head: Default, loss=0.5006, RMSE_MU_per_atom=0.00 mDebye, RMSE_MU_DERIV=0.00 mDebye / A, RMSE_ALPHA_per_atom=    0.03, RMSE_ALPHA_DERIV=    1.92
2025-07-13 02:53:59.012 INFO: Epoch 849: head: Default, loss=0.5017, RMSE_MU_per_atom=0.00 mDebye, RMSE_MU_DERIV=0.00 mDebye / A, RMSE_ALPHA_per_atom=    0.03, RMSE_ALPHA_DERIV=    1.92
2025-07-13 02:54:54.294 INFO: Epoch 850: head: Default, loss=0.4976, RMSE_MU_per_atom=0.00 mDebye, RMSE_MU_DERIV=0.00 mDebye / A, RMSE_ALPHA_per_atom=    0.03, RMSE_ALPHA_DERIV=    1.91
2025-07-13 02:55:49.584 INFO: Epoch 851: head: Default, loss=0.4979, RMSE_MU_per_atom=0.00 mDebye, RMSE_MU_DERIV=0.00 mDebye / A, RMSE_ALPHA_per_atom=    0.03, RMSE_ALPHA_DERIV=    1.91
2025-07-13 02:56:44.853 INFO: Epoch 852: head: Default, loss=0.4983, RMSE_MU_per_atom=0.00 mDebye, RMSE_MU_DERIV=0.00 mDebye / A, RMSE_ALPHA_per_atom=    0.03, RMSE_ALPHA_DERIV=    1.92
2025-07-13 02:57:40.127 INFO: Epoch 853: head: Default, loss=0.4994, RMSE_MU_per_atom=0.00 mDebye, RMSE_MU_DERIV=0.00 mDebye / A, RMSE_ALPHA_per_atom=    0.03, RMSE_ALPHA_DERIV=    1.92
2025-07-13 02:58:35.414 INFO: Epoch 854: head: Default, loss=0.5016, RMSE_MU_per_atom=0.00 mDebye, RMSE_MU_DERIV=0.00 mDebye / A, RMSE_ALPHA_per_atom=    0.03, RMSE_ALPHA_DERIV=    1.92
2025-07-13 02:59:30.698 INFO: Epoch 855: head: Default, loss=0.5013, RMSE_MU_per_atom=0.00 mDebye, RMSE_MU_DERIV=0.00 mDebye / A, RMSE_ALPHA_per_atom=    0.03, RMSE_ALPHA_DERIV=    1.92
2025-07-13 03:00:25.978 INFO: Epoch 856: head: Default, loss=0.4950, RMSE_MU_per_atom=0.00 mDebye, RMSE_MU_DERIV=0.00 mDebye / A, RMSE_ALPHA_per_atom=    0.03, RMSE_ALPHA_DERIV=    1.91
2025-07-13 03:01:21.253 INFO: Epoch 857: head: Default, loss=0.4997, RMSE_MU_per_atom=0.00 mDebye, RMSE_MU_DERIV=0.00 mDebye / A, RMSE_ALPHA_per_atom=    0.03, RMSE_ALPHA_DERIV=    1.92
2025-07-13 03:02:16.540 INFO: Epoch 858: head: Default, loss=0.4979, RMSE_MU_per_atom=0.00 mDebye, RMSE_MU_DERIV=0.00 mDebye / A, RMSE_ALPHA_per_atom=    0.03, RMSE_ALPHA_DERIV=    1.92
2025-07-13 03:03:11.823 INFO: Epoch 859: head: Default, loss=0.4988, RMSE_MU_per_atom=0.00 mDebye, RMSE_MU_DERIV=0.00 mDebye / A, RMSE_ALPHA_per_atom=    0.03, RMSE_ALPHA_DERIV=    1.92
2025-07-13 03:04:07.111 INFO: Epoch 860: head: Default, loss=0.4984, RMSE_MU_per_atom=0.00 mDebye, RMSE_MU_DERIV=0.00 mDebye / A, RMSE_ALPHA_per_atom=    0.03, RMSE_ALPHA_DERIV=    1.92
2025-07-13 03:05:02.390 INFO: Epoch 861: head: Default, loss=0.4989, RMSE_MU_per_atom=0.00 mDebye, RMSE_MU_DERIV=0.00 mDebye / A, RMSE_ALPHA_per_atom=    0.03, RMSE_ALPHA_DERIV=    1.92
2025-07-13 03:05:57.672 INFO: Epoch 862: head: Default, loss=0.5010, RMSE_MU_per_atom=0.00 mDebye, RMSE_MU_DERIV=0.00 mDebye / A, RMSE_ALPHA_per_atom=    0.03, RMSE_ALPHA_DERIV=    1.92
2025-07-13 03:06:52.945 INFO: Epoch 863: head: Default, loss=0.4979, RMSE_MU_per_atom=0.00 mDebye, RMSE_MU_DERIV=0.00 mDebye / A, RMSE_ALPHA_per_atom=    0.03, RMSE_ALPHA_DERIV=    1.91
2025-07-13 03:07:48.220 INFO: Epoch 864: head: Default, loss=0.4988, RMSE_MU_per_atom=0.00 mDebye, RMSE_MU_DERIV=0.00 mDebye / A, RMSE_ALPHA_per_atom=    0.03, RMSE_ALPHA_DERIV=    1.92
2025-07-13 03:08:43.495 INFO: Epoch 865: head: Default, loss=0.5030, RMSE_MU_per_atom=0.00 mDebye, RMSE_MU_DERIV=0.00 mDebye / A, RMSE_ALPHA_per_atom=    0.03, RMSE_ALPHA_DERIV=    1.93
2025-07-13 03:09:38.755 INFO: Epoch 866: head: Default, loss=0.4985, RMSE_MU_per_atom=0.00 mDebye, RMSE_MU_DERIV=0.00 mDebye / A, RMSE_ALPHA_per_atom=    0.03, RMSE_ALPHA_DERIV=    1.92
2025-07-13 03:10:34.036 INFO: Epoch 867: head: Default, loss=0.4964, RMSE_MU_per_atom=0.00 mDebye, RMSE_MU_DERIV=0.00 mDebye / A, RMSE_ALPHA_per_atom=    0.03, RMSE_ALPHA_DERIV=    1.91
2025-07-13 03:11:29.317 INFO: Epoch 868: head: Default, loss=0.5021, RMSE_MU_per_atom=0.00 mDebye, RMSE_MU_DERIV=0.00 mDebye / A, RMSE_ALPHA_per_atom=    0.03, RMSE_ALPHA_DERIV=    1.92
2025-07-13 03:12:24.584 INFO: Epoch 869: head: Default, loss=0.4987, RMSE_MU_per_atom=0.00 mDebye, RMSE_MU_DERIV=0.00 mDebye / A, RMSE_ALPHA_per_atom=    0.03, RMSE_ALPHA_DERIV=    1.92
2025-07-13 03:13:19.845 INFO: Epoch 870: head: Default, loss=0.5002, RMSE_MU_per_atom=0.00 mDebye, RMSE_MU_DERIV=0.00 mDebye / A, RMSE_ALPHA_per_atom=    0.03, RMSE_ALPHA_DERIV=    1.92
2025-07-13 03:14:15.129 INFO: Epoch 871: head: Default, loss=0.4978, RMSE_MU_per_atom=0.00 mDebye, RMSE_MU_DERIV=0.00 mDebye / A, RMSE_ALPHA_per_atom=    0.03, RMSE_ALPHA_DERIV=    1.91
2025-07-13 03:15:10.404 INFO: Epoch 872: head: Default, loss=0.4984, RMSE_MU_per_atom=0.00 mDebye, RMSE_MU_DERIV=0.00 mDebye / A, RMSE_ALPHA_per_atom=    0.03, RMSE_ALPHA_DERIV=    1.92
2025-07-13 03:16:05.675 INFO: Epoch 873: head: Default, loss=0.4980, RMSE_MU_per_atom=0.00 mDebye, RMSE_MU_DERIV=0.00 mDebye / A, RMSE_ALPHA_per_atom=    0.03, RMSE_ALPHA_DERIV=    1.91
2025-07-13 03:17:00.958 INFO: Epoch 874: head: Default, loss=0.4975, RMSE_MU_per_atom=0.00 mDebye, RMSE_MU_DERIV=0.00 mDebye / A, RMSE_ALPHA_per_atom=    0.03, RMSE_ALPHA_DERIV=    1.91
2025-07-13 03:17:56.227 INFO: Epoch 875: head: Default, loss=0.4990, RMSE_MU_per_atom=0.00 mDebye, RMSE_MU_DERIV=0.00 mDebye / A, RMSE_ALPHA_per_atom=    0.03, RMSE_ALPHA_DERIV=    1.92
2025-07-13 03:18:51.496 INFO: Epoch 876: head: Default, loss=0.5001, RMSE_MU_per_atom=0.00 mDebye, RMSE_MU_DERIV=0.00 mDebye / A, RMSE_ALPHA_per_atom=    0.03, RMSE_ALPHA_DERIV=    1.92
2025-07-13 03:19:46.776 INFO: Epoch 877: head: Default, loss=0.5012, RMSE_MU_per_atom=0.00 mDebye, RMSE_MU_DERIV=0.00 mDebye / A, RMSE_ALPHA_per_atom=    0.03, RMSE_ALPHA_DERIV=    1.92
2025-07-13 03:20:42.043 INFO: Epoch 878: head: Default, loss=0.4991, RMSE_MU_per_atom=0.00 mDebye, RMSE_MU_DERIV=0.00 mDebye / A, RMSE_ALPHA_per_atom=    0.03, RMSE_ALPHA_DERIV=    1.92
2025-07-13 03:21:37.304 INFO: Epoch 879: head: Default, loss=0.5025, RMSE_MU_per_atom=0.00 mDebye, RMSE_MU_DERIV=0.00 mDebye / A, RMSE_ALPHA_per_atom=    0.03, RMSE_ALPHA_DERIV=    1.92
2025-07-13 03:22:32.566 INFO: Epoch 880: head: Default, loss=0.5013, RMSE_MU_per_atom=0.00 mDebye, RMSE_MU_DERIV=0.00 mDebye / A, RMSE_ALPHA_per_atom=    0.03, RMSE_ALPHA_DERIV=    1.92
2025-07-13 03:23:27.832 INFO: Epoch 881: head: Default, loss=0.4983, RMSE_MU_per_atom=0.00 mDebye, RMSE_MU_DERIV=0.00 mDebye / A, RMSE_ALPHA_per_atom=    0.03, RMSE_ALPHA_DERIV=    1.92
2025-07-13 03:24:23.113 INFO: Epoch 882: head: Default, loss=0.4988, RMSE_MU_per_atom=0.00 mDebye, RMSE_MU_DERIV=0.00 mDebye / A, RMSE_ALPHA_per_atom=    0.03, RMSE_ALPHA_DERIV=    1.92
2025-07-13 03:25:18.401 INFO: Epoch 883: head: Default, loss=0.4998, RMSE_MU_per_atom=0.00 mDebye, RMSE_MU_DERIV=0.00 mDebye / A, RMSE_ALPHA_per_atom=    0.03, RMSE_ALPHA_DERIV=    1.92
2025-07-13 03:26:13.679 INFO: Epoch 884: head: Default, loss=0.4970, RMSE_MU_per_atom=0.00 mDebye, RMSE_MU_DERIV=0.00 mDebye / A, RMSE_ALPHA_per_atom=    0.03, RMSE_ALPHA_DERIV=    1.91
2025-07-13 03:27:08.957 INFO: Epoch 885: head: Default, loss=0.5023, RMSE_MU_per_atom=0.00 mDebye, RMSE_MU_DERIV=0.00 mDebye / A, RMSE_ALPHA_per_atom=    0.03, RMSE_ALPHA_DERIV=    1.92
2025-07-13 03:28:04.243 INFO: Epoch 886: head: Default, loss=0.5010, RMSE_MU_per_atom=0.00 mDebye, RMSE_MU_DERIV=0.00 mDebye / A, RMSE_ALPHA_per_atom=    0.03, RMSE_ALPHA_DERIV=    1.92
2025-07-13 03:28:59.495 INFO: Epoch 887: head: Default, loss=0.4997, RMSE_MU_per_atom=0.00 mDebye, RMSE_MU_DERIV=0.00 mDebye / A, RMSE_ALPHA_per_atom=    0.03, RMSE_ALPHA_DERIV=    1.92
2025-07-13 03:29:54.755 INFO: Epoch 888: head: Default, loss=0.5013, RMSE_MU_per_atom=0.00 mDebye, RMSE_MU_DERIV=0.00 mDebye / A, RMSE_ALPHA_per_atom=    0.03, RMSE_ALPHA_DERIV=    1.92
2025-07-13 03:30:50.018 INFO: Epoch 889: head: Default, loss=0.4992, RMSE_MU_per_atom=0.00 mDebye, RMSE_MU_DERIV=0.00 mDebye / A, RMSE_ALPHA_per_atom=    0.03, RMSE_ALPHA_DERIV=    1.92
2025-07-13 03:31:45.290 INFO: Epoch 890: head: Default, loss=0.5020, RMSE_MU_per_atom=0.00 mDebye, RMSE_MU_DERIV=0.00 mDebye / A, RMSE_ALPHA_per_atom=    0.03, RMSE_ALPHA_DERIV=    1.92
2025-07-13 03:32:40.565 INFO: Epoch 891: head: Default, loss=0.5033, RMSE_MU_per_atom=0.00 mDebye, RMSE_MU_DERIV=0.00 mDebye / A, RMSE_ALPHA_per_atom=    0.03, RMSE_ALPHA_DERIV=    1.93
2025-07-13 03:33:35.845 INFO: Epoch 892: head: Default, loss=0.4971, RMSE_MU_per_atom=0.00 mDebye, RMSE_MU_DERIV=0.00 mDebye / A, RMSE_ALPHA_per_atom=    0.03, RMSE_ALPHA_DERIV=    1.91
2025-07-13 03:34:31.136 INFO: Epoch 893: head: Default, loss=0.4958, RMSE_MU_per_atom=0.00 mDebye, RMSE_MU_DERIV=0.00 mDebye / A, RMSE_ALPHA_per_atom=    0.03, RMSE_ALPHA_DERIV=    1.91
2025-07-13 03:35:26.417 INFO: Epoch 894: head: Default, loss=0.4976, RMSE_MU_per_atom=0.00 mDebye, RMSE_MU_DERIV=0.00 mDebye / A, RMSE_ALPHA_per_atom=    0.03, RMSE_ALPHA_DERIV=    1.92
2025-07-13 03:36:21.707 INFO: Epoch 895: head: Default, loss=0.5019, RMSE_MU_per_atom=0.00 mDebye, RMSE_MU_DERIV=0.00 mDebye / A, RMSE_ALPHA_per_atom=    0.03, RMSE_ALPHA_DERIV=    1.92
2025-07-13 03:37:16.981 INFO: Epoch 896: head: Default, loss=0.5015, RMSE_MU_per_atom=0.00 mDebye, RMSE_MU_DERIV=0.00 mDebye / A, RMSE_ALPHA_per_atom=    0.03, RMSE_ALPHA_DERIV=    1.92
2025-07-13 03:38:12.245 INFO: Epoch 897: head: Default, loss=0.5010, RMSE_MU_per_atom=0.00 mDebye, RMSE_MU_DERIV=0.00 mDebye / A, RMSE_ALPHA_per_atom=    0.03, RMSE_ALPHA_DERIV=    1.92
2025-07-13 03:39:07.504 INFO: Epoch 898: head: Default, loss=0.5020, RMSE_MU_per_atom=0.00 mDebye, RMSE_MU_DERIV=0.00 mDebye / A, RMSE_ALPHA_per_atom=    0.03, RMSE_ALPHA_DERIV=    1.92
2025-07-13 03:40:02.754 INFO: Epoch 899: head: Default, loss=0.5025, RMSE_MU_per_atom=0.00 mDebye, RMSE_MU_DERIV=0.00 mDebye / A, RMSE_ALPHA_per_atom=    0.03, RMSE_ALPHA_DERIV=    1.93
2025-07-13 03:40:58.017 INFO: Epoch 900: head: Default, loss=0.4979, RMSE_MU_per_atom=0.00 mDebye, RMSE_MU_DERIV=0.00 mDebye / A, RMSE_ALPHA_per_atom=    0.03, RMSE_ALPHA_DERIV=    1.91
2025-07-13 03:41:53.270 INFO: Epoch 901: head: Default, loss=0.4988, RMSE_MU_per_atom=0.00 mDebye, RMSE_MU_DERIV=0.00 mDebye / A, RMSE_ALPHA_per_atom=    0.03, RMSE_ALPHA_DERIV=    1.92
2025-07-13 03:42:48.530 INFO: Epoch 902: head: Default, loss=0.4979, RMSE_MU_per_atom=0.00 mDebye, RMSE_MU_DERIV=0.00 mDebye / A, RMSE_ALPHA_per_atom=    0.03, RMSE_ALPHA_DERIV=    1.91
2025-07-13 03:43:43.782 INFO: Epoch 903: head: Default, loss=0.5022, RMSE_MU_per_atom=0.00 mDebye, RMSE_MU_DERIV=0.00 mDebye / A, RMSE_ALPHA_per_atom=    0.03, RMSE_ALPHA_DERIV=    1.92
2025-07-13 03:44:39.048 INFO: Epoch 904: head: Default, loss=0.5013, RMSE_MU_per_atom=0.00 mDebye, RMSE_MU_DERIV=0.00 mDebye / A, RMSE_ALPHA_per_atom=    0.03, RMSE_ALPHA_DERIV=    1.92
2025-07-13 03:45:34.313 INFO: Epoch 905: head: Default, loss=0.5005, RMSE_MU_per_atom=0.00 mDebye, RMSE_MU_DERIV=0.00 mDebye / A, RMSE_ALPHA_per_atom=    0.03, RMSE_ALPHA_DERIV=    1.92
2025-07-13 03:46:29.581 INFO: Epoch 906: head: Default, loss=0.5016, RMSE_MU_per_atom=0.00 mDebye, RMSE_MU_DERIV=0.00 mDebye / A, RMSE_ALPHA_per_atom=    0.03, RMSE_ALPHA_DERIV=    1.92
2025-07-13 03:47:24.838 INFO: Epoch 907: head: Default, loss=0.4985, RMSE_MU_per_atom=0.00 mDebye, RMSE_MU_DERIV=0.00 mDebye / A, RMSE_ALPHA_per_atom=    0.03, RMSE_ALPHA_DERIV=    1.92
2025-07-13 03:48:20.108 INFO: Epoch 908: head: Default, loss=0.5003, RMSE_MU_per_atom=0.00 mDebye, RMSE_MU_DERIV=0.00 mDebye / A, RMSE_ALPHA_per_atom=    0.03, RMSE_ALPHA_DERIV=    1.92
2025-07-13 03:49:15.369 INFO: Epoch 909: head: Default, loss=0.5020, RMSE_MU_per_atom=0.00 mDebye, RMSE_MU_DERIV=0.00 mDebye / A, RMSE_ALPHA_per_atom=    0.03, RMSE_ALPHA_DERIV=    1.92
2025-07-13 03:50:10.641 INFO: Epoch 910: head: Default, loss=0.5039, RMSE_MU_per_atom=0.00 mDebye, RMSE_MU_DERIV=0.00 mDebye / A, RMSE_ALPHA_per_atom=    0.03, RMSE_ALPHA_DERIV=    1.93
2025-07-13 03:51:05.911 INFO: Epoch 911: head: Default, loss=0.4991, RMSE_MU_per_atom=0.00 mDebye, RMSE_MU_DERIV=0.00 mDebye / A, RMSE_ALPHA_per_atom=    0.03, RMSE_ALPHA_DERIV=    1.92
2025-07-13 03:52:01.181 INFO: Epoch 912: head: Default, loss=0.4983, RMSE_MU_per_atom=0.00 mDebye, RMSE_MU_DERIV=0.00 mDebye / A, RMSE_ALPHA_per_atom=    0.03, RMSE_ALPHA_DERIV=    1.92
2025-07-13 03:52:56.446 INFO: Epoch 913: head: Default, loss=0.4971, RMSE_MU_per_atom=0.00 mDebye, RMSE_MU_DERIV=0.00 mDebye / A, RMSE_ALPHA_per_atom=    0.03, RMSE_ALPHA_DERIV=    1.91
2025-07-13 03:53:51.709 INFO: Epoch 914: head: Default, loss=0.4963, RMSE_MU_per_atom=0.00 mDebye, RMSE_MU_DERIV=0.00 mDebye / A, RMSE_ALPHA_per_atom=    0.03, RMSE_ALPHA_DERIV=    1.91
2025-07-13 03:54:46.979 INFO: Epoch 915: head: Default, loss=0.4999, RMSE_MU_per_atom=0.00 mDebye, RMSE_MU_DERIV=0.00 mDebye / A, RMSE_ALPHA_per_atom=    0.03, RMSE_ALPHA_DERIV=    1.92
2025-07-13 03:55:42.257 INFO: Epoch 916: head: Default, loss=0.4997, RMSE_MU_per_atom=0.00 mDebye, RMSE_MU_DERIV=0.00 mDebye / A, RMSE_ALPHA_per_atom=    0.03, RMSE_ALPHA_DERIV=    1.92
2025-07-13 03:56:37.535 INFO: Epoch 917: head: Default, loss=0.5003, RMSE_MU_per_atom=0.00 mDebye, RMSE_MU_DERIV=0.00 mDebye / A, RMSE_ALPHA_per_atom=    0.03, RMSE_ALPHA_DERIV=    1.92
2025-07-13 03:57:32.807 INFO: Epoch 918: head: Default, loss=0.4993, RMSE_MU_per_atom=0.00 mDebye, RMSE_MU_DERIV=0.00 mDebye / A, RMSE_ALPHA_per_atom=    0.03, RMSE_ALPHA_DERIV=    1.92
2025-07-13 03:58:28.073 INFO: Epoch 919: head: Default, loss=0.4996, RMSE_MU_per_atom=0.00 mDebye, RMSE_MU_DERIV=0.00 mDebye / A, RMSE_ALPHA_per_atom=    0.03, RMSE_ALPHA_DERIV=    1.92
2025-07-13 03:59:23.349 INFO: Epoch 920: head: Default, loss=0.5014, RMSE_MU_per_atom=0.00 mDebye, RMSE_MU_DERIV=0.00 mDebye / A, RMSE_ALPHA_per_atom=    0.03, RMSE_ALPHA_DERIV=    1.92
2025-07-13 04:00:18.625 INFO: Epoch 921: head: Default, loss=0.4961, RMSE_MU_per_atom=0.00 mDebye, RMSE_MU_DERIV=0.00 mDebye / A, RMSE_ALPHA_per_atom=    0.03, RMSE_ALPHA_DERIV=    1.91
2025-07-13 04:01:13.896 INFO: Epoch 922: head: Default, loss=0.4985, RMSE_MU_per_atom=0.00 mDebye, RMSE_MU_DERIV=0.00 mDebye / A, RMSE_ALPHA_per_atom=    0.03, RMSE_ALPHA_DERIV=    1.92
2025-07-13 04:02:09.166 INFO: Epoch 923: head: Default, loss=0.5003, RMSE_MU_per_atom=0.00 mDebye, RMSE_MU_DERIV=0.00 mDebye / A, RMSE_ALPHA_per_atom=    0.03, RMSE_ALPHA_DERIV=    1.92
2025-07-13 04:03:04.425 INFO: Epoch 924: head: Default, loss=0.5001, RMSE_MU_per_atom=0.00 mDebye, RMSE_MU_DERIV=0.00 mDebye / A, RMSE_ALPHA_per_atom=    0.03, RMSE_ALPHA_DERIV=    1.92
2025-07-13 04:03:59.692 INFO: Epoch 925: head: Default, loss=0.4998, RMSE_MU_per_atom=0.00 mDebye, RMSE_MU_DERIV=0.00 mDebye / A, RMSE_ALPHA_per_atom=    0.03, RMSE_ALPHA_DERIV=    1.92
2025-07-13 04:04:54.970 INFO: Epoch 926: head: Default, loss=0.4998, RMSE_MU_per_atom=0.00 mDebye, RMSE_MU_DERIV=0.00 mDebye / A, RMSE_ALPHA_per_atom=    0.03, RMSE_ALPHA_DERIV=    1.92
2025-07-13 04:05:50.256 INFO: Epoch 927: head: Default, loss=0.5001, RMSE_MU_per_atom=0.00 mDebye, RMSE_MU_DERIV=0.00 mDebye / A, RMSE_ALPHA_per_atom=    0.03, RMSE_ALPHA_DERIV=    1.92
2025-07-13 04:06:45.532 INFO: Epoch 928: head: Default, loss=0.4976, RMSE_MU_per_atom=0.00 mDebye, RMSE_MU_DERIV=0.00 mDebye / A, RMSE_ALPHA_per_atom=    0.03, RMSE_ALPHA_DERIV=    1.91
2025-07-13 04:07:40.812 INFO: Epoch 929: head: Default, loss=0.5016, RMSE_MU_per_atom=0.00 mDebye, RMSE_MU_DERIV=0.00 mDebye / A, RMSE_ALPHA_per_atom=    0.03, RMSE_ALPHA_DERIV=    1.92
2025-07-13 04:08:36.085 INFO: Epoch 930: head: Default, loss=0.5033, RMSE_MU_per_atom=0.00 mDebye, RMSE_MU_DERIV=0.00 mDebye / A, RMSE_ALPHA_per_atom=    0.03, RMSE_ALPHA_DERIV=    1.93
2025-07-13 04:09:31.354 INFO: Epoch 931: head: Default, loss=0.5024, RMSE_MU_per_atom=0.00 mDebye, RMSE_MU_DERIV=0.00 mDebye / A, RMSE_ALPHA_per_atom=    0.03, RMSE_ALPHA_DERIV=    1.92
2025-07-13 04:10:26.629 INFO: Epoch 932: head: Default, loss=0.5022, RMSE_MU_per_atom=0.00 mDebye, RMSE_MU_DERIV=0.00 mDebye / A, RMSE_ALPHA_per_atom=    0.03, RMSE_ALPHA_DERIV=    1.92
2025-07-13 04:11:21.912 INFO: Epoch 933: head: Default, loss=0.5037, RMSE_MU_per_atom=0.00 mDebye, RMSE_MU_DERIV=0.00 mDebye / A, RMSE_ALPHA_per_atom=    0.03, RMSE_ALPHA_DERIV=    1.93
2025-07-13 04:12:17.204 INFO: Epoch 934: head: Default, loss=0.4993, RMSE_MU_per_atom=0.00 mDebye, RMSE_MU_DERIV=0.00 mDebye / A, RMSE_ALPHA_per_atom=    0.03, RMSE_ALPHA_DERIV=    1.92
2025-07-13 04:13:12.483 INFO: Epoch 935: head: Default, loss=0.4989, RMSE_MU_per_atom=0.00 mDebye, RMSE_MU_DERIV=0.00 mDebye / A, RMSE_ALPHA_per_atom=    0.03, RMSE_ALPHA_DERIV=    1.92
2025-07-13 04:14:07.767 INFO: Epoch 936: head: Default, loss=0.4999, RMSE_MU_per_atom=0.00 mDebye, RMSE_MU_DERIV=0.00 mDebye / A, RMSE_ALPHA_per_atom=    0.03, RMSE_ALPHA_DERIV=    1.92
2025-07-13 04:15:03.038 INFO: Epoch 937: head: Default, loss=0.5006, RMSE_MU_per_atom=0.00 mDebye, RMSE_MU_DERIV=0.00 mDebye / A, RMSE_ALPHA_per_atom=    0.03, RMSE_ALPHA_DERIV=    1.92
2025-07-13 04:15:58.304 INFO: Epoch 938: head: Default, loss=0.4964, RMSE_MU_per_atom=0.00 mDebye, RMSE_MU_DERIV=0.00 mDebye / A, RMSE_ALPHA_per_atom=    0.03, RMSE_ALPHA_DERIV=    1.91
2025-07-13 04:16:53.580 INFO: Epoch 939: head: Default, loss=0.5006, RMSE_MU_per_atom=0.00 mDebye, RMSE_MU_DERIV=0.00 mDebye / A, RMSE_ALPHA_per_atom=    0.03, RMSE_ALPHA_DERIV=    1.92
2025-07-13 04:17:48.856 INFO: Epoch 940: head: Default, loss=0.5008, RMSE_MU_per_atom=0.00 mDebye, RMSE_MU_DERIV=0.00 mDebye / A, RMSE_ALPHA_per_atom=    0.03, RMSE_ALPHA_DERIV=    1.92
2025-07-13 04:18:44.136 INFO: Epoch 941: head: Default, loss=0.4987, RMSE_MU_per_atom=0.00 mDebye, RMSE_MU_DERIV=0.00 mDebye / A, RMSE_ALPHA_per_atom=    0.03, RMSE_ALPHA_DERIV=    1.92
2025-07-13 04:19:39.419 INFO: Epoch 942: head: Default, loss=0.4990, RMSE_MU_per_atom=0.00 mDebye, RMSE_MU_DERIV=0.00 mDebye / A, RMSE_ALPHA_per_atom=    0.03, RMSE_ALPHA_DERIV=    1.92
2025-07-13 04:20:34.692 INFO: Epoch 943: head: Default, loss=0.4985, RMSE_MU_per_atom=0.00 mDebye, RMSE_MU_DERIV=0.00 mDebye / A, RMSE_ALPHA_per_atom=    0.03, RMSE_ALPHA_DERIV=    1.92
2025-07-13 04:21:29.953 INFO: Epoch 944: head: Default, loss=0.5023, RMSE_MU_per_atom=0.00 mDebye, RMSE_MU_DERIV=0.00 mDebye / A, RMSE_ALPHA_per_atom=    0.03, RMSE_ALPHA_DERIV=    1.92
2025-07-13 04:22:25.222 INFO: Epoch 945: head: Default, loss=0.5003, RMSE_MU_per_atom=0.00 mDebye, RMSE_MU_DERIV=0.00 mDebye / A, RMSE_ALPHA_per_atom=    0.03, RMSE_ALPHA_DERIV=    1.92
2025-07-13 04:23:20.489 INFO: Epoch 946: head: Default, loss=0.5011, RMSE_MU_per_atom=0.00 mDebye, RMSE_MU_DERIV=0.00 mDebye / A, RMSE_ALPHA_per_atom=    0.03, RMSE_ALPHA_DERIV=    1.92
2025-07-13 04:24:15.762 INFO: Epoch 947: head: Default, loss=0.4977, RMSE_MU_per_atom=0.00 mDebye, RMSE_MU_DERIV=0.00 mDebye / A, RMSE_ALPHA_per_atom=    0.03, RMSE_ALPHA_DERIV=    1.91
2025-07-13 04:25:11.030 INFO: Epoch 948: head: Default, loss=0.4992, RMSE_MU_per_atom=0.00 mDebye, RMSE_MU_DERIV=0.00 mDebye / A, RMSE_ALPHA_per_atom=    0.03, RMSE_ALPHA_DERIV=    1.92
2025-07-13 04:26:06.276 INFO: Epoch 949: head: Default, loss=0.4997, RMSE_MU_per_atom=0.00 mDebye, RMSE_MU_DERIV=0.00 mDebye / A, RMSE_ALPHA_per_atom=    0.03, RMSE_ALPHA_DERIV=    1.92
2025-07-13 04:27:01.522 INFO: Epoch 950: head: Default, loss=0.5014, RMSE_MU_per_atom=0.00 mDebye, RMSE_MU_DERIV=0.00 mDebye / A, RMSE_ALPHA_per_atom=    0.03, RMSE_ALPHA_DERIV=    1.92
2025-07-13 04:27:56.773 INFO: Epoch 951: head: Default, loss=0.5032, RMSE_MU_per_atom=0.00 mDebye, RMSE_MU_DERIV=0.00 mDebye / A, RMSE_ALPHA_per_atom=    0.03, RMSE_ALPHA_DERIV=    1.93
2025-07-13 04:28:52.026 INFO: Epoch 952: head: Default, loss=0.5002, RMSE_MU_per_atom=0.00 mDebye, RMSE_MU_DERIV=0.00 mDebye / A, RMSE_ALPHA_per_atom=    0.03, RMSE_ALPHA_DERIV=    1.92
2025-07-13 04:29:47.282 INFO: Epoch 953: head: Default, loss=0.4977, RMSE_MU_per_atom=0.00 mDebye, RMSE_MU_DERIV=0.00 mDebye / A, RMSE_ALPHA_per_atom=    0.03, RMSE_ALPHA_DERIV=    1.91
2025-07-13 04:30:42.537 INFO: Epoch 954: head: Default, loss=0.5016, RMSE_MU_per_atom=0.00 mDebye, RMSE_MU_DERIV=0.00 mDebye / A, RMSE_ALPHA_per_atom=    0.03, RMSE_ALPHA_DERIV=    1.92
2025-07-13 04:31:37.783 INFO: Epoch 955: head: Default, loss=0.4985, RMSE_MU_per_atom=0.00 mDebye, RMSE_MU_DERIV=0.00 mDebye / A, RMSE_ALPHA_per_atom=    0.03, RMSE_ALPHA_DERIV=    1.91
2025-07-13 04:32:33.041 INFO: Epoch 956: head: Default, loss=0.4987, RMSE_MU_per_atom=0.00 mDebye, RMSE_MU_DERIV=0.00 mDebye / A, RMSE_ALPHA_per_atom=    0.03, RMSE_ALPHA_DERIV=    1.92
2025-07-13 04:33:28.306 INFO: Epoch 957: head: Default, loss=0.5021, RMSE_MU_per_atom=0.00 mDebye, RMSE_MU_DERIV=0.00 mDebye / A, RMSE_ALPHA_per_atom=    0.03, RMSE_ALPHA_DERIV=    1.92
2025-07-13 04:34:23.562 INFO: Epoch 958: head: Default, loss=0.4990, RMSE_MU_per_atom=0.00 mDebye, RMSE_MU_DERIV=0.00 mDebye / A, RMSE_ALPHA_per_atom=    0.03, RMSE_ALPHA_DERIV=    1.92
2025-07-13 04:35:18.821 INFO: Epoch 959: head: Default, loss=0.5007, RMSE_MU_per_atom=0.00 mDebye, RMSE_MU_DERIV=0.00 mDebye / A, RMSE_ALPHA_per_atom=    0.03, RMSE_ALPHA_DERIV=    1.92
2025-07-13 04:36:14.082 INFO: Epoch 960: head: Default, loss=0.5016, RMSE_MU_per_atom=0.00 mDebye, RMSE_MU_DERIV=0.00 mDebye / A, RMSE_ALPHA_per_atom=    0.03, RMSE_ALPHA_DERIV=    1.92
2025-07-13 04:37:09.331 INFO: Epoch 961: head: Default, loss=0.5001, RMSE_MU_per_atom=0.00 mDebye, RMSE_MU_DERIV=0.00 mDebye / A, RMSE_ALPHA_per_atom=    0.03, RMSE_ALPHA_DERIV=    1.92
2025-07-13 04:38:04.590 INFO: Epoch 962: head: Default, loss=0.4997, RMSE_MU_per_atom=0.00 mDebye, RMSE_MU_DERIV=0.00 mDebye / A, RMSE_ALPHA_per_atom=    0.03, RMSE_ALPHA_DERIV=    1.92
2025-07-13 04:38:59.838 INFO: Epoch 963: head: Default, loss=0.5016, RMSE_MU_per_atom=0.00 mDebye, RMSE_MU_DERIV=0.00 mDebye / A, RMSE_ALPHA_per_atom=    0.03, RMSE_ALPHA_DERIV=    1.92
2025-07-13 04:39:55.087 INFO: Epoch 964: head: Default, loss=0.5005, RMSE_MU_per_atom=0.00 mDebye, RMSE_MU_DERIV=0.00 mDebye / A, RMSE_ALPHA_per_atom=    0.03, RMSE_ALPHA_DERIV=    1.92
2025-07-13 04:40:50.351 INFO: Epoch 965: head: Default, loss=0.5006, RMSE_MU_per_atom=0.00 mDebye, RMSE_MU_DERIV=0.00 mDebye / A, RMSE_ALPHA_per_atom=    0.03, RMSE_ALPHA_DERIV=    1.92
2025-07-13 04:41:45.597 INFO: Epoch 966: head: Default, loss=0.5003, RMSE_MU_per_atom=0.00 mDebye, RMSE_MU_DERIV=0.00 mDebye / A, RMSE_ALPHA_per_atom=    0.03, RMSE_ALPHA_DERIV=    1.92
2025-07-13 04:42:40.857 INFO: Epoch 967: head: Default, loss=0.5022, RMSE_MU_per_atom=0.00 mDebye, RMSE_MU_DERIV=0.00 mDebye / A, RMSE_ALPHA_per_atom=    0.03, RMSE_ALPHA_DERIV=    1.92
2025-07-13 04:43:36.121 INFO: Epoch 968: head: Default, loss=0.5024, RMSE_MU_per_atom=0.00 mDebye, RMSE_MU_DERIV=0.00 mDebye / A, RMSE_ALPHA_per_atom=    0.03, RMSE_ALPHA_DERIV=    1.92
2025-07-13 04:44:31.376 INFO: Epoch 969: head: Default, loss=0.4995, RMSE_MU_per_atom=0.00 mDebye, RMSE_MU_DERIV=0.00 mDebye / A, RMSE_ALPHA_per_atom=    0.03, RMSE_ALPHA_DERIV=    1.92
2025-07-13 04:45:26.645 INFO: Epoch 970: head: Default, loss=0.4995, RMSE_MU_per_atom=0.00 mDebye, RMSE_MU_DERIV=0.00 mDebye / A, RMSE_ALPHA_per_atom=    0.03, RMSE_ALPHA_DERIV=    1.92
2025-07-13 04:46:21.925 INFO: Epoch 971: head: Default, loss=0.5003, RMSE_MU_per_atom=0.00 mDebye, RMSE_MU_DERIV=0.00 mDebye / A, RMSE_ALPHA_per_atom=    0.03, RMSE_ALPHA_DERIV=    1.92
2025-07-13 04:47:17.189 INFO: Epoch 972: head: Default, loss=0.4995, RMSE_MU_per_atom=0.00 mDebye, RMSE_MU_DERIV=0.00 mDebye / A, RMSE_ALPHA_per_atom=    0.03, RMSE_ALPHA_DERIV=    1.92
2025-07-13 04:48:12.452 INFO: Epoch 973: head: Default, loss=0.5014, RMSE_MU_per_atom=0.00 mDebye, RMSE_MU_DERIV=0.00 mDebye / A, RMSE_ALPHA_per_atom=    0.03, RMSE_ALPHA_DERIV=    1.92
2025-07-13 04:49:07.711 INFO: Epoch 974: head: Default, loss=0.5001, RMSE_MU_per_atom=0.00 mDebye, RMSE_MU_DERIV=0.00 mDebye / A, RMSE_ALPHA_per_atom=    0.03, RMSE_ALPHA_DERIV=    1.92
2025-07-13 04:50:02.968 INFO: Epoch 975: head: Default, loss=0.4989, RMSE_MU_per_atom=0.00 mDebye, RMSE_MU_DERIV=0.00 mDebye / A, RMSE_ALPHA_per_atom=    0.03, RMSE_ALPHA_DERIV=    1.92
2025-07-13 04:50:58.232 INFO: Epoch 976: head: Default, loss=0.5009, RMSE_MU_per_atom=0.00 mDebye, RMSE_MU_DERIV=0.00 mDebye / A, RMSE_ALPHA_per_atom=    0.03, RMSE_ALPHA_DERIV=    1.92
2025-07-13 04:51:53.502 INFO: Epoch 977: head: Default, loss=0.4993, RMSE_MU_per_atom=0.00 mDebye, RMSE_MU_DERIV=0.00 mDebye / A, RMSE_ALPHA_per_atom=    0.03, RMSE_ALPHA_DERIV=    1.92
2025-07-13 04:52:48.772 INFO: Epoch 978: head: Default, loss=0.5003, RMSE_MU_per_atom=0.00 mDebye, RMSE_MU_DERIV=0.00 mDebye / A, RMSE_ALPHA_per_atom=    0.03, RMSE_ALPHA_DERIV=    1.92
2025-07-13 04:53:44.035 INFO: Epoch 979: head: Default, loss=0.4990, RMSE_MU_per_atom=0.00 mDebye, RMSE_MU_DERIV=0.00 mDebye / A, RMSE_ALPHA_per_atom=    0.03, RMSE_ALPHA_DERIV=    1.92
2025-07-13 04:54:39.298 INFO: Epoch 980: head: Default, loss=0.5018, RMSE_MU_per_atom=0.00 mDebye, RMSE_MU_DERIV=0.00 mDebye / A, RMSE_ALPHA_per_atom=    0.03, RMSE_ALPHA_DERIV=    1.92
2025-07-13 04:55:34.552 INFO: Epoch 981: head: Default, loss=0.4982, RMSE_MU_per_atom=0.00 mDebye, RMSE_MU_DERIV=0.00 mDebye / A, RMSE_ALPHA_per_atom=    0.03, RMSE_ALPHA_DERIV=    1.91
2025-07-13 04:56:29.812 INFO: Epoch 982: head: Default, loss=0.4990, RMSE_MU_per_atom=0.00 mDebye, RMSE_MU_DERIV=0.00 mDebye / A, RMSE_ALPHA_per_atom=    0.03, RMSE_ALPHA_DERIV=    1.92
2025-07-13 04:57:25.077 INFO: Epoch 983: head: Default, loss=0.5036, RMSE_MU_per_atom=0.00 mDebye, RMSE_MU_DERIV=0.00 mDebye / A, RMSE_ALPHA_per_atom=    0.03, RMSE_ALPHA_DERIV=    1.93
2025-07-13 04:58:20.355 INFO: Epoch 984: head: Default, loss=0.5002, RMSE_MU_per_atom=0.00 mDebye, RMSE_MU_DERIV=0.00 mDebye / A, RMSE_ALPHA_per_atom=    0.03, RMSE_ALPHA_DERIV=    1.92
2025-07-13 04:59:15.626 INFO: Epoch 985: head: Default, loss=0.5012, RMSE_MU_per_atom=0.00 mDebye, RMSE_MU_DERIV=0.00 mDebye / A, RMSE_ALPHA_per_atom=    0.03, RMSE_ALPHA_DERIV=    1.92
2025-07-13 05:00:10.899 INFO: Epoch 986: head: Default, loss=0.5007, RMSE_MU_per_atom=0.00 mDebye, RMSE_MU_DERIV=0.00 mDebye / A, RMSE_ALPHA_per_atom=    0.03, RMSE_ALPHA_DERIV=    1.92
2025-07-13 05:01:06.178 INFO: Epoch 987: head: Default, loss=0.5038, RMSE_MU_per_atom=0.00 mDebye, RMSE_MU_DERIV=0.00 mDebye / A, RMSE_ALPHA_per_atom=    0.03, RMSE_ALPHA_DERIV=    1.93
2025-07-13 05:02:01.447 INFO: Epoch 988: head: Default, loss=0.5001, RMSE_MU_per_atom=0.00 mDebye, RMSE_MU_DERIV=0.00 mDebye / A, RMSE_ALPHA_per_atom=    0.03, RMSE_ALPHA_DERIV=    1.92
2025-07-13 05:02:56.719 INFO: Epoch 989: head: Default, loss=0.4989, RMSE_MU_per_atom=0.00 mDebye, RMSE_MU_DERIV=0.00 mDebye / A, RMSE_ALPHA_per_atom=    0.03, RMSE_ALPHA_DERIV=    1.92
2025-07-13 05:03:51.984 INFO: Epoch 990: head: Default, loss=0.5017, RMSE_MU_per_atom=0.00 mDebye, RMSE_MU_DERIV=0.00 mDebye / A, RMSE_ALPHA_per_atom=    0.03, RMSE_ALPHA_DERIV=    1.92
2025-07-13 05:04:47.246 INFO: Epoch 991: head: Default, loss=0.5004, RMSE_MU_per_atom=0.00 mDebye, RMSE_MU_DERIV=0.00 mDebye / A, RMSE_ALPHA_per_atom=    0.03, RMSE_ALPHA_DERIV=    1.92
2025-07-13 05:05:42.524 INFO: Epoch 992: head: Default, loss=0.5000, RMSE_MU_per_atom=0.00 mDebye, RMSE_MU_DERIV=0.00 mDebye / A, RMSE_ALPHA_per_atom=    0.03, RMSE_ALPHA_DERIV=    1.92
2025-07-13 05:06:37.807 INFO: Epoch 993: head: Default, loss=0.5021, RMSE_MU_per_atom=0.00 mDebye, RMSE_MU_DERIV=0.00 mDebye / A, RMSE_ALPHA_per_atom=    0.03, RMSE_ALPHA_DERIV=    1.92
2025-07-13 05:07:33.088 INFO: Epoch 994: head: Default, loss=0.5022, RMSE_MU_per_atom=0.00 mDebye, RMSE_MU_DERIV=0.00 mDebye / A, RMSE_ALPHA_per_atom=    0.03, RMSE_ALPHA_DERIV=    1.92
2025-07-13 05:08:28.366 INFO: Epoch 995: head: Default, loss=0.5022, RMSE_MU_per_atom=0.00 mDebye, RMSE_MU_DERIV=0.00 mDebye / A, RMSE_ALPHA_per_atom=    0.03, RMSE_ALPHA_DERIV=    1.92
2025-07-13 05:09:23.638 INFO: Epoch 996: head: Default, loss=0.5007, RMSE_MU_per_atom=0.00 mDebye, RMSE_MU_DERIV=0.00 mDebye / A, RMSE_ALPHA_per_atom=    0.03, RMSE_ALPHA_DERIV=    1.92
2025-07-13 05:10:18.907 INFO: Epoch 997: head: Default, loss=0.5007, RMSE_MU_per_atom=0.00 mDebye, RMSE_MU_DERIV=0.00 mDebye / A, RMSE_ALPHA_per_atom=    0.03, RMSE_ALPHA_DERIV=    1.92
2025-07-13 05:11:14.177 INFO: Epoch 998: head: Default, loss=0.5032, RMSE_MU_per_atom=0.00 mDebye, RMSE_MU_DERIV=0.00 mDebye / A, RMSE_ALPHA_per_atom=    0.03, RMSE_ALPHA_DERIV=    1.93
2025-07-13 05:12:09.453 INFO: Epoch 999: head: Default, loss=0.5027, RMSE_MU_per_atom=0.00 mDebye, RMSE_MU_DERIV=0.00 mDebye / A, RMSE_ALPHA_per_atom=    0.03, RMSE_ALPHA_DERIV=    1.92
2025-07-13 05:13:04.737 INFO: Epoch 1000: head: Default, loss=0.5005, RMSE_MU_per_atom=0.00 mDebye, RMSE_MU_DERIV=0.00 mDebye / A, RMSE_ALPHA_per_atom=    0.03, RMSE_ALPHA_DERIV=    1.92
2025-07-13 05:14:00.014 INFO: Epoch 1001: head: Default, loss=0.5002, RMSE_MU_per_atom=0.00 mDebye, RMSE_MU_DERIV=0.00 mDebye / A, RMSE_ALPHA_per_atom=    0.03, RMSE_ALPHA_DERIV=    1.92
2025-07-13 05:14:55.291 INFO: Epoch 1002: head: Default, loss=0.5000, RMSE_MU_per_atom=0.00 mDebye, RMSE_MU_DERIV=0.00 mDebye / A, RMSE_ALPHA_per_atom=    0.03, RMSE_ALPHA_DERIV=    1.92
2025-07-13 05:15:50.567 INFO: Epoch 1003: head: Default, loss=0.4990, RMSE_MU_per_atom=0.00 mDebye, RMSE_MU_DERIV=0.00 mDebye / A, RMSE_ALPHA_per_atom=    0.03, RMSE_ALPHA_DERIV=    1.92
2025-07-13 05:16:45.843 INFO: Epoch 1004: head: Default, loss=0.5002, RMSE_MU_per_atom=0.00 mDebye, RMSE_MU_DERIV=0.00 mDebye / A, RMSE_ALPHA_per_atom=    0.03, RMSE_ALPHA_DERIV=    1.92
2025-07-13 05:17:41.115 INFO: Epoch 1005: head: Default, loss=0.5007, RMSE_MU_per_atom=0.00 mDebye, RMSE_MU_DERIV=0.00 mDebye / A, RMSE_ALPHA_per_atom=    0.03, RMSE_ALPHA_DERIV=    1.92
2025-07-13 05:18:36.383 INFO: Epoch 1006: head: Default, loss=0.4990, RMSE_MU_per_atom=0.00 mDebye, RMSE_MU_DERIV=0.00 mDebye / A, RMSE_ALPHA_per_atom=    0.03, RMSE_ALPHA_DERIV=    1.92
2025-07-13 05:19:31.653 INFO: Epoch 1007: head: Default, loss=0.4999, RMSE_MU_per_atom=0.00 mDebye, RMSE_MU_DERIV=0.00 mDebye / A, RMSE_ALPHA_per_atom=    0.03, RMSE_ALPHA_DERIV=    1.92
2025-07-13 05:20:26.932 INFO: Epoch 1008: head: Default, loss=0.4995, RMSE_MU_per_atom=0.00 mDebye, RMSE_MU_DERIV=0.00 mDebye / A, RMSE_ALPHA_per_atom=    0.03, RMSE_ALPHA_DERIV=    1.92
2025-07-13 05:21:22.227 INFO: Epoch 1009: head: Default, loss=0.5018, RMSE_MU_per_atom=0.00 mDebye, RMSE_MU_DERIV=0.00 mDebye / A, RMSE_ALPHA_per_atom=    0.03, RMSE_ALPHA_DERIV=    1.92
2025-07-13 05:22:17.510 INFO: Epoch 1010: head: Default, loss=0.5014, RMSE_MU_per_atom=0.00 mDebye, RMSE_MU_DERIV=0.00 mDebye / A, RMSE_ALPHA_per_atom=    0.03, RMSE_ALPHA_DERIV=    1.92
2025-07-13 05:23:12.792 INFO: Epoch 1011: head: Default, loss=0.5003, RMSE_MU_per_atom=0.00 mDebye, RMSE_MU_DERIV=0.00 mDebye / A, RMSE_ALPHA_per_atom=    0.03, RMSE_ALPHA_DERIV=    1.92
2025-07-13 05:24:08.100 INFO: Epoch 1012: head: Default, loss=0.5011, RMSE_MU_per_atom=0.00 mDebye, RMSE_MU_DERIV=0.00 mDebye / A, RMSE_ALPHA_per_atom=    0.03, RMSE_ALPHA_DERIV=    1.92
2025-07-13 05:25:03.384 INFO: Epoch 1013: head: Default, loss=0.5007, RMSE_MU_per_atom=0.00 mDebye, RMSE_MU_DERIV=0.00 mDebye / A, RMSE_ALPHA_per_atom=    0.03, RMSE_ALPHA_DERIV=    1.92
2025-07-13 05:25:58.664 INFO: Epoch 1014: head: Default, loss=0.4998, RMSE_MU_per_atom=0.00 mDebye, RMSE_MU_DERIV=0.00 mDebye / A, RMSE_ALPHA_per_atom=    0.03, RMSE_ALPHA_DERIV=    1.92
2025-07-13 05:26:53.947 INFO: Epoch 1015: head: Default, loss=0.4999, RMSE_MU_per_atom=0.00 mDebye, RMSE_MU_DERIV=0.00 mDebye / A, RMSE_ALPHA_per_atom=    0.03, RMSE_ALPHA_DERIV=    1.92
2025-07-13 05:27:49.228 INFO: Epoch 1016: head: Default, loss=0.4998, RMSE_MU_per_atom=0.00 mDebye, RMSE_MU_DERIV=0.00 mDebye / A, RMSE_ALPHA_per_atom=    0.03, RMSE_ALPHA_DERIV=    1.92
2025-07-13 05:28:44.499 INFO: Epoch 1017: head: Default, loss=0.4985, RMSE_MU_per_atom=0.00 mDebye, RMSE_MU_DERIV=0.00 mDebye / A, RMSE_ALPHA_per_atom=    0.03, RMSE_ALPHA_DERIV=    1.92
2025-07-13 05:29:39.777 INFO: Epoch 1018: head: Default, loss=0.4991, RMSE_MU_per_atom=0.00 mDebye, RMSE_MU_DERIV=0.00 mDebye / A, RMSE_ALPHA_per_atom=    0.03, RMSE_ALPHA_DERIV=    1.92
2025-07-13 05:30:35.049 INFO: Epoch 1019: head: Default, loss=0.4996, RMSE_MU_per_atom=0.00 mDebye, RMSE_MU_DERIV=0.00 mDebye / A, RMSE_ALPHA_per_atom=    0.03, RMSE_ALPHA_DERIV=    1.92
2025-07-13 05:31:30.326 INFO: Epoch 1020: head: Default, loss=0.5013, RMSE_MU_per_atom=0.00 mDebye, RMSE_MU_DERIV=0.00 mDebye / A, RMSE_ALPHA_per_atom=    0.03, RMSE_ALPHA_DERIV=    1.92
2025-07-13 05:32:25.603 INFO: Epoch 1021: head: Default, loss=0.4992, RMSE_MU_per_atom=0.00 mDebye, RMSE_MU_DERIV=0.00 mDebye / A, RMSE_ALPHA_per_atom=    0.03, RMSE_ALPHA_DERIV=    1.92
2025-07-13 05:33:20.865 INFO: Epoch 1022: head: Default, loss=0.5003, RMSE_MU_per_atom=0.00 mDebye, RMSE_MU_DERIV=0.00 mDebye / A, RMSE_ALPHA_per_atom=    0.03, RMSE_ALPHA_DERIV=    1.92
2025-07-13 05:34:16.138 INFO: Epoch 1023: head: Default, loss=0.5011, RMSE_MU_per_atom=0.00 mDebye, RMSE_MU_DERIV=0.00 mDebye / A, RMSE_ALPHA_per_atom=    0.03, RMSE_ALPHA_DERIV=    1.92
2025-07-13 05:35:11.410 INFO: Epoch 1024: head: Default, loss=0.4986, RMSE_MU_per_atom=0.00 mDebye, RMSE_MU_DERIV=0.00 mDebye / A, RMSE_ALPHA_per_atom=    0.03, RMSE_ALPHA_DERIV=    1.92
2025-07-13 05:36:06.673 INFO: Epoch 1025: head: Default, loss=0.4999, RMSE_MU_per_atom=0.00 mDebye, RMSE_MU_DERIV=0.00 mDebye / A, RMSE_ALPHA_per_atom=    0.03, RMSE_ALPHA_DERIV=    1.92
2025-07-13 05:37:01.936 INFO: Epoch 1026: head: Default, loss=0.5006, RMSE_MU_per_atom=0.00 mDebye, RMSE_MU_DERIV=0.00 mDebye / A, RMSE_ALPHA_per_atom=    0.03, RMSE_ALPHA_DERIV=    1.92
2025-07-13 05:37:57.193 INFO: Epoch 1027: head: Default, loss=0.4982, RMSE_MU_per_atom=0.00 mDebye, RMSE_MU_DERIV=0.00 mDebye / A, RMSE_ALPHA_per_atom=    0.03, RMSE_ALPHA_DERIV=    1.92
2025-07-13 05:38:52.461 INFO: Epoch 1028: head: Default, loss=0.4991, RMSE_MU_per_atom=0.00 mDebye, RMSE_MU_DERIV=0.00 mDebye / A, RMSE_ALPHA_per_atom=    0.03, RMSE_ALPHA_DERIV=    1.92
2025-07-13 05:39:47.712 INFO: Epoch 1029: head: Default, loss=0.5019, RMSE_MU_per_atom=0.00 mDebye, RMSE_MU_DERIV=0.00 mDebye / A, RMSE_ALPHA_per_atom=    0.03, RMSE_ALPHA_DERIV=    1.92
2025-07-13 05:40:42.972 INFO: Epoch 1030: head: Default, loss=0.5013, RMSE_MU_per_atom=0.00 mDebye, RMSE_MU_DERIV=0.00 mDebye / A, RMSE_ALPHA_per_atom=    0.03, RMSE_ALPHA_DERIV=    1.92
2025-07-13 05:41:38.236 INFO: Epoch 1031: head: Default, loss=0.5025, RMSE_MU_per_atom=0.00 mDebye, RMSE_MU_DERIV=0.00 mDebye / A, RMSE_ALPHA_per_atom=    0.03, RMSE_ALPHA_DERIV=    1.92
2025-07-13 05:42:33.499 INFO: Epoch 1032: head: Default, loss=0.5006, RMSE_MU_per_atom=0.00 mDebye, RMSE_MU_DERIV=0.00 mDebye / A, RMSE_ALPHA_per_atom=    0.03, RMSE_ALPHA_DERIV=    1.92
2025-07-13 05:43:28.759 INFO: Epoch 1033: head: Default, loss=0.5002, RMSE_MU_per_atom=0.00 mDebye, RMSE_MU_DERIV=0.00 mDebye / A, RMSE_ALPHA_per_atom=    0.03, RMSE_ALPHA_DERIV=    1.92
2025-07-13 05:44:24.012 INFO: Epoch 1034: head: Default, loss=0.4990, RMSE_MU_per_atom=0.00 mDebye, RMSE_MU_DERIV=0.00 mDebye / A, RMSE_ALPHA_per_atom=    0.03, RMSE_ALPHA_DERIV=    1.92
2025-07-13 05:45:19.269 INFO: Epoch 1035: head: Default, loss=0.5018, RMSE_MU_per_atom=0.00 mDebye, RMSE_MU_DERIV=0.00 mDebye / A, RMSE_ALPHA_per_atom=    0.03, RMSE_ALPHA_DERIV=    1.92
2025-07-13 05:46:14.527 INFO: Epoch 1036: head: Default, loss=0.5006, RMSE_MU_per_atom=0.00 mDebye, RMSE_MU_DERIV=0.00 mDebye / A, RMSE_ALPHA_per_atom=    0.03, RMSE_ALPHA_DERIV=    1.92
2025-07-13 05:47:09.785 INFO: Epoch 1037: head: Default, loss=0.5000, RMSE_MU_per_atom=0.00 mDebye, RMSE_MU_DERIV=0.00 mDebye / A, RMSE_ALPHA_per_atom=    0.03, RMSE_ALPHA_DERIV=    1.92
2025-07-13 05:48:05.065 INFO: Epoch 1038: head: Default, loss=0.4993, RMSE_MU_per_atom=0.00 mDebye, RMSE_MU_DERIV=0.00 mDebye / A, RMSE_ALPHA_per_atom=    0.03, RMSE_ALPHA_DERIV=    1.92
2025-07-13 05:49:00.327 INFO: Epoch 1039: head: Default, loss=0.5012, RMSE_MU_per_atom=0.00 mDebye, RMSE_MU_DERIV=0.00 mDebye / A, RMSE_ALPHA_per_atom=    0.03, RMSE_ALPHA_DERIV=    1.92
2025-07-13 05:49:55.601 INFO: Epoch 1040: head: Default, loss=0.4991, RMSE_MU_per_atom=0.00 mDebye, RMSE_MU_DERIV=0.00 mDebye / A, RMSE_ALPHA_per_atom=    0.03, RMSE_ALPHA_DERIV=    1.92
2025-07-13 05:50:50.880 INFO: Epoch 1041: head: Default, loss=0.5006, RMSE_MU_per_atom=0.00 mDebye, RMSE_MU_DERIV=0.00 mDebye / A, RMSE_ALPHA_per_atom=    0.03, RMSE_ALPHA_DERIV=    1.92
2025-07-13 05:51:46.144 INFO: Epoch 1042: head: Default, loss=0.5002, RMSE_MU_per_atom=0.00 mDebye, RMSE_MU_DERIV=0.00 mDebye / A, RMSE_ALPHA_per_atom=    0.03, RMSE_ALPHA_DERIV=    1.92
2025-07-13 05:52:41.412 INFO: Epoch 1043: head: Default, loss=0.5006, RMSE_MU_per_atom=0.00 mDebye, RMSE_MU_DERIV=0.00 mDebye / A, RMSE_ALPHA_per_atom=    0.03, RMSE_ALPHA_DERIV=    1.92
2025-07-13 05:53:36.679 INFO: Epoch 1044: head: Default, loss=0.5000, RMSE_MU_per_atom=0.00 mDebye, RMSE_MU_DERIV=0.00 mDebye / A, RMSE_ALPHA_per_atom=    0.03, RMSE_ALPHA_DERIV=    1.92
2025-07-13 05:54:31.944 INFO: Epoch 1045: head: Default, loss=0.5007, RMSE_MU_per_atom=0.00 mDebye, RMSE_MU_DERIV=0.00 mDebye / A, RMSE_ALPHA_per_atom=    0.03, RMSE_ALPHA_DERIV=    1.92
2025-07-13 05:55:27.200 INFO: Epoch 1046: head: Default, loss=0.5014, RMSE_MU_per_atom=0.00 mDebye, RMSE_MU_DERIV=0.00 mDebye / A, RMSE_ALPHA_per_atom=    0.03, RMSE_ALPHA_DERIV=    1.92
2025-07-13 05:56:22.462 INFO: Epoch 1047: head: Default, loss=0.5015, RMSE_MU_per_atom=0.00 mDebye, RMSE_MU_DERIV=0.00 mDebye / A, RMSE_ALPHA_per_atom=    0.03, RMSE_ALPHA_DERIV=    1.92
2025-07-13 05:57:17.737 INFO: Epoch 1048: head: Default, loss=0.4981, RMSE_MU_per_atom=0.00 mDebye, RMSE_MU_DERIV=0.00 mDebye / A, RMSE_ALPHA_per_atom=    0.03, RMSE_ALPHA_DERIV=    1.92
2025-07-13 05:58:13.017 INFO: Epoch 1049: head: Default, loss=0.4996, RMSE_MU_per_atom=0.00 mDebye, RMSE_MU_DERIV=0.00 mDebye / A, RMSE_ALPHA_per_atom=    0.03, RMSE_ALPHA_DERIV=    1.92
2025-07-13 05:59:08.282 INFO: Epoch 1050: head: Default, loss=0.5014, RMSE_MU_per_atom=0.00 mDebye, RMSE_MU_DERIV=0.00 mDebye / A, RMSE_ALPHA_per_atom=    0.03, RMSE_ALPHA_DERIV=    1.92
2025-07-13 06:00:03.541 INFO: Epoch 1051: head: Default, loss=0.5009, RMSE_MU_per_atom=0.00 mDebye, RMSE_MU_DERIV=0.00 mDebye / A, RMSE_ALPHA_per_atom=    0.03, RMSE_ALPHA_DERIV=    1.92
2025-07-13 06:00:58.813 INFO: Epoch 1052: head: Default, loss=0.5012, RMSE_MU_per_atom=0.00 mDebye, RMSE_MU_DERIV=0.00 mDebye / A, RMSE_ALPHA_per_atom=    0.03, RMSE_ALPHA_DERIV=    1.92
2025-07-13 06:01:54.094 INFO: Epoch 1053: head: Default, loss=0.5000, RMSE_MU_per_atom=0.00 mDebye, RMSE_MU_DERIV=0.00 mDebye / A, RMSE_ALPHA_per_atom=    0.03, RMSE_ALPHA_DERIV=    1.92
2025-07-13 06:02:49.369 INFO: Epoch 1054: head: Default, loss=0.4990, RMSE_MU_per_atom=0.00 mDebye, RMSE_MU_DERIV=0.00 mDebye / A, RMSE_ALPHA_per_atom=    0.03, RMSE_ALPHA_DERIV=    1.92
2025-07-13 06:03:44.649 INFO: Epoch 1055: head: Default, loss=0.5004, RMSE_MU_per_atom=0.00 mDebye, RMSE_MU_DERIV=0.00 mDebye / A, RMSE_ALPHA_per_atom=    0.03, RMSE_ALPHA_DERIV=    1.92
2025-07-13 06:04:39.927 INFO: Epoch 1056: head: Default, loss=0.4991, RMSE_MU_per_atom=0.00 mDebye, RMSE_MU_DERIV=0.00 mDebye / A, RMSE_ALPHA_per_atom=    0.03, RMSE_ALPHA_DERIV=    1.92
2025-07-13 06:05:35.217 INFO: Epoch 1057: head: Default, loss=0.5018, RMSE_MU_per_atom=0.00 mDebye, RMSE_MU_DERIV=0.00 mDebye / A, RMSE_ALPHA_per_atom=    0.03, RMSE_ALPHA_DERIV=    1.92
2025-07-13 06:06:30.496 INFO: Epoch 1058: head: Default, loss=0.5010, RMSE_MU_per_atom=0.00 mDebye, RMSE_MU_DERIV=0.00 mDebye / A, RMSE_ALPHA_per_atom=    0.03, RMSE_ALPHA_DERIV=    1.92
2025-07-13 06:07:25.774 INFO: Epoch 1059: head: Default, loss=0.5026, RMSE_MU_per_atom=0.00 mDebye, RMSE_MU_DERIV=0.00 mDebye / A, RMSE_ALPHA_per_atom=    0.03, RMSE_ALPHA_DERIV=    1.92
2025-07-13 06:08:21.060 INFO: Epoch 1060: head: Default, loss=0.5002, RMSE_MU_per_atom=0.00 mDebye, RMSE_MU_DERIV=0.00 mDebye / A, RMSE_ALPHA_per_atom=    0.03, RMSE_ALPHA_DERIV=    1.92
2025-07-13 06:09:16.345 INFO: Epoch 1061: head: Default, loss=0.5007, RMSE_MU_per_atom=0.00 mDebye, RMSE_MU_DERIV=0.00 mDebye / A, RMSE_ALPHA_per_atom=    0.03, RMSE_ALPHA_DERIV=    1.92
2025-07-13 06:10:11.619 INFO: Epoch 1062: head: Default, loss=0.4989, RMSE_MU_per_atom=0.00 mDebye, RMSE_MU_DERIV=0.00 mDebye / A, RMSE_ALPHA_per_atom=    0.03, RMSE_ALPHA_DERIV=    1.92
2025-07-13 06:11:06.914 INFO: Epoch 1063: head: Default, loss=0.5019, RMSE_MU_per_atom=0.00 mDebye, RMSE_MU_DERIV=0.00 mDebye / A, RMSE_ALPHA_per_atom=    0.03, RMSE_ALPHA_DERIV=    1.92
2025-07-13 06:12:02.194 INFO: Epoch 1064: head: Default, loss=0.5001, RMSE_MU_per_atom=0.00 mDebye, RMSE_MU_DERIV=0.00 mDebye / A, RMSE_ALPHA_per_atom=    0.03, RMSE_ALPHA_DERIV=    1.92
2025-07-13 06:12:57.476 INFO: Epoch 1065: head: Default, loss=0.5010, RMSE_MU_per_atom=0.00 mDebye, RMSE_MU_DERIV=0.00 mDebye / A, RMSE_ALPHA_per_atom=    0.03, RMSE_ALPHA_DERIV=    1.92
2025-07-13 06:13:52.756 INFO: Epoch 1066: head: Default, loss=0.4996, RMSE_MU_per_atom=0.00 mDebye, RMSE_MU_DERIV=0.00 mDebye / A, RMSE_ALPHA_per_atom=    0.03, RMSE_ALPHA_DERIV=    1.92
2025-07-13 06:14:48.054 INFO: Epoch 1067: head: Default, loss=0.4995, RMSE_MU_per_atom=0.00 mDebye, RMSE_MU_DERIV=0.00 mDebye / A, RMSE_ALPHA_per_atom=    0.03, RMSE_ALPHA_DERIV=    1.92
2025-07-13 06:15:43.356 INFO: Epoch 1068: head: Default, loss=0.5018, RMSE_MU_per_atom=0.00 mDebye, RMSE_MU_DERIV=0.00 mDebye / A, RMSE_ALPHA_per_atom=    0.03, RMSE_ALPHA_DERIV=    1.92
2025-07-13 06:16:38.652 INFO: Epoch 1069: head: Default, loss=0.5004, RMSE_MU_per_atom=0.00 mDebye, RMSE_MU_DERIV=0.00 mDebye / A, RMSE_ALPHA_per_atom=    0.03, RMSE_ALPHA_DERIV=    1.92
2025-07-13 06:17:33.954 INFO: Epoch 1070: head: Default, loss=0.5011, RMSE_MU_per_atom=0.00 mDebye, RMSE_MU_DERIV=0.00 mDebye / A, RMSE_ALPHA_per_atom=    0.03, RMSE_ALPHA_DERIV=    1.92
2025-07-13 06:18:29.262 INFO: Epoch 1071: head: Default, loss=0.5007, RMSE_MU_per_atom=0.00 mDebye, RMSE_MU_DERIV=0.00 mDebye / A, RMSE_ALPHA_per_atom=    0.03, RMSE_ALPHA_DERIV=    1.92
2025-07-13 06:19:24.564 INFO: Epoch 1072: head: Default, loss=0.5011, RMSE_MU_per_atom=0.00 mDebye, RMSE_MU_DERIV=0.00 mDebye / A, RMSE_ALPHA_per_atom=    0.03, RMSE_ALPHA_DERIV=    1.92
2025-07-13 06:20:19.861 INFO: Epoch 1073: head: Default, loss=0.5003, RMSE_MU_per_atom=0.00 mDebye, RMSE_MU_DERIV=0.00 mDebye / A, RMSE_ALPHA_per_atom=    0.03, RMSE_ALPHA_DERIV=    1.92
2025-07-13 06:21:15.146 INFO: Epoch 1074: head: Default, loss=0.5004, RMSE_MU_per_atom=0.00 mDebye, RMSE_MU_DERIV=0.00 mDebye / A, RMSE_ALPHA_per_atom=    0.03, RMSE_ALPHA_DERIV=    1.92
2025-07-13 06:22:10.445 INFO: Epoch 1075: head: Default, loss=0.5029, RMSE_MU_per_atom=0.00 mDebye, RMSE_MU_DERIV=0.00 mDebye / A, RMSE_ALPHA_per_atom=    0.03, RMSE_ALPHA_DERIV=    1.93
2025-07-13 06:23:05.724 INFO: Epoch 1076: head: Default, loss=0.5016, RMSE_MU_per_atom=0.00 mDebye, RMSE_MU_DERIV=0.00 mDebye / A, RMSE_ALPHA_per_atom=    0.03, RMSE_ALPHA_DERIV=    1.92
2025-07-13 06:24:01.006 INFO: Epoch 1077: head: Default, loss=0.5011, RMSE_MU_per_atom=0.00 mDebye, RMSE_MU_DERIV=0.00 mDebye / A, RMSE_ALPHA_per_atom=    0.03, RMSE_ALPHA_DERIV=    1.92
2025-07-13 06:24:56.295 INFO: Epoch 1078: head: Default, loss=0.5008, RMSE_MU_per_atom=0.00 mDebye, RMSE_MU_DERIV=0.00 mDebye / A, RMSE_ALPHA_per_atom=    0.03, RMSE_ALPHA_DERIV=    1.92
2025-07-13 06:25:51.583 INFO: Epoch 1079: head: Default, loss=0.5001, RMSE_MU_per_atom=0.00 mDebye, RMSE_MU_DERIV=0.00 mDebye / A, RMSE_ALPHA_per_atom=    0.03, RMSE_ALPHA_DERIV=    1.92
2025-07-13 06:26:46.857 INFO: Epoch 1080: head: Default, loss=0.4989, RMSE_MU_per_atom=0.00 mDebye, RMSE_MU_DERIV=0.00 mDebye / A, RMSE_ALPHA_per_atom=    0.03, RMSE_ALPHA_DERIV=    1.92
2025-07-13 06:27:42.146 INFO: Epoch 1081: head: Default, loss=0.5005, RMSE_MU_per_atom=0.00 mDebye, RMSE_MU_DERIV=0.00 mDebye / A, RMSE_ALPHA_per_atom=    0.03, RMSE_ALPHA_DERIV=    1.92
2025-07-13 06:28:37.433 INFO: Epoch 1082: head: Default, loss=0.5014, RMSE_MU_per_atom=0.00 mDebye, RMSE_MU_DERIV=0.00 mDebye / A, RMSE_ALPHA_per_atom=    0.03, RMSE_ALPHA_DERIV=    1.92
2025-07-13 06:29:32.699 INFO: Epoch 1083: head: Default, loss=0.5018, RMSE_MU_per_atom=0.00 mDebye, RMSE_MU_DERIV=0.00 mDebye / A, RMSE_ALPHA_per_atom=    0.03, RMSE_ALPHA_DERIV=    1.92
2025-07-13 06:30:27.971 INFO: Epoch 1084: head: Default, loss=0.5027, RMSE_MU_per_atom=0.00 mDebye, RMSE_MU_DERIV=0.00 mDebye / A, RMSE_ALPHA_per_atom=    0.03, RMSE_ALPHA_DERIV=    1.92
2025-07-13 06:31:23.253 INFO: Epoch 1085: head: Default, loss=0.5005, RMSE_MU_per_atom=0.00 mDebye, RMSE_MU_DERIV=0.00 mDebye / A, RMSE_ALPHA_per_atom=    0.03, RMSE_ALPHA_DERIV=    1.92
2025-07-13 06:32:18.539 INFO: Epoch 1086: head: Default, loss=0.5001, RMSE_MU_per_atom=0.00 mDebye, RMSE_MU_DERIV=0.00 mDebye / A, RMSE_ALPHA_per_atom=    0.03, RMSE_ALPHA_DERIV=    1.92
2025-07-13 06:33:13.820 INFO: Epoch 1087: head: Default, loss=0.4992, RMSE_MU_per_atom=0.00 mDebye, RMSE_MU_DERIV=0.00 mDebye / A, RMSE_ALPHA_per_atom=    0.03, RMSE_ALPHA_DERIV=    1.92
2025-07-13 06:34:09.090 INFO: Epoch 1088: head: Default, loss=0.5019, RMSE_MU_per_atom=0.00 mDebye, RMSE_MU_DERIV=0.00 mDebye / A, RMSE_ALPHA_per_atom=    0.03, RMSE_ALPHA_DERIV=    1.92
2025-07-13 06:35:04.372 INFO: Epoch 1089: head: Default, loss=0.5001, RMSE_MU_per_atom=0.00 mDebye, RMSE_MU_DERIV=0.00 mDebye / A, RMSE_ALPHA_per_atom=    0.03, RMSE_ALPHA_DERIV=    1.92
2025-07-13 06:35:59.662 INFO: Epoch 1090: head: Default, loss=0.5000, RMSE_MU_per_atom=0.00 mDebye, RMSE_MU_DERIV=0.00 mDebye / A, RMSE_ALPHA_per_atom=    0.03, RMSE_ALPHA_DERIV=    1.92
2025-07-13 06:36:54.952 INFO: Epoch 1091: head: Default, loss=0.5022, RMSE_MU_per_atom=0.00 mDebye, RMSE_MU_DERIV=0.00 mDebye / A, RMSE_ALPHA_per_atom=    0.03, RMSE_ALPHA_DERIV=    1.92
2025-07-13 06:37:50.243 INFO: Epoch 1092: head: Default, loss=0.5003, RMSE_MU_per_atom=0.00 mDebye, RMSE_MU_DERIV=0.00 mDebye / A, RMSE_ALPHA_per_atom=    0.03, RMSE_ALPHA_DERIV=    1.92
2025-07-13 06:38:45.520 INFO: Epoch 1093: head: Default, loss=0.5004, RMSE_MU_per_atom=0.00 mDebye, RMSE_MU_DERIV=0.00 mDebye / A, RMSE_ALPHA_per_atom=    0.03, RMSE_ALPHA_DERIV=    1.92
2025-07-13 06:39:40.799 INFO: Epoch 1094: head: Default, loss=0.5012, RMSE_MU_per_atom=0.00 mDebye, RMSE_MU_DERIV=0.00 mDebye / A, RMSE_ALPHA_per_atom=    0.03, RMSE_ALPHA_DERIV=    1.92
2025-07-13 06:40:36.077 INFO: Epoch 1095: head: Default, loss=0.4991, RMSE_MU_per_atom=0.00 mDebye, RMSE_MU_DERIV=0.00 mDebye / A, RMSE_ALPHA_per_atom=    0.03, RMSE_ALPHA_DERIV=    1.92
2025-07-13 06:41:31.359 INFO: Epoch 1096: head: Default, loss=0.5002, RMSE_MU_per_atom=0.00 mDebye, RMSE_MU_DERIV=0.00 mDebye / A, RMSE_ALPHA_per_atom=    0.03, RMSE_ALPHA_DERIV=    1.92
2025-07-13 06:42:26.646 INFO: Epoch 1097: head: Default, loss=0.5013, RMSE_MU_per_atom=0.00 mDebye, RMSE_MU_DERIV=0.00 mDebye / A, RMSE_ALPHA_per_atom=    0.03, RMSE_ALPHA_DERIV=    1.92
2025-07-13 06:43:21.920 INFO: Epoch 1098: head: Default, loss=0.4997, RMSE_MU_per_atom=0.00 mDebye, RMSE_MU_DERIV=0.00 mDebye / A, RMSE_ALPHA_per_atom=    0.03, RMSE_ALPHA_DERIV=    1.92
2025-07-13 06:44:17.201 INFO: Epoch 1099: head: Default, loss=0.5015, RMSE_MU_per_atom=0.00 mDebye, RMSE_MU_DERIV=0.00 mDebye / A, RMSE_ALPHA_per_atom=    0.03, RMSE_ALPHA_DERIV=    1.92
2025-07-13 06:45:12.481 INFO: Epoch 1100: head: Default, loss=0.4994, RMSE_MU_per_atom=0.00 mDebye, RMSE_MU_DERIV=0.00 mDebye / A, RMSE_ALPHA_per_atom=    0.03, RMSE_ALPHA_DERIV=    1.92
2025-07-13 06:46:07.769 INFO: Epoch 1101: head: Default, loss=0.5022, RMSE_MU_per_atom=0.00 mDebye, RMSE_MU_DERIV=0.00 mDebye / A, RMSE_ALPHA_per_atom=    0.03, RMSE_ALPHA_DERIV=    1.92
2025-07-13 06:47:03.046 INFO: Epoch 1102: head: Default, loss=0.5005, RMSE_MU_per_atom=0.00 mDebye, RMSE_MU_DERIV=0.00 mDebye / A, RMSE_ALPHA_per_atom=    0.03, RMSE_ALPHA_DERIV=    1.92
2025-07-13 06:47:58.327 INFO: Epoch 1103: head: Default, loss=0.5017, RMSE_MU_per_atom=0.00 mDebye, RMSE_MU_DERIV=0.00 mDebye / A, RMSE_ALPHA_per_atom=    0.03, RMSE_ALPHA_DERIV=    1.92
2025-07-13 06:48:53.600 INFO: Epoch 1104: head: Default, loss=0.4984, RMSE_MU_per_atom=0.00 mDebye, RMSE_MU_DERIV=0.00 mDebye / A, RMSE_ALPHA_per_atom=    0.03, RMSE_ALPHA_DERIV=    1.92
2025-07-13 06:49:48.869 INFO: Epoch 1105: head: Default, loss=0.5006, RMSE_MU_per_atom=0.00 mDebye, RMSE_MU_DERIV=0.00 mDebye / A, RMSE_ALPHA_per_atom=    0.03, RMSE_ALPHA_DERIV=    1.92
2025-07-13 06:50:44.147 INFO: Epoch 1106: head: Default, loss=0.5028, RMSE_MU_per_atom=0.00 mDebye, RMSE_MU_DERIV=0.00 mDebye / A, RMSE_ALPHA_per_atom=    0.03, RMSE_ALPHA_DERIV=    1.93
2025-07-13 06:51:39.428 INFO: Epoch 1107: head: Default, loss=0.5020, RMSE_MU_per_atom=0.00 mDebye, RMSE_MU_DERIV=0.00 mDebye / A, RMSE_ALPHA_per_atom=    0.03, RMSE_ALPHA_DERIV=    1.92
2025-07-13 06:52:34.710 INFO: Epoch 1108: head: Default, loss=0.5010, RMSE_MU_per_atom=0.00 mDebye, RMSE_MU_DERIV=0.00 mDebye / A, RMSE_ALPHA_per_atom=    0.03, RMSE_ALPHA_DERIV=    1.92
2025-07-13 06:53:30.022 INFO: Epoch 1109: head: Default, loss=0.5017, RMSE_MU_per_atom=0.00 mDebye, RMSE_MU_DERIV=0.00 mDebye / A, RMSE_ALPHA_per_atom=    0.03, RMSE_ALPHA_DERIV=    1.92
2025-07-13 06:54:25.329 INFO: Epoch 1110: head: Default, loss=0.5023, RMSE_MU_per_atom=0.00 mDebye, RMSE_MU_DERIV=0.00 mDebye / A, RMSE_ALPHA_per_atom=    0.03, RMSE_ALPHA_DERIV=    1.92
2025-07-13 06:55:20.630 INFO: Epoch 1111: head: Default, loss=0.5014, RMSE_MU_per_atom=0.00 mDebye, RMSE_MU_DERIV=0.00 mDebye / A, RMSE_ALPHA_per_atom=    0.03, RMSE_ALPHA_DERIV=    1.92
2025-07-13 06:56:15.920 INFO: Epoch 1112: head: Default, loss=0.5014, RMSE_MU_per_atom=0.00 mDebye, RMSE_MU_DERIV=0.00 mDebye / A, RMSE_ALPHA_per_atom=    0.03, RMSE_ALPHA_DERIV=    1.92
2025-07-13 06:57:11.201 INFO: Epoch 1113: head: Default, loss=0.5026, RMSE_MU_per_atom=0.00 mDebye, RMSE_MU_DERIV=0.00 mDebye / A, RMSE_ALPHA_per_atom=    0.03, RMSE_ALPHA_DERIV=    1.92
2025-07-13 06:58:06.481 INFO: Epoch 1114: head: Default, loss=0.4987, RMSE_MU_per_atom=0.00 mDebye, RMSE_MU_DERIV=0.00 mDebye / A, RMSE_ALPHA_per_atom=    0.03, RMSE_ALPHA_DERIV=    1.92
2025-07-13 06:59:01.763 INFO: Epoch 1115: head: Default, loss=0.5013, RMSE_MU_per_atom=0.00 mDebye, RMSE_MU_DERIV=0.00 mDebye / A, RMSE_ALPHA_per_atom=    0.03, RMSE_ALPHA_DERIV=    1.92
2025-07-13 06:59:57.038 INFO: Epoch 1116: head: Default, loss=0.5015, RMSE_MU_per_atom=0.00 mDebye, RMSE_MU_DERIV=0.00 mDebye / A, RMSE_ALPHA_per_atom=    0.03, RMSE_ALPHA_DERIV=    1.92
2025-07-13 07:00:52.308 INFO: Epoch 1117: head: Default, loss=0.5022, RMSE_MU_per_atom=0.00 mDebye, RMSE_MU_DERIV=0.00 mDebye / A, RMSE_ALPHA_per_atom=    0.03, RMSE_ALPHA_DERIV=    1.92
2025-07-13 07:01:47.581 INFO: Epoch 1118: head: Default, loss=0.5000, RMSE_MU_per_atom=0.00 mDebye, RMSE_MU_DERIV=0.00 mDebye / A, RMSE_ALPHA_per_atom=    0.03, RMSE_ALPHA_DERIV=    1.92
2025-07-13 07:02:42.862 INFO: Epoch 1119: head: Default, loss=0.5002, RMSE_MU_per_atom=0.00 mDebye, RMSE_MU_DERIV=0.00 mDebye / A, RMSE_ALPHA_per_atom=    0.03, RMSE_ALPHA_DERIV=    1.92
2025-07-13 07:03:38.141 INFO: Epoch 1120: head: Default, loss=0.5011, RMSE_MU_per_atom=0.00 mDebye, RMSE_MU_DERIV=0.00 mDebye / A, RMSE_ALPHA_per_atom=    0.03, RMSE_ALPHA_DERIV=    1.92
2025-07-13 07:04:33.438 INFO: Epoch 1121: head: Default, loss=0.5008, RMSE_MU_per_atom=0.00 mDebye, RMSE_MU_DERIV=0.00 mDebye / A, RMSE_ALPHA_per_atom=    0.03, RMSE_ALPHA_DERIV=    1.92
2025-07-13 07:05:28.721 INFO: Epoch 1122: head: Default, loss=0.4999, RMSE_MU_per_atom=0.00 mDebye, RMSE_MU_DERIV=0.00 mDebye / A, RMSE_ALPHA_per_atom=    0.03, RMSE_ALPHA_DERIV=    1.92
2025-07-13 07:06:24.004 INFO: Epoch 1123: head: Default, loss=0.5013, RMSE_MU_per_atom=0.00 mDebye, RMSE_MU_DERIV=0.00 mDebye / A, RMSE_ALPHA_per_atom=    0.03, RMSE_ALPHA_DERIV=    1.92
2025-07-13 07:07:19.279 INFO: Epoch 1124: head: Default, loss=0.5001, RMSE_MU_per_atom=0.00 mDebye, RMSE_MU_DERIV=0.00 mDebye / A, RMSE_ALPHA_per_atom=    0.03, RMSE_ALPHA_DERIV=    1.92
2025-07-13 07:08:14.569 INFO: Epoch 1125: head: Default, loss=0.5008, RMSE_MU_per_atom=0.00 mDebye, RMSE_MU_DERIV=0.00 mDebye / A, RMSE_ALPHA_per_atom=    0.03, RMSE_ALPHA_DERIV=    1.92
2025-07-13 07:09:09.864 INFO: Epoch 1126: head: Default, loss=0.4998, RMSE_MU_per_atom=0.00 mDebye, RMSE_MU_DERIV=0.00 mDebye / A, RMSE_ALPHA_per_atom=    0.03, RMSE_ALPHA_DERIV=    1.92
2025-07-13 07:10:05.150 INFO: Epoch 1127: head: Default, loss=0.4995, RMSE_MU_per_atom=0.00 mDebye, RMSE_MU_DERIV=0.00 mDebye / A, RMSE_ALPHA_per_atom=    0.03, RMSE_ALPHA_DERIV=    1.92
2025-07-13 07:11:00.439 INFO: Epoch 1128: head: Default, loss=0.5022, RMSE_MU_per_atom=0.00 mDebye, RMSE_MU_DERIV=0.00 mDebye / A, RMSE_ALPHA_per_atom=    0.03, RMSE_ALPHA_DERIV=    1.92
2025-07-13 07:11:55.721 INFO: Epoch 1129: head: Default, loss=0.5013, RMSE_MU_per_atom=0.00 mDebye, RMSE_MU_DERIV=0.00 mDebye / A, RMSE_ALPHA_per_atom=    0.03, RMSE_ALPHA_DERIV=    1.92
2025-07-13 07:12:51.008 INFO: Epoch 1130: head: Default, loss=0.5008, RMSE_MU_per_atom=0.00 mDebye, RMSE_MU_DERIV=0.00 mDebye / A, RMSE_ALPHA_per_atom=    0.03, RMSE_ALPHA_DERIV=    1.92
2025-07-13 07:13:46.296 INFO: Epoch 1131: head: Default, loss=0.5015, RMSE_MU_per_atom=0.00 mDebye, RMSE_MU_DERIV=0.00 mDebye / A, RMSE_ALPHA_per_atom=    0.03, RMSE_ALPHA_DERIV=    1.92
2025-07-13 07:14:41.584 INFO: Epoch 1132: head: Default, loss=0.4994, RMSE_MU_per_atom=0.00 mDebye, RMSE_MU_DERIV=0.00 mDebye / A, RMSE_ALPHA_per_atom=    0.03, RMSE_ALPHA_DERIV=    1.92
2025-07-13 07:15:36.879 INFO: Epoch 1133: head: Default, loss=0.5000, RMSE_MU_per_atom=0.00 mDebye, RMSE_MU_DERIV=0.00 mDebye / A, RMSE_ALPHA_per_atom=    0.03, RMSE_ALPHA_DERIV=    1.92
2025-07-13 07:16:32.169 INFO: Epoch 1134: head: Default, loss=0.4998, RMSE_MU_per_atom=0.00 mDebye, RMSE_MU_DERIV=0.00 mDebye / A, RMSE_ALPHA_per_atom=    0.03, RMSE_ALPHA_DERIV=    1.92
2025-07-13 07:17:27.453 INFO: Epoch 1135: head: Default, loss=0.5021, RMSE_MU_per_atom=0.00 mDebye, RMSE_MU_DERIV=0.00 mDebye / A, RMSE_ALPHA_per_atom=    0.03, RMSE_ALPHA_DERIV=    1.92
2025-07-13 07:18:22.742 INFO: Epoch 1136: head: Default, loss=0.5025, RMSE_MU_per_atom=0.00 mDebye, RMSE_MU_DERIV=0.00 mDebye / A, RMSE_ALPHA_per_atom=    0.03, RMSE_ALPHA_DERIV=    1.92
2025-07-13 07:19:18.033 INFO: Epoch 1137: head: Default, loss=0.5007, RMSE_MU_per_atom=0.00 mDebye, RMSE_MU_DERIV=0.00 mDebye / A, RMSE_ALPHA_per_atom=    0.03, RMSE_ALPHA_DERIV=    1.92
2025-07-13 07:20:13.334 INFO: Epoch 1138: head: Default, loss=0.5015, RMSE_MU_per_atom=0.00 mDebye, RMSE_MU_DERIV=0.00 mDebye / A, RMSE_ALPHA_per_atom=    0.03, RMSE_ALPHA_DERIV=    1.92
2025-07-13 07:21:08.644 INFO: Epoch 1139: head: Default, loss=0.4999, RMSE_MU_per_atom=0.00 mDebye, RMSE_MU_DERIV=0.00 mDebye / A, RMSE_ALPHA_per_atom=    0.03, RMSE_ALPHA_DERIV=    1.92
2025-07-13 07:22:03.936 INFO: Epoch 1140: head: Default, loss=0.4999, RMSE_MU_per_atom=0.00 mDebye, RMSE_MU_DERIV=0.00 mDebye / A, RMSE_ALPHA_per_atom=    0.03, RMSE_ALPHA_DERIV=    1.92
2025-07-13 07:22:59.235 INFO: Epoch 1141: head: Default, loss=0.4996, RMSE_MU_per_atom=0.00 mDebye, RMSE_MU_DERIV=0.00 mDebye / A, RMSE_ALPHA_per_atom=    0.03, RMSE_ALPHA_DERIV=    1.92
2025-07-13 07:23:54.522 INFO: Epoch 1142: head: Default, loss=0.4999, RMSE_MU_per_atom=0.00 mDebye, RMSE_MU_DERIV=0.00 mDebye / A, RMSE_ALPHA_per_atom=    0.03, RMSE_ALPHA_DERIV=    1.92
2025-07-13 07:24:49.818 INFO: Epoch 1143: head: Default, loss=0.5010, RMSE_MU_per_atom=0.00 mDebye, RMSE_MU_DERIV=0.00 mDebye / A, RMSE_ALPHA_per_atom=    0.03, RMSE_ALPHA_DERIV=    1.92
2025-07-13 07:25:45.111 INFO: Epoch 1144: head: Default, loss=0.5015, RMSE_MU_per_atom=0.00 mDebye, RMSE_MU_DERIV=0.00 mDebye / A, RMSE_ALPHA_per_atom=    0.03, RMSE_ALPHA_DERIV=    1.92
2025-07-13 07:26:40.410 INFO: Epoch 1145: head: Default, loss=0.5014, RMSE_MU_per_atom=0.00 mDebye, RMSE_MU_DERIV=0.00 mDebye / A, RMSE_ALPHA_per_atom=    0.03, RMSE_ALPHA_DERIV=    1.92
2025-07-13 07:27:35.703 INFO: Epoch 1146: head: Default, loss=0.5000, RMSE_MU_per_atom=0.00 mDebye, RMSE_MU_DERIV=0.00 mDebye / A, RMSE_ALPHA_per_atom=    0.03, RMSE_ALPHA_DERIV=    1.92
2025-07-13 07:28:31.004 INFO: Epoch 1147: head: Default, loss=0.5003, RMSE_MU_per_atom=0.00 mDebye, RMSE_MU_DERIV=0.00 mDebye / A, RMSE_ALPHA_per_atom=    0.03, RMSE_ALPHA_DERIV=    1.92
2025-07-13 07:29:26.299 INFO: Epoch 1148: head: Default, loss=0.5009, RMSE_MU_per_atom=0.00 mDebye, RMSE_MU_DERIV=0.00 mDebye / A, RMSE_ALPHA_per_atom=    0.03, RMSE_ALPHA_DERIV=    1.92
2025-07-13 07:30:21.586 INFO: Epoch 1149: head: Default, loss=0.5025, RMSE_MU_per_atom=0.00 mDebye, RMSE_MU_DERIV=0.00 mDebye / A, RMSE_ALPHA_per_atom=    0.03, RMSE_ALPHA_DERIV=    1.92
2025-07-13 07:31:16.864 INFO: Epoch 1150: head: Default, loss=0.5007, RMSE_MU_per_atom=0.00 mDebye, RMSE_MU_DERIV=0.00 mDebye / A, RMSE_ALPHA_per_atom=    0.03, RMSE_ALPHA_DERIV=    1.92
2025-07-13 07:32:12.153 INFO: Epoch 1151: head: Default, loss=0.5011, RMSE_MU_per_atom=0.00 mDebye, RMSE_MU_DERIV=0.00 mDebye / A, RMSE_ALPHA_per_atom=    0.03, RMSE_ALPHA_DERIV=    1.92
2025-07-13 07:33:07.442 INFO: Epoch 1152: head: Default, loss=0.5000, RMSE_MU_per_atom=0.00 mDebye, RMSE_MU_DERIV=0.00 mDebye / A, RMSE_ALPHA_per_atom=    0.03, RMSE_ALPHA_DERIV=    1.92
2025-07-13 07:34:02.727 INFO: Epoch 1153: head: Default, loss=0.5004, RMSE_MU_per_atom=0.00 mDebye, RMSE_MU_DERIV=0.00 mDebye / A, RMSE_ALPHA_per_atom=    0.03, RMSE_ALPHA_DERIV=    1.92
2025-07-13 07:34:58.002 INFO: Epoch 1154: head: Default, loss=0.5000, RMSE_MU_per_atom=0.00 mDebye, RMSE_MU_DERIV=0.00 mDebye / A, RMSE_ALPHA_per_atom=    0.03, RMSE_ALPHA_DERIV=    1.92
2025-07-13 07:35:53.278 INFO: Epoch 1155: head: Default, loss=0.5005, RMSE_MU_per_atom=0.00 mDebye, RMSE_MU_DERIV=0.00 mDebye / A, RMSE_ALPHA_per_atom=    0.03, RMSE_ALPHA_DERIV=    1.92
2025-07-13 07:36:48.543 INFO: Epoch 1156: head: Default, loss=0.5007, RMSE_MU_per_atom=0.00 mDebye, RMSE_MU_DERIV=0.00 mDebye / A, RMSE_ALPHA_per_atom=    0.03, RMSE_ALPHA_DERIV=    1.92
2025-07-13 07:37:43.820 INFO: Epoch 1157: head: Default, loss=0.5010, RMSE_MU_per_atom=0.00 mDebye, RMSE_MU_DERIV=0.00 mDebye / A, RMSE_ALPHA_per_atom=    0.03, RMSE_ALPHA_DERIV=    1.92
2025-07-13 07:38:39.094 INFO: Epoch 1158: head: Default, loss=0.5005, RMSE_MU_per_atom=0.00 mDebye, RMSE_MU_DERIV=0.00 mDebye / A, RMSE_ALPHA_per_atom=    0.03, RMSE_ALPHA_DERIV=    1.92
2025-07-13 07:39:34.354 INFO: Epoch 1159: head: Default, loss=0.4992, RMSE_MU_per_atom=0.00 mDebye, RMSE_MU_DERIV=0.00 mDebye / A, RMSE_ALPHA_per_atom=    0.03, RMSE_ALPHA_DERIV=    1.92
2025-07-13 07:40:29.626 INFO: Epoch 1160: head: Default, loss=0.4998, RMSE_MU_per_atom=0.00 mDebye, RMSE_MU_DERIV=0.00 mDebye / A, RMSE_ALPHA_per_atom=    0.03, RMSE_ALPHA_DERIV=    1.92
2025-07-13 07:41:24.893 INFO: Epoch 1161: head: Default, loss=0.5033, RMSE_MU_per_atom=0.00 mDebye, RMSE_MU_DERIV=0.00 mDebye / A, RMSE_ALPHA_per_atom=    0.03, RMSE_ALPHA_DERIV=    1.93
2025-07-13 07:42:20.154 INFO: Epoch 1162: head: Default, loss=0.5019, RMSE_MU_per_atom=0.00 mDebye, RMSE_MU_DERIV=0.00 mDebye / A, RMSE_ALPHA_per_atom=    0.03, RMSE_ALPHA_DERIV=    1.92
2025-07-13 07:43:15.419 INFO: Epoch 1163: head: Default, loss=0.5018, RMSE_MU_per_atom=0.00 mDebye, RMSE_MU_DERIV=0.00 mDebye / A, RMSE_ALPHA_per_atom=    0.03, RMSE_ALPHA_DERIV=    1.92
2025-07-13 07:44:10.684 INFO: Epoch 1164: head: Default, loss=0.5018, RMSE_MU_per_atom=0.00 mDebye, RMSE_MU_DERIV=0.00 mDebye / A, RMSE_ALPHA_per_atom=    0.03, RMSE_ALPHA_DERIV=    1.92
2025-07-13 07:45:05.943 INFO: Epoch 1165: head: Default, loss=0.5017, RMSE_MU_per_atom=0.00 mDebye, RMSE_MU_DERIV=0.00 mDebye / A, RMSE_ALPHA_per_atom=    0.03, RMSE_ALPHA_DERIV=    1.92
2025-07-13 07:46:01.205 INFO: Epoch 1166: head: Default, loss=0.5008, RMSE_MU_per_atom=0.00 mDebye, RMSE_MU_DERIV=0.00 mDebye / A, RMSE_ALPHA_per_atom=    0.03, RMSE_ALPHA_DERIV=    1.92
2025-07-13 07:46:56.464 INFO: Epoch 1167: head: Default, loss=0.5009, RMSE_MU_per_atom=0.00 mDebye, RMSE_MU_DERIV=0.00 mDebye / A, RMSE_ALPHA_per_atom=    0.03, RMSE_ALPHA_DERIV=    1.92
2025-07-13 07:47:51.722 INFO: Epoch 1168: head: Default, loss=0.5008, RMSE_MU_per_atom=0.00 mDebye, RMSE_MU_DERIV=0.00 mDebye / A, RMSE_ALPHA_per_atom=    0.03, RMSE_ALPHA_DERIV=    1.92
2025-07-13 07:48:46.982 INFO: Epoch 1169: head: Default, loss=0.5030, RMSE_MU_per_atom=0.00 mDebye, RMSE_MU_DERIV=0.00 mDebye / A, RMSE_ALPHA_per_atom=    0.03, RMSE_ALPHA_DERIV=    1.93
2025-07-13 07:49:42.249 INFO: Epoch 1170: head: Default, loss=0.4991, RMSE_MU_per_atom=0.00 mDebye, RMSE_MU_DERIV=0.00 mDebye / A, RMSE_ALPHA_per_atom=    0.03, RMSE_ALPHA_DERIV=    1.92
2025-07-13 07:50:37.523 INFO: Epoch 1171: head: Default, loss=0.5006, RMSE_MU_per_atom=0.00 mDebye, RMSE_MU_DERIV=0.00 mDebye / A, RMSE_ALPHA_per_atom=    0.03, RMSE_ALPHA_DERIV=    1.92
2025-07-13 07:51:32.777 INFO: Epoch 1172: head: Default, loss=0.5010, RMSE_MU_per_atom=0.00 mDebye, RMSE_MU_DERIV=0.00 mDebye / A, RMSE_ALPHA_per_atom=    0.03, RMSE_ALPHA_DERIV=    1.92
2025-07-13 07:52:28.037 INFO: Epoch 1173: head: Default, loss=0.5017, RMSE_MU_per_atom=0.00 mDebye, RMSE_MU_DERIV=0.00 mDebye / A, RMSE_ALPHA_per_atom=    0.03, RMSE_ALPHA_DERIV=    1.92
2025-07-13 07:53:23.308 INFO: Epoch 1174: head: Default, loss=0.5005, RMSE_MU_per_atom=0.00 mDebye, RMSE_MU_DERIV=0.00 mDebye / A, RMSE_ALPHA_per_atom=    0.03, RMSE_ALPHA_DERIV=    1.92
2025-07-13 07:54:18.593 INFO: Epoch 1175: head: Default, loss=0.5001, RMSE_MU_per_atom=0.00 mDebye, RMSE_MU_DERIV=0.00 mDebye / A, RMSE_ALPHA_per_atom=    0.03, RMSE_ALPHA_DERIV=    1.92
2025-07-13 07:55:13.873 INFO: Epoch 1176: head: Default, loss=0.5015, RMSE_MU_per_atom=0.00 mDebye, RMSE_MU_DERIV=0.00 mDebye / A, RMSE_ALPHA_per_atom=    0.03, RMSE_ALPHA_DERIV=    1.92
2025-07-13 07:56:09.147 INFO: Epoch 1177: head: Default, loss=0.5030, RMSE_MU_per_atom=0.00 mDebye, RMSE_MU_DERIV=0.00 mDebye / A, RMSE_ALPHA_per_atom=    0.03, RMSE_ALPHA_DERIV=    1.93
2025-07-13 07:57:04.423 INFO: Epoch 1178: head: Default, loss=0.5004, RMSE_MU_per_atom=0.00 mDebye, RMSE_MU_DERIV=0.00 mDebye / A, RMSE_ALPHA_per_atom=    0.03, RMSE_ALPHA_DERIV=    1.92
2025-07-13 07:57:59.689 INFO: Epoch 1179: head: Default, loss=0.4997, RMSE_MU_per_atom=0.00 mDebye, RMSE_MU_DERIV=0.00 mDebye / A, RMSE_ALPHA_per_atom=    0.03, RMSE_ALPHA_DERIV=    1.92
2025-07-13 07:58:54.952 INFO: Epoch 1180: head: Default, loss=0.5024, RMSE_MU_per_atom=0.00 mDebye, RMSE_MU_DERIV=0.00 mDebye / A, RMSE_ALPHA_per_atom=    0.03, RMSE_ALPHA_DERIV=    1.92
2025-07-13 07:59:50.216 INFO: Epoch 1181: head: Default, loss=0.4997, RMSE_MU_per_atom=0.00 mDebye, RMSE_MU_DERIV=0.00 mDebye / A, RMSE_ALPHA_per_atom=    0.03, RMSE_ALPHA_DERIV=    1.92
2025-07-13 08:00:45.483 INFO: Epoch 1182: head: Default, loss=0.5012, RMSE_MU_per_atom=0.00 mDebye, RMSE_MU_DERIV=0.00 mDebye / A, RMSE_ALPHA_per_atom=    0.03, RMSE_ALPHA_DERIV=    1.92
2025-07-13 08:01:40.750 INFO: Epoch 1183: head: Default, loss=0.4994, RMSE_MU_per_atom=0.00 mDebye, RMSE_MU_DERIV=0.00 mDebye / A, RMSE_ALPHA_per_atom=    0.03, RMSE_ALPHA_DERIV=    1.92
2025-07-13 08:02:36.035 INFO: Epoch 1184: head: Default, loss=0.5009, RMSE_MU_per_atom=0.00 mDebye, RMSE_MU_DERIV=0.00 mDebye / A, RMSE_ALPHA_per_atom=    0.03, RMSE_ALPHA_DERIV=    1.92
2025-07-13 08:03:31.319 INFO: Epoch 1185: head: Default, loss=0.5001, RMSE_MU_per_atom=0.00 mDebye, RMSE_MU_DERIV=0.00 mDebye / A, RMSE_ALPHA_per_atom=    0.03, RMSE_ALPHA_DERIV=    1.92
2025-07-13 08:04:26.597 INFO: Epoch 1186: head: Default, loss=0.5022, RMSE_MU_per_atom=0.00 mDebye, RMSE_MU_DERIV=0.00 mDebye / A, RMSE_ALPHA_per_atom=    0.03, RMSE_ALPHA_DERIV=    1.92
2025-07-13 08:05:21.877 INFO: Epoch 1187: head: Default, loss=0.5015, RMSE_MU_per_atom=0.00 mDebye, RMSE_MU_DERIV=0.00 mDebye / A, RMSE_ALPHA_per_atom=    0.03, RMSE_ALPHA_DERIV=    1.92
2025-07-13 08:06:17.152 INFO: Epoch 1188: head: Default, loss=0.5008, RMSE_MU_per_atom=0.00 mDebye, RMSE_MU_DERIV=0.00 mDebye / A, RMSE_ALPHA_per_atom=    0.03, RMSE_ALPHA_DERIV=    1.92
2025-07-13 08:07:12.422 INFO: Epoch 1189: head: Default, loss=0.5011, RMSE_MU_per_atom=0.00 mDebye, RMSE_MU_DERIV=0.00 mDebye / A, RMSE_ALPHA_per_atom=    0.03, RMSE_ALPHA_DERIV=    1.92
2025-07-13 08:08:07.694 INFO: Epoch 1190: head: Default, loss=0.4998, RMSE_MU_per_atom=0.00 mDebye, RMSE_MU_DERIV=0.00 mDebye / A, RMSE_ALPHA_per_atom=    0.03, RMSE_ALPHA_DERIV=    1.92
2025-07-13 08:09:02.962 INFO: Epoch 1191: head: Default, loss=0.5002, RMSE_MU_per_atom=0.00 mDebye, RMSE_MU_DERIV=0.00 mDebye / A, RMSE_ALPHA_per_atom=    0.03, RMSE_ALPHA_DERIV=    1.92
2025-07-13 08:09:58.242 INFO: Epoch 1192: head: Default, loss=0.5012, RMSE_MU_per_atom=0.00 mDebye, RMSE_MU_DERIV=0.00 mDebye / A, RMSE_ALPHA_per_atom=    0.03, RMSE_ALPHA_DERIV=    1.92
2025-07-13 08:10:53.522 INFO: Epoch 1193: head: Default, loss=0.4997, RMSE_MU_per_atom=0.00 mDebye, RMSE_MU_DERIV=0.00 mDebye / A, RMSE_ALPHA_per_atom=    0.03, RMSE_ALPHA_DERIV=    1.92
2025-07-13 08:11:48.792 INFO: Epoch 1194: head: Default, loss=0.5005, RMSE_MU_per_atom=0.00 mDebye, RMSE_MU_DERIV=0.00 mDebye / A, RMSE_ALPHA_per_atom=    0.03, RMSE_ALPHA_DERIV=    1.92
2025-07-13 08:12:44.072 INFO: Epoch 1195: head: Default, loss=0.5007, RMSE_MU_per_atom=0.00 mDebye, RMSE_MU_DERIV=0.00 mDebye / A, RMSE_ALPHA_per_atom=    0.03, RMSE_ALPHA_DERIV=    1.92
2025-07-13 08:13:39.359 INFO: Epoch 1196: head: Default, loss=0.4999, RMSE_MU_per_atom=0.00 mDebye, RMSE_MU_DERIV=0.00 mDebye / A, RMSE_ALPHA_per_atom=    0.03, RMSE_ALPHA_DERIV=    1.92
2025-07-13 08:14:34.644 INFO: Epoch 1197: head: Default, loss=0.5000, RMSE_MU_per_atom=0.00 mDebye, RMSE_MU_DERIV=0.00 mDebye / A, RMSE_ALPHA_per_atom=    0.03, RMSE_ALPHA_DERIV=    1.92
2025-07-13 08:15:29.936 INFO: Epoch 1198: head: Default, loss=0.5008, RMSE_MU_per_atom=0.00 mDebye, RMSE_MU_DERIV=0.00 mDebye / A, RMSE_ALPHA_per_atom=    0.03, RMSE_ALPHA_DERIV=    1.92
2025-07-13 08:16:25.220 INFO: Epoch 1199: head: Default, loss=0.5004, RMSE_MU_per_atom=0.00 mDebye, RMSE_MU_DERIV=0.00 mDebye / A, RMSE_ALPHA_per_atom=    0.03, RMSE_ALPHA_DERIV=    1.92
2025-07-13 08:17:20.513 INFO: Epoch 1200: head: Default, loss=0.5020, RMSE_MU_per_atom=0.00 mDebye, RMSE_MU_DERIV=0.00 mDebye / A, RMSE_ALPHA_per_atom=    0.03, RMSE_ALPHA_DERIV=    1.92
2025-07-13 08:18:15.784 INFO: Epoch 1201: head: Default, loss=0.5003, RMSE_MU_per_atom=0.00 mDebye, RMSE_MU_DERIV=0.00 mDebye / A, RMSE_ALPHA_per_atom=    0.03, RMSE_ALPHA_DERIV=    1.92
2025-07-13 08:19:11.070 INFO: Epoch 1202: head: Default, loss=0.5006, RMSE_MU_per_atom=0.00 mDebye, RMSE_MU_DERIV=0.00 mDebye / A, RMSE_ALPHA_per_atom=    0.03, RMSE_ALPHA_DERIV=    1.92
2025-07-13 08:20:06.357 INFO: Epoch 1203: head: Default, loss=0.5005, RMSE_MU_per_atom=0.00 mDebye, RMSE_MU_DERIV=0.00 mDebye / A, RMSE_ALPHA_per_atom=    0.03, RMSE_ALPHA_DERIV=    1.92
2025-07-13 08:21:01.633 INFO: Epoch 1204: head: Default, loss=0.5015, RMSE_MU_per_atom=0.00 mDebye, RMSE_MU_DERIV=0.00 mDebye / A, RMSE_ALPHA_per_atom=    0.03, RMSE_ALPHA_DERIV=    1.92
2025-07-13 08:21:56.919 INFO: Epoch 1205: head: Default, loss=0.5007, RMSE_MU_per_atom=0.00 mDebye, RMSE_MU_DERIV=0.00 mDebye / A, RMSE_ALPHA_per_atom=    0.03, RMSE_ALPHA_DERIV=    1.92
2025-07-13 08:22:52.197 INFO: Epoch 1206: head: Default, loss=0.5004, RMSE_MU_per_atom=0.00 mDebye, RMSE_MU_DERIV=0.00 mDebye / A, RMSE_ALPHA_per_atom=    0.03, RMSE_ALPHA_DERIV=    1.92
2025-07-13 08:23:47.478 INFO: Epoch 1207: head: Default, loss=0.5014, RMSE_MU_per_atom=0.00 mDebye, RMSE_MU_DERIV=0.00 mDebye / A, RMSE_ALPHA_per_atom=    0.03, RMSE_ALPHA_DERIV=    1.92
2025-07-13 08:24:42.770 INFO: Epoch 1208: head: Default, loss=0.5032, RMSE_MU_per_atom=0.00 mDebye, RMSE_MU_DERIV=0.00 mDebye / A, RMSE_ALPHA_per_atom=    0.03, RMSE_ALPHA_DERIV=    1.93
2025-07-13 08:25:38.061 INFO: Epoch 1209: head: Default, loss=0.5011, RMSE_MU_per_atom=0.00 mDebye, RMSE_MU_DERIV=0.00 mDebye / A, RMSE_ALPHA_per_atom=    0.03, RMSE_ALPHA_DERIV=    1.92
2025-07-13 08:26:33.345 INFO: Epoch 1210: head: Default, loss=0.5000, RMSE_MU_per_atom=0.00 mDebye, RMSE_MU_DERIV=0.00 mDebye / A, RMSE_ALPHA_per_atom=    0.03, RMSE_ALPHA_DERIV=    1.92
2025-07-13 08:27:28.626 INFO: Epoch 1211: head: Default, loss=0.5008, RMSE_MU_per_atom=0.00 mDebye, RMSE_MU_DERIV=0.00 mDebye / A, RMSE_ALPHA_per_atom=    0.03, RMSE_ALPHA_DERIV=    1.92
2025-07-13 08:28:23.918 INFO: Epoch 1212: head: Default, loss=0.5008, RMSE_MU_per_atom=0.00 mDebye, RMSE_MU_DERIV=0.00 mDebye / A, RMSE_ALPHA_per_atom=    0.03, RMSE_ALPHA_DERIV=    1.92
2025-07-13 08:29:19.214 INFO: Epoch 1213: head: Default, loss=0.5029, RMSE_MU_per_atom=0.00 mDebye, RMSE_MU_DERIV=0.00 mDebye / A, RMSE_ALPHA_per_atom=    0.03, RMSE_ALPHA_DERIV=    1.92
2025-07-13 08:30:14.527 INFO: Epoch 1214: head: Default, loss=0.5001, RMSE_MU_per_atom=0.00 mDebye, RMSE_MU_DERIV=0.00 mDebye / A, RMSE_ALPHA_per_atom=    0.03, RMSE_ALPHA_DERIV=    1.92
2025-07-13 08:31:09.829 INFO: Epoch 1215: head: Default, loss=0.5009, RMSE_MU_per_atom=0.00 mDebye, RMSE_MU_DERIV=0.00 mDebye / A, RMSE_ALPHA_per_atom=    0.03, RMSE_ALPHA_DERIV=    1.92
2025-07-13 08:32:05.123 INFO: Epoch 1216: head: Default, loss=0.5019, RMSE_MU_per_atom=0.00 mDebye, RMSE_MU_DERIV=0.00 mDebye / A, RMSE_ALPHA_per_atom=    0.03, RMSE_ALPHA_DERIV=    1.92
2025-07-13 08:33:00.405 INFO: Epoch 1217: head: Default, loss=0.5014, RMSE_MU_per_atom=0.00 mDebye, RMSE_MU_DERIV=0.00 mDebye / A, RMSE_ALPHA_per_atom=    0.03, RMSE_ALPHA_DERIV=    1.92
2025-07-13 08:33:55.685 INFO: Epoch 1218: head: Default, loss=0.5004, RMSE_MU_per_atom=0.00 mDebye, RMSE_MU_DERIV=0.00 mDebye / A, RMSE_ALPHA_per_atom=    0.03, RMSE_ALPHA_DERIV=    1.92
2025-07-13 08:34:50.968 INFO: Epoch 1219: head: Default, loss=0.5017, RMSE_MU_per_atom=0.00 mDebye, RMSE_MU_DERIV=0.00 mDebye / A, RMSE_ALPHA_per_atom=    0.03, RMSE_ALPHA_DERIV=    1.92
2025-07-13 08:35:46.258 INFO: Epoch 1220: head: Default, loss=0.5010, RMSE_MU_per_atom=0.00 mDebye, RMSE_MU_DERIV=0.00 mDebye / A, RMSE_ALPHA_per_atom=    0.03, RMSE_ALPHA_DERIV=    1.92
2025-07-13 08:36:41.531 INFO: Epoch 1221: head: Default, loss=0.5013, RMSE_MU_per_atom=0.00 mDebye, RMSE_MU_DERIV=0.00 mDebye / A, RMSE_ALPHA_per_atom=    0.03, RMSE_ALPHA_DERIV=    1.92
2025-07-13 08:37:36.826 INFO: Epoch 1222: head: Default, loss=0.5009, RMSE_MU_per_atom=0.00 mDebye, RMSE_MU_DERIV=0.00 mDebye / A, RMSE_ALPHA_per_atom=    0.03, RMSE_ALPHA_DERIV=    1.92
2025-07-13 08:38:32.123 INFO: Epoch 1223: head: Default, loss=0.5003, RMSE_MU_per_atom=0.00 mDebye, RMSE_MU_DERIV=0.00 mDebye / A, RMSE_ALPHA_per_atom=    0.03, RMSE_ALPHA_DERIV=    1.92
2025-07-13 08:39:27.406 INFO: Epoch 1224: head: Default, loss=0.5011, RMSE_MU_per_atom=0.00 mDebye, RMSE_MU_DERIV=0.00 mDebye / A, RMSE_ALPHA_per_atom=    0.03, RMSE_ALPHA_DERIV=    1.92
2025-07-13 08:40:22.691 INFO: Epoch 1225: head: Default, loss=0.5015, RMSE_MU_per_atom=0.00 mDebye, RMSE_MU_DERIV=0.00 mDebye / A, RMSE_ALPHA_per_atom=    0.03, RMSE_ALPHA_DERIV=    1.92
2025-07-13 08:41:17.969 INFO: Epoch 1226: head: Default, loss=0.5007, RMSE_MU_per_atom=0.00 mDebye, RMSE_MU_DERIV=0.00 mDebye / A, RMSE_ALPHA_per_atom=    0.03, RMSE_ALPHA_DERIV=    1.92
2025-07-13 08:42:13.254 INFO: Epoch 1227: head: Default, loss=0.5022, RMSE_MU_per_atom=0.00 mDebye, RMSE_MU_DERIV=0.00 mDebye / A, RMSE_ALPHA_per_atom=    0.03, RMSE_ALPHA_DERIV=    1.92
2025-07-13 08:43:08.546 INFO: Epoch 1228: head: Default, loss=0.5003, RMSE_MU_per_atom=0.00 mDebye, RMSE_MU_DERIV=0.00 mDebye / A, RMSE_ALPHA_per_atom=    0.03, RMSE_ALPHA_DERIV=    1.92
2025-07-13 08:44:03.830 INFO: Epoch 1229: head: Default, loss=0.5026, RMSE_MU_per_atom=0.00 mDebye, RMSE_MU_DERIV=0.00 mDebye / A, RMSE_ALPHA_per_atom=    0.03, RMSE_ALPHA_DERIV=    1.92
2025-07-13 08:44:59.100 INFO: Epoch 1230: head: Default, loss=0.4998, RMSE_MU_per_atom=0.00 mDebye, RMSE_MU_DERIV=0.00 mDebye / A, RMSE_ALPHA_per_atom=    0.03, RMSE_ALPHA_DERIV=    1.92
2025-07-13 08:45:54.377 INFO: Epoch 1231: head: Default, loss=0.5003, RMSE_MU_per_atom=0.00 mDebye, RMSE_MU_DERIV=0.00 mDebye / A, RMSE_ALPHA_per_atom=    0.03, RMSE_ALPHA_DERIV=    1.92
2025-07-13 08:46:49.647 INFO: Epoch 1232: head: Default, loss=0.5008, RMSE_MU_per_atom=0.00 mDebye, RMSE_MU_DERIV=0.00 mDebye / A, RMSE_ALPHA_per_atom=    0.03, RMSE_ALPHA_DERIV=    1.92
2025-07-13 08:47:44.921 INFO: Epoch 1233: head: Default, loss=0.5002, RMSE_MU_per_atom=0.00 mDebye, RMSE_MU_DERIV=0.00 mDebye / A, RMSE_ALPHA_per_atom=    0.03, RMSE_ALPHA_DERIV=    1.92
2025-07-13 08:48:40.192 INFO: Epoch 1234: head: Default, loss=0.5012, RMSE_MU_per_atom=0.00 mDebye, RMSE_MU_DERIV=0.00 mDebye / A, RMSE_ALPHA_per_atom=    0.03, RMSE_ALPHA_DERIV=    1.92
2025-07-13 08:49:35.460 INFO: Epoch 1235: head: Default, loss=0.5012, RMSE_MU_per_atom=0.00 mDebye, RMSE_MU_DERIV=0.00 mDebye / A, RMSE_ALPHA_per_atom=    0.03, RMSE_ALPHA_DERIV=    1.92
2025-07-13 08:50:30.733 INFO: Epoch 1236: head: Default, loss=0.5017, RMSE_MU_per_atom=0.00 mDebye, RMSE_MU_DERIV=0.00 mDebye / A, RMSE_ALPHA_per_atom=    0.03, RMSE_ALPHA_DERIV=    1.92
2025-07-13 08:51:26.032 INFO: Epoch 1237: head: Default, loss=0.5005, RMSE_MU_per_atom=0.00 mDebye, RMSE_MU_DERIV=0.00 mDebye / A, RMSE_ALPHA_per_atom=    0.03, RMSE_ALPHA_DERIV=    1.92
2025-07-13 08:52:21.320 INFO: Epoch 1238: head: Default, loss=0.5008, RMSE_MU_per_atom=0.00 mDebye, RMSE_MU_DERIV=0.00 mDebye / A, RMSE_ALPHA_per_atom=    0.03, RMSE_ALPHA_DERIV=    1.92
2025-07-13 08:53:16.608 INFO: Epoch 1239: head: Default, loss=0.5013, RMSE_MU_per_atom=0.00 mDebye, RMSE_MU_DERIV=0.00 mDebye / A, RMSE_ALPHA_per_atom=    0.03, RMSE_ALPHA_DERIV=    1.92
2025-07-13 08:54:11.887 INFO: Epoch 1240: head: Default, loss=0.5007, RMSE_MU_per_atom=0.00 mDebye, RMSE_MU_DERIV=0.00 mDebye / A, RMSE_ALPHA_per_atom=    0.03, RMSE_ALPHA_DERIV=    1.92
2025-07-13 08:55:07.184 INFO: Epoch 1241: head: Default, loss=0.5014, RMSE_MU_per_atom=0.00 mDebye, RMSE_MU_DERIV=0.00 mDebye / A, RMSE_ALPHA_per_atom=    0.03, RMSE_ALPHA_DERIV=    1.92
2025-07-13 08:56:02.506 INFO: Epoch 1242: head: Default, loss=0.5011, RMSE_MU_per_atom=0.00 mDebye, RMSE_MU_DERIV=0.00 mDebye / A, RMSE_ALPHA_per_atom=    0.03, RMSE_ALPHA_DERIV=    1.92
2025-07-13 08:56:57.814 INFO: Epoch 1243: head: Default, loss=0.5008, RMSE_MU_per_atom=0.00 mDebye, RMSE_MU_DERIV=0.00 mDebye / A, RMSE_ALPHA_per_atom=    0.03, RMSE_ALPHA_DERIV=    1.92
2025-07-13 08:57:53.098 INFO: Epoch 1244: head: Default, loss=0.5012, RMSE_MU_per_atom=0.00 mDebye, RMSE_MU_DERIV=0.00 mDebye / A, RMSE_ALPHA_per_atom=    0.03, RMSE_ALPHA_DERIV=    1.92
2025-07-13 08:58:48.389 INFO: Epoch 1245: head: Default, loss=0.5013, RMSE_MU_per_atom=0.00 mDebye, RMSE_MU_DERIV=0.00 mDebye / A, RMSE_ALPHA_per_atom=    0.03, RMSE_ALPHA_DERIV=    1.92
2025-07-13 08:59:43.688 INFO: Epoch 1246: head: Default, loss=0.5004, RMSE_MU_per_atom=0.00 mDebye, RMSE_MU_DERIV=0.00 mDebye / A, RMSE_ALPHA_per_atom=    0.03, RMSE_ALPHA_DERIV=    1.92
2025-07-13 09:00:38.989 INFO: Epoch 1247: head: Default, loss=0.5002, RMSE_MU_per_atom=0.00 mDebye, RMSE_MU_DERIV=0.00 mDebye / A, RMSE_ALPHA_per_atom=    0.03, RMSE_ALPHA_DERIV=    1.92
2025-07-13 09:01:34.285 INFO: Epoch 1248: head: Default, loss=0.5011, RMSE_MU_per_atom=0.00 mDebye, RMSE_MU_DERIV=0.00 mDebye / A, RMSE_ALPHA_per_atom=    0.03, RMSE_ALPHA_DERIV=    1.92
2025-07-13 09:02:29.584 INFO: Epoch 1249: head: Default, loss=0.5020, RMSE_MU_per_atom=0.00 mDebye, RMSE_MU_DERIV=0.00 mDebye / A, RMSE_ALPHA_per_atom=    0.03, RMSE_ALPHA_DERIV=    1.92
2025-07-13 09:03:24.875 INFO: Epoch 1250: head: Default, loss=0.5015, RMSE_MU_per_atom=0.00 mDebye, RMSE_MU_DERIV=0.00 mDebye / A, RMSE_ALPHA_per_atom=    0.03, RMSE_ALPHA_DERIV=    1.92
2025-07-13 09:04:20.167 INFO: Epoch 1251: head: Default, loss=0.5006, RMSE_MU_per_atom=0.00 mDebye, RMSE_MU_DERIV=0.00 mDebye / A, RMSE_ALPHA_per_atom=    0.03, RMSE_ALPHA_DERIV=    1.92
2025-07-13 09:05:15.480 INFO: Epoch 1252: head: Default, loss=0.5008, RMSE_MU_per_atom=0.00 mDebye, RMSE_MU_DERIV=0.00 mDebye / A, RMSE_ALPHA_per_atom=    0.03, RMSE_ALPHA_DERIV=    1.92
2025-07-13 09:06:10.782 INFO: Epoch 1253: head: Default, loss=0.5013, RMSE_MU_per_atom=0.00 mDebye, RMSE_MU_DERIV=0.00 mDebye / A, RMSE_ALPHA_per_atom=    0.03, RMSE_ALPHA_DERIV=    1.92
2025-07-13 09:07:06.091 INFO: Epoch 1254: head: Default, loss=0.5006, RMSE_MU_per_atom=0.00 mDebye, RMSE_MU_DERIV=0.00 mDebye / A, RMSE_ALPHA_per_atom=    0.03, RMSE_ALPHA_DERIV=    1.92
2025-07-13 09:08:01.395 INFO: Epoch 1255: head: Default, loss=0.5009, RMSE_MU_per_atom=0.00 mDebye, RMSE_MU_DERIV=0.00 mDebye / A, RMSE_ALPHA_per_atom=    0.03, RMSE_ALPHA_DERIV=    1.92
2025-07-13 09:08:56.696 INFO: Epoch 1256: head: Default, loss=0.5011, RMSE_MU_per_atom=0.00 mDebye, RMSE_MU_DERIV=0.00 mDebye / A, RMSE_ALPHA_per_atom=    0.03, RMSE_ALPHA_DERIV=    1.92
2025-07-13 09:09:52.001 INFO: Epoch 1257: head: Default, loss=0.5010, RMSE_MU_per_atom=0.00 mDebye, RMSE_MU_DERIV=0.00 mDebye / A, RMSE_ALPHA_per_atom=    0.03, RMSE_ALPHA_DERIV=    1.92
2025-07-13 09:10:47.308 INFO: Epoch 1258: head: Default, loss=0.5018, RMSE_MU_per_atom=0.00 mDebye, RMSE_MU_DERIV=0.00 mDebye / A, RMSE_ALPHA_per_atom=    0.03, RMSE_ALPHA_DERIV=    1.92
2025-07-13 09:11:42.633 INFO: Epoch 1259: head: Default, loss=0.5008, RMSE_MU_per_atom=0.00 mDebye, RMSE_MU_DERIV=0.00 mDebye / A, RMSE_ALPHA_per_atom=    0.03, RMSE_ALPHA_DERIV=    1.92
2025-07-13 09:12:37.945 INFO: Epoch 1260: head: Default, loss=0.5006, RMSE_MU_per_atom=0.00 mDebye, RMSE_MU_DERIV=0.00 mDebye / A, RMSE_ALPHA_per_atom=    0.03, RMSE_ALPHA_DERIV=    1.92
2025-07-13 09:13:33.242 INFO: Epoch 1261: head: Default, loss=0.5010, RMSE_MU_per_atom=0.00 mDebye, RMSE_MU_DERIV=0.00 mDebye / A, RMSE_ALPHA_per_atom=    0.03, RMSE_ALPHA_DERIV=    1.92
2025-07-13 09:14:28.536 INFO: Epoch 1262: head: Default, loss=0.5018, RMSE_MU_per_atom=0.00 mDebye, RMSE_MU_DERIV=0.00 mDebye / A, RMSE_ALPHA_per_atom=    0.03, RMSE_ALPHA_DERIV=    1.92
2025-07-13 09:15:23.832 INFO: Epoch 1263: head: Default, loss=0.5001, RMSE_MU_per_atom=0.00 mDebye, RMSE_MU_DERIV=0.00 mDebye / A, RMSE_ALPHA_per_atom=    0.03, RMSE_ALPHA_DERIV=    1.92
2025-07-13 09:16:19.133 INFO: Epoch 1264: head: Default, loss=0.5004, RMSE_MU_per_atom=0.00 mDebye, RMSE_MU_DERIV=0.00 mDebye / A, RMSE_ALPHA_per_atom=    0.03, RMSE_ALPHA_DERIV=    1.92
2025-07-13 09:17:14.430 INFO: Epoch 1265: head: Default, loss=0.5012, RMSE_MU_per_atom=0.00 mDebye, RMSE_MU_DERIV=0.00 mDebye / A, RMSE_ALPHA_per_atom=    0.03, RMSE_ALPHA_DERIV=    1.92
2025-07-13 09:18:09.728 INFO: Epoch 1266: head: Default, loss=0.5003, RMSE_MU_per_atom=0.00 mDebye, RMSE_MU_DERIV=0.00 mDebye / A, RMSE_ALPHA_per_atom=    0.03, RMSE_ALPHA_DERIV=    1.92
2025-07-13 09:19:05.029 INFO: Epoch 1267: head: Default, loss=0.5006, RMSE_MU_per_atom=0.00 mDebye, RMSE_MU_DERIV=0.00 mDebye / A, RMSE_ALPHA_per_atom=    0.03, RMSE_ALPHA_DERIV=    1.92
2025-07-13 09:20:00.326 INFO: Epoch 1268: head: Default, loss=0.5012, RMSE_MU_per_atom=0.00 mDebye, RMSE_MU_DERIV=0.00 mDebye / A, RMSE_ALPHA_per_atom=    0.03, RMSE_ALPHA_DERIV=    1.92
2025-07-13 09:20:55.619 INFO: Epoch 1269: head: Default, loss=0.5013, RMSE_MU_per_atom=0.00 mDebye, RMSE_MU_DERIV=0.00 mDebye / A, RMSE_ALPHA_per_atom=    0.03, RMSE_ALPHA_DERIV=    1.92
2025-07-13 09:21:50.900 INFO: Epoch 1270: head: Default, loss=0.5007, RMSE_MU_per_atom=0.00 mDebye, RMSE_MU_DERIV=0.00 mDebye / A, RMSE_ALPHA_per_atom=    0.03, RMSE_ALPHA_DERIV=    1.92
2025-07-13 09:22:46.195 INFO: Epoch 1271: head: Default, loss=0.5010, RMSE_MU_per_atom=0.00 mDebye, RMSE_MU_DERIV=0.00 mDebye / A, RMSE_ALPHA_per_atom=    0.03, RMSE_ALPHA_DERIV=    1.92
2025-07-13 09:23:41.493 INFO: Epoch 1272: head: Default, loss=0.5007, RMSE_MU_per_atom=0.00 mDebye, RMSE_MU_DERIV=0.00 mDebye / A, RMSE_ALPHA_per_atom=    0.03, RMSE_ALPHA_DERIV=    1.92
2025-07-13 09:24:36.792 INFO: Epoch 1273: head: Default, loss=0.5005, RMSE_MU_per_atom=0.00 mDebye, RMSE_MU_DERIV=0.00 mDebye / A, RMSE_ALPHA_per_atom=    0.03, RMSE_ALPHA_DERIV=    1.92
2025-07-13 09:25:32.094 INFO: Epoch 1274: head: Default, loss=0.5008, RMSE_MU_per_atom=0.00 mDebye, RMSE_MU_DERIV=0.00 mDebye / A, RMSE_ALPHA_per_atom=    0.03, RMSE_ALPHA_DERIV=    1.92
2025-07-13 09:26:27.391 INFO: Epoch 1275: head: Default, loss=0.5011, RMSE_MU_per_atom=0.00 mDebye, RMSE_MU_DERIV=0.00 mDebye / A, RMSE_ALPHA_per_atom=    0.03, RMSE_ALPHA_DERIV=    1.92
2025-07-13 09:27:22.685 INFO: Epoch 1276: head: Default, loss=0.5015, RMSE_MU_per_atom=0.00 mDebye, RMSE_MU_DERIV=0.00 mDebye / A, RMSE_ALPHA_per_atom=    0.03, RMSE_ALPHA_DERIV=    1.92
2025-07-13 09:28:17.980 INFO: Epoch 1277: head: Default, loss=0.5011, RMSE_MU_per_atom=0.00 mDebye, RMSE_MU_DERIV=0.00 mDebye / A, RMSE_ALPHA_per_atom=    0.03, RMSE_ALPHA_DERIV=    1.92
2025-07-13 09:29:13.296 INFO: Epoch 1278: head: Default, loss=0.5015, RMSE_MU_per_atom=0.00 mDebye, RMSE_MU_DERIV=0.00 mDebye / A, RMSE_ALPHA_per_atom=    0.03, RMSE_ALPHA_DERIV=    1.92
2025-07-13 09:30:08.592 INFO: Epoch 1279: head: Default, loss=0.5002, RMSE_MU_per_atom=0.00 mDebye, RMSE_MU_DERIV=0.00 mDebye / A, RMSE_ALPHA_per_atom=    0.03, RMSE_ALPHA_DERIV=    1.92
2025-07-13 09:31:03.901 INFO: Epoch 1280: head: Default, loss=0.5008, RMSE_MU_per_atom=0.00 mDebye, RMSE_MU_DERIV=0.00 mDebye / A, RMSE_ALPHA_per_atom=    0.03, RMSE_ALPHA_DERIV=    1.92
2025-07-13 09:31:59.217 INFO: Epoch 1281: head: Default, loss=0.5008, RMSE_MU_per_atom=0.00 mDebye, RMSE_MU_DERIV=0.00 mDebye / A, RMSE_ALPHA_per_atom=    0.03, RMSE_ALPHA_DERIV=    1.92
2025-07-13 09:32:54.513 INFO: Epoch 1282: head: Default, loss=0.5019, RMSE_MU_per_atom=0.00 mDebye, RMSE_MU_DERIV=0.00 mDebye / A, RMSE_ALPHA_per_atom=    0.03, RMSE_ALPHA_DERIV=    1.92
2025-07-13 09:33:49.810 INFO: Epoch 1283: head: Default, loss=0.5007, RMSE_MU_per_atom=0.00 mDebye, RMSE_MU_DERIV=0.00 mDebye / A, RMSE_ALPHA_per_atom=    0.03, RMSE_ALPHA_DERIV=    1.92
2025-07-13 09:34:45.112 INFO: Epoch 1284: head: Default, loss=0.5016, RMSE_MU_per_atom=0.00 mDebye, RMSE_MU_DERIV=0.00 mDebye / A, RMSE_ALPHA_per_atom=    0.03, RMSE_ALPHA_DERIV=    1.92
2025-07-13 09:35:40.422 INFO: Epoch 1285: head: Default, loss=0.5009, RMSE_MU_per_atom=0.00 mDebye, RMSE_MU_DERIV=0.00 mDebye / A, RMSE_ALPHA_per_atom=    0.03, RMSE_ALPHA_DERIV=    1.92
2025-07-13 09:36:35.709 INFO: Epoch 1286: head: Default, loss=0.5015, RMSE_MU_per_atom=0.00 mDebye, RMSE_MU_DERIV=0.00 mDebye / A, RMSE_ALPHA_per_atom=    0.03, RMSE_ALPHA_DERIV=    1.92
2025-07-13 09:37:30.999 INFO: Epoch 1287: head: Default, loss=0.5007, RMSE_MU_per_atom=0.00 mDebye, RMSE_MU_DERIV=0.00 mDebye / A, RMSE_ALPHA_per_atom=    0.03, RMSE_ALPHA_DERIV=    1.92
2025-07-13 09:38:26.297 INFO: Epoch 1288: head: Default, loss=0.5017, RMSE_MU_per_atom=0.00 mDebye, RMSE_MU_DERIV=0.00 mDebye / A, RMSE_ALPHA_per_atom=    0.03, RMSE_ALPHA_DERIV=    1.92
2025-07-13 09:39:21.591 INFO: Epoch 1289: head: Default, loss=0.5017, RMSE_MU_per_atom=0.00 mDebye, RMSE_MU_DERIV=0.00 mDebye / A, RMSE_ALPHA_per_atom=    0.03, RMSE_ALPHA_DERIV=    1.92
2025-07-13 09:40:16.872 INFO: Epoch 1290: head: Default, loss=0.5005, RMSE_MU_per_atom=0.00 mDebye, RMSE_MU_DERIV=0.00 mDebye / A, RMSE_ALPHA_per_atom=    0.03, RMSE_ALPHA_DERIV=    1.92
2025-07-13 09:41:12.168 INFO: Epoch 1291: head: Default, loss=0.5014, RMSE_MU_per_atom=0.00 mDebye, RMSE_MU_DERIV=0.00 mDebye / A, RMSE_ALPHA_per_atom=    0.03, RMSE_ALPHA_DERIV=    1.92
2025-07-13 09:42:07.469 INFO: Epoch 1292: head: Default, loss=0.5013, RMSE_MU_per_atom=0.00 mDebye, RMSE_MU_DERIV=0.00 mDebye / A, RMSE_ALPHA_per_atom=    0.03, RMSE_ALPHA_DERIV=    1.92
2025-07-13 09:43:02.760 INFO: Epoch 1293: head: Default, loss=0.5009, RMSE_MU_per_atom=0.00 mDebye, RMSE_MU_DERIV=0.00 mDebye / A, RMSE_ALPHA_per_atom=    0.03, RMSE_ALPHA_DERIV=    1.92
2025-07-13 09:43:58.054 INFO: Epoch 1294: head: Default, loss=0.5015, RMSE_MU_per_atom=0.00 mDebye, RMSE_MU_DERIV=0.00 mDebye / A, RMSE_ALPHA_per_atom=    0.03, RMSE_ALPHA_DERIV=    1.92
2025-07-13 09:44:53.343 INFO: Epoch 1295: head: Default, loss=0.5014, RMSE_MU_per_atom=0.00 mDebye, RMSE_MU_DERIV=0.00 mDebye / A, RMSE_ALPHA_per_atom=    0.03, RMSE_ALPHA_DERIV=    1.92
2025-07-13 09:45:48.643 INFO: Epoch 1296: head: Default, loss=0.5013, RMSE_MU_per_atom=0.00 mDebye, RMSE_MU_DERIV=0.00 mDebye / A, RMSE_ALPHA_per_atom=    0.03, RMSE_ALPHA_DERIV=    1.92
2025-07-13 09:46:43.933 INFO: Epoch 1297: head: Default, loss=0.5013, RMSE_MU_per_atom=0.00 mDebye, RMSE_MU_DERIV=0.00 mDebye / A, RMSE_ALPHA_per_atom=    0.03, RMSE_ALPHA_DERIV=    1.92
2025-07-13 09:47:39.229 INFO: Epoch 1298: head: Default, loss=0.5006, RMSE_MU_per_atom=0.00 mDebye, RMSE_MU_DERIV=0.00 mDebye / A, RMSE_ALPHA_per_atom=    0.03, RMSE_ALPHA_DERIV=    1.92
2025-07-13 09:48:34.533 INFO: Epoch 1299: head: Default, loss=0.5014, RMSE_MU_per_atom=0.00 mDebye, RMSE_MU_DERIV=0.00 mDebye / A, RMSE_ALPHA_per_atom=    0.03, RMSE_ALPHA_DERIV=    1.92
2025-07-13 09:49:29.849 INFO: Epoch 1300: head: Default, loss=0.5017, RMSE_MU_per_atom=0.00 mDebye, RMSE_MU_DERIV=0.00 mDebye / A, RMSE_ALPHA_per_atom=    0.03, RMSE_ALPHA_DERIV=    1.92
2025-07-13 09:50:25.160 INFO: Epoch 1301: head: Default, loss=0.5002, RMSE_MU_per_atom=0.00 mDebye, RMSE_MU_DERIV=0.00 mDebye / A, RMSE_ALPHA_per_atom=    0.03, RMSE_ALPHA_DERIV=    1.92
2025-07-13 09:51:20.444 INFO: Epoch 1302: head: Default, loss=0.5020, RMSE_MU_per_atom=0.00 mDebye, RMSE_MU_DERIV=0.00 mDebye / A, RMSE_ALPHA_per_atom=    0.03, RMSE_ALPHA_DERIV=    1.92
2025-07-13 09:52:15.740 INFO: Epoch 1303: head: Default, loss=0.5007, RMSE_MU_per_atom=0.00 mDebye, RMSE_MU_DERIV=0.00 mDebye / A, RMSE_ALPHA_per_atom=    0.03, RMSE_ALPHA_DERIV=    1.92
2025-07-13 09:53:11.032 INFO: Epoch 1304: head: Default, loss=0.5016, RMSE_MU_per_atom=0.00 mDebye, RMSE_MU_DERIV=0.00 mDebye / A, RMSE_ALPHA_per_atom=    0.03, RMSE_ALPHA_DERIV=    1.92
2025-07-13 09:54:06.336 INFO: Epoch 1305: head: Default, loss=0.5014, RMSE_MU_per_atom=0.00 mDebye, RMSE_MU_DERIV=0.00 mDebye / A, RMSE_ALPHA_per_atom=    0.03, RMSE_ALPHA_DERIV=    1.92
2025-07-13 09:55:01.633 INFO: Epoch 1306: head: Default, loss=0.5008, RMSE_MU_per_atom=0.00 mDebye, RMSE_MU_DERIV=0.00 mDebye / A, RMSE_ALPHA_per_atom=    0.03, RMSE_ALPHA_DERIV=    1.92
2025-07-13 09:55:56.924 INFO: Epoch 1307: head: Default, loss=0.5010, RMSE_MU_per_atom=0.00 mDebye, RMSE_MU_DERIV=0.00 mDebye / A, RMSE_ALPHA_per_atom=    0.03, RMSE_ALPHA_DERIV=    1.92
2025-07-13 09:56:52.224 INFO: Epoch 1308: head: Default, loss=0.5013, RMSE_MU_per_atom=0.00 mDebye, RMSE_MU_DERIV=0.00 mDebye / A, RMSE_ALPHA_per_atom=    0.03, RMSE_ALPHA_DERIV=    1.92
2025-07-13 09:57:47.519 INFO: Epoch 1309: head: Default, loss=0.5012, RMSE_MU_per_atom=0.00 mDebye, RMSE_MU_DERIV=0.00 mDebye / A, RMSE_ALPHA_per_atom=    0.03, RMSE_ALPHA_DERIV=    1.92
2025-07-13 09:58:42.810 INFO: Epoch 1310: head: Default, loss=0.5008, RMSE_MU_per_atom=0.00 mDebye, RMSE_MU_DERIV=0.00 mDebye / A, RMSE_ALPHA_per_atom=    0.03, RMSE_ALPHA_DERIV=    1.92
2025-07-13 09:59:38.094 INFO: Epoch 1311: head: Default, loss=0.5005, RMSE_MU_per_atom=0.00 mDebye, RMSE_MU_DERIV=0.00 mDebye / A, RMSE_ALPHA_per_atom=    0.03, RMSE_ALPHA_DERIV=    1.92
2025-07-13 10:00:33.370 INFO: Epoch 1312: head: Default, loss=0.5015, RMSE_MU_per_atom=0.00 mDebye, RMSE_MU_DERIV=0.00 mDebye / A, RMSE_ALPHA_per_atom=    0.03, RMSE_ALPHA_DERIV=    1.92
2025-07-13 10:01:28.658 INFO: Epoch 1313: head: Default, loss=0.5008, RMSE_MU_per_atom=0.00 mDebye, RMSE_MU_DERIV=0.00 mDebye / A, RMSE_ALPHA_per_atom=    0.03, RMSE_ALPHA_DERIV=    1.92
2025-07-13 10:02:23.929 INFO: Epoch 1314: head: Default, loss=0.5015, RMSE_MU_per_atom=0.00 mDebye, RMSE_MU_DERIV=0.00 mDebye / A, RMSE_ALPHA_per_atom=    0.03, RMSE_ALPHA_DERIV=    1.92
2025-07-13 10:03:19.196 INFO: Epoch 1315: head: Default, loss=0.5008, RMSE_MU_per_atom=0.00 mDebye, RMSE_MU_DERIV=0.00 mDebye / A, RMSE_ALPHA_per_atom=    0.03, RMSE_ALPHA_DERIV=    1.92
2025-07-13 10:04:14.460 INFO: Epoch 1316: head: Default, loss=0.5014, RMSE_MU_per_atom=0.00 mDebye, RMSE_MU_DERIV=0.00 mDebye / A, RMSE_ALPHA_per_atom=    0.03, RMSE_ALPHA_DERIV=    1.92
2025-07-13 10:05:09.735 INFO: Epoch 1317: head: Default, loss=0.5007, RMSE_MU_per_atom=0.00 mDebye, RMSE_MU_DERIV=0.00 mDebye / A, RMSE_ALPHA_per_atom=    0.03, RMSE_ALPHA_DERIV=    1.92
2025-07-13 10:06:05.006 INFO: Epoch 1318: head: Default, loss=0.5012, RMSE_MU_per_atom=0.00 mDebye, RMSE_MU_DERIV=0.00 mDebye / A, RMSE_ALPHA_per_atom=    0.03, RMSE_ALPHA_DERIV=    1.92
2025-07-13 10:07:00.279 INFO: Epoch 1319: head: Default, loss=0.5012, RMSE_MU_per_atom=0.00 mDebye, RMSE_MU_DERIV=0.00 mDebye / A, RMSE_ALPHA_per_atom=    0.03, RMSE_ALPHA_DERIV=    1.92
2025-07-13 10:07:55.544 INFO: Epoch 1320: head: Default, loss=0.5014, RMSE_MU_per_atom=0.00 mDebye, RMSE_MU_DERIV=0.00 mDebye / A, RMSE_ALPHA_per_atom=    0.03, RMSE_ALPHA_DERIV=    1.92
2025-07-13 10:08:50.827 INFO: Epoch 1321: head: Default, loss=0.5016, RMSE_MU_per_atom=0.00 mDebye, RMSE_MU_DERIV=0.00 mDebye / A, RMSE_ALPHA_per_atom=    0.03, RMSE_ALPHA_DERIV=    1.92
2025-07-13 10:09:46.105 INFO: Epoch 1322: head: Default, loss=0.5009, RMSE_MU_per_atom=0.00 mDebye, RMSE_MU_DERIV=0.00 mDebye / A, RMSE_ALPHA_per_atom=    0.03, RMSE_ALPHA_DERIV=    1.92
2025-07-13 10:10:41.395 INFO: Epoch 1323: head: Default, loss=0.5011, RMSE_MU_per_atom=0.00 mDebye, RMSE_MU_DERIV=0.00 mDebye / A, RMSE_ALPHA_per_atom=    0.03, RMSE_ALPHA_DERIV=    1.92
2025-07-13 10:11:36.677 INFO: Epoch 1324: head: Default, loss=0.5017, RMSE_MU_per_atom=0.00 mDebye, RMSE_MU_DERIV=0.00 mDebye / A, RMSE_ALPHA_per_atom=    0.03, RMSE_ALPHA_DERIV=    1.92
2025-07-13 10:12:31.964 INFO: Epoch 1325: head: Default, loss=0.5015, RMSE_MU_per_atom=0.00 mDebye, RMSE_MU_DERIV=0.00 mDebye / A, RMSE_ALPHA_per_atom=    0.03, RMSE_ALPHA_DERIV=    1.92
2025-07-13 10:13:27.261 INFO: Epoch 1326: head: Default, loss=0.5015, RMSE_MU_per_atom=0.00 mDebye, RMSE_MU_DERIV=0.00 mDebye / A, RMSE_ALPHA_per_atom=    0.03, RMSE_ALPHA_DERIV=    1.92
2025-07-13 10:14:22.562 INFO: Epoch 1327: head: Default, loss=0.5011, RMSE_MU_per_atom=0.00 mDebye, RMSE_MU_DERIV=0.00 mDebye / A, RMSE_ALPHA_per_atom=    0.03, RMSE_ALPHA_DERIV=    1.92
2025-07-13 10:15:17.848 INFO: Epoch 1328: head: Default, loss=0.5014, RMSE_MU_per_atom=0.00 mDebye, RMSE_MU_DERIV=0.00 mDebye / A, RMSE_ALPHA_per_atom=    0.03, RMSE_ALPHA_DERIV=    1.92
2025-07-13 10:16:13.143 INFO: Epoch 1329: head: Default, loss=0.5008, RMSE_MU_per_atom=0.00 mDebye, RMSE_MU_DERIV=0.00 mDebye / A, RMSE_ALPHA_per_atom=    0.03, RMSE_ALPHA_DERIV=    1.92
2025-07-13 10:17:08.445 INFO: Epoch 1330: head: Default, loss=0.5009, RMSE_MU_per_atom=0.00 mDebye, RMSE_MU_DERIV=0.00 mDebye / A, RMSE_ALPHA_per_atom=    0.03, RMSE_ALPHA_DERIV=    1.92
2025-07-13 10:18:03.750 INFO: Epoch 1331: head: Default, loss=0.5014, RMSE_MU_per_atom=0.00 mDebye, RMSE_MU_DERIV=0.00 mDebye / A, RMSE_ALPHA_per_atom=    0.03, RMSE_ALPHA_DERIV=    1.92
2025-07-13 10:18:59.035 INFO: Epoch 1332: head: Default, loss=0.5007, RMSE_MU_per_atom=0.00 mDebye, RMSE_MU_DERIV=0.00 mDebye / A, RMSE_ALPHA_per_atom=    0.03, RMSE_ALPHA_DERIV=    1.92
2025-07-13 10:19:54.327 INFO: Epoch 1333: head: Default, loss=0.5008, RMSE_MU_per_atom=0.00 mDebye, RMSE_MU_DERIV=0.00 mDebye / A, RMSE_ALPHA_per_atom=    0.03, RMSE_ALPHA_DERIV=    1.92
2025-07-13 10:20:49.604 INFO: Epoch 1334: head: Default, loss=0.5016, RMSE_MU_per_atom=0.00 mDebye, RMSE_MU_DERIV=0.00 mDebye / A, RMSE_ALPHA_per_atom=    0.03, RMSE_ALPHA_DERIV=    1.92
2025-07-13 10:21:44.888 INFO: Epoch 1335: head: Default, loss=0.5013, RMSE_MU_per_atom=0.00 mDebye, RMSE_MU_DERIV=0.00 mDebye / A, RMSE_ALPHA_per_atom=    0.03, RMSE_ALPHA_DERIV=    1.92
2025-07-13 10:22:40.184 INFO: Epoch 1336: head: Default, loss=0.5010, RMSE_MU_per_atom=0.00 mDebye, RMSE_MU_DERIV=0.00 mDebye / A, RMSE_ALPHA_per_atom=    0.03, RMSE_ALPHA_DERIV=    1.92
2025-07-13 10:23:35.477 INFO: Epoch 1337: head: Default, loss=0.5017, RMSE_MU_per_atom=0.00 mDebye, RMSE_MU_DERIV=0.00 mDebye / A, RMSE_ALPHA_per_atom=    0.03, RMSE_ALPHA_DERIV=    1.92
2025-07-13 10:24:30.766 INFO: Epoch 1338: head: Default, loss=0.5011, RMSE_MU_per_atom=0.00 mDebye, RMSE_MU_DERIV=0.00 mDebye / A, RMSE_ALPHA_per_atom=    0.03, RMSE_ALPHA_DERIV=    1.92
2025-07-13 10:25:26.058 INFO: Epoch 1339: head: Default, loss=0.5016, RMSE_MU_per_atom=0.00 mDebye, RMSE_MU_DERIV=0.00 mDebye / A, RMSE_ALPHA_per_atom=    0.03, RMSE_ALPHA_DERIV=    1.92
2025-07-13 10:26:21.342 INFO: Epoch 1340: head: Default, loss=0.5011, RMSE_MU_per_atom=0.00 mDebye, RMSE_MU_DERIV=0.00 mDebye / A, RMSE_ALPHA_per_atom=    0.03, RMSE_ALPHA_DERIV=    1.92
2025-07-13 10:27:16.620 INFO: Epoch 1341: head: Default, loss=0.5008, RMSE_MU_per_atom=0.00 mDebye, RMSE_MU_DERIV=0.00 mDebye / A, RMSE_ALPHA_per_atom=    0.03, RMSE_ALPHA_DERIV=    1.92
2025-07-13 10:28:11.912 INFO: Epoch 1342: head: Default, loss=0.5006, RMSE_MU_per_atom=0.00 mDebye, RMSE_MU_DERIV=0.00 mDebye / A, RMSE_ALPHA_per_atom=    0.03, RMSE_ALPHA_DERIV=    1.92
2025-07-13 10:29:07.204 INFO: Epoch 1343: head: Default, loss=0.5018, RMSE_MU_per_atom=0.00 mDebye, RMSE_MU_DERIV=0.00 mDebye / A, RMSE_ALPHA_per_atom=    0.03, RMSE_ALPHA_DERIV=    1.92
2025-07-13 10:30:02.509 INFO: Epoch 1344: head: Default, loss=0.5009, RMSE_MU_per_atom=0.00 mDebye, RMSE_MU_DERIV=0.00 mDebye / A, RMSE_ALPHA_per_atom=    0.03, RMSE_ALPHA_DERIV=    1.92
2025-07-13 10:30:57.810 INFO: Epoch 1345: head: Default, loss=0.5011, RMSE_MU_per_atom=0.00 mDebye, RMSE_MU_DERIV=0.00 mDebye / A, RMSE_ALPHA_per_atom=    0.03, RMSE_ALPHA_DERIV=    1.92
2025-07-13 10:31:53.102 INFO: Epoch 1346: head: Default, loss=0.5008, RMSE_MU_per_atom=0.00 mDebye, RMSE_MU_DERIV=0.00 mDebye / A, RMSE_ALPHA_per_atom=    0.03, RMSE_ALPHA_DERIV=    1.92
2025-07-13 10:32:48.400 INFO: Epoch 1347: head: Default, loss=0.5014, RMSE_MU_per_atom=0.00 mDebye, RMSE_MU_DERIV=0.00 mDebye / A, RMSE_ALPHA_per_atom=    0.03, RMSE_ALPHA_DERIV=    1.92
2025-07-13 10:33:43.718 INFO: Epoch 1348: head: Default, loss=0.5014, RMSE_MU_per_atom=0.00 mDebye, RMSE_MU_DERIV=0.00 mDebye / A, RMSE_ALPHA_per_atom=    0.03, RMSE_ALPHA_DERIV=    1.92
2025-07-13 10:34:39.055 INFO: Epoch 1349: head: Default, loss=0.5012, RMSE_MU_per_atom=0.00 mDebye, RMSE_MU_DERIV=0.00 mDebye / A, RMSE_ALPHA_per_atom=    0.03, RMSE_ALPHA_DERIV=    1.92
2025-07-13 10:35:34.377 INFO: Epoch 1350: head: Default, loss=0.5007, RMSE_MU_per_atom=0.00 mDebye, RMSE_MU_DERIV=0.00 mDebye / A, RMSE_ALPHA_per_atom=    0.03, RMSE_ALPHA_DERIV=    1.92
2025-07-13 10:36:29.678 INFO: Epoch 1351: head: Default, loss=0.5006, RMSE_MU_per_atom=0.00 mDebye, RMSE_MU_DERIV=0.00 mDebye / A, RMSE_ALPHA_per_atom=    0.03, RMSE_ALPHA_DERIV=    1.92
2025-07-13 10:37:24.971 INFO: Epoch 1352: head: Default, loss=0.5008, RMSE_MU_per_atom=0.00 mDebye, RMSE_MU_DERIV=0.00 mDebye / A, RMSE_ALPHA_per_atom=    0.03, RMSE_ALPHA_DERIV=    1.92
2025-07-13 10:38:20.250 INFO: Epoch 1353: head: Default, loss=0.5014, RMSE_MU_per_atom=0.00 mDebye, RMSE_MU_DERIV=0.00 mDebye / A, RMSE_ALPHA_per_atom=    0.03, RMSE_ALPHA_DERIV=    1.92
2025-07-13 10:39:15.546 INFO: Epoch 1354: head: Default, loss=0.5015, RMSE_MU_per_atom=0.00 mDebye, RMSE_MU_DERIV=0.00 mDebye / A, RMSE_ALPHA_per_atom=    0.03, RMSE_ALPHA_DERIV=    1.92
2025-07-13 10:40:10.847 INFO: Epoch 1355: head: Default, loss=0.5012, RMSE_MU_per_atom=0.00 mDebye, RMSE_MU_DERIV=0.00 mDebye / A, RMSE_ALPHA_per_atom=    0.03, RMSE_ALPHA_DERIV=    1.92
2025-07-13 10:41:06.156 INFO: Epoch 1356: head: Default, loss=0.5013, RMSE_MU_per_atom=0.00 mDebye, RMSE_MU_DERIV=0.00 mDebye / A, RMSE_ALPHA_per_atom=    0.03, RMSE_ALPHA_DERIV=    1.92
2025-07-13 10:42:01.445 INFO: Epoch 1357: head: Default, loss=0.5011, RMSE_MU_per_atom=0.00 mDebye, RMSE_MU_DERIV=0.00 mDebye / A, RMSE_ALPHA_per_atom=    0.03, RMSE_ALPHA_DERIV=    1.92
2025-07-13 10:42:56.747 INFO: Epoch 1358: head: Default, loss=0.5013, RMSE_MU_per_atom=0.00 mDebye, RMSE_MU_DERIV=0.00 mDebye / A, RMSE_ALPHA_per_atom=    0.03, RMSE_ALPHA_DERIV=    1.92
2025-07-13 10:43:52.045 INFO: Epoch 1359: head: Default, loss=0.5018, RMSE_MU_per_atom=0.00 mDebye, RMSE_MU_DERIV=0.00 mDebye / A, RMSE_ALPHA_per_atom=    0.03, RMSE_ALPHA_DERIV=    1.92
2025-07-13 10:44:47.340 INFO: Epoch 1360: head: Default, loss=0.5015, RMSE_MU_per_atom=0.00 mDebye, RMSE_MU_DERIV=0.00 mDebye / A, RMSE_ALPHA_per_atom=    0.03, RMSE_ALPHA_DERIV=    1.92
2025-07-13 10:45:42.636 INFO: Epoch 1361: head: Default, loss=0.5011, RMSE_MU_per_atom=0.00 mDebye, RMSE_MU_DERIV=0.00 mDebye / A, RMSE_ALPHA_per_atom=    0.03, RMSE_ALPHA_DERIV=    1.92
2025-07-13 10:46:37.926 INFO: Epoch 1362: head: Default, loss=0.5010, RMSE_MU_per_atom=0.00 mDebye, RMSE_MU_DERIV=0.00 mDebye / A, RMSE_ALPHA_per_atom=    0.03, RMSE_ALPHA_DERIV=    1.92
2025-07-13 10:47:33.236 INFO: Epoch 1363: head: Default, loss=0.5013, RMSE_MU_per_atom=0.00 mDebye, RMSE_MU_DERIV=0.00 mDebye / A, RMSE_ALPHA_per_atom=    0.03, RMSE_ALPHA_DERIV=    1.92
2025-07-13 10:48:28.548 INFO: Epoch 1364: head: Default, loss=0.5009, RMSE_MU_per_atom=0.00 mDebye, RMSE_MU_DERIV=0.00 mDebye / A, RMSE_ALPHA_per_atom=    0.03, RMSE_ALPHA_DERIV=    1.92
2025-07-13 10:49:23.845 INFO: Epoch 1365: head: Default, loss=0.5008, RMSE_MU_per_atom=0.00 mDebye, RMSE_MU_DERIV=0.00 mDebye / A, RMSE_ALPHA_per_atom=    0.03, RMSE_ALPHA_DERIV=    1.92
2025-07-13 10:50:19.132 INFO: Epoch 1366: head: Default, loss=0.5014, RMSE_MU_per_atom=0.00 mDebye, RMSE_MU_DERIV=0.00 mDebye / A, RMSE_ALPHA_per_atom=    0.03, RMSE_ALPHA_DERIV=    1.92
2025-07-13 10:51:14.422 INFO: Epoch 1367: head: Default, loss=0.5010, RMSE_MU_per_atom=0.00 mDebye, RMSE_MU_DERIV=0.00 mDebye / A, RMSE_ALPHA_per_atom=    0.03, RMSE_ALPHA_DERIV=    1.92
2025-07-13 10:52:09.712 INFO: Epoch 1368: head: Default, loss=0.5012, RMSE_MU_per_atom=0.00 mDebye, RMSE_MU_DERIV=0.00 mDebye / A, RMSE_ALPHA_per_atom=    0.03, RMSE_ALPHA_DERIV=    1.92
2025-07-13 10:53:05.003 INFO: Epoch 1369: head: Default, loss=0.5012, RMSE_MU_per_atom=0.00 mDebye, RMSE_MU_DERIV=0.00 mDebye / A, RMSE_ALPHA_per_atom=    0.03, RMSE_ALPHA_DERIV=    1.92
2025-07-13 10:54:00.283 INFO: Epoch 1370: head: Default, loss=0.5009, RMSE_MU_per_atom=0.00 mDebye, RMSE_MU_DERIV=0.00 mDebye / A, RMSE_ALPHA_per_atom=    0.03, RMSE_ALPHA_DERIV=    1.92
2025-07-13 10:54:55.572 INFO: Epoch 1371: head: Default, loss=0.5011, RMSE_MU_per_atom=0.00 mDebye, RMSE_MU_DERIV=0.00 mDebye / A, RMSE_ALPHA_per_atom=    0.03, RMSE_ALPHA_DERIV=    1.92
2025-07-13 10:55:50.852 INFO: Epoch 1372: head: Default, loss=0.5010, RMSE_MU_per_atom=0.00 mDebye, RMSE_MU_DERIV=0.00 mDebye / A, RMSE_ALPHA_per_atom=    0.03, RMSE_ALPHA_DERIV=    1.92
2025-07-13 10:56:46.129 INFO: Epoch 1373: head: Default, loss=0.5012, RMSE_MU_per_atom=0.00 mDebye, RMSE_MU_DERIV=0.00 mDebye / A, RMSE_ALPHA_per_atom=    0.03, RMSE_ALPHA_DERIV=    1.92
2025-07-13 10:57:41.393 INFO: Epoch 1374: head: Default, loss=0.5016, RMSE_MU_per_atom=0.00 mDebye, RMSE_MU_DERIV=0.00 mDebye / A, RMSE_ALPHA_per_atom=    0.03, RMSE_ALPHA_DERIV=    1.92
2025-07-13 10:58:36.656 INFO: Epoch 1375: head: Default, loss=0.5009, RMSE_MU_per_atom=0.00 mDebye, RMSE_MU_DERIV=0.00 mDebye / A, RMSE_ALPHA_per_atom=    0.03, RMSE_ALPHA_DERIV=    1.92
2025-07-13 10:59:31.923 INFO: Epoch 1376: head: Default, loss=0.5013, RMSE_MU_per_atom=0.00 mDebye, RMSE_MU_DERIV=0.00 mDebye / A, RMSE_ALPHA_per_atom=    0.03, RMSE_ALPHA_DERIV=    1.92
2025-07-13 11:00:27.203 INFO: Epoch 1377: head: Default, loss=0.5010, RMSE_MU_per_atom=0.00 mDebye, RMSE_MU_DERIV=0.00 mDebye / A, RMSE_ALPHA_per_atom=    0.03, RMSE_ALPHA_DERIV=    1.92
2025-07-13 11:01:22.483 INFO: Epoch 1378: head: Default, loss=0.5014, RMSE_MU_per_atom=0.00 mDebye, RMSE_MU_DERIV=0.00 mDebye / A, RMSE_ALPHA_per_atom=    0.03, RMSE_ALPHA_DERIV=    1.92
2025-07-13 11:02:17.764 INFO: Epoch 1379: head: Default, loss=0.5011, RMSE_MU_per_atom=0.00 mDebye, RMSE_MU_DERIV=0.00 mDebye / A, RMSE_ALPHA_per_atom=    0.03, RMSE_ALPHA_DERIV=    1.92
2025-07-13 11:03:13.036 INFO: Epoch 1380: head: Default, loss=0.5016, RMSE_MU_per_atom=0.00 mDebye, RMSE_MU_DERIV=0.00 mDebye / A, RMSE_ALPHA_per_atom=    0.03, RMSE_ALPHA_DERIV=    1.92
2025-07-13 11:04:08.320 INFO: Epoch 1381: head: Default, loss=0.5015, RMSE_MU_per_atom=0.00 mDebye, RMSE_MU_DERIV=0.00 mDebye / A, RMSE_ALPHA_per_atom=    0.03, RMSE_ALPHA_DERIV=    1.92
2025-07-13 11:05:03.597 INFO: Epoch 1382: head: Default, loss=0.5013, RMSE_MU_per_atom=0.00 mDebye, RMSE_MU_DERIV=0.00 mDebye / A, RMSE_ALPHA_per_atom=    0.03, RMSE_ALPHA_DERIV=    1.92
2025-07-13 11:05:58.876 INFO: Epoch 1383: head: Default, loss=0.5006, RMSE_MU_per_atom=0.00 mDebye, RMSE_MU_DERIV=0.00 mDebye / A, RMSE_ALPHA_per_atom=    0.03, RMSE_ALPHA_DERIV=    1.92
2025-07-13 11:06:54.151 INFO: Epoch 1384: head: Default, loss=0.5015, RMSE_MU_per_atom=0.00 mDebye, RMSE_MU_DERIV=0.00 mDebye / A, RMSE_ALPHA_per_atom=    0.03, RMSE_ALPHA_DERIV=    1.92
2025-07-13 11:07:49.429 INFO: Epoch 1385: head: Default, loss=0.5015, RMSE_MU_per_atom=0.00 mDebye, RMSE_MU_DERIV=0.00 mDebye / A, RMSE_ALPHA_per_atom=    0.03, RMSE_ALPHA_DERIV=    1.92
2025-07-13 11:08:44.716 INFO: Epoch 1386: head: Default, loss=0.5012, RMSE_MU_per_atom=0.00 mDebye, RMSE_MU_DERIV=0.00 mDebye / A, RMSE_ALPHA_per_atom=    0.03, RMSE_ALPHA_DERIV=    1.92
2025-07-13 11:09:40.010 INFO: Epoch 1387: head: Default, loss=0.5009, RMSE_MU_per_atom=0.00 mDebye, RMSE_MU_DERIV=0.00 mDebye / A, RMSE_ALPHA_per_atom=    0.03, RMSE_ALPHA_DERIV=    1.92
2025-07-13 11:10:35.300 INFO: Epoch 1388: head: Default, loss=0.5013, RMSE_MU_per_atom=0.00 mDebye, RMSE_MU_DERIV=0.00 mDebye / A, RMSE_ALPHA_per_atom=    0.03, RMSE_ALPHA_DERIV=    1.92
2025-07-13 11:11:30.594 INFO: Epoch 1389: head: Default, loss=0.5010, RMSE_MU_per_atom=0.00 mDebye, RMSE_MU_DERIV=0.00 mDebye / A, RMSE_ALPHA_per_atom=    0.03, RMSE_ALPHA_DERIV=    1.92
2025-07-13 11:12:25.880 INFO: Epoch 1390: head: Default, loss=0.5016, RMSE_MU_per_atom=0.00 mDebye, RMSE_MU_DERIV=0.00 mDebye / A, RMSE_ALPHA_per_atom=    0.03, RMSE_ALPHA_DERIV=    1.92
2025-07-13 11:13:21.147 INFO: Epoch 1391: head: Default, loss=0.5014, RMSE_MU_per_atom=0.00 mDebye, RMSE_MU_DERIV=0.00 mDebye / A, RMSE_ALPHA_per_atom=    0.03, RMSE_ALPHA_DERIV=    1.92
2025-07-13 11:14:16.438 INFO: Epoch 1392: head: Default, loss=0.5013, RMSE_MU_per_atom=0.00 mDebye, RMSE_MU_DERIV=0.00 mDebye / A, RMSE_ALPHA_per_atom=    0.03, RMSE_ALPHA_DERIV=    1.92
2025-07-13 11:15:11.728 INFO: Epoch 1393: head: Default, loss=0.5012, RMSE_MU_per_atom=0.00 mDebye, RMSE_MU_DERIV=0.00 mDebye / A, RMSE_ALPHA_per_atom=    0.03, RMSE_ALPHA_DERIV=    1.92
2025-07-13 11:16:07.023 INFO: Epoch 1394: head: Default, loss=0.5010, RMSE_MU_per_atom=0.00 mDebye, RMSE_MU_DERIV=0.00 mDebye / A, RMSE_ALPHA_per_atom=    0.03, RMSE_ALPHA_DERIV=    1.92
2025-07-13 11:17:02.308 INFO: Epoch 1395: head: Default, loss=0.5009, RMSE_MU_per_atom=0.00 mDebye, RMSE_MU_DERIV=0.00 mDebye / A, RMSE_ALPHA_per_atom=    0.03, RMSE_ALPHA_DERIV=    1.92
2025-07-13 11:17:57.609 INFO: Epoch 1396: head: Default, loss=0.5015, RMSE_MU_per_atom=0.00 mDebye, RMSE_MU_DERIV=0.00 mDebye / A, RMSE_ALPHA_per_atom=    0.03, RMSE_ALPHA_DERIV=    1.92
2025-07-13 11:18:52.904 INFO: Epoch 1397: head: Default, loss=0.5012, RMSE_MU_per_atom=0.00 mDebye, RMSE_MU_DERIV=0.00 mDebye / A, RMSE_ALPHA_per_atom=    0.03, RMSE_ALPHA_DERIV=    1.92
2025-07-13 11:19:48.206 INFO: Epoch 1398: head: Default, loss=0.5012, RMSE_MU_per_atom=0.00 mDebye, RMSE_MU_DERIV=0.00 mDebye / A, RMSE_ALPHA_per_atom=    0.03, RMSE_ALPHA_DERIV=    1.92
2025-07-13 11:20:43.513 INFO: Epoch 1399: head: Default, loss=0.5009, RMSE_MU_per_atom=0.00 mDebye, RMSE_MU_DERIV=0.00 mDebye / A, RMSE_ALPHA_per_atom=    0.03, RMSE_ALPHA_DERIV=    1.92
2025-07-13 11:21:38.819 INFO: Epoch 1400: head: Default, loss=0.5011, RMSE_MU_per_atom=0.00 mDebye, RMSE_MU_DERIV=0.00 mDebye / A, RMSE_ALPHA_per_atom=    0.03, RMSE_ALPHA_DERIV=    1.92
2025-07-13 11:22:34.123 INFO: Epoch 1401: head: Default, loss=0.5011, RMSE_MU_per_atom=0.00 mDebye, RMSE_MU_DERIV=0.00 mDebye / A, RMSE_ALPHA_per_atom=    0.03, RMSE_ALPHA_DERIV=    1.92
2025-07-13 11:23:29.419 INFO: Epoch 1402: head: Default, loss=0.5015, RMSE_MU_per_atom=0.00 mDebye, RMSE_MU_DERIV=0.00 mDebye / A, RMSE_ALPHA_per_atom=    0.03, RMSE_ALPHA_DERIV=    1.92
2025-07-13 11:24:24.701 INFO: Epoch 1403: head: Default, loss=0.5007, RMSE_MU_per_atom=0.00 mDebye, RMSE_MU_DERIV=0.00 mDebye / A, RMSE_ALPHA_per_atom=    0.03, RMSE_ALPHA_DERIV=    1.92
2025-07-13 11:25:20.000 INFO: Epoch 1404: head: Default, loss=0.5015, RMSE_MU_per_atom=0.00 mDebye, RMSE_MU_DERIV=0.00 mDebye / A, RMSE_ALPHA_per_atom=    0.03, RMSE_ALPHA_DERIV=    1.92
2025-07-13 11:26:15.298 INFO: Epoch 1405: head: Default, loss=0.5007, RMSE_MU_per_atom=0.00 mDebye, RMSE_MU_DERIV=0.00 mDebye / A, RMSE_ALPHA_per_atom=    0.03, RMSE_ALPHA_DERIV=    1.92
2025-07-13 11:27:10.580 INFO: Epoch 1406: head: Default, loss=0.5013, RMSE_MU_per_atom=0.00 mDebye, RMSE_MU_DERIV=0.00 mDebye / A, RMSE_ALPHA_per_atom=    0.03, RMSE_ALPHA_DERIV=    1.92
2025-07-13 11:28:05.878 INFO: Epoch 1407: head: Default, loss=0.5012, RMSE_MU_per_atom=0.00 mDebye, RMSE_MU_DERIV=0.00 mDebye / A, RMSE_ALPHA_per_atom=    0.03, RMSE_ALPHA_DERIV=    1.92
2025-07-13 11:29:01.178 INFO: Epoch 1408: head: Default, loss=0.5009, RMSE_MU_per_atom=0.00 mDebye, RMSE_MU_DERIV=0.00 mDebye / A, RMSE_ALPHA_per_atom=    0.03, RMSE_ALPHA_DERIV=    1.92
2025-07-13 11:29:56.479 INFO: Epoch 1409: head: Default, loss=0.5009, RMSE_MU_per_atom=0.00 mDebye, RMSE_MU_DERIV=0.00 mDebye / A, RMSE_ALPHA_per_atom=    0.03, RMSE_ALPHA_DERIV=    1.92
2025-07-13 11:30:51.788 INFO: Epoch 1410: head: Default, loss=0.5014, RMSE_MU_per_atom=0.00 mDebye, RMSE_MU_DERIV=0.00 mDebye / A, RMSE_ALPHA_per_atom=    0.03, RMSE_ALPHA_DERIV=    1.92
2025-07-13 11:31:47.077 INFO: Epoch 1411: head: Default, loss=0.5014, RMSE_MU_per_atom=0.00 mDebye, RMSE_MU_DERIV=0.00 mDebye / A, RMSE_ALPHA_per_atom=    0.03, RMSE_ALPHA_DERIV=    1.92
2025-07-13 11:32:42.383 INFO: Epoch 1412: head: Default, loss=0.5011, RMSE_MU_per_atom=0.00 mDebye, RMSE_MU_DERIV=0.00 mDebye / A, RMSE_ALPHA_per_atom=    0.03, RMSE_ALPHA_DERIV=    1.92
2025-07-13 11:33:37.675 INFO: Epoch 1413: head: Default, loss=0.5011, RMSE_MU_per_atom=0.00 mDebye, RMSE_MU_DERIV=0.00 mDebye / A, RMSE_ALPHA_per_atom=    0.03, RMSE_ALPHA_DERIV=    1.92
2025-07-13 11:34:32.957 INFO: Epoch 1414: head: Default, loss=0.5013, RMSE_MU_per_atom=0.00 mDebye, RMSE_MU_DERIV=0.00 mDebye / A, RMSE_ALPHA_per_atom=    0.03, RMSE_ALPHA_DERIV=    1.92
2025-07-13 11:35:28.241 INFO: Epoch 1415: head: Default, loss=0.5012, RMSE_MU_per_atom=0.00 mDebye, RMSE_MU_DERIV=0.00 mDebye / A, RMSE_ALPHA_per_atom=    0.03, RMSE_ALPHA_DERIV=    1.92
2025-07-13 11:36:23.540 INFO: Epoch 1416: head: Default, loss=0.5016, RMSE_MU_per_atom=0.00 mDebye, RMSE_MU_DERIV=0.00 mDebye / A, RMSE_ALPHA_per_atom=    0.03, RMSE_ALPHA_DERIV=    1.92
2025-07-13 11:37:18.832 INFO: Epoch 1417: head: Default, loss=0.5009, RMSE_MU_per_atom=0.00 mDebye, RMSE_MU_DERIV=0.00 mDebye / A, RMSE_ALPHA_per_atom=    0.03, RMSE_ALPHA_DERIV=    1.92
2025-07-13 11:38:14.109 INFO: Epoch 1418: head: Default, loss=0.5011, RMSE_MU_per_atom=0.00 mDebye, RMSE_MU_DERIV=0.00 mDebye / A, RMSE_ALPHA_per_atom=    0.03, RMSE_ALPHA_DERIV=    1.92
2025-07-13 11:39:09.394 INFO: Epoch 1419: head: Default, loss=0.5014, RMSE_MU_per_atom=0.00 mDebye, RMSE_MU_DERIV=0.00 mDebye / A, RMSE_ALPHA_per_atom=    0.03, RMSE_ALPHA_DERIV=    1.92
2025-07-13 11:40:04.686 INFO: Epoch 1420: head: Default, loss=0.5012, RMSE_MU_per_atom=0.00 mDebye, RMSE_MU_DERIV=0.00 mDebye / A, RMSE_ALPHA_per_atom=    0.03, RMSE_ALPHA_DERIV=    1.92
2025-07-13 11:40:59.974 INFO: Epoch 1421: head: Default, loss=0.5013, RMSE_MU_per_atom=0.00 mDebye, RMSE_MU_DERIV=0.00 mDebye / A, RMSE_ALPHA_per_atom=    0.03, RMSE_ALPHA_DERIV=    1.92
2025-07-13 11:41:55.260 INFO: Epoch 1422: head: Default, loss=0.5013, RMSE_MU_per_atom=0.00 mDebye, RMSE_MU_DERIV=0.00 mDebye / A, RMSE_ALPHA_per_atom=    0.03, RMSE_ALPHA_DERIV=    1.92
2025-07-13 11:42:50.550 INFO: Epoch 1423: head: Default, loss=0.5017, RMSE_MU_per_atom=0.00 mDebye, RMSE_MU_DERIV=0.00 mDebye / A, RMSE_ALPHA_per_atom=    0.03, RMSE_ALPHA_DERIV=    1.92
2025-07-13 11:43:45.841 INFO: Epoch 1424: head: Default, loss=0.5014, RMSE_MU_per_atom=0.00 mDebye, RMSE_MU_DERIV=0.00 mDebye / A, RMSE_ALPHA_per_atom=    0.03, RMSE_ALPHA_DERIV=    1.92
2025-07-13 11:44:41.126 INFO: Epoch 1425: head: Default, loss=0.5008, RMSE_MU_per_atom=0.00 mDebye, RMSE_MU_DERIV=0.00 mDebye / A, RMSE_ALPHA_per_atom=    0.03, RMSE_ALPHA_DERIV=    1.92
2025-07-13 11:45:36.418 INFO: Epoch 1426: head: Default, loss=0.5014, RMSE_MU_per_atom=0.00 mDebye, RMSE_MU_DERIV=0.00 mDebye / A, RMSE_ALPHA_per_atom=    0.03, RMSE_ALPHA_DERIV=    1.92
2025-07-13 11:46:31.720 INFO: Epoch 1427: head: Default, loss=0.5011, RMSE_MU_per_atom=0.00 mDebye, RMSE_MU_DERIV=0.00 mDebye / A, RMSE_ALPHA_per_atom=    0.03, RMSE_ALPHA_DERIV=    1.92
2025-07-13 11:47:27.004 INFO: Epoch 1428: head: Default, loss=0.5012, RMSE_MU_per_atom=0.00 mDebye, RMSE_MU_DERIV=0.00 mDebye / A, RMSE_ALPHA_per_atom=    0.03, RMSE_ALPHA_DERIV=    1.92
2025-07-13 11:48:22.284 INFO: Epoch 1429: head: Default, loss=0.5015, RMSE_MU_per_atom=0.00 mDebye, RMSE_MU_DERIV=0.00 mDebye / A, RMSE_ALPHA_per_atom=    0.03, RMSE_ALPHA_DERIV=    1.92
2025-07-13 11:49:17.552 INFO: Epoch 1430: head: Default, loss=0.5014, RMSE_MU_per_atom=0.00 mDebye, RMSE_MU_DERIV=0.00 mDebye / A, RMSE_ALPHA_per_atom=    0.03, RMSE_ALPHA_DERIV=    1.92
2025-07-13 11:50:12.825 INFO: Epoch 1431: head: Default, loss=0.5012, RMSE_MU_per_atom=0.00 mDebye, RMSE_MU_DERIV=0.00 mDebye / A, RMSE_ALPHA_per_atom=    0.03, RMSE_ALPHA_DERIV=    1.92
2025-07-13 11:51:08.106 INFO: Epoch 1432: head: Default, loss=0.5014, RMSE_MU_per_atom=0.00 mDebye, RMSE_MU_DERIV=0.00 mDebye / A, RMSE_ALPHA_per_atom=    0.03, RMSE_ALPHA_DERIV=    1.92
2025-07-13 11:52:03.391 INFO: Epoch 1433: head: Default, loss=0.5012, RMSE_MU_per_atom=0.00 mDebye, RMSE_MU_DERIV=0.00 mDebye / A, RMSE_ALPHA_per_atom=    0.03, RMSE_ALPHA_DERIV=    1.92
2025-07-13 11:52:58.670 INFO: Epoch 1434: head: Default, loss=0.5016, RMSE_MU_per_atom=0.00 mDebye, RMSE_MU_DERIV=0.00 mDebye / A, RMSE_ALPHA_per_atom=    0.03, RMSE_ALPHA_DERIV=    1.92
2025-07-13 11:53:53.965 INFO: Epoch 1435: head: Default, loss=0.5012, RMSE_MU_per_atom=0.00 mDebye, RMSE_MU_DERIV=0.00 mDebye / A, RMSE_ALPHA_per_atom=    0.03, RMSE_ALPHA_DERIV=    1.92
2025-07-13 11:54:49.258 INFO: Epoch 1436: head: Default, loss=0.5014, RMSE_MU_per_atom=0.00 mDebye, RMSE_MU_DERIV=0.00 mDebye / A, RMSE_ALPHA_per_atom=    0.03, RMSE_ALPHA_DERIV=    1.92
2025-07-13 11:55:44.543 INFO: Epoch 1437: head: Default, loss=0.5014, RMSE_MU_per_atom=0.00 mDebye, RMSE_MU_DERIV=0.00 mDebye / A, RMSE_ALPHA_per_atom=    0.03, RMSE_ALPHA_DERIV=    1.92
2025-07-13 11:56:39.829 INFO: Epoch 1438: head: Default, loss=0.5014, RMSE_MU_per_atom=0.00 mDebye, RMSE_MU_DERIV=0.00 mDebye / A, RMSE_ALPHA_per_atom=    0.03, RMSE_ALPHA_DERIV=    1.92
2025-07-13 11:57:35.108 INFO: Epoch 1439: head: Default, loss=0.5009, RMSE_MU_per_atom=0.00 mDebye, RMSE_MU_DERIV=0.00 mDebye / A, RMSE_ALPHA_per_atom=    0.03, RMSE_ALPHA_DERIV=    1.92
2025-07-13 11:58:30.389 INFO: Epoch 1440: head: Default, loss=0.5011, RMSE_MU_per_atom=0.00 mDebye, RMSE_MU_DERIV=0.00 mDebye / A, RMSE_ALPHA_per_atom=    0.03, RMSE_ALPHA_DERIV=    1.92
2025-07-13 11:59:25.670 INFO: Epoch 1441: head: Default, loss=0.5012, RMSE_MU_per_atom=0.00 mDebye, RMSE_MU_DERIV=0.00 mDebye / A, RMSE_ALPHA_per_atom=    0.03, RMSE_ALPHA_DERIV=    1.92
2025-07-13 12:00:20.947 INFO: Epoch 1442: head: Default, loss=0.5012, RMSE_MU_per_atom=0.00 mDebye, RMSE_MU_DERIV=0.00 mDebye / A, RMSE_ALPHA_per_atom=    0.03, RMSE_ALPHA_DERIV=    1.92
2025-07-13 12:01:16.241 INFO: Epoch 1443: head: Default, loss=0.5018, RMSE_MU_per_atom=0.00 mDebye, RMSE_MU_DERIV=0.00 mDebye / A, RMSE_ALPHA_per_atom=    0.03, RMSE_ALPHA_DERIV=    1.92
2025-07-13 12:02:11.520 INFO: Epoch 1444: head: Default, loss=0.5014, RMSE_MU_per_atom=0.00 mDebye, RMSE_MU_DERIV=0.00 mDebye / A, RMSE_ALPHA_per_atom=    0.03, RMSE_ALPHA_DERIV=    1.92
2025-07-13 12:03:06.806 INFO: Epoch 1445: head: Default, loss=0.5012, RMSE_MU_per_atom=0.00 mDebye, RMSE_MU_DERIV=0.00 mDebye / A, RMSE_ALPHA_per_atom=    0.03, RMSE_ALPHA_DERIV=    1.92
2025-07-13 12:04:02.081 INFO: Epoch 1446: head: Default, loss=0.5012, RMSE_MU_per_atom=0.00 mDebye, RMSE_MU_DERIV=0.00 mDebye / A, RMSE_ALPHA_per_atom=    0.03, RMSE_ALPHA_DERIV=    1.92
2025-07-13 12:04:57.362 INFO: Epoch 1447: head: Default, loss=0.5010, RMSE_MU_per_atom=0.00 mDebye, RMSE_MU_DERIV=0.00 mDebye / A, RMSE_ALPHA_per_atom=    0.03, RMSE_ALPHA_DERIV=    1.92
2025-07-13 12:05:52.641 INFO: Epoch 1448: head: Default, loss=0.5013, RMSE_MU_per_atom=0.00 mDebye, RMSE_MU_DERIV=0.00 mDebye / A, RMSE_ALPHA_per_atom=    0.03, RMSE_ALPHA_DERIV=    1.92
2025-07-13 12:06:47.928 INFO: Epoch 1449: head: Default, loss=0.5013, RMSE_MU_per_atom=0.00 mDebye, RMSE_MU_DERIV=0.00 mDebye / A, RMSE_ALPHA_per_atom=    0.03, RMSE_ALPHA_DERIV=    1.92
2025-07-13 12:07:43.209 INFO: Epoch 1450: head: Default, loss=0.5012, RMSE_MU_per_atom=0.00 mDebye, RMSE_MU_DERIV=0.00 mDebye / A, RMSE_ALPHA_per_atom=    0.03, RMSE_ALPHA_DERIV=    1.92
2025-07-13 12:08:38.488 INFO: Epoch 1451: head: Default, loss=0.5013, RMSE_MU_per_atom=0.00 mDebye, RMSE_MU_DERIV=0.00 mDebye / A, RMSE_ALPHA_per_atom=    0.03, RMSE_ALPHA_DERIV=    1.92
2025-07-13 12:09:33.770 INFO: Epoch 1452: head: Default, loss=0.5012, RMSE_MU_per_atom=0.00 mDebye, RMSE_MU_DERIV=0.00 mDebye / A, RMSE_ALPHA_per_atom=    0.03, RMSE_ALPHA_DERIV=    1.92
2025-07-13 12:10:29.047 INFO: Epoch 1453: head: Default, loss=0.5018, RMSE_MU_per_atom=0.00 mDebye, RMSE_MU_DERIV=0.00 mDebye / A, RMSE_ALPHA_per_atom=    0.03, RMSE_ALPHA_DERIV=    1.92
2025-07-13 12:11:24.322 INFO: Epoch 1454: head: Default, loss=0.5009, RMSE_MU_per_atom=0.00 mDebye, RMSE_MU_DERIV=0.00 mDebye / A, RMSE_ALPHA_per_atom=    0.03, RMSE_ALPHA_DERIV=    1.92
2025-07-13 12:12:19.609 INFO: Epoch 1455: head: Default, loss=0.5013, RMSE_MU_per_atom=0.00 mDebye, RMSE_MU_DERIV=0.00 mDebye / A, RMSE_ALPHA_per_atom=    0.03, RMSE_ALPHA_DERIV=    1.92
2025-07-13 12:13:14.900 INFO: Epoch 1456: head: Default, loss=0.5015, RMSE_MU_per_atom=0.00 mDebye, RMSE_MU_DERIV=0.00 mDebye / A, RMSE_ALPHA_per_atom=    0.03, RMSE_ALPHA_DERIV=    1.92
2025-07-13 12:14:10.185 INFO: Epoch 1457: head: Default, loss=0.5008, RMSE_MU_per_atom=0.00 mDebye, RMSE_MU_DERIV=0.00 mDebye / A, RMSE_ALPHA_per_atom=    0.03, RMSE_ALPHA_DERIV=    1.92
2025-07-13 12:15:05.468 INFO: Epoch 1458: head: Default, loss=0.5017, RMSE_MU_per_atom=0.00 mDebye, RMSE_MU_DERIV=0.00 mDebye / A, RMSE_ALPHA_per_atom=    0.03, RMSE_ALPHA_DERIV=    1.92
2025-07-13 12:16:00.756 INFO: Epoch 1459: head: Default, loss=0.5012, RMSE_MU_per_atom=0.00 mDebye, RMSE_MU_DERIV=0.00 mDebye / A, RMSE_ALPHA_per_atom=    0.03, RMSE_ALPHA_DERIV=    1.92
2025-07-13 12:16:56.040 INFO: Epoch 1460: head: Default, loss=0.5010, RMSE_MU_per_atom=0.00 mDebye, RMSE_MU_DERIV=0.00 mDebye / A, RMSE_ALPHA_per_atom=    0.03, RMSE_ALPHA_DERIV=    1.92
2025-07-13 12:17:51.318 INFO: Epoch 1461: head: Default, loss=0.5015, RMSE_MU_per_atom=0.00 mDebye, RMSE_MU_DERIV=0.00 mDebye / A, RMSE_ALPHA_per_atom=    0.03, RMSE_ALPHA_DERIV=    1.92
2025-07-13 12:18:46.588 INFO: Epoch 1462: head: Default, loss=0.5010, RMSE_MU_per_atom=0.00 mDebye, RMSE_MU_DERIV=0.00 mDebye / A, RMSE_ALPHA_per_atom=    0.03, RMSE_ALPHA_DERIV=    1.92
2025-07-13 12:19:41.870 INFO: Epoch 1463: head: Default, loss=0.5012, RMSE_MU_per_atom=0.00 mDebye, RMSE_MU_DERIV=0.00 mDebye / A, RMSE_ALPHA_per_atom=    0.03, RMSE_ALPHA_DERIV=    1.92
2025-07-13 12:20:37.159 INFO: Epoch 1464: head: Default, loss=0.5008, RMSE_MU_per_atom=0.00 mDebye, RMSE_MU_DERIV=0.00 mDebye / A, RMSE_ALPHA_per_atom=    0.03, RMSE_ALPHA_DERIV=    1.92
2025-07-13 12:21:32.428 INFO: Epoch 1465: head: Default, loss=0.5014, RMSE_MU_per_atom=0.00 mDebye, RMSE_MU_DERIV=0.00 mDebye / A, RMSE_ALPHA_per_atom=    0.03, RMSE_ALPHA_DERIV=    1.92
2025-07-13 12:22:27.705 INFO: Epoch 1466: head: Default, loss=0.5012, RMSE_MU_per_atom=0.00 mDebye, RMSE_MU_DERIV=0.00 mDebye / A, RMSE_ALPHA_per_atom=    0.03, RMSE_ALPHA_DERIV=    1.92
2025-07-13 12:23:22.977 INFO: Epoch 1467: head: Default, loss=0.5009, RMSE_MU_per_atom=0.00 mDebye, RMSE_MU_DERIV=0.00 mDebye / A, RMSE_ALPHA_per_atom=    0.03, RMSE_ALPHA_DERIV=    1.92
2025-07-13 12:24:18.252 INFO: Epoch 1468: head: Default, loss=0.5012, RMSE_MU_per_atom=0.00 mDebye, RMSE_MU_DERIV=0.00 mDebye / A, RMSE_ALPHA_per_atom=    0.03, RMSE_ALPHA_DERIV=    1.92
2025-07-13 12:25:13.533 INFO: Epoch 1469: head: Default, loss=0.5009, RMSE_MU_per_atom=0.00 mDebye, RMSE_MU_DERIV=0.00 mDebye / A, RMSE_ALPHA_per_atom=    0.03, RMSE_ALPHA_DERIV=    1.92
2025-07-13 12:26:08.826 INFO: Epoch 1470: head: Default, loss=0.5011, RMSE_MU_per_atom=0.00 mDebye, RMSE_MU_DERIV=0.00 mDebye / A, RMSE_ALPHA_per_atom=    0.03, RMSE_ALPHA_DERIV=    1.92
2025-07-13 12:27:04.112 INFO: Epoch 1471: head: Default, loss=0.5012, RMSE_MU_per_atom=0.00 mDebye, RMSE_MU_DERIV=0.00 mDebye / A, RMSE_ALPHA_per_atom=    0.03, RMSE_ALPHA_DERIV=    1.92
2025-07-13 12:27:59.400 INFO: Epoch 1472: head: Default, loss=0.5010, RMSE_MU_per_atom=0.00 mDebye, RMSE_MU_DERIV=0.00 mDebye / A, RMSE_ALPHA_per_atom=    0.03, RMSE_ALPHA_DERIV=    1.92
2025-07-13 12:28:54.675 INFO: Epoch 1473: head: Default, loss=0.5011, RMSE_MU_per_atom=0.00 mDebye, RMSE_MU_DERIV=0.00 mDebye / A, RMSE_ALPHA_per_atom=    0.03, RMSE_ALPHA_DERIV=    1.92
2025-07-13 12:29:49.958 INFO: Epoch 1474: head: Default, loss=0.5012, RMSE_MU_per_atom=0.00 mDebye, RMSE_MU_DERIV=0.00 mDebye / A, RMSE_ALPHA_per_atom=    0.03, RMSE_ALPHA_DERIV=    1.92
2025-07-13 12:30:45.236 INFO: Epoch 1475: head: Default, loss=0.5013, RMSE_MU_per_atom=0.00 mDebye, RMSE_MU_DERIV=0.00 mDebye / A, RMSE_ALPHA_per_atom=    0.03, RMSE_ALPHA_DERIV=    1.92
2025-07-13 12:31:40.507 INFO: Epoch 1476: head: Default, loss=0.5009, RMSE_MU_per_atom=0.00 mDebye, RMSE_MU_DERIV=0.00 mDebye / A, RMSE_ALPHA_per_atom=    0.03, RMSE_ALPHA_DERIV=    1.92
2025-07-13 12:32:35.781 INFO: Epoch 1477: head: Default, loss=0.5011, RMSE_MU_per_atom=0.00 mDebye, RMSE_MU_DERIV=0.00 mDebye / A, RMSE_ALPHA_per_atom=    0.03, RMSE_ALPHA_DERIV=    1.92
2025-07-13 12:33:31.045 INFO: Epoch 1478: head: Default, loss=0.5011, RMSE_MU_per_atom=0.00 mDebye, RMSE_MU_DERIV=0.00 mDebye / A, RMSE_ALPHA_per_atom=    0.03, RMSE_ALPHA_DERIV=    1.92
2025-07-13 12:34:26.330 INFO: Epoch 1479: head: Default, loss=0.5012, RMSE_MU_per_atom=0.00 mDebye, RMSE_MU_DERIV=0.00 mDebye / A, RMSE_ALPHA_per_atom=    0.03, RMSE_ALPHA_DERIV=    1.92
2025-07-13 12:35:21.615 INFO: Epoch 1480: head: Default, loss=0.5011, RMSE_MU_per_atom=0.00 mDebye, RMSE_MU_DERIV=0.00 mDebye / A, RMSE_ALPHA_per_atom=    0.03, RMSE_ALPHA_DERIV=    1.92
2025-07-13 12:36:16.896 INFO: Epoch 1481: head: Default, loss=0.5013, RMSE_MU_per_atom=0.00 mDebye, RMSE_MU_DERIV=0.00 mDebye / A, RMSE_ALPHA_per_atom=    0.03, RMSE_ALPHA_DERIV=    1.92
2025-07-13 12:37:12.183 INFO: Epoch 1482: head: Default, loss=0.5012, RMSE_MU_per_atom=0.00 mDebye, RMSE_MU_DERIV=0.00 mDebye / A, RMSE_ALPHA_per_atom=    0.03, RMSE_ALPHA_DERIV=    1.92
2025-07-13 12:38:07.470 INFO: Epoch 1483: head: Default, loss=0.5014, RMSE_MU_per_atom=0.00 mDebye, RMSE_MU_DERIV=0.00 mDebye / A, RMSE_ALPHA_per_atom=    0.03, RMSE_ALPHA_DERIV=    1.92
2025-07-13 12:39:02.760 INFO: Epoch 1484: head: Default, loss=0.5011, RMSE_MU_per_atom=0.00 mDebye, RMSE_MU_DERIV=0.00 mDebye / A, RMSE_ALPHA_per_atom=    0.03, RMSE_ALPHA_DERIV=    1.92
2025-07-13 12:39:58.043 INFO: Epoch 1485: head: Default, loss=0.5010, RMSE_MU_per_atom=0.00 mDebye, RMSE_MU_DERIV=0.00 mDebye / A, RMSE_ALPHA_per_atom=    0.03, RMSE_ALPHA_DERIV=    1.92
2025-07-13 12:40:53.321 INFO: Epoch 1486: head: Default, loss=0.5009, RMSE_MU_per_atom=0.00 mDebye, RMSE_MU_DERIV=0.00 mDebye / A, RMSE_ALPHA_per_atom=    0.03, RMSE_ALPHA_DERIV=    1.92
2025-07-13 12:41:48.610 INFO: Epoch 1487: head: Default, loss=0.5010, RMSE_MU_per_atom=0.00 mDebye, RMSE_MU_DERIV=0.00 mDebye / A, RMSE_ALPHA_per_atom=    0.03, RMSE_ALPHA_DERIV=    1.92
2025-07-13 12:42:43.889 INFO: Epoch 1488: head: Default, loss=0.5013, RMSE_MU_per_atom=0.00 mDebye, RMSE_MU_DERIV=0.00 mDebye / A, RMSE_ALPHA_per_atom=    0.03, RMSE_ALPHA_DERIV=    1.92
2025-07-13 12:43:39.180 INFO: Epoch 1489: head: Default, loss=0.5012, RMSE_MU_per_atom=0.00 mDebye, RMSE_MU_DERIV=0.00 mDebye / A, RMSE_ALPHA_per_atom=    0.03, RMSE_ALPHA_DERIV=    1.92
2025-07-13 12:44:34.473 INFO: Epoch 1490: head: Default, loss=0.5010, RMSE_MU_per_atom=0.00 mDebye, RMSE_MU_DERIV=0.00 mDebye / A, RMSE_ALPHA_per_atom=    0.03, RMSE_ALPHA_DERIV=    1.92
2025-07-13 12:45:29.757 INFO: Epoch 1491: head: Default, loss=0.5014, RMSE_MU_per_atom=0.00 mDebye, RMSE_MU_DERIV=0.00 mDebye / A, RMSE_ALPHA_per_atom=    0.03, RMSE_ALPHA_DERIV=    1.92
2025-07-13 12:46:25.019 INFO: Epoch 1492: head: Default, loss=0.5013, RMSE_MU_per_atom=0.00 mDebye, RMSE_MU_DERIV=0.00 mDebye / A, RMSE_ALPHA_per_atom=    0.03, RMSE_ALPHA_DERIV=    1.92
2025-07-13 12:47:20.284 INFO: Epoch 1493: head: Default, loss=0.5012, RMSE_MU_per_atom=0.00 mDebye, RMSE_MU_DERIV=0.00 mDebye / A, RMSE_ALPHA_per_atom=    0.03, RMSE_ALPHA_DERIV=    1.92
2025-07-13 12:48:15.557 INFO: Epoch 1494: head: Default, loss=0.5011, RMSE_MU_per_atom=0.00 mDebye, RMSE_MU_DERIV=0.00 mDebye / A, RMSE_ALPHA_per_atom=    0.03, RMSE_ALPHA_DERIV=    1.92
2025-07-13 12:49:10.823 INFO: Epoch 1495: head: Default, loss=0.5013, RMSE_MU_per_atom=0.00 mDebye, RMSE_MU_DERIV=0.00 mDebye / A, RMSE_ALPHA_per_atom=    0.03, RMSE_ALPHA_DERIV=    1.92
2025-07-13 12:50:06.092 INFO: Epoch 1496: head: Default, loss=0.5009, RMSE_MU_per_atom=0.00 mDebye, RMSE_MU_DERIV=0.00 mDebye / A, RMSE_ALPHA_per_atom=    0.03, RMSE_ALPHA_DERIV=    1.92
2025-07-13 12:51:01.365 INFO: Epoch 1497: head: Default, loss=0.5010, RMSE_MU_per_atom=0.00 mDebye, RMSE_MU_DERIV=0.00 mDebye / A, RMSE_ALPHA_per_atom=    0.03, RMSE_ALPHA_DERIV=    1.92
2025-07-13 12:51:56.647 INFO: Epoch 1498: head: Default, loss=0.5014, RMSE_MU_per_atom=0.00 mDebye, RMSE_MU_DERIV=0.00 mDebye / A, RMSE_ALPHA_per_atom=    0.03, RMSE_ALPHA_DERIV=    1.92
2025-07-13 12:52:51.923 INFO: Epoch 1499: head: Default, loss=0.5013, RMSE_MU_per_atom=0.00 mDebye, RMSE_MU_DERIV=0.00 mDebye / A, RMSE_ALPHA_per_atom=    0.03, RMSE_ALPHA_DERIV=    1.92
2025-07-13 12:53:47.196 INFO: Epoch 1500: head: Default, loss=0.5012, RMSE_MU_per_atom=0.00 mDebye, RMSE_MU_DERIV=0.00 mDebye / A, RMSE_ALPHA_per_atom=    0.03, RMSE_ALPHA_DERIV=    1.92
2025-07-13 12:54:42.477 INFO: Epoch 1501: head: Default, loss=0.5016, RMSE_MU_per_atom=0.00 mDebye, RMSE_MU_DERIV=0.00 mDebye / A, RMSE_ALPHA_per_atom=    0.03, RMSE_ALPHA_DERIV=    1.92
2025-07-13 12:55:37.758 INFO: Epoch 1502: head: Default, loss=0.5016, RMSE_MU_per_atom=0.00 mDebye, RMSE_MU_DERIV=0.00 mDebye / A, RMSE_ALPHA_per_atom=    0.03, RMSE_ALPHA_DERIV=    1.92
2025-07-13 12:56:33.034 INFO: Epoch 1503: head: Default, loss=0.5013, RMSE_MU_per_atom=0.00 mDebye, RMSE_MU_DERIV=0.00 mDebye / A, RMSE_ALPHA_per_atom=    0.03, RMSE_ALPHA_DERIV=    1.92
2025-07-13 12:57:28.325 INFO: Epoch 1504: head: Default, loss=0.5010, RMSE_MU_per_atom=0.00 mDebye, RMSE_MU_DERIV=0.00 mDebye / A, RMSE_ALPHA_per_atom=    0.03, RMSE_ALPHA_DERIV=    1.92
2025-07-13 12:58:23.613 INFO: Epoch 1505: head: Default, loss=0.5013, RMSE_MU_per_atom=0.00 mDebye, RMSE_MU_DERIV=0.00 mDebye / A, RMSE_ALPHA_per_atom=    0.03, RMSE_ALPHA_DERIV=    1.92
2025-07-13 12:59:18.905 INFO: Epoch 1506: head: Default, loss=0.5012, RMSE_MU_per_atom=0.00 mDebye, RMSE_MU_DERIV=0.00 mDebye / A, RMSE_ALPHA_per_atom=    0.03, RMSE_ALPHA_DERIV=    1.92
2025-07-13 13:00:14.187 INFO: Epoch 1507: head: Default, loss=0.5008, RMSE_MU_per_atom=0.00 mDebye, RMSE_MU_DERIV=0.00 mDebye / A, RMSE_ALPHA_per_atom=    0.03, RMSE_ALPHA_DERIV=    1.92
2025-07-13 13:01:09.484 INFO: Epoch 1508: head: Default, loss=0.5015, RMSE_MU_per_atom=0.00 mDebye, RMSE_MU_DERIV=0.00 mDebye / A, RMSE_ALPHA_per_atom=    0.03, RMSE_ALPHA_DERIV=    1.92
2025-07-13 13:02:04.772 INFO: Epoch 1509: head: Default, loss=0.5009, RMSE_MU_per_atom=0.00 mDebye, RMSE_MU_DERIV=0.00 mDebye / A, RMSE_ALPHA_per_atom=    0.03, RMSE_ALPHA_DERIV=    1.92
2025-07-13 13:03:00.069 INFO: Epoch 1510: head: Default, loss=0.5014, RMSE_MU_per_atom=0.00 mDebye, RMSE_MU_DERIV=0.00 mDebye / A, RMSE_ALPHA_per_atom=    0.03, RMSE_ALPHA_DERIV=    1.92
2025-07-13 13:03:55.360 INFO: Epoch 1511: head: Default, loss=0.5013, RMSE_MU_per_atom=0.00 mDebye, RMSE_MU_DERIV=0.00 mDebye / A, RMSE_ALPHA_per_atom=    0.03, RMSE_ALPHA_DERIV=    1.92
2025-07-13 13:04:50.655 INFO: Epoch 1512: head: Default, loss=0.5014, RMSE_MU_per_atom=0.00 mDebye, RMSE_MU_DERIV=0.00 mDebye / A, RMSE_ALPHA_per_atom=    0.03, RMSE_ALPHA_DERIV=    1.92
2025-07-13 13:05:45.954 INFO: Epoch 1513: head: Default, loss=0.5016, RMSE_MU_per_atom=0.00 mDebye, RMSE_MU_DERIV=0.00 mDebye / A, RMSE_ALPHA_per_atom=    0.03, RMSE_ALPHA_DERIV=    1.92
2025-07-13 13:06:41.243 INFO: Epoch 1514: head: Default, loss=0.5012, RMSE_MU_per_atom=0.00 mDebye, RMSE_MU_DERIV=0.00 mDebye / A, RMSE_ALPHA_per_atom=    0.03, RMSE_ALPHA_DERIV=    1.92
2025-07-13 13:07:36.530 INFO: Epoch 1515: head: Default, loss=0.5011, RMSE_MU_per_atom=0.00 mDebye, RMSE_MU_DERIV=0.00 mDebye / A, RMSE_ALPHA_per_atom=    0.03, RMSE_ALPHA_DERIV=    1.92
2025-07-13 13:08:31.805 INFO: Epoch 1516: head: Default, loss=0.5009, RMSE_MU_per_atom=0.00 mDebye, RMSE_MU_DERIV=0.00 mDebye / A, RMSE_ALPHA_per_atom=    0.03, RMSE_ALPHA_DERIV=    1.92
2025-07-13 13:09:27.086 INFO: Epoch 1517: head: Default, loss=0.5016, RMSE_MU_per_atom=0.00 mDebye, RMSE_MU_DERIV=0.00 mDebye / A, RMSE_ALPHA_per_atom=    0.03, RMSE_ALPHA_DERIV=    1.92
2025-07-13 13:10:22.375 INFO: Epoch 1518: head: Default, loss=0.5012, RMSE_MU_per_atom=0.00 mDebye, RMSE_MU_DERIV=0.00 mDebye / A, RMSE_ALPHA_per_atom=    0.03, RMSE_ALPHA_DERIV=    1.92
2025-07-13 13:11:17.664 INFO: Epoch 1519: head: Default, loss=0.5012, RMSE_MU_per_atom=0.00 mDebye, RMSE_MU_DERIV=0.00 mDebye / A, RMSE_ALPHA_per_atom=    0.03, RMSE_ALPHA_DERIV=    1.92
2025-07-13 13:12:12.955 INFO: Epoch 1520: head: Default, loss=0.5014, RMSE_MU_per_atom=0.00 mDebye, RMSE_MU_DERIV=0.00 mDebye / A, RMSE_ALPHA_per_atom=    0.03, RMSE_ALPHA_DERIV=    1.92
2025-07-13 13:13:08.245 INFO: Epoch 1521: head: Default, loss=0.5012, RMSE_MU_per_atom=0.00 mDebye, RMSE_MU_DERIV=0.00 mDebye / A, RMSE_ALPHA_per_atom=    0.03, RMSE_ALPHA_DERIV=    1.92
2025-07-13 13:14:03.533 INFO: Epoch 1522: head: Default, loss=0.5011, RMSE_MU_per_atom=0.00 mDebye, RMSE_MU_DERIV=0.00 mDebye / A, RMSE_ALPHA_per_atom=    0.03, RMSE_ALPHA_DERIV=    1.92
2025-07-13 13:14:58.808 INFO: Epoch 1523: head: Default, loss=0.5012, RMSE_MU_per_atom=0.00 mDebye, RMSE_MU_DERIV=0.00 mDebye / A, RMSE_ALPHA_per_atom=    0.03, RMSE_ALPHA_DERIV=    1.92
2025-07-13 13:15:54.089 INFO: Epoch 1524: head: Default, loss=0.5014, RMSE_MU_per_atom=0.00 mDebye, RMSE_MU_DERIV=0.00 mDebye / A, RMSE_ALPHA_per_atom=    0.03, RMSE_ALPHA_DERIV=    1.92
2025-07-13 13:16:49.365 INFO: Epoch 1525: head: Default, loss=0.5013, RMSE_MU_per_atom=0.00 mDebye, RMSE_MU_DERIV=0.00 mDebye / A, RMSE_ALPHA_per_atom=    0.03, RMSE_ALPHA_DERIV=    1.92
2025-07-13 13:17:44.637 INFO: Epoch 1526: head: Default, loss=0.5012, RMSE_MU_per_atom=0.00 mDebye, RMSE_MU_DERIV=0.00 mDebye / A, RMSE_ALPHA_per_atom=    0.03, RMSE_ALPHA_DERIV=    1.92
2025-07-13 13:18:39.932 INFO: Epoch 1527: head: Default, loss=0.5013, RMSE_MU_per_atom=0.00 mDebye, RMSE_MU_DERIV=0.00 mDebye / A, RMSE_ALPHA_per_atom=    0.03, RMSE_ALPHA_DERIV=    1.92
2025-07-13 13:19:35.224 INFO: Epoch 1528: head: Default, loss=0.5013, RMSE_MU_per_atom=0.00 mDebye, RMSE_MU_DERIV=0.00 mDebye / A, RMSE_ALPHA_per_atom=    0.03, RMSE_ALPHA_DERIV=    1.92
2025-07-13 13:20:30.509 INFO: Epoch 1529: head: Default, loss=0.5011, RMSE_MU_per_atom=0.00 mDebye, RMSE_MU_DERIV=0.00 mDebye / A, RMSE_ALPHA_per_atom=    0.03, RMSE_ALPHA_DERIV=    1.92
2025-07-13 13:21:25.790 INFO: Epoch 1530: head: Default, loss=0.5011, RMSE_MU_per_atom=0.00 mDebye, RMSE_MU_DERIV=0.00 mDebye / A, RMSE_ALPHA_per_atom=    0.03, RMSE_ALPHA_DERIV=    1.92
2025-07-13 13:22:21.071 INFO: Epoch 1531: head: Default, loss=0.5016, RMSE_MU_per_atom=0.00 mDebye, RMSE_MU_DERIV=0.00 mDebye / A, RMSE_ALPHA_per_atom=    0.03, RMSE_ALPHA_DERIV=    1.92
2025-07-13 13:23:16.345 INFO: Epoch 1532: head: Default, loss=0.5015, RMSE_MU_per_atom=0.00 mDebye, RMSE_MU_DERIV=0.00 mDebye / A, RMSE_ALPHA_per_atom=    0.03, RMSE_ALPHA_DERIV=    1.92
2025-07-13 13:24:11.636 INFO: Epoch 1533: head: Default, loss=0.5010, RMSE_MU_per_atom=0.00 mDebye, RMSE_MU_DERIV=0.00 mDebye / A, RMSE_ALPHA_per_atom=    0.03, RMSE_ALPHA_DERIV=    1.92
2025-07-13 13:25:06.924 INFO: Epoch 1534: head: Default, loss=0.5014, RMSE_MU_per_atom=0.00 mDebye, RMSE_MU_DERIV=0.00 mDebye / A, RMSE_ALPHA_per_atom=    0.03, RMSE_ALPHA_DERIV=    1.92
2025-07-13 13:26:02.225 INFO: Epoch 1535: head: Default, loss=0.5015, RMSE_MU_per_atom=0.00 mDebye, RMSE_MU_DERIV=0.00 mDebye / A, RMSE_ALPHA_per_atom=    0.03, RMSE_ALPHA_DERIV=    1.92
2025-07-13 13:26:57.521 INFO: Epoch 1536: head: Default, loss=0.5013, RMSE_MU_per_atom=0.00 mDebye, RMSE_MU_DERIV=0.00 mDebye / A, RMSE_ALPHA_per_atom=    0.03, RMSE_ALPHA_DERIV=    1.92
2025-07-13 13:27:52.820 INFO: Epoch 1537: head: Default, loss=0.5014, RMSE_MU_per_atom=0.00 mDebye, RMSE_MU_DERIV=0.00 mDebye / A, RMSE_ALPHA_per_atom=    0.03, RMSE_ALPHA_DERIV=    1.92
2025-07-13 13:28:48.110 INFO: Epoch 1538: head: Default, loss=0.5014, RMSE_MU_per_atom=0.00 mDebye, RMSE_MU_DERIV=0.00 mDebye / A, RMSE_ALPHA_per_atom=    0.03, RMSE_ALPHA_DERIV=    1.92
2025-07-13 13:29:43.400 INFO: Epoch 1539: head: Default, loss=0.5012, RMSE_MU_per_atom=0.00 mDebye, RMSE_MU_DERIV=0.00 mDebye / A, RMSE_ALPHA_per_atom=    0.03, RMSE_ALPHA_DERIV=    1.92
2025-07-13 13:30:38.695 INFO: Epoch 1540: head: Default, loss=0.5015, RMSE_MU_per_atom=0.00 mDebye, RMSE_MU_DERIV=0.00 mDebye / A, RMSE_ALPHA_per_atom=    0.03, RMSE_ALPHA_DERIV=    1.92
2025-07-13 13:31:33.974 INFO: Epoch 1541: head: Default, loss=0.5013, RMSE_MU_per_atom=0.00 mDebye, RMSE_MU_DERIV=0.00 mDebye / A, RMSE_ALPHA_per_atom=    0.03, RMSE_ALPHA_DERIV=    1.92
2025-07-13 13:32:29.253 INFO: Epoch 1542: head: Default, loss=0.5014, RMSE_MU_per_atom=0.00 mDebye, RMSE_MU_DERIV=0.00 mDebye / A, RMSE_ALPHA_per_atom=    0.03, RMSE_ALPHA_DERIV=    1.92
2025-07-13 13:33:24.531 INFO: Epoch 1543: head: Default, loss=0.5016, RMSE_MU_per_atom=0.00 mDebye, RMSE_MU_DERIV=0.00 mDebye / A, RMSE_ALPHA_per_atom=    0.03, RMSE_ALPHA_DERIV=    1.92
2025-07-13 13:34:19.800 INFO: Epoch 1544: head: Default, loss=0.5013, RMSE_MU_per_atom=0.00 mDebye, RMSE_MU_DERIV=0.00 mDebye / A, RMSE_ALPHA_per_atom=    0.03, RMSE_ALPHA_DERIV=    1.92
2025-07-13 13:35:15.073 INFO: Epoch 1545: head: Default, loss=0.5012, RMSE_MU_per_atom=0.00 mDebye, RMSE_MU_DERIV=0.00 mDebye / A, RMSE_ALPHA_per_atom=    0.03, RMSE_ALPHA_DERIV=    1.92
2025-07-13 13:36:10.351 INFO: Epoch 1546: head: Default, loss=0.5008, RMSE_MU_per_atom=0.00 mDebye, RMSE_MU_DERIV=0.00 mDebye / A, RMSE_ALPHA_per_atom=    0.03, RMSE_ALPHA_DERIV=    1.92
2025-07-13 13:37:05.633 INFO: Epoch 1547: head: Default, loss=0.5013, RMSE_MU_per_atom=0.00 mDebye, RMSE_MU_DERIV=0.00 mDebye / A, RMSE_ALPHA_per_atom=    0.03, RMSE_ALPHA_DERIV=    1.92
2025-07-13 13:38:00.910 INFO: Epoch 1548: head: Default, loss=0.5013, RMSE_MU_per_atom=0.00 mDebye, RMSE_MU_DERIV=0.00 mDebye / A, RMSE_ALPHA_per_atom=    0.03, RMSE_ALPHA_DERIV=    1.92
2025-07-13 13:38:56.195 INFO: Epoch 1549: head: Default, loss=0.5009, RMSE_MU_per_atom=0.00 mDebye, RMSE_MU_DERIV=0.00 mDebye / A, RMSE_ALPHA_per_atom=    0.03, RMSE_ALPHA_DERIV=    1.92
2025-07-13 13:39:51.484 INFO: Epoch 1550: head: Default, loss=0.5013, RMSE_MU_per_atom=0.00 mDebye, RMSE_MU_DERIV=0.00 mDebye / A, RMSE_ALPHA_per_atom=    0.03, RMSE_ALPHA_DERIV=    1.92
2025-07-13 13:40:46.772 INFO: Epoch 1551: head: Default, loss=0.5012, RMSE_MU_per_atom=0.00 mDebye, RMSE_MU_DERIV=0.00 mDebye / A, RMSE_ALPHA_per_atom=    0.03, RMSE_ALPHA_DERIV=    1.92
2025-07-13 13:41:42.042 INFO: Epoch 1552: head: Default, loss=0.5013, RMSE_MU_per_atom=0.00 mDebye, RMSE_MU_DERIV=0.00 mDebye / A, RMSE_ALPHA_per_atom=    0.03, RMSE_ALPHA_DERIV=    1.92
2025-07-13 13:42:37.324 INFO: Epoch 1553: head: Default, loss=0.5014, RMSE_MU_per_atom=0.00 mDebye, RMSE_MU_DERIV=0.00 mDebye / A, RMSE_ALPHA_per_atom=    0.03, RMSE_ALPHA_DERIV=    1.92
2025-07-13 13:43:32.600 INFO: Epoch 1554: head: Default, loss=0.5013, RMSE_MU_per_atom=0.00 mDebye, RMSE_MU_DERIV=0.00 mDebye / A, RMSE_ALPHA_per_atom=    0.03, RMSE_ALPHA_DERIV=    1.92
2025-07-13 13:44:27.881 INFO: Epoch 1555: head: Default, loss=0.5013, RMSE_MU_per_atom=0.00 mDebye, RMSE_MU_DERIV=0.00 mDebye / A, RMSE_ALPHA_per_atom=    0.03, RMSE_ALPHA_DERIV=    1.92
2025-07-13 13:45:23.168 INFO: Epoch 1556: head: Default, loss=0.5015, RMSE_MU_per_atom=0.00 mDebye, RMSE_MU_DERIV=0.00 mDebye / A, RMSE_ALPHA_per_atom=    0.03, RMSE_ALPHA_DERIV=    1.92
2025-07-13 13:46:18.447 INFO: Epoch 1557: head: Default, loss=0.5011, RMSE_MU_per_atom=0.00 mDebye, RMSE_MU_DERIV=0.00 mDebye / A, RMSE_ALPHA_per_atom=    0.03, RMSE_ALPHA_DERIV=    1.92
2025-07-13 13:47:13.716 INFO: Epoch 1558: head: Default, loss=0.5014, RMSE_MU_per_atom=0.00 mDebye, RMSE_MU_DERIV=0.00 mDebye / A, RMSE_ALPHA_per_atom=    0.03, RMSE_ALPHA_DERIV=    1.92
2025-07-13 13:48:08.991 INFO: Epoch 1559: head: Default, loss=0.5011, RMSE_MU_per_atom=0.00 mDebye, RMSE_MU_DERIV=0.00 mDebye / A, RMSE_ALPHA_per_atom=    0.03, RMSE_ALPHA_DERIV=    1.92
2025-07-13 13:49:04.265 INFO: Epoch 1560: head: Default, loss=0.5012, RMSE_MU_per_atom=0.00 mDebye, RMSE_MU_DERIV=0.00 mDebye / A, RMSE_ALPHA_per_atom=    0.03, RMSE_ALPHA_DERIV=    1.92
2025-07-13 13:49:59.528 INFO: Epoch 1561: head: Default, loss=0.5012, RMSE_MU_per_atom=0.00 mDebye, RMSE_MU_DERIV=0.00 mDebye / A, RMSE_ALPHA_per_atom=    0.03, RMSE_ALPHA_DERIV=    1.92
2025-07-13 13:50:54.797 INFO: Epoch 1562: head: Default, loss=0.5013, RMSE_MU_per_atom=0.00 mDebye, RMSE_MU_DERIV=0.00 mDebye / A, RMSE_ALPHA_per_atom=    0.03, RMSE_ALPHA_DERIV=    1.92
2025-07-13 13:51:50.059 INFO: Epoch 1563: head: Default, loss=0.5011, RMSE_MU_per_atom=0.00 mDebye, RMSE_MU_DERIV=0.00 mDebye / A, RMSE_ALPHA_per_atom=    0.03, RMSE_ALPHA_DERIV=    1.92
2025-07-13 13:52:45.338 INFO: Epoch 1564: head: Default, loss=0.5009, RMSE_MU_per_atom=0.00 mDebye, RMSE_MU_DERIV=0.00 mDebye / A, RMSE_ALPHA_per_atom=    0.03, RMSE_ALPHA_DERIV=    1.92
2025-07-13 13:53:40.625 INFO: Epoch 1565: head: Default, loss=0.5011, RMSE_MU_per_atom=0.00 mDebye, RMSE_MU_DERIV=0.00 mDebye / A, RMSE_ALPHA_per_atom=    0.03, RMSE_ALPHA_DERIV=    1.92
2025-07-13 13:54:35.912 INFO: Epoch 1566: head: Default, loss=0.5011, RMSE_MU_per_atom=0.00 mDebye, RMSE_MU_DERIV=0.00 mDebye / A, RMSE_ALPHA_per_atom=    0.03, RMSE_ALPHA_DERIV=    1.92
2025-07-13 13:55:31.199 INFO: Epoch 1567: head: Default, loss=0.5009, RMSE_MU_per_atom=0.00 mDebye, RMSE_MU_DERIV=0.00 mDebye / A, RMSE_ALPHA_per_atom=    0.03, RMSE_ALPHA_DERIV=    1.92
2025-07-13 13:56:26.476 INFO: Epoch 1568: head: Default, loss=0.5012, RMSE_MU_per_atom=0.00 mDebye, RMSE_MU_DERIV=0.00 mDebye / A, RMSE_ALPHA_per_atom=    0.03, RMSE_ALPHA_DERIV=    1.92
2025-07-13 13:57:21.769 INFO: Epoch 1569: head: Default, loss=0.5011, RMSE_MU_per_atom=0.00 mDebye, RMSE_MU_DERIV=0.00 mDebye / A, RMSE_ALPHA_per_atom=    0.03, RMSE_ALPHA_DERIV=    1.92
2025-07-13 13:58:17.054 INFO: Epoch 1570: head: Default, loss=0.5014, RMSE_MU_per_atom=0.00 mDebye, RMSE_MU_DERIV=0.00 mDebye / A, RMSE_ALPHA_per_atom=    0.03, RMSE_ALPHA_DERIV=    1.92
2025-07-13 13:59:12.339 INFO: Epoch 1571: head: Default, loss=0.5012, RMSE_MU_per_atom=0.00 mDebye, RMSE_MU_DERIV=0.00 mDebye / A, RMSE_ALPHA_per_atom=    0.03, RMSE_ALPHA_DERIV=    1.92
2025-07-13 14:00:07.619 INFO: Epoch 1572: head: Default, loss=0.5013, RMSE_MU_per_atom=0.00 mDebye, RMSE_MU_DERIV=0.00 mDebye / A, RMSE_ALPHA_per_atom=    0.03, RMSE_ALPHA_DERIV=    1.92
2025-07-13 14:01:02.909 INFO: Epoch 1573: head: Default, loss=0.5010, RMSE_MU_per_atom=0.00 mDebye, RMSE_MU_DERIV=0.00 mDebye / A, RMSE_ALPHA_per_atom=    0.03, RMSE_ALPHA_DERIV=    1.92
2025-07-13 14:01:58.192 INFO: Epoch 1574: head: Default, loss=0.5013, RMSE_MU_per_atom=0.00 mDebye, RMSE_MU_DERIV=0.00 mDebye / A, RMSE_ALPHA_per_atom=    0.03, RMSE_ALPHA_DERIV=    1.92
2025-07-13 14:02:53.481 INFO: Epoch 1575: head: Default, loss=0.5013, RMSE_MU_per_atom=0.00 mDebye, RMSE_MU_DERIV=0.00 mDebye / A, RMSE_ALPHA_per_atom=    0.03, RMSE_ALPHA_DERIV=    1.92
2025-07-13 14:03:48.760 INFO: Epoch 1576: head: Default, loss=0.5010, RMSE_MU_per_atom=0.00 mDebye, RMSE_MU_DERIV=0.00 mDebye / A, RMSE_ALPHA_per_atom=    0.03, RMSE_ALPHA_DERIV=    1.92
2025-07-13 14:04:44.038 INFO: Epoch 1577: head: Default, loss=0.5012, RMSE_MU_per_atom=0.00 mDebye, RMSE_MU_DERIV=0.00 mDebye / A, RMSE_ALPHA_per_atom=    0.03, RMSE_ALPHA_DERIV=    1.92
2025-07-13 14:05:39.337 INFO: Epoch 1578: head: Default, loss=0.5013, RMSE_MU_per_atom=0.00 mDebye, RMSE_MU_DERIV=0.00 mDebye / A, RMSE_ALPHA_per_atom=    0.03, RMSE_ALPHA_DERIV=    1.92
2025-07-13 14:06:34.645 INFO: Epoch 1579: head: Default, loss=0.5011, RMSE_MU_per_atom=0.00 mDebye, RMSE_MU_DERIV=0.00 mDebye / A, RMSE_ALPHA_per_atom=    0.03, RMSE_ALPHA_DERIV=    1.92
2025-07-13 14:07:29.963 INFO: Epoch 1580: head: Default, loss=0.5014, RMSE_MU_per_atom=0.00 mDebye, RMSE_MU_DERIV=0.00 mDebye / A, RMSE_ALPHA_per_atom=    0.03, RMSE_ALPHA_DERIV=    1.92
2025-07-13 14:08:25.284 INFO: Epoch 1581: head: Default, loss=0.5009, RMSE_MU_per_atom=0.00 mDebye, RMSE_MU_DERIV=0.00 mDebye / A, RMSE_ALPHA_per_atom=    0.03, RMSE_ALPHA_DERIV=    1.92
2025-07-13 14:09:20.616 INFO: Epoch 1582: head: Default, loss=0.5012, RMSE_MU_per_atom=0.00 mDebye, RMSE_MU_DERIV=0.00 mDebye / A, RMSE_ALPHA_per_atom=    0.03, RMSE_ALPHA_DERIV=    1.92
2025-07-13 14:10:15.951 INFO: Epoch 1583: head: Default, loss=0.5012, RMSE_MU_per_atom=0.00 mDebye, RMSE_MU_DERIV=0.00 mDebye / A, RMSE_ALPHA_per_atom=    0.03, RMSE_ALPHA_DERIV=    1.92
2025-07-13 14:11:11.263 INFO: Epoch 1584: head: Default, loss=0.5011, RMSE_MU_per_atom=0.00 mDebye, RMSE_MU_DERIV=0.00 mDebye / A, RMSE_ALPHA_per_atom=    0.03, RMSE_ALPHA_DERIV=    1.92
2025-07-13 14:12:06.587 INFO: Epoch 1585: head: Default, loss=0.5012, RMSE_MU_per_atom=0.00 mDebye, RMSE_MU_DERIV=0.00 mDebye / A, RMSE_ALPHA_per_atom=    0.03, RMSE_ALPHA_DERIV=    1.92
2025-07-13 14:13:01.889 INFO: Epoch 1586: head: Default, loss=0.5012, RMSE_MU_per_atom=0.00 mDebye, RMSE_MU_DERIV=0.00 mDebye / A, RMSE_ALPHA_per_atom=    0.03, RMSE_ALPHA_DERIV=    1.92
2025-07-13 14:13:57.196 INFO: Epoch 1587: head: Default, loss=0.5011, RMSE_MU_per_atom=0.00 mDebye, RMSE_MU_DERIV=0.00 mDebye / A, RMSE_ALPHA_per_atom=    0.03, RMSE_ALPHA_DERIV=    1.92
2025-07-13 14:14:52.504 INFO: Epoch 1588: head: Default, loss=0.5010, RMSE_MU_per_atom=0.00 mDebye, RMSE_MU_DERIV=0.00 mDebye / A, RMSE_ALPHA_per_atom=    0.03, RMSE_ALPHA_DERIV=    1.92
2025-07-13 14:15:47.815 INFO: Epoch 1589: head: Default, loss=0.5016, RMSE_MU_per_atom=0.00 mDebye, RMSE_MU_DERIV=0.00 mDebye / A, RMSE_ALPHA_per_atom=    0.03, RMSE_ALPHA_DERIV=    1.92
2025-07-13 14:16:43.121 INFO: Epoch 1590: head: Default, loss=0.5010, RMSE_MU_per_atom=0.00 mDebye, RMSE_MU_DERIV=0.00 mDebye / A, RMSE_ALPHA_per_atom=    0.03, RMSE_ALPHA_DERIV=    1.92
2025-07-13 14:17:38.429 INFO: Epoch 1591: head: Default, loss=0.5012, RMSE_MU_per_atom=0.00 mDebye, RMSE_MU_DERIV=0.00 mDebye / A, RMSE_ALPHA_per_atom=    0.03, RMSE_ALPHA_DERIV=    1.92
2025-07-13 14:18:33.734 INFO: Epoch 1592: head: Default, loss=0.5014, RMSE_MU_per_atom=0.00 mDebye, RMSE_MU_DERIV=0.00 mDebye / A, RMSE_ALPHA_per_atom=    0.03, RMSE_ALPHA_DERIV=    1.92
2025-07-13 14:19:29.042 INFO: Epoch 1593: head: Default, loss=0.5012, RMSE_MU_per_atom=0.00 mDebye, RMSE_MU_DERIV=0.00 mDebye / A, RMSE_ALPHA_per_atom=    0.03, RMSE_ALPHA_DERIV=    1.92
2025-07-13 14:20:24.341 INFO: Epoch 1594: head: Default, loss=0.5010, RMSE_MU_per_atom=0.00 mDebye, RMSE_MU_DERIV=0.00 mDebye / A, RMSE_ALPHA_per_atom=    0.03, RMSE_ALPHA_DERIV=    1.92
2025-07-13 14:21:19.642 INFO: Epoch 1595: head: Default, loss=0.5013, RMSE_MU_per_atom=0.00 mDebye, RMSE_MU_DERIV=0.00 mDebye / A, RMSE_ALPHA_per_atom=    0.03, RMSE_ALPHA_DERIV=    1.92
2025-07-13 14:22:14.937 INFO: Epoch 1596: head: Default, loss=0.5012, RMSE_MU_per_atom=0.00 mDebye, RMSE_MU_DERIV=0.00 mDebye / A, RMSE_ALPHA_per_atom=    0.03, RMSE_ALPHA_DERIV=    1.92
2025-07-13 14:23:10.233 INFO: Epoch 1597: head: Default, loss=0.5013, RMSE_MU_per_atom=0.00 mDebye, RMSE_MU_DERIV=0.00 mDebye / A, RMSE_ALPHA_per_atom=    0.03, RMSE_ALPHA_DERIV=    1.92
2025-07-13 14:24:05.534 INFO: Epoch 1598: head: Default, loss=0.5012, RMSE_MU_per_atom=0.00 mDebye, RMSE_MU_DERIV=0.00 mDebye / A, RMSE_ALPHA_per_atom=    0.03, RMSE_ALPHA_DERIV=    1.92
2025-07-13 14:25:00.833 INFO: Epoch 1599: head: Default, loss=0.5010, RMSE_MU_per_atom=0.00 mDebye, RMSE_MU_DERIV=0.00 mDebye / A, RMSE_ALPHA_per_atom=    0.03, RMSE_ALPHA_DERIV=    1.92
2025-07-13 14:25:56.136 INFO: Epoch 1600: head: Default, loss=0.5010, RMSE_MU_per_atom=0.00 mDebye, RMSE_MU_DERIV=0.00 mDebye / A, RMSE_ALPHA_per_atom=    0.03, RMSE_ALPHA_DERIV=    1.92
2025-07-13 14:26:51.434 INFO: Epoch 1601: head: Default, loss=0.5014, RMSE_MU_per_atom=0.00 mDebye, RMSE_MU_DERIV=0.00 mDebye / A, RMSE_ALPHA_per_atom=    0.03, RMSE_ALPHA_DERIV=    1.92
2025-07-13 14:27:46.743 INFO: Epoch 1602: head: Default, loss=0.5013, RMSE_MU_per_atom=0.00 mDebye, RMSE_MU_DERIV=0.00 mDebye / A, RMSE_ALPHA_per_atom=    0.03, RMSE_ALPHA_DERIV=    1.92
2025-07-13 14:28:42.038 INFO: Epoch 1603: head: Default, loss=0.5015, RMSE_MU_per_atom=0.00 mDebye, RMSE_MU_DERIV=0.00 mDebye / A, RMSE_ALPHA_per_atom=    0.03, RMSE_ALPHA_DERIV=    1.92
2025-07-13 14:29:37.351 INFO: Epoch 1604: head: Default, loss=0.5012, RMSE_MU_per_atom=0.00 mDebye, RMSE_MU_DERIV=0.00 mDebye / A, RMSE_ALPHA_per_atom=    0.03, RMSE_ALPHA_DERIV=    1.92
2025-07-13 14:30:32.673 INFO: Epoch 1605: head: Default, loss=0.5013, RMSE_MU_per_atom=0.00 mDebye, RMSE_MU_DERIV=0.00 mDebye / A, RMSE_ALPHA_per_atom=    0.03, RMSE_ALPHA_DERIV=    1.92
2025-07-13 14:31:27.986 INFO: Epoch 1606: head: Default, loss=0.5013, RMSE_MU_per_atom=0.00 mDebye, RMSE_MU_DERIV=0.00 mDebye / A, RMSE_ALPHA_per_atom=    0.03, RMSE_ALPHA_DERIV=    1.92
2025-07-13 14:32:23.277 INFO: Epoch 1607: head: Default, loss=0.5010, RMSE_MU_per_atom=0.00 mDebye, RMSE_MU_DERIV=0.00 mDebye / A, RMSE_ALPHA_per_atom=    0.03, RMSE_ALPHA_DERIV=    1.92
2025-07-13 14:33:18.583 INFO: Epoch 1608: head: Default, loss=0.5012, RMSE_MU_per_atom=0.00 mDebye, RMSE_MU_DERIV=0.00 mDebye / A, RMSE_ALPHA_per_atom=    0.03, RMSE_ALPHA_DERIV=    1.92
2025-07-13 14:34:13.885 INFO: Epoch 1609: head: Default, loss=0.5012, RMSE_MU_per_atom=0.00 mDebye, RMSE_MU_DERIV=0.00 mDebye / A, RMSE_ALPHA_per_atom=    0.03, RMSE_ALPHA_DERIV=    1.92
2025-07-13 14:35:09.179 INFO: Epoch 1610: head: Default, loss=0.5014, RMSE_MU_per_atom=0.00 mDebye, RMSE_MU_DERIV=0.00 mDebye / A, RMSE_ALPHA_per_atom=    0.03, RMSE_ALPHA_DERIV=    1.92
2025-07-13 14:36:04.477 INFO: Epoch 1611: head: Default, loss=0.5012, RMSE_MU_per_atom=0.00 mDebye, RMSE_MU_DERIV=0.00 mDebye / A, RMSE_ALPHA_per_atom=    0.03, RMSE_ALPHA_DERIV=    1.92
2025-07-13 14:36:59.764 INFO: Epoch 1612: head: Default, loss=0.5013, RMSE_MU_per_atom=0.00 mDebye, RMSE_MU_DERIV=0.00 mDebye / A, RMSE_ALPHA_per_atom=    0.03, RMSE_ALPHA_DERIV=    1.92
2025-07-13 14:37:55.043 INFO: Epoch 1613: head: Default, loss=0.5011, RMSE_MU_per_atom=0.00 mDebye, RMSE_MU_DERIV=0.00 mDebye / A, RMSE_ALPHA_per_atom=    0.03, RMSE_ALPHA_DERIV=    1.92
2025-07-13 14:38:50.330 INFO: Epoch 1614: head: Default, loss=0.5011, RMSE_MU_per_atom=0.00 mDebye, RMSE_MU_DERIV=0.00 mDebye / A, RMSE_ALPHA_per_atom=    0.03, RMSE_ALPHA_DERIV=    1.92
2025-07-13 14:39:45.623 INFO: Epoch 1615: head: Default, loss=0.5011, RMSE_MU_per_atom=0.00 mDebye, RMSE_MU_DERIV=0.00 mDebye / A, RMSE_ALPHA_per_atom=    0.03, RMSE_ALPHA_DERIV=    1.92
2025-07-13 14:40:40.906 INFO: Epoch 1616: head: Default, loss=0.5013, RMSE_MU_per_atom=0.00 mDebye, RMSE_MU_DERIV=0.00 mDebye / A, RMSE_ALPHA_per_atom=    0.03, RMSE_ALPHA_DERIV=    1.92
2025-07-13 14:41:36.191 INFO: Epoch 1617: head: Default, loss=0.5012, RMSE_MU_per_atom=0.00 mDebye, RMSE_MU_DERIV=0.00 mDebye / A, RMSE_ALPHA_per_atom=    0.03, RMSE_ALPHA_DERIV=    1.92
2025-07-13 14:42:31.479 INFO: Epoch 1618: head: Default, loss=0.5013, RMSE_MU_per_atom=0.00 mDebye, RMSE_MU_DERIV=0.00 mDebye / A, RMSE_ALPHA_per_atom=    0.03, RMSE_ALPHA_DERIV=    1.92
2025-07-13 14:43:26.773 INFO: Epoch 1619: head: Default, loss=0.5011, RMSE_MU_per_atom=0.00 mDebye, RMSE_MU_DERIV=0.00 mDebye / A, RMSE_ALPHA_per_atom=    0.03, RMSE_ALPHA_DERIV=    1.92
2025-07-13 14:44:22.070 INFO: Epoch 1620: head: Default, loss=0.5012, RMSE_MU_per_atom=0.00 mDebye, RMSE_MU_DERIV=0.00 mDebye / A, RMSE_ALPHA_per_atom=    0.03, RMSE_ALPHA_DERIV=    1.92
2025-07-13 14:45:17.368 INFO: Epoch 1621: head: Default, loss=0.5014, RMSE_MU_per_atom=0.00 mDebye, RMSE_MU_DERIV=0.00 mDebye / A, RMSE_ALPHA_per_atom=    0.03, RMSE_ALPHA_DERIV=    1.92
2025-07-13 14:46:12.664 INFO: Epoch 1622: head: Default, loss=0.5015, RMSE_MU_per_atom=0.00 mDebye, RMSE_MU_DERIV=0.00 mDebye / A, RMSE_ALPHA_per_atom=    0.03, RMSE_ALPHA_DERIV=    1.92
2025-07-13 14:47:07.961 INFO: Epoch 1623: head: Default, loss=0.5012, RMSE_MU_per_atom=0.00 mDebye, RMSE_MU_DERIV=0.00 mDebye / A, RMSE_ALPHA_per_atom=    0.03, RMSE_ALPHA_DERIV=    1.92
2025-07-13 14:48:03.260 INFO: Epoch 1624: head: Default, loss=0.5010, RMSE_MU_per_atom=0.00 mDebye, RMSE_MU_DERIV=0.00 mDebye / A, RMSE_ALPHA_per_atom=    0.03, RMSE_ALPHA_DERIV=    1.92
2025-07-13 14:48:58.554 INFO: Epoch 1625: head: Default, loss=0.5013, RMSE_MU_per_atom=0.00 mDebye, RMSE_MU_DERIV=0.00 mDebye / A, RMSE_ALPHA_per_atom=    0.03, RMSE_ALPHA_DERIV=    1.92
2025-07-13 14:49:53.843 INFO: Epoch 1626: head: Default, loss=0.5012, RMSE_MU_per_atom=0.00 mDebye, RMSE_MU_DERIV=0.00 mDebye / A, RMSE_ALPHA_per_atom=    0.03, RMSE_ALPHA_DERIV=    1.92
2025-07-13 14:50:49.131 INFO: Epoch 1627: head: Default, loss=0.5010, RMSE_MU_per_atom=0.00 mDebye, RMSE_MU_DERIV=0.00 mDebye / A, RMSE_ALPHA_per_atom=    0.03, RMSE_ALPHA_DERIV=    1.92
2025-07-13 14:51:44.432 INFO: Epoch 1628: head: Default, loss=0.5015, RMSE_MU_per_atom=0.00 mDebye, RMSE_MU_DERIV=0.00 mDebye / A, RMSE_ALPHA_per_atom=    0.03, RMSE_ALPHA_DERIV=    1.92
2025-07-13 14:52:39.728 INFO: Epoch 1629: head: Default, loss=0.5014, RMSE_MU_per_atom=0.00 mDebye, RMSE_MU_DERIV=0.00 mDebye / A, RMSE_ALPHA_per_atom=    0.03, RMSE_ALPHA_DERIV=    1.92
2025-07-13 14:53:35.031 INFO: Epoch 1630: head: Default, loss=0.5012, RMSE_MU_per_atom=0.00 mDebye, RMSE_MU_DERIV=0.00 mDebye / A, RMSE_ALPHA_per_atom=    0.03, RMSE_ALPHA_DERIV=    1.92
2025-07-13 14:54:30.347 INFO: Epoch 1631: head: Default, loss=0.5013, RMSE_MU_per_atom=0.00 mDebye, RMSE_MU_DERIV=0.00 mDebye / A, RMSE_ALPHA_per_atom=    0.03, RMSE_ALPHA_DERIV=    1.92
2025-07-13 14:55:25.673 INFO: Epoch 1632: head: Default, loss=0.5012, RMSE_MU_per_atom=0.00 mDebye, RMSE_MU_DERIV=0.00 mDebye / A, RMSE_ALPHA_per_atom=    0.03, RMSE_ALPHA_DERIV=    1.92
2025-07-13 14:56:20.978 INFO: Epoch 1633: head: Default, loss=0.5014, RMSE_MU_per_atom=0.00 mDebye, RMSE_MU_DERIV=0.00 mDebye / A, RMSE_ALPHA_per_atom=    0.03, RMSE_ALPHA_DERIV=    1.92
2025-07-13 14:57:16.279 INFO: Epoch 1634: head: Default, loss=0.5009, RMSE_MU_per_atom=0.00 mDebye, RMSE_MU_DERIV=0.00 mDebye / A, RMSE_ALPHA_per_atom=    0.03, RMSE_ALPHA_DERIV=    1.92
2025-07-13 14:58:11.588 INFO: Epoch 1635: head: Default, loss=0.5011, RMSE_MU_per_atom=0.00 mDebye, RMSE_MU_DERIV=0.00 mDebye / A, RMSE_ALPHA_per_atom=    0.03, RMSE_ALPHA_DERIV=    1.92
2025-07-13 14:59:06.913 INFO: Epoch 1636: head: Default, loss=0.5014, RMSE_MU_per_atom=0.00 mDebye, RMSE_MU_DERIV=0.00 mDebye / A, RMSE_ALPHA_per_atom=    0.03, RMSE_ALPHA_DERIV=    1.92
2025-07-13 15:00:02.230 INFO: Epoch 1637: head: Default, loss=0.5013, RMSE_MU_per_atom=0.00 mDebye, RMSE_MU_DERIV=0.00 mDebye / A, RMSE_ALPHA_per_atom=    0.03, RMSE_ALPHA_DERIV=    1.92
2025-07-13 15:00:57.560 INFO: Epoch 1638: head: Default, loss=0.5014, RMSE_MU_per_atom=0.00 mDebye, RMSE_MU_DERIV=0.00 mDebye / A, RMSE_ALPHA_per_atom=    0.03, RMSE_ALPHA_DERIV=    1.92
2025-07-13 15:01:52.874 INFO: Epoch 1639: head: Default, loss=0.5012, RMSE_MU_per_atom=0.00 mDebye, RMSE_MU_DERIV=0.00 mDebye / A, RMSE_ALPHA_per_atom=    0.03, RMSE_ALPHA_DERIV=    1.92
2025-07-13 15:02:48.189 INFO: Epoch 1640: head: Default, loss=0.5012, RMSE_MU_per_atom=0.00 mDebye, RMSE_MU_DERIV=0.00 mDebye / A, RMSE_ALPHA_per_atom=    0.03, RMSE_ALPHA_DERIV=    1.92
2025-07-13 15:03:43.505 INFO: Epoch 1641: head: Default, loss=0.5013, RMSE_MU_per_atom=0.00 mDebye, RMSE_MU_DERIV=0.00 mDebye / A, RMSE_ALPHA_per_atom=    0.03, RMSE_ALPHA_DERIV=    1.92
2025-07-13 15:04:38.833 INFO: Epoch 1642: head: Default, loss=0.5011, RMSE_MU_per_atom=0.00 mDebye, RMSE_MU_DERIV=0.00 mDebye / A, RMSE_ALPHA_per_atom=    0.03, RMSE_ALPHA_DERIV=    1.92
2025-07-13 15:05:34.164 INFO: Epoch 1643: head: Default, loss=0.5013, RMSE_MU_per_atom=0.00 mDebye, RMSE_MU_DERIV=0.00 mDebye / A, RMSE_ALPHA_per_atom=    0.03, RMSE_ALPHA_DERIV=    1.92
2025-07-13 15:06:29.479 INFO: Epoch 1644: head: Default, loss=0.5012, RMSE_MU_per_atom=0.00 mDebye, RMSE_MU_DERIV=0.00 mDebye / A, RMSE_ALPHA_per_atom=    0.03, RMSE_ALPHA_DERIV=    1.92
2025-07-13 15:07:24.786 INFO: Epoch 1645: head: Default, loss=0.5012, RMSE_MU_per_atom=0.00 mDebye, RMSE_MU_DERIV=0.00 mDebye / A, RMSE_ALPHA_per_atom=    0.03, RMSE_ALPHA_DERIV=    1.92
2025-07-13 15:08:20.110 INFO: Epoch 1646: head: Default, loss=0.5011, RMSE_MU_per_atom=0.00 mDebye, RMSE_MU_DERIV=0.00 mDebye / A, RMSE_ALPHA_per_atom=    0.03, RMSE_ALPHA_DERIV=    1.92
2025-07-13 15:09:15.428 INFO: Epoch 1647: head: Default, loss=0.5012, RMSE_MU_per_atom=0.00 mDebye, RMSE_MU_DERIV=0.00 mDebye / A, RMSE_ALPHA_per_atom=    0.03, RMSE_ALPHA_DERIV=    1.92
2025-07-13 15:10:10.741 INFO: Epoch 1648: head: Default, loss=0.5013, RMSE_MU_per_atom=0.00 mDebye, RMSE_MU_DERIV=0.00 mDebye / A, RMSE_ALPHA_per_atom=    0.03, RMSE_ALPHA_DERIV=    1.92
2025-07-13 15:11:06.065 INFO: Epoch 1649: head: Default, loss=0.5011, RMSE_MU_per_atom=0.00 mDebye, RMSE_MU_DERIV=0.00 mDebye / A, RMSE_ALPHA_per_atom=    0.03, RMSE_ALPHA_DERIV=    1.92
2025-07-13 15:12:01.413 INFO: Epoch 1650: head: Default, loss=0.5015, RMSE_MU_per_atom=0.00 mDebye, RMSE_MU_DERIV=0.00 mDebye / A, RMSE_ALPHA_per_atom=    0.03, RMSE_ALPHA_DERIV=    1.92
2025-07-13 15:12:56.766 INFO: Epoch 1651: head: Default, loss=0.5011, RMSE_MU_per_atom=0.00 mDebye, RMSE_MU_DERIV=0.00 mDebye / A, RMSE_ALPHA_per_atom=    0.03, RMSE_ALPHA_DERIV=    1.92
2025-07-13 15:13:52.130 INFO: Epoch 1652: head: Default, loss=0.5013, RMSE_MU_per_atom=0.00 mDebye, RMSE_MU_DERIV=0.00 mDebye / A, RMSE_ALPHA_per_atom=    0.03, RMSE_ALPHA_DERIV=    1.92
2025-07-13 15:14:47.467 INFO: Epoch 1653: head: Default, loss=0.5012, RMSE_MU_per_atom=0.00 mDebye, RMSE_MU_DERIV=0.00 mDebye / A, RMSE_ALPHA_per_atom=    0.03, RMSE_ALPHA_DERIV=    1.92
2025-07-13 15:15:42.792 INFO: Epoch 1654: head: Default, loss=0.5012, RMSE_MU_per_atom=0.00 mDebye, RMSE_MU_DERIV=0.00 mDebye / A, RMSE_ALPHA_per_atom=    0.03, RMSE_ALPHA_DERIV=    1.92
2025-07-13 15:16:38.102 INFO: Epoch 1655: head: Default, loss=0.5014, RMSE_MU_per_atom=0.00 mDebye, RMSE_MU_DERIV=0.00 mDebye / A, RMSE_ALPHA_per_atom=    0.03, RMSE_ALPHA_DERIV=    1.92
2025-07-13 15:17:33.444 INFO: Epoch 1656: head: Default, loss=0.5011, RMSE_MU_per_atom=0.00 mDebye, RMSE_MU_DERIV=0.00 mDebye / A, RMSE_ALPHA_per_atom=    0.03, RMSE_ALPHA_DERIV=    1.92
2025-07-13 15:18:28.754 INFO: Epoch 1657: head: Default, loss=0.5014, RMSE_MU_per_atom=0.00 mDebye, RMSE_MU_DERIV=0.00 mDebye / A, RMSE_ALPHA_per_atom=    0.03, RMSE_ALPHA_DERIV=    1.92
2025-07-13 15:19:24.075 INFO: Epoch 1658: head: Default, loss=0.5011, RMSE_MU_per_atom=0.00 mDebye, RMSE_MU_DERIV=0.00 mDebye / A, RMSE_ALPHA_per_atom=    0.03, RMSE_ALPHA_DERIV=    1.92
2025-07-13 15:20:19.400 INFO: Epoch 1659: head: Default, loss=0.5012, RMSE_MU_per_atom=0.00 mDebye, RMSE_MU_DERIV=0.00 mDebye / A, RMSE_ALPHA_per_atom=    0.03, RMSE_ALPHA_DERIV=    1.92
2025-07-13 15:21:14.735 INFO: Epoch 1660: head: Default, loss=0.5013, RMSE_MU_per_atom=0.00 mDebye, RMSE_MU_DERIV=0.00 mDebye / A, RMSE_ALPHA_per_atom=    0.03, RMSE_ALPHA_DERIV=    1.92
2025-07-13 15:22:10.061 INFO: Epoch 1661: head: Default, loss=0.5011, RMSE_MU_per_atom=0.00 mDebye, RMSE_MU_DERIV=0.00 mDebye / A, RMSE_ALPHA_per_atom=    0.03, RMSE_ALPHA_DERIV=    1.92
2025-07-13 15:23:05.399 INFO: Epoch 1662: head: Default, loss=0.5014, RMSE_MU_per_atom=0.00 mDebye, RMSE_MU_DERIV=0.00 mDebye / A, RMSE_ALPHA_per_atom=    0.03, RMSE_ALPHA_DERIV=    1.92
2025-07-13 15:24:00.716 INFO: Epoch 1663: head: Default, loss=0.5012, RMSE_MU_per_atom=0.00 mDebye, RMSE_MU_DERIV=0.00 mDebye / A, RMSE_ALPHA_per_atom=    0.03, RMSE_ALPHA_DERIV=    1.92
2025-07-13 15:24:56.061 INFO: Epoch 1664: head: Default, loss=0.5012, RMSE_MU_per_atom=0.00 mDebye, RMSE_MU_DERIV=0.00 mDebye / A, RMSE_ALPHA_per_atom=    0.03, RMSE_ALPHA_DERIV=    1.92
2025-07-13 15:25:51.397 INFO: Epoch 1665: head: Default, loss=0.5013, RMSE_MU_per_atom=0.00 mDebye, RMSE_MU_DERIV=0.00 mDebye / A, RMSE_ALPHA_per_atom=    0.03, RMSE_ALPHA_DERIV=    1.92
2025-07-13 15:26:46.720 INFO: Epoch 1666: head: Default, loss=0.5012, RMSE_MU_per_atom=0.00 mDebye, RMSE_MU_DERIV=0.00 mDebye / A, RMSE_ALPHA_per_atom=    0.03, RMSE_ALPHA_DERIV=    1.92
2025-07-13 15:27:42.051 INFO: Epoch 1667: head: Default, loss=0.5011, RMSE_MU_per_atom=0.00 mDebye, RMSE_MU_DERIV=0.00 mDebye / A, RMSE_ALPHA_per_atom=    0.03, RMSE_ALPHA_DERIV=    1.92
2025-07-13 15:28:37.410 INFO: Epoch 1668: head: Default, loss=0.5014, RMSE_MU_per_atom=0.00 mDebye, RMSE_MU_DERIV=0.00 mDebye / A, RMSE_ALPHA_per_atom=    0.03, RMSE_ALPHA_DERIV=    1.92
2025-07-13 15:29:32.759 INFO: Epoch 1669: head: Default, loss=0.5014, RMSE_MU_per_atom=0.00 mDebye, RMSE_MU_DERIV=0.00 mDebye / A, RMSE_ALPHA_per_atom=    0.03, RMSE_ALPHA_DERIV=    1.92
2025-07-13 15:30:28.089 INFO: Epoch 1670: head: Default, loss=0.5014, RMSE_MU_per_atom=0.00 mDebye, RMSE_MU_DERIV=0.00 mDebye / A, RMSE_ALPHA_per_atom=    0.03, RMSE_ALPHA_DERIV=    1.92
2025-07-13 15:31:23.421 INFO: Epoch 1671: head: Default, loss=0.5013, RMSE_MU_per_atom=0.00 mDebye, RMSE_MU_DERIV=0.00 mDebye / A, RMSE_ALPHA_per_atom=    0.03, RMSE_ALPHA_DERIV=    1.92
2025-07-13 15:32:18.758 INFO: Epoch 1672: head: Default, loss=0.5012, RMSE_MU_per_atom=0.00 mDebye, RMSE_MU_DERIV=0.00 mDebye / A, RMSE_ALPHA_per_atom=    0.03, RMSE_ALPHA_DERIV=    1.92
2025-07-13 15:33:14.103 INFO: Epoch 1673: head: Default, loss=0.5012, RMSE_MU_per_atom=0.00 mDebye, RMSE_MU_DERIV=0.00 mDebye / A, RMSE_ALPHA_per_atom=    0.03, RMSE_ALPHA_DERIV=    1.92
2025-07-13 15:34:09.453 INFO: Epoch 1674: head: Default, loss=0.5012, RMSE_MU_per_atom=0.00 mDebye, RMSE_MU_DERIV=0.00 mDebye / A, RMSE_ALPHA_per_atom=    0.03, RMSE_ALPHA_DERIV=    1.92
2025-07-13 15:35:04.784 INFO: Epoch 1675: head: Default, loss=0.5013, RMSE_MU_per_atom=0.00 mDebye, RMSE_MU_DERIV=0.00 mDebye / A, RMSE_ALPHA_per_atom=    0.03, RMSE_ALPHA_DERIV=    1.92
2025-07-13 15:36:00.121 INFO: Epoch 1676: head: Default, loss=0.5012, RMSE_MU_per_atom=0.00 mDebye, RMSE_MU_DERIV=0.00 mDebye / A, RMSE_ALPHA_per_atom=    0.03, RMSE_ALPHA_DERIV=    1.92
2025-07-13 15:36:55.447 INFO: Epoch 1677: head: Default, loss=0.5011, RMSE_MU_per_atom=0.00 mDebye, RMSE_MU_DERIV=0.00 mDebye / A, RMSE_ALPHA_per_atom=    0.03, RMSE_ALPHA_DERIV=    1.92
2025-07-13 15:37:50.769 INFO: Epoch 1678: head: Default, loss=0.5013, RMSE_MU_per_atom=0.00 mDebye, RMSE_MU_DERIV=0.00 mDebye / A, RMSE_ALPHA_per_atom=    0.03, RMSE_ALPHA_DERIV=    1.92
2025-07-13 15:38:46.087 INFO: Epoch 1679: head: Default, loss=0.5012, RMSE_MU_per_atom=0.00 mDebye, RMSE_MU_DERIV=0.00 mDebye / A, RMSE_ALPHA_per_atom=    0.03, RMSE_ALPHA_DERIV=    1.92
2025-07-13 15:39:41.402 INFO: Epoch 1680: head: Default, loss=0.5012, RMSE_MU_per_atom=0.00 mDebye, RMSE_MU_DERIV=0.00 mDebye / A, RMSE_ALPHA_per_atom=    0.03, RMSE_ALPHA_DERIV=    1.92
2025-07-13 15:40:36.726 INFO: Epoch 1681: head: Default, loss=0.5013, RMSE_MU_per_atom=0.00 mDebye, RMSE_MU_DERIV=0.00 mDebye / A, RMSE_ALPHA_per_atom=    0.03, RMSE_ALPHA_DERIV=    1.92
2025-07-13 15:41:32.065 INFO: Epoch 1682: head: Default, loss=0.5013, RMSE_MU_per_atom=0.00 mDebye, RMSE_MU_DERIV=0.00 mDebye / A, RMSE_ALPHA_per_atom=    0.03, RMSE_ALPHA_DERIV=    1.92
2025-07-13 15:42:27.390 INFO: Epoch 1683: head: Default, loss=0.5011, RMSE_MU_per_atom=0.00 mDebye, RMSE_MU_DERIV=0.00 mDebye / A, RMSE_ALPHA_per_atom=    0.03, RMSE_ALPHA_DERIV=    1.92
2025-07-13 15:43:22.713 INFO: Epoch 1684: head: Default, loss=0.5013, RMSE_MU_per_atom=0.00 mDebye, RMSE_MU_DERIV=0.00 mDebye / A, RMSE_ALPHA_per_atom=    0.03, RMSE_ALPHA_DERIV=    1.92
2025-07-13 15:44:18.034 INFO: Epoch 1685: head: Default, loss=0.5012, RMSE_MU_per_atom=0.00 mDebye, RMSE_MU_DERIV=0.00 mDebye / A, RMSE_ALPHA_per_atom=    0.03, RMSE_ALPHA_DERIV=    1.92
2025-07-13 15:45:13.359 INFO: Epoch 1686: head: Default, loss=0.5013, RMSE_MU_per_atom=0.00 mDebye, RMSE_MU_DERIV=0.00 mDebye / A, RMSE_ALPHA_per_atom=    0.03, RMSE_ALPHA_DERIV=    1.92
2025-07-13 15:46:08.664 INFO: Epoch 1687: head: Default, loss=0.5013, RMSE_MU_per_atom=0.00 mDebye, RMSE_MU_DERIV=0.00 mDebye / A, RMSE_ALPHA_per_atom=    0.03, RMSE_ALPHA_DERIV=    1.92
2025-07-13 15:47:03.959 INFO: Epoch 1688: head: Default, loss=0.5014, RMSE_MU_per_atom=0.00 mDebye, RMSE_MU_DERIV=0.00 mDebye / A, RMSE_ALPHA_per_atom=    0.03, RMSE_ALPHA_DERIV=    1.92
2025-07-13 15:47:59.258 INFO: Epoch 1689: head: Default, loss=0.5013, RMSE_MU_per_atom=0.00 mDebye, RMSE_MU_DERIV=0.00 mDebye / A, RMSE_ALPHA_per_atom=    0.03, RMSE_ALPHA_DERIV=    1.92
2025-07-13 15:48:54.557 INFO: Epoch 1690: head: Default, loss=0.5014, RMSE_MU_per_atom=0.00 mDebye, RMSE_MU_DERIV=0.00 mDebye / A, RMSE_ALPHA_per_atom=    0.03, RMSE_ALPHA_DERIV=    1.92
2025-07-13 15:49:49.867 INFO: Epoch 1691: head: Default, loss=0.5013, RMSE_MU_per_atom=0.00 mDebye, RMSE_MU_DERIV=0.00 mDebye / A, RMSE_ALPHA_per_atom=    0.03, RMSE_ALPHA_DERIV=    1.92
2025-07-13 15:50:45.162 INFO: Epoch 1692: head: Default, loss=0.5013, RMSE_MU_per_atom=0.00 mDebye, RMSE_MU_DERIV=0.00 mDebye / A, RMSE_ALPHA_per_atom=    0.03, RMSE_ALPHA_DERIV=    1.92
2025-07-13 15:51:40.463 INFO: Epoch 1693: head: Default, loss=0.5014, RMSE_MU_per_atom=0.00 mDebye, RMSE_MU_DERIV=0.00 mDebye / A, RMSE_ALPHA_per_atom=    0.03, RMSE_ALPHA_DERIV=    1.92
2025-07-13 15:52:35.768 INFO: Epoch 1694: head: Default, loss=0.5012, RMSE_MU_per_atom=0.00 mDebye, RMSE_MU_DERIV=0.00 mDebye / A, RMSE_ALPHA_per_atom=    0.03, RMSE_ALPHA_DERIV=    1.92
2025-07-13 15:53:31.061 INFO: Epoch 1695: head: Default, loss=0.5013, RMSE_MU_per_atom=0.00 mDebye, RMSE_MU_DERIV=0.00 mDebye / A, RMSE_ALPHA_per_atom=    0.03, RMSE_ALPHA_DERIV=    1.92
2025-07-13 15:54:26.354 INFO: Epoch 1696: head: Default, loss=0.5014, RMSE_MU_per_atom=0.00 mDebye, RMSE_MU_DERIV=0.00 mDebye / A, RMSE_ALPHA_per_atom=    0.03, RMSE_ALPHA_DERIV=    1.92
2025-07-13 15:55:21.651 INFO: Epoch 1697: head: Default, loss=0.5011, RMSE_MU_per_atom=0.00 mDebye, RMSE_MU_DERIV=0.00 mDebye / A, RMSE_ALPHA_per_atom=    0.03, RMSE_ALPHA_DERIV=    1.92
2025-07-13 15:56:16.933 INFO: Epoch 1698: head: Default, loss=0.5013, RMSE_MU_per_atom=0.00 mDebye, RMSE_MU_DERIV=0.00 mDebye / A, RMSE_ALPHA_per_atom=    0.03, RMSE_ALPHA_DERIV=    1.92
2025-07-13 15:57:12.219 INFO: Epoch 1699: head: Default, loss=0.5011, RMSE_MU_per_atom=0.00 mDebye, RMSE_MU_DERIV=0.00 mDebye / A, RMSE_ALPHA_per_atom=    0.03, RMSE_ALPHA_DERIV=    1.92
2025-07-13 15:58:07.492 INFO: Epoch 1700: head: Default, loss=0.5012, RMSE_MU_per_atom=0.00 mDebye, RMSE_MU_DERIV=0.00 mDebye / A, RMSE_ALPHA_per_atom=    0.03, RMSE_ALPHA_DERIV=    1.92
2025-07-13 15:59:02.795 INFO: Epoch 1701: head: Default, loss=0.5013, RMSE_MU_per_atom=0.00 mDebye, RMSE_MU_DERIV=0.00 mDebye / A, RMSE_ALPHA_per_atom=    0.03, RMSE_ALPHA_DERIV=    1.92
2025-07-13 15:59:58.090 INFO: Epoch 1702: head: Default, loss=0.5013, RMSE_MU_per_atom=0.00 mDebye, RMSE_MU_DERIV=0.00 mDebye / A, RMSE_ALPHA_per_atom=    0.03, RMSE_ALPHA_DERIV=    1.92
2025-07-13 16:00:53.393 INFO: Epoch 1703: head: Default, loss=0.5013, RMSE_MU_per_atom=0.00 mDebye, RMSE_MU_DERIV=0.00 mDebye / A, RMSE_ALPHA_per_atom=    0.03, RMSE_ALPHA_DERIV=    1.92
2025-07-13 16:01:48.688 INFO: Epoch 1704: head: Default, loss=0.5012, RMSE_MU_per_atom=0.00 mDebye, RMSE_MU_DERIV=0.00 mDebye / A, RMSE_ALPHA_per_atom=    0.03, RMSE_ALPHA_DERIV=    1.92
2025-07-13 16:02:43.972 INFO: Epoch 1705: head: Default, loss=0.5014, RMSE_MU_per_atom=0.00 mDebye, RMSE_MU_DERIV=0.00 mDebye / A, RMSE_ALPHA_per_atom=    0.03, RMSE_ALPHA_DERIV=    1.92
2025-07-13 16:03:39.250 INFO: Epoch 1706: head: Default, loss=0.5013, RMSE_MU_per_atom=0.00 mDebye, RMSE_MU_DERIV=0.00 mDebye / A, RMSE_ALPHA_per_atom=    0.03, RMSE_ALPHA_DERIV=    1.92
2025-07-13 16:04:34.541 INFO: Epoch 1707: head: Default, loss=0.5012, RMSE_MU_per_atom=0.00 mDebye, RMSE_MU_DERIV=0.00 mDebye / A, RMSE_ALPHA_per_atom=    0.03, RMSE_ALPHA_DERIV=    1.92
2025-07-13 16:05:29.837 INFO: Epoch 1708: head: Default, loss=0.5013, RMSE_MU_per_atom=0.00 mDebye, RMSE_MU_DERIV=0.00 mDebye / A, RMSE_ALPHA_per_atom=    0.03, RMSE_ALPHA_DERIV=    1.92
2025-07-13 16:06:25.126 INFO: Epoch 1709: head: Default, loss=0.5012, RMSE_MU_per_atom=0.00 mDebye, RMSE_MU_DERIV=0.00 mDebye / A, RMSE_ALPHA_per_atom=    0.03, RMSE_ALPHA_DERIV=    1.92
2025-07-13 16:07:20.409 INFO: Epoch 1710: head: Default, loss=0.5012, RMSE_MU_per_atom=0.00 mDebye, RMSE_MU_DERIV=0.00 mDebye / A, RMSE_ALPHA_per_atom=    0.03, RMSE_ALPHA_DERIV=    1.92
2025-07-13 16:08:15.717 INFO: Epoch 1711: head: Default, loss=0.5013, RMSE_MU_per_atom=0.00 mDebye, RMSE_MU_DERIV=0.00 mDebye / A, RMSE_ALPHA_per_atom=    0.03, RMSE_ALPHA_DERIV=    1.92
2025-07-13 16:09:11.007 INFO: Epoch 1712: head: Default, loss=0.5013, RMSE_MU_per_atom=0.00 mDebye, RMSE_MU_DERIV=0.00 mDebye / A, RMSE_ALPHA_per_atom=    0.03, RMSE_ALPHA_DERIV=    1.92
2025-07-13 16:10:06.322 INFO: Epoch 1713: head: Default, loss=0.5013, RMSE_MU_per_atom=0.00 mDebye, RMSE_MU_DERIV=0.00 mDebye / A, RMSE_ALPHA_per_atom=    0.03, RMSE_ALPHA_DERIV=    1.92
2025-07-13 16:11:01.645 INFO: Epoch 1714: head: Default, loss=0.5013, RMSE_MU_per_atom=0.00 mDebye, RMSE_MU_DERIV=0.00 mDebye / A, RMSE_ALPHA_per_atom=    0.03, RMSE_ALPHA_DERIV=    1.92
2025-07-13 16:11:56.954 INFO: Epoch 1715: head: Default, loss=0.5012, RMSE_MU_per_atom=0.00 mDebye, RMSE_MU_DERIV=0.00 mDebye / A, RMSE_ALPHA_per_atom=    0.03, RMSE_ALPHA_DERIV=    1.92
2025-07-13 16:12:52.277 INFO: Epoch 1716: head: Default, loss=0.5013, RMSE_MU_per_atom=0.00 mDebye, RMSE_MU_DERIV=0.00 mDebye / A, RMSE_ALPHA_per_atom=    0.03, RMSE_ALPHA_DERIV=    1.92
2025-07-13 16:13:47.598 INFO: Epoch 1717: head: Default, loss=0.5014, RMSE_MU_per_atom=0.00 mDebye, RMSE_MU_DERIV=0.00 mDebye / A, RMSE_ALPHA_per_atom=    0.03, RMSE_ALPHA_DERIV=    1.92
2025-07-13 16:14:42.897 INFO: Epoch 1718: head: Default, loss=0.5013, RMSE_MU_per_atom=0.00 mDebye, RMSE_MU_DERIV=0.00 mDebye / A, RMSE_ALPHA_per_atom=    0.03, RMSE_ALPHA_DERIV=    1.92
2025-07-13 16:15:38.198 INFO: Epoch 1719: head: Default, loss=0.5012, RMSE_MU_per_atom=0.00 mDebye, RMSE_MU_DERIV=0.00 mDebye / A, RMSE_ALPHA_per_atom=    0.03, RMSE_ALPHA_DERIV=    1.92
2025-07-13 16:16:33.523 INFO: Epoch 1720: head: Default, loss=0.5012, RMSE_MU_per_atom=0.00 mDebye, RMSE_MU_DERIV=0.00 mDebye / A, RMSE_ALPHA_per_atom=    0.03, RMSE_ALPHA_DERIV=    1.92
2025-07-13 16:17:28.845 INFO: Epoch 1721: head: Default, loss=0.5011, RMSE_MU_per_atom=0.00 mDebye, RMSE_MU_DERIV=0.00 mDebye / A, RMSE_ALPHA_per_atom=    0.03, RMSE_ALPHA_DERIV=    1.92
2025-07-13 16:18:24.166 INFO: Epoch 1722: head: Default, loss=0.5011, RMSE_MU_per_atom=0.00 mDebye, RMSE_MU_DERIV=0.00 mDebye / A, RMSE_ALPHA_per_atom=    0.03, RMSE_ALPHA_DERIV=    1.92
2025-07-13 16:19:19.467 INFO: Epoch 1723: head: Default, loss=0.5012, RMSE_MU_per_atom=0.00 mDebye, RMSE_MU_DERIV=0.00 mDebye / A, RMSE_ALPHA_per_atom=    0.03, RMSE_ALPHA_DERIV=    1.92
2025-07-13 16:20:14.769 INFO: Epoch 1724: head: Default, loss=0.5013, RMSE_MU_per_atom=0.00 mDebye, RMSE_MU_DERIV=0.00 mDebye / A, RMSE_ALPHA_per_atom=    0.03, RMSE_ALPHA_DERIV=    1.92
2025-07-13 16:21:10.064 INFO: Epoch 1725: head: Default, loss=0.5011, RMSE_MU_per_atom=0.00 mDebye, RMSE_MU_DERIV=0.00 mDebye / A, RMSE_ALPHA_per_atom=    0.03, RMSE_ALPHA_DERIV=    1.92
2025-07-13 16:22:05.356 INFO: Epoch 1726: head: Default, loss=0.5013, RMSE_MU_per_atom=0.00 mDebye, RMSE_MU_DERIV=0.00 mDebye / A, RMSE_ALPHA_per_atom=    0.03, RMSE_ALPHA_DERIV=    1.92
2025-07-13 16:23:00.651 INFO: Epoch 1727: head: Default, loss=0.5012, RMSE_MU_per_atom=0.00 mDebye, RMSE_MU_DERIV=0.00 mDebye / A, RMSE_ALPHA_per_atom=    0.03, RMSE_ALPHA_DERIV=    1.92
2025-07-13 16:23:55.952 INFO: Epoch 1728: head: Default, loss=0.5013, RMSE_MU_per_atom=0.00 mDebye, RMSE_MU_DERIV=0.00 mDebye / A, RMSE_ALPHA_per_atom=    0.03, RMSE_ALPHA_DERIV=    1.92
2025-07-13 16:24:51.264 INFO: Epoch 1729: head: Default, loss=0.5013, RMSE_MU_per_atom=0.00 mDebye, RMSE_MU_DERIV=0.00 mDebye / A, RMSE_ALPHA_per_atom=    0.03, RMSE_ALPHA_DERIV=    1.92
2025-07-13 16:25:46.553 INFO: Epoch 1730: head: Default, loss=0.5013, RMSE_MU_per_atom=0.00 mDebye, RMSE_MU_DERIV=0.00 mDebye / A, RMSE_ALPHA_per_atom=    0.03, RMSE_ALPHA_DERIV=    1.92
2025-07-13 16:26:41.863 INFO: Epoch 1731: head: Default, loss=0.5014, RMSE_MU_per_atom=0.00 mDebye, RMSE_MU_DERIV=0.00 mDebye / A, RMSE_ALPHA_per_atom=    0.03, RMSE_ALPHA_DERIV=    1.92
2025-07-13 16:27:37.188 INFO: Epoch 1732: head: Default, loss=0.5014, RMSE_MU_per_atom=0.00 mDebye, RMSE_MU_DERIV=0.00 mDebye / A, RMSE_ALPHA_per_atom=    0.03, RMSE_ALPHA_DERIV=    1.92
2025-07-13 16:28:32.488 INFO: Epoch 1733: head: Default, loss=0.5013, RMSE_MU_per_atom=0.00 mDebye, RMSE_MU_DERIV=0.00 mDebye / A, RMSE_ALPHA_per_atom=    0.03, RMSE_ALPHA_DERIV=    1.92
2025-07-13 16:29:27.797 INFO: Epoch 1734: head: Default, loss=0.5013, RMSE_MU_per_atom=0.00 mDebye, RMSE_MU_DERIV=0.00 mDebye / A, RMSE_ALPHA_per_atom=    0.03, RMSE_ALPHA_DERIV=    1.92
2025-07-13 16:30:23.095 INFO: Epoch 1735: head: Default, loss=0.5012, RMSE_MU_per_atom=0.00 mDebye, RMSE_MU_DERIV=0.00 mDebye / A, RMSE_ALPHA_per_atom=    0.03, RMSE_ALPHA_DERIV=    1.92
2025-07-13 16:31:18.389 INFO: Epoch 1736: head: Default, loss=0.5013, RMSE_MU_per_atom=0.00 mDebye, RMSE_MU_DERIV=0.00 mDebye / A, RMSE_ALPHA_per_atom=    0.03, RMSE_ALPHA_DERIV=    1.92
2025-07-13 16:32:13.683 INFO: Epoch 1737: head: Default, loss=0.5012, RMSE_MU_per_atom=0.00 mDebye, RMSE_MU_DERIV=0.00 mDebye / A, RMSE_ALPHA_per_atom=    0.03, RMSE_ALPHA_DERIV=    1.92
2025-07-13 16:33:08.979 INFO: Epoch 1738: head: Default, loss=0.5013, RMSE_MU_per_atom=0.00 mDebye, RMSE_MU_DERIV=0.00 mDebye / A, RMSE_ALPHA_per_atom=    0.03, RMSE_ALPHA_DERIV=    1.92
2025-07-13 16:34:04.290 INFO: Epoch 1739: head: Default, loss=0.5013, RMSE_MU_per_atom=0.00 mDebye, RMSE_MU_DERIV=0.00 mDebye / A, RMSE_ALPHA_per_atom=    0.03, RMSE_ALPHA_DERIV=    1.92
2025-07-13 16:34:59.591 INFO: Epoch 1740: head: Default, loss=0.5012, RMSE_MU_per_atom=0.00 mDebye, RMSE_MU_DERIV=0.00 mDebye / A, RMSE_ALPHA_per_atom=    0.03, RMSE_ALPHA_DERIV=    1.92
2025-07-13 16:35:54.905 INFO: Epoch 1741: head: Default, loss=0.5014, RMSE_MU_per_atom=0.00 mDebye, RMSE_MU_DERIV=0.00 mDebye / A, RMSE_ALPHA_per_atom=    0.03, RMSE_ALPHA_DERIV=    1.92
2025-07-13 16:36:50.210 INFO: Epoch 1742: head: Default, loss=0.5012, RMSE_MU_per_atom=0.00 mDebye, RMSE_MU_DERIV=0.00 mDebye / A, RMSE_ALPHA_per_atom=    0.03, RMSE_ALPHA_DERIV=    1.92
2025-07-13 16:37:45.530 INFO: Epoch 1743: head: Default, loss=0.5012, RMSE_MU_per_atom=0.00 mDebye, RMSE_MU_DERIV=0.00 mDebye / A, RMSE_ALPHA_per_atom=    0.03, RMSE_ALPHA_DERIV=    1.92
2025-07-13 16:38:40.852 INFO: Epoch 1744: head: Default, loss=0.5014, RMSE_MU_per_atom=0.00 mDebye, RMSE_MU_DERIV=0.00 mDebye / A, RMSE_ALPHA_per_atom=    0.03, RMSE_ALPHA_DERIV=    1.92
2025-07-13 16:39:36.166 INFO: Epoch 1745: head: Default, loss=0.5013, RMSE_MU_per_atom=0.00 mDebye, RMSE_MU_DERIV=0.00 mDebye / A, RMSE_ALPHA_per_atom=    0.03, RMSE_ALPHA_DERIV=    1.92
2025-07-13 16:40:31.496 INFO: Epoch 1746: head: Default, loss=0.5013, RMSE_MU_per_atom=0.00 mDebye, RMSE_MU_DERIV=0.00 mDebye / A, RMSE_ALPHA_per_atom=    0.03, RMSE_ALPHA_DERIV=    1.92
2025-07-13 16:41:26.823 INFO: Epoch 1747: head: Default, loss=0.5012, RMSE_MU_per_atom=0.00 mDebye, RMSE_MU_DERIV=0.00 mDebye / A, RMSE_ALPHA_per_atom=    0.03, RMSE_ALPHA_DERIV=    1.92
2025-07-13 16:42:22.143 INFO: Epoch 1748: head: Default, loss=0.5012, RMSE_MU_per_atom=0.00 mDebye, RMSE_MU_DERIV=0.00 mDebye / A, RMSE_ALPHA_per_atom=    0.03, RMSE_ALPHA_DERIV=    1.92
2025-07-13 16:43:17.466 INFO: Epoch 1749: head: Default, loss=0.5013, RMSE_MU_per_atom=0.00 mDebye, RMSE_MU_DERIV=0.00 mDebye / A, RMSE_ALPHA_per_atom=    0.03, RMSE_ALPHA_DERIV=    1.92
2025-07-13 16:44:12.768 INFO: Epoch 1750: head: Default, loss=0.5012, RMSE_MU_per_atom=0.00 mDebye, RMSE_MU_DERIV=0.00 mDebye / A, RMSE_ALPHA_per_atom=    0.03, RMSE_ALPHA_DERIV=    1.92
2025-07-13 16:45:08.067 INFO: Epoch 1751: head: Default, loss=0.5013, RMSE_MU_per_atom=0.00 mDebye, RMSE_MU_DERIV=0.00 mDebye / A, RMSE_ALPHA_per_atom=    0.03, RMSE_ALPHA_DERIV=    1.92
2025-07-13 16:46:03.357 INFO: Epoch 1752: head: Default, loss=0.5013, RMSE_MU_per_atom=0.00 mDebye, RMSE_MU_DERIV=0.00 mDebye / A, RMSE_ALPHA_per_atom=    0.03, RMSE_ALPHA_DERIV=    1.92
2025-07-13 16:46:58.662 INFO: Epoch 1753: head: Default, loss=0.5013, RMSE_MU_per_atom=0.00 mDebye, RMSE_MU_DERIV=0.00 mDebye / A, RMSE_ALPHA_per_atom=    0.03, RMSE_ALPHA_DERIV=    1.92
2025-07-13 16:47:53.971 INFO: Epoch 1754: head: Default, loss=0.5012, RMSE_MU_per_atom=0.00 mDebye, RMSE_MU_DERIV=0.00 mDebye / A, RMSE_ALPHA_per_atom=    0.03, RMSE_ALPHA_DERIV=    1.92
2025-07-13 16:48:49.271 INFO: Epoch 1755: head: Default, loss=0.5011, RMSE_MU_per_atom=0.00 mDebye, RMSE_MU_DERIV=0.00 mDebye / A, RMSE_ALPHA_per_atom=    0.03, RMSE_ALPHA_DERIV=    1.92
2025-07-13 16:49:44.575 INFO: Epoch 1756: head: Default, loss=0.5012, RMSE_MU_per_atom=0.00 mDebye, RMSE_MU_DERIV=0.00 mDebye / A, RMSE_ALPHA_per_atom=    0.03, RMSE_ALPHA_DERIV=    1.92
2025-07-13 16:50:39.873 INFO: Epoch 1757: head: Default, loss=0.5012, RMSE_MU_per_atom=0.00 mDebye, RMSE_MU_DERIV=0.00 mDebye / A, RMSE_ALPHA_per_atom=    0.03, RMSE_ALPHA_DERIV=    1.92
2025-07-13 16:51:35.168 INFO: Epoch 1758: head: Default, loss=0.5014, RMSE_MU_per_atom=0.00 mDebye, RMSE_MU_DERIV=0.00 mDebye / A, RMSE_ALPHA_per_atom=    0.03, RMSE_ALPHA_DERIV=    1.92
2025-07-13 16:52:30.466 INFO: Epoch 1759: head: Default, loss=0.5013, RMSE_MU_per_atom=0.00 mDebye, RMSE_MU_DERIV=0.00 mDebye / A, RMSE_ALPHA_per_atom=    0.03, RMSE_ALPHA_DERIV=    1.92
2025-07-13 16:53:25.767 INFO: Epoch 1760: head: Default, loss=0.5014, RMSE_MU_per_atom=0.00 mDebye, RMSE_MU_DERIV=0.00 mDebye / A, RMSE_ALPHA_per_atom=    0.03, RMSE_ALPHA_DERIV=    1.92
2025-07-13 16:54:21.068 INFO: Epoch 1761: head: Default, loss=0.5013, RMSE_MU_per_atom=0.00 mDebye, RMSE_MU_DERIV=0.00 mDebye / A, RMSE_ALPHA_per_atom=    0.03, RMSE_ALPHA_DERIV=    1.92
2025-07-13 16:55:16.363 INFO: Epoch 1762: head: Default, loss=0.5013, RMSE_MU_per_atom=0.00 mDebye, RMSE_MU_DERIV=0.00 mDebye / A, RMSE_ALPHA_per_atom=    0.03, RMSE_ALPHA_DERIV=    1.92
2025-07-13 16:56:11.659 INFO: Epoch 1763: head: Default, loss=0.5012, RMSE_MU_per_atom=0.00 mDebye, RMSE_MU_DERIV=0.00 mDebye / A, RMSE_ALPHA_per_atom=    0.03, RMSE_ALPHA_DERIV=    1.92
2025-07-13 16:57:06.961 INFO: Epoch 1764: head: Default, loss=0.5011, RMSE_MU_per_atom=0.00 mDebye, RMSE_MU_DERIV=0.00 mDebye / A, RMSE_ALPHA_per_atom=    0.03, RMSE_ALPHA_DERIV=    1.92
2025-07-13 16:58:02.254 INFO: Epoch 1765: head: Default, loss=0.5014, RMSE_MU_per_atom=0.00 mDebye, RMSE_MU_DERIV=0.00 mDebye / A, RMSE_ALPHA_per_atom=    0.03, RMSE_ALPHA_DERIV=    1.92
2025-07-13 16:58:57.553 INFO: Epoch 1766: head: Default, loss=0.5014, RMSE_MU_per_atom=0.00 mDebye, RMSE_MU_DERIV=0.00 mDebye / A, RMSE_ALPHA_per_atom=    0.03, RMSE_ALPHA_DERIV=    1.92
2025-07-13 16:59:52.864 INFO: Epoch 1767: head: Default, loss=0.5011, RMSE_MU_per_atom=0.00 mDebye, RMSE_MU_DERIV=0.00 mDebye / A, RMSE_ALPHA_per_atom=    0.03, RMSE_ALPHA_DERIV=    1.92
2025-07-13 17:00:48.188 INFO: Epoch 1768: head: Default, loss=0.5014, RMSE_MU_per_atom=0.00 mDebye, RMSE_MU_DERIV=0.00 mDebye / A, RMSE_ALPHA_per_atom=    0.03, RMSE_ALPHA_DERIV=    1.92
2025-07-13 17:01:43.498 INFO: Epoch 1769: head: Default, loss=0.5012, RMSE_MU_per_atom=0.00 mDebye, RMSE_MU_DERIV=0.00 mDebye / A, RMSE_ALPHA_per_atom=    0.03, RMSE_ALPHA_DERIV=    1.92
2025-07-13 17:02:38.814 INFO: Epoch 1770: head: Default, loss=0.5011, RMSE_MU_per_atom=0.00 mDebye, RMSE_MU_DERIV=0.00 mDebye / A, RMSE_ALPHA_per_atom=    0.03, RMSE_ALPHA_DERIV=    1.92
2025-07-13 17:03:34.136 INFO: Epoch 1771: head: Default, loss=0.5014, RMSE_MU_per_atom=0.00 mDebye, RMSE_MU_DERIV=0.00 mDebye / A, RMSE_ALPHA_per_atom=    0.03, RMSE_ALPHA_DERIV=    1.92
2025-07-13 17:04:29.440 INFO: Epoch 1772: head: Default, loss=0.5013, RMSE_MU_per_atom=0.00 mDebye, RMSE_MU_DERIV=0.00 mDebye / A, RMSE_ALPHA_per_atom=    0.03, RMSE_ALPHA_DERIV=    1.92
2025-07-13 17:05:24.741 INFO: Epoch 1773: head: Default, loss=0.5012, RMSE_MU_per_atom=0.00 mDebye, RMSE_MU_DERIV=0.00 mDebye / A, RMSE_ALPHA_per_atom=    0.03, RMSE_ALPHA_DERIV=    1.92
2025-07-13 17:06:20.038 INFO: Epoch 1774: head: Default, loss=0.5010, RMSE_MU_per_atom=0.00 mDebye, RMSE_MU_DERIV=0.00 mDebye / A, RMSE_ALPHA_per_atom=    0.03, RMSE_ALPHA_DERIV=    1.92
2025-07-13 17:07:15.326 INFO: Epoch 1775: head: Default, loss=0.5013, RMSE_MU_per_atom=0.00 mDebye, RMSE_MU_DERIV=0.00 mDebye / A, RMSE_ALPHA_per_atom=    0.03, RMSE_ALPHA_DERIV=    1.92
2025-07-13 17:08:10.602 INFO: Epoch 1776: head: Default, loss=0.5012, RMSE_MU_per_atom=0.00 mDebye, RMSE_MU_DERIV=0.00 mDebye / A, RMSE_ALPHA_per_atom=    0.03, RMSE_ALPHA_DERIV=    1.92
2025-07-13 17:09:05.901 INFO: Epoch 1777: head: Default, loss=0.5013, RMSE_MU_per_atom=0.00 mDebye, RMSE_MU_DERIV=0.00 mDebye / A, RMSE_ALPHA_per_atom=    0.03, RMSE_ALPHA_DERIV=    1.92
2025-07-13 17:10:01.198 INFO: Epoch 1778: head: Default, loss=0.5014, RMSE_MU_per_atom=0.00 mDebye, RMSE_MU_DERIV=0.00 mDebye / A, RMSE_ALPHA_per_atom=    0.03, RMSE_ALPHA_DERIV=    1.92
2025-07-13 17:10:56.488 INFO: Epoch 1779: head: Default, loss=0.5013, RMSE_MU_per_atom=0.00 mDebye, RMSE_MU_DERIV=0.00 mDebye / A, RMSE_ALPHA_per_atom=    0.03, RMSE_ALPHA_DERIV=    1.92
2025-07-13 17:11:51.772 INFO: Epoch 1780: head: Default, loss=0.5012, RMSE_MU_per_atom=0.00 mDebye, RMSE_MU_DERIV=0.00 mDebye / A, RMSE_ALPHA_per_atom=    0.03, RMSE_ALPHA_DERIV=    1.92
2025-07-13 17:12:47.059 INFO: Epoch 1781: head: Default, loss=0.5012, RMSE_MU_per_atom=0.00 mDebye, RMSE_MU_DERIV=0.00 mDebye / A, RMSE_ALPHA_per_atom=    0.03, RMSE_ALPHA_DERIV=    1.92
2025-07-13 17:13:42.348 INFO: Epoch 1782: head: Default, loss=0.5011, RMSE_MU_per_atom=0.00 mDebye, RMSE_MU_DERIV=0.00 mDebye / A, RMSE_ALPHA_per_atom=    0.03, RMSE_ALPHA_DERIV=    1.92
2025-07-13 17:14:37.639 INFO: Epoch 1783: head: Default, loss=0.5014, RMSE_MU_per_atom=0.00 mDebye, RMSE_MU_DERIV=0.00 mDebye / A, RMSE_ALPHA_per_atom=    0.03, RMSE_ALPHA_DERIV=    1.92
2025-07-13 17:15:32.932 INFO: Epoch 1784: head: Default, loss=0.5012, RMSE_MU_per_atom=0.00 mDebye, RMSE_MU_DERIV=0.00 mDebye / A, RMSE_ALPHA_per_atom=    0.03, RMSE_ALPHA_DERIV=    1.92
2025-07-13 17:16:28.219 INFO: Epoch 1785: head: Default, loss=0.5014, RMSE_MU_per_atom=0.00 mDebye, RMSE_MU_DERIV=0.00 mDebye / A, RMSE_ALPHA_per_atom=    0.03, RMSE_ALPHA_DERIV=    1.92
2025-07-13 17:17:23.521 INFO: Epoch 1786: head: Default, loss=0.5013, RMSE_MU_per_atom=0.00 mDebye, RMSE_MU_DERIV=0.00 mDebye / A, RMSE_ALPHA_per_atom=    0.03, RMSE_ALPHA_DERIV=    1.92
2025-07-13 17:18:18.812 INFO: Epoch 1787: head: Default, loss=0.5013, RMSE_MU_per_atom=0.00 mDebye, RMSE_MU_DERIV=0.00 mDebye / A, RMSE_ALPHA_per_atom=    0.03, RMSE_ALPHA_DERIV=    1.92
2025-07-13 17:19:14.093 INFO: Epoch 1788: head: Default, loss=0.5011, RMSE_MU_per_atom=0.00 mDebye, RMSE_MU_DERIV=0.00 mDebye / A, RMSE_ALPHA_per_atom=    0.03, RMSE_ALPHA_DERIV=    1.92
2025-07-13 17:20:09.390 INFO: Epoch 1789: head: Default, loss=0.5013, RMSE_MU_per_atom=0.00 mDebye, RMSE_MU_DERIV=0.00 mDebye / A, RMSE_ALPHA_per_atom=    0.03, RMSE_ALPHA_DERIV=    1.92
2025-07-13 17:21:04.685 INFO: Epoch 1790: head: Default, loss=0.5014, RMSE_MU_per_atom=0.00 mDebye, RMSE_MU_DERIV=0.00 mDebye / A, RMSE_ALPHA_per_atom=    0.03, RMSE_ALPHA_DERIV=    1.92
2025-07-13 17:21:59.999 INFO: Epoch 1791: head: Default, loss=0.5013, RMSE_MU_per_atom=0.00 mDebye, RMSE_MU_DERIV=0.00 mDebye / A, RMSE_ALPHA_per_atom=    0.03, RMSE_ALPHA_DERIV=    1.92
2025-07-13 17:22:55.309 INFO: Epoch 1792: head: Default, loss=0.5013, RMSE_MU_per_atom=0.00 mDebye, RMSE_MU_DERIV=0.00 mDebye / A, RMSE_ALPHA_per_atom=    0.03, RMSE_ALPHA_DERIV=    1.92
2025-07-13 17:23:50.601 INFO: Epoch 1793: head: Default, loss=0.5013, RMSE_MU_per_atom=0.00 mDebye, RMSE_MU_DERIV=0.00 mDebye / A, RMSE_ALPHA_per_atom=    0.03, RMSE_ALPHA_DERIV=    1.92
2025-07-13 17:24:45.908 INFO: Epoch 1794: head: Default, loss=0.5012, RMSE_MU_per_atom=0.00 mDebye, RMSE_MU_DERIV=0.00 mDebye / A, RMSE_ALPHA_per_atom=    0.03, RMSE_ALPHA_DERIV=    1.92
2025-07-13 17:25:41.205 INFO: Epoch 1795: head: Default, loss=0.5012, RMSE_MU_per_atom=0.00 mDebye, RMSE_MU_DERIV=0.00 mDebye / A, RMSE_ALPHA_per_atom=    0.03, RMSE_ALPHA_DERIV=    1.92
2025-07-13 17:26:36.499 INFO: Epoch 1796: head: Default, loss=0.5013, RMSE_MU_per_atom=0.00 mDebye, RMSE_MU_DERIV=0.00 mDebye / A, RMSE_ALPHA_per_atom=    0.03, RMSE_ALPHA_DERIV=    1.92
2025-07-13 17:27:31.797 INFO: Epoch 1797: head: Default, loss=0.5012, RMSE_MU_per_atom=0.00 mDebye, RMSE_MU_DERIV=0.00 mDebye / A, RMSE_ALPHA_per_atom=    0.03, RMSE_ALPHA_DERIV=    1.92
2025-07-13 17:28:27.099 INFO: Epoch 1798: head: Default, loss=0.5011, RMSE_MU_per_atom=0.00 mDebye, RMSE_MU_DERIV=0.00 mDebye / A, RMSE_ALPHA_per_atom=    0.03, RMSE_ALPHA_DERIV=    1.92
2025-07-13 17:29:22.426 INFO: Epoch 1799: head: Default, loss=0.5013, RMSE_MU_per_atom=0.00 mDebye, RMSE_MU_DERIV=0.00 mDebye / A, RMSE_ALPHA_per_atom=    0.03, RMSE_ALPHA_DERIV=    1.92
2025-07-13 17:30:17.732 INFO: Epoch 1800: head: Default, loss=0.5011, RMSE_MU_per_atom=0.00 mDebye, RMSE_MU_DERIV=0.00 mDebye / A, RMSE_ALPHA_per_atom=    0.03, RMSE_ALPHA_DERIV=    1.92
2025-07-13 17:31:13.048 INFO: Epoch 1801: head: Default, loss=0.5012, RMSE_MU_per_atom=0.00 mDebye, RMSE_MU_DERIV=0.00 mDebye / A, RMSE_ALPHA_per_atom=    0.03, RMSE_ALPHA_DERIV=    1.92
2025-07-13 17:32:08.358 INFO: Epoch 1802: head: Default, loss=0.5012, RMSE_MU_per_atom=0.00 mDebye, RMSE_MU_DERIV=0.00 mDebye / A, RMSE_ALPHA_per_atom=    0.03, RMSE_ALPHA_DERIV=    1.92
2025-07-13 17:33:03.655 INFO: Epoch 1803: head: Default, loss=0.5011, RMSE_MU_per_atom=0.00 mDebye, RMSE_MU_DERIV=0.00 mDebye / A, RMSE_ALPHA_per_atom=    0.03, RMSE_ALPHA_DERIV=    1.92
2025-07-13 17:33:58.956 INFO: Epoch 1804: head: Default, loss=0.5012, RMSE_MU_per_atom=0.00 mDebye, RMSE_MU_DERIV=0.00 mDebye / A, RMSE_ALPHA_per_atom=    0.03, RMSE_ALPHA_DERIV=    1.92
2025-07-13 17:34:54.268 INFO: Epoch 1805: head: Default, loss=0.5013, RMSE_MU_per_atom=0.00 mDebye, RMSE_MU_DERIV=0.00 mDebye / A, RMSE_ALPHA_per_atom=    0.03, RMSE_ALPHA_DERIV=    1.92
2025-07-13 17:35:49.584 INFO: Epoch 1806: head: Default, loss=0.5012, RMSE_MU_per_atom=0.00 mDebye, RMSE_MU_DERIV=0.00 mDebye / A, RMSE_ALPHA_per_atom=    0.03, RMSE_ALPHA_DERIV=    1.92
2025-07-13 17:36:44.902 INFO: Epoch 1807: head: Default, loss=0.5013, RMSE_MU_per_atom=0.00 mDebye, RMSE_MU_DERIV=0.00 mDebye / A, RMSE_ALPHA_per_atom=    0.03, RMSE_ALPHA_DERIV=    1.92
2025-07-13 17:37:40.236 INFO: Epoch 1808: head: Default, loss=0.5012, RMSE_MU_per_atom=0.00 mDebye, RMSE_MU_DERIV=0.00 mDebye / A, RMSE_ALPHA_per_atom=    0.03, RMSE_ALPHA_DERIV=    1.92
2025-07-13 17:38:35.571 INFO: Epoch 1809: head: Default, loss=0.5013, RMSE_MU_per_atom=0.00 mDebye, RMSE_MU_DERIV=0.00 mDebye / A, RMSE_ALPHA_per_atom=    0.03, RMSE_ALPHA_DERIV=    1.92
2025-07-13 17:39:30.912 INFO: Epoch 1810: head: Default, loss=0.5013, RMSE_MU_per_atom=0.00 mDebye, RMSE_MU_DERIV=0.00 mDebye / A, RMSE_ALPHA_per_atom=    0.03, RMSE_ALPHA_DERIV=    1.92
2025-07-13 17:40:26.253 INFO: Epoch 1811: head: Default, loss=0.5013, RMSE_MU_per_atom=0.00 mDebye, RMSE_MU_DERIV=0.00 mDebye / A, RMSE_ALPHA_per_atom=    0.03, RMSE_ALPHA_DERIV=    1.92
2025-07-13 17:41:21.560 INFO: Epoch 1812: head: Default, loss=0.5012, RMSE_MU_per_atom=0.00 mDebye, RMSE_MU_DERIV=0.00 mDebye / A, RMSE_ALPHA_per_atom=    0.03, RMSE_ALPHA_DERIV=    1.92
2025-07-13 17:42:16.885 INFO: Epoch 1813: head: Default, loss=0.5013, RMSE_MU_per_atom=0.00 mDebye, RMSE_MU_DERIV=0.00 mDebye / A, RMSE_ALPHA_per_atom=    0.03, RMSE_ALPHA_DERIV=    1.92
2025-07-13 17:43:12.200 INFO: Epoch 1814: head: Default, loss=0.5013, RMSE_MU_per_atom=0.00 mDebye, RMSE_MU_DERIV=0.00 mDebye / A, RMSE_ALPHA_per_atom=    0.03, RMSE_ALPHA_DERIV=    1.92
2025-07-13 17:44:07.508 INFO: Epoch 1815: head: Default, loss=0.5012, RMSE_MU_per_atom=0.00 mDebye, RMSE_MU_DERIV=0.00 mDebye / A, RMSE_ALPHA_per_atom=    0.03, RMSE_ALPHA_DERIV=    1.92
2025-07-13 17:45:02.805 INFO: Epoch 1816: head: Default, loss=0.5013, RMSE_MU_per_atom=0.00 mDebye, RMSE_MU_DERIV=0.00 mDebye / A, RMSE_ALPHA_per_atom=    0.03, RMSE_ALPHA_DERIV=    1.92
2025-07-13 17:45:58.115 INFO: Epoch 1817: head: Default, loss=0.5013, RMSE_MU_per_atom=0.00 mDebye, RMSE_MU_DERIV=0.00 mDebye / A, RMSE_ALPHA_per_atom=    0.03, RMSE_ALPHA_DERIV=    1.92
2025-07-13 17:46:53.462 INFO: Epoch 1818: head: Default, loss=0.5012, RMSE_MU_per_atom=0.00 mDebye, RMSE_MU_DERIV=0.00 mDebye / A, RMSE_ALPHA_per_atom=    0.03, RMSE_ALPHA_DERIV=    1.92
2025-07-13 17:47:48.756 INFO: Epoch 1819: head: Default, loss=0.5012, RMSE_MU_per_atom=0.00 mDebye, RMSE_MU_DERIV=0.00 mDebye / A, RMSE_ALPHA_per_atom=    0.03, RMSE_ALPHA_DERIV=    1.92
2025-07-13 17:48:44.068 INFO: Epoch 1820: head: Default, loss=0.5013, RMSE_MU_per_atom=0.00 mDebye, RMSE_MU_DERIV=0.00 mDebye / A, RMSE_ALPHA_per_atom=    0.03, RMSE_ALPHA_DERIV=    1.92
2025-07-13 17:49:39.377 INFO: Epoch 1821: head: Default, loss=0.5012, RMSE_MU_per_atom=0.00 mDebye, RMSE_MU_DERIV=0.00 mDebye / A, RMSE_ALPHA_per_atom=    0.03, RMSE_ALPHA_DERIV=    1.92
2025-07-13 17:50:34.699 INFO: Epoch 1822: head: Default, loss=0.5012, RMSE_MU_per_atom=0.00 mDebye, RMSE_MU_DERIV=0.00 mDebye / A, RMSE_ALPHA_per_atom=    0.03, RMSE_ALPHA_DERIV=    1.92
2025-07-13 17:51:30.007 INFO: Epoch 1823: head: Default, loss=0.5012, RMSE_MU_per_atom=0.00 mDebye, RMSE_MU_DERIV=0.00 mDebye / A, RMSE_ALPHA_per_atom=    0.03, RMSE_ALPHA_DERIV=    1.92
2025-07-13 17:52:25.325 INFO: Epoch 1824: head: Default, loss=0.5012, RMSE_MU_per_atom=0.00 mDebye, RMSE_MU_DERIV=0.00 mDebye / A, RMSE_ALPHA_per_atom=    0.03, RMSE_ALPHA_DERIV=    1.92
2025-07-13 17:53:20.638 INFO: Epoch 1825: head: Default, loss=0.5013, RMSE_MU_per_atom=0.00 mDebye, RMSE_MU_DERIV=0.00 mDebye / A, RMSE_ALPHA_per_atom=    0.03, RMSE_ALPHA_DERIV=    1.92
2025-07-13 17:54:15.966 INFO: Epoch 1826: head: Default, loss=0.5013, RMSE_MU_per_atom=0.00 mDebye, RMSE_MU_DERIV=0.00 mDebye / A, RMSE_ALPHA_per_atom=    0.03, RMSE_ALPHA_DERIV=    1.92
2025-07-13 17:55:11.281 INFO: Epoch 1827: head: Default, loss=0.5012, RMSE_MU_per_atom=0.00 mDebye, RMSE_MU_DERIV=0.00 mDebye / A, RMSE_ALPHA_per_atom=    0.03, RMSE_ALPHA_DERIV=    1.92
2025-07-13 17:56:06.586 INFO: Epoch 1828: head: Default, loss=0.5013, RMSE_MU_per_atom=0.00 mDebye, RMSE_MU_DERIV=0.00 mDebye / A, RMSE_ALPHA_per_atom=    0.03, RMSE_ALPHA_DERIV=    1.92
2025-07-13 17:57:01.893 INFO: Epoch 1829: head: Default, loss=0.5013, RMSE_MU_per_atom=0.00 mDebye, RMSE_MU_DERIV=0.00 mDebye / A, RMSE_ALPHA_per_atom=    0.03, RMSE_ALPHA_DERIV=    1.92
2025-07-13 17:57:57.204 INFO: Epoch 1830: head: Default, loss=0.5013, RMSE_MU_per_atom=0.00 mDebye, RMSE_MU_DERIV=0.00 mDebye / A, RMSE_ALPHA_per_atom=    0.03, RMSE_ALPHA_DERIV=    1.92
2025-07-13 17:58:52.514 INFO: Epoch 1831: head: Default, loss=0.5013, RMSE_MU_per_atom=0.00 mDebye, RMSE_MU_DERIV=0.00 mDebye / A, RMSE_ALPHA_per_atom=    0.03, RMSE_ALPHA_DERIV=    1.92
2025-07-13 17:59:47.835 INFO: Epoch 1832: head: Default, loss=0.5013, RMSE_MU_per_atom=0.00 mDebye, RMSE_MU_DERIV=0.00 mDebye / A, RMSE_ALPHA_per_atom=    0.03, RMSE_ALPHA_DERIV=    1.92
2025-07-13 18:00:43.138 INFO: Epoch 1833: head: Default, loss=0.5012, RMSE_MU_per_atom=0.00 mDebye, RMSE_MU_DERIV=0.00 mDebye / A, RMSE_ALPHA_per_atom=    0.03, RMSE_ALPHA_DERIV=    1.92
2025-07-13 18:01:38.435 INFO: Epoch 1834: head: Default, loss=0.5013, RMSE_MU_per_atom=0.00 mDebye, RMSE_MU_DERIV=0.00 mDebye / A, RMSE_ALPHA_per_atom=    0.03, RMSE_ALPHA_DERIV=    1.92
2025-07-13 18:02:33.743 INFO: Epoch 1835: head: Default, loss=0.5013, RMSE_MU_per_atom=0.00 mDebye, RMSE_MU_DERIV=0.00 mDebye / A, RMSE_ALPHA_per_atom=    0.03, RMSE_ALPHA_DERIV=    1.92
2025-07-13 18:03:29.041 INFO: Epoch 1836: head: Default, loss=0.5012, RMSE_MU_per_atom=0.00 mDebye, RMSE_MU_DERIV=0.00 mDebye / A, RMSE_ALPHA_per_atom=    0.03, RMSE_ALPHA_DERIV=    1.92
2025-07-13 18:04:24.356 INFO: Epoch 1837: head: Default, loss=0.5012, RMSE_MU_per_atom=0.00 mDebye, RMSE_MU_DERIV=0.00 mDebye / A, RMSE_ALPHA_per_atom=    0.03, RMSE_ALPHA_DERIV=    1.92
2025-07-13 18:05:19.666 INFO: Epoch 1838: head: Default, loss=0.5012, RMSE_MU_per_atom=0.00 mDebye, RMSE_MU_DERIV=0.00 mDebye / A, RMSE_ALPHA_per_atom=    0.03, RMSE_ALPHA_DERIV=    1.92
2025-07-13 18:06:14.986 INFO: Epoch 1839: head: Default, loss=0.5013, RMSE_MU_per_atom=0.00 mDebye, RMSE_MU_DERIV=0.00 mDebye / A, RMSE_ALPHA_per_atom=    0.03, RMSE_ALPHA_DERIV=    1.92
2025-07-13 18:07:10.295 INFO: Epoch 1840: head: Default, loss=0.5013, RMSE_MU_per_atom=0.00 mDebye, RMSE_MU_DERIV=0.00 mDebye / A, RMSE_ALPHA_per_atom=    0.03, RMSE_ALPHA_DERIV=    1.92
2025-07-13 18:08:05.601 INFO: Epoch 1841: head: Default, loss=0.5013, RMSE_MU_per_atom=0.00 mDebye, RMSE_MU_DERIV=0.00 mDebye / A, RMSE_ALPHA_per_atom=    0.03, RMSE_ALPHA_DERIV=    1.92
2025-07-13 18:09:00.911 INFO: Epoch 1842: head: Default, loss=0.5013, RMSE_MU_per_atom=0.00 mDebye, RMSE_MU_DERIV=0.00 mDebye / A, RMSE_ALPHA_per_atom=    0.03, RMSE_ALPHA_DERIV=    1.92
2025-07-13 18:09:56.223 INFO: Epoch 1843: head: Default, loss=0.5013, RMSE_MU_per_atom=0.00 mDebye, RMSE_MU_DERIV=0.00 mDebye / A, RMSE_ALPHA_per_atom=    0.03, RMSE_ALPHA_DERIV=    1.92
2025-07-13 18:10:51.525 INFO: Epoch 1844: head: Default, loss=0.5013, RMSE_MU_per_atom=0.00 mDebye, RMSE_MU_DERIV=0.00 mDebye / A, RMSE_ALPHA_per_atom=    0.03, RMSE_ALPHA_DERIV=    1.92
2025-07-13 18:11:46.822 INFO: Epoch 1845: head: Default, loss=0.5013, RMSE_MU_per_atom=0.00 mDebye, RMSE_MU_DERIV=0.00 mDebye / A, RMSE_ALPHA_per_atom=    0.03, RMSE_ALPHA_DERIV=    1.92
2025-07-13 18:12:42.117 INFO: Epoch 1846: head: Default, loss=0.5011, RMSE_MU_per_atom=0.00 mDebye, RMSE_MU_DERIV=0.00 mDebye / A, RMSE_ALPHA_per_atom=    0.03, RMSE_ALPHA_DERIV=    1.92
2025-07-13 18:13:37.416 INFO: Epoch 1847: head: Default, loss=0.5012, RMSE_MU_per_atom=0.00 mDebye, RMSE_MU_DERIV=0.00 mDebye / A, RMSE_ALPHA_per_atom=    0.03, RMSE_ALPHA_DERIV=    1.92
2025-07-13 18:14:32.713 INFO: Epoch 1848: head: Default, loss=0.5013, RMSE_MU_per_atom=0.00 mDebye, RMSE_MU_DERIV=0.00 mDebye / A, RMSE_ALPHA_per_atom=    0.03, RMSE_ALPHA_DERIV=    1.92
2025-07-13 18:15:27.995 INFO: Epoch 1849: head: Default, loss=0.5012, RMSE_MU_per_atom=0.00 mDebye, RMSE_MU_DERIV=0.00 mDebye / A, RMSE_ALPHA_per_atom=    0.03, RMSE_ALPHA_DERIV=    1.92
2025-07-13 18:16:23.283 INFO: Epoch 1850: head: Default, loss=0.5012, RMSE_MU_per_atom=0.00 mDebye, RMSE_MU_DERIV=0.00 mDebye / A, RMSE_ALPHA_per_atom=    0.03, RMSE_ALPHA_DERIV=    1.92
2025-07-13 18:17:18.584 INFO: Epoch 1851: head: Default, loss=0.5012, RMSE_MU_per_atom=0.00 mDebye, RMSE_MU_DERIV=0.00 mDebye / A, RMSE_ALPHA_per_atom=    0.03, RMSE_ALPHA_DERIV=    1.92
2025-07-13 18:18:13.883 INFO: Epoch 1852: head: Default, loss=0.5013, RMSE_MU_per_atom=0.00 mDebye, RMSE_MU_DERIV=0.00 mDebye / A, RMSE_ALPHA_per_atom=    0.03, RMSE_ALPHA_DERIV=    1.92
2025-07-13 18:19:09.186 INFO: Epoch 1853: head: Default, loss=0.5013, RMSE_MU_per_atom=0.00 mDebye, RMSE_MU_DERIV=0.00 mDebye / A, RMSE_ALPHA_per_atom=    0.03, RMSE_ALPHA_DERIV=    1.92
2025-07-13 18:20:04.502 INFO: Epoch 1854: head: Default, loss=0.5013, RMSE_MU_per_atom=0.00 mDebye, RMSE_MU_DERIV=0.00 mDebye / A, RMSE_ALPHA_per_atom=    0.03, RMSE_ALPHA_DERIV=    1.92
2025-07-13 18:20:59.820 INFO: Epoch 1855: head: Default, loss=0.5012, RMSE_MU_per_atom=0.00 mDebye, RMSE_MU_DERIV=0.00 mDebye / A, RMSE_ALPHA_per_atom=    0.03, RMSE_ALPHA_DERIV=    1.92
2025-07-13 18:21:55.125 INFO: Epoch 1856: head: Default, loss=0.5012, RMSE_MU_per_atom=0.00 mDebye, RMSE_MU_DERIV=0.00 mDebye / A, RMSE_ALPHA_per_atom=    0.03, RMSE_ALPHA_DERIV=    1.92
2025-07-13 18:22:50.437 INFO: Epoch 1857: head: Default, loss=0.5012, RMSE_MU_per_atom=0.00 mDebye, RMSE_MU_DERIV=0.00 mDebye / A, RMSE_ALPHA_per_atom=    0.03, RMSE_ALPHA_DERIV=    1.92
2025-07-13 18:23:45.760 INFO: Epoch 1858: head: Default, loss=0.5013, RMSE_MU_per_atom=0.00 mDebye, RMSE_MU_DERIV=0.00 mDebye / A, RMSE_ALPHA_per_atom=    0.03, RMSE_ALPHA_DERIV=    1.92
2025-07-13 18:24:41.075 INFO: Epoch 1859: head: Default, loss=0.5012, RMSE_MU_per_atom=0.00 mDebye, RMSE_MU_DERIV=0.00 mDebye / A, RMSE_ALPHA_per_atom=    0.03, RMSE_ALPHA_DERIV=    1.92
2025-07-13 18:25:36.395 INFO: Epoch 1860: head: Default, loss=0.5011, RMSE_MU_per_atom=0.00 mDebye, RMSE_MU_DERIV=0.00 mDebye / A, RMSE_ALPHA_per_atom=    0.03, RMSE_ALPHA_DERIV=    1.92
2025-07-13 18:26:31.695 INFO: Epoch 1861: head: Default, loss=0.5013, RMSE_MU_per_atom=0.00 mDebye, RMSE_MU_DERIV=0.00 mDebye / A, RMSE_ALPHA_per_atom=    0.03, RMSE_ALPHA_DERIV=    1.92
2025-07-13 18:27:26.990 INFO: Epoch 1862: head: Default, loss=0.5012, RMSE_MU_per_atom=0.00 mDebye, RMSE_MU_DERIV=0.00 mDebye / A, RMSE_ALPHA_per_atom=    0.03, RMSE_ALPHA_DERIV=    1.92
2025-07-13 18:28:22.286 INFO: Epoch 1863: head: Default, loss=0.5013, RMSE_MU_per_atom=0.00 mDebye, RMSE_MU_DERIV=0.00 mDebye / A, RMSE_ALPHA_per_atom=    0.03, RMSE_ALPHA_DERIV=    1.92
2025-07-13 18:29:17.573 INFO: Epoch 1864: head: Default, loss=0.5012, RMSE_MU_per_atom=0.00 mDebye, RMSE_MU_DERIV=0.00 mDebye / A, RMSE_ALPHA_per_atom=    0.03, RMSE_ALPHA_DERIV=    1.92
2025-07-13 18:30:12.887 INFO: Epoch 1865: head: Default, loss=0.5013, RMSE_MU_per_atom=0.00 mDebye, RMSE_MU_DERIV=0.00 mDebye / A, RMSE_ALPHA_per_atom=    0.03, RMSE_ALPHA_DERIV=    1.92
2025-07-13 18:31:08.186 INFO: Epoch 1866: head: Default, loss=0.5012, RMSE_MU_per_atom=0.00 mDebye, RMSE_MU_DERIV=0.00 mDebye / A, RMSE_ALPHA_per_atom=    0.03, RMSE_ALPHA_DERIV=    1.92
2025-07-13 18:32:03.495 INFO: Epoch 1867: head: Default, loss=0.5012, RMSE_MU_per_atom=0.00 mDebye, RMSE_MU_DERIV=0.00 mDebye / A, RMSE_ALPHA_per_atom=    0.03, RMSE_ALPHA_DERIV=    1.92
2025-07-13 18:32:58.791 INFO: Epoch 1868: head: Default, loss=0.5012, RMSE_MU_per_atom=0.00 mDebye, RMSE_MU_DERIV=0.00 mDebye / A, RMSE_ALPHA_per_atom=    0.03, RMSE_ALPHA_DERIV=    1.92
2025-07-13 18:33:54.071 INFO: Epoch 1869: head: Default, loss=0.5013, RMSE_MU_per_atom=0.00 mDebye, RMSE_MU_DERIV=0.00 mDebye / A, RMSE_ALPHA_per_atom=    0.03, RMSE_ALPHA_DERIV=    1.92
2025-07-13 18:34:49.355 INFO: Epoch 1870: head: Default, loss=0.5012, RMSE_MU_per_atom=0.00 mDebye, RMSE_MU_DERIV=0.00 mDebye / A, RMSE_ALPHA_per_atom=    0.03, RMSE_ALPHA_DERIV=    1.92
2025-07-13 18:35:44.630 INFO: Epoch 1871: head: Default, loss=0.5013, RMSE_MU_per_atom=0.00 mDebye, RMSE_MU_DERIV=0.00 mDebye / A, RMSE_ALPHA_per_atom=    0.03, RMSE_ALPHA_DERIV=    1.92
2025-07-13 18:36:39.897 INFO: Epoch 1872: head: Default, loss=0.5012, RMSE_MU_per_atom=0.00 mDebye, RMSE_MU_DERIV=0.00 mDebye / A, RMSE_ALPHA_per_atom=    0.03, RMSE_ALPHA_DERIV=    1.92
2025-07-13 18:37:35.180 INFO: Epoch 1873: head: Default, loss=0.5012, RMSE_MU_per_atom=0.00 mDebye, RMSE_MU_DERIV=0.00 mDebye / A, RMSE_ALPHA_per_atom=    0.03, RMSE_ALPHA_DERIV=    1.92
2025-07-13 18:38:30.468 INFO: Epoch 1874: head: Default, loss=0.5012, RMSE_MU_per_atom=0.00 mDebye, RMSE_MU_DERIV=0.00 mDebye / A, RMSE_ALPHA_per_atom=    0.03, RMSE_ALPHA_DERIV=    1.92
2025-07-13 18:39:25.760 INFO: Epoch 1875: head: Default, loss=0.5012, RMSE_MU_per_atom=0.00 mDebye, RMSE_MU_DERIV=0.00 mDebye / A, RMSE_ALPHA_per_atom=    0.03, RMSE_ALPHA_DERIV=    1.92
2025-07-13 18:40:21.059 INFO: Epoch 1876: head: Default, loss=0.5012, RMSE_MU_per_atom=0.00 mDebye, RMSE_MU_DERIV=0.00 mDebye / A, RMSE_ALPHA_per_atom=    0.03, RMSE_ALPHA_DERIV=    1.92
2025-07-13 18:41:16.353 INFO: Epoch 1877: head: Default, loss=0.5012, RMSE_MU_per_atom=0.00 mDebye, RMSE_MU_DERIV=0.00 mDebye / A, RMSE_ALPHA_per_atom=    0.03, RMSE_ALPHA_DERIV=    1.92
2025-07-13 18:42:11.651 INFO: Epoch 1878: head: Default, loss=0.5012, RMSE_MU_per_atom=0.00 mDebye, RMSE_MU_DERIV=0.00 mDebye / A, RMSE_ALPHA_per_atom=    0.03, RMSE_ALPHA_DERIV=    1.92
2025-07-13 18:43:06.948 INFO: Epoch 1879: head: Default, loss=0.5013, RMSE_MU_per_atom=0.00 mDebye, RMSE_MU_DERIV=0.00 mDebye / A, RMSE_ALPHA_per_atom=    0.03, RMSE_ALPHA_DERIV=    1.92
2025-07-13 18:44:02.250 INFO: Epoch 1880: head: Default, loss=0.5013, RMSE_MU_per_atom=0.00 mDebye, RMSE_MU_DERIV=0.00 mDebye / A, RMSE_ALPHA_per_atom=    0.03, RMSE_ALPHA_DERIV=    1.92
2025-07-13 18:44:57.550 INFO: Epoch 1881: head: Default, loss=0.5012, RMSE_MU_per_atom=0.00 mDebye, RMSE_MU_DERIV=0.00 mDebye / A, RMSE_ALPHA_per_atom=    0.03, RMSE_ALPHA_DERIV=    1.92
2025-07-13 18:45:52.855 INFO: Epoch 1882: head: Default, loss=0.5012, RMSE_MU_per_atom=0.00 mDebye, RMSE_MU_DERIV=0.00 mDebye / A, RMSE_ALPHA_per_atom=    0.03, RMSE_ALPHA_DERIV=    1.92
2025-07-13 18:46:48.159 INFO: Epoch 1883: head: Default, loss=0.5012, RMSE_MU_per_atom=0.00 mDebye, RMSE_MU_DERIV=0.00 mDebye / A, RMSE_ALPHA_per_atom=    0.03, RMSE_ALPHA_DERIV=    1.92
2025-07-13 18:47:43.451 INFO: Epoch 1884: head: Default, loss=0.5013, RMSE_MU_per_atom=0.00 mDebye, RMSE_MU_DERIV=0.00 mDebye / A, RMSE_ALPHA_per_atom=    0.03, RMSE_ALPHA_DERIV=    1.92
2025-07-13 18:48:38.754 INFO: Epoch 1885: head: Default, loss=0.5013, RMSE_MU_per_atom=0.00 mDebye, RMSE_MU_DERIV=0.00 mDebye / A, RMSE_ALPHA_per_atom=    0.03, RMSE_ALPHA_DERIV=    1.92
2025-07-13 18:49:34.063 INFO: Epoch 1886: head: Default, loss=0.5012, RMSE_MU_per_atom=0.00 mDebye, RMSE_MU_DERIV=0.00 mDebye / A, RMSE_ALPHA_per_atom=    0.03, RMSE_ALPHA_DERIV=    1.92
2025-07-13 18:50:29.365 INFO: Epoch 1887: head: Default, loss=0.5012, RMSE_MU_per_atom=0.00 mDebye, RMSE_MU_DERIV=0.00 mDebye / A, RMSE_ALPHA_per_atom=    0.03, RMSE_ALPHA_DERIV=    1.92
2025-07-13 18:51:24.656 INFO: Epoch 1888: head: Default, loss=0.5012, RMSE_MU_per_atom=0.00 mDebye, RMSE_MU_DERIV=0.00 mDebye / A, RMSE_ALPHA_per_atom=    0.03, RMSE_ALPHA_DERIV=    1.92
2025-07-13 18:52:19.953 INFO: Epoch 1889: head: Default, loss=0.5012, RMSE_MU_per_atom=0.00 mDebye, RMSE_MU_DERIV=0.00 mDebye / A, RMSE_ALPHA_per_atom=    0.03, RMSE_ALPHA_DERIV=    1.92
2025-07-13 18:53:15.254 INFO: Epoch 1890: head: Default, loss=0.5013, RMSE_MU_per_atom=0.00 mDebye, RMSE_MU_DERIV=0.00 mDebye / A, RMSE_ALPHA_per_atom=    0.03, RMSE_ALPHA_DERIV=    1.92
2025-07-13 18:54:10.547 INFO: Epoch 1891: head: Default, loss=0.5012, RMSE_MU_per_atom=0.00 mDebye, RMSE_MU_DERIV=0.00 mDebye / A, RMSE_ALPHA_per_atom=    0.03, RMSE_ALPHA_DERIV=    1.92
2025-07-13 18:55:05.828 INFO: Epoch 1892: head: Default, loss=0.5012, RMSE_MU_per_atom=0.00 mDebye, RMSE_MU_DERIV=0.00 mDebye / A, RMSE_ALPHA_per_atom=    0.03, RMSE_ALPHA_DERIV=    1.92
2025-07-13 18:56:01.118 INFO: Epoch 1893: head: Default, loss=0.5012, RMSE_MU_per_atom=0.00 mDebye, RMSE_MU_DERIV=0.00 mDebye / A, RMSE_ALPHA_per_atom=    0.03, RMSE_ALPHA_DERIV=    1.92
2025-07-13 18:56:56.401 INFO: Epoch 1894: head: Default, loss=0.5011, RMSE_MU_per_atom=0.00 mDebye, RMSE_MU_DERIV=0.00 mDebye / A, RMSE_ALPHA_per_atom=    0.03, RMSE_ALPHA_DERIV=    1.92
2025-07-13 18:57:51.700 INFO: Epoch 1895: head: Default, loss=0.5013, RMSE_MU_per_atom=0.00 mDebye, RMSE_MU_DERIV=0.00 mDebye / A, RMSE_ALPHA_per_atom=    0.03, RMSE_ALPHA_DERIV=    1.92
2025-07-13 18:58:47.007 INFO: Epoch 1896: head: Default, loss=0.5012, RMSE_MU_per_atom=0.00 mDebye, RMSE_MU_DERIV=0.00 mDebye / A, RMSE_ALPHA_per_atom=    0.03, RMSE_ALPHA_DERIV=    1.92
2025-07-13 18:59:42.307 INFO: Epoch 1897: head: Default, loss=0.5012, RMSE_MU_per_atom=0.00 mDebye, RMSE_MU_DERIV=0.00 mDebye / A, RMSE_ALPHA_per_atom=    0.03, RMSE_ALPHA_DERIV=    1.92
2025-07-13 19:00:37.620 INFO: Epoch 1898: head: Default, loss=0.5013, RMSE_MU_per_atom=0.00 mDebye, RMSE_MU_DERIV=0.00 mDebye / A, RMSE_ALPHA_per_atom=    0.03, RMSE_ALPHA_DERIV=    1.92
2025-07-13 19:01:32.916 INFO: Epoch 1899: head: Default, loss=0.5012, RMSE_MU_per_atom=0.00 mDebye, RMSE_MU_DERIV=0.00 mDebye / A, RMSE_ALPHA_per_atom=    0.03, RMSE_ALPHA_DERIV=    1.92
2025-07-13 19:02:28.210 INFO: Epoch 1900: head: Default, loss=0.5013, RMSE_MU_per_atom=0.00 mDebye, RMSE_MU_DERIV=0.00 mDebye / A, RMSE_ALPHA_per_atom=    0.03, RMSE_ALPHA_DERIV=    1.92
2025-07-13 19:03:23.494 INFO: Epoch 1901: head: Default, loss=0.5012, RMSE_MU_per_atom=0.00 mDebye, RMSE_MU_DERIV=0.00 mDebye / A, RMSE_ALPHA_per_atom=    0.03, RMSE_ALPHA_DERIV=    1.92
2025-07-13 19:04:18.779 INFO: Epoch 1902: head: Default, loss=0.5013, RMSE_MU_per_atom=0.00 mDebye, RMSE_MU_DERIV=0.00 mDebye / A, RMSE_ALPHA_per_atom=    0.03, RMSE_ALPHA_DERIV=    1.92
2025-07-13 19:05:14.059 INFO: Epoch 1903: head: Default, loss=0.5013, RMSE_MU_per_atom=0.00 mDebye, RMSE_MU_DERIV=0.00 mDebye / A, RMSE_ALPHA_per_atom=    0.03, RMSE_ALPHA_DERIV=    1.92
2025-07-13 19:06:09.361 INFO: Epoch 1904: head: Default, loss=0.5013, RMSE_MU_per_atom=0.00 mDebye, RMSE_MU_DERIV=0.00 mDebye / A, RMSE_ALPHA_per_atom=    0.03, RMSE_ALPHA_DERIV=    1.92
2025-07-13 19:07:04.646 INFO: Epoch 1905: head: Default, loss=0.5012, RMSE_MU_per_atom=0.00 mDebye, RMSE_MU_DERIV=0.00 mDebye / A, RMSE_ALPHA_per_atom=    0.03, RMSE_ALPHA_DERIV=    1.92
2025-07-13 19:07:59.951 INFO: Epoch 1906: head: Default, loss=0.5013, RMSE_MU_per_atom=0.00 mDebye, RMSE_MU_DERIV=0.00 mDebye / A, RMSE_ALPHA_per_atom=    0.03, RMSE_ALPHA_DERIV=    1.92
2025-07-13 19:08:55.254 INFO: Epoch 1907: head: Default, loss=0.5012, RMSE_MU_per_atom=0.00 mDebye, RMSE_MU_DERIV=0.00 mDebye / A, RMSE_ALPHA_per_atom=    0.03, RMSE_ALPHA_DERIV=    1.92
2025-07-13 19:09:50.549 INFO: Epoch 1908: head: Default, loss=0.5012, RMSE_MU_per_atom=0.00 mDebye, RMSE_MU_DERIV=0.00 mDebye / A, RMSE_ALPHA_per_atom=    0.03, RMSE_ALPHA_DERIV=    1.92
2025-07-13 19:10:45.845 INFO: Epoch 1909: head: Default, loss=0.5012, RMSE_MU_per_atom=0.00 mDebye, RMSE_MU_DERIV=0.00 mDebye / A, RMSE_ALPHA_per_atom=    0.03, RMSE_ALPHA_DERIV=    1.92
2025-07-13 19:11:41.144 INFO: Epoch 1910: head: Default, loss=0.5012, RMSE_MU_per_atom=0.00 mDebye, RMSE_MU_DERIV=0.00 mDebye / A, RMSE_ALPHA_per_atom=    0.03, RMSE_ALPHA_DERIV=    1.92
2025-07-13 19:12:36.451 INFO: Epoch 1911: head: Default, loss=0.5012, RMSE_MU_per_atom=0.00 mDebye, RMSE_MU_DERIV=0.00 mDebye / A, RMSE_ALPHA_per_atom=    0.03, RMSE_ALPHA_DERIV=    1.92
2025-07-13 19:13:31.757 INFO: Epoch 1912: head: Default, loss=0.5012, RMSE_MU_per_atom=0.00 mDebye, RMSE_MU_DERIV=0.00 mDebye / A, RMSE_ALPHA_per_atom=    0.03, RMSE_ALPHA_DERIV=    1.92
2025-07-13 19:14:27.060 INFO: Epoch 1913: head: Default, loss=0.5013, RMSE_MU_per_atom=0.00 mDebye, RMSE_MU_DERIV=0.00 mDebye / A, RMSE_ALPHA_per_atom=    0.03, RMSE_ALPHA_DERIV=    1.92
2025-07-13 19:15:22.367 INFO: Epoch 1914: head: Default, loss=0.5013, RMSE_MU_per_atom=0.00 mDebye, RMSE_MU_DERIV=0.00 mDebye / A, RMSE_ALPHA_per_atom=    0.03, RMSE_ALPHA_DERIV=    1.92
2025-07-13 19:16:17.668 INFO: Epoch 1915: head: Default, loss=0.5012, RMSE_MU_per_atom=0.00 mDebye, RMSE_MU_DERIV=0.00 mDebye / A, RMSE_ALPHA_per_atom=    0.03, RMSE_ALPHA_DERIV=    1.92
2025-07-13 19:17:12.955 INFO: Epoch 1916: head: Default, loss=0.5013, RMSE_MU_per_atom=0.00 mDebye, RMSE_MU_DERIV=0.00 mDebye / A, RMSE_ALPHA_per_atom=    0.03, RMSE_ALPHA_DERIV=    1.92
2025-07-13 19:18:08.262 INFO: Epoch 1917: head: Default, loss=0.5013, RMSE_MU_per_atom=0.00 mDebye, RMSE_MU_DERIV=0.00 mDebye / A, RMSE_ALPHA_per_atom=    0.03, RMSE_ALPHA_DERIV=    1.92
2025-07-13 19:19:03.567 INFO: Epoch 1918: head: Default, loss=0.5013, RMSE_MU_per_atom=0.00 mDebye, RMSE_MU_DERIV=0.00 mDebye / A, RMSE_ALPHA_per_atom=    0.03, RMSE_ALPHA_DERIV=    1.92
2025-07-13 19:19:58.863 INFO: Epoch 1919: head: Default, loss=0.5013, RMSE_MU_per_atom=0.00 mDebye, RMSE_MU_DERIV=0.00 mDebye / A, RMSE_ALPHA_per_atom=    0.03, RMSE_ALPHA_DERIV=    1.92
2025-07-13 19:20:54.164 INFO: Epoch 1920: head: Default, loss=0.5012, RMSE_MU_per_atom=0.00 mDebye, RMSE_MU_DERIV=0.00 mDebye / A, RMSE_ALPHA_per_atom=    0.03, RMSE_ALPHA_DERIV=    1.92
2025-07-13 19:21:49.453 INFO: Epoch 1921: head: Default, loss=0.5012, RMSE_MU_per_atom=0.00 mDebye, RMSE_MU_DERIV=0.00 mDebye / A, RMSE_ALPHA_per_atom=    0.03, RMSE_ALPHA_DERIV=    1.92
2025-07-13 19:22:44.753 INFO: Epoch 1922: head: Default, loss=0.5013, RMSE_MU_per_atom=0.00 mDebye, RMSE_MU_DERIV=0.00 mDebye / A, RMSE_ALPHA_per_atom=    0.03, RMSE_ALPHA_DERIV=    1.92
2025-07-13 19:23:40.057 INFO: Epoch 1923: head: Default, loss=0.5012, RMSE_MU_per_atom=0.00 mDebye, RMSE_MU_DERIV=0.00 mDebye / A, RMSE_ALPHA_per_atom=    0.03, RMSE_ALPHA_DERIV=    1.92
2025-07-13 19:24:35.344 INFO: Epoch 1924: head: Default, loss=0.5012, RMSE_MU_per_atom=0.00 mDebye, RMSE_MU_DERIV=0.00 mDebye / A, RMSE_ALPHA_per_atom=    0.03, RMSE_ALPHA_DERIV=    1.92
2025-07-13 19:25:30.630 INFO: Epoch 1925: head: Default, loss=0.5012, RMSE_MU_per_atom=0.00 mDebye, RMSE_MU_DERIV=0.00 mDebye / A, RMSE_ALPHA_per_atom=    0.03, RMSE_ALPHA_DERIV=    1.92
2025-07-13 19:26:25.935 INFO: Epoch 1926: head: Default, loss=0.5012, RMSE_MU_per_atom=0.00 mDebye, RMSE_MU_DERIV=0.00 mDebye / A, RMSE_ALPHA_per_atom=    0.03, RMSE_ALPHA_DERIV=    1.92
2025-07-13 19:27:21.237 INFO: Epoch 1927: head: Default, loss=0.5012, RMSE_MU_per_atom=0.00 mDebye, RMSE_MU_DERIV=0.00 mDebye / A, RMSE_ALPHA_per_atom=    0.03, RMSE_ALPHA_DERIV=    1.92
2025-07-13 19:28:16.533 INFO: Epoch 1928: head: Default, loss=0.5012, RMSE_MU_per_atom=0.00 mDebye, RMSE_MU_DERIV=0.00 mDebye / A, RMSE_ALPHA_per_atom=    0.03, RMSE_ALPHA_DERIV=    1.92
2025-07-13 19:29:11.838 INFO: Epoch 1929: head: Default, loss=0.5012, RMSE_MU_per_atom=0.00 mDebye, RMSE_MU_DERIV=0.00 mDebye / A, RMSE_ALPHA_per_atom=    0.03, RMSE_ALPHA_DERIV=    1.92
2025-07-13 19:30:07.144 INFO: Epoch 1930: head: Default, loss=0.5013, RMSE_MU_per_atom=0.00 mDebye, RMSE_MU_DERIV=0.00 mDebye / A, RMSE_ALPHA_per_atom=    0.03, RMSE_ALPHA_DERIV=    1.92
2025-07-13 19:31:02.455 INFO: Epoch 1931: head: Default, loss=0.5012, RMSE_MU_per_atom=0.00 mDebye, RMSE_MU_DERIV=0.00 mDebye / A, RMSE_ALPHA_per_atom=    0.03, RMSE_ALPHA_DERIV=    1.92
2025-07-13 19:31:57.773 INFO: Epoch 1932: head: Default, loss=0.5012, RMSE_MU_per_atom=0.00 mDebye, RMSE_MU_DERIV=0.00 mDebye / A, RMSE_ALPHA_per_atom=    0.03, RMSE_ALPHA_DERIV=    1.92
2025-07-13 19:32:53.075 INFO: Epoch 1933: head: Default, loss=0.5013, RMSE_MU_per_atom=0.00 mDebye, RMSE_MU_DERIV=0.00 mDebye / A, RMSE_ALPHA_per_atom=    0.03, RMSE_ALPHA_DERIV=    1.92
2025-07-13 19:33:48.359 INFO: Epoch 1934: head: Default, loss=0.5013, RMSE_MU_per_atom=0.00 mDebye, RMSE_MU_DERIV=0.00 mDebye / A, RMSE_ALPHA_per_atom=    0.03, RMSE_ALPHA_DERIV=    1.92
2025-07-13 19:34:43.659 INFO: Epoch 1935: head: Default, loss=0.5012, RMSE_MU_per_atom=0.00 mDebye, RMSE_MU_DERIV=0.00 mDebye / A, RMSE_ALPHA_per_atom=    0.03, RMSE_ALPHA_DERIV=    1.92
2025-07-13 19:35:38.969 INFO: Epoch 1936: head: Default, loss=0.5013, RMSE_MU_per_atom=0.00 mDebye, RMSE_MU_DERIV=0.00 mDebye / A, RMSE_ALPHA_per_atom=    0.03, RMSE_ALPHA_DERIV=    1.92
2025-07-13 19:36:34.265 INFO: Epoch 1937: head: Default, loss=0.5013, RMSE_MU_per_atom=0.00 mDebye, RMSE_MU_DERIV=0.00 mDebye / A, RMSE_ALPHA_per_atom=    0.03, RMSE_ALPHA_DERIV=    1.92
2025-07-13 19:37:29.568 INFO: Epoch 1938: head: Default, loss=0.5012, RMSE_MU_per_atom=0.00 mDebye, RMSE_MU_DERIV=0.00 mDebye / A, RMSE_ALPHA_per_atom=    0.03, RMSE_ALPHA_DERIV=    1.92
2025-07-13 19:38:24.849 INFO: Epoch 1939: head: Default, loss=0.5012, RMSE_MU_per_atom=0.00 mDebye, RMSE_MU_DERIV=0.00 mDebye / A, RMSE_ALPHA_per_atom=    0.03, RMSE_ALPHA_DERIV=    1.92
2025-07-13 19:39:20.122 INFO: Epoch 1940: head: Default, loss=0.5012, RMSE_MU_per_atom=0.00 mDebye, RMSE_MU_DERIV=0.00 mDebye / A, RMSE_ALPHA_per_atom=    0.03, RMSE_ALPHA_DERIV=    1.92
2025-07-13 19:40:15.416 INFO: Epoch 1941: head: Default, loss=0.5013, RMSE_MU_per_atom=0.00 mDebye, RMSE_MU_DERIV=0.00 mDebye / A, RMSE_ALPHA_per_atom=    0.03, RMSE_ALPHA_DERIV=    1.92
2025-07-13 19:41:10.711 INFO: Epoch 1942: head: Default, loss=0.5012, RMSE_MU_per_atom=0.00 mDebye, RMSE_MU_DERIV=0.00 mDebye / A, RMSE_ALPHA_per_atom=    0.03, RMSE_ALPHA_DERIV=    1.92
2025-07-13 19:42:06.014 INFO: Epoch 1943: head: Default, loss=0.5013, RMSE_MU_per_atom=0.00 mDebye, RMSE_MU_DERIV=0.00 mDebye / A, RMSE_ALPHA_per_atom=    0.03, RMSE_ALPHA_DERIV=    1.92
2025-07-13 19:43:01.315 INFO: Epoch 1944: head: Default, loss=0.5013, RMSE_MU_per_atom=0.00 mDebye, RMSE_MU_DERIV=0.00 mDebye / A, RMSE_ALPHA_per_atom=    0.03, RMSE_ALPHA_DERIV=    1.92
2025-07-13 19:43:56.620 INFO: Epoch 1945: head: Default, loss=0.5013, RMSE_MU_per_atom=0.00 mDebye, RMSE_MU_DERIV=0.00 mDebye / A, RMSE_ALPHA_per_atom=    0.03, RMSE_ALPHA_DERIV=    1.92
2025-07-13 19:44:51.924 INFO: Epoch 1946: head: Default, loss=0.5013, RMSE_MU_per_atom=0.00 mDebye, RMSE_MU_DERIV=0.00 mDebye / A, RMSE_ALPHA_per_atom=    0.03, RMSE_ALPHA_DERIV=    1.92
2025-07-13 19:45:47.228 INFO: Epoch 1947: head: Default, loss=0.5013, RMSE_MU_per_atom=0.00 mDebye, RMSE_MU_DERIV=0.00 mDebye / A, RMSE_ALPHA_per_atom=    0.03, RMSE_ALPHA_DERIV=    1.92
2025-07-13 19:46:42.543 INFO: Epoch 1948: head: Default, loss=0.5012, RMSE_MU_per_atom=0.00 mDebye, RMSE_MU_DERIV=0.00 mDebye / A, RMSE_ALPHA_per_atom=    0.03, RMSE_ALPHA_DERIV=    1.92
2025-07-13 19:47:37.866 INFO: Epoch 1949: head: Default, loss=0.5012, RMSE_MU_per_atom=0.00 mDebye, RMSE_MU_DERIV=0.00 mDebye / A, RMSE_ALPHA_per_atom=    0.03, RMSE_ALPHA_DERIV=    1.92
2025-07-13 19:48:33.179 INFO: Epoch 1950: head: Default, loss=0.5013, RMSE_MU_per_atom=0.00 mDebye, RMSE_MU_DERIV=0.00 mDebye / A, RMSE_ALPHA_per_atom=    0.03, RMSE_ALPHA_DERIV=    1.92
2025-07-13 19:49:28.472 INFO: Epoch 1951: head: Default, loss=0.5013, RMSE_MU_per_atom=0.00 mDebye, RMSE_MU_DERIV=0.00 mDebye / A, RMSE_ALPHA_per_atom=    0.03, RMSE_ALPHA_DERIV=    1.92
2025-07-13 19:50:23.767 INFO: Epoch 1952: head: Default, loss=0.5013, RMSE_MU_per_atom=0.00 mDebye, RMSE_MU_DERIV=0.00 mDebye / A, RMSE_ALPHA_per_atom=    0.03, RMSE_ALPHA_DERIV=    1.92
2025-07-13 19:51:19.074 INFO: Epoch 1953: head: Default, loss=0.5013, RMSE_MU_per_atom=0.00 mDebye, RMSE_MU_DERIV=0.00 mDebye / A, RMSE_ALPHA_per_atom=    0.03, RMSE_ALPHA_DERIV=    1.92
2025-07-13 19:52:14.377 INFO: Epoch 1954: head: Default, loss=0.5013, RMSE_MU_per_atom=0.00 mDebye, RMSE_MU_DERIV=0.00 mDebye / A, RMSE_ALPHA_per_atom=    0.03, RMSE_ALPHA_DERIV=    1.92
2025-07-13 19:53:09.694 INFO: Epoch 1955: head: Default, loss=0.5013, RMSE_MU_per_atom=0.00 mDebye, RMSE_MU_DERIV=0.00 mDebye / A, RMSE_ALPHA_per_atom=    0.03, RMSE_ALPHA_DERIV=    1.92
2025-07-13 19:54:05.012 INFO: Epoch 1956: head: Default, loss=0.5013, RMSE_MU_per_atom=0.00 mDebye, RMSE_MU_DERIV=0.00 mDebye / A, RMSE_ALPHA_per_atom=    0.03, RMSE_ALPHA_DERIV=    1.92
2025-07-13 19:55:00.335 INFO: Epoch 1957: head: Default, loss=0.5013, RMSE_MU_per_atom=0.00 mDebye, RMSE_MU_DERIV=0.00 mDebye / A, RMSE_ALPHA_per_atom=    0.03, RMSE_ALPHA_DERIV=    1.92
2025-07-13 19:55:55.653 INFO: Epoch 1958: head: Default, loss=0.5013, RMSE_MU_per_atom=0.00 mDebye, RMSE_MU_DERIV=0.00 mDebye / A, RMSE_ALPHA_per_atom=    0.03, RMSE_ALPHA_DERIV=    1.92
2025-07-13 19:56:50.978 INFO: Epoch 1959: head: Default, loss=0.5013, RMSE_MU_per_atom=0.00 mDebye, RMSE_MU_DERIV=0.00 mDebye / A, RMSE_ALPHA_per_atom=    0.03, RMSE_ALPHA_DERIV=    1.92
2025-07-13 19:57:46.312 INFO: Epoch 1960: head: Default, loss=0.5013, RMSE_MU_per_atom=0.00 mDebye, RMSE_MU_DERIV=0.00 mDebye / A, RMSE_ALPHA_per_atom=    0.03, RMSE_ALPHA_DERIV=    1.92
2025-07-13 19:58:41.628 INFO: Epoch 1961: head: Default, loss=0.5013, RMSE_MU_per_atom=0.00 mDebye, RMSE_MU_DERIV=0.00 mDebye / A, RMSE_ALPHA_per_atom=    0.03, RMSE_ALPHA_DERIV=    1.92
2025-07-13 19:59:36.929 INFO: Epoch 1962: head: Default, loss=0.5013, RMSE_MU_per_atom=0.00 mDebye, RMSE_MU_DERIV=0.00 mDebye / A, RMSE_ALPHA_per_atom=    0.03, RMSE_ALPHA_DERIV=    1.92
2025-07-13 20:00:32.230 INFO: Epoch 1963: head: Default, loss=0.5013, RMSE_MU_per_atom=0.00 mDebye, RMSE_MU_DERIV=0.00 mDebye / A, RMSE_ALPHA_per_atom=    0.03, RMSE_ALPHA_DERIV=    1.92
2025-07-13 20:01:27.519 INFO: Epoch 1964: head: Default, loss=0.5013, RMSE_MU_per_atom=0.00 mDebye, RMSE_MU_DERIV=0.00 mDebye / A, RMSE_ALPHA_per_atom=    0.03, RMSE_ALPHA_DERIV=    1.92
2025-07-13 20:02:22.811 INFO: Epoch 1965: head: Default, loss=0.5013, RMSE_MU_per_atom=0.00 mDebye, RMSE_MU_DERIV=0.00 mDebye / A, RMSE_ALPHA_per_atom=    0.03, RMSE_ALPHA_DERIV=    1.92
2025-07-13 20:03:18.100 INFO: Epoch 1966: head: Default, loss=0.5013, RMSE_MU_per_atom=0.00 mDebye, RMSE_MU_DERIV=0.00 mDebye / A, RMSE_ALPHA_per_atom=    0.03, RMSE_ALPHA_DERIV=    1.92
2025-07-13 20:04:13.402 INFO: Epoch 1967: head: Default, loss=0.5013, RMSE_MU_per_atom=0.00 mDebye, RMSE_MU_DERIV=0.00 mDebye / A, RMSE_ALPHA_per_atom=    0.03, RMSE_ALPHA_DERIV=    1.92
2025-07-13 20:05:08.702 INFO: Epoch 1968: head: Default, loss=0.5013, RMSE_MU_per_atom=0.00 mDebye, RMSE_MU_DERIV=0.00 mDebye / A, RMSE_ALPHA_per_atom=    0.03, RMSE_ALPHA_DERIV=    1.92
2025-07-13 20:06:03.989 INFO: Epoch 1969: head: Default, loss=0.5013, RMSE_MU_per_atom=0.00 mDebye, RMSE_MU_DERIV=0.00 mDebye / A, RMSE_ALPHA_per_atom=    0.03, RMSE_ALPHA_DERIV=    1.92
2025-07-13 20:06:59.289 INFO: Epoch 1970: head: Default, loss=0.5012, RMSE_MU_per_atom=0.00 mDebye, RMSE_MU_DERIV=0.00 mDebye / A, RMSE_ALPHA_per_atom=    0.03, RMSE_ALPHA_DERIV=    1.92
2025-07-13 20:07:54.590 INFO: Epoch 1971: head: Default, loss=0.5012, RMSE_MU_per_atom=0.00 mDebye, RMSE_MU_DERIV=0.00 mDebye / A, RMSE_ALPHA_per_atom=    0.03, RMSE_ALPHA_DERIV=    1.92
2025-07-13 20:08:49.880 INFO: Epoch 1972: head: Default, loss=0.5012, RMSE_MU_per_atom=0.00 mDebye, RMSE_MU_DERIV=0.00 mDebye / A, RMSE_ALPHA_per_atom=    0.03, RMSE_ALPHA_DERIV=    1.92
2025-07-13 20:09:45.173 INFO: Epoch 1973: head: Default, loss=0.5013, RMSE_MU_per_atom=0.00 mDebye, RMSE_MU_DERIV=0.00 mDebye / A, RMSE_ALPHA_per_atom=    0.03, RMSE_ALPHA_DERIV=    1.92
2025-07-13 20:10:40.481 INFO: Epoch 1974: head: Default, loss=0.5013, RMSE_MU_per_atom=0.00 mDebye, RMSE_MU_DERIV=0.00 mDebye / A, RMSE_ALPHA_per_atom=    0.03, RMSE_ALPHA_DERIV=    1.92
2025-07-13 20:11:35.796 INFO: Epoch 1975: head: Default, loss=0.5013, RMSE_MU_per_atom=0.00 mDebye, RMSE_MU_DERIV=0.00 mDebye / A, RMSE_ALPHA_per_atom=    0.03, RMSE_ALPHA_DERIV=    1.92
2025-07-13 20:12:31.102 INFO: Epoch 1976: head: Default, loss=0.5012, RMSE_MU_per_atom=0.00 mDebye, RMSE_MU_DERIV=0.00 mDebye / A, RMSE_ALPHA_per_atom=    0.03, RMSE_ALPHA_DERIV=    1.92
2025-07-13 20:13:26.416 INFO: Epoch 1977: head: Default, loss=0.5012, RMSE_MU_per_atom=0.00 mDebye, RMSE_MU_DERIV=0.00 mDebye / A, RMSE_ALPHA_per_atom=    0.03, RMSE_ALPHA_DERIV=    1.92
2025-07-13 20:14:21.711 INFO: Epoch 1978: head: Default, loss=0.5013, RMSE_MU_per_atom=0.00 mDebye, RMSE_MU_DERIV=0.00 mDebye / A, RMSE_ALPHA_per_atom=    0.03, RMSE_ALPHA_DERIV=    1.92
2025-07-13 20:15:17.011 INFO: Epoch 1979: head: Default, loss=0.5013, RMSE_MU_per_atom=0.00 mDebye, RMSE_MU_DERIV=0.00 mDebye / A, RMSE_ALPHA_per_atom=    0.03, RMSE_ALPHA_DERIV=    1.92
2025-07-13 20:16:12.311 INFO: Epoch 1980: head: Default, loss=0.5013, RMSE_MU_per_atom=0.00 mDebye, RMSE_MU_DERIV=0.00 mDebye / A, RMSE_ALPHA_per_atom=    0.03, RMSE_ALPHA_DERIV=    1.92
2025-07-13 20:17:07.628 INFO: Epoch 1981: head: Default, loss=0.5013, RMSE_MU_per_atom=0.00 mDebye, RMSE_MU_DERIV=0.00 mDebye / A, RMSE_ALPHA_per_atom=    0.03, RMSE_ALPHA_DERIV=    1.92
2025-07-13 20:18:02.958 INFO: Epoch 1982: head: Default, loss=0.5013, RMSE_MU_per_atom=0.00 mDebye, RMSE_MU_DERIV=0.00 mDebye / A, RMSE_ALPHA_per_atom=    0.03, RMSE_ALPHA_DERIV=    1.92
2025-07-13 20:18:58.304 INFO: Epoch 1983: head: Default, loss=0.5013, RMSE_MU_per_atom=0.00 mDebye, RMSE_MU_DERIV=0.00 mDebye / A, RMSE_ALPHA_per_atom=    0.03, RMSE_ALPHA_DERIV=    1.92
2025-07-13 20:19:53.622 INFO: Epoch 1984: head: Default, loss=0.5014, RMSE_MU_per_atom=0.00 mDebye, RMSE_MU_DERIV=0.00 mDebye / A, RMSE_ALPHA_per_atom=    0.03, RMSE_ALPHA_DERIV=    1.92
2025-07-13 20:20:48.939 INFO: Epoch 1985: head: Default, loss=0.5013, RMSE_MU_per_atom=0.00 mDebye, RMSE_MU_DERIV=0.00 mDebye / A, RMSE_ALPHA_per_atom=    0.03, RMSE_ALPHA_DERIV=    1.92
2025-07-13 20:21:44.253 INFO: Epoch 1986: head: Default, loss=0.5013, RMSE_MU_per_atom=0.00 mDebye, RMSE_MU_DERIV=0.00 mDebye / A, RMSE_ALPHA_per_atom=    0.03, RMSE_ALPHA_DERIV=    1.92
2025-07-13 20:22:39.566 INFO: Epoch 1987: head: Default, loss=0.5013, RMSE_MU_per_atom=0.00 mDebye, RMSE_MU_DERIV=0.00 mDebye / A, RMSE_ALPHA_per_atom=    0.03, RMSE_ALPHA_DERIV=    1.92
2025-07-13 20:23:34.874 INFO: Epoch 1988: head: Default, loss=0.5013, RMSE_MU_per_atom=0.00 mDebye, RMSE_MU_DERIV=0.00 mDebye / A, RMSE_ALPHA_per_atom=    0.03, RMSE_ALPHA_DERIV=    1.92
2025-07-13 20:24:30.173 INFO: Epoch 1989: head: Default, loss=0.5013, RMSE_MU_per_atom=0.00 mDebye, RMSE_MU_DERIV=0.00 mDebye / A, RMSE_ALPHA_per_atom=    0.03, RMSE_ALPHA_DERIV=    1.92
2025-07-13 20:25:25.485 INFO: Epoch 1990: head: Default, loss=0.5013, RMSE_MU_per_atom=0.00 mDebye, RMSE_MU_DERIV=0.00 mDebye / A, RMSE_ALPHA_per_atom=    0.03, RMSE_ALPHA_DERIV=    1.92
2025-07-13 20:26:20.795 INFO: Epoch 1991: head: Default, loss=0.5013, RMSE_MU_per_atom=0.00 mDebye, RMSE_MU_DERIV=0.00 mDebye / A, RMSE_ALPHA_per_atom=    0.03, RMSE_ALPHA_DERIV=    1.92
2025-07-13 20:27:16.111 INFO: Epoch 1992: head: Default, loss=0.5013, RMSE_MU_per_atom=0.00 mDebye, RMSE_MU_DERIV=0.00 mDebye / A, RMSE_ALPHA_per_atom=    0.03, RMSE_ALPHA_DERIV=    1.92
2025-07-13 20:28:11.411 INFO: Epoch 1993: head: Default, loss=0.5012, RMSE_MU_per_atom=0.00 mDebye, RMSE_MU_DERIV=0.00 mDebye / A, RMSE_ALPHA_per_atom=    0.03, RMSE_ALPHA_DERIV=    1.92
2025-07-13 20:29:06.700 INFO: Epoch 1994: head: Default, loss=0.5013, RMSE_MU_per_atom=0.00 mDebye, RMSE_MU_DERIV=0.00 mDebye / A, RMSE_ALPHA_per_atom=    0.03, RMSE_ALPHA_DERIV=    1.92
2025-07-13 20:30:01.999 INFO: Epoch 1995: head: Default, loss=0.5013, RMSE_MU_per_atom=0.00 mDebye, RMSE_MU_DERIV=0.00 mDebye / A, RMSE_ALPHA_per_atom=    0.03, RMSE_ALPHA_DERIV=    1.92
2025-07-13 20:30:57.299 INFO: Epoch 1996: head: Default, loss=0.5013, RMSE_MU_per_atom=0.00 mDebye, RMSE_MU_DERIV=0.00 mDebye / A, RMSE_ALPHA_per_atom=    0.03, RMSE_ALPHA_DERIV=    1.92
2025-07-13 20:31:52.593 INFO: Epoch 1997: head: Default, loss=0.5013, RMSE_MU_per_atom=0.00 mDebye, RMSE_MU_DERIV=0.00 mDebye / A, RMSE_ALPHA_per_atom=    0.03, RMSE_ALPHA_DERIV=    1.92
2025-07-13 20:32:47.894 INFO: Epoch 1998: head: Default, loss=0.5013, RMSE_MU_per_atom=0.00 mDebye, RMSE_MU_DERIV=0.00 mDebye / A, RMSE_ALPHA_per_atom=    0.03, RMSE_ALPHA_DERIV=    1.92
2025-07-13 20:33:43.205 INFO: Epoch 1999: head: Default, loss=0.5013, RMSE_MU_per_atom=0.00 mDebye, RMSE_MU_DERIV=0.00 mDebye / A, RMSE_ALPHA_per_atom=    0.03, RMSE_ALPHA_DERIV=    1.92
2025-07-13 20:33:43.205 INFO: Training complete
2025-07-13 20:33:43.205 INFO: 
2025-07-13 20:33:43.205 INFO: ===========RESULTS===========
2025-07-13 20:33:43.548 INFO: Loading checkpoint: ./checkpoints/MoWSSe_susram_ndata_all_subset_300_weights_10_1_run-123_epoch-346.pt
2025-07-13 20:33:43.604 INFO: Loaded Stage one model from epoch 346 for evaluation
2025-07-13 20:33:43.604 INFO: Saving model to checkpoints/MoWSSe_susram_ndata_all_subset_300_weights_10_1_run-123.model
2025-07-13 20:33:43.873 INFO: Compiling model, saving metadata to MoWSSe_susram_ndata_all_subset_300_weights_10_1_compiled.model
2025-07-13 20:33:44.686 INFO: Computing metrics for training, validation, and test sets
2025-07-13 20:33:44.687 INFO: Skipping evaluation for heads: ['pt_head']
2025-07-13 20:33:44.687 INFO: Evaluating train_Default ...
2025-07-13 20:34:04.488 INFO: Evaluating valid_Default ...
2025-07-13 20:34:05.671 INFO: Error-table on TRAIN and VALID:
+---------------+-------------------------+----------------+---------------+------------+-------------------+------------------+
|  config_type  | RMSE MU / mDebye / atom | rel. MU RMSE % | RMSE MU deriv | RMSE ALPHA | rel. ALPHA RMSE % | RMSE ALPHA deriv |
+---------------+-------------------------+----------------+---------------+------------+-------------------+------------------+
| train_Default |           0.00          |      0.0       |      0.00     |    0.04    |        0.3        |       1.06       |
| valid_Default |           0.00          |      0.0       |      0.00     |    0.04    |        0.3        |       1.88       |
+---------------+-------------------------+----------------+---------------+------------+-------------------+------------------+
2025-07-13 20:34:05.671 INFO: Evaluating Default_Default ...
2025-07-13 20:34:26.767 INFO: Error-table on TEST:
+-----------------+-------------------------+----------------+---------------+------------+-------------------+------------------+
|   config_type   | RMSE MU / mDebye / atom | rel. MU RMSE % | RMSE MU deriv | RMSE ALPHA | rel. ALPHA RMSE % | RMSE ALPHA deriv |
+-----------------+-------------------------+----------------+---------------+------------+-------------------+------------------+
| Default_Default |           0.00          |      0.0       |      0.00     |    0.04    |        0.3        |       1.13       |
+-----------------+-------------------------+----------------+---------------+------------+-------------------+------------------+
2025-07-13 20:34:26.768 DEBUG: Running inference on train_Default dataset
2025-07-13 20:34:46.353 DEBUG: Running inference on valid_Default dataset
2025-07-13 20:34:47.476 DEBUG: Running inference on Default_Default dataset
2025-07-13 20:35:09.139 DEBUG: Plotting failed: 'Axes' object is not iterable
2025-07-13 20:35:09.142 INFO: Done
