2025-07-11 21:19:40.226 INFO: ===========VERIFYING SETTINGS===========
2025-07-11 21:19:40.226 INFO: MACE version: 0.3.13
2025-07-11 21:19:40.335 INFO: CUDA version: 12.4, CUDA device: 0
2025-07-11 21:19:40.567 INFO: ===========LOADING INPUT DATA===========
2025-07-11 21:19:40.567 INFO: Using heads: ['Default']
2025-07-11 21:19:40.567 INFO: Using the key specifications to parse data:
2025-07-11 21:19:40.567 INFO: Default: KeySpecification(info_keys={'energy': 'None', 'stress': 'None', 'virials': 'REF_virials', 'dipole': 'dipole', 'polarizability': 'susceptibility_tensor', 'head': 'head'}, arrays_keys={'forces': 'None', 'dipole_deriv': 'dipole_deriv', 'polarizability_deriv': 'raman_tensor'})
2025-07-11 21:19:40.567 INFO: =============    Processing head Default     ===========
2025-07-11 21:19:40.684 INFO: Training set 1/1 [energy: 0, stress: 0, virials: 0, dipole components: 0, polarizability: 120, head: 120, forces: 0, dipole_deriv: 0, polarizability_deriv: 120]
2025-07-11 21:19:40.685 INFO: Total Training set [energy: 0, stress: 0, virials: 0, dipole components: 0, polarizability: 120, head: 120, forces: 0, dipole_deriv: 0, polarizability_deriv: 120]
2025-07-11 21:19:40.685 INFO: No validation set provided, splitting training data instead.
2025-07-11 21:19:40.685 INFO: Using random 5% of training set for validation with following indices: [46, 22, 91, 35, 25, 77]
2025-07-11 21:19:40.686 INFO: Random Split Training set [energy: 0, stress: 0, virials: 0, dipole components: 0, polarizability: 114, head: 114, forces: 0, dipole_deriv: 0, polarizability_deriv: 114]
2025-07-11 21:19:40.686 INFO: Random Split Validation set [energy: 0, stress: 0, virials: 0, dipole components: 0, polarizability: 6, head: 6, forces: 0, dipole_deriv: 0, polarizability_deriv: 6]
2025-07-11 21:19:40.772 INFO: Test set 1/1 [energy: 0, stress: 0, virials: 0, dipole components: 0, polarizability: 120, head: 120, forces: 0, dipole_deriv: 0, polarizability_deriv: 120]
2025-07-11 21:19:40.773 INFO: Total Test set [energy: 0, stress: 0, virials: 0, dipole components: 0, polarizability: 120, head: 120, forces: 0, dipole_deriv: 0, polarizability_deriv: 120]
2025-07-11 21:19:40.773 INFO: Total number of configurations: train=114, valid=6, tests=[Default_Default: 120],
2025-07-11 21:19:40.773 WARNING: Validation batch size (10) is larger than the number of validation data (6)
2025-07-11 21:19:40.774 INFO: Atomic Numbers used: [16, 34, 42, 74]
2025-07-11 21:19:40.774 INFO: Processing datasets for head 'Default'
2025-07-11 21:19:40.945 INFO: Combining 1 list datasets for head 'Default'
2025-07-11 21:19:40.949 INFO: Head 'Default' training dataset size: 114
2025-07-11 21:19:40.950 INFO: Computing average number of neighbors
2025-07-11 21:19:41.188 INFO: Average number of neighbors: 19.003367003367003
2025-07-11 21:19:41.189 INFO: During training the following quantities will be reported: dipoles, polarizability, dipole_deriv, polarizability_deriv
2025-07-11 21:19:41.189 INFO: ===========MODEL DETAILS===========
2025-07-11 21:19:41.189 INFO: Building model
2025-07-11 21:19:41.189 INFO: Message passing with 128 channels and max_L=2 (128x0e + 128x1o + 128x2e)
2025-07-11 21:19:41.190 INFO: 2 layers, each with correlation order: 3 (body order: 4) and spherical harmonics up to: l=3
2025-07-11 21:19:41.190 INFO: 8 radial and 5 basis functions
2025-07-11 21:19:41.190 INFO: Radial cutoff: 5.0 A (total receptive field for each atom: 10.0 A)
2025-07-11 21:19:41.190 INFO: Distance transform for radial basis functions: None
2025-07-11 21:19:41.190 INFO: Hidden irreps: 128x0e + 128x1o + 128x2e
2025-07-11 21:19:43.801 INFO: Total number of parameters: 1104272
2025-07-11 21:19:43.801 INFO: 
2025-07-11 21:19:43.801 INFO: ===========OPTIMIZER INFORMATION===========
2025-07-11 21:19:43.801 INFO: Using ADAM as parameter optimizer
2025-07-11 21:19:43.801 INFO: Batch size: 10
2025-07-11 21:19:43.801 INFO: Number of gradient updates: 22800
2025-07-11 21:19:43.801 INFO: Learning rate: 0.01, weight decay: 5e-07
2025-07-11 21:19:43.802 INFO: DipolePolarizabilityDerivLoss(dipole_weight=0.000, polarizability_weight=10.000, dipole_deriv_weight=0.000, polarizability_deriv_weight=1.000)
2025-07-11 21:19:43.803 WARNING: Cannot find checkpoint with tag 'MoWSSe_susram_ndata_all_subset_120_weights_10_1_run-123' in './checkpoints'
2025-07-11 21:19:43.803 INFO: Using gradient clipping with tolerance=10.000
2025-07-11 21:19:43.803 INFO: 
2025-07-11 21:19:43.804 INFO: ===========TRAINING===========
2025-07-11 21:19:43.804 INFO: Started training, reporting errors on validation set
2025-07-11 21:19:43.804 INFO: Loss metrics on validation set
2025-07-11 21:19:46.638 INFO: Initial: head: Default, loss=165.0002, RMSE_MU_per_atom=0.00 mDebye, RMSE_MU_DERIV=0.01 mDebye / A, RMSE_ALPHA_per_atom=    9.70, RMSE_ALPHA_DERIV=    6.94
2025-07-11 21:20:13.937 INFO: Epoch 0: head: Default, loss=156.6475, RMSE_MU_per_atom=0.00 mDebye, RMSE_MU_DERIV=0.02 mDebye / A, RMSE_ALPHA_per_atom=    9.44, RMSE_ALPHA_DERIV=    6.92
2025-07-11 21:20:35.875 INFO: Epoch 1: head: Default, loss=26.9398, RMSE_MU_per_atom=0.00 mDebye, RMSE_MU_DERIV=0.08 mDebye / A, RMSE_ALPHA_per_atom=    2.23, RMSE_ALPHA_DERIV=   10.58
2025-07-11 21:20:57.852 INFO: Epoch 2: head: Default, loss=28.3966, RMSE_MU_per_atom=0.00 mDebye, RMSE_MU_DERIV=0.09 mDebye / A, RMSE_ALPHA_per_atom=    2.97, RMSE_ALPHA_DERIV=    9.05
2025-07-11 21:21:19.869 INFO: Epoch 3: head: Default, loss=20.9850, RMSE_MU_per_atom=0.00 mDebye, RMSE_MU_DERIV=0.24 mDebye / A, RMSE_ALPHA_per_atom=    2.63, RMSE_ALPHA_DERIV=    7.55
2025-07-11 21:21:41.927 INFO: Epoch 4: head: Default, loss=7.5338, RMSE_MU_per_atom=0.00 mDebye, RMSE_MU_DERIV=0.32 mDebye / A, RMSE_ALPHA_per_atom=    1.51, RMSE_ALPHA_DERIV=    4.74
2025-07-11 21:22:03.999 INFO: Epoch 5: head: Default, loss=7.6088, RMSE_MU_per_atom=0.00 mDebye, RMSE_MU_DERIV=0.23 mDebye / A, RMSE_ALPHA_per_atom=    1.51, RMSE_ALPHA_DERIV=    4.77
2025-07-11 21:22:26.136 INFO: Epoch 6: head: Default, loss=6.0468, RMSE_MU_per_atom=0.00 mDebye, RMSE_MU_DERIV=0.18 mDebye / A, RMSE_ALPHA_per_atom=    1.38, RMSE_ALPHA_DERIV=    4.17
2025-07-11 21:22:48.354 INFO: Epoch 7: head: Default, loss=5.6904, RMSE_MU_per_atom=0.00 mDebye, RMSE_MU_DERIV=0.13 mDebye / A, RMSE_ALPHA_per_atom=    1.33, RMSE_ALPHA_DERIV=    4.04
2025-07-11 21:23:10.580 INFO: Epoch 8: head: Default, loss=4.6117, RMSE_MU_per_atom=0.00 mDebye, RMSE_MU_DERIV=0.11 mDebye / A, RMSE_ALPHA_per_atom=    1.13, RMSE_ALPHA_DERIV=    3.85
2025-07-11 21:23:32.802 INFO: Epoch 9: head: Default, loss=2.8193, RMSE_MU_per_atom=0.00 mDebye, RMSE_MU_DERIV=0.11 mDebye / A, RMSE_ALPHA_per_atom=    0.77, RMSE_ALPHA_DERIV=    3.33
2025-07-11 21:23:55.006 INFO: Epoch 10: head: Default, loss=2.6529, RMSE_MU_per_atom=0.00 mDebye, RMSE_MU_DERIV=0.08 mDebye / A, RMSE_ALPHA_per_atom=    0.66, RMSE_ALPHA_DERIV=    3.41
2025-07-11 21:24:17.231 INFO: Epoch 11: head: Default, loss=1.9291, RMSE_MU_per_atom=0.00 mDebye, RMSE_MU_DERIV=0.06 mDebye / A, RMSE_ALPHA_per_atom=    0.51, RMSE_ALPHA_DERIV=    2.99
2025-07-11 21:24:39.448 INFO: Epoch 12: head: Default, loss=1.3500, RMSE_MU_per_atom=0.00 mDebye, RMSE_MU_DERIV=0.05 mDebye / A, RMSE_ALPHA_per_atom=    0.51, RMSE_ALPHA_DERIV=    2.34
2025-07-11 21:25:01.681 INFO: Epoch 13: head: Default, loss=3.3772, RMSE_MU_per_atom=0.00 mDebye, RMSE_MU_DERIV=0.04 mDebye / A, RMSE_ALPHA_per_atom=    0.88, RMSE_ALPHA_DERIV=    3.53
2025-07-11 21:25:23.864 INFO: Epoch 14: head: Default, loss=1.2528, RMSE_MU_per_atom=0.00 mDebye, RMSE_MU_DERIV=0.03 mDebye / A, RMSE_ALPHA_per_atom=    0.43, RMSE_ALPHA_DERIV=    2.38
2025-07-11 21:25:46.106 INFO: Epoch 15: head: Default, loss=1.8304, RMSE_MU_per_atom=0.00 mDebye, RMSE_MU_DERIV=0.03 mDebye / A, RMSE_ALPHA_per_atom=    0.68, RMSE_ALPHA_DERIV=    2.52
2025-07-11 21:26:08.281 INFO: Epoch 16: head: Default, loss=1.0783, RMSE_MU_per_atom=0.00 mDebye, RMSE_MU_DERIV=0.03 mDebye / A, RMSE_ALPHA_per_atom=    0.26, RMSE_ALPHA_DERIV=    2.40
2025-07-11 21:26:30.513 INFO: Epoch 17: head: Default, loss=1.8584, RMSE_MU_per_atom=0.00 mDebye, RMSE_MU_DERIV=0.03 mDebye / A, RMSE_ALPHA_per_atom=    0.46, RMSE_ALPHA_DERIV=    3.01
2025-07-11 21:26:52.696 INFO: Epoch 18: head: Default, loss=1.7579, RMSE_MU_per_atom=0.00 mDebye, RMSE_MU_DERIV=0.02 mDebye / A, RMSE_ALPHA_per_atom=    0.68, RMSE_ALPHA_DERIV=    2.42
2025-07-11 21:27:14.862 INFO: Epoch 19: head: Default, loss=0.8936, RMSE_MU_per_atom=0.00 mDebye, RMSE_MU_DERIV=0.02 mDebye / A, RMSE_ALPHA_per_atom=    0.45, RMSE_ALPHA_DERIV=    1.83
2025-07-11 21:27:37.070 INFO: Epoch 20: head: Default, loss=1.4149, RMSE_MU_per_atom=0.00 mDebye, RMSE_MU_DERIV=0.02 mDebye / A, RMSE_ALPHA_per_atom=    0.25, RMSE_ALPHA_DERIV=    2.80
2025-07-11 21:27:59.209 INFO: Epoch 21: head: Default, loss=0.8672, RMSE_MU_per_atom=0.00 mDebye, RMSE_MU_DERIV=0.02 mDebye / A, RMSE_ALPHA_per_atom=    0.42, RMSE_ALPHA_DERIV=    1.85
2025-07-11 21:28:21.431 INFO: Epoch 22: head: Default, loss=0.8030, RMSE_MU_per_atom=0.00 mDebye, RMSE_MU_DERIV=0.02 mDebye / A, RMSE_ALPHA_per_atom=    0.32, RMSE_ALPHA_DERIV=    1.95
2025-07-11 21:28:43.601 INFO: Epoch 23: head: Default, loss=1.0257, RMSE_MU_per_atom=0.00 mDebye, RMSE_MU_DERIV=0.01 mDebye / A, RMSE_ALPHA_per_atom=    0.38, RMSE_ALPHA_DERIV=    2.18
2025-07-11 21:29:05.760 INFO: Epoch 24: head: Default, loss=0.8779, RMSE_MU_per_atom=0.00 mDebye, RMSE_MU_DERIV=0.01 mDebye / A, RMSE_ALPHA_per_atom=    0.54, RMSE_ALPHA_DERIV=    1.55
2025-07-11 21:29:27.883 INFO: Epoch 25: head: Default, loss=1.1811, RMSE_MU_per_atom=0.00 mDebye, RMSE_MU_DERIV=0.01 mDebye / A, RMSE_ALPHA_per_atom=    0.56, RMSE_ALPHA_DERIV=    2.00
2025-07-11 21:29:50.004 INFO: Epoch 26: head: Default, loss=0.4428, RMSE_MU_per_atom=0.00 mDebye, RMSE_MU_DERIV=0.01 mDebye / A, RMSE_ALPHA_per_atom=    0.14, RMSE_ALPHA_DERIV=    1.57
2025-07-11 21:30:12.201 INFO: Epoch 27: head: Default, loss=0.7737, RMSE_MU_per_atom=0.00 mDebye, RMSE_MU_DERIV=0.01 mDebye / A, RMSE_ALPHA_per_atom=    0.42, RMSE_ALPHA_DERIV=    1.70
2025-07-11 21:30:34.367 INFO: Epoch 28: head: Default, loss=0.4917, RMSE_MU_per_atom=0.00 mDebye, RMSE_MU_DERIV=0.01 mDebye / A, RMSE_ALPHA_per_atom=    0.27, RMSE_ALPHA_DERIV=    1.48
2025-07-11 21:30:56.504 INFO: Epoch 29: head: Default, loss=1.1383, RMSE_MU_per_atom=0.00 mDebye, RMSE_MU_DERIV=0.01 mDebye / A, RMSE_ALPHA_per_atom=    0.25, RMSE_ALPHA_DERIV=    2.49
2025-07-11 21:31:18.655 INFO: Epoch 30: head: Default, loss=0.9481, RMSE_MU_per_atom=0.00 mDebye, RMSE_MU_DERIV=0.01 mDebye / A, RMSE_ALPHA_per_atom=    0.46, RMSE_ALPHA_DERIV=    1.90
2025-07-11 21:31:40.798 INFO: Epoch 31: head: Default, loss=1.1767, RMSE_MU_per_atom=0.00 mDebye, RMSE_MU_DERIV=0.01 mDebye / A, RMSE_ALPHA_per_atom=    0.11, RMSE_ALPHA_DERIV=    2.63
2025-07-11 21:32:02.950 INFO: Epoch 32: head: Default, loss=0.5370, RMSE_MU_per_atom=0.00 mDebye, RMSE_MU_DERIV=0.01 mDebye / A, RMSE_ALPHA_per_atom=    0.28, RMSE_ALPHA_DERIV=    1.56
2025-07-11 21:32:25.109 INFO: Epoch 33: head: Default, loss=1.0807, RMSE_MU_per_atom=0.00 mDebye, RMSE_MU_DERIV=0.00 mDebye / A, RMSE_ALPHA_per_atom=    0.27, RMSE_ALPHA_DERIV=    2.40
2025-07-11 21:32:47.293 INFO: Epoch 34: head: Default, loss=0.6800, RMSE_MU_per_atom=0.00 mDebye, RMSE_MU_DERIV=0.00 mDebye / A, RMSE_ALPHA_per_atom=    0.45, RMSE_ALPHA_DERIV=    1.42
2025-07-11 21:33:09.479 INFO: Epoch 35: head: Default, loss=0.4984, RMSE_MU_per_atom=0.00 mDebye, RMSE_MU_DERIV=0.00 mDebye / A, RMSE_ALPHA_per_atom=    0.30, RMSE_ALPHA_DERIV=    1.44
2025-07-11 21:33:31.644 INFO: Epoch 36: head: Default, loss=0.8956, RMSE_MU_per_atom=0.00 mDebye, RMSE_MU_DERIV=0.00 mDebye / A, RMSE_ALPHA_per_atom=    0.40, RMSE_ALPHA_DERIV=    1.94
2025-07-11 21:33:53.831 INFO: Epoch 37: head: Default, loss=0.5200, RMSE_MU_per_atom=0.00 mDebye, RMSE_MU_DERIV=0.00 mDebye / A, RMSE_ALPHA_per_atom=    0.12, RMSE_ALPHA_DERIV=    1.73
2025-07-11 21:34:16.025 INFO: Epoch 38: head: Default, loss=0.8984, RMSE_MU_per_atom=0.00 mDebye, RMSE_MU_DERIV=0.00 mDebye / A, RMSE_ALPHA_per_atom=    0.25, RMSE_ALPHA_DERIV=    2.19
2025-07-11 21:34:38.217 INFO: Epoch 39: head: Default, loss=0.4765, RMSE_MU_per_atom=0.00 mDebye, RMSE_MU_DERIV=0.00 mDebye / A, RMSE_ALPHA_per_atom=    0.20, RMSE_ALPHA_DERIV=    1.56
2025-07-11 21:35:00.413 INFO: Epoch 40: head: Default, loss=0.5057, RMSE_MU_per_atom=0.00 mDebye, RMSE_MU_DERIV=0.00 mDebye / A, RMSE_ALPHA_per_atom=    0.18, RMSE_ALPHA_DERIV=    1.64
2025-07-11 21:35:22.619 INFO: Epoch 41: head: Default, loss=0.6796, RMSE_MU_per_atom=0.00 mDebye, RMSE_MU_DERIV=0.00 mDebye / A, RMSE_ALPHA_per_atom=    0.30, RMSE_ALPHA_DERIV=    1.79
2025-07-11 21:35:44.821 INFO: Epoch 42: head: Default, loss=0.4867, RMSE_MU_per_atom=0.00 mDebye, RMSE_MU_DERIV=0.00 mDebye / A, RMSE_ALPHA_per_atom=    0.31, RMSE_ALPHA_DERIV=    1.40
2025-07-11 21:36:06.993 INFO: Epoch 43: head: Default, loss=0.4003, RMSE_MU_per_atom=0.00 mDebye, RMSE_MU_DERIV=0.00 mDebye / A, RMSE_ALPHA_per_atom=    0.25, RMSE_ALPHA_DERIV=    1.33
2025-07-11 21:36:29.243 INFO: Epoch 44: head: Default, loss=0.5030, RMSE_MU_per_atom=0.00 mDebye, RMSE_MU_DERIV=0.00 mDebye / A, RMSE_ALPHA_per_atom=    0.25, RMSE_ALPHA_DERIV=    1.54
2025-07-11 21:36:51.420 INFO: Epoch 45: head: Default, loss=0.3371, RMSE_MU_per_atom=0.00 mDebye, RMSE_MU_DERIV=0.00 mDebye / A, RMSE_ALPHA_per_atom=    0.17, RMSE_ALPHA_DERIV=    1.32
2025-07-11 21:37:13.664 INFO: Epoch 46: head: Default, loss=0.4703, RMSE_MU_per_atom=0.00 mDebye, RMSE_MU_DERIV=0.00 mDebye / A, RMSE_ALPHA_per_atom=    0.29, RMSE_ALPHA_DERIV=    1.42
2025-07-11 21:37:35.851 INFO: Epoch 47: head: Default, loss=0.4262, RMSE_MU_per_atom=0.00 mDebye, RMSE_MU_DERIV=0.00 mDebye / A, RMSE_ALPHA_per_atom=    0.28, RMSE_ALPHA_DERIV=    1.33
2025-07-11 21:37:58.010 INFO: Epoch 48: head: Default, loss=0.4431, RMSE_MU_per_atom=0.00 mDebye, RMSE_MU_DERIV=0.00 mDebye / A, RMSE_ALPHA_per_atom=    0.22, RMSE_ALPHA_DERIV=    1.48
2025-07-11 21:38:20.182 INFO: Epoch 49: head: Default, loss=0.5157, RMSE_MU_per_atom=0.00 mDebye, RMSE_MU_DERIV=0.00 mDebye / A, RMSE_ALPHA_per_atom=    0.32, RMSE_ALPHA_DERIV=    1.45
2025-07-11 21:38:42.321 INFO: Epoch 50: head: Default, loss=0.3465, RMSE_MU_per_atom=0.00 mDebye, RMSE_MU_DERIV=0.00 mDebye / A, RMSE_ALPHA_per_atom=    0.16, RMSE_ALPHA_DERIV=    1.35
2025-07-11 21:39:04.452 INFO: Epoch 51: head: Default, loss=0.3501, RMSE_MU_per_atom=0.00 mDebye, RMSE_MU_DERIV=0.00 mDebye / A, RMSE_ALPHA_per_atom=    0.21, RMSE_ALPHA_DERIV=    1.29
2025-07-11 21:39:26.624 INFO: Epoch 52: head: Default, loss=0.3631, RMSE_MU_per_atom=0.00 mDebye, RMSE_MU_DERIV=0.00 mDebye / A, RMSE_ALPHA_per_atom=    0.30, RMSE_ALPHA_DERIV=    1.14
2025-07-11 21:39:48.804 INFO: Epoch 53: head: Default, loss=0.3463, RMSE_MU_per_atom=0.00 mDebye, RMSE_MU_DERIV=0.00 mDebye / A, RMSE_ALPHA_per_atom=    0.18, RMSE_ALPHA_DERIV=    1.32
2025-07-11 21:40:10.985 INFO: Epoch 54: head: Default, loss=0.4600, RMSE_MU_per_atom=0.00 mDebye, RMSE_MU_DERIV=0.00 mDebye / A, RMSE_ALPHA_per_atom=    0.25, RMSE_ALPHA_DERIV=    1.46
2025-07-11 21:40:33.167 INFO: Epoch 55: head: Default, loss=0.4076, RMSE_MU_per_atom=0.00 mDebye, RMSE_MU_DERIV=0.00 mDebye / A, RMSE_ALPHA_per_atom=    0.31, RMSE_ALPHA_DERIV=    1.21
2025-07-11 21:40:55.341 INFO: Epoch 56: head: Default, loss=0.7651, RMSE_MU_per_atom=0.00 mDebye, RMSE_MU_DERIV=0.00 mDebye / A, RMSE_ALPHA_per_atom=    0.33, RMSE_ALPHA_DERIV=    1.86
2025-07-11 21:41:17.514 INFO: Epoch 57: head: Default, loss=0.4152, RMSE_MU_per_atom=0.00 mDebye, RMSE_MU_DERIV=0.00 mDebye / A, RMSE_ALPHA_per_atom=    0.24, RMSE_ALPHA_DERIV=    1.39
2025-07-11 21:41:39.670 INFO: Epoch 58: head: Default, loss=0.2903, RMSE_MU_per_atom=0.00 mDebye, RMSE_MU_DERIV=0.00 mDebye / A, RMSE_ALPHA_per_atom=    0.13, RMSE_ALPHA_DERIV=    1.26
2025-07-11 21:42:01.892 INFO: Epoch 59: head: Default, loss=0.4869, RMSE_MU_per_atom=0.00 mDebye, RMSE_MU_DERIV=0.00 mDebye / A, RMSE_ALPHA_per_atom=    0.21, RMSE_ALPHA_DERIV=    1.57
2025-07-11 21:42:24.073 INFO: Epoch 60: head: Default, loss=0.3463, RMSE_MU_per_atom=0.00 mDebye, RMSE_MU_DERIV=0.00 mDebye / A, RMSE_ALPHA_per_atom=    0.23, RMSE_ALPHA_DERIV=    1.24
2025-07-11 21:42:46.250 INFO: Epoch 61: head: Default, loss=1.0725, RMSE_MU_per_atom=0.00 mDebye, RMSE_MU_DERIV=0.00 mDebye / A, RMSE_ALPHA_per_atom=    0.31, RMSE_ALPHA_DERIV=    2.34
2025-07-11 21:43:08.421 INFO: Epoch 62: head: Default, loss=0.2600, RMSE_MU_per_atom=0.00 mDebye, RMSE_MU_DERIV=0.00 mDebye / A, RMSE_ALPHA_per_atom=    0.12, RMSE_ALPHA_DERIV=    1.19
2025-07-11 21:43:30.630 INFO: Epoch 63: head: Default, loss=0.2973, RMSE_MU_per_atom=0.00 mDebye, RMSE_MU_DERIV=0.00 mDebye / A, RMSE_ALPHA_per_atom=    0.20, RMSE_ALPHA_DERIV=    1.18
2025-07-11 21:43:52.791 INFO: Epoch 64: head: Default, loss=0.2768, RMSE_MU_per_atom=0.00 mDebye, RMSE_MU_DERIV=0.00 mDebye / A, RMSE_ALPHA_per_atom=    0.21, RMSE_ALPHA_DERIV=    1.10
2025-07-11 21:44:14.958 INFO: Epoch 65: head: Default, loss=0.3726, RMSE_MU_per_atom=0.00 mDebye, RMSE_MU_DERIV=0.00 mDebye / A, RMSE_ALPHA_per_atom=    0.19, RMSE_ALPHA_DERIV=    1.38
2025-07-11 21:44:37.085 INFO: Epoch 66: head: Default, loss=0.2823, RMSE_MU_per_atom=0.00 mDebye, RMSE_MU_DERIV=0.00 mDebye / A, RMSE_ALPHA_per_atom=    0.18, RMSE_ALPHA_DERIV=    1.17
2025-07-11 21:44:59.201 INFO: Epoch 67: head: Default, loss=0.3935, RMSE_MU_per_atom=0.00 mDebye, RMSE_MU_DERIV=0.00 mDebye / A, RMSE_ALPHA_per_atom=    0.26, RMSE_ALPHA_DERIV=    1.30
2025-07-11 21:45:21.335 INFO: Epoch 68: head: Default, loss=0.3039, RMSE_MU_per_atom=0.00 mDebye, RMSE_MU_DERIV=0.00 mDebye / A, RMSE_ALPHA_per_atom=    0.11, RMSE_ALPHA_DERIV=    1.31
2025-07-11 21:45:43.500 INFO: Epoch 69: head: Default, loss=0.3756, RMSE_MU_per_atom=0.00 mDebye, RMSE_MU_DERIV=0.00 mDebye / A, RMSE_ALPHA_per_atom=    0.24, RMSE_ALPHA_DERIV=    1.30
2025-07-11 21:46:05.663 INFO: Epoch 70: head: Default, loss=0.3140, RMSE_MU_per_atom=0.00 mDebye, RMSE_MU_DERIV=0.00 mDebye / A, RMSE_ALPHA_per_atom=    0.21, RMSE_ALPHA_DERIV=    1.21
2025-07-11 21:46:27.820 INFO: Epoch 71: head: Default, loss=0.4663, RMSE_MU_per_atom=0.00 mDebye, RMSE_MU_DERIV=0.00 mDebye / A, RMSE_ALPHA_per_atom=    0.23, RMSE_ALPHA_DERIV=    1.51
2025-07-11 21:46:49.983 INFO: Epoch 72: head: Default, loss=0.1911, RMSE_MU_per_atom=0.00 mDebye, RMSE_MU_DERIV=0.00 mDebye / A, RMSE_ALPHA_per_atom=    0.10, RMSE_ALPHA_DERIV=    1.02
2025-07-11 21:47:12.221 INFO: Epoch 73: head: Default, loss=0.2887, RMSE_MU_per_atom=0.00 mDebye, RMSE_MU_DERIV=0.00 mDebye / A, RMSE_ALPHA_per_atom=    0.08, RMSE_ALPHA_DERIV=    1.29
2025-07-11 21:47:34.392 INFO: Epoch 74: head: Default, loss=0.1896, RMSE_MU_per_atom=0.00 mDebye, RMSE_MU_DERIV=0.00 mDebye / A, RMSE_ALPHA_per_atom=    0.08, RMSE_ALPHA_DERIV=    1.03
2025-07-11 21:47:56.600 INFO: Epoch 75: head: Default, loss=0.1973, RMSE_MU_per_atom=0.00 mDebye, RMSE_MU_DERIV=0.00 mDebye / A, RMSE_ALPHA_per_atom=    0.12, RMSE_ALPHA_DERIV=    1.02
2025-07-11 21:48:18.784 INFO: Epoch 76: head: Default, loss=0.3050, RMSE_MU_per_atom=0.00 mDebye, RMSE_MU_DERIV=0.00 mDebye / A, RMSE_ALPHA_per_atom=    0.09, RMSE_ALPHA_DERIV=    1.32
2025-07-11 21:48:40.964 INFO: Epoch 77: head: Default, loss=0.2226, RMSE_MU_per_atom=0.00 mDebye, RMSE_MU_DERIV=0.00 mDebye / A, RMSE_ALPHA_per_atom=    0.17, RMSE_ALPHA_DERIV=    1.02
2025-07-11 21:49:03.131 INFO: Epoch 78: head: Default, loss=0.2955, RMSE_MU_per_atom=0.00 mDebye, RMSE_MU_DERIV=0.00 mDebye / A, RMSE_ALPHA_per_atom=    0.21, RMSE_ALPHA_DERIV=    1.15
2025-07-11 21:49:25.280 INFO: Epoch 79: head: Default, loss=0.3244, RMSE_MU_per_atom=0.00 mDebye, RMSE_MU_DERIV=0.00 mDebye / A, RMSE_ALPHA_per_atom=    0.17, RMSE_ALPHA_DERIV=    1.29
2025-07-11 21:49:47.454 INFO: Epoch 80: head: Default, loss=0.2725, RMSE_MU_per_atom=0.00 mDebye, RMSE_MU_DERIV=0.00 mDebye / A, RMSE_ALPHA_per_atom=    0.17, RMSE_ALPHA_DERIV=    1.16
2025-07-11 21:50:09.632 INFO: Epoch 81: head: Default, loss=0.3809, RMSE_MU_per_atom=0.00 mDebye, RMSE_MU_DERIV=0.00 mDebye / A, RMSE_ALPHA_per_atom=    0.19, RMSE_ALPHA_DERIV=    1.38
2025-07-11 21:50:31.826 INFO: Epoch 82: head: Default, loss=0.1858, RMSE_MU_per_atom=0.00 mDebye, RMSE_MU_DERIV=0.00 mDebye / A, RMSE_ALPHA_per_atom=    0.06, RMSE_ALPHA_DERIV=    1.04
2025-07-11 21:50:54.048 INFO: Epoch 83: head: Default, loss=0.2218, RMSE_MU_per_atom=0.00 mDebye, RMSE_MU_DERIV=0.00 mDebye / A, RMSE_ALPHA_per_atom=    0.13, RMSE_ALPHA_DERIV=    1.08
2025-07-11 21:51:16.223 INFO: Epoch 84: head: Default, loss=0.1620, RMSE_MU_per_atom=0.00 mDebye, RMSE_MU_DERIV=0.00 mDebye / A, RMSE_ALPHA_per_atom=    0.14, RMSE_ALPHA_DERIV=    0.88
2025-07-11 21:51:38.441 INFO: Epoch 85: head: Default, loss=0.2090, RMSE_MU_per_atom=0.00 mDebye, RMSE_MU_DERIV=0.00 mDebye / A, RMSE_ALPHA_per_atom=    0.12, RMSE_ALPHA_DERIV=    1.05
2025-07-11 21:52:00.608 INFO: Epoch 86: head: Default, loss=0.2265, RMSE_MU_per_atom=0.00 mDebye, RMSE_MU_DERIV=0.00 mDebye / A, RMSE_ALPHA_per_atom=    0.15, RMSE_ALPHA_DERIV=    1.06
2025-07-11 21:52:22.778 INFO: Epoch 87: head: Default, loss=0.2240, RMSE_MU_per_atom=0.00 mDebye, RMSE_MU_DERIV=0.00 mDebye / A, RMSE_ALPHA_per_atom=    0.21, RMSE_ALPHA_DERIV=    0.95
2025-07-11 21:52:44.946 INFO: Epoch 88: head: Default, loss=0.4615, RMSE_MU_per_atom=0.00 mDebye, RMSE_MU_DERIV=0.00 mDebye / A, RMSE_ALPHA_per_atom=    0.19, RMSE_ALPHA_DERIV=    1.55
2025-07-11 21:53:07.068 INFO: Epoch 89: head: Default, loss=0.2251, RMSE_MU_per_atom=0.00 mDebye, RMSE_MU_DERIV=0.00 mDebye / A, RMSE_ALPHA_per_atom=    0.21, RMSE_ALPHA_DERIV=    0.96
2025-07-11 21:53:29.220 INFO: Epoch 90: head: Default, loss=0.2342, RMSE_MU_per_atom=0.00 mDebye, RMSE_MU_DERIV=0.00 mDebye / A, RMSE_ALPHA_per_atom=    0.20, RMSE_ALPHA_DERIV=    1.00
2025-07-11 21:53:51.400 INFO: Epoch 91: head: Default, loss=0.3071, RMSE_MU_per_atom=0.00 mDebye, RMSE_MU_DERIV=0.00 mDebye / A, RMSE_ALPHA_per_atom=    0.24, RMSE_ALPHA_DERIV=    1.12
2025-07-11 21:54:13.553 INFO: Epoch 92: head: Default, loss=0.1852, RMSE_MU_per_atom=0.00 mDebye, RMSE_MU_DERIV=0.00 mDebye / A, RMSE_ALPHA_per_atom=    0.11, RMSE_ALPHA_DERIV=    1.00
2025-07-11 21:54:35.709 INFO: Epoch 93: head: Default, loss=0.2806, RMSE_MU_per_atom=0.00 mDebye, RMSE_MU_DERIV=0.00 mDebye / A, RMSE_ALPHA_per_atom=    0.20, RMSE_ALPHA_DERIV=    1.13
2025-07-11 21:54:57.844 INFO: Epoch 94: head: Default, loss=0.5736, RMSE_MU_per_atom=0.00 mDebye, RMSE_MU_DERIV=0.00 mDebye / A, RMSE_ALPHA_per_atom=    0.33, RMSE_ALPHA_DERIV=    1.53
2025-07-11 21:55:19.992 INFO: Epoch 95: head: Default, loss=0.2619, RMSE_MU_per_atom=0.00 mDebye, RMSE_MU_DERIV=0.00 mDebye / A, RMSE_ALPHA_per_atom=    0.17, RMSE_ALPHA_DERIV=    1.13
2025-07-11 21:55:42.107 INFO: Epoch 96: head: Default, loss=0.2211, RMSE_MU_per_atom=0.00 mDebye, RMSE_MU_DERIV=0.00 mDebye / A, RMSE_ALPHA_per_atom=    0.13, RMSE_ALPHA_DERIV=    1.07
2025-07-11 21:56:04.223 INFO: Epoch 97: head: Default, loss=0.3493, RMSE_MU_per_atom=0.00 mDebye, RMSE_MU_DERIV=0.00 mDebye / A, RMSE_ALPHA_per_atom=    0.25, RMSE_ALPHA_DERIV=    1.21
2025-07-11 21:56:26.341 INFO: Epoch 98: head: Default, loss=0.3172, RMSE_MU_per_atom=0.00 mDebye, RMSE_MU_DERIV=0.00 mDebye / A, RMSE_ALPHA_per_atom=    0.22, RMSE_ALPHA_DERIV=    1.19
2025-07-11 21:56:48.514 INFO: Epoch 99: head: Default, loss=0.2348, RMSE_MU_per_atom=0.00 mDebye, RMSE_MU_DERIV=0.00 mDebye / A, RMSE_ALPHA_per_atom=    0.20, RMSE_ALPHA_DERIV=    1.00
2025-07-11 21:57:10.667 INFO: Epoch 100: head: Default, loss=0.2700, RMSE_MU_per_atom=0.00 mDebye, RMSE_MU_DERIV=0.00 mDebye / A, RMSE_ALPHA_per_atom=    0.21, RMSE_ALPHA_DERIV=    1.09
2025-07-11 21:57:32.801 INFO: Epoch 101: head: Default, loss=0.3588, RMSE_MU_per_atom=0.00 mDebye, RMSE_MU_DERIV=0.00 mDebye / A, RMSE_ALPHA_per_atom=    0.14, RMSE_ALPHA_DERIV=    1.40
2025-07-11 21:57:54.939 INFO: Epoch 102: head: Default, loss=0.1949, RMSE_MU_per_atom=0.00 mDebye, RMSE_MU_DERIV=0.00 mDebye / A, RMSE_ALPHA_per_atom=    0.08, RMSE_ALPHA_DERIV=    1.05
2025-07-11 21:58:17.091 INFO: Epoch 103: head: Default, loss=0.2858, RMSE_MU_per_atom=0.00 mDebye, RMSE_MU_DERIV=0.00 mDebye / A, RMSE_ALPHA_per_atom=    0.28, RMSE_ALPHA_DERIV=    0.96
2025-07-11 21:58:39.249 INFO: Epoch 104: head: Default, loss=0.2079, RMSE_MU_per_atom=0.00 mDebye, RMSE_MU_DERIV=0.00 mDebye / A, RMSE_ALPHA_per_atom=    0.19, RMSE_ALPHA_DERIV=    0.94
2025-07-11 21:59:01.395 INFO: Epoch 105: head: Default, loss=0.1863, RMSE_MU_per_atom=0.00 mDebye, RMSE_MU_DERIV=0.00 mDebye / A, RMSE_ALPHA_per_atom=    0.19, RMSE_ALPHA_DERIV=    0.88
2025-07-11 21:59:23.555 INFO: Epoch 106: head: Default, loss=0.1352, RMSE_MU_per_atom=0.00 mDebye, RMSE_MU_DERIV=0.00 mDebye / A, RMSE_ALPHA_per_atom=    0.10, RMSE_ALPHA_DERIV=    0.84
2025-07-11 21:59:45.762 INFO: Epoch 107: head: Default, loss=0.1686, RMSE_MU_per_atom=0.00 mDebye, RMSE_MU_DERIV=0.00 mDebye / A, RMSE_ALPHA_per_atom=    0.09, RMSE_ALPHA_DERIV=    0.96
2025-07-11 22:00:07.944 INFO: Epoch 108: head: Default, loss=0.2889, RMSE_MU_per_atom=0.00 mDebye, RMSE_MU_DERIV=0.00 mDebye / A, RMSE_ALPHA_per_atom=    0.14, RMSE_ALPHA_DERIV=    1.24
2025-07-11 22:00:30.086 INFO: Epoch 109: head: Default, loss=0.1693, RMSE_MU_per_atom=0.00 mDebye, RMSE_MU_DERIV=0.00 mDebye / A, RMSE_ALPHA_per_atom=    0.11, RMSE_ALPHA_DERIV=    0.95
2025-07-11 22:00:52.224 INFO: Epoch 110: head: Default, loss=0.2641, RMSE_MU_per_atom=0.00 mDebye, RMSE_MU_DERIV=0.00 mDebye / A, RMSE_ALPHA_per_atom=    0.22, RMSE_ALPHA_DERIV=    1.05
2025-07-11 22:01:14.394 INFO: Epoch 111: head: Default, loss=0.3997, RMSE_MU_per_atom=0.00 mDebye, RMSE_MU_DERIV=0.00 mDebye / A, RMSE_ALPHA_per_atom=    0.29, RMSE_ALPHA_DERIV=    1.25
2025-07-11 22:01:36.566 INFO: Epoch 112: head: Default, loss=0.2029, RMSE_MU_per_atom=0.00 mDebye, RMSE_MU_DERIV=0.00 mDebye / A, RMSE_ALPHA_per_atom=    0.14, RMSE_ALPHA_DERIV=    1.01
2025-07-11 22:01:58.746 INFO: Epoch 113: head: Default, loss=0.1678, RMSE_MU_per_atom=0.00 mDebye, RMSE_MU_DERIV=0.00 mDebye / A, RMSE_ALPHA_per_atom=    0.10, RMSE_ALPHA_DERIV=    0.95
2025-07-11 22:02:20.911 INFO: Epoch 114: head: Default, loss=0.1249, RMSE_MU_per_atom=0.00 mDebye, RMSE_MU_DERIV=0.00 mDebye / A, RMSE_ALPHA_per_atom=    0.08, RMSE_ALPHA_DERIV=    0.83
2025-07-11 22:02:43.097 INFO: Epoch 115: head: Default, loss=0.1699, RMSE_MU_per_atom=0.00 mDebye, RMSE_MU_DERIV=0.00 mDebye / A, RMSE_ALPHA_per_atom=    0.15, RMSE_ALPHA_DERIV=    0.89
2025-07-11 22:03:05.241 INFO: Epoch 116: head: Default, loss=0.2086, RMSE_MU_per_atom=0.00 mDebye, RMSE_MU_DERIV=0.00 mDebye / A, RMSE_ALPHA_per_atom=    0.19, RMSE_ALPHA_DERIV=    0.95
2025-07-11 22:03:27.411 INFO: Epoch 117: head: Default, loss=0.1513, RMSE_MU_per_atom=0.00 mDebye, RMSE_MU_DERIV=0.00 mDebye / A, RMSE_ALPHA_per_atom=    0.06, RMSE_ALPHA_DERIV=    0.93
2025-07-11 22:03:49.573 INFO: Epoch 118: head: Default, loss=0.1289, RMSE_MU_per_atom=0.00 mDebye, RMSE_MU_DERIV=0.00 mDebye / A, RMSE_ALPHA_per_atom=    0.08, RMSE_ALPHA_DERIV=    0.84
2025-07-11 22:04:11.726 INFO: Epoch 119: head: Default, loss=0.1544, RMSE_MU_per_atom=0.00 mDebye, RMSE_MU_DERIV=0.00 mDebye / A, RMSE_ALPHA_per_atom=    0.07, RMSE_ALPHA_DERIV=    0.94
2025-07-11 22:04:33.895 INFO: Epoch 120: head: Default, loss=0.1634, RMSE_MU_per_atom=0.00 mDebye, RMSE_MU_DERIV=0.00 mDebye / A, RMSE_ALPHA_per_atom=    0.09, RMSE_ALPHA_DERIV=    0.95
2025-07-11 22:04:56.067 INFO: Epoch 121: head: Default, loss=0.1653, RMSE_MU_per_atom=0.00 mDebye, RMSE_MU_DERIV=0.00 mDebye / A, RMSE_ALPHA_per_atom=    0.08, RMSE_ALPHA_DERIV=    0.96
2025-07-11 22:05:18.242 INFO: Epoch 122: head: Default, loss=0.1505, RMSE_MU_per_atom=0.00 mDebye, RMSE_MU_DERIV=0.00 mDebye / A, RMSE_ALPHA_per_atom=    0.12, RMSE_ALPHA_DERIV=    0.86
2025-07-11 22:05:40.418 INFO: Epoch 123: head: Default, loss=0.1512, RMSE_MU_per_atom=0.00 mDebye, RMSE_MU_DERIV=0.00 mDebye / A, RMSE_ALPHA_per_atom=    0.14, RMSE_ALPHA_DERIV=    0.84
2025-07-11 22:06:02.573 INFO: Epoch 124: head: Default, loss=0.3091, RMSE_MU_per_atom=0.00 mDebye, RMSE_MU_DERIV=0.00 mDebye / A, RMSE_ALPHA_per_atom=    0.16, RMSE_ALPHA_DERIV=    1.26
2025-07-11 22:06:24.726 INFO: Epoch 125: head: Default, loss=0.1529, RMSE_MU_per_atom=0.00 mDebye, RMSE_MU_DERIV=0.00 mDebye / A, RMSE_ALPHA_per_atom=    0.15, RMSE_ALPHA_DERIV=    0.83
2025-07-11 22:06:46.872 INFO: Epoch 126: head: Default, loss=0.1835, RMSE_MU_per_atom=0.00 mDebye, RMSE_MU_DERIV=0.00 mDebye / A, RMSE_ALPHA_per_atom=    0.19, RMSE_ALPHA_DERIV=    0.87
2025-07-11 22:07:08.998 INFO: Epoch 127: head: Default, loss=0.1579, RMSE_MU_per_atom=0.00 mDebye, RMSE_MU_DERIV=0.00 mDebye / A, RMSE_ALPHA_per_atom=    0.11, RMSE_ALPHA_DERIV=    0.91
2025-07-11 22:07:31.101 INFO: Epoch 128: head: Default, loss=0.2000, RMSE_MU_per_atom=0.00 mDebye, RMSE_MU_DERIV=0.00 mDebye / A, RMSE_ALPHA_per_atom=    0.19, RMSE_ALPHA_DERIV=    0.91
2025-07-11 22:07:53.267 INFO: Epoch 129: head: Default, loss=0.2294, RMSE_MU_per_atom=0.00 mDebye, RMSE_MU_DERIV=0.00 mDebye / A, RMSE_ALPHA_per_atom=    0.22, RMSE_ALPHA_DERIV=    0.94
2025-07-11 22:08:15.433 INFO: Epoch 130: head: Default, loss=0.2092, RMSE_MU_per_atom=0.00 mDebye, RMSE_MU_DERIV=0.00 mDebye / A, RMSE_ALPHA_per_atom=    0.16, RMSE_ALPHA_DERIV=    1.00
2025-07-11 22:08:37.604 INFO: Epoch 131: head: Default, loss=0.2720, RMSE_MU_per_atom=0.00 mDebye, RMSE_MU_DERIV=0.00 mDebye / A, RMSE_ALPHA_per_atom=    0.20, RMSE_ALPHA_DERIV=    1.12
2025-07-11 22:08:59.780 INFO: Epoch 132: head: Default, loss=0.2228, RMSE_MU_per_atom=0.00 mDebye, RMSE_MU_DERIV=0.00 mDebye / A, RMSE_ALPHA_per_atom=    0.17, RMSE_ALPHA_DERIV=    1.03
2025-07-11 22:09:21.962 INFO: Epoch 133: head: Default, loss=0.2228, RMSE_MU_per_atom=0.00 mDebye, RMSE_MU_DERIV=0.00 mDebye / A, RMSE_ALPHA_per_atom=    0.24, RMSE_ALPHA_DERIV=    0.89
2025-07-11 22:09:44.145 INFO: Epoch 134: head: Default, loss=0.2430, RMSE_MU_per_atom=0.00 mDebye, RMSE_MU_DERIV=0.00 mDebye / A, RMSE_ALPHA_per_atom=    0.21, RMSE_ALPHA_DERIV=    1.02
2025-07-11 22:10:06.313 INFO: Epoch 135: head: Default, loss=0.1470, RMSE_MU_per_atom=0.00 mDebye, RMSE_MU_DERIV=0.00 mDebye / A, RMSE_ALPHA_per_atom=    0.12, RMSE_ALPHA_DERIV=    0.86
2025-07-11 22:10:28.484 INFO: Epoch 136: head: Default, loss=0.1204, RMSE_MU_per_atom=0.00 mDebye, RMSE_MU_DERIV=0.00 mDebye / A, RMSE_ALPHA_per_atom=    0.04, RMSE_ALPHA_DERIV=    0.84
2025-07-11 22:10:50.708 INFO: Epoch 137: head: Default, loss=0.1539, RMSE_MU_per_atom=0.00 mDebye, RMSE_MU_DERIV=0.00 mDebye / A, RMSE_ALPHA_per_atom=    0.13, RMSE_ALPHA_DERIV=    0.87
2025-07-11 22:11:12.863 INFO: Epoch 138: head: Default, loss=0.1542, RMSE_MU_per_atom=0.00 mDebye, RMSE_MU_DERIV=0.00 mDebye / A, RMSE_ALPHA_per_atom=    0.16, RMSE_ALPHA_DERIV=    0.82
2025-07-11 22:11:35.016 INFO: Epoch 139: head: Default, loss=0.1013, RMSE_MU_per_atom=0.00 mDebye, RMSE_MU_DERIV=0.00 mDebye / A, RMSE_ALPHA_per_atom=    0.07, RMSE_ALPHA_DERIV=    0.75
2025-07-11 22:11:57.239 INFO: Epoch 140: head: Default, loss=0.2084, RMSE_MU_per_atom=0.00 mDebye, RMSE_MU_DERIV=0.00 mDebye / A, RMSE_ALPHA_per_atom=    0.11, RMSE_ALPHA_DERIV=    1.06
2025-07-11 22:12:19.422 INFO: Epoch 141: head: Default, loss=0.1575, RMSE_MU_per_atom=0.00 mDebye, RMSE_MU_DERIV=0.00 mDebye / A, RMSE_ALPHA_per_atom=    0.10, RMSE_ALPHA_DERIV=    0.91
2025-07-11 22:12:41.596 INFO: Epoch 142: head: Default, loss=0.1587, RMSE_MU_per_atom=0.00 mDebye, RMSE_MU_DERIV=0.00 mDebye / A, RMSE_ALPHA_per_atom=    0.08, RMSE_ALPHA_DERIV=    0.94
2025-07-11 22:13:03.790 INFO: Epoch 143: head: Default, loss=0.1651, RMSE_MU_per_atom=0.00 mDebye, RMSE_MU_DERIV=0.00 mDebye / A, RMSE_ALPHA_per_atom=    0.17, RMSE_ALPHA_DERIV=    0.84
2025-07-11 22:13:25.982 INFO: Epoch 144: head: Default, loss=0.1365, RMSE_MU_per_atom=0.00 mDebye, RMSE_MU_DERIV=0.00 mDebye / A, RMSE_ALPHA_per_atom=    0.07, RMSE_ALPHA_DERIV=    0.88
2025-07-11 22:13:48.167 INFO: Epoch 145: head: Default, loss=0.1494, RMSE_MU_per_atom=0.00 mDebye, RMSE_MU_DERIV=0.00 mDebye / A, RMSE_ALPHA_per_atom=    0.12, RMSE_ALPHA_DERIV=    0.87
2025-07-11 22:14:10.357 INFO: Epoch 146: head: Default, loss=0.2431, RMSE_MU_per_atom=0.00 mDebye, RMSE_MU_DERIV=0.00 mDebye / A, RMSE_ALPHA_per_atom=    0.14, RMSE_ALPHA_DERIV=    1.13
2025-07-11 22:14:32.548 INFO: Epoch 147: head: Default, loss=0.1729, RMSE_MU_per_atom=0.00 mDebye, RMSE_MU_DERIV=0.00 mDebye / A, RMSE_ALPHA_per_atom=    0.12, RMSE_ALPHA_DERIV=    0.95
2025-07-11 22:14:54.733 INFO: Epoch 148: head: Default, loss=0.1556, RMSE_MU_per_atom=0.00 mDebye, RMSE_MU_DERIV=0.00 mDebye / A, RMSE_ALPHA_per_atom=    0.14, RMSE_ALPHA_DERIV=    0.85
2025-07-11 22:15:16.926 INFO: Epoch 149: head: Default, loss=0.1980, RMSE_MU_per_atom=0.00 mDebye, RMSE_MU_DERIV=0.00 mDebye / A, RMSE_ALPHA_per_atom=    0.14, RMSE_ALPHA_DERIV=    1.00
2025-07-11 22:15:39.113 INFO: Epoch 150: head: Default, loss=0.1599, RMSE_MU_per_atom=0.00 mDebye, RMSE_MU_DERIV=0.00 mDebye / A, RMSE_ALPHA_per_atom=    0.14, RMSE_ALPHA_DERIV=    0.87
2025-07-11 22:16:01.303 INFO: Epoch 151: head: Default, loss=0.1912, RMSE_MU_per_atom=0.00 mDebye, RMSE_MU_DERIV=0.00 mDebye / A, RMSE_ALPHA_per_atom=    0.14, RMSE_ALPHA_DERIV=    0.97
2025-07-11 22:16:23.483 INFO: Epoch 152: head: Default, loss=0.1221, RMSE_MU_per_atom=0.00 mDebye, RMSE_MU_DERIV=0.00 mDebye / A, RMSE_ALPHA_per_atom=    0.11, RMSE_ALPHA_DERIV=    0.78
2025-07-11 22:16:45.674 INFO: Epoch 153: head: Default, loss=0.1354, RMSE_MU_per_atom=0.00 mDebye, RMSE_MU_DERIV=0.00 mDebye / A, RMSE_ALPHA_per_atom=    0.13, RMSE_ALPHA_DERIV=    0.80
2025-07-11 22:17:07.862 INFO: Epoch 154: head: Default, loss=0.1067, RMSE_MU_per_atom=0.00 mDebye, RMSE_MU_DERIV=0.00 mDebye / A, RMSE_ALPHA_per_atom=    0.07, RMSE_ALPHA_DERIV=    0.77
2025-07-11 22:17:30.039 INFO: Epoch 155: head: Default, loss=0.1394, RMSE_MU_per_atom=0.00 mDebye, RMSE_MU_DERIV=0.00 mDebye / A, RMSE_ALPHA_per_atom=    0.07, RMSE_ALPHA_DERIV=    0.89
2025-07-11 22:17:52.214 INFO: Epoch 156: head: Default, loss=0.1561, RMSE_MU_per_atom=0.00 mDebye, RMSE_MU_DERIV=0.00 mDebye / A, RMSE_ALPHA_per_atom=    0.19, RMSE_ALPHA_DERIV=    0.77
2025-07-11 22:18:14.400 INFO: Epoch 157: head: Default, loss=0.2041, RMSE_MU_per_atom=0.00 mDebye, RMSE_MU_DERIV=0.00 mDebye / A, RMSE_ALPHA_per_atom=    0.23, RMSE_ALPHA_DERIV=    0.83
2025-07-11 22:18:36.580 INFO: Epoch 158: head: Default, loss=0.1831, RMSE_MU_per_atom=0.00 mDebye, RMSE_MU_DERIV=0.00 mDebye / A, RMSE_ALPHA_per_atom=    0.09, RMSE_ALPHA_DERIV=    1.01
2025-07-11 22:18:58.750 INFO: Epoch 159: head: Default, loss=0.1826, RMSE_MU_per_atom=0.00 mDebye, RMSE_MU_DERIV=0.00 mDebye / A, RMSE_ALPHA_per_atom=    0.12, RMSE_ALPHA_DERIV=    0.98
2025-07-11 22:19:20.945 INFO: Epoch 160: head: Default, loss=0.1691, RMSE_MU_per_atom=0.00 mDebye, RMSE_MU_DERIV=0.00 mDebye / A, RMSE_ALPHA_per_atom=    0.16, RMSE_ALPHA_DERIV=    0.86
2025-07-11 22:19:43.126 INFO: Epoch 161: head: Default, loss=0.1130, RMSE_MU_per_atom=0.00 mDebye, RMSE_MU_DERIV=0.00 mDebye / A, RMSE_ALPHA_per_atom=    0.10, RMSE_ALPHA_DERIV=    0.76
2025-07-11 22:20:05.263 INFO: Epoch 162: head: Default, loss=0.1159, RMSE_MU_per_atom=0.00 mDebye, RMSE_MU_DERIV=0.00 mDebye / A, RMSE_ALPHA_per_atom=    0.07, RMSE_ALPHA_DERIV=    0.81
2025-07-11 22:20:27.444 INFO: Epoch 163: head: Default, loss=0.1188, RMSE_MU_per_atom=0.00 mDebye, RMSE_MU_DERIV=0.00 mDebye / A, RMSE_ALPHA_per_atom=    0.06, RMSE_ALPHA_DERIV=    0.82
2025-07-11 22:20:49.596 INFO: Epoch 164: head: Default, loss=0.2280, RMSE_MU_per_atom=0.00 mDebye, RMSE_MU_DERIV=0.00 mDebye / A, RMSE_ALPHA_per_atom=    0.27, RMSE_ALPHA_DERIV=    0.81
2025-07-11 22:21:11.697 INFO: Epoch 165: head: Default, loss=0.2350, RMSE_MU_per_atom=0.00 mDebye, RMSE_MU_DERIV=0.00 mDebye / A, RMSE_ALPHA_per_atom=    0.27, RMSE_ALPHA_DERIV=    0.82
2025-07-11 22:21:33.820 INFO: Epoch 166: head: Default, loss=0.1556, RMSE_MU_per_atom=0.00 mDebye, RMSE_MU_DERIV=0.00 mDebye / A, RMSE_ALPHA_per_atom=    0.14, RMSE_ALPHA_DERIV=    0.87
2025-07-11 22:21:55.962 INFO: Epoch 167: head: Default, loss=0.1646, RMSE_MU_per_atom=0.00 mDebye, RMSE_MU_DERIV=0.00 mDebye / A, RMSE_ALPHA_per_atom=    0.08, RMSE_ALPHA_DERIV=    0.96
2025-07-11 22:22:18.095 INFO: Epoch 168: head: Default, loss=0.1513, RMSE_MU_per_atom=0.00 mDebye, RMSE_MU_DERIV=0.00 mDebye / A, RMSE_ALPHA_per_atom=    0.12, RMSE_ALPHA_DERIV=    0.88
2025-07-11 22:22:40.242 INFO: Epoch 169: head: Default, loss=0.1338, RMSE_MU_per_atom=0.00 mDebye, RMSE_MU_DERIV=0.00 mDebye / A, RMSE_ALPHA_per_atom=    0.10, RMSE_ALPHA_DERIV=    0.84
2025-07-11 22:23:02.356 INFO: Epoch 170: head: Default, loss=0.1396, RMSE_MU_per_atom=0.00 mDebye, RMSE_MU_DERIV=0.00 mDebye / A, RMSE_ALPHA_per_atom=    0.09, RMSE_ALPHA_DERIV=    0.87
2025-07-11 22:23:24.499 INFO: Epoch 171: head: Default, loss=0.1065, RMSE_MU_per_atom=0.00 mDebye, RMSE_MU_DERIV=0.00 mDebye / A, RMSE_ALPHA_per_atom=    0.07, RMSE_ALPHA_DERIV=    0.77
2025-07-11 22:23:46.645 INFO: Epoch 172: head: Default, loss=0.1294, RMSE_MU_per_atom=0.00 mDebye, RMSE_MU_DERIV=0.00 mDebye / A, RMSE_ALPHA_per_atom=    0.11, RMSE_ALPHA_DERIV=    0.81
2025-07-11 22:24:08.783 INFO: Epoch 173: head: Default, loss=0.1254, RMSE_MU_per_atom=0.00 mDebye, RMSE_MU_DERIV=0.00 mDebye / A, RMSE_ALPHA_per_atom=    0.11, RMSE_ALPHA_DERIV=    0.80
2025-07-11 22:24:30.936 INFO: Epoch 174: head: Default, loss=0.1260, RMSE_MU_per_atom=0.00 mDebye, RMSE_MU_DERIV=0.00 mDebye / A, RMSE_ALPHA_per_atom=    0.12, RMSE_ALPHA_DERIV=    0.79
2025-07-11 22:24:53.048 INFO: Epoch 175: head: Default, loss=0.1984, RMSE_MU_per_atom=0.00 mDebye, RMSE_MU_DERIV=0.00 mDebye / A, RMSE_ALPHA_per_atom=    0.17, RMSE_ALPHA_DERIV=    0.95
2025-07-11 22:25:15.155 INFO: Epoch 176: head: Default, loss=0.1052, RMSE_MU_per_atom=0.00 mDebye, RMSE_MU_DERIV=0.00 mDebye / A, RMSE_ALPHA_per_atom=    0.11, RMSE_ALPHA_DERIV=    0.72
2025-07-11 22:25:37.288 INFO: Epoch 177: head: Default, loss=0.1272, RMSE_MU_per_atom=0.00 mDebye, RMSE_MU_DERIV=0.00 mDebye / A, RMSE_ALPHA_per_atom=    0.07, RMSE_ALPHA_DERIV=    0.85
2025-07-11 22:25:59.434 INFO: Epoch 178: head: Default, loss=0.1282, RMSE_MU_per_atom=0.00 mDebye, RMSE_MU_DERIV=0.00 mDebye / A, RMSE_ALPHA_per_atom=    0.06, RMSE_ALPHA_DERIV=    0.85
2025-07-11 22:26:21.571 INFO: Epoch 179: head: Default, loss=0.1084, RMSE_MU_per_atom=0.00 mDebye, RMSE_MU_DERIV=0.00 mDebye / A, RMSE_ALPHA_per_atom=    0.09, RMSE_ALPHA_DERIV=    0.75
2025-07-11 22:26:43.726 INFO: Epoch 180: head: Default, loss=0.1392, RMSE_MU_per_atom=0.00 mDebye, RMSE_MU_DERIV=0.00 mDebye / A, RMSE_ALPHA_per_atom=    0.12, RMSE_ALPHA_DERIV=    0.83
2025-07-11 22:27:05.881 INFO: Epoch 181: head: Default, loss=0.1313, RMSE_MU_per_atom=0.00 mDebye, RMSE_MU_DERIV=0.00 mDebye / A, RMSE_ALPHA_per_atom=    0.11, RMSE_ALPHA_DERIV=    0.82
2025-07-11 22:27:28.036 INFO: Epoch 182: head: Default, loss=0.1186, RMSE_MU_per_atom=0.00 mDebye, RMSE_MU_DERIV=0.00 mDebye / A, RMSE_ALPHA_per_atom=    0.08, RMSE_ALPHA_DERIV=    0.81
2025-07-11 22:27:50.211 INFO: Epoch 183: head: Default, loss=0.1166, RMSE_MU_per_atom=0.00 mDebye, RMSE_MU_DERIV=0.00 mDebye / A, RMSE_ALPHA_per_atom=    0.08, RMSE_ALPHA_DERIV=    0.79
2025-07-11 22:28:12.377 INFO: Epoch 184: head: Default, loss=0.1336, RMSE_MU_per_atom=0.00 mDebye, RMSE_MU_DERIV=0.00 mDebye / A, RMSE_ALPHA_per_atom=    0.08, RMSE_ALPHA_DERIV=    0.86
2025-07-11 22:28:34.554 INFO: Epoch 185: head: Default, loss=0.1524, RMSE_MU_per_atom=0.00 mDebye, RMSE_MU_DERIV=0.00 mDebye / A, RMSE_ALPHA_per_atom=    0.19, RMSE_ALPHA_DERIV=    0.75
2025-07-11 22:28:56.716 INFO: Epoch 186: head: Default, loss=0.1361, RMSE_MU_per_atom=0.00 mDebye, RMSE_MU_DERIV=0.00 mDebye / A, RMSE_ALPHA_per_atom=    0.11, RMSE_ALPHA_DERIV=    0.83
2025-07-11 22:29:18.864 INFO: Epoch 187: head: Default, loss=0.1782, RMSE_MU_per_atom=0.00 mDebye, RMSE_MU_DERIV=0.00 mDebye / A, RMSE_ALPHA_per_atom=    0.20, RMSE_ALPHA_DERIV=    0.81
2025-07-11 22:29:41.035 INFO: Epoch 188: head: Default, loss=0.1432, RMSE_MU_per_atom=0.00 mDebye, RMSE_MU_DERIV=0.00 mDebye / A, RMSE_ALPHA_per_atom=    0.11, RMSE_ALPHA_DERIV=    0.86
2025-07-11 22:30:03.207 INFO: Epoch 189: head: Default, loss=0.1876, RMSE_MU_per_atom=0.00 mDebye, RMSE_MU_DERIV=0.00 mDebye / A, RMSE_ALPHA_per_atom=    0.15, RMSE_ALPHA_DERIV=    0.94
2025-07-11 22:30:25.344 INFO: Epoch 190: head: Default, loss=0.1341, RMSE_MU_per_atom=0.00 mDebye, RMSE_MU_DERIV=0.00 mDebye / A, RMSE_ALPHA_per_atom=    0.11, RMSE_ALPHA_DERIV=    0.83
2025-07-11 22:30:47.480 INFO: Epoch 191: head: Default, loss=0.1445, RMSE_MU_per_atom=0.00 mDebye, RMSE_MU_DERIV=0.00 mDebye / A, RMSE_ALPHA_per_atom=    0.15, RMSE_ALPHA_DERIV=    0.81
2025-07-11 22:31:09.595 INFO: Epoch 192: head: Default, loss=0.1300, RMSE_MU_per_atom=0.00 mDebye, RMSE_MU_DERIV=0.00 mDebye / A, RMSE_ALPHA_per_atom=    0.07, RMSE_ALPHA_DERIV=    0.85
2025-07-11 22:31:31.717 INFO: Epoch 193: head: Default, loss=0.1644, RMSE_MU_per_atom=0.00 mDebye, RMSE_MU_DERIV=0.00 mDebye / A, RMSE_ALPHA_per_atom=    0.13, RMSE_ALPHA_DERIV=    0.91
2025-07-11 22:31:53.853 INFO: Epoch 194: head: Default, loss=0.1526, RMSE_MU_per_atom=0.00 mDebye, RMSE_MU_DERIV=0.00 mDebye / A, RMSE_ALPHA_per_atom=    0.17, RMSE_ALPHA_DERIV=    0.79
2025-07-11 22:32:15.948 INFO: Epoch 195: head: Default, loss=0.1452, RMSE_MU_per_atom=0.00 mDebye, RMSE_MU_DERIV=0.00 mDebye / A, RMSE_ALPHA_per_atom=    0.13, RMSE_ALPHA_DERIV=    0.84
2025-07-11 22:32:38.075 INFO: Epoch 196: head: Default, loss=0.1303, RMSE_MU_per_atom=0.00 mDebye, RMSE_MU_DERIV=0.00 mDebye / A, RMSE_ALPHA_per_atom=    0.09, RMSE_ALPHA_DERIV=    0.84
2025-07-11 22:33:00.206 INFO: Epoch 197: head: Default, loss=0.1083, RMSE_MU_per_atom=0.00 mDebye, RMSE_MU_DERIV=0.00 mDebye / A, RMSE_ALPHA_per_atom=    0.06, RMSE_ALPHA_DERIV=    0.78
2025-07-11 22:33:22.343 INFO: Epoch 198: head: Default, loss=0.1156, RMSE_MU_per_atom=0.00 mDebye, RMSE_MU_DERIV=0.00 mDebye / A, RMSE_ALPHA_per_atom=    0.08, RMSE_ALPHA_DERIV=    0.80
2025-07-11 22:33:44.481 INFO: Epoch 199: head: Default, loss=0.1190, RMSE_MU_per_atom=0.00 mDebye, RMSE_MU_DERIV=0.00 mDebye / A, RMSE_ALPHA_per_atom=    0.11, RMSE_ALPHA_DERIV=    0.77
2025-07-11 22:34:06.648 INFO: Epoch 200: head: Default, loss=0.0961, RMSE_MU_per_atom=0.00 mDebye, RMSE_MU_DERIV=0.00 mDebye / A, RMSE_ALPHA_per_atom=    0.05, RMSE_ALPHA_DERIV=    0.74
2025-07-11 22:34:28.854 INFO: Epoch 201: head: Default, loss=0.0985, RMSE_MU_per_atom=0.00 mDebye, RMSE_MU_DERIV=0.00 mDebye / A, RMSE_ALPHA_per_atom=    0.06, RMSE_ALPHA_DERIV=    0.75
2025-07-11 22:34:51.028 INFO: Epoch 202: head: Default, loss=0.0929, RMSE_MU_per_atom=0.00 mDebye, RMSE_MU_DERIV=0.00 mDebye / A, RMSE_ALPHA_per_atom=    0.07, RMSE_ALPHA_DERIV=    0.71
2025-07-11 22:35:13.253 INFO: Epoch 203: head: Default, loss=0.1039, RMSE_MU_per_atom=0.00 mDebye, RMSE_MU_DERIV=0.00 mDebye / A, RMSE_ALPHA_per_atom=    0.03, RMSE_ALPHA_DERIV=    0.78
2025-07-11 22:35:35.439 INFO: Epoch 204: head: Default, loss=0.1427, RMSE_MU_per_atom=0.00 mDebye, RMSE_MU_DERIV=0.00 mDebye / A, RMSE_ALPHA_per_atom=    0.11, RMSE_ALPHA_DERIV=    0.86
2025-07-11 22:35:57.627 INFO: Epoch 205: head: Default, loss=0.1498, RMSE_MU_per_atom=0.00 mDebye, RMSE_MU_DERIV=0.00 mDebye / A, RMSE_ALPHA_per_atom=    0.04, RMSE_ALPHA_DERIV=    0.94
2025-07-11 22:36:19.816 INFO: Epoch 206: head: Default, loss=0.1016, RMSE_MU_per_atom=0.00 mDebye, RMSE_MU_DERIV=0.00 mDebye / A, RMSE_ALPHA_per_atom=    0.08, RMSE_ALPHA_DERIV=    0.74
2025-07-11 22:36:42.004 INFO: Epoch 207: head: Default, loss=0.1939, RMSE_MU_per_atom=0.00 mDebye, RMSE_MU_DERIV=0.00 mDebye / A, RMSE_ALPHA_per_atom=    0.10, RMSE_ALPHA_DERIV=    1.03
2025-07-11 22:37:04.188 INFO: Epoch 208: head: Default, loss=0.1098, RMSE_MU_per_atom=0.00 mDebye, RMSE_MU_DERIV=0.00 mDebye / A, RMSE_ALPHA_per_atom=    0.05, RMSE_ALPHA_DERIV=    0.80
2025-07-11 22:37:26.373 INFO: Epoch 209: head: Default, loss=0.1275, RMSE_MU_per_atom=0.00 mDebye, RMSE_MU_DERIV=0.00 mDebye / A, RMSE_ALPHA_per_atom=    0.12, RMSE_ALPHA_DERIV=    0.78
2025-07-11 22:37:48.536 INFO: Epoch 210: head: Default, loss=0.1412, RMSE_MU_per_atom=0.00 mDebye, RMSE_MU_DERIV=0.00 mDebye / A, RMSE_ALPHA_per_atom=    0.15, RMSE_ALPHA_DERIV=    0.79
2025-07-11 22:38:10.655 INFO: Epoch 211: head: Default, loss=0.1268, RMSE_MU_per_atom=0.00 mDebye, RMSE_MU_DERIV=0.00 mDebye / A, RMSE_ALPHA_per_atom=    0.06, RMSE_ALPHA_DERIV=    0.85
2025-07-11 22:38:32.801 INFO: Epoch 212: head: Default, loss=0.1265, RMSE_MU_per_atom=0.00 mDebye, RMSE_MU_DERIV=0.00 mDebye / A, RMSE_ALPHA_per_atom=    0.14, RMSE_ALPHA_DERIV=    0.76
2025-07-11 22:38:54.976 INFO: Epoch 213: head: Default, loss=0.1012, RMSE_MU_per_atom=0.00 mDebye, RMSE_MU_DERIV=0.00 mDebye / A, RMSE_ALPHA_per_atom=    0.07, RMSE_ALPHA_DERIV=    0.75
2025-07-11 22:39:17.149 INFO: Epoch 214: head: Default, loss=0.1408, RMSE_MU_per_atom=0.00 mDebye, RMSE_MU_DERIV=0.00 mDebye / A, RMSE_ALPHA_per_atom=    0.07, RMSE_ALPHA_DERIV=    0.89
2025-07-11 22:39:39.331 INFO: Epoch 215: head: Default, loss=0.1152, RMSE_MU_per_atom=0.00 mDebye, RMSE_MU_DERIV=0.00 mDebye / A, RMSE_ALPHA_per_atom=    0.07, RMSE_ALPHA_DERIV=    0.80
2025-07-11 22:40:01.500 INFO: Epoch 216: head: Default, loss=0.1146, RMSE_MU_per_atom=0.00 mDebye, RMSE_MU_DERIV=0.00 mDebye / A, RMSE_ALPHA_per_atom=    0.10, RMSE_ALPHA_DERIV=    0.77
2025-07-11 22:40:23.679 INFO: Epoch 217: head: Default, loss=0.1231, RMSE_MU_per_atom=0.00 mDebye, RMSE_MU_DERIV=0.00 mDebye / A, RMSE_ALPHA_per_atom=    0.11, RMSE_ALPHA_DERIV=    0.79
2025-07-11 22:40:45.829 INFO: Epoch 218: head: Default, loss=0.1199, RMSE_MU_per_atom=0.00 mDebye, RMSE_MU_DERIV=0.00 mDebye / A, RMSE_ALPHA_per_atom=    0.07, RMSE_ALPHA_DERIV=    0.82
2025-07-11 22:41:08.003 INFO: Epoch 219: head: Default, loss=0.1491, RMSE_MU_per_atom=0.00 mDebye, RMSE_MU_DERIV=0.00 mDebye / A, RMSE_ALPHA_per_atom=    0.08, RMSE_ALPHA_DERIV=    0.91
2025-07-11 22:41:30.199 INFO: Epoch 220: head: Default, loss=0.0924, RMSE_MU_per_atom=0.00 mDebye, RMSE_MU_DERIV=0.00 mDebye / A, RMSE_ALPHA_per_atom=    0.04, RMSE_ALPHA_DERIV=    0.73
2025-07-11 22:41:52.418 INFO: Epoch 221: head: Default, loss=0.0953, RMSE_MU_per_atom=0.00 mDebye, RMSE_MU_DERIV=0.00 mDebye / A, RMSE_ALPHA_per_atom=    0.07, RMSE_ALPHA_DERIV=    0.72
2025-07-11 22:42:14.583 INFO: Epoch 222: head: Default, loss=0.1034, RMSE_MU_per_atom=0.00 mDebye, RMSE_MU_DERIV=0.00 mDebye / A, RMSE_ALPHA_per_atom=    0.09, RMSE_ALPHA_DERIV=    0.74
2025-07-11 22:42:36.745 INFO: Epoch 223: head: Default, loss=0.0898, RMSE_MU_per_atom=0.00 mDebye, RMSE_MU_DERIV=0.00 mDebye / A, RMSE_ALPHA_per_atom=    0.05, RMSE_ALPHA_DERIV=    0.72
2025-07-11 22:42:58.978 INFO: Epoch 224: head: Default, loss=0.1091, RMSE_MU_per_atom=0.00 mDebye, RMSE_MU_DERIV=0.00 mDebye / A, RMSE_ALPHA_per_atom=    0.10, RMSE_ALPHA_DERIV=    0.75
2025-07-11 22:43:21.151 INFO: Epoch 225: head: Default, loss=0.2029, RMSE_MU_per_atom=0.00 mDebye, RMSE_MU_DERIV=0.00 mDebye / A, RMSE_ALPHA_per_atom=    0.18, RMSE_ALPHA_DERIV=    0.94
2025-07-11 22:43:43.336 INFO: Epoch 226: head: Default, loss=0.1851, RMSE_MU_per_atom=0.00 mDebye, RMSE_MU_DERIV=0.00 mDebye / A, RMSE_ALPHA_per_atom=    0.21, RMSE_ALPHA_DERIV=    0.82
2025-07-11 22:44:05.512 INFO: Epoch 227: head: Default, loss=0.1789, RMSE_MU_per_atom=0.00 mDebye, RMSE_MU_DERIV=0.00 mDebye / A, RMSE_ALPHA_per_atom=    0.14, RMSE_ALPHA_DERIV=    0.94
2025-07-11 22:44:27.660 INFO: Epoch 228: head: Default, loss=0.1366, RMSE_MU_per_atom=0.00 mDebye, RMSE_MU_DERIV=0.00 mDebye / A, RMSE_ALPHA_per_atom=    0.08, RMSE_ALPHA_DERIV=    0.87
2025-07-11 22:44:49.817 INFO: Epoch 229: head: Default, loss=0.1245, RMSE_MU_per_atom=0.00 mDebye, RMSE_MU_DERIV=0.00 mDebye / A, RMSE_ALPHA_per_atom=    0.10, RMSE_ALPHA_DERIV=    0.80
2025-07-11 22:45:11.963 INFO: Epoch 230: head: Default, loss=0.1321, RMSE_MU_per_atom=0.00 mDebye, RMSE_MU_DERIV=0.00 mDebye / A, RMSE_ALPHA_per_atom=    0.09, RMSE_ALPHA_DERIV=    0.84
2025-07-11 22:45:34.116 INFO: Epoch 231: head: Default, loss=0.1582, RMSE_MU_per_atom=0.00 mDebye, RMSE_MU_DERIV=0.00 mDebye / A, RMSE_ALPHA_per_atom=    0.15, RMSE_ALPHA_DERIV=    0.85
2025-07-11 22:45:56.276 INFO: Epoch 232: head: Default, loss=0.2256, RMSE_MU_per_atom=0.00 mDebye, RMSE_MU_DERIV=0.00 mDebye / A, RMSE_ALPHA_per_atom=    0.19, RMSE_ALPHA_DERIV=    1.00
2025-07-11 22:46:18.423 INFO: Epoch 233: head: Default, loss=0.1504, RMSE_MU_per_atom=0.00 mDebye, RMSE_MU_DERIV=0.00 mDebye / A, RMSE_ALPHA_per_atom=    0.14, RMSE_ALPHA_DERIV=    0.84
2025-07-11 22:46:40.535 INFO: Epoch 234: head: Default, loss=0.1151, RMSE_MU_per_atom=0.00 mDebye, RMSE_MU_DERIV=0.00 mDebye / A, RMSE_ALPHA_per_atom=    0.11, RMSE_ALPHA_DERIV=    0.75
2025-07-11 22:47:02.673 INFO: Epoch 235: head: Default, loss=0.1379, RMSE_MU_per_atom=0.00 mDebye, RMSE_MU_DERIV=0.00 mDebye / A, RMSE_ALPHA_per_atom=    0.13, RMSE_ALPHA_DERIV=    0.82
2025-07-11 22:47:24.792 INFO: Epoch 236: head: Default, loss=0.1751, RMSE_MU_per_atom=0.00 mDebye, RMSE_MU_DERIV=0.00 mDebye / A, RMSE_ALPHA_per_atom=    0.21, RMSE_ALPHA_DERIV=    0.79
2025-07-11 22:47:46.941 INFO: Epoch 237: head: Default, loss=0.1408, RMSE_MU_per_atom=0.00 mDebye, RMSE_MU_DERIV=0.00 mDebye / A, RMSE_ALPHA_per_atom=    0.14, RMSE_ALPHA_DERIV=    0.80
2025-07-11 22:48:09.084 INFO: Epoch 238: head: Default, loss=0.1084, RMSE_MU_per_atom=0.00 mDebye, RMSE_MU_DERIV=0.00 mDebye / A, RMSE_ALPHA_per_atom=    0.06, RMSE_ALPHA_DERIV=    0.79
2025-07-11 22:48:31.248 INFO: Epoch 239: head: Default, loss=0.1620, RMSE_MU_per_atom=0.00 mDebye, RMSE_MU_DERIV=0.00 mDebye / A, RMSE_ALPHA_per_atom=    0.14, RMSE_ALPHA_DERIV=    0.88
2025-07-11 22:48:53.379 INFO: Epoch 240: head: Default, loss=0.1352, RMSE_MU_per_atom=0.00 mDebye, RMSE_MU_DERIV=0.00 mDebye / A, RMSE_ALPHA_per_atom=    0.10, RMSE_ALPHA_DERIV=    0.85
2025-07-11 22:49:15.535 INFO: Epoch 241: head: Default, loss=0.1053, RMSE_MU_per_atom=0.00 mDebye, RMSE_MU_DERIV=0.00 mDebye / A, RMSE_ALPHA_per_atom=    0.10, RMSE_ALPHA_DERIV=    0.72
2025-07-11 22:49:37.683 INFO: Epoch 242: head: Default, loss=0.1045, RMSE_MU_per_atom=0.00 mDebye, RMSE_MU_DERIV=0.00 mDebye / A, RMSE_ALPHA_per_atom=    0.07, RMSE_ALPHA_DERIV=    0.76
2025-07-11 22:49:59.805 INFO: Epoch 243: head: Default, loss=0.0924, RMSE_MU_per_atom=0.00 mDebye, RMSE_MU_DERIV=0.00 mDebye / A, RMSE_ALPHA_per_atom=    0.06, RMSE_ALPHA_DERIV=    0.72
2025-07-11 22:50:21.911 INFO: Epoch 244: head: Default, loss=0.0972, RMSE_MU_per_atom=0.00 mDebye, RMSE_MU_DERIV=0.00 mDebye / A, RMSE_ALPHA_per_atom=    0.07, RMSE_ALPHA_DERIV=    0.73
2025-07-11 22:50:44.015 INFO: Epoch 245: head: Default, loss=0.1097, RMSE_MU_per_atom=0.00 mDebye, RMSE_MU_DERIV=0.00 mDebye / A, RMSE_ALPHA_per_atom=    0.04, RMSE_ALPHA_DERIV=    0.80
2025-07-11 22:51:06.142 INFO: Epoch 246: head: Default, loss=0.1049, RMSE_MU_per_atom=0.00 mDebye, RMSE_MU_DERIV=0.00 mDebye / A, RMSE_ALPHA_per_atom=    0.09, RMSE_ALPHA_DERIV=    0.74
2025-07-11 22:51:28.278 INFO: Epoch 247: head: Default, loss=0.1125, RMSE_MU_per_atom=0.00 mDebye, RMSE_MU_DERIV=0.00 mDebye / A, RMSE_ALPHA_per_atom=    0.09, RMSE_ALPHA_DERIV=    0.77
2025-07-11 22:51:50.428 INFO: Epoch 248: head: Default, loss=0.1237, RMSE_MU_per_atom=0.00 mDebye, RMSE_MU_DERIV=0.00 mDebye / A, RMSE_ALPHA_per_atom=    0.06, RMSE_ALPHA_DERIV=    0.84
2025-07-11 22:52:12.586 INFO: Epoch 249: head: Default, loss=0.1030, RMSE_MU_per_atom=0.00 mDebye, RMSE_MU_DERIV=0.00 mDebye / A, RMSE_ALPHA_per_atom=    0.08, RMSE_ALPHA_DERIV=    0.74
2025-07-11 22:52:34.729 INFO: Epoch 250: head: Default, loss=0.1013, RMSE_MU_per_atom=0.00 mDebye, RMSE_MU_DERIV=0.00 mDebye / A, RMSE_ALPHA_per_atom=    0.07, RMSE_ALPHA_DERIV=    0.75
2025-07-11 22:52:56.902 INFO: Epoch 251: head: Default, loss=0.1073, RMSE_MU_per_atom=0.00 mDebye, RMSE_MU_DERIV=0.00 mDebye / A, RMSE_ALPHA_per_atom=    0.09, RMSE_ALPHA_DERIV=    0.75
2025-07-11 22:53:19.087 INFO: Epoch 252: head: Default, loss=0.1123, RMSE_MU_per_atom=0.00 mDebye, RMSE_MU_DERIV=0.00 mDebye / A, RMSE_ALPHA_per_atom=    0.12, RMSE_ALPHA_DERIV=    0.73
2025-07-11 22:53:41.235 INFO: Epoch 253: head: Default, loss=0.1141, RMSE_MU_per_atom=0.00 mDebye, RMSE_MU_DERIV=0.00 mDebye / A, RMSE_ALPHA_per_atom=    0.11, RMSE_ALPHA_DERIV=    0.75
2025-07-11 22:54:03.349 INFO: Epoch 254: head: Default, loss=0.0996, RMSE_MU_per_atom=0.00 mDebye, RMSE_MU_DERIV=0.00 mDebye / A, RMSE_ALPHA_per_atom=    0.10, RMSE_ALPHA_DERIV=    0.71
2025-07-11 22:54:25.494 INFO: Epoch 255: head: Default, loss=0.1213, RMSE_MU_per_atom=0.00 mDebye, RMSE_MU_DERIV=0.00 mDebye / A, RMSE_ALPHA_per_atom=    0.14, RMSE_ALPHA_DERIV=    0.72
2025-07-11 22:54:47.661 INFO: Epoch 256: head: Default, loss=0.1032, RMSE_MU_per_atom=0.00 mDebye, RMSE_MU_DERIV=0.00 mDebye / A, RMSE_ALPHA_per_atom=    0.09, RMSE_ALPHA_DERIV=    0.73
2025-07-11 22:55:09.825 INFO: Epoch 257: head: Default, loss=0.1061, RMSE_MU_per_atom=0.00 mDebye, RMSE_MU_DERIV=0.00 mDebye / A, RMSE_ALPHA_per_atom=    0.07, RMSE_ALPHA_DERIV=    0.77
2025-07-11 22:55:31.998 INFO: Epoch 258: head: Default, loss=0.1037, RMSE_MU_per_atom=0.00 mDebye, RMSE_MU_DERIV=0.00 mDebye / A, RMSE_ALPHA_per_atom=    0.07, RMSE_ALPHA_DERIV=    0.76
2025-07-11 22:55:54.168 INFO: Epoch 259: head: Default, loss=0.1032, RMSE_MU_per_atom=0.00 mDebye, RMSE_MU_DERIV=0.00 mDebye / A, RMSE_ALPHA_per_atom=    0.08, RMSE_ALPHA_DERIV=    0.75
2025-07-11 22:56:16.315 INFO: Epoch 260: head: Default, loss=0.0967, RMSE_MU_per_atom=0.00 mDebye, RMSE_MU_DERIV=0.00 mDebye / A, RMSE_ALPHA_per_atom=    0.05, RMSE_ALPHA_DERIV=    0.74
2025-07-11 22:56:38.481 INFO: Epoch 261: head: Default, loss=0.1142, RMSE_MU_per_atom=0.00 mDebye, RMSE_MU_DERIV=0.00 mDebye / A, RMSE_ALPHA_per_atom=    0.12, RMSE_ALPHA_DERIV=    0.74
2025-07-11 22:57:00.633 INFO: Epoch 262: head: Default, loss=0.1008, RMSE_MU_per_atom=0.00 mDebye, RMSE_MU_DERIV=0.00 mDebye / A, RMSE_ALPHA_per_atom=    0.04, RMSE_ALPHA_DERIV=    0.77
2025-07-11 22:57:22.809 INFO: Epoch 263: head: Default, loss=0.0954, RMSE_MU_per_atom=0.00 mDebye, RMSE_MU_DERIV=0.00 mDebye / A, RMSE_ALPHA_per_atom=    0.08, RMSE_ALPHA_DERIV=    0.71
2025-07-11 22:57:44.986 INFO: Epoch 264: head: Default, loss=0.0977, RMSE_MU_per_atom=0.00 mDebye, RMSE_MU_DERIV=0.00 mDebye / A, RMSE_ALPHA_per_atom=    0.07, RMSE_ALPHA_DERIV=    0.73
2025-07-11 22:58:07.159 INFO: Epoch 265: head: Default, loss=0.0939, RMSE_MU_per_atom=0.00 mDebye, RMSE_MU_DERIV=0.00 mDebye / A, RMSE_ALPHA_per_atom=    0.06, RMSE_ALPHA_DERIV=    0.73
2025-07-11 22:58:29.321 INFO: Epoch 266: head: Default, loss=0.0942, RMSE_MU_per_atom=0.00 mDebye, RMSE_MU_DERIV=0.00 mDebye / A, RMSE_ALPHA_per_atom=    0.09, RMSE_ALPHA_DERIV=    0.70
2025-07-11 22:58:51.488 INFO: Epoch 267: head: Default, loss=0.0844, RMSE_MU_per_atom=0.00 mDebye, RMSE_MU_DERIV=0.00 mDebye / A, RMSE_ALPHA_per_atom=    0.05, RMSE_ALPHA_DERIV=    0.70
2025-07-11 22:59:13.701 INFO: Epoch 268: head: Default, loss=0.1000, RMSE_MU_per_atom=0.00 mDebye, RMSE_MU_DERIV=0.00 mDebye / A, RMSE_ALPHA_per_atom=    0.08, RMSE_ALPHA_DERIV=    0.73
2025-07-11 22:59:35.862 INFO: Epoch 269: head: Default, loss=0.1003, RMSE_MU_per_atom=0.00 mDebye, RMSE_MU_DERIV=0.00 mDebye / A, RMSE_ALPHA_per_atom=    0.06, RMSE_ALPHA_DERIV=    0.75
2025-07-11 22:59:58.037 INFO: Epoch 270: head: Default, loss=0.1018, RMSE_MU_per_atom=0.00 mDebye, RMSE_MU_DERIV=0.00 mDebye / A, RMSE_ALPHA_per_atom=    0.10, RMSE_ALPHA_DERIV=    0.72
2025-07-11 23:00:20.208 INFO: Epoch 271: head: Default, loss=0.0909, RMSE_MU_per_atom=0.00 mDebye, RMSE_MU_DERIV=0.00 mDebye / A, RMSE_ALPHA_per_atom=    0.06, RMSE_ALPHA_DERIV=    0.71
2025-07-11 23:00:42.384 INFO: Epoch 272: head: Default, loss=0.1196, RMSE_MU_per_atom=0.00 mDebye, RMSE_MU_DERIV=0.00 mDebye / A, RMSE_ALPHA_per_atom=    0.11, RMSE_ALPHA_DERIV=    0.77
2025-07-11 23:01:04.567 INFO: Epoch 273: head: Default, loss=0.1508, RMSE_MU_per_atom=0.00 mDebye, RMSE_MU_DERIV=0.00 mDebye / A, RMSE_ALPHA_per_atom=    0.15, RMSE_ALPHA_DERIV=    0.82
2025-07-11 23:01:26.729 INFO: Epoch 274: head: Default, loss=0.0982, RMSE_MU_per_atom=0.00 mDebye, RMSE_MU_DERIV=0.00 mDebye / A, RMSE_ALPHA_per_atom=    0.06, RMSE_ALPHA_DERIV=    0.74
2025-07-11 23:01:48.879 INFO: Epoch 275: head: Default, loss=0.1418, RMSE_MU_per_atom=0.00 mDebye, RMSE_MU_DERIV=0.00 mDebye / A, RMSE_ALPHA_per_atom=    0.16, RMSE_ALPHA_DERIV=    0.77
2025-07-11 23:02:11.067 INFO: Epoch 276: head: Default, loss=0.0928, RMSE_MU_per_atom=0.00 mDebye, RMSE_MU_DERIV=0.00 mDebye / A, RMSE_ALPHA_per_atom=    0.06, RMSE_ALPHA_DERIV=    0.72
2025-07-11 23:02:33.246 INFO: Epoch 277: head: Default, loss=0.1015, RMSE_MU_per_atom=0.00 mDebye, RMSE_MU_DERIV=0.00 mDebye / A, RMSE_ALPHA_per_atom=    0.06, RMSE_ALPHA_DERIV=    0.75
2025-07-11 23:02:55.429 INFO: Epoch 278: head: Default, loss=0.0975, RMSE_MU_per_atom=0.00 mDebye, RMSE_MU_DERIV=0.00 mDebye / A, RMSE_ALPHA_per_atom=    0.07, RMSE_ALPHA_DERIV=    0.73
2025-07-11 23:03:17.613 INFO: Epoch 279: head: Default, loss=0.0909, RMSE_MU_per_atom=0.00 mDebye, RMSE_MU_DERIV=0.00 mDebye / A, RMSE_ALPHA_per_atom=    0.07, RMSE_ALPHA_DERIV=    0.71
2025-07-11 23:03:39.767 INFO: Epoch 280: head: Default, loss=0.1050, RMSE_MU_per_atom=0.00 mDebye, RMSE_MU_DERIV=0.00 mDebye / A, RMSE_ALPHA_per_atom=    0.04, RMSE_ALPHA_DERIV=    0.78
2025-07-11 23:04:01.914 INFO: Epoch 281: head: Default, loss=0.1214, RMSE_MU_per_atom=0.00 mDebye, RMSE_MU_DERIV=0.00 mDebye / A, RMSE_ALPHA_per_atom=    0.11, RMSE_ALPHA_DERIV=    0.78
2025-07-11 23:04:24.038 INFO: Epoch 282: head: Default, loss=0.1041, RMSE_MU_per_atom=0.00 mDebye, RMSE_MU_DERIV=0.00 mDebye / A, RMSE_ALPHA_per_atom=    0.06, RMSE_ALPHA_DERIV=    0.77
2025-07-11 23:04:46.199 INFO: Epoch 283: head: Default, loss=0.0989, RMSE_MU_per_atom=0.00 mDebye, RMSE_MU_DERIV=0.00 mDebye / A, RMSE_ALPHA_per_atom=    0.06, RMSE_ALPHA_DERIV=    0.74
2025-07-11 23:05:08.373 INFO: Epoch 284: head: Default, loss=0.1209, RMSE_MU_per_atom=0.00 mDebye, RMSE_MU_DERIV=0.00 mDebye / A, RMSE_ALPHA_per_atom=    0.07, RMSE_ALPHA_DERIV=    0.82
2025-07-11 23:05:30.548 INFO: Epoch 285: head: Default, loss=0.1359, RMSE_MU_per_atom=0.00 mDebye, RMSE_MU_DERIV=0.00 mDebye / A, RMSE_ALPHA_per_atom=    0.14, RMSE_ALPHA_DERIV=    0.78
2025-07-11 23:05:52.686 INFO: Epoch 286: head: Default, loss=0.1076, RMSE_MU_per_atom=0.00 mDebye, RMSE_MU_DERIV=0.00 mDebye / A, RMSE_ALPHA_per_atom=    0.09, RMSE_ALPHA_DERIV=    0.76
2025-07-11 23:06:14.840 INFO: Epoch 287: head: Default, loss=0.1164, RMSE_MU_per_atom=0.00 mDebye, RMSE_MU_DERIV=0.00 mDebye / A, RMSE_ALPHA_per_atom=    0.09, RMSE_ALPHA_DERIV=    0.79
2025-07-11 23:06:36.952 INFO: Epoch 288: head: Default, loss=0.0950, RMSE_MU_per_atom=0.00 mDebye, RMSE_MU_DERIV=0.00 mDebye / A, RMSE_ALPHA_per_atom=    0.07, RMSE_ALPHA_DERIV=    0.73
2025-07-11 23:06:59.095 INFO: Epoch 289: head: Default, loss=0.1024, RMSE_MU_per_atom=0.00 mDebye, RMSE_MU_DERIV=0.00 mDebye / A, RMSE_ALPHA_per_atom=    0.05, RMSE_ALPHA_DERIV=    0.77
2025-07-11 23:07:21.219 INFO: Epoch 290: head: Default, loss=0.0974, RMSE_MU_per_atom=0.00 mDebye, RMSE_MU_DERIV=0.00 mDebye / A, RMSE_ALPHA_per_atom=    0.05, RMSE_ALPHA_DERIV=    0.75
2025-07-11 23:07:43.364 INFO: Epoch 291: head: Default, loss=0.1061, RMSE_MU_per_atom=0.00 mDebye, RMSE_MU_DERIV=0.00 mDebye / A, RMSE_ALPHA_per_atom=    0.07, RMSE_ALPHA_DERIV=    0.77
2025-07-11 23:08:05.528 INFO: Epoch 292: head: Default, loss=0.1101, RMSE_MU_per_atom=0.00 mDebye, RMSE_MU_DERIV=0.00 mDebye / A, RMSE_ALPHA_per_atom=    0.09, RMSE_ALPHA_DERIV=    0.77
2025-07-11 23:08:27.677 INFO: Epoch 293: head: Default, loss=0.0917, RMSE_MU_per_atom=0.00 mDebye, RMSE_MU_DERIV=0.00 mDebye / A, RMSE_ALPHA_per_atom=    0.04, RMSE_ALPHA_DERIV=    0.73
2025-07-11 23:08:49.802 INFO: Epoch 294: head: Default, loss=0.1084, RMSE_MU_per_atom=0.00 mDebye, RMSE_MU_DERIV=0.00 mDebye / A, RMSE_ALPHA_per_atom=    0.06, RMSE_ALPHA_DERIV=    0.78
2025-07-11 23:09:11.967 INFO: Epoch 295: head: Default, loss=0.1046, RMSE_MU_per_atom=0.00 mDebye, RMSE_MU_DERIV=0.00 mDebye / A, RMSE_ALPHA_per_atom=    0.05, RMSE_ALPHA_DERIV=    0.78
2025-07-11 23:09:34.131 INFO: Epoch 296: head: Default, loss=0.1039, RMSE_MU_per_atom=0.00 mDebye, RMSE_MU_DERIV=0.00 mDebye / A, RMSE_ALPHA_per_atom=    0.04, RMSE_ALPHA_DERIV=    0.78
2025-07-11 23:09:56.315 INFO: Epoch 297: head: Default, loss=0.0889, RMSE_MU_per_atom=0.00 mDebye, RMSE_MU_DERIV=0.00 mDebye / A, RMSE_ALPHA_per_atom=    0.03, RMSE_ALPHA_DERIV=    0.72
2025-07-11 23:10:18.487 INFO: Epoch 298: head: Default, loss=0.0950, RMSE_MU_per_atom=0.00 mDebye, RMSE_MU_DERIV=0.00 mDebye / A, RMSE_ALPHA_per_atom=    0.09, RMSE_ALPHA_DERIV=    0.70
2025-07-11 23:10:40.640 INFO: Epoch 299: head: Default, loss=0.0927, RMSE_MU_per_atom=0.00 mDebye, RMSE_MU_DERIV=0.00 mDebye / A, RMSE_ALPHA_per_atom=    0.08, RMSE_ALPHA_DERIV=    0.70
2025-07-11 23:11:02.803 INFO: Epoch 300: head: Default, loss=0.0927, RMSE_MU_per_atom=0.00 mDebye, RMSE_MU_DERIV=0.00 mDebye / A, RMSE_ALPHA_per_atom=    0.07, RMSE_ALPHA_DERIV=    0.71
2025-07-11 23:11:24.927 INFO: Epoch 301: head: Default, loss=0.0962, RMSE_MU_per_atom=0.00 mDebye, RMSE_MU_DERIV=0.00 mDebye / A, RMSE_ALPHA_per_atom=    0.07, RMSE_ALPHA_DERIV=    0.73
2025-07-11 23:11:47.067 INFO: Epoch 302: head: Default, loss=0.1039, RMSE_MU_per_atom=0.00 mDebye, RMSE_MU_DERIV=0.00 mDebye / A, RMSE_ALPHA_per_atom=    0.10, RMSE_ALPHA_DERIV=    0.73
2025-07-11 23:12:09.184 INFO: Epoch 303: head: Default, loss=0.1796, RMSE_MU_per_atom=0.00 mDebye, RMSE_MU_DERIV=0.00 mDebye / A, RMSE_ALPHA_per_atom=    0.19, RMSE_ALPHA_DERIV=    0.85
2025-07-11 23:12:31.296 INFO: Epoch 304: head: Default, loss=0.0929, RMSE_MU_per_atom=0.00 mDebye, RMSE_MU_DERIV=0.00 mDebye / A, RMSE_ALPHA_per_atom=    0.05, RMSE_ALPHA_DERIV=    0.73
2025-07-11 23:12:53.398 INFO: Epoch 305: head: Default, loss=0.1017, RMSE_MU_per_atom=0.00 mDebye, RMSE_MU_DERIV=0.00 mDebye / A, RMSE_ALPHA_per_atom=    0.07, RMSE_ALPHA_DERIV=    0.75
2025-07-11 23:13:15.531 INFO: Epoch 306: head: Default, loss=0.1010, RMSE_MU_per_atom=0.00 mDebye, RMSE_MU_DERIV=0.00 mDebye / A, RMSE_ALPHA_per_atom=    0.06, RMSE_ALPHA_DERIV=    0.76
2025-07-11 23:13:37.690 INFO: Epoch 307: head: Default, loss=0.1568, RMSE_MU_per_atom=0.00 mDebye, RMSE_MU_DERIV=0.00 mDebye / A, RMSE_ALPHA_per_atom=    0.19, RMSE_ALPHA_DERIV=    0.75
2025-07-11 23:13:59.861 INFO: Epoch 308: head: Default, loss=0.1233, RMSE_MU_per_atom=0.00 mDebye, RMSE_MU_DERIV=0.00 mDebye / A, RMSE_ALPHA_per_atom=    0.12, RMSE_ALPHA_DERIV=    0.77
2025-07-11 23:14:22.043 INFO: Epoch 309: head: Default, loss=0.0888, RMSE_MU_per_atom=0.00 mDebye, RMSE_MU_DERIV=0.00 mDebye / A, RMSE_ALPHA_per_atom=    0.07, RMSE_ALPHA_DERIV=    0.70
2025-07-11 23:14:44.207 INFO: Epoch 310: head: Default, loss=0.0881, RMSE_MU_per_atom=0.00 mDebye, RMSE_MU_DERIV=0.00 mDebye / A, RMSE_ALPHA_per_atom=    0.07, RMSE_ALPHA_DERIV=    0.70
2025-07-11 23:15:06.378 INFO: Epoch 311: head: Default, loss=0.1045, RMSE_MU_per_atom=0.00 mDebye, RMSE_MU_DERIV=0.00 mDebye / A, RMSE_ALPHA_per_atom=    0.06, RMSE_ALPHA_DERIV=    0.77
2025-07-11 23:15:28.552 INFO: Epoch 312: head: Default, loss=0.0897, RMSE_MU_per_atom=0.00 mDebye, RMSE_MU_DERIV=0.00 mDebye / A, RMSE_ALPHA_per_atom=    0.05, RMSE_ALPHA_DERIV=    0.71
2025-07-11 23:15:50.712 INFO: Epoch 313: head: Default, loss=0.0865, RMSE_MU_per_atom=0.00 mDebye, RMSE_MU_DERIV=0.00 mDebye / A, RMSE_ALPHA_per_atom=    0.04, RMSE_ALPHA_DERIV=    0.71
2025-07-11 23:16:12.870 INFO: Epoch 314: head: Default, loss=0.0888, RMSE_MU_per_atom=0.00 mDebye, RMSE_MU_DERIV=0.00 mDebye / A, RMSE_ALPHA_per_atom=    0.05, RMSE_ALPHA_DERIV=    0.72
2025-07-11 23:16:35.023 INFO: Epoch 315: head: Default, loss=0.0974, RMSE_MU_per_atom=0.00 mDebye, RMSE_MU_DERIV=0.00 mDebye / A, RMSE_ALPHA_per_atom=    0.04, RMSE_ALPHA_DERIV=    0.75
2025-07-11 23:16:57.199 INFO: Epoch 316: head: Default, loss=0.1055, RMSE_MU_per_atom=0.00 mDebye, RMSE_MU_DERIV=0.00 mDebye / A, RMSE_ALPHA_per_atom=    0.04, RMSE_ALPHA_DERIV=    0.79
2025-07-11 23:17:19.369 INFO: Epoch 317: head: Default, loss=0.1082, RMSE_MU_per_atom=0.00 mDebye, RMSE_MU_DERIV=0.00 mDebye / A, RMSE_ALPHA_per_atom=    0.10, RMSE_ALPHA_DERIV=    0.74
2025-07-11 23:17:41.544 INFO: Epoch 318: head: Default, loss=0.0940, RMSE_MU_per_atom=0.00 mDebye, RMSE_MU_DERIV=0.00 mDebye / A, RMSE_ALPHA_per_atom=    0.06, RMSE_ALPHA_DERIV=    0.72
2025-07-11 23:18:03.699 INFO: Epoch 319: head: Default, loss=0.1085, RMSE_MU_per_atom=0.00 mDebye, RMSE_MU_DERIV=0.00 mDebye / A, RMSE_ALPHA_per_atom=    0.10, RMSE_ALPHA_DERIV=    0.74
2025-07-11 23:18:25.878 INFO: Epoch 320: head: Default, loss=0.0867, RMSE_MU_per_atom=0.00 mDebye, RMSE_MU_DERIV=0.00 mDebye / A, RMSE_ALPHA_per_atom=    0.07, RMSE_ALPHA_DERIV=    0.69
2025-07-11 23:18:48.047 INFO: Epoch 321: head: Default, loss=0.0958, RMSE_MU_per_atom=0.00 mDebye, RMSE_MU_DERIV=0.00 mDebye / A, RMSE_ALPHA_per_atom=    0.08, RMSE_ALPHA_DERIV=    0.72
2025-07-11 23:19:10.218 INFO: Epoch 322: head: Default, loss=0.1080, RMSE_MU_per_atom=0.00 mDebye, RMSE_MU_DERIV=0.00 mDebye / A, RMSE_ALPHA_per_atom=    0.12, RMSE_ALPHA_DERIV=    0.71
2025-07-11 23:19:32.388 INFO: Epoch 323: head: Default, loss=0.1156, RMSE_MU_per_atom=0.00 mDebye, RMSE_MU_DERIV=0.00 mDebye / A, RMSE_ALPHA_per_atom=    0.12, RMSE_ALPHA_DERIV=    0.74
2025-07-11 23:19:54.550 INFO: Epoch 324: head: Default, loss=0.0871, RMSE_MU_per_atom=0.00 mDebye, RMSE_MU_DERIV=0.00 mDebye / A, RMSE_ALPHA_per_atom=    0.04, RMSE_ALPHA_DERIV=    0.71
2025-07-11 23:20:16.704 INFO: Epoch 325: head: Default, loss=0.0833, RMSE_MU_per_atom=0.00 mDebye, RMSE_MU_DERIV=0.00 mDebye / A, RMSE_ALPHA_per_atom=    0.06, RMSE_ALPHA_DERIV=    0.68
2025-07-11 23:20:38.903 INFO: Epoch 326: head: Default, loss=0.0751, RMSE_MU_per_atom=0.00 mDebye, RMSE_MU_DERIV=0.00 mDebye / A, RMSE_ALPHA_per_atom=    0.03, RMSE_ALPHA_DERIV=    0.66
2025-07-11 23:21:01.126 INFO: Epoch 327: head: Default, loss=0.0806, RMSE_MU_per_atom=0.00 mDebye, RMSE_MU_DERIV=0.00 mDebye / A, RMSE_ALPHA_per_atom=    0.03, RMSE_ALPHA_DERIV=    0.69
2025-07-11 23:21:23.291 INFO: Epoch 328: head: Default, loss=0.0889, RMSE_MU_per_atom=0.00 mDebye, RMSE_MU_DERIV=0.00 mDebye / A, RMSE_ALPHA_per_atom=    0.04, RMSE_ALPHA_DERIV=    0.72
2025-07-11 23:21:45.467 INFO: Epoch 329: head: Default, loss=0.0867, RMSE_MU_per_atom=0.00 mDebye, RMSE_MU_DERIV=0.00 mDebye / A, RMSE_ALPHA_per_atom=    0.04, RMSE_ALPHA_DERIV=    0.71
2025-07-11 23:22:07.640 INFO: Epoch 330: head: Default, loss=0.0928, RMSE_MU_per_atom=0.00 mDebye, RMSE_MU_DERIV=0.00 mDebye / A, RMSE_ALPHA_per_atom=    0.05, RMSE_ALPHA_DERIV=    0.73
2025-07-11 23:22:29.789 INFO: Epoch 331: head: Default, loss=0.0924, RMSE_MU_per_atom=0.00 mDebye, RMSE_MU_DERIV=0.00 mDebye / A, RMSE_ALPHA_per_atom=    0.05, RMSE_ALPHA_DERIV=    0.73
2025-07-11 23:22:51.971 INFO: Epoch 332: head: Default, loss=0.0998, RMSE_MU_per_atom=0.00 mDebye, RMSE_MU_DERIV=0.00 mDebye / A, RMSE_ALPHA_per_atom=    0.07, RMSE_ALPHA_DERIV=    0.74
2025-07-11 23:23:14.149 INFO: Epoch 333: head: Default, loss=0.0955, RMSE_MU_per_atom=0.00 mDebye, RMSE_MU_DERIV=0.00 mDebye / A, RMSE_ALPHA_per_atom=    0.04, RMSE_ALPHA_DERIV=    0.75
2025-07-11 23:23:36.326 INFO: Epoch 334: head: Default, loss=0.0872, RMSE_MU_per_atom=0.00 mDebye, RMSE_MU_DERIV=0.00 mDebye / A, RMSE_ALPHA_per_atom=    0.04, RMSE_ALPHA_DERIV=    0.71
2025-07-11 23:23:58.507 INFO: Epoch 335: head: Default, loss=0.0942, RMSE_MU_per_atom=0.00 mDebye, RMSE_MU_DERIV=0.00 mDebye / A, RMSE_ALPHA_per_atom=    0.08, RMSE_ALPHA_DERIV=    0.71
2025-07-11 23:24:20.676 INFO: Epoch 336: head: Default, loss=0.0794, RMSE_MU_per_atom=0.00 mDebye, RMSE_MU_DERIV=0.00 mDebye / A, RMSE_ALPHA_per_atom=    0.03, RMSE_ALPHA_DERIV=    0.68
2025-07-11 23:24:42.841 INFO: Epoch 337: head: Default, loss=0.0899, RMSE_MU_per_atom=0.00 mDebye, RMSE_MU_DERIV=0.00 mDebye / A, RMSE_ALPHA_per_atom=    0.05, RMSE_ALPHA_DERIV=    0.72
2025-07-11 23:25:05.019 INFO: Epoch 338: head: Default, loss=0.1083, RMSE_MU_per_atom=0.00 mDebye, RMSE_MU_DERIV=0.00 mDebye / A, RMSE_ALPHA_per_atom=    0.09, RMSE_ALPHA_DERIV=    0.76
2025-07-11 23:25:27.205 INFO: Epoch 339: head: Default, loss=0.1082, RMSE_MU_per_atom=0.00 mDebye, RMSE_MU_DERIV=0.00 mDebye / A, RMSE_ALPHA_per_atom=    0.08, RMSE_ALPHA_DERIV=    0.76
2025-07-11 23:25:49.348 INFO: Epoch 340: head: Default, loss=0.1014, RMSE_MU_per_atom=0.00 mDebye, RMSE_MU_DERIV=0.00 mDebye / A, RMSE_ALPHA_per_atom=    0.04, RMSE_ALPHA_DERIV=    0.77
2025-07-11 23:26:11.487 INFO: Epoch 341: head: Default, loss=0.0884, RMSE_MU_per_atom=0.00 mDebye, RMSE_MU_DERIV=0.00 mDebye / A, RMSE_ALPHA_per_atom=    0.05, RMSE_ALPHA_DERIV=    0.71
2025-07-11 23:26:33.636 INFO: Epoch 342: head: Default, loss=0.0886, RMSE_MU_per_atom=0.00 mDebye, RMSE_MU_DERIV=0.00 mDebye / A, RMSE_ALPHA_per_atom=    0.07, RMSE_ALPHA_DERIV=    0.70
2025-07-11 23:26:55.795 INFO: Epoch 343: head: Default, loss=0.0974, RMSE_MU_per_atom=0.00 mDebye, RMSE_MU_DERIV=0.00 mDebye / A, RMSE_ALPHA_per_atom=    0.06, RMSE_ALPHA_DERIV=    0.74
2025-07-11 23:27:17.961 INFO: Epoch 344: head: Default, loss=0.0841, RMSE_MU_per_atom=0.00 mDebye, RMSE_MU_DERIV=0.00 mDebye / A, RMSE_ALPHA_per_atom=    0.06, RMSE_ALPHA_DERIV=    0.69
2025-07-11 23:27:40.125 INFO: Epoch 345: head: Default, loss=0.1046, RMSE_MU_per_atom=0.00 mDebye, RMSE_MU_DERIV=0.00 mDebye / A, RMSE_ALPHA_per_atom=    0.09, RMSE_ALPHA_DERIV=    0.74
2025-07-11 23:28:02.280 INFO: Epoch 346: head: Default, loss=0.1001, RMSE_MU_per_atom=0.00 mDebye, RMSE_MU_DERIV=0.00 mDebye / A, RMSE_ALPHA_per_atom=    0.06, RMSE_ALPHA_DERIV=    0.75
2025-07-11 23:28:24.430 INFO: Epoch 347: head: Default, loss=0.0845, RMSE_MU_per_atom=0.00 mDebye, RMSE_MU_DERIV=0.00 mDebye / A, RMSE_ALPHA_per_atom=    0.04, RMSE_ALPHA_DERIV=    0.70
2025-07-11 23:28:46.612 INFO: Epoch 348: head: Default, loss=0.0952, RMSE_MU_per_atom=0.00 mDebye, RMSE_MU_DERIV=0.00 mDebye / A, RMSE_ALPHA_per_atom=    0.07, RMSE_ALPHA_DERIV=    0.72
2025-07-11 23:29:08.780 INFO: Epoch 349: head: Default, loss=0.0915, RMSE_MU_per_atom=0.00 mDebye, RMSE_MU_DERIV=0.00 mDebye / A, RMSE_ALPHA_per_atom=    0.06, RMSE_ALPHA_DERIV=    0.72
2025-07-11 23:29:30.927 INFO: Epoch 350: head: Default, loss=0.1461, RMSE_MU_per_atom=0.00 mDebye, RMSE_MU_DERIV=0.00 mDebye / A, RMSE_ALPHA_per_atom=    0.18, RMSE_ALPHA_DERIV=    0.75
2025-07-11 23:29:53.107 INFO: Epoch 351: head: Default, loss=0.1015, RMSE_MU_per_atom=0.00 mDebye, RMSE_MU_DERIV=0.00 mDebye / A, RMSE_ALPHA_per_atom=    0.07, RMSE_ALPHA_DERIV=    0.75
2025-07-11 23:30:15.259 INFO: Epoch 352: head: Default, loss=0.0871, RMSE_MU_per_atom=0.00 mDebye, RMSE_MU_DERIV=0.00 mDebye / A, RMSE_ALPHA_per_atom=    0.06, RMSE_ALPHA_DERIV=    0.70
2025-07-11 23:30:37.394 INFO: Epoch 353: head: Default, loss=0.0834, RMSE_MU_per_atom=0.00 mDebye, RMSE_MU_DERIV=0.00 mDebye / A, RMSE_ALPHA_per_atom=    0.04, RMSE_ALPHA_DERIV=    0.70
2025-07-11 23:30:59.547 INFO: Epoch 354: head: Default, loss=0.0879, RMSE_MU_per_atom=0.00 mDebye, RMSE_MU_DERIV=0.00 mDebye / A, RMSE_ALPHA_per_atom=    0.05, RMSE_ALPHA_DERIV=    0.71
2025-07-11 23:31:21.722 INFO: Epoch 355: head: Default, loss=0.0963, RMSE_MU_per_atom=0.00 mDebye, RMSE_MU_DERIV=0.00 mDebye / A, RMSE_ALPHA_per_atom=    0.06, RMSE_ALPHA_DERIV=    0.73
2025-07-11 23:31:43.888 INFO: Epoch 356: head: Default, loss=0.0955, RMSE_MU_per_atom=0.00 mDebye, RMSE_MU_DERIV=0.00 mDebye / A, RMSE_ALPHA_per_atom=    0.09, RMSE_ALPHA_DERIV=    0.70
2025-07-11 23:32:06.069 INFO: Epoch 357: head: Default, loss=0.0975, RMSE_MU_per_atom=0.00 mDebye, RMSE_MU_DERIV=0.00 mDebye / A, RMSE_ALPHA_per_atom=    0.07, RMSE_ALPHA_DERIV=    0.73
2025-07-11 23:32:28.257 INFO: Epoch 358: head: Default, loss=0.1088, RMSE_MU_per_atom=0.00 mDebye, RMSE_MU_DERIV=0.00 mDebye / A, RMSE_ALPHA_per_atom=    0.09, RMSE_ALPHA_DERIV=    0.76
2025-07-11 23:32:50.435 INFO: Epoch 359: head: Default, loss=0.0817, RMSE_MU_per_atom=0.00 mDebye, RMSE_MU_DERIV=0.00 mDebye / A, RMSE_ALPHA_per_atom=    0.06, RMSE_ALPHA_DERIV=    0.67
2025-07-11 23:33:12.587 INFO: Epoch 360: head: Default, loss=0.0912, RMSE_MU_per_atom=0.00 mDebye, RMSE_MU_DERIV=0.00 mDebye / A, RMSE_ALPHA_per_atom=    0.05, RMSE_ALPHA_DERIV=    0.72
2025-07-11 23:33:34.766 INFO: Epoch 361: head: Default, loss=0.0912, RMSE_MU_per_atom=0.00 mDebye, RMSE_MU_DERIV=0.00 mDebye / A, RMSE_ALPHA_per_atom=    0.04, RMSE_ALPHA_DERIV=    0.73
2025-07-11 23:33:56.935 INFO: Epoch 362: head: Default, loss=0.0864, RMSE_MU_per_atom=0.00 mDebye, RMSE_MU_DERIV=0.00 mDebye / A, RMSE_ALPHA_per_atom=    0.03, RMSE_ALPHA_DERIV=    0.72
2025-07-11 23:34:19.110 INFO: Epoch 363: head: Default, loss=0.0843, RMSE_MU_per_atom=0.00 mDebye, RMSE_MU_DERIV=0.00 mDebye / A, RMSE_ALPHA_per_atom=    0.02, RMSE_ALPHA_DERIV=    0.71
2025-07-11 23:34:41.306 INFO: Epoch 364: head: Default, loss=0.0822, RMSE_MU_per_atom=0.00 mDebye, RMSE_MU_DERIV=0.00 mDebye / A, RMSE_ALPHA_per_atom=    0.03, RMSE_ALPHA_DERIV=    0.69
2025-07-11 23:35:03.487 INFO: Epoch 365: head: Default, loss=0.0903, RMSE_MU_per_atom=0.00 mDebye, RMSE_MU_DERIV=0.00 mDebye / A, RMSE_ALPHA_per_atom=    0.07, RMSE_ALPHA_DERIV=    0.70
2025-07-11 23:35:25.673 INFO: Epoch 366: head: Default, loss=0.1101, RMSE_MU_per_atom=0.00 mDebye, RMSE_MU_DERIV=0.00 mDebye / A, RMSE_ALPHA_per_atom=    0.11, RMSE_ALPHA_DERIV=    0.74
2025-07-11 23:35:47.838 INFO: Epoch 367: head: Default, loss=0.0933, RMSE_MU_per_atom=0.00 mDebye, RMSE_MU_DERIV=0.00 mDebye / A, RMSE_ALPHA_per_atom=    0.04, RMSE_ALPHA_DERIV=    0.74
2025-07-11 23:36:10.008 INFO: Epoch 368: head: Default, loss=0.0808, RMSE_MU_per_atom=0.00 mDebye, RMSE_MU_DERIV=0.00 mDebye / A, RMSE_ALPHA_per_atom=    0.04, RMSE_ALPHA_DERIV=    0.69
2025-07-11 23:36:32.174 INFO: Epoch 369: head: Default, loss=0.0916, RMSE_MU_per_atom=0.00 mDebye, RMSE_MU_DERIV=0.00 mDebye / A, RMSE_ALPHA_per_atom=    0.04, RMSE_ALPHA_DERIV=    0.73
2025-07-11 23:36:54.370 INFO: Epoch 370: head: Default, loss=0.0829, RMSE_MU_per_atom=0.00 mDebye, RMSE_MU_DERIV=0.00 mDebye / A, RMSE_ALPHA_per_atom=    0.03, RMSE_ALPHA_DERIV=    0.70
2025-07-11 23:37:16.553 INFO: Epoch 371: head: Default, loss=0.0808, RMSE_MU_per_atom=0.00 mDebye, RMSE_MU_DERIV=0.00 mDebye / A, RMSE_ALPHA_per_atom=    0.03, RMSE_ALPHA_DERIV=    0.69
2025-07-11 23:37:38.740 INFO: Epoch 372: head: Default, loss=0.0789, RMSE_MU_per_atom=0.00 mDebye, RMSE_MU_DERIV=0.00 mDebye / A, RMSE_ALPHA_per_atom=    0.02, RMSE_ALPHA_DERIV=    0.68
2025-07-11 23:38:00.927 INFO: Epoch 373: head: Default, loss=0.0912, RMSE_MU_per_atom=0.00 mDebye, RMSE_MU_DERIV=0.00 mDebye / A, RMSE_ALPHA_per_atom=    0.05, RMSE_ALPHA_DERIV=    0.72
2025-07-11 23:38:23.121 INFO: Epoch 374: head: Default, loss=0.0879, RMSE_MU_per_atom=0.00 mDebye, RMSE_MU_DERIV=0.00 mDebye / A, RMSE_ALPHA_per_atom=    0.04, RMSE_ALPHA_DERIV=    0.72
2025-07-11 23:38:45.315 INFO: Epoch 375: head: Default, loss=0.0865, RMSE_MU_per_atom=0.00 mDebye, RMSE_MU_DERIV=0.00 mDebye / A, RMSE_ALPHA_per_atom=    0.05, RMSE_ALPHA_DERIV=    0.70
2025-07-11 23:39:07.504 INFO: Epoch 376: head: Default, loss=0.0983, RMSE_MU_per_atom=0.00 mDebye, RMSE_MU_DERIV=0.00 mDebye / A, RMSE_ALPHA_per_atom=    0.09, RMSE_ALPHA_DERIV=    0.71
2025-07-11 23:39:29.676 INFO: Epoch 377: head: Default, loss=0.0882, RMSE_MU_per_atom=0.00 mDebye, RMSE_MU_DERIV=0.00 mDebye / A, RMSE_ALPHA_per_atom=    0.05, RMSE_ALPHA_DERIV=    0.71
2025-07-11 23:39:51.855 INFO: Epoch 378: head: Default, loss=0.0882, RMSE_MU_per_atom=0.00 mDebye, RMSE_MU_DERIV=0.00 mDebye / A, RMSE_ALPHA_per_atom=    0.02, RMSE_ALPHA_DERIV=    0.72
2025-07-11 23:40:14.035 INFO: Epoch 379: head: Default, loss=0.0925, RMSE_MU_per_atom=0.00 mDebye, RMSE_MU_DERIV=0.00 mDebye / A, RMSE_ALPHA_per_atom=    0.05, RMSE_ALPHA_DERIV=    0.73
2025-07-11 23:40:36.214 INFO: Epoch 380: head: Default, loss=0.0845, RMSE_MU_per_atom=0.00 mDebye, RMSE_MU_DERIV=0.00 mDebye / A, RMSE_ALPHA_per_atom=    0.07, RMSE_ALPHA_DERIV=    0.68
2025-07-11 23:40:58.382 INFO: Epoch 381: head: Default, loss=0.0845, RMSE_MU_per_atom=0.00 mDebye, RMSE_MU_DERIV=0.00 mDebye / A, RMSE_ALPHA_per_atom=    0.03, RMSE_ALPHA_DERIV=    0.71
2025-07-11 23:41:20.572 INFO: Epoch 382: head: Default, loss=0.0820, RMSE_MU_per_atom=0.00 mDebye, RMSE_MU_DERIV=0.00 mDebye / A, RMSE_ALPHA_per_atom=    0.04, RMSE_ALPHA_DERIV=    0.69
2025-07-11 23:41:42.747 INFO: Epoch 383: head: Default, loss=0.0809, RMSE_MU_per_atom=0.00 mDebye, RMSE_MU_DERIV=0.00 mDebye / A, RMSE_ALPHA_per_atom=    0.02, RMSE_ALPHA_DERIV=    0.69
2025-07-11 23:42:04.937 INFO: Epoch 384: head: Default, loss=0.0873, RMSE_MU_per_atom=0.00 mDebye, RMSE_MU_DERIV=0.00 mDebye / A, RMSE_ALPHA_per_atom=    0.05, RMSE_ALPHA_DERIV=    0.71
2025-07-11 23:42:27.117 INFO: Epoch 385: head: Default, loss=0.0841, RMSE_MU_per_atom=0.00 mDebye, RMSE_MU_DERIV=0.00 mDebye / A, RMSE_ALPHA_per_atom=    0.03, RMSE_ALPHA_DERIV=    0.71
2025-07-11 23:42:49.287 INFO: Epoch 386: head: Default, loss=0.0769, RMSE_MU_per_atom=0.00 mDebye, RMSE_MU_DERIV=0.00 mDebye / A, RMSE_ALPHA_per_atom=    0.03, RMSE_ALPHA_DERIV=    0.67
2025-07-11 23:43:11.449 INFO: Epoch 387: head: Default, loss=0.0854, RMSE_MU_per_atom=0.00 mDebye, RMSE_MU_DERIV=0.00 mDebye / A, RMSE_ALPHA_per_atom=    0.05, RMSE_ALPHA_DERIV=    0.70
2025-07-11 23:43:33.588 INFO: Epoch 388: head: Default, loss=0.0837, RMSE_MU_per_atom=0.00 mDebye, RMSE_MU_DERIV=0.00 mDebye / A, RMSE_ALPHA_per_atom=    0.05, RMSE_ALPHA_DERIV=    0.69
2025-07-11 23:43:55.732 INFO: Epoch 389: head: Default, loss=0.0801, RMSE_MU_per_atom=0.00 mDebye, RMSE_MU_DERIV=0.00 mDebye / A, RMSE_ALPHA_per_atom=    0.03, RMSE_ALPHA_DERIV=    0.69
2025-07-11 23:44:17.899 INFO: Epoch 390: head: Default, loss=0.0919, RMSE_MU_per_atom=0.00 mDebye, RMSE_MU_DERIV=0.00 mDebye / A, RMSE_ALPHA_per_atom=    0.04, RMSE_ALPHA_DERIV=    0.73
2025-07-11 23:44:40.075 INFO: Epoch 391: head: Default, loss=0.0823, RMSE_MU_per_atom=0.00 mDebye, RMSE_MU_DERIV=0.00 mDebye / A, RMSE_ALPHA_per_atom=    0.05, RMSE_ALPHA_DERIV=    0.69
2025-07-11 23:45:02.259 INFO: Epoch 392: head: Default, loss=0.0790, RMSE_MU_per_atom=0.00 mDebye, RMSE_MU_DERIV=0.00 mDebye / A, RMSE_ALPHA_per_atom=    0.04, RMSE_ALPHA_DERIV=    0.68
2025-07-11 23:45:24.440 INFO: Epoch 393: head: Default, loss=0.0950, RMSE_MU_per_atom=0.00 mDebye, RMSE_MU_DERIV=0.00 mDebye / A, RMSE_ALPHA_per_atom=    0.06, RMSE_ALPHA_DERIV=    0.73
2025-07-11 23:45:46.595 INFO: Epoch 394: head: Default, loss=0.0844, RMSE_MU_per_atom=0.00 mDebye, RMSE_MU_DERIV=0.00 mDebye / A, RMSE_ALPHA_per_atom=    0.04, RMSE_ALPHA_DERIV=    0.70
2025-07-11 23:46:08.748 INFO: Epoch 395: head: Default, loss=0.0892, RMSE_MU_per_atom=0.00 mDebye, RMSE_MU_DERIV=0.00 mDebye / A, RMSE_ALPHA_per_atom=    0.07, RMSE_ALPHA_DERIV=    0.70
2025-07-11 23:46:30.930 INFO: Epoch 396: head: Default, loss=0.0878, RMSE_MU_per_atom=0.00 mDebye, RMSE_MU_DERIV=0.00 mDebye / A, RMSE_ALPHA_per_atom=    0.05, RMSE_ALPHA_DERIV=    0.71
2025-07-11 23:46:53.116 INFO: Epoch 397: head: Default, loss=0.0937, RMSE_MU_per_atom=0.00 mDebye, RMSE_MU_DERIV=0.00 mDebye / A, RMSE_ALPHA_per_atom=    0.07, RMSE_ALPHA_DERIV=    0.72
2025-07-11 23:47:15.292 INFO: Epoch 398: head: Default, loss=0.0810, RMSE_MU_per_atom=0.00 mDebye, RMSE_MU_DERIV=0.00 mDebye / A, RMSE_ALPHA_per_atom=    0.03, RMSE_ALPHA_DERIV=    0.69
2025-07-11 23:47:37.462 INFO: Epoch 399: head: Default, loss=0.0850, RMSE_MU_per_atom=0.00 mDebye, RMSE_MU_DERIV=0.00 mDebye / A, RMSE_ALPHA_per_atom=    0.03, RMSE_ALPHA_DERIV=    0.71
2025-07-11 23:47:59.649 INFO: Epoch 400: head: Default, loss=0.0821, RMSE_MU_per_atom=0.00 mDebye, RMSE_MU_DERIV=0.00 mDebye / A, RMSE_ALPHA_per_atom=    0.03, RMSE_ALPHA_DERIV=    0.70
2025-07-11 23:48:21.828 INFO: Epoch 401: head: Default, loss=0.0803, RMSE_MU_per_atom=0.00 mDebye, RMSE_MU_DERIV=0.00 mDebye / A, RMSE_ALPHA_per_atom=    0.02, RMSE_ALPHA_DERIV=    0.69
2025-07-11 23:48:44.002 INFO: Epoch 402: head: Default, loss=0.0785, RMSE_MU_per_atom=0.00 mDebye, RMSE_MU_DERIV=0.00 mDebye / A, RMSE_ALPHA_per_atom=    0.04, RMSE_ALPHA_DERIV=    0.68
2025-07-11 23:49:06.182 INFO: Epoch 403: head: Default, loss=0.0858, RMSE_MU_per_atom=0.00 mDebye, RMSE_MU_DERIV=0.00 mDebye / A, RMSE_ALPHA_per_atom=    0.02, RMSE_ALPHA_DERIV=    0.71
2025-07-11 23:49:28.372 INFO: Epoch 404: head: Default, loss=0.0880, RMSE_MU_per_atom=0.00 mDebye, RMSE_MU_DERIV=0.00 mDebye / A, RMSE_ALPHA_per_atom=    0.05, RMSE_ALPHA_DERIV=    0.71
2025-07-11 23:49:50.549 INFO: Epoch 405: head: Default, loss=0.0821, RMSE_MU_per_atom=0.00 mDebye, RMSE_MU_DERIV=0.00 mDebye / A, RMSE_ALPHA_per_atom=    0.04, RMSE_ALPHA_DERIV=    0.69
2025-07-11 23:50:12.712 INFO: Epoch 406: head: Default, loss=0.0932, RMSE_MU_per_atom=0.00 mDebye, RMSE_MU_DERIV=0.00 mDebye / A, RMSE_ALPHA_per_atom=    0.07, RMSE_ALPHA_DERIV=    0.71
2025-07-11 23:50:34.865 INFO: Epoch 407: head: Default, loss=0.0849, RMSE_MU_per_atom=0.00 mDebye, RMSE_MU_DERIV=0.00 mDebye / A, RMSE_ALPHA_per_atom=    0.04, RMSE_ALPHA_DERIV=    0.70
2025-07-11 23:50:57.031 INFO: Epoch 408: head: Default, loss=0.0827, RMSE_MU_per_atom=0.00 mDebye, RMSE_MU_DERIV=0.00 mDebye / A, RMSE_ALPHA_per_atom=    0.03, RMSE_ALPHA_DERIV=    0.70
2025-07-11 23:51:19.174 INFO: Epoch 409: head: Default, loss=0.0874, RMSE_MU_per_atom=0.00 mDebye, RMSE_MU_DERIV=0.00 mDebye / A, RMSE_ALPHA_per_atom=    0.05, RMSE_ALPHA_DERIV=    0.71
2025-07-11 23:51:41.340 INFO: Epoch 410: head: Default, loss=0.0811, RMSE_MU_per_atom=0.00 mDebye, RMSE_MU_DERIV=0.00 mDebye / A, RMSE_ALPHA_per_atom=    0.03, RMSE_ALPHA_DERIV=    0.69
2025-07-11 23:52:03.496 INFO: Epoch 411: head: Default, loss=0.0818, RMSE_MU_per_atom=0.00 mDebye, RMSE_MU_DERIV=0.00 mDebye / A, RMSE_ALPHA_per_atom=    0.04, RMSE_ALPHA_DERIV=    0.69
2025-07-11 23:52:25.657 INFO: Epoch 412: head: Default, loss=0.0833, RMSE_MU_per_atom=0.00 mDebye, RMSE_MU_DERIV=0.00 mDebye / A, RMSE_ALPHA_per_atom=    0.04, RMSE_ALPHA_DERIV=    0.70
2025-07-11 23:52:47.794 INFO: Epoch 413: head: Default, loss=0.0855, RMSE_MU_per_atom=0.00 mDebye, RMSE_MU_DERIV=0.00 mDebye / A, RMSE_ALPHA_per_atom=    0.04, RMSE_ALPHA_DERIV=    0.71
2025-07-11 23:53:09.958 INFO: Epoch 414: head: Default, loss=0.0883, RMSE_MU_per_atom=0.00 mDebye, RMSE_MU_DERIV=0.00 mDebye / A, RMSE_ALPHA_per_atom=    0.04, RMSE_ALPHA_DERIV=    0.72
2025-07-11 23:53:32.104 INFO: Epoch 415: head: Default, loss=0.0867, RMSE_MU_per_atom=0.00 mDebye, RMSE_MU_DERIV=0.00 mDebye / A, RMSE_ALPHA_per_atom=    0.05, RMSE_ALPHA_DERIV=    0.71
2025-07-11 23:53:54.268 INFO: Epoch 416: head: Default, loss=0.0858, RMSE_MU_per_atom=0.00 mDebye, RMSE_MU_DERIV=0.00 mDebye / A, RMSE_ALPHA_per_atom=    0.05, RMSE_ALPHA_DERIV=    0.70
2025-07-11 23:54:16.421 INFO: Epoch 417: head: Default, loss=0.0841, RMSE_MU_per_atom=0.00 mDebye, RMSE_MU_DERIV=0.00 mDebye / A, RMSE_ALPHA_per_atom=    0.04, RMSE_ALPHA_DERIV=    0.70
2025-07-11 23:54:38.587 INFO: Epoch 418: head: Default, loss=0.0808, RMSE_MU_per_atom=0.00 mDebye, RMSE_MU_DERIV=0.00 mDebye / A, RMSE_ALPHA_per_atom=    0.03, RMSE_ALPHA_DERIV=    0.69
2025-07-11 23:55:00.747 INFO: Epoch 419: head: Default, loss=0.0859, RMSE_MU_per_atom=0.00 mDebye, RMSE_MU_DERIV=0.00 mDebye / A, RMSE_ALPHA_per_atom=    0.04, RMSE_ALPHA_DERIV=    0.71
2025-07-11 23:55:22.889 INFO: Epoch 420: head: Default, loss=0.0866, RMSE_MU_per_atom=0.00 mDebye, RMSE_MU_DERIV=0.00 mDebye / A, RMSE_ALPHA_per_atom=    0.03, RMSE_ALPHA_DERIV=    0.71
2025-07-11 23:55:45.055 INFO: Epoch 421: head: Default, loss=0.0912, RMSE_MU_per_atom=0.00 mDebye, RMSE_MU_DERIV=0.00 mDebye / A, RMSE_ALPHA_per_atom=    0.07, RMSE_ALPHA_DERIV=    0.70
2025-07-11 23:56:07.247 INFO: Epoch 422: head: Default, loss=0.0842, RMSE_MU_per_atom=0.00 mDebye, RMSE_MU_DERIV=0.00 mDebye / A, RMSE_ALPHA_per_atom=    0.03, RMSE_ALPHA_DERIV=    0.70
2025-07-11 23:56:29.430 INFO: Epoch 423: head: Default, loss=0.0830, RMSE_MU_per_atom=0.00 mDebye, RMSE_MU_DERIV=0.00 mDebye / A, RMSE_ALPHA_per_atom=    0.03, RMSE_ALPHA_DERIV=    0.70
2025-07-11 23:56:51.615 INFO: Epoch 424: head: Default, loss=0.0823, RMSE_MU_per_atom=0.00 mDebye, RMSE_MU_DERIV=0.00 mDebye / A, RMSE_ALPHA_per_atom=    0.03, RMSE_ALPHA_DERIV=    0.70
2025-07-11 23:57:13.789 INFO: Epoch 425: head: Default, loss=0.0847, RMSE_MU_per_atom=0.00 mDebye, RMSE_MU_DERIV=0.00 mDebye / A, RMSE_ALPHA_per_atom=    0.04, RMSE_ALPHA_DERIV=    0.70
2025-07-11 23:57:35.958 INFO: Epoch 426: head: Default, loss=0.0822, RMSE_MU_per_atom=0.00 mDebye, RMSE_MU_DERIV=0.00 mDebye / A, RMSE_ALPHA_per_atom=    0.03, RMSE_ALPHA_DERIV=    0.70
2025-07-11 23:57:58.124 INFO: Epoch 427: head: Default, loss=0.0805, RMSE_MU_per_atom=0.00 mDebye, RMSE_MU_DERIV=0.00 mDebye / A, RMSE_ALPHA_per_atom=    0.03, RMSE_ALPHA_DERIV=    0.69
2025-07-11 23:58:20.302 INFO: Epoch 428: head: Default, loss=0.0845, RMSE_MU_per_atom=0.00 mDebye, RMSE_MU_DERIV=0.00 mDebye / A, RMSE_ALPHA_per_atom=    0.05, RMSE_ALPHA_DERIV=    0.70
2025-07-11 23:58:42.473 INFO: Epoch 429: head: Default, loss=0.0837, RMSE_MU_per_atom=0.00 mDebye, RMSE_MU_DERIV=0.00 mDebye / A, RMSE_ALPHA_per_atom=    0.04, RMSE_ALPHA_DERIV=    0.70
2025-07-11 23:59:04.650 INFO: Epoch 430: head: Default, loss=0.0826, RMSE_MU_per_atom=0.00 mDebye, RMSE_MU_DERIV=0.00 mDebye / A, RMSE_ALPHA_per_atom=    0.03, RMSE_ALPHA_DERIV=    0.70
2025-07-11 23:59:26.826 INFO: Epoch 431: head: Default, loss=0.0794, RMSE_MU_per_atom=0.00 mDebye, RMSE_MU_DERIV=0.00 mDebye / A, RMSE_ALPHA_per_atom=    0.04, RMSE_ALPHA_DERIV=    0.68
2025-07-11 23:59:49.013 INFO: Epoch 432: head: Default, loss=0.0790, RMSE_MU_per_atom=0.00 mDebye, RMSE_MU_DERIV=0.00 mDebye / A, RMSE_ALPHA_per_atom=    0.03, RMSE_ALPHA_DERIV=    0.68
2025-07-12 00:00:11.179 INFO: Epoch 433: head: Default, loss=0.0888, RMSE_MU_per_atom=0.00 mDebye, RMSE_MU_DERIV=0.00 mDebye / A, RMSE_ALPHA_per_atom=    0.02, RMSE_ALPHA_DERIV=    0.73
2025-07-12 00:00:33.364 INFO: Epoch 434: head: Default, loss=0.0866, RMSE_MU_per_atom=0.00 mDebye, RMSE_MU_DERIV=0.00 mDebye / A, RMSE_ALPHA_per_atom=    0.06, RMSE_ALPHA_DERIV=    0.70
2025-07-12 00:00:55.548 INFO: Epoch 435: head: Default, loss=0.0821, RMSE_MU_per_atom=0.00 mDebye, RMSE_MU_DERIV=0.00 mDebye / A, RMSE_ALPHA_per_atom=    0.04, RMSE_ALPHA_DERIV=    0.69
2025-07-12 00:01:17.729 INFO: Epoch 436: head: Default, loss=0.0799, RMSE_MU_per_atom=0.00 mDebye, RMSE_MU_DERIV=0.00 mDebye / A, RMSE_ALPHA_per_atom=    0.02, RMSE_ALPHA_DERIV=    0.69
2025-07-12 00:01:39.906 INFO: Epoch 437: head: Default, loss=0.0823, RMSE_MU_per_atom=0.00 mDebye, RMSE_MU_DERIV=0.00 mDebye / A, RMSE_ALPHA_per_atom=    0.04, RMSE_ALPHA_DERIV=    0.69
2025-07-12 00:02:02.089 INFO: Epoch 438: head: Default, loss=0.0823, RMSE_MU_per_atom=0.00 mDebye, RMSE_MU_DERIV=0.00 mDebye / A, RMSE_ALPHA_per_atom=    0.03, RMSE_ALPHA_DERIV=    0.70
2025-07-12 00:02:24.285 INFO: Epoch 439: head: Default, loss=0.0828, RMSE_MU_per_atom=0.00 mDebye, RMSE_MU_DERIV=0.00 mDebye / A, RMSE_ALPHA_per_atom=    0.04, RMSE_ALPHA_DERIV=    0.70
2025-07-12 00:02:46.478 INFO: Epoch 440: head: Default, loss=0.0803, RMSE_MU_per_atom=0.00 mDebye, RMSE_MU_DERIV=0.00 mDebye / A, RMSE_ALPHA_per_atom=    0.03, RMSE_ALPHA_DERIV=    0.69
2025-07-12 00:03:08.655 INFO: Epoch 441: head: Default, loss=0.0856, RMSE_MU_per_atom=0.00 mDebye, RMSE_MU_DERIV=0.00 mDebye / A, RMSE_ALPHA_per_atom=    0.04, RMSE_ALPHA_DERIV=    0.71
2025-07-12 00:03:30.836 INFO: Epoch 442: head: Default, loss=0.0766, RMSE_MU_per_atom=0.00 mDebye, RMSE_MU_DERIV=0.00 mDebye / A, RMSE_ALPHA_per_atom=    0.02, RMSE_ALPHA_DERIV=    0.67
2025-07-12 00:03:53.020 INFO: Epoch 443: head: Default, loss=0.0797, RMSE_MU_per_atom=0.00 mDebye, RMSE_MU_DERIV=0.00 mDebye / A, RMSE_ALPHA_per_atom=    0.03, RMSE_ALPHA_DERIV=    0.68
2025-07-12 00:04:15.197 INFO: Epoch 444: head: Default, loss=0.0789, RMSE_MU_per_atom=0.00 mDebye, RMSE_MU_DERIV=0.00 mDebye / A, RMSE_ALPHA_per_atom=    0.02, RMSE_ALPHA_DERIV=    0.68
2025-07-12 00:04:37.381 INFO: Epoch 445: head: Default, loss=0.0794, RMSE_MU_per_atom=0.00 mDebye, RMSE_MU_DERIV=0.00 mDebye / A, RMSE_ALPHA_per_atom=    0.02, RMSE_ALPHA_DERIV=    0.69
2025-07-12 00:04:59.578 INFO: Epoch 446: head: Default, loss=0.0806, RMSE_MU_per_atom=0.00 mDebye, RMSE_MU_DERIV=0.00 mDebye / A, RMSE_ALPHA_per_atom=    0.03, RMSE_ALPHA_DERIV=    0.69
2025-07-12 00:05:21.774 INFO: Epoch 447: head: Default, loss=0.0814, RMSE_MU_per_atom=0.00 mDebye, RMSE_MU_DERIV=0.00 mDebye / A, RMSE_ALPHA_per_atom=    0.05, RMSE_ALPHA_DERIV=    0.68
2025-07-12 00:05:43.963 INFO: Epoch 448: head: Default, loss=0.0807, RMSE_MU_per_atom=0.00 mDebye, RMSE_MU_DERIV=0.00 mDebye / A, RMSE_ALPHA_per_atom=    0.03, RMSE_ALPHA_DERIV=    0.69
2025-07-12 00:06:06.134 INFO: Epoch 449: head: Default, loss=0.0813, RMSE_MU_per_atom=0.00 mDebye, RMSE_MU_DERIV=0.00 mDebye / A, RMSE_ALPHA_per_atom=    0.04, RMSE_ALPHA_DERIV=    0.69
2025-07-12 00:06:28.305 INFO: Epoch 450: head: Default, loss=0.0806, RMSE_MU_per_atom=0.00 mDebye, RMSE_MU_DERIV=0.00 mDebye / A, RMSE_ALPHA_per_atom=    0.03, RMSE_ALPHA_DERIV=    0.69
2025-07-12 00:06:50.475 INFO: Epoch 451: head: Default, loss=0.0814, RMSE_MU_per_atom=0.00 mDebye, RMSE_MU_DERIV=0.00 mDebye / A, RMSE_ALPHA_per_atom=    0.03, RMSE_ALPHA_DERIV=    0.69
2025-07-12 00:07:12.607 INFO: Epoch 452: head: Default, loss=0.0802, RMSE_MU_per_atom=0.00 mDebye, RMSE_MU_DERIV=0.00 mDebye / A, RMSE_ALPHA_per_atom=    0.03, RMSE_ALPHA_DERIV=    0.69
2025-07-12 00:07:34.769 INFO: Epoch 453: head: Default, loss=0.0818, RMSE_MU_per_atom=0.00 mDebye, RMSE_MU_DERIV=0.00 mDebye / A, RMSE_ALPHA_per_atom=    0.04, RMSE_ALPHA_DERIV=    0.69
2025-07-12 00:07:56.932 INFO: Epoch 454: head: Default, loss=0.0780, RMSE_MU_per_atom=0.00 mDebye, RMSE_MU_DERIV=0.00 mDebye / A, RMSE_ALPHA_per_atom=    0.02, RMSE_ALPHA_DERIV=    0.68
2025-07-12 00:08:19.071 INFO: Epoch 455: head: Default, loss=0.0789, RMSE_MU_per_atom=0.00 mDebye, RMSE_MU_DERIV=0.00 mDebye / A, RMSE_ALPHA_per_atom=    0.03, RMSE_ALPHA_DERIV=    0.68
2025-07-12 00:08:41.231 INFO: Epoch 456: head: Default, loss=0.0797, RMSE_MU_per_atom=0.00 mDebye, RMSE_MU_DERIV=0.00 mDebye / A, RMSE_ALPHA_per_atom=    0.03, RMSE_ALPHA_DERIV=    0.68
2025-07-12 00:09:03.380 INFO: Epoch 457: head: Default, loss=0.0834, RMSE_MU_per_atom=0.00 mDebye, RMSE_MU_DERIV=0.00 mDebye / A, RMSE_ALPHA_per_atom=    0.04, RMSE_ALPHA_DERIV=    0.70
2025-07-12 00:09:25.506 INFO: Epoch 458: head: Default, loss=0.0767, RMSE_MU_per_atom=0.00 mDebye, RMSE_MU_DERIV=0.00 mDebye / A, RMSE_ALPHA_per_atom=    0.03, RMSE_ALPHA_DERIV=    0.67
2025-07-12 00:09:47.652 INFO: Epoch 459: head: Default, loss=0.0803, RMSE_MU_per_atom=0.00 mDebye, RMSE_MU_DERIV=0.00 mDebye / A, RMSE_ALPHA_per_atom=    0.03, RMSE_ALPHA_DERIV=    0.69
2025-07-12 00:10:09.814 INFO: Epoch 460: head: Default, loss=0.0829, RMSE_MU_per_atom=0.00 mDebye, RMSE_MU_DERIV=0.00 mDebye / A, RMSE_ALPHA_per_atom=    0.03, RMSE_ALPHA_DERIV=    0.70
2025-07-12 00:10:31.972 INFO: Epoch 461: head: Default, loss=0.0808, RMSE_MU_per_atom=0.00 mDebye, RMSE_MU_DERIV=0.00 mDebye / A, RMSE_ALPHA_per_atom=    0.02, RMSE_ALPHA_DERIV=    0.69
2025-07-12 00:10:54.120 INFO: Epoch 462: head: Default, loss=0.0774, RMSE_MU_per_atom=0.00 mDebye, RMSE_MU_DERIV=0.00 mDebye / A, RMSE_ALPHA_per_atom=    0.02, RMSE_ALPHA_DERIV=    0.68
2025-07-12 00:11:16.272 INFO: Epoch 463: head: Default, loss=0.0881, RMSE_MU_per_atom=0.00 mDebye, RMSE_MU_DERIV=0.00 mDebye / A, RMSE_ALPHA_per_atom=    0.07, RMSE_ALPHA_DERIV=    0.70
2025-07-12 00:11:38.447 INFO: Epoch 464: head: Default, loss=0.0849, RMSE_MU_per_atom=0.00 mDebye, RMSE_MU_DERIV=0.00 mDebye / A, RMSE_ALPHA_per_atom=    0.03, RMSE_ALPHA_DERIV=    0.71
2025-07-12 00:12:00.575 INFO: Epoch 465: head: Default, loss=0.0795, RMSE_MU_per_atom=0.00 mDebye, RMSE_MU_DERIV=0.00 mDebye / A, RMSE_ALPHA_per_atom=    0.03, RMSE_ALPHA_DERIV=    0.69
2025-07-12 00:12:22.750 INFO: Epoch 466: head: Default, loss=0.0811, RMSE_MU_per_atom=0.00 mDebye, RMSE_MU_DERIV=0.00 mDebye / A, RMSE_ALPHA_per_atom=    0.05, RMSE_ALPHA_DERIV=    0.68
2025-07-12 00:12:44.920 INFO: Epoch 467: head: Default, loss=0.0811, RMSE_MU_per_atom=0.00 mDebye, RMSE_MU_DERIV=0.00 mDebye / A, RMSE_ALPHA_per_atom=    0.03, RMSE_ALPHA_DERIV=    0.69
2025-07-12 00:13:07.090 INFO: Epoch 468: head: Default, loss=0.0813, RMSE_MU_per_atom=0.00 mDebye, RMSE_MU_DERIV=0.00 mDebye / A, RMSE_ALPHA_per_atom=    0.03, RMSE_ALPHA_DERIV=    0.69
2025-07-12 00:13:29.247 INFO: Epoch 469: head: Default, loss=0.0855, RMSE_MU_per_atom=0.00 mDebye, RMSE_MU_DERIV=0.00 mDebye / A, RMSE_ALPHA_per_atom=    0.04, RMSE_ALPHA_DERIV=    0.71
2025-07-12 00:13:51.405 INFO: Epoch 470: head: Default, loss=0.0820, RMSE_MU_per_atom=0.00 mDebye, RMSE_MU_DERIV=0.00 mDebye / A, RMSE_ALPHA_per_atom=    0.04, RMSE_ALPHA_DERIV=    0.69
2025-07-12 00:14:13.548 INFO: Epoch 471: head: Default, loss=0.0832, RMSE_MU_per_atom=0.00 mDebye, RMSE_MU_DERIV=0.00 mDebye / A, RMSE_ALPHA_per_atom=    0.04, RMSE_ALPHA_DERIV=    0.70
2025-07-12 00:14:35.716 INFO: Epoch 472: head: Default, loss=0.0792, RMSE_MU_per_atom=0.00 mDebye, RMSE_MU_DERIV=0.00 mDebye / A, RMSE_ALPHA_per_atom=    0.03, RMSE_ALPHA_DERIV=    0.68
2025-07-12 00:14:57.908 INFO: Epoch 473: head: Default, loss=0.0794, RMSE_MU_per_atom=0.00 mDebye, RMSE_MU_DERIV=0.00 mDebye / A, RMSE_ALPHA_per_atom=    0.02, RMSE_ALPHA_DERIV=    0.69
2025-07-12 00:15:20.092 INFO: Epoch 474: head: Default, loss=0.0805, RMSE_MU_per_atom=0.00 mDebye, RMSE_MU_DERIV=0.00 mDebye / A, RMSE_ALPHA_per_atom=    0.02, RMSE_ALPHA_DERIV=    0.69
2025-07-12 00:15:42.269 INFO: Epoch 475: head: Default, loss=0.0804, RMSE_MU_per_atom=0.00 mDebye, RMSE_MU_DERIV=0.00 mDebye / A, RMSE_ALPHA_per_atom=    0.02, RMSE_ALPHA_DERIV=    0.69
2025-07-12 00:16:04.451 INFO: Epoch 476: head: Default, loss=0.0825, RMSE_MU_per_atom=0.00 mDebye, RMSE_MU_DERIV=0.00 mDebye / A, RMSE_ALPHA_per_atom=    0.02, RMSE_ALPHA_DERIV=    0.70
2025-07-12 00:16:26.629 INFO: Epoch 477: head: Default, loss=0.0907, RMSE_MU_per_atom=0.00 mDebye, RMSE_MU_DERIV=0.00 mDebye / A, RMSE_ALPHA_per_atom=    0.04, RMSE_ALPHA_DERIV=    0.73
2025-07-12 00:16:48.802 INFO: Epoch 478: head: Default, loss=0.0852, RMSE_MU_per_atom=0.00 mDebye, RMSE_MU_DERIV=0.00 mDebye / A, RMSE_ALPHA_per_atom=    0.04, RMSE_ALPHA_DERIV=    0.70
2025-07-12 00:17:10.982 INFO: Epoch 479: head: Default, loss=0.0810, RMSE_MU_per_atom=0.00 mDebye, RMSE_MU_DERIV=0.00 mDebye / A, RMSE_ALPHA_per_atom=    0.02, RMSE_ALPHA_DERIV=    0.69
2025-07-12 00:17:33.160 INFO: Epoch 480: head: Default, loss=0.0759, RMSE_MU_per_atom=0.00 mDebye, RMSE_MU_DERIV=0.00 mDebye / A, RMSE_ALPHA_per_atom=    0.02, RMSE_ALPHA_DERIV=    0.67
2025-07-12 00:17:55.347 INFO: Epoch 481: head: Default, loss=0.0768, RMSE_MU_per_atom=0.00 mDebye, RMSE_MU_DERIV=0.00 mDebye / A, RMSE_ALPHA_per_atom=    0.02, RMSE_ALPHA_DERIV=    0.68
2025-07-12 00:18:17.532 INFO: Epoch 482: head: Default, loss=0.0781, RMSE_MU_per_atom=0.00 mDebye, RMSE_MU_DERIV=0.00 mDebye / A, RMSE_ALPHA_per_atom=    0.02, RMSE_ALPHA_DERIV=    0.68
2025-07-12 00:18:39.729 INFO: Epoch 483: head: Default, loss=0.0809, RMSE_MU_per_atom=0.00 mDebye, RMSE_MU_DERIV=0.00 mDebye / A, RMSE_ALPHA_per_atom=    0.03, RMSE_ALPHA_DERIV=    0.69
2025-07-12 00:19:01.907 INFO: Epoch 484: head: Default, loss=0.0798, RMSE_MU_per_atom=0.00 mDebye, RMSE_MU_DERIV=0.00 mDebye / A, RMSE_ALPHA_per_atom=    0.03, RMSE_ALPHA_DERIV=    0.69
2025-07-12 00:19:24.075 INFO: Epoch 485: head: Default, loss=0.0816, RMSE_MU_per_atom=0.00 mDebye, RMSE_MU_DERIV=0.00 mDebye / A, RMSE_ALPHA_per_atom=    0.04, RMSE_ALPHA_DERIV=    0.69
2025-07-12 00:19:46.263 INFO: Epoch 486: head: Default, loss=0.0796, RMSE_MU_per_atom=0.00 mDebye, RMSE_MU_DERIV=0.00 mDebye / A, RMSE_ALPHA_per_atom=    0.02, RMSE_ALPHA_DERIV=    0.69
2025-07-12 00:20:08.456 INFO: Epoch 487: head: Default, loss=0.0811, RMSE_MU_per_atom=0.00 mDebye, RMSE_MU_DERIV=0.00 mDebye / A, RMSE_ALPHA_per_atom=    0.02, RMSE_ALPHA_DERIV=    0.69
2025-07-12 00:20:30.647 INFO: Epoch 488: head: Default, loss=0.0789, RMSE_MU_per_atom=0.00 mDebye, RMSE_MU_DERIV=0.00 mDebye / A, RMSE_ALPHA_per_atom=    0.03, RMSE_ALPHA_DERIV=    0.68
2025-07-12 00:20:52.821 INFO: Epoch 489: head: Default, loss=0.0834, RMSE_MU_per_atom=0.00 mDebye, RMSE_MU_DERIV=0.00 mDebye / A, RMSE_ALPHA_per_atom=    0.03, RMSE_ALPHA_DERIV=    0.70
2025-07-12 00:21:14.998 INFO: Epoch 490: head: Default, loss=0.0891, RMSE_MU_per_atom=0.00 mDebye, RMSE_MU_DERIV=0.00 mDebye / A, RMSE_ALPHA_per_atom=    0.08, RMSE_ALPHA_DERIV=    0.68
2025-07-12 00:21:37.175 INFO: Epoch 491: head: Default, loss=0.0834, RMSE_MU_per_atom=0.00 mDebye, RMSE_MU_DERIV=0.00 mDebye / A, RMSE_ALPHA_per_atom=    0.03, RMSE_ALPHA_DERIV=    0.70
2025-07-12 00:21:59.361 INFO: Epoch 492: head: Default, loss=0.0814, RMSE_MU_per_atom=0.00 mDebye, RMSE_MU_DERIV=0.00 mDebye / A, RMSE_ALPHA_per_atom=    0.03, RMSE_ALPHA_DERIV=    0.69
2025-07-12 00:22:21.558 INFO: Epoch 493: head: Default, loss=0.0825, RMSE_MU_per_atom=0.00 mDebye, RMSE_MU_DERIV=0.00 mDebye / A, RMSE_ALPHA_per_atom=    0.02, RMSE_ALPHA_DERIV=    0.70
2025-07-12 00:22:43.737 INFO: Epoch 494: head: Default, loss=0.0821, RMSE_MU_per_atom=0.00 mDebye, RMSE_MU_DERIV=0.00 mDebye / A, RMSE_ALPHA_per_atom=    0.03, RMSE_ALPHA_DERIV=    0.70
2025-07-12 00:23:05.924 INFO: Epoch 495: head: Default, loss=0.0865, RMSE_MU_per_atom=0.00 mDebye, RMSE_MU_DERIV=0.00 mDebye / A, RMSE_ALPHA_per_atom=    0.03, RMSE_ALPHA_DERIV=    0.71
2025-07-12 00:23:28.103 INFO: Epoch 496: head: Default, loss=0.0797, RMSE_MU_per_atom=0.00 mDebye, RMSE_MU_DERIV=0.00 mDebye / A, RMSE_ALPHA_per_atom=    0.03, RMSE_ALPHA_DERIV=    0.68
2025-07-12 00:23:50.292 INFO: Epoch 497: head: Default, loss=0.0787, RMSE_MU_per_atom=0.00 mDebye, RMSE_MU_DERIV=0.00 mDebye / A, RMSE_ALPHA_per_atom=    0.02, RMSE_ALPHA_DERIV=    0.68
2025-07-12 00:24:12.478 INFO: Epoch 498: head: Default, loss=0.0779, RMSE_MU_per_atom=0.00 mDebye, RMSE_MU_DERIV=0.00 mDebye / A, RMSE_ALPHA_per_atom=    0.02, RMSE_ALPHA_DERIV=    0.68
2025-07-12 00:24:34.656 INFO: Epoch 499: head: Default, loss=0.0826, RMSE_MU_per_atom=0.00 mDebye, RMSE_MU_DERIV=0.00 mDebye / A, RMSE_ALPHA_per_atom=    0.03, RMSE_ALPHA_DERIV=    0.70
2025-07-12 00:24:56.851 INFO: Epoch 500: head: Default, loss=0.0773, RMSE_MU_per_atom=0.00 mDebye, RMSE_MU_DERIV=0.00 mDebye / A, RMSE_ALPHA_per_atom=    0.02, RMSE_ALPHA_DERIV=    0.68
2025-07-12 00:25:19.044 INFO: Epoch 501: head: Default, loss=0.0791, RMSE_MU_per_atom=0.00 mDebye, RMSE_MU_DERIV=0.00 mDebye / A, RMSE_ALPHA_per_atom=    0.03, RMSE_ALPHA_DERIV=    0.68
2025-07-12 00:25:41.219 INFO: Epoch 502: head: Default, loss=0.0853, RMSE_MU_per_atom=0.00 mDebye, RMSE_MU_DERIV=0.00 mDebye / A, RMSE_ALPHA_per_atom=    0.02, RMSE_ALPHA_DERIV=    0.71
2025-07-12 00:26:03.406 INFO: Epoch 503: head: Default, loss=0.0841, RMSE_MU_per_atom=0.00 mDebye, RMSE_MU_DERIV=0.00 mDebye / A, RMSE_ALPHA_per_atom=    0.03, RMSE_ALPHA_DERIV=    0.70
2025-07-12 00:26:25.588 INFO: Epoch 504: head: Default, loss=0.0833, RMSE_MU_per_atom=0.00 mDebye, RMSE_MU_DERIV=0.00 mDebye / A, RMSE_ALPHA_per_atom=    0.02, RMSE_ALPHA_DERIV=    0.70
2025-07-12 00:26:47.761 INFO: Epoch 505: head: Default, loss=0.0826, RMSE_MU_per_atom=0.00 mDebye, RMSE_MU_DERIV=0.00 mDebye / A, RMSE_ALPHA_per_atom=    0.03, RMSE_ALPHA_DERIV=    0.70
2025-07-12 00:27:09.946 INFO: Epoch 506: head: Default, loss=0.0802, RMSE_MU_per_atom=0.00 mDebye, RMSE_MU_DERIV=0.00 mDebye / A, RMSE_ALPHA_per_atom=    0.03, RMSE_ALPHA_DERIV=    0.69
2025-07-12 00:27:32.135 INFO: Epoch 507: head: Default, loss=0.0803, RMSE_MU_per_atom=0.00 mDebye, RMSE_MU_DERIV=0.00 mDebye / A, RMSE_ALPHA_per_atom=    0.02, RMSE_ALPHA_DERIV=    0.69
2025-07-12 00:27:54.321 INFO: Epoch 508: head: Default, loss=0.0831, RMSE_MU_per_atom=0.00 mDebye, RMSE_MU_DERIV=0.00 mDebye / A, RMSE_ALPHA_per_atom=    0.03, RMSE_ALPHA_DERIV=    0.70
2025-07-12 00:28:16.503 INFO: Epoch 509: head: Default, loss=0.0826, RMSE_MU_per_atom=0.00 mDebye, RMSE_MU_DERIV=0.00 mDebye / A, RMSE_ALPHA_per_atom=    0.03, RMSE_ALPHA_DERIV=    0.70
2025-07-12 00:28:38.689 INFO: Epoch 510: head: Default, loss=0.0797, RMSE_MU_per_atom=0.00 mDebye, RMSE_MU_DERIV=0.00 mDebye / A, RMSE_ALPHA_per_atom=    0.02, RMSE_ALPHA_DERIV=    0.69
2025-07-12 00:29:00.878 INFO: Epoch 511: head: Default, loss=0.0805, RMSE_MU_per_atom=0.00 mDebye, RMSE_MU_DERIV=0.00 mDebye / A, RMSE_ALPHA_per_atom=    0.02, RMSE_ALPHA_DERIV=    0.69
2025-07-12 00:29:23.071 INFO: Epoch 512: head: Default, loss=0.0821, RMSE_MU_per_atom=0.00 mDebye, RMSE_MU_DERIV=0.00 mDebye / A, RMSE_ALPHA_per_atom=    0.02, RMSE_ALPHA_DERIV=    0.70
2025-07-12 00:29:45.227 INFO: Epoch 513: head: Default, loss=0.0824, RMSE_MU_per_atom=0.00 mDebye, RMSE_MU_DERIV=0.00 mDebye / A, RMSE_ALPHA_per_atom=    0.03, RMSE_ALPHA_DERIV=    0.69
2025-07-12 00:30:07.404 INFO: Epoch 514: head: Default, loss=0.0805, RMSE_MU_per_atom=0.00 mDebye, RMSE_MU_DERIV=0.00 mDebye / A, RMSE_ALPHA_per_atom=    0.03, RMSE_ALPHA_DERIV=    0.69
2025-07-12 00:30:29.583 INFO: Epoch 515: head: Default, loss=0.0762, RMSE_MU_per_atom=0.00 mDebye, RMSE_MU_DERIV=0.00 mDebye / A, RMSE_ALPHA_per_atom=    0.02, RMSE_ALPHA_DERIV=    0.67
2025-07-12 00:30:51.761 INFO: Epoch 516: head: Default, loss=0.0808, RMSE_MU_per_atom=0.00 mDebye, RMSE_MU_DERIV=0.00 mDebye / A, RMSE_ALPHA_per_atom=    0.03, RMSE_ALPHA_DERIV=    0.69
2025-07-12 00:31:13.942 INFO: Epoch 517: head: Default, loss=0.0828, RMSE_MU_per_atom=0.00 mDebye, RMSE_MU_DERIV=0.00 mDebye / A, RMSE_ALPHA_per_atom=    0.03, RMSE_ALPHA_DERIV=    0.70
2025-07-12 00:31:36.136 INFO: Epoch 518: head: Default, loss=0.0781, RMSE_MU_per_atom=0.00 mDebye, RMSE_MU_DERIV=0.00 mDebye / A, RMSE_ALPHA_per_atom=    0.02, RMSE_ALPHA_DERIV=    0.68
2025-07-12 00:31:58.325 INFO: Epoch 519: head: Default, loss=0.0769, RMSE_MU_per_atom=0.00 mDebye, RMSE_MU_DERIV=0.00 mDebye / A, RMSE_ALPHA_per_atom=    0.03, RMSE_ALPHA_DERIV=    0.67
2025-07-12 00:32:20.524 INFO: Epoch 520: head: Default, loss=0.0833, RMSE_MU_per_atom=0.00 mDebye, RMSE_MU_DERIV=0.00 mDebye / A, RMSE_ALPHA_per_atom=    0.04, RMSE_ALPHA_DERIV=    0.70
2025-07-12 00:32:42.715 INFO: Epoch 521: head: Default, loss=0.0801, RMSE_MU_per_atom=0.00 mDebye, RMSE_MU_DERIV=0.00 mDebye / A, RMSE_ALPHA_per_atom=    0.03, RMSE_ALPHA_DERIV=    0.69
2025-07-12 00:33:04.907 INFO: Epoch 522: head: Default, loss=0.0781, RMSE_MU_per_atom=0.00 mDebye, RMSE_MU_DERIV=0.00 mDebye / A, RMSE_ALPHA_per_atom=    0.02, RMSE_ALPHA_DERIV=    0.68
2025-07-12 00:33:27.101 INFO: Epoch 523: head: Default, loss=0.0813, RMSE_MU_per_atom=0.00 mDebye, RMSE_MU_DERIV=0.00 mDebye / A, RMSE_ALPHA_per_atom=    0.03, RMSE_ALPHA_DERIV=    0.69
2025-07-12 00:33:49.280 INFO: Epoch 524: head: Default, loss=0.0836, RMSE_MU_per_atom=0.00 mDebye, RMSE_MU_DERIV=0.00 mDebye / A, RMSE_ALPHA_per_atom=    0.02, RMSE_ALPHA_DERIV=    0.70
2025-07-12 00:34:11.473 INFO: Epoch 525: head: Default, loss=0.0809, RMSE_MU_per_atom=0.00 mDebye, RMSE_MU_DERIV=0.00 mDebye / A, RMSE_ALPHA_per_atom=    0.03, RMSE_ALPHA_DERIV=    0.69
2025-07-12 00:34:33.662 INFO: Epoch 526: head: Default, loss=0.0842, RMSE_MU_per_atom=0.00 mDebye, RMSE_MU_DERIV=0.00 mDebye / A, RMSE_ALPHA_per_atom=    0.02, RMSE_ALPHA_DERIV=    0.71
2025-07-12 00:34:55.840 INFO: Epoch 527: head: Default, loss=0.0826, RMSE_MU_per_atom=0.00 mDebye, RMSE_MU_DERIV=0.00 mDebye / A, RMSE_ALPHA_per_atom=    0.03, RMSE_ALPHA_DERIV=    0.70
2025-07-12 00:35:18.021 INFO: Epoch 528: head: Default, loss=0.0814, RMSE_MU_per_atom=0.00 mDebye, RMSE_MU_DERIV=0.00 mDebye / A, RMSE_ALPHA_per_atom=    0.03, RMSE_ALPHA_DERIV=    0.69
2025-07-12 00:35:40.204 INFO: Epoch 529: head: Default, loss=0.0806, RMSE_MU_per_atom=0.00 mDebye, RMSE_MU_DERIV=0.00 mDebye / A, RMSE_ALPHA_per_atom=    0.03, RMSE_ALPHA_DERIV=    0.69
2025-07-12 00:36:02.380 INFO: Epoch 530: head: Default, loss=0.0839, RMSE_MU_per_atom=0.00 mDebye, RMSE_MU_DERIV=0.00 mDebye / A, RMSE_ALPHA_per_atom=    0.02, RMSE_ALPHA_DERIV=    0.71
2025-07-12 00:36:24.567 INFO: Epoch 531: head: Default, loss=0.0788, RMSE_MU_per_atom=0.00 mDebye, RMSE_MU_DERIV=0.00 mDebye / A, RMSE_ALPHA_per_atom=    0.02, RMSE_ALPHA_DERIV=    0.68
2025-07-12 00:36:46.740 INFO: Epoch 532: head: Default, loss=0.0830, RMSE_MU_per_atom=0.00 mDebye, RMSE_MU_DERIV=0.00 mDebye / A, RMSE_ALPHA_per_atom=    0.03, RMSE_ALPHA_DERIV=    0.70
2025-07-12 00:37:08.941 INFO: Epoch 533: head: Default, loss=0.0803, RMSE_MU_per_atom=0.00 mDebye, RMSE_MU_DERIV=0.00 mDebye / A, RMSE_ALPHA_per_atom=    0.03, RMSE_ALPHA_DERIV=    0.69
2025-07-12 00:37:31.128 INFO: Epoch 534: head: Default, loss=0.0790, RMSE_MU_per_atom=0.00 mDebye, RMSE_MU_DERIV=0.00 mDebye / A, RMSE_ALPHA_per_atom=    0.02, RMSE_ALPHA_DERIV=    0.69
2025-07-12 00:37:53.311 INFO: Epoch 535: head: Default, loss=0.0799, RMSE_MU_per_atom=0.00 mDebye, RMSE_MU_DERIV=0.00 mDebye / A, RMSE_ALPHA_per_atom=    0.02, RMSE_ALPHA_DERIV=    0.69
2025-07-12 00:38:15.484 INFO: Epoch 536: head: Default, loss=0.0822, RMSE_MU_per_atom=0.00 mDebye, RMSE_MU_DERIV=0.00 mDebye / A, RMSE_ALPHA_per_atom=    0.02, RMSE_ALPHA_DERIV=    0.70
2025-07-12 00:38:37.675 INFO: Epoch 537: head: Default, loss=0.0854, RMSE_MU_per_atom=0.00 mDebye, RMSE_MU_DERIV=0.00 mDebye / A, RMSE_ALPHA_per_atom=    0.04, RMSE_ALPHA_DERIV=    0.70
2025-07-12 00:38:59.865 INFO: Epoch 538: head: Default, loss=0.0792, RMSE_MU_per_atom=0.00 mDebye, RMSE_MU_DERIV=0.00 mDebye / A, RMSE_ALPHA_per_atom=    0.04, RMSE_ALPHA_DERIV=    0.68
2025-07-12 00:39:22.048 INFO: Epoch 539: head: Default, loss=0.0781, RMSE_MU_per_atom=0.00 mDebye, RMSE_MU_DERIV=0.00 mDebye / A, RMSE_ALPHA_per_atom=    0.02, RMSE_ALPHA_DERIV=    0.68
2025-07-12 00:39:44.231 INFO: Epoch 540: head: Default, loss=0.0797, RMSE_MU_per_atom=0.00 mDebye, RMSE_MU_DERIV=0.00 mDebye / A, RMSE_ALPHA_per_atom=    0.02, RMSE_ALPHA_DERIV=    0.69
2025-07-12 00:40:06.420 INFO: Epoch 541: head: Default, loss=0.0798, RMSE_MU_per_atom=0.00 mDebye, RMSE_MU_DERIV=0.00 mDebye / A, RMSE_ALPHA_per_atom=    0.03, RMSE_ALPHA_DERIV=    0.69
2025-07-12 00:40:28.605 INFO: Epoch 542: head: Default, loss=0.0789, RMSE_MU_per_atom=0.00 mDebye, RMSE_MU_DERIV=0.00 mDebye / A, RMSE_ALPHA_per_atom=    0.02, RMSE_ALPHA_DERIV=    0.68
2025-07-12 00:40:50.775 INFO: Epoch 543: head: Default, loss=0.0807, RMSE_MU_per_atom=0.00 mDebye, RMSE_MU_DERIV=0.00 mDebye / A, RMSE_ALPHA_per_atom=    0.03, RMSE_ALPHA_DERIV=    0.69
2025-07-12 00:41:12.943 INFO: Epoch 544: head: Default, loss=0.0817, RMSE_MU_per_atom=0.00 mDebye, RMSE_MU_DERIV=0.00 mDebye / A, RMSE_ALPHA_per_atom=    0.03, RMSE_ALPHA_DERIV=    0.70
2025-07-12 00:41:35.129 INFO: Epoch 545: head: Default, loss=0.0810, RMSE_MU_per_atom=0.00 mDebye, RMSE_MU_DERIV=0.00 mDebye / A, RMSE_ALPHA_per_atom=    0.02, RMSE_ALPHA_DERIV=    0.69
2025-07-12 00:41:57.313 INFO: Epoch 546: head: Default, loss=0.0797, RMSE_MU_per_atom=0.00 mDebye, RMSE_MU_DERIV=0.00 mDebye / A, RMSE_ALPHA_per_atom=    0.02, RMSE_ALPHA_DERIV=    0.69
2025-07-12 00:42:19.488 INFO: Epoch 547: head: Default, loss=0.0785, RMSE_MU_per_atom=0.00 mDebye, RMSE_MU_DERIV=0.00 mDebye / A, RMSE_ALPHA_per_atom=    0.02, RMSE_ALPHA_DERIV=    0.68
2025-07-12 00:42:41.681 INFO: Epoch 548: head: Default, loss=0.0817, RMSE_MU_per_atom=0.00 mDebye, RMSE_MU_DERIV=0.00 mDebye / A, RMSE_ALPHA_per_atom=    0.03, RMSE_ALPHA_DERIV=    0.69
2025-07-12 00:43:03.870 INFO: Epoch 549: head: Default, loss=0.0794, RMSE_MU_per_atom=0.00 mDebye, RMSE_MU_DERIV=0.00 mDebye / A, RMSE_ALPHA_per_atom=    0.02, RMSE_ALPHA_DERIV=    0.69
2025-07-12 00:43:26.055 INFO: Epoch 550: head: Default, loss=0.0800, RMSE_MU_per_atom=0.00 mDebye, RMSE_MU_DERIV=0.00 mDebye / A, RMSE_ALPHA_per_atom=    0.02, RMSE_ALPHA_DERIV=    0.69
2025-07-12 00:43:48.245 INFO: Epoch 551: head: Default, loss=0.0802, RMSE_MU_per_atom=0.00 mDebye, RMSE_MU_DERIV=0.00 mDebye / A, RMSE_ALPHA_per_atom=    0.02, RMSE_ALPHA_DERIV=    0.69
2025-07-12 00:44:10.443 INFO: Epoch 552: head: Default, loss=0.0792, RMSE_MU_per_atom=0.00 mDebye, RMSE_MU_DERIV=0.00 mDebye / A, RMSE_ALPHA_per_atom=    0.02, RMSE_ALPHA_DERIV=    0.69
2025-07-12 00:44:32.624 INFO: Epoch 553: head: Default, loss=0.0823, RMSE_MU_per_atom=0.00 mDebye, RMSE_MU_DERIV=0.00 mDebye / A, RMSE_ALPHA_per_atom=    0.02, RMSE_ALPHA_DERIV=    0.70
2025-07-12 00:44:54.808 INFO: Epoch 554: head: Default, loss=0.0804, RMSE_MU_per_atom=0.00 mDebye, RMSE_MU_DERIV=0.00 mDebye / A, RMSE_ALPHA_per_atom=    0.03, RMSE_ALPHA_DERIV=    0.69
2025-07-12 00:45:16.981 INFO: Epoch 555: head: Default, loss=0.0812, RMSE_MU_per_atom=0.00 mDebye, RMSE_MU_DERIV=0.00 mDebye / A, RMSE_ALPHA_per_atom=    0.03, RMSE_ALPHA_DERIV=    0.69
2025-07-12 00:45:39.179 INFO: Epoch 556: head: Default, loss=0.0801, RMSE_MU_per_atom=0.00 mDebye, RMSE_MU_DERIV=0.00 mDebye / A, RMSE_ALPHA_per_atom=    0.02, RMSE_ALPHA_DERIV=    0.69
2025-07-12 00:46:01.373 INFO: Epoch 557: head: Default, loss=0.0810, RMSE_MU_per_atom=0.00 mDebye, RMSE_MU_DERIV=0.00 mDebye / A, RMSE_ALPHA_per_atom=    0.02, RMSE_ALPHA_DERIV=    0.69
2025-07-12 00:46:23.564 INFO: Epoch 558: head: Default, loss=0.0804, RMSE_MU_per_atom=0.00 mDebye, RMSE_MU_DERIV=0.00 mDebye / A, RMSE_ALPHA_per_atom=    0.03, RMSE_ALPHA_DERIV=    0.69
2025-07-12 00:46:45.731 INFO: Epoch 559: head: Default, loss=0.0808, RMSE_MU_per_atom=0.00 mDebye, RMSE_MU_DERIV=0.00 mDebye / A, RMSE_ALPHA_per_atom=    0.03, RMSE_ALPHA_DERIV=    0.69
2025-07-12 00:47:07.920 INFO: Epoch 560: head: Default, loss=0.0825, RMSE_MU_per_atom=0.00 mDebye, RMSE_MU_DERIV=0.00 mDebye / A, RMSE_ALPHA_per_atom=    0.04, RMSE_ALPHA_DERIV=    0.69
2025-07-12 00:47:30.117 INFO: Epoch 561: head: Default, loss=0.0780, RMSE_MU_per_atom=0.00 mDebye, RMSE_MU_DERIV=0.00 mDebye / A, RMSE_ALPHA_per_atom=    0.02, RMSE_ALPHA_DERIV=    0.68
2025-07-12 00:47:52.305 INFO: Epoch 562: head: Default, loss=0.0810, RMSE_MU_per_atom=0.00 mDebye, RMSE_MU_DERIV=0.00 mDebye / A, RMSE_ALPHA_per_atom=    0.03, RMSE_ALPHA_DERIV=    0.69
2025-07-12 00:48:14.487 INFO: Epoch 563: head: Default, loss=0.0807, RMSE_MU_per_atom=0.00 mDebye, RMSE_MU_DERIV=0.00 mDebye / A, RMSE_ALPHA_per_atom=    0.04, RMSE_ALPHA_DERIV=    0.69
2025-07-12 00:48:36.671 INFO: Epoch 564: head: Default, loss=0.0784, RMSE_MU_per_atom=0.00 mDebye, RMSE_MU_DERIV=0.00 mDebye / A, RMSE_ALPHA_per_atom=    0.02, RMSE_ALPHA_DERIV=    0.68
2025-07-12 00:48:58.858 INFO: Epoch 565: head: Default, loss=0.0817, RMSE_MU_per_atom=0.00 mDebye, RMSE_MU_DERIV=0.00 mDebye / A, RMSE_ALPHA_per_atom=    0.02, RMSE_ALPHA_DERIV=    0.70
2025-07-12 00:49:21.047 INFO: Epoch 566: head: Default, loss=0.0800, RMSE_MU_per_atom=0.00 mDebye, RMSE_MU_DERIV=0.00 mDebye / A, RMSE_ALPHA_per_atom=    0.03, RMSE_ALPHA_DERIV=    0.69
2025-07-12 00:49:43.232 INFO: Epoch 567: head: Default, loss=0.0796, RMSE_MU_per_atom=0.00 mDebye, RMSE_MU_DERIV=0.00 mDebye / A, RMSE_ALPHA_per_atom=    0.02, RMSE_ALPHA_DERIV=    0.69
2025-07-12 00:50:05.405 INFO: Epoch 568: head: Default, loss=0.0811, RMSE_MU_per_atom=0.00 mDebye, RMSE_MU_DERIV=0.00 mDebye / A, RMSE_ALPHA_per_atom=    0.02, RMSE_ALPHA_DERIV=    0.69
2025-07-12 00:50:27.590 INFO: Epoch 569: head: Default, loss=0.0817, RMSE_MU_per_atom=0.00 mDebye, RMSE_MU_DERIV=0.00 mDebye / A, RMSE_ALPHA_per_atom=    0.01, RMSE_ALPHA_DERIV=    0.70
2025-07-12 00:50:49.768 INFO: Epoch 570: head: Default, loss=0.0783, RMSE_MU_per_atom=0.00 mDebye, RMSE_MU_DERIV=0.00 mDebye / A, RMSE_ALPHA_per_atom=    0.02, RMSE_ALPHA_DERIV=    0.68
2025-07-12 00:51:11.954 INFO: Epoch 571: head: Default, loss=0.0795, RMSE_MU_per_atom=0.00 mDebye, RMSE_MU_DERIV=0.00 mDebye / A, RMSE_ALPHA_per_atom=    0.02, RMSE_ALPHA_DERIV=    0.69
2025-07-12 00:51:34.140 INFO: Epoch 572: head: Default, loss=0.0775, RMSE_MU_per_atom=0.00 mDebye, RMSE_MU_DERIV=0.00 mDebye / A, RMSE_ALPHA_per_atom=    0.02, RMSE_ALPHA_DERIV=    0.68
2025-07-12 00:51:56.330 INFO: Epoch 573: head: Default, loss=0.0817, RMSE_MU_per_atom=0.00 mDebye, RMSE_MU_DERIV=0.00 mDebye / A, RMSE_ALPHA_per_atom=    0.02, RMSE_ALPHA_DERIV=    0.70
2025-07-12 00:52:18.510 INFO: Epoch 574: head: Default, loss=0.0823, RMSE_MU_per_atom=0.00 mDebye, RMSE_MU_DERIV=0.00 mDebye / A, RMSE_ALPHA_per_atom=    0.03, RMSE_ALPHA_DERIV=    0.70
2025-07-12 00:52:40.687 INFO: Epoch 575: head: Default, loss=0.0825, RMSE_MU_per_atom=0.00 mDebye, RMSE_MU_DERIV=0.00 mDebye / A, RMSE_ALPHA_per_atom=    0.03, RMSE_ALPHA_DERIV=    0.70
2025-07-12 00:53:02.862 INFO: Epoch 576: head: Default, loss=0.0821, RMSE_MU_per_atom=0.00 mDebye, RMSE_MU_DERIV=0.00 mDebye / A, RMSE_ALPHA_per_atom=    0.03, RMSE_ALPHA_DERIV=    0.70
2025-07-12 00:53:25.047 INFO: Epoch 577: head: Default, loss=0.0795, RMSE_MU_per_atom=0.00 mDebye, RMSE_MU_DERIV=0.00 mDebye / A, RMSE_ALPHA_per_atom=    0.02, RMSE_ALPHA_DERIV=    0.69
2025-07-12 00:53:47.217 INFO: Epoch 578: head: Default, loss=0.0788, RMSE_MU_per_atom=0.00 mDebye, RMSE_MU_DERIV=0.00 mDebye / A, RMSE_ALPHA_per_atom=    0.03, RMSE_ALPHA_DERIV=    0.68
2025-07-12 00:54:09.395 INFO: Epoch 579: head: Default, loss=0.0821, RMSE_MU_per_atom=0.00 mDebye, RMSE_MU_DERIV=0.00 mDebye / A, RMSE_ALPHA_per_atom=    0.02, RMSE_ALPHA_DERIV=    0.70
2025-07-12 00:54:31.592 INFO: Epoch 580: head: Default, loss=0.0810, RMSE_MU_per_atom=0.00 mDebye, RMSE_MU_DERIV=0.00 mDebye / A, RMSE_ALPHA_per_atom=    0.02, RMSE_ALPHA_DERIV=    0.69
2025-07-12 00:54:53.790 INFO: Epoch 581: head: Default, loss=0.0835, RMSE_MU_per_atom=0.00 mDebye, RMSE_MU_DERIV=0.00 mDebye / A, RMSE_ALPHA_per_atom=    0.03, RMSE_ALPHA_DERIV=    0.70
2025-07-12 00:55:15.970 INFO: Epoch 582: head: Default, loss=0.0827, RMSE_MU_per_atom=0.00 mDebye, RMSE_MU_DERIV=0.00 mDebye / A, RMSE_ALPHA_per_atom=    0.03, RMSE_ALPHA_DERIV=    0.70
2025-07-12 00:55:38.154 INFO: Epoch 583: head: Default, loss=0.0797, RMSE_MU_per_atom=0.00 mDebye, RMSE_MU_DERIV=0.00 mDebye / A, RMSE_ALPHA_per_atom=    0.02, RMSE_ALPHA_DERIV=    0.69
2025-07-12 00:56:00.321 INFO: Epoch 584: head: Default, loss=0.0834, RMSE_MU_per_atom=0.00 mDebye, RMSE_MU_DERIV=0.00 mDebye / A, RMSE_ALPHA_per_atom=    0.04, RMSE_ALPHA_DERIV=    0.70
2025-07-12 00:56:22.499 INFO: Epoch 585: head: Default, loss=0.0788, RMSE_MU_per_atom=0.00 mDebye, RMSE_MU_DERIV=0.00 mDebye / A, RMSE_ALPHA_per_atom=    0.02, RMSE_ALPHA_DERIV=    0.68
2025-07-12 00:56:44.681 INFO: Epoch 586: head: Default, loss=0.0797, RMSE_MU_per_atom=0.00 mDebye, RMSE_MU_DERIV=0.00 mDebye / A, RMSE_ALPHA_per_atom=    0.02, RMSE_ALPHA_DERIV=    0.69
2025-07-12 00:57:06.861 INFO: Epoch 587: head: Default, loss=0.0800, RMSE_MU_per_atom=0.00 mDebye, RMSE_MU_DERIV=0.00 mDebye / A, RMSE_ALPHA_per_atom=    0.03, RMSE_ALPHA_DERIV=    0.69
2025-07-12 00:57:29.048 INFO: Epoch 588: head: Default, loss=0.0793, RMSE_MU_per_atom=0.00 mDebye, RMSE_MU_DERIV=0.00 mDebye / A, RMSE_ALPHA_per_atom=    0.02, RMSE_ALPHA_DERIV=    0.69
2025-07-12 00:57:51.232 INFO: Epoch 589: head: Default, loss=0.0799, RMSE_MU_per_atom=0.00 mDebye, RMSE_MU_DERIV=0.00 mDebye / A, RMSE_ALPHA_per_atom=    0.02, RMSE_ALPHA_DERIV=    0.69
2025-07-12 00:58:13.424 INFO: Epoch 590: head: Default, loss=0.0813, RMSE_MU_per_atom=0.00 mDebye, RMSE_MU_DERIV=0.00 mDebye / A, RMSE_ALPHA_per_atom=    0.03, RMSE_ALPHA_DERIV=    0.69
2025-07-12 00:58:35.611 INFO: Epoch 591: head: Default, loss=0.0813, RMSE_MU_per_atom=0.00 mDebye, RMSE_MU_DERIV=0.00 mDebye / A, RMSE_ALPHA_per_atom=    0.03, RMSE_ALPHA_DERIV=    0.69
2025-07-12 00:58:57.794 INFO: Epoch 592: head: Default, loss=0.0802, RMSE_MU_per_atom=0.00 mDebye, RMSE_MU_DERIV=0.00 mDebye / A, RMSE_ALPHA_per_atom=    0.03, RMSE_ALPHA_DERIV=    0.69
2025-07-12 00:59:19.987 INFO: Epoch 593: head: Default, loss=0.0810, RMSE_MU_per_atom=0.00 mDebye, RMSE_MU_DERIV=0.00 mDebye / A, RMSE_ALPHA_per_atom=    0.03, RMSE_ALPHA_DERIV=    0.69
2025-07-12 00:59:42.174 INFO: Epoch 594: head: Default, loss=0.0839, RMSE_MU_per_atom=0.00 mDebye, RMSE_MU_DERIV=0.00 mDebye / A, RMSE_ALPHA_per_atom=    0.03, RMSE_ALPHA_DERIV=    0.70
2025-07-12 01:00:04.355 INFO: Epoch 595: head: Default, loss=0.0786, RMSE_MU_per_atom=0.00 mDebye, RMSE_MU_DERIV=0.00 mDebye / A, RMSE_ALPHA_per_atom=    0.02, RMSE_ALPHA_DERIV=    0.68
2025-07-12 01:00:26.537 INFO: Epoch 596: head: Default, loss=0.0798, RMSE_MU_per_atom=0.00 mDebye, RMSE_MU_DERIV=0.00 mDebye / A, RMSE_ALPHA_per_atom=    0.02, RMSE_ALPHA_DERIV=    0.69
2025-07-12 01:00:48.718 INFO: Epoch 597: head: Default, loss=0.0807, RMSE_MU_per_atom=0.00 mDebye, RMSE_MU_DERIV=0.00 mDebye / A, RMSE_ALPHA_per_atom=    0.04, RMSE_ALPHA_DERIV=    0.69
2025-07-12 01:01:10.905 INFO: Epoch 598: head: Default, loss=0.0812, RMSE_MU_per_atom=0.00 mDebye, RMSE_MU_DERIV=0.00 mDebye / A, RMSE_ALPHA_per_atom=    0.03, RMSE_ALPHA_DERIV=    0.69
2025-07-12 01:01:33.085 INFO: Epoch 599: head: Default, loss=0.0867, RMSE_MU_per_atom=0.00 mDebye, RMSE_MU_DERIV=0.00 mDebye / A, RMSE_ALPHA_per_atom=    0.02, RMSE_ALPHA_DERIV=    0.72
2025-07-12 01:01:55.261 INFO: Epoch 600: head: Default, loss=0.0801, RMSE_MU_per_atom=0.00 mDebye, RMSE_MU_DERIV=0.00 mDebye / A, RMSE_ALPHA_per_atom=    0.03, RMSE_ALPHA_DERIV=    0.69
2025-07-12 01:02:17.442 INFO: Epoch 601: head: Default, loss=0.0762, RMSE_MU_per_atom=0.00 mDebye, RMSE_MU_DERIV=0.00 mDebye / A, RMSE_ALPHA_per_atom=    0.02, RMSE_ALPHA_DERIV=    0.67
2025-07-12 01:02:39.598 INFO: Epoch 602: head: Default, loss=0.0835, RMSE_MU_per_atom=0.00 mDebye, RMSE_MU_DERIV=0.00 mDebye / A, RMSE_ALPHA_per_atom=    0.03, RMSE_ALPHA_DERIV=    0.70
2025-07-12 01:03:01.778 INFO: Epoch 603: head: Default, loss=0.0813, RMSE_MU_per_atom=0.00 mDebye, RMSE_MU_DERIV=0.00 mDebye / A, RMSE_ALPHA_per_atom=    0.02, RMSE_ALPHA_DERIV=    0.70
2025-07-12 01:03:23.968 INFO: Epoch 604: head: Default, loss=0.0823, RMSE_MU_per_atom=0.00 mDebye, RMSE_MU_DERIV=0.00 mDebye / A, RMSE_ALPHA_per_atom=    0.03, RMSE_ALPHA_DERIV=    0.70
2025-07-12 01:03:46.159 INFO: Epoch 605: head: Default, loss=0.0819, RMSE_MU_per_atom=0.00 mDebye, RMSE_MU_DERIV=0.00 mDebye / A, RMSE_ALPHA_per_atom=    0.03, RMSE_ALPHA_DERIV=    0.69
2025-07-12 01:04:08.321 INFO: Epoch 606: head: Default, loss=0.0824, RMSE_MU_per_atom=0.00 mDebye, RMSE_MU_DERIV=0.00 mDebye / A, RMSE_ALPHA_per_atom=    0.04, RMSE_ALPHA_DERIV=    0.69
2025-07-12 01:04:30.502 INFO: Epoch 607: head: Default, loss=0.0809, RMSE_MU_per_atom=0.00 mDebye, RMSE_MU_DERIV=0.00 mDebye / A, RMSE_ALPHA_per_atom=    0.04, RMSE_ALPHA_DERIV=    0.69
2025-07-12 01:04:52.670 INFO: Epoch 608: head: Default, loss=0.0806, RMSE_MU_per_atom=0.00 mDebye, RMSE_MU_DERIV=0.00 mDebye / A, RMSE_ALPHA_per_atom=    0.02, RMSE_ALPHA_DERIV=    0.69
2025-07-12 01:05:14.850 INFO: Epoch 609: head: Default, loss=0.0802, RMSE_MU_per_atom=0.00 mDebye, RMSE_MU_DERIV=0.00 mDebye / A, RMSE_ALPHA_per_atom=    0.02, RMSE_ALPHA_DERIV=    0.69
2025-07-12 01:05:37.013 INFO: Epoch 610: head: Default, loss=0.0795, RMSE_MU_per_atom=0.00 mDebye, RMSE_MU_DERIV=0.00 mDebye / A, RMSE_ALPHA_per_atom=    0.02, RMSE_ALPHA_DERIV=    0.69
2025-07-12 01:05:59.193 INFO: Epoch 611: head: Default, loss=0.0836, RMSE_MU_per_atom=0.00 mDebye, RMSE_MU_DERIV=0.00 mDebye / A, RMSE_ALPHA_per_atom=    0.03, RMSE_ALPHA_DERIV=    0.70
2025-07-12 01:06:21.380 INFO: Epoch 612: head: Default, loss=0.0806, RMSE_MU_per_atom=0.00 mDebye, RMSE_MU_DERIV=0.00 mDebye / A, RMSE_ALPHA_per_atom=    0.02, RMSE_ALPHA_DERIV=    0.69
2025-07-12 01:06:43.567 INFO: Epoch 613: head: Default, loss=0.0833, RMSE_MU_per_atom=0.00 mDebye, RMSE_MU_DERIV=0.00 mDebye / A, RMSE_ALPHA_per_atom=    0.02, RMSE_ALPHA_DERIV=    0.70
2025-07-12 01:07:05.754 INFO: Epoch 614: head: Default, loss=0.0812, RMSE_MU_per_atom=0.00 mDebye, RMSE_MU_DERIV=0.00 mDebye / A, RMSE_ALPHA_per_atom=    0.02, RMSE_ALPHA_DERIV=    0.69
2025-07-12 01:07:27.932 INFO: Epoch 615: head: Default, loss=0.0804, RMSE_MU_per_atom=0.00 mDebye, RMSE_MU_DERIV=0.00 mDebye / A, RMSE_ALPHA_per_atom=    0.02, RMSE_ALPHA_DERIV=    0.69
2025-07-12 01:07:50.113 INFO: Epoch 616: head: Default, loss=0.0808, RMSE_MU_per_atom=0.00 mDebye, RMSE_MU_DERIV=0.00 mDebye / A, RMSE_ALPHA_per_atom=    0.02, RMSE_ALPHA_DERIV=    0.69
2025-07-12 01:08:12.298 INFO: Epoch 617: head: Default, loss=0.0791, RMSE_MU_per_atom=0.00 mDebye, RMSE_MU_DERIV=0.00 mDebye / A, RMSE_ALPHA_per_atom=    0.02, RMSE_ALPHA_DERIV=    0.69
2025-07-12 01:08:34.480 INFO: Epoch 618: head: Default, loss=0.0807, RMSE_MU_per_atom=0.00 mDebye, RMSE_MU_DERIV=0.00 mDebye / A, RMSE_ALPHA_per_atom=    0.03, RMSE_ALPHA_DERIV=    0.69
2025-07-12 01:08:56.671 INFO: Epoch 619: head: Default, loss=0.0808, RMSE_MU_per_atom=0.00 mDebye, RMSE_MU_DERIV=0.00 mDebye / A, RMSE_ALPHA_per_atom=    0.03, RMSE_ALPHA_DERIV=    0.69
2025-07-12 01:09:18.857 INFO: Epoch 620: head: Default, loss=0.0796, RMSE_MU_per_atom=0.00 mDebye, RMSE_MU_DERIV=0.00 mDebye / A, RMSE_ALPHA_per_atom=    0.02, RMSE_ALPHA_DERIV=    0.69
2025-07-12 01:09:41.050 INFO: Epoch 621: head: Default, loss=0.0808, RMSE_MU_per_atom=0.00 mDebye, RMSE_MU_DERIV=0.00 mDebye / A, RMSE_ALPHA_per_atom=    0.02, RMSE_ALPHA_DERIV=    0.69
2025-07-12 01:10:03.231 INFO: Epoch 622: head: Default, loss=0.0824, RMSE_MU_per_atom=0.00 mDebye, RMSE_MU_DERIV=0.00 mDebye / A, RMSE_ALPHA_per_atom=    0.04, RMSE_ALPHA_DERIV=    0.69
2025-07-12 01:10:25.433 INFO: Epoch 623: head: Default, loss=0.0794, RMSE_MU_per_atom=0.00 mDebye, RMSE_MU_DERIV=0.00 mDebye / A, RMSE_ALPHA_per_atom=    0.02, RMSE_ALPHA_DERIV=    0.69
2025-07-12 01:10:47.614 INFO: Epoch 624: head: Default, loss=0.0804, RMSE_MU_per_atom=0.00 mDebye, RMSE_MU_DERIV=0.00 mDebye / A, RMSE_ALPHA_per_atom=    0.03, RMSE_ALPHA_DERIV=    0.69
2025-07-12 01:11:09.800 INFO: Epoch 625: head: Default, loss=0.0787, RMSE_MU_per_atom=0.00 mDebye, RMSE_MU_DERIV=0.00 mDebye / A, RMSE_ALPHA_per_atom=    0.03, RMSE_ALPHA_DERIV=    0.68
2025-07-12 01:11:31.960 INFO: Epoch 626: head: Default, loss=0.0787, RMSE_MU_per_atom=0.00 mDebye, RMSE_MU_DERIV=0.00 mDebye / A, RMSE_ALPHA_per_atom=    0.02, RMSE_ALPHA_DERIV=    0.68
2025-07-12 01:11:54.134 INFO: Epoch 627: head: Default, loss=0.0825, RMSE_MU_per_atom=0.00 mDebye, RMSE_MU_DERIV=0.00 mDebye / A, RMSE_ALPHA_per_atom=    0.02, RMSE_ALPHA_DERIV=    0.70
2025-07-12 01:12:16.309 INFO: Epoch 628: head: Default, loss=0.0817, RMSE_MU_per_atom=0.00 mDebye, RMSE_MU_DERIV=0.00 mDebye / A, RMSE_ALPHA_per_atom=    0.03, RMSE_ALPHA_DERIV=    0.69
2025-07-12 01:12:38.471 INFO: Epoch 629: head: Default, loss=0.0800, RMSE_MU_per_atom=0.00 mDebye, RMSE_MU_DERIV=0.00 mDebye / A, RMSE_ALPHA_per_atom=    0.02, RMSE_ALPHA_DERIV=    0.69
2025-07-12 01:13:00.661 INFO: Epoch 630: head: Default, loss=0.0798, RMSE_MU_per_atom=0.00 mDebye, RMSE_MU_DERIV=0.00 mDebye / A, RMSE_ALPHA_per_atom=    0.02, RMSE_ALPHA_DERIV=    0.69
2025-07-12 01:13:22.846 INFO: Epoch 631: head: Default, loss=0.0821, RMSE_MU_per_atom=0.00 mDebye, RMSE_MU_DERIV=0.00 mDebye / A, RMSE_ALPHA_per_atom=    0.02, RMSE_ALPHA_DERIV=    0.70
2025-07-12 01:13:45.036 INFO: Epoch 632: head: Default, loss=0.0840, RMSE_MU_per_atom=0.00 mDebye, RMSE_MU_DERIV=0.00 mDebye / A, RMSE_ALPHA_per_atom=    0.03, RMSE_ALPHA_DERIV=    0.70
2025-07-12 01:14:07.222 INFO: Epoch 633: head: Default, loss=0.0794, RMSE_MU_per_atom=0.00 mDebye, RMSE_MU_DERIV=0.00 mDebye / A, RMSE_ALPHA_per_atom=    0.02, RMSE_ALPHA_DERIV=    0.69
2025-07-12 01:14:29.403 INFO: Epoch 634: head: Default, loss=0.0800, RMSE_MU_per_atom=0.00 mDebye, RMSE_MU_DERIV=0.00 mDebye / A, RMSE_ALPHA_per_atom=    0.03, RMSE_ALPHA_DERIV=    0.69
2025-07-12 01:14:51.578 INFO: Epoch 635: head: Default, loss=0.0791, RMSE_MU_per_atom=0.00 mDebye, RMSE_MU_DERIV=0.00 mDebye / A, RMSE_ALPHA_per_atom=    0.02, RMSE_ALPHA_DERIV=    0.69
2025-07-12 01:15:13.764 INFO: Epoch 636: head: Default, loss=0.0804, RMSE_MU_per_atom=0.00 mDebye, RMSE_MU_DERIV=0.00 mDebye / A, RMSE_ALPHA_per_atom=    0.03, RMSE_ALPHA_DERIV=    0.69
2025-07-12 01:15:35.955 INFO: Epoch 637: head: Default, loss=0.0805, RMSE_MU_per_atom=0.00 mDebye, RMSE_MU_DERIV=0.00 mDebye / A, RMSE_ALPHA_per_atom=    0.02, RMSE_ALPHA_DERIV=    0.69
2025-07-12 01:15:58.147 INFO: Epoch 638: head: Default, loss=0.0796, RMSE_MU_per_atom=0.00 mDebye, RMSE_MU_DERIV=0.00 mDebye / A, RMSE_ALPHA_per_atom=    0.03, RMSE_ALPHA_DERIV=    0.69
2025-07-12 01:16:20.321 INFO: Epoch 639: head: Default, loss=0.0815, RMSE_MU_per_atom=0.00 mDebye, RMSE_MU_DERIV=0.00 mDebye / A, RMSE_ALPHA_per_atom=    0.03, RMSE_ALPHA_DERIV=    0.69
2025-07-12 01:16:42.507 INFO: Epoch 640: head: Default, loss=0.0795, RMSE_MU_per_atom=0.00 mDebye, RMSE_MU_DERIV=0.00 mDebye / A, RMSE_ALPHA_per_atom=    0.02, RMSE_ALPHA_DERIV=    0.69
2025-07-12 01:17:04.681 INFO: Epoch 641: head: Default, loss=0.0810, RMSE_MU_per_atom=0.00 mDebye, RMSE_MU_DERIV=0.00 mDebye / A, RMSE_ALPHA_per_atom=    0.03, RMSE_ALPHA_DERIV=    0.69
2025-07-12 01:17:26.871 INFO: Epoch 642: head: Default, loss=0.0793, RMSE_MU_per_atom=0.00 mDebye, RMSE_MU_DERIV=0.00 mDebye / A, RMSE_ALPHA_per_atom=    0.03, RMSE_ALPHA_DERIV=    0.68
2025-07-12 01:17:49.049 INFO: Epoch 643: head: Default, loss=0.0810, RMSE_MU_per_atom=0.00 mDebye, RMSE_MU_DERIV=0.00 mDebye / A, RMSE_ALPHA_per_atom=    0.03, RMSE_ALPHA_DERIV=    0.69
2025-07-12 01:18:11.230 INFO: Epoch 644: head: Default, loss=0.0807, RMSE_MU_per_atom=0.00 mDebye, RMSE_MU_DERIV=0.00 mDebye / A, RMSE_ALPHA_per_atom=    0.03, RMSE_ALPHA_DERIV=    0.69
2025-07-12 01:18:33.422 INFO: Epoch 645: head: Default, loss=0.0812, RMSE_MU_per_atom=0.00 mDebye, RMSE_MU_DERIV=0.00 mDebye / A, RMSE_ALPHA_per_atom=    0.03, RMSE_ALPHA_DERIV=    0.69
2025-07-12 01:18:55.613 INFO: Epoch 646: head: Default, loss=0.0805, RMSE_MU_per_atom=0.00 mDebye, RMSE_MU_DERIV=0.00 mDebye / A, RMSE_ALPHA_per_atom=    0.02, RMSE_ALPHA_DERIV=    0.69
2025-07-12 01:19:17.809 INFO: Epoch 647: head: Default, loss=0.0792, RMSE_MU_per_atom=0.00 mDebye, RMSE_MU_DERIV=0.00 mDebye / A, RMSE_ALPHA_per_atom=    0.03, RMSE_ALPHA_DERIV=    0.68
2025-07-12 01:19:39.996 INFO: Epoch 648: head: Default, loss=0.0813, RMSE_MU_per_atom=0.00 mDebye, RMSE_MU_DERIV=0.00 mDebye / A, RMSE_ALPHA_per_atom=    0.02, RMSE_ALPHA_DERIV=    0.70
2025-07-12 01:20:02.188 INFO: Epoch 649: head: Default, loss=0.0812, RMSE_MU_per_atom=0.00 mDebye, RMSE_MU_DERIV=0.00 mDebye / A, RMSE_ALPHA_per_atom=    0.02, RMSE_ALPHA_DERIV=    0.69
2025-07-12 01:20:24.374 INFO: Epoch 650: head: Default, loss=0.0785, RMSE_MU_per_atom=0.00 mDebye, RMSE_MU_DERIV=0.00 mDebye / A, RMSE_ALPHA_per_atom=    0.02, RMSE_ALPHA_DERIV=    0.68
2025-07-12 01:20:46.560 INFO: Epoch 651: head: Default, loss=0.0803, RMSE_MU_per_atom=0.00 mDebye, RMSE_MU_DERIV=0.00 mDebye / A, RMSE_ALPHA_per_atom=    0.02, RMSE_ALPHA_DERIV=    0.69
2025-07-12 01:21:08.739 INFO: Epoch 652: head: Default, loss=0.0800, RMSE_MU_per_atom=0.00 mDebye, RMSE_MU_DERIV=0.00 mDebye / A, RMSE_ALPHA_per_atom=    0.02, RMSE_ALPHA_DERIV=    0.69
2025-07-12 01:21:30.931 INFO: Epoch 653: head: Default, loss=0.0803, RMSE_MU_per_atom=0.00 mDebye, RMSE_MU_DERIV=0.00 mDebye / A, RMSE_ALPHA_per_atom=    0.02, RMSE_ALPHA_DERIV=    0.69
2025-07-12 01:21:53.099 INFO: Epoch 654: head: Default, loss=0.0816, RMSE_MU_per_atom=0.00 mDebye, RMSE_MU_DERIV=0.00 mDebye / A, RMSE_ALPHA_per_atom=    0.02, RMSE_ALPHA_DERIV=    0.70
2025-07-12 01:22:15.289 INFO: Epoch 655: head: Default, loss=0.0819, RMSE_MU_per_atom=0.00 mDebye, RMSE_MU_DERIV=0.00 mDebye / A, RMSE_ALPHA_per_atom=    0.02, RMSE_ALPHA_DERIV=    0.70
2025-07-12 01:22:37.484 INFO: Epoch 656: head: Default, loss=0.0816, RMSE_MU_per_atom=0.00 mDebye, RMSE_MU_DERIV=0.00 mDebye / A, RMSE_ALPHA_per_atom=    0.02, RMSE_ALPHA_DERIV=    0.70
2025-07-12 01:22:59.665 INFO: Epoch 657: head: Default, loss=0.0793, RMSE_MU_per_atom=0.00 mDebye, RMSE_MU_DERIV=0.00 mDebye / A, RMSE_ALPHA_per_atom=    0.03, RMSE_ALPHA_DERIV=    0.68
2025-07-12 01:23:21.848 INFO: Epoch 658: head: Default, loss=0.0801, RMSE_MU_per_atom=0.00 mDebye, RMSE_MU_DERIV=0.00 mDebye / A, RMSE_ALPHA_per_atom=    0.02, RMSE_ALPHA_DERIV=    0.69
2025-07-12 01:23:44.041 INFO: Epoch 659: head: Default, loss=0.0818, RMSE_MU_per_atom=0.00 mDebye, RMSE_MU_DERIV=0.00 mDebye / A, RMSE_ALPHA_per_atom=    0.03, RMSE_ALPHA_DERIV=    0.70
2025-07-12 01:24:06.229 INFO: Epoch 660: head: Default, loss=0.0815, RMSE_MU_per_atom=0.00 mDebye, RMSE_MU_DERIV=0.00 mDebye / A, RMSE_ALPHA_per_atom=    0.02, RMSE_ALPHA_DERIV=    0.70
2025-07-12 01:24:28.420 INFO: Epoch 661: head: Default, loss=0.0821, RMSE_MU_per_atom=0.00 mDebye, RMSE_MU_DERIV=0.00 mDebye / A, RMSE_ALPHA_per_atom=    0.03, RMSE_ALPHA_DERIV=    0.70
2025-07-12 01:24:50.607 INFO: Epoch 662: head: Default, loss=0.0794, RMSE_MU_per_atom=0.00 mDebye, RMSE_MU_DERIV=0.00 mDebye / A, RMSE_ALPHA_per_atom=    0.02, RMSE_ALPHA_DERIV=    0.69
2025-07-12 01:25:12.797 INFO: Epoch 663: head: Default, loss=0.0820, RMSE_MU_per_atom=0.00 mDebye, RMSE_MU_DERIV=0.00 mDebye / A, RMSE_ALPHA_per_atom=    0.02, RMSE_ALPHA_DERIV=    0.70
2025-07-12 01:25:34.978 INFO: Epoch 664: head: Default, loss=0.0795, RMSE_MU_per_atom=0.00 mDebye, RMSE_MU_DERIV=0.00 mDebye / A, RMSE_ALPHA_per_atom=    0.02, RMSE_ALPHA_DERIV=    0.69
2025-07-12 01:25:57.167 INFO: Epoch 665: head: Default, loss=0.0803, RMSE_MU_per_atom=0.00 mDebye, RMSE_MU_DERIV=0.00 mDebye / A, RMSE_ALPHA_per_atom=    0.03, RMSE_ALPHA_DERIV=    0.69
2025-07-12 01:26:19.352 INFO: Epoch 666: head: Default, loss=0.0791, RMSE_MU_per_atom=0.00 mDebye, RMSE_MU_DERIV=0.00 mDebye / A, RMSE_ALPHA_per_atom=    0.02, RMSE_ALPHA_DERIV=    0.69
2025-07-12 01:26:41.541 INFO: Epoch 667: head: Default, loss=0.0806, RMSE_MU_per_atom=0.00 mDebye, RMSE_MU_DERIV=0.00 mDebye / A, RMSE_ALPHA_per_atom=    0.03, RMSE_ALPHA_DERIV=    0.69
2025-07-12 01:27:03.721 INFO: Epoch 668: head: Default, loss=0.0801, RMSE_MU_per_atom=0.00 mDebye, RMSE_MU_DERIV=0.00 mDebye / A, RMSE_ALPHA_per_atom=    0.02, RMSE_ALPHA_DERIV=    0.69
2025-07-12 01:27:25.904 INFO: Epoch 669: head: Default, loss=0.0821, RMSE_MU_per_atom=0.00 mDebye, RMSE_MU_DERIV=0.00 mDebye / A, RMSE_ALPHA_per_atom=    0.02, RMSE_ALPHA_DERIV=    0.70
2025-07-12 01:27:48.063 INFO: Epoch 670: head: Default, loss=0.0803, RMSE_MU_per_atom=0.00 mDebye, RMSE_MU_DERIV=0.00 mDebye / A, RMSE_ALPHA_per_atom=    0.02, RMSE_ALPHA_DERIV=    0.69
2025-07-12 01:28:10.255 INFO: Epoch 671: head: Default, loss=0.0813, RMSE_MU_per_atom=0.00 mDebye, RMSE_MU_DERIV=0.00 mDebye / A, RMSE_ALPHA_per_atom=    0.02, RMSE_ALPHA_DERIV=    0.70
2025-07-12 01:28:32.444 INFO: Epoch 672: head: Default, loss=0.0797, RMSE_MU_per_atom=0.00 mDebye, RMSE_MU_DERIV=0.00 mDebye / A, RMSE_ALPHA_per_atom=    0.02, RMSE_ALPHA_DERIV=    0.69
2025-07-12 01:28:54.623 INFO: Epoch 673: head: Default, loss=0.0792, RMSE_MU_per_atom=0.00 mDebye, RMSE_MU_DERIV=0.00 mDebye / A, RMSE_ALPHA_per_atom=    0.02, RMSE_ALPHA_DERIV=    0.69
2025-07-12 01:29:16.802 INFO: Epoch 674: head: Default, loss=0.0811, RMSE_MU_per_atom=0.00 mDebye, RMSE_MU_DERIV=0.00 mDebye / A, RMSE_ALPHA_per_atom=    0.02, RMSE_ALPHA_DERIV=    0.69
2025-07-12 01:29:38.983 INFO: Epoch 675: head: Default, loss=0.0820, RMSE_MU_per_atom=0.00 mDebye, RMSE_MU_DERIV=0.00 mDebye / A, RMSE_ALPHA_per_atom=    0.03, RMSE_ALPHA_DERIV=    0.69
2025-07-12 01:30:01.173 INFO: Epoch 676: head: Default, loss=0.0814, RMSE_MU_per_atom=0.00 mDebye, RMSE_MU_DERIV=0.00 mDebye / A, RMSE_ALPHA_per_atom=    0.02, RMSE_ALPHA_DERIV=    0.70
2025-07-12 01:30:23.360 INFO: Epoch 677: head: Default, loss=0.0798, RMSE_MU_per_atom=0.00 mDebye, RMSE_MU_DERIV=0.00 mDebye / A, RMSE_ALPHA_per_atom=    0.02, RMSE_ALPHA_DERIV=    0.69
2025-07-12 01:30:45.543 INFO: Epoch 678: head: Default, loss=0.0811, RMSE_MU_per_atom=0.00 mDebye, RMSE_MU_DERIV=0.00 mDebye / A, RMSE_ALPHA_per_atom=    0.02, RMSE_ALPHA_DERIV=    0.69
2025-07-12 01:31:07.730 INFO: Epoch 679: head: Default, loss=0.0800, RMSE_MU_per_atom=0.00 mDebye, RMSE_MU_DERIV=0.00 mDebye / A, RMSE_ALPHA_per_atom=    0.03, RMSE_ALPHA_DERIV=    0.69
2025-07-12 01:31:29.914 INFO: Epoch 680: head: Default, loss=0.0819, RMSE_MU_per_atom=0.00 mDebye, RMSE_MU_DERIV=0.00 mDebye / A, RMSE_ALPHA_per_atom=    0.02, RMSE_ALPHA_DERIV=    0.70
2025-07-12 01:31:52.088 INFO: Epoch 681: head: Default, loss=0.0822, RMSE_MU_per_atom=0.00 mDebye, RMSE_MU_DERIV=0.00 mDebye / A, RMSE_ALPHA_per_atom=    0.03, RMSE_ALPHA_DERIV=    0.69
2025-07-12 01:32:14.258 INFO: Epoch 682: head: Default, loss=0.0784, RMSE_MU_per_atom=0.00 mDebye, RMSE_MU_DERIV=0.00 mDebye / A, RMSE_ALPHA_per_atom=    0.02, RMSE_ALPHA_DERIV=    0.68
2025-07-12 01:32:36.429 INFO: Epoch 683: head: Default, loss=0.0802, RMSE_MU_per_atom=0.00 mDebye, RMSE_MU_DERIV=0.00 mDebye / A, RMSE_ALPHA_per_atom=    0.02, RMSE_ALPHA_DERIV=    0.69
2025-07-12 01:32:58.617 INFO: Epoch 684: head: Default, loss=0.0810, RMSE_MU_per_atom=0.00 mDebye, RMSE_MU_DERIV=0.00 mDebye / A, RMSE_ALPHA_per_atom=    0.02, RMSE_ALPHA_DERIV=    0.69
2025-07-12 01:33:20.794 INFO: Epoch 685: head: Default, loss=0.0820, RMSE_MU_per_atom=0.00 mDebye, RMSE_MU_DERIV=0.00 mDebye / A, RMSE_ALPHA_per_atom=    0.02, RMSE_ALPHA_DERIV=    0.70
2025-07-12 01:33:42.972 INFO: Epoch 686: head: Default, loss=0.0806, RMSE_MU_per_atom=0.00 mDebye, RMSE_MU_DERIV=0.00 mDebye / A, RMSE_ALPHA_per_atom=    0.02, RMSE_ALPHA_DERIV=    0.69
2025-07-12 01:34:05.161 INFO: Epoch 687: head: Default, loss=0.0791, RMSE_MU_per_atom=0.00 mDebye, RMSE_MU_DERIV=0.00 mDebye / A, RMSE_ALPHA_per_atom=    0.02, RMSE_ALPHA_DERIV=    0.69
2025-07-12 01:34:27.348 INFO: Epoch 688: head: Default, loss=0.0806, RMSE_MU_per_atom=0.00 mDebye, RMSE_MU_DERIV=0.00 mDebye / A, RMSE_ALPHA_per_atom=    0.03, RMSE_ALPHA_DERIV=    0.69
2025-07-12 01:34:49.538 INFO: Epoch 689: head: Default, loss=0.0806, RMSE_MU_per_atom=0.00 mDebye, RMSE_MU_DERIV=0.00 mDebye / A, RMSE_ALPHA_per_atom=    0.03, RMSE_ALPHA_DERIV=    0.69
2025-07-12 01:35:11.726 INFO: Epoch 690: head: Default, loss=0.0802, RMSE_MU_per_atom=0.00 mDebye, RMSE_MU_DERIV=0.00 mDebye / A, RMSE_ALPHA_per_atom=    0.02, RMSE_ALPHA_DERIV=    0.69
2025-07-12 01:35:33.909 INFO: Epoch 691: head: Default, loss=0.0805, RMSE_MU_per_atom=0.00 mDebye, RMSE_MU_DERIV=0.00 mDebye / A, RMSE_ALPHA_per_atom=    0.02, RMSE_ALPHA_DERIV=    0.69
2025-07-12 01:35:56.097 INFO: Epoch 692: head: Default, loss=0.0789, RMSE_MU_per_atom=0.00 mDebye, RMSE_MU_DERIV=0.00 mDebye / A, RMSE_ALPHA_per_atom=    0.02, RMSE_ALPHA_DERIV=    0.68
2025-07-12 01:36:18.292 INFO: Epoch 693: head: Default, loss=0.0812, RMSE_MU_per_atom=0.00 mDebye, RMSE_MU_DERIV=0.00 mDebye / A, RMSE_ALPHA_per_atom=    0.02, RMSE_ALPHA_DERIV=    0.69
2025-07-12 01:36:40.477 INFO: Epoch 694: head: Default, loss=0.0801, RMSE_MU_per_atom=0.00 mDebye, RMSE_MU_DERIV=0.00 mDebye / A, RMSE_ALPHA_per_atom=    0.02, RMSE_ALPHA_DERIV=    0.69
2025-07-12 01:37:02.657 INFO: Epoch 695: head: Default, loss=0.0820, RMSE_MU_per_atom=0.00 mDebye, RMSE_MU_DERIV=0.00 mDebye / A, RMSE_ALPHA_per_atom=    0.03, RMSE_ALPHA_DERIV=    0.70
2025-07-12 01:37:24.840 INFO: Epoch 696: head: Default, loss=0.0812, RMSE_MU_per_atom=0.00 mDebye, RMSE_MU_DERIV=0.00 mDebye / A, RMSE_ALPHA_per_atom=    0.02, RMSE_ALPHA_DERIV=    0.69
2025-07-12 01:37:47.016 INFO: Epoch 697: head: Default, loss=0.0809, RMSE_MU_per_atom=0.00 mDebye, RMSE_MU_DERIV=0.00 mDebye / A, RMSE_ALPHA_per_atom=    0.02, RMSE_ALPHA_DERIV=    0.69
2025-07-12 01:38:09.188 INFO: Epoch 698: head: Default, loss=0.0810, RMSE_MU_per_atom=0.00 mDebye, RMSE_MU_DERIV=0.00 mDebye / A, RMSE_ALPHA_per_atom=    0.02, RMSE_ALPHA_DERIV=    0.69
2025-07-12 01:38:31.373 INFO: Epoch 699: head: Default, loss=0.0806, RMSE_MU_per_atom=0.00 mDebye, RMSE_MU_DERIV=0.00 mDebye / A, RMSE_ALPHA_per_atom=    0.03, RMSE_ALPHA_DERIV=    0.69
2025-07-12 01:38:53.558 INFO: Epoch 700: head: Default, loss=0.0806, RMSE_MU_per_atom=0.00 mDebye, RMSE_MU_DERIV=0.00 mDebye / A, RMSE_ALPHA_per_atom=    0.02, RMSE_ALPHA_DERIV=    0.69
2025-07-12 01:39:15.735 INFO: Epoch 701: head: Default, loss=0.0799, RMSE_MU_per_atom=0.00 mDebye, RMSE_MU_DERIV=0.00 mDebye / A, RMSE_ALPHA_per_atom=    0.02, RMSE_ALPHA_DERIV=    0.69
2025-07-12 01:39:37.903 INFO: Epoch 702: head: Default, loss=0.0800, RMSE_MU_per_atom=0.00 mDebye, RMSE_MU_DERIV=0.00 mDebye / A, RMSE_ALPHA_per_atom=    0.02, RMSE_ALPHA_DERIV=    0.69
2025-07-12 01:40:00.100 INFO: Epoch 703: head: Default, loss=0.0813, RMSE_MU_per_atom=0.00 mDebye, RMSE_MU_DERIV=0.00 mDebye / A, RMSE_ALPHA_per_atom=    0.02, RMSE_ALPHA_DERIV=    0.69
2025-07-12 01:40:22.273 INFO: Epoch 704: head: Default, loss=0.0805, RMSE_MU_per_atom=0.00 mDebye, RMSE_MU_DERIV=0.00 mDebye / A, RMSE_ALPHA_per_atom=    0.02, RMSE_ALPHA_DERIV=    0.69
2025-07-12 01:40:44.459 INFO: Epoch 705: head: Default, loss=0.0839, RMSE_MU_per_atom=0.00 mDebye, RMSE_MU_DERIV=0.00 mDebye / A, RMSE_ALPHA_per_atom=    0.03, RMSE_ALPHA_DERIV=    0.70
2025-07-12 01:41:06.649 INFO: Epoch 706: head: Default, loss=0.0803, RMSE_MU_per_atom=0.00 mDebye, RMSE_MU_DERIV=0.00 mDebye / A, RMSE_ALPHA_per_atom=    0.02, RMSE_ALPHA_DERIV=    0.69
2025-07-12 01:41:28.823 INFO: Epoch 707: head: Default, loss=0.0808, RMSE_MU_per_atom=0.00 mDebye, RMSE_MU_DERIV=0.00 mDebye / A, RMSE_ALPHA_per_atom=    0.02, RMSE_ALPHA_DERIV=    0.69
2025-07-12 01:41:51.006 INFO: Epoch 708: head: Default, loss=0.0817, RMSE_MU_per_atom=0.00 mDebye, RMSE_MU_DERIV=0.00 mDebye / A, RMSE_ALPHA_per_atom=    0.03, RMSE_ALPHA_DERIV=    0.69
2025-07-12 01:42:13.175 INFO: Epoch 709: head: Default, loss=0.0805, RMSE_MU_per_atom=0.00 mDebye, RMSE_MU_DERIV=0.00 mDebye / A, RMSE_ALPHA_per_atom=    0.02, RMSE_ALPHA_DERIV=    0.69
2025-07-12 01:42:35.363 INFO: Epoch 710: head: Default, loss=0.0811, RMSE_MU_per_atom=0.00 mDebye, RMSE_MU_DERIV=0.00 mDebye / A, RMSE_ALPHA_per_atom=    0.03, RMSE_ALPHA_DERIV=    0.69
2025-07-12 01:42:57.563 INFO: Epoch 711: head: Default, loss=0.0806, RMSE_MU_per_atom=0.00 mDebye, RMSE_MU_DERIV=0.00 mDebye / A, RMSE_ALPHA_per_atom=    0.03, RMSE_ALPHA_DERIV=    0.69
2025-07-12 01:43:19.750 INFO: Epoch 712: head: Default, loss=0.0805, RMSE_MU_per_atom=0.00 mDebye, RMSE_MU_DERIV=0.00 mDebye / A, RMSE_ALPHA_per_atom=    0.02, RMSE_ALPHA_DERIV=    0.69
2025-07-12 01:43:41.929 INFO: Epoch 713: head: Default, loss=0.0797, RMSE_MU_per_atom=0.00 mDebye, RMSE_MU_DERIV=0.00 mDebye / A, RMSE_ALPHA_per_atom=    0.02, RMSE_ALPHA_DERIV=    0.69
2025-07-12 01:44:04.100 INFO: Epoch 714: head: Default, loss=0.0805, RMSE_MU_per_atom=0.00 mDebye, RMSE_MU_DERIV=0.00 mDebye / A, RMSE_ALPHA_per_atom=    0.02, RMSE_ALPHA_DERIV=    0.69
2025-07-12 01:44:26.287 INFO: Epoch 715: head: Default, loss=0.0803, RMSE_MU_per_atom=0.00 mDebye, RMSE_MU_DERIV=0.00 mDebye / A, RMSE_ALPHA_per_atom=    0.02, RMSE_ALPHA_DERIV=    0.69
2025-07-12 01:44:48.475 INFO: Epoch 716: head: Default, loss=0.0807, RMSE_MU_per_atom=0.00 mDebye, RMSE_MU_DERIV=0.00 mDebye / A, RMSE_ALPHA_per_atom=    0.02, RMSE_ALPHA_DERIV=    0.69
2025-07-12 01:45:10.669 INFO: Epoch 717: head: Default, loss=0.0799, RMSE_MU_per_atom=0.00 mDebye, RMSE_MU_DERIV=0.00 mDebye / A, RMSE_ALPHA_per_atom=    0.02, RMSE_ALPHA_DERIV=    0.69
2025-07-12 01:45:32.859 INFO: Epoch 718: head: Default, loss=0.0812, RMSE_MU_per_atom=0.00 mDebye, RMSE_MU_DERIV=0.00 mDebye / A, RMSE_ALPHA_per_atom=    0.02, RMSE_ALPHA_DERIV=    0.69
2025-07-12 01:45:55.047 INFO: Epoch 719: head: Default, loss=0.0805, RMSE_MU_per_atom=0.00 mDebye, RMSE_MU_DERIV=0.00 mDebye / A, RMSE_ALPHA_per_atom=    0.03, RMSE_ALPHA_DERIV=    0.69
2025-07-12 01:46:17.241 INFO: Epoch 720: head: Default, loss=0.0800, RMSE_MU_per_atom=0.00 mDebye, RMSE_MU_DERIV=0.00 mDebye / A, RMSE_ALPHA_per_atom=    0.02, RMSE_ALPHA_DERIV=    0.69
2025-07-12 01:46:39.424 INFO: Epoch 721: head: Default, loss=0.0812, RMSE_MU_per_atom=0.00 mDebye, RMSE_MU_DERIV=0.00 mDebye / A, RMSE_ALPHA_per_atom=    0.03, RMSE_ALPHA_DERIV=    0.69
2025-07-12 01:47:01.604 INFO: Epoch 722: head: Default, loss=0.0795, RMSE_MU_per_atom=0.00 mDebye, RMSE_MU_DERIV=0.00 mDebye / A, RMSE_ALPHA_per_atom=    0.02, RMSE_ALPHA_DERIV=    0.69
2025-07-12 01:47:23.787 INFO: Epoch 723: head: Default, loss=0.0799, RMSE_MU_per_atom=0.00 mDebye, RMSE_MU_DERIV=0.00 mDebye / A, RMSE_ALPHA_per_atom=    0.02, RMSE_ALPHA_DERIV=    0.69
2025-07-12 01:47:45.990 INFO: Epoch 724: head: Default, loss=0.0800, RMSE_MU_per_atom=0.00 mDebye, RMSE_MU_DERIV=0.00 mDebye / A, RMSE_ALPHA_per_atom=    0.02, RMSE_ALPHA_DERIV=    0.69
2025-07-12 01:48:08.176 INFO: Epoch 725: head: Default, loss=0.0819, RMSE_MU_per_atom=0.00 mDebye, RMSE_MU_DERIV=0.00 mDebye / A, RMSE_ALPHA_per_atom=    0.03, RMSE_ALPHA_DERIV=    0.70
2025-07-12 01:48:30.364 INFO: Epoch 726: head: Default, loss=0.0807, RMSE_MU_per_atom=0.00 mDebye, RMSE_MU_DERIV=0.00 mDebye / A, RMSE_ALPHA_per_atom=    0.02, RMSE_ALPHA_DERIV=    0.69
2025-07-12 01:48:52.544 INFO: Epoch 727: head: Default, loss=0.0820, RMSE_MU_per_atom=0.00 mDebye, RMSE_MU_DERIV=0.00 mDebye / A, RMSE_ALPHA_per_atom=    0.02, RMSE_ALPHA_DERIV=    0.70
2025-07-12 01:49:14.726 INFO: Epoch 728: head: Default, loss=0.0797, RMSE_MU_per_atom=0.00 mDebye, RMSE_MU_DERIV=0.00 mDebye / A, RMSE_ALPHA_per_atom=    0.02, RMSE_ALPHA_DERIV=    0.69
2025-07-12 01:49:36.917 INFO: Epoch 729: head: Default, loss=0.0798, RMSE_MU_per_atom=0.00 mDebye, RMSE_MU_DERIV=0.00 mDebye / A, RMSE_ALPHA_per_atom=    0.02, RMSE_ALPHA_DERIV=    0.69
2025-07-12 01:49:59.112 INFO: Epoch 730: head: Default, loss=0.0810, RMSE_MU_per_atom=0.00 mDebye, RMSE_MU_DERIV=0.00 mDebye / A, RMSE_ALPHA_per_atom=    0.02, RMSE_ALPHA_DERIV=    0.69
2025-07-12 01:50:21.289 INFO: Epoch 731: head: Default, loss=0.0788, RMSE_MU_per_atom=0.00 mDebye, RMSE_MU_DERIV=0.00 mDebye / A, RMSE_ALPHA_per_atom=    0.02, RMSE_ALPHA_DERIV=    0.68
2025-07-12 01:50:43.476 INFO: Epoch 732: head: Default, loss=0.0817, RMSE_MU_per_atom=0.00 mDebye, RMSE_MU_DERIV=0.00 mDebye / A, RMSE_ALPHA_per_atom=    0.03, RMSE_ALPHA_DERIV=    0.70
2025-07-12 01:51:05.676 INFO: Epoch 733: head: Default, loss=0.0799, RMSE_MU_per_atom=0.00 mDebye, RMSE_MU_DERIV=0.00 mDebye / A, RMSE_ALPHA_per_atom=    0.02, RMSE_ALPHA_DERIV=    0.69
2025-07-12 01:51:27.864 INFO: Epoch 734: head: Default, loss=0.0803, RMSE_MU_per_atom=0.00 mDebye, RMSE_MU_DERIV=0.00 mDebye / A, RMSE_ALPHA_per_atom=    0.02, RMSE_ALPHA_DERIV=    0.69
2025-07-12 01:51:50.045 INFO: Epoch 735: head: Default, loss=0.0819, RMSE_MU_per_atom=0.00 mDebye, RMSE_MU_DERIV=0.00 mDebye / A, RMSE_ALPHA_per_atom=    0.02, RMSE_ALPHA_DERIV=    0.70
2025-07-12 01:52:12.236 INFO: Epoch 736: head: Default, loss=0.0809, RMSE_MU_per_atom=0.00 mDebye, RMSE_MU_DERIV=0.00 mDebye / A, RMSE_ALPHA_per_atom=    0.02, RMSE_ALPHA_DERIV=    0.69
2025-07-12 01:52:34.421 INFO: Epoch 737: head: Default, loss=0.0805, RMSE_MU_per_atom=0.00 mDebye, RMSE_MU_DERIV=0.00 mDebye / A, RMSE_ALPHA_per_atom=    0.02, RMSE_ALPHA_DERIV=    0.69
2025-07-12 01:52:56.615 INFO: Epoch 738: head: Default, loss=0.0798, RMSE_MU_per_atom=0.00 mDebye, RMSE_MU_DERIV=0.00 mDebye / A, RMSE_ALPHA_per_atom=    0.02, RMSE_ALPHA_DERIV=    0.69
2025-07-12 01:53:18.811 INFO: Epoch 739: head: Default, loss=0.0809, RMSE_MU_per_atom=0.00 mDebye, RMSE_MU_DERIV=0.00 mDebye / A, RMSE_ALPHA_per_atom=    0.02, RMSE_ALPHA_DERIV=    0.69
2025-07-12 01:53:41.011 INFO: Epoch 740: head: Default, loss=0.0812, RMSE_MU_per_atom=0.00 mDebye, RMSE_MU_DERIV=0.00 mDebye / A, RMSE_ALPHA_per_atom=    0.02, RMSE_ALPHA_DERIV=    0.69
2025-07-12 01:54:03.211 INFO: Epoch 741: head: Default, loss=0.0800, RMSE_MU_per_atom=0.00 mDebye, RMSE_MU_DERIV=0.00 mDebye / A, RMSE_ALPHA_per_atom=    0.02, RMSE_ALPHA_DERIV=    0.69
2025-07-12 01:54:25.410 INFO: Epoch 742: head: Default, loss=0.0795, RMSE_MU_per_atom=0.00 mDebye, RMSE_MU_DERIV=0.00 mDebye / A, RMSE_ALPHA_per_atom=    0.02, RMSE_ALPHA_DERIV=    0.69
2025-07-12 01:54:47.599 INFO: Epoch 743: head: Default, loss=0.0803, RMSE_MU_per_atom=0.00 mDebye, RMSE_MU_DERIV=0.00 mDebye / A, RMSE_ALPHA_per_atom=    0.02, RMSE_ALPHA_DERIV=    0.69
2025-07-12 01:55:09.789 INFO: Epoch 744: head: Default, loss=0.0805, RMSE_MU_per_atom=0.00 mDebye, RMSE_MU_DERIV=0.00 mDebye / A, RMSE_ALPHA_per_atom=    0.03, RMSE_ALPHA_DERIV=    0.69
2025-07-12 01:55:31.975 INFO: Epoch 745: head: Default, loss=0.0806, RMSE_MU_per_atom=0.00 mDebye, RMSE_MU_DERIV=0.00 mDebye / A, RMSE_ALPHA_per_atom=    0.02, RMSE_ALPHA_DERIV=    0.69
2025-07-12 01:55:54.159 INFO: Epoch 746: head: Default, loss=0.0798, RMSE_MU_per_atom=0.00 mDebye, RMSE_MU_DERIV=0.00 mDebye / A, RMSE_ALPHA_per_atom=    0.02, RMSE_ALPHA_DERIV=    0.69
2025-07-12 01:56:16.337 INFO: Epoch 747: head: Default, loss=0.0809, RMSE_MU_per_atom=0.00 mDebye, RMSE_MU_DERIV=0.00 mDebye / A, RMSE_ALPHA_per_atom=    0.02, RMSE_ALPHA_DERIV=    0.69
2025-07-12 01:56:38.530 INFO: Epoch 748: head: Default, loss=0.0799, RMSE_MU_per_atom=0.00 mDebye, RMSE_MU_DERIV=0.00 mDebye / A, RMSE_ALPHA_per_atom=    0.02, RMSE_ALPHA_DERIV=    0.69
2025-07-12 01:57:00.717 INFO: Epoch 749: head: Default, loss=0.0818, RMSE_MU_per_atom=0.00 mDebye, RMSE_MU_DERIV=0.00 mDebye / A, RMSE_ALPHA_per_atom=    0.02, RMSE_ALPHA_DERIV=    0.70
2025-07-12 01:57:22.905 INFO: Epoch 750: head: Default, loss=0.0822, RMSE_MU_per_atom=0.00 mDebye, RMSE_MU_DERIV=0.00 mDebye / A, RMSE_ALPHA_per_atom=    0.03, RMSE_ALPHA_DERIV=    0.70
2025-07-12 01:57:45.100 INFO: Epoch 751: head: Default, loss=0.0806, RMSE_MU_per_atom=0.00 mDebye, RMSE_MU_DERIV=0.00 mDebye / A, RMSE_ALPHA_per_atom=    0.02, RMSE_ALPHA_DERIV=    0.69
2025-07-12 01:58:07.293 INFO: Epoch 752: head: Default, loss=0.0811, RMSE_MU_per_atom=0.00 mDebye, RMSE_MU_DERIV=0.00 mDebye / A, RMSE_ALPHA_per_atom=    0.03, RMSE_ALPHA_DERIV=    0.69
2025-07-12 01:58:29.491 INFO: Epoch 753: head: Default, loss=0.0811, RMSE_MU_per_atom=0.00 mDebye, RMSE_MU_DERIV=0.00 mDebye / A, RMSE_ALPHA_per_atom=    0.02, RMSE_ALPHA_DERIV=    0.69
2025-07-12 01:58:51.673 INFO: Epoch 754: head: Default, loss=0.0795, RMSE_MU_per_atom=0.00 mDebye, RMSE_MU_DERIV=0.00 mDebye / A, RMSE_ALPHA_per_atom=    0.02, RMSE_ALPHA_DERIV=    0.69
2025-07-12 01:59:13.848 INFO: Epoch 755: head: Default, loss=0.0823, RMSE_MU_per_atom=0.00 mDebye, RMSE_MU_DERIV=0.00 mDebye / A, RMSE_ALPHA_per_atom=    0.03, RMSE_ALPHA_DERIV=    0.70
2025-07-12 01:59:36.039 INFO: Epoch 756: head: Default, loss=0.0814, RMSE_MU_per_atom=0.00 mDebye, RMSE_MU_DERIV=0.00 mDebye / A, RMSE_ALPHA_per_atom=    0.02, RMSE_ALPHA_DERIV=    0.70
2025-07-12 01:59:58.232 INFO: Epoch 757: head: Default, loss=0.0800, RMSE_MU_per_atom=0.00 mDebye, RMSE_MU_DERIV=0.00 mDebye / A, RMSE_ALPHA_per_atom=    0.02, RMSE_ALPHA_DERIV=    0.69
2025-07-12 02:00:20.416 INFO: Epoch 758: head: Default, loss=0.0819, RMSE_MU_per_atom=0.00 mDebye, RMSE_MU_DERIV=0.00 mDebye / A, RMSE_ALPHA_per_atom=    0.02, RMSE_ALPHA_DERIV=    0.70
2025-07-12 02:00:42.594 INFO: Epoch 759: head: Default, loss=0.0797, RMSE_MU_per_atom=0.00 mDebye, RMSE_MU_DERIV=0.00 mDebye / A, RMSE_ALPHA_per_atom=    0.02, RMSE_ALPHA_DERIV=    0.69
2025-07-12 02:01:04.787 INFO: Epoch 760: head: Default, loss=0.0808, RMSE_MU_per_atom=0.00 mDebye, RMSE_MU_DERIV=0.00 mDebye / A, RMSE_ALPHA_per_atom=    0.03, RMSE_ALPHA_DERIV=    0.69
2025-07-12 02:01:26.972 INFO: Epoch 761: head: Default, loss=0.0813, RMSE_MU_per_atom=0.00 mDebye, RMSE_MU_DERIV=0.00 mDebye / A, RMSE_ALPHA_per_atom=    0.02, RMSE_ALPHA_DERIV=    0.69
2025-07-12 02:01:49.162 INFO: Epoch 762: head: Default, loss=0.0808, RMSE_MU_per_atom=0.00 mDebye, RMSE_MU_DERIV=0.00 mDebye / A, RMSE_ALPHA_per_atom=    0.02, RMSE_ALPHA_DERIV=    0.69
2025-07-12 02:02:11.341 INFO: Epoch 763: head: Default, loss=0.0807, RMSE_MU_per_atom=0.00 mDebye, RMSE_MU_DERIV=0.00 mDebye / A, RMSE_ALPHA_per_atom=    0.03, RMSE_ALPHA_DERIV=    0.69
2025-07-12 02:02:33.532 INFO: Epoch 764: head: Default, loss=0.0800, RMSE_MU_per_atom=0.00 mDebye, RMSE_MU_DERIV=0.00 mDebye / A, RMSE_ALPHA_per_atom=    0.02, RMSE_ALPHA_DERIV=    0.69
2025-07-12 02:02:55.731 INFO: Epoch 765: head: Default, loss=0.0807, RMSE_MU_per_atom=0.00 mDebye, RMSE_MU_DERIV=0.00 mDebye / A, RMSE_ALPHA_per_atom=    0.03, RMSE_ALPHA_DERIV=    0.69
2025-07-12 02:03:17.919 INFO: Epoch 766: head: Default, loss=0.0803, RMSE_MU_per_atom=0.00 mDebye, RMSE_MU_DERIV=0.00 mDebye / A, RMSE_ALPHA_per_atom=    0.02, RMSE_ALPHA_DERIV=    0.69
2025-07-12 02:03:40.106 INFO: Epoch 767: head: Default, loss=0.0803, RMSE_MU_per_atom=0.00 mDebye, RMSE_MU_DERIV=0.00 mDebye / A, RMSE_ALPHA_per_atom=    0.03, RMSE_ALPHA_DERIV=    0.69
2025-07-12 02:04:02.300 INFO: Epoch 768: head: Default, loss=0.0800, RMSE_MU_per_atom=0.00 mDebye, RMSE_MU_DERIV=0.00 mDebye / A, RMSE_ALPHA_per_atom=    0.02, RMSE_ALPHA_DERIV=    0.69
2025-07-12 02:04:24.494 INFO: Epoch 769: head: Default, loss=0.0806, RMSE_MU_per_atom=0.00 mDebye, RMSE_MU_DERIV=0.00 mDebye / A, RMSE_ALPHA_per_atom=    0.02, RMSE_ALPHA_DERIV=    0.69
2025-07-12 02:04:46.684 INFO: Epoch 770: head: Default, loss=0.0813, RMSE_MU_per_atom=0.00 mDebye, RMSE_MU_DERIV=0.00 mDebye / A, RMSE_ALPHA_per_atom=    0.02, RMSE_ALPHA_DERIV=    0.70
2025-07-12 02:05:08.874 INFO: Epoch 771: head: Default, loss=0.0805, RMSE_MU_per_atom=0.00 mDebye, RMSE_MU_DERIV=0.00 mDebye / A, RMSE_ALPHA_per_atom=    0.03, RMSE_ALPHA_DERIV=    0.69
2025-07-12 02:05:31.065 INFO: Epoch 772: head: Default, loss=0.0811, RMSE_MU_per_atom=0.00 mDebye, RMSE_MU_DERIV=0.00 mDebye / A, RMSE_ALPHA_per_atom=    0.02, RMSE_ALPHA_DERIV=    0.69
2025-07-12 02:05:53.258 INFO: Epoch 773: head: Default, loss=0.0799, RMSE_MU_per_atom=0.00 mDebye, RMSE_MU_DERIV=0.00 mDebye / A, RMSE_ALPHA_per_atom=    0.02, RMSE_ALPHA_DERIV=    0.69
2025-07-12 02:06:15.436 INFO: Epoch 774: head: Default, loss=0.0808, RMSE_MU_per_atom=0.00 mDebye, RMSE_MU_DERIV=0.00 mDebye / A, RMSE_ALPHA_per_atom=    0.02, RMSE_ALPHA_DERIV=    0.69
2025-07-12 02:06:37.623 INFO: Epoch 775: head: Default, loss=0.0801, RMSE_MU_per_atom=0.00 mDebye, RMSE_MU_DERIV=0.00 mDebye / A, RMSE_ALPHA_per_atom=    0.02, RMSE_ALPHA_DERIV=    0.69
2025-07-12 02:06:59.807 INFO: Epoch 776: head: Default, loss=0.0807, RMSE_MU_per_atom=0.00 mDebye, RMSE_MU_DERIV=0.00 mDebye / A, RMSE_ALPHA_per_atom=    0.03, RMSE_ALPHA_DERIV=    0.69
2025-07-12 02:07:22.002 INFO: Epoch 777: head: Default, loss=0.0814, RMSE_MU_per_atom=0.00 mDebye, RMSE_MU_DERIV=0.00 mDebye / A, RMSE_ALPHA_per_atom=    0.03, RMSE_ALPHA_DERIV=    0.69
2025-07-12 02:07:44.189 INFO: Epoch 778: head: Default, loss=0.0820, RMSE_MU_per_atom=0.00 mDebye, RMSE_MU_DERIV=0.00 mDebye / A, RMSE_ALPHA_per_atom=    0.02, RMSE_ALPHA_DERIV=    0.70
2025-07-12 02:08:06.377 INFO: Epoch 779: head: Default, loss=0.0798, RMSE_MU_per_atom=0.00 mDebye, RMSE_MU_DERIV=0.00 mDebye / A, RMSE_ALPHA_per_atom=    0.02, RMSE_ALPHA_DERIV=    0.69
2025-07-12 02:08:28.573 INFO: Epoch 780: head: Default, loss=0.0804, RMSE_MU_per_atom=0.00 mDebye, RMSE_MU_DERIV=0.00 mDebye / A, RMSE_ALPHA_per_atom=    0.02, RMSE_ALPHA_DERIV=    0.69
2025-07-12 02:08:50.764 INFO: Epoch 781: head: Default, loss=0.0809, RMSE_MU_per_atom=0.00 mDebye, RMSE_MU_DERIV=0.00 mDebye / A, RMSE_ALPHA_per_atom=    0.02, RMSE_ALPHA_DERIV=    0.69
2025-07-12 02:09:12.955 INFO: Epoch 782: head: Default, loss=0.0795, RMSE_MU_per_atom=0.00 mDebye, RMSE_MU_DERIV=0.00 mDebye / A, RMSE_ALPHA_per_atom=    0.02, RMSE_ALPHA_DERIV=    0.69
2025-07-12 02:09:35.147 INFO: Epoch 783: head: Default, loss=0.0809, RMSE_MU_per_atom=0.00 mDebye, RMSE_MU_DERIV=0.00 mDebye / A, RMSE_ALPHA_per_atom=    0.03, RMSE_ALPHA_DERIV=    0.69
2025-07-12 02:09:57.340 INFO: Epoch 784: head: Default, loss=0.0822, RMSE_MU_per_atom=0.00 mDebye, RMSE_MU_DERIV=0.00 mDebye / A, RMSE_ALPHA_per_atom=    0.02, RMSE_ALPHA_DERIV=    0.70
2025-07-12 02:10:19.533 INFO: Epoch 785: head: Default, loss=0.0816, RMSE_MU_per_atom=0.00 mDebye, RMSE_MU_DERIV=0.00 mDebye / A, RMSE_ALPHA_per_atom=    0.02, RMSE_ALPHA_DERIV=    0.70
2025-07-12 02:10:41.717 INFO: Epoch 786: head: Default, loss=0.0815, RMSE_MU_per_atom=0.00 mDebye, RMSE_MU_DERIV=0.00 mDebye / A, RMSE_ALPHA_per_atom=    0.02, RMSE_ALPHA_DERIV=    0.70
2025-07-12 02:11:03.911 INFO: Epoch 787: head: Default, loss=0.0809, RMSE_MU_per_atom=0.00 mDebye, RMSE_MU_DERIV=0.00 mDebye / A, RMSE_ALPHA_per_atom=    0.02, RMSE_ALPHA_DERIV=    0.69
2025-07-12 02:11:26.098 INFO: Epoch 788: head: Default, loss=0.0806, RMSE_MU_per_atom=0.00 mDebye, RMSE_MU_DERIV=0.00 mDebye / A, RMSE_ALPHA_per_atom=    0.02, RMSE_ALPHA_DERIV=    0.69
2025-07-12 02:11:48.291 INFO: Epoch 789: head: Default, loss=0.0808, RMSE_MU_per_atom=0.00 mDebye, RMSE_MU_DERIV=0.00 mDebye / A, RMSE_ALPHA_per_atom=    0.02, RMSE_ALPHA_DERIV=    0.69
2025-07-12 02:12:10.481 INFO: Epoch 790: head: Default, loss=0.0816, RMSE_MU_per_atom=0.00 mDebye, RMSE_MU_DERIV=0.00 mDebye / A, RMSE_ALPHA_per_atom=    0.02, RMSE_ALPHA_DERIV=    0.70
2025-07-12 02:12:32.675 INFO: Epoch 791: head: Default, loss=0.0806, RMSE_MU_per_atom=0.00 mDebye, RMSE_MU_DERIV=0.00 mDebye / A, RMSE_ALPHA_per_atom=    0.02, RMSE_ALPHA_DERIV=    0.69
2025-07-12 02:12:54.851 INFO: Epoch 792: head: Default, loss=0.0815, RMSE_MU_per_atom=0.00 mDebye, RMSE_MU_DERIV=0.00 mDebye / A, RMSE_ALPHA_per_atom=    0.02, RMSE_ALPHA_DERIV=    0.70
2025-07-12 02:13:17.033 INFO: Epoch 793: head: Default, loss=0.0800, RMSE_MU_per_atom=0.00 mDebye, RMSE_MU_DERIV=0.00 mDebye / A, RMSE_ALPHA_per_atom=    0.03, RMSE_ALPHA_DERIV=    0.69
2025-07-12 02:13:39.224 INFO: Epoch 794: head: Default, loss=0.0809, RMSE_MU_per_atom=0.00 mDebye, RMSE_MU_DERIV=0.00 mDebye / A, RMSE_ALPHA_per_atom=    0.02, RMSE_ALPHA_DERIV=    0.69
2025-07-12 02:14:01.417 INFO: Epoch 795: head: Default, loss=0.0799, RMSE_MU_per_atom=0.00 mDebye, RMSE_MU_DERIV=0.00 mDebye / A, RMSE_ALPHA_per_atom=    0.02, RMSE_ALPHA_DERIV=    0.69
2025-07-12 02:14:23.613 INFO: Epoch 796: head: Default, loss=0.0801, RMSE_MU_per_atom=0.00 mDebye, RMSE_MU_DERIV=0.00 mDebye / A, RMSE_ALPHA_per_atom=    0.02, RMSE_ALPHA_DERIV=    0.69
2025-07-12 02:14:45.804 INFO: Epoch 797: head: Default, loss=0.0824, RMSE_MU_per_atom=0.00 mDebye, RMSE_MU_DERIV=0.00 mDebye / A, RMSE_ALPHA_per_atom=    0.03, RMSE_ALPHA_DERIV=    0.70
2025-07-12 02:15:07.985 INFO: Epoch 798: head: Default, loss=0.0810, RMSE_MU_per_atom=0.00 mDebye, RMSE_MU_DERIV=0.00 mDebye / A, RMSE_ALPHA_per_atom=    0.02, RMSE_ALPHA_DERIV=    0.69
2025-07-12 02:15:30.177 INFO: Epoch 799: head: Default, loss=0.0807, RMSE_MU_per_atom=0.00 mDebye, RMSE_MU_DERIV=0.00 mDebye / A, RMSE_ALPHA_per_atom=    0.02, RMSE_ALPHA_DERIV=    0.69
2025-07-12 02:15:52.372 INFO: Epoch 800: head: Default, loss=0.0804, RMSE_MU_per_atom=0.00 mDebye, RMSE_MU_DERIV=0.00 mDebye / A, RMSE_ALPHA_per_atom=    0.02, RMSE_ALPHA_DERIV=    0.69
2025-07-12 02:16:14.569 INFO: Epoch 801: head: Default, loss=0.0805, RMSE_MU_per_atom=0.00 mDebye, RMSE_MU_DERIV=0.00 mDebye / A, RMSE_ALPHA_per_atom=    0.02, RMSE_ALPHA_DERIV=    0.69
2025-07-12 02:16:36.768 INFO: Epoch 802: head: Default, loss=0.0806, RMSE_MU_per_atom=0.00 mDebye, RMSE_MU_DERIV=0.00 mDebye / A, RMSE_ALPHA_per_atom=    0.02, RMSE_ALPHA_DERIV=    0.69
2025-07-12 02:16:58.958 INFO: Epoch 803: head: Default, loss=0.0809, RMSE_MU_per_atom=0.00 mDebye, RMSE_MU_DERIV=0.00 mDebye / A, RMSE_ALPHA_per_atom=    0.02, RMSE_ALPHA_DERIV=    0.69
2025-07-12 02:17:21.138 INFO: Epoch 804: head: Default, loss=0.0805, RMSE_MU_per_atom=0.00 mDebye, RMSE_MU_DERIV=0.00 mDebye / A, RMSE_ALPHA_per_atom=    0.02, RMSE_ALPHA_DERIV=    0.69
2025-07-12 02:17:43.327 INFO: Epoch 805: head: Default, loss=0.0802, RMSE_MU_per_atom=0.00 mDebye, RMSE_MU_DERIV=0.00 mDebye / A, RMSE_ALPHA_per_atom=    0.02, RMSE_ALPHA_DERIV=    0.69
2025-07-12 02:18:05.511 INFO: Epoch 806: head: Default, loss=0.0811, RMSE_MU_per_atom=0.00 mDebye, RMSE_MU_DERIV=0.00 mDebye / A, RMSE_ALPHA_per_atom=    0.03, RMSE_ALPHA_DERIV=    0.69
2025-07-12 02:18:27.708 INFO: Epoch 807: head: Default, loss=0.0804, RMSE_MU_per_atom=0.00 mDebye, RMSE_MU_DERIV=0.00 mDebye / A, RMSE_ALPHA_per_atom=    0.02, RMSE_ALPHA_DERIV=    0.69
2025-07-12 02:18:49.899 INFO: Epoch 808: head: Default, loss=0.0805, RMSE_MU_per_atom=0.00 mDebye, RMSE_MU_DERIV=0.00 mDebye / A, RMSE_ALPHA_per_atom=    0.02, RMSE_ALPHA_DERIV=    0.69
2025-07-12 02:19:12.088 INFO: Epoch 809: head: Default, loss=0.0804, RMSE_MU_per_atom=0.00 mDebye, RMSE_MU_DERIV=0.00 mDebye / A, RMSE_ALPHA_per_atom=    0.02, RMSE_ALPHA_DERIV=    0.69
2025-07-12 02:19:34.272 INFO: Epoch 810: head: Default, loss=0.0806, RMSE_MU_per_atom=0.00 mDebye, RMSE_MU_DERIV=0.00 mDebye / A, RMSE_ALPHA_per_atom=    0.02, RMSE_ALPHA_DERIV=    0.69
2025-07-12 02:19:56.456 INFO: Epoch 811: head: Default, loss=0.0809, RMSE_MU_per_atom=0.00 mDebye, RMSE_MU_DERIV=0.00 mDebye / A, RMSE_ALPHA_per_atom=    0.02, RMSE_ALPHA_DERIV=    0.69
2025-07-12 02:20:18.646 INFO: Epoch 812: head: Default, loss=0.0797, RMSE_MU_per_atom=0.00 mDebye, RMSE_MU_DERIV=0.00 mDebye / A, RMSE_ALPHA_per_atom=    0.02, RMSE_ALPHA_DERIV=    0.69
2025-07-12 02:20:40.838 INFO: Epoch 813: head: Default, loss=0.0816, RMSE_MU_per_atom=0.00 mDebye, RMSE_MU_DERIV=0.00 mDebye / A, RMSE_ALPHA_per_atom=    0.03, RMSE_ALPHA_DERIV=    0.69
2025-07-12 02:21:03.031 INFO: Epoch 814: head: Default, loss=0.0818, RMSE_MU_per_atom=0.00 mDebye, RMSE_MU_DERIV=0.00 mDebye / A, RMSE_ALPHA_per_atom=    0.02, RMSE_ALPHA_DERIV=    0.70
2025-07-12 02:21:25.204 INFO: Epoch 815: head: Default, loss=0.0796, RMSE_MU_per_atom=0.00 mDebye, RMSE_MU_DERIV=0.00 mDebye / A, RMSE_ALPHA_per_atom=    0.02, RMSE_ALPHA_DERIV=    0.69
2025-07-12 02:21:47.384 INFO: Epoch 816: head: Default, loss=0.0829, RMSE_MU_per_atom=0.00 mDebye, RMSE_MU_DERIV=0.00 mDebye / A, RMSE_ALPHA_per_atom=    0.02, RMSE_ALPHA_DERIV=    0.70
2025-07-12 02:22:09.568 INFO: Epoch 817: head: Default, loss=0.0818, RMSE_MU_per_atom=0.00 mDebye, RMSE_MU_DERIV=0.00 mDebye / A, RMSE_ALPHA_per_atom=    0.03, RMSE_ALPHA_DERIV=    0.70
2025-07-12 02:22:31.762 INFO: Epoch 818: head: Default, loss=0.0807, RMSE_MU_per_atom=0.00 mDebye, RMSE_MU_DERIV=0.00 mDebye / A, RMSE_ALPHA_per_atom=    0.02, RMSE_ALPHA_DERIV=    0.69
2025-07-12 02:22:53.960 INFO: Epoch 819: head: Default, loss=0.0801, RMSE_MU_per_atom=0.00 mDebye, RMSE_MU_DERIV=0.00 mDebye / A, RMSE_ALPHA_per_atom=    0.02, RMSE_ALPHA_DERIV=    0.69
2025-07-12 02:23:16.152 INFO: Epoch 820: head: Default, loss=0.0802, RMSE_MU_per_atom=0.00 mDebye, RMSE_MU_DERIV=0.00 mDebye / A, RMSE_ALPHA_per_atom=    0.02, RMSE_ALPHA_DERIV=    0.69
2025-07-12 02:23:38.339 INFO: Epoch 821: head: Default, loss=0.0809, RMSE_MU_per_atom=0.00 mDebye, RMSE_MU_DERIV=0.00 mDebye / A, RMSE_ALPHA_per_atom=    0.02, RMSE_ALPHA_DERIV=    0.69
2025-07-12 02:24:00.532 INFO: Epoch 822: head: Default, loss=0.0809, RMSE_MU_per_atom=0.00 mDebye, RMSE_MU_DERIV=0.00 mDebye / A, RMSE_ALPHA_per_atom=    0.02, RMSE_ALPHA_DERIV=    0.69
2025-07-12 02:24:22.713 INFO: Epoch 823: head: Default, loss=0.0813, RMSE_MU_per_atom=0.00 mDebye, RMSE_MU_DERIV=0.00 mDebye / A, RMSE_ALPHA_per_atom=    0.02, RMSE_ALPHA_DERIV=    0.70
2025-07-12 02:24:44.904 INFO: Epoch 824: head: Default, loss=0.0798, RMSE_MU_per_atom=0.00 mDebye, RMSE_MU_DERIV=0.00 mDebye / A, RMSE_ALPHA_per_atom=    0.02, RMSE_ALPHA_DERIV=    0.69
2025-07-12 02:25:07.086 INFO: Epoch 825: head: Default, loss=0.0810, RMSE_MU_per_atom=0.00 mDebye, RMSE_MU_DERIV=0.00 mDebye / A, RMSE_ALPHA_per_atom=    0.03, RMSE_ALPHA_DERIV=    0.69
2025-07-12 02:25:29.279 INFO: Epoch 826: head: Default, loss=0.0821, RMSE_MU_per_atom=0.00 mDebye, RMSE_MU_DERIV=0.00 mDebye / A, RMSE_ALPHA_per_atom=    0.02, RMSE_ALPHA_DERIV=    0.70
2025-07-12 02:25:51.467 INFO: Epoch 827: head: Default, loss=0.0803, RMSE_MU_per_atom=0.00 mDebye, RMSE_MU_DERIV=0.00 mDebye / A, RMSE_ALPHA_per_atom=    0.02, RMSE_ALPHA_DERIV=    0.69
2025-07-12 02:26:13.662 INFO: Epoch 828: head: Default, loss=0.0817, RMSE_MU_per_atom=0.00 mDebye, RMSE_MU_DERIV=0.00 mDebye / A, RMSE_ALPHA_per_atom=    0.02, RMSE_ALPHA_DERIV=    0.70
2025-07-12 02:26:35.860 INFO: Epoch 829: head: Default, loss=0.0813, RMSE_MU_per_atom=0.00 mDebye, RMSE_MU_DERIV=0.00 mDebye / A, RMSE_ALPHA_per_atom=    0.03, RMSE_ALPHA_DERIV=    0.69
2025-07-12 02:26:58.062 INFO: Epoch 830: head: Default, loss=0.0803, RMSE_MU_per_atom=0.00 mDebye, RMSE_MU_DERIV=0.00 mDebye / A, RMSE_ALPHA_per_atom=    0.02, RMSE_ALPHA_DERIV=    0.69
2025-07-12 02:27:20.256 INFO: Epoch 831: head: Default, loss=0.0804, RMSE_MU_per_atom=0.00 mDebye, RMSE_MU_DERIV=0.00 mDebye / A, RMSE_ALPHA_per_atom=    0.02, RMSE_ALPHA_DERIV=    0.69
2025-07-12 02:27:42.453 INFO: Epoch 832: head: Default, loss=0.0808, RMSE_MU_per_atom=0.00 mDebye, RMSE_MU_DERIV=0.00 mDebye / A, RMSE_ALPHA_per_atom=    0.02, RMSE_ALPHA_DERIV=    0.69
2025-07-12 02:28:04.638 INFO: Epoch 833: head: Default, loss=0.0810, RMSE_MU_per_atom=0.00 mDebye, RMSE_MU_DERIV=0.00 mDebye / A, RMSE_ALPHA_per_atom=    0.03, RMSE_ALPHA_DERIV=    0.69
2025-07-12 02:28:26.828 INFO: Epoch 834: head: Default, loss=0.0810, RMSE_MU_per_atom=0.00 mDebye, RMSE_MU_DERIV=0.00 mDebye / A, RMSE_ALPHA_per_atom=    0.02, RMSE_ALPHA_DERIV=    0.69
2025-07-12 02:28:49.016 INFO: Epoch 835: head: Default, loss=0.0806, RMSE_MU_per_atom=0.00 mDebye, RMSE_MU_DERIV=0.00 mDebye / A, RMSE_ALPHA_per_atom=    0.02, RMSE_ALPHA_DERIV=    0.69
2025-07-12 02:29:11.211 INFO: Epoch 836: head: Default, loss=0.0807, RMSE_MU_per_atom=0.00 mDebye, RMSE_MU_DERIV=0.00 mDebye / A, RMSE_ALPHA_per_atom=    0.03, RMSE_ALPHA_DERIV=    0.69
2025-07-12 02:29:33.394 INFO: Epoch 837: head: Default, loss=0.0812, RMSE_MU_per_atom=0.00 mDebye, RMSE_MU_DERIV=0.00 mDebye / A, RMSE_ALPHA_per_atom=    0.02, RMSE_ALPHA_DERIV=    0.69
2025-07-12 02:29:55.582 INFO: Epoch 838: head: Default, loss=0.0810, RMSE_MU_per_atom=0.00 mDebye, RMSE_MU_DERIV=0.00 mDebye / A, RMSE_ALPHA_per_atom=    0.02, RMSE_ALPHA_DERIV=    0.69
2025-07-12 02:30:17.774 INFO: Epoch 839: head: Default, loss=0.0810, RMSE_MU_per_atom=0.00 mDebye, RMSE_MU_DERIV=0.00 mDebye / A, RMSE_ALPHA_per_atom=    0.02, RMSE_ALPHA_DERIV=    0.69
2025-07-12 02:30:39.955 INFO: Epoch 840: head: Default, loss=0.0817, RMSE_MU_per_atom=0.00 mDebye, RMSE_MU_DERIV=0.00 mDebye / A, RMSE_ALPHA_per_atom=    0.02, RMSE_ALPHA_DERIV=    0.70
2025-07-12 02:31:02.148 INFO: Epoch 841: head: Default, loss=0.0803, RMSE_MU_per_atom=0.00 mDebye, RMSE_MU_DERIV=0.00 mDebye / A, RMSE_ALPHA_per_atom=    0.02, RMSE_ALPHA_DERIV=    0.69
2025-07-12 02:31:24.334 INFO: Epoch 842: head: Default, loss=0.0815, RMSE_MU_per_atom=0.00 mDebye, RMSE_MU_DERIV=0.00 mDebye / A, RMSE_ALPHA_per_atom=    0.02, RMSE_ALPHA_DERIV=    0.69
2025-07-12 02:31:46.517 INFO: Epoch 843: head: Default, loss=0.0803, RMSE_MU_per_atom=0.00 mDebye, RMSE_MU_DERIV=0.00 mDebye / A, RMSE_ALPHA_per_atom=    0.02, RMSE_ALPHA_DERIV=    0.69
2025-07-12 02:32:08.711 INFO: Epoch 844: head: Default, loss=0.0817, RMSE_MU_per_atom=0.00 mDebye, RMSE_MU_DERIV=0.00 mDebye / A, RMSE_ALPHA_per_atom=    0.02, RMSE_ALPHA_DERIV=    0.70
2025-07-12 02:32:30.897 INFO: Epoch 845: head: Default, loss=0.0812, RMSE_MU_per_atom=0.00 mDebye, RMSE_MU_DERIV=0.00 mDebye / A, RMSE_ALPHA_per_atom=    0.02, RMSE_ALPHA_DERIV=    0.69
2025-07-12 02:32:53.088 INFO: Epoch 846: head: Default, loss=0.0813, RMSE_MU_per_atom=0.00 mDebye, RMSE_MU_DERIV=0.00 mDebye / A, RMSE_ALPHA_per_atom=    0.02, RMSE_ALPHA_DERIV=    0.70
2025-07-12 02:33:15.281 INFO: Epoch 847: head: Default, loss=0.0810, RMSE_MU_per_atom=0.00 mDebye, RMSE_MU_DERIV=0.00 mDebye / A, RMSE_ALPHA_per_atom=    0.02, RMSE_ALPHA_DERIV=    0.69
2025-07-12 02:33:37.468 INFO: Epoch 848: head: Default, loss=0.0810, RMSE_MU_per_atom=0.00 mDebye, RMSE_MU_DERIV=0.00 mDebye / A, RMSE_ALPHA_per_atom=    0.02, RMSE_ALPHA_DERIV=    0.69
2025-07-12 02:33:59.659 INFO: Epoch 849: head: Default, loss=0.0816, RMSE_MU_per_atom=0.00 mDebye, RMSE_MU_DERIV=0.00 mDebye / A, RMSE_ALPHA_per_atom=    0.02, RMSE_ALPHA_DERIV=    0.70
2025-07-12 02:34:21.846 INFO: Epoch 850: head: Default, loss=0.0813, RMSE_MU_per_atom=0.00 mDebye, RMSE_MU_DERIV=0.00 mDebye / A, RMSE_ALPHA_per_atom=    0.02, RMSE_ALPHA_DERIV=    0.69
2025-07-12 02:34:44.029 INFO: Epoch 851: head: Default, loss=0.0810, RMSE_MU_per_atom=0.00 mDebye, RMSE_MU_DERIV=0.00 mDebye / A, RMSE_ALPHA_per_atom=    0.02, RMSE_ALPHA_DERIV=    0.69
2025-07-12 02:35:06.208 INFO: Epoch 852: head: Default, loss=0.0811, RMSE_MU_per_atom=0.00 mDebye, RMSE_MU_DERIV=0.00 mDebye / A, RMSE_ALPHA_per_atom=    0.02, RMSE_ALPHA_DERIV=    0.69
2025-07-12 02:35:28.399 INFO: Epoch 853: head: Default, loss=0.0810, RMSE_MU_per_atom=0.00 mDebye, RMSE_MU_DERIV=0.00 mDebye / A, RMSE_ALPHA_per_atom=    0.02, RMSE_ALPHA_DERIV=    0.69
2025-07-12 02:35:50.589 INFO: Epoch 854: head: Default, loss=0.0814, RMSE_MU_per_atom=0.00 mDebye, RMSE_MU_DERIV=0.00 mDebye / A, RMSE_ALPHA_per_atom=    0.02, RMSE_ALPHA_DERIV=    0.70
2025-07-12 02:36:12.786 INFO: Epoch 855: head: Default, loss=0.0815, RMSE_MU_per_atom=0.00 mDebye, RMSE_MU_DERIV=0.00 mDebye / A, RMSE_ALPHA_per_atom=    0.02, RMSE_ALPHA_DERIV=    0.70
2025-07-12 02:36:34.973 INFO: Epoch 856: head: Default, loss=0.0811, RMSE_MU_per_atom=0.00 mDebye, RMSE_MU_DERIV=0.00 mDebye / A, RMSE_ALPHA_per_atom=    0.02, RMSE_ALPHA_DERIV=    0.69
2025-07-12 02:36:57.160 INFO: Epoch 857: head: Default, loss=0.0801, RMSE_MU_per_atom=0.00 mDebye, RMSE_MU_DERIV=0.00 mDebye / A, RMSE_ALPHA_per_atom=    0.02, RMSE_ALPHA_DERIV=    0.69
2025-07-12 02:37:19.352 INFO: Epoch 858: head: Default, loss=0.0815, RMSE_MU_per_atom=0.00 mDebye, RMSE_MU_DERIV=0.00 mDebye / A, RMSE_ALPHA_per_atom=    0.02, RMSE_ALPHA_DERIV=    0.70
2025-07-12 02:37:41.543 INFO: Epoch 859: head: Default, loss=0.0810, RMSE_MU_per_atom=0.00 mDebye, RMSE_MU_DERIV=0.00 mDebye / A, RMSE_ALPHA_per_atom=    0.02, RMSE_ALPHA_DERIV=    0.69
2025-07-12 02:38:03.714 INFO: Epoch 860: head: Default, loss=0.0804, RMSE_MU_per_atom=0.00 mDebye, RMSE_MU_DERIV=0.00 mDebye / A, RMSE_ALPHA_per_atom=    0.02, RMSE_ALPHA_DERIV=    0.69
2025-07-12 02:38:25.899 INFO: Epoch 861: head: Default, loss=0.0810, RMSE_MU_per_atom=0.00 mDebye, RMSE_MU_DERIV=0.00 mDebye / A, RMSE_ALPHA_per_atom=    0.02, RMSE_ALPHA_DERIV=    0.69
2025-07-12 02:38:48.084 INFO: Epoch 862: head: Default, loss=0.0808, RMSE_MU_per_atom=0.00 mDebye, RMSE_MU_DERIV=0.00 mDebye / A, RMSE_ALPHA_per_atom=    0.02, RMSE_ALPHA_DERIV=    0.69
2025-07-12 02:39:10.279 INFO: Epoch 863: head: Default, loss=0.0800, RMSE_MU_per_atom=0.00 mDebye, RMSE_MU_DERIV=0.00 mDebye / A, RMSE_ALPHA_per_atom=    0.02, RMSE_ALPHA_DERIV=    0.69
2025-07-12 02:39:32.468 INFO: Epoch 864: head: Default, loss=0.0800, RMSE_MU_per_atom=0.00 mDebye, RMSE_MU_DERIV=0.00 mDebye / A, RMSE_ALPHA_per_atom=    0.02, RMSE_ALPHA_DERIV=    0.69
2025-07-12 02:39:54.652 INFO: Epoch 865: head: Default, loss=0.0814, RMSE_MU_per_atom=0.00 mDebye, RMSE_MU_DERIV=0.00 mDebye / A, RMSE_ALPHA_per_atom=    0.03, RMSE_ALPHA_DERIV=    0.69
2025-07-12 02:40:16.847 INFO: Epoch 866: head: Default, loss=0.0807, RMSE_MU_per_atom=0.00 mDebye, RMSE_MU_DERIV=0.00 mDebye / A, RMSE_ALPHA_per_atom=    0.02, RMSE_ALPHA_DERIV=    0.69
2025-07-12 02:40:39.045 INFO: Epoch 867: head: Default, loss=0.0807, RMSE_MU_per_atom=0.00 mDebye, RMSE_MU_DERIV=0.00 mDebye / A, RMSE_ALPHA_per_atom=    0.02, RMSE_ALPHA_DERIV=    0.69
2025-07-12 02:41:01.235 INFO: Epoch 868: head: Default, loss=0.0819, RMSE_MU_per_atom=0.00 mDebye, RMSE_MU_DERIV=0.00 mDebye / A, RMSE_ALPHA_per_atom=    0.03, RMSE_ALPHA_DERIV=    0.70
2025-07-12 02:41:23.421 INFO: Epoch 869: head: Default, loss=0.0802, RMSE_MU_per_atom=0.00 mDebye, RMSE_MU_DERIV=0.00 mDebye / A, RMSE_ALPHA_per_atom=    0.02, RMSE_ALPHA_DERIV=    0.69
2025-07-12 02:41:45.610 INFO: Epoch 870: head: Default, loss=0.0808, RMSE_MU_per_atom=0.00 mDebye, RMSE_MU_DERIV=0.00 mDebye / A, RMSE_ALPHA_per_atom=    0.02, RMSE_ALPHA_DERIV=    0.69
2025-07-12 02:42:07.795 INFO: Epoch 871: head: Default, loss=0.0811, RMSE_MU_per_atom=0.00 mDebye, RMSE_MU_DERIV=0.00 mDebye / A, RMSE_ALPHA_per_atom=    0.02, RMSE_ALPHA_DERIV=    0.69
2025-07-12 02:42:29.981 INFO: Epoch 872: head: Default, loss=0.0812, RMSE_MU_per_atom=0.00 mDebye, RMSE_MU_DERIV=0.00 mDebye / A, RMSE_ALPHA_per_atom=    0.02, RMSE_ALPHA_DERIV=    0.69
2025-07-12 02:42:52.170 INFO: Epoch 873: head: Default, loss=0.0816, RMSE_MU_per_atom=0.00 mDebye, RMSE_MU_DERIV=0.00 mDebye / A, RMSE_ALPHA_per_atom=    0.02, RMSE_ALPHA_DERIV=    0.70
2025-07-12 02:43:14.359 INFO: Epoch 874: head: Default, loss=0.0807, RMSE_MU_per_atom=0.00 mDebye, RMSE_MU_DERIV=0.00 mDebye / A, RMSE_ALPHA_per_atom=    0.02, RMSE_ALPHA_DERIV=    0.69
2025-07-12 02:43:36.548 INFO: Epoch 875: head: Default, loss=0.0810, RMSE_MU_per_atom=0.00 mDebye, RMSE_MU_DERIV=0.00 mDebye / A, RMSE_ALPHA_per_atom=    0.02, RMSE_ALPHA_DERIV=    0.69
2025-07-12 02:43:58.750 INFO: Epoch 876: head: Default, loss=0.0805, RMSE_MU_per_atom=0.00 mDebye, RMSE_MU_DERIV=0.00 mDebye / A, RMSE_ALPHA_per_atom=    0.02, RMSE_ALPHA_DERIV=    0.69
2025-07-12 02:44:20.935 INFO: Epoch 877: head: Default, loss=0.0810, RMSE_MU_per_atom=0.00 mDebye, RMSE_MU_DERIV=0.00 mDebye / A, RMSE_ALPHA_per_atom=    0.02, RMSE_ALPHA_DERIV=    0.69
2025-07-12 02:44:43.126 INFO: Epoch 878: head: Default, loss=0.0816, RMSE_MU_per_atom=0.00 mDebye, RMSE_MU_DERIV=0.00 mDebye / A, RMSE_ALPHA_per_atom=    0.03, RMSE_ALPHA_DERIV=    0.69
2025-07-12 02:45:05.321 INFO: Epoch 879: head: Default, loss=0.0812, RMSE_MU_per_atom=0.00 mDebye, RMSE_MU_DERIV=0.00 mDebye / A, RMSE_ALPHA_per_atom=    0.02, RMSE_ALPHA_DERIV=    0.69
2025-07-12 02:45:27.507 INFO: Epoch 880: head: Default, loss=0.0808, RMSE_MU_per_atom=0.00 mDebye, RMSE_MU_DERIV=0.00 mDebye / A, RMSE_ALPHA_per_atom=    0.02, RMSE_ALPHA_DERIV=    0.69
2025-07-12 02:45:49.696 INFO: Epoch 881: head: Default, loss=0.0816, RMSE_MU_per_atom=0.00 mDebye, RMSE_MU_DERIV=0.00 mDebye / A, RMSE_ALPHA_per_atom=    0.02, RMSE_ALPHA_DERIV=    0.70
2025-07-12 02:46:11.900 INFO: Epoch 882: head: Default, loss=0.0808, RMSE_MU_per_atom=0.00 mDebye, RMSE_MU_DERIV=0.00 mDebye / A, RMSE_ALPHA_per_atom=    0.02, RMSE_ALPHA_DERIV=    0.69
2025-07-12 02:46:34.095 INFO: Epoch 883: head: Default, loss=0.0813, RMSE_MU_per_atom=0.00 mDebye, RMSE_MU_DERIV=0.00 mDebye / A, RMSE_ALPHA_per_atom=    0.02, RMSE_ALPHA_DERIV=    0.70
2025-07-12 02:46:56.286 INFO: Epoch 884: head: Default, loss=0.0807, RMSE_MU_per_atom=0.00 mDebye, RMSE_MU_DERIV=0.00 mDebye / A, RMSE_ALPHA_per_atom=    0.02, RMSE_ALPHA_DERIV=    0.69
2025-07-12 02:47:18.476 INFO: Epoch 885: head: Default, loss=0.0813, RMSE_MU_per_atom=0.00 mDebye, RMSE_MU_DERIV=0.00 mDebye / A, RMSE_ALPHA_per_atom=    0.02, RMSE_ALPHA_DERIV=    0.69
2025-07-12 02:47:40.672 INFO: Epoch 886: head: Default, loss=0.0817, RMSE_MU_per_atom=0.00 mDebye, RMSE_MU_DERIV=0.00 mDebye / A, RMSE_ALPHA_per_atom=    0.02, RMSE_ALPHA_DERIV=    0.70
2025-07-12 02:48:02.868 INFO: Epoch 887: head: Default, loss=0.0815, RMSE_MU_per_atom=0.00 mDebye, RMSE_MU_DERIV=0.00 mDebye / A, RMSE_ALPHA_per_atom=    0.02, RMSE_ALPHA_DERIV=    0.69
2025-07-12 02:48:25.067 INFO: Epoch 888: head: Default, loss=0.0812, RMSE_MU_per_atom=0.00 mDebye, RMSE_MU_DERIV=0.00 mDebye / A, RMSE_ALPHA_per_atom=    0.02, RMSE_ALPHA_DERIV=    0.69
2025-07-12 02:48:47.262 INFO: Epoch 889: head: Default, loss=0.0812, RMSE_MU_per_atom=0.00 mDebye, RMSE_MU_DERIV=0.00 mDebye / A, RMSE_ALPHA_per_atom=    0.02, RMSE_ALPHA_DERIV=    0.69
2025-07-12 02:49:09.451 INFO: Epoch 890: head: Default, loss=0.0807, RMSE_MU_per_atom=0.00 mDebye, RMSE_MU_DERIV=0.00 mDebye / A, RMSE_ALPHA_per_atom=    0.02, RMSE_ALPHA_DERIV=    0.69
2025-07-12 02:49:31.642 INFO: Epoch 891: head: Default, loss=0.0823, RMSE_MU_per_atom=0.00 mDebye, RMSE_MU_DERIV=0.00 mDebye / A, RMSE_ALPHA_per_atom=    0.03, RMSE_ALPHA_DERIV=    0.70
2025-07-12 02:49:53.835 INFO: Epoch 892: head: Default, loss=0.0810, RMSE_MU_per_atom=0.00 mDebye, RMSE_MU_DERIV=0.00 mDebye / A, RMSE_ALPHA_per_atom=    0.02, RMSE_ALPHA_DERIV=    0.69
2025-07-12 02:50:16.024 INFO: Epoch 893: head: Default, loss=0.0810, RMSE_MU_per_atom=0.00 mDebye, RMSE_MU_DERIV=0.00 mDebye / A, RMSE_ALPHA_per_atom=    0.02, RMSE_ALPHA_DERIV=    0.69
2025-07-12 02:50:38.210 INFO: Epoch 894: head: Default, loss=0.0817, RMSE_MU_per_atom=0.00 mDebye, RMSE_MU_DERIV=0.00 mDebye / A, RMSE_ALPHA_per_atom=    0.02, RMSE_ALPHA_DERIV=    0.70
2025-07-12 02:51:00.394 INFO: Epoch 895: head: Default, loss=0.0803, RMSE_MU_per_atom=0.00 mDebye, RMSE_MU_DERIV=0.00 mDebye / A, RMSE_ALPHA_per_atom=    0.02, RMSE_ALPHA_DERIV=    0.69
2025-07-12 02:51:22.581 INFO: Epoch 896: head: Default, loss=0.0812, RMSE_MU_per_atom=0.00 mDebye, RMSE_MU_DERIV=0.00 mDebye / A, RMSE_ALPHA_per_atom=    0.02, RMSE_ALPHA_DERIV=    0.69
2025-07-12 02:51:44.774 INFO: Epoch 897: head: Default, loss=0.0808, RMSE_MU_per_atom=0.00 mDebye, RMSE_MU_DERIV=0.00 mDebye / A, RMSE_ALPHA_per_atom=    0.02, RMSE_ALPHA_DERIV=    0.69
2025-07-12 02:52:06.972 INFO: Epoch 898: head: Default, loss=0.0811, RMSE_MU_per_atom=0.00 mDebye, RMSE_MU_DERIV=0.00 mDebye / A, RMSE_ALPHA_per_atom=    0.02, RMSE_ALPHA_DERIV=    0.69
2025-07-12 02:52:29.142 INFO: Epoch 899: head: Default, loss=0.0811, RMSE_MU_per_atom=0.00 mDebye, RMSE_MU_DERIV=0.00 mDebye / A, RMSE_ALPHA_per_atom=    0.02, RMSE_ALPHA_DERIV=    0.69
2025-07-12 02:52:51.329 INFO: Epoch 900: head: Default, loss=0.0813, RMSE_MU_per_atom=0.00 mDebye, RMSE_MU_DERIV=0.00 mDebye / A, RMSE_ALPHA_per_atom=    0.02, RMSE_ALPHA_DERIV=    0.69
2025-07-12 02:53:13.517 INFO: Epoch 901: head: Default, loss=0.0817, RMSE_MU_per_atom=0.00 mDebye, RMSE_MU_DERIV=0.00 mDebye / A, RMSE_ALPHA_per_atom=    0.02, RMSE_ALPHA_DERIV=    0.70
2025-07-12 02:53:35.705 INFO: Epoch 902: head: Default, loss=0.0806, RMSE_MU_per_atom=0.00 mDebye, RMSE_MU_DERIV=0.00 mDebye / A, RMSE_ALPHA_per_atom=    0.02, RMSE_ALPHA_DERIV=    0.69
2025-07-12 02:53:57.897 INFO: Epoch 903: head: Default, loss=0.0810, RMSE_MU_per_atom=0.00 mDebye, RMSE_MU_DERIV=0.00 mDebye / A, RMSE_ALPHA_per_atom=    0.02, RMSE_ALPHA_DERIV=    0.69
2025-07-12 02:54:20.085 INFO: Epoch 904: head: Default, loss=0.0812, RMSE_MU_per_atom=0.00 mDebye, RMSE_MU_DERIV=0.00 mDebye / A, RMSE_ALPHA_per_atom=    0.02, RMSE_ALPHA_DERIV=    0.69
2025-07-12 02:54:42.273 INFO: Epoch 905: head: Default, loss=0.0813, RMSE_MU_per_atom=0.00 mDebye, RMSE_MU_DERIV=0.00 mDebye / A, RMSE_ALPHA_per_atom=    0.02, RMSE_ALPHA_DERIV=    0.69
2025-07-12 02:55:04.466 INFO: Epoch 906: head: Default, loss=0.0807, RMSE_MU_per_atom=0.00 mDebye, RMSE_MU_DERIV=0.00 mDebye / A, RMSE_ALPHA_per_atom=    0.02, RMSE_ALPHA_DERIV=    0.69
2025-07-12 02:55:26.653 INFO: Epoch 907: head: Default, loss=0.0806, RMSE_MU_per_atom=0.00 mDebye, RMSE_MU_DERIV=0.00 mDebye / A, RMSE_ALPHA_per_atom=    0.02, RMSE_ALPHA_DERIV=    0.69
2025-07-12 02:55:48.849 INFO: Epoch 908: head: Default, loss=0.0816, RMSE_MU_per_atom=0.00 mDebye, RMSE_MU_DERIV=0.00 mDebye / A, RMSE_ALPHA_per_atom=    0.02, RMSE_ALPHA_DERIV=    0.70
2025-07-12 02:56:11.026 INFO: Epoch 909: head: Default, loss=0.0811, RMSE_MU_per_atom=0.00 mDebye, RMSE_MU_DERIV=0.00 mDebye / A, RMSE_ALPHA_per_atom=    0.02, RMSE_ALPHA_DERIV=    0.69
2025-07-12 02:56:33.222 INFO: Epoch 910: head: Default, loss=0.0810, RMSE_MU_per_atom=0.00 mDebye, RMSE_MU_DERIV=0.00 mDebye / A, RMSE_ALPHA_per_atom=    0.02, RMSE_ALPHA_DERIV=    0.69
2025-07-12 02:56:55.420 INFO: Epoch 911: head: Default, loss=0.0805, RMSE_MU_per_atom=0.00 mDebye, RMSE_MU_DERIV=0.00 mDebye / A, RMSE_ALPHA_per_atom=    0.02, RMSE_ALPHA_DERIV=    0.69
2025-07-12 02:57:17.610 INFO: Epoch 912: head: Default, loss=0.0808, RMSE_MU_per_atom=0.00 mDebye, RMSE_MU_DERIV=0.00 mDebye / A, RMSE_ALPHA_per_atom=    0.02, RMSE_ALPHA_DERIV=    0.69
2025-07-12 02:57:39.802 INFO: Epoch 913: head: Default, loss=0.0816, RMSE_MU_per_atom=0.00 mDebye, RMSE_MU_DERIV=0.00 mDebye / A, RMSE_ALPHA_per_atom=    0.03, RMSE_ALPHA_DERIV=    0.70
2025-07-12 02:58:01.998 INFO: Epoch 914: head: Default, loss=0.0804, RMSE_MU_per_atom=0.00 mDebye, RMSE_MU_DERIV=0.00 mDebye / A, RMSE_ALPHA_per_atom=    0.02, RMSE_ALPHA_DERIV=    0.69
2025-07-12 02:58:24.189 INFO: Epoch 915: head: Default, loss=0.0823, RMSE_MU_per_atom=0.00 mDebye, RMSE_MU_DERIV=0.00 mDebye / A, RMSE_ALPHA_per_atom=    0.03, RMSE_ALPHA_DERIV=    0.70
2025-07-12 02:58:46.369 INFO: Epoch 916: head: Default, loss=0.0808, RMSE_MU_per_atom=0.00 mDebye, RMSE_MU_DERIV=0.00 mDebye / A, RMSE_ALPHA_per_atom=    0.02, RMSE_ALPHA_DERIV=    0.69
2025-07-12 02:59:08.558 INFO: Epoch 917: head: Default, loss=0.0807, RMSE_MU_per_atom=0.00 mDebye, RMSE_MU_DERIV=0.00 mDebye / A, RMSE_ALPHA_per_atom=    0.02, RMSE_ALPHA_DERIV=    0.69
2025-07-12 02:59:30.751 INFO: Epoch 918: head: Default, loss=0.0817, RMSE_MU_per_atom=0.00 mDebye, RMSE_MU_DERIV=0.00 mDebye / A, RMSE_ALPHA_per_atom=    0.02, RMSE_ALPHA_DERIV=    0.70
2025-07-12 02:59:52.939 INFO: Epoch 919: head: Default, loss=0.0806, RMSE_MU_per_atom=0.00 mDebye, RMSE_MU_DERIV=0.00 mDebye / A, RMSE_ALPHA_per_atom=    0.02, RMSE_ALPHA_DERIV=    0.69
2025-07-12 03:00:15.124 INFO: Epoch 920: head: Default, loss=0.0812, RMSE_MU_per_atom=0.00 mDebye, RMSE_MU_DERIV=0.00 mDebye / A, RMSE_ALPHA_per_atom=    0.02, RMSE_ALPHA_DERIV=    0.69
2025-07-12 03:00:37.314 INFO: Epoch 921: head: Default, loss=0.0816, RMSE_MU_per_atom=0.00 mDebye, RMSE_MU_DERIV=0.00 mDebye / A, RMSE_ALPHA_per_atom=    0.02, RMSE_ALPHA_DERIV=    0.70
2025-07-12 03:00:59.496 INFO: Epoch 922: head: Default, loss=0.0815, RMSE_MU_per_atom=0.00 mDebye, RMSE_MU_DERIV=0.00 mDebye / A, RMSE_ALPHA_per_atom=    0.02, RMSE_ALPHA_DERIV=    0.70
2025-07-12 03:01:21.685 INFO: Epoch 923: head: Default, loss=0.0812, RMSE_MU_per_atom=0.00 mDebye, RMSE_MU_DERIV=0.00 mDebye / A, RMSE_ALPHA_per_atom=    0.02, RMSE_ALPHA_DERIV=    0.69
2025-07-12 03:01:43.875 INFO: Epoch 924: head: Default, loss=0.0817, RMSE_MU_per_atom=0.00 mDebye, RMSE_MU_DERIV=0.00 mDebye / A, RMSE_ALPHA_per_atom=    0.02, RMSE_ALPHA_DERIV=    0.70
2025-07-12 03:02:06.075 INFO: Epoch 925: head: Default, loss=0.0805, RMSE_MU_per_atom=0.00 mDebye, RMSE_MU_DERIV=0.00 mDebye / A, RMSE_ALPHA_per_atom=    0.02, RMSE_ALPHA_DERIV=    0.69
2025-07-12 03:02:28.269 INFO: Epoch 926: head: Default, loss=0.0814, RMSE_MU_per_atom=0.00 mDebye, RMSE_MU_DERIV=0.00 mDebye / A, RMSE_ALPHA_per_atom=    0.02, RMSE_ALPHA_DERIV=    0.69
2025-07-12 03:02:50.448 INFO: Epoch 927: head: Default, loss=0.0816, RMSE_MU_per_atom=0.00 mDebye, RMSE_MU_DERIV=0.00 mDebye / A, RMSE_ALPHA_per_atom=    0.02, RMSE_ALPHA_DERIV=    0.70
2025-07-12 03:03:12.640 INFO: Epoch 928: head: Default, loss=0.0806, RMSE_MU_per_atom=0.00 mDebye, RMSE_MU_DERIV=0.00 mDebye / A, RMSE_ALPHA_per_atom=    0.02, RMSE_ALPHA_DERIV=    0.69
2025-07-12 03:03:34.827 INFO: Epoch 929: head: Default, loss=0.0818, RMSE_MU_per_atom=0.00 mDebye, RMSE_MU_DERIV=0.00 mDebye / A, RMSE_ALPHA_per_atom=    0.02, RMSE_ALPHA_DERIV=    0.70
2025-07-12 03:03:57.017 INFO: Epoch 930: head: Default, loss=0.0812, RMSE_MU_per_atom=0.00 mDebye, RMSE_MU_DERIV=0.00 mDebye / A, RMSE_ALPHA_per_atom=    0.02, RMSE_ALPHA_DERIV=    0.69
2025-07-12 03:04:19.200 INFO: Epoch 931: head: Default, loss=0.0809, RMSE_MU_per_atom=0.00 mDebye, RMSE_MU_DERIV=0.00 mDebye / A, RMSE_ALPHA_per_atom=    0.02, RMSE_ALPHA_DERIV=    0.69
2025-07-12 03:04:41.385 INFO: Epoch 932: head: Default, loss=0.0817, RMSE_MU_per_atom=0.00 mDebye, RMSE_MU_DERIV=0.00 mDebye / A, RMSE_ALPHA_per_atom=    0.02, RMSE_ALPHA_DERIV=    0.70
2025-07-12 03:05:03.566 INFO: Epoch 933: head: Default, loss=0.0809, RMSE_MU_per_atom=0.00 mDebye, RMSE_MU_DERIV=0.00 mDebye / A, RMSE_ALPHA_per_atom=    0.02, RMSE_ALPHA_DERIV=    0.69
2025-07-12 03:05:25.758 INFO: Epoch 934: head: Default, loss=0.0812, RMSE_MU_per_atom=0.00 mDebye, RMSE_MU_DERIV=0.00 mDebye / A, RMSE_ALPHA_per_atom=    0.02, RMSE_ALPHA_DERIV=    0.69
2025-07-12 03:05:47.953 INFO: Epoch 935: head: Default, loss=0.0810, RMSE_MU_per_atom=0.00 mDebye, RMSE_MU_DERIV=0.00 mDebye / A, RMSE_ALPHA_per_atom=    0.02, RMSE_ALPHA_DERIV=    0.69
2025-07-12 03:06:10.144 INFO: Epoch 936: head: Default, loss=0.0808, RMSE_MU_per_atom=0.00 mDebye, RMSE_MU_DERIV=0.00 mDebye / A, RMSE_ALPHA_per_atom=    0.02, RMSE_ALPHA_DERIV=    0.69
2025-07-12 03:06:32.334 INFO: Epoch 937: head: Default, loss=0.0811, RMSE_MU_per_atom=0.00 mDebye, RMSE_MU_DERIV=0.00 mDebye / A, RMSE_ALPHA_per_atom=    0.02, RMSE_ALPHA_DERIV=    0.69
2025-07-12 03:06:54.516 INFO: Epoch 938: head: Default, loss=0.0814, RMSE_MU_per_atom=0.00 mDebye, RMSE_MU_DERIV=0.00 mDebye / A, RMSE_ALPHA_per_atom=    0.02, RMSE_ALPHA_DERIV=    0.69
2025-07-12 03:07:16.709 INFO: Epoch 939: head: Default, loss=0.0814, RMSE_MU_per_atom=0.00 mDebye, RMSE_MU_DERIV=0.00 mDebye / A, RMSE_ALPHA_per_atom=    0.02, RMSE_ALPHA_DERIV=    0.69
2025-07-12 03:07:38.903 INFO: Epoch 940: head: Default, loss=0.0814, RMSE_MU_per_atom=0.00 mDebye, RMSE_MU_DERIV=0.00 mDebye / A, RMSE_ALPHA_per_atom=    0.02, RMSE_ALPHA_DERIV=    0.70
2025-07-12 03:08:01.096 INFO: Epoch 941: head: Default, loss=0.0803, RMSE_MU_per_atom=0.00 mDebye, RMSE_MU_DERIV=0.00 mDebye / A, RMSE_ALPHA_per_atom=    0.02, RMSE_ALPHA_DERIV=    0.69
2025-07-12 03:08:23.284 INFO: Epoch 942: head: Default, loss=0.0817, RMSE_MU_per_atom=0.00 mDebye, RMSE_MU_DERIV=0.00 mDebye / A, RMSE_ALPHA_per_atom=    0.02, RMSE_ALPHA_DERIV=    0.70
2025-07-12 03:08:45.486 INFO: Epoch 943: head: Default, loss=0.0813, RMSE_MU_per_atom=0.00 mDebye, RMSE_MU_DERIV=0.00 mDebye / A, RMSE_ALPHA_per_atom=    0.02, RMSE_ALPHA_DERIV=    0.70
2025-07-12 03:09:07.685 INFO: Epoch 944: head: Default, loss=0.0807, RMSE_MU_per_atom=0.00 mDebye, RMSE_MU_DERIV=0.00 mDebye / A, RMSE_ALPHA_per_atom=    0.02, RMSE_ALPHA_DERIV=    0.69
2025-07-12 03:09:29.877 INFO: Epoch 945: head: Default, loss=0.0816, RMSE_MU_per_atom=0.00 mDebye, RMSE_MU_DERIV=0.00 mDebye / A, RMSE_ALPHA_per_atom=    0.03, RMSE_ALPHA_DERIV=    0.69
2025-07-12 03:09:52.067 INFO: Epoch 946: head: Default, loss=0.0811, RMSE_MU_per_atom=0.00 mDebye, RMSE_MU_DERIV=0.00 mDebye / A, RMSE_ALPHA_per_atom=    0.02, RMSE_ALPHA_DERIV=    0.69
2025-07-12 03:10:14.246 INFO: Epoch 947: head: Default, loss=0.0811, RMSE_MU_per_atom=0.00 mDebye, RMSE_MU_DERIV=0.00 mDebye / A, RMSE_ALPHA_per_atom=    0.02, RMSE_ALPHA_DERIV=    0.69
2025-07-12 03:10:36.438 INFO: Epoch 948: head: Default, loss=0.0814, RMSE_MU_per_atom=0.00 mDebye, RMSE_MU_DERIV=0.00 mDebye / A, RMSE_ALPHA_per_atom=    0.02, RMSE_ALPHA_DERIV=    0.70
2025-07-12 03:10:58.626 INFO: Epoch 949: head: Default, loss=0.0810, RMSE_MU_per_atom=0.00 mDebye, RMSE_MU_DERIV=0.00 mDebye / A, RMSE_ALPHA_per_atom=    0.02, RMSE_ALPHA_DERIV=    0.69
2025-07-12 03:11:20.820 INFO: Epoch 950: head: Default, loss=0.0811, RMSE_MU_per_atom=0.00 mDebye, RMSE_MU_DERIV=0.00 mDebye / A, RMSE_ALPHA_per_atom=    0.02, RMSE_ALPHA_DERIV=    0.69
2025-07-12 03:11:42.999 INFO: Epoch 951: head: Default, loss=0.0811, RMSE_MU_per_atom=0.00 mDebye, RMSE_MU_DERIV=0.00 mDebye / A, RMSE_ALPHA_per_atom=    0.02, RMSE_ALPHA_DERIV=    0.69
2025-07-12 03:12:05.184 INFO: Epoch 952: head: Default, loss=0.0811, RMSE_MU_per_atom=0.00 mDebye, RMSE_MU_DERIV=0.00 mDebye / A, RMSE_ALPHA_per_atom=    0.02, RMSE_ALPHA_DERIV=    0.69
2025-07-12 03:12:27.367 INFO: Epoch 953: head: Default, loss=0.0811, RMSE_MU_per_atom=0.00 mDebye, RMSE_MU_DERIV=0.00 mDebye / A, RMSE_ALPHA_per_atom=    0.02, RMSE_ALPHA_DERIV=    0.69
2025-07-12 03:12:49.553 INFO: Epoch 954: head: Default, loss=0.0814, RMSE_MU_per_atom=0.00 mDebye, RMSE_MU_DERIV=0.00 mDebye / A, RMSE_ALPHA_per_atom=    0.02, RMSE_ALPHA_DERIV=    0.70
2025-07-12 03:13:11.739 INFO: Epoch 955: head: Default, loss=0.0809, RMSE_MU_per_atom=0.00 mDebye, RMSE_MU_DERIV=0.00 mDebye / A, RMSE_ALPHA_per_atom=    0.02, RMSE_ALPHA_DERIV=    0.69
2025-07-12 03:13:33.938 INFO: Epoch 956: head: Default, loss=0.0811, RMSE_MU_per_atom=0.00 mDebye, RMSE_MU_DERIV=0.00 mDebye / A, RMSE_ALPHA_per_atom=    0.02, RMSE_ALPHA_DERIV=    0.69
2025-07-12 03:13:56.118 INFO: Epoch 957: head: Default, loss=0.0816, RMSE_MU_per_atom=0.00 mDebye, RMSE_MU_DERIV=0.00 mDebye / A, RMSE_ALPHA_per_atom=    0.02, RMSE_ALPHA_DERIV=    0.70
2025-07-12 03:14:18.318 INFO: Epoch 958: head: Default, loss=0.0810, RMSE_MU_per_atom=0.00 mDebye, RMSE_MU_DERIV=0.00 mDebye / A, RMSE_ALPHA_per_atom=    0.02, RMSE_ALPHA_DERIV=    0.69
2025-07-12 03:14:40.510 INFO: Epoch 959: head: Default, loss=0.0816, RMSE_MU_per_atom=0.00 mDebye, RMSE_MU_DERIV=0.00 mDebye / A, RMSE_ALPHA_per_atom=    0.02, RMSE_ALPHA_DERIV=    0.70
2025-07-12 03:15:02.692 INFO: Epoch 960: head: Default, loss=0.0815, RMSE_MU_per_atom=0.00 mDebye, RMSE_MU_DERIV=0.00 mDebye / A, RMSE_ALPHA_per_atom=    0.02, RMSE_ALPHA_DERIV=    0.70
2025-07-12 03:15:24.877 INFO: Epoch 961: head: Default, loss=0.0809, RMSE_MU_per_atom=0.00 mDebye, RMSE_MU_DERIV=0.00 mDebye / A, RMSE_ALPHA_per_atom=    0.02, RMSE_ALPHA_DERIV=    0.69
2025-07-12 03:15:47.061 INFO: Epoch 962: head: Default, loss=0.0815, RMSE_MU_per_atom=0.00 mDebye, RMSE_MU_DERIV=0.00 mDebye / A, RMSE_ALPHA_per_atom=    0.02, RMSE_ALPHA_DERIV=    0.69
2025-07-12 03:16:09.263 INFO: Epoch 963: head: Default, loss=0.0815, RMSE_MU_per_atom=0.00 mDebye, RMSE_MU_DERIV=0.00 mDebye / A, RMSE_ALPHA_per_atom=    0.02, RMSE_ALPHA_DERIV=    0.70
2025-07-12 03:16:31.450 INFO: Epoch 964: head: Default, loss=0.0818, RMSE_MU_per_atom=0.00 mDebye, RMSE_MU_DERIV=0.00 mDebye / A, RMSE_ALPHA_per_atom=    0.02, RMSE_ALPHA_DERIV=    0.70
2025-07-12 03:16:53.632 INFO: Epoch 965: head: Default, loss=0.0816, RMSE_MU_per_atom=0.00 mDebye, RMSE_MU_DERIV=0.00 mDebye / A, RMSE_ALPHA_per_atom=    0.02, RMSE_ALPHA_DERIV=    0.70
2025-07-12 03:17:15.828 INFO: Epoch 966: head: Default, loss=0.0814, RMSE_MU_per_atom=0.00 mDebye, RMSE_MU_DERIV=0.00 mDebye / A, RMSE_ALPHA_per_atom=    0.02, RMSE_ALPHA_DERIV=    0.70
2025-07-12 03:17:38.007 INFO: Epoch 967: head: Default, loss=0.0815, RMSE_MU_per_atom=0.00 mDebye, RMSE_MU_DERIV=0.00 mDebye / A, RMSE_ALPHA_per_atom=    0.02, RMSE_ALPHA_DERIV=    0.70
2025-07-12 03:18:00.203 INFO: Epoch 968: head: Default, loss=0.0815, RMSE_MU_per_atom=0.00 mDebye, RMSE_MU_DERIV=0.00 mDebye / A, RMSE_ALPHA_per_atom=    0.02, RMSE_ALPHA_DERIV=    0.70
2025-07-12 03:18:22.385 INFO: Epoch 969: head: Default, loss=0.0813, RMSE_MU_per_atom=0.00 mDebye, RMSE_MU_DERIV=0.00 mDebye / A, RMSE_ALPHA_per_atom=    0.02, RMSE_ALPHA_DERIV=    0.69
2025-07-12 03:18:44.576 INFO: Epoch 970: head: Default, loss=0.0812, RMSE_MU_per_atom=0.00 mDebye, RMSE_MU_DERIV=0.00 mDebye / A, RMSE_ALPHA_per_atom=    0.02, RMSE_ALPHA_DERIV=    0.69
2025-07-12 03:19:06.766 INFO: Epoch 971: head: Default, loss=0.0815, RMSE_MU_per_atom=0.00 mDebye, RMSE_MU_DERIV=0.00 mDebye / A, RMSE_ALPHA_per_atom=    0.02, RMSE_ALPHA_DERIV=    0.69
2025-07-12 03:19:28.965 INFO: Epoch 972: head: Default, loss=0.0816, RMSE_MU_per_atom=0.00 mDebye, RMSE_MU_DERIV=0.00 mDebye / A, RMSE_ALPHA_per_atom=    0.02, RMSE_ALPHA_DERIV=    0.70
2025-07-12 03:19:51.154 INFO: Epoch 973: head: Default, loss=0.0809, RMSE_MU_per_atom=0.00 mDebye, RMSE_MU_DERIV=0.00 mDebye / A, RMSE_ALPHA_per_atom=    0.02, RMSE_ALPHA_DERIV=    0.69
2025-07-12 03:20:13.357 INFO: Epoch 974: head: Default, loss=0.0814, RMSE_MU_per_atom=0.00 mDebye, RMSE_MU_DERIV=0.00 mDebye / A, RMSE_ALPHA_per_atom=    0.02, RMSE_ALPHA_DERIV=    0.70
2025-07-12 03:20:35.555 INFO: Epoch 975: head: Default, loss=0.0818, RMSE_MU_per_atom=0.00 mDebye, RMSE_MU_DERIV=0.00 mDebye / A, RMSE_ALPHA_per_atom=    0.02, RMSE_ALPHA_DERIV=    0.70
2025-07-12 03:20:57.738 INFO: Epoch 976: head: Default, loss=0.0811, RMSE_MU_per_atom=0.00 mDebye, RMSE_MU_DERIV=0.00 mDebye / A, RMSE_ALPHA_per_atom=    0.02, RMSE_ALPHA_DERIV=    0.69
2025-07-12 03:21:19.919 INFO: Epoch 977: head: Default, loss=0.0813, RMSE_MU_per_atom=0.00 mDebye, RMSE_MU_DERIV=0.00 mDebye / A, RMSE_ALPHA_per_atom=    0.02, RMSE_ALPHA_DERIV=    0.69
2025-07-12 03:21:42.106 INFO: Epoch 978: head: Default, loss=0.0811, RMSE_MU_per_atom=0.00 mDebye, RMSE_MU_DERIV=0.00 mDebye / A, RMSE_ALPHA_per_atom=    0.02, RMSE_ALPHA_DERIV=    0.69
2025-07-12 03:22:04.301 INFO: Epoch 979: head: Default, loss=0.0815, RMSE_MU_per_atom=0.00 mDebye, RMSE_MU_DERIV=0.00 mDebye / A, RMSE_ALPHA_per_atom=    0.02, RMSE_ALPHA_DERIV=    0.70
2025-07-12 03:22:26.481 INFO: Epoch 980: head: Default, loss=0.0821, RMSE_MU_per_atom=0.00 mDebye, RMSE_MU_DERIV=0.00 mDebye / A, RMSE_ALPHA_per_atom=    0.02, RMSE_ALPHA_DERIV=    0.70
2025-07-12 03:22:48.666 INFO: Epoch 981: head: Default, loss=0.0810, RMSE_MU_per_atom=0.00 mDebye, RMSE_MU_DERIV=0.00 mDebye / A, RMSE_ALPHA_per_atom=    0.02, RMSE_ALPHA_DERIV=    0.69
2025-07-12 03:23:10.858 INFO: Epoch 982: head: Default, loss=0.0814, RMSE_MU_per_atom=0.00 mDebye, RMSE_MU_DERIV=0.00 mDebye / A, RMSE_ALPHA_per_atom=    0.02, RMSE_ALPHA_DERIV=    0.69
2025-07-12 03:23:33.046 INFO: Epoch 983: head: Default, loss=0.0821, RMSE_MU_per_atom=0.00 mDebye, RMSE_MU_DERIV=0.00 mDebye / A, RMSE_ALPHA_per_atom=    0.02, RMSE_ALPHA_DERIV=    0.70
2025-07-12 03:23:55.232 INFO: Epoch 984: head: Default, loss=0.0813, RMSE_MU_per_atom=0.00 mDebye, RMSE_MU_DERIV=0.00 mDebye / A, RMSE_ALPHA_per_atom=    0.02, RMSE_ALPHA_DERIV=    0.70
2025-07-12 03:24:17.421 INFO: Epoch 985: head: Default, loss=0.0812, RMSE_MU_per_atom=0.00 mDebye, RMSE_MU_DERIV=0.00 mDebye / A, RMSE_ALPHA_per_atom=    0.02, RMSE_ALPHA_DERIV=    0.69
2025-07-12 03:24:39.606 INFO: Epoch 986: head: Default, loss=0.0821, RMSE_MU_per_atom=0.00 mDebye, RMSE_MU_DERIV=0.00 mDebye / A, RMSE_ALPHA_per_atom=    0.02, RMSE_ALPHA_DERIV=    0.70
2025-07-12 03:25:01.803 INFO: Epoch 987: head: Default, loss=0.0814, RMSE_MU_per_atom=0.00 mDebye, RMSE_MU_DERIV=0.00 mDebye / A, RMSE_ALPHA_per_atom=    0.02, RMSE_ALPHA_DERIV=    0.70
2025-07-12 03:25:23.992 INFO: Epoch 988: head: Default, loss=0.0807, RMSE_MU_per_atom=0.00 mDebye, RMSE_MU_DERIV=0.00 mDebye / A, RMSE_ALPHA_per_atom=    0.02, RMSE_ALPHA_DERIV=    0.69
2025-07-12 03:25:46.175 INFO: Epoch 989: head: Default, loss=0.0818, RMSE_MU_per_atom=0.00 mDebye, RMSE_MU_DERIV=0.00 mDebye / A, RMSE_ALPHA_per_atom=    0.02, RMSE_ALPHA_DERIV=    0.70
2025-07-12 03:26:08.370 INFO: Epoch 990: head: Default, loss=0.0807, RMSE_MU_per_atom=0.00 mDebye, RMSE_MU_DERIV=0.00 mDebye / A, RMSE_ALPHA_per_atom=    0.02, RMSE_ALPHA_DERIV=    0.69
2025-07-12 03:26:30.565 INFO: Epoch 991: head: Default, loss=0.0812, RMSE_MU_per_atom=0.00 mDebye, RMSE_MU_DERIV=0.00 mDebye / A, RMSE_ALPHA_per_atom=    0.02, RMSE_ALPHA_DERIV=    0.69
2025-07-12 03:26:52.750 INFO: Epoch 992: head: Default, loss=0.0820, RMSE_MU_per_atom=0.00 mDebye, RMSE_MU_DERIV=0.00 mDebye / A, RMSE_ALPHA_per_atom=    0.02, RMSE_ALPHA_DERIV=    0.70
2025-07-12 03:27:14.934 INFO: Epoch 993: head: Default, loss=0.0820, RMSE_MU_per_atom=0.00 mDebye, RMSE_MU_DERIV=0.00 mDebye / A, RMSE_ALPHA_per_atom=    0.02, RMSE_ALPHA_DERIV=    0.70
2025-07-12 03:27:37.117 INFO: Epoch 994: head: Default, loss=0.0807, RMSE_MU_per_atom=0.00 mDebye, RMSE_MU_DERIV=0.00 mDebye / A, RMSE_ALPHA_per_atom=    0.02, RMSE_ALPHA_DERIV=    0.69
2025-07-12 03:27:59.297 INFO: Epoch 995: head: Default, loss=0.0808, RMSE_MU_per_atom=0.00 mDebye, RMSE_MU_DERIV=0.00 mDebye / A, RMSE_ALPHA_per_atom=    0.02, RMSE_ALPHA_DERIV=    0.69
2025-07-12 03:28:21.489 INFO: Epoch 996: head: Default, loss=0.0818, RMSE_MU_per_atom=0.00 mDebye, RMSE_MU_DERIV=0.00 mDebye / A, RMSE_ALPHA_per_atom=    0.02, RMSE_ALPHA_DERIV=    0.70
2025-07-12 03:28:43.676 INFO: Epoch 997: head: Default, loss=0.0814, RMSE_MU_per_atom=0.00 mDebye, RMSE_MU_DERIV=0.00 mDebye / A, RMSE_ALPHA_per_atom=    0.02, RMSE_ALPHA_DERIV=    0.70
2025-07-12 03:29:05.870 INFO: Epoch 998: head: Default, loss=0.0820, RMSE_MU_per_atom=0.00 mDebye, RMSE_MU_DERIV=0.00 mDebye / A, RMSE_ALPHA_per_atom=    0.02, RMSE_ALPHA_DERIV=    0.70
2025-07-12 03:29:28.053 INFO: Epoch 999: head: Default, loss=0.0809, RMSE_MU_per_atom=0.00 mDebye, RMSE_MU_DERIV=0.00 mDebye / A, RMSE_ALPHA_per_atom=    0.02, RMSE_ALPHA_DERIV=    0.69
2025-07-12 03:29:50.250 INFO: Epoch 1000: head: Default, loss=0.0821, RMSE_MU_per_atom=0.00 mDebye, RMSE_MU_DERIV=0.00 mDebye / A, RMSE_ALPHA_per_atom=    0.02, RMSE_ALPHA_DERIV=    0.70
2025-07-12 03:30:12.452 INFO: Epoch 1001: head: Default, loss=0.0813, RMSE_MU_per_atom=0.00 mDebye, RMSE_MU_DERIV=0.00 mDebye / A, RMSE_ALPHA_per_atom=    0.02, RMSE_ALPHA_DERIV=    0.70
2025-07-12 03:30:34.643 INFO: Epoch 1002: head: Default, loss=0.0811, RMSE_MU_per_atom=0.00 mDebye, RMSE_MU_DERIV=0.00 mDebye / A, RMSE_ALPHA_per_atom=    0.02, RMSE_ALPHA_DERIV=    0.69
2025-07-12 03:30:56.826 INFO: Epoch 1003: head: Default, loss=0.0812, RMSE_MU_per_atom=0.00 mDebye, RMSE_MU_DERIV=0.00 mDebye / A, RMSE_ALPHA_per_atom=    0.02, RMSE_ALPHA_DERIV=    0.69
2025-07-12 03:31:19.024 INFO: Epoch 1004: head: Default, loss=0.0818, RMSE_MU_per_atom=0.00 mDebye, RMSE_MU_DERIV=0.00 mDebye / A, RMSE_ALPHA_per_atom=    0.02, RMSE_ALPHA_DERIV=    0.70
2025-07-12 03:31:41.205 INFO: Epoch 1005: head: Default, loss=0.0811, RMSE_MU_per_atom=0.00 mDebye, RMSE_MU_DERIV=0.00 mDebye / A, RMSE_ALPHA_per_atom=    0.02, RMSE_ALPHA_DERIV=    0.69
2025-07-12 03:32:03.388 INFO: Epoch 1006: head: Default, loss=0.0813, RMSE_MU_per_atom=0.00 mDebye, RMSE_MU_DERIV=0.00 mDebye / A, RMSE_ALPHA_per_atom=    0.02, RMSE_ALPHA_DERIV=    0.69
2025-07-12 03:32:25.582 INFO: Epoch 1007: head: Default, loss=0.0813, RMSE_MU_per_atom=0.00 mDebye, RMSE_MU_DERIV=0.00 mDebye / A, RMSE_ALPHA_per_atom=    0.02, RMSE_ALPHA_DERIV=    0.69
2025-07-12 03:32:47.772 INFO: Epoch 1008: head: Default, loss=0.0812, RMSE_MU_per_atom=0.00 mDebye, RMSE_MU_DERIV=0.00 mDebye / A, RMSE_ALPHA_per_atom=    0.02, RMSE_ALPHA_DERIV=    0.69
2025-07-12 03:33:09.953 INFO: Epoch 1009: head: Default, loss=0.0812, RMSE_MU_per_atom=0.00 mDebye, RMSE_MU_DERIV=0.00 mDebye / A, RMSE_ALPHA_per_atom=    0.02, RMSE_ALPHA_DERIV=    0.69
2025-07-12 03:33:32.135 INFO: Epoch 1010: head: Default, loss=0.0817, RMSE_MU_per_atom=0.00 mDebye, RMSE_MU_DERIV=0.00 mDebye / A, RMSE_ALPHA_per_atom=    0.02, RMSE_ALPHA_DERIV=    0.70
2025-07-12 03:33:54.328 INFO: Epoch 1011: head: Default, loss=0.0811, RMSE_MU_per_atom=0.00 mDebye, RMSE_MU_DERIV=0.00 mDebye / A, RMSE_ALPHA_per_atom=    0.02, RMSE_ALPHA_DERIV=    0.69
2025-07-12 03:34:16.519 INFO: Epoch 1012: head: Default, loss=0.0815, RMSE_MU_per_atom=0.00 mDebye, RMSE_MU_DERIV=0.00 mDebye / A, RMSE_ALPHA_per_atom=    0.02, RMSE_ALPHA_DERIV=    0.70
2025-07-12 03:34:38.707 INFO: Epoch 1013: head: Default, loss=0.0816, RMSE_MU_per_atom=0.00 mDebye, RMSE_MU_DERIV=0.00 mDebye / A, RMSE_ALPHA_per_atom=    0.02, RMSE_ALPHA_DERIV=    0.70
2025-07-12 03:35:00.899 INFO: Epoch 1014: head: Default, loss=0.0810, RMSE_MU_per_atom=0.00 mDebye, RMSE_MU_DERIV=0.00 mDebye / A, RMSE_ALPHA_per_atom=    0.02, RMSE_ALPHA_DERIV=    0.69
2025-07-12 03:35:23.084 INFO: Epoch 1015: head: Default, loss=0.0814, RMSE_MU_per_atom=0.00 mDebye, RMSE_MU_DERIV=0.00 mDebye / A, RMSE_ALPHA_per_atom=    0.02, RMSE_ALPHA_DERIV=    0.70
2025-07-12 03:35:45.263 INFO: Epoch 1016: head: Default, loss=0.0810, RMSE_MU_per_atom=0.00 mDebye, RMSE_MU_DERIV=0.00 mDebye / A, RMSE_ALPHA_per_atom=    0.02, RMSE_ALPHA_DERIV=    0.69
2025-07-12 03:36:07.452 INFO: Epoch 1017: head: Default, loss=0.0815, RMSE_MU_per_atom=0.00 mDebye, RMSE_MU_DERIV=0.00 mDebye / A, RMSE_ALPHA_per_atom=    0.02, RMSE_ALPHA_DERIV=    0.70
2025-07-12 03:36:29.649 INFO: Epoch 1018: head: Default, loss=0.0809, RMSE_MU_per_atom=0.00 mDebye, RMSE_MU_DERIV=0.00 mDebye / A, RMSE_ALPHA_per_atom=    0.02, RMSE_ALPHA_DERIV=    0.69
2025-07-12 03:36:51.826 INFO: Epoch 1019: head: Default, loss=0.0818, RMSE_MU_per_atom=0.00 mDebye, RMSE_MU_DERIV=0.00 mDebye / A, RMSE_ALPHA_per_atom=    0.03, RMSE_ALPHA_DERIV=    0.70
2025-07-12 03:37:14.027 INFO: Epoch 1020: head: Default, loss=0.0812, RMSE_MU_per_atom=0.00 mDebye, RMSE_MU_DERIV=0.00 mDebye / A, RMSE_ALPHA_per_atom=    0.02, RMSE_ALPHA_DERIV=    0.70
2025-07-12 03:37:36.223 INFO: Epoch 1021: head: Default, loss=0.0816, RMSE_MU_per_atom=0.00 mDebye, RMSE_MU_DERIV=0.00 mDebye / A, RMSE_ALPHA_per_atom=    0.02, RMSE_ALPHA_DERIV=    0.70
2025-07-12 03:37:58.422 INFO: Epoch 1022: head: Default, loss=0.0809, RMSE_MU_per_atom=0.00 mDebye, RMSE_MU_DERIV=0.00 mDebye / A, RMSE_ALPHA_per_atom=    0.02, RMSE_ALPHA_DERIV=    0.69
2025-07-12 03:38:20.609 INFO: Epoch 1023: head: Default, loss=0.0808, RMSE_MU_per_atom=0.00 mDebye, RMSE_MU_DERIV=0.00 mDebye / A, RMSE_ALPHA_per_atom=    0.02, RMSE_ALPHA_DERIV=    0.69
2025-07-12 03:38:42.798 INFO: Epoch 1024: head: Default, loss=0.0818, RMSE_MU_per_atom=0.00 mDebye, RMSE_MU_DERIV=0.00 mDebye / A, RMSE_ALPHA_per_atom=    0.02, RMSE_ALPHA_DERIV=    0.70
2025-07-12 03:39:04.990 INFO: Epoch 1025: head: Default, loss=0.0810, RMSE_MU_per_atom=0.00 mDebye, RMSE_MU_DERIV=0.00 mDebye / A, RMSE_ALPHA_per_atom=    0.02, RMSE_ALPHA_DERIV=    0.69
2025-07-12 03:39:27.170 INFO: Epoch 1026: head: Default, loss=0.0813, RMSE_MU_per_atom=0.00 mDebye, RMSE_MU_DERIV=0.00 mDebye / A, RMSE_ALPHA_per_atom=    0.02, RMSE_ALPHA_DERIV=    0.70
2025-07-12 03:39:49.365 INFO: Epoch 1027: head: Default, loss=0.0809, RMSE_MU_per_atom=0.00 mDebye, RMSE_MU_DERIV=0.00 mDebye / A, RMSE_ALPHA_per_atom=    0.02, RMSE_ALPHA_DERIV=    0.69
2025-07-12 03:40:11.550 INFO: Epoch 1028: head: Default, loss=0.0816, RMSE_MU_per_atom=0.00 mDebye, RMSE_MU_DERIV=0.00 mDebye / A, RMSE_ALPHA_per_atom=    0.02, RMSE_ALPHA_DERIV=    0.70
2025-07-12 03:40:33.741 INFO: Epoch 1029: head: Default, loss=0.0817, RMSE_MU_per_atom=0.00 mDebye, RMSE_MU_DERIV=0.00 mDebye / A, RMSE_ALPHA_per_atom=    0.02, RMSE_ALPHA_DERIV=    0.70
2025-07-12 03:40:55.935 INFO: Epoch 1030: head: Default, loss=0.0814, RMSE_MU_per_atom=0.00 mDebye, RMSE_MU_DERIV=0.00 mDebye / A, RMSE_ALPHA_per_atom=    0.02, RMSE_ALPHA_DERIV=    0.70
2025-07-12 03:41:18.121 INFO: Epoch 1031: head: Default, loss=0.0815, RMSE_MU_per_atom=0.00 mDebye, RMSE_MU_DERIV=0.00 mDebye / A, RMSE_ALPHA_per_atom=    0.02, RMSE_ALPHA_DERIV=    0.70
2025-07-12 03:41:40.303 INFO: Epoch 1032: head: Default, loss=0.0811, RMSE_MU_per_atom=0.00 mDebye, RMSE_MU_DERIV=0.00 mDebye / A, RMSE_ALPHA_per_atom=    0.02, RMSE_ALPHA_DERIV=    0.69
2025-07-12 03:42:02.493 INFO: Epoch 1033: head: Default, loss=0.0816, RMSE_MU_per_atom=0.00 mDebye, RMSE_MU_DERIV=0.00 mDebye / A, RMSE_ALPHA_per_atom=    0.02, RMSE_ALPHA_DERIV=    0.70
2025-07-12 03:42:24.679 INFO: Epoch 1034: head: Default, loss=0.0811, RMSE_MU_per_atom=0.00 mDebye, RMSE_MU_DERIV=0.00 mDebye / A, RMSE_ALPHA_per_atom=    0.02, RMSE_ALPHA_DERIV=    0.69
2025-07-12 03:42:46.870 INFO: Epoch 1035: head: Default, loss=0.0817, RMSE_MU_per_atom=0.00 mDebye, RMSE_MU_DERIV=0.00 mDebye / A, RMSE_ALPHA_per_atom=    0.02, RMSE_ALPHA_DERIV=    0.70
2025-07-12 03:43:09.065 INFO: Epoch 1036: head: Default, loss=0.0818, RMSE_MU_per_atom=0.00 mDebye, RMSE_MU_DERIV=0.00 mDebye / A, RMSE_ALPHA_per_atom=    0.02, RMSE_ALPHA_DERIV=    0.70
2025-07-12 03:43:31.244 INFO: Epoch 1037: head: Default, loss=0.0814, RMSE_MU_per_atom=0.00 mDebye, RMSE_MU_DERIV=0.00 mDebye / A, RMSE_ALPHA_per_atom=    0.02, RMSE_ALPHA_DERIV=    0.70
2025-07-12 03:43:53.432 INFO: Epoch 1038: head: Default, loss=0.0813, RMSE_MU_per_atom=0.00 mDebye, RMSE_MU_DERIV=0.00 mDebye / A, RMSE_ALPHA_per_atom=    0.02, RMSE_ALPHA_DERIV=    0.69
2025-07-12 03:44:15.629 INFO: Epoch 1039: head: Default, loss=0.0810, RMSE_MU_per_atom=0.00 mDebye, RMSE_MU_DERIV=0.00 mDebye / A, RMSE_ALPHA_per_atom=    0.02, RMSE_ALPHA_DERIV=    0.69
2025-07-12 03:44:37.821 INFO: Epoch 1040: head: Default, loss=0.0813, RMSE_MU_per_atom=0.00 mDebye, RMSE_MU_DERIV=0.00 mDebye / A, RMSE_ALPHA_per_atom=    0.02, RMSE_ALPHA_DERIV=    0.69
2025-07-12 03:45:00.012 INFO: Epoch 1041: head: Default, loss=0.0812, RMSE_MU_per_atom=0.00 mDebye, RMSE_MU_DERIV=0.00 mDebye / A, RMSE_ALPHA_per_atom=    0.02, RMSE_ALPHA_DERIV=    0.69
2025-07-12 03:45:22.210 INFO: Epoch 1042: head: Default, loss=0.0811, RMSE_MU_per_atom=0.00 mDebye, RMSE_MU_DERIV=0.00 mDebye / A, RMSE_ALPHA_per_atom=    0.02, RMSE_ALPHA_DERIV=    0.69
2025-07-12 03:45:44.401 INFO: Epoch 1043: head: Default, loss=0.0817, RMSE_MU_per_atom=0.00 mDebye, RMSE_MU_DERIV=0.00 mDebye / A, RMSE_ALPHA_per_atom=    0.02, RMSE_ALPHA_DERIV=    0.70
2025-07-12 03:46:06.604 INFO: Epoch 1044: head: Default, loss=0.0815, RMSE_MU_per_atom=0.00 mDebye, RMSE_MU_DERIV=0.00 mDebye / A, RMSE_ALPHA_per_atom=    0.02, RMSE_ALPHA_DERIV=    0.70
2025-07-12 03:46:28.792 INFO: Epoch 1045: head: Default, loss=0.0811, RMSE_MU_per_atom=0.00 mDebye, RMSE_MU_DERIV=0.00 mDebye / A, RMSE_ALPHA_per_atom=    0.02, RMSE_ALPHA_DERIV=    0.69
2025-07-12 03:46:50.985 INFO: Epoch 1046: head: Default, loss=0.0816, RMSE_MU_per_atom=0.00 mDebye, RMSE_MU_DERIV=0.00 mDebye / A, RMSE_ALPHA_per_atom=    0.02, RMSE_ALPHA_DERIV=    0.70
2025-07-12 03:47:13.173 INFO: Epoch 1047: head: Default, loss=0.0810, RMSE_MU_per_atom=0.00 mDebye, RMSE_MU_DERIV=0.00 mDebye / A, RMSE_ALPHA_per_atom=    0.02, RMSE_ALPHA_DERIV=    0.69
2025-07-12 03:47:35.350 INFO: Epoch 1048: head: Default, loss=0.0814, RMSE_MU_per_atom=0.00 mDebye, RMSE_MU_DERIV=0.00 mDebye / A, RMSE_ALPHA_per_atom=    0.02, RMSE_ALPHA_DERIV=    0.69
2025-07-12 03:47:57.532 INFO: Epoch 1049: head: Default, loss=0.0814, RMSE_MU_per_atom=0.00 mDebye, RMSE_MU_DERIV=0.00 mDebye / A, RMSE_ALPHA_per_atom=    0.02, RMSE_ALPHA_DERIV=    0.69
2025-07-12 03:48:19.714 INFO: Epoch 1050: head: Default, loss=0.0811, RMSE_MU_per_atom=0.00 mDebye, RMSE_MU_DERIV=0.00 mDebye / A, RMSE_ALPHA_per_atom=    0.02, RMSE_ALPHA_DERIV=    0.69
2025-07-12 03:48:41.905 INFO: Epoch 1051: head: Default, loss=0.0814, RMSE_MU_per_atom=0.00 mDebye, RMSE_MU_DERIV=0.00 mDebye / A, RMSE_ALPHA_per_atom=    0.02, RMSE_ALPHA_DERIV=    0.70
2025-07-12 03:49:04.089 INFO: Epoch 1052: head: Default, loss=0.0812, RMSE_MU_per_atom=0.00 mDebye, RMSE_MU_DERIV=0.00 mDebye / A, RMSE_ALPHA_per_atom=    0.02, RMSE_ALPHA_DERIV=    0.69
2025-07-12 03:49:26.274 INFO: Epoch 1053: head: Default, loss=0.0818, RMSE_MU_per_atom=0.00 mDebye, RMSE_MU_DERIV=0.00 mDebye / A, RMSE_ALPHA_per_atom=    0.02, RMSE_ALPHA_DERIV=    0.70
2025-07-12 03:49:48.462 INFO: Epoch 1054: head: Default, loss=0.0809, RMSE_MU_per_atom=0.00 mDebye, RMSE_MU_DERIV=0.00 mDebye / A, RMSE_ALPHA_per_atom=    0.02, RMSE_ALPHA_DERIV=    0.69
2025-07-12 03:50:10.659 INFO: Epoch 1055: head: Default, loss=0.0813, RMSE_MU_per_atom=0.00 mDebye, RMSE_MU_DERIV=0.00 mDebye / A, RMSE_ALPHA_per_atom=    0.02, RMSE_ALPHA_DERIV=    0.69
2025-07-12 03:50:32.843 INFO: Epoch 1056: head: Default, loss=0.0813, RMSE_MU_per_atom=0.00 mDebye, RMSE_MU_DERIV=0.00 mDebye / A, RMSE_ALPHA_per_atom=    0.02, RMSE_ALPHA_DERIV=    0.70
2025-07-12 03:50:55.029 INFO: Epoch 1057: head: Default, loss=0.0816, RMSE_MU_per_atom=0.00 mDebye, RMSE_MU_DERIV=0.00 mDebye / A, RMSE_ALPHA_per_atom=    0.02, RMSE_ALPHA_DERIV=    0.70
2025-07-12 03:51:17.205 INFO: Epoch 1058: head: Default, loss=0.0813, RMSE_MU_per_atom=0.00 mDebye, RMSE_MU_DERIV=0.00 mDebye / A, RMSE_ALPHA_per_atom=    0.02, RMSE_ALPHA_DERIV=    0.69
2025-07-12 03:51:39.387 INFO: Epoch 1059: head: Default, loss=0.0817, RMSE_MU_per_atom=0.00 mDebye, RMSE_MU_DERIV=0.00 mDebye / A, RMSE_ALPHA_per_atom=    0.02, RMSE_ALPHA_DERIV=    0.70
2025-07-12 03:52:01.567 INFO: Epoch 1060: head: Default, loss=0.0812, RMSE_MU_per_atom=0.00 mDebye, RMSE_MU_DERIV=0.00 mDebye / A, RMSE_ALPHA_per_atom=    0.02, RMSE_ALPHA_DERIV=    0.69
2025-07-12 03:52:23.742 INFO: Epoch 1061: head: Default, loss=0.0813, RMSE_MU_per_atom=0.00 mDebye, RMSE_MU_DERIV=0.00 mDebye / A, RMSE_ALPHA_per_atom=    0.02, RMSE_ALPHA_DERIV=    0.69
2025-07-12 03:52:45.932 INFO: Epoch 1062: head: Default, loss=0.0816, RMSE_MU_per_atom=0.00 mDebye, RMSE_MU_DERIV=0.00 mDebye / A, RMSE_ALPHA_per_atom=    0.02, RMSE_ALPHA_DERIV=    0.70
2025-07-12 03:53:08.129 INFO: Epoch 1063: head: Default, loss=0.0814, RMSE_MU_per_atom=0.00 mDebye, RMSE_MU_DERIV=0.00 mDebye / A, RMSE_ALPHA_per_atom=    0.02, RMSE_ALPHA_DERIV=    0.70
2025-07-12 03:53:30.308 INFO: Epoch 1064: head: Default, loss=0.0815, RMSE_MU_per_atom=0.00 mDebye, RMSE_MU_DERIV=0.00 mDebye / A, RMSE_ALPHA_per_atom=    0.02, RMSE_ALPHA_DERIV=    0.70
2025-07-12 03:53:52.496 INFO: Epoch 1065: head: Default, loss=0.0815, RMSE_MU_per_atom=0.00 mDebye, RMSE_MU_DERIV=0.00 mDebye / A, RMSE_ALPHA_per_atom=    0.02, RMSE_ALPHA_DERIV=    0.70
2025-07-12 03:54:14.688 INFO: Epoch 1066: head: Default, loss=0.0816, RMSE_MU_per_atom=0.00 mDebye, RMSE_MU_DERIV=0.00 mDebye / A, RMSE_ALPHA_per_atom=    0.02, RMSE_ALPHA_DERIV=    0.70
2025-07-12 03:54:36.871 INFO: Epoch 1067: head: Default, loss=0.0814, RMSE_MU_per_atom=0.00 mDebye, RMSE_MU_DERIV=0.00 mDebye / A, RMSE_ALPHA_per_atom=    0.02, RMSE_ALPHA_DERIV=    0.70
2025-07-12 03:54:59.063 INFO: Epoch 1068: head: Default, loss=0.0814, RMSE_MU_per_atom=0.00 mDebye, RMSE_MU_DERIV=0.00 mDebye / A, RMSE_ALPHA_per_atom=    0.02, RMSE_ALPHA_DERIV=    0.69
2025-07-12 03:55:21.259 INFO: Epoch 1069: head: Default, loss=0.0811, RMSE_MU_per_atom=0.00 mDebye, RMSE_MU_DERIV=0.00 mDebye / A, RMSE_ALPHA_per_atom=    0.02, RMSE_ALPHA_DERIV=    0.69
2025-07-12 03:55:43.444 INFO: Epoch 1070: head: Default, loss=0.0813, RMSE_MU_per_atom=0.00 mDebye, RMSE_MU_DERIV=0.00 mDebye / A, RMSE_ALPHA_per_atom=    0.02, RMSE_ALPHA_DERIV=    0.69
2025-07-12 03:56:05.641 INFO: Epoch 1071: head: Default, loss=0.0813, RMSE_MU_per_atom=0.00 mDebye, RMSE_MU_DERIV=0.00 mDebye / A, RMSE_ALPHA_per_atom=    0.02, RMSE_ALPHA_DERIV=    0.69
2025-07-12 03:56:27.826 INFO: Epoch 1072: head: Default, loss=0.0813, RMSE_MU_per_atom=0.00 mDebye, RMSE_MU_DERIV=0.00 mDebye / A, RMSE_ALPHA_per_atom=    0.02, RMSE_ALPHA_DERIV=    0.69
2025-07-12 03:56:50.027 INFO: Epoch 1073: head: Default, loss=0.0814, RMSE_MU_per_atom=0.00 mDebye, RMSE_MU_DERIV=0.00 mDebye / A, RMSE_ALPHA_per_atom=    0.02, RMSE_ALPHA_DERIV=    0.70
2025-07-12 03:57:12.221 INFO: Epoch 1074: head: Default, loss=0.0817, RMSE_MU_per_atom=0.00 mDebye, RMSE_MU_DERIV=0.00 mDebye / A, RMSE_ALPHA_per_atom=    0.02, RMSE_ALPHA_DERIV=    0.70
2025-07-12 03:57:34.416 INFO: Epoch 1075: head: Default, loss=0.0815, RMSE_MU_per_atom=0.00 mDebye, RMSE_MU_DERIV=0.00 mDebye / A, RMSE_ALPHA_per_atom=    0.02, RMSE_ALPHA_DERIV=    0.70
2025-07-12 03:57:56.612 INFO: Epoch 1076: head: Default, loss=0.0813, RMSE_MU_per_atom=0.00 mDebye, RMSE_MU_DERIV=0.00 mDebye / A, RMSE_ALPHA_per_atom=    0.02, RMSE_ALPHA_DERIV=    0.69
2025-07-12 03:58:18.798 INFO: Epoch 1077: head: Default, loss=0.0818, RMSE_MU_per_atom=0.00 mDebye, RMSE_MU_DERIV=0.00 mDebye / A, RMSE_ALPHA_per_atom=    0.02, RMSE_ALPHA_DERIV=    0.70
2025-07-12 03:58:40.984 INFO: Epoch 1078: head: Default, loss=0.0812, RMSE_MU_per_atom=0.00 mDebye, RMSE_MU_DERIV=0.00 mDebye / A, RMSE_ALPHA_per_atom=    0.02, RMSE_ALPHA_DERIV=    0.69
2025-07-12 03:59:03.166 INFO: Epoch 1079: head: Default, loss=0.0817, RMSE_MU_per_atom=0.00 mDebye, RMSE_MU_DERIV=0.00 mDebye / A, RMSE_ALPHA_per_atom=    0.02, RMSE_ALPHA_DERIV=    0.70
2025-07-12 03:59:25.355 INFO: Epoch 1080: head: Default, loss=0.0815, RMSE_MU_per_atom=0.00 mDebye, RMSE_MU_DERIV=0.00 mDebye / A, RMSE_ALPHA_per_atom=    0.02, RMSE_ALPHA_DERIV=    0.70
2025-07-12 03:59:47.540 INFO: Epoch 1081: head: Default, loss=0.0814, RMSE_MU_per_atom=0.00 mDebye, RMSE_MU_DERIV=0.00 mDebye / A, RMSE_ALPHA_per_atom=    0.02, RMSE_ALPHA_DERIV=    0.69
2025-07-12 04:00:09.734 INFO: Epoch 1082: head: Default, loss=0.0813, RMSE_MU_per_atom=0.00 mDebye, RMSE_MU_DERIV=0.00 mDebye / A, RMSE_ALPHA_per_atom=    0.02, RMSE_ALPHA_DERIV=    0.69
2025-07-12 04:00:31.913 INFO: Epoch 1083: head: Default, loss=0.0815, RMSE_MU_per_atom=0.00 mDebye, RMSE_MU_DERIV=0.00 mDebye / A, RMSE_ALPHA_per_atom=    0.02, RMSE_ALPHA_DERIV=    0.70
2025-07-12 04:00:54.091 INFO: Epoch 1084: head: Default, loss=0.0813, RMSE_MU_per_atom=0.00 mDebye, RMSE_MU_DERIV=0.00 mDebye / A, RMSE_ALPHA_per_atom=    0.02, RMSE_ALPHA_DERIV=    0.69
2025-07-12 04:01:16.271 INFO: Epoch 1085: head: Default, loss=0.0814, RMSE_MU_per_atom=0.00 mDebye, RMSE_MU_DERIV=0.00 mDebye / A, RMSE_ALPHA_per_atom=    0.02, RMSE_ALPHA_DERIV=    0.69
2025-07-12 04:01:38.463 INFO: Epoch 1086: head: Default, loss=0.0813, RMSE_MU_per_atom=0.00 mDebye, RMSE_MU_DERIV=0.00 mDebye / A, RMSE_ALPHA_per_atom=    0.02, RMSE_ALPHA_DERIV=    0.69
2025-07-12 04:02:00.652 INFO: Epoch 1087: head: Default, loss=0.0813, RMSE_MU_per_atom=0.00 mDebye, RMSE_MU_DERIV=0.00 mDebye / A, RMSE_ALPHA_per_atom=    0.02, RMSE_ALPHA_DERIV=    0.69
2025-07-12 04:02:22.843 INFO: Epoch 1088: head: Default, loss=0.0815, RMSE_MU_per_atom=0.00 mDebye, RMSE_MU_DERIV=0.00 mDebye / A, RMSE_ALPHA_per_atom=    0.02, RMSE_ALPHA_DERIV=    0.70
2025-07-12 04:02:45.028 INFO: Epoch 1089: head: Default, loss=0.0813, RMSE_MU_per_atom=0.00 mDebye, RMSE_MU_DERIV=0.00 mDebye / A, RMSE_ALPHA_per_atom=    0.02, RMSE_ALPHA_DERIV=    0.70
2025-07-12 04:03:07.226 INFO: Epoch 1090: head: Default, loss=0.0813, RMSE_MU_per_atom=0.00 mDebye, RMSE_MU_DERIV=0.00 mDebye / A, RMSE_ALPHA_per_atom=    0.02, RMSE_ALPHA_DERIV=    0.69
2025-07-12 04:03:29.412 INFO: Epoch 1091: head: Default, loss=0.0814, RMSE_MU_per_atom=0.00 mDebye, RMSE_MU_DERIV=0.00 mDebye / A, RMSE_ALPHA_per_atom=    0.02, RMSE_ALPHA_DERIV=    0.70
2025-07-12 04:03:51.604 INFO: Epoch 1092: head: Default, loss=0.0816, RMSE_MU_per_atom=0.00 mDebye, RMSE_MU_DERIV=0.00 mDebye / A, RMSE_ALPHA_per_atom=    0.02, RMSE_ALPHA_DERIV=    0.70
2025-07-12 04:04:13.787 INFO: Epoch 1093: head: Default, loss=0.0811, RMSE_MU_per_atom=0.00 mDebye, RMSE_MU_DERIV=0.00 mDebye / A, RMSE_ALPHA_per_atom=    0.02, RMSE_ALPHA_DERIV=    0.69
2025-07-12 04:04:35.979 INFO: Epoch 1094: head: Default, loss=0.0811, RMSE_MU_per_atom=0.00 mDebye, RMSE_MU_DERIV=0.00 mDebye / A, RMSE_ALPHA_per_atom=    0.02, RMSE_ALPHA_DERIV=    0.69
2025-07-12 04:04:58.166 INFO: Epoch 1095: head: Default, loss=0.0813, RMSE_MU_per_atom=0.00 mDebye, RMSE_MU_DERIV=0.00 mDebye / A, RMSE_ALPHA_per_atom=    0.02, RMSE_ALPHA_DERIV=    0.69
2025-07-12 04:05:20.343 INFO: Epoch 1096: head: Default, loss=0.0812, RMSE_MU_per_atom=0.00 mDebye, RMSE_MU_DERIV=0.00 mDebye / A, RMSE_ALPHA_per_atom=    0.02, RMSE_ALPHA_DERIV=    0.69
2025-07-12 04:05:42.538 INFO: Epoch 1097: head: Default, loss=0.0818, RMSE_MU_per_atom=0.00 mDebye, RMSE_MU_DERIV=0.00 mDebye / A, RMSE_ALPHA_per_atom=    0.02, RMSE_ALPHA_DERIV=    0.70
2025-07-12 04:06:04.728 INFO: Epoch 1098: head: Default, loss=0.0816, RMSE_MU_per_atom=0.00 mDebye, RMSE_MU_DERIV=0.00 mDebye / A, RMSE_ALPHA_per_atom=    0.02, RMSE_ALPHA_DERIV=    0.70
2025-07-12 04:06:26.913 INFO: Epoch 1099: head: Default, loss=0.0808, RMSE_MU_per_atom=0.00 mDebye, RMSE_MU_DERIV=0.00 mDebye / A, RMSE_ALPHA_per_atom=    0.02, RMSE_ALPHA_DERIV=    0.69
2025-07-12 04:06:49.097 INFO: Epoch 1100: head: Default, loss=0.0816, RMSE_MU_per_atom=0.00 mDebye, RMSE_MU_DERIV=0.00 mDebye / A, RMSE_ALPHA_per_atom=    0.02, RMSE_ALPHA_DERIV=    0.70
2025-07-12 04:07:11.278 INFO: Epoch 1101: head: Default, loss=0.0815, RMSE_MU_per_atom=0.00 mDebye, RMSE_MU_DERIV=0.00 mDebye / A, RMSE_ALPHA_per_atom=    0.02, RMSE_ALPHA_DERIV=    0.70
2025-07-12 04:07:33.470 INFO: Epoch 1102: head: Default, loss=0.0815, RMSE_MU_per_atom=0.00 mDebye, RMSE_MU_DERIV=0.00 mDebye / A, RMSE_ALPHA_per_atom=    0.02, RMSE_ALPHA_DERIV=    0.70
2025-07-12 04:07:55.665 INFO: Epoch 1103: head: Default, loss=0.0816, RMSE_MU_per_atom=0.00 mDebye, RMSE_MU_DERIV=0.00 mDebye / A, RMSE_ALPHA_per_atom=    0.02, RMSE_ALPHA_DERIV=    0.70
2025-07-12 04:08:17.851 INFO: Epoch 1104: head: Default, loss=0.0816, RMSE_MU_per_atom=0.00 mDebye, RMSE_MU_DERIV=0.00 mDebye / A, RMSE_ALPHA_per_atom=    0.02, RMSE_ALPHA_DERIV=    0.70
2025-07-12 04:08:40.035 INFO: Epoch 1105: head: Default, loss=0.0818, RMSE_MU_per_atom=0.00 mDebye, RMSE_MU_DERIV=0.00 mDebye / A, RMSE_ALPHA_per_atom=    0.02, RMSE_ALPHA_DERIV=    0.70
2025-07-12 04:09:02.219 INFO: Epoch 1106: head: Default, loss=0.0813, RMSE_MU_per_atom=0.00 mDebye, RMSE_MU_DERIV=0.00 mDebye / A, RMSE_ALPHA_per_atom=    0.02, RMSE_ALPHA_DERIV=    0.69
2025-07-12 04:09:24.406 INFO: Epoch 1107: head: Default, loss=0.0817, RMSE_MU_per_atom=0.00 mDebye, RMSE_MU_DERIV=0.00 mDebye / A, RMSE_ALPHA_per_atom=    0.02, RMSE_ALPHA_DERIV=    0.70
2025-07-12 04:09:46.587 INFO: Epoch 1108: head: Default, loss=0.0812, RMSE_MU_per_atom=0.00 mDebye, RMSE_MU_DERIV=0.00 mDebye / A, RMSE_ALPHA_per_atom=    0.02, RMSE_ALPHA_DERIV=    0.69
2025-07-12 04:10:08.780 INFO: Epoch 1109: head: Default, loss=0.0815, RMSE_MU_per_atom=0.00 mDebye, RMSE_MU_DERIV=0.00 mDebye / A, RMSE_ALPHA_per_atom=    0.02, RMSE_ALPHA_DERIV=    0.70
2025-07-12 04:10:30.958 INFO: Epoch 1110: head: Default, loss=0.0813, RMSE_MU_per_atom=0.00 mDebye, RMSE_MU_DERIV=0.00 mDebye / A, RMSE_ALPHA_per_atom=    0.02, RMSE_ALPHA_DERIV=    0.70
2025-07-12 04:10:53.151 INFO: Epoch 1111: head: Default, loss=0.0817, RMSE_MU_per_atom=0.00 mDebye, RMSE_MU_DERIV=0.00 mDebye / A, RMSE_ALPHA_per_atom=    0.02, RMSE_ALPHA_DERIV=    0.70
2025-07-12 04:11:15.337 INFO: Epoch 1112: head: Default, loss=0.0815, RMSE_MU_per_atom=0.00 mDebye, RMSE_MU_DERIV=0.00 mDebye / A, RMSE_ALPHA_per_atom=    0.02, RMSE_ALPHA_DERIV=    0.70
2025-07-12 04:11:37.514 INFO: Epoch 1113: head: Default, loss=0.0816, RMSE_MU_per_atom=0.00 mDebye, RMSE_MU_DERIV=0.00 mDebye / A, RMSE_ALPHA_per_atom=    0.02, RMSE_ALPHA_DERIV=    0.70
2025-07-12 04:11:59.700 INFO: Epoch 1114: head: Default, loss=0.0812, RMSE_MU_per_atom=0.00 mDebye, RMSE_MU_DERIV=0.00 mDebye / A, RMSE_ALPHA_per_atom=    0.02, RMSE_ALPHA_DERIV=    0.69
2025-07-12 04:12:21.884 INFO: Epoch 1115: head: Default, loss=0.0817, RMSE_MU_per_atom=0.00 mDebye, RMSE_MU_DERIV=0.00 mDebye / A, RMSE_ALPHA_per_atom=    0.02, RMSE_ALPHA_DERIV=    0.70
2025-07-12 04:12:44.078 INFO: Epoch 1116: head: Default, loss=0.0814, RMSE_MU_per_atom=0.00 mDebye, RMSE_MU_DERIV=0.00 mDebye / A, RMSE_ALPHA_per_atom=    0.02, RMSE_ALPHA_DERIV=    0.70
2025-07-12 04:13:06.258 INFO: Epoch 1117: head: Default, loss=0.0811, RMSE_MU_per_atom=0.00 mDebye, RMSE_MU_DERIV=0.00 mDebye / A, RMSE_ALPHA_per_atom=    0.02, RMSE_ALPHA_DERIV=    0.69
2025-07-12 04:13:28.438 INFO: Epoch 1118: head: Default, loss=0.0817, RMSE_MU_per_atom=0.00 mDebye, RMSE_MU_DERIV=0.00 mDebye / A, RMSE_ALPHA_per_atom=    0.02, RMSE_ALPHA_DERIV=    0.70
2025-07-12 04:13:50.627 INFO: Epoch 1119: head: Default, loss=0.0814, RMSE_MU_per_atom=0.00 mDebye, RMSE_MU_DERIV=0.00 mDebye / A, RMSE_ALPHA_per_atom=    0.02, RMSE_ALPHA_DERIV=    0.70
2025-07-12 04:14:12.812 INFO: Epoch 1120: head: Default, loss=0.0816, RMSE_MU_per_atom=0.00 mDebye, RMSE_MU_DERIV=0.00 mDebye / A, RMSE_ALPHA_per_atom=    0.02, RMSE_ALPHA_DERIV=    0.70
2025-07-12 04:14:35.002 INFO: Epoch 1121: head: Default, loss=0.0819, RMSE_MU_per_atom=0.00 mDebye, RMSE_MU_DERIV=0.00 mDebye / A, RMSE_ALPHA_per_atom=    0.02, RMSE_ALPHA_DERIV=    0.70
2025-07-12 04:14:57.187 INFO: Epoch 1122: head: Default, loss=0.0816, RMSE_MU_per_atom=0.00 mDebye, RMSE_MU_DERIV=0.00 mDebye / A, RMSE_ALPHA_per_atom=    0.02, RMSE_ALPHA_DERIV=    0.70
2025-07-12 04:15:19.372 INFO: Epoch 1123: head: Default, loss=0.0817, RMSE_MU_per_atom=0.00 mDebye, RMSE_MU_DERIV=0.00 mDebye / A, RMSE_ALPHA_per_atom=    0.02, RMSE_ALPHA_DERIV=    0.70
2025-07-12 04:15:41.565 INFO: Epoch 1124: head: Default, loss=0.0812, RMSE_MU_per_atom=0.00 mDebye, RMSE_MU_DERIV=0.00 mDebye / A, RMSE_ALPHA_per_atom=    0.02, RMSE_ALPHA_DERIV=    0.69
2025-07-12 04:16:03.761 INFO: Epoch 1125: head: Default, loss=0.0816, RMSE_MU_per_atom=0.00 mDebye, RMSE_MU_DERIV=0.00 mDebye / A, RMSE_ALPHA_per_atom=    0.02, RMSE_ALPHA_DERIV=    0.70
2025-07-12 04:16:25.936 INFO: Epoch 1126: head: Default, loss=0.0817, RMSE_MU_per_atom=0.00 mDebye, RMSE_MU_DERIV=0.00 mDebye / A, RMSE_ALPHA_per_atom=    0.02, RMSE_ALPHA_DERIV=    0.70
2025-07-12 04:16:48.129 INFO: Epoch 1127: head: Default, loss=0.0817, RMSE_MU_per_atom=0.00 mDebye, RMSE_MU_DERIV=0.00 mDebye / A, RMSE_ALPHA_per_atom=    0.02, RMSE_ALPHA_DERIV=    0.70
2025-07-12 04:17:10.318 INFO: Epoch 1128: head: Default, loss=0.0811, RMSE_MU_per_atom=0.00 mDebye, RMSE_MU_DERIV=0.00 mDebye / A, RMSE_ALPHA_per_atom=    0.02, RMSE_ALPHA_DERIV=    0.69
2025-07-12 04:17:32.514 INFO: Epoch 1129: head: Default, loss=0.0813, RMSE_MU_per_atom=0.00 mDebye, RMSE_MU_DERIV=0.00 mDebye / A, RMSE_ALPHA_per_atom=    0.02, RMSE_ALPHA_DERIV=    0.70
2025-07-12 04:17:54.709 INFO: Epoch 1130: head: Default, loss=0.0818, RMSE_MU_per_atom=0.00 mDebye, RMSE_MU_DERIV=0.00 mDebye / A, RMSE_ALPHA_per_atom=    0.02, RMSE_ALPHA_DERIV=    0.70
2025-07-12 04:18:16.902 INFO: Epoch 1131: head: Default, loss=0.0814, RMSE_MU_per_atom=0.00 mDebye, RMSE_MU_DERIV=0.00 mDebye / A, RMSE_ALPHA_per_atom=    0.02, RMSE_ALPHA_DERIV=    0.69
2025-07-12 04:18:39.091 INFO: Epoch 1132: head: Default, loss=0.0813, RMSE_MU_per_atom=0.00 mDebye, RMSE_MU_DERIV=0.00 mDebye / A, RMSE_ALPHA_per_atom=    0.02, RMSE_ALPHA_DERIV=    0.69
2025-07-12 04:19:01.265 INFO: Epoch 1133: head: Default, loss=0.0814, RMSE_MU_per_atom=0.00 mDebye, RMSE_MU_DERIV=0.00 mDebye / A, RMSE_ALPHA_per_atom=    0.02, RMSE_ALPHA_DERIV=    0.70
2025-07-12 04:19:23.460 INFO: Epoch 1134: head: Default, loss=0.0816, RMSE_MU_per_atom=0.00 mDebye, RMSE_MU_DERIV=0.00 mDebye / A, RMSE_ALPHA_per_atom=    0.02, RMSE_ALPHA_DERIV=    0.70
2025-07-12 04:19:45.647 INFO: Epoch 1135: head: Default, loss=0.0820, RMSE_MU_per_atom=0.00 mDebye, RMSE_MU_DERIV=0.00 mDebye / A, RMSE_ALPHA_per_atom=    0.02, RMSE_ALPHA_DERIV=    0.70
2025-07-12 04:20:07.831 INFO: Epoch 1136: head: Default, loss=0.0817, RMSE_MU_per_atom=0.00 mDebye, RMSE_MU_DERIV=0.00 mDebye / A, RMSE_ALPHA_per_atom=    0.02, RMSE_ALPHA_DERIV=    0.70
2025-07-12 04:20:30.031 INFO: Epoch 1137: head: Default, loss=0.0815, RMSE_MU_per_atom=0.00 mDebye, RMSE_MU_DERIV=0.00 mDebye / A, RMSE_ALPHA_per_atom=    0.02, RMSE_ALPHA_DERIV=    0.70
2025-07-12 04:20:52.221 INFO: Epoch 1138: head: Default, loss=0.0815, RMSE_MU_per_atom=0.00 mDebye, RMSE_MU_DERIV=0.00 mDebye / A, RMSE_ALPHA_per_atom=    0.02, RMSE_ALPHA_DERIV=    0.70
2025-07-12 04:21:14.410 INFO: Epoch 1139: head: Default, loss=0.0814, RMSE_MU_per_atom=0.00 mDebye, RMSE_MU_DERIV=0.00 mDebye / A, RMSE_ALPHA_per_atom=    0.02, RMSE_ALPHA_DERIV=    0.70
2025-07-12 04:21:36.606 INFO: Epoch 1140: head: Default, loss=0.0814, RMSE_MU_per_atom=0.00 mDebye, RMSE_MU_DERIV=0.00 mDebye / A, RMSE_ALPHA_per_atom=    0.02, RMSE_ALPHA_DERIV=    0.70
2025-07-12 04:21:58.799 INFO: Epoch 1141: head: Default, loss=0.0818, RMSE_MU_per_atom=0.00 mDebye, RMSE_MU_DERIV=0.00 mDebye / A, RMSE_ALPHA_per_atom=    0.02, RMSE_ALPHA_DERIV=    0.70
2025-07-12 04:22:20.987 INFO: Epoch 1142: head: Default, loss=0.0815, RMSE_MU_per_atom=0.00 mDebye, RMSE_MU_DERIV=0.00 mDebye / A, RMSE_ALPHA_per_atom=    0.02, RMSE_ALPHA_DERIV=    0.70
2025-07-12 04:22:43.177 INFO: Epoch 1143: head: Default, loss=0.0818, RMSE_MU_per_atom=0.00 mDebye, RMSE_MU_DERIV=0.00 mDebye / A, RMSE_ALPHA_per_atom=    0.02, RMSE_ALPHA_DERIV=    0.70
2025-07-12 04:23:05.369 INFO: Epoch 1144: head: Default, loss=0.0815, RMSE_MU_per_atom=0.00 mDebye, RMSE_MU_DERIV=0.00 mDebye / A, RMSE_ALPHA_per_atom=    0.02, RMSE_ALPHA_DERIV=    0.70
2025-07-12 04:23:27.549 INFO: Epoch 1145: head: Default, loss=0.0815, RMSE_MU_per_atom=0.00 mDebye, RMSE_MU_DERIV=0.00 mDebye / A, RMSE_ALPHA_per_atom=    0.02, RMSE_ALPHA_DERIV=    0.70
2025-07-12 04:23:49.735 INFO: Epoch 1146: head: Default, loss=0.0814, RMSE_MU_per_atom=0.00 mDebye, RMSE_MU_DERIV=0.00 mDebye / A, RMSE_ALPHA_per_atom=    0.02, RMSE_ALPHA_DERIV=    0.70
2025-07-12 04:24:11.936 INFO: Epoch 1147: head: Default, loss=0.0817, RMSE_MU_per_atom=0.00 mDebye, RMSE_MU_DERIV=0.00 mDebye / A, RMSE_ALPHA_per_atom=    0.02, RMSE_ALPHA_DERIV=    0.70
2025-07-12 04:24:34.137 INFO: Epoch 1148: head: Default, loss=0.0816, RMSE_MU_per_atom=0.00 mDebye, RMSE_MU_DERIV=0.00 mDebye / A, RMSE_ALPHA_per_atom=    0.02, RMSE_ALPHA_DERIV=    0.70
2025-07-12 04:24:56.325 INFO: Epoch 1149: head: Default, loss=0.0813, RMSE_MU_per_atom=0.00 mDebye, RMSE_MU_DERIV=0.00 mDebye / A, RMSE_ALPHA_per_atom=    0.02, RMSE_ALPHA_DERIV=    0.69
2025-07-12 04:25:18.524 INFO: Epoch 1150: head: Default, loss=0.0814, RMSE_MU_per_atom=0.00 mDebye, RMSE_MU_DERIV=0.00 mDebye / A, RMSE_ALPHA_per_atom=    0.02, RMSE_ALPHA_DERIV=    0.70
2025-07-12 04:25:40.724 INFO: Epoch 1151: head: Default, loss=0.0817, RMSE_MU_per_atom=0.00 mDebye, RMSE_MU_DERIV=0.00 mDebye / A, RMSE_ALPHA_per_atom=    0.02, RMSE_ALPHA_DERIV=    0.70
2025-07-12 04:26:02.909 INFO: Epoch 1152: head: Default, loss=0.0817, RMSE_MU_per_atom=0.00 mDebye, RMSE_MU_DERIV=0.00 mDebye / A, RMSE_ALPHA_per_atom=    0.02, RMSE_ALPHA_DERIV=    0.70
2025-07-12 04:26:25.105 INFO: Epoch 1153: head: Default, loss=0.0815, RMSE_MU_per_atom=0.00 mDebye, RMSE_MU_DERIV=0.00 mDebye / A, RMSE_ALPHA_per_atom=    0.02, RMSE_ALPHA_DERIV=    0.70
2025-07-12 04:26:47.296 INFO: Epoch 1154: head: Default, loss=0.0816, RMSE_MU_per_atom=0.00 mDebye, RMSE_MU_DERIV=0.00 mDebye / A, RMSE_ALPHA_per_atom=    0.02, RMSE_ALPHA_DERIV=    0.70
2025-07-12 04:27:09.483 INFO: Epoch 1155: head: Default, loss=0.0814, RMSE_MU_per_atom=0.00 mDebye, RMSE_MU_DERIV=0.00 mDebye / A, RMSE_ALPHA_per_atom=    0.02, RMSE_ALPHA_DERIV=    0.70
2025-07-12 04:27:31.667 INFO: Epoch 1156: head: Default, loss=0.0813, RMSE_MU_per_atom=0.00 mDebye, RMSE_MU_DERIV=0.00 mDebye / A, RMSE_ALPHA_per_atom=    0.02, RMSE_ALPHA_DERIV=    0.69
2025-07-12 04:27:53.843 INFO: Epoch 1157: head: Default, loss=0.0818, RMSE_MU_per_atom=0.00 mDebye, RMSE_MU_DERIV=0.00 mDebye / A, RMSE_ALPHA_per_atom=    0.02, RMSE_ALPHA_DERIV=    0.70
2025-07-12 04:28:16.026 INFO: Epoch 1158: head: Default, loss=0.0816, RMSE_MU_per_atom=0.00 mDebye, RMSE_MU_DERIV=0.00 mDebye / A, RMSE_ALPHA_per_atom=    0.02, RMSE_ALPHA_DERIV=    0.70
2025-07-12 04:28:38.223 INFO: Epoch 1159: head: Default, loss=0.0818, RMSE_MU_per_atom=0.00 mDebye, RMSE_MU_DERIV=0.00 mDebye / A, RMSE_ALPHA_per_atom=    0.02, RMSE_ALPHA_DERIV=    0.70
2025-07-12 04:29:00.413 INFO: Epoch 1160: head: Default, loss=0.0815, RMSE_MU_per_atom=0.00 mDebye, RMSE_MU_DERIV=0.00 mDebye / A, RMSE_ALPHA_per_atom=    0.02, RMSE_ALPHA_DERIV=    0.70
2025-07-12 04:29:22.605 INFO: Epoch 1161: head: Default, loss=0.0818, RMSE_MU_per_atom=0.00 mDebye, RMSE_MU_DERIV=0.00 mDebye / A, RMSE_ALPHA_per_atom=    0.02, RMSE_ALPHA_DERIV=    0.70
2025-07-12 04:29:44.797 INFO: Epoch 1162: head: Default, loss=0.0816, RMSE_MU_per_atom=0.00 mDebye, RMSE_MU_DERIV=0.00 mDebye / A, RMSE_ALPHA_per_atom=    0.02, RMSE_ALPHA_DERIV=    0.70
2025-07-12 04:30:06.988 INFO: Epoch 1163: head: Default, loss=0.0816, RMSE_MU_per_atom=0.00 mDebye, RMSE_MU_DERIV=0.00 mDebye / A, RMSE_ALPHA_per_atom=    0.02, RMSE_ALPHA_DERIV=    0.70
2025-07-12 04:30:29.173 INFO: Epoch 1164: head: Default, loss=0.0816, RMSE_MU_per_atom=0.00 mDebye, RMSE_MU_DERIV=0.00 mDebye / A, RMSE_ALPHA_per_atom=    0.02, RMSE_ALPHA_DERIV=    0.70
2025-07-12 04:30:51.361 INFO: Epoch 1165: head: Default, loss=0.0815, RMSE_MU_per_atom=0.00 mDebye, RMSE_MU_DERIV=0.00 mDebye / A, RMSE_ALPHA_per_atom=    0.02, RMSE_ALPHA_DERIV=    0.70
2025-07-12 04:31:13.545 INFO: Epoch 1166: head: Default, loss=0.0814, RMSE_MU_per_atom=0.00 mDebye, RMSE_MU_DERIV=0.00 mDebye / A, RMSE_ALPHA_per_atom=    0.02, RMSE_ALPHA_DERIV=    0.70
2025-07-12 04:31:35.723 INFO: Epoch 1167: head: Default, loss=0.0817, RMSE_MU_per_atom=0.00 mDebye, RMSE_MU_DERIV=0.00 mDebye / A, RMSE_ALPHA_per_atom=    0.02, RMSE_ALPHA_DERIV=    0.70
2025-07-12 04:31:57.910 INFO: Epoch 1168: head: Default, loss=0.0814, RMSE_MU_per_atom=0.00 mDebye, RMSE_MU_DERIV=0.00 mDebye / A, RMSE_ALPHA_per_atom=    0.02, RMSE_ALPHA_DERIV=    0.70
2025-07-12 04:32:20.097 INFO: Epoch 1169: head: Default, loss=0.0816, RMSE_MU_per_atom=0.00 mDebye, RMSE_MU_DERIV=0.00 mDebye / A, RMSE_ALPHA_per_atom=    0.02, RMSE_ALPHA_DERIV=    0.70
2025-07-12 04:32:42.278 INFO: Epoch 1170: head: Default, loss=0.0815, RMSE_MU_per_atom=0.00 mDebye, RMSE_MU_DERIV=0.00 mDebye / A, RMSE_ALPHA_per_atom=    0.02, RMSE_ALPHA_DERIV=    0.70
2025-07-12 04:33:04.459 INFO: Epoch 1171: head: Default, loss=0.0814, RMSE_MU_per_atom=0.00 mDebye, RMSE_MU_DERIV=0.00 mDebye / A, RMSE_ALPHA_per_atom=    0.02, RMSE_ALPHA_DERIV=    0.70
2025-07-12 04:33:26.651 INFO: Epoch 1172: head: Default, loss=0.0818, RMSE_MU_per_atom=0.00 mDebye, RMSE_MU_DERIV=0.00 mDebye / A, RMSE_ALPHA_per_atom=    0.02, RMSE_ALPHA_DERIV=    0.70
2025-07-12 04:33:48.832 INFO: Epoch 1173: head: Default, loss=0.0813, RMSE_MU_per_atom=0.00 mDebye, RMSE_MU_DERIV=0.00 mDebye / A, RMSE_ALPHA_per_atom=    0.02, RMSE_ALPHA_DERIV=    0.70
2025-07-12 04:34:11.016 INFO: Epoch 1174: head: Default, loss=0.0811, RMSE_MU_per_atom=0.00 mDebye, RMSE_MU_DERIV=0.00 mDebye / A, RMSE_ALPHA_per_atom=    0.02, RMSE_ALPHA_DERIV=    0.69
2025-07-12 04:34:33.197 INFO: Epoch 1175: head: Default, loss=0.0815, RMSE_MU_per_atom=0.00 mDebye, RMSE_MU_DERIV=0.00 mDebye / A, RMSE_ALPHA_per_atom=    0.02, RMSE_ALPHA_DERIV=    0.70
2025-07-12 04:34:55.391 INFO: Epoch 1176: head: Default, loss=0.0814, RMSE_MU_per_atom=0.00 mDebye, RMSE_MU_DERIV=0.00 mDebye / A, RMSE_ALPHA_per_atom=    0.02, RMSE_ALPHA_DERIV=    0.70
2025-07-12 04:35:17.579 INFO: Epoch 1177: head: Default, loss=0.0813, RMSE_MU_per_atom=0.00 mDebye, RMSE_MU_DERIV=0.00 mDebye / A, RMSE_ALPHA_per_atom=    0.02, RMSE_ALPHA_DERIV=    0.69
2025-07-12 04:35:39.761 INFO: Epoch 1178: head: Default, loss=0.0814, RMSE_MU_per_atom=0.00 mDebye, RMSE_MU_DERIV=0.00 mDebye / A, RMSE_ALPHA_per_atom=    0.02, RMSE_ALPHA_DERIV=    0.70
2025-07-12 04:36:01.952 INFO: Epoch 1179: head: Default, loss=0.0819, RMSE_MU_per_atom=0.00 mDebye, RMSE_MU_DERIV=0.00 mDebye / A, RMSE_ALPHA_per_atom=    0.02, RMSE_ALPHA_DERIV=    0.70
2025-07-12 04:36:24.153 INFO: Epoch 1180: head: Default, loss=0.0816, RMSE_MU_per_atom=0.00 mDebye, RMSE_MU_DERIV=0.00 mDebye / A, RMSE_ALPHA_per_atom=    0.02, RMSE_ALPHA_DERIV=    0.70
2025-07-12 04:36:46.357 INFO: Epoch 1181: head: Default, loss=0.0815, RMSE_MU_per_atom=0.00 mDebye, RMSE_MU_DERIV=0.00 mDebye / A, RMSE_ALPHA_per_atom=    0.02, RMSE_ALPHA_DERIV=    0.70
2025-07-12 04:37:08.539 INFO: Epoch 1182: head: Default, loss=0.0816, RMSE_MU_per_atom=0.00 mDebye, RMSE_MU_DERIV=0.00 mDebye / A, RMSE_ALPHA_per_atom=    0.02, RMSE_ALPHA_DERIV=    0.70
2025-07-12 04:37:30.732 INFO: Epoch 1183: head: Default, loss=0.0815, RMSE_MU_per_atom=0.00 mDebye, RMSE_MU_DERIV=0.00 mDebye / A, RMSE_ALPHA_per_atom=    0.02, RMSE_ALPHA_DERIV=    0.70
2025-07-12 04:37:52.916 INFO: Epoch 1184: head: Default, loss=0.0813, RMSE_MU_per_atom=0.00 mDebye, RMSE_MU_DERIV=0.00 mDebye / A, RMSE_ALPHA_per_atom=    0.02, RMSE_ALPHA_DERIV=    0.69
2025-07-12 04:38:15.106 INFO: Epoch 1185: head: Default, loss=0.0814, RMSE_MU_per_atom=0.00 mDebye, RMSE_MU_DERIV=0.00 mDebye / A, RMSE_ALPHA_per_atom=    0.02, RMSE_ALPHA_DERIV=    0.70
2025-07-12 04:38:37.294 INFO: Epoch 1186: head: Default, loss=0.0814, RMSE_MU_per_atom=0.00 mDebye, RMSE_MU_DERIV=0.00 mDebye / A, RMSE_ALPHA_per_atom=    0.02, RMSE_ALPHA_DERIV=    0.69
2025-07-12 04:38:59.484 INFO: Epoch 1187: head: Default, loss=0.0818, RMSE_MU_per_atom=0.00 mDebye, RMSE_MU_DERIV=0.00 mDebye / A, RMSE_ALPHA_per_atom=    0.02, RMSE_ALPHA_DERIV=    0.70
2025-07-12 04:39:21.662 INFO: Epoch 1188: head: Default, loss=0.0814, RMSE_MU_per_atom=0.00 mDebye, RMSE_MU_DERIV=0.00 mDebye / A, RMSE_ALPHA_per_atom=    0.02, RMSE_ALPHA_DERIV=    0.70
2025-07-12 04:39:43.854 INFO: Epoch 1189: head: Default, loss=0.0816, RMSE_MU_per_atom=0.00 mDebye, RMSE_MU_DERIV=0.00 mDebye / A, RMSE_ALPHA_per_atom=    0.02, RMSE_ALPHA_DERIV=    0.70
2025-07-12 04:40:06.045 INFO: Epoch 1190: head: Default, loss=0.0816, RMSE_MU_per_atom=0.00 mDebye, RMSE_MU_DERIV=0.00 mDebye / A, RMSE_ALPHA_per_atom=    0.02, RMSE_ALPHA_DERIV=    0.70
2025-07-12 04:40:28.237 INFO: Epoch 1191: head: Default, loss=0.0817, RMSE_MU_per_atom=0.00 mDebye, RMSE_MU_DERIV=0.00 mDebye / A, RMSE_ALPHA_per_atom=    0.02, RMSE_ALPHA_DERIV=    0.70
2025-07-12 04:40:50.419 INFO: Epoch 1192: head: Default, loss=0.0817, RMSE_MU_per_atom=0.00 mDebye, RMSE_MU_DERIV=0.00 mDebye / A, RMSE_ALPHA_per_atom=    0.02, RMSE_ALPHA_DERIV=    0.70
2025-07-12 04:41:12.605 INFO: Epoch 1193: head: Default, loss=0.0816, RMSE_MU_per_atom=0.00 mDebye, RMSE_MU_DERIV=0.00 mDebye / A, RMSE_ALPHA_per_atom=    0.02, RMSE_ALPHA_DERIV=    0.70
2025-07-12 04:41:34.791 INFO: Epoch 1194: head: Default, loss=0.0812, RMSE_MU_per_atom=0.00 mDebye, RMSE_MU_DERIV=0.00 mDebye / A, RMSE_ALPHA_per_atom=    0.02, RMSE_ALPHA_DERIV=    0.69
2025-07-12 04:41:56.974 INFO: Epoch 1195: head: Default, loss=0.0816, RMSE_MU_per_atom=0.00 mDebye, RMSE_MU_DERIV=0.00 mDebye / A, RMSE_ALPHA_per_atom=    0.02, RMSE_ALPHA_DERIV=    0.70
2025-07-12 04:42:19.161 INFO: Epoch 1196: head: Default, loss=0.0814, RMSE_MU_per_atom=0.00 mDebye, RMSE_MU_DERIV=0.00 mDebye / A, RMSE_ALPHA_per_atom=    0.02, RMSE_ALPHA_DERIV=    0.70
2025-07-12 04:42:41.351 INFO: Epoch 1197: head: Default, loss=0.0814, RMSE_MU_per_atom=0.00 mDebye, RMSE_MU_DERIV=0.00 mDebye / A, RMSE_ALPHA_per_atom=    0.02, RMSE_ALPHA_DERIV=    0.69
2025-07-12 04:43:03.534 INFO: Epoch 1198: head: Default, loss=0.0815, RMSE_MU_per_atom=0.00 mDebye, RMSE_MU_DERIV=0.00 mDebye / A, RMSE_ALPHA_per_atom=    0.02, RMSE_ALPHA_DERIV=    0.70
2025-07-12 04:43:25.722 INFO: Epoch 1199: head: Default, loss=0.0818, RMSE_MU_per_atom=0.00 mDebye, RMSE_MU_DERIV=0.00 mDebye / A, RMSE_ALPHA_per_atom=    0.02, RMSE_ALPHA_DERIV=    0.70
2025-07-12 04:43:47.916 INFO: Epoch 1200: head: Default, loss=0.0817, RMSE_MU_per_atom=0.00 mDebye, RMSE_MU_DERIV=0.00 mDebye / A, RMSE_ALPHA_per_atom=    0.02, RMSE_ALPHA_DERIV=    0.70
2025-07-12 04:44:10.109 INFO: Epoch 1201: head: Default, loss=0.0815, RMSE_MU_per_atom=0.00 mDebye, RMSE_MU_DERIV=0.00 mDebye / A, RMSE_ALPHA_per_atom=    0.02, RMSE_ALPHA_DERIV=    0.70
2025-07-12 04:44:32.292 INFO: Epoch 1202: head: Default, loss=0.0813, RMSE_MU_per_atom=0.00 mDebye, RMSE_MU_DERIV=0.00 mDebye / A, RMSE_ALPHA_per_atom=    0.02, RMSE_ALPHA_DERIV=    0.70
2025-07-12 04:44:54.493 INFO: Epoch 1203: head: Default, loss=0.0816, RMSE_MU_per_atom=0.00 mDebye, RMSE_MU_DERIV=0.00 mDebye / A, RMSE_ALPHA_per_atom=    0.02, RMSE_ALPHA_DERIV=    0.70
2025-07-12 04:45:16.690 INFO: Epoch 1204: head: Default, loss=0.0818, RMSE_MU_per_atom=0.00 mDebye, RMSE_MU_DERIV=0.00 mDebye / A, RMSE_ALPHA_per_atom=    0.02, RMSE_ALPHA_DERIV=    0.70
2025-07-12 04:45:38.883 INFO: Epoch 1205: head: Default, loss=0.0814, RMSE_MU_per_atom=0.00 mDebye, RMSE_MU_DERIV=0.00 mDebye / A, RMSE_ALPHA_per_atom=    0.02, RMSE_ALPHA_DERIV=    0.70
2025-07-12 04:46:01.070 INFO: Epoch 1206: head: Default, loss=0.0814, RMSE_MU_per_atom=0.00 mDebye, RMSE_MU_DERIV=0.00 mDebye / A, RMSE_ALPHA_per_atom=    0.02, RMSE_ALPHA_DERIV=    0.70
2025-07-12 04:46:23.265 INFO: Epoch 1207: head: Default, loss=0.0815, RMSE_MU_per_atom=0.00 mDebye, RMSE_MU_DERIV=0.00 mDebye / A, RMSE_ALPHA_per_atom=    0.02, RMSE_ALPHA_DERIV=    0.70
2025-07-12 04:46:45.462 INFO: Epoch 1208: head: Default, loss=0.0816, RMSE_MU_per_atom=0.00 mDebye, RMSE_MU_DERIV=0.00 mDebye / A, RMSE_ALPHA_per_atom=    0.02, RMSE_ALPHA_DERIV=    0.70
2025-07-12 04:47:07.662 INFO: Epoch 1209: head: Default, loss=0.0815, RMSE_MU_per_atom=0.00 mDebye, RMSE_MU_DERIV=0.00 mDebye / A, RMSE_ALPHA_per_atom=    0.02, RMSE_ALPHA_DERIV=    0.70
2025-07-12 04:47:29.843 INFO: Epoch 1210: head: Default, loss=0.0815, RMSE_MU_per_atom=0.00 mDebye, RMSE_MU_DERIV=0.00 mDebye / A, RMSE_ALPHA_per_atom=    0.02, RMSE_ALPHA_DERIV=    0.70
2025-07-12 04:47:52.039 INFO: Epoch 1211: head: Default, loss=0.0816, RMSE_MU_per_atom=0.00 mDebye, RMSE_MU_DERIV=0.00 mDebye / A, RMSE_ALPHA_per_atom=    0.02, RMSE_ALPHA_DERIV=    0.70
2025-07-12 04:48:14.240 INFO: Epoch 1212: head: Default, loss=0.0815, RMSE_MU_per_atom=0.00 mDebye, RMSE_MU_DERIV=0.00 mDebye / A, RMSE_ALPHA_per_atom=    0.02, RMSE_ALPHA_DERIV=    0.70
2025-07-12 04:48:36.430 INFO: Epoch 1213: head: Default, loss=0.0815, RMSE_MU_per_atom=0.00 mDebye, RMSE_MU_DERIV=0.00 mDebye / A, RMSE_ALPHA_per_atom=    0.02, RMSE_ALPHA_DERIV=    0.70
2025-07-12 04:48:58.614 INFO: Epoch 1214: head: Default, loss=0.0814, RMSE_MU_per_atom=0.00 mDebye, RMSE_MU_DERIV=0.00 mDebye / A, RMSE_ALPHA_per_atom=    0.02, RMSE_ALPHA_DERIV=    0.70
2025-07-12 04:49:20.801 INFO: Epoch 1215: head: Default, loss=0.0816, RMSE_MU_per_atom=0.00 mDebye, RMSE_MU_DERIV=0.00 mDebye / A, RMSE_ALPHA_per_atom=    0.02, RMSE_ALPHA_DERIV=    0.70
2025-07-12 04:49:43.000 INFO: Epoch 1216: head: Default, loss=0.0817, RMSE_MU_per_atom=0.00 mDebye, RMSE_MU_DERIV=0.00 mDebye / A, RMSE_ALPHA_per_atom=    0.02, RMSE_ALPHA_DERIV=    0.70
2025-07-12 04:50:05.186 INFO: Epoch 1217: head: Default, loss=0.0816, RMSE_MU_per_atom=0.00 mDebye, RMSE_MU_DERIV=0.00 mDebye / A, RMSE_ALPHA_per_atom=    0.02, RMSE_ALPHA_DERIV=    0.70
2025-07-12 04:50:27.385 INFO: Epoch 1218: head: Default, loss=0.0816, RMSE_MU_per_atom=0.00 mDebye, RMSE_MU_DERIV=0.00 mDebye / A, RMSE_ALPHA_per_atom=    0.02, RMSE_ALPHA_DERIV=    0.70
2025-07-12 04:50:49.571 INFO: Epoch 1219: head: Default, loss=0.0816, RMSE_MU_per_atom=0.00 mDebye, RMSE_MU_DERIV=0.00 mDebye / A, RMSE_ALPHA_per_atom=    0.02, RMSE_ALPHA_DERIV=    0.70
2025-07-12 04:51:11.774 INFO: Epoch 1220: head: Default, loss=0.0813, RMSE_MU_per_atom=0.00 mDebye, RMSE_MU_DERIV=0.00 mDebye / A, RMSE_ALPHA_per_atom=    0.02, RMSE_ALPHA_DERIV=    0.69
2025-07-12 04:51:33.962 INFO: Epoch 1221: head: Default, loss=0.0815, RMSE_MU_per_atom=0.00 mDebye, RMSE_MU_DERIV=0.00 mDebye / A, RMSE_ALPHA_per_atom=    0.02, RMSE_ALPHA_DERIV=    0.70
2025-07-12 04:51:56.153 INFO: Epoch 1222: head: Default, loss=0.0816, RMSE_MU_per_atom=0.00 mDebye, RMSE_MU_DERIV=0.00 mDebye / A, RMSE_ALPHA_per_atom=    0.02, RMSE_ALPHA_DERIV=    0.70
2025-07-12 04:52:18.344 INFO: Epoch 1223: head: Default, loss=0.0817, RMSE_MU_per_atom=0.00 mDebye, RMSE_MU_DERIV=0.00 mDebye / A, RMSE_ALPHA_per_atom=    0.02, RMSE_ALPHA_DERIV=    0.70
2025-07-12 04:52:40.533 INFO: Epoch 1224: head: Default, loss=0.0816, RMSE_MU_per_atom=0.00 mDebye, RMSE_MU_DERIV=0.00 mDebye / A, RMSE_ALPHA_per_atom=    0.02, RMSE_ALPHA_DERIV=    0.70
2025-07-12 04:53:02.724 INFO: Epoch 1225: head: Default, loss=0.0816, RMSE_MU_per_atom=0.00 mDebye, RMSE_MU_DERIV=0.00 mDebye / A, RMSE_ALPHA_per_atom=    0.02, RMSE_ALPHA_DERIV=    0.70
2025-07-12 04:53:24.905 INFO: Epoch 1226: head: Default, loss=0.0813, RMSE_MU_per_atom=0.00 mDebye, RMSE_MU_DERIV=0.00 mDebye / A, RMSE_ALPHA_per_atom=    0.02, RMSE_ALPHA_DERIV=    0.69
2025-07-12 04:53:47.098 INFO: Epoch 1227: head: Default, loss=0.0815, RMSE_MU_per_atom=0.00 mDebye, RMSE_MU_DERIV=0.00 mDebye / A, RMSE_ALPHA_per_atom=    0.02, RMSE_ALPHA_DERIV=    0.70
2025-07-12 04:54:09.292 INFO: Epoch 1228: head: Default, loss=0.0817, RMSE_MU_per_atom=0.00 mDebye, RMSE_MU_DERIV=0.00 mDebye / A, RMSE_ALPHA_per_atom=    0.02, RMSE_ALPHA_DERIV=    0.70
2025-07-12 04:54:31.477 INFO: Epoch 1229: head: Default, loss=0.0816, RMSE_MU_per_atom=0.00 mDebye, RMSE_MU_DERIV=0.00 mDebye / A, RMSE_ALPHA_per_atom=    0.02, RMSE_ALPHA_DERIV=    0.70
2025-07-12 04:54:53.659 INFO: Epoch 1230: head: Default, loss=0.0817, RMSE_MU_per_atom=0.00 mDebye, RMSE_MU_DERIV=0.00 mDebye / A, RMSE_ALPHA_per_atom=    0.02, RMSE_ALPHA_DERIV=    0.70
2025-07-12 04:55:15.861 INFO: Epoch 1231: head: Default, loss=0.0815, RMSE_MU_per_atom=0.00 mDebye, RMSE_MU_DERIV=0.00 mDebye / A, RMSE_ALPHA_per_atom=    0.02, RMSE_ALPHA_DERIV=    0.70
2025-07-12 04:55:38.044 INFO: Epoch 1232: head: Default, loss=0.0818, RMSE_MU_per_atom=0.00 mDebye, RMSE_MU_DERIV=0.00 mDebye / A, RMSE_ALPHA_per_atom=    0.02, RMSE_ALPHA_DERIV=    0.70
2025-07-12 04:56:00.218 INFO: Epoch 1233: head: Default, loss=0.0816, RMSE_MU_per_atom=0.00 mDebye, RMSE_MU_DERIV=0.00 mDebye / A, RMSE_ALPHA_per_atom=    0.02, RMSE_ALPHA_DERIV=    0.70
2025-07-12 04:56:22.417 INFO: Epoch 1234: head: Default, loss=0.0816, RMSE_MU_per_atom=0.00 mDebye, RMSE_MU_DERIV=0.00 mDebye / A, RMSE_ALPHA_per_atom=    0.02, RMSE_ALPHA_DERIV=    0.70
2025-07-12 04:56:44.609 INFO: Epoch 1235: head: Default, loss=0.0816, RMSE_MU_per_atom=0.00 mDebye, RMSE_MU_DERIV=0.00 mDebye / A, RMSE_ALPHA_per_atom=    0.02, RMSE_ALPHA_DERIV=    0.70
2025-07-12 04:57:06.792 INFO: Epoch 1236: head: Default, loss=0.0817, RMSE_MU_per_atom=0.00 mDebye, RMSE_MU_DERIV=0.00 mDebye / A, RMSE_ALPHA_per_atom=    0.02, RMSE_ALPHA_DERIV=    0.70
2025-07-12 04:57:28.967 INFO: Epoch 1237: head: Default, loss=0.0816, RMSE_MU_per_atom=0.00 mDebye, RMSE_MU_DERIV=0.00 mDebye / A, RMSE_ALPHA_per_atom=    0.02, RMSE_ALPHA_DERIV=    0.70
2025-07-12 04:57:51.159 INFO: Epoch 1238: head: Default, loss=0.0814, RMSE_MU_per_atom=0.00 mDebye, RMSE_MU_DERIV=0.00 mDebye / A, RMSE_ALPHA_per_atom=    0.02, RMSE_ALPHA_DERIV=    0.70
2025-07-12 04:58:21.591 INFO: Epoch 1239: head: Default, loss=0.0817, RMSE_MU_per_atom=0.00 mDebye, RMSE_MU_DERIV=0.00 mDebye / A, RMSE_ALPHA_per_atom=    0.02, RMSE_ALPHA_DERIV=    0.70
2025-07-12 04:58:43.737 INFO: Epoch 1240: head: Default, loss=0.0815, RMSE_MU_per_atom=0.00 mDebye, RMSE_MU_DERIV=0.00 mDebye / A, RMSE_ALPHA_per_atom=    0.02, RMSE_ALPHA_DERIV=    0.70
2025-07-12 04:59:05.883 INFO: Epoch 1241: head: Default, loss=0.0817, RMSE_MU_per_atom=0.00 mDebye, RMSE_MU_DERIV=0.00 mDebye / A, RMSE_ALPHA_per_atom=    0.02, RMSE_ALPHA_DERIV=    0.70
2025-07-12 04:59:28.011 INFO: Epoch 1242: head: Default, loss=0.0815, RMSE_MU_per_atom=0.00 mDebye, RMSE_MU_DERIV=0.00 mDebye / A, RMSE_ALPHA_per_atom=    0.02, RMSE_ALPHA_DERIV=    0.70
2025-07-12 04:59:50.159 INFO: Epoch 1243: head: Default, loss=0.0814, RMSE_MU_per_atom=0.00 mDebye, RMSE_MU_DERIV=0.00 mDebye / A, RMSE_ALPHA_per_atom=    0.02, RMSE_ALPHA_DERIV=    0.70
2025-07-12 05:00:12.324 INFO: Epoch 1244: head: Default, loss=0.0816, RMSE_MU_per_atom=0.00 mDebye, RMSE_MU_DERIV=0.00 mDebye / A, RMSE_ALPHA_per_atom=    0.02, RMSE_ALPHA_DERIV=    0.70
2025-07-12 05:00:34.473 INFO: Epoch 1245: head: Default, loss=0.0815, RMSE_MU_per_atom=0.00 mDebye, RMSE_MU_DERIV=0.00 mDebye / A, RMSE_ALPHA_per_atom=    0.02, RMSE_ALPHA_DERIV=    0.70
2025-07-12 05:00:56.629 INFO: Epoch 1246: head: Default, loss=0.0815, RMSE_MU_per_atom=0.00 mDebye, RMSE_MU_DERIV=0.00 mDebye / A, RMSE_ALPHA_per_atom=    0.02, RMSE_ALPHA_DERIV=    0.70
2025-07-12 05:01:18.763 INFO: Epoch 1247: head: Default, loss=0.0814, RMSE_MU_per_atom=0.00 mDebye, RMSE_MU_DERIV=0.00 mDebye / A, RMSE_ALPHA_per_atom=    0.02, RMSE_ALPHA_DERIV=    0.70
2025-07-12 05:01:40.914 INFO: Epoch 1248: head: Default, loss=0.0814, RMSE_MU_per_atom=0.00 mDebye, RMSE_MU_DERIV=0.00 mDebye / A, RMSE_ALPHA_per_atom=    0.02, RMSE_ALPHA_DERIV=    0.70
2025-07-12 05:02:03.050 INFO: Epoch 1249: head: Default, loss=0.0818, RMSE_MU_per_atom=0.00 mDebye, RMSE_MU_DERIV=0.00 mDebye / A, RMSE_ALPHA_per_atom=    0.02, RMSE_ALPHA_DERIV=    0.70
2025-07-12 05:02:25.160 INFO: Epoch 1250: head: Default, loss=0.0814, RMSE_MU_per_atom=0.00 mDebye, RMSE_MU_DERIV=0.00 mDebye / A, RMSE_ALPHA_per_atom=    0.02, RMSE_ALPHA_DERIV=    0.70
2025-07-12 05:02:47.307 INFO: Epoch 1251: head: Default, loss=0.0814, RMSE_MU_per_atom=0.00 mDebye, RMSE_MU_DERIV=0.00 mDebye / A, RMSE_ALPHA_per_atom=    0.02, RMSE_ALPHA_DERIV=    0.70
2025-07-12 05:03:09.394 INFO: Epoch 1252: head: Default, loss=0.0815, RMSE_MU_per_atom=0.00 mDebye, RMSE_MU_DERIV=0.00 mDebye / A, RMSE_ALPHA_per_atom=    0.02, RMSE_ALPHA_DERIV=    0.70
2025-07-12 05:03:31.526 INFO: Epoch 1253: head: Default, loss=0.0815, RMSE_MU_per_atom=0.00 mDebye, RMSE_MU_DERIV=0.00 mDebye / A, RMSE_ALPHA_per_atom=    0.02, RMSE_ALPHA_DERIV=    0.70
2025-07-12 05:03:53.676 INFO: Epoch 1254: head: Default, loss=0.0817, RMSE_MU_per_atom=0.00 mDebye, RMSE_MU_DERIV=0.00 mDebye / A, RMSE_ALPHA_per_atom=    0.02, RMSE_ALPHA_DERIV=    0.70
2025-07-12 05:04:15.821 INFO: Epoch 1255: head: Default, loss=0.0816, RMSE_MU_per_atom=0.00 mDebye, RMSE_MU_DERIV=0.00 mDebye / A, RMSE_ALPHA_per_atom=    0.02, RMSE_ALPHA_DERIV=    0.70
2025-07-12 05:04:37.975 INFO: Epoch 1256: head: Default, loss=0.0815, RMSE_MU_per_atom=0.00 mDebye, RMSE_MU_DERIV=0.00 mDebye / A, RMSE_ALPHA_per_atom=    0.02, RMSE_ALPHA_DERIV=    0.70
2025-07-12 05:05:00.151 INFO: Epoch 1257: head: Default, loss=0.0816, RMSE_MU_per_atom=0.00 mDebye, RMSE_MU_DERIV=0.00 mDebye / A, RMSE_ALPHA_per_atom=    0.02, RMSE_ALPHA_DERIV=    0.70
2025-07-12 05:05:22.325 INFO: Epoch 1258: head: Default, loss=0.0815, RMSE_MU_per_atom=0.00 mDebye, RMSE_MU_DERIV=0.00 mDebye / A, RMSE_ALPHA_per_atom=    0.02, RMSE_ALPHA_DERIV=    0.70
2025-07-12 05:05:44.477 INFO: Epoch 1259: head: Default, loss=0.0816, RMSE_MU_per_atom=0.00 mDebye, RMSE_MU_DERIV=0.00 mDebye / A, RMSE_ALPHA_per_atom=    0.02, RMSE_ALPHA_DERIV=    0.70
2025-07-12 05:06:06.634 INFO: Epoch 1260: head: Default, loss=0.0816, RMSE_MU_per_atom=0.00 mDebye, RMSE_MU_DERIV=0.00 mDebye / A, RMSE_ALPHA_per_atom=    0.02, RMSE_ALPHA_DERIV=    0.70
2025-07-12 05:06:28.751 INFO: Epoch 1261: head: Default, loss=0.0814, RMSE_MU_per_atom=0.00 mDebye, RMSE_MU_DERIV=0.00 mDebye / A, RMSE_ALPHA_per_atom=    0.02, RMSE_ALPHA_DERIV=    0.70
2025-07-12 05:06:50.879 INFO: Epoch 1262: head: Default, loss=0.0815, RMSE_MU_per_atom=0.00 mDebye, RMSE_MU_DERIV=0.00 mDebye / A, RMSE_ALPHA_per_atom=    0.02, RMSE_ALPHA_DERIV=    0.70
2025-07-12 05:07:12.992 INFO: Epoch 1263: head: Default, loss=0.0815, RMSE_MU_per_atom=0.00 mDebye, RMSE_MU_DERIV=0.00 mDebye / A, RMSE_ALPHA_per_atom=    0.02, RMSE_ALPHA_DERIV=    0.70
2025-07-12 05:07:35.136 INFO: Epoch 1264: head: Default, loss=0.0817, RMSE_MU_per_atom=0.00 mDebye, RMSE_MU_DERIV=0.00 mDebye / A, RMSE_ALPHA_per_atom=    0.02, RMSE_ALPHA_DERIV=    0.70
2025-07-12 05:07:57.234 INFO: Epoch 1265: head: Default, loss=0.0815, RMSE_MU_per_atom=0.00 mDebye, RMSE_MU_DERIV=0.00 mDebye / A, RMSE_ALPHA_per_atom=    0.02, RMSE_ALPHA_DERIV=    0.70
2025-07-12 05:08:19.374 INFO: Epoch 1266: head: Default, loss=0.0816, RMSE_MU_per_atom=0.00 mDebye, RMSE_MU_DERIV=0.00 mDebye / A, RMSE_ALPHA_per_atom=    0.02, RMSE_ALPHA_DERIV=    0.70
2025-07-12 05:08:41.480 INFO: Epoch 1267: head: Default, loss=0.0815, RMSE_MU_per_atom=0.00 mDebye, RMSE_MU_DERIV=0.00 mDebye / A, RMSE_ALPHA_per_atom=    0.02, RMSE_ALPHA_DERIV=    0.70
2025-07-12 05:09:03.557 INFO: Epoch 1268: head: Default, loss=0.0814, RMSE_MU_per_atom=0.00 mDebye, RMSE_MU_DERIV=0.00 mDebye / A, RMSE_ALPHA_per_atom=    0.02, RMSE_ALPHA_DERIV=    0.70
2025-07-12 05:09:25.639 INFO: Epoch 1269: head: Default, loss=0.0817, RMSE_MU_per_atom=0.00 mDebye, RMSE_MU_DERIV=0.00 mDebye / A, RMSE_ALPHA_per_atom=    0.02, RMSE_ALPHA_DERIV=    0.70
2025-07-12 05:09:47.716 INFO: Epoch 1270: head: Default, loss=0.0815, RMSE_MU_per_atom=0.00 mDebye, RMSE_MU_DERIV=0.00 mDebye / A, RMSE_ALPHA_per_atom=    0.02, RMSE_ALPHA_DERIV=    0.70
2025-07-12 05:10:09.787 INFO: Epoch 1271: head: Default, loss=0.0815, RMSE_MU_per_atom=0.00 mDebye, RMSE_MU_DERIV=0.00 mDebye / A, RMSE_ALPHA_per_atom=    0.02, RMSE_ALPHA_DERIV=    0.70
2025-07-12 05:10:31.875 INFO: Epoch 1272: head: Default, loss=0.0814, RMSE_MU_per_atom=0.00 mDebye, RMSE_MU_DERIV=0.00 mDebye / A, RMSE_ALPHA_per_atom=    0.02, RMSE_ALPHA_DERIV=    0.70
2025-07-12 05:10:53.946 INFO: Epoch 1273: head: Default, loss=0.0817, RMSE_MU_per_atom=0.00 mDebye, RMSE_MU_DERIV=0.00 mDebye / A, RMSE_ALPHA_per_atom=    0.02, RMSE_ALPHA_DERIV=    0.70
2025-07-12 05:11:16.031 INFO: Epoch 1274: head: Default, loss=0.0818, RMSE_MU_per_atom=0.00 mDebye, RMSE_MU_DERIV=0.00 mDebye / A, RMSE_ALPHA_per_atom=    0.02, RMSE_ALPHA_DERIV=    0.70
2025-07-12 05:11:38.123 INFO: Epoch 1275: head: Default, loss=0.0815, RMSE_MU_per_atom=0.00 mDebye, RMSE_MU_DERIV=0.00 mDebye / A, RMSE_ALPHA_per_atom=    0.02, RMSE_ALPHA_DERIV=    0.70
2025-07-12 05:12:00.211 INFO: Epoch 1276: head: Default, loss=0.0816, RMSE_MU_per_atom=0.00 mDebye, RMSE_MU_DERIV=0.00 mDebye / A, RMSE_ALPHA_per_atom=    0.02, RMSE_ALPHA_DERIV=    0.70
2025-07-12 05:12:22.307 INFO: Epoch 1277: head: Default, loss=0.0817, RMSE_MU_per_atom=0.00 mDebye, RMSE_MU_DERIV=0.00 mDebye / A, RMSE_ALPHA_per_atom=    0.02, RMSE_ALPHA_DERIV=    0.70
2025-07-12 05:12:44.377 INFO: Epoch 1278: head: Default, loss=0.0815, RMSE_MU_per_atom=0.00 mDebye, RMSE_MU_DERIV=0.00 mDebye / A, RMSE_ALPHA_per_atom=    0.02, RMSE_ALPHA_DERIV=    0.70
2025-07-12 05:13:06.446 INFO: Epoch 1279: head: Default, loss=0.0815, RMSE_MU_per_atom=0.00 mDebye, RMSE_MU_DERIV=0.00 mDebye / A, RMSE_ALPHA_per_atom=    0.02, RMSE_ALPHA_DERIV=    0.70
2025-07-12 05:13:28.540 INFO: Epoch 1280: head: Default, loss=0.0818, RMSE_MU_per_atom=0.00 mDebye, RMSE_MU_DERIV=0.00 mDebye / A, RMSE_ALPHA_per_atom=    0.02, RMSE_ALPHA_DERIV=    0.70
2025-07-12 05:13:50.619 INFO: Epoch 1281: head: Default, loss=0.0817, RMSE_MU_per_atom=0.00 mDebye, RMSE_MU_DERIV=0.00 mDebye / A, RMSE_ALPHA_per_atom=    0.02, RMSE_ALPHA_DERIV=    0.70
2025-07-12 05:14:12.694 INFO: Epoch 1282: head: Default, loss=0.0815, RMSE_MU_per_atom=0.00 mDebye, RMSE_MU_DERIV=0.00 mDebye / A, RMSE_ALPHA_per_atom=    0.02, RMSE_ALPHA_DERIV=    0.70
2025-07-12 05:14:34.819 INFO: Epoch 1283: head: Default, loss=0.0814, RMSE_MU_per_atom=0.00 mDebye, RMSE_MU_DERIV=0.00 mDebye / A, RMSE_ALPHA_per_atom=    0.02, RMSE_ALPHA_DERIV=    0.70
2025-07-12 05:14:56.940 INFO: Epoch 1284: head: Default, loss=0.0816, RMSE_MU_per_atom=0.00 mDebye, RMSE_MU_DERIV=0.00 mDebye / A, RMSE_ALPHA_per_atom=    0.02, RMSE_ALPHA_DERIV=    0.70
2025-07-12 05:15:19.044 INFO: Epoch 1285: head: Default, loss=0.0817, RMSE_MU_per_atom=0.00 mDebye, RMSE_MU_DERIV=0.00 mDebye / A, RMSE_ALPHA_per_atom=    0.02, RMSE_ALPHA_DERIV=    0.70
2025-07-12 05:15:41.152 INFO: Epoch 1286: head: Default, loss=0.0816, RMSE_MU_per_atom=0.00 mDebye, RMSE_MU_DERIV=0.00 mDebye / A, RMSE_ALPHA_per_atom=    0.02, RMSE_ALPHA_DERIV=    0.70
2025-07-12 05:16:03.217 INFO: Epoch 1287: head: Default, loss=0.0817, RMSE_MU_per_atom=0.00 mDebye, RMSE_MU_DERIV=0.00 mDebye / A, RMSE_ALPHA_per_atom=    0.02, RMSE_ALPHA_DERIV=    0.70
2025-07-12 05:16:25.284 INFO: Epoch 1288: head: Default, loss=0.0817, RMSE_MU_per_atom=0.00 mDebye, RMSE_MU_DERIV=0.00 mDebye / A, RMSE_ALPHA_per_atom=    0.02, RMSE_ALPHA_DERIV=    0.70
2025-07-12 05:16:47.359 INFO: Epoch 1289: head: Default, loss=0.0817, RMSE_MU_per_atom=0.00 mDebye, RMSE_MU_DERIV=0.00 mDebye / A, RMSE_ALPHA_per_atom=    0.02, RMSE_ALPHA_DERIV=    0.70
2025-07-12 05:17:09.443 INFO: Epoch 1290: head: Default, loss=0.0816, RMSE_MU_per_atom=0.00 mDebye, RMSE_MU_DERIV=0.00 mDebye / A, RMSE_ALPHA_per_atom=    0.02, RMSE_ALPHA_DERIV=    0.70
2025-07-12 05:17:31.542 INFO: Epoch 1291: head: Default, loss=0.0816, RMSE_MU_per_atom=0.00 mDebye, RMSE_MU_DERIV=0.00 mDebye / A, RMSE_ALPHA_per_atom=    0.02, RMSE_ALPHA_DERIV=    0.70
2025-07-12 05:17:53.641 INFO: Epoch 1292: head: Default, loss=0.0815, RMSE_MU_per_atom=0.00 mDebye, RMSE_MU_DERIV=0.00 mDebye / A, RMSE_ALPHA_per_atom=    0.02, RMSE_ALPHA_DERIV=    0.70
2025-07-12 05:18:15.691 INFO: Epoch 1293: head: Default, loss=0.0815, RMSE_MU_per_atom=0.00 mDebye, RMSE_MU_DERIV=0.00 mDebye / A, RMSE_ALPHA_per_atom=    0.02, RMSE_ALPHA_DERIV=    0.70
2025-07-12 05:18:37.777 INFO: Epoch 1294: head: Default, loss=0.0814, RMSE_MU_per_atom=0.00 mDebye, RMSE_MU_DERIV=0.00 mDebye / A, RMSE_ALPHA_per_atom=    0.02, RMSE_ALPHA_DERIV=    0.70
2025-07-12 05:18:59.863 INFO: Epoch 1295: head: Default, loss=0.0816, RMSE_MU_per_atom=0.00 mDebye, RMSE_MU_DERIV=0.00 mDebye / A, RMSE_ALPHA_per_atom=    0.02, RMSE_ALPHA_DERIV=    0.70
2025-07-12 05:19:21.948 INFO: Epoch 1296: head: Default, loss=0.0817, RMSE_MU_per_atom=0.00 mDebye, RMSE_MU_DERIV=0.00 mDebye / A, RMSE_ALPHA_per_atom=    0.02, RMSE_ALPHA_DERIV=    0.70
2025-07-12 05:19:44.069 INFO: Epoch 1297: head: Default, loss=0.0817, RMSE_MU_per_atom=0.00 mDebye, RMSE_MU_DERIV=0.00 mDebye / A, RMSE_ALPHA_per_atom=    0.02, RMSE_ALPHA_DERIV=    0.70
2025-07-12 05:20:06.193 INFO: Epoch 1298: head: Default, loss=0.0817, RMSE_MU_per_atom=0.00 mDebye, RMSE_MU_DERIV=0.00 mDebye / A, RMSE_ALPHA_per_atom=    0.02, RMSE_ALPHA_DERIV=    0.70
2025-07-12 05:20:28.277 INFO: Epoch 1299: head: Default, loss=0.0816, RMSE_MU_per_atom=0.00 mDebye, RMSE_MU_DERIV=0.00 mDebye / A, RMSE_ALPHA_per_atom=    0.02, RMSE_ALPHA_DERIV=    0.70
2025-07-12 05:20:50.369 INFO: Epoch 1300: head: Default, loss=0.0815, RMSE_MU_per_atom=0.00 mDebye, RMSE_MU_DERIV=0.00 mDebye / A, RMSE_ALPHA_per_atom=    0.02, RMSE_ALPHA_DERIV=    0.70
2025-07-12 05:21:12.433 INFO: Epoch 1301: head: Default, loss=0.0816, RMSE_MU_per_atom=0.00 mDebye, RMSE_MU_DERIV=0.00 mDebye / A, RMSE_ALPHA_per_atom=    0.02, RMSE_ALPHA_DERIV=    0.70
2025-07-12 05:21:34.528 INFO: Epoch 1302: head: Default, loss=0.0818, RMSE_MU_per_atom=0.00 mDebye, RMSE_MU_DERIV=0.00 mDebye / A, RMSE_ALPHA_per_atom=    0.02, RMSE_ALPHA_DERIV=    0.70
2025-07-12 05:21:56.667 INFO: Epoch 1303: head: Default, loss=0.0817, RMSE_MU_per_atom=0.00 mDebye, RMSE_MU_DERIV=0.00 mDebye / A, RMSE_ALPHA_per_atom=    0.02, RMSE_ALPHA_DERIV=    0.70
2025-07-12 05:22:18.798 INFO: Epoch 1304: head: Default, loss=0.0815, RMSE_MU_per_atom=0.00 mDebye, RMSE_MU_DERIV=0.00 mDebye / A, RMSE_ALPHA_per_atom=    0.02, RMSE_ALPHA_DERIV=    0.70
2025-07-12 05:22:40.903 INFO: Epoch 1305: head: Default, loss=0.0814, RMSE_MU_per_atom=0.00 mDebye, RMSE_MU_DERIV=0.00 mDebye / A, RMSE_ALPHA_per_atom=    0.02, RMSE_ALPHA_DERIV=    0.70
2025-07-12 05:23:02.977 INFO: Epoch 1306: head: Default, loss=0.0814, RMSE_MU_per_atom=0.00 mDebye, RMSE_MU_DERIV=0.00 mDebye / A, RMSE_ALPHA_per_atom=    0.02, RMSE_ALPHA_DERIV=    0.70
2025-07-12 05:23:25.059 INFO: Epoch 1307: head: Default, loss=0.0815, RMSE_MU_per_atom=0.00 mDebye, RMSE_MU_DERIV=0.00 mDebye / A, RMSE_ALPHA_per_atom=    0.02, RMSE_ALPHA_DERIV=    0.70
2025-07-12 05:23:47.174 INFO: Epoch 1308: head: Default, loss=0.0817, RMSE_MU_per_atom=0.00 mDebye, RMSE_MU_DERIV=0.00 mDebye / A, RMSE_ALPHA_per_atom=    0.02, RMSE_ALPHA_DERIV=    0.70
2025-07-12 05:24:09.281 INFO: Epoch 1309: head: Default, loss=0.0816, RMSE_MU_per_atom=0.00 mDebye, RMSE_MU_DERIV=0.00 mDebye / A, RMSE_ALPHA_per_atom=    0.02, RMSE_ALPHA_DERIV=    0.70
2025-07-12 05:24:31.391 INFO: Epoch 1310: head: Default, loss=0.0816, RMSE_MU_per_atom=0.00 mDebye, RMSE_MU_DERIV=0.00 mDebye / A, RMSE_ALPHA_per_atom=    0.02, RMSE_ALPHA_DERIV=    0.70
2025-07-12 05:24:53.499 INFO: Epoch 1311: head: Default, loss=0.0817, RMSE_MU_per_atom=0.00 mDebye, RMSE_MU_DERIV=0.00 mDebye / A, RMSE_ALPHA_per_atom=    0.02, RMSE_ALPHA_DERIV=    0.70
2025-07-12 05:25:15.596 INFO: Epoch 1312: head: Default, loss=0.0817, RMSE_MU_per_atom=0.00 mDebye, RMSE_MU_DERIV=0.00 mDebye / A, RMSE_ALPHA_per_atom=    0.02, RMSE_ALPHA_DERIV=    0.70
2025-07-12 05:25:37.708 INFO: Epoch 1313: head: Default, loss=0.0816, RMSE_MU_per_atom=0.00 mDebye, RMSE_MU_DERIV=0.00 mDebye / A, RMSE_ALPHA_per_atom=    0.02, RMSE_ALPHA_DERIV=    0.70
2025-07-12 05:25:59.812 INFO: Epoch 1314: head: Default, loss=0.0817, RMSE_MU_per_atom=0.00 mDebye, RMSE_MU_DERIV=0.00 mDebye / A, RMSE_ALPHA_per_atom=    0.02, RMSE_ALPHA_DERIV=    0.70
2025-07-12 05:26:21.902 INFO: Epoch 1315: head: Default, loss=0.0816, RMSE_MU_per_atom=0.00 mDebye, RMSE_MU_DERIV=0.00 mDebye / A, RMSE_ALPHA_per_atom=    0.02, RMSE_ALPHA_DERIV=    0.70
2025-07-12 05:26:43.998 INFO: Epoch 1316: head: Default, loss=0.0817, RMSE_MU_per_atom=0.00 mDebye, RMSE_MU_DERIV=0.00 mDebye / A, RMSE_ALPHA_per_atom=    0.02, RMSE_ALPHA_DERIV=    0.70
2025-07-12 05:27:06.059 INFO: Epoch 1317: head: Default, loss=0.0816, RMSE_MU_per_atom=0.00 mDebye, RMSE_MU_DERIV=0.00 mDebye / A, RMSE_ALPHA_per_atom=    0.02, RMSE_ALPHA_DERIV=    0.70
2025-07-12 05:27:28.162 INFO: Epoch 1318: head: Default, loss=0.0816, RMSE_MU_per_atom=0.00 mDebye, RMSE_MU_DERIV=0.00 mDebye / A, RMSE_ALPHA_per_atom=    0.02, RMSE_ALPHA_DERIV=    0.70
2025-07-12 05:27:50.252 INFO: Epoch 1319: head: Default, loss=0.0817, RMSE_MU_per_atom=0.00 mDebye, RMSE_MU_DERIV=0.00 mDebye / A, RMSE_ALPHA_per_atom=    0.02, RMSE_ALPHA_DERIV=    0.70
2025-07-12 05:28:12.338 INFO: Epoch 1320: head: Default, loss=0.0817, RMSE_MU_per_atom=0.00 mDebye, RMSE_MU_DERIV=0.00 mDebye / A, RMSE_ALPHA_per_atom=    0.02, RMSE_ALPHA_DERIV=    0.70
2025-07-12 05:28:34.429 INFO: Epoch 1321: head: Default, loss=0.0816, RMSE_MU_per_atom=0.00 mDebye, RMSE_MU_DERIV=0.00 mDebye / A, RMSE_ALPHA_per_atom=    0.02, RMSE_ALPHA_DERIV=    0.70
2025-07-12 05:28:56.515 INFO: Epoch 1322: head: Default, loss=0.0815, RMSE_MU_per_atom=0.00 mDebye, RMSE_MU_DERIV=0.00 mDebye / A, RMSE_ALPHA_per_atom=    0.02, RMSE_ALPHA_DERIV=    0.70
2025-07-12 05:29:18.600 INFO: Epoch 1323: head: Default, loss=0.0816, RMSE_MU_per_atom=0.00 mDebye, RMSE_MU_DERIV=0.00 mDebye / A, RMSE_ALPHA_per_atom=    0.02, RMSE_ALPHA_DERIV=    0.70
2025-07-12 05:29:40.708 INFO: Epoch 1324: head: Default, loss=0.0818, RMSE_MU_per_atom=0.00 mDebye, RMSE_MU_DERIV=0.00 mDebye / A, RMSE_ALPHA_per_atom=    0.02, RMSE_ALPHA_DERIV=    0.70
2025-07-12 05:30:02.783 INFO: Epoch 1325: head: Default, loss=0.0817, RMSE_MU_per_atom=0.00 mDebye, RMSE_MU_DERIV=0.00 mDebye / A, RMSE_ALPHA_per_atom=    0.02, RMSE_ALPHA_DERIV=    0.70
2025-07-12 05:30:24.853 INFO: Epoch 1326: head: Default, loss=0.0816, RMSE_MU_per_atom=0.00 mDebye, RMSE_MU_DERIV=0.00 mDebye / A, RMSE_ALPHA_per_atom=    0.02, RMSE_ALPHA_DERIV=    0.70
2025-07-12 05:30:46.940 INFO: Epoch 1327: head: Default, loss=0.0818, RMSE_MU_per_atom=0.00 mDebye, RMSE_MU_DERIV=0.00 mDebye / A, RMSE_ALPHA_per_atom=    0.02, RMSE_ALPHA_DERIV=    0.70
2025-07-12 05:31:09.029 INFO: Epoch 1328: head: Default, loss=0.0816, RMSE_MU_per_atom=0.00 mDebye, RMSE_MU_DERIV=0.00 mDebye / A, RMSE_ALPHA_per_atom=    0.02, RMSE_ALPHA_DERIV=    0.70
2025-07-12 05:31:31.124 INFO: Epoch 1329: head: Default, loss=0.0818, RMSE_MU_per_atom=0.00 mDebye, RMSE_MU_DERIV=0.00 mDebye / A, RMSE_ALPHA_per_atom=    0.02, RMSE_ALPHA_DERIV=    0.70
2025-07-12 05:31:53.239 INFO: Epoch 1330: head: Default, loss=0.0817, RMSE_MU_per_atom=0.00 mDebye, RMSE_MU_DERIV=0.00 mDebye / A, RMSE_ALPHA_per_atom=    0.02, RMSE_ALPHA_DERIV=    0.70
2025-07-12 05:32:15.307 INFO: Epoch 1331: head: Default, loss=0.0816, RMSE_MU_per_atom=0.00 mDebye, RMSE_MU_DERIV=0.00 mDebye / A, RMSE_ALPHA_per_atom=    0.02, RMSE_ALPHA_DERIV=    0.70
2025-07-12 05:32:37.384 INFO: Epoch 1332: head: Default, loss=0.0815, RMSE_MU_per_atom=0.00 mDebye, RMSE_MU_DERIV=0.00 mDebye / A, RMSE_ALPHA_per_atom=    0.02, RMSE_ALPHA_DERIV=    0.70
2025-07-12 05:32:59.450 INFO: Epoch 1333: head: Default, loss=0.0815, RMSE_MU_per_atom=0.00 mDebye, RMSE_MU_DERIV=0.00 mDebye / A, RMSE_ALPHA_per_atom=    0.02, RMSE_ALPHA_DERIV=    0.70
2025-07-12 05:33:21.543 INFO: Epoch 1334: head: Default, loss=0.0816, RMSE_MU_per_atom=0.00 mDebye, RMSE_MU_DERIV=0.00 mDebye / A, RMSE_ALPHA_per_atom=    0.02, RMSE_ALPHA_DERIV=    0.70
2025-07-12 05:33:43.610 INFO: Epoch 1335: head: Default, loss=0.0817, RMSE_MU_per_atom=0.00 mDebye, RMSE_MU_DERIV=0.00 mDebye / A, RMSE_ALPHA_per_atom=    0.02, RMSE_ALPHA_DERIV=    0.70
2025-07-12 05:34:05.686 INFO: Epoch 1336: head: Default, loss=0.0817, RMSE_MU_per_atom=0.00 mDebye, RMSE_MU_DERIV=0.00 mDebye / A, RMSE_ALPHA_per_atom=    0.02, RMSE_ALPHA_DERIV=    0.70
2025-07-12 05:34:27.752 INFO: Epoch 1337: head: Default, loss=0.0818, RMSE_MU_per_atom=0.00 mDebye, RMSE_MU_DERIV=0.00 mDebye / A, RMSE_ALPHA_per_atom=    0.02, RMSE_ALPHA_DERIV=    0.70
2025-07-12 05:34:49.840 INFO: Epoch 1338: head: Default, loss=0.0819, RMSE_MU_per_atom=0.00 mDebye, RMSE_MU_DERIV=0.00 mDebye / A, RMSE_ALPHA_per_atom=    0.02, RMSE_ALPHA_DERIV=    0.70
2025-07-12 05:35:11.915 INFO: Epoch 1339: head: Default, loss=0.0818, RMSE_MU_per_atom=0.00 mDebye, RMSE_MU_DERIV=0.00 mDebye / A, RMSE_ALPHA_per_atom=    0.02, RMSE_ALPHA_DERIV=    0.70
2025-07-12 05:35:33.995 INFO: Epoch 1340: head: Default, loss=0.0818, RMSE_MU_per_atom=0.00 mDebye, RMSE_MU_DERIV=0.00 mDebye / A, RMSE_ALPHA_per_atom=    0.02, RMSE_ALPHA_DERIV=    0.70
2025-07-12 05:35:56.132 INFO: Epoch 1341: head: Default, loss=0.0816, RMSE_MU_per_atom=0.00 mDebye, RMSE_MU_DERIV=0.00 mDebye / A, RMSE_ALPHA_per_atom=    0.02, RMSE_ALPHA_DERIV=    0.70
2025-07-12 05:36:18.297 INFO: Epoch 1342: head: Default, loss=0.0816, RMSE_MU_per_atom=0.00 mDebye, RMSE_MU_DERIV=0.00 mDebye / A, RMSE_ALPHA_per_atom=    0.02, RMSE_ALPHA_DERIV=    0.70
2025-07-12 05:36:40.399 INFO: Epoch 1343: head: Default, loss=0.0818, RMSE_MU_per_atom=0.00 mDebye, RMSE_MU_DERIV=0.00 mDebye / A, RMSE_ALPHA_per_atom=    0.02, RMSE_ALPHA_DERIV=    0.70
2025-07-12 05:37:02.508 INFO: Epoch 1344: head: Default, loss=0.0817, RMSE_MU_per_atom=0.00 mDebye, RMSE_MU_DERIV=0.00 mDebye / A, RMSE_ALPHA_per_atom=    0.02, RMSE_ALPHA_DERIV=    0.70
2025-07-12 05:37:24.602 INFO: Epoch 1345: head: Default, loss=0.0818, RMSE_MU_per_atom=0.00 mDebye, RMSE_MU_DERIV=0.00 mDebye / A, RMSE_ALPHA_per_atom=    0.02, RMSE_ALPHA_DERIV=    0.70
2025-07-12 05:37:46.700 INFO: Epoch 1346: head: Default, loss=0.0817, RMSE_MU_per_atom=0.00 mDebye, RMSE_MU_DERIV=0.00 mDebye / A, RMSE_ALPHA_per_atom=    0.02, RMSE_ALPHA_DERIV=    0.70
2025-07-12 05:38:08.799 INFO: Epoch 1347: head: Default, loss=0.0817, RMSE_MU_per_atom=0.00 mDebye, RMSE_MU_DERIV=0.00 mDebye / A, RMSE_ALPHA_per_atom=    0.02, RMSE_ALPHA_DERIV=    0.70
2025-07-12 05:38:30.880 INFO: Epoch 1348: head: Default, loss=0.0816, RMSE_MU_per_atom=0.00 mDebye, RMSE_MU_DERIV=0.00 mDebye / A, RMSE_ALPHA_per_atom=    0.02, RMSE_ALPHA_DERIV=    0.70
2025-07-12 05:38:52.977 INFO: Epoch 1349: head: Default, loss=0.0817, RMSE_MU_per_atom=0.00 mDebye, RMSE_MU_DERIV=0.00 mDebye / A, RMSE_ALPHA_per_atom=    0.02, RMSE_ALPHA_DERIV=    0.70
2025-07-12 05:39:15.052 INFO: Epoch 1350: head: Default, loss=0.0818, RMSE_MU_per_atom=0.00 mDebye, RMSE_MU_DERIV=0.00 mDebye / A, RMSE_ALPHA_per_atom=    0.02, RMSE_ALPHA_DERIV=    0.70
2025-07-12 05:39:37.150 INFO: Epoch 1351: head: Default, loss=0.0816, RMSE_MU_per_atom=0.00 mDebye, RMSE_MU_DERIV=0.00 mDebye / A, RMSE_ALPHA_per_atom=    0.02, RMSE_ALPHA_DERIV=    0.70
2025-07-12 05:39:59.257 INFO: Epoch 1352: head: Default, loss=0.0817, RMSE_MU_per_atom=0.00 mDebye, RMSE_MU_DERIV=0.00 mDebye / A, RMSE_ALPHA_per_atom=    0.02, RMSE_ALPHA_DERIV=    0.70
2025-07-12 05:40:21.351 INFO: Epoch 1353: head: Default, loss=0.0817, RMSE_MU_per_atom=0.00 mDebye, RMSE_MU_DERIV=0.00 mDebye / A, RMSE_ALPHA_per_atom=    0.02, RMSE_ALPHA_DERIV=    0.70
2025-07-12 05:40:43.463 INFO: Epoch 1354: head: Default, loss=0.0816, RMSE_MU_per_atom=0.00 mDebye, RMSE_MU_DERIV=0.00 mDebye / A, RMSE_ALPHA_per_atom=    0.02, RMSE_ALPHA_DERIV=    0.70
2025-07-12 05:41:05.559 INFO: Epoch 1355: head: Default, loss=0.0816, RMSE_MU_per_atom=0.00 mDebye, RMSE_MU_DERIV=0.00 mDebye / A, RMSE_ALPHA_per_atom=    0.02, RMSE_ALPHA_DERIV=    0.70
2025-07-12 05:41:27.635 INFO: Epoch 1356: head: Default, loss=0.0817, RMSE_MU_per_atom=0.00 mDebye, RMSE_MU_DERIV=0.00 mDebye / A, RMSE_ALPHA_per_atom=    0.02, RMSE_ALPHA_DERIV=    0.70
2025-07-12 05:41:49.709 INFO: Epoch 1357: head: Default, loss=0.0817, RMSE_MU_per_atom=0.00 mDebye, RMSE_MU_DERIV=0.00 mDebye / A, RMSE_ALPHA_per_atom=    0.02, RMSE_ALPHA_DERIV=    0.70
2025-07-12 05:42:11.831 INFO: Epoch 1358: head: Default, loss=0.0817, RMSE_MU_per_atom=0.00 mDebye, RMSE_MU_DERIV=0.00 mDebye / A, RMSE_ALPHA_per_atom=    0.02, RMSE_ALPHA_DERIV=    0.70
2025-07-12 05:42:33.930 INFO: Epoch 1359: head: Default, loss=0.0817, RMSE_MU_per_atom=0.00 mDebye, RMSE_MU_DERIV=0.00 mDebye / A, RMSE_ALPHA_per_atom=    0.02, RMSE_ALPHA_DERIV=    0.70
2025-07-12 05:42:56.052 INFO: Epoch 1360: head: Default, loss=0.0817, RMSE_MU_per_atom=0.00 mDebye, RMSE_MU_DERIV=0.00 mDebye / A, RMSE_ALPHA_per_atom=    0.02, RMSE_ALPHA_DERIV=    0.70
2025-07-12 05:43:18.192 INFO: Epoch 1361: head: Default, loss=0.0818, RMSE_MU_per_atom=0.00 mDebye, RMSE_MU_DERIV=0.00 mDebye / A, RMSE_ALPHA_per_atom=    0.02, RMSE_ALPHA_DERIV=    0.70
2025-07-12 05:43:40.270 INFO: Epoch 1362: head: Default, loss=0.0816, RMSE_MU_per_atom=0.00 mDebye, RMSE_MU_DERIV=0.00 mDebye / A, RMSE_ALPHA_per_atom=    0.02, RMSE_ALPHA_DERIV=    0.70
2025-07-12 05:44:02.347 INFO: Epoch 1363: head: Default, loss=0.0817, RMSE_MU_per_atom=0.00 mDebye, RMSE_MU_DERIV=0.00 mDebye / A, RMSE_ALPHA_per_atom=    0.02, RMSE_ALPHA_DERIV=    0.70
2025-07-12 05:44:24.435 INFO: Epoch 1364: head: Default, loss=0.0816, RMSE_MU_per_atom=0.00 mDebye, RMSE_MU_DERIV=0.00 mDebye / A, RMSE_ALPHA_per_atom=    0.02, RMSE_ALPHA_DERIV=    0.70
2025-07-12 05:44:46.534 INFO: Epoch 1365: head: Default, loss=0.0816, RMSE_MU_per_atom=0.00 mDebye, RMSE_MU_DERIV=0.00 mDebye / A, RMSE_ALPHA_per_atom=    0.02, RMSE_ALPHA_DERIV=    0.70
2025-07-12 05:45:08.617 INFO: Epoch 1366: head: Default, loss=0.0816, RMSE_MU_per_atom=0.00 mDebye, RMSE_MU_DERIV=0.00 mDebye / A, RMSE_ALPHA_per_atom=    0.02, RMSE_ALPHA_DERIV=    0.70
2025-07-12 05:45:30.713 INFO: Epoch 1367: head: Default, loss=0.0815, RMSE_MU_per_atom=0.00 mDebye, RMSE_MU_DERIV=0.00 mDebye / A, RMSE_ALPHA_per_atom=    0.02, RMSE_ALPHA_DERIV=    0.70
2025-07-12 05:45:52.817 INFO: Epoch 1368: head: Default, loss=0.0816, RMSE_MU_per_atom=0.00 mDebye, RMSE_MU_DERIV=0.00 mDebye / A, RMSE_ALPHA_per_atom=    0.02, RMSE_ALPHA_DERIV=    0.70
2025-07-12 05:46:14.904 INFO: Epoch 1369: head: Default, loss=0.0816, RMSE_MU_per_atom=0.00 mDebye, RMSE_MU_DERIV=0.00 mDebye / A, RMSE_ALPHA_per_atom=    0.02, RMSE_ALPHA_DERIV=    0.70
2025-07-12 05:46:37.016 INFO: Epoch 1370: head: Default, loss=0.0817, RMSE_MU_per_atom=0.00 mDebye, RMSE_MU_DERIV=0.00 mDebye / A, RMSE_ALPHA_per_atom=    0.02, RMSE_ALPHA_DERIV=    0.70
2025-07-12 05:46:59.107 INFO: Epoch 1371: head: Default, loss=0.0816, RMSE_MU_per_atom=0.00 mDebye, RMSE_MU_DERIV=0.00 mDebye / A, RMSE_ALPHA_per_atom=    0.02, RMSE_ALPHA_DERIV=    0.70
2025-07-12 05:47:21.189 INFO: Epoch 1372: head: Default, loss=0.0816, RMSE_MU_per_atom=0.00 mDebye, RMSE_MU_DERIV=0.00 mDebye / A, RMSE_ALPHA_per_atom=    0.02, RMSE_ALPHA_DERIV=    0.70
2025-07-12 05:47:43.324 INFO: Epoch 1373: head: Default, loss=0.0817, RMSE_MU_per_atom=0.00 mDebye, RMSE_MU_DERIV=0.00 mDebye / A, RMSE_ALPHA_per_atom=    0.02, RMSE_ALPHA_DERIV=    0.70
2025-07-12 05:48:05.439 INFO: Epoch 1374: head: Default, loss=0.0818, RMSE_MU_per_atom=0.00 mDebye, RMSE_MU_DERIV=0.00 mDebye / A, RMSE_ALPHA_per_atom=    0.02, RMSE_ALPHA_DERIV=    0.70
2025-07-12 05:48:27.597 INFO: Epoch 1375: head: Default, loss=0.0815, RMSE_MU_per_atom=0.00 mDebye, RMSE_MU_DERIV=0.00 mDebye / A, RMSE_ALPHA_per_atom=    0.02, RMSE_ALPHA_DERIV=    0.70
2025-07-12 05:48:49.749 INFO: Epoch 1376: head: Default, loss=0.0817, RMSE_MU_per_atom=0.00 mDebye, RMSE_MU_DERIV=0.00 mDebye / A, RMSE_ALPHA_per_atom=    0.02, RMSE_ALPHA_DERIV=    0.70
2025-07-12 05:49:11.869 INFO: Epoch 1377: head: Default, loss=0.0816, RMSE_MU_per_atom=0.00 mDebye, RMSE_MU_DERIV=0.00 mDebye / A, RMSE_ALPHA_per_atom=    0.02, RMSE_ALPHA_DERIV=    0.70
2025-07-12 05:49:33.985 INFO: Epoch 1378: head: Default, loss=0.0816, RMSE_MU_per_atom=0.00 mDebye, RMSE_MU_DERIV=0.00 mDebye / A, RMSE_ALPHA_per_atom=    0.02, RMSE_ALPHA_DERIV=    0.70
2025-07-12 05:49:56.090 INFO: Epoch 1379: head: Default, loss=0.0817, RMSE_MU_per_atom=0.00 mDebye, RMSE_MU_DERIV=0.00 mDebye / A, RMSE_ALPHA_per_atom=    0.02, RMSE_ALPHA_DERIV=    0.70
2025-07-12 05:50:18.219 INFO: Epoch 1380: head: Default, loss=0.0817, RMSE_MU_per_atom=0.00 mDebye, RMSE_MU_DERIV=0.00 mDebye / A, RMSE_ALPHA_per_atom=    0.02, RMSE_ALPHA_DERIV=    0.70
2025-07-12 05:50:40.359 INFO: Epoch 1381: head: Default, loss=0.0816, RMSE_MU_per_atom=0.00 mDebye, RMSE_MU_DERIV=0.00 mDebye / A, RMSE_ALPHA_per_atom=    0.02, RMSE_ALPHA_DERIV=    0.70
2025-07-12 05:51:02.496 INFO: Epoch 1382: head: Default, loss=0.0816, RMSE_MU_per_atom=0.00 mDebye, RMSE_MU_DERIV=0.00 mDebye / A, RMSE_ALPHA_per_atom=    0.02, RMSE_ALPHA_DERIV=    0.70
2025-07-12 05:51:24.631 INFO: Epoch 1383: head: Default, loss=0.0816, RMSE_MU_per_atom=0.00 mDebye, RMSE_MU_DERIV=0.00 mDebye / A, RMSE_ALPHA_per_atom=    0.02, RMSE_ALPHA_DERIV=    0.70
2025-07-12 05:51:46.747 INFO: Epoch 1384: head: Default, loss=0.0816, RMSE_MU_per_atom=0.00 mDebye, RMSE_MU_DERIV=0.00 mDebye / A, RMSE_ALPHA_per_atom=    0.02, RMSE_ALPHA_DERIV=    0.70
2025-07-12 05:52:08.839 INFO: Epoch 1385: head: Default, loss=0.0818, RMSE_MU_per_atom=0.00 mDebye, RMSE_MU_DERIV=0.00 mDebye / A, RMSE_ALPHA_per_atom=    0.02, RMSE_ALPHA_DERIV=    0.70
2025-07-12 05:52:30.927 INFO: Epoch 1386: head: Default, loss=0.0818, RMSE_MU_per_atom=0.00 mDebye, RMSE_MU_DERIV=0.00 mDebye / A, RMSE_ALPHA_per_atom=    0.02, RMSE_ALPHA_DERIV=    0.70
2025-07-12 05:52:53.012 INFO: Epoch 1387: head: Default, loss=0.0817, RMSE_MU_per_atom=0.00 mDebye, RMSE_MU_DERIV=0.00 mDebye / A, RMSE_ALPHA_per_atom=    0.02, RMSE_ALPHA_DERIV=    0.70
2025-07-12 05:53:15.101 INFO: Epoch 1388: head: Default, loss=0.0816, RMSE_MU_per_atom=0.00 mDebye, RMSE_MU_DERIV=0.00 mDebye / A, RMSE_ALPHA_per_atom=    0.02, RMSE_ALPHA_DERIV=    0.70
2025-07-12 05:53:37.186 INFO: Epoch 1389: head: Default, loss=0.0816, RMSE_MU_per_atom=0.00 mDebye, RMSE_MU_DERIV=0.00 mDebye / A, RMSE_ALPHA_per_atom=    0.02, RMSE_ALPHA_DERIV=    0.70
2025-07-12 05:53:59.241 INFO: Epoch 1390: head: Default, loss=0.0817, RMSE_MU_per_atom=0.00 mDebye, RMSE_MU_DERIV=0.00 mDebye / A, RMSE_ALPHA_per_atom=    0.02, RMSE_ALPHA_DERIV=    0.70
2025-07-12 05:54:21.321 INFO: Epoch 1391: head: Default, loss=0.0818, RMSE_MU_per_atom=0.00 mDebye, RMSE_MU_DERIV=0.00 mDebye / A, RMSE_ALPHA_per_atom=    0.02, RMSE_ALPHA_DERIV=    0.70
2025-07-12 05:54:43.406 INFO: Epoch 1392: head: Default, loss=0.0816, RMSE_MU_per_atom=0.00 mDebye, RMSE_MU_DERIV=0.00 mDebye / A, RMSE_ALPHA_per_atom=    0.02, RMSE_ALPHA_DERIV=    0.70
2025-07-12 05:55:05.485 INFO: Epoch 1393: head: Default, loss=0.0816, RMSE_MU_per_atom=0.00 mDebye, RMSE_MU_DERIV=0.00 mDebye / A, RMSE_ALPHA_per_atom=    0.02, RMSE_ALPHA_DERIV=    0.70
2025-07-12 05:55:27.566 INFO: Epoch 1394: head: Default, loss=0.0816, RMSE_MU_per_atom=0.00 mDebye, RMSE_MU_DERIV=0.00 mDebye / A, RMSE_ALPHA_per_atom=    0.02, RMSE_ALPHA_DERIV=    0.70
2025-07-12 05:55:49.639 INFO: Epoch 1395: head: Default, loss=0.0818, RMSE_MU_per_atom=0.00 mDebye, RMSE_MU_DERIV=0.00 mDebye / A, RMSE_ALPHA_per_atom=    0.02, RMSE_ALPHA_DERIV=    0.70
2025-07-12 05:56:11.699 INFO: Epoch 1396: head: Default, loss=0.0817, RMSE_MU_per_atom=0.00 mDebye, RMSE_MU_DERIV=0.00 mDebye / A, RMSE_ALPHA_per_atom=    0.02, RMSE_ALPHA_DERIV=    0.70
2025-07-12 05:56:33.785 INFO: Epoch 1397: head: Default, loss=0.0818, RMSE_MU_per_atom=0.00 mDebye, RMSE_MU_DERIV=0.00 mDebye / A, RMSE_ALPHA_per_atom=    0.02, RMSE_ALPHA_DERIV=    0.70
2025-07-12 05:56:55.851 INFO: Epoch 1398: head: Default, loss=0.0817, RMSE_MU_per_atom=0.00 mDebye, RMSE_MU_DERIV=0.00 mDebye / A, RMSE_ALPHA_per_atom=    0.02, RMSE_ALPHA_DERIV=    0.70
2025-07-12 05:57:17.889 INFO: Epoch 1399: head: Default, loss=0.0817, RMSE_MU_per_atom=0.00 mDebye, RMSE_MU_DERIV=0.00 mDebye / A, RMSE_ALPHA_per_atom=    0.02, RMSE_ALPHA_DERIV=    0.70
2025-07-12 05:57:39.944 INFO: Epoch 1400: head: Default, loss=0.0816, RMSE_MU_per_atom=0.00 mDebye, RMSE_MU_DERIV=0.00 mDebye / A, RMSE_ALPHA_per_atom=    0.02, RMSE_ALPHA_DERIV=    0.70
2025-07-12 05:58:01.988 INFO: Epoch 1401: head: Default, loss=0.0817, RMSE_MU_per_atom=0.00 mDebye, RMSE_MU_DERIV=0.00 mDebye / A, RMSE_ALPHA_per_atom=    0.02, RMSE_ALPHA_DERIV=    0.70
2025-07-12 05:58:24.052 INFO: Epoch 1402: head: Default, loss=0.0817, RMSE_MU_per_atom=0.00 mDebye, RMSE_MU_DERIV=0.00 mDebye / A, RMSE_ALPHA_per_atom=    0.02, RMSE_ALPHA_DERIV=    0.70
2025-07-12 05:58:46.124 INFO: Epoch 1403: head: Default, loss=0.0816, RMSE_MU_per_atom=0.00 mDebye, RMSE_MU_DERIV=0.00 mDebye / A, RMSE_ALPHA_per_atom=    0.02, RMSE_ALPHA_DERIV=    0.70
2025-07-12 05:59:08.241 INFO: Epoch 1404: head: Default, loss=0.0816, RMSE_MU_per_atom=0.00 mDebye, RMSE_MU_DERIV=0.00 mDebye / A, RMSE_ALPHA_per_atom=    0.02, RMSE_ALPHA_DERIV=    0.70
2025-07-12 05:59:30.370 INFO: Epoch 1405: head: Default, loss=0.0816, RMSE_MU_per_atom=0.00 mDebye, RMSE_MU_DERIV=0.00 mDebye / A, RMSE_ALPHA_per_atom=    0.02, RMSE_ALPHA_DERIV=    0.70
2025-07-12 05:59:52.473 INFO: Epoch 1406: head: Default, loss=0.0817, RMSE_MU_per_atom=0.00 mDebye, RMSE_MU_DERIV=0.00 mDebye / A, RMSE_ALPHA_per_atom=    0.02, RMSE_ALPHA_DERIV=    0.70
2025-07-12 06:00:14.590 INFO: Epoch 1407: head: Default, loss=0.0818, RMSE_MU_per_atom=0.00 mDebye, RMSE_MU_DERIV=0.00 mDebye / A, RMSE_ALPHA_per_atom=    0.02, RMSE_ALPHA_DERIV=    0.70
2025-07-12 06:00:36.711 INFO: Epoch 1408: head: Default, loss=0.0817, RMSE_MU_per_atom=0.00 mDebye, RMSE_MU_DERIV=0.00 mDebye / A, RMSE_ALPHA_per_atom=    0.02, RMSE_ALPHA_DERIV=    0.70
2025-07-12 06:00:58.818 INFO: Epoch 1409: head: Default, loss=0.0817, RMSE_MU_per_atom=0.00 mDebye, RMSE_MU_DERIV=0.00 mDebye / A, RMSE_ALPHA_per_atom=    0.02, RMSE_ALPHA_DERIV=    0.70
2025-07-12 06:01:20.943 INFO: Epoch 1410: head: Default, loss=0.0817, RMSE_MU_per_atom=0.00 mDebye, RMSE_MU_DERIV=0.00 mDebye / A, RMSE_ALPHA_per_atom=    0.02, RMSE_ALPHA_DERIV=    0.70
2025-07-12 06:01:43.090 INFO: Epoch 1411: head: Default, loss=0.0816, RMSE_MU_per_atom=0.00 mDebye, RMSE_MU_DERIV=0.00 mDebye / A, RMSE_ALPHA_per_atom=    0.02, RMSE_ALPHA_DERIV=    0.70
2025-07-12 06:02:05.212 INFO: Epoch 1412: head: Default, loss=0.0817, RMSE_MU_per_atom=0.00 mDebye, RMSE_MU_DERIV=0.00 mDebye / A, RMSE_ALPHA_per_atom=    0.02, RMSE_ALPHA_DERIV=    0.70
2025-07-12 06:02:27.303 INFO: Epoch 1413: head: Default, loss=0.0816, RMSE_MU_per_atom=0.00 mDebye, RMSE_MU_DERIV=0.00 mDebye / A, RMSE_ALPHA_per_atom=    0.02, RMSE_ALPHA_DERIV=    0.70
2025-07-12 06:02:49.420 INFO: Epoch 1414: head: Default, loss=0.0816, RMSE_MU_per_atom=0.00 mDebye, RMSE_MU_DERIV=0.00 mDebye / A, RMSE_ALPHA_per_atom=    0.02, RMSE_ALPHA_DERIV=    0.70
2025-07-12 06:03:11.537 INFO: Epoch 1415: head: Default, loss=0.0817, RMSE_MU_per_atom=0.00 mDebye, RMSE_MU_DERIV=0.00 mDebye / A, RMSE_ALPHA_per_atom=    0.02, RMSE_ALPHA_DERIV=    0.70
2025-07-12 06:03:33.660 INFO: Epoch 1416: head: Default, loss=0.0817, RMSE_MU_per_atom=0.00 mDebye, RMSE_MU_DERIV=0.00 mDebye / A, RMSE_ALPHA_per_atom=    0.02, RMSE_ALPHA_DERIV=    0.70
2025-07-12 06:03:55.778 INFO: Epoch 1417: head: Default, loss=0.0817, RMSE_MU_per_atom=0.00 mDebye, RMSE_MU_DERIV=0.00 mDebye / A, RMSE_ALPHA_per_atom=    0.02, RMSE_ALPHA_DERIV=    0.70
2025-07-12 06:04:17.881 INFO: Epoch 1418: head: Default, loss=0.0817, RMSE_MU_per_atom=0.00 mDebye, RMSE_MU_DERIV=0.00 mDebye / A, RMSE_ALPHA_per_atom=    0.02, RMSE_ALPHA_DERIV=    0.70
2025-07-12 06:04:40.018 INFO: Epoch 1419: head: Default, loss=0.0818, RMSE_MU_per_atom=0.00 mDebye, RMSE_MU_DERIV=0.00 mDebye / A, RMSE_ALPHA_per_atom=    0.02, RMSE_ALPHA_DERIV=    0.70
2025-07-12 06:05:02.126 INFO: Epoch 1420: head: Default, loss=0.0817, RMSE_MU_per_atom=0.00 mDebye, RMSE_MU_DERIV=0.00 mDebye / A, RMSE_ALPHA_per_atom=    0.02, RMSE_ALPHA_DERIV=    0.70
2025-07-12 06:05:24.217 INFO: Epoch 1421: head: Default, loss=0.0818, RMSE_MU_per_atom=0.00 mDebye, RMSE_MU_DERIV=0.00 mDebye / A, RMSE_ALPHA_per_atom=    0.02, RMSE_ALPHA_DERIV=    0.70
2025-07-12 06:05:46.345 INFO: Epoch 1422: head: Default, loss=0.0817, RMSE_MU_per_atom=0.00 mDebye, RMSE_MU_DERIV=0.00 mDebye / A, RMSE_ALPHA_per_atom=    0.02, RMSE_ALPHA_DERIV=    0.70
2025-07-12 06:06:08.450 INFO: Epoch 1423: head: Default, loss=0.0817, RMSE_MU_per_atom=0.00 mDebye, RMSE_MU_DERIV=0.00 mDebye / A, RMSE_ALPHA_per_atom=    0.02, RMSE_ALPHA_DERIV=    0.70
2025-07-12 06:06:30.561 INFO: Epoch 1424: head: Default, loss=0.0817, RMSE_MU_per_atom=0.00 mDebye, RMSE_MU_DERIV=0.00 mDebye / A, RMSE_ALPHA_per_atom=    0.02, RMSE_ALPHA_DERIV=    0.70
2025-07-12 06:06:52.693 INFO: Epoch 1425: head: Default, loss=0.0817, RMSE_MU_per_atom=0.00 mDebye, RMSE_MU_DERIV=0.00 mDebye / A, RMSE_ALPHA_per_atom=    0.02, RMSE_ALPHA_DERIV=    0.70
2025-07-12 06:07:14.812 INFO: Epoch 1426: head: Default, loss=0.0817, RMSE_MU_per_atom=0.00 mDebye, RMSE_MU_DERIV=0.00 mDebye / A, RMSE_ALPHA_per_atom=    0.02, RMSE_ALPHA_DERIV=    0.70
2025-07-12 06:07:36.903 INFO: Epoch 1427: head: Default, loss=0.0817, RMSE_MU_per_atom=0.00 mDebye, RMSE_MU_DERIV=0.00 mDebye / A, RMSE_ALPHA_per_atom=    0.02, RMSE_ALPHA_DERIV=    0.70
2025-07-12 06:07:59.022 INFO: Epoch 1428: head: Default, loss=0.0817, RMSE_MU_per_atom=0.00 mDebye, RMSE_MU_DERIV=0.00 mDebye / A, RMSE_ALPHA_per_atom=    0.02, RMSE_ALPHA_DERIV=    0.70
2025-07-12 06:08:21.150 INFO: Epoch 1429: head: Default, loss=0.0817, RMSE_MU_per_atom=0.00 mDebye, RMSE_MU_DERIV=0.00 mDebye / A, RMSE_ALPHA_per_atom=    0.02, RMSE_ALPHA_DERIV=    0.70
2025-07-12 06:08:43.261 INFO: Epoch 1430: head: Default, loss=0.0818, RMSE_MU_per_atom=0.00 mDebye, RMSE_MU_DERIV=0.00 mDebye / A, RMSE_ALPHA_per_atom=    0.02, RMSE_ALPHA_DERIV=    0.70
2025-07-12 06:09:05.392 INFO: Epoch 1431: head: Default, loss=0.0818, RMSE_MU_per_atom=0.00 mDebye, RMSE_MU_DERIV=0.00 mDebye / A, RMSE_ALPHA_per_atom=    0.02, RMSE_ALPHA_DERIV=    0.70
2025-07-12 06:09:27.551 INFO: Epoch 1432: head: Default, loss=0.0817, RMSE_MU_per_atom=0.00 mDebye, RMSE_MU_DERIV=0.00 mDebye / A, RMSE_ALPHA_per_atom=    0.02, RMSE_ALPHA_DERIV=    0.70
2025-07-12 06:09:49.659 INFO: Epoch 1433: head: Default, loss=0.0816, RMSE_MU_per_atom=0.00 mDebye, RMSE_MU_DERIV=0.00 mDebye / A, RMSE_ALPHA_per_atom=    0.02, RMSE_ALPHA_DERIV=    0.70
2025-07-12 06:10:11.774 INFO: Epoch 1434: head: Default, loss=0.0817, RMSE_MU_per_atom=0.00 mDebye, RMSE_MU_DERIV=0.00 mDebye / A, RMSE_ALPHA_per_atom=    0.02, RMSE_ALPHA_DERIV=    0.70
2025-07-12 06:10:33.895 INFO: Epoch 1435: head: Default, loss=0.0818, RMSE_MU_per_atom=0.00 mDebye, RMSE_MU_DERIV=0.00 mDebye / A, RMSE_ALPHA_per_atom=    0.02, RMSE_ALPHA_DERIV=    0.70
2025-07-12 06:10:55.981 INFO: Epoch 1436: head: Default, loss=0.0818, RMSE_MU_per_atom=0.00 mDebye, RMSE_MU_DERIV=0.00 mDebye / A, RMSE_ALPHA_per_atom=    0.02, RMSE_ALPHA_DERIV=    0.70
2025-07-12 06:11:18.076 INFO: Epoch 1437: head: Default, loss=0.0817, RMSE_MU_per_atom=0.00 mDebye, RMSE_MU_DERIV=0.00 mDebye / A, RMSE_ALPHA_per_atom=    0.02, RMSE_ALPHA_DERIV=    0.70
2025-07-12 06:11:40.208 INFO: Epoch 1438: head: Default, loss=0.0817, RMSE_MU_per_atom=0.00 mDebye, RMSE_MU_DERIV=0.00 mDebye / A, RMSE_ALPHA_per_atom=    0.02, RMSE_ALPHA_DERIV=    0.70
2025-07-12 06:12:02.314 INFO: Epoch 1439: head: Default, loss=0.0816, RMSE_MU_per_atom=0.00 mDebye, RMSE_MU_DERIV=0.00 mDebye / A, RMSE_ALPHA_per_atom=    0.02, RMSE_ALPHA_DERIV=    0.70
2025-07-12 06:12:24.381 INFO: Epoch 1440: head: Default, loss=0.0817, RMSE_MU_per_atom=0.00 mDebye, RMSE_MU_DERIV=0.00 mDebye / A, RMSE_ALPHA_per_atom=    0.02, RMSE_ALPHA_DERIV=    0.70
2025-07-12 06:12:46.468 INFO: Epoch 1441: head: Default, loss=0.0818, RMSE_MU_per_atom=0.00 mDebye, RMSE_MU_DERIV=0.00 mDebye / A, RMSE_ALPHA_per_atom=    0.02, RMSE_ALPHA_DERIV=    0.70
2025-07-12 06:13:08.541 INFO: Epoch 1442: head: Default, loss=0.0817, RMSE_MU_per_atom=0.00 mDebye, RMSE_MU_DERIV=0.00 mDebye / A, RMSE_ALPHA_per_atom=    0.02, RMSE_ALPHA_DERIV=    0.70
2025-07-12 06:13:30.632 INFO: Epoch 1443: head: Default, loss=0.0816, RMSE_MU_per_atom=0.00 mDebye, RMSE_MU_DERIV=0.00 mDebye / A, RMSE_ALPHA_per_atom=    0.02, RMSE_ALPHA_DERIV=    0.70
2025-07-12 06:13:52.761 INFO: Epoch 1444: head: Default, loss=0.0815, RMSE_MU_per_atom=0.00 mDebye, RMSE_MU_DERIV=0.00 mDebye / A, RMSE_ALPHA_per_atom=    0.02, RMSE_ALPHA_DERIV=    0.70
2025-07-12 06:14:14.912 INFO: Epoch 1445: head: Default, loss=0.0817, RMSE_MU_per_atom=0.00 mDebye, RMSE_MU_DERIV=0.00 mDebye / A, RMSE_ALPHA_per_atom=    0.02, RMSE_ALPHA_DERIV=    0.70
2025-07-12 06:14:36.992 INFO: Epoch 1446: head: Default, loss=0.0816, RMSE_MU_per_atom=0.00 mDebye, RMSE_MU_DERIV=0.00 mDebye / A, RMSE_ALPHA_per_atom=    0.02, RMSE_ALPHA_DERIV=    0.70
2025-07-12 06:14:59.093 INFO: Epoch 1447: head: Default, loss=0.0818, RMSE_MU_per_atom=0.00 mDebye, RMSE_MU_DERIV=0.00 mDebye / A, RMSE_ALPHA_per_atom=    0.02, RMSE_ALPHA_DERIV=    0.70
2025-07-12 06:15:21.186 INFO: Epoch 1448: head: Default, loss=0.0817, RMSE_MU_per_atom=0.00 mDebye, RMSE_MU_DERIV=0.00 mDebye / A, RMSE_ALPHA_per_atom=    0.02, RMSE_ALPHA_DERIV=    0.70
2025-07-12 06:15:43.293 INFO: Epoch 1449: head: Default, loss=0.0816, RMSE_MU_per_atom=0.00 mDebye, RMSE_MU_DERIV=0.00 mDebye / A, RMSE_ALPHA_per_atom=    0.02, RMSE_ALPHA_DERIV=    0.70
2025-07-12 06:16:05.378 INFO: Epoch 1450: head: Default, loss=0.0817, RMSE_MU_per_atom=0.00 mDebye, RMSE_MU_DERIV=0.00 mDebye / A, RMSE_ALPHA_per_atom=    0.02, RMSE_ALPHA_DERIV=    0.70
2025-07-12 06:16:27.486 INFO: Epoch 1451: head: Default, loss=0.0816, RMSE_MU_per_atom=0.00 mDebye, RMSE_MU_DERIV=0.00 mDebye / A, RMSE_ALPHA_per_atom=    0.02, RMSE_ALPHA_DERIV=    0.70
2025-07-12 06:16:49.602 INFO: Epoch 1452: head: Default, loss=0.0816, RMSE_MU_per_atom=0.00 mDebye, RMSE_MU_DERIV=0.00 mDebye / A, RMSE_ALPHA_per_atom=    0.02, RMSE_ALPHA_DERIV=    0.70
2025-07-12 06:17:11.671 INFO: Epoch 1453: head: Default, loss=0.0816, RMSE_MU_per_atom=0.00 mDebye, RMSE_MU_DERIV=0.00 mDebye / A, RMSE_ALPHA_per_atom=    0.02, RMSE_ALPHA_DERIV=    0.70
2025-07-12 06:17:33.729 INFO: Epoch 1454: head: Default, loss=0.0817, RMSE_MU_per_atom=0.00 mDebye, RMSE_MU_DERIV=0.00 mDebye / A, RMSE_ALPHA_per_atom=    0.02, RMSE_ALPHA_DERIV=    0.70
2025-07-12 06:17:55.842 INFO: Epoch 1455: head: Default, loss=0.0816, RMSE_MU_per_atom=0.00 mDebye, RMSE_MU_DERIV=0.00 mDebye / A, RMSE_ALPHA_per_atom=    0.02, RMSE_ALPHA_DERIV=    0.70
2025-07-12 06:18:17.939 INFO: Epoch 1456: head: Default, loss=0.0816, RMSE_MU_per_atom=0.00 mDebye, RMSE_MU_DERIV=0.00 mDebye / A, RMSE_ALPHA_per_atom=    0.02, RMSE_ALPHA_DERIV=    0.70
2025-07-12 06:18:40.045 INFO: Epoch 1457: head: Default, loss=0.0816, RMSE_MU_per_atom=0.00 mDebye, RMSE_MU_DERIV=0.00 mDebye / A, RMSE_ALPHA_per_atom=    0.02, RMSE_ALPHA_DERIV=    0.70
2025-07-12 06:19:02.156 INFO: Epoch 1458: head: Default, loss=0.0816, RMSE_MU_per_atom=0.00 mDebye, RMSE_MU_DERIV=0.00 mDebye / A, RMSE_ALPHA_per_atom=    0.02, RMSE_ALPHA_DERIV=    0.70
2025-07-12 06:19:24.273 INFO: Epoch 1459: head: Default, loss=0.0816, RMSE_MU_per_atom=0.00 mDebye, RMSE_MU_DERIV=0.00 mDebye / A, RMSE_ALPHA_per_atom=    0.02, RMSE_ALPHA_DERIV=    0.70
2025-07-12 06:19:46.351 INFO: Epoch 1460: head: Default, loss=0.0815, RMSE_MU_per_atom=0.00 mDebye, RMSE_MU_DERIV=0.00 mDebye / A, RMSE_ALPHA_per_atom=    0.02, RMSE_ALPHA_DERIV=    0.70
2025-07-12 06:20:08.463 INFO: Epoch 1461: head: Default, loss=0.0817, RMSE_MU_per_atom=0.00 mDebye, RMSE_MU_DERIV=0.00 mDebye / A, RMSE_ALPHA_per_atom=    0.02, RMSE_ALPHA_DERIV=    0.70
2025-07-12 06:20:30.558 INFO: Epoch 1462: head: Default, loss=0.0817, RMSE_MU_per_atom=0.00 mDebye, RMSE_MU_DERIV=0.00 mDebye / A, RMSE_ALPHA_per_atom=    0.02, RMSE_ALPHA_DERIV=    0.70
2025-07-12 06:20:52.657 INFO: Epoch 1463: head: Default, loss=0.0817, RMSE_MU_per_atom=0.00 mDebye, RMSE_MU_DERIV=0.00 mDebye / A, RMSE_ALPHA_per_atom=    0.02, RMSE_ALPHA_DERIV=    0.70
2025-07-12 06:21:14.754 INFO: Epoch 1464: head: Default, loss=0.0817, RMSE_MU_per_atom=0.00 mDebye, RMSE_MU_DERIV=0.00 mDebye / A, RMSE_ALPHA_per_atom=    0.02, RMSE_ALPHA_DERIV=    0.70
2025-07-12 06:21:36.871 INFO: Epoch 1465: head: Default, loss=0.0817, RMSE_MU_per_atom=0.00 mDebye, RMSE_MU_DERIV=0.00 mDebye / A, RMSE_ALPHA_per_atom=    0.02, RMSE_ALPHA_DERIV=    0.70
2025-07-12 06:21:58.956 INFO: Epoch 1466: head: Default, loss=0.0817, RMSE_MU_per_atom=0.00 mDebye, RMSE_MU_DERIV=0.00 mDebye / A, RMSE_ALPHA_per_atom=    0.02, RMSE_ALPHA_DERIV=    0.70
2025-07-12 06:22:21.037 INFO: Epoch 1467: head: Default, loss=0.0816, RMSE_MU_per_atom=0.00 mDebye, RMSE_MU_DERIV=0.00 mDebye / A, RMSE_ALPHA_per_atom=    0.02, RMSE_ALPHA_DERIV=    0.70
2025-07-12 06:22:43.154 INFO: Epoch 1468: head: Default, loss=0.0817, RMSE_MU_per_atom=0.00 mDebye, RMSE_MU_DERIV=0.00 mDebye / A, RMSE_ALPHA_per_atom=    0.02, RMSE_ALPHA_DERIV=    0.70
2025-07-12 06:23:05.264 INFO: Epoch 1469: head: Default, loss=0.0817, RMSE_MU_per_atom=0.00 mDebye, RMSE_MU_DERIV=0.00 mDebye / A, RMSE_ALPHA_per_atom=    0.02, RMSE_ALPHA_DERIV=    0.70
2025-07-12 06:23:27.366 INFO: Epoch 1470: head: Default, loss=0.0817, RMSE_MU_per_atom=0.00 mDebye, RMSE_MU_DERIV=0.00 mDebye / A, RMSE_ALPHA_per_atom=    0.02, RMSE_ALPHA_DERIV=    0.70
2025-07-12 06:23:49.439 INFO: Epoch 1471: head: Default, loss=0.0817, RMSE_MU_per_atom=0.00 mDebye, RMSE_MU_DERIV=0.00 mDebye / A, RMSE_ALPHA_per_atom=    0.02, RMSE_ALPHA_DERIV=    0.70
2025-07-12 06:24:11.520 INFO: Epoch 1472: head: Default, loss=0.0816, RMSE_MU_per_atom=0.00 mDebye, RMSE_MU_DERIV=0.00 mDebye / A, RMSE_ALPHA_per_atom=    0.02, RMSE_ALPHA_DERIV=    0.70
2025-07-12 06:24:33.592 INFO: Epoch 1473: head: Default, loss=0.0818, RMSE_MU_per_atom=0.00 mDebye, RMSE_MU_DERIV=0.00 mDebye / A, RMSE_ALPHA_per_atom=    0.02, RMSE_ALPHA_DERIV=    0.70
2025-07-12 06:24:55.684 INFO: Epoch 1474: head: Default, loss=0.0817, RMSE_MU_per_atom=0.00 mDebye, RMSE_MU_DERIV=0.00 mDebye / A, RMSE_ALPHA_per_atom=    0.02, RMSE_ALPHA_DERIV=    0.70
2025-07-12 06:25:17.776 INFO: Epoch 1475: head: Default, loss=0.0817, RMSE_MU_per_atom=0.00 mDebye, RMSE_MU_DERIV=0.00 mDebye / A, RMSE_ALPHA_per_atom=    0.02, RMSE_ALPHA_DERIV=    0.70
2025-07-12 06:25:39.889 INFO: Epoch 1476: head: Default, loss=0.0817, RMSE_MU_per_atom=0.00 mDebye, RMSE_MU_DERIV=0.00 mDebye / A, RMSE_ALPHA_per_atom=    0.02, RMSE_ALPHA_DERIV=    0.70
2025-07-12 06:26:01.987 INFO: Epoch 1477: head: Default, loss=0.0817, RMSE_MU_per_atom=0.00 mDebye, RMSE_MU_DERIV=0.00 mDebye / A, RMSE_ALPHA_per_atom=    0.02, RMSE_ALPHA_DERIV=    0.70
2025-07-12 06:26:24.066 INFO: Epoch 1478: head: Default, loss=0.0818, RMSE_MU_per_atom=0.00 mDebye, RMSE_MU_DERIV=0.00 mDebye / A, RMSE_ALPHA_per_atom=    0.02, RMSE_ALPHA_DERIV=    0.70
2025-07-12 06:26:46.169 INFO: Epoch 1479: head: Default, loss=0.0818, RMSE_MU_per_atom=0.00 mDebye, RMSE_MU_DERIV=0.00 mDebye / A, RMSE_ALPHA_per_atom=    0.02, RMSE_ALPHA_DERIV=    0.70
2025-07-12 06:27:08.269 INFO: Epoch 1480: head: Default, loss=0.0819, RMSE_MU_per_atom=0.00 mDebye, RMSE_MU_DERIV=0.00 mDebye / A, RMSE_ALPHA_per_atom=    0.02, RMSE_ALPHA_DERIV=    0.70
2025-07-12 06:27:30.332 INFO: Epoch 1481: head: Default, loss=0.0818, RMSE_MU_per_atom=0.00 mDebye, RMSE_MU_DERIV=0.00 mDebye / A, RMSE_ALPHA_per_atom=    0.02, RMSE_ALPHA_DERIV=    0.70
2025-07-12 06:27:52.438 INFO: Epoch 1482: head: Default, loss=0.0817, RMSE_MU_per_atom=0.00 mDebye, RMSE_MU_DERIV=0.00 mDebye / A, RMSE_ALPHA_per_atom=    0.02, RMSE_ALPHA_DERIV=    0.70
2025-07-12 06:28:14.530 INFO: Epoch 1483: head: Default, loss=0.0816, RMSE_MU_per_atom=0.00 mDebye, RMSE_MU_DERIV=0.00 mDebye / A, RMSE_ALPHA_per_atom=    0.02, RMSE_ALPHA_DERIV=    0.70
2025-07-12 06:28:36.572 INFO: Epoch 1484: head: Default, loss=0.0817, RMSE_MU_per_atom=0.00 mDebye, RMSE_MU_DERIV=0.00 mDebye / A, RMSE_ALPHA_per_atom=    0.02, RMSE_ALPHA_DERIV=    0.70
2025-07-12 06:28:58.649 INFO: Epoch 1485: head: Default, loss=0.0817, RMSE_MU_per_atom=0.00 mDebye, RMSE_MU_DERIV=0.00 mDebye / A, RMSE_ALPHA_per_atom=    0.02, RMSE_ALPHA_DERIV=    0.70
2025-07-12 06:29:20.727 INFO: Epoch 1486: head: Default, loss=0.0817, RMSE_MU_per_atom=0.00 mDebye, RMSE_MU_DERIV=0.00 mDebye / A, RMSE_ALPHA_per_atom=    0.02, RMSE_ALPHA_DERIV=    0.70
2025-07-12 06:29:42.816 INFO: Epoch 1487: head: Default, loss=0.0817, RMSE_MU_per_atom=0.00 mDebye, RMSE_MU_DERIV=0.00 mDebye / A, RMSE_ALPHA_per_atom=    0.02, RMSE_ALPHA_DERIV=    0.70
2025-07-12 06:30:04.864 INFO: Epoch 1488: head: Default, loss=0.0817, RMSE_MU_per_atom=0.00 mDebye, RMSE_MU_DERIV=0.00 mDebye / A, RMSE_ALPHA_per_atom=    0.02, RMSE_ALPHA_DERIV=    0.70
2025-07-12 06:30:26.916 INFO: Epoch 1489: head: Default, loss=0.0817, RMSE_MU_per_atom=0.00 mDebye, RMSE_MU_DERIV=0.00 mDebye / A, RMSE_ALPHA_per_atom=    0.02, RMSE_ALPHA_DERIV=    0.70
2025-07-12 06:30:48.980 INFO: Epoch 1490: head: Default, loss=0.0816, RMSE_MU_per_atom=0.00 mDebye, RMSE_MU_DERIV=0.00 mDebye / A, RMSE_ALPHA_per_atom=    0.02, RMSE_ALPHA_DERIV=    0.70
2025-07-12 06:31:11.049 INFO: Epoch 1491: head: Default, loss=0.0817, RMSE_MU_per_atom=0.00 mDebye, RMSE_MU_DERIV=0.00 mDebye / A, RMSE_ALPHA_per_atom=    0.02, RMSE_ALPHA_DERIV=    0.70
2025-07-12 06:31:33.086 INFO: Epoch 1492: head: Default, loss=0.0817, RMSE_MU_per_atom=0.00 mDebye, RMSE_MU_DERIV=0.00 mDebye / A, RMSE_ALPHA_per_atom=    0.02, RMSE_ALPHA_DERIV=    0.70
2025-07-12 06:31:55.136 INFO: Epoch 1493: head: Default, loss=0.0816, RMSE_MU_per_atom=0.00 mDebye, RMSE_MU_DERIV=0.00 mDebye / A, RMSE_ALPHA_per_atom=    0.02, RMSE_ALPHA_DERIV=    0.70
2025-07-12 06:32:17.195 INFO: Epoch 1494: head: Default, loss=0.0817, RMSE_MU_per_atom=0.00 mDebye, RMSE_MU_DERIV=0.00 mDebye / A, RMSE_ALPHA_per_atom=    0.02, RMSE_ALPHA_DERIV=    0.70
2025-07-12 06:32:39.265 INFO: Epoch 1495: head: Default, loss=0.0817, RMSE_MU_per_atom=0.00 mDebye, RMSE_MU_DERIV=0.00 mDebye / A, RMSE_ALPHA_per_atom=    0.02, RMSE_ALPHA_DERIV=    0.70
2025-07-12 06:33:01.355 INFO: Epoch 1496: head: Default, loss=0.0817, RMSE_MU_per_atom=0.00 mDebye, RMSE_MU_DERIV=0.00 mDebye / A, RMSE_ALPHA_per_atom=    0.02, RMSE_ALPHA_DERIV=    0.70
2025-07-12 06:33:23.433 INFO: Epoch 1497: head: Default, loss=0.0817, RMSE_MU_per_atom=0.00 mDebye, RMSE_MU_DERIV=0.00 mDebye / A, RMSE_ALPHA_per_atom=    0.02, RMSE_ALPHA_DERIV=    0.70
2025-07-12 06:33:45.499 INFO: Epoch 1498: head: Default, loss=0.0818, RMSE_MU_per_atom=0.00 mDebye, RMSE_MU_DERIV=0.00 mDebye / A, RMSE_ALPHA_per_atom=    0.02, RMSE_ALPHA_DERIV=    0.70
2025-07-12 06:34:07.582 INFO: Epoch 1499: head: Default, loss=0.0817, RMSE_MU_per_atom=0.00 mDebye, RMSE_MU_DERIV=0.00 mDebye / A, RMSE_ALPHA_per_atom=    0.02, RMSE_ALPHA_DERIV=    0.70
2025-07-12 06:34:29.673 INFO: Epoch 1500: head: Default, loss=0.0816, RMSE_MU_per_atom=0.00 mDebye, RMSE_MU_DERIV=0.00 mDebye / A, RMSE_ALPHA_per_atom=    0.02, RMSE_ALPHA_DERIV=    0.70
2025-07-12 06:34:51.775 INFO: Epoch 1501: head: Default, loss=0.0816, RMSE_MU_per_atom=0.00 mDebye, RMSE_MU_DERIV=0.00 mDebye / A, RMSE_ALPHA_per_atom=    0.02, RMSE_ALPHA_DERIV=    0.70
2025-07-12 06:35:13.891 INFO: Epoch 1502: head: Default, loss=0.0816, RMSE_MU_per_atom=0.00 mDebye, RMSE_MU_DERIV=0.00 mDebye / A, RMSE_ALPHA_per_atom=    0.02, RMSE_ALPHA_DERIV=    0.70
2025-07-12 06:35:35.941 INFO: Epoch 1503: head: Default, loss=0.0817, RMSE_MU_per_atom=0.00 mDebye, RMSE_MU_DERIV=0.00 mDebye / A, RMSE_ALPHA_per_atom=    0.02, RMSE_ALPHA_DERIV=    0.70
2025-07-12 06:35:58.048 INFO: Epoch 1504: head: Default, loss=0.0817, RMSE_MU_per_atom=0.00 mDebye, RMSE_MU_DERIV=0.00 mDebye / A, RMSE_ALPHA_per_atom=    0.02, RMSE_ALPHA_DERIV=    0.70
2025-07-12 06:36:20.187 INFO: Epoch 1505: head: Default, loss=0.0817, RMSE_MU_per_atom=0.00 mDebye, RMSE_MU_DERIV=0.00 mDebye / A, RMSE_ALPHA_per_atom=    0.02, RMSE_ALPHA_DERIV=    0.70
2025-07-12 06:36:42.307 INFO: Epoch 1506: head: Default, loss=0.0817, RMSE_MU_per_atom=0.00 mDebye, RMSE_MU_DERIV=0.00 mDebye / A, RMSE_ALPHA_per_atom=    0.02, RMSE_ALPHA_DERIV=    0.70
2025-07-12 06:37:04.375 INFO: Epoch 1507: head: Default, loss=0.0817, RMSE_MU_per_atom=0.00 mDebye, RMSE_MU_DERIV=0.00 mDebye / A, RMSE_ALPHA_per_atom=    0.02, RMSE_ALPHA_DERIV=    0.70
2025-07-12 06:37:26.494 INFO: Epoch 1508: head: Default, loss=0.0817, RMSE_MU_per_atom=0.00 mDebye, RMSE_MU_DERIV=0.00 mDebye / A, RMSE_ALPHA_per_atom=    0.02, RMSE_ALPHA_DERIV=    0.70
2025-07-12 06:37:48.587 INFO: Epoch 1509: head: Default, loss=0.0817, RMSE_MU_per_atom=0.00 mDebye, RMSE_MU_DERIV=0.00 mDebye / A, RMSE_ALPHA_per_atom=    0.02, RMSE_ALPHA_DERIV=    0.70
2025-07-12 06:38:10.692 INFO: Epoch 1510: head: Default, loss=0.0816, RMSE_MU_per_atom=0.00 mDebye, RMSE_MU_DERIV=0.00 mDebye / A, RMSE_ALPHA_per_atom=    0.02, RMSE_ALPHA_DERIV=    0.70
2025-07-12 06:38:32.793 INFO: Epoch 1511: head: Default, loss=0.0816, RMSE_MU_per_atom=0.00 mDebye, RMSE_MU_DERIV=0.00 mDebye / A, RMSE_ALPHA_per_atom=    0.02, RMSE_ALPHA_DERIV=    0.70
2025-07-12 06:38:54.914 INFO: Epoch 1512: head: Default, loss=0.0817, RMSE_MU_per_atom=0.00 mDebye, RMSE_MU_DERIV=0.00 mDebye / A, RMSE_ALPHA_per_atom=    0.02, RMSE_ALPHA_DERIV=    0.70
2025-07-12 06:39:17.038 INFO: Epoch 1513: head: Default, loss=0.0817, RMSE_MU_per_atom=0.00 mDebye, RMSE_MU_DERIV=0.00 mDebye / A, RMSE_ALPHA_per_atom=    0.02, RMSE_ALPHA_DERIV=    0.70
2025-07-12 06:39:39.177 INFO: Epoch 1514: head: Default, loss=0.0817, RMSE_MU_per_atom=0.00 mDebye, RMSE_MU_DERIV=0.00 mDebye / A, RMSE_ALPHA_per_atom=    0.02, RMSE_ALPHA_DERIV=    0.70
2025-07-12 06:40:01.303 INFO: Epoch 1515: head: Default, loss=0.0817, RMSE_MU_per_atom=0.00 mDebye, RMSE_MU_DERIV=0.00 mDebye / A, RMSE_ALPHA_per_atom=    0.02, RMSE_ALPHA_DERIV=    0.70
2025-07-12 06:40:23.430 INFO: Epoch 1516: head: Default, loss=0.0817, RMSE_MU_per_atom=0.00 mDebye, RMSE_MU_DERIV=0.00 mDebye / A, RMSE_ALPHA_per_atom=    0.02, RMSE_ALPHA_DERIV=    0.70
2025-07-12 06:40:45.547 INFO: Epoch 1517: head: Default, loss=0.0817, RMSE_MU_per_atom=0.00 mDebye, RMSE_MU_DERIV=0.00 mDebye / A, RMSE_ALPHA_per_atom=    0.02, RMSE_ALPHA_DERIV=    0.70
2025-07-12 06:41:07.656 INFO: Epoch 1518: head: Default, loss=0.0817, RMSE_MU_per_atom=0.00 mDebye, RMSE_MU_DERIV=0.00 mDebye / A, RMSE_ALPHA_per_atom=    0.02, RMSE_ALPHA_DERIV=    0.70
2025-07-12 06:41:29.736 INFO: Epoch 1519: head: Default, loss=0.0817, RMSE_MU_per_atom=0.00 mDebye, RMSE_MU_DERIV=0.00 mDebye / A, RMSE_ALPHA_per_atom=    0.02, RMSE_ALPHA_DERIV=    0.70
2025-07-12 06:41:51.800 INFO: Epoch 1520: head: Default, loss=0.0817, RMSE_MU_per_atom=0.00 mDebye, RMSE_MU_DERIV=0.00 mDebye / A, RMSE_ALPHA_per_atom=    0.02, RMSE_ALPHA_DERIV=    0.70
2025-07-12 06:42:13.906 INFO: Epoch 1521: head: Default, loss=0.0818, RMSE_MU_per_atom=0.00 mDebye, RMSE_MU_DERIV=0.00 mDebye / A, RMSE_ALPHA_per_atom=    0.02, RMSE_ALPHA_DERIV=    0.70
2025-07-12 06:42:35.999 INFO: Epoch 1522: head: Default, loss=0.0817, RMSE_MU_per_atom=0.00 mDebye, RMSE_MU_DERIV=0.00 mDebye / A, RMSE_ALPHA_per_atom=    0.02, RMSE_ALPHA_DERIV=    0.70
2025-07-12 06:42:58.089 INFO: Epoch 1523: head: Default, loss=0.0817, RMSE_MU_per_atom=0.00 mDebye, RMSE_MU_DERIV=0.00 mDebye / A, RMSE_ALPHA_per_atom=    0.02, RMSE_ALPHA_DERIV=    0.70
2025-07-12 06:43:20.158 INFO: Epoch 1524: head: Default, loss=0.0817, RMSE_MU_per_atom=0.00 mDebye, RMSE_MU_DERIV=0.00 mDebye / A, RMSE_ALPHA_per_atom=    0.02, RMSE_ALPHA_DERIV=    0.70
2025-07-12 06:43:42.233 INFO: Epoch 1525: head: Default, loss=0.0817, RMSE_MU_per_atom=0.00 mDebye, RMSE_MU_DERIV=0.00 mDebye / A, RMSE_ALPHA_per_atom=    0.02, RMSE_ALPHA_DERIV=    0.70
2025-07-12 06:44:04.264 INFO: Epoch 1526: head: Default, loss=0.0817, RMSE_MU_per_atom=0.00 mDebye, RMSE_MU_DERIV=0.00 mDebye / A, RMSE_ALPHA_per_atom=    0.02, RMSE_ALPHA_DERIV=    0.70
2025-07-12 06:44:26.344 INFO: Epoch 1527: head: Default, loss=0.0816, RMSE_MU_per_atom=0.00 mDebye, RMSE_MU_DERIV=0.00 mDebye / A, RMSE_ALPHA_per_atom=    0.02, RMSE_ALPHA_DERIV=    0.70
2025-07-12 06:44:48.442 INFO: Epoch 1528: head: Default, loss=0.0817, RMSE_MU_per_atom=0.00 mDebye, RMSE_MU_DERIV=0.00 mDebye / A, RMSE_ALPHA_per_atom=    0.02, RMSE_ALPHA_DERIV=    0.70
2025-07-12 06:45:10.533 INFO: Epoch 1529: head: Default, loss=0.0817, RMSE_MU_per_atom=0.00 mDebye, RMSE_MU_DERIV=0.00 mDebye / A, RMSE_ALPHA_per_atom=    0.02, RMSE_ALPHA_DERIV=    0.70
2025-07-12 06:45:32.632 INFO: Epoch 1530: head: Default, loss=0.0818, RMSE_MU_per_atom=0.00 mDebye, RMSE_MU_DERIV=0.00 mDebye / A, RMSE_ALPHA_per_atom=    0.02, RMSE_ALPHA_DERIV=    0.70
2025-07-12 06:45:54.730 INFO: Epoch 1531: head: Default, loss=0.0818, RMSE_MU_per_atom=0.00 mDebye, RMSE_MU_DERIV=0.00 mDebye / A, RMSE_ALPHA_per_atom=    0.02, RMSE_ALPHA_DERIV=    0.70
2025-07-12 06:46:16.800 INFO: Epoch 1532: head: Default, loss=0.0817, RMSE_MU_per_atom=0.00 mDebye, RMSE_MU_DERIV=0.00 mDebye / A, RMSE_ALPHA_per_atom=    0.02, RMSE_ALPHA_DERIV=    0.70
2025-07-12 06:46:38.855 INFO: Epoch 1533: head: Default, loss=0.0817, RMSE_MU_per_atom=0.00 mDebye, RMSE_MU_DERIV=0.00 mDebye / A, RMSE_ALPHA_per_atom=    0.02, RMSE_ALPHA_DERIV=    0.70
2025-07-12 06:47:00.924 INFO: Epoch 1534: head: Default, loss=0.0817, RMSE_MU_per_atom=0.00 mDebye, RMSE_MU_DERIV=0.00 mDebye / A, RMSE_ALPHA_per_atom=    0.02, RMSE_ALPHA_DERIV=    0.70
2025-07-12 06:47:23.003 INFO: Epoch 1535: head: Default, loss=0.0817, RMSE_MU_per_atom=0.00 mDebye, RMSE_MU_DERIV=0.00 mDebye / A, RMSE_ALPHA_per_atom=    0.02, RMSE_ALPHA_DERIV=    0.70
2025-07-12 06:47:45.098 INFO: Epoch 1536: head: Default, loss=0.0817, RMSE_MU_per_atom=0.00 mDebye, RMSE_MU_DERIV=0.00 mDebye / A, RMSE_ALPHA_per_atom=    0.02, RMSE_ALPHA_DERIV=    0.70
2025-07-12 06:48:07.183 INFO: Epoch 1537: head: Default, loss=0.0817, RMSE_MU_per_atom=0.00 mDebye, RMSE_MU_DERIV=0.00 mDebye / A, RMSE_ALPHA_per_atom=    0.02, RMSE_ALPHA_DERIV=    0.70
2025-07-12 06:48:29.249 INFO: Epoch 1538: head: Default, loss=0.0816, RMSE_MU_per_atom=0.00 mDebye, RMSE_MU_DERIV=0.00 mDebye / A, RMSE_ALPHA_per_atom=    0.02, RMSE_ALPHA_DERIV=    0.70
2025-07-12 06:48:51.329 INFO: Epoch 1539: head: Default, loss=0.0816, RMSE_MU_per_atom=0.00 mDebye, RMSE_MU_DERIV=0.00 mDebye / A, RMSE_ALPHA_per_atom=    0.02, RMSE_ALPHA_DERIV=    0.70
2025-07-12 06:49:13.388 INFO: Epoch 1540: head: Default, loss=0.0817, RMSE_MU_per_atom=0.00 mDebye, RMSE_MU_DERIV=0.00 mDebye / A, RMSE_ALPHA_per_atom=    0.02, RMSE_ALPHA_DERIV=    0.70
2025-07-12 06:49:35.472 INFO: Epoch 1541: head: Default, loss=0.0817, RMSE_MU_per_atom=0.00 mDebye, RMSE_MU_DERIV=0.00 mDebye / A, RMSE_ALPHA_per_atom=    0.02, RMSE_ALPHA_DERIV=    0.70
2025-07-12 06:49:57.536 INFO: Epoch 1542: head: Default, loss=0.0817, RMSE_MU_per_atom=0.00 mDebye, RMSE_MU_DERIV=0.00 mDebye / A, RMSE_ALPHA_per_atom=    0.02, RMSE_ALPHA_DERIV=    0.70
2025-07-12 06:50:19.631 INFO: Epoch 1543: head: Default, loss=0.0816, RMSE_MU_per_atom=0.00 mDebye, RMSE_MU_DERIV=0.00 mDebye / A, RMSE_ALPHA_per_atom=    0.02, RMSE_ALPHA_DERIV=    0.70
2025-07-12 06:50:41.734 INFO: Epoch 1544: head: Default, loss=0.0817, RMSE_MU_per_atom=0.00 mDebye, RMSE_MU_DERIV=0.00 mDebye / A, RMSE_ALPHA_per_atom=    0.02, RMSE_ALPHA_DERIV=    0.70
2025-07-12 06:51:03.840 INFO: Epoch 1545: head: Default, loss=0.0816, RMSE_MU_per_atom=0.00 mDebye, RMSE_MU_DERIV=0.00 mDebye / A, RMSE_ALPHA_per_atom=    0.02, RMSE_ALPHA_DERIV=    0.70
2025-07-12 06:51:25.946 INFO: Epoch 1546: head: Default, loss=0.0817, RMSE_MU_per_atom=0.00 mDebye, RMSE_MU_DERIV=0.00 mDebye / A, RMSE_ALPHA_per_atom=    0.02, RMSE_ALPHA_DERIV=    0.70
2025-07-12 06:51:48.038 INFO: Epoch 1547: head: Default, loss=0.0816, RMSE_MU_per_atom=0.00 mDebye, RMSE_MU_DERIV=0.00 mDebye / A, RMSE_ALPHA_per_atom=    0.02, RMSE_ALPHA_DERIV=    0.70
2025-07-12 06:52:10.171 INFO: Epoch 1548: head: Default, loss=0.0816, RMSE_MU_per_atom=0.00 mDebye, RMSE_MU_DERIV=0.00 mDebye / A, RMSE_ALPHA_per_atom=    0.02, RMSE_ALPHA_DERIV=    0.70
2025-07-12 06:52:32.298 INFO: Epoch 1549: head: Default, loss=0.0817, RMSE_MU_per_atom=0.00 mDebye, RMSE_MU_DERIV=0.00 mDebye / A, RMSE_ALPHA_per_atom=    0.02, RMSE_ALPHA_DERIV=    0.70
2025-07-12 06:52:54.438 INFO: Epoch 1550: head: Default, loss=0.0816, RMSE_MU_per_atom=0.00 mDebye, RMSE_MU_DERIV=0.00 mDebye / A, RMSE_ALPHA_per_atom=    0.02, RMSE_ALPHA_DERIV=    0.70
2025-07-12 06:53:16.568 INFO: Epoch 1551: head: Default, loss=0.0817, RMSE_MU_per_atom=0.00 mDebye, RMSE_MU_DERIV=0.00 mDebye / A, RMSE_ALPHA_per_atom=    0.02, RMSE_ALPHA_DERIV=    0.70
2025-07-12 06:53:38.664 INFO: Epoch 1552: head: Default, loss=0.0817, RMSE_MU_per_atom=0.00 mDebye, RMSE_MU_DERIV=0.00 mDebye / A, RMSE_ALPHA_per_atom=    0.02, RMSE_ALPHA_DERIV=    0.70
2025-07-12 06:54:00.726 INFO: Epoch 1553: head: Default, loss=0.0817, RMSE_MU_per_atom=0.00 mDebye, RMSE_MU_DERIV=0.00 mDebye / A, RMSE_ALPHA_per_atom=    0.02, RMSE_ALPHA_DERIV=    0.70
2025-07-12 06:54:22.780 INFO: Epoch 1554: head: Default, loss=0.0817, RMSE_MU_per_atom=0.00 mDebye, RMSE_MU_DERIV=0.00 mDebye / A, RMSE_ALPHA_per_atom=    0.02, RMSE_ALPHA_DERIV=    0.70
2025-07-12 06:54:44.835 INFO: Epoch 1555: head: Default, loss=0.0817, RMSE_MU_per_atom=0.00 mDebye, RMSE_MU_DERIV=0.00 mDebye / A, RMSE_ALPHA_per_atom=    0.02, RMSE_ALPHA_DERIV=    0.70
2025-07-12 06:55:06.875 INFO: Epoch 1556: head: Default, loss=0.0817, RMSE_MU_per_atom=0.00 mDebye, RMSE_MU_DERIV=0.00 mDebye / A, RMSE_ALPHA_per_atom=    0.02, RMSE_ALPHA_DERIV=    0.70
2025-07-12 06:55:28.934 INFO: Epoch 1557: head: Default, loss=0.0817, RMSE_MU_per_atom=0.00 mDebye, RMSE_MU_DERIV=0.00 mDebye / A, RMSE_ALPHA_per_atom=    0.02, RMSE_ALPHA_DERIV=    0.70
2025-07-12 06:55:50.990 INFO: Epoch 1558: head: Default, loss=0.0817, RMSE_MU_per_atom=0.00 mDebye, RMSE_MU_DERIV=0.00 mDebye / A, RMSE_ALPHA_per_atom=    0.02, RMSE_ALPHA_DERIV=    0.70
2025-07-12 06:56:13.060 INFO: Epoch 1559: head: Default, loss=0.0817, RMSE_MU_per_atom=0.00 mDebye, RMSE_MU_DERIV=0.00 mDebye / A, RMSE_ALPHA_per_atom=    0.02, RMSE_ALPHA_DERIV=    0.70
2025-07-12 06:56:35.116 INFO: Epoch 1560: head: Default, loss=0.0817, RMSE_MU_per_atom=0.00 mDebye, RMSE_MU_DERIV=0.00 mDebye / A, RMSE_ALPHA_per_atom=    0.02, RMSE_ALPHA_DERIV=    0.70
2025-07-12 06:56:57.166 INFO: Epoch 1561: head: Default, loss=0.0817, RMSE_MU_per_atom=0.00 mDebye, RMSE_MU_DERIV=0.00 mDebye / A, RMSE_ALPHA_per_atom=    0.02, RMSE_ALPHA_DERIV=    0.70
2025-07-12 06:57:19.210 INFO: Epoch 1562: head: Default, loss=0.0817, RMSE_MU_per_atom=0.00 mDebye, RMSE_MU_DERIV=0.00 mDebye / A, RMSE_ALPHA_per_atom=    0.02, RMSE_ALPHA_DERIV=    0.70
2025-07-12 06:57:41.276 INFO: Epoch 1563: head: Default, loss=0.0817, RMSE_MU_per_atom=0.00 mDebye, RMSE_MU_DERIV=0.00 mDebye / A, RMSE_ALPHA_per_atom=    0.02, RMSE_ALPHA_DERIV=    0.70
2025-07-12 06:58:03.339 INFO: Epoch 1564: head: Default, loss=0.0817, RMSE_MU_per_atom=0.00 mDebye, RMSE_MU_DERIV=0.00 mDebye / A, RMSE_ALPHA_per_atom=    0.02, RMSE_ALPHA_DERIV=    0.70
2025-07-12 06:58:25.396 INFO: Epoch 1565: head: Default, loss=0.0817, RMSE_MU_per_atom=0.00 mDebye, RMSE_MU_DERIV=0.00 mDebye / A, RMSE_ALPHA_per_atom=    0.02, RMSE_ALPHA_DERIV=    0.70
2025-07-12 06:58:47.475 INFO: Epoch 1566: head: Default, loss=0.0817, RMSE_MU_per_atom=0.00 mDebye, RMSE_MU_DERIV=0.00 mDebye / A, RMSE_ALPHA_per_atom=    0.02, RMSE_ALPHA_DERIV=    0.70
2025-07-12 06:59:10.736 INFO: Epoch 1567: head: Default, loss=0.0817, RMSE_MU_per_atom=0.00 mDebye, RMSE_MU_DERIV=0.00 mDebye / A, RMSE_ALPHA_per_atom=    0.02, RMSE_ALPHA_DERIV=    0.70
2025-07-12 06:59:32.805 INFO: Epoch 1568: head: Default, loss=0.0817, RMSE_MU_per_atom=0.00 mDebye, RMSE_MU_DERIV=0.00 mDebye / A, RMSE_ALPHA_per_atom=    0.02, RMSE_ALPHA_DERIV=    0.70
2025-07-12 06:59:54.907 INFO: Epoch 1569: head: Default, loss=0.0817, RMSE_MU_per_atom=0.00 mDebye, RMSE_MU_DERIV=0.00 mDebye / A, RMSE_ALPHA_per_atom=    0.02, RMSE_ALPHA_DERIV=    0.70
2025-07-12 07:00:16.972 INFO: Epoch 1570: head: Default, loss=0.0817, RMSE_MU_per_atom=0.00 mDebye, RMSE_MU_DERIV=0.00 mDebye / A, RMSE_ALPHA_per_atom=    0.02, RMSE_ALPHA_DERIV=    0.70
2025-07-12 07:00:39.078 INFO: Epoch 1571: head: Default, loss=0.0817, RMSE_MU_per_atom=0.00 mDebye, RMSE_MU_DERIV=0.00 mDebye / A, RMSE_ALPHA_per_atom=    0.02, RMSE_ALPHA_DERIV=    0.70
2025-07-12 07:01:01.168 INFO: Epoch 1572: head: Default, loss=0.0817, RMSE_MU_per_atom=0.00 mDebye, RMSE_MU_DERIV=0.00 mDebye / A, RMSE_ALPHA_per_atom=    0.02, RMSE_ALPHA_DERIV=    0.70
2025-07-12 07:01:23.271 INFO: Epoch 1573: head: Default, loss=0.0817, RMSE_MU_per_atom=0.00 mDebye, RMSE_MU_DERIV=0.00 mDebye / A, RMSE_ALPHA_per_atom=    0.02, RMSE_ALPHA_DERIV=    0.70
2025-07-12 07:01:45.346 INFO: Epoch 1574: head: Default, loss=0.0817, RMSE_MU_per_atom=0.00 mDebye, RMSE_MU_DERIV=0.00 mDebye / A, RMSE_ALPHA_per_atom=    0.02, RMSE_ALPHA_DERIV=    0.70
2025-07-12 07:02:07.416 INFO: Epoch 1575: head: Default, loss=0.0817, RMSE_MU_per_atom=0.00 mDebye, RMSE_MU_DERIV=0.00 mDebye / A, RMSE_ALPHA_per_atom=    0.02, RMSE_ALPHA_DERIV=    0.70
2025-07-12 07:02:29.482 INFO: Epoch 1576: head: Default, loss=0.0818, RMSE_MU_per_atom=0.00 mDebye, RMSE_MU_DERIV=0.00 mDebye / A, RMSE_ALPHA_per_atom=    0.02, RMSE_ALPHA_DERIV=    0.70
2025-07-12 07:02:51.562 INFO: Epoch 1577: head: Default, loss=0.0817, RMSE_MU_per_atom=0.00 mDebye, RMSE_MU_DERIV=0.00 mDebye / A, RMSE_ALPHA_per_atom=    0.02, RMSE_ALPHA_DERIV=    0.70
2025-07-12 07:03:13.669 INFO: Epoch 1578: head: Default, loss=0.0817, RMSE_MU_per_atom=0.00 mDebye, RMSE_MU_DERIV=0.00 mDebye / A, RMSE_ALPHA_per_atom=    0.02, RMSE_ALPHA_DERIV=    0.70
2025-07-12 07:03:35.790 INFO: Epoch 1579: head: Default, loss=0.0818, RMSE_MU_per_atom=0.00 mDebye, RMSE_MU_DERIV=0.00 mDebye / A, RMSE_ALPHA_per_atom=    0.02, RMSE_ALPHA_DERIV=    0.70
2025-07-12 07:03:57.901 INFO: Epoch 1580: head: Default, loss=0.0817, RMSE_MU_per_atom=0.00 mDebye, RMSE_MU_DERIV=0.00 mDebye / A, RMSE_ALPHA_per_atom=    0.02, RMSE_ALPHA_DERIV=    0.70
2025-07-12 07:04:19.997 INFO: Epoch 1581: head: Default, loss=0.0817, RMSE_MU_per_atom=0.00 mDebye, RMSE_MU_DERIV=0.00 mDebye / A, RMSE_ALPHA_per_atom=    0.02, RMSE_ALPHA_DERIV=    0.70
2025-07-12 07:04:42.079 INFO: Epoch 1582: head: Default, loss=0.0817, RMSE_MU_per_atom=0.00 mDebye, RMSE_MU_DERIV=0.00 mDebye / A, RMSE_ALPHA_per_atom=    0.02, RMSE_ALPHA_DERIV=    0.70
2025-07-12 07:05:04.153 INFO: Epoch 1583: head: Default, loss=0.0818, RMSE_MU_per_atom=0.00 mDebye, RMSE_MU_DERIV=0.00 mDebye / A, RMSE_ALPHA_per_atom=    0.02, RMSE_ALPHA_DERIV=    0.70
2025-07-12 07:05:26.235 INFO: Epoch 1584: head: Default, loss=0.0817, RMSE_MU_per_atom=0.00 mDebye, RMSE_MU_DERIV=0.00 mDebye / A, RMSE_ALPHA_per_atom=    0.02, RMSE_ALPHA_DERIV=    0.70
2025-07-12 07:05:48.329 INFO: Epoch 1585: head: Default, loss=0.0818, RMSE_MU_per_atom=0.00 mDebye, RMSE_MU_DERIV=0.00 mDebye / A, RMSE_ALPHA_per_atom=    0.02, RMSE_ALPHA_DERIV=    0.70
2025-07-12 07:06:10.380 INFO: Epoch 1586: head: Default, loss=0.0818, RMSE_MU_per_atom=0.00 mDebye, RMSE_MU_DERIV=0.00 mDebye / A, RMSE_ALPHA_per_atom=    0.02, RMSE_ALPHA_DERIV=    0.70
2025-07-12 07:06:32.439 INFO: Epoch 1587: head: Default, loss=0.0817, RMSE_MU_per_atom=0.00 mDebye, RMSE_MU_DERIV=0.00 mDebye / A, RMSE_ALPHA_per_atom=    0.02, RMSE_ALPHA_DERIV=    0.70
2025-07-12 07:06:54.492 INFO: Epoch 1588: head: Default, loss=0.0817, RMSE_MU_per_atom=0.00 mDebye, RMSE_MU_DERIV=0.00 mDebye / A, RMSE_ALPHA_per_atom=    0.02, RMSE_ALPHA_DERIV=    0.70
2025-07-12 07:07:16.527 INFO: Epoch 1589: head: Default, loss=0.0817, RMSE_MU_per_atom=0.00 mDebye, RMSE_MU_DERIV=0.00 mDebye / A, RMSE_ALPHA_per_atom=    0.02, RMSE_ALPHA_DERIV=    0.70
2025-07-12 07:07:38.590 INFO: Epoch 1590: head: Default, loss=0.0817, RMSE_MU_per_atom=0.00 mDebye, RMSE_MU_DERIV=0.00 mDebye / A, RMSE_ALPHA_per_atom=    0.02, RMSE_ALPHA_DERIV=    0.70
2025-07-12 07:08:00.637 INFO: Epoch 1591: head: Default, loss=0.0817, RMSE_MU_per_atom=0.00 mDebye, RMSE_MU_DERIV=0.00 mDebye / A, RMSE_ALPHA_per_atom=    0.02, RMSE_ALPHA_DERIV=    0.70
2025-07-12 07:08:22.666 INFO: Epoch 1592: head: Default, loss=0.0817, RMSE_MU_per_atom=0.00 mDebye, RMSE_MU_DERIV=0.00 mDebye / A, RMSE_ALPHA_per_atom=    0.02, RMSE_ALPHA_DERIV=    0.70
2025-07-12 07:08:44.704 INFO: Epoch 1593: head: Default, loss=0.0817, RMSE_MU_per_atom=0.00 mDebye, RMSE_MU_DERIV=0.00 mDebye / A, RMSE_ALPHA_per_atom=    0.02, RMSE_ALPHA_DERIV=    0.70
2025-07-12 07:09:06.760 INFO: Epoch 1594: head: Default, loss=0.0817, RMSE_MU_per_atom=0.00 mDebye, RMSE_MU_DERIV=0.00 mDebye / A, RMSE_ALPHA_per_atom=    0.02, RMSE_ALPHA_DERIV=    0.70
2025-07-12 07:09:28.811 INFO: Epoch 1595: head: Default, loss=0.0817, RMSE_MU_per_atom=0.00 mDebye, RMSE_MU_DERIV=0.00 mDebye / A, RMSE_ALPHA_per_atom=    0.02, RMSE_ALPHA_DERIV=    0.70
2025-07-12 07:09:50.847 INFO: Epoch 1596: head: Default, loss=0.0817, RMSE_MU_per_atom=0.00 mDebye, RMSE_MU_DERIV=0.00 mDebye / A, RMSE_ALPHA_per_atom=    0.02, RMSE_ALPHA_DERIV=    0.70
2025-07-12 07:10:12.898 INFO: Epoch 1597: head: Default, loss=0.0817, RMSE_MU_per_atom=0.00 mDebye, RMSE_MU_DERIV=0.00 mDebye / A, RMSE_ALPHA_per_atom=    0.02, RMSE_ALPHA_DERIV=    0.70
2025-07-12 07:10:34.953 INFO: Epoch 1598: head: Default, loss=0.0817, RMSE_MU_per_atom=0.00 mDebye, RMSE_MU_DERIV=0.00 mDebye / A, RMSE_ALPHA_per_atom=    0.02, RMSE_ALPHA_DERIV=    0.70
2025-07-12 07:10:57.004 INFO: Epoch 1599: head: Default, loss=0.0817, RMSE_MU_per_atom=0.00 mDebye, RMSE_MU_DERIV=0.00 mDebye / A, RMSE_ALPHA_per_atom=    0.02, RMSE_ALPHA_DERIV=    0.70
2025-07-12 07:11:23.642 INFO: Epoch 1600: head: Default, loss=0.0817, RMSE_MU_per_atom=0.00 mDebye, RMSE_MU_DERIV=0.00 mDebye / A, RMSE_ALPHA_per_atom=    0.02, RMSE_ALPHA_DERIV=    0.70
2025-07-12 07:11:45.746 INFO: Epoch 1601: head: Default, loss=0.0817, RMSE_MU_per_atom=0.00 mDebye, RMSE_MU_DERIV=0.00 mDebye / A, RMSE_ALPHA_per_atom=    0.02, RMSE_ALPHA_DERIV=    0.70
2025-07-12 07:12:07.860 INFO: Epoch 1602: head: Default, loss=0.0817, RMSE_MU_per_atom=0.00 mDebye, RMSE_MU_DERIV=0.00 mDebye / A, RMSE_ALPHA_per_atom=    0.02, RMSE_ALPHA_DERIV=    0.70
2025-07-12 07:12:29.937 INFO: Epoch 1603: head: Default, loss=0.0817, RMSE_MU_per_atom=0.00 mDebye, RMSE_MU_DERIV=0.00 mDebye / A, RMSE_ALPHA_per_atom=    0.02, RMSE_ALPHA_DERIV=    0.70
2025-07-12 07:12:52.023 INFO: Epoch 1604: head: Default, loss=0.0817, RMSE_MU_per_atom=0.00 mDebye, RMSE_MU_DERIV=0.00 mDebye / A, RMSE_ALPHA_per_atom=    0.02, RMSE_ALPHA_DERIV=    0.70
2025-07-12 07:13:14.123 INFO: Epoch 1605: head: Default, loss=0.0817, RMSE_MU_per_atom=0.00 mDebye, RMSE_MU_DERIV=0.00 mDebye / A, RMSE_ALPHA_per_atom=    0.02, RMSE_ALPHA_DERIV=    0.70
2025-07-12 07:13:36.226 INFO: Epoch 1606: head: Default, loss=0.0817, RMSE_MU_per_atom=0.00 mDebye, RMSE_MU_DERIV=0.00 mDebye / A, RMSE_ALPHA_per_atom=    0.02, RMSE_ALPHA_DERIV=    0.70
2025-07-12 07:13:58.359 INFO: Epoch 1607: head: Default, loss=0.0817, RMSE_MU_per_atom=0.00 mDebye, RMSE_MU_DERIV=0.00 mDebye / A, RMSE_ALPHA_per_atom=    0.02, RMSE_ALPHA_DERIV=    0.70
2025-07-12 07:14:20.447 INFO: Epoch 1608: head: Default, loss=0.0817, RMSE_MU_per_atom=0.00 mDebye, RMSE_MU_DERIV=0.00 mDebye / A, RMSE_ALPHA_per_atom=    0.02, RMSE_ALPHA_DERIV=    0.70
2025-07-12 07:14:42.532 INFO: Epoch 1609: head: Default, loss=0.0817, RMSE_MU_per_atom=0.00 mDebye, RMSE_MU_DERIV=0.00 mDebye / A, RMSE_ALPHA_per_atom=    0.02, RMSE_ALPHA_DERIV=    0.70
2025-07-12 07:15:04.631 INFO: Epoch 1610: head: Default, loss=0.0817, RMSE_MU_per_atom=0.00 mDebye, RMSE_MU_DERIV=0.00 mDebye / A, RMSE_ALPHA_per_atom=    0.02, RMSE_ALPHA_DERIV=    0.70
2025-07-12 07:15:26.690 INFO: Epoch 1611: head: Default, loss=0.0817, RMSE_MU_per_atom=0.00 mDebye, RMSE_MU_DERIV=0.00 mDebye / A, RMSE_ALPHA_per_atom=    0.02, RMSE_ALPHA_DERIV=    0.70
2025-07-12 07:15:48.756 INFO: Epoch 1612: head: Default, loss=0.0817, RMSE_MU_per_atom=0.00 mDebye, RMSE_MU_DERIV=0.00 mDebye / A, RMSE_ALPHA_per_atom=    0.02, RMSE_ALPHA_DERIV=    0.70
2025-07-12 07:16:10.823 INFO: Epoch 1613: head: Default, loss=0.0817, RMSE_MU_per_atom=0.00 mDebye, RMSE_MU_DERIV=0.00 mDebye / A, RMSE_ALPHA_per_atom=    0.02, RMSE_ALPHA_DERIV=    0.70
2025-07-12 07:16:32.851 INFO: Epoch 1614: head: Default, loss=0.0817, RMSE_MU_per_atom=0.00 mDebye, RMSE_MU_DERIV=0.00 mDebye / A, RMSE_ALPHA_per_atom=    0.02, RMSE_ALPHA_DERIV=    0.70
2025-07-12 07:16:54.896 INFO: Epoch 1615: head: Default, loss=0.0817, RMSE_MU_per_atom=0.00 mDebye, RMSE_MU_DERIV=0.00 mDebye / A, RMSE_ALPHA_per_atom=    0.02, RMSE_ALPHA_DERIV=    0.70
2025-07-12 07:17:16.946 INFO: Epoch 1616: head: Default, loss=0.0817, RMSE_MU_per_atom=0.00 mDebye, RMSE_MU_DERIV=0.00 mDebye / A, RMSE_ALPHA_per_atom=    0.02, RMSE_ALPHA_DERIV=    0.70
2025-07-12 07:17:38.994 INFO: Epoch 1617: head: Default, loss=0.0817, RMSE_MU_per_atom=0.00 mDebye, RMSE_MU_DERIV=0.00 mDebye / A, RMSE_ALPHA_per_atom=    0.02, RMSE_ALPHA_DERIV=    0.70
2025-07-12 07:18:01.045 INFO: Epoch 1618: head: Default, loss=0.0818, RMSE_MU_per_atom=0.00 mDebye, RMSE_MU_DERIV=0.00 mDebye / A, RMSE_ALPHA_per_atom=    0.02, RMSE_ALPHA_DERIV=    0.70
2025-07-12 07:18:23.074 INFO: Epoch 1619: head: Default, loss=0.0818, RMSE_MU_per_atom=0.00 mDebye, RMSE_MU_DERIV=0.00 mDebye / A, RMSE_ALPHA_per_atom=    0.02, RMSE_ALPHA_DERIV=    0.70
2025-07-12 07:18:45.124 INFO: Epoch 1620: head: Default, loss=0.0817, RMSE_MU_per_atom=0.00 mDebye, RMSE_MU_DERIV=0.00 mDebye / A, RMSE_ALPHA_per_atom=    0.02, RMSE_ALPHA_DERIV=    0.70
2025-07-12 07:19:07.183 INFO: Epoch 1621: head: Default, loss=0.0817, RMSE_MU_per_atom=0.00 mDebye, RMSE_MU_DERIV=0.00 mDebye / A, RMSE_ALPHA_per_atom=    0.02, RMSE_ALPHA_DERIV=    0.70
2025-07-12 07:19:29.243 INFO: Epoch 1622: head: Default, loss=0.0817, RMSE_MU_per_atom=0.00 mDebye, RMSE_MU_DERIV=0.00 mDebye / A, RMSE_ALPHA_per_atom=    0.02, RMSE_ALPHA_DERIV=    0.70
2025-07-12 07:19:51.306 INFO: Epoch 1623: head: Default, loss=0.0817, RMSE_MU_per_atom=0.00 mDebye, RMSE_MU_DERIV=0.00 mDebye / A, RMSE_ALPHA_per_atom=    0.02, RMSE_ALPHA_DERIV=    0.70
2025-07-12 07:20:13.383 INFO: Epoch 1624: head: Default, loss=0.0817, RMSE_MU_per_atom=0.00 mDebye, RMSE_MU_DERIV=0.00 mDebye / A, RMSE_ALPHA_per_atom=    0.02, RMSE_ALPHA_DERIV=    0.70
2025-07-12 07:20:35.432 INFO: Epoch 1625: head: Default, loss=0.0817, RMSE_MU_per_atom=0.00 mDebye, RMSE_MU_DERIV=0.00 mDebye / A, RMSE_ALPHA_per_atom=    0.02, RMSE_ALPHA_DERIV=    0.70
2025-07-12 07:20:57.496 INFO: Epoch 1626: head: Default, loss=0.0817, RMSE_MU_per_atom=0.00 mDebye, RMSE_MU_DERIV=0.00 mDebye / A, RMSE_ALPHA_per_atom=    0.02, RMSE_ALPHA_DERIV=    0.70
2025-07-12 07:21:19.559 INFO: Epoch 1627: head: Default, loss=0.0817, RMSE_MU_per_atom=0.00 mDebye, RMSE_MU_DERIV=0.00 mDebye / A, RMSE_ALPHA_per_atom=    0.02, RMSE_ALPHA_DERIV=    0.70
2025-07-12 07:21:41.588 INFO: Epoch 1628: head: Default, loss=0.0817, RMSE_MU_per_atom=0.00 mDebye, RMSE_MU_DERIV=0.00 mDebye / A, RMSE_ALPHA_per_atom=    0.02, RMSE_ALPHA_DERIV=    0.70
2025-07-12 07:22:03.612 INFO: Epoch 1629: head: Default, loss=0.0817, RMSE_MU_per_atom=0.00 mDebye, RMSE_MU_DERIV=0.00 mDebye / A, RMSE_ALPHA_per_atom=    0.02, RMSE_ALPHA_DERIV=    0.70
2025-07-12 07:22:25.606 INFO: Epoch 1630: head: Default, loss=0.0817, RMSE_MU_per_atom=0.00 mDebye, RMSE_MU_DERIV=0.00 mDebye / A, RMSE_ALPHA_per_atom=    0.02, RMSE_ALPHA_DERIV=    0.70
2025-07-12 07:22:47.634 INFO: Epoch 1631: head: Default, loss=0.0817, RMSE_MU_per_atom=0.00 mDebye, RMSE_MU_DERIV=0.00 mDebye / A, RMSE_ALPHA_per_atom=    0.02, RMSE_ALPHA_DERIV=    0.70
2025-07-12 07:23:09.694 INFO: Epoch 1632: head: Default, loss=0.0817, RMSE_MU_per_atom=0.00 mDebye, RMSE_MU_DERIV=0.00 mDebye / A, RMSE_ALPHA_per_atom=    0.02, RMSE_ALPHA_DERIV=    0.70
2025-07-12 07:23:31.743 INFO: Epoch 1633: head: Default, loss=0.0817, RMSE_MU_per_atom=0.00 mDebye, RMSE_MU_DERIV=0.00 mDebye / A, RMSE_ALPHA_per_atom=    0.02, RMSE_ALPHA_DERIV=    0.70
2025-07-12 07:23:53.768 INFO: Epoch 1634: head: Default, loss=0.0817, RMSE_MU_per_atom=0.00 mDebye, RMSE_MU_DERIV=0.00 mDebye / A, RMSE_ALPHA_per_atom=    0.02, RMSE_ALPHA_DERIV=    0.70
2025-07-12 07:24:15.807 INFO: Epoch 1635: head: Default, loss=0.0818, RMSE_MU_per_atom=0.00 mDebye, RMSE_MU_DERIV=0.00 mDebye / A, RMSE_ALPHA_per_atom=    0.02, RMSE_ALPHA_DERIV=    0.70
2025-07-12 07:24:37.848 INFO: Epoch 1636: head: Default, loss=0.0817, RMSE_MU_per_atom=0.00 mDebye, RMSE_MU_DERIV=0.00 mDebye / A, RMSE_ALPHA_per_atom=    0.02, RMSE_ALPHA_DERIV=    0.70
2025-07-12 07:24:59.904 INFO: Epoch 1637: head: Default, loss=0.0817, RMSE_MU_per_atom=0.00 mDebye, RMSE_MU_DERIV=0.00 mDebye / A, RMSE_ALPHA_per_atom=    0.02, RMSE_ALPHA_DERIV=    0.70
2025-07-12 07:25:21.959 INFO: Epoch 1638: head: Default, loss=0.0817, RMSE_MU_per_atom=0.00 mDebye, RMSE_MU_DERIV=0.00 mDebye / A, RMSE_ALPHA_per_atom=    0.02, RMSE_ALPHA_DERIV=    0.70
2025-07-12 07:25:44.019 INFO: Epoch 1639: head: Default, loss=0.0816, RMSE_MU_per_atom=0.00 mDebye, RMSE_MU_DERIV=0.00 mDebye / A, RMSE_ALPHA_per_atom=    0.02, RMSE_ALPHA_DERIV=    0.70
2025-07-12 07:26:06.060 INFO: Epoch 1640: head: Default, loss=0.0817, RMSE_MU_per_atom=0.00 mDebye, RMSE_MU_DERIV=0.00 mDebye / A, RMSE_ALPHA_per_atom=    0.02, RMSE_ALPHA_DERIV=    0.70
2025-07-12 07:26:28.102 INFO: Epoch 1641: head: Default, loss=0.0817, RMSE_MU_per_atom=0.00 mDebye, RMSE_MU_DERIV=0.00 mDebye / A, RMSE_ALPHA_per_atom=    0.02, RMSE_ALPHA_DERIV=    0.70
2025-07-12 07:26:50.135 INFO: Epoch 1642: head: Default, loss=0.0817, RMSE_MU_per_atom=0.00 mDebye, RMSE_MU_DERIV=0.00 mDebye / A, RMSE_ALPHA_per_atom=    0.02, RMSE_ALPHA_DERIV=    0.70
2025-07-12 07:27:12.188 INFO: Epoch 1643: head: Default, loss=0.0817, RMSE_MU_per_atom=0.00 mDebye, RMSE_MU_DERIV=0.00 mDebye / A, RMSE_ALPHA_per_atom=    0.02, RMSE_ALPHA_DERIV=    0.70
2025-07-12 07:27:34.228 INFO: Epoch 1644: head: Default, loss=0.0818, RMSE_MU_per_atom=0.00 mDebye, RMSE_MU_DERIV=0.00 mDebye / A, RMSE_ALPHA_per_atom=    0.02, RMSE_ALPHA_DERIV=    0.70
2025-07-12 07:27:56.295 INFO: Epoch 1645: head: Default, loss=0.0817, RMSE_MU_per_atom=0.00 mDebye, RMSE_MU_DERIV=0.00 mDebye / A, RMSE_ALPHA_per_atom=    0.02, RMSE_ALPHA_DERIV=    0.70
2025-07-12 07:28:18.339 INFO: Epoch 1646: head: Default, loss=0.0817, RMSE_MU_per_atom=0.00 mDebye, RMSE_MU_DERIV=0.00 mDebye / A, RMSE_ALPHA_per_atom=    0.02, RMSE_ALPHA_DERIV=    0.70
2025-07-12 07:28:40.394 INFO: Epoch 1647: head: Default, loss=0.0818, RMSE_MU_per_atom=0.00 mDebye, RMSE_MU_DERIV=0.00 mDebye / A, RMSE_ALPHA_per_atom=    0.02, RMSE_ALPHA_DERIV=    0.70
2025-07-12 07:29:02.456 INFO: Epoch 1648: head: Default, loss=0.0818, RMSE_MU_per_atom=0.00 mDebye, RMSE_MU_DERIV=0.00 mDebye / A, RMSE_ALPHA_per_atom=    0.02, RMSE_ALPHA_DERIV=    0.70
2025-07-12 07:29:24.530 INFO: Epoch 1649: head: Default, loss=0.0818, RMSE_MU_per_atom=0.00 mDebye, RMSE_MU_DERIV=0.00 mDebye / A, RMSE_ALPHA_per_atom=    0.02, RMSE_ALPHA_DERIV=    0.70
2025-07-12 07:29:46.581 INFO: Epoch 1650: head: Default, loss=0.0818, RMSE_MU_per_atom=0.00 mDebye, RMSE_MU_DERIV=0.00 mDebye / A, RMSE_ALPHA_per_atom=    0.02, RMSE_ALPHA_DERIV=    0.70
2025-07-12 07:30:08.659 INFO: Epoch 1651: head: Default, loss=0.0818, RMSE_MU_per_atom=0.00 mDebye, RMSE_MU_DERIV=0.00 mDebye / A, RMSE_ALPHA_per_atom=    0.02, RMSE_ALPHA_DERIV=    0.70
2025-07-12 07:30:30.705 INFO: Epoch 1652: head: Default, loss=0.0818, RMSE_MU_per_atom=0.00 mDebye, RMSE_MU_DERIV=0.00 mDebye / A, RMSE_ALPHA_per_atom=    0.02, RMSE_ALPHA_DERIV=    0.70
2025-07-12 07:30:52.749 INFO: Epoch 1653: head: Default, loss=0.0818, RMSE_MU_per_atom=0.00 mDebye, RMSE_MU_DERIV=0.00 mDebye / A, RMSE_ALPHA_per_atom=    0.02, RMSE_ALPHA_DERIV=    0.70
2025-07-12 07:31:14.782 INFO: Epoch 1654: head: Default, loss=0.0818, RMSE_MU_per_atom=0.00 mDebye, RMSE_MU_DERIV=0.00 mDebye / A, RMSE_ALPHA_per_atom=    0.02, RMSE_ALPHA_DERIV=    0.70
2025-07-12 07:31:36.842 INFO: Epoch 1655: head: Default, loss=0.0818, RMSE_MU_per_atom=0.00 mDebye, RMSE_MU_DERIV=0.00 mDebye / A, RMSE_ALPHA_per_atom=    0.02, RMSE_ALPHA_DERIV=    0.70
2025-07-12 07:31:58.867 INFO: Epoch 1656: head: Default, loss=0.0818, RMSE_MU_per_atom=0.00 mDebye, RMSE_MU_DERIV=0.00 mDebye / A, RMSE_ALPHA_per_atom=    0.02, RMSE_ALPHA_DERIV=    0.70
2025-07-12 07:32:20.922 INFO: Epoch 1657: head: Default, loss=0.0818, RMSE_MU_per_atom=0.00 mDebye, RMSE_MU_DERIV=0.00 mDebye / A, RMSE_ALPHA_per_atom=    0.02, RMSE_ALPHA_DERIV=    0.70
2025-07-12 07:32:42.961 INFO: Epoch 1658: head: Default, loss=0.0818, RMSE_MU_per_atom=0.00 mDebye, RMSE_MU_DERIV=0.00 mDebye / A, RMSE_ALPHA_per_atom=    0.02, RMSE_ALPHA_DERIV=    0.70
2025-07-12 07:33:05.004 INFO: Epoch 1659: head: Default, loss=0.0818, RMSE_MU_per_atom=0.00 mDebye, RMSE_MU_DERIV=0.00 mDebye / A, RMSE_ALPHA_per_atom=    0.02, RMSE_ALPHA_DERIV=    0.70
2025-07-12 07:33:27.058 INFO: Epoch 1660: head: Default, loss=0.0818, RMSE_MU_per_atom=0.00 mDebye, RMSE_MU_DERIV=0.00 mDebye / A, RMSE_ALPHA_per_atom=    0.02, RMSE_ALPHA_DERIV=    0.70
2025-07-12 07:33:49.127 INFO: Epoch 1661: head: Default, loss=0.0818, RMSE_MU_per_atom=0.00 mDebye, RMSE_MU_DERIV=0.00 mDebye / A, RMSE_ALPHA_per_atom=    0.02, RMSE_ALPHA_DERIV=    0.70
2025-07-12 07:34:11.191 INFO: Epoch 1662: head: Default, loss=0.0818, RMSE_MU_per_atom=0.00 mDebye, RMSE_MU_DERIV=0.00 mDebye / A, RMSE_ALPHA_per_atom=    0.02, RMSE_ALPHA_DERIV=    0.70
2025-07-12 07:34:33.274 INFO: Epoch 1663: head: Default, loss=0.0818, RMSE_MU_per_atom=0.00 mDebye, RMSE_MU_DERIV=0.00 mDebye / A, RMSE_ALPHA_per_atom=    0.02, RMSE_ALPHA_DERIV=    0.70
2025-07-12 07:34:55.354 INFO: Epoch 1664: head: Default, loss=0.0818, RMSE_MU_per_atom=0.00 mDebye, RMSE_MU_DERIV=0.00 mDebye / A, RMSE_ALPHA_per_atom=    0.02, RMSE_ALPHA_DERIV=    0.70
2025-07-12 07:35:17.432 INFO: Epoch 1665: head: Default, loss=0.0818, RMSE_MU_per_atom=0.00 mDebye, RMSE_MU_DERIV=0.00 mDebye / A, RMSE_ALPHA_per_atom=    0.02, RMSE_ALPHA_DERIV=    0.70
2025-07-12 07:35:39.512 INFO: Epoch 1666: head: Default, loss=0.0818, RMSE_MU_per_atom=0.00 mDebye, RMSE_MU_DERIV=0.00 mDebye / A, RMSE_ALPHA_per_atom=    0.02, RMSE_ALPHA_DERIV=    0.70
2025-07-12 07:36:01.587 INFO: Epoch 1667: head: Default, loss=0.0817, RMSE_MU_per_atom=0.00 mDebye, RMSE_MU_DERIV=0.00 mDebye / A, RMSE_ALPHA_per_atom=    0.02, RMSE_ALPHA_DERIV=    0.70
2025-07-12 07:36:23.641 INFO: Epoch 1668: head: Default, loss=0.0817, RMSE_MU_per_atom=0.00 mDebye, RMSE_MU_DERIV=0.00 mDebye / A, RMSE_ALPHA_per_atom=    0.02, RMSE_ALPHA_DERIV=    0.70
2025-07-12 07:36:45.712 INFO: Epoch 1669: head: Default, loss=0.0817, RMSE_MU_per_atom=0.00 mDebye, RMSE_MU_DERIV=0.00 mDebye / A, RMSE_ALPHA_per_atom=    0.02, RMSE_ALPHA_DERIV=    0.70
2025-07-12 07:37:07.795 INFO: Epoch 1670: head: Default, loss=0.0817, RMSE_MU_per_atom=0.00 mDebye, RMSE_MU_DERIV=0.00 mDebye / A, RMSE_ALPHA_per_atom=    0.02, RMSE_ALPHA_DERIV=    0.70
2025-07-12 07:37:29.867 INFO: Epoch 1671: head: Default, loss=0.0817, RMSE_MU_per_atom=0.00 mDebye, RMSE_MU_DERIV=0.00 mDebye / A, RMSE_ALPHA_per_atom=    0.02, RMSE_ALPHA_DERIV=    0.70
2025-07-12 07:37:51.969 INFO: Epoch 1672: head: Default, loss=0.0817, RMSE_MU_per_atom=0.00 mDebye, RMSE_MU_DERIV=0.00 mDebye / A, RMSE_ALPHA_per_atom=    0.02, RMSE_ALPHA_DERIV=    0.70
2025-07-12 07:38:14.044 INFO: Epoch 1673: head: Default, loss=0.0817, RMSE_MU_per_atom=0.00 mDebye, RMSE_MU_DERIV=0.00 mDebye / A, RMSE_ALPHA_per_atom=    0.02, RMSE_ALPHA_DERIV=    0.70
2025-07-12 07:38:36.120 INFO: Epoch 1674: head: Default, loss=0.0817, RMSE_MU_per_atom=0.00 mDebye, RMSE_MU_DERIV=0.00 mDebye / A, RMSE_ALPHA_per_atom=    0.02, RMSE_ALPHA_DERIV=    0.70
2025-07-12 07:38:58.180 INFO: Epoch 1675: head: Default, loss=0.0817, RMSE_MU_per_atom=0.00 mDebye, RMSE_MU_DERIV=0.00 mDebye / A, RMSE_ALPHA_per_atom=    0.02, RMSE_ALPHA_DERIV=    0.70
2025-07-12 07:39:20.241 INFO: Epoch 1676: head: Default, loss=0.0817, RMSE_MU_per_atom=0.00 mDebye, RMSE_MU_DERIV=0.00 mDebye / A, RMSE_ALPHA_per_atom=    0.02, RMSE_ALPHA_DERIV=    0.70
2025-07-12 07:39:42.330 INFO: Epoch 1677: head: Default, loss=0.0817, RMSE_MU_per_atom=0.00 mDebye, RMSE_MU_DERIV=0.00 mDebye / A, RMSE_ALPHA_per_atom=    0.02, RMSE_ALPHA_DERIV=    0.70
2025-07-12 07:40:04.446 INFO: Epoch 1678: head: Default, loss=0.0817, RMSE_MU_per_atom=0.00 mDebye, RMSE_MU_DERIV=0.00 mDebye / A, RMSE_ALPHA_per_atom=    0.02, RMSE_ALPHA_DERIV=    0.70
2025-07-12 07:40:26.513 INFO: Epoch 1679: head: Default, loss=0.0817, RMSE_MU_per_atom=0.00 mDebye, RMSE_MU_DERIV=0.00 mDebye / A, RMSE_ALPHA_per_atom=    0.02, RMSE_ALPHA_DERIV=    0.70
2025-07-12 07:40:48.560 INFO: Epoch 1680: head: Default, loss=0.0818, RMSE_MU_per_atom=0.00 mDebye, RMSE_MU_DERIV=0.00 mDebye / A, RMSE_ALPHA_per_atom=    0.02, RMSE_ALPHA_DERIV=    0.70
2025-07-12 07:41:10.653 INFO: Epoch 1681: head: Default, loss=0.0817, RMSE_MU_per_atom=0.00 mDebye, RMSE_MU_DERIV=0.00 mDebye / A, RMSE_ALPHA_per_atom=    0.02, RMSE_ALPHA_DERIV=    0.70
2025-07-12 07:41:32.749 INFO: Epoch 1682: head: Default, loss=0.0817, RMSE_MU_per_atom=0.00 mDebye, RMSE_MU_DERIV=0.00 mDebye / A, RMSE_ALPHA_per_atom=    0.02, RMSE_ALPHA_DERIV=    0.70
2025-07-12 07:41:54.842 INFO: Epoch 1683: head: Default, loss=0.0818, RMSE_MU_per_atom=0.00 mDebye, RMSE_MU_DERIV=0.00 mDebye / A, RMSE_ALPHA_per_atom=    0.02, RMSE_ALPHA_DERIV=    0.70
2025-07-12 07:42:16.934 INFO: Epoch 1684: head: Default, loss=0.0818, RMSE_MU_per_atom=0.00 mDebye, RMSE_MU_DERIV=0.00 mDebye / A, RMSE_ALPHA_per_atom=    0.02, RMSE_ALPHA_DERIV=    0.70
2025-07-12 07:42:39.017 INFO: Epoch 1685: head: Default, loss=0.0818, RMSE_MU_per_atom=0.00 mDebye, RMSE_MU_DERIV=0.00 mDebye / A, RMSE_ALPHA_per_atom=    0.02, RMSE_ALPHA_DERIV=    0.70
2025-07-12 07:43:01.111 INFO: Epoch 1686: head: Default, loss=0.0818, RMSE_MU_per_atom=0.00 mDebye, RMSE_MU_DERIV=0.00 mDebye / A, RMSE_ALPHA_per_atom=    0.02, RMSE_ALPHA_DERIV=    0.70
2025-07-12 07:43:23.186 INFO: Epoch 1687: head: Default, loss=0.0818, RMSE_MU_per_atom=0.00 mDebye, RMSE_MU_DERIV=0.00 mDebye / A, RMSE_ALPHA_per_atom=    0.02, RMSE_ALPHA_DERIV=    0.70
2025-07-12 07:43:45.278 INFO: Epoch 1688: head: Default, loss=0.0818, RMSE_MU_per_atom=0.00 mDebye, RMSE_MU_DERIV=0.00 mDebye / A, RMSE_ALPHA_per_atom=    0.02, RMSE_ALPHA_DERIV=    0.70
2025-07-12 07:44:07.324 INFO: Epoch 1689: head: Default, loss=0.0818, RMSE_MU_per_atom=0.00 mDebye, RMSE_MU_DERIV=0.00 mDebye / A, RMSE_ALPHA_per_atom=    0.02, RMSE_ALPHA_DERIV=    0.70
2025-07-12 07:44:29.385 INFO: Epoch 1690: head: Default, loss=0.0818, RMSE_MU_per_atom=0.00 mDebye, RMSE_MU_DERIV=0.00 mDebye / A, RMSE_ALPHA_per_atom=    0.02, RMSE_ALPHA_DERIV=    0.70
2025-07-12 07:44:51.429 INFO: Epoch 1691: head: Default, loss=0.0818, RMSE_MU_per_atom=0.00 mDebye, RMSE_MU_DERIV=0.00 mDebye / A, RMSE_ALPHA_per_atom=    0.02, RMSE_ALPHA_DERIV=    0.70
2025-07-12 07:45:13.485 INFO: Epoch 1692: head: Default, loss=0.0817, RMSE_MU_per_atom=0.00 mDebye, RMSE_MU_DERIV=0.00 mDebye / A, RMSE_ALPHA_per_atom=    0.02, RMSE_ALPHA_DERIV=    0.70
2025-07-12 07:45:35.570 INFO: Epoch 1693: head: Default, loss=0.0818, RMSE_MU_per_atom=0.00 mDebye, RMSE_MU_DERIV=0.00 mDebye / A, RMSE_ALPHA_per_atom=    0.02, RMSE_ALPHA_DERIV=    0.70
2025-07-12 07:45:57.676 INFO: Epoch 1694: head: Default, loss=0.0818, RMSE_MU_per_atom=0.00 mDebye, RMSE_MU_DERIV=0.00 mDebye / A, RMSE_ALPHA_per_atom=    0.02, RMSE_ALPHA_DERIV=    0.70
2025-07-12 07:46:19.742 INFO: Epoch 1695: head: Default, loss=0.0817, RMSE_MU_per_atom=0.00 mDebye, RMSE_MU_DERIV=0.00 mDebye / A, RMSE_ALPHA_per_atom=    0.02, RMSE_ALPHA_DERIV=    0.70
2025-07-12 07:46:41.796 INFO: Epoch 1696: head: Default, loss=0.0817, RMSE_MU_per_atom=0.00 mDebye, RMSE_MU_DERIV=0.00 mDebye / A, RMSE_ALPHA_per_atom=    0.02, RMSE_ALPHA_DERIV=    0.70
2025-07-12 07:47:03.871 INFO: Epoch 1697: head: Default, loss=0.0817, RMSE_MU_per_atom=0.00 mDebye, RMSE_MU_DERIV=0.00 mDebye / A, RMSE_ALPHA_per_atom=    0.02, RMSE_ALPHA_DERIV=    0.70
2025-07-12 07:47:25.957 INFO: Epoch 1698: head: Default, loss=0.0817, RMSE_MU_per_atom=0.00 mDebye, RMSE_MU_DERIV=0.00 mDebye / A, RMSE_ALPHA_per_atom=    0.02, RMSE_ALPHA_DERIV=    0.70
2025-07-12 07:47:48.019 INFO: Epoch 1699: head: Default, loss=0.0817, RMSE_MU_per_atom=0.00 mDebye, RMSE_MU_DERIV=0.00 mDebye / A, RMSE_ALPHA_per_atom=    0.02, RMSE_ALPHA_DERIV=    0.70
2025-07-12 07:48:10.105 INFO: Epoch 1700: head: Default, loss=0.0817, RMSE_MU_per_atom=0.00 mDebye, RMSE_MU_DERIV=0.00 mDebye / A, RMSE_ALPHA_per_atom=    0.02, RMSE_ALPHA_DERIV=    0.70
2025-07-12 07:48:32.206 INFO: Epoch 1701: head: Default, loss=0.0817, RMSE_MU_per_atom=0.00 mDebye, RMSE_MU_DERIV=0.00 mDebye / A, RMSE_ALPHA_per_atom=    0.02, RMSE_ALPHA_DERIV=    0.70
2025-07-12 07:48:54.322 INFO: Epoch 1702: head: Default, loss=0.0817, RMSE_MU_per_atom=0.00 mDebye, RMSE_MU_DERIV=0.00 mDebye / A, RMSE_ALPHA_per_atom=    0.02, RMSE_ALPHA_DERIV=    0.70
2025-07-12 07:49:16.401 INFO: Epoch 1703: head: Default, loss=0.0817, RMSE_MU_per_atom=0.00 mDebye, RMSE_MU_DERIV=0.00 mDebye / A, RMSE_ALPHA_per_atom=    0.02, RMSE_ALPHA_DERIV=    0.70
2025-07-12 07:49:38.476 INFO: Epoch 1704: head: Default, loss=0.0817, RMSE_MU_per_atom=0.00 mDebye, RMSE_MU_DERIV=0.00 mDebye / A, RMSE_ALPHA_per_atom=    0.02, RMSE_ALPHA_DERIV=    0.70
2025-07-12 07:50:00.525 INFO: Epoch 1705: head: Default, loss=0.0817, RMSE_MU_per_atom=0.00 mDebye, RMSE_MU_DERIV=0.00 mDebye / A, RMSE_ALPHA_per_atom=    0.02, RMSE_ALPHA_DERIV=    0.70
2025-07-12 07:50:22.565 INFO: Epoch 1706: head: Default, loss=0.0817, RMSE_MU_per_atom=0.00 mDebye, RMSE_MU_DERIV=0.00 mDebye / A, RMSE_ALPHA_per_atom=    0.02, RMSE_ALPHA_DERIV=    0.70
2025-07-12 07:50:44.615 INFO: Epoch 1707: head: Default, loss=0.0817, RMSE_MU_per_atom=0.00 mDebye, RMSE_MU_DERIV=0.00 mDebye / A, RMSE_ALPHA_per_atom=    0.02, RMSE_ALPHA_DERIV=    0.70
2025-07-12 07:51:06.684 INFO: Epoch 1708: head: Default, loss=0.0817, RMSE_MU_per_atom=0.00 mDebye, RMSE_MU_DERIV=0.00 mDebye / A, RMSE_ALPHA_per_atom=    0.02, RMSE_ALPHA_DERIV=    0.70
2025-07-12 07:51:28.762 INFO: Epoch 1709: head: Default, loss=0.0817, RMSE_MU_per_atom=0.00 mDebye, RMSE_MU_DERIV=0.00 mDebye / A, RMSE_ALPHA_per_atom=    0.02, RMSE_ALPHA_DERIV=    0.70
2025-07-12 07:51:50.810 INFO: Epoch 1710: head: Default, loss=0.0817, RMSE_MU_per_atom=0.00 mDebye, RMSE_MU_DERIV=0.00 mDebye / A, RMSE_ALPHA_per_atom=    0.02, RMSE_ALPHA_DERIV=    0.70
2025-07-12 07:52:12.882 INFO: Epoch 1711: head: Default, loss=0.0817, RMSE_MU_per_atom=0.00 mDebye, RMSE_MU_DERIV=0.00 mDebye / A, RMSE_ALPHA_per_atom=    0.02, RMSE_ALPHA_DERIV=    0.70
2025-07-12 07:52:34.939 INFO: Epoch 1712: head: Default, loss=0.0817, RMSE_MU_per_atom=0.00 mDebye, RMSE_MU_DERIV=0.00 mDebye / A, RMSE_ALPHA_per_atom=    0.02, RMSE_ALPHA_DERIV=    0.70
2025-07-12 07:52:57.014 INFO: Epoch 1713: head: Default, loss=0.0817, RMSE_MU_per_atom=0.00 mDebye, RMSE_MU_DERIV=0.00 mDebye / A, RMSE_ALPHA_per_atom=    0.02, RMSE_ALPHA_DERIV=    0.70
2025-07-12 07:53:19.112 INFO: Epoch 1714: head: Default, loss=0.0817, RMSE_MU_per_atom=0.00 mDebye, RMSE_MU_DERIV=0.00 mDebye / A, RMSE_ALPHA_per_atom=    0.02, RMSE_ALPHA_DERIV=    0.70
2025-07-12 07:53:41.179 INFO: Epoch 1715: head: Default, loss=0.0817, RMSE_MU_per_atom=0.00 mDebye, RMSE_MU_DERIV=0.00 mDebye / A, RMSE_ALPHA_per_atom=    0.02, RMSE_ALPHA_DERIV=    0.70
2025-07-12 07:54:03.210 INFO: Epoch 1716: head: Default, loss=0.0817, RMSE_MU_per_atom=0.00 mDebye, RMSE_MU_DERIV=0.00 mDebye / A, RMSE_ALPHA_per_atom=    0.02, RMSE_ALPHA_DERIV=    0.70
2025-07-12 07:54:25.222 INFO: Epoch 1717: head: Default, loss=0.0817, RMSE_MU_per_atom=0.00 mDebye, RMSE_MU_DERIV=0.00 mDebye / A, RMSE_ALPHA_per_atom=    0.02, RMSE_ALPHA_DERIV=    0.70
2025-07-12 07:54:47.254 INFO: Epoch 1718: head: Default, loss=0.0817, RMSE_MU_per_atom=0.00 mDebye, RMSE_MU_DERIV=0.00 mDebye / A, RMSE_ALPHA_per_atom=    0.02, RMSE_ALPHA_DERIV=    0.70
2025-07-12 07:55:09.294 INFO: Epoch 1719: head: Default, loss=0.0817, RMSE_MU_per_atom=0.00 mDebye, RMSE_MU_DERIV=0.00 mDebye / A, RMSE_ALPHA_per_atom=    0.02, RMSE_ALPHA_DERIV=    0.70
2025-07-12 07:55:31.352 INFO: Epoch 1720: head: Default, loss=0.0817, RMSE_MU_per_atom=0.00 mDebye, RMSE_MU_DERIV=0.00 mDebye / A, RMSE_ALPHA_per_atom=    0.02, RMSE_ALPHA_DERIV=    0.70
2025-07-12 07:55:53.403 INFO: Epoch 1721: head: Default, loss=0.0817, RMSE_MU_per_atom=0.00 mDebye, RMSE_MU_DERIV=0.00 mDebye / A, RMSE_ALPHA_per_atom=    0.02, RMSE_ALPHA_DERIV=    0.70
2025-07-12 07:56:15.450 INFO: Epoch 1722: head: Default, loss=0.0817, RMSE_MU_per_atom=0.00 mDebye, RMSE_MU_DERIV=0.00 mDebye / A, RMSE_ALPHA_per_atom=    0.02, RMSE_ALPHA_DERIV=    0.70
2025-07-12 07:56:37.503 INFO: Epoch 1723: head: Default, loss=0.0817, RMSE_MU_per_atom=0.00 mDebye, RMSE_MU_DERIV=0.00 mDebye / A, RMSE_ALPHA_per_atom=    0.02, RMSE_ALPHA_DERIV=    0.70
2025-07-12 07:56:59.557 INFO: Epoch 1724: head: Default, loss=0.0817, RMSE_MU_per_atom=0.00 mDebye, RMSE_MU_DERIV=0.00 mDebye / A, RMSE_ALPHA_per_atom=    0.02, RMSE_ALPHA_DERIV=    0.70
2025-07-12 07:57:21.598 INFO: Epoch 1725: head: Default, loss=0.0817, RMSE_MU_per_atom=0.00 mDebye, RMSE_MU_DERIV=0.00 mDebye / A, RMSE_ALPHA_per_atom=    0.02, RMSE_ALPHA_DERIV=    0.70
2025-07-12 07:57:43.659 INFO: Epoch 1726: head: Default, loss=0.0817, RMSE_MU_per_atom=0.00 mDebye, RMSE_MU_DERIV=0.00 mDebye / A, RMSE_ALPHA_per_atom=    0.02, RMSE_ALPHA_DERIV=    0.70
2025-07-12 07:58:05.734 INFO: Epoch 1727: head: Default, loss=0.0817, RMSE_MU_per_atom=0.00 mDebye, RMSE_MU_DERIV=0.00 mDebye / A, RMSE_ALPHA_per_atom=    0.02, RMSE_ALPHA_DERIV=    0.70
2025-07-12 07:58:27.798 INFO: Epoch 1728: head: Default, loss=0.0817, RMSE_MU_per_atom=0.00 mDebye, RMSE_MU_DERIV=0.00 mDebye / A, RMSE_ALPHA_per_atom=    0.02, RMSE_ALPHA_DERIV=    0.70
2025-07-12 07:58:49.833 INFO: Epoch 1729: head: Default, loss=0.0817, RMSE_MU_per_atom=0.00 mDebye, RMSE_MU_DERIV=0.00 mDebye / A, RMSE_ALPHA_per_atom=    0.02, RMSE_ALPHA_DERIV=    0.70
2025-07-12 07:59:11.882 INFO: Epoch 1730: head: Default, loss=0.0817, RMSE_MU_per_atom=0.00 mDebye, RMSE_MU_DERIV=0.00 mDebye / A, RMSE_ALPHA_per_atom=    0.02, RMSE_ALPHA_DERIV=    0.70
2025-07-12 07:59:33.941 INFO: Epoch 1731: head: Default, loss=0.0817, RMSE_MU_per_atom=0.00 mDebye, RMSE_MU_DERIV=0.00 mDebye / A, RMSE_ALPHA_per_atom=    0.02, RMSE_ALPHA_DERIV=    0.70
2025-07-12 07:59:55.972 INFO: Epoch 1732: head: Default, loss=0.0817, RMSE_MU_per_atom=0.00 mDebye, RMSE_MU_DERIV=0.00 mDebye / A, RMSE_ALPHA_per_atom=    0.02, RMSE_ALPHA_DERIV=    0.70
2025-07-12 08:00:18.016 INFO: Epoch 1733: head: Default, loss=0.0817, RMSE_MU_per_atom=0.00 mDebye, RMSE_MU_DERIV=0.00 mDebye / A, RMSE_ALPHA_per_atom=    0.02, RMSE_ALPHA_DERIV=    0.70
2025-07-12 08:00:40.055 INFO: Epoch 1734: head: Default, loss=0.0817, RMSE_MU_per_atom=0.00 mDebye, RMSE_MU_DERIV=0.00 mDebye / A, RMSE_ALPHA_per_atom=    0.02, RMSE_ALPHA_DERIV=    0.70
2025-07-12 08:01:02.074 INFO: Epoch 1735: head: Default, loss=0.0818, RMSE_MU_per_atom=0.00 mDebye, RMSE_MU_DERIV=0.00 mDebye / A, RMSE_ALPHA_per_atom=    0.02, RMSE_ALPHA_DERIV=    0.70
2025-07-12 08:01:24.093 INFO: Epoch 1736: head: Default, loss=0.0818, RMSE_MU_per_atom=0.00 mDebye, RMSE_MU_DERIV=0.00 mDebye / A, RMSE_ALPHA_per_atom=    0.02, RMSE_ALPHA_DERIV=    0.70
2025-07-12 08:01:46.152 INFO: Epoch 1737: head: Default, loss=0.0817, RMSE_MU_per_atom=0.00 mDebye, RMSE_MU_DERIV=0.00 mDebye / A, RMSE_ALPHA_per_atom=    0.02, RMSE_ALPHA_DERIV=    0.70
2025-07-12 08:02:08.206 INFO: Epoch 1738: head: Default, loss=0.0817, RMSE_MU_per_atom=0.00 mDebye, RMSE_MU_DERIV=0.00 mDebye / A, RMSE_ALPHA_per_atom=    0.02, RMSE_ALPHA_DERIV=    0.70
2025-07-12 08:02:30.263 INFO: Epoch 1739: head: Default, loss=0.0817, RMSE_MU_per_atom=0.00 mDebye, RMSE_MU_DERIV=0.00 mDebye / A, RMSE_ALPHA_per_atom=    0.02, RMSE_ALPHA_DERIV=    0.70
2025-07-12 08:02:52.329 INFO: Epoch 1740: head: Default, loss=0.0817, RMSE_MU_per_atom=0.00 mDebye, RMSE_MU_DERIV=0.00 mDebye / A, RMSE_ALPHA_per_atom=    0.02, RMSE_ALPHA_DERIV=    0.70
2025-07-12 08:03:14.384 INFO: Epoch 1741: head: Default, loss=0.0817, RMSE_MU_per_atom=0.00 mDebye, RMSE_MU_DERIV=0.00 mDebye / A, RMSE_ALPHA_per_atom=    0.02, RMSE_ALPHA_DERIV=    0.70
2025-07-12 08:03:36.452 INFO: Epoch 1742: head: Default, loss=0.0817, RMSE_MU_per_atom=0.00 mDebye, RMSE_MU_DERIV=0.00 mDebye / A, RMSE_ALPHA_per_atom=    0.02, RMSE_ALPHA_DERIV=    0.70
2025-07-12 08:03:58.503 INFO: Epoch 1743: head: Default, loss=0.0817, RMSE_MU_per_atom=0.00 mDebye, RMSE_MU_DERIV=0.00 mDebye / A, RMSE_ALPHA_per_atom=    0.02, RMSE_ALPHA_DERIV=    0.70
2025-07-12 08:04:20.552 INFO: Epoch 1744: head: Default, loss=0.0817, RMSE_MU_per_atom=0.00 mDebye, RMSE_MU_DERIV=0.00 mDebye / A, RMSE_ALPHA_per_atom=    0.02, RMSE_ALPHA_DERIV=    0.70
2025-07-12 08:04:42.619 INFO: Epoch 1745: head: Default, loss=0.0818, RMSE_MU_per_atom=0.00 mDebye, RMSE_MU_DERIV=0.00 mDebye / A, RMSE_ALPHA_per_atom=    0.02, RMSE_ALPHA_DERIV=    0.70
2025-07-12 08:05:04.656 INFO: Epoch 1746: head: Default, loss=0.0818, RMSE_MU_per_atom=0.00 mDebye, RMSE_MU_DERIV=0.00 mDebye / A, RMSE_ALPHA_per_atom=    0.02, RMSE_ALPHA_DERIV=    0.70
2025-07-12 08:05:26.725 INFO: Epoch 1747: head: Default, loss=0.0817, RMSE_MU_per_atom=0.00 mDebye, RMSE_MU_DERIV=0.00 mDebye / A, RMSE_ALPHA_per_atom=    0.02, RMSE_ALPHA_DERIV=    0.70
2025-07-12 08:05:48.800 INFO: Epoch 1748: head: Default, loss=0.0817, RMSE_MU_per_atom=0.00 mDebye, RMSE_MU_DERIV=0.00 mDebye / A, RMSE_ALPHA_per_atom=    0.02, RMSE_ALPHA_DERIV=    0.70
2025-07-12 08:06:10.864 INFO: Epoch 1749: head: Default, loss=0.0817, RMSE_MU_per_atom=0.00 mDebye, RMSE_MU_DERIV=0.00 mDebye / A, RMSE_ALPHA_per_atom=    0.02, RMSE_ALPHA_DERIV=    0.70
2025-07-12 08:06:32.941 INFO: Epoch 1750: head: Default, loss=0.0817, RMSE_MU_per_atom=0.00 mDebye, RMSE_MU_DERIV=0.00 mDebye / A, RMSE_ALPHA_per_atom=    0.02, RMSE_ALPHA_DERIV=    0.70
2025-07-12 08:06:55.037 INFO: Epoch 1751: head: Default, loss=0.0818, RMSE_MU_per_atom=0.00 mDebye, RMSE_MU_DERIV=0.00 mDebye / A, RMSE_ALPHA_per_atom=    0.02, RMSE_ALPHA_DERIV=    0.70
2025-07-12 08:07:17.102 INFO: Epoch 1752: head: Default, loss=0.0817, RMSE_MU_per_atom=0.00 mDebye, RMSE_MU_DERIV=0.00 mDebye / A, RMSE_ALPHA_per_atom=    0.02, RMSE_ALPHA_DERIV=    0.70
2025-07-12 08:07:39.160 INFO: Epoch 1753: head: Default, loss=0.0818, RMSE_MU_per_atom=0.00 mDebye, RMSE_MU_DERIV=0.00 mDebye / A, RMSE_ALPHA_per_atom=    0.02, RMSE_ALPHA_DERIV=    0.70
2025-07-12 08:08:01.210 INFO: Epoch 1754: head: Default, loss=0.0818, RMSE_MU_per_atom=0.00 mDebye, RMSE_MU_DERIV=0.00 mDebye / A, RMSE_ALPHA_per_atom=    0.02, RMSE_ALPHA_DERIV=    0.70
2025-07-12 08:08:23.259 INFO: Epoch 1755: head: Default, loss=0.0818, RMSE_MU_per_atom=0.00 mDebye, RMSE_MU_DERIV=0.00 mDebye / A, RMSE_ALPHA_per_atom=    0.02, RMSE_ALPHA_DERIV=    0.70
2025-07-12 08:08:45.298 INFO: Epoch 1756: head: Default, loss=0.0818, RMSE_MU_per_atom=0.00 mDebye, RMSE_MU_DERIV=0.00 mDebye / A, RMSE_ALPHA_per_atom=    0.02, RMSE_ALPHA_DERIV=    0.70
2025-07-12 08:09:07.321 INFO: Epoch 1757: head: Default, loss=0.0818, RMSE_MU_per_atom=0.00 mDebye, RMSE_MU_DERIV=0.00 mDebye / A, RMSE_ALPHA_per_atom=    0.02, RMSE_ALPHA_DERIV=    0.70
2025-07-12 08:09:29.348 INFO: Epoch 1758: head: Default, loss=0.0818, RMSE_MU_per_atom=0.00 mDebye, RMSE_MU_DERIV=0.00 mDebye / A, RMSE_ALPHA_per_atom=    0.02, RMSE_ALPHA_DERIV=    0.70
2025-07-12 08:09:51.436 INFO: Epoch 1759: head: Default, loss=0.0818, RMSE_MU_per_atom=0.00 mDebye, RMSE_MU_DERIV=0.00 mDebye / A, RMSE_ALPHA_per_atom=    0.02, RMSE_ALPHA_DERIV=    0.70
2025-07-12 08:10:13.494 INFO: Epoch 1760: head: Default, loss=0.0818, RMSE_MU_per_atom=0.00 mDebye, RMSE_MU_DERIV=0.00 mDebye / A, RMSE_ALPHA_per_atom=    0.02, RMSE_ALPHA_DERIV=    0.70
2025-07-12 08:10:35.534 INFO: Epoch 1761: head: Default, loss=0.0818, RMSE_MU_per_atom=0.00 mDebye, RMSE_MU_DERIV=0.00 mDebye / A, RMSE_ALPHA_per_atom=    0.02, RMSE_ALPHA_DERIV=    0.70
2025-07-12 08:10:57.581 INFO: Epoch 1762: head: Default, loss=0.0818, RMSE_MU_per_atom=0.00 mDebye, RMSE_MU_DERIV=0.00 mDebye / A, RMSE_ALPHA_per_atom=    0.02, RMSE_ALPHA_DERIV=    0.70
2025-07-12 08:11:19.651 INFO: Epoch 1763: head: Default, loss=0.0818, RMSE_MU_per_atom=0.00 mDebye, RMSE_MU_DERIV=0.00 mDebye / A, RMSE_ALPHA_per_atom=    0.02, RMSE_ALPHA_DERIV=    0.70
2025-07-12 08:11:41.716 INFO: Epoch 1764: head: Default, loss=0.0818, RMSE_MU_per_atom=0.00 mDebye, RMSE_MU_DERIV=0.00 mDebye / A, RMSE_ALPHA_per_atom=    0.02, RMSE_ALPHA_DERIV=    0.70
2025-07-12 08:12:03.779 INFO: Epoch 1765: head: Default, loss=0.0818, RMSE_MU_per_atom=0.00 mDebye, RMSE_MU_DERIV=0.00 mDebye / A, RMSE_ALPHA_per_atom=    0.02, RMSE_ALPHA_DERIV=    0.70
2025-07-12 08:12:25.813 INFO: Epoch 1766: head: Default, loss=0.0818, RMSE_MU_per_atom=0.00 mDebye, RMSE_MU_DERIV=0.00 mDebye / A, RMSE_ALPHA_per_atom=    0.02, RMSE_ALPHA_DERIV=    0.70
2025-07-12 08:12:47.834 INFO: Epoch 1767: head: Default, loss=0.0817, RMSE_MU_per_atom=0.00 mDebye, RMSE_MU_DERIV=0.00 mDebye / A, RMSE_ALPHA_per_atom=    0.02, RMSE_ALPHA_DERIV=    0.70
2025-07-12 08:13:09.838 INFO: Epoch 1768: head: Default, loss=0.0818, RMSE_MU_per_atom=0.00 mDebye, RMSE_MU_DERIV=0.00 mDebye / A, RMSE_ALPHA_per_atom=    0.02, RMSE_ALPHA_DERIV=    0.70
2025-07-12 08:13:31.845 INFO: Epoch 1769: head: Default, loss=0.0817, RMSE_MU_per_atom=0.00 mDebye, RMSE_MU_DERIV=0.00 mDebye / A, RMSE_ALPHA_per_atom=    0.02, RMSE_ALPHA_DERIV=    0.70
2025-07-12 08:13:53.875 INFO: Epoch 1770: head: Default, loss=0.0817, RMSE_MU_per_atom=0.00 mDebye, RMSE_MU_DERIV=0.00 mDebye / A, RMSE_ALPHA_per_atom=    0.02, RMSE_ALPHA_DERIV=    0.70
2025-07-12 08:14:15.919 INFO: Epoch 1771: head: Default, loss=0.0817, RMSE_MU_per_atom=0.00 mDebye, RMSE_MU_DERIV=0.00 mDebye / A, RMSE_ALPHA_per_atom=    0.02, RMSE_ALPHA_DERIV=    0.70
2025-07-12 08:14:37.993 INFO: Epoch 1772: head: Default, loss=0.0817, RMSE_MU_per_atom=0.00 mDebye, RMSE_MU_DERIV=0.00 mDebye / A, RMSE_ALPHA_per_atom=    0.02, RMSE_ALPHA_DERIV=    0.70
2025-07-12 08:15:00.069 INFO: Epoch 1773: head: Default, loss=0.0817, RMSE_MU_per_atom=0.00 mDebye, RMSE_MU_DERIV=0.00 mDebye / A, RMSE_ALPHA_per_atom=    0.02, RMSE_ALPHA_DERIV=    0.70
2025-07-12 08:15:22.134 INFO: Epoch 1774: head: Default, loss=0.0817, RMSE_MU_per_atom=0.00 mDebye, RMSE_MU_DERIV=0.00 mDebye / A, RMSE_ALPHA_per_atom=    0.02, RMSE_ALPHA_DERIV=    0.70
2025-07-12 08:15:44.190 INFO: Epoch 1775: head: Default, loss=0.0817, RMSE_MU_per_atom=0.00 mDebye, RMSE_MU_DERIV=0.00 mDebye / A, RMSE_ALPHA_per_atom=    0.02, RMSE_ALPHA_DERIV=    0.70
2025-07-12 08:16:06.259 INFO: Epoch 1776: head: Default, loss=0.0817, RMSE_MU_per_atom=0.00 mDebye, RMSE_MU_DERIV=0.00 mDebye / A, RMSE_ALPHA_per_atom=    0.02, RMSE_ALPHA_DERIV=    0.70
2025-07-12 08:16:28.350 INFO: Epoch 1777: head: Default, loss=0.0817, RMSE_MU_per_atom=0.00 mDebye, RMSE_MU_DERIV=0.00 mDebye / A, RMSE_ALPHA_per_atom=    0.02, RMSE_ALPHA_DERIV=    0.70
2025-07-12 08:16:50.412 INFO: Epoch 1778: head: Default, loss=0.0817, RMSE_MU_per_atom=0.00 mDebye, RMSE_MU_DERIV=0.00 mDebye / A, RMSE_ALPHA_per_atom=    0.02, RMSE_ALPHA_DERIV=    0.70
2025-07-12 08:17:12.481 INFO: Epoch 1779: head: Default, loss=0.0817, RMSE_MU_per_atom=0.00 mDebye, RMSE_MU_DERIV=0.00 mDebye / A, RMSE_ALPHA_per_atom=    0.02, RMSE_ALPHA_DERIV=    0.70
2025-07-12 08:17:34.531 INFO: Epoch 1780: head: Default, loss=0.0817, RMSE_MU_per_atom=0.00 mDebye, RMSE_MU_DERIV=0.00 mDebye / A, RMSE_ALPHA_per_atom=    0.02, RMSE_ALPHA_DERIV=    0.70
2025-07-12 08:17:56.568 INFO: Epoch 1781: head: Default, loss=0.0817, RMSE_MU_per_atom=0.00 mDebye, RMSE_MU_DERIV=0.00 mDebye / A, RMSE_ALPHA_per_atom=    0.02, RMSE_ALPHA_DERIV=    0.70
2025-07-12 08:18:18.613 INFO: Epoch 1782: head: Default, loss=0.0817, RMSE_MU_per_atom=0.00 mDebye, RMSE_MU_DERIV=0.00 mDebye / A, RMSE_ALPHA_per_atom=    0.02, RMSE_ALPHA_DERIV=    0.70
2025-07-12 08:18:40.649 INFO: Epoch 1783: head: Default, loss=0.0817, RMSE_MU_per_atom=0.00 mDebye, RMSE_MU_DERIV=0.00 mDebye / A, RMSE_ALPHA_per_atom=    0.02, RMSE_ALPHA_DERIV=    0.70
2025-07-12 08:19:02.689 INFO: Epoch 1784: head: Default, loss=0.0817, RMSE_MU_per_atom=0.00 mDebye, RMSE_MU_DERIV=0.00 mDebye / A, RMSE_ALPHA_per_atom=    0.02, RMSE_ALPHA_DERIV=    0.70
2025-07-12 08:19:24.743 INFO: Epoch 1785: head: Default, loss=0.0817, RMSE_MU_per_atom=0.00 mDebye, RMSE_MU_DERIV=0.00 mDebye / A, RMSE_ALPHA_per_atom=    0.02, RMSE_ALPHA_DERIV=    0.70
2025-07-12 08:19:46.779 INFO: Epoch 1786: head: Default, loss=0.0818, RMSE_MU_per_atom=0.00 mDebye, RMSE_MU_DERIV=0.00 mDebye / A, RMSE_ALPHA_per_atom=    0.02, RMSE_ALPHA_DERIV=    0.70
2025-07-12 08:20:08.817 INFO: Epoch 1787: head: Default, loss=0.0818, RMSE_MU_per_atom=0.00 mDebye, RMSE_MU_DERIV=0.00 mDebye / A, RMSE_ALPHA_per_atom=    0.02, RMSE_ALPHA_DERIV=    0.70
2025-07-12 08:20:30.876 INFO: Epoch 1788: head: Default, loss=0.0817, RMSE_MU_per_atom=0.00 mDebye, RMSE_MU_DERIV=0.00 mDebye / A, RMSE_ALPHA_per_atom=    0.02, RMSE_ALPHA_DERIV=    0.70
2025-07-12 08:20:52.942 INFO: Epoch 1789: head: Default, loss=0.0817, RMSE_MU_per_atom=0.00 mDebye, RMSE_MU_DERIV=0.00 mDebye / A, RMSE_ALPHA_per_atom=    0.02, RMSE_ALPHA_DERIV=    0.70
2025-07-12 08:21:14.987 INFO: Epoch 1790: head: Default, loss=0.0818, RMSE_MU_per_atom=0.00 mDebye, RMSE_MU_DERIV=0.00 mDebye / A, RMSE_ALPHA_per_atom=    0.02, RMSE_ALPHA_DERIV=    0.70
2025-07-12 08:21:37.043 INFO: Epoch 1791: head: Default, loss=0.0817, RMSE_MU_per_atom=0.00 mDebye, RMSE_MU_DERIV=0.00 mDebye / A, RMSE_ALPHA_per_atom=    0.02, RMSE_ALPHA_DERIV=    0.70
2025-07-12 08:21:59.102 INFO: Epoch 1792: head: Default, loss=0.0817, RMSE_MU_per_atom=0.00 mDebye, RMSE_MU_DERIV=0.00 mDebye / A, RMSE_ALPHA_per_atom=    0.02, RMSE_ALPHA_DERIV=    0.70
2025-07-12 08:22:21.182 INFO: Epoch 1793: head: Default, loss=0.0817, RMSE_MU_per_atom=0.00 mDebye, RMSE_MU_DERIV=0.00 mDebye / A, RMSE_ALPHA_per_atom=    0.02, RMSE_ALPHA_DERIV=    0.70
2025-07-12 08:22:43.244 INFO: Epoch 1794: head: Default, loss=0.0817, RMSE_MU_per_atom=0.00 mDebye, RMSE_MU_DERIV=0.00 mDebye / A, RMSE_ALPHA_per_atom=    0.02, RMSE_ALPHA_DERIV=    0.70
2025-07-12 08:23:05.284 INFO: Epoch 1795: head: Default, loss=0.0817, RMSE_MU_per_atom=0.00 mDebye, RMSE_MU_DERIV=0.00 mDebye / A, RMSE_ALPHA_per_atom=    0.02, RMSE_ALPHA_DERIV=    0.70
2025-07-12 08:23:27.323 INFO: Epoch 1796: head: Default, loss=0.0817, RMSE_MU_per_atom=0.00 mDebye, RMSE_MU_DERIV=0.00 mDebye / A, RMSE_ALPHA_per_atom=    0.02, RMSE_ALPHA_DERIV=    0.70
2025-07-12 08:23:49.373 INFO: Epoch 1797: head: Default, loss=0.0818, RMSE_MU_per_atom=0.00 mDebye, RMSE_MU_DERIV=0.00 mDebye / A, RMSE_ALPHA_per_atom=    0.02, RMSE_ALPHA_DERIV=    0.70
2025-07-12 08:24:11.425 INFO: Epoch 1798: head: Default, loss=0.0818, RMSE_MU_per_atom=0.00 mDebye, RMSE_MU_DERIV=0.00 mDebye / A, RMSE_ALPHA_per_atom=    0.02, RMSE_ALPHA_DERIV=    0.70
2025-07-12 08:24:33.445 INFO: Epoch 1799: head: Default, loss=0.0817, RMSE_MU_per_atom=0.00 mDebye, RMSE_MU_DERIV=0.00 mDebye / A, RMSE_ALPHA_per_atom=    0.02, RMSE_ALPHA_DERIV=    0.70
2025-07-12 08:24:55.486 INFO: Epoch 1800: head: Default, loss=0.0817, RMSE_MU_per_atom=0.00 mDebye, RMSE_MU_DERIV=0.00 mDebye / A, RMSE_ALPHA_per_atom=    0.02, RMSE_ALPHA_DERIV=    0.70
2025-07-12 08:25:17.539 INFO: Epoch 1801: head: Default, loss=0.0817, RMSE_MU_per_atom=0.00 mDebye, RMSE_MU_DERIV=0.00 mDebye / A, RMSE_ALPHA_per_atom=    0.02, RMSE_ALPHA_DERIV=    0.70
2025-07-12 08:25:39.593 INFO: Epoch 1802: head: Default, loss=0.0817, RMSE_MU_per_atom=0.00 mDebye, RMSE_MU_DERIV=0.00 mDebye / A, RMSE_ALPHA_per_atom=    0.02, RMSE_ALPHA_DERIV=    0.70
2025-07-12 08:26:01.652 INFO: Epoch 1803: head: Default, loss=0.0817, RMSE_MU_per_atom=0.00 mDebye, RMSE_MU_DERIV=0.00 mDebye / A, RMSE_ALPHA_per_atom=    0.02, RMSE_ALPHA_DERIV=    0.70
2025-07-12 08:26:23.676 INFO: Epoch 1804: head: Default, loss=0.0817, RMSE_MU_per_atom=0.00 mDebye, RMSE_MU_DERIV=0.00 mDebye / A, RMSE_ALPHA_per_atom=    0.02, RMSE_ALPHA_DERIV=    0.70
2025-07-12 08:26:45.707 INFO: Epoch 1805: head: Default, loss=0.0817, RMSE_MU_per_atom=0.00 mDebye, RMSE_MU_DERIV=0.00 mDebye / A, RMSE_ALPHA_per_atom=    0.02, RMSE_ALPHA_DERIV=    0.70
2025-07-12 08:27:07.731 INFO: Epoch 1806: head: Default, loss=0.0818, RMSE_MU_per_atom=0.00 mDebye, RMSE_MU_DERIV=0.00 mDebye / A, RMSE_ALPHA_per_atom=    0.02, RMSE_ALPHA_DERIV=    0.70
2025-07-12 08:27:29.770 INFO: Epoch 1807: head: Default, loss=0.0818, RMSE_MU_per_atom=0.00 mDebye, RMSE_MU_DERIV=0.00 mDebye / A, RMSE_ALPHA_per_atom=    0.02, RMSE_ALPHA_DERIV=    0.70
2025-07-12 08:27:51.840 INFO: Epoch 1808: head: Default, loss=0.0818, RMSE_MU_per_atom=0.00 mDebye, RMSE_MU_DERIV=0.00 mDebye / A, RMSE_ALPHA_per_atom=    0.02, RMSE_ALPHA_DERIV=    0.70
2025-07-12 08:28:13.919 INFO: Epoch 1809: head: Default, loss=0.0818, RMSE_MU_per_atom=0.00 mDebye, RMSE_MU_DERIV=0.00 mDebye / A, RMSE_ALPHA_per_atom=    0.02, RMSE_ALPHA_DERIV=    0.70
2025-07-12 08:28:35.956 INFO: Epoch 1810: head: Default, loss=0.0818, RMSE_MU_per_atom=0.00 mDebye, RMSE_MU_DERIV=0.00 mDebye / A, RMSE_ALPHA_per_atom=    0.02, RMSE_ALPHA_DERIV=    0.70
2025-07-12 08:28:58.011 INFO: Epoch 1811: head: Default, loss=0.0818, RMSE_MU_per_atom=0.00 mDebye, RMSE_MU_DERIV=0.00 mDebye / A, RMSE_ALPHA_per_atom=    0.02, RMSE_ALPHA_DERIV=    0.70
2025-07-12 08:29:20.085 INFO: Epoch 1812: head: Default, loss=0.0818, RMSE_MU_per_atom=0.00 mDebye, RMSE_MU_DERIV=0.00 mDebye / A, RMSE_ALPHA_per_atom=    0.02, RMSE_ALPHA_DERIV=    0.70
2025-07-12 08:29:42.113 INFO: Epoch 1813: head: Default, loss=0.0818, RMSE_MU_per_atom=0.00 mDebye, RMSE_MU_DERIV=0.00 mDebye / A, RMSE_ALPHA_per_atom=    0.02, RMSE_ALPHA_DERIV=    0.70
2025-07-12 08:30:04.161 INFO: Epoch 1814: head: Default, loss=0.0818, RMSE_MU_per_atom=0.00 mDebye, RMSE_MU_DERIV=0.00 mDebye / A, RMSE_ALPHA_per_atom=    0.02, RMSE_ALPHA_DERIV=    0.70
2025-07-12 08:30:26.198 INFO: Epoch 1815: head: Default, loss=0.0818, RMSE_MU_per_atom=0.00 mDebye, RMSE_MU_DERIV=0.00 mDebye / A, RMSE_ALPHA_per_atom=    0.02, RMSE_ALPHA_DERIV=    0.70
2025-07-12 08:30:48.264 INFO: Epoch 1816: head: Default, loss=0.0818, RMSE_MU_per_atom=0.00 mDebye, RMSE_MU_DERIV=0.00 mDebye / A, RMSE_ALPHA_per_atom=    0.02, RMSE_ALPHA_DERIV=    0.70
2025-07-12 08:31:10.308 INFO: Epoch 1817: head: Default, loss=0.0818, RMSE_MU_per_atom=0.00 mDebye, RMSE_MU_DERIV=0.00 mDebye / A, RMSE_ALPHA_per_atom=    0.02, RMSE_ALPHA_DERIV=    0.70
2025-07-12 08:31:32.369 INFO: Epoch 1818: head: Default, loss=0.0818, RMSE_MU_per_atom=0.00 mDebye, RMSE_MU_DERIV=0.00 mDebye / A, RMSE_ALPHA_per_atom=    0.02, RMSE_ALPHA_DERIV=    0.70
2025-07-12 08:31:54.437 INFO: Epoch 1819: head: Default, loss=0.0818, RMSE_MU_per_atom=0.00 mDebye, RMSE_MU_DERIV=0.00 mDebye / A, RMSE_ALPHA_per_atom=    0.02, RMSE_ALPHA_DERIV=    0.70
2025-07-12 08:32:16.501 INFO: Epoch 1820: head: Default, loss=0.0817, RMSE_MU_per_atom=0.00 mDebye, RMSE_MU_DERIV=0.00 mDebye / A, RMSE_ALPHA_per_atom=    0.02, RMSE_ALPHA_DERIV=    0.70
2025-07-12 08:32:38.539 INFO: Epoch 1821: head: Default, loss=0.0818, RMSE_MU_per_atom=0.00 mDebye, RMSE_MU_DERIV=0.00 mDebye / A, RMSE_ALPHA_per_atom=    0.02, RMSE_ALPHA_DERIV=    0.70
2025-07-12 08:33:00.564 INFO: Epoch 1822: head: Default, loss=0.0818, RMSE_MU_per_atom=0.00 mDebye, RMSE_MU_DERIV=0.00 mDebye / A, RMSE_ALPHA_per_atom=    0.02, RMSE_ALPHA_DERIV=    0.70
2025-07-12 08:33:22.608 INFO: Epoch 1823: head: Default, loss=0.0818, RMSE_MU_per_atom=0.00 mDebye, RMSE_MU_DERIV=0.00 mDebye / A, RMSE_ALPHA_per_atom=    0.02, RMSE_ALPHA_DERIV=    0.70
2025-07-12 08:33:44.673 INFO: Epoch 1824: head: Default, loss=0.0818, RMSE_MU_per_atom=0.00 mDebye, RMSE_MU_DERIV=0.00 mDebye / A, RMSE_ALPHA_per_atom=    0.02, RMSE_ALPHA_DERIV=    0.70
2025-07-12 08:34:06.762 INFO: Epoch 1825: head: Default, loss=0.0817, RMSE_MU_per_atom=0.00 mDebye, RMSE_MU_DERIV=0.00 mDebye / A, RMSE_ALPHA_per_atom=    0.02, RMSE_ALPHA_DERIV=    0.70
2025-07-12 08:34:28.821 INFO: Epoch 1826: head: Default, loss=0.0818, RMSE_MU_per_atom=0.00 mDebye, RMSE_MU_DERIV=0.00 mDebye / A, RMSE_ALPHA_per_atom=    0.02, RMSE_ALPHA_DERIV=    0.70
2025-07-12 08:34:50.892 INFO: Epoch 1827: head: Default, loss=0.0818, RMSE_MU_per_atom=0.00 mDebye, RMSE_MU_DERIV=0.00 mDebye / A, RMSE_ALPHA_per_atom=    0.02, RMSE_ALPHA_DERIV=    0.70
2025-07-12 08:35:12.973 INFO: Epoch 1828: head: Default, loss=0.0818, RMSE_MU_per_atom=0.00 mDebye, RMSE_MU_DERIV=0.00 mDebye / A, RMSE_ALPHA_per_atom=    0.02, RMSE_ALPHA_DERIV=    0.70
2025-07-12 08:35:35.043 INFO: Epoch 1829: head: Default, loss=0.0818, RMSE_MU_per_atom=0.00 mDebye, RMSE_MU_DERIV=0.00 mDebye / A, RMSE_ALPHA_per_atom=    0.02, RMSE_ALPHA_DERIV=    0.70
2025-07-12 08:35:57.095 INFO: Epoch 1830: head: Default, loss=0.0817, RMSE_MU_per_atom=0.00 mDebye, RMSE_MU_DERIV=0.00 mDebye / A, RMSE_ALPHA_per_atom=    0.02, RMSE_ALPHA_DERIV=    0.70
2025-07-12 08:36:19.131 INFO: Epoch 1831: head: Default, loss=0.0817, RMSE_MU_per_atom=0.00 mDebye, RMSE_MU_DERIV=0.00 mDebye / A, RMSE_ALPHA_per_atom=    0.02, RMSE_ALPHA_DERIV=    0.70
2025-07-12 08:36:41.160 INFO: Epoch 1832: head: Default, loss=0.0817, RMSE_MU_per_atom=0.00 mDebye, RMSE_MU_DERIV=0.00 mDebye / A, RMSE_ALPHA_per_atom=    0.02, RMSE_ALPHA_DERIV=    0.70
2025-07-12 08:37:03.234 INFO: Epoch 1833: head: Default, loss=0.0817, RMSE_MU_per_atom=0.00 mDebye, RMSE_MU_DERIV=0.00 mDebye / A, RMSE_ALPHA_per_atom=    0.02, RMSE_ALPHA_DERIV=    0.70
2025-07-12 08:37:25.288 INFO: Epoch 1834: head: Default, loss=0.0817, RMSE_MU_per_atom=0.00 mDebye, RMSE_MU_DERIV=0.00 mDebye / A, RMSE_ALPHA_per_atom=    0.02, RMSE_ALPHA_DERIV=    0.70
2025-07-12 08:37:47.329 INFO: Epoch 1835: head: Default, loss=0.0817, RMSE_MU_per_atom=0.00 mDebye, RMSE_MU_DERIV=0.00 mDebye / A, RMSE_ALPHA_per_atom=    0.02, RMSE_ALPHA_DERIV=    0.70
2025-07-12 08:38:09.391 INFO: Epoch 1836: head: Default, loss=0.0817, RMSE_MU_per_atom=0.00 mDebye, RMSE_MU_DERIV=0.00 mDebye / A, RMSE_ALPHA_per_atom=    0.02, RMSE_ALPHA_DERIV=    0.70
2025-07-12 08:38:31.457 INFO: Epoch 1837: head: Default, loss=0.0817, RMSE_MU_per_atom=0.00 mDebye, RMSE_MU_DERIV=0.00 mDebye / A, RMSE_ALPHA_per_atom=    0.02, RMSE_ALPHA_DERIV=    0.70
2025-07-12 08:38:53.525 INFO: Epoch 1838: head: Default, loss=0.0817, RMSE_MU_per_atom=0.00 mDebye, RMSE_MU_DERIV=0.00 mDebye / A, RMSE_ALPHA_per_atom=    0.02, RMSE_ALPHA_DERIV=    0.70
2025-07-12 08:39:15.595 INFO: Epoch 1839: head: Default, loss=0.0817, RMSE_MU_per_atom=0.00 mDebye, RMSE_MU_DERIV=0.00 mDebye / A, RMSE_ALPHA_per_atom=    0.02, RMSE_ALPHA_DERIV=    0.70
2025-07-12 08:39:37.661 INFO: Epoch 1840: head: Default, loss=0.0818, RMSE_MU_per_atom=0.00 mDebye, RMSE_MU_DERIV=0.00 mDebye / A, RMSE_ALPHA_per_atom=    0.02, RMSE_ALPHA_DERIV=    0.70
2025-07-12 08:39:59.751 INFO: Epoch 1841: head: Default, loss=0.0817, RMSE_MU_per_atom=0.00 mDebye, RMSE_MU_DERIV=0.00 mDebye / A, RMSE_ALPHA_per_atom=    0.02, RMSE_ALPHA_DERIV=    0.70
2025-07-12 08:40:21.854 INFO: Epoch 1842: head: Default, loss=0.0818, RMSE_MU_per_atom=0.00 mDebye, RMSE_MU_DERIV=0.00 mDebye / A, RMSE_ALPHA_per_atom=    0.02, RMSE_ALPHA_DERIV=    0.70
2025-07-12 08:40:43.968 INFO: Epoch 1843: head: Default, loss=0.0818, RMSE_MU_per_atom=0.00 mDebye, RMSE_MU_DERIV=0.00 mDebye / A, RMSE_ALPHA_per_atom=    0.02, RMSE_ALPHA_DERIV=    0.70
2025-07-12 08:41:06.046 INFO: Epoch 1844: head: Default, loss=0.0818, RMSE_MU_per_atom=0.00 mDebye, RMSE_MU_DERIV=0.00 mDebye / A, RMSE_ALPHA_per_atom=    0.02, RMSE_ALPHA_DERIV=    0.70
2025-07-12 08:41:28.140 INFO: Epoch 1845: head: Default, loss=0.0817, RMSE_MU_per_atom=0.00 mDebye, RMSE_MU_DERIV=0.00 mDebye / A, RMSE_ALPHA_per_atom=    0.02, RMSE_ALPHA_DERIV=    0.70
2025-07-12 08:41:50.232 INFO: Epoch 1846: head: Default, loss=0.0817, RMSE_MU_per_atom=0.00 mDebye, RMSE_MU_DERIV=0.00 mDebye / A, RMSE_ALPHA_per_atom=    0.02, RMSE_ALPHA_DERIV=    0.70
2025-07-12 08:42:12.313 INFO: Epoch 1847: head: Default, loss=0.0817, RMSE_MU_per_atom=0.00 mDebye, RMSE_MU_DERIV=0.00 mDebye / A, RMSE_ALPHA_per_atom=    0.02, RMSE_ALPHA_DERIV=    0.70
2025-07-12 08:42:34.432 INFO: Epoch 1848: head: Default, loss=0.0818, RMSE_MU_per_atom=0.00 mDebye, RMSE_MU_DERIV=0.00 mDebye / A, RMSE_ALPHA_per_atom=    0.02, RMSE_ALPHA_DERIV=    0.70
2025-07-12 08:42:56.506 INFO: Epoch 1849: head: Default, loss=0.0818, RMSE_MU_per_atom=0.00 mDebye, RMSE_MU_DERIV=0.00 mDebye / A, RMSE_ALPHA_per_atom=    0.02, RMSE_ALPHA_DERIV=    0.70
2025-07-12 08:43:18.566 INFO: Epoch 1850: head: Default, loss=0.0818, RMSE_MU_per_atom=0.00 mDebye, RMSE_MU_DERIV=0.00 mDebye / A, RMSE_ALPHA_per_atom=    0.02, RMSE_ALPHA_DERIV=    0.70
2025-07-12 08:43:40.626 INFO: Epoch 1851: head: Default, loss=0.0818, RMSE_MU_per_atom=0.00 mDebye, RMSE_MU_DERIV=0.00 mDebye / A, RMSE_ALPHA_per_atom=    0.02, RMSE_ALPHA_DERIV=    0.70
2025-07-12 08:44:02.666 INFO: Epoch 1852: head: Default, loss=0.0818, RMSE_MU_per_atom=0.00 mDebye, RMSE_MU_DERIV=0.00 mDebye / A, RMSE_ALPHA_per_atom=    0.02, RMSE_ALPHA_DERIV=    0.70
2025-07-12 08:44:24.736 INFO: Epoch 1853: head: Default, loss=0.0818, RMSE_MU_per_atom=0.00 mDebye, RMSE_MU_DERIV=0.00 mDebye / A, RMSE_ALPHA_per_atom=    0.02, RMSE_ALPHA_DERIV=    0.70
2025-07-12 08:44:46.740 INFO: Epoch 1854: head: Default, loss=0.0817, RMSE_MU_per_atom=0.00 mDebye, RMSE_MU_DERIV=0.00 mDebye / A, RMSE_ALPHA_per_atom=    0.02, RMSE_ALPHA_DERIV=    0.70
2025-07-12 08:45:08.755 INFO: Epoch 1855: head: Default, loss=0.0817, RMSE_MU_per_atom=0.00 mDebye, RMSE_MU_DERIV=0.00 mDebye / A, RMSE_ALPHA_per_atom=    0.02, RMSE_ALPHA_DERIV=    0.70
2025-07-12 08:45:30.788 INFO: Epoch 1856: head: Default, loss=0.0818, RMSE_MU_per_atom=0.00 mDebye, RMSE_MU_DERIV=0.00 mDebye / A, RMSE_ALPHA_per_atom=    0.02, RMSE_ALPHA_DERIV=    0.70
2025-07-12 08:45:52.809 INFO: Epoch 1857: head: Default, loss=0.0818, RMSE_MU_per_atom=0.00 mDebye, RMSE_MU_DERIV=0.00 mDebye / A, RMSE_ALPHA_per_atom=    0.02, RMSE_ALPHA_DERIV=    0.70
2025-07-12 08:46:14.875 INFO: Epoch 1858: head: Default, loss=0.0817, RMSE_MU_per_atom=0.00 mDebye, RMSE_MU_DERIV=0.00 mDebye / A, RMSE_ALPHA_per_atom=    0.02, RMSE_ALPHA_DERIV=    0.70
2025-07-12 08:46:36.939 INFO: Epoch 1859: head: Default, loss=0.0817, RMSE_MU_per_atom=0.00 mDebye, RMSE_MU_DERIV=0.00 mDebye / A, RMSE_ALPHA_per_atom=    0.02, RMSE_ALPHA_DERIV=    0.70
2025-07-12 08:46:58.980 INFO: Epoch 1860: head: Default, loss=0.0817, RMSE_MU_per_atom=0.00 mDebye, RMSE_MU_DERIV=0.00 mDebye / A, RMSE_ALPHA_per_atom=    0.02, RMSE_ALPHA_DERIV=    0.70
2025-07-12 08:47:21.024 INFO: Epoch 1861: head: Default, loss=0.0817, RMSE_MU_per_atom=0.00 mDebye, RMSE_MU_DERIV=0.00 mDebye / A, RMSE_ALPHA_per_atom=    0.02, RMSE_ALPHA_DERIV=    0.70
2025-07-12 08:47:43.063 INFO: Epoch 1862: head: Default, loss=0.0818, RMSE_MU_per_atom=0.00 mDebye, RMSE_MU_DERIV=0.00 mDebye / A, RMSE_ALPHA_per_atom=    0.02, RMSE_ALPHA_DERIV=    0.70
2025-07-12 08:48:05.120 INFO: Epoch 1863: head: Default, loss=0.0818, RMSE_MU_per_atom=0.00 mDebye, RMSE_MU_DERIV=0.00 mDebye / A, RMSE_ALPHA_per_atom=    0.02, RMSE_ALPHA_DERIV=    0.70
2025-07-12 08:48:27.169 INFO: Epoch 1864: head: Default, loss=0.0818, RMSE_MU_per_atom=0.00 mDebye, RMSE_MU_DERIV=0.00 mDebye / A, RMSE_ALPHA_per_atom=    0.02, RMSE_ALPHA_DERIV=    0.70
2025-07-12 08:48:49.233 INFO: Epoch 1865: head: Default, loss=0.0817, RMSE_MU_per_atom=0.00 mDebye, RMSE_MU_DERIV=0.00 mDebye / A, RMSE_ALPHA_per_atom=    0.02, RMSE_ALPHA_DERIV=    0.70
2025-07-12 08:49:11.283 INFO: Epoch 1866: head: Default, loss=0.0817, RMSE_MU_per_atom=0.00 mDebye, RMSE_MU_DERIV=0.00 mDebye / A, RMSE_ALPHA_per_atom=    0.02, RMSE_ALPHA_DERIV=    0.70
2025-07-12 08:49:33.328 INFO: Epoch 1867: head: Default, loss=0.0817, RMSE_MU_per_atom=0.00 mDebye, RMSE_MU_DERIV=0.00 mDebye / A, RMSE_ALPHA_per_atom=    0.02, RMSE_ALPHA_DERIV=    0.70
2025-07-12 08:49:55.364 INFO: Epoch 1868: head: Default, loss=0.0817, RMSE_MU_per_atom=0.00 mDebye, RMSE_MU_DERIV=0.00 mDebye / A, RMSE_ALPHA_per_atom=    0.02, RMSE_ALPHA_DERIV=    0.70
2025-07-12 08:50:17.443 INFO: Epoch 1869: head: Default, loss=0.0817, RMSE_MU_per_atom=0.00 mDebye, RMSE_MU_DERIV=0.00 mDebye / A, RMSE_ALPHA_per_atom=    0.02, RMSE_ALPHA_DERIV=    0.70
2025-07-12 08:50:39.537 INFO: Epoch 1870: head: Default, loss=0.0817, RMSE_MU_per_atom=0.00 mDebye, RMSE_MU_DERIV=0.00 mDebye / A, RMSE_ALPHA_per_atom=    0.02, RMSE_ALPHA_DERIV=    0.70
2025-07-12 08:51:01.626 INFO: Epoch 1871: head: Default, loss=0.0817, RMSE_MU_per_atom=0.00 mDebye, RMSE_MU_DERIV=0.00 mDebye / A, RMSE_ALPHA_per_atom=    0.02, RMSE_ALPHA_DERIV=    0.70
2025-07-12 08:51:23.675 INFO: Epoch 1872: head: Default, loss=0.0817, RMSE_MU_per_atom=0.00 mDebye, RMSE_MU_DERIV=0.00 mDebye / A, RMSE_ALPHA_per_atom=    0.02, RMSE_ALPHA_DERIV=    0.70
2025-07-12 08:51:45.722 INFO: Epoch 1873: head: Default, loss=0.0817, RMSE_MU_per_atom=0.00 mDebye, RMSE_MU_DERIV=0.00 mDebye / A, RMSE_ALPHA_per_atom=    0.02, RMSE_ALPHA_DERIV=    0.70
2025-07-12 08:52:07.783 INFO: Epoch 1874: head: Default, loss=0.0817, RMSE_MU_per_atom=0.00 mDebye, RMSE_MU_DERIV=0.00 mDebye / A, RMSE_ALPHA_per_atom=    0.02, RMSE_ALPHA_DERIV=    0.70
2025-07-12 08:52:29.839 INFO: Epoch 1875: head: Default, loss=0.0817, RMSE_MU_per_atom=0.00 mDebye, RMSE_MU_DERIV=0.00 mDebye / A, RMSE_ALPHA_per_atom=    0.02, RMSE_ALPHA_DERIV=    0.70
2025-07-12 08:52:51.899 INFO: Epoch 1876: head: Default, loss=0.0817, RMSE_MU_per_atom=0.00 mDebye, RMSE_MU_DERIV=0.00 mDebye / A, RMSE_ALPHA_per_atom=    0.02, RMSE_ALPHA_DERIV=    0.70
2025-07-12 08:53:13.916 INFO: Epoch 1877: head: Default, loss=0.0817, RMSE_MU_per_atom=0.00 mDebye, RMSE_MU_DERIV=0.00 mDebye / A, RMSE_ALPHA_per_atom=    0.02, RMSE_ALPHA_DERIV=    0.70
2025-07-12 08:53:35.950 INFO: Epoch 1878: head: Default, loss=0.0817, RMSE_MU_per_atom=0.00 mDebye, RMSE_MU_DERIV=0.00 mDebye / A, RMSE_ALPHA_per_atom=    0.02, RMSE_ALPHA_DERIV=    0.70
2025-07-12 08:53:57.985 INFO: Epoch 1879: head: Default, loss=0.0817, RMSE_MU_per_atom=0.00 mDebye, RMSE_MU_DERIV=0.00 mDebye / A, RMSE_ALPHA_per_atom=    0.02, RMSE_ALPHA_DERIV=    0.70
2025-07-12 08:54:20.017 INFO: Epoch 1880: head: Default, loss=0.0817, RMSE_MU_per_atom=0.00 mDebye, RMSE_MU_DERIV=0.00 mDebye / A, RMSE_ALPHA_per_atom=    0.02, RMSE_ALPHA_DERIV=    0.70
2025-07-12 08:54:42.056 INFO: Epoch 1881: head: Default, loss=0.0817, RMSE_MU_per_atom=0.00 mDebye, RMSE_MU_DERIV=0.00 mDebye / A, RMSE_ALPHA_per_atom=    0.02, RMSE_ALPHA_DERIV=    0.70
2025-07-12 08:55:04.073 INFO: Epoch 1882: head: Default, loss=0.0817, RMSE_MU_per_atom=0.00 mDebye, RMSE_MU_DERIV=0.00 mDebye / A, RMSE_ALPHA_per_atom=    0.02, RMSE_ALPHA_DERIV=    0.70
2025-07-12 08:55:26.114 INFO: Epoch 1883: head: Default, loss=0.0817, RMSE_MU_per_atom=0.00 mDebye, RMSE_MU_DERIV=0.00 mDebye / A, RMSE_ALPHA_per_atom=    0.02, RMSE_ALPHA_DERIV=    0.70
2025-07-12 08:55:48.146 INFO: Epoch 1884: head: Default, loss=0.0817, RMSE_MU_per_atom=0.00 mDebye, RMSE_MU_DERIV=0.00 mDebye / A, RMSE_ALPHA_per_atom=    0.02, RMSE_ALPHA_DERIV=    0.70
2025-07-12 08:56:10.146 INFO: Epoch 1885: head: Default, loss=0.0817, RMSE_MU_per_atom=0.00 mDebye, RMSE_MU_DERIV=0.00 mDebye / A, RMSE_ALPHA_per_atom=    0.02, RMSE_ALPHA_DERIV=    0.70
2025-07-12 08:56:32.151 INFO: Epoch 1886: head: Default, loss=0.0817, RMSE_MU_per_atom=0.00 mDebye, RMSE_MU_DERIV=0.00 mDebye / A, RMSE_ALPHA_per_atom=    0.02, RMSE_ALPHA_DERIV=    0.70
2025-07-12 08:56:54.125 INFO: Epoch 1887: head: Default, loss=0.0817, RMSE_MU_per_atom=0.00 mDebye, RMSE_MU_DERIV=0.00 mDebye / A, RMSE_ALPHA_per_atom=    0.02, RMSE_ALPHA_DERIV=    0.70
2025-07-12 08:57:16.143 INFO: Epoch 1888: head: Default, loss=0.0817, RMSE_MU_per_atom=0.00 mDebye, RMSE_MU_DERIV=0.00 mDebye / A, RMSE_ALPHA_per_atom=    0.02, RMSE_ALPHA_DERIV=    0.70
2025-07-12 08:57:38.165 INFO: Epoch 1889: head: Default, loss=0.0817, RMSE_MU_per_atom=0.00 mDebye, RMSE_MU_DERIV=0.00 mDebye / A, RMSE_ALPHA_per_atom=    0.02, RMSE_ALPHA_DERIV=    0.70
2025-07-12 08:58:00.200 INFO: Epoch 1890: head: Default, loss=0.0817, RMSE_MU_per_atom=0.00 mDebye, RMSE_MU_DERIV=0.00 mDebye / A, RMSE_ALPHA_per_atom=    0.02, RMSE_ALPHA_DERIV=    0.70
2025-07-12 08:58:22.228 INFO: Epoch 1891: head: Default, loss=0.0817, RMSE_MU_per_atom=0.00 mDebye, RMSE_MU_DERIV=0.00 mDebye / A, RMSE_ALPHA_per_atom=    0.02, RMSE_ALPHA_DERIV=    0.70
2025-07-12 08:58:44.250 INFO: Epoch 1892: head: Default, loss=0.0817, RMSE_MU_per_atom=0.00 mDebye, RMSE_MU_DERIV=0.00 mDebye / A, RMSE_ALPHA_per_atom=    0.02, RMSE_ALPHA_DERIV=    0.70
2025-07-12 08:59:06.316 INFO: Epoch 1893: head: Default, loss=0.0817, RMSE_MU_per_atom=0.00 mDebye, RMSE_MU_DERIV=0.00 mDebye / A, RMSE_ALPHA_per_atom=    0.02, RMSE_ALPHA_DERIV=    0.70
2025-07-12 08:59:28.360 INFO: Epoch 1894: head: Default, loss=0.0817, RMSE_MU_per_atom=0.00 mDebye, RMSE_MU_DERIV=0.00 mDebye / A, RMSE_ALPHA_per_atom=    0.02, RMSE_ALPHA_DERIV=    0.70
2025-07-12 08:59:50.404 INFO: Epoch 1895: head: Default, loss=0.0817, RMSE_MU_per_atom=0.00 mDebye, RMSE_MU_DERIV=0.00 mDebye / A, RMSE_ALPHA_per_atom=    0.02, RMSE_ALPHA_DERIV=    0.70
2025-07-12 09:00:12.446 INFO: Epoch 1896: head: Default, loss=0.0817, RMSE_MU_per_atom=0.00 mDebye, RMSE_MU_DERIV=0.00 mDebye / A, RMSE_ALPHA_per_atom=    0.02, RMSE_ALPHA_DERIV=    0.70
2025-07-12 09:00:34.491 INFO: Epoch 1897: head: Default, loss=0.0817, RMSE_MU_per_atom=0.00 mDebye, RMSE_MU_DERIV=0.00 mDebye / A, RMSE_ALPHA_per_atom=    0.02, RMSE_ALPHA_DERIV=    0.70
2025-07-12 09:00:56.541 INFO: Epoch 1898: head: Default, loss=0.0817, RMSE_MU_per_atom=0.00 mDebye, RMSE_MU_DERIV=0.00 mDebye / A, RMSE_ALPHA_per_atom=    0.02, RMSE_ALPHA_DERIV=    0.70
2025-07-12 09:01:18.556 INFO: Epoch 1899: head: Default, loss=0.0817, RMSE_MU_per_atom=0.00 mDebye, RMSE_MU_DERIV=0.00 mDebye / A, RMSE_ALPHA_per_atom=    0.02, RMSE_ALPHA_DERIV=    0.70
2025-07-12 09:01:40.594 INFO: Epoch 1900: head: Default, loss=0.0817, RMSE_MU_per_atom=0.00 mDebye, RMSE_MU_DERIV=0.00 mDebye / A, RMSE_ALPHA_per_atom=    0.02, RMSE_ALPHA_DERIV=    0.70
2025-07-12 09:02:02.640 INFO: Epoch 1901: head: Default, loss=0.0817, RMSE_MU_per_atom=0.00 mDebye, RMSE_MU_DERIV=0.00 mDebye / A, RMSE_ALPHA_per_atom=    0.02, RMSE_ALPHA_DERIV=    0.70
2025-07-12 09:02:24.685 INFO: Epoch 1902: head: Default, loss=0.0817, RMSE_MU_per_atom=0.00 mDebye, RMSE_MU_DERIV=0.00 mDebye / A, RMSE_ALPHA_per_atom=    0.02, RMSE_ALPHA_DERIV=    0.70
2025-07-12 09:02:46.731 INFO: Epoch 1903: head: Default, loss=0.0817, RMSE_MU_per_atom=0.00 mDebye, RMSE_MU_DERIV=0.00 mDebye / A, RMSE_ALPHA_per_atom=    0.02, RMSE_ALPHA_DERIV=    0.70
2025-07-12 09:03:08.775 INFO: Epoch 1904: head: Default, loss=0.0817, RMSE_MU_per_atom=0.00 mDebye, RMSE_MU_DERIV=0.00 mDebye / A, RMSE_ALPHA_per_atom=    0.02, RMSE_ALPHA_DERIV=    0.70
2025-07-12 09:03:30.797 INFO: Epoch 1905: head: Default, loss=0.0817, RMSE_MU_per_atom=0.00 mDebye, RMSE_MU_DERIV=0.00 mDebye / A, RMSE_ALPHA_per_atom=    0.02, RMSE_ALPHA_DERIV=    0.70
2025-07-12 09:03:52.832 INFO: Epoch 1906: head: Default, loss=0.0817, RMSE_MU_per_atom=0.00 mDebye, RMSE_MU_DERIV=0.00 mDebye / A, RMSE_ALPHA_per_atom=    0.02, RMSE_ALPHA_DERIV=    0.70
2025-07-12 09:04:14.852 INFO: Epoch 1907: head: Default, loss=0.0817, RMSE_MU_per_atom=0.00 mDebye, RMSE_MU_DERIV=0.00 mDebye / A, RMSE_ALPHA_per_atom=    0.02, RMSE_ALPHA_DERIV=    0.70
2025-07-12 09:04:36.903 INFO: Epoch 1908: head: Default, loss=0.0817, RMSE_MU_per_atom=0.00 mDebye, RMSE_MU_DERIV=0.00 mDebye / A, RMSE_ALPHA_per_atom=    0.02, RMSE_ALPHA_DERIV=    0.70
2025-07-12 09:04:58.968 INFO: Epoch 1909: head: Default, loss=0.0817, RMSE_MU_per_atom=0.00 mDebye, RMSE_MU_DERIV=0.00 mDebye / A, RMSE_ALPHA_per_atom=    0.02, RMSE_ALPHA_DERIV=    0.70
2025-07-12 09:05:20.999 INFO: Epoch 1910: head: Default, loss=0.0817, RMSE_MU_per_atom=0.00 mDebye, RMSE_MU_DERIV=0.00 mDebye / A, RMSE_ALPHA_per_atom=    0.02, RMSE_ALPHA_DERIV=    0.70
2025-07-12 09:05:43.042 INFO: Epoch 1911: head: Default, loss=0.0817, RMSE_MU_per_atom=0.00 mDebye, RMSE_MU_DERIV=0.00 mDebye / A, RMSE_ALPHA_per_atom=    0.02, RMSE_ALPHA_DERIV=    0.70
2025-07-12 09:06:05.068 INFO: Epoch 1912: head: Default, loss=0.0817, RMSE_MU_per_atom=0.00 mDebye, RMSE_MU_DERIV=0.00 mDebye / A, RMSE_ALPHA_per_atom=    0.02, RMSE_ALPHA_DERIV=    0.70
2025-07-12 09:06:27.113 INFO: Epoch 1913: head: Default, loss=0.0817, RMSE_MU_per_atom=0.00 mDebye, RMSE_MU_DERIV=0.00 mDebye / A, RMSE_ALPHA_per_atom=    0.02, RMSE_ALPHA_DERIV=    0.70
2025-07-12 09:06:49.137 INFO: Epoch 1914: head: Default, loss=0.0817, RMSE_MU_per_atom=0.00 mDebye, RMSE_MU_DERIV=0.00 mDebye / A, RMSE_ALPHA_per_atom=    0.02, RMSE_ALPHA_DERIV=    0.70
2025-07-12 09:07:11.169 INFO: Epoch 1915: head: Default, loss=0.0817, RMSE_MU_per_atom=0.00 mDebye, RMSE_MU_DERIV=0.00 mDebye / A, RMSE_ALPHA_per_atom=    0.02, RMSE_ALPHA_DERIV=    0.70
2025-07-12 09:07:33.199 INFO: Epoch 1916: head: Default, loss=0.0817, RMSE_MU_per_atom=0.00 mDebye, RMSE_MU_DERIV=0.00 mDebye / A, RMSE_ALPHA_per_atom=    0.02, RMSE_ALPHA_DERIV=    0.70
2025-07-12 09:07:55.245 INFO: Epoch 1917: head: Default, loss=0.0817, RMSE_MU_per_atom=0.00 mDebye, RMSE_MU_DERIV=0.00 mDebye / A, RMSE_ALPHA_per_atom=    0.02, RMSE_ALPHA_DERIV=    0.70
2025-07-12 09:08:17.299 INFO: Epoch 1918: head: Default, loss=0.0817, RMSE_MU_per_atom=0.00 mDebye, RMSE_MU_DERIV=0.00 mDebye / A, RMSE_ALPHA_per_atom=    0.02, RMSE_ALPHA_DERIV=    0.70
2025-07-12 09:08:39.301 INFO: Epoch 1919: head: Default, loss=0.0817, RMSE_MU_per_atom=0.00 mDebye, RMSE_MU_DERIV=0.00 mDebye / A, RMSE_ALPHA_per_atom=    0.02, RMSE_ALPHA_DERIV=    0.70
2025-07-12 09:09:01.351 INFO: Epoch 1920: head: Default, loss=0.0817, RMSE_MU_per_atom=0.00 mDebye, RMSE_MU_DERIV=0.00 mDebye / A, RMSE_ALPHA_per_atom=    0.02, RMSE_ALPHA_DERIV=    0.70
2025-07-12 09:09:23.377 INFO: Epoch 1921: head: Default, loss=0.0817, RMSE_MU_per_atom=0.00 mDebye, RMSE_MU_DERIV=0.00 mDebye / A, RMSE_ALPHA_per_atom=    0.02, RMSE_ALPHA_DERIV=    0.70
2025-07-12 09:09:45.407 INFO: Epoch 1922: head: Default, loss=0.0817, RMSE_MU_per_atom=0.00 mDebye, RMSE_MU_DERIV=0.00 mDebye / A, RMSE_ALPHA_per_atom=    0.02, RMSE_ALPHA_DERIV=    0.70
2025-07-12 09:10:07.467 INFO: Epoch 1923: head: Default, loss=0.0817, RMSE_MU_per_atom=0.00 mDebye, RMSE_MU_DERIV=0.00 mDebye / A, RMSE_ALPHA_per_atom=    0.02, RMSE_ALPHA_DERIV=    0.70
2025-07-12 09:10:29.508 INFO: Epoch 1924: head: Default, loss=0.0817, RMSE_MU_per_atom=0.00 mDebye, RMSE_MU_DERIV=0.00 mDebye / A, RMSE_ALPHA_per_atom=    0.02, RMSE_ALPHA_DERIV=    0.70
2025-07-12 09:10:51.551 INFO: Epoch 1925: head: Default, loss=0.0817, RMSE_MU_per_atom=0.00 mDebye, RMSE_MU_DERIV=0.00 mDebye / A, RMSE_ALPHA_per_atom=    0.02, RMSE_ALPHA_DERIV=    0.70
2025-07-12 09:11:13.582 INFO: Epoch 1926: head: Default, loss=0.0817, RMSE_MU_per_atom=0.00 mDebye, RMSE_MU_DERIV=0.00 mDebye / A, RMSE_ALPHA_per_atom=    0.02, RMSE_ALPHA_DERIV=    0.70
2025-07-12 09:11:35.619 INFO: Epoch 1927: head: Default, loss=0.0817, RMSE_MU_per_atom=0.00 mDebye, RMSE_MU_DERIV=0.00 mDebye / A, RMSE_ALPHA_per_atom=    0.02, RMSE_ALPHA_DERIV=    0.70
2025-07-12 09:11:57.672 INFO: Epoch 1928: head: Default, loss=0.0817, RMSE_MU_per_atom=0.00 mDebye, RMSE_MU_DERIV=0.00 mDebye / A, RMSE_ALPHA_per_atom=    0.02, RMSE_ALPHA_DERIV=    0.70
2025-07-12 09:12:19.729 INFO: Epoch 1929: head: Default, loss=0.0818, RMSE_MU_per_atom=0.00 mDebye, RMSE_MU_DERIV=0.00 mDebye / A, RMSE_ALPHA_per_atom=    0.02, RMSE_ALPHA_DERIV=    0.70
2025-07-12 09:12:41.771 INFO: Epoch 1930: head: Default, loss=0.0817, RMSE_MU_per_atom=0.00 mDebye, RMSE_MU_DERIV=0.00 mDebye / A, RMSE_ALPHA_per_atom=    0.02, RMSE_ALPHA_DERIV=    0.70
2025-07-12 09:13:03.820 INFO: Epoch 1931: head: Default, loss=0.0817, RMSE_MU_per_atom=0.00 mDebye, RMSE_MU_DERIV=0.00 mDebye / A, RMSE_ALPHA_per_atom=    0.02, RMSE_ALPHA_DERIV=    0.70
2025-07-12 09:13:25.898 INFO: Epoch 1932: head: Default, loss=0.0817, RMSE_MU_per_atom=0.00 mDebye, RMSE_MU_DERIV=0.00 mDebye / A, RMSE_ALPHA_per_atom=    0.02, RMSE_ALPHA_DERIV=    0.70
2025-07-12 09:13:47.943 INFO: Epoch 1933: head: Default, loss=0.0817, RMSE_MU_per_atom=0.00 mDebye, RMSE_MU_DERIV=0.00 mDebye / A, RMSE_ALPHA_per_atom=    0.02, RMSE_ALPHA_DERIV=    0.70
2025-07-12 09:14:09.987 INFO: Epoch 1934: head: Default, loss=0.0817, RMSE_MU_per_atom=0.00 mDebye, RMSE_MU_DERIV=0.00 mDebye / A, RMSE_ALPHA_per_atom=    0.02, RMSE_ALPHA_DERIV=    0.70
2025-07-12 09:14:32.082 INFO: Epoch 1935: head: Default, loss=0.0817, RMSE_MU_per_atom=0.00 mDebye, RMSE_MU_DERIV=0.00 mDebye / A, RMSE_ALPHA_per_atom=    0.02, RMSE_ALPHA_DERIV=    0.70
2025-07-12 09:14:54.142 INFO: Epoch 1936: head: Default, loss=0.0817, RMSE_MU_per_atom=0.00 mDebye, RMSE_MU_DERIV=0.00 mDebye / A, RMSE_ALPHA_per_atom=    0.02, RMSE_ALPHA_DERIV=    0.70
2025-07-12 09:15:16.206 INFO: Epoch 1937: head: Default, loss=0.0817, RMSE_MU_per_atom=0.00 mDebye, RMSE_MU_DERIV=0.00 mDebye / A, RMSE_ALPHA_per_atom=    0.02, RMSE_ALPHA_DERIV=    0.70
2025-07-12 09:15:38.274 INFO: Epoch 1938: head: Default, loss=0.0817, RMSE_MU_per_atom=0.00 mDebye, RMSE_MU_DERIV=0.00 mDebye / A, RMSE_ALPHA_per_atom=    0.02, RMSE_ALPHA_DERIV=    0.70
2025-07-12 09:16:00.352 INFO: Epoch 1939: head: Default, loss=0.0817, RMSE_MU_per_atom=0.00 mDebye, RMSE_MU_DERIV=0.00 mDebye / A, RMSE_ALPHA_per_atom=    0.02, RMSE_ALPHA_DERIV=    0.70
2025-07-12 09:16:22.396 INFO: Epoch 1940: head: Default, loss=0.0817, RMSE_MU_per_atom=0.00 mDebye, RMSE_MU_DERIV=0.00 mDebye / A, RMSE_ALPHA_per_atom=    0.02, RMSE_ALPHA_DERIV=    0.70
2025-07-12 09:16:44.445 INFO: Epoch 1941: head: Default, loss=0.0817, RMSE_MU_per_atom=0.00 mDebye, RMSE_MU_DERIV=0.00 mDebye / A, RMSE_ALPHA_per_atom=    0.02, RMSE_ALPHA_DERIV=    0.70
2025-07-12 09:17:06.503 INFO: Epoch 1942: head: Default, loss=0.0817, RMSE_MU_per_atom=0.00 mDebye, RMSE_MU_DERIV=0.00 mDebye / A, RMSE_ALPHA_per_atom=    0.02, RMSE_ALPHA_DERIV=    0.70
2025-07-12 09:17:28.555 INFO: Epoch 1943: head: Default, loss=0.0817, RMSE_MU_per_atom=0.00 mDebye, RMSE_MU_DERIV=0.00 mDebye / A, RMSE_ALPHA_per_atom=    0.02, RMSE_ALPHA_DERIV=    0.70
2025-07-12 09:17:50.615 INFO: Epoch 1944: head: Default, loss=0.0817, RMSE_MU_per_atom=0.00 mDebye, RMSE_MU_DERIV=0.00 mDebye / A, RMSE_ALPHA_per_atom=    0.02, RMSE_ALPHA_DERIV=    0.70
2025-07-12 09:18:12.679 INFO: Epoch 1945: head: Default, loss=0.0817, RMSE_MU_per_atom=0.00 mDebye, RMSE_MU_DERIV=0.00 mDebye / A, RMSE_ALPHA_per_atom=    0.02, RMSE_ALPHA_DERIV=    0.70
2025-07-12 09:18:34.734 INFO: Epoch 1946: head: Default, loss=0.0817, RMSE_MU_per_atom=0.00 mDebye, RMSE_MU_DERIV=0.00 mDebye / A, RMSE_ALPHA_per_atom=    0.02, RMSE_ALPHA_DERIV=    0.70
2025-07-12 09:18:56.805 INFO: Epoch 1947: head: Default, loss=0.0817, RMSE_MU_per_atom=0.00 mDebye, RMSE_MU_DERIV=0.00 mDebye / A, RMSE_ALPHA_per_atom=    0.02, RMSE_ALPHA_DERIV=    0.70
2025-07-12 09:19:18.887 INFO: Epoch 1948: head: Default, loss=0.0817, RMSE_MU_per_atom=0.00 mDebye, RMSE_MU_DERIV=0.00 mDebye / A, RMSE_ALPHA_per_atom=    0.02, RMSE_ALPHA_DERIV=    0.70
2025-07-12 09:19:40.965 INFO: Epoch 1949: head: Default, loss=0.0817, RMSE_MU_per_atom=0.00 mDebye, RMSE_MU_DERIV=0.00 mDebye / A, RMSE_ALPHA_per_atom=    0.02, RMSE_ALPHA_DERIV=    0.70
2025-07-12 09:20:03.055 INFO: Epoch 1950: head: Default, loss=0.0817, RMSE_MU_per_atom=0.00 mDebye, RMSE_MU_DERIV=0.00 mDebye / A, RMSE_ALPHA_per_atom=    0.02, RMSE_ALPHA_DERIV=    0.70
2025-07-12 09:20:25.137 INFO: Epoch 1951: head: Default, loss=0.0817, RMSE_MU_per_atom=0.00 mDebye, RMSE_MU_DERIV=0.00 mDebye / A, RMSE_ALPHA_per_atom=    0.02, RMSE_ALPHA_DERIV=    0.70
2025-07-12 09:20:47.199 INFO: Epoch 1952: head: Default, loss=0.0817, RMSE_MU_per_atom=0.00 mDebye, RMSE_MU_DERIV=0.00 mDebye / A, RMSE_ALPHA_per_atom=    0.02, RMSE_ALPHA_DERIV=    0.70
2025-07-12 09:21:09.246 INFO: Epoch 1953: head: Default, loss=0.0817, RMSE_MU_per_atom=0.00 mDebye, RMSE_MU_DERIV=0.00 mDebye / A, RMSE_ALPHA_per_atom=    0.02, RMSE_ALPHA_DERIV=    0.70
2025-07-12 09:21:31.312 INFO: Epoch 1954: head: Default, loss=0.0817, RMSE_MU_per_atom=0.00 mDebye, RMSE_MU_DERIV=0.00 mDebye / A, RMSE_ALPHA_per_atom=    0.02, RMSE_ALPHA_DERIV=    0.70
2025-07-12 09:21:53.358 INFO: Epoch 1955: head: Default, loss=0.0817, RMSE_MU_per_atom=0.00 mDebye, RMSE_MU_DERIV=0.00 mDebye / A, RMSE_ALPHA_per_atom=    0.02, RMSE_ALPHA_DERIV=    0.70
2025-07-12 09:22:15.408 INFO: Epoch 1956: head: Default, loss=0.0817, RMSE_MU_per_atom=0.00 mDebye, RMSE_MU_DERIV=0.00 mDebye / A, RMSE_ALPHA_per_atom=    0.02, RMSE_ALPHA_DERIV=    0.70
2025-07-12 09:22:37.434 INFO: Epoch 1957: head: Default, loss=0.0817, RMSE_MU_per_atom=0.00 mDebye, RMSE_MU_DERIV=0.00 mDebye / A, RMSE_ALPHA_per_atom=    0.02, RMSE_ALPHA_DERIV=    0.70
2025-07-12 09:22:59.451 INFO: Epoch 1958: head: Default, loss=0.0817, RMSE_MU_per_atom=0.00 mDebye, RMSE_MU_DERIV=0.00 mDebye / A, RMSE_ALPHA_per_atom=    0.02, RMSE_ALPHA_DERIV=    0.70
2025-07-12 09:23:21.460 INFO: Epoch 1959: head: Default, loss=0.0817, RMSE_MU_per_atom=0.00 mDebye, RMSE_MU_DERIV=0.00 mDebye / A, RMSE_ALPHA_per_atom=    0.02, RMSE_ALPHA_DERIV=    0.70
2025-07-12 09:23:43.513 INFO: Epoch 1960: head: Default, loss=0.0817, RMSE_MU_per_atom=0.00 mDebye, RMSE_MU_DERIV=0.00 mDebye / A, RMSE_ALPHA_per_atom=    0.02, RMSE_ALPHA_DERIV=    0.70
2025-07-12 09:24:05.552 INFO: Epoch 1961: head: Default, loss=0.0817, RMSE_MU_per_atom=0.00 mDebye, RMSE_MU_DERIV=0.00 mDebye / A, RMSE_ALPHA_per_atom=    0.02, RMSE_ALPHA_DERIV=    0.70
2025-07-12 09:24:27.608 INFO: Epoch 1962: head: Default, loss=0.0817, RMSE_MU_per_atom=0.00 mDebye, RMSE_MU_DERIV=0.00 mDebye / A, RMSE_ALPHA_per_atom=    0.02, RMSE_ALPHA_DERIV=    0.70
2025-07-12 09:24:49.661 INFO: Epoch 1963: head: Default, loss=0.0817, RMSE_MU_per_atom=0.00 mDebye, RMSE_MU_DERIV=0.00 mDebye / A, RMSE_ALPHA_per_atom=    0.02, RMSE_ALPHA_DERIV=    0.70
2025-07-12 09:25:11.691 INFO: Epoch 1964: head: Default, loss=0.0817, RMSE_MU_per_atom=0.00 mDebye, RMSE_MU_DERIV=0.00 mDebye / A, RMSE_ALPHA_per_atom=    0.02, RMSE_ALPHA_DERIV=    0.70
2025-07-12 09:25:33.733 INFO: Epoch 1965: head: Default, loss=0.0817, RMSE_MU_per_atom=0.00 mDebye, RMSE_MU_DERIV=0.00 mDebye / A, RMSE_ALPHA_per_atom=    0.02, RMSE_ALPHA_DERIV=    0.70
2025-07-12 09:25:55.765 INFO: Epoch 1966: head: Default, loss=0.0817, RMSE_MU_per_atom=0.00 mDebye, RMSE_MU_DERIV=0.00 mDebye / A, RMSE_ALPHA_per_atom=    0.02, RMSE_ALPHA_DERIV=    0.70
2025-07-12 09:26:17.780 INFO: Epoch 1967: head: Default, loss=0.0817, RMSE_MU_per_atom=0.00 mDebye, RMSE_MU_DERIV=0.00 mDebye / A, RMSE_ALPHA_per_atom=    0.02, RMSE_ALPHA_DERIV=    0.70
2025-07-12 09:26:39.807 INFO: Epoch 1968: head: Default, loss=0.0817, RMSE_MU_per_atom=0.00 mDebye, RMSE_MU_DERIV=0.00 mDebye / A, RMSE_ALPHA_per_atom=    0.02, RMSE_ALPHA_DERIV=    0.70
2025-07-12 09:27:01.871 INFO: Epoch 1969: head: Default, loss=0.0817, RMSE_MU_per_atom=0.00 mDebye, RMSE_MU_DERIV=0.00 mDebye / A, RMSE_ALPHA_per_atom=    0.02, RMSE_ALPHA_DERIV=    0.70
2025-07-12 09:27:23.929 INFO: Epoch 1970: head: Default, loss=0.0817, RMSE_MU_per_atom=0.00 mDebye, RMSE_MU_DERIV=0.00 mDebye / A, RMSE_ALPHA_per_atom=    0.02, RMSE_ALPHA_DERIV=    0.70
2025-07-12 09:27:45.971 INFO: Epoch 1971: head: Default, loss=0.0817, RMSE_MU_per_atom=0.00 mDebye, RMSE_MU_DERIV=0.00 mDebye / A, RMSE_ALPHA_per_atom=    0.02, RMSE_ALPHA_DERIV=    0.70
2025-07-12 09:28:08.022 INFO: Epoch 1972: head: Default, loss=0.0817, RMSE_MU_per_atom=0.00 mDebye, RMSE_MU_DERIV=0.00 mDebye / A, RMSE_ALPHA_per_atom=    0.02, RMSE_ALPHA_DERIV=    0.70
2025-07-12 09:28:30.085 INFO: Epoch 1973: head: Default, loss=0.0817, RMSE_MU_per_atom=0.00 mDebye, RMSE_MU_DERIV=0.00 mDebye / A, RMSE_ALPHA_per_atom=    0.02, RMSE_ALPHA_DERIV=    0.70
2025-07-12 09:28:52.131 INFO: Epoch 1974: head: Default, loss=0.0817, RMSE_MU_per_atom=0.00 mDebye, RMSE_MU_DERIV=0.00 mDebye / A, RMSE_ALPHA_per_atom=    0.02, RMSE_ALPHA_DERIV=    0.70
2025-07-12 09:29:14.177 INFO: Epoch 1975: head: Default, loss=0.0817, RMSE_MU_per_atom=0.00 mDebye, RMSE_MU_DERIV=0.00 mDebye / A, RMSE_ALPHA_per_atom=    0.02, RMSE_ALPHA_DERIV=    0.70
2025-07-12 09:29:36.249 INFO: Epoch 1976: head: Default, loss=0.0817, RMSE_MU_per_atom=0.00 mDebye, RMSE_MU_DERIV=0.00 mDebye / A, RMSE_ALPHA_per_atom=    0.02, RMSE_ALPHA_DERIV=    0.70
2025-07-12 09:29:58.322 INFO: Epoch 1977: head: Default, loss=0.0817, RMSE_MU_per_atom=0.00 mDebye, RMSE_MU_DERIV=0.00 mDebye / A, RMSE_ALPHA_per_atom=    0.02, RMSE_ALPHA_DERIV=    0.70
2025-07-12 09:30:20.376 INFO: Epoch 1978: head: Default, loss=0.0818, RMSE_MU_per_atom=0.00 mDebye, RMSE_MU_DERIV=0.00 mDebye / A, RMSE_ALPHA_per_atom=    0.02, RMSE_ALPHA_DERIV=    0.70
2025-07-12 09:30:42.433 INFO: Epoch 1979: head: Default, loss=0.0817, RMSE_MU_per_atom=0.00 mDebye, RMSE_MU_DERIV=0.00 mDebye / A, RMSE_ALPHA_per_atom=    0.02, RMSE_ALPHA_DERIV=    0.70
2025-07-12 09:31:04.460 INFO: Epoch 1980: head: Default, loss=0.0817, RMSE_MU_per_atom=0.00 mDebye, RMSE_MU_DERIV=0.00 mDebye / A, RMSE_ALPHA_per_atom=    0.02, RMSE_ALPHA_DERIV=    0.70
2025-07-12 09:31:26.504 INFO: Epoch 1981: head: Default, loss=0.0817, RMSE_MU_per_atom=0.00 mDebye, RMSE_MU_DERIV=0.00 mDebye / A, RMSE_ALPHA_per_atom=    0.02, RMSE_ALPHA_DERIV=    0.70
2025-07-12 09:31:48.556 INFO: Epoch 1982: head: Default, loss=0.0817, RMSE_MU_per_atom=0.00 mDebye, RMSE_MU_DERIV=0.00 mDebye / A, RMSE_ALPHA_per_atom=    0.02, RMSE_ALPHA_DERIV=    0.70
2025-07-12 09:32:10.648 INFO: Epoch 1983: head: Default, loss=0.0817, RMSE_MU_per_atom=0.00 mDebye, RMSE_MU_DERIV=0.00 mDebye / A, RMSE_ALPHA_per_atom=    0.02, RMSE_ALPHA_DERIV=    0.70
2025-07-12 09:32:32.728 INFO: Epoch 1984: head: Default, loss=0.0817, RMSE_MU_per_atom=0.00 mDebye, RMSE_MU_DERIV=0.00 mDebye / A, RMSE_ALPHA_per_atom=    0.02, RMSE_ALPHA_DERIV=    0.70
2025-07-12 09:32:54.802 INFO: Epoch 1985: head: Default, loss=0.0817, RMSE_MU_per_atom=0.00 mDebye, RMSE_MU_DERIV=0.00 mDebye / A, RMSE_ALPHA_per_atom=    0.02, RMSE_ALPHA_DERIV=    0.70
2025-07-12 09:33:16.854 INFO: Epoch 1986: head: Default, loss=0.0817, RMSE_MU_per_atom=0.00 mDebye, RMSE_MU_DERIV=0.00 mDebye / A, RMSE_ALPHA_per_atom=    0.02, RMSE_ALPHA_DERIV=    0.70
2025-07-12 09:33:38.924 INFO: Epoch 1987: head: Default, loss=0.0817, RMSE_MU_per_atom=0.00 mDebye, RMSE_MU_DERIV=0.00 mDebye / A, RMSE_ALPHA_per_atom=    0.02, RMSE_ALPHA_DERIV=    0.70
2025-07-12 09:34:01.001 INFO: Epoch 1988: head: Default, loss=0.0817, RMSE_MU_per_atom=0.00 mDebye, RMSE_MU_DERIV=0.00 mDebye / A, RMSE_ALPHA_per_atom=    0.02, RMSE_ALPHA_DERIV=    0.70
2025-07-12 09:34:23.073 INFO: Epoch 1989: head: Default, loss=0.0817, RMSE_MU_per_atom=0.00 mDebye, RMSE_MU_DERIV=0.00 mDebye / A, RMSE_ALPHA_per_atom=    0.02, RMSE_ALPHA_DERIV=    0.70
2025-07-12 09:34:45.134 INFO: Epoch 1990: head: Default, loss=0.0817, RMSE_MU_per_atom=0.00 mDebye, RMSE_MU_DERIV=0.00 mDebye / A, RMSE_ALPHA_per_atom=    0.02, RMSE_ALPHA_DERIV=    0.70
2025-07-12 09:35:07.186 INFO: Epoch 1991: head: Default, loss=0.0817, RMSE_MU_per_atom=0.00 mDebye, RMSE_MU_DERIV=0.00 mDebye / A, RMSE_ALPHA_per_atom=    0.02, RMSE_ALPHA_DERIV=    0.70
2025-07-12 09:35:29.245 INFO: Epoch 1992: head: Default, loss=0.0817, RMSE_MU_per_atom=0.00 mDebye, RMSE_MU_DERIV=0.00 mDebye / A, RMSE_ALPHA_per_atom=    0.02, RMSE_ALPHA_DERIV=    0.70
2025-07-12 09:35:51.312 INFO: Epoch 1993: head: Default, loss=0.0817, RMSE_MU_per_atom=0.00 mDebye, RMSE_MU_DERIV=0.00 mDebye / A, RMSE_ALPHA_per_atom=    0.02, RMSE_ALPHA_DERIV=    0.70
2025-07-12 09:36:13.379 INFO: Epoch 1994: head: Default, loss=0.0817, RMSE_MU_per_atom=0.00 mDebye, RMSE_MU_DERIV=0.00 mDebye / A, RMSE_ALPHA_per_atom=    0.02, RMSE_ALPHA_DERIV=    0.70
2025-07-12 09:36:35.452 INFO: Epoch 1995: head: Default, loss=0.0817, RMSE_MU_per_atom=0.00 mDebye, RMSE_MU_DERIV=0.00 mDebye / A, RMSE_ALPHA_per_atom=    0.02, RMSE_ALPHA_DERIV=    0.70
2025-07-12 09:36:57.498 INFO: Epoch 1996: head: Default, loss=0.0817, RMSE_MU_per_atom=0.00 mDebye, RMSE_MU_DERIV=0.00 mDebye / A, RMSE_ALPHA_per_atom=    0.02, RMSE_ALPHA_DERIV=    0.70
2025-07-12 09:37:19.545 INFO: Epoch 1997: head: Default, loss=0.0817, RMSE_MU_per_atom=0.00 mDebye, RMSE_MU_DERIV=0.00 mDebye / A, RMSE_ALPHA_per_atom=    0.02, RMSE_ALPHA_DERIV=    0.70
2025-07-12 09:37:41.635 INFO: Epoch 1998: head: Default, loss=0.0817, RMSE_MU_per_atom=0.00 mDebye, RMSE_MU_DERIV=0.00 mDebye / A, RMSE_ALPHA_per_atom=    0.02, RMSE_ALPHA_DERIV=    0.70
2025-07-12 09:38:03.721 INFO: Epoch 1999: head: Default, loss=0.0817, RMSE_MU_per_atom=0.00 mDebye, RMSE_MU_DERIV=0.00 mDebye / A, RMSE_ALPHA_per_atom=    0.02, RMSE_ALPHA_DERIV=    0.70
2025-07-12 09:38:03.721 INFO: Training complete
2025-07-12 09:38:03.721 INFO: 
2025-07-12 09:38:03.721 INFO: ===========RESULTS===========
2025-07-12 09:38:03.815 INFO: Loading checkpoint: ./checkpoints/MoWSSe_susram_ndata_all_subset_120_weights_10_1_run-123_epoch-326.pt
2025-07-12 09:38:03.875 INFO: Loaded Stage one model from epoch 326 for evaluation
2025-07-12 09:38:03.875 INFO: Saving model to checkpoints/MoWSSe_susram_ndata_all_subset_120_weights_10_1_run-123.model
2025-07-12 09:38:04.151 INFO: Compiling model, saving metadata to MoWSSe_susram_ndata_all_subset_120_weights_10_1_compiled.model
2025-07-12 09:38:05.372 INFO: Computing metrics for training, validation, and test sets
2025-07-12 09:38:05.373 INFO: Skipping evaluation for heads: ['pt_head']
2025-07-12 09:38:05.373 INFO: Evaluating train_Default ...
2025-07-12 09:38:13.894 INFO: Evaluating valid_Default ...
2025-07-12 09:38:14.414 INFO: Error-table on TRAIN and VALID:
+---------------+-------------------------+----------------+---------------+------------+-------------------+------------------+
|  config_type  | RMSE MU / mDebye / atom | rel. MU RMSE % | RMSE MU deriv | RMSE ALPHA | rel. ALPHA RMSE % | RMSE ALPHA deriv |
+---------------+-------------------------+----------------+---------------+------------+-------------------+------------------+
| train_Default |           0.00          |      0.0       |      0.00     |    0.04    |        0.4        |       1.18       |
| valid_Default |           0.00          |      0.0       |      0.00     |    0.03    |        0.3        |       0.66       |
+---------------+-------------------------+----------------+---------------+------------+-------------------+------------------+
2025-07-12 09:38:14.414 INFO: Evaluating Default_Default ...
2025-07-12 09:38:23.178 INFO: Error-table on TEST:
+-----------------+-------------------------+----------------+---------------+------------+-------------------+------------------+
|   config_type   | RMSE MU / mDebye / atom | rel. MU RMSE % | RMSE MU deriv | RMSE ALPHA | rel. ALPHA RMSE % | RMSE ALPHA deriv |
+-----------------+-------------------------+----------------+---------------+------------+-------------------+------------------+
| Default_Default |           0.00          |      0.0       |      0.00     |    0.04    |        0.3        |       1.17       |
+-----------------+-------------------------+----------------+---------------+------------+-------------------+------------------+
2025-07-12 09:38:40.821 INFO: Done
