2025-07-12 22:50:03.275 INFO: ===========VERIFYING SETTINGS===========
2025-07-12 22:50:03.275 INFO: MACE version: 0.3.13
2025-07-12 22:50:03.388 INFO: CUDA version: 12.4, CUDA device: 0
2025-07-12 22:50:03.765 INFO: ===========LOADING INPUT DATA===========
2025-07-12 22:50:03.765 INFO: Using heads: ['Default']
2025-07-12 22:50:03.765 INFO: Using the key specifications to parse data:
2025-07-12 22:50:03.765 INFO: Default: KeySpecification(info_keys={'energy': 'None', 'stress': 'None', 'virials': 'REF_virials', 'dipole': 'dipole', 'polarizability': 'susceptibility_tensor', 'head': 'head'}, arrays_keys={'forces': 'None', 'dipole_deriv': 'dipole_deriv', 'polarizability_deriv': 'raman_tensor'})
2025-07-12 22:50:03.765 INFO: =============    Processing head Default     ===========
2025-07-12 22:50:03.917 INFO: Training set 1/1 [energy: 0, stress: 0, virials: 0, dipole components: 0, polarizability: 160, head: 160, forces: 0, dipole_deriv: 0, polarizability_deriv: 160]
2025-07-12 22:50:03.917 INFO: Total Training set [energy: 0, stress: 0, virials: 0, dipole components: 0, polarizability: 160, head: 160, forces: 0, dipole_deriv: 0, polarizability_deriv: 160]
2025-07-12 22:50:03.918 INFO: No validation set provided, splitting training data instead.
2025-07-12 22:50:03.918 INFO: Using random 5% of training set for validation with following indices: [144, 73, 76, 5, 46, 150, 35, 153]
2025-07-12 22:50:03.919 INFO: Random Split Training set [energy: 0, stress: 0, virials: 0, dipole components: 0, polarizability: 152, head: 152, forces: 0, dipole_deriv: 0, polarizability_deriv: 152]
2025-07-12 22:50:03.919 INFO: Random Split Validation set [energy: 0, stress: 0, virials: 0, dipole components: 0, polarizability: 8, head: 8, forces: 0, dipole_deriv: 0, polarizability_deriv: 8]
2025-07-12 22:50:04.029 INFO: Test set 1/1 [energy: 0, stress: 0, virials: 0, dipole components: 0, polarizability: 160, head: 160, forces: 0, dipole_deriv: 0, polarizability_deriv: 160]
2025-07-12 22:50:04.030 INFO: Total Test set [energy: 0, stress: 0, virials: 0, dipole components: 0, polarizability: 160, head: 160, forces: 0, dipole_deriv: 0, polarizability_deriv: 160]
2025-07-12 22:50:04.030 INFO: Total number of configurations: train=152, valid=8, tests=[Default_Default: 160],
2025-07-12 22:50:04.030 WARNING: Validation batch size (10) is larger than the number of validation data (8)
2025-07-12 22:50:04.031 INFO: Atomic Numbers used: [16, 34, 42, 74]
2025-07-12 22:50:04.031 INFO: Processing datasets for head 'Default'
2025-07-12 22:50:04.228 INFO: Combining 1 list datasets for head 'Default'
2025-07-12 22:50:04.235 INFO: Head 'Default' training dataset size: 152
2025-07-12 22:50:04.235 INFO: Computing average number of neighbors
2025-07-12 22:50:04.498 INFO: Average number of neighbors: 19.012345679012345
2025-07-12 22:50:04.499 INFO: During training the following quantities will be reported: dipoles, polarizability, dipole_deriv, polarizability_deriv
2025-07-12 22:50:04.500 INFO: ===========MODEL DETAILS===========
2025-07-12 22:50:04.500 INFO: Building model
2025-07-12 22:50:04.500 INFO: Message passing with 128 channels and max_L=2 (128x0e + 128x1o + 128x2e)
2025-07-12 22:50:04.500 INFO: 2 layers, each with correlation order: 3 (body order: 4) and spherical harmonics up to: l=3
2025-07-12 22:50:04.500 INFO: 8 radial and 5 basis functions
2025-07-12 22:50:04.500 INFO: Radial cutoff: 5.0 A (total receptive field for each atom: 10.0 A)
2025-07-12 22:50:04.500 INFO: Distance transform for radial basis functions: None
2025-07-12 22:50:04.500 INFO: Hidden irreps: 128x0e + 128x1o + 128x2e
2025-07-12 22:50:07.538 INFO: Total number of parameters: 1104272
2025-07-12 22:50:07.538 INFO: 
2025-07-12 22:50:07.539 INFO: ===========OPTIMIZER INFORMATION===========
2025-07-12 22:50:07.539 INFO: Using ADAM as parameter optimizer
2025-07-12 22:50:07.539 INFO: Batch size: 10
2025-07-12 22:50:07.539 INFO: Number of gradient updates: 30400
2025-07-12 22:50:07.539 INFO: Learning rate: 0.01, weight decay: 5e-07
2025-07-12 22:50:07.540 INFO: DipolePolarizabilityDerivLoss(dipole_weight=0.000, polarizability_weight=1.000, dipole_deriv_weight=0.000, polarizability_deriv_weight=0.000)
2025-07-12 22:50:07.544 WARNING: Cannot find checkpoint with tag 'MoWSSe_sus_ndata_all_subset_160_run-123' in './checkpoints'
2025-07-12 22:50:07.544 INFO: Using gradient clipping with tolerance=10.000
2025-07-12 22:50:07.544 INFO: 
2025-07-12 22:50:07.544 INFO: ===========TRAINING===========
2025-07-12 22:50:07.544 INFO: Started training, reporting errors on validation set
2025-07-12 22:50:07.544 INFO: Loss metrics on validation set
2025-07-12 22:50:10.762 INFO: Initial: head: Default, loss=15.2671, RMSE_MU_per_atom=0.00 mDebye, RMSE_MU_DERIV=0.01 mDebye / A, RMSE_ALPHA_per_atom=   11.05, RMSE_ALPHA_DERIV=   12.55
2025-07-12 22:50:46.820 INFO: Epoch 0: head: Default, loss=13.0842, RMSE_MU_per_atom=0.00 mDebye, RMSE_MU_DERIV=0.02 mDebye / A, RMSE_ALPHA_per_atom=   10.23, RMSE_ALPHA_DERIV=   12.70
2025-07-12 22:51:16.753 INFO: Epoch 1: head: Default, loss=4.8909, RMSE_MU_per_atom=0.00 mDebye, RMSE_MU_DERIV=0.04 mDebye / A, RMSE_ALPHA_per_atom=    6.26, RMSE_ALPHA_DERIV=   22.41
2025-07-12 22:51:46.538 INFO: Epoch 2: head: Default, loss=0.5189, RMSE_MU_per_atom=0.00 mDebye, RMSE_MU_DERIV=0.02 mDebye / A, RMSE_ALPHA_per_atom=    2.04, RMSE_ALPHA_DERIV=   17.95
2025-07-12 22:52:16.388 INFO: Epoch 3: head: Default, loss=0.2975, RMSE_MU_per_atom=0.00 mDebye, RMSE_MU_DERIV=0.01 mDebye / A, RMSE_ALPHA_per_atom=    1.54, RMSE_ALPHA_DERIV=   17.70
2025-07-12 22:52:46.321 INFO: Epoch 4: head: Default, loss=0.2114, RMSE_MU_per_atom=0.00 mDebye, RMSE_MU_DERIV=0.01 mDebye / A, RMSE_ALPHA_per_atom=    1.30, RMSE_ALPHA_DERIV=   17.22
2025-07-12 22:53:16.292 INFO: Epoch 5: head: Default, loss=0.1630, RMSE_MU_per_atom=0.00 mDebye, RMSE_MU_DERIV=0.01 mDebye / A, RMSE_ALPHA_per_atom=    1.14, RMSE_ALPHA_DERIV=   17.10
2025-07-12 22:53:46.242 INFO: Epoch 6: head: Default, loss=0.1601, RMSE_MU_per_atom=0.00 mDebye, RMSE_MU_DERIV=0.01 mDebye / A, RMSE_ALPHA_per_atom=    1.13, RMSE_ALPHA_DERIV=   17.52
2025-07-12 22:54:16.167 INFO: Epoch 7: head: Default, loss=0.1524, RMSE_MU_per_atom=0.00 mDebye, RMSE_MU_DERIV=0.01 mDebye / A, RMSE_ALPHA_per_atom=    1.10, RMSE_ALPHA_DERIV=   18.15
2025-07-12 22:54:46.101 INFO: Epoch 8: head: Default, loss=0.1545, RMSE_MU_per_atom=0.00 mDebye, RMSE_MU_DERIV=0.01 mDebye / A, RMSE_ALPHA_per_atom=    1.11, RMSE_ALPHA_DERIV=   17.46
2025-07-12 22:55:15.955 INFO: Epoch 9: head: Default, loss=0.1491, RMSE_MU_per_atom=0.00 mDebye, RMSE_MU_DERIV=0.01 mDebye / A, RMSE_ALPHA_per_atom=    1.09, RMSE_ALPHA_DERIV=   17.29
2025-07-12 22:55:45.862 INFO: Epoch 10: head: Default, loss=0.1093, RMSE_MU_per_atom=0.00 mDebye, RMSE_MU_DERIV=0.01 mDebye / A, RMSE_ALPHA_per_atom=    0.93, RMSE_ALPHA_DERIV=   17.18
2025-07-12 22:56:15.760 INFO: Epoch 11: head: Default, loss=0.1002, RMSE_MU_per_atom=0.00 mDebye, RMSE_MU_DERIV=0.01 mDebye / A, RMSE_ALPHA_per_atom=    0.90, RMSE_ALPHA_DERIV=   17.02
2025-07-12 22:56:45.631 INFO: Epoch 12: head: Default, loss=0.0967, RMSE_MU_per_atom=0.00 mDebye, RMSE_MU_DERIV=0.01 mDebye / A, RMSE_ALPHA_per_atom=    0.88, RMSE_ALPHA_DERIV=   16.86
2025-07-12 22:57:15.469 INFO: Epoch 13: head: Default, loss=0.0744, RMSE_MU_per_atom=0.00 mDebye, RMSE_MU_DERIV=0.01 mDebye / A, RMSE_ALPHA_per_atom=    0.77, RMSE_ALPHA_DERIV=   16.80
2025-07-12 22:57:45.336 INFO: Epoch 14: head: Default, loss=0.0756, RMSE_MU_per_atom=0.00 mDebye, RMSE_MU_DERIV=0.00 mDebye / A, RMSE_ALPHA_per_atom=    0.78, RMSE_ALPHA_DERIV=   16.62
2025-07-12 22:58:15.141 INFO: Epoch 15: head: Default, loss=0.0670, RMSE_MU_per_atom=0.00 mDebye, RMSE_MU_DERIV=0.00 mDebye / A, RMSE_ALPHA_per_atom=    0.73, RMSE_ALPHA_DERIV=   16.18
2025-07-12 22:58:44.991 INFO: Epoch 16: head: Default, loss=0.0577, RMSE_MU_per_atom=0.00 mDebye, RMSE_MU_DERIV=0.00 mDebye / A, RMSE_ALPHA_per_atom=    0.68, RMSE_ALPHA_DERIV=   15.34
2025-07-12 22:59:14.875 INFO: Epoch 17: head: Default, loss=0.0695, RMSE_MU_per_atom=0.00 mDebye, RMSE_MU_DERIV=0.00 mDebye / A, RMSE_ALPHA_per_atom=    0.75, RMSE_ALPHA_DERIV=   14.88
2025-07-12 22:59:44.673 INFO: Epoch 18: head: Default, loss=0.0312, RMSE_MU_per_atom=0.00 mDebye, RMSE_MU_DERIV=0.01 mDebye / A, RMSE_ALPHA_per_atom=    0.50, RMSE_ALPHA_DERIV=   14.32
2025-07-12 23:00:14.542 INFO: Epoch 19: head: Default, loss=0.0160, RMSE_MU_per_atom=0.00 mDebye, RMSE_MU_DERIV=0.01 mDebye / A, RMSE_ALPHA_per_atom=    0.36, RMSE_ALPHA_DERIV=   13.17
2025-07-12 23:00:44.403 INFO: Epoch 20: head: Default, loss=0.0198, RMSE_MU_per_atom=0.00 mDebye, RMSE_MU_DERIV=0.01 mDebye / A, RMSE_ALPHA_per_atom=    0.40, RMSE_ALPHA_DERIV=   12.36
2025-07-12 23:01:14.193 INFO: Epoch 21: head: Default, loss=0.0099, RMSE_MU_per_atom=0.00 mDebye, RMSE_MU_DERIV=0.01 mDebye / A, RMSE_ALPHA_per_atom=    0.28, RMSE_ALPHA_DERIV=   11.44
2025-07-12 23:01:44.036 INFO: Epoch 22: head: Default, loss=0.0112, RMSE_MU_per_atom=0.00 mDebye, RMSE_MU_DERIV=0.01 mDebye / A, RMSE_ALPHA_per_atom=    0.30, RMSE_ALPHA_DERIV=   11.12
2025-07-12 23:02:13.831 INFO: Epoch 23: head: Default, loss=0.0100, RMSE_MU_per_atom=0.00 mDebye, RMSE_MU_DERIV=0.00 mDebye / A, RMSE_ALPHA_per_atom=    0.28, RMSE_ALPHA_DERIV=   10.70
2025-07-12 23:02:43.618 INFO: Epoch 24: head: Default, loss=0.0086, RMSE_MU_per_atom=0.00 mDebye, RMSE_MU_DERIV=0.00 mDebye / A, RMSE_ALPHA_per_atom=    0.26, RMSE_ALPHA_DERIV=   10.46
2025-07-12 23:03:13.488 INFO: Epoch 25: head: Default, loss=0.0067, RMSE_MU_per_atom=0.00 mDebye, RMSE_MU_DERIV=0.00 mDebye / A, RMSE_ALPHA_per_atom=    0.23, RMSE_ALPHA_DERIV=   10.14
2025-07-12 23:03:43.348 INFO: Epoch 26: head: Default, loss=0.0048, RMSE_MU_per_atom=0.00 mDebye, RMSE_MU_DERIV=0.00 mDebye / A, RMSE_ALPHA_per_atom=    0.20, RMSE_ALPHA_DERIV=   10.02
2025-07-12 23:04:13.207 INFO: Epoch 27: head: Default, loss=0.0043, RMSE_MU_per_atom=0.00 mDebye, RMSE_MU_DERIV=0.00 mDebye / A, RMSE_ALPHA_per_atom=    0.19, RMSE_ALPHA_DERIV=    9.87
2025-07-12 23:04:43.075 INFO: Epoch 28: head: Default, loss=0.0043, RMSE_MU_per_atom=0.00 mDebye, RMSE_MU_DERIV=0.00 mDebye / A, RMSE_ALPHA_per_atom=    0.19, RMSE_ALPHA_DERIV=    9.59
2025-07-12 23:05:12.906 INFO: Epoch 29: head: Default, loss=0.0060, RMSE_MU_per_atom=0.00 mDebye, RMSE_MU_DERIV=0.00 mDebye / A, RMSE_ALPHA_per_atom=    0.22, RMSE_ALPHA_DERIV=    9.65
2025-07-12 23:05:42.696 INFO: Epoch 30: head: Default, loss=0.0177, RMSE_MU_per_atom=0.00 mDebye, RMSE_MU_DERIV=0.00 mDebye / A, RMSE_ALPHA_per_atom=    0.38, RMSE_ALPHA_DERIV=    9.77
2025-07-12 23:06:12.514 INFO: Epoch 31: head: Default, loss=0.0056, RMSE_MU_per_atom=0.00 mDebye, RMSE_MU_DERIV=0.00 mDebye / A, RMSE_ALPHA_per_atom=    0.21, RMSE_ALPHA_DERIV=    9.83
2025-07-12 23:06:42.363 INFO: Epoch 32: head: Default, loss=0.0041, RMSE_MU_per_atom=0.00 mDebye, RMSE_MU_DERIV=0.00 mDebye / A, RMSE_ALPHA_per_atom=    0.18, RMSE_ALPHA_DERIV=    9.77
2025-07-12 23:07:12.252 INFO: Epoch 33: head: Default, loss=0.0082, RMSE_MU_per_atom=0.00 mDebye, RMSE_MU_DERIV=0.00 mDebye / A, RMSE_ALPHA_per_atom=    0.26, RMSE_ALPHA_DERIV=    9.39
2025-07-12 23:07:42.104 INFO: Epoch 34: head: Default, loss=0.0171, RMSE_MU_per_atom=0.00 mDebye, RMSE_MU_DERIV=0.00 mDebye / A, RMSE_ALPHA_per_atom=    0.37, RMSE_ALPHA_DERIV=    9.32
2025-07-12 23:08:11.903 INFO: Epoch 35: head: Default, loss=0.0070, RMSE_MU_per_atom=0.00 mDebye, RMSE_MU_DERIV=0.00 mDebye / A, RMSE_ALPHA_per_atom=    0.24, RMSE_ALPHA_DERIV=    9.20
2025-07-12 23:08:41.705 INFO: Epoch 36: head: Default, loss=0.0033, RMSE_MU_per_atom=0.00 mDebye, RMSE_MU_DERIV=0.00 mDebye / A, RMSE_ALPHA_per_atom=    0.16, RMSE_ALPHA_DERIV=    9.36
2025-07-12 23:09:11.561 INFO: Epoch 37: head: Default, loss=0.0057, RMSE_MU_per_atom=0.00 mDebye, RMSE_MU_DERIV=0.00 mDebye / A, RMSE_ALPHA_per_atom=    0.21, RMSE_ALPHA_DERIV=    9.18
2025-07-12 23:09:41.420 INFO: Epoch 38: head: Default, loss=0.0063, RMSE_MU_per_atom=0.00 mDebye, RMSE_MU_DERIV=0.00 mDebye / A, RMSE_ALPHA_per_atom=    0.22, RMSE_ALPHA_DERIV=    9.18
2025-07-12 23:10:11.271 INFO: Epoch 39: head: Default, loss=0.0119, RMSE_MU_per_atom=0.00 mDebye, RMSE_MU_DERIV=0.00 mDebye / A, RMSE_ALPHA_per_atom=    0.31, RMSE_ALPHA_DERIV=    9.80
2025-07-12 23:10:41.136 INFO: Epoch 40: head: Default, loss=0.0052, RMSE_MU_per_atom=0.00 mDebye, RMSE_MU_DERIV=0.00 mDebye / A, RMSE_ALPHA_per_atom=    0.20, RMSE_ALPHA_DERIV=    9.48
2025-07-12 23:11:10.960 INFO: Epoch 41: head: Default, loss=0.0092, RMSE_MU_per_atom=0.00 mDebye, RMSE_MU_DERIV=0.00 mDebye / A, RMSE_ALPHA_per_atom=    0.27, RMSE_ALPHA_DERIV=    9.22
2025-07-12 23:11:40.764 INFO: Epoch 42: head: Default, loss=0.0073, RMSE_MU_per_atom=0.00 mDebye, RMSE_MU_DERIV=0.00 mDebye / A, RMSE_ALPHA_per_atom=    0.24, RMSE_ALPHA_DERIV=    9.30
2025-07-12 23:12:10.556 INFO: Epoch 43: head: Default, loss=0.0073, RMSE_MU_per_atom=0.00 mDebye, RMSE_MU_DERIV=0.00 mDebye / A, RMSE_ALPHA_per_atom=    0.24, RMSE_ALPHA_DERIV=    9.14
2025-07-12 23:12:40.361 INFO: Epoch 44: head: Default, loss=0.0060, RMSE_MU_per_atom=0.00 mDebye, RMSE_MU_DERIV=0.00 mDebye / A, RMSE_ALPHA_per_atom=    0.22, RMSE_ALPHA_DERIV=    8.97
2025-07-12 23:13:10.176 INFO: Epoch 45: head: Default, loss=0.0035, RMSE_MU_per_atom=0.00 mDebye, RMSE_MU_DERIV=0.00 mDebye / A, RMSE_ALPHA_per_atom=    0.17, RMSE_ALPHA_DERIV=    9.12
2025-07-12 23:13:40.005 INFO: Epoch 46: head: Default, loss=0.0044, RMSE_MU_per_atom=0.00 mDebye, RMSE_MU_DERIV=0.00 mDebye / A, RMSE_ALPHA_per_atom=    0.19, RMSE_ALPHA_DERIV=    9.27
2025-07-12 23:14:09.814 INFO: Epoch 47: head: Default, loss=0.0046, RMSE_MU_per_atom=0.00 mDebye, RMSE_MU_DERIV=0.00 mDebye / A, RMSE_ALPHA_per_atom=    0.19, RMSE_ALPHA_DERIV=    8.94
2025-07-12 23:14:39.624 INFO: Epoch 48: head: Default, loss=0.0063, RMSE_MU_per_atom=0.00 mDebye, RMSE_MU_DERIV=0.00 mDebye / A, RMSE_ALPHA_per_atom=    0.22, RMSE_ALPHA_DERIV=    8.87
2025-07-12 23:15:09.453 INFO: Epoch 49: head: Default, loss=0.0061, RMSE_MU_per_atom=0.00 mDebye, RMSE_MU_DERIV=0.00 mDebye / A, RMSE_ALPHA_per_atom=    0.22, RMSE_ALPHA_DERIV=    8.90
2025-07-12 23:15:39.360 INFO: Epoch 50: head: Default, loss=0.0054, RMSE_MU_per_atom=0.00 mDebye, RMSE_MU_DERIV=0.00 mDebye / A, RMSE_ALPHA_per_atom=    0.21, RMSE_ALPHA_DERIV=    8.76
2025-07-12 23:16:09.146 INFO: Epoch 51: head: Default, loss=0.0095, RMSE_MU_per_atom=0.00 mDebye, RMSE_MU_DERIV=0.00 mDebye / A, RMSE_ALPHA_per_atom=    0.28, RMSE_ALPHA_DERIV=    8.61
2025-07-12 23:16:38.930 INFO: Epoch 52: head: Default, loss=0.0040, RMSE_MU_per_atom=0.00 mDebye, RMSE_MU_DERIV=0.00 mDebye / A, RMSE_ALPHA_per_atom=    0.18, RMSE_ALPHA_DERIV=    8.61
2025-07-12 23:17:08.729 INFO: Epoch 53: head: Default, loss=0.0055, RMSE_MU_per_atom=0.00 mDebye, RMSE_MU_DERIV=0.00 mDebye / A, RMSE_ALPHA_per_atom=    0.21, RMSE_ALPHA_DERIV=    8.93
2025-07-12 23:17:38.538 INFO: Epoch 54: head: Default, loss=0.0072, RMSE_MU_per_atom=0.00 mDebye, RMSE_MU_DERIV=0.00 mDebye / A, RMSE_ALPHA_per_atom=    0.24, RMSE_ALPHA_DERIV=    8.70
2025-07-12 23:18:08.331 INFO: Epoch 55: head: Default, loss=0.0070, RMSE_MU_per_atom=0.00 mDebye, RMSE_MU_DERIV=0.00 mDebye / A, RMSE_ALPHA_per_atom=    0.24, RMSE_ALPHA_DERIV=    8.74
2025-07-12 23:18:38.183 INFO: Epoch 56: head: Default, loss=0.0034, RMSE_MU_per_atom=0.00 mDebye, RMSE_MU_DERIV=0.00 mDebye / A, RMSE_ALPHA_per_atom=    0.16, RMSE_ALPHA_DERIV=    8.87
2025-07-12 23:19:07.993 INFO: Epoch 57: head: Default, loss=0.0043, RMSE_MU_per_atom=0.00 mDebye, RMSE_MU_DERIV=0.00 mDebye / A, RMSE_ALPHA_per_atom=    0.19, RMSE_ALPHA_DERIV=    8.69
2025-07-12 23:19:37.807 INFO: Epoch 58: head: Default, loss=0.0033, RMSE_MU_per_atom=0.00 mDebye, RMSE_MU_DERIV=0.00 mDebye / A, RMSE_ALPHA_per_atom=    0.16, RMSE_ALPHA_DERIV=    8.83
2025-07-12 23:20:07.620 INFO: Epoch 59: head: Default, loss=0.0125, RMSE_MU_per_atom=0.00 mDebye, RMSE_MU_DERIV=0.00 mDebye / A, RMSE_ALPHA_per_atom=    0.32, RMSE_ALPHA_DERIV=    8.62
2025-07-12 23:20:37.423 INFO: Epoch 60: head: Default, loss=0.0042, RMSE_MU_per_atom=0.00 mDebye, RMSE_MU_DERIV=0.00 mDebye / A, RMSE_ALPHA_per_atom=    0.18, RMSE_ALPHA_DERIV=    8.63
2025-07-12 23:21:07.229 INFO: Epoch 61: head: Default, loss=0.0064, RMSE_MU_per_atom=0.00 mDebye, RMSE_MU_DERIV=0.00 mDebye / A, RMSE_ALPHA_per_atom=    0.23, RMSE_ALPHA_DERIV=    8.75
2025-07-12 23:21:37.037 INFO: Epoch 62: head: Default, loss=0.0051, RMSE_MU_per_atom=0.00 mDebye, RMSE_MU_DERIV=0.00 mDebye / A, RMSE_ALPHA_per_atom=    0.20, RMSE_ALPHA_DERIV=    8.67
2025-07-12 23:22:06.871 INFO: Epoch 63: head: Default, loss=0.0042, RMSE_MU_per_atom=0.00 mDebye, RMSE_MU_DERIV=0.00 mDebye / A, RMSE_ALPHA_per_atom=    0.18, RMSE_ALPHA_DERIV=    8.69
2025-07-12 23:22:36.696 INFO: Epoch 64: head: Default, loss=0.0078, RMSE_MU_per_atom=0.00 mDebye, RMSE_MU_DERIV=0.00 mDebye / A, RMSE_ALPHA_per_atom=    0.25, RMSE_ALPHA_DERIV=    8.58
2025-07-12 23:23:06.505 INFO: Epoch 65: head: Default, loss=0.0064, RMSE_MU_per_atom=0.00 mDebye, RMSE_MU_DERIV=0.00 mDebye / A, RMSE_ALPHA_per_atom=    0.23, RMSE_ALPHA_DERIV=    8.57
2025-07-12 23:23:36.323 INFO: Epoch 66: head: Default, loss=0.0052, RMSE_MU_per_atom=0.00 mDebye, RMSE_MU_DERIV=0.00 mDebye / A, RMSE_ALPHA_per_atom=    0.20, RMSE_ALPHA_DERIV=    8.65
2025-07-12 23:24:06.137 INFO: Epoch 67: head: Default, loss=0.0057, RMSE_MU_per_atom=0.00 mDebye, RMSE_MU_DERIV=0.00 mDebye / A, RMSE_ALPHA_per_atom=    0.21, RMSE_ALPHA_DERIV=    8.81
2025-07-12 23:24:35.944 INFO: Epoch 68: head: Default, loss=0.0057, RMSE_MU_per_atom=0.00 mDebye, RMSE_MU_DERIV=0.00 mDebye / A, RMSE_ALPHA_per_atom=    0.21, RMSE_ALPHA_DERIV=    8.79
2025-07-12 23:25:05.770 INFO: Epoch 69: head: Default, loss=0.0077, RMSE_MU_per_atom=0.00 mDebye, RMSE_MU_DERIV=0.00 mDebye / A, RMSE_ALPHA_per_atom=    0.25, RMSE_ALPHA_DERIV=    8.81
2025-07-12 23:25:35.583 INFO: Epoch 70: head: Default, loss=0.0047, RMSE_MU_per_atom=0.00 mDebye, RMSE_MU_DERIV=0.00 mDebye / A, RMSE_ALPHA_per_atom=    0.19, RMSE_ALPHA_DERIV=    8.85
2025-07-12 23:26:05.375 INFO: Epoch 71: head: Default, loss=0.0040, RMSE_MU_per_atom=0.00 mDebye, RMSE_MU_DERIV=0.00 mDebye / A, RMSE_ALPHA_per_atom=    0.18, RMSE_ALPHA_DERIV=    8.84
2025-07-12 23:26:35.163 INFO: Epoch 72: head: Default, loss=0.0030, RMSE_MU_per_atom=0.00 mDebye, RMSE_MU_DERIV=0.00 mDebye / A, RMSE_ALPHA_per_atom=    0.16, RMSE_ALPHA_DERIV=    8.81
2025-07-12 23:27:05.014 INFO: Epoch 73: head: Default, loss=0.0070, RMSE_MU_per_atom=0.00 mDebye, RMSE_MU_DERIV=0.00 mDebye / A, RMSE_ALPHA_per_atom=    0.24, RMSE_ALPHA_DERIV=    8.56
2025-07-12 23:27:34.822 INFO: Epoch 74: head: Default, loss=0.0069, RMSE_MU_per_atom=0.00 mDebye, RMSE_MU_DERIV=0.00 mDebye / A, RMSE_ALPHA_per_atom=    0.23, RMSE_ALPHA_DERIV=    8.61
2025-07-12 23:28:04.624 INFO: Epoch 75: head: Default, loss=0.0062, RMSE_MU_per_atom=0.00 mDebye, RMSE_MU_DERIV=0.00 mDebye / A, RMSE_ALPHA_per_atom=    0.22, RMSE_ALPHA_DERIV=    8.70
2025-07-12 23:28:34.428 INFO: Epoch 76: head: Default, loss=0.0055, RMSE_MU_per_atom=0.00 mDebye, RMSE_MU_DERIV=0.00 mDebye / A, RMSE_ALPHA_per_atom=    0.21, RMSE_ALPHA_DERIV=    8.65
2025-07-12 23:29:04.253 INFO: Epoch 77: head: Default, loss=0.0044, RMSE_MU_per_atom=0.00 mDebye, RMSE_MU_DERIV=0.00 mDebye / A, RMSE_ALPHA_per_atom=    0.19, RMSE_ALPHA_DERIV=    8.61
2025-07-12 23:29:34.082 INFO: Epoch 78: head: Default, loss=0.0061, RMSE_MU_per_atom=0.00 mDebye, RMSE_MU_DERIV=0.00 mDebye / A, RMSE_ALPHA_per_atom=    0.22, RMSE_ALPHA_DERIV=    8.72
2025-07-12 23:30:03.896 INFO: Epoch 79: head: Default, loss=0.0048, RMSE_MU_per_atom=0.00 mDebye, RMSE_MU_DERIV=0.00 mDebye / A, RMSE_ALPHA_per_atom=    0.20, RMSE_ALPHA_DERIV=    8.64
2025-07-12 23:30:33.742 INFO: Epoch 80: head: Default, loss=0.0043, RMSE_MU_per_atom=0.00 mDebye, RMSE_MU_DERIV=0.00 mDebye / A, RMSE_ALPHA_per_atom=    0.19, RMSE_ALPHA_DERIV=    8.76
2025-07-12 23:31:03.538 INFO: Epoch 81: head: Default, loss=0.0043, RMSE_MU_per_atom=0.00 mDebye, RMSE_MU_DERIV=0.00 mDebye / A, RMSE_ALPHA_per_atom=    0.19, RMSE_ALPHA_DERIV=    8.72
2025-07-12 23:31:33.388 INFO: Epoch 82: head: Default, loss=0.0054, RMSE_MU_per_atom=0.00 mDebye, RMSE_MU_DERIV=0.00 mDebye / A, RMSE_ALPHA_per_atom=    0.21, RMSE_ALPHA_DERIV=    8.66
2025-07-12 23:32:03.203 INFO: Epoch 83: head: Default, loss=0.0035, RMSE_MU_per_atom=0.00 mDebye, RMSE_MU_DERIV=0.00 mDebye / A, RMSE_ALPHA_per_atom=    0.17, RMSE_ALPHA_DERIV=    8.75
2025-07-12 23:32:33.015 INFO: Epoch 84: head: Default, loss=0.0033, RMSE_MU_per_atom=0.00 mDebye, RMSE_MU_DERIV=0.00 mDebye / A, RMSE_ALPHA_per_atom=    0.16, RMSE_ALPHA_DERIV=    8.74
2025-07-12 23:33:02.862 INFO: Epoch 85: head: Default, loss=0.0039, RMSE_MU_per_atom=0.00 mDebye, RMSE_MU_DERIV=0.00 mDebye / A, RMSE_ALPHA_per_atom=    0.18, RMSE_ALPHA_DERIV=    8.57
2025-07-12 23:33:32.694 INFO: Epoch 86: head: Default, loss=0.0053, RMSE_MU_per_atom=0.00 mDebye, RMSE_MU_DERIV=0.00 mDebye / A, RMSE_ALPHA_per_atom=    0.21, RMSE_ALPHA_DERIV=    8.76
2025-07-12 23:34:02.508 INFO: Epoch 87: head: Default, loss=0.0078, RMSE_MU_per_atom=0.00 mDebye, RMSE_MU_DERIV=0.00 mDebye / A, RMSE_ALPHA_per_atom=    0.25, RMSE_ALPHA_DERIV=    8.70
2025-07-12 23:34:32.334 INFO: Epoch 88: head: Default, loss=0.0055, RMSE_MU_per_atom=0.00 mDebye, RMSE_MU_DERIV=0.00 mDebye / A, RMSE_ALPHA_per_atom=    0.21, RMSE_ALPHA_DERIV=    8.58
2025-07-12 23:35:02.183 INFO: Epoch 89: head: Default, loss=0.0048, RMSE_MU_per_atom=0.00 mDebye, RMSE_MU_DERIV=0.00 mDebye / A, RMSE_ALPHA_per_atom=    0.20, RMSE_ALPHA_DERIV=    8.67
2025-07-12 23:35:32.094 INFO: Epoch 90: head: Default, loss=0.0057, RMSE_MU_per_atom=0.00 mDebye, RMSE_MU_DERIV=0.00 mDebye / A, RMSE_ALPHA_per_atom=    0.21, RMSE_ALPHA_DERIV=    8.52
2025-07-12 23:36:01.974 INFO: Epoch 91: head: Default, loss=0.0069, RMSE_MU_per_atom=0.00 mDebye, RMSE_MU_DERIV=0.00 mDebye / A, RMSE_ALPHA_per_atom=    0.24, RMSE_ALPHA_DERIV=    8.67
2025-07-12 23:36:31.826 INFO: Epoch 92: head: Default, loss=0.0028, RMSE_MU_per_atom=0.00 mDebye, RMSE_MU_DERIV=0.00 mDebye / A, RMSE_ALPHA_per_atom=    0.15, RMSE_ALPHA_DERIV=    8.62
2025-07-12 23:37:01.735 INFO: Epoch 93: head: Default, loss=0.0043, RMSE_MU_per_atom=0.00 mDebye, RMSE_MU_DERIV=0.00 mDebye / A, RMSE_ALPHA_per_atom=    0.19, RMSE_ALPHA_DERIV=    8.68
2025-07-12 23:37:31.590 INFO: Epoch 94: head: Default, loss=0.0079, RMSE_MU_per_atom=0.00 mDebye, RMSE_MU_DERIV=0.00 mDebye / A, RMSE_ALPHA_per_atom=    0.25, RMSE_ALPHA_DERIV=    8.68
2025-07-12 23:38:01.441 INFO: Epoch 95: head: Default, loss=0.0052, RMSE_MU_per_atom=0.00 mDebye, RMSE_MU_DERIV=0.00 mDebye / A, RMSE_ALPHA_per_atom=    0.20, RMSE_ALPHA_DERIV=    8.47
2025-07-12 23:38:31.279 INFO: Epoch 96: head: Default, loss=0.0112, RMSE_MU_per_atom=0.00 mDebye, RMSE_MU_DERIV=0.00 mDebye / A, RMSE_ALPHA_per_atom=    0.30, RMSE_ALPHA_DERIV=    8.41
2025-07-12 23:39:01.131 INFO: Epoch 97: head: Default, loss=0.0047, RMSE_MU_per_atom=0.00 mDebye, RMSE_MU_DERIV=0.00 mDebye / A, RMSE_ALPHA_per_atom=    0.19, RMSE_ALPHA_DERIV=    8.50
2025-07-12 23:39:30.971 INFO: Epoch 98: head: Default, loss=0.0056, RMSE_MU_per_atom=0.00 mDebye, RMSE_MU_DERIV=0.00 mDebye / A, RMSE_ALPHA_per_atom=    0.21, RMSE_ALPHA_DERIV=    8.69
2025-07-12 23:40:00.826 INFO: Epoch 99: head: Default, loss=0.0039, RMSE_MU_per_atom=0.00 mDebye, RMSE_MU_DERIV=0.00 mDebye / A, RMSE_ALPHA_per_atom=    0.18, RMSE_ALPHA_DERIV=    8.55
2025-07-12 23:40:30.642 INFO: Epoch 100: head: Default, loss=0.0045, RMSE_MU_per_atom=0.00 mDebye, RMSE_MU_DERIV=0.00 mDebye / A, RMSE_ALPHA_per_atom=    0.19, RMSE_ALPHA_DERIV=    8.52
2025-07-12 23:41:00.465 INFO: Epoch 101: head: Default, loss=0.0065, RMSE_MU_per_atom=0.00 mDebye, RMSE_MU_DERIV=0.00 mDebye / A, RMSE_ALPHA_per_atom=    0.23, RMSE_ALPHA_DERIV=    8.58
2025-07-12 23:41:30.360 INFO: Epoch 102: head: Default, loss=0.0082, RMSE_MU_per_atom=0.00 mDebye, RMSE_MU_DERIV=0.00 mDebye / A, RMSE_ALPHA_per_atom=    0.26, RMSE_ALPHA_DERIV=    8.49
2025-07-12 23:42:00.252 INFO: Epoch 103: head: Default, loss=0.0040, RMSE_MU_per_atom=0.00 mDebye, RMSE_MU_DERIV=0.00 mDebye / A, RMSE_ALPHA_per_atom=    0.18, RMSE_ALPHA_DERIV=    8.45
2025-07-12 23:42:30.144 INFO: Epoch 104: head: Default, loss=0.0037, RMSE_MU_per_atom=0.00 mDebye, RMSE_MU_DERIV=0.00 mDebye / A, RMSE_ALPHA_per_atom=    0.17, RMSE_ALPHA_DERIV=    8.62
2025-07-12 23:42:59.969 INFO: Epoch 105: head: Default, loss=0.0052, RMSE_MU_per_atom=0.00 mDebye, RMSE_MU_DERIV=0.00 mDebye / A, RMSE_ALPHA_per_atom=    0.20, RMSE_ALPHA_DERIV=    8.67
2025-07-12 23:43:29.772 INFO: Epoch 106: head: Default, loss=0.0051, RMSE_MU_per_atom=0.00 mDebye, RMSE_MU_DERIV=0.00 mDebye / A, RMSE_ALPHA_per_atom=    0.20, RMSE_ALPHA_DERIV=    8.45
2025-07-12 23:43:59.568 INFO: Epoch 107: head: Default, loss=0.0069, RMSE_MU_per_atom=0.00 mDebye, RMSE_MU_DERIV=0.00 mDebye / A, RMSE_ALPHA_per_atom=    0.24, RMSE_ALPHA_DERIV=    8.43
2025-07-12 23:44:29.350 INFO: Epoch 108: head: Default, loss=0.0064, RMSE_MU_per_atom=0.00 mDebye, RMSE_MU_DERIV=0.00 mDebye / A, RMSE_ALPHA_per_atom=    0.23, RMSE_ALPHA_DERIV=    8.50
2025-07-12 23:44:59.145 INFO: Epoch 109: head: Default, loss=0.0076, RMSE_MU_per_atom=0.00 mDebye, RMSE_MU_DERIV=0.00 mDebye / A, RMSE_ALPHA_per_atom=    0.25, RMSE_ALPHA_DERIV=    8.50
2025-07-12 23:45:28.947 INFO: Epoch 110: head: Default, loss=0.0120, RMSE_MU_per_atom=0.00 mDebye, RMSE_MU_DERIV=0.00 mDebye / A, RMSE_ALPHA_per_atom=    0.31, RMSE_ALPHA_DERIV=    8.42
2025-07-12 23:45:58.761 INFO: Epoch 111: head: Default, loss=0.0037, RMSE_MU_per_atom=0.00 mDebye, RMSE_MU_DERIV=0.00 mDebye / A, RMSE_ALPHA_per_atom=    0.17, RMSE_ALPHA_DERIV=    8.59
2025-07-12 23:46:28.598 INFO: Epoch 112: head: Default, loss=0.0034, RMSE_MU_per_atom=0.00 mDebye, RMSE_MU_DERIV=0.00 mDebye / A, RMSE_ALPHA_per_atom=    0.17, RMSE_ALPHA_DERIV=    8.71
2025-07-12 23:46:58.453 INFO: Epoch 113: head: Default, loss=0.0088, RMSE_MU_per_atom=0.00 mDebye, RMSE_MU_DERIV=0.00 mDebye / A, RMSE_ALPHA_per_atom=    0.27, RMSE_ALPHA_DERIV=    8.50
2025-07-12 23:47:28.284 INFO: Epoch 114: head: Default, loss=0.0072, RMSE_MU_per_atom=0.00 mDebye, RMSE_MU_DERIV=0.00 mDebye / A, RMSE_ALPHA_per_atom=    0.24, RMSE_ALPHA_DERIV=    8.55
2025-07-12 23:47:58.093 INFO: Epoch 115: head: Default, loss=0.0044, RMSE_MU_per_atom=0.00 mDebye, RMSE_MU_DERIV=0.00 mDebye / A, RMSE_ALPHA_per_atom=    0.19, RMSE_ALPHA_DERIV=    8.58
2025-07-12 23:48:27.920 INFO: Epoch 116: head: Default, loss=0.0050, RMSE_MU_per_atom=0.00 mDebye, RMSE_MU_DERIV=0.00 mDebye / A, RMSE_ALPHA_per_atom=    0.20, RMSE_ALPHA_DERIV=    8.71
2025-07-12 23:48:57.741 INFO: Epoch 117: head: Default, loss=0.0051, RMSE_MU_per_atom=0.00 mDebye, RMSE_MU_DERIV=0.00 mDebye / A, RMSE_ALPHA_per_atom=    0.20, RMSE_ALPHA_DERIV=    8.42
2025-07-12 23:49:27.566 INFO: Epoch 118: head: Default, loss=0.0059, RMSE_MU_per_atom=0.00 mDebye, RMSE_MU_DERIV=0.00 mDebye / A, RMSE_ALPHA_per_atom=    0.22, RMSE_ALPHA_DERIV=    8.63
2025-07-12 23:49:57.366 INFO: Epoch 119: head: Default, loss=0.0062, RMSE_MU_per_atom=0.00 mDebye, RMSE_MU_DERIV=0.00 mDebye / A, RMSE_ALPHA_per_atom=    0.22, RMSE_ALPHA_DERIV=    8.62
2025-07-12 23:50:27.171 INFO: Epoch 120: head: Default, loss=0.0063, RMSE_MU_per_atom=0.00 mDebye, RMSE_MU_DERIV=0.00 mDebye / A, RMSE_ALPHA_per_atom=    0.22, RMSE_ALPHA_DERIV=    8.48
2025-07-12 23:50:56.969 INFO: Epoch 121: head: Default, loss=0.0049, RMSE_MU_per_atom=0.00 mDebye, RMSE_MU_DERIV=0.00 mDebye / A, RMSE_ALPHA_per_atom=    0.20, RMSE_ALPHA_DERIV=    8.57
2025-07-12 23:51:26.753 INFO: Epoch 122: head: Default, loss=0.0057, RMSE_MU_per_atom=0.00 mDebye, RMSE_MU_DERIV=0.00 mDebye / A, RMSE_ALPHA_per_atom=    0.21, RMSE_ALPHA_DERIV=    8.57
2025-07-12 23:51:56.541 INFO: Epoch 123: head: Default, loss=0.0039, RMSE_MU_per_atom=0.00 mDebye, RMSE_MU_DERIV=0.00 mDebye / A, RMSE_ALPHA_per_atom=    0.18, RMSE_ALPHA_DERIV=    8.51
2025-07-12 23:52:26.346 INFO: Epoch 124: head: Default, loss=0.0043, RMSE_MU_per_atom=0.00 mDebye, RMSE_MU_DERIV=0.00 mDebye / A, RMSE_ALPHA_per_atom=    0.19, RMSE_ALPHA_DERIV=    8.57
2025-07-12 23:52:56.134 INFO: Epoch 125: head: Default, loss=0.0060, RMSE_MU_per_atom=0.00 mDebye, RMSE_MU_DERIV=0.00 mDebye / A, RMSE_ALPHA_per_atom=    0.22, RMSE_ALPHA_DERIV=    8.55
2025-07-12 23:53:25.917 INFO: Epoch 126: head: Default, loss=0.0051, RMSE_MU_per_atom=0.00 mDebye, RMSE_MU_DERIV=0.00 mDebye / A, RMSE_ALPHA_per_atom=    0.20, RMSE_ALPHA_DERIV=    8.63
2025-07-12 23:53:55.710 INFO: Epoch 127: head: Default, loss=0.0060, RMSE_MU_per_atom=0.00 mDebye, RMSE_MU_DERIV=0.00 mDebye / A, RMSE_ALPHA_per_atom=    0.22, RMSE_ALPHA_DERIV=    8.65
2025-07-12 23:54:25.513 INFO: Epoch 128: head: Default, loss=0.0051, RMSE_MU_per_atom=0.00 mDebye, RMSE_MU_DERIV=0.00 mDebye / A, RMSE_ALPHA_per_atom=    0.20, RMSE_ALPHA_DERIV=    8.52
2025-07-12 23:54:55.305 INFO: Epoch 129: head: Default, loss=0.0046, RMSE_MU_per_atom=0.00 mDebye, RMSE_MU_DERIV=0.00 mDebye / A, RMSE_ALPHA_per_atom=    0.19, RMSE_ALPHA_DERIV=    8.72
2025-07-12 23:55:25.109 INFO: Epoch 130: head: Default, loss=0.0043, RMSE_MU_per_atom=0.00 mDebye, RMSE_MU_DERIV=0.00 mDebye / A, RMSE_ALPHA_per_atom=    0.19, RMSE_ALPHA_DERIV=    8.70
2025-07-12 23:55:54.952 INFO: Epoch 131: head: Default, loss=0.0040, RMSE_MU_per_atom=0.00 mDebye, RMSE_MU_DERIV=0.00 mDebye / A, RMSE_ALPHA_per_atom=    0.18, RMSE_ALPHA_DERIV=    8.63
2025-07-12 23:56:24.845 INFO: Epoch 132: head: Default, loss=0.0050, RMSE_MU_per_atom=0.00 mDebye, RMSE_MU_DERIV=0.00 mDebye / A, RMSE_ALPHA_per_atom=    0.20, RMSE_ALPHA_DERIV=    8.50
2025-07-12 23:56:54.711 INFO: Epoch 133: head: Default, loss=0.0034, RMSE_MU_per_atom=0.00 mDebye, RMSE_MU_DERIV=0.00 mDebye / A, RMSE_ALPHA_per_atom=    0.17, RMSE_ALPHA_DERIV=    8.67
2025-07-12 23:57:24.517 INFO: Epoch 134: head: Default, loss=0.0046, RMSE_MU_per_atom=0.00 mDebye, RMSE_MU_DERIV=0.00 mDebye / A, RMSE_ALPHA_per_atom=    0.19, RMSE_ALPHA_DERIV=    8.58
2025-07-12 23:57:54.314 INFO: Epoch 135: head: Default, loss=0.0076, RMSE_MU_per_atom=0.00 mDebye, RMSE_MU_DERIV=0.00 mDebye / A, RMSE_ALPHA_per_atom=    0.25, RMSE_ALPHA_DERIV=    8.56
2025-07-12 23:58:24.111 INFO: Epoch 136: head: Default, loss=0.0035, RMSE_MU_per_atom=0.00 mDebye, RMSE_MU_DERIV=0.00 mDebye / A, RMSE_ALPHA_per_atom=    0.17, RMSE_ALPHA_DERIV=    8.65
2025-07-12 23:58:53.911 INFO: Epoch 137: head: Default, loss=0.0050, RMSE_MU_per_atom=0.00 mDebye, RMSE_MU_DERIV=0.00 mDebye / A, RMSE_ALPHA_per_atom=    0.20, RMSE_ALPHA_DERIV=    8.56
2025-07-12 23:59:23.717 INFO: Epoch 138: head: Default, loss=0.0074, RMSE_MU_per_atom=0.00 mDebye, RMSE_MU_DERIV=0.00 mDebye / A, RMSE_ALPHA_per_atom=    0.24, RMSE_ALPHA_DERIV=    8.96
2025-07-12 23:59:53.540 INFO: Epoch 139: head: Default, loss=0.0060, RMSE_MU_per_atom=0.00 mDebye, RMSE_MU_DERIV=0.00 mDebye / A, RMSE_ALPHA_per_atom=    0.22, RMSE_ALPHA_DERIV=    8.48
2025-07-13 00:00:23.346 INFO: Epoch 140: head: Default, loss=0.0065, RMSE_MU_per_atom=0.00 mDebye, RMSE_MU_DERIV=0.00 mDebye / A, RMSE_ALPHA_per_atom=    0.23, RMSE_ALPHA_DERIV=    8.47
2025-07-13 00:00:53.154 INFO: Epoch 141: head: Default, loss=0.0044, RMSE_MU_per_atom=0.00 mDebye, RMSE_MU_DERIV=0.00 mDebye / A, RMSE_ALPHA_per_atom=    0.19, RMSE_ALPHA_DERIV=    8.48
2025-07-13 00:01:23.010 INFO: Epoch 142: head: Default, loss=0.0043, RMSE_MU_per_atom=0.00 mDebye, RMSE_MU_DERIV=0.00 mDebye / A, RMSE_ALPHA_per_atom=    0.19, RMSE_ALPHA_DERIV=    8.43
2025-07-13 00:01:52.832 INFO: Epoch 143: head: Default, loss=0.0033, RMSE_MU_per_atom=0.00 mDebye, RMSE_MU_DERIV=0.00 mDebye / A, RMSE_ALPHA_per_atom=    0.16, RMSE_ALPHA_DERIV=    8.64
2025-07-13 00:02:22.634 INFO: Epoch 144: head: Default, loss=0.0039, RMSE_MU_per_atom=0.00 mDebye, RMSE_MU_DERIV=0.00 mDebye / A, RMSE_ALPHA_per_atom=    0.18, RMSE_ALPHA_DERIV=    8.53
2025-07-13 00:02:52.447 INFO: Epoch 145: head: Default, loss=0.0050, RMSE_MU_per_atom=0.00 mDebye, RMSE_MU_DERIV=0.00 mDebye / A, RMSE_ALPHA_per_atom=    0.20, RMSE_ALPHA_DERIV=    8.59
2025-07-13 00:03:22.257 INFO: Epoch 146: head: Default, loss=0.0047, RMSE_MU_per_atom=0.00 mDebye, RMSE_MU_DERIV=0.00 mDebye / A, RMSE_ALPHA_per_atom=    0.19, RMSE_ALPHA_DERIV=    8.56
2025-07-13 00:03:52.061 INFO: Epoch 147: head: Default, loss=0.0030, RMSE_MU_per_atom=0.00 mDebye, RMSE_MU_DERIV=0.00 mDebye / A, RMSE_ALPHA_per_atom=    0.15, RMSE_ALPHA_DERIV=    8.56
2025-07-13 00:04:21.858 INFO: Epoch 148: head: Default, loss=0.0068, RMSE_MU_per_atom=0.00 mDebye, RMSE_MU_DERIV=0.00 mDebye / A, RMSE_ALPHA_per_atom=    0.23, RMSE_ALPHA_DERIV=    8.65
2025-07-13 00:04:51.640 INFO: Epoch 149: head: Default, loss=0.0060, RMSE_MU_per_atom=0.00 mDebye, RMSE_MU_DERIV=0.00 mDebye / A, RMSE_ALPHA_per_atom=    0.22, RMSE_ALPHA_DERIV=    8.71
2025-07-13 00:05:21.452 INFO: Epoch 150: head: Default, loss=0.0047, RMSE_MU_per_atom=0.00 mDebye, RMSE_MU_DERIV=0.00 mDebye / A, RMSE_ALPHA_per_atom=    0.19, RMSE_ALPHA_DERIV=    8.66
2025-07-13 00:05:51.268 INFO: Epoch 151: head: Default, loss=0.0046, RMSE_MU_per_atom=0.00 mDebye, RMSE_MU_DERIV=0.00 mDebye / A, RMSE_ALPHA_per_atom=    0.19, RMSE_ALPHA_DERIV=    8.69
2025-07-13 00:06:21.068 INFO: Epoch 152: head: Default, loss=0.0032, RMSE_MU_per_atom=0.00 mDebye, RMSE_MU_DERIV=0.00 mDebye / A, RMSE_ALPHA_per_atom=    0.16, RMSE_ALPHA_DERIV=    8.56
2025-07-13 00:06:50.869 INFO: Epoch 153: head: Default, loss=0.0040, RMSE_MU_per_atom=0.00 mDebye, RMSE_MU_DERIV=0.00 mDebye / A, RMSE_ALPHA_per_atom=    0.18, RMSE_ALPHA_DERIV=    8.65
2025-07-13 00:07:20.663 INFO: Epoch 154: head: Default, loss=0.0039, RMSE_MU_per_atom=0.00 mDebye, RMSE_MU_DERIV=0.00 mDebye / A, RMSE_ALPHA_per_atom=    0.18, RMSE_ALPHA_DERIV=    8.61
2025-07-13 00:07:50.468 INFO: Epoch 155: head: Default, loss=0.0035, RMSE_MU_per_atom=0.00 mDebye, RMSE_MU_DERIV=0.00 mDebye / A, RMSE_ALPHA_per_atom=    0.17, RMSE_ALPHA_DERIV=    8.68
2025-07-13 00:08:20.261 INFO: Epoch 156: head: Default, loss=0.0044, RMSE_MU_per_atom=0.00 mDebye, RMSE_MU_DERIV=0.00 mDebye / A, RMSE_ALPHA_per_atom=    0.19, RMSE_ALPHA_DERIV=    8.67
2025-07-13 00:08:50.051 INFO: Epoch 157: head: Default, loss=0.0044, RMSE_MU_per_atom=0.00 mDebye, RMSE_MU_DERIV=0.00 mDebye / A, RMSE_ALPHA_per_atom=    0.19, RMSE_ALPHA_DERIV=    8.55
2025-07-13 00:09:19.854 INFO: Epoch 158: head: Default, loss=0.0043, RMSE_MU_per_atom=0.00 mDebye, RMSE_MU_DERIV=0.00 mDebye / A, RMSE_ALPHA_per_atom=    0.19, RMSE_ALPHA_DERIV=    8.58
2025-07-13 00:09:49.642 INFO: Epoch 159: head: Default, loss=0.0030, RMSE_MU_per_atom=0.00 mDebye, RMSE_MU_DERIV=0.00 mDebye / A, RMSE_ALPHA_per_atom=    0.15, RMSE_ALPHA_DERIV=    8.62
2025-07-13 00:10:19.449 INFO: Epoch 160: head: Default, loss=0.0040, RMSE_MU_per_atom=0.00 mDebye, RMSE_MU_DERIV=0.00 mDebye / A, RMSE_ALPHA_per_atom=    0.18, RMSE_ALPHA_DERIV=    8.70
2025-07-13 00:10:49.256 INFO: Epoch 161: head: Default, loss=0.0055, RMSE_MU_per_atom=0.00 mDebye, RMSE_MU_DERIV=0.00 mDebye / A, RMSE_ALPHA_per_atom=    0.21, RMSE_ALPHA_DERIV=    8.76
2025-07-13 00:11:19.071 INFO: Epoch 162: head: Default, loss=0.0044, RMSE_MU_per_atom=0.00 mDebye, RMSE_MU_DERIV=0.00 mDebye / A, RMSE_ALPHA_per_atom=    0.19, RMSE_ALPHA_DERIV=    8.69
2025-07-13 00:11:48.891 INFO: Epoch 163: head: Default, loss=0.0044, RMSE_MU_per_atom=0.00 mDebye, RMSE_MU_DERIV=0.00 mDebye / A, RMSE_ALPHA_per_atom=    0.19, RMSE_ALPHA_DERIV=    8.67
2025-07-13 00:12:18.676 INFO: Epoch 164: head: Default, loss=0.0035, RMSE_MU_per_atom=0.00 mDebye, RMSE_MU_DERIV=0.00 mDebye / A, RMSE_ALPHA_per_atom=    0.17, RMSE_ALPHA_DERIV=    8.70
2025-07-13 00:12:48.477 INFO: Epoch 165: head: Default, loss=0.0025, RMSE_MU_per_atom=0.00 mDebye, RMSE_MU_DERIV=0.00 mDebye / A, RMSE_ALPHA_per_atom=    0.14, RMSE_ALPHA_DERIV=    8.58
2025-07-13 00:13:18.335 INFO: Epoch 166: head: Default, loss=0.0035, RMSE_MU_per_atom=0.00 mDebye, RMSE_MU_DERIV=0.00 mDebye / A, RMSE_ALPHA_per_atom=    0.17, RMSE_ALPHA_DERIV=    8.72
2025-07-13 00:13:48.149 INFO: Epoch 167: head: Default, loss=0.0032, RMSE_MU_per_atom=0.00 mDebye, RMSE_MU_DERIV=0.00 mDebye / A, RMSE_ALPHA_per_atom=    0.16, RMSE_ALPHA_DERIV=    8.72
2025-07-13 00:14:17.948 INFO: Epoch 168: head: Default, loss=0.0054, RMSE_MU_per_atom=0.00 mDebye, RMSE_MU_DERIV=0.00 mDebye / A, RMSE_ALPHA_per_atom=    0.21, RMSE_ALPHA_DERIV=    8.75
2025-07-13 00:14:47.747 INFO: Epoch 169: head: Default, loss=0.0029, RMSE_MU_per_atom=0.00 mDebye, RMSE_MU_DERIV=0.00 mDebye / A, RMSE_ALPHA_per_atom=    0.15, RMSE_ALPHA_DERIV=    8.66
2025-07-13 00:15:17.558 INFO: Epoch 170: head: Default, loss=0.0029, RMSE_MU_per_atom=0.00 mDebye, RMSE_MU_DERIV=0.00 mDebye / A, RMSE_ALPHA_per_atom=    0.15, RMSE_ALPHA_DERIV=    8.54
2025-07-13 00:15:47.377 INFO: Epoch 171: head: Default, loss=0.0034, RMSE_MU_per_atom=0.00 mDebye, RMSE_MU_DERIV=0.00 mDebye / A, RMSE_ALPHA_per_atom=    0.17, RMSE_ALPHA_DERIV=    8.59
2025-07-13 00:16:17.200 INFO: Epoch 172: head: Default, loss=0.0032, RMSE_MU_per_atom=0.00 mDebye, RMSE_MU_DERIV=0.00 mDebye / A, RMSE_ALPHA_per_atom=    0.16, RMSE_ALPHA_DERIV=    8.62
2025-07-13 00:16:47.042 INFO: Epoch 173: head: Default, loss=0.0033, RMSE_MU_per_atom=0.00 mDebye, RMSE_MU_DERIV=0.00 mDebye / A, RMSE_ALPHA_per_atom=    0.16, RMSE_ALPHA_DERIV=    8.70
2025-07-13 00:17:16.891 INFO: Epoch 174: head: Default, loss=0.0031, RMSE_MU_per_atom=0.00 mDebye, RMSE_MU_DERIV=0.00 mDebye / A, RMSE_ALPHA_per_atom=    0.16, RMSE_ALPHA_DERIV=    8.71
2025-07-13 00:17:46.712 INFO: Epoch 175: head: Default, loss=0.0034, RMSE_MU_per_atom=0.00 mDebye, RMSE_MU_DERIV=0.00 mDebye / A, RMSE_ALPHA_per_atom=    0.16, RMSE_ALPHA_DERIV=    8.73
2025-07-13 00:18:16.564 INFO: Epoch 176: head: Default, loss=0.0032, RMSE_MU_per_atom=0.00 mDebye, RMSE_MU_DERIV=0.00 mDebye / A, RMSE_ALPHA_per_atom=    0.16, RMSE_ALPHA_DERIV=    8.75
2025-07-13 00:18:46.415 INFO: Epoch 177: head: Default, loss=0.0035, RMSE_MU_per_atom=0.00 mDebye, RMSE_MU_DERIV=0.00 mDebye / A, RMSE_ALPHA_per_atom=    0.17, RMSE_ALPHA_DERIV=    8.66
2025-07-13 00:19:16.286 INFO: Epoch 178: head: Default, loss=0.0040, RMSE_MU_per_atom=0.00 mDebye, RMSE_MU_DERIV=0.00 mDebye / A, RMSE_ALPHA_per_atom=    0.18, RMSE_ALPHA_DERIV=    8.74
2025-07-13 00:19:46.108 INFO: Epoch 179: head: Default, loss=0.0034, RMSE_MU_per_atom=0.00 mDebye, RMSE_MU_DERIV=0.00 mDebye / A, RMSE_ALPHA_per_atom=    0.16, RMSE_ALPHA_DERIV=    8.80
2025-07-13 00:20:15.922 INFO: Epoch 180: head: Default, loss=0.0030, RMSE_MU_per_atom=0.00 mDebye, RMSE_MU_DERIV=0.00 mDebye / A, RMSE_ALPHA_per_atom=    0.15, RMSE_ALPHA_DERIV=    8.63
2025-07-13 00:20:45.791 INFO: Epoch 181: head: Default, loss=0.0039, RMSE_MU_per_atom=0.00 mDebye, RMSE_MU_DERIV=0.00 mDebye / A, RMSE_ALPHA_per_atom=    0.18, RMSE_ALPHA_DERIV=    8.53
2025-07-13 00:21:15.631 INFO: Epoch 182: head: Default, loss=0.0044, RMSE_MU_per_atom=0.00 mDebye, RMSE_MU_DERIV=0.00 mDebye / A, RMSE_ALPHA_per_atom=    0.19, RMSE_ALPHA_DERIV=    8.72
2025-07-13 00:21:45.474 INFO: Epoch 183: head: Default, loss=0.0025, RMSE_MU_per_atom=0.00 mDebye, RMSE_MU_DERIV=0.00 mDebye / A, RMSE_ALPHA_per_atom=    0.14, RMSE_ALPHA_DERIV=    8.77
2025-07-13 00:22:15.325 INFO: Epoch 184: head: Default, loss=0.0042, RMSE_MU_per_atom=0.00 mDebye, RMSE_MU_DERIV=0.00 mDebye / A, RMSE_ALPHA_per_atom=    0.18, RMSE_ALPHA_DERIV=    8.71
2025-07-13 00:22:45.142 INFO: Epoch 185: head: Default, loss=0.0037, RMSE_MU_per_atom=0.00 mDebye, RMSE_MU_DERIV=0.00 mDebye / A, RMSE_ALPHA_per_atom=    0.17, RMSE_ALPHA_DERIV=    8.86
2025-07-13 00:23:14.995 INFO: Epoch 186: head: Default, loss=0.0035, RMSE_MU_per_atom=0.00 mDebye, RMSE_MU_DERIV=0.00 mDebye / A, RMSE_ALPHA_per_atom=    0.17, RMSE_ALPHA_DERIV=    8.71
2025-07-13 00:23:44.859 INFO: Epoch 187: head: Default, loss=0.0038, RMSE_MU_per_atom=0.00 mDebye, RMSE_MU_DERIV=0.00 mDebye / A, RMSE_ALPHA_per_atom=    0.18, RMSE_ALPHA_DERIV=    8.67
2025-07-13 00:24:14.686 INFO: Epoch 188: head: Default, loss=0.0031, RMSE_MU_per_atom=0.00 mDebye, RMSE_MU_DERIV=0.00 mDebye / A, RMSE_ALPHA_per_atom=    0.16, RMSE_ALPHA_DERIV=    8.85
2025-07-13 00:24:44.507 INFO: Epoch 189: head: Default, loss=0.0026, RMSE_MU_per_atom=0.00 mDebye, RMSE_MU_DERIV=0.00 mDebye / A, RMSE_ALPHA_per_atom=    0.14, RMSE_ALPHA_DERIV=    8.69
2025-07-13 00:25:14.343 INFO: Epoch 190: head: Default, loss=0.0026, RMSE_MU_per_atom=0.00 mDebye, RMSE_MU_DERIV=0.00 mDebye / A, RMSE_ALPHA_per_atom=    0.14, RMSE_ALPHA_DERIV=    8.84
2025-07-13 00:25:44.153 INFO: Epoch 191: head: Default, loss=0.0038, RMSE_MU_per_atom=0.00 mDebye, RMSE_MU_DERIV=0.00 mDebye / A, RMSE_ALPHA_per_atom=    0.17, RMSE_ALPHA_DERIV=    8.82
2025-07-13 00:26:13.971 INFO: Epoch 192: head: Default, loss=0.0033, RMSE_MU_per_atom=0.00 mDebye, RMSE_MU_DERIV=0.00 mDebye / A, RMSE_ALPHA_per_atom=    0.16, RMSE_ALPHA_DERIV=    8.79
2025-07-13 00:26:43.778 INFO: Epoch 193: head: Default, loss=0.0044, RMSE_MU_per_atom=0.00 mDebye, RMSE_MU_DERIV=0.00 mDebye / A, RMSE_ALPHA_per_atom=    0.19, RMSE_ALPHA_DERIV=    8.81
2025-07-13 00:27:13.590 INFO: Epoch 194: head: Default, loss=0.0031, RMSE_MU_per_atom=0.00 mDebye, RMSE_MU_DERIV=0.00 mDebye / A, RMSE_ALPHA_per_atom=    0.16, RMSE_ALPHA_DERIV=    8.82
2025-07-13 00:27:43.394 INFO: Epoch 195: head: Default, loss=0.0046, RMSE_MU_per_atom=0.00 mDebye, RMSE_MU_DERIV=0.00 mDebye / A, RMSE_ALPHA_per_atom=    0.19, RMSE_ALPHA_DERIV=    8.69
2025-07-13 00:28:13.209 INFO: Epoch 196: head: Default, loss=0.0045, RMSE_MU_per_atom=0.00 mDebye, RMSE_MU_DERIV=0.00 mDebye / A, RMSE_ALPHA_per_atom=    0.19, RMSE_ALPHA_DERIV=    8.66
2025-07-13 00:28:43.012 INFO: Epoch 197: head: Default, loss=0.0022, RMSE_MU_per_atom=0.00 mDebye, RMSE_MU_DERIV=0.00 mDebye / A, RMSE_ALPHA_per_atom=    0.13, RMSE_ALPHA_DERIV=    8.63
2025-07-13 00:29:12.883 INFO: Epoch 198: head: Default, loss=0.0029, RMSE_MU_per_atom=0.00 mDebye, RMSE_MU_DERIV=0.00 mDebye / A, RMSE_ALPHA_per_atom=    0.15, RMSE_ALPHA_DERIV=    8.79
2025-07-13 00:29:42.703 INFO: Epoch 199: head: Default, loss=0.0039, RMSE_MU_per_atom=0.00 mDebye, RMSE_MU_DERIV=0.00 mDebye / A, RMSE_ALPHA_per_atom=    0.18, RMSE_ALPHA_DERIV=    8.76
2025-07-13 00:30:12.524 INFO: Epoch 200: head: Default, loss=0.0031, RMSE_MU_per_atom=0.00 mDebye, RMSE_MU_DERIV=0.00 mDebye / A, RMSE_ALPHA_per_atom=    0.16, RMSE_ALPHA_DERIV=    8.78
2025-07-13 00:30:42.344 INFO: Epoch 201: head: Default, loss=0.0034, RMSE_MU_per_atom=0.00 mDebye, RMSE_MU_DERIV=0.00 mDebye / A, RMSE_ALPHA_per_atom=    0.17, RMSE_ALPHA_DERIV=    8.69
2025-07-13 00:31:12.143 INFO: Epoch 202: head: Default, loss=0.0034, RMSE_MU_per_atom=0.00 mDebye, RMSE_MU_DERIV=0.00 mDebye / A, RMSE_ALPHA_per_atom=    0.17, RMSE_ALPHA_DERIV=    8.86
2025-07-13 00:31:41.959 INFO: Epoch 203: head: Default, loss=0.0041, RMSE_MU_per_atom=0.00 mDebye, RMSE_MU_DERIV=0.00 mDebye / A, RMSE_ALPHA_per_atom=    0.18, RMSE_ALPHA_DERIV=    9.09
2025-07-13 00:32:11.745 INFO: Epoch 204: head: Default, loss=0.0036, RMSE_MU_per_atom=0.00 mDebye, RMSE_MU_DERIV=0.00 mDebye / A, RMSE_ALPHA_per_atom=    0.17, RMSE_ALPHA_DERIV=    8.90
2025-07-13 00:32:41.545 INFO: Epoch 205: head: Default, loss=0.0031, RMSE_MU_per_atom=0.00 mDebye, RMSE_MU_DERIV=0.00 mDebye / A, RMSE_ALPHA_per_atom=    0.16, RMSE_ALPHA_DERIV=    8.90
2025-07-13 00:33:11.360 INFO: Epoch 206: head: Default, loss=0.0031, RMSE_MU_per_atom=0.00 mDebye, RMSE_MU_DERIV=0.00 mDebye / A, RMSE_ALPHA_per_atom=    0.16, RMSE_ALPHA_DERIV=    8.78
2025-07-13 00:33:41.176 INFO: Epoch 207: head: Default, loss=0.0021, RMSE_MU_per_atom=0.00 mDebye, RMSE_MU_DERIV=0.00 mDebye / A, RMSE_ALPHA_per_atom=    0.13, RMSE_ALPHA_DERIV=    8.81
2025-07-13 00:34:11.077 INFO: Epoch 208: head: Default, loss=0.0030, RMSE_MU_per_atom=0.00 mDebye, RMSE_MU_DERIV=0.00 mDebye / A, RMSE_ALPHA_per_atom=    0.15, RMSE_ALPHA_DERIV=    8.88
2025-07-13 00:34:40.958 INFO: Epoch 209: head: Default, loss=0.0026, RMSE_MU_per_atom=0.00 mDebye, RMSE_MU_DERIV=0.00 mDebye / A, RMSE_ALPHA_per_atom=    0.14, RMSE_ALPHA_DERIV=    8.86
2025-07-13 00:35:10.822 INFO: Epoch 210: head: Default, loss=0.0023, RMSE_MU_per_atom=0.00 mDebye, RMSE_MU_DERIV=0.00 mDebye / A, RMSE_ALPHA_per_atom=    0.14, RMSE_ALPHA_DERIV=    8.74
2025-07-13 00:35:40.698 INFO: Epoch 211: head: Default, loss=0.0026, RMSE_MU_per_atom=0.00 mDebye, RMSE_MU_DERIV=0.00 mDebye / A, RMSE_ALPHA_per_atom=    0.14, RMSE_ALPHA_DERIV=    8.85
2025-07-13 00:36:10.579 INFO: Epoch 212: head: Default, loss=0.0029, RMSE_MU_per_atom=0.00 mDebye, RMSE_MU_DERIV=0.00 mDebye / A, RMSE_ALPHA_per_atom=    0.15, RMSE_ALPHA_DERIV=    8.81
2025-07-13 00:36:40.477 INFO: Epoch 213: head: Default, loss=0.0058, RMSE_MU_per_atom=0.00 mDebye, RMSE_MU_DERIV=0.00 mDebye / A, RMSE_ALPHA_per_atom=    0.21, RMSE_ALPHA_DERIV=    8.70
2025-07-13 00:37:10.405 INFO: Epoch 214: head: Default, loss=0.0033, RMSE_MU_per_atom=0.00 mDebye, RMSE_MU_DERIV=0.00 mDebye / A, RMSE_ALPHA_per_atom=    0.16, RMSE_ALPHA_DERIV=    8.72
2025-07-13 00:37:40.348 INFO: Epoch 215: head: Default, loss=0.0034, RMSE_MU_per_atom=0.00 mDebye, RMSE_MU_DERIV=0.00 mDebye / A, RMSE_ALPHA_per_atom=    0.16, RMSE_ALPHA_DERIV=    8.78
2025-07-13 00:38:10.293 INFO: Epoch 216: head: Default, loss=0.0029, RMSE_MU_per_atom=0.00 mDebye, RMSE_MU_DERIV=0.00 mDebye / A, RMSE_ALPHA_per_atom=    0.15, RMSE_ALPHA_DERIV=    8.72
2025-07-13 00:38:40.229 INFO: Epoch 217: head: Default, loss=0.0029, RMSE_MU_per_atom=0.00 mDebye, RMSE_MU_DERIV=0.00 mDebye / A, RMSE_ALPHA_per_atom=    0.15, RMSE_ALPHA_DERIV=    8.99
2025-07-13 00:39:10.087 INFO: Epoch 218: head: Default, loss=0.0021, RMSE_MU_per_atom=0.00 mDebye, RMSE_MU_DERIV=0.00 mDebye / A, RMSE_ALPHA_per_atom=    0.13, RMSE_ALPHA_DERIV=    8.82
2025-07-13 00:39:40.039 INFO: Epoch 219: head: Default, loss=0.0030, RMSE_MU_per_atom=0.00 mDebye, RMSE_MU_DERIV=0.00 mDebye / A, RMSE_ALPHA_per_atom=    0.16, RMSE_ALPHA_DERIV=    8.80
2025-07-13 00:40:10.026 INFO: Epoch 220: head: Default, loss=0.0026, RMSE_MU_per_atom=0.00 mDebye, RMSE_MU_DERIV=0.00 mDebye / A, RMSE_ALPHA_per_atom=    0.14, RMSE_ALPHA_DERIV=    8.83
2025-07-13 00:40:39.998 INFO: Epoch 221: head: Default, loss=0.0028, RMSE_MU_per_atom=0.00 mDebye, RMSE_MU_DERIV=0.00 mDebye / A, RMSE_ALPHA_per_atom=    0.15, RMSE_ALPHA_DERIV=    8.85
2025-07-13 00:41:09.926 INFO: Epoch 222: head: Default, loss=0.0031, RMSE_MU_per_atom=0.00 mDebye, RMSE_MU_DERIV=0.00 mDebye / A, RMSE_ALPHA_per_atom=    0.16, RMSE_ALPHA_DERIV=    8.91
2025-07-13 00:41:39.800 INFO: Epoch 223: head: Default, loss=0.0035, RMSE_MU_per_atom=0.00 mDebye, RMSE_MU_DERIV=0.00 mDebye / A, RMSE_ALPHA_per_atom=    0.17, RMSE_ALPHA_DERIV=    8.94
2025-07-13 00:42:09.647 INFO: Epoch 224: head: Default, loss=0.0033, RMSE_MU_per_atom=0.00 mDebye, RMSE_MU_DERIV=0.00 mDebye / A, RMSE_ALPHA_per_atom=    0.16, RMSE_ALPHA_DERIV=    8.84
2025-07-13 00:42:39.480 INFO: Epoch 225: head: Default, loss=0.0032, RMSE_MU_per_atom=0.00 mDebye, RMSE_MU_DERIV=0.00 mDebye / A, RMSE_ALPHA_per_atom=    0.16, RMSE_ALPHA_DERIV=    8.87
2025-07-13 00:43:09.305 INFO: Epoch 226: head: Default, loss=0.0030, RMSE_MU_per_atom=0.00 mDebye, RMSE_MU_DERIV=0.00 mDebye / A, RMSE_ALPHA_per_atom=    0.16, RMSE_ALPHA_DERIV=    8.84
2025-07-13 00:43:39.170 INFO: Epoch 227: head: Default, loss=0.0034, RMSE_MU_per_atom=0.00 mDebye, RMSE_MU_DERIV=0.00 mDebye / A, RMSE_ALPHA_per_atom=    0.16, RMSE_ALPHA_DERIV=    8.86
2025-07-13 00:44:09.046 INFO: Epoch 228: head: Default, loss=0.0020, RMSE_MU_per_atom=0.00 mDebye, RMSE_MU_DERIV=0.00 mDebye / A, RMSE_ALPHA_per_atom=    0.13, RMSE_ALPHA_DERIV=    8.80
2025-07-13 00:44:38.933 INFO: Epoch 229: head: Default, loss=0.0039, RMSE_MU_per_atom=0.00 mDebye, RMSE_MU_DERIV=0.00 mDebye / A, RMSE_ALPHA_per_atom=    0.18, RMSE_ALPHA_DERIV=    8.88
2025-07-13 00:45:08.738 INFO: Epoch 230: head: Default, loss=0.0031, RMSE_MU_per_atom=0.00 mDebye, RMSE_MU_DERIV=0.00 mDebye / A, RMSE_ALPHA_per_atom=    0.16, RMSE_ALPHA_DERIV=    8.93
2025-07-13 00:45:38.534 INFO: Epoch 231: head: Default, loss=0.0023, RMSE_MU_per_atom=0.00 mDebye, RMSE_MU_DERIV=0.00 mDebye / A, RMSE_ALPHA_per_atom=    0.14, RMSE_ALPHA_DERIV=    8.95
2025-07-13 00:46:08.352 INFO: Epoch 232: head: Default, loss=0.0032, RMSE_MU_per_atom=0.00 mDebye, RMSE_MU_DERIV=0.00 mDebye / A, RMSE_ALPHA_per_atom=    0.16, RMSE_ALPHA_DERIV=    9.08
2025-07-13 00:46:38.171 INFO: Epoch 233: head: Default, loss=0.0024, RMSE_MU_per_atom=0.00 mDebye, RMSE_MU_DERIV=0.00 mDebye / A, RMSE_ALPHA_per_atom=    0.14, RMSE_ALPHA_DERIV=    8.97
2025-07-13 00:47:07.965 INFO: Epoch 234: head: Default, loss=0.0032, RMSE_MU_per_atom=0.00 mDebye, RMSE_MU_DERIV=0.00 mDebye / A, RMSE_ALPHA_per_atom=    0.16, RMSE_ALPHA_DERIV=    9.02
2025-07-13 00:47:37.784 INFO: Epoch 235: head: Default, loss=0.0026, RMSE_MU_per_atom=0.00 mDebye, RMSE_MU_DERIV=0.00 mDebye / A, RMSE_ALPHA_per_atom=    0.14, RMSE_ALPHA_DERIV=    8.92
2025-07-13 00:48:07.601 INFO: Epoch 236: head: Default, loss=0.0035, RMSE_MU_per_atom=0.00 mDebye, RMSE_MU_DERIV=0.00 mDebye / A, RMSE_ALPHA_per_atom=    0.17, RMSE_ALPHA_DERIV=    8.96
2025-07-13 00:48:37.409 INFO: Epoch 237: head: Default, loss=0.0034, RMSE_MU_per_atom=0.00 mDebye, RMSE_MU_DERIV=0.00 mDebye / A, RMSE_ALPHA_per_atom=    0.17, RMSE_ALPHA_DERIV=    8.82
2025-07-13 00:49:07.204 INFO: Epoch 238: head: Default, loss=0.0033, RMSE_MU_per_atom=0.00 mDebye, RMSE_MU_DERIV=0.00 mDebye / A, RMSE_ALPHA_per_atom=    0.16, RMSE_ALPHA_DERIV=    8.86
2025-07-13 00:49:36.985 INFO: Epoch 239: head: Default, loss=0.0025, RMSE_MU_per_atom=0.00 mDebye, RMSE_MU_DERIV=0.00 mDebye / A, RMSE_ALPHA_per_atom=    0.14, RMSE_ALPHA_DERIV=    8.93
2025-07-13 00:50:06.768 INFO: Epoch 240: head: Default, loss=0.0024, RMSE_MU_per_atom=0.00 mDebye, RMSE_MU_DERIV=0.00 mDebye / A, RMSE_ALPHA_per_atom=    0.14, RMSE_ALPHA_DERIV=    9.00
2025-07-13 00:50:36.537 INFO: Epoch 241: head: Default, loss=0.0026, RMSE_MU_per_atom=0.00 mDebye, RMSE_MU_DERIV=0.00 mDebye / A, RMSE_ALPHA_per_atom=    0.15, RMSE_ALPHA_DERIV=    8.95
2025-07-13 00:51:06.315 INFO: Epoch 242: head: Default, loss=0.0024, RMSE_MU_per_atom=0.00 mDebye, RMSE_MU_DERIV=0.00 mDebye / A, RMSE_ALPHA_per_atom=    0.14, RMSE_ALPHA_DERIV=    8.91
2025-07-13 00:51:36.090 INFO: Epoch 243: head: Default, loss=0.0026, RMSE_MU_per_atom=0.00 mDebye, RMSE_MU_DERIV=0.00 mDebye / A, RMSE_ALPHA_per_atom=    0.14, RMSE_ALPHA_DERIV=    9.00
2025-07-13 00:52:05.854 INFO: Epoch 244: head: Default, loss=0.0027, RMSE_MU_per_atom=0.00 mDebye, RMSE_MU_DERIV=0.00 mDebye / A, RMSE_ALPHA_per_atom=    0.15, RMSE_ALPHA_DERIV=    9.07
2025-07-13 00:52:35.662 INFO: Epoch 245: head: Default, loss=0.0028, RMSE_MU_per_atom=0.00 mDebye, RMSE_MU_DERIV=0.00 mDebye / A, RMSE_ALPHA_per_atom=    0.15, RMSE_ALPHA_DERIV=    9.00
2025-07-13 00:53:05.536 INFO: Epoch 246: head: Default, loss=0.0075, RMSE_MU_per_atom=0.00 mDebye, RMSE_MU_DERIV=0.00 mDebye / A, RMSE_ALPHA_per_atom=    0.25, RMSE_ALPHA_DERIV=    9.32
2025-07-13 00:53:35.388 INFO: Epoch 247: head: Default, loss=0.0031, RMSE_MU_per_atom=0.00 mDebye, RMSE_MU_DERIV=0.00 mDebye / A, RMSE_ALPHA_per_atom=    0.16, RMSE_ALPHA_DERIV=    8.93
2025-07-13 00:54:05.189 INFO: Epoch 248: head: Default, loss=0.0022, RMSE_MU_per_atom=0.00 mDebye, RMSE_MU_DERIV=0.00 mDebye / A, RMSE_ALPHA_per_atom=    0.13, RMSE_ALPHA_DERIV=    8.89
2025-07-13 00:54:35.014 INFO: Epoch 249: head: Default, loss=0.0026, RMSE_MU_per_atom=0.00 mDebye, RMSE_MU_DERIV=0.00 mDebye / A, RMSE_ALPHA_per_atom=    0.14, RMSE_ALPHA_DERIV=    8.90
2025-07-13 00:55:04.810 INFO: Epoch 250: head: Default, loss=0.0026, RMSE_MU_per_atom=0.00 mDebye, RMSE_MU_DERIV=0.00 mDebye / A, RMSE_ALPHA_per_atom=    0.15, RMSE_ALPHA_DERIV=    8.87
2025-07-13 00:55:34.587 INFO: Epoch 251: head: Default, loss=0.0037, RMSE_MU_per_atom=0.00 mDebye, RMSE_MU_DERIV=0.00 mDebye / A, RMSE_ALPHA_per_atom=    0.17, RMSE_ALPHA_DERIV=    8.85
2025-07-13 00:56:04.364 INFO: Epoch 252: head: Default, loss=0.0025, RMSE_MU_per_atom=0.00 mDebye, RMSE_MU_DERIV=0.00 mDebye / A, RMSE_ALPHA_per_atom=    0.14, RMSE_ALPHA_DERIV=    8.89
2025-07-13 00:56:34.146 INFO: Epoch 253: head: Default, loss=0.0028, RMSE_MU_per_atom=0.00 mDebye, RMSE_MU_DERIV=0.00 mDebye / A, RMSE_ALPHA_per_atom=    0.15, RMSE_ALPHA_DERIV=    8.83
2025-07-13 00:57:03.927 INFO: Epoch 254: head: Default, loss=0.0017, RMSE_MU_per_atom=0.00 mDebye, RMSE_MU_DERIV=0.00 mDebye / A, RMSE_ALPHA_per_atom=    0.12, RMSE_ALPHA_DERIV=    8.77
2025-07-13 00:57:33.738 INFO: Epoch 255: head: Default, loss=0.0029, RMSE_MU_per_atom=0.00 mDebye, RMSE_MU_DERIV=0.00 mDebye / A, RMSE_ALPHA_per_atom=    0.15, RMSE_ALPHA_DERIV=    8.95
2025-07-13 00:58:03.526 INFO: Epoch 256: head: Default, loss=0.0028, RMSE_MU_per_atom=0.00 mDebye, RMSE_MU_DERIV=0.00 mDebye / A, RMSE_ALPHA_per_atom=    0.15, RMSE_ALPHA_DERIV=    8.94
2025-07-13 00:58:33.324 INFO: Epoch 257: head: Default, loss=0.0029, RMSE_MU_per_atom=0.00 mDebye, RMSE_MU_DERIV=0.00 mDebye / A, RMSE_ALPHA_per_atom=    0.15, RMSE_ALPHA_DERIV=    9.05
2025-07-13 00:59:03.108 INFO: Epoch 258: head: Default, loss=0.0027, RMSE_MU_per_atom=0.00 mDebye, RMSE_MU_DERIV=0.00 mDebye / A, RMSE_ALPHA_per_atom=    0.15, RMSE_ALPHA_DERIV=    9.00
2025-07-13 00:59:32.894 INFO: Epoch 259: head: Default, loss=0.0024, RMSE_MU_per_atom=0.00 mDebye, RMSE_MU_DERIV=0.00 mDebye / A, RMSE_ALPHA_per_atom=    0.14, RMSE_ALPHA_DERIV=    8.99
2025-07-13 01:00:02.678 INFO: Epoch 260: head: Default, loss=0.0021, RMSE_MU_per_atom=0.00 mDebye, RMSE_MU_DERIV=0.00 mDebye / A, RMSE_ALPHA_per_atom=    0.13, RMSE_ALPHA_DERIV=    8.90
2025-07-13 01:00:32.460 INFO: Epoch 261: head: Default, loss=0.0036, RMSE_MU_per_atom=0.00 mDebye, RMSE_MU_DERIV=0.00 mDebye / A, RMSE_ALPHA_per_atom=    0.17, RMSE_ALPHA_DERIV=    8.97
2025-07-13 01:01:02.240 INFO: Epoch 262: head: Default, loss=0.0031, RMSE_MU_per_atom=0.00 mDebye, RMSE_MU_DERIV=0.00 mDebye / A, RMSE_ALPHA_per_atom=    0.16, RMSE_ALPHA_DERIV=    8.83
2025-07-13 01:01:32.032 INFO: Epoch 263: head: Default, loss=0.0024, RMSE_MU_per_atom=0.00 mDebye, RMSE_MU_DERIV=0.00 mDebye / A, RMSE_ALPHA_per_atom=    0.14, RMSE_ALPHA_DERIV=    9.03
2025-07-13 01:02:01.805 INFO: Epoch 264: head: Default, loss=0.0029, RMSE_MU_per_atom=0.00 mDebye, RMSE_MU_DERIV=0.00 mDebye / A, RMSE_ALPHA_per_atom=    0.15, RMSE_ALPHA_DERIV=    9.01
2025-07-13 01:02:31.592 INFO: Epoch 265: head: Default, loss=0.0026, RMSE_MU_per_atom=0.00 mDebye, RMSE_MU_DERIV=0.00 mDebye / A, RMSE_ALPHA_per_atom=    0.15, RMSE_ALPHA_DERIV=    9.05
2025-07-13 01:03:01.380 INFO: Epoch 266: head: Default, loss=0.0028, RMSE_MU_per_atom=0.00 mDebye, RMSE_MU_DERIV=0.00 mDebye / A, RMSE_ALPHA_per_atom=    0.15, RMSE_ALPHA_DERIV=    8.88
2025-07-13 01:03:31.162 INFO: Epoch 267: head: Default, loss=0.0030, RMSE_MU_per_atom=0.00 mDebye, RMSE_MU_DERIV=0.00 mDebye / A, RMSE_ALPHA_per_atom=    0.15, RMSE_ALPHA_DERIV=    8.82
2025-07-13 01:04:00.957 INFO: Epoch 268: head: Default, loss=0.0031, RMSE_MU_per_atom=0.00 mDebye, RMSE_MU_DERIV=0.00 mDebye / A, RMSE_ALPHA_per_atom=    0.16, RMSE_ALPHA_DERIV=    8.86
2025-07-13 01:04:30.717 INFO: Epoch 269: head: Default, loss=0.0039, RMSE_MU_per_atom=0.00 mDebye, RMSE_MU_DERIV=0.00 mDebye / A, RMSE_ALPHA_per_atom=    0.18, RMSE_ALPHA_DERIV=    8.94
2025-07-13 01:05:00.494 INFO: Epoch 270: head: Default, loss=0.0056, RMSE_MU_per_atom=0.00 mDebye, RMSE_MU_DERIV=0.00 mDebye / A, RMSE_ALPHA_per_atom=    0.21, RMSE_ALPHA_DERIV=    9.15
2025-07-13 01:05:30.265 INFO: Epoch 271: head: Default, loss=0.0030, RMSE_MU_per_atom=0.00 mDebye, RMSE_MU_DERIV=0.00 mDebye / A, RMSE_ALPHA_per_atom=    0.15, RMSE_ALPHA_DERIV=    8.97
2025-07-13 01:06:00.043 INFO: Epoch 272: head: Default, loss=0.0030, RMSE_MU_per_atom=0.00 mDebye, RMSE_MU_DERIV=0.00 mDebye / A, RMSE_ALPHA_per_atom=    0.16, RMSE_ALPHA_DERIV=    9.02
2025-07-13 01:06:29.822 INFO: Epoch 273: head: Default, loss=0.0034, RMSE_MU_per_atom=0.00 mDebye, RMSE_MU_DERIV=0.00 mDebye / A, RMSE_ALPHA_per_atom=    0.16, RMSE_ALPHA_DERIV=    9.03
2025-07-13 01:06:59.621 INFO: Epoch 274: head: Default, loss=0.0037, RMSE_MU_per_atom=0.00 mDebye, RMSE_MU_DERIV=0.00 mDebye / A, RMSE_ALPHA_per_atom=    0.17, RMSE_ALPHA_DERIV=    9.11
2025-07-13 01:07:29.398 INFO: Epoch 275: head: Default, loss=0.0027, RMSE_MU_per_atom=0.00 mDebye, RMSE_MU_DERIV=0.00 mDebye / A, RMSE_ALPHA_per_atom=    0.15, RMSE_ALPHA_DERIV=    8.92
2025-07-13 01:07:59.172 INFO: Epoch 276: head: Default, loss=0.0027, RMSE_MU_per_atom=0.00 mDebye, RMSE_MU_DERIV=0.00 mDebye / A, RMSE_ALPHA_per_atom=    0.15, RMSE_ALPHA_DERIV=    9.06
2025-07-13 01:08:28.947 INFO: Epoch 277: head: Default, loss=0.0039, RMSE_MU_per_atom=0.00 mDebye, RMSE_MU_DERIV=0.00 mDebye / A, RMSE_ALPHA_per_atom=    0.18, RMSE_ALPHA_DERIV=    9.07
2025-07-13 01:08:58.722 INFO: Epoch 278: head: Default, loss=0.0040, RMSE_MU_per_atom=0.00 mDebye, RMSE_MU_DERIV=0.00 mDebye / A, RMSE_ALPHA_per_atom=    0.18, RMSE_ALPHA_DERIV=    9.20
2025-07-13 01:09:28.536 INFO: Epoch 279: head: Default, loss=0.0031, RMSE_MU_per_atom=0.00 mDebye, RMSE_MU_DERIV=0.00 mDebye / A, RMSE_ALPHA_per_atom=    0.16, RMSE_ALPHA_DERIV=    8.94
2025-07-13 01:09:58.396 INFO: Epoch 280: head: Default, loss=0.0034, RMSE_MU_per_atom=0.00 mDebye, RMSE_MU_DERIV=0.00 mDebye / A, RMSE_ALPHA_per_atom=    0.16, RMSE_ALPHA_DERIV=    9.07
2025-07-13 01:10:28.231 INFO: Epoch 281: head: Default, loss=0.0021, RMSE_MU_per_atom=0.00 mDebye, RMSE_MU_DERIV=0.00 mDebye / A, RMSE_ALPHA_per_atom=    0.13, RMSE_ALPHA_DERIV=    9.16
2025-07-13 01:10:58.049 INFO: Epoch 282: head: Default, loss=0.0020, RMSE_MU_per_atom=0.00 mDebye, RMSE_MU_DERIV=0.00 mDebye / A, RMSE_ALPHA_per_atom=    0.13, RMSE_ALPHA_DERIV=    9.07
2025-07-13 01:11:27.848 INFO: Epoch 283: head: Default, loss=0.0031, RMSE_MU_per_atom=0.00 mDebye, RMSE_MU_DERIV=0.00 mDebye / A, RMSE_ALPHA_per_atom=    0.16, RMSE_ALPHA_DERIV=    9.15
2025-07-13 01:11:57.683 INFO: Epoch 284: head: Default, loss=0.0032, RMSE_MU_per_atom=0.00 mDebye, RMSE_MU_DERIV=0.00 mDebye / A, RMSE_ALPHA_per_atom=    0.16, RMSE_ALPHA_DERIV=    9.15
2025-07-13 01:12:27.484 INFO: Epoch 285: head: Default, loss=0.0028, RMSE_MU_per_atom=0.00 mDebye, RMSE_MU_DERIV=0.00 mDebye / A, RMSE_ALPHA_per_atom=    0.15, RMSE_ALPHA_DERIV=    9.07
2025-07-13 01:12:57.329 INFO: Epoch 286: head: Default, loss=0.0029, RMSE_MU_per_atom=0.00 mDebye, RMSE_MU_DERIV=0.00 mDebye / A, RMSE_ALPHA_per_atom=    0.15, RMSE_ALPHA_DERIV=    9.04
2025-07-13 01:13:27.137 INFO: Epoch 287: head: Default, loss=0.0025, RMSE_MU_per_atom=0.00 mDebye, RMSE_MU_DERIV=0.00 mDebye / A, RMSE_ALPHA_per_atom=    0.14, RMSE_ALPHA_DERIV=    9.07
2025-07-13 01:13:56.922 INFO: Epoch 288: head: Default, loss=0.0030, RMSE_MU_per_atom=0.00 mDebye, RMSE_MU_DERIV=0.00 mDebye / A, RMSE_ALPHA_per_atom=    0.15, RMSE_ALPHA_DERIV=    9.04
2025-07-13 01:14:26.694 INFO: Epoch 289: head: Default, loss=0.0042, RMSE_MU_per_atom=0.00 mDebye, RMSE_MU_DERIV=0.00 mDebye / A, RMSE_ALPHA_per_atom=    0.18, RMSE_ALPHA_DERIV=    9.12
2025-07-13 01:14:56.479 INFO: Epoch 290: head: Default, loss=0.0033, RMSE_MU_per_atom=0.00 mDebye, RMSE_MU_DERIV=0.00 mDebye / A, RMSE_ALPHA_per_atom=    0.16, RMSE_ALPHA_DERIV=    9.11
2025-07-13 01:15:26.267 INFO: Epoch 291: head: Default, loss=0.0033, RMSE_MU_per_atom=0.00 mDebye, RMSE_MU_DERIV=0.00 mDebye / A, RMSE_ALPHA_per_atom=    0.16, RMSE_ALPHA_DERIV=    9.03
2025-07-13 01:15:56.068 INFO: Epoch 292: head: Default, loss=0.0025, RMSE_MU_per_atom=0.00 mDebye, RMSE_MU_DERIV=0.00 mDebye / A, RMSE_ALPHA_per_atom=    0.14, RMSE_ALPHA_DERIV=    9.07
2025-07-13 01:16:25.882 INFO: Epoch 293: head: Default, loss=0.0025, RMSE_MU_per_atom=0.00 mDebye, RMSE_MU_DERIV=0.00 mDebye / A, RMSE_ALPHA_per_atom=    0.14, RMSE_ALPHA_DERIV=    8.94
2025-07-13 01:16:55.711 INFO: Epoch 294: head: Default, loss=0.0022, RMSE_MU_per_atom=0.00 mDebye, RMSE_MU_DERIV=0.00 mDebye / A, RMSE_ALPHA_per_atom=    0.13, RMSE_ALPHA_DERIV=    8.97
2025-07-13 01:17:25.499 INFO: Epoch 295: head: Default, loss=0.0022, RMSE_MU_per_atom=0.00 mDebye, RMSE_MU_DERIV=0.00 mDebye / A, RMSE_ALPHA_per_atom=    0.13, RMSE_ALPHA_DERIV=    8.97
2025-07-13 01:17:55.345 INFO: Epoch 296: head: Default, loss=0.0022, RMSE_MU_per_atom=0.00 mDebye, RMSE_MU_DERIV=0.00 mDebye / A, RMSE_ALPHA_per_atom=    0.13, RMSE_ALPHA_DERIV=    8.96
2025-07-13 01:18:25.158 INFO: Epoch 297: head: Default, loss=0.0029, RMSE_MU_per_atom=0.00 mDebye, RMSE_MU_DERIV=0.00 mDebye / A, RMSE_ALPHA_per_atom=    0.15, RMSE_ALPHA_DERIV=    9.12
2025-07-13 01:18:54.940 INFO: Epoch 298: head: Default, loss=0.0029, RMSE_MU_per_atom=0.00 mDebye, RMSE_MU_DERIV=0.00 mDebye / A, RMSE_ALPHA_per_atom=    0.15, RMSE_ALPHA_DERIV=    9.08
2025-07-13 01:19:24.742 INFO: Epoch 299: head: Default, loss=0.0027, RMSE_MU_per_atom=0.00 mDebye, RMSE_MU_DERIV=0.00 mDebye / A, RMSE_ALPHA_per_atom=    0.15, RMSE_ALPHA_DERIV=    8.98
2025-07-13 01:19:54.552 INFO: Epoch 300: head: Default, loss=0.0025, RMSE_MU_per_atom=0.00 mDebye, RMSE_MU_DERIV=0.00 mDebye / A, RMSE_ALPHA_per_atom=    0.14, RMSE_ALPHA_DERIV=    9.01
2025-07-13 01:20:24.342 INFO: Epoch 301: head: Default, loss=0.0016, RMSE_MU_per_atom=0.00 mDebye, RMSE_MU_DERIV=0.00 mDebye / A, RMSE_ALPHA_per_atom=    0.11, RMSE_ALPHA_DERIV=    9.06
2025-07-13 01:20:54.218 INFO: Epoch 302: head: Default, loss=0.0030, RMSE_MU_per_atom=0.00 mDebye, RMSE_MU_DERIV=0.00 mDebye / A, RMSE_ALPHA_per_atom=    0.15, RMSE_ALPHA_DERIV=    9.06
2025-07-13 01:21:24.013 INFO: Epoch 303: head: Default, loss=0.0033, RMSE_MU_per_atom=0.00 mDebye, RMSE_MU_DERIV=0.00 mDebye / A, RMSE_ALPHA_per_atom=    0.16, RMSE_ALPHA_DERIV=    9.10
2025-07-13 01:21:53.822 INFO: Epoch 304: head: Default, loss=0.0032, RMSE_MU_per_atom=0.00 mDebye, RMSE_MU_DERIV=0.00 mDebye / A, RMSE_ALPHA_per_atom=    0.16, RMSE_ALPHA_DERIV=    8.99
2025-07-13 01:22:23.672 INFO: Epoch 305: head: Default, loss=0.0026, RMSE_MU_per_atom=0.00 mDebye, RMSE_MU_DERIV=0.00 mDebye / A, RMSE_ALPHA_per_atom=    0.14, RMSE_ALPHA_DERIV=    9.01
2025-07-13 01:22:53.459 INFO: Epoch 306: head: Default, loss=0.0028, RMSE_MU_per_atom=0.00 mDebye, RMSE_MU_DERIV=0.00 mDebye / A, RMSE_ALPHA_per_atom=    0.15, RMSE_ALPHA_DERIV=    8.99
2025-07-13 01:23:23.244 INFO: Epoch 307: head: Default, loss=0.0019, RMSE_MU_per_atom=0.00 mDebye, RMSE_MU_DERIV=0.00 mDebye / A, RMSE_ALPHA_per_atom=    0.12, RMSE_ALPHA_DERIV=    9.01
2025-07-13 01:23:53.057 INFO: Epoch 308: head: Default, loss=0.0023, RMSE_MU_per_atom=0.00 mDebye, RMSE_MU_DERIV=0.00 mDebye / A, RMSE_ALPHA_per_atom=    0.14, RMSE_ALPHA_DERIV=    9.02
2025-07-13 01:24:22.895 INFO: Epoch 309: head: Default, loss=0.0023, RMSE_MU_per_atom=0.00 mDebye, RMSE_MU_DERIV=0.00 mDebye / A, RMSE_ALPHA_per_atom=    0.13, RMSE_ALPHA_DERIV=    9.05
2025-07-13 01:24:52.714 INFO: Epoch 310: head: Default, loss=0.0023, RMSE_MU_per_atom=0.00 mDebye, RMSE_MU_DERIV=0.00 mDebye / A, RMSE_ALPHA_per_atom=    0.14, RMSE_ALPHA_DERIV=    8.99
2025-07-13 01:25:22.492 INFO: Epoch 311: head: Default, loss=0.0021, RMSE_MU_per_atom=0.00 mDebye, RMSE_MU_DERIV=0.00 mDebye / A, RMSE_ALPHA_per_atom=    0.13, RMSE_ALPHA_DERIV=    9.01
2025-07-13 01:25:52.328 INFO: Epoch 312: head: Default, loss=0.0024, RMSE_MU_per_atom=0.00 mDebye, RMSE_MU_DERIV=0.00 mDebye / A, RMSE_ALPHA_per_atom=    0.14, RMSE_ALPHA_DERIV=    8.99
2025-07-13 01:26:22.114 INFO: Epoch 313: head: Default, loss=0.0029, RMSE_MU_per_atom=0.00 mDebye, RMSE_MU_DERIV=0.00 mDebye / A, RMSE_ALPHA_per_atom=    0.15, RMSE_ALPHA_DERIV=    9.01
2025-07-13 01:26:51.908 INFO: Epoch 314: head: Default, loss=0.0020, RMSE_MU_per_atom=0.00 mDebye, RMSE_MU_DERIV=0.00 mDebye / A, RMSE_ALPHA_per_atom=    0.13, RMSE_ALPHA_DERIV=    9.07
2025-07-13 01:27:21.721 INFO: Epoch 315: head: Default, loss=0.0024, RMSE_MU_per_atom=0.00 mDebye, RMSE_MU_DERIV=0.00 mDebye / A, RMSE_ALPHA_per_atom=    0.14, RMSE_ALPHA_DERIV=    9.18
2025-07-13 01:27:51.542 INFO: Epoch 316: head: Default, loss=0.0026, RMSE_MU_per_atom=0.00 mDebye, RMSE_MU_DERIV=0.00 mDebye / A, RMSE_ALPHA_per_atom=    0.14, RMSE_ALPHA_DERIV=    9.09
2025-07-13 01:28:21.330 INFO: Epoch 317: head: Default, loss=0.0020, RMSE_MU_per_atom=0.00 mDebye, RMSE_MU_DERIV=0.00 mDebye / A, RMSE_ALPHA_per_atom=    0.13, RMSE_ALPHA_DERIV=    8.99
2025-07-13 01:28:51.129 INFO: Epoch 318: head: Default, loss=0.0025, RMSE_MU_per_atom=0.00 mDebye, RMSE_MU_DERIV=0.00 mDebye / A, RMSE_ALPHA_per_atom=    0.14, RMSE_ALPHA_DERIV=    9.17
2025-07-13 01:29:20.939 INFO: Epoch 319: head: Default, loss=0.0026, RMSE_MU_per_atom=0.00 mDebye, RMSE_MU_DERIV=0.00 mDebye / A, RMSE_ALPHA_per_atom=    0.14, RMSE_ALPHA_DERIV=    9.20
2025-07-13 01:29:50.749 INFO: Epoch 320: head: Default, loss=0.0027, RMSE_MU_per_atom=0.00 mDebye, RMSE_MU_DERIV=0.00 mDebye / A, RMSE_ALPHA_per_atom=    0.15, RMSE_ALPHA_DERIV=    9.17
2025-07-13 01:30:20.567 INFO: Epoch 321: head: Default, loss=0.0021, RMSE_MU_per_atom=0.00 mDebye, RMSE_MU_DERIV=0.00 mDebye / A, RMSE_ALPHA_per_atom=    0.13, RMSE_ALPHA_DERIV=    9.13
2025-07-13 01:30:50.387 INFO: Epoch 322: head: Default, loss=0.0026, RMSE_MU_per_atom=0.00 mDebye, RMSE_MU_DERIV=0.00 mDebye / A, RMSE_ALPHA_per_atom=    0.15, RMSE_ALPHA_DERIV=    9.23
2025-07-13 01:31:20.214 INFO: Epoch 323: head: Default, loss=0.0022, RMSE_MU_per_atom=0.00 mDebye, RMSE_MU_DERIV=0.00 mDebye / A, RMSE_ALPHA_per_atom=    0.13, RMSE_ALPHA_DERIV=    9.09
2025-07-13 01:31:50.022 INFO: Epoch 324: head: Default, loss=0.0020, RMSE_MU_per_atom=0.00 mDebye, RMSE_MU_DERIV=0.00 mDebye / A, RMSE_ALPHA_per_atom=    0.13, RMSE_ALPHA_DERIV=    9.15
2025-07-13 01:32:19.832 INFO: Epoch 325: head: Default, loss=0.0025, RMSE_MU_per_atom=0.00 mDebye, RMSE_MU_DERIV=0.00 mDebye / A, RMSE_ALPHA_per_atom=    0.14, RMSE_ALPHA_DERIV=    9.12
2025-07-13 01:32:49.667 INFO: Epoch 326: head: Default, loss=0.0021, RMSE_MU_per_atom=0.00 mDebye, RMSE_MU_DERIV=0.00 mDebye / A, RMSE_ALPHA_per_atom=    0.13, RMSE_ALPHA_DERIV=    9.10
2025-07-13 01:33:19.518 INFO: Epoch 327: head: Default, loss=0.0027, RMSE_MU_per_atom=0.00 mDebye, RMSE_MU_DERIV=0.00 mDebye / A, RMSE_ALPHA_per_atom=    0.15, RMSE_ALPHA_DERIV=    9.07
2025-07-13 01:33:49.382 INFO: Epoch 328: head: Default, loss=0.0026, RMSE_MU_per_atom=0.00 mDebye, RMSE_MU_DERIV=0.00 mDebye / A, RMSE_ALPHA_per_atom=    0.15, RMSE_ALPHA_DERIV=    9.03
2025-07-13 01:34:19.292 INFO: Epoch 329: head: Default, loss=0.0031, RMSE_MU_per_atom=0.00 mDebye, RMSE_MU_DERIV=0.00 mDebye / A, RMSE_ALPHA_per_atom=    0.16, RMSE_ALPHA_DERIV=    9.08
2025-07-13 01:34:49.162 INFO: Epoch 330: head: Default, loss=0.0018, RMSE_MU_per_atom=0.00 mDebye, RMSE_MU_DERIV=0.00 mDebye / A, RMSE_ALPHA_per_atom=    0.12, RMSE_ALPHA_DERIV=    8.95
2025-07-13 01:35:19.012 INFO: Epoch 331: head: Default, loss=0.0022, RMSE_MU_per_atom=0.00 mDebye, RMSE_MU_DERIV=0.00 mDebye / A, RMSE_ALPHA_per_atom=    0.13, RMSE_ALPHA_DERIV=    9.00
2025-07-13 01:35:48.917 INFO: Epoch 332: head: Default, loss=0.0028, RMSE_MU_per_atom=0.00 mDebye, RMSE_MU_DERIV=0.00 mDebye / A, RMSE_ALPHA_per_atom=    0.15, RMSE_ALPHA_DERIV=    8.96
2025-07-13 01:36:18.829 INFO: Epoch 333: head: Default, loss=0.0028, RMSE_MU_per_atom=0.00 mDebye, RMSE_MU_DERIV=0.00 mDebye / A, RMSE_ALPHA_per_atom=    0.15, RMSE_ALPHA_DERIV=    8.99
2025-07-13 01:36:48.702 INFO: Epoch 334: head: Default, loss=0.0027, RMSE_MU_per_atom=0.00 mDebye, RMSE_MU_DERIV=0.00 mDebye / A, RMSE_ALPHA_per_atom=    0.15, RMSE_ALPHA_DERIV=    9.11
2025-07-13 01:37:18.539 INFO: Epoch 335: head: Default, loss=0.0029, RMSE_MU_per_atom=0.00 mDebye, RMSE_MU_DERIV=0.00 mDebye / A, RMSE_ALPHA_per_atom=    0.15, RMSE_ALPHA_DERIV=    9.04
2025-07-13 01:37:48.369 INFO: Epoch 336: head: Default, loss=0.0031, RMSE_MU_per_atom=0.00 mDebye, RMSE_MU_DERIV=0.00 mDebye / A, RMSE_ALPHA_per_atom=    0.16, RMSE_ALPHA_DERIV=    9.15
2025-07-13 01:38:18.245 INFO: Epoch 337: head: Default, loss=0.0035, RMSE_MU_per_atom=0.00 mDebye, RMSE_MU_DERIV=0.00 mDebye / A, RMSE_ALPHA_per_atom=    0.17, RMSE_ALPHA_DERIV=    9.31
2025-07-13 01:38:48.110 INFO: Epoch 338: head: Default, loss=0.0018, RMSE_MU_per_atom=0.00 mDebye, RMSE_MU_DERIV=0.00 mDebye / A, RMSE_ALPHA_per_atom=    0.12, RMSE_ALPHA_DERIV=    9.02
2025-07-13 01:39:17.956 INFO: Epoch 339: head: Default, loss=0.0027, RMSE_MU_per_atom=0.00 mDebye, RMSE_MU_DERIV=0.00 mDebye / A, RMSE_ALPHA_per_atom=    0.15, RMSE_ALPHA_DERIV=    9.06
2025-07-13 01:39:47.784 INFO: Epoch 340: head: Default, loss=0.0032, RMSE_MU_per_atom=0.00 mDebye, RMSE_MU_DERIV=0.00 mDebye / A, RMSE_ALPHA_per_atom=    0.16, RMSE_ALPHA_DERIV=    9.10
2025-07-13 01:40:17.627 INFO: Epoch 341: head: Default, loss=0.0023, RMSE_MU_per_atom=0.00 mDebye, RMSE_MU_DERIV=0.00 mDebye / A, RMSE_ALPHA_per_atom=    0.13, RMSE_ALPHA_DERIV=    9.17
2025-07-13 01:40:47.459 INFO: Epoch 342: head: Default, loss=0.0024, RMSE_MU_per_atom=0.00 mDebye, RMSE_MU_DERIV=0.00 mDebye / A, RMSE_ALPHA_per_atom=    0.14, RMSE_ALPHA_DERIV=    9.09
2025-07-13 01:41:17.318 INFO: Epoch 343: head: Default, loss=0.0023, RMSE_MU_per_atom=0.00 mDebye, RMSE_MU_DERIV=0.00 mDebye / A, RMSE_ALPHA_per_atom=    0.14, RMSE_ALPHA_DERIV=    9.02
2025-07-13 01:41:47.207 INFO: Epoch 344: head: Default, loss=0.0017, RMSE_MU_per_atom=0.00 mDebye, RMSE_MU_DERIV=0.00 mDebye / A, RMSE_ALPHA_per_atom=    0.12, RMSE_ALPHA_DERIV=    9.02
2025-07-13 01:42:17.084 INFO: Epoch 345: head: Default, loss=0.0022, RMSE_MU_per_atom=0.00 mDebye, RMSE_MU_DERIV=0.00 mDebye / A, RMSE_ALPHA_per_atom=    0.13, RMSE_ALPHA_DERIV=    9.07
2025-07-13 01:42:46.987 INFO: Epoch 346: head: Default, loss=0.0022, RMSE_MU_per_atom=0.00 mDebye, RMSE_MU_DERIV=0.00 mDebye / A, RMSE_ALPHA_per_atom=    0.13, RMSE_ALPHA_DERIV=    9.13
2025-07-13 01:43:16.868 INFO: Epoch 347: head: Default, loss=0.0024, RMSE_MU_per_atom=0.00 mDebye, RMSE_MU_DERIV=0.00 mDebye / A, RMSE_ALPHA_per_atom=    0.14, RMSE_ALPHA_DERIV=    9.20
2025-07-13 01:43:46.706 INFO: Epoch 348: head: Default, loss=0.0026, RMSE_MU_per_atom=0.00 mDebye, RMSE_MU_DERIV=0.00 mDebye / A, RMSE_ALPHA_per_atom=    0.15, RMSE_ALPHA_DERIV=    9.13
2025-07-13 01:44:16.610 INFO: Epoch 349: head: Default, loss=0.0023, RMSE_MU_per_atom=0.00 mDebye, RMSE_MU_DERIV=0.00 mDebye / A, RMSE_ALPHA_per_atom=    0.13, RMSE_ALPHA_DERIV=    9.18
2025-07-13 01:44:46.524 INFO: Epoch 350: head: Default, loss=0.0025, RMSE_MU_per_atom=0.00 mDebye, RMSE_MU_DERIV=0.00 mDebye / A, RMSE_ALPHA_per_atom=    0.14, RMSE_ALPHA_DERIV=    9.17
2025-07-13 01:45:16.430 INFO: Epoch 351: head: Default, loss=0.0017, RMSE_MU_per_atom=0.00 mDebye, RMSE_MU_DERIV=0.00 mDebye / A, RMSE_ALPHA_per_atom=    0.12, RMSE_ALPHA_DERIV=    9.17
2025-07-13 01:45:46.307 INFO: Epoch 352: head: Default, loss=0.0023, RMSE_MU_per_atom=0.00 mDebye, RMSE_MU_DERIV=0.00 mDebye / A, RMSE_ALPHA_per_atom=    0.14, RMSE_ALPHA_DERIV=    9.28
2025-07-13 01:46:16.196 INFO: Epoch 353: head: Default, loss=0.0024, RMSE_MU_per_atom=0.00 mDebye, RMSE_MU_DERIV=0.00 mDebye / A, RMSE_ALPHA_per_atom=    0.14, RMSE_ALPHA_DERIV=    9.18
2025-07-13 01:46:46.053 INFO: Epoch 354: head: Default, loss=0.0017, RMSE_MU_per_atom=0.00 mDebye, RMSE_MU_DERIV=0.00 mDebye / A, RMSE_ALPHA_per_atom=    0.12, RMSE_ALPHA_DERIV=    9.16
2025-07-13 01:47:15.925 INFO: Epoch 355: head: Default, loss=0.0021, RMSE_MU_per_atom=0.00 mDebye, RMSE_MU_DERIV=0.00 mDebye / A, RMSE_ALPHA_per_atom=    0.13, RMSE_ALPHA_DERIV=    9.14
2025-07-13 01:47:45.773 INFO: Epoch 356: head: Default, loss=0.0028, RMSE_MU_per_atom=0.00 mDebye, RMSE_MU_DERIV=0.00 mDebye / A, RMSE_ALPHA_per_atom=    0.15, RMSE_ALPHA_DERIV=    9.25
2025-07-13 01:48:15.625 INFO: Epoch 357: head: Default, loss=0.0025, RMSE_MU_per_atom=0.00 mDebye, RMSE_MU_DERIV=0.00 mDebye / A, RMSE_ALPHA_per_atom=    0.14, RMSE_ALPHA_DERIV=    9.16
2025-07-13 01:48:45.454 INFO: Epoch 358: head: Default, loss=0.0025, RMSE_MU_per_atom=0.00 mDebye, RMSE_MU_DERIV=0.00 mDebye / A, RMSE_ALPHA_per_atom=    0.14, RMSE_ALPHA_DERIV=    9.13
2025-07-13 01:49:15.285 INFO: Epoch 359: head: Default, loss=0.0026, RMSE_MU_per_atom=0.00 mDebye, RMSE_MU_DERIV=0.00 mDebye / A, RMSE_ALPHA_per_atom=    0.14, RMSE_ALPHA_DERIV=    9.17
2025-07-13 01:49:45.215 INFO: Epoch 360: head: Default, loss=0.0024, RMSE_MU_per_atom=0.00 mDebye, RMSE_MU_DERIV=0.00 mDebye / A, RMSE_ALPHA_per_atom=    0.14, RMSE_ALPHA_DERIV=    9.16
2025-07-13 01:50:15.059 INFO: Epoch 361: head: Default, loss=0.0024, RMSE_MU_per_atom=0.00 mDebye, RMSE_MU_DERIV=0.00 mDebye / A, RMSE_ALPHA_per_atom=    0.14, RMSE_ALPHA_DERIV=    9.17
2025-07-13 01:50:44.939 INFO: Epoch 362: head: Default, loss=0.0018, RMSE_MU_per_atom=0.00 mDebye, RMSE_MU_DERIV=0.00 mDebye / A, RMSE_ALPHA_per_atom=    0.12, RMSE_ALPHA_DERIV=    9.21
2025-07-13 01:51:14.818 INFO: Epoch 363: head: Default, loss=0.0019, RMSE_MU_per_atom=0.00 mDebye, RMSE_MU_DERIV=0.00 mDebye / A, RMSE_ALPHA_per_atom=    0.12, RMSE_ALPHA_DERIV=    9.24
2025-07-13 01:51:44.758 INFO: Epoch 364: head: Default, loss=0.0020, RMSE_MU_per_atom=0.00 mDebye, RMSE_MU_DERIV=0.00 mDebye / A, RMSE_ALPHA_per_atom=    0.13, RMSE_ALPHA_DERIV=    9.20
2025-07-13 01:52:14.625 INFO: Epoch 365: head: Default, loss=0.0022, RMSE_MU_per_atom=0.00 mDebye, RMSE_MU_DERIV=0.00 mDebye / A, RMSE_ALPHA_per_atom=    0.13, RMSE_ALPHA_DERIV=    9.22
2025-07-13 01:52:44.510 INFO: Epoch 366: head: Default, loss=0.0024, RMSE_MU_per_atom=0.00 mDebye, RMSE_MU_DERIV=0.00 mDebye / A, RMSE_ALPHA_per_atom=    0.14, RMSE_ALPHA_DERIV=    9.26
2025-07-13 01:53:14.358 INFO: Epoch 367: head: Default, loss=0.0022, RMSE_MU_per_atom=0.00 mDebye, RMSE_MU_DERIV=0.00 mDebye / A, RMSE_ALPHA_per_atom=    0.13, RMSE_ALPHA_DERIV=    9.23
2025-07-13 01:53:44.232 INFO: Epoch 368: head: Default, loss=0.0021, RMSE_MU_per_atom=0.00 mDebye, RMSE_MU_DERIV=0.00 mDebye / A, RMSE_ALPHA_per_atom=    0.13, RMSE_ALPHA_DERIV=    9.24
2025-07-13 01:54:14.130 INFO: Epoch 369: head: Default, loss=0.0020, RMSE_MU_per_atom=0.00 mDebye, RMSE_MU_DERIV=0.00 mDebye / A, RMSE_ALPHA_per_atom=    0.13, RMSE_ALPHA_DERIV=    9.20
2025-07-13 01:54:43.984 INFO: Epoch 370: head: Default, loss=0.0017, RMSE_MU_per_atom=0.00 mDebye, RMSE_MU_DERIV=0.00 mDebye / A, RMSE_ALPHA_per_atom=    0.12, RMSE_ALPHA_DERIV=    9.16
2025-07-13 01:55:13.852 INFO: Epoch 371: head: Default, loss=0.0017, RMSE_MU_per_atom=0.00 mDebye, RMSE_MU_DERIV=0.00 mDebye / A, RMSE_ALPHA_per_atom=    0.12, RMSE_ALPHA_DERIV=    9.12
2025-07-13 01:55:43.714 INFO: Epoch 372: head: Default, loss=0.0020, RMSE_MU_per_atom=0.00 mDebye, RMSE_MU_DERIV=0.00 mDebye / A, RMSE_ALPHA_per_atom=    0.13, RMSE_ALPHA_DERIV=    9.15
2025-07-13 01:56:13.561 INFO: Epoch 373: head: Default, loss=0.0016, RMSE_MU_per_atom=0.00 mDebye, RMSE_MU_DERIV=0.00 mDebye / A, RMSE_ALPHA_per_atom=    0.11, RMSE_ALPHA_DERIV=    9.13
2025-07-13 01:56:43.433 INFO: Epoch 374: head: Default, loss=0.0039, RMSE_MU_per_atom=0.00 mDebye, RMSE_MU_DERIV=0.00 mDebye / A, RMSE_ALPHA_per_atom=    0.18, RMSE_ALPHA_DERIV=    9.18
2025-07-13 01:57:13.269 INFO: Epoch 375: head: Default, loss=0.0031, RMSE_MU_per_atom=0.00 mDebye, RMSE_MU_DERIV=0.00 mDebye / A, RMSE_ALPHA_per_atom=    0.16, RMSE_ALPHA_DERIV=    9.31
2025-07-13 01:57:43.099 INFO: Epoch 376: head: Default, loss=0.0031, RMSE_MU_per_atom=0.00 mDebye, RMSE_MU_DERIV=0.00 mDebye / A, RMSE_ALPHA_per_atom=    0.16, RMSE_ALPHA_DERIV=    9.23
2025-07-13 01:58:12.916 INFO: Epoch 377: head: Default, loss=0.0022, RMSE_MU_per_atom=0.00 mDebye, RMSE_MU_DERIV=0.00 mDebye / A, RMSE_ALPHA_per_atom=    0.13, RMSE_ALPHA_DERIV=    9.10
2025-07-13 01:58:42.754 INFO: Epoch 378: head: Default, loss=0.0021, RMSE_MU_per_atom=0.00 mDebye, RMSE_MU_DERIV=0.00 mDebye / A, RMSE_ALPHA_per_atom=    0.13, RMSE_ALPHA_DERIV=    9.11
2025-07-13 01:59:12.562 INFO: Epoch 379: head: Default, loss=0.0022, RMSE_MU_per_atom=0.00 mDebye, RMSE_MU_DERIV=0.00 mDebye / A, RMSE_ALPHA_per_atom=    0.13, RMSE_ALPHA_DERIV=    9.13
2025-07-13 01:59:42.341 INFO: Epoch 380: head: Default, loss=0.0023, RMSE_MU_per_atom=0.00 mDebye, RMSE_MU_DERIV=0.00 mDebye / A, RMSE_ALPHA_per_atom=    0.14, RMSE_ALPHA_DERIV=    9.11
2025-07-13 02:00:12.138 INFO: Epoch 381: head: Default, loss=0.0023, RMSE_MU_per_atom=0.00 mDebye, RMSE_MU_DERIV=0.00 mDebye / A, RMSE_ALPHA_per_atom=    0.14, RMSE_ALPHA_DERIV=    9.19
2025-07-13 02:00:41.952 INFO: Epoch 382: head: Default, loss=0.0028, RMSE_MU_per_atom=0.00 mDebye, RMSE_MU_DERIV=0.00 mDebye / A, RMSE_ALPHA_per_atom=    0.15, RMSE_ALPHA_DERIV=    9.18
2025-07-13 02:01:11.794 INFO: Epoch 383: head: Default, loss=0.0022, RMSE_MU_per_atom=0.00 mDebye, RMSE_MU_DERIV=0.00 mDebye / A, RMSE_ALPHA_per_atom=    0.13, RMSE_ALPHA_DERIV=    9.17
2025-07-13 02:01:41.624 INFO: Epoch 384: head: Default, loss=0.0023, RMSE_MU_per_atom=0.00 mDebye, RMSE_MU_DERIV=0.00 mDebye / A, RMSE_ALPHA_per_atom=    0.14, RMSE_ALPHA_DERIV=    9.16
2025-07-13 02:02:11.505 INFO: Epoch 385: head: Default, loss=0.0023, RMSE_MU_per_atom=0.00 mDebye, RMSE_MU_DERIV=0.00 mDebye / A, RMSE_ALPHA_per_atom=    0.14, RMSE_ALPHA_DERIV=    9.20
2025-07-13 02:02:41.359 INFO: Epoch 386: head: Default, loss=0.0024, RMSE_MU_per_atom=0.00 mDebye, RMSE_MU_DERIV=0.00 mDebye / A, RMSE_ALPHA_per_atom=    0.14, RMSE_ALPHA_DERIV=    9.23
2025-07-13 02:03:11.164 INFO: Epoch 387: head: Default, loss=0.0017, RMSE_MU_per_atom=0.00 mDebye, RMSE_MU_DERIV=0.00 mDebye / A, RMSE_ALPHA_per_atom=    0.12, RMSE_ALPHA_DERIV=    9.14
2025-07-13 02:03:40.968 INFO: Epoch 388: head: Default, loss=0.0019, RMSE_MU_per_atom=0.00 mDebye, RMSE_MU_DERIV=0.00 mDebye / A, RMSE_ALPHA_per_atom=    0.12, RMSE_ALPHA_DERIV=    9.20
2025-07-13 02:04:10.882 INFO: Epoch 389: head: Default, loss=0.0019, RMSE_MU_per_atom=0.00 mDebye, RMSE_MU_DERIV=0.00 mDebye / A, RMSE_ALPHA_per_atom=    0.12, RMSE_ALPHA_DERIV=    9.08
2025-07-13 02:04:40.797 INFO: Epoch 390: head: Default, loss=0.0027, RMSE_MU_per_atom=0.00 mDebye, RMSE_MU_DERIV=0.00 mDebye / A, RMSE_ALPHA_per_atom=    0.15, RMSE_ALPHA_DERIV=    9.18
2025-07-13 02:05:10.692 INFO: Epoch 391: head: Default, loss=0.0021, RMSE_MU_per_atom=0.00 mDebye, RMSE_MU_DERIV=0.00 mDebye / A, RMSE_ALPHA_per_atom=    0.13, RMSE_ALPHA_DERIV=    9.15
2025-07-13 02:05:40.582 INFO: Epoch 392: head: Default, loss=0.0019, RMSE_MU_per_atom=0.00 mDebye, RMSE_MU_DERIV=0.00 mDebye / A, RMSE_ALPHA_per_atom=    0.12, RMSE_ALPHA_DERIV=    9.17
2025-07-13 02:06:10.483 INFO: Epoch 393: head: Default, loss=0.0023, RMSE_MU_per_atom=0.00 mDebye, RMSE_MU_DERIV=0.00 mDebye / A, RMSE_ALPHA_per_atom=    0.13, RMSE_ALPHA_DERIV=    9.07
2025-07-13 02:06:40.406 INFO: Epoch 394: head: Default, loss=0.0022, RMSE_MU_per_atom=0.00 mDebye, RMSE_MU_DERIV=0.00 mDebye / A, RMSE_ALPHA_per_atom=    0.13, RMSE_ALPHA_DERIV=    9.18
2025-07-13 02:07:10.292 INFO: Epoch 395: head: Default, loss=0.0022, RMSE_MU_per_atom=0.00 mDebye, RMSE_MU_DERIV=0.00 mDebye / A, RMSE_ALPHA_per_atom=    0.13, RMSE_ALPHA_DERIV=    9.14
2025-07-13 02:07:40.106 INFO: Epoch 396: head: Default, loss=0.0021, RMSE_MU_per_atom=0.00 mDebye, RMSE_MU_DERIV=0.00 mDebye / A, RMSE_ALPHA_per_atom=    0.13, RMSE_ALPHA_DERIV=    9.08
2025-07-13 02:08:10.017 INFO: Epoch 397: head: Default, loss=0.0020, RMSE_MU_per_atom=0.00 mDebye, RMSE_MU_DERIV=0.00 mDebye / A, RMSE_ALPHA_per_atom=    0.13, RMSE_ALPHA_DERIV=    9.18
2025-07-13 02:08:39.870 INFO: Epoch 398: head: Default, loss=0.0022, RMSE_MU_per_atom=0.00 mDebye, RMSE_MU_DERIV=0.00 mDebye / A, RMSE_ALPHA_per_atom=    0.13, RMSE_ALPHA_DERIV=    9.19
2025-07-13 02:09:09.678 INFO: Epoch 399: head: Default, loss=0.0020, RMSE_MU_per_atom=0.00 mDebye, RMSE_MU_DERIV=0.00 mDebye / A, RMSE_ALPHA_per_atom=    0.13, RMSE_ALPHA_DERIV=    9.21
2025-07-13 02:09:39.554 INFO: Epoch 400: head: Default, loss=0.0028, RMSE_MU_per_atom=0.00 mDebye, RMSE_MU_DERIV=0.00 mDebye / A, RMSE_ALPHA_per_atom=    0.15, RMSE_ALPHA_DERIV=    9.18
2025-07-13 02:10:09.448 INFO: Epoch 401: head: Default, loss=0.0020, RMSE_MU_per_atom=0.00 mDebye, RMSE_MU_DERIV=0.00 mDebye / A, RMSE_ALPHA_per_atom=    0.13, RMSE_ALPHA_DERIV=    9.25
2025-07-13 02:10:39.344 INFO: Epoch 402: head: Default, loss=0.0024, RMSE_MU_per_atom=0.00 mDebye, RMSE_MU_DERIV=0.00 mDebye / A, RMSE_ALPHA_per_atom=    0.14, RMSE_ALPHA_DERIV=    9.16
2025-07-13 02:11:09.316 INFO: Epoch 403: head: Default, loss=0.0024, RMSE_MU_per_atom=0.00 mDebye, RMSE_MU_DERIV=0.00 mDebye / A, RMSE_ALPHA_per_atom=    0.14, RMSE_ALPHA_DERIV=    9.14
2025-07-13 02:11:39.252 INFO: Epoch 404: head: Default, loss=0.0026, RMSE_MU_per_atom=0.00 mDebye, RMSE_MU_DERIV=0.00 mDebye / A, RMSE_ALPHA_per_atom=    0.14, RMSE_ALPHA_DERIV=    9.18
2025-07-13 02:12:09.119 INFO: Epoch 405: head: Default, loss=0.0020, RMSE_MU_per_atom=0.00 mDebye, RMSE_MU_DERIV=0.00 mDebye / A, RMSE_ALPHA_per_atom=    0.13, RMSE_ALPHA_DERIV=    9.16
2025-07-13 02:12:38.982 INFO: Epoch 406: head: Default, loss=0.0028, RMSE_MU_per_atom=0.00 mDebye, RMSE_MU_DERIV=0.00 mDebye / A, RMSE_ALPHA_per_atom=    0.15, RMSE_ALPHA_DERIV=    9.16
2025-07-13 02:13:08.915 INFO: Epoch 407: head: Default, loss=0.0042, RMSE_MU_per_atom=0.00 mDebye, RMSE_MU_DERIV=0.00 mDebye / A, RMSE_ALPHA_per_atom=    0.18, RMSE_ALPHA_DERIV=    9.19
2025-07-13 02:13:38.855 INFO: Epoch 408: head: Default, loss=0.0020, RMSE_MU_per_atom=0.00 mDebye, RMSE_MU_DERIV=0.00 mDebye / A, RMSE_ALPHA_per_atom=    0.13, RMSE_ALPHA_DERIV=    9.18
2025-07-13 02:14:08.857 INFO: Epoch 409: head: Default, loss=0.0028, RMSE_MU_per_atom=0.00 mDebye, RMSE_MU_DERIV=0.00 mDebye / A, RMSE_ALPHA_per_atom=    0.15, RMSE_ALPHA_DERIV=    9.07
2025-07-13 02:14:38.859 INFO: Epoch 410: head: Default, loss=0.0023, RMSE_MU_per_atom=0.00 mDebye, RMSE_MU_DERIV=0.00 mDebye / A, RMSE_ALPHA_per_atom=    0.14, RMSE_ALPHA_DERIV=    9.12
2025-07-13 02:15:08.830 INFO: Epoch 411: head: Default, loss=0.0026, RMSE_MU_per_atom=0.00 mDebye, RMSE_MU_DERIV=0.00 mDebye / A, RMSE_ALPHA_per_atom=    0.14, RMSE_ALPHA_DERIV=    9.20
2025-07-13 02:15:38.780 INFO: Epoch 412: head: Default, loss=0.0018, RMSE_MU_per_atom=0.00 mDebye, RMSE_MU_DERIV=0.00 mDebye / A, RMSE_ALPHA_per_atom=    0.12, RMSE_ALPHA_DERIV=    9.20
2025-07-13 02:16:08.738 INFO: Epoch 413: head: Default, loss=0.0025, RMSE_MU_per_atom=0.00 mDebye, RMSE_MU_DERIV=0.00 mDebye / A, RMSE_ALPHA_per_atom=    0.14, RMSE_ALPHA_DERIV=    9.21
2025-07-13 02:16:38.676 INFO: Epoch 414: head: Default, loss=0.0027, RMSE_MU_per_atom=0.00 mDebye, RMSE_MU_DERIV=0.00 mDebye / A, RMSE_ALPHA_per_atom=    0.15, RMSE_ALPHA_DERIV=    9.22
2025-07-13 02:17:08.644 INFO: Epoch 415: head: Default, loss=0.0025, RMSE_MU_per_atom=0.00 mDebye, RMSE_MU_DERIV=0.00 mDebye / A, RMSE_ALPHA_per_atom=    0.14, RMSE_ALPHA_DERIV=    9.20
2025-07-13 02:17:38.565 INFO: Epoch 416: head: Default, loss=0.0020, RMSE_MU_per_atom=0.00 mDebye, RMSE_MU_DERIV=0.00 mDebye / A, RMSE_ALPHA_per_atom=    0.13, RMSE_ALPHA_DERIV=    9.19
2025-07-13 02:18:08.476 INFO: Epoch 417: head: Default, loss=0.0025, RMSE_MU_per_atom=0.00 mDebye, RMSE_MU_DERIV=0.00 mDebye / A, RMSE_ALPHA_per_atom=    0.14, RMSE_ALPHA_DERIV=    9.18
2025-07-13 02:18:38.379 INFO: Epoch 418: head: Default, loss=0.0020, RMSE_MU_per_atom=0.00 mDebye, RMSE_MU_DERIV=0.00 mDebye / A, RMSE_ALPHA_per_atom=    0.13, RMSE_ALPHA_DERIV=    9.20
2025-07-13 02:19:08.268 INFO: Epoch 419: head: Default, loss=0.0024, RMSE_MU_per_atom=0.00 mDebye, RMSE_MU_DERIV=0.00 mDebye / A, RMSE_ALPHA_per_atom=    0.14, RMSE_ALPHA_DERIV=    9.24
2025-07-13 02:19:38.206 INFO: Epoch 420: head: Default, loss=0.0024, RMSE_MU_per_atom=0.00 mDebye, RMSE_MU_DERIV=0.00 mDebye / A, RMSE_ALPHA_per_atom=    0.14, RMSE_ALPHA_DERIV=    9.27
2025-07-13 02:20:08.146 INFO: Epoch 421: head: Default, loss=0.0021, RMSE_MU_per_atom=0.00 mDebye, RMSE_MU_DERIV=0.00 mDebye / A, RMSE_ALPHA_per_atom=    0.13, RMSE_ALPHA_DERIV=    9.16
2025-07-13 02:20:38.058 INFO: Epoch 422: head: Default, loss=0.0020, RMSE_MU_per_atom=0.00 mDebye, RMSE_MU_DERIV=0.00 mDebye / A, RMSE_ALPHA_per_atom=    0.13, RMSE_ALPHA_DERIV=    9.23
2025-07-13 02:21:07.960 INFO: Epoch 423: head: Default, loss=0.0023, RMSE_MU_per_atom=0.00 mDebye, RMSE_MU_DERIV=0.00 mDebye / A, RMSE_ALPHA_per_atom=    0.13, RMSE_ALPHA_DERIV=    9.22
2025-07-13 02:21:37.862 INFO: Epoch 424: head: Default, loss=0.0023, RMSE_MU_per_atom=0.00 mDebye, RMSE_MU_DERIV=0.00 mDebye / A, RMSE_ALPHA_per_atom=    0.13, RMSE_ALPHA_DERIV=    9.24
2025-07-13 02:22:07.797 INFO: Epoch 425: head: Default, loss=0.0022, RMSE_MU_per_atom=0.00 mDebye, RMSE_MU_DERIV=0.00 mDebye / A, RMSE_ALPHA_per_atom=    0.13, RMSE_ALPHA_DERIV=    9.30
2025-07-13 02:22:37.655 INFO: Epoch 426: head: Default, loss=0.0028, RMSE_MU_per_atom=0.00 mDebye, RMSE_MU_DERIV=0.00 mDebye / A, RMSE_ALPHA_per_atom=    0.15, RMSE_ALPHA_DERIV=    9.25
2025-07-13 02:23:07.514 INFO: Epoch 427: head: Default, loss=0.0022, RMSE_MU_per_atom=0.00 mDebye, RMSE_MU_DERIV=0.00 mDebye / A, RMSE_ALPHA_per_atom=    0.13, RMSE_ALPHA_DERIV=    9.25
2025-07-13 02:23:37.430 INFO: Epoch 428: head: Default, loss=0.0024, RMSE_MU_per_atom=0.00 mDebye, RMSE_MU_DERIV=0.00 mDebye / A, RMSE_ALPHA_per_atom=    0.14, RMSE_ALPHA_DERIV=    9.29
2025-07-13 02:24:07.343 INFO: Epoch 429: head: Default, loss=0.0020, RMSE_MU_per_atom=0.00 mDebye, RMSE_MU_DERIV=0.00 mDebye / A, RMSE_ALPHA_per_atom=    0.13, RMSE_ALPHA_DERIV=    9.27
2025-07-13 02:24:37.253 INFO: Epoch 430: head: Default, loss=0.0022, RMSE_MU_per_atom=0.00 mDebye, RMSE_MU_DERIV=0.00 mDebye / A, RMSE_ALPHA_per_atom=    0.13, RMSE_ALPHA_DERIV=    9.25
2025-07-13 02:25:07.154 INFO: Epoch 431: head: Default, loss=0.0022, RMSE_MU_per_atom=0.00 mDebye, RMSE_MU_DERIV=0.00 mDebye / A, RMSE_ALPHA_per_atom=    0.13, RMSE_ALPHA_DERIV=    9.30
2025-07-13 02:25:37.059 INFO: Epoch 432: head: Default, loss=0.0022, RMSE_MU_per_atom=0.00 mDebye, RMSE_MU_DERIV=0.00 mDebye / A, RMSE_ALPHA_per_atom=    0.13, RMSE_ALPHA_DERIV=    9.25
2025-07-13 02:26:06.978 INFO: Epoch 433: head: Default, loss=0.0025, RMSE_MU_per_atom=0.00 mDebye, RMSE_MU_DERIV=0.00 mDebye / A, RMSE_ALPHA_per_atom=    0.14, RMSE_ALPHA_DERIV=    9.24
2025-07-13 02:26:36.878 INFO: Epoch 434: head: Default, loss=0.0043, RMSE_MU_per_atom=0.00 mDebye, RMSE_MU_DERIV=0.00 mDebye / A, RMSE_ALPHA_per_atom=    0.19, RMSE_ALPHA_DERIV=    9.40
2025-07-13 02:27:06.749 INFO: Epoch 435: head: Default, loss=0.0020, RMSE_MU_per_atom=0.00 mDebye, RMSE_MU_DERIV=0.00 mDebye / A, RMSE_ALPHA_per_atom=    0.13, RMSE_ALPHA_DERIV=    9.34
2025-07-13 02:27:36.608 INFO: Epoch 436: head: Default, loss=0.0022, RMSE_MU_per_atom=0.00 mDebye, RMSE_MU_DERIV=0.00 mDebye / A, RMSE_ALPHA_per_atom=    0.13, RMSE_ALPHA_DERIV=    9.31
2025-07-13 02:28:06.535 INFO: Epoch 437: head: Default, loss=0.0025, RMSE_MU_per_atom=0.00 mDebye, RMSE_MU_DERIV=0.00 mDebye / A, RMSE_ALPHA_per_atom=    0.14, RMSE_ALPHA_DERIV=    9.27
2025-07-13 02:28:36.456 INFO: Epoch 438: head: Default, loss=0.0023, RMSE_MU_per_atom=0.00 mDebye, RMSE_MU_DERIV=0.00 mDebye / A, RMSE_ALPHA_per_atom=    0.14, RMSE_ALPHA_DERIV=    9.32
2025-07-13 02:29:06.404 INFO: Epoch 439: head: Default, loss=0.0026, RMSE_MU_per_atom=0.00 mDebye, RMSE_MU_DERIV=0.00 mDebye / A, RMSE_ALPHA_per_atom=    0.14, RMSE_ALPHA_DERIV=    9.34
2025-07-13 02:29:36.318 INFO: Epoch 440: head: Default, loss=0.0019, RMSE_MU_per_atom=0.00 mDebye, RMSE_MU_DERIV=0.00 mDebye / A, RMSE_ALPHA_per_atom=    0.12, RMSE_ALPHA_DERIV=    9.26
2025-07-13 02:30:06.297 INFO: Epoch 441: head: Default, loss=0.0019, RMSE_MU_per_atom=0.00 mDebye, RMSE_MU_DERIV=0.00 mDebye / A, RMSE_ALPHA_per_atom=    0.12, RMSE_ALPHA_DERIV=    9.32
2025-07-13 02:30:36.288 INFO: Epoch 442: head: Default, loss=0.0022, RMSE_MU_per_atom=0.00 mDebye, RMSE_MU_DERIV=0.00 mDebye / A, RMSE_ALPHA_per_atom=    0.13, RMSE_ALPHA_DERIV=    9.27
2025-07-13 02:31:06.225 INFO: Epoch 443: head: Default, loss=0.0026, RMSE_MU_per_atom=0.00 mDebye, RMSE_MU_DERIV=0.00 mDebye / A, RMSE_ALPHA_per_atom=    0.15, RMSE_ALPHA_DERIV=    9.28
2025-07-13 02:31:36.147 INFO: Epoch 444: head: Default, loss=0.0019, RMSE_MU_per_atom=0.00 mDebye, RMSE_MU_DERIV=0.00 mDebye / A, RMSE_ALPHA_per_atom=    0.12, RMSE_ALPHA_DERIV=    9.24
2025-07-13 02:32:06.023 INFO: Epoch 445: head: Default, loss=0.0024, RMSE_MU_per_atom=0.00 mDebye, RMSE_MU_DERIV=0.00 mDebye / A, RMSE_ALPHA_per_atom=    0.14, RMSE_ALPHA_DERIV=    9.22
2025-07-13 02:32:35.865 INFO: Epoch 446: head: Default, loss=0.0024, RMSE_MU_per_atom=0.00 mDebye, RMSE_MU_DERIV=0.00 mDebye / A, RMSE_ALPHA_per_atom=    0.14, RMSE_ALPHA_DERIV=    9.26
2025-07-13 02:33:05.749 INFO: Epoch 447: head: Default, loss=0.0026, RMSE_MU_per_atom=0.00 mDebye, RMSE_MU_DERIV=0.00 mDebye / A, RMSE_ALPHA_per_atom=    0.14, RMSE_ALPHA_DERIV=    9.23
2025-07-13 02:33:35.648 INFO: Epoch 448: head: Default, loss=0.0021, RMSE_MU_per_atom=0.00 mDebye, RMSE_MU_DERIV=0.00 mDebye / A, RMSE_ALPHA_per_atom=    0.13, RMSE_ALPHA_DERIV=    9.25
2025-07-13 02:34:05.597 INFO: Epoch 449: head: Default, loss=0.0024, RMSE_MU_per_atom=0.00 mDebye, RMSE_MU_DERIV=0.00 mDebye / A, RMSE_ALPHA_per_atom=    0.14, RMSE_ALPHA_DERIV=    9.30
2025-07-13 02:34:35.588 INFO: Epoch 450: head: Default, loss=0.0020, RMSE_MU_per_atom=0.00 mDebye, RMSE_MU_DERIV=0.00 mDebye / A, RMSE_ALPHA_per_atom=    0.13, RMSE_ALPHA_DERIV=    9.29
2025-07-13 02:35:05.536 INFO: Epoch 451: head: Default, loss=0.0024, RMSE_MU_per_atom=0.00 mDebye, RMSE_MU_DERIV=0.00 mDebye / A, RMSE_ALPHA_per_atom=    0.14, RMSE_ALPHA_DERIV=    9.28
2025-07-13 02:35:35.428 INFO: Epoch 452: head: Default, loss=0.0022, RMSE_MU_per_atom=0.00 mDebye, RMSE_MU_DERIV=0.00 mDebye / A, RMSE_ALPHA_per_atom=    0.13, RMSE_ALPHA_DERIV=    9.30
2025-07-13 02:36:05.292 INFO: Epoch 453: head: Default, loss=0.0018, RMSE_MU_per_atom=0.00 mDebye, RMSE_MU_DERIV=0.00 mDebye / A, RMSE_ALPHA_per_atom=    0.12, RMSE_ALPHA_DERIV=    9.30
2025-07-13 02:36:35.181 INFO: Epoch 454: head: Default, loss=0.0021, RMSE_MU_per_atom=0.00 mDebye, RMSE_MU_DERIV=0.00 mDebye / A, RMSE_ALPHA_per_atom=    0.13, RMSE_ALPHA_DERIV=    9.26
2025-07-13 02:37:05.119 INFO: Epoch 455: head: Default, loss=0.0026, RMSE_MU_per_atom=0.00 mDebye, RMSE_MU_DERIV=0.00 mDebye / A, RMSE_ALPHA_per_atom=    0.14, RMSE_ALPHA_DERIV=    9.27
2025-07-13 02:37:34.983 INFO: Epoch 456: head: Default, loss=0.0023, RMSE_MU_per_atom=0.00 mDebye, RMSE_MU_DERIV=0.00 mDebye / A, RMSE_ALPHA_per_atom=    0.14, RMSE_ALPHA_DERIV=    9.28
2025-07-13 02:38:04.865 INFO: Epoch 457: head: Default, loss=0.0025, RMSE_MU_per_atom=0.00 mDebye, RMSE_MU_DERIV=0.00 mDebye / A, RMSE_ALPHA_per_atom=    0.14, RMSE_ALPHA_DERIV=    9.31
2025-07-13 02:38:34.726 INFO: Epoch 458: head: Default, loss=0.0034, RMSE_MU_per_atom=0.00 mDebye, RMSE_MU_DERIV=0.00 mDebye / A, RMSE_ALPHA_per_atom=    0.17, RMSE_ALPHA_DERIV=    9.35
2025-07-13 02:39:04.563 INFO: Epoch 459: head: Default, loss=0.0022, RMSE_MU_per_atom=0.00 mDebye, RMSE_MU_DERIV=0.00 mDebye / A, RMSE_ALPHA_per_atom=    0.13, RMSE_ALPHA_DERIV=    9.32
2025-07-13 02:39:34.438 INFO: Epoch 460: head: Default, loss=0.0024, RMSE_MU_per_atom=0.00 mDebye, RMSE_MU_DERIV=0.00 mDebye / A, RMSE_ALPHA_per_atom=    0.14, RMSE_ALPHA_DERIV=    9.35
2025-07-13 02:40:04.284 INFO: Epoch 461: head: Default, loss=0.0025, RMSE_MU_per_atom=0.00 mDebye, RMSE_MU_DERIV=0.00 mDebye / A, RMSE_ALPHA_per_atom=    0.14, RMSE_ALPHA_DERIV=    9.35
2025-07-13 02:40:34.139 INFO: Epoch 462: head: Default, loss=0.0026, RMSE_MU_per_atom=0.00 mDebye, RMSE_MU_DERIV=0.00 mDebye / A, RMSE_ALPHA_per_atom=    0.14, RMSE_ALPHA_DERIV=    9.31
2025-07-13 02:41:03.965 INFO: Epoch 463: head: Default, loss=0.0023, RMSE_MU_per_atom=0.00 mDebye, RMSE_MU_DERIV=0.00 mDebye / A, RMSE_ALPHA_per_atom=    0.14, RMSE_ALPHA_DERIV=    9.28
2025-07-13 02:41:33.863 INFO: Epoch 464: head: Default, loss=0.0025, RMSE_MU_per_atom=0.00 mDebye, RMSE_MU_DERIV=0.00 mDebye / A, RMSE_ALPHA_per_atom=    0.14, RMSE_ALPHA_DERIV=    9.29
2025-07-13 02:42:03.754 INFO: Epoch 465: head: Default, loss=0.0028, RMSE_MU_per_atom=0.00 mDebye, RMSE_MU_DERIV=0.00 mDebye / A, RMSE_ALPHA_per_atom=    0.15, RMSE_ALPHA_DERIV=    9.32
2025-07-13 02:42:33.696 INFO: Epoch 466: head: Default, loss=0.0023, RMSE_MU_per_atom=0.00 mDebye, RMSE_MU_DERIV=0.00 mDebye / A, RMSE_ALPHA_per_atom=    0.14, RMSE_ALPHA_DERIV=    9.35
2025-07-13 02:43:03.712 INFO: Epoch 467: head: Default, loss=0.0022, RMSE_MU_per_atom=0.00 mDebye, RMSE_MU_DERIV=0.00 mDebye / A, RMSE_ALPHA_per_atom=    0.13, RMSE_ALPHA_DERIV=    9.31
2025-07-13 02:43:33.661 INFO: Epoch 468: head: Default, loss=0.0027, RMSE_MU_per_atom=0.00 mDebye, RMSE_MU_DERIV=0.00 mDebye / A, RMSE_ALPHA_per_atom=    0.15, RMSE_ALPHA_DERIV=    9.34
2025-07-13 02:44:03.585 INFO: Epoch 469: head: Default, loss=0.0021, RMSE_MU_per_atom=0.00 mDebye, RMSE_MU_DERIV=0.00 mDebye / A, RMSE_ALPHA_per_atom=    0.13, RMSE_ALPHA_DERIV=    9.28
2025-07-13 02:44:33.503 INFO: Epoch 470: head: Default, loss=0.0023, RMSE_MU_per_atom=0.00 mDebye, RMSE_MU_DERIV=0.00 mDebye / A, RMSE_ALPHA_per_atom=    0.14, RMSE_ALPHA_DERIV=    9.33
2025-07-13 02:45:03.491 INFO: Epoch 471: head: Default, loss=0.0021, RMSE_MU_per_atom=0.00 mDebye, RMSE_MU_DERIV=0.00 mDebye / A, RMSE_ALPHA_per_atom=    0.13, RMSE_ALPHA_DERIV=    9.32
2025-07-13 02:45:33.362 INFO: Epoch 472: head: Default, loss=0.0026, RMSE_MU_per_atom=0.00 mDebye, RMSE_MU_DERIV=0.00 mDebye / A, RMSE_ALPHA_per_atom=    0.14, RMSE_ALPHA_DERIV=    9.34
2025-07-13 02:46:03.185 INFO: Epoch 473: head: Default, loss=0.0024, RMSE_MU_per_atom=0.00 mDebye, RMSE_MU_DERIV=0.00 mDebye / A, RMSE_ALPHA_per_atom=    0.14, RMSE_ALPHA_DERIV=    9.29
2025-07-13 02:46:33.158 INFO: Epoch 474: head: Default, loss=0.0022, RMSE_MU_per_atom=0.00 mDebye, RMSE_MU_DERIV=0.00 mDebye / A, RMSE_ALPHA_per_atom=    0.13, RMSE_ALPHA_DERIV=    9.30
2025-07-13 02:47:03.112 INFO: Epoch 475: head: Default, loss=0.0023, RMSE_MU_per_atom=0.00 mDebye, RMSE_MU_DERIV=0.00 mDebye / A, RMSE_ALPHA_per_atom=    0.14, RMSE_ALPHA_DERIV=    9.27
2025-07-13 02:47:33.032 INFO: Epoch 476: head: Default, loss=0.0024, RMSE_MU_per_atom=0.00 mDebye, RMSE_MU_DERIV=0.00 mDebye / A, RMSE_ALPHA_per_atom=    0.14, RMSE_ALPHA_DERIV=    9.31
2025-07-13 02:48:02.993 INFO: Epoch 477: head: Default, loss=0.0028, RMSE_MU_per_atom=0.00 mDebye, RMSE_MU_DERIV=0.00 mDebye / A, RMSE_ALPHA_per_atom=    0.15, RMSE_ALPHA_DERIV=    9.32
2025-07-13 02:48:33.010 INFO: Epoch 478: head: Default, loss=0.0019, RMSE_MU_per_atom=0.00 mDebye, RMSE_MU_DERIV=0.00 mDebye / A, RMSE_ALPHA_per_atom=    0.12, RMSE_ALPHA_DERIV=    9.25
2025-07-13 02:49:02.990 INFO: Epoch 479: head: Default, loss=0.0022, RMSE_MU_per_atom=0.00 mDebye, RMSE_MU_DERIV=0.00 mDebye / A, RMSE_ALPHA_per_atom=    0.13, RMSE_ALPHA_DERIV=    9.29
2025-07-13 02:49:32.940 INFO: Epoch 480: head: Default, loss=0.0026, RMSE_MU_per_atom=0.00 mDebye, RMSE_MU_DERIV=0.00 mDebye / A, RMSE_ALPHA_per_atom=    0.14, RMSE_ALPHA_DERIV=    9.30
2025-07-13 02:50:02.893 INFO: Epoch 481: head: Default, loss=0.0023, RMSE_MU_per_atom=0.00 mDebye, RMSE_MU_DERIV=0.00 mDebye / A, RMSE_ALPHA_per_atom=    0.14, RMSE_ALPHA_DERIV=    9.34
2025-07-13 02:50:32.801 INFO: Epoch 482: head: Default, loss=0.0025, RMSE_MU_per_atom=0.00 mDebye, RMSE_MU_DERIV=0.00 mDebye / A, RMSE_ALPHA_per_atom=    0.14, RMSE_ALPHA_DERIV=    9.35
2025-07-13 02:51:02.794 INFO: Epoch 483: head: Default, loss=0.0022, RMSE_MU_per_atom=0.00 mDebye, RMSE_MU_DERIV=0.00 mDebye / A, RMSE_ALPHA_per_atom=    0.13, RMSE_ALPHA_DERIV=    9.31
2025-07-13 02:51:32.753 INFO: Epoch 484: head: Default, loss=0.0019, RMSE_MU_per_atom=0.00 mDebye, RMSE_MU_DERIV=0.00 mDebye / A, RMSE_ALPHA_per_atom=    0.12, RMSE_ALPHA_DERIV=    9.34
2025-07-13 02:52:02.786 INFO: Epoch 485: head: Default, loss=0.0022, RMSE_MU_per_atom=0.00 mDebye, RMSE_MU_DERIV=0.00 mDebye / A, RMSE_ALPHA_per_atom=    0.13, RMSE_ALPHA_DERIV=    9.32
2025-07-13 02:52:32.832 INFO: Epoch 486: head: Default, loss=0.0021, RMSE_MU_per_atom=0.00 mDebye, RMSE_MU_DERIV=0.00 mDebye / A, RMSE_ALPHA_per_atom=    0.13, RMSE_ALPHA_DERIV=    9.36
2025-07-13 02:53:02.890 INFO: Epoch 487: head: Default, loss=0.0027, RMSE_MU_per_atom=0.00 mDebye, RMSE_MU_DERIV=0.00 mDebye / A, RMSE_ALPHA_per_atom=    0.15, RMSE_ALPHA_DERIV=    9.33
2025-07-13 02:53:32.896 INFO: Epoch 488: head: Default, loss=0.0026, RMSE_MU_per_atom=0.00 mDebye, RMSE_MU_DERIV=0.00 mDebye / A, RMSE_ALPHA_per_atom=    0.14, RMSE_ALPHA_DERIV=    9.35
2025-07-13 02:54:02.836 INFO: Epoch 489: head: Default, loss=0.0023, RMSE_MU_per_atom=0.00 mDebye, RMSE_MU_DERIV=0.00 mDebye / A, RMSE_ALPHA_per_atom=    0.14, RMSE_ALPHA_DERIV=    9.32
2025-07-13 02:54:32.783 INFO: Epoch 490: head: Default, loss=0.0021, RMSE_MU_per_atom=0.00 mDebye, RMSE_MU_DERIV=0.00 mDebye / A, RMSE_ALPHA_per_atom=    0.13, RMSE_ALPHA_DERIV=    9.33
2025-07-13 02:55:02.692 INFO: Epoch 491: head: Default, loss=0.0025, RMSE_MU_per_atom=0.00 mDebye, RMSE_MU_DERIV=0.00 mDebye / A, RMSE_ALPHA_per_atom=    0.14, RMSE_ALPHA_DERIV=    9.33
2025-07-13 02:55:32.646 INFO: Epoch 492: head: Default, loss=0.0022, RMSE_MU_per_atom=0.00 mDebye, RMSE_MU_DERIV=0.00 mDebye / A, RMSE_ALPHA_per_atom=    0.13, RMSE_ALPHA_DERIV=    9.32
2025-07-13 02:56:02.604 INFO: Epoch 493: head: Default, loss=0.0023, RMSE_MU_per_atom=0.00 mDebye, RMSE_MU_DERIV=0.00 mDebye / A, RMSE_ALPHA_per_atom=    0.14, RMSE_ALPHA_DERIV=    9.31
2025-07-13 02:56:32.565 INFO: Epoch 494: head: Default, loss=0.0022, RMSE_MU_per_atom=0.00 mDebye, RMSE_MU_DERIV=0.00 mDebye / A, RMSE_ALPHA_per_atom=    0.13, RMSE_ALPHA_DERIV=    9.34
2025-07-13 02:57:02.516 INFO: Epoch 495: head: Default, loss=0.0023, RMSE_MU_per_atom=0.00 mDebye, RMSE_MU_DERIV=0.00 mDebye / A, RMSE_ALPHA_per_atom=    0.14, RMSE_ALPHA_DERIV=    9.34
2025-07-13 02:57:32.493 INFO: Epoch 496: head: Default, loss=0.0025, RMSE_MU_per_atom=0.00 mDebye, RMSE_MU_DERIV=0.00 mDebye / A, RMSE_ALPHA_per_atom=    0.14, RMSE_ALPHA_DERIV=    9.37
2025-07-13 02:58:02.512 INFO: Epoch 497: head: Default, loss=0.0022, RMSE_MU_per_atom=0.00 mDebye, RMSE_MU_DERIV=0.00 mDebye / A, RMSE_ALPHA_per_atom=    0.13, RMSE_ALPHA_DERIV=    9.34
2025-07-13 02:58:32.504 INFO: Epoch 498: head: Default, loss=0.0023, RMSE_MU_per_atom=0.00 mDebye, RMSE_MU_DERIV=0.00 mDebye / A, RMSE_ALPHA_per_atom=    0.13, RMSE_ALPHA_DERIV=    9.33
2025-07-13 02:59:02.503 INFO: Epoch 499: head: Default, loss=0.0028, RMSE_MU_per_atom=0.00 mDebye, RMSE_MU_DERIV=0.00 mDebye / A, RMSE_ALPHA_per_atom=    0.15, RMSE_ALPHA_DERIV=    9.40
2025-07-13 02:59:32.465 INFO: Epoch 500: head: Default, loss=0.0020, RMSE_MU_per_atom=0.00 mDebye, RMSE_MU_DERIV=0.00 mDebye / A, RMSE_ALPHA_per_atom=    0.13, RMSE_ALPHA_DERIV=    9.37
2025-07-13 03:00:02.379 INFO: Epoch 501: head: Default, loss=0.0015, RMSE_MU_per_atom=0.00 mDebye, RMSE_MU_DERIV=0.00 mDebye / A, RMSE_ALPHA_per_atom=    0.11, RMSE_ALPHA_DERIV=    9.30
2025-07-13 03:00:32.361 INFO: Epoch 502: head: Default, loss=0.0022, RMSE_MU_per_atom=0.00 mDebye, RMSE_MU_DERIV=0.00 mDebye / A, RMSE_ALPHA_per_atom=    0.13, RMSE_ALPHA_DERIV=    9.34
2025-07-13 03:01:02.260 INFO: Epoch 503: head: Default, loss=0.0028, RMSE_MU_per_atom=0.00 mDebye, RMSE_MU_DERIV=0.00 mDebye / A, RMSE_ALPHA_per_atom=    0.15, RMSE_ALPHA_DERIV=    9.32
2025-07-13 03:01:32.194 INFO: Epoch 504: head: Default, loss=0.0023, RMSE_MU_per_atom=0.00 mDebye, RMSE_MU_DERIV=0.00 mDebye / A, RMSE_ALPHA_per_atom=    0.14, RMSE_ALPHA_DERIV=    9.33
2025-07-13 03:02:02.122 INFO: Epoch 505: head: Default, loss=0.0024, RMSE_MU_per_atom=0.00 mDebye, RMSE_MU_DERIV=0.00 mDebye / A, RMSE_ALPHA_per_atom=    0.14, RMSE_ALPHA_DERIV=    9.32
2025-07-13 03:02:32.070 INFO: Epoch 506: head: Default, loss=0.0023, RMSE_MU_per_atom=0.00 mDebye, RMSE_MU_DERIV=0.00 mDebye / A, RMSE_ALPHA_per_atom=    0.14, RMSE_ALPHA_DERIV=    9.35
2025-07-13 03:03:01.971 INFO: Epoch 507: head: Default, loss=0.0022, RMSE_MU_per_atom=0.00 mDebye, RMSE_MU_DERIV=0.00 mDebye / A, RMSE_ALPHA_per_atom=    0.13, RMSE_ALPHA_DERIV=    9.33
2025-07-13 03:03:31.921 INFO: Epoch 508: head: Default, loss=0.0023, RMSE_MU_per_atom=0.00 mDebye, RMSE_MU_DERIV=0.00 mDebye / A, RMSE_ALPHA_per_atom=    0.13, RMSE_ALPHA_DERIV=    9.32
2025-07-13 03:04:01.890 INFO: Epoch 509: head: Default, loss=0.0025, RMSE_MU_per_atom=0.00 mDebye, RMSE_MU_DERIV=0.00 mDebye / A, RMSE_ALPHA_per_atom=    0.14, RMSE_ALPHA_DERIV=    9.31
2025-07-13 03:04:31.811 INFO: Epoch 510: head: Default, loss=0.0023, RMSE_MU_per_atom=0.00 mDebye, RMSE_MU_DERIV=0.00 mDebye / A, RMSE_ALPHA_per_atom=    0.14, RMSE_ALPHA_DERIV=    9.35
2025-07-13 03:05:01.729 INFO: Epoch 511: head: Default, loss=0.0025, RMSE_MU_per_atom=0.00 mDebye, RMSE_MU_DERIV=0.00 mDebye / A, RMSE_ALPHA_per_atom=    0.14, RMSE_ALPHA_DERIV=    9.39
2025-07-13 03:05:31.658 INFO: Epoch 512: head: Default, loss=0.0019, RMSE_MU_per_atom=0.00 mDebye, RMSE_MU_DERIV=0.00 mDebye / A, RMSE_ALPHA_per_atom=    0.12, RMSE_ALPHA_DERIV=    9.31
2025-07-13 03:06:01.601 INFO: Epoch 513: head: Default, loss=0.0033, RMSE_MU_per_atom=0.00 mDebye, RMSE_MU_DERIV=0.00 mDebye / A, RMSE_ALPHA_per_atom=    0.16, RMSE_ALPHA_DERIV=    9.41
2025-07-13 03:06:31.566 INFO: Epoch 514: head: Default, loss=0.0024, RMSE_MU_per_atom=0.00 mDebye, RMSE_MU_DERIV=0.00 mDebye / A, RMSE_ALPHA_per_atom=    0.14, RMSE_ALPHA_DERIV=    9.31
2025-07-13 03:07:01.507 INFO: Epoch 515: head: Default, loss=0.0024, RMSE_MU_per_atom=0.00 mDebye, RMSE_MU_DERIV=0.00 mDebye / A, RMSE_ALPHA_per_atom=    0.14, RMSE_ALPHA_DERIV=    9.35
2025-07-13 03:07:31.447 INFO: Epoch 516: head: Default, loss=0.0023, RMSE_MU_per_atom=0.00 mDebye, RMSE_MU_DERIV=0.00 mDebye / A, RMSE_ALPHA_per_atom=    0.14, RMSE_ALPHA_DERIV=    9.36
2025-07-13 03:08:01.336 INFO: Epoch 517: head: Default, loss=0.0023, RMSE_MU_per_atom=0.00 mDebye, RMSE_MU_DERIV=0.00 mDebye / A, RMSE_ALPHA_per_atom=    0.13, RMSE_ALPHA_DERIV=    9.36
2025-07-13 03:08:31.254 INFO: Epoch 518: head: Default, loss=0.0023, RMSE_MU_per_atom=0.00 mDebye, RMSE_MU_DERIV=0.00 mDebye / A, RMSE_ALPHA_per_atom=    0.14, RMSE_ALPHA_DERIV=    9.36
2025-07-13 03:09:01.170 INFO: Epoch 519: head: Default, loss=0.0029, RMSE_MU_per_atom=0.00 mDebye, RMSE_MU_DERIV=0.00 mDebye / A, RMSE_ALPHA_per_atom=    0.15, RMSE_ALPHA_DERIV=    9.42
2025-07-13 03:09:31.104 INFO: Epoch 520: head: Default, loss=0.0023, RMSE_MU_per_atom=0.00 mDebye, RMSE_MU_DERIV=0.00 mDebye / A, RMSE_ALPHA_per_atom=    0.14, RMSE_ALPHA_DERIV=    9.36
2025-07-13 03:10:01.031 INFO: Epoch 521: head: Default, loss=0.0026, RMSE_MU_per_atom=0.00 mDebye, RMSE_MU_DERIV=0.00 mDebye / A, RMSE_ALPHA_per_atom=    0.14, RMSE_ALPHA_DERIV=    9.40
2025-07-13 03:10:30.960 INFO: Epoch 522: head: Default, loss=0.0025, RMSE_MU_per_atom=0.00 mDebye, RMSE_MU_DERIV=0.00 mDebye / A, RMSE_ALPHA_per_atom=    0.14, RMSE_ALPHA_DERIV=    9.36
2025-07-13 03:11:00.832 INFO: Epoch 523: head: Default, loss=0.0029, RMSE_MU_per_atom=0.00 mDebye, RMSE_MU_DERIV=0.00 mDebye / A, RMSE_ALPHA_per_atom=    0.15, RMSE_ALPHA_DERIV=    9.44
2025-07-13 03:11:30.710 INFO: Epoch 524: head: Default, loss=0.0024, RMSE_MU_per_atom=0.00 mDebye, RMSE_MU_DERIV=0.00 mDebye / A, RMSE_ALPHA_per_atom=    0.14, RMSE_ALPHA_DERIV=    9.38
2025-07-13 03:12:00.595 INFO: Epoch 525: head: Default, loss=0.0024, RMSE_MU_per_atom=0.00 mDebye, RMSE_MU_DERIV=0.00 mDebye / A, RMSE_ALPHA_per_atom=    0.14, RMSE_ALPHA_DERIV=    9.37
2025-07-13 03:12:30.440 INFO: Epoch 526: head: Default, loss=0.0026, RMSE_MU_per_atom=0.00 mDebye, RMSE_MU_DERIV=0.00 mDebye / A, RMSE_ALPHA_per_atom=    0.15, RMSE_ALPHA_DERIV=    9.39
2025-07-13 03:13:00.300 INFO: Epoch 527: head: Default, loss=0.0024, RMSE_MU_per_atom=0.00 mDebye, RMSE_MU_DERIV=0.00 mDebye / A, RMSE_ALPHA_per_atom=    0.14, RMSE_ALPHA_DERIV=    9.37
2025-07-13 03:13:30.185 INFO: Epoch 528: head: Default, loss=0.0032, RMSE_MU_per_atom=0.00 mDebye, RMSE_MU_DERIV=0.00 mDebye / A, RMSE_ALPHA_per_atom=    0.16, RMSE_ALPHA_DERIV=    9.43
2025-07-13 03:14:00.017 INFO: Epoch 529: head: Default, loss=0.0026, RMSE_MU_per_atom=0.00 mDebye, RMSE_MU_DERIV=0.00 mDebye / A, RMSE_ALPHA_per_atom=    0.14, RMSE_ALPHA_DERIV=    9.39
2025-07-13 03:14:29.928 INFO: Epoch 530: head: Default, loss=0.0023, RMSE_MU_per_atom=0.00 mDebye, RMSE_MU_DERIV=0.00 mDebye / A, RMSE_ALPHA_per_atom=    0.13, RMSE_ALPHA_DERIV=    9.37
2025-07-13 03:14:59.855 INFO: Epoch 531: head: Default, loss=0.0031, RMSE_MU_per_atom=0.00 mDebye, RMSE_MU_DERIV=0.00 mDebye / A, RMSE_ALPHA_per_atom=    0.16, RMSE_ALPHA_DERIV=    9.41
2025-07-13 03:15:29.820 INFO: Epoch 532: head: Default, loss=0.0023, RMSE_MU_per_atom=0.00 mDebye, RMSE_MU_DERIV=0.00 mDebye / A, RMSE_ALPHA_per_atom=    0.14, RMSE_ALPHA_DERIV=    9.33
2025-07-13 03:15:59.794 INFO: Epoch 533: head: Default, loss=0.0022, RMSE_MU_per_atom=0.00 mDebye, RMSE_MU_DERIV=0.00 mDebye / A, RMSE_ALPHA_per_atom=    0.13, RMSE_ALPHA_DERIV=    9.32
2025-07-13 03:16:29.786 INFO: Epoch 534: head: Default, loss=0.0026, RMSE_MU_per_atom=0.00 mDebye, RMSE_MU_DERIV=0.00 mDebye / A, RMSE_ALPHA_per_atom=    0.15, RMSE_ALPHA_DERIV=    9.36
2025-07-13 03:16:59.776 INFO: Epoch 535: head: Default, loss=0.0025, RMSE_MU_per_atom=0.00 mDebye, RMSE_MU_DERIV=0.00 mDebye / A, RMSE_ALPHA_per_atom=    0.14, RMSE_ALPHA_DERIV=    9.37
2025-07-13 03:17:29.777 INFO: Epoch 536: head: Default, loss=0.0021, RMSE_MU_per_atom=0.00 mDebye, RMSE_MU_DERIV=0.00 mDebye / A, RMSE_ALPHA_per_atom=    0.13, RMSE_ALPHA_DERIV=    9.35
2025-07-13 03:17:59.709 INFO: Epoch 537: head: Default, loss=0.0027, RMSE_MU_per_atom=0.00 mDebye, RMSE_MU_DERIV=0.00 mDebye / A, RMSE_ALPHA_per_atom=    0.15, RMSE_ALPHA_DERIV=    9.36
2025-07-13 03:18:29.641 INFO: Epoch 538: head: Default, loss=0.0021, RMSE_MU_per_atom=0.00 mDebye, RMSE_MU_DERIV=0.00 mDebye / A, RMSE_ALPHA_per_atom=    0.13, RMSE_ALPHA_DERIV=    9.36
2025-07-13 03:18:59.586 INFO: Epoch 539: head: Default, loss=0.0026, RMSE_MU_per_atom=0.00 mDebye, RMSE_MU_DERIV=0.00 mDebye / A, RMSE_ALPHA_per_atom=    0.14, RMSE_ALPHA_DERIV=    9.39
2025-07-13 03:19:29.474 INFO: Epoch 540: head: Default, loss=0.0029, RMSE_MU_per_atom=0.00 mDebye, RMSE_MU_DERIV=0.00 mDebye / A, RMSE_ALPHA_per_atom=    0.15, RMSE_ALPHA_DERIV=    9.44
2025-07-13 03:19:59.435 INFO: Epoch 541: head: Default, loss=0.0028, RMSE_MU_per_atom=0.00 mDebye, RMSE_MU_DERIV=0.00 mDebye / A, RMSE_ALPHA_per_atom=    0.15, RMSE_ALPHA_DERIV=    9.32
2025-07-13 03:20:29.426 INFO: Epoch 542: head: Default, loss=0.0033, RMSE_MU_per_atom=0.00 mDebye, RMSE_MU_DERIV=0.00 mDebye / A, RMSE_ALPHA_per_atom=    0.16, RMSE_ALPHA_DERIV=    9.41
2025-07-13 03:20:59.359 INFO: Epoch 543: head: Default, loss=0.0024, RMSE_MU_per_atom=0.00 mDebye, RMSE_MU_DERIV=0.00 mDebye / A, RMSE_ALPHA_per_atom=    0.14, RMSE_ALPHA_DERIV=    9.37
2025-07-13 03:21:29.331 INFO: Epoch 544: head: Default, loss=0.0025, RMSE_MU_per_atom=0.00 mDebye, RMSE_MU_DERIV=0.00 mDebye / A, RMSE_ALPHA_per_atom=    0.14, RMSE_ALPHA_DERIV=    9.39
2025-07-13 03:21:59.257 INFO: Epoch 545: head: Default, loss=0.0022, RMSE_MU_per_atom=0.00 mDebye, RMSE_MU_DERIV=0.00 mDebye / A, RMSE_ALPHA_per_atom=    0.13, RMSE_ALPHA_DERIV=    9.34
2025-07-13 03:22:29.161 INFO: Epoch 546: head: Default, loss=0.0025, RMSE_MU_per_atom=0.00 mDebye, RMSE_MU_DERIV=0.00 mDebye / A, RMSE_ALPHA_per_atom=    0.14, RMSE_ALPHA_DERIV=    9.32
2025-07-13 03:22:59.178 INFO: Epoch 547: head: Default, loss=0.0024, RMSE_MU_per_atom=0.00 mDebye, RMSE_MU_DERIV=0.00 mDebye / A, RMSE_ALPHA_per_atom=    0.14, RMSE_ALPHA_DERIV=    9.37
2025-07-13 03:23:29.116 INFO: Epoch 548: head: Default, loss=0.0027, RMSE_MU_per_atom=0.00 mDebye, RMSE_MU_DERIV=0.00 mDebye / A, RMSE_ALPHA_per_atom=    0.15, RMSE_ALPHA_DERIV=    9.41
2025-07-13 03:23:59.007 INFO: Epoch 549: head: Default, loss=0.0026, RMSE_MU_per_atom=0.00 mDebye, RMSE_MU_DERIV=0.00 mDebye / A, RMSE_ALPHA_per_atom=    0.14, RMSE_ALPHA_DERIV=    9.44
2025-07-13 03:24:28.904 INFO: Epoch 550: head: Default, loss=0.0026, RMSE_MU_per_atom=0.00 mDebye, RMSE_MU_DERIV=0.00 mDebye / A, RMSE_ALPHA_per_atom=    0.14, RMSE_ALPHA_DERIV=    9.35
2025-07-13 03:24:58.772 INFO: Epoch 551: head: Default, loss=0.0027, RMSE_MU_per_atom=0.00 mDebye, RMSE_MU_DERIV=0.00 mDebye / A, RMSE_ALPHA_per_atom=    0.15, RMSE_ALPHA_DERIV=    9.40
2025-07-13 03:25:28.588 INFO: Epoch 552: head: Default, loss=0.0022, RMSE_MU_per_atom=0.00 mDebye, RMSE_MU_DERIV=0.00 mDebye / A, RMSE_ALPHA_per_atom=    0.13, RMSE_ALPHA_DERIV=    9.33
2025-07-13 03:25:58.465 INFO: Epoch 553: head: Default, loss=0.0023, RMSE_MU_per_atom=0.00 mDebye, RMSE_MU_DERIV=0.00 mDebye / A, RMSE_ALPHA_per_atom=    0.14, RMSE_ALPHA_DERIV=    9.36
2025-07-13 03:26:28.399 INFO: Epoch 554: head: Default, loss=0.0026, RMSE_MU_per_atom=0.00 mDebye, RMSE_MU_DERIV=0.00 mDebye / A, RMSE_ALPHA_per_atom=    0.14, RMSE_ALPHA_DERIV=    9.36
2025-07-13 03:26:58.318 INFO: Epoch 555: head: Default, loss=0.0023, RMSE_MU_per_atom=0.00 mDebye, RMSE_MU_DERIV=0.00 mDebye / A, RMSE_ALPHA_per_atom=    0.14, RMSE_ALPHA_DERIV=    9.39
2025-07-13 03:27:28.173 INFO: Epoch 556: head: Default, loss=0.0029, RMSE_MU_per_atom=0.00 mDebye, RMSE_MU_DERIV=0.00 mDebye / A, RMSE_ALPHA_per_atom=    0.15, RMSE_ALPHA_DERIV=    9.40
2025-07-13 03:27:58.056 INFO: Epoch 557: head: Default, loss=0.0025, RMSE_MU_per_atom=0.00 mDebye, RMSE_MU_DERIV=0.00 mDebye / A, RMSE_ALPHA_per_atom=    0.14, RMSE_ALPHA_DERIV=    9.37
2025-07-13 03:28:27.983 INFO: Epoch 558: head: Default, loss=0.0024, RMSE_MU_per_atom=0.00 mDebye, RMSE_MU_DERIV=0.00 mDebye / A, RMSE_ALPHA_per_atom=    0.14, RMSE_ALPHA_DERIV=    9.39
2025-07-13 03:28:57.890 INFO: Epoch 559: head: Default, loss=0.0025, RMSE_MU_per_atom=0.00 mDebye, RMSE_MU_DERIV=0.00 mDebye / A, RMSE_ALPHA_per_atom=    0.14, RMSE_ALPHA_DERIV=    9.39
2025-07-13 03:29:27.830 INFO: Epoch 560: head: Default, loss=0.0025, RMSE_MU_per_atom=0.00 mDebye, RMSE_MU_DERIV=0.00 mDebye / A, RMSE_ALPHA_per_atom=    0.14, RMSE_ALPHA_DERIV=    9.41
2025-07-13 03:29:57.771 INFO: Epoch 561: head: Default, loss=0.0024, RMSE_MU_per_atom=0.00 mDebye, RMSE_MU_DERIV=0.00 mDebye / A, RMSE_ALPHA_per_atom=    0.14, RMSE_ALPHA_DERIV=    9.37
2025-07-13 03:30:27.678 INFO: Epoch 562: head: Default, loss=0.0024, RMSE_MU_per_atom=0.00 mDebye, RMSE_MU_DERIV=0.00 mDebye / A, RMSE_ALPHA_per_atom=    0.14, RMSE_ALPHA_DERIV=    9.39
2025-07-13 03:30:57.568 INFO: Epoch 563: head: Default, loss=0.0023, RMSE_MU_per_atom=0.00 mDebye, RMSE_MU_DERIV=0.00 mDebye / A, RMSE_ALPHA_per_atom=    0.14, RMSE_ALPHA_DERIV=    9.38
2025-07-13 03:31:27.487 INFO: Epoch 564: head: Default, loss=0.0024, RMSE_MU_per_atom=0.00 mDebye, RMSE_MU_DERIV=0.00 mDebye / A, RMSE_ALPHA_per_atom=    0.14, RMSE_ALPHA_DERIV=    9.38
2025-07-13 03:31:57.393 INFO: Epoch 565: head: Default, loss=0.0025, RMSE_MU_per_atom=0.00 mDebye, RMSE_MU_DERIV=0.00 mDebye / A, RMSE_ALPHA_per_atom=    0.14, RMSE_ALPHA_DERIV=    9.40
2025-07-13 03:32:27.265 INFO: Epoch 566: head: Default, loss=0.0024, RMSE_MU_per_atom=0.00 mDebye, RMSE_MU_DERIV=0.00 mDebye / A, RMSE_ALPHA_per_atom=    0.14, RMSE_ALPHA_DERIV=    9.39
2025-07-13 03:32:57.140 INFO: Epoch 567: head: Default, loss=0.0024, RMSE_MU_per_atom=0.00 mDebye, RMSE_MU_DERIV=0.00 mDebye / A, RMSE_ALPHA_per_atom=    0.14, RMSE_ALPHA_DERIV=    9.39
2025-07-13 03:33:27.016 INFO: Epoch 568: head: Default, loss=0.0025, RMSE_MU_per_atom=0.00 mDebye, RMSE_MU_DERIV=0.00 mDebye / A, RMSE_ALPHA_per_atom=    0.14, RMSE_ALPHA_DERIV=    9.38
2025-07-13 03:33:56.919 INFO: Epoch 569: head: Default, loss=0.0026, RMSE_MU_per_atom=0.00 mDebye, RMSE_MU_DERIV=0.00 mDebye / A, RMSE_ALPHA_per_atom=    0.14, RMSE_ALPHA_DERIV=    9.42
2025-07-13 03:34:26.866 INFO: Epoch 570: head: Default, loss=0.0026, RMSE_MU_per_atom=0.00 mDebye, RMSE_MU_DERIV=0.00 mDebye / A, RMSE_ALPHA_per_atom=    0.14, RMSE_ALPHA_DERIV=    9.40
2025-07-13 03:34:56.767 INFO: Epoch 571: head: Default, loss=0.0022, RMSE_MU_per_atom=0.00 mDebye, RMSE_MU_DERIV=0.00 mDebye / A, RMSE_ALPHA_per_atom=    0.13, RMSE_ALPHA_DERIV=    9.40
2025-07-13 03:35:26.705 INFO: Epoch 572: head: Default, loss=0.0028, RMSE_MU_per_atom=0.00 mDebye, RMSE_MU_DERIV=0.00 mDebye / A, RMSE_ALPHA_per_atom=    0.15, RMSE_ALPHA_DERIV=    9.41
2025-07-13 03:35:56.658 INFO: Epoch 573: head: Default, loss=0.0024, RMSE_MU_per_atom=0.00 mDebye, RMSE_MU_DERIV=0.00 mDebye / A, RMSE_ALPHA_per_atom=    0.14, RMSE_ALPHA_DERIV=    9.38
2025-07-13 03:36:26.665 INFO: Epoch 574: head: Default, loss=0.0026, RMSE_MU_per_atom=0.00 mDebye, RMSE_MU_DERIV=0.00 mDebye / A, RMSE_ALPHA_per_atom=    0.14, RMSE_ALPHA_DERIV=    9.41
2025-07-13 03:36:56.682 INFO: Epoch 575: head: Default, loss=0.0026, RMSE_MU_per_atom=0.00 mDebye, RMSE_MU_DERIV=0.00 mDebye / A, RMSE_ALPHA_per_atom=    0.14, RMSE_ALPHA_DERIV=    9.39
2025-07-13 03:37:26.678 INFO: Epoch 576: head: Default, loss=0.0024, RMSE_MU_per_atom=0.00 mDebye, RMSE_MU_DERIV=0.00 mDebye / A, RMSE_ALPHA_per_atom=    0.14, RMSE_ALPHA_DERIV=    9.42
2025-07-13 03:37:56.687 INFO: Epoch 577: head: Default, loss=0.0027, RMSE_MU_per_atom=0.00 mDebye, RMSE_MU_DERIV=0.00 mDebye / A, RMSE_ALPHA_per_atom=    0.15, RMSE_ALPHA_DERIV=    9.43
2025-07-13 03:38:26.655 INFO: Epoch 578: head: Default, loss=0.0025, RMSE_MU_per_atom=0.00 mDebye, RMSE_MU_DERIV=0.00 mDebye / A, RMSE_ALPHA_per_atom=    0.14, RMSE_ALPHA_DERIV=    9.42
2025-07-13 03:38:56.637 INFO: Epoch 579: head: Default, loss=0.0021, RMSE_MU_per_atom=0.00 mDebye, RMSE_MU_DERIV=0.00 mDebye / A, RMSE_ALPHA_per_atom=    0.13, RMSE_ALPHA_DERIV=    9.36
2025-07-13 03:39:26.603 INFO: Epoch 580: head: Default, loss=0.0024, RMSE_MU_per_atom=0.00 mDebye, RMSE_MU_DERIV=0.00 mDebye / A, RMSE_ALPHA_per_atom=    0.14, RMSE_ALPHA_DERIV=    9.42
2025-07-13 03:39:56.552 INFO: Epoch 581: head: Default, loss=0.0027, RMSE_MU_per_atom=0.00 mDebye, RMSE_MU_DERIV=0.00 mDebye / A, RMSE_ALPHA_per_atom=    0.15, RMSE_ALPHA_DERIV=    9.44
2025-07-13 03:40:26.534 INFO: Epoch 582: head: Default, loss=0.0025, RMSE_MU_per_atom=0.00 mDebye, RMSE_MU_DERIV=0.00 mDebye / A, RMSE_ALPHA_per_atom=    0.14, RMSE_ALPHA_DERIV=    9.41
2025-07-13 03:40:56.527 INFO: Epoch 583: head: Default, loss=0.0027, RMSE_MU_per_atom=0.00 mDebye, RMSE_MU_DERIV=0.00 mDebye / A, RMSE_ALPHA_per_atom=    0.15, RMSE_ALPHA_DERIV=    9.43
2025-07-13 03:41:26.495 INFO: Epoch 584: head: Default, loss=0.0030, RMSE_MU_per_atom=0.00 mDebye, RMSE_MU_DERIV=0.00 mDebye / A, RMSE_ALPHA_per_atom=    0.16, RMSE_ALPHA_DERIV=    9.45
2025-07-13 03:41:56.438 INFO: Epoch 585: head: Default, loss=0.0027, RMSE_MU_per_atom=0.00 mDebye, RMSE_MU_DERIV=0.00 mDebye / A, RMSE_ALPHA_per_atom=    0.15, RMSE_ALPHA_DERIV=    9.41
2025-07-13 03:42:26.398 INFO: Epoch 586: head: Default, loss=0.0024, RMSE_MU_per_atom=0.00 mDebye, RMSE_MU_DERIV=0.00 mDebye / A, RMSE_ALPHA_per_atom=    0.14, RMSE_ALPHA_DERIV=    9.45
2025-07-13 03:42:56.399 INFO: Epoch 587: head: Default, loss=0.0023, RMSE_MU_per_atom=0.00 mDebye, RMSE_MU_DERIV=0.00 mDebye / A, RMSE_ALPHA_per_atom=    0.14, RMSE_ALPHA_DERIV=    9.41
2025-07-13 03:43:26.354 INFO: Epoch 588: head: Default, loss=0.0025, RMSE_MU_per_atom=0.00 mDebye, RMSE_MU_DERIV=0.00 mDebye / A, RMSE_ALPHA_per_atom=    0.14, RMSE_ALPHA_DERIV=    9.43
2025-07-13 03:43:56.283 INFO: Epoch 589: head: Default, loss=0.0022, RMSE_MU_per_atom=0.00 mDebye, RMSE_MU_DERIV=0.00 mDebye / A, RMSE_ALPHA_per_atom=    0.13, RMSE_ALPHA_DERIV=    9.41
2025-07-13 03:44:26.150 INFO: Epoch 590: head: Default, loss=0.0031, RMSE_MU_per_atom=0.00 mDebye, RMSE_MU_DERIV=0.00 mDebye / A, RMSE_ALPHA_per_atom=    0.16, RMSE_ALPHA_DERIV=    9.44
2025-07-13 03:44:56.080 INFO: Epoch 591: head: Default, loss=0.0023, RMSE_MU_per_atom=0.00 mDebye, RMSE_MU_DERIV=0.00 mDebye / A, RMSE_ALPHA_per_atom=    0.14, RMSE_ALPHA_DERIV=    9.37
2025-07-13 03:45:26.015 INFO: Epoch 592: head: Default, loss=0.0025, RMSE_MU_per_atom=0.00 mDebye, RMSE_MU_DERIV=0.00 mDebye / A, RMSE_ALPHA_per_atom=    0.14, RMSE_ALPHA_DERIV=    9.41
2025-07-13 03:45:55.911 INFO: Epoch 593: head: Default, loss=0.0025, RMSE_MU_per_atom=0.00 mDebye, RMSE_MU_DERIV=0.00 mDebye / A, RMSE_ALPHA_per_atom=    0.14, RMSE_ALPHA_DERIV=    9.39
2025-07-13 03:46:25.915 INFO: Epoch 594: head: Default, loss=0.0024, RMSE_MU_per_atom=0.00 mDebye, RMSE_MU_DERIV=0.00 mDebye / A, RMSE_ALPHA_per_atom=    0.14, RMSE_ALPHA_DERIV=    9.43
2025-07-13 03:46:55.917 INFO: Epoch 595: head: Default, loss=0.0026, RMSE_MU_per_atom=0.00 mDebye, RMSE_MU_DERIV=0.00 mDebye / A, RMSE_ALPHA_per_atom=    0.14, RMSE_ALPHA_DERIV=    9.42
2025-07-13 03:47:25.877 INFO: Epoch 596: head: Default, loss=0.0026, RMSE_MU_per_atom=0.00 mDebye, RMSE_MU_DERIV=0.00 mDebye / A, RMSE_ALPHA_per_atom=    0.14, RMSE_ALPHA_DERIV=    9.44
2025-07-13 03:47:55.791 INFO: Epoch 597: head: Default, loss=0.0024, RMSE_MU_per_atom=0.00 mDebye, RMSE_MU_DERIV=0.00 mDebye / A, RMSE_ALPHA_per_atom=    0.14, RMSE_ALPHA_DERIV=    9.37
2025-07-13 03:48:25.690 INFO: Epoch 598: head: Default, loss=0.0026, RMSE_MU_per_atom=0.00 mDebye, RMSE_MU_DERIV=0.00 mDebye / A, RMSE_ALPHA_per_atom=    0.14, RMSE_ALPHA_DERIV=    9.43
2025-07-13 03:48:55.569 INFO: Epoch 599: head: Default, loss=0.0029, RMSE_MU_per_atom=0.00 mDebye, RMSE_MU_DERIV=0.00 mDebye / A, RMSE_ALPHA_per_atom=    0.15, RMSE_ALPHA_DERIV=    9.43
2025-07-13 03:49:25.495 INFO: Epoch 600: head: Default, loss=0.0021, RMSE_MU_per_atom=0.00 mDebye, RMSE_MU_DERIV=0.00 mDebye / A, RMSE_ALPHA_per_atom=    0.13, RMSE_ALPHA_DERIV=    9.38
2025-07-13 03:49:55.360 INFO: Epoch 601: head: Default, loss=0.0029, RMSE_MU_per_atom=0.00 mDebye, RMSE_MU_DERIV=0.00 mDebye / A, RMSE_ALPHA_per_atom=    0.15, RMSE_ALPHA_DERIV=    9.41
2025-07-13 03:50:25.207 INFO: Epoch 602: head: Default, loss=0.0022, RMSE_MU_per_atom=0.00 mDebye, RMSE_MU_DERIV=0.00 mDebye / A, RMSE_ALPHA_per_atom=    0.13, RMSE_ALPHA_DERIV=    9.42
2025-07-13 03:50:55.114 INFO: Epoch 603: head: Default, loss=0.0027, RMSE_MU_per_atom=0.00 mDebye, RMSE_MU_DERIV=0.00 mDebye / A, RMSE_ALPHA_per_atom=    0.15, RMSE_ALPHA_DERIV=    9.45
2025-07-13 03:51:25.025 INFO: Epoch 604: head: Default, loss=0.0025, RMSE_MU_per_atom=0.00 mDebye, RMSE_MU_DERIV=0.00 mDebye / A, RMSE_ALPHA_per_atom=    0.14, RMSE_ALPHA_DERIV=    9.41
2025-07-13 03:51:54.886 INFO: Epoch 605: head: Default, loss=0.0024, RMSE_MU_per_atom=0.00 mDebye, RMSE_MU_DERIV=0.00 mDebye / A, RMSE_ALPHA_per_atom=    0.14, RMSE_ALPHA_DERIV=    9.41
2025-07-13 03:52:24.760 INFO: Epoch 606: head: Default, loss=0.0024, RMSE_MU_per_atom=0.00 mDebye, RMSE_MU_DERIV=0.00 mDebye / A, RMSE_ALPHA_per_atom=    0.14, RMSE_ALPHA_DERIV=    9.41
2025-07-13 03:52:54.605 INFO: Epoch 607: head: Default, loss=0.0025, RMSE_MU_per_atom=0.00 mDebye, RMSE_MU_DERIV=0.00 mDebye / A, RMSE_ALPHA_per_atom=    0.14, RMSE_ALPHA_DERIV=    9.41
2025-07-13 03:53:24.510 INFO: Epoch 608: head: Default, loss=0.0024, RMSE_MU_per_atom=0.00 mDebye, RMSE_MU_DERIV=0.00 mDebye / A, RMSE_ALPHA_per_atom=    0.14, RMSE_ALPHA_DERIV=    9.42
2025-07-13 03:53:54.458 INFO: Epoch 609: head: Default, loss=0.0027, RMSE_MU_per_atom=0.00 mDebye, RMSE_MU_DERIV=0.00 mDebye / A, RMSE_ALPHA_per_atom=    0.15, RMSE_ALPHA_DERIV=    9.45
2025-07-13 03:54:24.398 INFO: Epoch 610: head: Default, loss=0.0026, RMSE_MU_per_atom=0.00 mDebye, RMSE_MU_DERIV=0.00 mDebye / A, RMSE_ALPHA_per_atom=    0.14, RMSE_ALPHA_DERIV=    9.43
2025-07-13 03:54:54.347 INFO: Epoch 611: head: Default, loss=0.0025, RMSE_MU_per_atom=0.00 mDebye, RMSE_MU_DERIV=0.00 mDebye / A, RMSE_ALPHA_per_atom=    0.14, RMSE_ALPHA_DERIV=    9.41
2025-07-13 03:55:24.319 INFO: Epoch 612: head: Default, loss=0.0026, RMSE_MU_per_atom=0.00 mDebye, RMSE_MU_DERIV=0.00 mDebye / A, RMSE_ALPHA_per_atom=    0.14, RMSE_ALPHA_DERIV=    9.42
2025-07-13 03:55:54.326 INFO: Epoch 613: head: Default, loss=0.0024, RMSE_MU_per_atom=0.00 mDebye, RMSE_MU_DERIV=0.00 mDebye / A, RMSE_ALPHA_per_atom=    0.14, RMSE_ALPHA_DERIV=    9.42
2025-07-13 03:56:24.306 INFO: Epoch 614: head: Default, loss=0.0025, RMSE_MU_per_atom=0.00 mDebye, RMSE_MU_DERIV=0.00 mDebye / A, RMSE_ALPHA_per_atom=    0.14, RMSE_ALPHA_DERIV=    9.42
2025-07-13 03:56:54.242 INFO: Epoch 615: head: Default, loss=0.0023, RMSE_MU_per_atom=0.00 mDebye, RMSE_MU_DERIV=0.00 mDebye / A, RMSE_ALPHA_per_atom=    0.14, RMSE_ALPHA_DERIV=    9.41
2025-07-13 03:57:24.182 INFO: Epoch 616: head: Default, loss=0.0025, RMSE_MU_per_atom=0.00 mDebye, RMSE_MU_DERIV=0.00 mDebye / A, RMSE_ALPHA_per_atom=    0.14, RMSE_ALPHA_DERIV=    9.42
2025-07-13 03:57:54.115 INFO: Epoch 617: head: Default, loss=0.0027, RMSE_MU_per_atom=0.00 mDebye, RMSE_MU_DERIV=0.00 mDebye / A, RMSE_ALPHA_per_atom=    0.15, RMSE_ALPHA_DERIV=    9.42
2025-07-13 03:58:24.053 INFO: Epoch 618: head: Default, loss=0.0026, RMSE_MU_per_atom=0.00 mDebye, RMSE_MU_DERIV=0.00 mDebye / A, RMSE_ALPHA_per_atom=    0.14, RMSE_ALPHA_DERIV=    9.44
2025-07-13 03:58:54.014 INFO: Epoch 619: head: Default, loss=0.0025, RMSE_MU_per_atom=0.00 mDebye, RMSE_MU_DERIV=0.00 mDebye / A, RMSE_ALPHA_per_atom=    0.14, RMSE_ALPHA_DERIV=    9.42
2025-07-13 03:59:23.927 INFO: Epoch 620: head: Default, loss=0.0025, RMSE_MU_per_atom=0.00 mDebye, RMSE_MU_DERIV=0.00 mDebye / A, RMSE_ALPHA_per_atom=    0.14, RMSE_ALPHA_DERIV=    9.44
2025-07-13 03:59:53.928 INFO: Epoch 621: head: Default, loss=0.0024, RMSE_MU_per_atom=0.00 mDebye, RMSE_MU_DERIV=0.00 mDebye / A, RMSE_ALPHA_per_atom=    0.14, RMSE_ALPHA_DERIV=    9.44
2025-07-13 04:00:23.900 INFO: Epoch 622: head: Default, loss=0.0025, RMSE_MU_per_atom=0.00 mDebye, RMSE_MU_DERIV=0.00 mDebye / A, RMSE_ALPHA_per_atom=    0.14, RMSE_ALPHA_DERIV=    9.43
2025-07-13 04:00:53.852 INFO: Epoch 623: head: Default, loss=0.0027, RMSE_MU_per_atom=0.00 mDebye, RMSE_MU_DERIV=0.00 mDebye / A, RMSE_ALPHA_per_atom=    0.15, RMSE_ALPHA_DERIV=    9.45
2025-07-13 04:01:23.793 INFO: Epoch 624: head: Default, loss=0.0026, RMSE_MU_per_atom=0.00 mDebye, RMSE_MU_DERIV=0.00 mDebye / A, RMSE_ALPHA_per_atom=    0.14, RMSE_ALPHA_DERIV=    9.41
2025-07-13 04:01:53.745 INFO: Epoch 625: head: Default, loss=0.0028, RMSE_MU_per_atom=0.00 mDebye, RMSE_MU_DERIV=0.00 mDebye / A, RMSE_ALPHA_per_atom=    0.15, RMSE_ALPHA_DERIV=    9.45
2025-07-13 04:02:23.652 INFO: Epoch 626: head: Default, loss=0.0023, RMSE_MU_per_atom=0.00 mDebye, RMSE_MU_DERIV=0.00 mDebye / A, RMSE_ALPHA_per_atom=    0.14, RMSE_ALPHA_DERIV=    9.44
2025-07-13 04:02:53.560 INFO: Epoch 627: head: Default, loss=0.0027, RMSE_MU_per_atom=0.00 mDebye, RMSE_MU_DERIV=0.00 mDebye / A, RMSE_ALPHA_per_atom=    0.15, RMSE_ALPHA_DERIV=    9.44
2025-07-13 04:03:23.510 INFO: Epoch 628: head: Default, loss=0.0027, RMSE_MU_per_atom=0.00 mDebye, RMSE_MU_DERIV=0.00 mDebye / A, RMSE_ALPHA_per_atom=    0.15, RMSE_ALPHA_DERIV=    9.44
2025-07-13 04:03:53.471 INFO: Epoch 629: head: Default, loss=0.0025, RMSE_MU_per_atom=0.00 mDebye, RMSE_MU_DERIV=0.00 mDebye / A, RMSE_ALPHA_per_atom=    0.14, RMSE_ALPHA_DERIV=    9.43
2025-07-13 04:04:23.390 INFO: Epoch 630: head: Default, loss=0.0025, RMSE_MU_per_atom=0.00 mDebye, RMSE_MU_DERIV=0.00 mDebye / A, RMSE_ALPHA_per_atom=    0.14, RMSE_ALPHA_DERIV=    9.44
2025-07-13 04:04:53.320 INFO: Epoch 631: head: Default, loss=0.0026, RMSE_MU_per_atom=0.00 mDebye, RMSE_MU_DERIV=0.00 mDebye / A, RMSE_ALPHA_per_atom=    0.15, RMSE_ALPHA_DERIV=    9.45
2025-07-13 04:05:23.250 INFO: Epoch 632: head: Default, loss=0.0024, RMSE_MU_per_atom=0.00 mDebye, RMSE_MU_DERIV=0.00 mDebye / A, RMSE_ALPHA_per_atom=    0.14, RMSE_ALPHA_DERIV=    9.45
2025-07-13 04:05:53.101 INFO: Epoch 633: head: Default, loss=0.0026, RMSE_MU_per_atom=0.00 mDebye, RMSE_MU_DERIV=0.00 mDebye / A, RMSE_ALPHA_per_atom=    0.14, RMSE_ALPHA_DERIV=    9.43
2025-07-13 04:06:22.937 INFO: Epoch 634: head: Default, loss=0.0023, RMSE_MU_per_atom=0.00 mDebye, RMSE_MU_DERIV=0.00 mDebye / A, RMSE_ALPHA_per_atom=    0.14, RMSE_ALPHA_DERIV=    9.42
2025-07-13 04:06:52.863 INFO: Epoch 635: head: Default, loss=0.0026, RMSE_MU_per_atom=0.00 mDebye, RMSE_MU_DERIV=0.00 mDebye / A, RMSE_ALPHA_per_atom=    0.14, RMSE_ALPHA_DERIV=    9.44
2025-07-13 04:07:22.779 INFO: Epoch 636: head: Default, loss=0.0026, RMSE_MU_per_atom=0.00 mDebye, RMSE_MU_DERIV=0.00 mDebye / A, RMSE_ALPHA_per_atom=    0.14, RMSE_ALPHA_DERIV=    9.42
2025-07-13 04:07:52.722 INFO: Epoch 637: head: Default, loss=0.0028, RMSE_MU_per_atom=0.00 mDebye, RMSE_MU_DERIV=0.00 mDebye / A, RMSE_ALPHA_per_atom=    0.15, RMSE_ALPHA_DERIV=    9.42
2025-07-13 04:08:22.696 INFO: Epoch 638: head: Default, loss=0.0026, RMSE_MU_per_atom=0.00 mDebye, RMSE_MU_DERIV=0.00 mDebye / A, RMSE_ALPHA_per_atom=    0.14, RMSE_ALPHA_DERIV=    9.42
2025-07-13 04:08:52.651 INFO: Epoch 639: head: Default, loss=0.0025, RMSE_MU_per_atom=0.00 mDebye, RMSE_MU_DERIV=0.00 mDebye / A, RMSE_ALPHA_per_atom=    0.14, RMSE_ALPHA_DERIV=    9.42
2025-07-13 04:09:22.575 INFO: Epoch 640: head: Default, loss=0.0027, RMSE_MU_per_atom=0.00 mDebye, RMSE_MU_DERIV=0.00 mDebye / A, RMSE_ALPHA_per_atom=    0.15, RMSE_ALPHA_DERIV=    9.43
2025-07-13 04:09:52.556 INFO: Epoch 641: head: Default, loss=0.0025, RMSE_MU_per_atom=0.00 mDebye, RMSE_MU_DERIV=0.00 mDebye / A, RMSE_ALPHA_per_atom=    0.14, RMSE_ALPHA_DERIV=    9.42
2025-07-13 04:10:22.545 INFO: Epoch 642: head: Default, loss=0.0025, RMSE_MU_per_atom=0.00 mDebye, RMSE_MU_DERIV=0.00 mDebye / A, RMSE_ALPHA_per_atom=    0.14, RMSE_ALPHA_DERIV=    9.43
2025-07-13 04:10:52.461 INFO: Epoch 643: head: Default, loss=0.0024, RMSE_MU_per_atom=0.00 mDebye, RMSE_MU_DERIV=0.00 mDebye / A, RMSE_ALPHA_per_atom=    0.14, RMSE_ALPHA_DERIV=    9.43
2025-07-13 04:11:22.393 INFO: Epoch 644: head: Default, loss=0.0028, RMSE_MU_per_atom=0.00 mDebye, RMSE_MU_DERIV=0.00 mDebye / A, RMSE_ALPHA_per_atom=    0.15, RMSE_ALPHA_DERIV=    9.46
2025-07-13 04:11:52.292 INFO: Epoch 645: head: Default, loss=0.0028, RMSE_MU_per_atom=0.00 mDebye, RMSE_MU_DERIV=0.00 mDebye / A, RMSE_ALPHA_per_atom=    0.15, RMSE_ALPHA_DERIV=    9.44
2025-07-13 04:12:22.259 INFO: Epoch 646: head: Default, loss=0.0026, RMSE_MU_per_atom=0.00 mDebye, RMSE_MU_DERIV=0.00 mDebye / A, RMSE_ALPHA_per_atom=    0.14, RMSE_ALPHA_DERIV=    9.45
2025-07-13 04:12:52.219 INFO: Epoch 647: head: Default, loss=0.0026, RMSE_MU_per_atom=0.00 mDebye, RMSE_MU_DERIV=0.00 mDebye / A, RMSE_ALPHA_per_atom=    0.15, RMSE_ALPHA_DERIV=    9.43
2025-07-13 04:13:22.072 INFO: Epoch 648: head: Default, loss=0.0022, RMSE_MU_per_atom=0.00 mDebye, RMSE_MU_DERIV=0.00 mDebye / A, RMSE_ALPHA_per_atom=    0.13, RMSE_ALPHA_DERIV=    9.43
2025-07-13 04:13:52.021 INFO: Epoch 649: head: Default, loss=0.0027, RMSE_MU_per_atom=0.00 mDebye, RMSE_MU_DERIV=0.00 mDebye / A, RMSE_ALPHA_per_atom=    0.15, RMSE_ALPHA_DERIV=    9.46
2025-07-13 04:14:22.012 INFO: Epoch 650: head: Default, loss=0.0028, RMSE_MU_per_atom=0.00 mDebye, RMSE_MU_DERIV=0.00 mDebye / A, RMSE_ALPHA_per_atom=    0.15, RMSE_ALPHA_DERIV=    9.46
2025-07-13 04:14:52.016 INFO: Epoch 651: head: Default, loss=0.0025, RMSE_MU_per_atom=0.00 mDebye, RMSE_MU_DERIV=0.00 mDebye / A, RMSE_ALPHA_per_atom=    0.14, RMSE_ALPHA_DERIV=    9.45
2025-07-13 04:15:21.968 INFO: Epoch 652: head: Default, loss=0.0026, RMSE_MU_per_atom=0.00 mDebye, RMSE_MU_DERIV=0.00 mDebye / A, RMSE_ALPHA_per_atom=    0.14, RMSE_ALPHA_DERIV=    9.47
2025-07-13 04:15:51.902 INFO: Epoch 653: head: Default, loss=0.0027, RMSE_MU_per_atom=0.00 mDebye, RMSE_MU_DERIV=0.00 mDebye / A, RMSE_ALPHA_per_atom=    0.15, RMSE_ALPHA_DERIV=    9.45
2025-07-13 04:16:21.860 INFO: Epoch 654: head: Default, loss=0.0030, RMSE_MU_per_atom=0.00 mDebye, RMSE_MU_DERIV=0.00 mDebye / A, RMSE_ALPHA_per_atom=    0.15, RMSE_ALPHA_DERIV=    9.47
2025-07-13 04:16:51.821 INFO: Epoch 655: head: Default, loss=0.0028, RMSE_MU_per_atom=0.00 mDebye, RMSE_MU_DERIV=0.00 mDebye / A, RMSE_ALPHA_per_atom=    0.15, RMSE_ALPHA_DERIV=    9.46
2025-07-13 04:17:21.785 INFO: Epoch 656: head: Default, loss=0.0027, RMSE_MU_per_atom=0.00 mDebye, RMSE_MU_DERIV=0.00 mDebye / A, RMSE_ALPHA_per_atom=    0.15, RMSE_ALPHA_DERIV=    9.45
2025-07-13 04:17:51.754 INFO: Epoch 657: head: Default, loss=0.0027, RMSE_MU_per_atom=0.00 mDebye, RMSE_MU_DERIV=0.00 mDebye / A, RMSE_ALPHA_per_atom=    0.15, RMSE_ALPHA_DERIV=    9.46
2025-07-13 04:18:21.627 INFO: Epoch 658: head: Default, loss=0.0029, RMSE_MU_per_atom=0.00 mDebye, RMSE_MU_DERIV=0.00 mDebye / A, RMSE_ALPHA_per_atom=    0.15, RMSE_ALPHA_DERIV=    9.48
2025-07-13 04:18:51.527 INFO: Epoch 659: head: Default, loss=0.0024, RMSE_MU_per_atom=0.00 mDebye, RMSE_MU_DERIV=0.00 mDebye / A, RMSE_ALPHA_per_atom=    0.14, RMSE_ALPHA_DERIV=    9.47
2025-07-13 04:19:21.382 INFO: Epoch 660: head: Default, loss=0.0026, RMSE_MU_per_atom=0.00 mDebye, RMSE_MU_DERIV=0.00 mDebye / A, RMSE_ALPHA_per_atom=    0.14, RMSE_ALPHA_DERIV=    9.45
2025-07-13 04:19:51.228 INFO: Epoch 661: head: Default, loss=0.0025, RMSE_MU_per_atom=0.00 mDebye, RMSE_MU_DERIV=0.00 mDebye / A, RMSE_ALPHA_per_atom=    0.14, RMSE_ALPHA_DERIV=    9.45
2025-07-13 04:20:21.125 INFO: Epoch 662: head: Default, loss=0.0030, RMSE_MU_per_atom=0.00 mDebye, RMSE_MU_DERIV=0.00 mDebye / A, RMSE_ALPHA_per_atom=    0.15, RMSE_ALPHA_DERIV=    9.46
2025-07-13 04:20:51.040 INFO: Epoch 663: head: Default, loss=0.0027, RMSE_MU_per_atom=0.00 mDebye, RMSE_MU_DERIV=0.00 mDebye / A, RMSE_ALPHA_per_atom=    0.15, RMSE_ALPHA_DERIV=    9.45
2025-07-13 04:21:20.945 INFO: Epoch 664: head: Default, loss=0.0023, RMSE_MU_per_atom=0.00 mDebye, RMSE_MU_DERIV=0.00 mDebye / A, RMSE_ALPHA_per_atom=    0.14, RMSE_ALPHA_DERIV=    9.42
2025-07-13 04:21:50.820 INFO: Epoch 665: head: Default, loss=0.0026, RMSE_MU_per_atom=0.00 mDebye, RMSE_MU_DERIV=0.00 mDebye / A, RMSE_ALPHA_per_atom=    0.14, RMSE_ALPHA_DERIV=    9.43
2025-07-13 04:22:20.731 INFO: Epoch 666: head: Default, loss=0.0025, RMSE_MU_per_atom=0.00 mDebye, RMSE_MU_DERIV=0.00 mDebye / A, RMSE_ALPHA_per_atom=    0.14, RMSE_ALPHA_DERIV=    9.44
2025-07-13 04:22:50.635 INFO: Epoch 667: head: Default, loss=0.0028, RMSE_MU_per_atom=0.00 mDebye, RMSE_MU_DERIV=0.00 mDebye / A, RMSE_ALPHA_per_atom=    0.15, RMSE_ALPHA_DERIV=    9.47
2025-07-13 04:23:20.507 INFO: Epoch 668: head: Default, loss=0.0030, RMSE_MU_per_atom=0.00 mDebye, RMSE_MU_DERIV=0.00 mDebye / A, RMSE_ALPHA_per_atom=    0.15, RMSE_ALPHA_DERIV=    9.49
2025-07-13 04:23:50.342 INFO: Epoch 669: head: Default, loss=0.0028, RMSE_MU_per_atom=0.00 mDebye, RMSE_MU_DERIV=0.00 mDebye / A, RMSE_ALPHA_per_atom=    0.15, RMSE_ALPHA_DERIV=    9.45
2025-07-13 04:24:20.234 INFO: Epoch 670: head: Default, loss=0.0029, RMSE_MU_per_atom=0.00 mDebye, RMSE_MU_DERIV=0.00 mDebye / A, RMSE_ALPHA_per_atom=    0.15, RMSE_ALPHA_DERIV=    9.48
2025-07-13 04:24:50.140 INFO: Epoch 671: head: Default, loss=0.0027, RMSE_MU_per_atom=0.00 mDebye, RMSE_MU_DERIV=0.00 mDebye / A, RMSE_ALPHA_per_atom=    0.15, RMSE_ALPHA_DERIV=    9.46
2025-07-13 04:25:20.050 INFO: Epoch 672: head: Default, loss=0.0028, RMSE_MU_per_atom=0.00 mDebye, RMSE_MU_DERIV=0.00 mDebye / A, RMSE_ALPHA_per_atom=    0.15, RMSE_ALPHA_DERIV=    9.48
2025-07-13 04:25:49.957 INFO: Epoch 673: head: Default, loss=0.0027, RMSE_MU_per_atom=0.00 mDebye, RMSE_MU_DERIV=0.00 mDebye / A, RMSE_ALPHA_per_atom=    0.15, RMSE_ALPHA_DERIV=    9.46
2025-07-13 04:26:19.822 INFO: Epoch 674: head: Default, loss=0.0025, RMSE_MU_per_atom=0.00 mDebye, RMSE_MU_DERIV=0.00 mDebye / A, RMSE_ALPHA_per_atom=    0.14, RMSE_ALPHA_DERIV=    9.44
2025-07-13 04:26:49.656 INFO: Epoch 675: head: Default, loss=0.0027, RMSE_MU_per_atom=0.00 mDebye, RMSE_MU_DERIV=0.00 mDebye / A, RMSE_ALPHA_per_atom=    0.15, RMSE_ALPHA_DERIV=    9.45
2025-07-13 04:27:19.503 INFO: Epoch 676: head: Default, loss=0.0027, RMSE_MU_per_atom=0.00 mDebye, RMSE_MU_DERIV=0.00 mDebye / A, RMSE_ALPHA_per_atom=    0.15, RMSE_ALPHA_DERIV=    9.47
2025-07-13 04:27:49.402 INFO: Epoch 677: head: Default, loss=0.0027, RMSE_MU_per_atom=0.00 mDebye, RMSE_MU_DERIV=0.00 mDebye / A, RMSE_ALPHA_per_atom=    0.15, RMSE_ALPHA_DERIV=    9.45
2025-07-13 04:28:19.343 INFO: Epoch 678: head: Default, loss=0.0025, RMSE_MU_per_atom=0.00 mDebye, RMSE_MU_DERIV=0.00 mDebye / A, RMSE_ALPHA_per_atom=    0.14, RMSE_ALPHA_DERIV=    9.45
2025-07-13 04:28:49.290 INFO: Epoch 679: head: Default, loss=0.0028, RMSE_MU_per_atom=0.00 mDebye, RMSE_MU_DERIV=0.00 mDebye / A, RMSE_ALPHA_per_atom=    0.15, RMSE_ALPHA_DERIV=    9.47
2025-07-13 04:29:19.286 INFO: Epoch 680: head: Default, loss=0.0029, RMSE_MU_per_atom=0.00 mDebye, RMSE_MU_DERIV=0.00 mDebye / A, RMSE_ALPHA_per_atom=    0.15, RMSE_ALPHA_DERIV=    9.48
2025-07-13 04:29:49.238 INFO: Epoch 681: head: Default, loss=0.0028, RMSE_MU_per_atom=0.00 mDebye, RMSE_MU_DERIV=0.00 mDebye / A, RMSE_ALPHA_per_atom=    0.15, RMSE_ALPHA_DERIV=    9.47
2025-07-13 04:30:19.268 INFO: Epoch 682: head: Default, loss=0.0024, RMSE_MU_per_atom=0.00 mDebye, RMSE_MU_DERIV=0.00 mDebye / A, RMSE_ALPHA_per_atom=    0.14, RMSE_ALPHA_DERIV=    9.43
2025-07-13 04:30:49.252 INFO: Epoch 683: head: Default, loss=0.0025, RMSE_MU_per_atom=0.00 mDebye, RMSE_MU_DERIV=0.00 mDebye / A, RMSE_ALPHA_per_atom=    0.14, RMSE_ALPHA_DERIV=    9.44
2025-07-13 04:31:19.156 INFO: Epoch 684: head: Default, loss=0.0026, RMSE_MU_per_atom=0.00 mDebye, RMSE_MU_DERIV=0.00 mDebye / A, RMSE_ALPHA_per_atom=    0.14, RMSE_ALPHA_DERIV=    9.47
2025-07-13 04:31:49.082 INFO: Epoch 685: head: Default, loss=0.0028, RMSE_MU_per_atom=0.00 mDebye, RMSE_MU_DERIV=0.00 mDebye / A, RMSE_ALPHA_per_atom=    0.15, RMSE_ALPHA_DERIV=    9.47
2025-07-13 04:32:18.953 INFO: Epoch 686: head: Default, loss=0.0027, RMSE_MU_per_atom=0.00 mDebye, RMSE_MU_DERIV=0.00 mDebye / A, RMSE_ALPHA_per_atom=    0.15, RMSE_ALPHA_DERIV=    9.47
2025-07-13 04:32:48.799 INFO: Epoch 687: head: Default, loss=0.0025, RMSE_MU_per_atom=0.00 mDebye, RMSE_MU_DERIV=0.00 mDebye / A, RMSE_ALPHA_per_atom=    0.14, RMSE_ALPHA_DERIV=    9.45
2025-07-13 04:33:18.672 INFO: Epoch 688: head: Default, loss=0.0026, RMSE_MU_per_atom=0.00 mDebye, RMSE_MU_DERIV=0.00 mDebye / A, RMSE_ALPHA_per_atom=    0.15, RMSE_ALPHA_DERIV=    9.46
2025-07-13 04:33:48.549 INFO: Epoch 689: head: Default, loss=0.0027, RMSE_MU_per_atom=0.00 mDebye, RMSE_MU_DERIV=0.00 mDebye / A, RMSE_ALPHA_per_atom=    0.15, RMSE_ALPHA_DERIV=    9.47
2025-07-13 04:34:18.432 INFO: Epoch 690: head: Default, loss=0.0027, RMSE_MU_per_atom=0.00 mDebye, RMSE_MU_DERIV=0.00 mDebye / A, RMSE_ALPHA_per_atom=    0.15, RMSE_ALPHA_DERIV=    9.46
2025-07-13 04:34:48.335 INFO: Epoch 691: head: Default, loss=0.0026, RMSE_MU_per_atom=0.00 mDebye, RMSE_MU_DERIV=0.00 mDebye / A, RMSE_ALPHA_per_atom=    0.15, RMSE_ALPHA_DERIV=    9.45
2025-07-13 04:35:18.221 INFO: Epoch 692: head: Default, loss=0.0026, RMSE_MU_per_atom=0.00 mDebye, RMSE_MU_DERIV=0.00 mDebye / A, RMSE_ALPHA_per_atom=    0.15, RMSE_ALPHA_DERIV=    9.47
2025-07-13 04:35:48.092 INFO: Epoch 693: head: Default, loss=0.0027, RMSE_MU_per_atom=0.00 mDebye, RMSE_MU_DERIV=0.00 mDebye / A, RMSE_ALPHA_per_atom=    0.15, RMSE_ALPHA_DERIV=    9.47
2025-07-13 04:36:17.986 INFO: Epoch 694: head: Default, loss=0.0026, RMSE_MU_per_atom=0.00 mDebye, RMSE_MU_DERIV=0.00 mDebye / A, RMSE_ALPHA_per_atom=    0.15, RMSE_ALPHA_DERIV=    9.45
2025-07-13 04:36:47.887 INFO: Epoch 695: head: Default, loss=0.0026, RMSE_MU_per_atom=0.00 mDebye, RMSE_MU_DERIV=0.00 mDebye / A, RMSE_ALPHA_per_atom=    0.15, RMSE_ALPHA_DERIV=    9.46
2025-07-13 04:37:17.840 INFO: Epoch 696: head: Default, loss=0.0025, RMSE_MU_per_atom=0.00 mDebye, RMSE_MU_DERIV=0.00 mDebye / A, RMSE_ALPHA_per_atom=    0.14, RMSE_ALPHA_DERIV=    9.46
2025-07-13 04:37:47.805 INFO: Epoch 697: head: Default, loss=0.0027, RMSE_MU_per_atom=0.00 mDebye, RMSE_MU_DERIV=0.00 mDebye / A, RMSE_ALPHA_per_atom=    0.15, RMSE_ALPHA_DERIV=    9.47
2025-07-13 04:38:17.682 INFO: Epoch 698: head: Default, loss=0.0027, RMSE_MU_per_atom=0.00 mDebye, RMSE_MU_DERIV=0.00 mDebye / A, RMSE_ALPHA_per_atom=    0.15, RMSE_ALPHA_DERIV=    9.48
2025-07-13 04:38:47.551 INFO: Epoch 699: head: Default, loss=0.0026, RMSE_MU_per_atom=0.00 mDebye, RMSE_MU_DERIV=0.00 mDebye / A, RMSE_ALPHA_per_atom=    0.14, RMSE_ALPHA_DERIV=    9.46
2025-07-13 04:39:17.457 INFO: Epoch 700: head: Default, loss=0.0027, RMSE_MU_per_atom=0.00 mDebye, RMSE_MU_DERIV=0.00 mDebye / A, RMSE_ALPHA_per_atom=    0.15, RMSE_ALPHA_DERIV=    9.48
2025-07-13 04:39:47.333 INFO: Epoch 701: head: Default, loss=0.0028, RMSE_MU_per_atom=0.00 mDebye, RMSE_MU_DERIV=0.00 mDebye / A, RMSE_ALPHA_per_atom=    0.15, RMSE_ALPHA_DERIV=    9.49
2025-07-13 04:40:17.166 INFO: Epoch 702: head: Default, loss=0.0028, RMSE_MU_per_atom=0.00 mDebye, RMSE_MU_DERIV=0.00 mDebye / A, RMSE_ALPHA_per_atom=    0.15, RMSE_ALPHA_DERIV=    9.47
2025-07-13 04:40:46.990 INFO: Epoch 703: head: Default, loss=0.0027, RMSE_MU_per_atom=0.00 mDebye, RMSE_MU_DERIV=0.00 mDebye / A, RMSE_ALPHA_per_atom=    0.15, RMSE_ALPHA_DERIV=    9.46
2025-07-13 04:41:16.882 INFO: Epoch 704: head: Default, loss=0.0025, RMSE_MU_per_atom=0.00 mDebye, RMSE_MU_DERIV=0.00 mDebye / A, RMSE_ALPHA_per_atom=    0.14, RMSE_ALPHA_DERIV=    9.46
2025-07-13 04:41:46.746 INFO: Epoch 705: head: Default, loss=0.0026, RMSE_MU_per_atom=0.00 mDebye, RMSE_MU_DERIV=0.00 mDebye / A, RMSE_ALPHA_per_atom=    0.14, RMSE_ALPHA_DERIV=    9.48
2025-07-13 04:42:16.660 INFO: Epoch 706: head: Default, loss=0.0027, RMSE_MU_per_atom=0.00 mDebye, RMSE_MU_DERIV=0.00 mDebye / A, RMSE_ALPHA_per_atom=    0.15, RMSE_ALPHA_DERIV=    9.47
2025-07-13 04:42:46.584 INFO: Epoch 707: head: Default, loss=0.0026, RMSE_MU_per_atom=0.00 mDebye, RMSE_MU_DERIV=0.00 mDebye / A, RMSE_ALPHA_per_atom=    0.14, RMSE_ALPHA_DERIV=    9.46
2025-07-13 04:43:16.448 INFO: Epoch 708: head: Default, loss=0.0027, RMSE_MU_per_atom=0.00 mDebye, RMSE_MU_DERIV=0.00 mDebye / A, RMSE_ALPHA_per_atom=    0.15, RMSE_ALPHA_DERIV=    9.46
2025-07-13 04:43:46.331 INFO: Epoch 709: head: Default, loss=0.0025, RMSE_MU_per_atom=0.00 mDebye, RMSE_MU_DERIV=0.00 mDebye / A, RMSE_ALPHA_per_atom=    0.14, RMSE_ALPHA_DERIV=    9.44
2025-07-13 04:44:16.236 INFO: Epoch 710: head: Default, loss=0.0026, RMSE_MU_per_atom=0.00 mDebye, RMSE_MU_DERIV=0.00 mDebye / A, RMSE_ALPHA_per_atom=    0.14, RMSE_ALPHA_DERIV=    9.46
2025-07-13 04:44:46.108 INFO: Epoch 711: head: Default, loss=0.0027, RMSE_MU_per_atom=0.00 mDebye, RMSE_MU_DERIV=0.00 mDebye / A, RMSE_ALPHA_per_atom=    0.15, RMSE_ALPHA_DERIV=    9.47
2025-07-13 04:45:15.935 INFO: Epoch 712: head: Default, loss=0.0027, RMSE_MU_per_atom=0.00 mDebye, RMSE_MU_DERIV=0.00 mDebye / A, RMSE_ALPHA_per_atom=    0.15, RMSE_ALPHA_DERIV=    9.47
2025-07-13 04:45:45.722 INFO: Epoch 713: head: Default, loss=0.0028, RMSE_MU_per_atom=0.00 mDebye, RMSE_MU_DERIV=0.00 mDebye / A, RMSE_ALPHA_per_atom=    0.15, RMSE_ALPHA_DERIV=    9.47
2025-07-13 04:46:15.588 INFO: Epoch 714: head: Default, loss=0.0025, RMSE_MU_per_atom=0.00 mDebye, RMSE_MU_DERIV=0.00 mDebye / A, RMSE_ALPHA_per_atom=    0.14, RMSE_ALPHA_DERIV=    9.46
2025-07-13 04:46:45.426 INFO: Epoch 715: head: Default, loss=0.0026, RMSE_MU_per_atom=0.00 mDebye, RMSE_MU_DERIV=0.00 mDebye / A, RMSE_ALPHA_per_atom=    0.14, RMSE_ALPHA_DERIV=    9.47
2025-07-13 04:47:15.242 INFO: Epoch 716: head: Default, loss=0.0028, RMSE_MU_per_atom=0.00 mDebye, RMSE_MU_DERIV=0.00 mDebye / A, RMSE_ALPHA_per_atom=    0.15, RMSE_ALPHA_DERIV=    9.49
2025-07-13 04:47:45.072 INFO: Epoch 717: head: Default, loss=0.0029, RMSE_MU_per_atom=0.00 mDebye, RMSE_MU_DERIV=0.00 mDebye / A, RMSE_ALPHA_per_atom=    0.15, RMSE_ALPHA_DERIV=    9.50
2025-07-13 04:48:14.931 INFO: Epoch 718: head: Default, loss=0.0029, RMSE_MU_per_atom=0.00 mDebye, RMSE_MU_DERIV=0.00 mDebye / A, RMSE_ALPHA_per_atom=    0.15, RMSE_ALPHA_DERIV=    9.48
2025-07-13 04:48:44.839 INFO: Epoch 719: head: Default, loss=0.0027, RMSE_MU_per_atom=0.00 mDebye, RMSE_MU_DERIV=0.00 mDebye / A, RMSE_ALPHA_per_atom=    0.15, RMSE_ALPHA_DERIV=    9.48
2025-07-13 04:49:14.749 INFO: Epoch 720: head: Default, loss=0.0029, RMSE_MU_per_atom=0.00 mDebye, RMSE_MU_DERIV=0.00 mDebye / A, RMSE_ALPHA_per_atom=    0.15, RMSE_ALPHA_DERIV=    9.50
2025-07-13 04:49:44.630 INFO: Epoch 721: head: Default, loss=0.0027, RMSE_MU_per_atom=0.00 mDebye, RMSE_MU_DERIV=0.00 mDebye / A, RMSE_ALPHA_per_atom=    0.15, RMSE_ALPHA_DERIV=    9.48
2025-07-13 04:50:14.530 INFO: Epoch 722: head: Default, loss=0.0027, RMSE_MU_per_atom=0.00 mDebye, RMSE_MU_DERIV=0.00 mDebye / A, RMSE_ALPHA_per_atom=    0.15, RMSE_ALPHA_DERIV=    9.48
2025-07-13 04:50:44.363 INFO: Epoch 723: head: Default, loss=0.0027, RMSE_MU_per_atom=0.00 mDebye, RMSE_MU_DERIV=0.00 mDebye / A, RMSE_ALPHA_per_atom=    0.15, RMSE_ALPHA_DERIV=    9.47
2025-07-13 04:51:14.170 INFO: Epoch 724: head: Default, loss=0.0025, RMSE_MU_per_atom=0.00 mDebye, RMSE_MU_DERIV=0.00 mDebye / A, RMSE_ALPHA_per_atom=    0.14, RMSE_ALPHA_DERIV=    9.45
2025-07-13 04:51:43.978 INFO: Epoch 725: head: Default, loss=0.0026, RMSE_MU_per_atom=0.00 mDebye, RMSE_MU_DERIV=0.00 mDebye / A, RMSE_ALPHA_per_atom=    0.14, RMSE_ALPHA_DERIV=    9.47
2025-07-13 04:52:13.846 INFO: Epoch 726: head: Default, loss=0.0027, RMSE_MU_per_atom=0.00 mDebye, RMSE_MU_DERIV=0.00 mDebye / A, RMSE_ALPHA_per_atom=    0.15, RMSE_ALPHA_DERIV=    9.47
2025-07-13 04:52:43.767 INFO: Epoch 727: head: Default, loss=0.0027, RMSE_MU_per_atom=0.00 mDebye, RMSE_MU_DERIV=0.00 mDebye / A, RMSE_ALPHA_per_atom=    0.15, RMSE_ALPHA_DERIV=    9.49
2025-07-13 04:53:13.661 INFO: Epoch 728: head: Default, loss=0.0029, RMSE_MU_per_atom=0.00 mDebye, RMSE_MU_DERIV=0.00 mDebye / A, RMSE_ALPHA_per_atom=    0.15, RMSE_ALPHA_DERIV=    9.49
2025-07-13 04:53:43.465 INFO: Epoch 729: head: Default, loss=0.0026, RMSE_MU_per_atom=0.00 mDebye, RMSE_MU_DERIV=0.00 mDebye / A, RMSE_ALPHA_per_atom=    0.14, RMSE_ALPHA_DERIV=    9.48
2025-07-13 04:54:13.254 INFO: Epoch 730: head: Default, loss=0.0027, RMSE_MU_per_atom=0.00 mDebye, RMSE_MU_DERIV=0.00 mDebye / A, RMSE_ALPHA_per_atom=    0.15, RMSE_ALPHA_DERIV=    9.49
2025-07-13 04:54:43.037 INFO: Epoch 731: head: Default, loss=0.0028, RMSE_MU_per_atom=0.00 mDebye, RMSE_MU_DERIV=0.00 mDebye / A, RMSE_ALPHA_per_atom=    0.15, RMSE_ALPHA_DERIV=    9.49
2025-07-13 04:55:12.912 INFO: Epoch 732: head: Default, loss=0.0028, RMSE_MU_per_atom=0.00 mDebye, RMSE_MU_DERIV=0.00 mDebye / A, RMSE_ALPHA_per_atom=    0.15, RMSE_ALPHA_DERIV=    9.49
2025-07-13 04:55:42.773 INFO: Epoch 733: head: Default, loss=0.0027, RMSE_MU_per_atom=0.00 mDebye, RMSE_MU_DERIV=0.00 mDebye / A, RMSE_ALPHA_per_atom=    0.15, RMSE_ALPHA_DERIV=    9.49
2025-07-13 04:56:12.598 INFO: Epoch 734: head: Default, loss=0.0026, RMSE_MU_per_atom=0.00 mDebye, RMSE_MU_DERIV=0.00 mDebye / A, RMSE_ALPHA_per_atom=    0.14, RMSE_ALPHA_DERIV=    9.49
2025-07-13 04:56:42.423 INFO: Epoch 735: head: Default, loss=0.0027, RMSE_MU_per_atom=0.00 mDebye, RMSE_MU_DERIV=0.00 mDebye / A, RMSE_ALPHA_per_atom=    0.15, RMSE_ALPHA_DERIV=    9.49
2025-07-13 04:57:12.227 INFO: Epoch 736: head: Default, loss=0.0027, RMSE_MU_per_atom=0.00 mDebye, RMSE_MU_DERIV=0.00 mDebye / A, RMSE_ALPHA_per_atom=    0.15, RMSE_ALPHA_DERIV=    9.48
2025-07-13 04:57:42.040 INFO: Epoch 737: head: Default, loss=0.0026, RMSE_MU_per_atom=0.00 mDebye, RMSE_MU_DERIV=0.00 mDebye / A, RMSE_ALPHA_per_atom=    0.14, RMSE_ALPHA_DERIV=    9.48
2025-07-13 04:58:11.837 INFO: Epoch 738: head: Default, loss=0.0026, RMSE_MU_per_atom=0.00 mDebye, RMSE_MU_DERIV=0.00 mDebye / A, RMSE_ALPHA_per_atom=    0.14, RMSE_ALPHA_DERIV=    9.47
2025-07-13 04:58:41.634 INFO: Epoch 739: head: Default, loss=0.0026, RMSE_MU_per_atom=0.00 mDebye, RMSE_MU_DERIV=0.00 mDebye / A, RMSE_ALPHA_per_atom=    0.15, RMSE_ALPHA_DERIV=    9.47
2025-07-13 04:59:11.497 INFO: Epoch 740: head: Default, loss=0.0026, RMSE_MU_per_atom=0.00 mDebye, RMSE_MU_DERIV=0.00 mDebye / A, RMSE_ALPHA_per_atom=    0.15, RMSE_ALPHA_DERIV=    9.48
2025-07-13 04:59:41.375 INFO: Epoch 741: head: Default, loss=0.0029, RMSE_MU_per_atom=0.00 mDebye, RMSE_MU_DERIV=0.00 mDebye / A, RMSE_ALPHA_per_atom=    0.15, RMSE_ALPHA_DERIV=    9.49
2025-07-13 05:00:11.240 INFO: Epoch 742: head: Default, loss=0.0027, RMSE_MU_per_atom=0.00 mDebye, RMSE_MU_DERIV=0.00 mDebye / A, RMSE_ALPHA_per_atom=    0.15, RMSE_ALPHA_DERIV=    9.48
2025-07-13 05:00:41.109 INFO: Epoch 743: head: Default, loss=0.0027, RMSE_MU_per_atom=0.00 mDebye, RMSE_MU_DERIV=0.00 mDebye / A, RMSE_ALPHA_per_atom=    0.15, RMSE_ALPHA_DERIV=    9.48
2025-07-13 05:01:10.968 INFO: Epoch 744: head: Default, loss=0.0027, RMSE_MU_per_atom=0.00 mDebye, RMSE_MU_DERIV=0.00 mDebye / A, RMSE_ALPHA_per_atom=    0.15, RMSE_ALPHA_DERIV=    9.47
2025-07-13 05:01:40.836 INFO: Epoch 745: head: Default, loss=0.0026, RMSE_MU_per_atom=0.00 mDebye, RMSE_MU_DERIV=0.00 mDebye / A, RMSE_ALPHA_per_atom=    0.14, RMSE_ALPHA_DERIV=    9.47
2025-07-13 05:02:10.700 INFO: Epoch 746: head: Default, loss=0.0026, RMSE_MU_per_atom=0.00 mDebye, RMSE_MU_DERIV=0.00 mDebye / A, RMSE_ALPHA_per_atom=    0.14, RMSE_ALPHA_DERIV=    9.47
2025-07-13 05:02:40.600 INFO: Epoch 747: head: Default, loss=0.0025, RMSE_MU_per_atom=0.00 mDebye, RMSE_MU_DERIV=0.00 mDebye / A, RMSE_ALPHA_per_atom=    0.14, RMSE_ALPHA_DERIV=    9.47
2025-07-13 05:03:10.413 INFO: Epoch 748: head: Default, loss=0.0027, RMSE_MU_per_atom=0.00 mDebye, RMSE_MU_DERIV=0.00 mDebye / A, RMSE_ALPHA_per_atom=    0.15, RMSE_ALPHA_DERIV=    9.48
2025-07-13 05:03:40.250 INFO: Epoch 749: head: Default, loss=0.0027, RMSE_MU_per_atom=0.00 mDebye, RMSE_MU_DERIV=0.00 mDebye / A, RMSE_ALPHA_per_atom=    0.15, RMSE_ALPHA_DERIV=    9.48
2025-07-13 05:04:10.089 INFO: Epoch 750: head: Default, loss=0.0028, RMSE_MU_per_atom=0.00 mDebye, RMSE_MU_DERIV=0.00 mDebye / A, RMSE_ALPHA_per_atom=    0.15, RMSE_ALPHA_DERIV=    9.48
2025-07-13 05:04:39.983 INFO: Epoch 751: head: Default, loss=0.0027, RMSE_MU_per_atom=0.00 mDebye, RMSE_MU_DERIV=0.00 mDebye / A, RMSE_ALPHA_per_atom=    0.15, RMSE_ALPHA_DERIV=    9.48
2025-07-13 05:05:09.816 INFO: Epoch 752: head: Default, loss=0.0028, RMSE_MU_per_atom=0.00 mDebye, RMSE_MU_DERIV=0.00 mDebye / A, RMSE_ALPHA_per_atom=    0.15, RMSE_ALPHA_DERIV=    9.47
2025-07-13 05:05:39.664 INFO: Epoch 753: head: Default, loss=0.0028, RMSE_MU_per_atom=0.00 mDebye, RMSE_MU_DERIV=0.00 mDebye / A, RMSE_ALPHA_per_atom=    0.15, RMSE_ALPHA_DERIV=    9.49
2025-07-13 05:06:09.515 INFO: Epoch 754: head: Default, loss=0.0027, RMSE_MU_per_atom=0.00 mDebye, RMSE_MU_DERIV=0.00 mDebye / A, RMSE_ALPHA_per_atom=    0.15, RMSE_ALPHA_DERIV=    9.48
2025-07-13 05:06:39.358 INFO: Epoch 755: head: Default, loss=0.0028, RMSE_MU_per_atom=0.00 mDebye, RMSE_MU_DERIV=0.00 mDebye / A, RMSE_ALPHA_per_atom=    0.15, RMSE_ALPHA_DERIV=    9.48
2025-07-13 05:07:09.243 INFO: Epoch 756: head: Default, loss=0.0027, RMSE_MU_per_atom=0.00 mDebye, RMSE_MU_DERIV=0.00 mDebye / A, RMSE_ALPHA_per_atom=    0.15, RMSE_ALPHA_DERIV=    9.48
2025-07-13 05:07:39.112 INFO: Epoch 757: head: Default, loss=0.0027, RMSE_MU_per_atom=0.00 mDebye, RMSE_MU_DERIV=0.00 mDebye / A, RMSE_ALPHA_per_atom=    0.15, RMSE_ALPHA_DERIV=    9.47
2025-07-13 05:08:09.005 INFO: Epoch 758: head: Default, loss=0.0027, RMSE_MU_per_atom=0.00 mDebye, RMSE_MU_DERIV=0.00 mDebye / A, RMSE_ALPHA_per_atom=    0.15, RMSE_ALPHA_DERIV=    9.48
2025-07-13 05:08:38.925 INFO: Epoch 759: head: Default, loss=0.0027, RMSE_MU_per_atom=0.00 mDebye, RMSE_MU_DERIV=0.00 mDebye / A, RMSE_ALPHA_per_atom=    0.15, RMSE_ALPHA_DERIV=    9.48
2025-07-13 05:09:08.739 INFO: Epoch 760: head: Default, loss=0.0027, RMSE_MU_per_atom=0.00 mDebye, RMSE_MU_DERIV=0.00 mDebye / A, RMSE_ALPHA_per_atom=    0.15, RMSE_ALPHA_DERIV=    9.48
2025-07-13 05:09:38.579 INFO: Epoch 761: head: Default, loss=0.0026, RMSE_MU_per_atom=0.00 mDebye, RMSE_MU_DERIV=0.00 mDebye / A, RMSE_ALPHA_per_atom=    0.14, RMSE_ALPHA_DERIV=    9.48
2025-07-13 05:10:08.442 INFO: Epoch 762: head: Default, loss=0.0028, RMSE_MU_per_atom=0.00 mDebye, RMSE_MU_DERIV=0.00 mDebye / A, RMSE_ALPHA_per_atom=    0.15, RMSE_ALPHA_DERIV=    9.48
2025-07-13 05:10:38.284 INFO: Epoch 763: head: Default, loss=0.0026, RMSE_MU_per_atom=0.00 mDebye, RMSE_MU_DERIV=0.00 mDebye / A, RMSE_ALPHA_per_atom=    0.14, RMSE_ALPHA_DERIV=    9.48
2025-07-13 05:11:08.175 INFO: Epoch 764: head: Default, loss=0.0026, RMSE_MU_per_atom=0.00 mDebye, RMSE_MU_DERIV=0.00 mDebye / A, RMSE_ALPHA_per_atom=    0.14, RMSE_ALPHA_DERIV=    9.47
2025-07-13 05:11:38.069 INFO: Epoch 765: head: Default, loss=0.0026, RMSE_MU_per_atom=0.00 mDebye, RMSE_MU_DERIV=0.00 mDebye / A, RMSE_ALPHA_per_atom=    0.14, RMSE_ALPHA_DERIV=    9.47
2025-07-13 05:12:07.978 INFO: Epoch 766: head: Default, loss=0.0026, RMSE_MU_per_atom=0.00 mDebye, RMSE_MU_DERIV=0.00 mDebye / A, RMSE_ALPHA_per_atom=    0.14, RMSE_ALPHA_DERIV=    9.47
2025-07-13 05:12:37.833 INFO: Epoch 767: head: Default, loss=0.0027, RMSE_MU_per_atom=0.00 mDebye, RMSE_MU_DERIV=0.00 mDebye / A, RMSE_ALPHA_per_atom=    0.15, RMSE_ALPHA_DERIV=    9.48
2025-07-13 05:13:07.657 INFO: Epoch 768: head: Default, loss=0.0026, RMSE_MU_per_atom=0.00 mDebye, RMSE_MU_DERIV=0.00 mDebye / A, RMSE_ALPHA_per_atom=    0.15, RMSE_ALPHA_DERIV=    9.47
2025-07-13 05:13:37.549 INFO: Epoch 769: head: Default, loss=0.0027, RMSE_MU_per_atom=0.00 mDebye, RMSE_MU_DERIV=0.00 mDebye / A, RMSE_ALPHA_per_atom=    0.15, RMSE_ALPHA_DERIV=    9.48
2025-07-13 05:14:07.432 INFO: Epoch 770: head: Default, loss=0.0027, RMSE_MU_per_atom=0.00 mDebye, RMSE_MU_DERIV=0.00 mDebye / A, RMSE_ALPHA_per_atom=    0.15, RMSE_ALPHA_DERIV=    9.49
2025-07-13 05:14:37.321 INFO: Epoch 771: head: Default, loss=0.0028, RMSE_MU_per_atom=0.00 mDebye, RMSE_MU_DERIV=0.00 mDebye / A, RMSE_ALPHA_per_atom=    0.15, RMSE_ALPHA_DERIV=    9.50
2025-07-13 05:15:07.221 INFO: Epoch 772: head: Default, loss=0.0028, RMSE_MU_per_atom=0.00 mDebye, RMSE_MU_DERIV=0.00 mDebye / A, RMSE_ALPHA_per_atom=    0.15, RMSE_ALPHA_DERIV=    9.49
2025-07-13 05:15:37.105 INFO: Epoch 773: head: Default, loss=0.0027, RMSE_MU_per_atom=0.00 mDebye, RMSE_MU_DERIV=0.00 mDebye / A, RMSE_ALPHA_per_atom=    0.15, RMSE_ALPHA_DERIV=    9.48
2025-07-13 05:16:06.939 INFO: Epoch 774: head: Default, loss=0.0027, RMSE_MU_per_atom=0.00 mDebye, RMSE_MU_DERIV=0.00 mDebye / A, RMSE_ALPHA_per_atom=    0.15, RMSE_ALPHA_DERIV=    9.48
2025-07-13 05:16:36.834 INFO: Epoch 775: head: Default, loss=0.0025, RMSE_MU_per_atom=0.00 mDebye, RMSE_MU_DERIV=0.00 mDebye / A, RMSE_ALPHA_per_atom=    0.14, RMSE_ALPHA_DERIV=    9.48
2025-07-13 05:17:06.810 INFO: Epoch 776: head: Default, loss=0.0026, RMSE_MU_per_atom=0.00 mDebye, RMSE_MU_DERIV=0.00 mDebye / A, RMSE_ALPHA_per_atom=    0.15, RMSE_ALPHA_DERIV=    9.47
2025-07-13 05:17:36.716 INFO: Epoch 777: head: Default, loss=0.0027, RMSE_MU_per_atom=0.00 mDebye, RMSE_MU_DERIV=0.00 mDebye / A, RMSE_ALPHA_per_atom=    0.15, RMSE_ALPHA_DERIV=    9.49
2025-07-13 05:18:06.630 INFO: Epoch 778: head: Default, loss=0.0026, RMSE_MU_per_atom=0.00 mDebye, RMSE_MU_DERIV=0.00 mDebye / A, RMSE_ALPHA_per_atom=    0.14, RMSE_ALPHA_DERIV=    9.49
2025-07-13 05:18:36.514 INFO: Epoch 779: head: Default, loss=0.0027, RMSE_MU_per_atom=0.00 mDebye, RMSE_MU_DERIV=0.00 mDebye / A, RMSE_ALPHA_per_atom=    0.15, RMSE_ALPHA_DERIV=    9.50
2025-07-13 05:19:06.407 INFO: Epoch 780: head: Default, loss=0.0027, RMSE_MU_per_atom=0.00 mDebye, RMSE_MU_DERIV=0.00 mDebye / A, RMSE_ALPHA_per_atom=    0.15, RMSE_ALPHA_DERIV=    9.49
2025-07-13 05:19:36.322 INFO: Epoch 781: head: Default, loss=0.0027, RMSE_MU_per_atom=0.00 mDebye, RMSE_MU_DERIV=0.00 mDebye / A, RMSE_ALPHA_per_atom=    0.15, RMSE_ALPHA_DERIV=    9.49
2025-07-13 05:20:06.229 INFO: Epoch 782: head: Default, loss=0.0027, RMSE_MU_per_atom=0.00 mDebye, RMSE_MU_DERIV=0.00 mDebye / A, RMSE_ALPHA_per_atom=    0.15, RMSE_ALPHA_DERIV=    9.49
2025-07-13 05:20:36.126 INFO: Epoch 783: head: Default, loss=0.0026, RMSE_MU_per_atom=0.00 mDebye, RMSE_MU_DERIV=0.00 mDebye / A, RMSE_ALPHA_per_atom=    0.14, RMSE_ALPHA_DERIV=    9.49
2025-07-13 05:21:06.001 INFO: Epoch 784: head: Default, loss=0.0026, RMSE_MU_per_atom=0.00 mDebye, RMSE_MU_DERIV=0.00 mDebye / A, RMSE_ALPHA_per_atom=    0.14, RMSE_ALPHA_DERIV=    9.48
2025-07-13 05:21:35.932 INFO: Epoch 785: head: Default, loss=0.0028, RMSE_MU_per_atom=0.00 mDebye, RMSE_MU_DERIV=0.00 mDebye / A, RMSE_ALPHA_per_atom=    0.15, RMSE_ALPHA_DERIV=    9.50
2025-07-13 05:22:05.863 INFO: Epoch 786: head: Default, loss=0.0028, RMSE_MU_per_atom=0.00 mDebye, RMSE_MU_DERIV=0.00 mDebye / A, RMSE_ALPHA_per_atom=    0.15, RMSE_ALPHA_DERIV=    9.50
2025-07-13 05:22:35.781 INFO: Epoch 787: head: Default, loss=0.0026, RMSE_MU_per_atom=0.00 mDebye, RMSE_MU_DERIV=0.00 mDebye / A, RMSE_ALPHA_per_atom=    0.14, RMSE_ALPHA_DERIV=    9.49
2025-07-13 05:23:05.697 INFO: Epoch 788: head: Default, loss=0.0026, RMSE_MU_per_atom=0.00 mDebye, RMSE_MU_DERIV=0.00 mDebye / A, RMSE_ALPHA_per_atom=    0.14, RMSE_ALPHA_DERIV=    9.49
2025-07-13 05:23:35.561 INFO: Epoch 789: head: Default, loss=0.0027, RMSE_MU_per_atom=0.00 mDebye, RMSE_MU_DERIV=0.00 mDebye / A, RMSE_ALPHA_per_atom=    0.15, RMSE_ALPHA_DERIV=    9.50
2025-07-13 05:24:05.493 INFO: Epoch 790: head: Default, loss=0.0026, RMSE_MU_per_atom=0.00 mDebye, RMSE_MU_DERIV=0.00 mDebye / A, RMSE_ALPHA_per_atom=    0.15, RMSE_ALPHA_DERIV=    9.49
2025-07-13 05:24:35.442 INFO: Epoch 791: head: Default, loss=0.0027, RMSE_MU_per_atom=0.00 mDebye, RMSE_MU_DERIV=0.00 mDebye / A, RMSE_ALPHA_per_atom=    0.15, RMSE_ALPHA_DERIV=    9.49
2025-07-13 05:25:05.320 INFO: Epoch 792: head: Default, loss=0.0028, RMSE_MU_per_atom=0.00 mDebye, RMSE_MU_DERIV=0.00 mDebye / A, RMSE_ALPHA_per_atom=    0.15, RMSE_ALPHA_DERIV=    9.50
2025-07-13 05:25:35.271 INFO: Epoch 793: head: Default, loss=0.0026, RMSE_MU_per_atom=0.00 mDebye, RMSE_MU_DERIV=0.00 mDebye / A, RMSE_ALPHA_per_atom=    0.15, RMSE_ALPHA_DERIV=    9.49
2025-07-13 05:26:05.136 INFO: Epoch 794: head: Default, loss=0.0028, RMSE_MU_per_atom=0.00 mDebye, RMSE_MU_DERIV=0.00 mDebye / A, RMSE_ALPHA_per_atom=    0.15, RMSE_ALPHA_DERIV=    9.50
2025-07-13 05:26:35.044 INFO: Epoch 795: head: Default, loss=0.0027, RMSE_MU_per_atom=0.00 mDebye, RMSE_MU_DERIV=0.00 mDebye / A, RMSE_ALPHA_per_atom=    0.15, RMSE_ALPHA_DERIV=    9.49
2025-07-13 05:27:04.907 INFO: Epoch 796: head: Default, loss=0.0026, RMSE_MU_per_atom=0.00 mDebye, RMSE_MU_DERIV=0.00 mDebye / A, RMSE_ALPHA_per_atom=    0.14, RMSE_ALPHA_DERIV=    9.49
2025-07-13 05:27:34.736 INFO: Epoch 797: head: Default, loss=0.0027, RMSE_MU_per_atom=0.00 mDebye, RMSE_MU_DERIV=0.00 mDebye / A, RMSE_ALPHA_per_atom=    0.15, RMSE_ALPHA_DERIV=    9.50
2025-07-13 05:28:04.601 INFO: Epoch 798: head: Default, loss=0.0028, RMSE_MU_per_atom=0.00 mDebye, RMSE_MU_DERIV=0.00 mDebye / A, RMSE_ALPHA_per_atom=    0.15, RMSE_ALPHA_DERIV=    9.50
2025-07-13 05:28:34.438 INFO: Epoch 799: head: Default, loss=0.0027, RMSE_MU_per_atom=0.00 mDebye, RMSE_MU_DERIV=0.00 mDebye / A, RMSE_ALPHA_per_atom=    0.15, RMSE_ALPHA_DERIV=    9.50
2025-07-13 05:29:04.315 INFO: Epoch 800: head: Default, loss=0.0029, RMSE_MU_per_atom=0.00 mDebye, RMSE_MU_DERIV=0.00 mDebye / A, RMSE_ALPHA_per_atom=    0.15, RMSE_ALPHA_DERIV=    9.50
2025-07-13 05:29:34.165 INFO: Epoch 801: head: Default, loss=0.0026, RMSE_MU_per_atom=0.00 mDebye, RMSE_MU_DERIV=0.00 mDebye / A, RMSE_ALPHA_per_atom=    0.14, RMSE_ALPHA_DERIV=    9.49
2025-07-13 05:30:03.988 INFO: Epoch 802: head: Default, loss=0.0027, RMSE_MU_per_atom=0.00 mDebye, RMSE_MU_DERIV=0.00 mDebye / A, RMSE_ALPHA_per_atom=    0.15, RMSE_ALPHA_DERIV=    9.48
2025-07-13 05:30:33.795 INFO: Epoch 803: head: Default, loss=0.0027, RMSE_MU_per_atom=0.00 mDebye, RMSE_MU_DERIV=0.00 mDebye / A, RMSE_ALPHA_per_atom=    0.15, RMSE_ALPHA_DERIV=    9.49
2025-07-13 05:31:03.628 INFO: Epoch 804: head: Default, loss=0.0027, RMSE_MU_per_atom=0.00 mDebye, RMSE_MU_DERIV=0.00 mDebye / A, RMSE_ALPHA_per_atom=    0.15, RMSE_ALPHA_DERIV=    9.50
2025-07-13 05:31:33.449 INFO: Epoch 805: head: Default, loss=0.0026, RMSE_MU_per_atom=0.00 mDebye, RMSE_MU_DERIV=0.00 mDebye / A, RMSE_ALPHA_per_atom=    0.14, RMSE_ALPHA_DERIV=    9.49
2025-07-13 05:32:03.231 INFO: Epoch 806: head: Default, loss=0.0026, RMSE_MU_per_atom=0.00 mDebye, RMSE_MU_DERIV=0.00 mDebye / A, RMSE_ALPHA_per_atom=    0.15, RMSE_ALPHA_DERIV=    9.49
2025-07-13 05:32:33.068 INFO: Epoch 807: head: Default, loss=0.0028, RMSE_MU_per_atom=0.00 mDebye, RMSE_MU_DERIV=0.00 mDebye / A, RMSE_ALPHA_per_atom=    0.15, RMSE_ALPHA_DERIV=    9.49
2025-07-13 05:33:02.859 INFO: Epoch 808: head: Default, loss=0.0027, RMSE_MU_per_atom=0.00 mDebye, RMSE_MU_DERIV=0.00 mDebye / A, RMSE_ALPHA_per_atom=    0.15, RMSE_ALPHA_DERIV=    9.49
2025-07-13 05:33:32.722 INFO: Epoch 809: head: Default, loss=0.0026, RMSE_MU_per_atom=0.00 mDebye, RMSE_MU_DERIV=0.00 mDebye / A, RMSE_ALPHA_per_atom=    0.15, RMSE_ALPHA_DERIV=    9.49
2025-07-13 05:34:02.578 INFO: Epoch 810: head: Default, loss=0.0026, RMSE_MU_per_atom=0.00 mDebye, RMSE_MU_DERIV=0.00 mDebye / A, RMSE_ALPHA_per_atom=    0.15, RMSE_ALPHA_DERIV=    9.49
2025-07-13 05:34:32.404 INFO: Epoch 811: head: Default, loss=0.0026, RMSE_MU_per_atom=0.00 mDebye, RMSE_MU_DERIV=0.00 mDebye / A, RMSE_ALPHA_per_atom=    0.15, RMSE_ALPHA_DERIV=    9.49
2025-07-13 05:35:02.242 INFO: Epoch 812: head: Default, loss=0.0027, RMSE_MU_per_atom=0.00 mDebye, RMSE_MU_DERIV=0.00 mDebye / A, RMSE_ALPHA_per_atom=    0.15, RMSE_ALPHA_DERIV=    9.50
2025-07-13 05:35:32.088 INFO: Epoch 813: head: Default, loss=0.0027, RMSE_MU_per_atom=0.00 mDebye, RMSE_MU_DERIV=0.00 mDebye / A, RMSE_ALPHA_per_atom=    0.15, RMSE_ALPHA_DERIV=    9.49
2025-07-13 05:36:01.918 INFO: Epoch 814: head: Default, loss=0.0027, RMSE_MU_per_atom=0.00 mDebye, RMSE_MU_DERIV=0.00 mDebye / A, RMSE_ALPHA_per_atom=    0.15, RMSE_ALPHA_DERIV=    9.49
2025-07-13 05:36:31.702 INFO: Epoch 815: head: Default, loss=0.0027, RMSE_MU_per_atom=0.00 mDebye, RMSE_MU_DERIV=0.00 mDebye / A, RMSE_ALPHA_per_atom=    0.15, RMSE_ALPHA_DERIV=    9.50
2025-07-13 05:37:01.519 INFO: Epoch 816: head: Default, loss=0.0027, RMSE_MU_per_atom=0.00 mDebye, RMSE_MU_DERIV=0.00 mDebye / A, RMSE_ALPHA_per_atom=    0.15, RMSE_ALPHA_DERIV=    9.49
2025-07-13 05:37:31.339 INFO: Epoch 817: head: Default, loss=0.0027, RMSE_MU_per_atom=0.00 mDebye, RMSE_MU_DERIV=0.00 mDebye / A, RMSE_ALPHA_per_atom=    0.15, RMSE_ALPHA_DERIV=    9.49
2025-07-13 05:38:01.146 INFO: Epoch 818: head: Default, loss=0.0029, RMSE_MU_per_atom=0.00 mDebye, RMSE_MU_DERIV=0.00 mDebye / A, RMSE_ALPHA_per_atom=    0.15, RMSE_ALPHA_DERIV=    9.51
2025-07-13 05:38:30.970 INFO: Epoch 819: head: Default, loss=0.0029, RMSE_MU_per_atom=0.00 mDebye, RMSE_MU_DERIV=0.00 mDebye / A, RMSE_ALPHA_per_atom=    0.15, RMSE_ALPHA_DERIV=    9.51
2025-07-13 05:39:00.782 INFO: Epoch 820: head: Default, loss=0.0027, RMSE_MU_per_atom=0.00 mDebye, RMSE_MU_DERIV=0.00 mDebye / A, RMSE_ALPHA_per_atom=    0.15, RMSE_ALPHA_DERIV=    9.50
2025-07-13 05:39:30.667 INFO: Epoch 821: head: Default, loss=0.0027, RMSE_MU_per_atom=0.00 mDebye, RMSE_MU_DERIV=0.00 mDebye / A, RMSE_ALPHA_per_atom=    0.15, RMSE_ALPHA_DERIV=    9.50
2025-07-13 05:40:00.576 INFO: Epoch 822: head: Default, loss=0.0027, RMSE_MU_per_atom=0.00 mDebye, RMSE_MU_DERIV=0.00 mDebye / A, RMSE_ALPHA_per_atom=    0.15, RMSE_ALPHA_DERIV=    9.50
2025-07-13 05:40:30.483 INFO: Epoch 823: head: Default, loss=0.0027, RMSE_MU_per_atom=0.00 mDebye, RMSE_MU_DERIV=0.00 mDebye / A, RMSE_ALPHA_per_atom=    0.15, RMSE_ALPHA_DERIV=    9.49
2025-07-13 05:41:00.421 INFO: Epoch 824: head: Default, loss=0.0027, RMSE_MU_per_atom=0.00 mDebye, RMSE_MU_DERIV=0.00 mDebye / A, RMSE_ALPHA_per_atom=    0.15, RMSE_ALPHA_DERIV=    9.49
2025-07-13 05:41:30.289 INFO: Epoch 825: head: Default, loss=0.0028, RMSE_MU_per_atom=0.00 mDebye, RMSE_MU_DERIV=0.00 mDebye / A, RMSE_ALPHA_per_atom=    0.15, RMSE_ALPHA_DERIV=    9.50
2025-07-13 05:42:00.150 INFO: Epoch 826: head: Default, loss=0.0027, RMSE_MU_per_atom=0.00 mDebye, RMSE_MU_DERIV=0.00 mDebye / A, RMSE_ALPHA_per_atom=    0.15, RMSE_ALPHA_DERIV=    9.49
2025-07-13 05:42:30.040 INFO: Epoch 827: head: Default, loss=0.0027, RMSE_MU_per_atom=0.00 mDebye, RMSE_MU_DERIV=0.00 mDebye / A, RMSE_ALPHA_per_atom=    0.15, RMSE_ALPHA_DERIV=    9.49
2025-07-13 05:42:59.909 INFO: Epoch 828: head: Default, loss=0.0028, RMSE_MU_per_atom=0.00 mDebye, RMSE_MU_DERIV=0.00 mDebye / A, RMSE_ALPHA_per_atom=    0.15, RMSE_ALPHA_DERIV=    9.50
2025-07-13 05:43:29.784 INFO: Epoch 829: head: Default, loss=0.0028, RMSE_MU_per_atom=0.00 mDebye, RMSE_MU_DERIV=0.00 mDebye / A, RMSE_ALPHA_per_atom=    0.15, RMSE_ALPHA_DERIV=    9.50
2025-07-13 05:43:59.651 INFO: Epoch 830: head: Default, loss=0.0027, RMSE_MU_per_atom=0.00 mDebye, RMSE_MU_DERIV=0.00 mDebye / A, RMSE_ALPHA_per_atom=    0.15, RMSE_ALPHA_DERIV=    9.49
2025-07-13 05:44:29.506 INFO: Epoch 831: head: Default, loss=0.0027, RMSE_MU_per_atom=0.00 mDebye, RMSE_MU_DERIV=0.00 mDebye / A, RMSE_ALPHA_per_atom=    0.15, RMSE_ALPHA_DERIV=    9.49
2025-07-13 05:44:59.370 INFO: Epoch 832: head: Default, loss=0.0027, RMSE_MU_per_atom=0.00 mDebye, RMSE_MU_DERIV=0.00 mDebye / A, RMSE_ALPHA_per_atom=    0.15, RMSE_ALPHA_DERIV=    9.50
2025-07-13 05:45:29.232 INFO: Epoch 833: head: Default, loss=0.0029, RMSE_MU_per_atom=0.00 mDebye, RMSE_MU_DERIV=0.00 mDebye / A, RMSE_ALPHA_per_atom=    0.15, RMSE_ALPHA_DERIV=    9.50
2025-07-13 05:45:59.125 INFO: Epoch 834: head: Default, loss=0.0028, RMSE_MU_per_atom=0.00 mDebye, RMSE_MU_DERIV=0.00 mDebye / A, RMSE_ALPHA_per_atom=    0.15, RMSE_ALPHA_DERIV=    9.50
2025-07-13 05:46:28.984 INFO: Epoch 835: head: Default, loss=0.0028, RMSE_MU_per_atom=0.00 mDebye, RMSE_MU_DERIV=0.00 mDebye / A, RMSE_ALPHA_per_atom=    0.15, RMSE_ALPHA_DERIV=    9.51
2025-07-13 05:46:58.902 INFO: Epoch 836: head: Default, loss=0.0028, RMSE_MU_per_atom=0.00 mDebye, RMSE_MU_DERIV=0.00 mDebye / A, RMSE_ALPHA_per_atom=    0.15, RMSE_ALPHA_DERIV=    9.50
2025-07-13 05:47:28.831 INFO: Epoch 837: head: Default, loss=0.0026, RMSE_MU_per_atom=0.00 mDebye, RMSE_MU_DERIV=0.00 mDebye / A, RMSE_ALPHA_per_atom=    0.14, RMSE_ALPHA_DERIV=    9.49
2025-07-13 05:47:58.758 INFO: Epoch 838: head: Default, loss=0.0027, RMSE_MU_per_atom=0.00 mDebye, RMSE_MU_DERIV=0.00 mDebye / A, RMSE_ALPHA_per_atom=    0.15, RMSE_ALPHA_DERIV=    9.50
2025-07-13 05:48:28.697 INFO: Epoch 839: head: Default, loss=0.0027, RMSE_MU_per_atom=0.00 mDebye, RMSE_MU_DERIV=0.00 mDebye / A, RMSE_ALPHA_per_atom=    0.15, RMSE_ALPHA_DERIV=    9.50
2025-07-13 05:48:58.649 INFO: Epoch 840: head: Default, loss=0.0027, RMSE_MU_per_atom=0.00 mDebye, RMSE_MU_DERIV=0.00 mDebye / A, RMSE_ALPHA_per_atom=    0.15, RMSE_ALPHA_DERIV=    9.50
2025-07-13 05:49:28.560 INFO: Epoch 841: head: Default, loss=0.0026, RMSE_MU_per_atom=0.00 mDebye, RMSE_MU_DERIV=0.00 mDebye / A, RMSE_ALPHA_per_atom=    0.15, RMSE_ALPHA_DERIV=    9.49
2025-07-13 05:49:58.436 INFO: Epoch 842: head: Default, loss=0.0029, RMSE_MU_per_atom=0.00 mDebye, RMSE_MU_DERIV=0.00 mDebye / A, RMSE_ALPHA_per_atom=    0.15, RMSE_ALPHA_DERIV=    9.51
2025-07-13 05:50:28.338 INFO: Epoch 843: head: Default, loss=0.0029, RMSE_MU_per_atom=0.00 mDebye, RMSE_MU_DERIV=0.00 mDebye / A, RMSE_ALPHA_per_atom=    0.15, RMSE_ALPHA_DERIV=    9.51
2025-07-13 05:50:58.251 INFO: Epoch 844: head: Default, loss=0.0027, RMSE_MU_per_atom=0.00 mDebye, RMSE_MU_DERIV=0.00 mDebye / A, RMSE_ALPHA_per_atom=    0.15, RMSE_ALPHA_DERIV=    9.50
2025-07-13 05:51:28.215 INFO: Epoch 845: head: Default, loss=0.0029, RMSE_MU_per_atom=0.00 mDebye, RMSE_MU_DERIV=0.00 mDebye / A, RMSE_ALPHA_per_atom=    0.15, RMSE_ALPHA_DERIV=    9.52
2025-07-13 05:51:58.149 INFO: Epoch 846: head: Default, loss=0.0028, RMSE_MU_per_atom=0.00 mDebye, RMSE_MU_DERIV=0.00 mDebye / A, RMSE_ALPHA_per_atom=    0.15, RMSE_ALPHA_DERIV=    9.51
2025-07-13 05:52:28.079 INFO: Epoch 847: head: Default, loss=0.0027, RMSE_MU_per_atom=0.00 mDebye, RMSE_MU_DERIV=0.00 mDebye / A, RMSE_ALPHA_per_atom=    0.15, RMSE_ALPHA_DERIV=    9.50
2025-07-13 05:52:57.910 INFO: Epoch 848: head: Default, loss=0.0029, RMSE_MU_per_atom=0.00 mDebye, RMSE_MU_DERIV=0.00 mDebye / A, RMSE_ALPHA_per_atom=    0.15, RMSE_ALPHA_DERIV=    9.51
2025-07-13 05:53:27.806 INFO: Epoch 849: head: Default, loss=0.0027, RMSE_MU_per_atom=0.00 mDebye, RMSE_MU_DERIV=0.00 mDebye / A, RMSE_ALPHA_per_atom=    0.15, RMSE_ALPHA_DERIV=    9.50
2025-07-13 05:53:57.797 INFO: Epoch 850: head: Default, loss=0.0026, RMSE_MU_per_atom=0.00 mDebye, RMSE_MU_DERIV=0.00 mDebye / A, RMSE_ALPHA_per_atom=    0.14, RMSE_ALPHA_DERIV=    9.50
2025-07-13 05:54:27.711 INFO: Epoch 851: head: Default, loss=0.0027, RMSE_MU_per_atom=0.00 mDebye, RMSE_MU_DERIV=0.00 mDebye / A, RMSE_ALPHA_per_atom=    0.15, RMSE_ALPHA_DERIV=    9.50
2025-07-13 05:54:57.623 INFO: Epoch 852: head: Default, loss=0.0028, RMSE_MU_per_atom=0.00 mDebye, RMSE_MU_DERIV=0.00 mDebye / A, RMSE_ALPHA_per_atom=    0.15, RMSE_ALPHA_DERIV=    9.51
2025-07-13 05:55:27.582 INFO: Epoch 853: head: Default, loss=0.0028, RMSE_MU_per_atom=0.00 mDebye, RMSE_MU_DERIV=0.00 mDebye / A, RMSE_ALPHA_per_atom=    0.15, RMSE_ALPHA_DERIV=    9.51
2025-07-13 05:55:57.592 INFO: Epoch 854: head: Default, loss=0.0027, RMSE_MU_per_atom=0.00 mDebye, RMSE_MU_DERIV=0.00 mDebye / A, RMSE_ALPHA_per_atom=    0.15, RMSE_ALPHA_DERIV=    9.50
2025-07-13 05:56:27.548 INFO: Epoch 855: head: Default, loss=0.0028, RMSE_MU_per_atom=0.00 mDebye, RMSE_MU_DERIV=0.00 mDebye / A, RMSE_ALPHA_per_atom=    0.15, RMSE_ALPHA_DERIV=    9.51
2025-07-13 05:56:57.546 INFO: Epoch 856: head: Default, loss=0.0027, RMSE_MU_per_atom=0.00 mDebye, RMSE_MU_DERIV=0.00 mDebye / A, RMSE_ALPHA_per_atom=    0.15, RMSE_ALPHA_DERIV=    9.50
2025-07-13 05:57:27.553 INFO: Epoch 857: head: Default, loss=0.0027, RMSE_MU_per_atom=0.00 mDebye, RMSE_MU_DERIV=0.00 mDebye / A, RMSE_ALPHA_per_atom=    0.15, RMSE_ALPHA_DERIV=    9.50
2025-07-13 05:57:57.481 INFO: Epoch 858: head: Default, loss=0.0028, RMSE_MU_per_atom=0.00 mDebye, RMSE_MU_DERIV=0.00 mDebye / A, RMSE_ALPHA_per_atom=    0.15, RMSE_ALPHA_DERIV=    9.50
2025-07-13 05:58:27.386 INFO: Epoch 859: head: Default, loss=0.0027, RMSE_MU_per_atom=0.00 mDebye, RMSE_MU_DERIV=0.00 mDebye / A, RMSE_ALPHA_per_atom=    0.15, RMSE_ALPHA_DERIV=    9.50
2025-07-13 05:58:57.253 INFO: Epoch 860: head: Default, loss=0.0027, RMSE_MU_per_atom=0.00 mDebye, RMSE_MU_DERIV=0.00 mDebye / A, RMSE_ALPHA_per_atom=    0.15, RMSE_ALPHA_DERIV=    9.49
2025-07-13 05:59:27.109 INFO: Epoch 861: head: Default, loss=0.0028, RMSE_MU_per_atom=0.00 mDebye, RMSE_MU_DERIV=0.00 mDebye / A, RMSE_ALPHA_per_atom=    0.15, RMSE_ALPHA_DERIV=    9.50
2025-07-13 05:59:56.992 INFO: Epoch 862: head: Default, loss=0.0028, RMSE_MU_per_atom=0.00 mDebye, RMSE_MU_DERIV=0.00 mDebye / A, RMSE_ALPHA_per_atom=    0.15, RMSE_ALPHA_DERIV=    9.51
2025-07-13 06:00:26.833 INFO: Epoch 863: head: Default, loss=0.0027, RMSE_MU_per_atom=0.00 mDebye, RMSE_MU_DERIV=0.00 mDebye / A, RMSE_ALPHA_per_atom=    0.15, RMSE_ALPHA_DERIV=    9.50
2025-07-13 06:00:56.651 INFO: Epoch 864: head: Default, loss=0.0026, RMSE_MU_per_atom=0.00 mDebye, RMSE_MU_DERIV=0.00 mDebye / A, RMSE_ALPHA_per_atom=    0.14, RMSE_ALPHA_DERIV=    9.50
2025-07-13 06:01:26.473 INFO: Epoch 865: head: Default, loss=0.0027, RMSE_MU_per_atom=0.00 mDebye, RMSE_MU_DERIV=0.00 mDebye / A, RMSE_ALPHA_per_atom=    0.15, RMSE_ALPHA_DERIV=    9.51
2025-07-13 06:01:56.301 INFO: Epoch 866: head: Default, loss=0.0029, RMSE_MU_per_atom=0.00 mDebye, RMSE_MU_DERIV=0.00 mDebye / A, RMSE_ALPHA_per_atom=    0.15, RMSE_ALPHA_DERIV=    9.52
2025-07-13 06:02:26.141 INFO: Epoch 867: head: Default, loss=0.0029, RMSE_MU_per_atom=0.00 mDebye, RMSE_MU_DERIV=0.00 mDebye / A, RMSE_ALPHA_per_atom=    0.15, RMSE_ALPHA_DERIV=    9.52
2025-07-13 06:02:55.972 INFO: Epoch 868: head: Default, loss=0.0028, RMSE_MU_per_atom=0.00 mDebye, RMSE_MU_DERIV=0.00 mDebye / A, RMSE_ALPHA_per_atom=    0.15, RMSE_ALPHA_DERIV=    9.51
2025-07-13 06:03:25.799 INFO: Epoch 869: head: Default, loss=0.0027, RMSE_MU_per_atom=0.00 mDebye, RMSE_MU_DERIV=0.00 mDebye / A, RMSE_ALPHA_per_atom=    0.15, RMSE_ALPHA_DERIV=    9.51
2025-07-13 06:03:55.599 INFO: Epoch 870: head: Default, loss=0.0028, RMSE_MU_per_atom=0.00 mDebye, RMSE_MU_DERIV=0.00 mDebye / A, RMSE_ALPHA_per_atom=    0.15, RMSE_ALPHA_DERIV=    9.51
2025-07-13 06:04:25.392 INFO: Epoch 871: head: Default, loss=0.0028, RMSE_MU_per_atom=0.00 mDebye, RMSE_MU_DERIV=0.00 mDebye / A, RMSE_ALPHA_per_atom=    0.15, RMSE_ALPHA_DERIV=    9.51
2025-07-13 06:04:55.169 INFO: Epoch 872: head: Default, loss=0.0027, RMSE_MU_per_atom=0.00 mDebye, RMSE_MU_DERIV=0.00 mDebye / A, RMSE_ALPHA_per_atom=    0.15, RMSE_ALPHA_DERIV=    9.50
2025-07-13 06:05:24.995 INFO: Epoch 873: head: Default, loss=0.0027, RMSE_MU_per_atom=0.00 mDebye, RMSE_MU_DERIV=0.00 mDebye / A, RMSE_ALPHA_per_atom=    0.15, RMSE_ALPHA_DERIV=    9.51
2025-07-13 06:05:54.840 INFO: Epoch 874: head: Default, loss=0.0029, RMSE_MU_per_atom=0.00 mDebye, RMSE_MU_DERIV=0.00 mDebye / A, RMSE_ALPHA_per_atom=    0.15, RMSE_ALPHA_DERIV=    9.51
2025-07-13 06:06:24.642 INFO: Epoch 875: head: Default, loss=0.0029, RMSE_MU_per_atom=0.00 mDebye, RMSE_MU_DERIV=0.00 mDebye / A, RMSE_ALPHA_per_atom=    0.15, RMSE_ALPHA_DERIV=    9.51
2025-07-13 06:06:54.443 INFO: Epoch 876: head: Default, loss=0.0027, RMSE_MU_per_atom=0.00 mDebye, RMSE_MU_DERIV=0.00 mDebye / A, RMSE_ALPHA_per_atom=    0.15, RMSE_ALPHA_DERIV=    9.51
2025-07-13 06:07:24.246 INFO: Epoch 877: head: Default, loss=0.0027, RMSE_MU_per_atom=0.00 mDebye, RMSE_MU_DERIV=0.00 mDebye / A, RMSE_ALPHA_per_atom=    0.15, RMSE_ALPHA_DERIV=    9.50
2025-07-13 06:07:54.076 INFO: Epoch 878: head: Default, loss=0.0028, RMSE_MU_per_atom=0.00 mDebye, RMSE_MU_DERIV=0.00 mDebye / A, RMSE_ALPHA_per_atom=    0.15, RMSE_ALPHA_DERIV=    9.52
2025-07-13 06:08:23.901 INFO: Epoch 879: head: Default, loss=0.0028, RMSE_MU_per_atom=0.00 mDebye, RMSE_MU_DERIV=0.00 mDebye / A, RMSE_ALPHA_per_atom=    0.15, RMSE_ALPHA_DERIV=    9.52
2025-07-13 06:08:53.702 INFO: Epoch 880: head: Default, loss=0.0026, RMSE_MU_per_atom=0.00 mDebye, RMSE_MU_DERIV=0.00 mDebye / A, RMSE_ALPHA_per_atom=    0.15, RMSE_ALPHA_DERIV=    9.50
2025-07-13 06:09:23.577 INFO: Epoch 881: head: Default, loss=0.0026, RMSE_MU_per_atom=0.00 mDebye, RMSE_MU_DERIV=0.00 mDebye / A, RMSE_ALPHA_per_atom=    0.15, RMSE_ALPHA_DERIV=    9.50
2025-07-13 06:09:53.371 INFO: Epoch 882: head: Default, loss=0.0028, RMSE_MU_per_atom=0.00 mDebye, RMSE_MU_DERIV=0.00 mDebye / A, RMSE_ALPHA_per_atom=    0.15, RMSE_ALPHA_DERIV=    9.51
2025-07-13 06:10:23.225 INFO: Epoch 883: head: Default, loss=0.0027, RMSE_MU_per_atom=0.00 mDebye, RMSE_MU_DERIV=0.00 mDebye / A, RMSE_ALPHA_per_atom=    0.15, RMSE_ALPHA_DERIV=    9.50
2025-07-13 06:10:53.040 INFO: Epoch 884: head: Default, loss=0.0028, RMSE_MU_per_atom=0.00 mDebye, RMSE_MU_DERIV=0.00 mDebye / A, RMSE_ALPHA_per_atom=    0.15, RMSE_ALPHA_DERIV=    9.51
2025-07-13 06:11:22.843 INFO: Epoch 885: head: Default, loss=0.0028, RMSE_MU_per_atom=0.00 mDebye, RMSE_MU_DERIV=0.00 mDebye / A, RMSE_ALPHA_per_atom=    0.15, RMSE_ALPHA_DERIV=    9.51
2025-07-13 06:11:52.652 INFO: Epoch 886: head: Default, loss=0.0028, RMSE_MU_per_atom=0.00 mDebye, RMSE_MU_DERIV=0.00 mDebye / A, RMSE_ALPHA_per_atom=    0.15, RMSE_ALPHA_DERIV=    9.51
2025-07-13 06:12:22.537 INFO: Epoch 887: head: Default, loss=0.0029, RMSE_MU_per_atom=0.00 mDebye, RMSE_MU_DERIV=0.00 mDebye / A, RMSE_ALPHA_per_atom=    0.15, RMSE_ALPHA_DERIV=    9.52
2025-07-13 06:12:52.354 INFO: Epoch 888: head: Default, loss=0.0028, RMSE_MU_per_atom=0.00 mDebye, RMSE_MU_DERIV=0.00 mDebye / A, RMSE_ALPHA_per_atom=    0.15, RMSE_ALPHA_DERIV=    9.50
2025-07-13 06:13:22.179 INFO: Epoch 889: head: Default, loss=0.0027, RMSE_MU_per_atom=0.00 mDebye, RMSE_MU_DERIV=0.00 mDebye / A, RMSE_ALPHA_per_atom=    0.15, RMSE_ALPHA_DERIV=    9.51
2025-07-13 06:13:52.006 INFO: Epoch 890: head: Default, loss=0.0028, RMSE_MU_per_atom=0.00 mDebye, RMSE_MU_DERIV=0.00 mDebye / A, RMSE_ALPHA_per_atom=    0.15, RMSE_ALPHA_DERIV=    9.51
2025-07-13 06:14:21.825 INFO: Epoch 891: head: Default, loss=0.0028, RMSE_MU_per_atom=0.00 mDebye, RMSE_MU_DERIV=0.00 mDebye / A, RMSE_ALPHA_per_atom=    0.15, RMSE_ALPHA_DERIV=    9.52
2025-07-13 06:14:51.683 INFO: Epoch 892: head: Default, loss=0.0028, RMSE_MU_per_atom=0.00 mDebye, RMSE_MU_DERIV=0.00 mDebye / A, RMSE_ALPHA_per_atom=    0.15, RMSE_ALPHA_DERIV=    9.51
2025-07-13 06:15:21.531 INFO: Epoch 893: head: Default, loss=0.0027, RMSE_MU_per_atom=0.00 mDebye, RMSE_MU_DERIV=0.00 mDebye / A, RMSE_ALPHA_per_atom=    0.15, RMSE_ALPHA_DERIV=    9.50
2025-07-13 06:15:51.361 INFO: Epoch 894: head: Default, loss=0.0029, RMSE_MU_per_atom=0.00 mDebye, RMSE_MU_DERIV=0.00 mDebye / A, RMSE_ALPHA_per_atom=    0.15, RMSE_ALPHA_DERIV=    9.52
2025-07-13 06:16:21.165 INFO: Epoch 895: head: Default, loss=0.0028, RMSE_MU_per_atom=0.00 mDebye, RMSE_MU_DERIV=0.00 mDebye / A, RMSE_ALPHA_per_atom=    0.15, RMSE_ALPHA_DERIV=    9.51
2025-07-13 06:16:50.981 INFO: Epoch 896: head: Default, loss=0.0028, RMSE_MU_per_atom=0.00 mDebye, RMSE_MU_DERIV=0.00 mDebye / A, RMSE_ALPHA_per_atom=    0.15, RMSE_ALPHA_DERIV=    9.51
2025-07-13 06:17:20.772 INFO: Epoch 897: head: Default, loss=0.0026, RMSE_MU_per_atom=0.00 mDebye, RMSE_MU_DERIV=0.00 mDebye / A, RMSE_ALPHA_per_atom=    0.14, RMSE_ALPHA_DERIV=    9.50
2025-07-13 06:17:50.606 INFO: Epoch 898: head: Default, loss=0.0029, RMSE_MU_per_atom=0.00 mDebye, RMSE_MU_DERIV=0.00 mDebye / A, RMSE_ALPHA_per_atom=    0.15, RMSE_ALPHA_DERIV=    9.52
2025-07-13 06:18:20.463 INFO: Epoch 899: head: Default, loss=0.0028, RMSE_MU_per_atom=0.00 mDebye, RMSE_MU_DERIV=0.00 mDebye / A, RMSE_ALPHA_per_atom=    0.15, RMSE_ALPHA_DERIV=    9.51
2025-07-13 06:18:50.314 INFO: Epoch 900: head: Default, loss=0.0027, RMSE_MU_per_atom=0.00 mDebye, RMSE_MU_DERIV=0.00 mDebye / A, RMSE_ALPHA_per_atom=    0.15, RMSE_ALPHA_DERIV=    9.51
2025-07-13 06:19:20.231 INFO: Epoch 901: head: Default, loss=0.0028, RMSE_MU_per_atom=0.00 mDebye, RMSE_MU_DERIV=0.00 mDebye / A, RMSE_ALPHA_per_atom=    0.15, RMSE_ALPHA_DERIV=    9.51
2025-07-13 06:19:50.098 INFO: Epoch 902: head: Default, loss=0.0028, RMSE_MU_per_atom=0.00 mDebye, RMSE_MU_DERIV=0.00 mDebye / A, RMSE_ALPHA_per_atom=    0.15, RMSE_ALPHA_DERIV=    9.51
2025-07-13 06:20:19.985 INFO: Epoch 903: head: Default, loss=0.0029, RMSE_MU_per_atom=0.00 mDebye, RMSE_MU_DERIV=0.00 mDebye / A, RMSE_ALPHA_per_atom=    0.15, RMSE_ALPHA_DERIV=    9.52
2025-07-13 06:20:49.919 INFO: Epoch 904: head: Default, loss=0.0029, RMSE_MU_per_atom=0.00 mDebye, RMSE_MU_DERIV=0.00 mDebye / A, RMSE_ALPHA_per_atom=    0.15, RMSE_ALPHA_DERIV=    9.52
2025-07-13 06:21:19.810 INFO: Epoch 905: head: Default, loss=0.0028, RMSE_MU_per_atom=0.00 mDebye, RMSE_MU_DERIV=0.00 mDebye / A, RMSE_ALPHA_per_atom=    0.15, RMSE_ALPHA_DERIV=    9.51
2025-07-13 06:21:49.632 INFO: Epoch 906: head: Default, loss=0.0027, RMSE_MU_per_atom=0.00 mDebye, RMSE_MU_DERIV=0.00 mDebye / A, RMSE_ALPHA_per_atom=    0.15, RMSE_ALPHA_DERIV=    9.50
2025-07-13 06:22:19.464 INFO: Epoch 907: head: Default, loss=0.0029, RMSE_MU_per_atom=0.00 mDebye, RMSE_MU_DERIV=0.00 mDebye / A, RMSE_ALPHA_per_atom=    0.15, RMSE_ALPHA_DERIV=    9.51
2025-07-13 06:22:49.361 INFO: Epoch 908: head: Default, loss=0.0028, RMSE_MU_per_atom=0.00 mDebye, RMSE_MU_DERIV=0.00 mDebye / A, RMSE_ALPHA_per_atom=    0.15, RMSE_ALPHA_DERIV=    9.52
2025-07-13 06:23:19.216 INFO: Epoch 909: head: Default, loss=0.0028, RMSE_MU_per_atom=0.00 mDebye, RMSE_MU_DERIV=0.00 mDebye / A, RMSE_ALPHA_per_atom=    0.15, RMSE_ALPHA_DERIV=    9.51
2025-07-13 06:23:49.050 INFO: Epoch 910: head: Default, loss=0.0028, RMSE_MU_per_atom=0.00 mDebye, RMSE_MU_DERIV=0.00 mDebye / A, RMSE_ALPHA_per_atom=    0.15, RMSE_ALPHA_DERIV=    9.51
2025-07-13 06:24:18.899 INFO: Epoch 911: head: Default, loss=0.0028, RMSE_MU_per_atom=0.00 mDebye, RMSE_MU_DERIV=0.00 mDebye / A, RMSE_ALPHA_per_atom=    0.15, RMSE_ALPHA_DERIV=    9.52
2025-07-13 06:24:48.760 INFO: Epoch 912: head: Default, loss=0.0028, RMSE_MU_per_atom=0.00 mDebye, RMSE_MU_DERIV=0.00 mDebye / A, RMSE_ALPHA_per_atom=    0.15, RMSE_ALPHA_DERIV=    9.52
2025-07-13 06:25:18.576 INFO: Epoch 913: head: Default, loss=0.0028, RMSE_MU_per_atom=0.00 mDebye, RMSE_MU_DERIV=0.00 mDebye / A, RMSE_ALPHA_per_atom=    0.15, RMSE_ALPHA_DERIV=    9.51
2025-07-13 06:25:48.378 INFO: Epoch 914: head: Default, loss=0.0028, RMSE_MU_per_atom=0.00 mDebye, RMSE_MU_DERIV=0.00 mDebye / A, RMSE_ALPHA_per_atom=    0.15, RMSE_ALPHA_DERIV=    9.52
2025-07-13 06:26:18.241 INFO: Epoch 915: head: Default, loss=0.0028, RMSE_MU_per_atom=0.00 mDebye, RMSE_MU_DERIV=0.00 mDebye / A, RMSE_ALPHA_per_atom=    0.15, RMSE_ALPHA_DERIV=    9.51
2025-07-13 06:26:48.086 INFO: Epoch 916: head: Default, loss=0.0028, RMSE_MU_per_atom=0.00 mDebye, RMSE_MU_DERIV=0.00 mDebye / A, RMSE_ALPHA_per_atom=    0.15, RMSE_ALPHA_DERIV=    9.51
2025-07-13 06:27:17.942 INFO: Epoch 917: head: Default, loss=0.0028, RMSE_MU_per_atom=0.00 mDebye, RMSE_MU_DERIV=0.00 mDebye / A, RMSE_ALPHA_per_atom=    0.15, RMSE_ALPHA_DERIV=    9.51
2025-07-13 06:27:47.779 INFO: Epoch 918: head: Default, loss=0.0027, RMSE_MU_per_atom=0.00 mDebye, RMSE_MU_DERIV=0.00 mDebye / A, RMSE_ALPHA_per_atom=    0.15, RMSE_ALPHA_DERIV=    9.51
2025-07-13 06:28:17.604 INFO: Epoch 919: head: Default, loss=0.0028, RMSE_MU_per_atom=0.00 mDebye, RMSE_MU_DERIV=0.00 mDebye / A, RMSE_ALPHA_per_atom=    0.15, RMSE_ALPHA_DERIV=    9.51
2025-07-13 06:28:47.452 INFO: Epoch 920: head: Default, loss=0.0029, RMSE_MU_per_atom=0.00 mDebye, RMSE_MU_DERIV=0.00 mDebye / A, RMSE_ALPHA_per_atom=    0.15, RMSE_ALPHA_DERIV=    9.52
2025-07-13 06:29:17.294 INFO: Epoch 921: head: Default, loss=0.0027, RMSE_MU_per_atom=0.00 mDebye, RMSE_MU_DERIV=0.00 mDebye / A, RMSE_ALPHA_per_atom=    0.15, RMSE_ALPHA_DERIV=    9.51
2025-07-13 06:29:47.093 INFO: Epoch 922: head: Default, loss=0.0028, RMSE_MU_per_atom=0.00 mDebye, RMSE_MU_DERIV=0.00 mDebye / A, RMSE_ALPHA_per_atom=    0.15, RMSE_ALPHA_DERIV=    9.52
2025-07-13 06:30:16.868 INFO: Epoch 923: head: Default, loss=0.0028, RMSE_MU_per_atom=0.00 mDebye, RMSE_MU_DERIV=0.00 mDebye / A, RMSE_ALPHA_per_atom=    0.15, RMSE_ALPHA_DERIV=    9.51
2025-07-13 06:30:46.691 INFO: Epoch 924: head: Default, loss=0.0027, RMSE_MU_per_atom=0.00 mDebye, RMSE_MU_DERIV=0.00 mDebye / A, RMSE_ALPHA_per_atom=    0.15, RMSE_ALPHA_DERIV=    9.51
2025-07-13 06:31:16.507 INFO: Epoch 925: head: Default, loss=0.0028, RMSE_MU_per_atom=0.00 mDebye, RMSE_MU_DERIV=0.00 mDebye / A, RMSE_ALPHA_per_atom=    0.15, RMSE_ALPHA_DERIV=    9.51
2025-07-13 06:31:46.322 INFO: Epoch 926: head: Default, loss=0.0028, RMSE_MU_per_atom=0.00 mDebye, RMSE_MU_DERIV=0.00 mDebye / A, RMSE_ALPHA_per_atom=    0.15, RMSE_ALPHA_DERIV=    9.52
2025-07-13 06:32:16.116 INFO: Epoch 927: head: Default, loss=0.0027, RMSE_MU_per_atom=0.00 mDebye, RMSE_MU_DERIV=0.00 mDebye / A, RMSE_ALPHA_per_atom=    0.15, RMSE_ALPHA_DERIV=    9.51
2025-07-13 06:32:45.949 INFO: Epoch 928: head: Default, loss=0.0028, RMSE_MU_per_atom=0.00 mDebye, RMSE_MU_DERIV=0.00 mDebye / A, RMSE_ALPHA_per_atom=    0.15, RMSE_ALPHA_DERIV=    9.52
2025-07-13 06:33:15.758 INFO: Epoch 929: head: Default, loss=0.0027, RMSE_MU_per_atom=0.00 mDebye, RMSE_MU_DERIV=0.00 mDebye / A, RMSE_ALPHA_per_atom=    0.15, RMSE_ALPHA_DERIV=    9.51
2025-07-13 06:33:45.643 INFO: Epoch 930: head: Default, loss=0.0028, RMSE_MU_per_atom=0.00 mDebye, RMSE_MU_DERIV=0.00 mDebye / A, RMSE_ALPHA_per_atom=    0.15, RMSE_ALPHA_DERIV=    9.52
2025-07-13 06:34:15.573 INFO: Epoch 931: head: Default, loss=0.0028, RMSE_MU_per_atom=0.00 mDebye, RMSE_MU_DERIV=0.00 mDebye / A, RMSE_ALPHA_per_atom=    0.15, RMSE_ALPHA_DERIV=    9.52
2025-07-13 06:34:45.453 INFO: Epoch 932: head: Default, loss=0.0028, RMSE_MU_per_atom=0.00 mDebye, RMSE_MU_DERIV=0.00 mDebye / A, RMSE_ALPHA_per_atom=    0.15, RMSE_ALPHA_DERIV=    9.52
2025-07-13 06:35:15.293 INFO: Epoch 933: head: Default, loss=0.0028, RMSE_MU_per_atom=0.00 mDebye, RMSE_MU_DERIV=0.00 mDebye / A, RMSE_ALPHA_per_atom=    0.15, RMSE_ALPHA_DERIV=    9.52
2025-07-13 06:35:45.066 INFO: Epoch 934: head: Default, loss=0.0028, RMSE_MU_per_atom=0.00 mDebye, RMSE_MU_DERIV=0.00 mDebye / A, RMSE_ALPHA_per_atom=    0.15, RMSE_ALPHA_DERIV=    9.52
2025-07-13 06:36:14.853 INFO: Epoch 935: head: Default, loss=0.0029, RMSE_MU_per_atom=0.00 mDebye, RMSE_MU_DERIV=0.00 mDebye / A, RMSE_ALPHA_per_atom=    0.15, RMSE_ALPHA_DERIV=    9.52
2025-07-13 06:36:44.653 INFO: Epoch 936: head: Default, loss=0.0028, RMSE_MU_per_atom=0.00 mDebye, RMSE_MU_DERIV=0.00 mDebye / A, RMSE_ALPHA_per_atom=    0.15, RMSE_ALPHA_DERIV=    9.52
2025-07-13 06:37:14.427 INFO: Epoch 937: head: Default, loss=0.0028, RMSE_MU_per_atom=0.00 mDebye, RMSE_MU_DERIV=0.00 mDebye / A, RMSE_ALPHA_per_atom=    0.15, RMSE_ALPHA_DERIV=    9.52
2025-07-13 06:37:44.231 INFO: Epoch 938: head: Default, loss=0.0028, RMSE_MU_per_atom=0.00 mDebye, RMSE_MU_DERIV=0.00 mDebye / A, RMSE_ALPHA_per_atom=    0.15, RMSE_ALPHA_DERIV=    9.52
2025-07-13 06:38:14.081 INFO: Epoch 939: head: Default, loss=0.0028, RMSE_MU_per_atom=0.00 mDebye, RMSE_MU_DERIV=0.00 mDebye / A, RMSE_ALPHA_per_atom=    0.15, RMSE_ALPHA_DERIV=    9.52
2025-07-13 06:38:43.903 INFO: Epoch 940: head: Default, loss=0.0028, RMSE_MU_per_atom=0.00 mDebye, RMSE_MU_DERIV=0.00 mDebye / A, RMSE_ALPHA_per_atom=    0.15, RMSE_ALPHA_DERIV=    9.52
2025-07-13 06:39:13.756 INFO: Epoch 941: head: Default, loss=0.0028, RMSE_MU_per_atom=0.00 mDebye, RMSE_MU_DERIV=0.00 mDebye / A, RMSE_ALPHA_per_atom=    0.15, RMSE_ALPHA_DERIV=    9.52
2025-07-13 06:39:43.606 INFO: Epoch 942: head: Default, loss=0.0028, RMSE_MU_per_atom=0.00 mDebye, RMSE_MU_DERIV=0.00 mDebye / A, RMSE_ALPHA_per_atom=    0.15, RMSE_ALPHA_DERIV=    9.51
2025-07-13 06:40:13.445 INFO: Epoch 943: head: Default, loss=0.0028, RMSE_MU_per_atom=0.00 mDebye, RMSE_MU_DERIV=0.00 mDebye / A, RMSE_ALPHA_per_atom=    0.15, RMSE_ALPHA_DERIV=    9.52
2025-07-13 06:40:43.264 INFO: Epoch 944: head: Default, loss=0.0027, RMSE_MU_per_atom=0.00 mDebye, RMSE_MU_DERIV=0.00 mDebye / A, RMSE_ALPHA_per_atom=    0.15, RMSE_ALPHA_DERIV=    9.51
2025-07-13 06:41:13.125 INFO: Epoch 945: head: Default, loss=0.0028, RMSE_MU_per_atom=0.00 mDebye, RMSE_MU_DERIV=0.00 mDebye / A, RMSE_ALPHA_per_atom=    0.15, RMSE_ALPHA_DERIV=    9.52
2025-07-13 06:41:42.968 INFO: Epoch 946: head: Default, loss=0.0028, RMSE_MU_per_atom=0.00 mDebye, RMSE_MU_DERIV=0.00 mDebye / A, RMSE_ALPHA_per_atom=    0.15, RMSE_ALPHA_DERIV=    9.52
2025-07-13 06:42:12.806 INFO: Epoch 947: head: Default, loss=0.0028, RMSE_MU_per_atom=0.00 mDebye, RMSE_MU_DERIV=0.00 mDebye / A, RMSE_ALPHA_per_atom=    0.15, RMSE_ALPHA_DERIV=    9.52
2025-07-13 06:42:42.635 INFO: Epoch 948: head: Default, loss=0.0028, RMSE_MU_per_atom=0.00 mDebye, RMSE_MU_DERIV=0.00 mDebye / A, RMSE_ALPHA_per_atom=    0.15, RMSE_ALPHA_DERIV=    9.53
2025-07-13 06:43:12.480 INFO: Epoch 949: head: Default, loss=0.0028, RMSE_MU_per_atom=0.00 mDebye, RMSE_MU_DERIV=0.00 mDebye / A, RMSE_ALPHA_per_atom=    0.15, RMSE_ALPHA_DERIV=    9.52
2025-07-13 06:43:42.284 INFO: Epoch 950: head: Default, loss=0.0028, RMSE_MU_per_atom=0.00 mDebye, RMSE_MU_DERIV=0.00 mDebye / A, RMSE_ALPHA_per_atom=    0.15, RMSE_ALPHA_DERIV=    9.52
2025-07-13 06:44:12.097 INFO: Epoch 951: head: Default, loss=0.0028, RMSE_MU_per_atom=0.00 mDebye, RMSE_MU_DERIV=0.00 mDebye / A, RMSE_ALPHA_per_atom=    0.15, RMSE_ALPHA_DERIV=    9.52
2025-07-13 06:44:41.922 INFO: Epoch 952: head: Default, loss=0.0028, RMSE_MU_per_atom=0.00 mDebye, RMSE_MU_DERIV=0.00 mDebye / A, RMSE_ALPHA_per_atom=    0.15, RMSE_ALPHA_DERIV=    9.52
2025-07-13 06:45:11.711 INFO: Epoch 953: head: Default, loss=0.0029, RMSE_MU_per_atom=0.00 mDebye, RMSE_MU_DERIV=0.00 mDebye / A, RMSE_ALPHA_per_atom=    0.15, RMSE_ALPHA_DERIV=    9.53
2025-07-13 06:45:41.522 INFO: Epoch 954: head: Default, loss=0.0027, RMSE_MU_per_atom=0.00 mDebye, RMSE_MU_DERIV=0.00 mDebye / A, RMSE_ALPHA_per_atom=    0.15, RMSE_ALPHA_DERIV=    9.51
2025-07-13 06:46:11.380 INFO: Epoch 955: head: Default, loss=0.0028, RMSE_MU_per_atom=0.00 mDebye, RMSE_MU_DERIV=0.00 mDebye / A, RMSE_ALPHA_per_atom=    0.15, RMSE_ALPHA_DERIV=    9.52
2025-07-13 06:46:41.220 INFO: Epoch 956: head: Default, loss=0.0028, RMSE_MU_per_atom=0.00 mDebye, RMSE_MU_DERIV=0.00 mDebye / A, RMSE_ALPHA_per_atom=    0.15, RMSE_ALPHA_DERIV=    9.52
2025-07-13 06:47:11.056 INFO: Epoch 957: head: Default, loss=0.0029, RMSE_MU_per_atom=0.00 mDebye, RMSE_MU_DERIV=0.00 mDebye / A, RMSE_ALPHA_per_atom=    0.15, RMSE_ALPHA_DERIV=    9.53
2025-07-13 06:47:40.928 INFO: Epoch 958: head: Default, loss=0.0028, RMSE_MU_per_atom=0.00 mDebye, RMSE_MU_DERIV=0.00 mDebye / A, RMSE_ALPHA_per_atom=    0.15, RMSE_ALPHA_DERIV=    9.52
2025-07-13 06:48:10.805 INFO: Epoch 959: head: Default, loss=0.0027, RMSE_MU_per_atom=0.00 mDebye, RMSE_MU_DERIV=0.00 mDebye / A, RMSE_ALPHA_per_atom=    0.15, RMSE_ALPHA_DERIV=    9.52
2025-07-13 06:48:40.719 INFO: Epoch 960: head: Default, loss=0.0028, RMSE_MU_per_atom=0.00 mDebye, RMSE_MU_DERIV=0.00 mDebye / A, RMSE_ALPHA_per_atom=    0.15, RMSE_ALPHA_DERIV=    9.52
2025-07-13 06:49:10.570 INFO: Epoch 961: head: Default, loss=0.0029, RMSE_MU_per_atom=0.00 mDebye, RMSE_MU_DERIV=0.00 mDebye / A, RMSE_ALPHA_per_atom=    0.15, RMSE_ALPHA_DERIV=    9.53
2025-07-13 06:49:40.379 INFO: Epoch 962: head: Default, loss=0.0028, RMSE_MU_per_atom=0.00 mDebye, RMSE_MU_DERIV=0.00 mDebye / A, RMSE_ALPHA_per_atom=    0.15, RMSE_ALPHA_DERIV=    9.52
2025-07-13 06:50:10.176 INFO: Epoch 963: head: Default, loss=0.0028, RMSE_MU_per_atom=0.00 mDebye, RMSE_MU_DERIV=0.00 mDebye / A, RMSE_ALPHA_per_atom=    0.15, RMSE_ALPHA_DERIV=    9.52
2025-07-13 06:50:39.985 INFO: Epoch 964: head: Default, loss=0.0028, RMSE_MU_per_atom=0.00 mDebye, RMSE_MU_DERIV=0.00 mDebye / A, RMSE_ALPHA_per_atom=    0.15, RMSE_ALPHA_DERIV=    9.52
2025-07-13 06:51:09.795 INFO: Epoch 965: head: Default, loss=0.0028, RMSE_MU_per_atom=0.00 mDebye, RMSE_MU_DERIV=0.00 mDebye / A, RMSE_ALPHA_per_atom=    0.15, RMSE_ALPHA_DERIV=    9.52
2025-07-13 06:51:39.629 INFO: Epoch 966: head: Default, loss=0.0029, RMSE_MU_per_atom=0.00 mDebye, RMSE_MU_DERIV=0.00 mDebye / A, RMSE_ALPHA_per_atom=    0.15, RMSE_ALPHA_DERIV=    9.52
2025-07-13 06:52:09.457 INFO: Epoch 967: head: Default, loss=0.0028, RMSE_MU_per_atom=0.00 mDebye, RMSE_MU_DERIV=0.00 mDebye / A, RMSE_ALPHA_per_atom=    0.15, RMSE_ALPHA_DERIV=    9.53
2025-07-13 06:52:39.324 INFO: Epoch 968: head: Default, loss=0.0027, RMSE_MU_per_atom=0.00 mDebye, RMSE_MU_DERIV=0.00 mDebye / A, RMSE_ALPHA_per_atom=    0.15, RMSE_ALPHA_DERIV=    9.51
2025-07-13 06:53:09.194 INFO: Epoch 969: head: Default, loss=0.0029, RMSE_MU_per_atom=0.00 mDebye, RMSE_MU_DERIV=0.00 mDebye / A, RMSE_ALPHA_per_atom=    0.15, RMSE_ALPHA_DERIV=    9.53
2025-07-13 06:53:39.014 INFO: Epoch 970: head: Default, loss=0.0028, RMSE_MU_per_atom=0.00 mDebye, RMSE_MU_DERIV=0.00 mDebye / A, RMSE_ALPHA_per_atom=    0.15, RMSE_ALPHA_DERIV=    9.52
2025-07-13 06:54:08.899 INFO: Epoch 971: head: Default, loss=0.0028, RMSE_MU_per_atom=0.00 mDebye, RMSE_MU_DERIV=0.00 mDebye / A, RMSE_ALPHA_per_atom=    0.15, RMSE_ALPHA_DERIV=    9.52
2025-07-13 06:54:38.799 INFO: Epoch 972: head: Default, loss=0.0028, RMSE_MU_per_atom=0.00 mDebye, RMSE_MU_DERIV=0.00 mDebye / A, RMSE_ALPHA_per_atom=    0.15, RMSE_ALPHA_DERIV=    9.52
2025-07-13 06:55:08.675 INFO: Epoch 973: head: Default, loss=0.0028, RMSE_MU_per_atom=0.00 mDebye, RMSE_MU_DERIV=0.00 mDebye / A, RMSE_ALPHA_per_atom=    0.15, RMSE_ALPHA_DERIV=    9.52
2025-07-13 06:55:38.589 INFO: Epoch 974: head: Default, loss=0.0028, RMSE_MU_per_atom=0.00 mDebye, RMSE_MU_DERIV=0.00 mDebye / A, RMSE_ALPHA_per_atom=    0.15, RMSE_ALPHA_DERIV=    9.52
2025-07-13 06:56:08.555 INFO: Epoch 975: head: Default, loss=0.0028, RMSE_MU_per_atom=0.00 mDebye, RMSE_MU_DERIV=0.00 mDebye / A, RMSE_ALPHA_per_atom=    0.15, RMSE_ALPHA_DERIV=    9.52
2025-07-13 06:56:38.476 INFO: Epoch 976: head: Default, loss=0.0028, RMSE_MU_per_atom=0.00 mDebye, RMSE_MU_DERIV=0.00 mDebye / A, RMSE_ALPHA_per_atom=    0.15, RMSE_ALPHA_DERIV=    9.52
2025-07-13 06:57:08.414 INFO: Epoch 977: head: Default, loss=0.0029, RMSE_MU_per_atom=0.00 mDebye, RMSE_MU_DERIV=0.00 mDebye / A, RMSE_ALPHA_per_atom=    0.15, RMSE_ALPHA_DERIV=    9.52
2025-07-13 06:57:38.355 INFO: Epoch 978: head: Default, loss=0.0029, RMSE_MU_per_atom=0.00 mDebye, RMSE_MU_DERIV=0.00 mDebye / A, RMSE_ALPHA_per_atom=    0.15, RMSE_ALPHA_DERIV=    9.53
2025-07-13 06:58:08.270 INFO: Epoch 979: head: Default, loss=0.0028, RMSE_MU_per_atom=0.00 mDebye, RMSE_MU_DERIV=0.00 mDebye / A, RMSE_ALPHA_per_atom=    0.15, RMSE_ALPHA_DERIV=    9.52
2025-07-13 06:58:38.213 INFO: Epoch 980: head: Default, loss=0.0029, RMSE_MU_per_atom=0.00 mDebye, RMSE_MU_DERIV=0.00 mDebye / A, RMSE_ALPHA_per_atom=    0.15, RMSE_ALPHA_DERIV=    9.52
2025-07-13 06:59:08.053 INFO: Epoch 981: head: Default, loss=0.0028, RMSE_MU_per_atom=0.00 mDebye, RMSE_MU_DERIV=0.00 mDebye / A, RMSE_ALPHA_per_atom=    0.15, RMSE_ALPHA_DERIV=    9.52
2025-07-13 06:59:37.882 INFO: Epoch 982: head: Default, loss=0.0027, RMSE_MU_per_atom=0.00 mDebye, RMSE_MU_DERIV=0.00 mDebye / A, RMSE_ALPHA_per_atom=    0.15, RMSE_ALPHA_DERIV=    9.52
2025-07-13 07:00:07.715 INFO: Epoch 983: head: Default, loss=0.0028, RMSE_MU_per_atom=0.00 mDebye, RMSE_MU_DERIV=0.00 mDebye / A, RMSE_ALPHA_per_atom=    0.15, RMSE_ALPHA_DERIV=    9.53
2025-07-13 07:00:37.565 INFO: Epoch 984: head: Default, loss=0.0029, RMSE_MU_per_atom=0.00 mDebye, RMSE_MU_DERIV=0.00 mDebye / A, RMSE_ALPHA_per_atom=    0.15, RMSE_ALPHA_DERIV=    9.53
2025-07-13 07:01:07.379 INFO: Epoch 985: head: Default, loss=0.0028, RMSE_MU_per_atom=0.00 mDebye, RMSE_MU_DERIV=0.00 mDebye / A, RMSE_ALPHA_per_atom=    0.15, RMSE_ALPHA_DERIV=    9.52
2025-07-13 07:01:37.213 INFO: Epoch 986: head: Default, loss=0.0029, RMSE_MU_per_atom=0.00 mDebye, RMSE_MU_DERIV=0.00 mDebye / A, RMSE_ALPHA_per_atom=    0.15, RMSE_ALPHA_DERIV=    9.53
2025-07-13 07:02:07.045 INFO: Epoch 987: head: Default, loss=0.0029, RMSE_MU_per_atom=0.00 mDebye, RMSE_MU_DERIV=0.00 mDebye / A, RMSE_ALPHA_per_atom=    0.15, RMSE_ALPHA_DERIV=    9.52
2025-07-13 07:02:36.840 INFO: Epoch 988: head: Default, loss=0.0028, RMSE_MU_per_atom=0.00 mDebye, RMSE_MU_DERIV=0.00 mDebye / A, RMSE_ALPHA_per_atom=    0.15, RMSE_ALPHA_DERIV=    9.52
2025-07-13 07:03:06.643 INFO: Epoch 989: head: Default, loss=0.0028, RMSE_MU_per_atom=0.00 mDebye, RMSE_MU_DERIV=0.00 mDebye / A, RMSE_ALPHA_per_atom=    0.15, RMSE_ALPHA_DERIV=    9.52
2025-07-13 07:03:36.432 INFO: Epoch 990: head: Default, loss=0.0028, RMSE_MU_per_atom=0.00 mDebye, RMSE_MU_DERIV=0.00 mDebye / A, RMSE_ALPHA_per_atom=    0.15, RMSE_ALPHA_DERIV=    9.52
2025-07-13 07:04:06.246 INFO: Epoch 991: head: Default, loss=0.0027, RMSE_MU_per_atom=0.00 mDebye, RMSE_MU_DERIV=0.00 mDebye / A, RMSE_ALPHA_per_atom=    0.15, RMSE_ALPHA_DERIV=    9.52
2025-07-13 07:04:36.026 INFO: Epoch 992: head: Default, loss=0.0029, RMSE_MU_per_atom=0.00 mDebye, RMSE_MU_DERIV=0.00 mDebye / A, RMSE_ALPHA_per_atom=    0.15, RMSE_ALPHA_DERIV=    9.53
2025-07-13 07:05:05.824 INFO: Epoch 993: head: Default, loss=0.0027, RMSE_MU_per_atom=0.00 mDebye, RMSE_MU_DERIV=0.00 mDebye / A, RMSE_ALPHA_per_atom=    0.15, RMSE_ALPHA_DERIV=    9.51
2025-07-13 07:05:35.606 INFO: Epoch 994: head: Default, loss=0.0028, RMSE_MU_per_atom=0.00 mDebye, RMSE_MU_DERIV=0.00 mDebye / A, RMSE_ALPHA_per_atom=    0.15, RMSE_ALPHA_DERIV=    9.52
2025-07-13 07:06:05.375 INFO: Epoch 995: head: Default, loss=0.0027, RMSE_MU_per_atom=0.00 mDebye, RMSE_MU_DERIV=0.00 mDebye / A, RMSE_ALPHA_per_atom=    0.15, RMSE_ALPHA_DERIV=    9.52
2025-07-13 07:06:35.156 INFO: Epoch 996: head: Default, loss=0.0029, RMSE_MU_per_atom=0.00 mDebye, RMSE_MU_DERIV=0.00 mDebye / A, RMSE_ALPHA_per_atom=    0.15, RMSE_ALPHA_DERIV=    9.53
2025-07-13 07:07:04.939 INFO: Epoch 997: head: Default, loss=0.0028, RMSE_MU_per_atom=0.00 mDebye, RMSE_MU_DERIV=0.00 mDebye / A, RMSE_ALPHA_per_atom=    0.15, RMSE_ALPHA_DERIV=    9.52
2025-07-13 07:07:34.733 INFO: Epoch 998: head: Default, loss=0.0029, RMSE_MU_per_atom=0.00 mDebye, RMSE_MU_DERIV=0.00 mDebye / A, RMSE_ALPHA_per_atom=    0.15, RMSE_ALPHA_DERIV=    9.53
2025-07-13 07:08:04.543 INFO: Epoch 999: head: Default, loss=0.0028, RMSE_MU_per_atom=0.00 mDebye, RMSE_MU_DERIV=0.00 mDebye / A, RMSE_ALPHA_per_atom=    0.15, RMSE_ALPHA_DERIV=    9.52
2025-07-13 07:08:34.331 INFO: Epoch 1000: head: Default, loss=0.0028, RMSE_MU_per_atom=0.00 mDebye, RMSE_MU_DERIV=0.00 mDebye / A, RMSE_ALPHA_per_atom=    0.15, RMSE_ALPHA_DERIV=    9.52
2025-07-13 07:09:04.112 INFO: Epoch 1001: head: Default, loss=0.0029, RMSE_MU_per_atom=0.00 mDebye, RMSE_MU_DERIV=0.00 mDebye / A, RMSE_ALPHA_per_atom=    0.15, RMSE_ALPHA_DERIV=    9.52
2025-07-13 07:09:33.916 INFO: Epoch 1002: head: Default, loss=0.0028, RMSE_MU_per_atom=0.00 mDebye, RMSE_MU_DERIV=0.00 mDebye / A, RMSE_ALPHA_per_atom=    0.15, RMSE_ALPHA_DERIV=    9.52
2025-07-13 07:10:03.728 INFO: Epoch 1003: head: Default, loss=0.0028, RMSE_MU_per_atom=0.00 mDebye, RMSE_MU_DERIV=0.00 mDebye / A, RMSE_ALPHA_per_atom=    0.15, RMSE_ALPHA_DERIV=    9.52
2025-07-13 07:10:33.535 INFO: Epoch 1004: head: Default, loss=0.0028, RMSE_MU_per_atom=0.00 mDebye, RMSE_MU_DERIV=0.00 mDebye / A, RMSE_ALPHA_per_atom=    0.15, RMSE_ALPHA_DERIV=    9.52
2025-07-13 07:11:03.343 INFO: Epoch 1005: head: Default, loss=0.0027, RMSE_MU_per_atom=0.00 mDebye, RMSE_MU_DERIV=0.00 mDebye / A, RMSE_ALPHA_per_atom=    0.15, RMSE_ALPHA_DERIV=    9.52
2025-07-13 07:11:33.123 INFO: Epoch 1006: head: Default, loss=0.0029, RMSE_MU_per_atom=0.00 mDebye, RMSE_MU_DERIV=0.00 mDebye / A, RMSE_ALPHA_per_atom=    0.15, RMSE_ALPHA_DERIV=    9.53
2025-07-13 07:12:02.905 INFO: Epoch 1007: head: Default, loss=0.0027, RMSE_MU_per_atom=0.00 mDebye, RMSE_MU_DERIV=0.00 mDebye / A, RMSE_ALPHA_per_atom=    0.15, RMSE_ALPHA_DERIV=    9.52
2025-07-13 07:12:32.681 INFO: Epoch 1008: head: Default, loss=0.0028, RMSE_MU_per_atom=0.00 mDebye, RMSE_MU_DERIV=0.00 mDebye / A, RMSE_ALPHA_per_atom=    0.15, RMSE_ALPHA_DERIV=    9.52
2025-07-13 07:13:02.500 INFO: Epoch 1009: head: Default, loss=0.0028, RMSE_MU_per_atom=0.00 mDebye, RMSE_MU_DERIV=0.00 mDebye / A, RMSE_ALPHA_per_atom=    0.15, RMSE_ALPHA_DERIV=    9.52
2025-07-13 07:13:32.340 INFO: Epoch 1010: head: Default, loss=0.0028, RMSE_MU_per_atom=0.00 mDebye, RMSE_MU_DERIV=0.00 mDebye / A, RMSE_ALPHA_per_atom=    0.15, RMSE_ALPHA_DERIV=    9.52
2025-07-13 07:14:02.194 INFO: Epoch 1011: head: Default, loss=0.0029, RMSE_MU_per_atom=0.00 mDebye, RMSE_MU_DERIV=0.00 mDebye / A, RMSE_ALPHA_per_atom=    0.15, RMSE_ALPHA_DERIV=    9.53
2025-07-13 07:14:32.020 INFO: Epoch 1012: head: Default, loss=0.0028, RMSE_MU_per_atom=0.00 mDebye, RMSE_MU_DERIV=0.00 mDebye / A, RMSE_ALPHA_per_atom=    0.15, RMSE_ALPHA_DERIV=    9.52
2025-07-13 07:15:01.838 INFO: Epoch 1013: head: Default, loss=0.0028, RMSE_MU_per_atom=0.00 mDebye, RMSE_MU_DERIV=0.00 mDebye / A, RMSE_ALPHA_per_atom=    0.15, RMSE_ALPHA_DERIV=    9.52
2025-07-13 07:15:31.653 INFO: Epoch 1014: head: Default, loss=0.0028, RMSE_MU_per_atom=0.00 mDebye, RMSE_MU_DERIV=0.00 mDebye / A, RMSE_ALPHA_per_atom=    0.15, RMSE_ALPHA_DERIV=    9.52
2025-07-13 07:16:01.495 INFO: Epoch 1015: head: Default, loss=0.0028, RMSE_MU_per_atom=0.00 mDebye, RMSE_MU_DERIV=0.00 mDebye / A, RMSE_ALPHA_per_atom=    0.15, RMSE_ALPHA_DERIV=    9.52
2025-07-13 07:16:31.315 INFO: Epoch 1016: head: Default, loss=0.0028, RMSE_MU_per_atom=0.00 mDebye, RMSE_MU_DERIV=0.00 mDebye / A, RMSE_ALPHA_per_atom=    0.15, RMSE_ALPHA_DERIV=    9.52
2025-07-13 07:17:01.168 INFO: Epoch 1017: head: Default, loss=0.0029, RMSE_MU_per_atom=0.00 mDebye, RMSE_MU_DERIV=0.00 mDebye / A, RMSE_ALPHA_per_atom=    0.15, RMSE_ALPHA_DERIV=    9.53
2025-07-13 07:17:31.053 INFO: Epoch 1018: head: Default, loss=0.0028, RMSE_MU_per_atom=0.00 mDebye, RMSE_MU_DERIV=0.00 mDebye / A, RMSE_ALPHA_per_atom=    0.15, RMSE_ALPHA_DERIV=    9.52
2025-07-13 07:18:00.953 INFO: Epoch 1019: head: Default, loss=0.0028, RMSE_MU_per_atom=0.00 mDebye, RMSE_MU_DERIV=0.00 mDebye / A, RMSE_ALPHA_per_atom=    0.15, RMSE_ALPHA_DERIV=    9.52
2025-07-13 07:18:30.852 INFO: Epoch 1020: head: Default, loss=0.0028, RMSE_MU_per_atom=0.00 mDebye, RMSE_MU_DERIV=0.00 mDebye / A, RMSE_ALPHA_per_atom=    0.15, RMSE_ALPHA_DERIV=    9.52
2025-07-13 07:19:00.686 INFO: Epoch 1021: head: Default, loss=0.0028, RMSE_MU_per_atom=0.00 mDebye, RMSE_MU_DERIV=0.00 mDebye / A, RMSE_ALPHA_per_atom=    0.15, RMSE_ALPHA_DERIV=    9.52
2025-07-13 07:19:30.587 INFO: Epoch 1022: head: Default, loss=0.0029, RMSE_MU_per_atom=0.00 mDebye, RMSE_MU_DERIV=0.00 mDebye / A, RMSE_ALPHA_per_atom=    0.15, RMSE_ALPHA_DERIV=    9.52
2025-07-13 07:20:00.482 INFO: Epoch 1023: head: Default, loss=0.0028, RMSE_MU_per_atom=0.00 mDebye, RMSE_MU_DERIV=0.00 mDebye / A, RMSE_ALPHA_per_atom=    0.15, RMSE_ALPHA_DERIV=    9.52
2025-07-13 07:20:30.401 INFO: Epoch 1024: head: Default, loss=0.0029, RMSE_MU_per_atom=0.00 mDebye, RMSE_MU_DERIV=0.00 mDebye / A, RMSE_ALPHA_per_atom=    0.15, RMSE_ALPHA_DERIV=    9.52
2025-07-13 07:21:00.311 INFO: Epoch 1025: head: Default, loss=0.0028, RMSE_MU_per_atom=0.00 mDebye, RMSE_MU_DERIV=0.00 mDebye / A, RMSE_ALPHA_per_atom=    0.15, RMSE_ALPHA_DERIV=    9.52
2025-07-13 07:21:30.194 INFO: Epoch 1026: head: Default, loss=0.0028, RMSE_MU_per_atom=0.00 mDebye, RMSE_MU_DERIV=0.00 mDebye / A, RMSE_ALPHA_per_atom=    0.15, RMSE_ALPHA_DERIV=    9.52
2025-07-13 07:22:00.053 INFO: Epoch 1027: head: Default, loss=0.0028, RMSE_MU_per_atom=0.00 mDebye, RMSE_MU_DERIV=0.00 mDebye / A, RMSE_ALPHA_per_atom=    0.15, RMSE_ALPHA_DERIV=    9.52
2025-07-13 07:22:29.873 INFO: Epoch 1028: head: Default, loss=0.0028, RMSE_MU_per_atom=0.00 mDebye, RMSE_MU_DERIV=0.00 mDebye / A, RMSE_ALPHA_per_atom=    0.15, RMSE_ALPHA_DERIV=    9.52
2025-07-13 07:22:59.731 INFO: Epoch 1029: head: Default, loss=0.0028, RMSE_MU_per_atom=0.00 mDebye, RMSE_MU_DERIV=0.00 mDebye / A, RMSE_ALPHA_per_atom=    0.15, RMSE_ALPHA_DERIV=    9.52
2025-07-13 07:23:29.603 INFO: Epoch 1030: head: Default, loss=0.0029, RMSE_MU_per_atom=0.00 mDebye, RMSE_MU_DERIV=0.00 mDebye / A, RMSE_ALPHA_per_atom=    0.15, RMSE_ALPHA_DERIV=    9.52
2025-07-13 07:23:59.443 INFO: Epoch 1031: head: Default, loss=0.0029, RMSE_MU_per_atom=0.00 mDebye, RMSE_MU_DERIV=0.00 mDebye / A, RMSE_ALPHA_per_atom=    0.15, RMSE_ALPHA_DERIV=    9.53
2025-07-13 07:24:29.259 INFO: Epoch 1032: head: Default, loss=0.0028, RMSE_MU_per_atom=0.00 mDebye, RMSE_MU_DERIV=0.00 mDebye / A, RMSE_ALPHA_per_atom=    0.15, RMSE_ALPHA_DERIV=    9.53
2025-07-13 07:24:59.091 INFO: Epoch 1033: head: Default, loss=0.0028, RMSE_MU_per_atom=0.00 mDebye, RMSE_MU_DERIV=0.00 mDebye / A, RMSE_ALPHA_per_atom=    0.15, RMSE_ALPHA_DERIV=    9.52
2025-07-13 07:25:28.949 INFO: Epoch 1034: head: Default, loss=0.0029, RMSE_MU_per_atom=0.00 mDebye, RMSE_MU_DERIV=0.00 mDebye / A, RMSE_ALPHA_per_atom=    0.15, RMSE_ALPHA_DERIV=    9.53
2025-07-13 07:25:58.766 INFO: Epoch 1035: head: Default, loss=0.0028, RMSE_MU_per_atom=0.00 mDebye, RMSE_MU_DERIV=0.00 mDebye / A, RMSE_ALPHA_per_atom=    0.15, RMSE_ALPHA_DERIV=    9.52
2025-07-13 07:26:28.643 INFO: Epoch 1036: head: Default, loss=0.0028, RMSE_MU_per_atom=0.00 mDebye, RMSE_MU_DERIV=0.00 mDebye / A, RMSE_ALPHA_per_atom=    0.15, RMSE_ALPHA_DERIV=    9.52
2025-07-13 07:26:58.485 INFO: Epoch 1037: head: Default, loss=0.0029, RMSE_MU_per_atom=0.00 mDebye, RMSE_MU_DERIV=0.00 mDebye / A, RMSE_ALPHA_per_atom=    0.15, RMSE_ALPHA_DERIV=    9.53
2025-07-13 07:27:28.344 INFO: Epoch 1038: head: Default, loss=0.0028, RMSE_MU_per_atom=0.00 mDebye, RMSE_MU_DERIV=0.00 mDebye / A, RMSE_ALPHA_per_atom=    0.15, RMSE_ALPHA_DERIV=    9.52
2025-07-13 07:27:58.185 INFO: Epoch 1039: head: Default, loss=0.0028, RMSE_MU_per_atom=0.00 mDebye, RMSE_MU_DERIV=0.00 mDebye / A, RMSE_ALPHA_per_atom=    0.15, RMSE_ALPHA_DERIV=    9.52
2025-07-13 07:28:28.041 INFO: Epoch 1040: head: Default, loss=0.0028, RMSE_MU_per_atom=0.00 mDebye, RMSE_MU_DERIV=0.00 mDebye / A, RMSE_ALPHA_per_atom=    0.15, RMSE_ALPHA_DERIV=    9.53
2025-07-13 07:28:57.829 INFO: Epoch 1041: head: Default, loss=0.0028, RMSE_MU_per_atom=0.00 mDebye, RMSE_MU_DERIV=0.00 mDebye / A, RMSE_ALPHA_per_atom=    0.15, RMSE_ALPHA_DERIV=    9.53
2025-07-13 07:29:27.631 INFO: Epoch 1042: head: Default, loss=0.0028, RMSE_MU_per_atom=0.00 mDebye, RMSE_MU_DERIV=0.00 mDebye / A, RMSE_ALPHA_per_atom=    0.15, RMSE_ALPHA_DERIV=    9.53
2025-07-13 07:29:57.528 INFO: Epoch 1043: head: Default, loss=0.0029, RMSE_MU_per_atom=0.00 mDebye, RMSE_MU_DERIV=0.00 mDebye / A, RMSE_ALPHA_per_atom=    0.15, RMSE_ALPHA_DERIV=    9.53
2025-07-13 07:30:27.436 INFO: Epoch 1044: head: Default, loss=0.0028, RMSE_MU_per_atom=0.00 mDebye, RMSE_MU_DERIV=0.00 mDebye / A, RMSE_ALPHA_per_atom=    0.15, RMSE_ALPHA_DERIV=    9.52
2025-07-13 07:30:57.304 INFO: Epoch 1045: head: Default, loss=0.0028, RMSE_MU_per_atom=0.00 mDebye, RMSE_MU_DERIV=0.00 mDebye / A, RMSE_ALPHA_per_atom=    0.15, RMSE_ALPHA_DERIV=    9.53
2025-07-13 07:31:27.145 INFO: Epoch 1046: head: Default, loss=0.0028, RMSE_MU_per_atom=0.00 mDebye, RMSE_MU_DERIV=0.00 mDebye / A, RMSE_ALPHA_per_atom=    0.15, RMSE_ALPHA_DERIV=    9.53
2025-07-13 07:31:56.954 INFO: Epoch 1047: head: Default, loss=0.0029, RMSE_MU_per_atom=0.00 mDebye, RMSE_MU_DERIV=0.00 mDebye / A, RMSE_ALPHA_per_atom=    0.15, RMSE_ALPHA_DERIV=    9.53
2025-07-13 07:32:26.729 INFO: Epoch 1048: head: Default, loss=0.0029, RMSE_MU_per_atom=0.00 mDebye, RMSE_MU_DERIV=0.00 mDebye / A, RMSE_ALPHA_per_atom=    0.15, RMSE_ALPHA_DERIV=    9.53
2025-07-13 07:32:56.534 INFO: Epoch 1049: head: Default, loss=0.0028, RMSE_MU_per_atom=0.00 mDebye, RMSE_MU_DERIV=0.00 mDebye / A, RMSE_ALPHA_per_atom=    0.15, RMSE_ALPHA_DERIV=    9.53
2025-07-13 07:33:26.348 INFO: Epoch 1050: head: Default, loss=0.0029, RMSE_MU_per_atom=0.00 mDebye, RMSE_MU_DERIV=0.00 mDebye / A, RMSE_ALPHA_per_atom=    0.15, RMSE_ALPHA_DERIV=    9.53
2025-07-13 07:33:56.156 INFO: Epoch 1051: head: Default, loss=0.0028, RMSE_MU_per_atom=0.00 mDebye, RMSE_MU_DERIV=0.00 mDebye / A, RMSE_ALPHA_per_atom=    0.15, RMSE_ALPHA_DERIV=    9.53
2025-07-13 07:34:25.953 INFO: Epoch 1052: head: Default, loss=0.0028, RMSE_MU_per_atom=0.00 mDebye, RMSE_MU_DERIV=0.00 mDebye / A, RMSE_ALPHA_per_atom=    0.15, RMSE_ALPHA_DERIV=    9.53
2025-07-13 07:34:55.733 INFO: Epoch 1053: head: Default, loss=0.0028, RMSE_MU_per_atom=0.00 mDebye, RMSE_MU_DERIV=0.00 mDebye / A, RMSE_ALPHA_per_atom=    0.15, RMSE_ALPHA_DERIV=    9.53
2025-07-13 07:35:25.538 INFO: Epoch 1054: head: Default, loss=0.0028, RMSE_MU_per_atom=0.00 mDebye, RMSE_MU_DERIV=0.00 mDebye / A, RMSE_ALPHA_per_atom=    0.15, RMSE_ALPHA_DERIV=    9.52
2025-07-13 07:35:55.319 INFO: Epoch 1055: head: Default, loss=0.0028, RMSE_MU_per_atom=0.00 mDebye, RMSE_MU_DERIV=0.00 mDebye / A, RMSE_ALPHA_per_atom=    0.15, RMSE_ALPHA_DERIV=    9.52
2025-07-13 07:36:25.118 INFO: Epoch 1056: head: Default, loss=0.0029, RMSE_MU_per_atom=0.00 mDebye, RMSE_MU_DERIV=0.00 mDebye / A, RMSE_ALPHA_per_atom=    0.15, RMSE_ALPHA_DERIV=    9.53
2025-07-13 07:36:54.940 INFO: Epoch 1057: head: Default, loss=0.0028, RMSE_MU_per_atom=0.00 mDebye, RMSE_MU_DERIV=0.00 mDebye / A, RMSE_ALPHA_per_atom=    0.15, RMSE_ALPHA_DERIV=    9.53
2025-07-13 07:37:24.749 INFO: Epoch 1058: head: Default, loss=0.0028, RMSE_MU_per_atom=0.00 mDebye, RMSE_MU_DERIV=0.00 mDebye / A, RMSE_ALPHA_per_atom=    0.15, RMSE_ALPHA_DERIV=    9.52
2025-07-13 07:37:54.530 INFO: Epoch 1059: head: Default, loss=0.0028, RMSE_MU_per_atom=0.00 mDebye, RMSE_MU_DERIV=0.00 mDebye / A, RMSE_ALPHA_per_atom=    0.15, RMSE_ALPHA_DERIV=    9.53
2025-07-13 07:38:24.350 INFO: Epoch 1060: head: Default, loss=0.0028, RMSE_MU_per_atom=0.00 mDebye, RMSE_MU_DERIV=0.00 mDebye / A, RMSE_ALPHA_per_atom=    0.15, RMSE_ALPHA_DERIV=    9.53
2025-07-13 07:38:54.209 INFO: Epoch 1061: head: Default, loss=0.0028, RMSE_MU_per_atom=0.00 mDebye, RMSE_MU_DERIV=0.00 mDebye / A, RMSE_ALPHA_per_atom=    0.15, RMSE_ALPHA_DERIV=    9.53
2025-07-13 07:39:24.011 INFO: Epoch 1062: head: Default, loss=0.0029, RMSE_MU_per_atom=0.00 mDebye, RMSE_MU_DERIV=0.00 mDebye / A, RMSE_ALPHA_per_atom=    0.15, RMSE_ALPHA_DERIV=    9.53
2025-07-13 07:39:53.823 INFO: Epoch 1063: head: Default, loss=0.0028, RMSE_MU_per_atom=0.00 mDebye, RMSE_MU_DERIV=0.00 mDebye / A, RMSE_ALPHA_per_atom=    0.15, RMSE_ALPHA_DERIV=    9.53
2025-07-13 07:40:23.645 INFO: Epoch 1064: head: Default, loss=0.0029, RMSE_MU_per_atom=0.00 mDebye, RMSE_MU_DERIV=0.00 mDebye / A, RMSE_ALPHA_per_atom=    0.15, RMSE_ALPHA_DERIV=    9.53
2025-07-13 07:40:53.429 INFO: Epoch 1065: head: Default, loss=0.0028, RMSE_MU_per_atom=0.00 mDebye, RMSE_MU_DERIV=0.00 mDebye / A, RMSE_ALPHA_per_atom=    0.15, RMSE_ALPHA_DERIV=    9.52
2025-07-13 07:41:23.239 INFO: Epoch 1066: head: Default, loss=0.0029, RMSE_MU_per_atom=0.00 mDebye, RMSE_MU_DERIV=0.00 mDebye / A, RMSE_ALPHA_per_atom=    0.15, RMSE_ALPHA_DERIV=    9.53
2025-07-13 07:41:53.025 INFO: Epoch 1067: head: Default, loss=0.0028, RMSE_MU_per_atom=0.00 mDebye, RMSE_MU_DERIV=0.00 mDebye / A, RMSE_ALPHA_per_atom=    0.15, RMSE_ALPHA_DERIV=    9.53
2025-07-13 07:42:22.853 INFO: Epoch 1068: head: Default, loss=0.0028, RMSE_MU_per_atom=0.00 mDebye, RMSE_MU_DERIV=0.00 mDebye / A, RMSE_ALPHA_per_atom=    0.15, RMSE_ALPHA_DERIV=    9.53
2025-07-13 07:42:52.671 INFO: Epoch 1069: head: Default, loss=0.0028, RMSE_MU_per_atom=0.00 mDebye, RMSE_MU_DERIV=0.00 mDebye / A, RMSE_ALPHA_per_atom=    0.15, RMSE_ALPHA_DERIV=    9.53
2025-07-13 07:43:22.499 INFO: Epoch 1070: head: Default, loss=0.0029, RMSE_MU_per_atom=0.00 mDebye, RMSE_MU_DERIV=0.00 mDebye / A, RMSE_ALPHA_per_atom=    0.15, RMSE_ALPHA_DERIV=    9.53
2025-07-13 07:43:52.331 INFO: Epoch 1071: head: Default, loss=0.0028, RMSE_MU_per_atom=0.00 mDebye, RMSE_MU_DERIV=0.00 mDebye / A, RMSE_ALPHA_per_atom=    0.15, RMSE_ALPHA_DERIV=    9.53
2025-07-13 07:44:22.195 INFO: Epoch 1072: head: Default, loss=0.0029, RMSE_MU_per_atom=0.00 mDebye, RMSE_MU_DERIV=0.00 mDebye / A, RMSE_ALPHA_per_atom=    0.15, RMSE_ALPHA_DERIV=    9.53
2025-07-13 07:44:52.060 INFO: Epoch 1073: head: Default, loss=0.0028, RMSE_MU_per_atom=0.00 mDebye, RMSE_MU_DERIV=0.00 mDebye / A, RMSE_ALPHA_per_atom=    0.15, RMSE_ALPHA_DERIV=    9.53
2025-07-13 07:45:21.891 INFO: Epoch 1074: head: Default, loss=0.0028, RMSE_MU_per_atom=0.00 mDebye, RMSE_MU_DERIV=0.00 mDebye / A, RMSE_ALPHA_per_atom=    0.15, RMSE_ALPHA_DERIV=    9.52
2025-07-13 07:45:51.745 INFO: Epoch 1075: head: Default, loss=0.0029, RMSE_MU_per_atom=0.00 mDebye, RMSE_MU_DERIV=0.00 mDebye / A, RMSE_ALPHA_per_atom=    0.15, RMSE_ALPHA_DERIV=    9.53
2025-07-13 07:46:21.560 INFO: Epoch 1076: head: Default, loss=0.0029, RMSE_MU_per_atom=0.00 mDebye, RMSE_MU_DERIV=0.00 mDebye / A, RMSE_ALPHA_per_atom=    0.15, RMSE_ALPHA_DERIV=    9.53
2025-07-13 07:46:51.444 INFO: Epoch 1077: head: Default, loss=0.0028, RMSE_MU_per_atom=0.00 mDebye, RMSE_MU_DERIV=0.00 mDebye / A, RMSE_ALPHA_per_atom=    0.15, RMSE_ALPHA_DERIV=    9.53
2025-07-13 07:47:21.296 INFO: Epoch 1078: head: Default, loss=0.0028, RMSE_MU_per_atom=0.00 mDebye, RMSE_MU_DERIV=0.00 mDebye / A, RMSE_ALPHA_per_atom=    0.15, RMSE_ALPHA_DERIV=    9.53
2025-07-13 07:47:51.153 INFO: Epoch 1079: head: Default, loss=0.0028, RMSE_MU_per_atom=0.00 mDebye, RMSE_MU_DERIV=0.00 mDebye / A, RMSE_ALPHA_per_atom=    0.15, RMSE_ALPHA_DERIV=    9.53
2025-07-13 07:48:21.036 INFO: Epoch 1080: head: Default, loss=0.0028, RMSE_MU_per_atom=0.00 mDebye, RMSE_MU_DERIV=0.00 mDebye / A, RMSE_ALPHA_per_atom=    0.15, RMSE_ALPHA_DERIV=    9.53
2025-07-13 07:48:50.933 INFO: Epoch 1081: head: Default, loss=0.0028, RMSE_MU_per_atom=0.00 mDebye, RMSE_MU_DERIV=0.00 mDebye / A, RMSE_ALPHA_per_atom=    0.15, RMSE_ALPHA_DERIV=    9.53
2025-07-13 07:49:20.834 INFO: Epoch 1082: head: Default, loss=0.0029, RMSE_MU_per_atom=0.00 mDebye, RMSE_MU_DERIV=0.00 mDebye / A, RMSE_ALPHA_per_atom=    0.15, RMSE_ALPHA_DERIV=    9.53
2025-07-13 07:49:50.818 INFO: Epoch 1083: head: Default, loss=0.0028, RMSE_MU_per_atom=0.00 mDebye, RMSE_MU_DERIV=0.00 mDebye / A, RMSE_ALPHA_per_atom=    0.15, RMSE_ALPHA_DERIV=    9.53
2025-07-13 07:50:20.789 INFO: Epoch 1084: head: Default, loss=0.0029, RMSE_MU_per_atom=0.00 mDebye, RMSE_MU_DERIV=0.00 mDebye / A, RMSE_ALPHA_per_atom=    0.15, RMSE_ALPHA_DERIV=    9.53
2025-07-13 07:50:50.766 INFO: Epoch 1085: head: Default, loss=0.0028, RMSE_MU_per_atom=0.00 mDebye, RMSE_MU_DERIV=0.00 mDebye / A, RMSE_ALPHA_per_atom=    0.15, RMSE_ALPHA_DERIV=    9.53
2025-07-13 07:51:20.743 INFO: Epoch 1086: head: Default, loss=0.0028, RMSE_MU_per_atom=0.00 mDebye, RMSE_MU_DERIV=0.00 mDebye / A, RMSE_ALPHA_per_atom=    0.15, RMSE_ALPHA_DERIV=    9.53
2025-07-13 07:51:50.664 INFO: Epoch 1087: head: Default, loss=0.0029, RMSE_MU_per_atom=0.00 mDebye, RMSE_MU_DERIV=0.00 mDebye / A, RMSE_ALPHA_per_atom=    0.15, RMSE_ALPHA_DERIV=    9.53
2025-07-13 07:52:20.534 INFO: Epoch 1088: head: Default, loss=0.0028, RMSE_MU_per_atom=0.00 mDebye, RMSE_MU_DERIV=0.00 mDebye / A, RMSE_ALPHA_per_atom=    0.15, RMSE_ALPHA_DERIV=    9.53
2025-07-13 07:52:50.446 INFO: Epoch 1089: head: Default, loss=0.0028, RMSE_MU_per_atom=0.00 mDebye, RMSE_MU_DERIV=0.00 mDebye / A, RMSE_ALPHA_per_atom=    0.15, RMSE_ALPHA_DERIV=    9.53
2025-07-13 07:53:20.351 INFO: Epoch 1090: head: Default, loss=0.0028, RMSE_MU_per_atom=0.00 mDebye, RMSE_MU_DERIV=0.00 mDebye / A, RMSE_ALPHA_per_atom=    0.15, RMSE_ALPHA_DERIV=    9.53
2025-07-13 07:53:50.243 INFO: Epoch 1091: head: Default, loss=0.0028, RMSE_MU_per_atom=0.00 mDebye, RMSE_MU_DERIV=0.00 mDebye / A, RMSE_ALPHA_per_atom=    0.15, RMSE_ALPHA_DERIV=    9.53
2025-07-13 07:54:20.161 INFO: Epoch 1092: head: Default, loss=0.0029, RMSE_MU_per_atom=0.00 mDebye, RMSE_MU_DERIV=0.00 mDebye / A, RMSE_ALPHA_per_atom=    0.15, RMSE_ALPHA_DERIV=    9.53
2025-07-13 07:54:50.073 INFO: Epoch 1093: head: Default, loss=0.0028, RMSE_MU_per_atom=0.00 mDebye, RMSE_MU_DERIV=0.00 mDebye / A, RMSE_ALPHA_per_atom=    0.15, RMSE_ALPHA_DERIV=    9.53
2025-07-13 07:55:19.942 INFO: Epoch 1094: head: Default, loss=0.0028, RMSE_MU_per_atom=0.00 mDebye, RMSE_MU_DERIV=0.00 mDebye / A, RMSE_ALPHA_per_atom=    0.15, RMSE_ALPHA_DERIV=    9.53
2025-07-13 07:55:49.863 INFO: Epoch 1095: head: Default, loss=0.0028, RMSE_MU_per_atom=0.00 mDebye, RMSE_MU_DERIV=0.00 mDebye / A, RMSE_ALPHA_per_atom=    0.15, RMSE_ALPHA_DERIV=    9.53
2025-07-13 07:56:19.760 INFO: Epoch 1096: head: Default, loss=0.0028, RMSE_MU_per_atom=0.00 mDebye, RMSE_MU_DERIV=0.00 mDebye / A, RMSE_ALPHA_per_atom=    0.15, RMSE_ALPHA_DERIV=    9.53
2025-07-13 07:56:49.636 INFO: Epoch 1097: head: Default, loss=0.0028, RMSE_MU_per_atom=0.00 mDebye, RMSE_MU_DERIV=0.00 mDebye / A, RMSE_ALPHA_per_atom=    0.15, RMSE_ALPHA_DERIV=    9.53
2025-07-13 07:57:19.537 INFO: Epoch 1098: head: Default, loss=0.0028, RMSE_MU_per_atom=0.00 mDebye, RMSE_MU_DERIV=0.00 mDebye / A, RMSE_ALPHA_per_atom=    0.15, RMSE_ALPHA_DERIV=    9.53
2025-07-13 07:57:49.414 INFO: Epoch 1099: head: Default, loss=0.0028, RMSE_MU_per_atom=0.00 mDebye, RMSE_MU_DERIV=0.00 mDebye / A, RMSE_ALPHA_per_atom=    0.15, RMSE_ALPHA_DERIV=    9.53
2025-07-13 07:58:19.240 INFO: Epoch 1100: head: Default, loss=0.0029, RMSE_MU_per_atom=0.00 mDebye, RMSE_MU_DERIV=0.00 mDebye / A, RMSE_ALPHA_per_atom=    0.15, RMSE_ALPHA_DERIV=    9.53
2025-07-13 07:58:49.119 INFO: Epoch 1101: head: Default, loss=0.0028, RMSE_MU_per_atom=0.00 mDebye, RMSE_MU_DERIV=0.00 mDebye / A, RMSE_ALPHA_per_atom=    0.15, RMSE_ALPHA_DERIV=    9.53
2025-07-13 07:59:19.036 INFO: Epoch 1102: head: Default, loss=0.0028, RMSE_MU_per_atom=0.00 mDebye, RMSE_MU_DERIV=0.00 mDebye / A, RMSE_ALPHA_per_atom=    0.15, RMSE_ALPHA_DERIV=    9.53
2025-07-13 07:59:49.016 INFO: Epoch 1103: head: Default, loss=0.0029, RMSE_MU_per_atom=0.00 mDebye, RMSE_MU_DERIV=0.00 mDebye / A, RMSE_ALPHA_per_atom=    0.15, RMSE_ALPHA_DERIV=    9.53
2025-07-13 08:00:18.951 INFO: Epoch 1104: head: Default, loss=0.0029, RMSE_MU_per_atom=0.00 mDebye, RMSE_MU_DERIV=0.00 mDebye / A, RMSE_ALPHA_per_atom=    0.15, RMSE_ALPHA_DERIV=    9.53
2025-07-13 08:00:48.775 INFO: Epoch 1105: head: Default, loss=0.0028, RMSE_MU_per_atom=0.00 mDebye, RMSE_MU_DERIV=0.00 mDebye / A, RMSE_ALPHA_per_atom=    0.15, RMSE_ALPHA_DERIV=    9.53
2025-07-13 08:01:18.630 INFO: Epoch 1106: head: Default, loss=0.0029, RMSE_MU_per_atom=0.00 mDebye, RMSE_MU_DERIV=0.00 mDebye / A, RMSE_ALPHA_per_atom=    0.15, RMSE_ALPHA_DERIV=    9.53
2025-07-13 08:01:48.486 INFO: Epoch 1107: head: Default, loss=0.0028, RMSE_MU_per_atom=0.00 mDebye, RMSE_MU_DERIV=0.00 mDebye / A, RMSE_ALPHA_per_atom=    0.15, RMSE_ALPHA_DERIV=    9.53
2025-07-13 08:02:18.319 INFO: Epoch 1108: head: Default, loss=0.0028, RMSE_MU_per_atom=0.00 mDebye, RMSE_MU_DERIV=0.00 mDebye / A, RMSE_ALPHA_per_atom=    0.15, RMSE_ALPHA_DERIV=    9.53
2025-07-13 08:02:48.208 INFO: Epoch 1109: head: Default, loss=0.0029, RMSE_MU_per_atom=0.00 mDebye, RMSE_MU_DERIV=0.00 mDebye / A, RMSE_ALPHA_per_atom=    0.15, RMSE_ALPHA_DERIV=    9.53
2025-07-13 08:03:18.082 INFO: Epoch 1110: head: Default, loss=0.0028, RMSE_MU_per_atom=0.00 mDebye, RMSE_MU_DERIV=0.00 mDebye / A, RMSE_ALPHA_per_atom=    0.15, RMSE_ALPHA_DERIV=    9.53
2025-07-13 08:03:47.906 INFO: Epoch 1111: head: Default, loss=0.0029, RMSE_MU_per_atom=0.00 mDebye, RMSE_MU_DERIV=0.00 mDebye / A, RMSE_ALPHA_per_atom=    0.15, RMSE_ALPHA_DERIV=    9.53
2025-07-13 08:04:17.726 INFO: Epoch 1112: head: Default, loss=0.0028, RMSE_MU_per_atom=0.00 mDebye, RMSE_MU_DERIV=0.00 mDebye / A, RMSE_ALPHA_per_atom=    0.15, RMSE_ALPHA_DERIV=    9.53
2025-07-13 08:04:47.521 INFO: Epoch 1113: head: Default, loss=0.0029, RMSE_MU_per_atom=0.00 mDebye, RMSE_MU_DERIV=0.00 mDebye / A, RMSE_ALPHA_per_atom=    0.15, RMSE_ALPHA_DERIV=    9.53
2025-07-13 08:05:17.335 INFO: Epoch 1114: head: Default, loss=0.0029, RMSE_MU_per_atom=0.00 mDebye, RMSE_MU_DERIV=0.00 mDebye / A, RMSE_ALPHA_per_atom=    0.15, RMSE_ALPHA_DERIV=    9.53
2025-07-13 08:05:47.151 INFO: Epoch 1115: head: Default, loss=0.0028, RMSE_MU_per_atom=0.00 mDebye, RMSE_MU_DERIV=0.00 mDebye / A, RMSE_ALPHA_per_atom=    0.15, RMSE_ALPHA_DERIV=    9.53
2025-07-13 08:06:17.011 INFO: Epoch 1116: head: Default, loss=0.0029, RMSE_MU_per_atom=0.00 mDebye, RMSE_MU_DERIV=0.00 mDebye / A, RMSE_ALPHA_per_atom=    0.15, RMSE_ALPHA_DERIV=    9.53
2025-07-13 08:06:46.889 INFO: Epoch 1117: head: Default, loss=0.0028, RMSE_MU_per_atom=0.00 mDebye, RMSE_MU_DERIV=0.00 mDebye / A, RMSE_ALPHA_per_atom=    0.15, RMSE_ALPHA_DERIV=    9.53
2025-07-13 08:07:16.713 INFO: Epoch 1118: head: Default, loss=0.0029, RMSE_MU_per_atom=0.00 mDebye, RMSE_MU_DERIV=0.00 mDebye / A, RMSE_ALPHA_per_atom=    0.15, RMSE_ALPHA_DERIV=    9.53
2025-07-13 08:07:46.567 INFO: Epoch 1119: head: Default, loss=0.0028, RMSE_MU_per_atom=0.00 mDebye, RMSE_MU_DERIV=0.00 mDebye / A, RMSE_ALPHA_per_atom=    0.15, RMSE_ALPHA_DERIV=    9.53
2025-07-13 08:08:16.391 INFO: Epoch 1120: head: Default, loss=0.0028, RMSE_MU_per_atom=0.00 mDebye, RMSE_MU_DERIV=0.00 mDebye / A, RMSE_ALPHA_per_atom=    0.15, RMSE_ALPHA_DERIV=    9.53
2025-07-13 08:08:46.212 INFO: Epoch 1121: head: Default, loss=0.0029, RMSE_MU_per_atom=0.00 mDebye, RMSE_MU_DERIV=0.00 mDebye / A, RMSE_ALPHA_per_atom=    0.15, RMSE_ALPHA_DERIV=    9.53
2025-07-13 08:09:16.038 INFO: Epoch 1122: head: Default, loss=0.0029, RMSE_MU_per_atom=0.00 mDebye, RMSE_MU_DERIV=0.00 mDebye / A, RMSE_ALPHA_per_atom=    0.15, RMSE_ALPHA_DERIV=    9.53
2025-07-13 08:09:45.895 INFO: Epoch 1123: head: Default, loss=0.0028, RMSE_MU_per_atom=0.00 mDebye, RMSE_MU_DERIV=0.00 mDebye / A, RMSE_ALPHA_per_atom=    0.15, RMSE_ALPHA_DERIV=    9.53
2025-07-13 08:10:15.694 INFO: Epoch 1124: head: Default, loss=0.0028, RMSE_MU_per_atom=0.00 mDebye, RMSE_MU_DERIV=0.00 mDebye / A, RMSE_ALPHA_per_atom=    0.15, RMSE_ALPHA_DERIV=    9.53
2025-07-13 08:10:45.494 INFO: Epoch 1125: head: Default, loss=0.0028, RMSE_MU_per_atom=0.00 mDebye, RMSE_MU_DERIV=0.00 mDebye / A, RMSE_ALPHA_per_atom=    0.15, RMSE_ALPHA_DERIV=    9.53
2025-07-13 08:11:15.270 INFO: Epoch 1126: head: Default, loss=0.0028, RMSE_MU_per_atom=0.00 mDebye, RMSE_MU_DERIV=0.00 mDebye / A, RMSE_ALPHA_per_atom=    0.15, RMSE_ALPHA_DERIV=    9.53
2025-07-13 08:11:45.061 INFO: Epoch 1127: head: Default, loss=0.0029, RMSE_MU_per_atom=0.00 mDebye, RMSE_MU_DERIV=0.00 mDebye / A, RMSE_ALPHA_per_atom=    0.15, RMSE_ALPHA_DERIV=    9.53
2025-07-13 08:12:14.841 INFO: Epoch 1128: head: Default, loss=0.0029, RMSE_MU_per_atom=0.00 mDebye, RMSE_MU_DERIV=0.00 mDebye / A, RMSE_ALPHA_per_atom=    0.15, RMSE_ALPHA_DERIV=    9.53
2025-07-13 08:12:44.615 INFO: Epoch 1129: head: Default, loss=0.0028, RMSE_MU_per_atom=0.00 mDebye, RMSE_MU_DERIV=0.00 mDebye / A, RMSE_ALPHA_per_atom=    0.15, RMSE_ALPHA_DERIV=    9.53
2025-07-13 08:13:14.392 INFO: Epoch 1130: head: Default, loss=0.0029, RMSE_MU_per_atom=0.00 mDebye, RMSE_MU_DERIV=0.00 mDebye / A, RMSE_ALPHA_per_atom=    0.15, RMSE_ALPHA_DERIV=    9.53
2025-07-13 08:13:44.237 INFO: Epoch 1131: head: Default, loss=0.0028, RMSE_MU_per_atom=0.00 mDebye, RMSE_MU_DERIV=0.00 mDebye / A, RMSE_ALPHA_per_atom=    0.15, RMSE_ALPHA_DERIV=    9.53
2025-07-13 08:14:14.042 INFO: Epoch 1132: head: Default, loss=0.0028, RMSE_MU_per_atom=0.00 mDebye, RMSE_MU_DERIV=0.00 mDebye / A, RMSE_ALPHA_per_atom=    0.15, RMSE_ALPHA_DERIV=    9.53
2025-07-13 08:14:43.861 INFO: Epoch 1133: head: Default, loss=0.0029, RMSE_MU_per_atom=0.00 mDebye, RMSE_MU_DERIV=0.00 mDebye / A, RMSE_ALPHA_per_atom=    0.15, RMSE_ALPHA_DERIV=    9.53
2025-07-13 08:15:13.679 INFO: Epoch 1134: head: Default, loss=0.0028, RMSE_MU_per_atom=0.00 mDebye, RMSE_MU_DERIV=0.00 mDebye / A, RMSE_ALPHA_per_atom=    0.15, RMSE_ALPHA_DERIV=    9.53
2025-07-13 08:15:43.474 INFO: Epoch 1135: head: Default, loss=0.0028, RMSE_MU_per_atom=0.00 mDebye, RMSE_MU_DERIV=0.00 mDebye / A, RMSE_ALPHA_per_atom=    0.15, RMSE_ALPHA_DERIV=    9.53
2025-07-13 08:16:13.283 INFO: Epoch 1136: head: Default, loss=0.0029, RMSE_MU_per_atom=0.00 mDebye, RMSE_MU_DERIV=0.00 mDebye / A, RMSE_ALPHA_per_atom=    0.15, RMSE_ALPHA_DERIV=    9.53
2025-07-13 08:16:43.137 INFO: Epoch 1137: head: Default, loss=0.0029, RMSE_MU_per_atom=0.00 mDebye, RMSE_MU_DERIV=0.00 mDebye / A, RMSE_ALPHA_per_atom=    0.15, RMSE_ALPHA_DERIV=    9.53
2025-07-13 08:17:12.969 INFO: Epoch 1138: head: Default, loss=0.0028, RMSE_MU_per_atom=0.00 mDebye, RMSE_MU_DERIV=0.00 mDebye / A, RMSE_ALPHA_per_atom=    0.15, RMSE_ALPHA_DERIV=    9.53
2025-07-13 08:17:42.769 INFO: Epoch 1139: head: Default, loss=0.0029, RMSE_MU_per_atom=0.00 mDebye, RMSE_MU_DERIV=0.00 mDebye / A, RMSE_ALPHA_per_atom=    0.15, RMSE_ALPHA_DERIV=    9.53
2025-07-13 08:18:12.568 INFO: Epoch 1140: head: Default, loss=0.0029, RMSE_MU_per_atom=0.00 mDebye, RMSE_MU_DERIV=0.00 mDebye / A, RMSE_ALPHA_per_atom=    0.15, RMSE_ALPHA_DERIV=    9.53
2025-07-13 08:18:42.357 INFO: Epoch 1141: head: Default, loss=0.0028, RMSE_MU_per_atom=0.00 mDebye, RMSE_MU_DERIV=0.00 mDebye / A, RMSE_ALPHA_per_atom=    0.15, RMSE_ALPHA_DERIV=    9.53
2025-07-13 08:19:12.139 INFO: Epoch 1142: head: Default, loss=0.0028, RMSE_MU_per_atom=0.00 mDebye, RMSE_MU_DERIV=0.00 mDebye / A, RMSE_ALPHA_per_atom=    0.15, RMSE_ALPHA_DERIV=    9.53
2025-07-13 08:19:41.929 INFO: Epoch 1143: head: Default, loss=0.0029, RMSE_MU_per_atom=0.00 mDebye, RMSE_MU_DERIV=0.00 mDebye / A, RMSE_ALPHA_per_atom=    0.15, RMSE_ALPHA_DERIV=    9.53
2025-07-13 08:20:11.730 INFO: Epoch 1144: head: Default, loss=0.0028, RMSE_MU_per_atom=0.00 mDebye, RMSE_MU_DERIV=0.00 mDebye / A, RMSE_ALPHA_per_atom=    0.15, RMSE_ALPHA_DERIV=    9.53
2025-07-13 08:20:41.526 INFO: Epoch 1145: head: Default, loss=0.0029, RMSE_MU_per_atom=0.00 mDebye, RMSE_MU_DERIV=0.00 mDebye / A, RMSE_ALPHA_per_atom=    0.15, RMSE_ALPHA_DERIV=    9.53
2025-07-13 08:21:11.360 INFO: Epoch 1146: head: Default, loss=0.0028, RMSE_MU_per_atom=0.00 mDebye, RMSE_MU_DERIV=0.00 mDebye / A, RMSE_ALPHA_per_atom=    0.15, RMSE_ALPHA_DERIV=    9.53
2025-07-13 08:21:41.158 INFO: Epoch 1147: head: Default, loss=0.0029, RMSE_MU_per_atom=0.00 mDebye, RMSE_MU_DERIV=0.00 mDebye / A, RMSE_ALPHA_per_atom=    0.15, RMSE_ALPHA_DERIV=    9.53
2025-07-13 08:22:10.950 INFO: Epoch 1148: head: Default, loss=0.0029, RMSE_MU_per_atom=0.00 mDebye, RMSE_MU_DERIV=0.00 mDebye / A, RMSE_ALPHA_per_atom=    0.15, RMSE_ALPHA_DERIV=    9.53
2025-07-13 08:22:40.760 INFO: Epoch 1149: head: Default, loss=0.0028, RMSE_MU_per_atom=0.00 mDebye, RMSE_MU_DERIV=0.00 mDebye / A, RMSE_ALPHA_per_atom=    0.15, RMSE_ALPHA_DERIV=    9.53
2025-07-13 08:23:10.569 INFO: Epoch 1150: head: Default, loss=0.0029, RMSE_MU_per_atom=0.00 mDebye, RMSE_MU_DERIV=0.00 mDebye / A, RMSE_ALPHA_per_atom=    0.15, RMSE_ALPHA_DERIV=    9.53
2025-07-13 08:23:40.360 INFO: Epoch 1151: head: Default, loss=0.0028, RMSE_MU_per_atom=0.00 mDebye, RMSE_MU_DERIV=0.00 mDebye / A, RMSE_ALPHA_per_atom=    0.15, RMSE_ALPHA_DERIV=    9.53
2025-07-13 08:24:10.160 INFO: Epoch 1152: head: Default, loss=0.0029, RMSE_MU_per_atom=0.00 mDebye, RMSE_MU_DERIV=0.00 mDebye / A, RMSE_ALPHA_per_atom=    0.15, RMSE_ALPHA_DERIV=    9.53
2025-07-13 08:24:39.959 INFO: Epoch 1153: head: Default, loss=0.0028, RMSE_MU_per_atom=0.00 mDebye, RMSE_MU_DERIV=0.00 mDebye / A, RMSE_ALPHA_per_atom=    0.15, RMSE_ALPHA_DERIV=    9.53
2025-07-13 08:25:09.773 INFO: Epoch 1154: head: Default, loss=0.0029, RMSE_MU_per_atom=0.00 mDebye, RMSE_MU_DERIV=0.00 mDebye / A, RMSE_ALPHA_per_atom=    0.15, RMSE_ALPHA_DERIV=    9.53
2025-07-13 08:25:39.619 INFO: Epoch 1155: head: Default, loss=0.0029, RMSE_MU_per_atom=0.00 mDebye, RMSE_MU_DERIV=0.00 mDebye / A, RMSE_ALPHA_per_atom=    0.15, RMSE_ALPHA_DERIV=    9.53
2025-07-13 08:26:09.432 INFO: Epoch 1156: head: Default, loss=0.0028, RMSE_MU_per_atom=0.00 mDebye, RMSE_MU_DERIV=0.00 mDebye / A, RMSE_ALPHA_per_atom=    0.15, RMSE_ALPHA_DERIV=    9.53
2025-07-13 08:26:39.284 INFO: Epoch 1157: head: Default, loss=0.0028, RMSE_MU_per_atom=0.00 mDebye, RMSE_MU_DERIV=0.00 mDebye / A, RMSE_ALPHA_per_atom=    0.15, RMSE_ALPHA_DERIV=    9.53
2025-07-13 08:27:09.121 INFO: Epoch 1158: head: Default, loss=0.0028, RMSE_MU_per_atom=0.00 mDebye, RMSE_MU_DERIV=0.00 mDebye / A, RMSE_ALPHA_per_atom=    0.15, RMSE_ALPHA_DERIV=    9.53
2025-07-13 08:27:39.015 INFO: Epoch 1159: head: Default, loss=0.0029, RMSE_MU_per_atom=0.00 mDebye, RMSE_MU_DERIV=0.00 mDebye / A, RMSE_ALPHA_per_atom=    0.15, RMSE_ALPHA_DERIV=    9.53
2025-07-13 08:28:08.813 INFO: Epoch 1160: head: Default, loss=0.0028, RMSE_MU_per_atom=0.00 mDebye, RMSE_MU_DERIV=0.00 mDebye / A, RMSE_ALPHA_per_atom=    0.15, RMSE_ALPHA_DERIV=    9.53
2025-07-13 08:28:38.620 INFO: Epoch 1161: head: Default, loss=0.0029, RMSE_MU_per_atom=0.00 mDebye, RMSE_MU_DERIV=0.00 mDebye / A, RMSE_ALPHA_per_atom=    0.15, RMSE_ALPHA_DERIV=    9.53
2025-07-13 08:29:08.466 INFO: Epoch 1162: head: Default, loss=0.0028, RMSE_MU_per_atom=0.00 mDebye, RMSE_MU_DERIV=0.00 mDebye / A, RMSE_ALPHA_per_atom=    0.15, RMSE_ALPHA_DERIV=    9.53
2025-07-13 08:29:38.256 INFO: Epoch 1163: head: Default, loss=0.0028, RMSE_MU_per_atom=0.00 mDebye, RMSE_MU_DERIV=0.00 mDebye / A, RMSE_ALPHA_per_atom=    0.15, RMSE_ALPHA_DERIV=    9.53
2025-07-13 08:30:08.053 INFO: Epoch 1164: head: Default, loss=0.0028, RMSE_MU_per_atom=0.00 mDebye, RMSE_MU_DERIV=0.00 mDebye / A, RMSE_ALPHA_per_atom=    0.15, RMSE_ALPHA_DERIV=    9.53
2025-07-13 08:30:37.843 INFO: Epoch 1165: head: Default, loss=0.0028, RMSE_MU_per_atom=0.00 mDebye, RMSE_MU_DERIV=0.00 mDebye / A, RMSE_ALPHA_per_atom=    0.15, RMSE_ALPHA_DERIV=    9.53
2025-07-13 08:31:07.626 INFO: Epoch 1166: head: Default, loss=0.0029, RMSE_MU_per_atom=0.00 mDebye, RMSE_MU_DERIV=0.00 mDebye / A, RMSE_ALPHA_per_atom=    0.15, RMSE_ALPHA_DERIV=    9.53
2025-07-13 08:31:37.412 INFO: Epoch 1167: head: Default, loss=0.0028, RMSE_MU_per_atom=0.00 mDebye, RMSE_MU_DERIV=0.00 mDebye / A, RMSE_ALPHA_per_atom=    0.15, RMSE_ALPHA_DERIV=    9.53
2025-07-13 08:32:07.204 INFO: Epoch 1168: head: Default, loss=0.0029, RMSE_MU_per_atom=0.00 mDebye, RMSE_MU_DERIV=0.00 mDebye / A, RMSE_ALPHA_per_atom=    0.15, RMSE_ALPHA_DERIV=    9.53
2025-07-13 08:32:36.999 INFO: Epoch 1169: head: Default, loss=0.0028, RMSE_MU_per_atom=0.00 mDebye, RMSE_MU_DERIV=0.00 mDebye / A, RMSE_ALPHA_per_atom=    0.15, RMSE_ALPHA_DERIV=    9.53
2025-07-13 08:33:06.824 INFO: Epoch 1170: head: Default, loss=0.0028, RMSE_MU_per_atom=0.00 mDebye, RMSE_MU_DERIV=0.00 mDebye / A, RMSE_ALPHA_per_atom=    0.15, RMSE_ALPHA_DERIV=    9.53
2025-07-13 08:33:36.644 INFO: Epoch 1171: head: Default, loss=0.0029, RMSE_MU_per_atom=0.00 mDebye, RMSE_MU_DERIV=0.00 mDebye / A, RMSE_ALPHA_per_atom=    0.15, RMSE_ALPHA_DERIV=    9.53
2025-07-13 08:34:06.464 INFO: Epoch 1172: head: Default, loss=0.0028, RMSE_MU_per_atom=0.00 mDebye, RMSE_MU_DERIV=0.00 mDebye / A, RMSE_ALPHA_per_atom=    0.15, RMSE_ALPHA_DERIV=    9.53
2025-07-13 08:34:36.333 INFO: Epoch 1173: head: Default, loss=0.0028, RMSE_MU_per_atom=0.00 mDebye, RMSE_MU_DERIV=0.00 mDebye / A, RMSE_ALPHA_per_atom=    0.15, RMSE_ALPHA_DERIV=    9.53
2025-07-13 08:35:06.181 INFO: Epoch 1174: head: Default, loss=0.0029, RMSE_MU_per_atom=0.00 mDebye, RMSE_MU_DERIV=0.00 mDebye / A, RMSE_ALPHA_per_atom=    0.15, RMSE_ALPHA_DERIV=    9.53
2025-07-13 08:35:36.047 INFO: Epoch 1175: head: Default, loss=0.0028, RMSE_MU_per_atom=0.00 mDebye, RMSE_MU_DERIV=0.00 mDebye / A, RMSE_ALPHA_per_atom=    0.15, RMSE_ALPHA_DERIV=    9.53
2025-07-13 08:36:05.912 INFO: Epoch 1176: head: Default, loss=0.0029, RMSE_MU_per_atom=0.00 mDebye, RMSE_MU_DERIV=0.00 mDebye / A, RMSE_ALPHA_per_atom=    0.15, RMSE_ALPHA_DERIV=    9.53
2025-07-13 08:36:35.770 INFO: Epoch 1177: head: Default, loss=0.0029, RMSE_MU_per_atom=0.00 mDebye, RMSE_MU_DERIV=0.00 mDebye / A, RMSE_ALPHA_per_atom=    0.15, RMSE_ALPHA_DERIV=    9.53
2025-07-13 08:37:05.610 INFO: Epoch 1178: head: Default, loss=0.0029, RMSE_MU_per_atom=0.00 mDebye, RMSE_MU_DERIV=0.00 mDebye / A, RMSE_ALPHA_per_atom=    0.15, RMSE_ALPHA_DERIV=    9.53
2025-07-13 08:37:35.452 INFO: Epoch 1179: head: Default, loss=0.0029, RMSE_MU_per_atom=0.00 mDebye, RMSE_MU_DERIV=0.00 mDebye / A, RMSE_ALPHA_per_atom=    0.15, RMSE_ALPHA_DERIV=    9.53
2025-07-13 08:38:05.361 INFO: Epoch 1180: head: Default, loss=0.0028, RMSE_MU_per_atom=0.00 mDebye, RMSE_MU_DERIV=0.00 mDebye / A, RMSE_ALPHA_per_atom=    0.15, RMSE_ALPHA_DERIV=    9.53
2025-07-13 08:38:35.244 INFO: Epoch 1181: head: Default, loss=0.0028, RMSE_MU_per_atom=0.00 mDebye, RMSE_MU_DERIV=0.00 mDebye / A, RMSE_ALPHA_per_atom=    0.15, RMSE_ALPHA_DERIV=    9.53
2025-07-13 08:39:05.121 INFO: Epoch 1182: head: Default, loss=0.0028, RMSE_MU_per_atom=0.00 mDebye, RMSE_MU_DERIV=0.00 mDebye / A, RMSE_ALPHA_per_atom=    0.15, RMSE_ALPHA_DERIV=    9.53
2025-07-13 08:39:34.975 INFO: Epoch 1183: head: Default, loss=0.0029, RMSE_MU_per_atom=0.00 mDebye, RMSE_MU_DERIV=0.00 mDebye / A, RMSE_ALPHA_per_atom=    0.15, RMSE_ALPHA_DERIV=    9.53
2025-07-13 08:40:04.852 INFO: Epoch 1184: head: Default, loss=0.0028, RMSE_MU_per_atom=0.00 mDebye, RMSE_MU_DERIV=0.00 mDebye / A, RMSE_ALPHA_per_atom=    0.15, RMSE_ALPHA_DERIV=    9.53
2025-07-13 08:40:34.676 INFO: Epoch 1185: head: Default, loss=0.0028, RMSE_MU_per_atom=0.00 mDebye, RMSE_MU_DERIV=0.00 mDebye / A, RMSE_ALPHA_per_atom=    0.15, RMSE_ALPHA_DERIV=    9.53
2025-07-13 08:41:04.504 INFO: Epoch 1186: head: Default, loss=0.0029, RMSE_MU_per_atom=0.00 mDebye, RMSE_MU_DERIV=0.00 mDebye / A, RMSE_ALPHA_per_atom=    0.15, RMSE_ALPHA_DERIV=    9.53
2025-07-13 08:41:34.350 INFO: Epoch 1187: head: Default, loss=0.0028, RMSE_MU_per_atom=0.00 mDebye, RMSE_MU_DERIV=0.00 mDebye / A, RMSE_ALPHA_per_atom=    0.15, RMSE_ALPHA_DERIV=    9.53
2025-07-13 08:42:04.188 INFO: Epoch 1188: head: Default, loss=0.0028, RMSE_MU_per_atom=0.00 mDebye, RMSE_MU_DERIV=0.00 mDebye / A, RMSE_ALPHA_per_atom=    0.15, RMSE_ALPHA_DERIV=    9.53
2025-07-13 08:42:34.033 INFO: Epoch 1189: head: Default, loss=0.0029, RMSE_MU_per_atom=0.00 mDebye, RMSE_MU_DERIV=0.00 mDebye / A, RMSE_ALPHA_per_atom=    0.15, RMSE_ALPHA_DERIV=    9.53
2025-07-13 08:43:03.869 INFO: Epoch 1190: head: Default, loss=0.0028, RMSE_MU_per_atom=0.00 mDebye, RMSE_MU_DERIV=0.00 mDebye / A, RMSE_ALPHA_per_atom=    0.15, RMSE_ALPHA_DERIV=    9.53
2025-07-13 08:43:33.737 INFO: Epoch 1191: head: Default, loss=0.0029, RMSE_MU_per_atom=0.00 mDebye, RMSE_MU_DERIV=0.00 mDebye / A, RMSE_ALPHA_per_atom=    0.15, RMSE_ALPHA_DERIV=    9.53
2025-07-13 08:44:03.622 INFO: Epoch 1192: head: Default, loss=0.0029, RMSE_MU_per_atom=0.00 mDebye, RMSE_MU_DERIV=0.00 mDebye / A, RMSE_ALPHA_per_atom=    0.15, RMSE_ALPHA_DERIV=    9.53
2025-07-13 08:44:33.443 INFO: Epoch 1193: head: Default, loss=0.0028, RMSE_MU_per_atom=0.00 mDebye, RMSE_MU_DERIV=0.00 mDebye / A, RMSE_ALPHA_per_atom=    0.15, RMSE_ALPHA_DERIV=    9.53
2025-07-13 08:45:03.258 INFO: Epoch 1194: head: Default, loss=0.0028, RMSE_MU_per_atom=0.00 mDebye, RMSE_MU_DERIV=0.00 mDebye / A, RMSE_ALPHA_per_atom=    0.15, RMSE_ALPHA_DERIV=    9.53
2025-07-13 08:45:33.060 INFO: Epoch 1195: head: Default, loss=0.0029, RMSE_MU_per_atom=0.00 mDebye, RMSE_MU_DERIV=0.00 mDebye / A, RMSE_ALPHA_per_atom=    0.15, RMSE_ALPHA_DERIV=    9.53
2025-07-13 08:46:02.856 INFO: Epoch 1196: head: Default, loss=0.0028, RMSE_MU_per_atom=0.00 mDebye, RMSE_MU_DERIV=0.00 mDebye / A, RMSE_ALPHA_per_atom=    0.15, RMSE_ALPHA_DERIV=    9.53
2025-07-13 08:46:32.657 INFO: Epoch 1197: head: Default, loss=0.0028, RMSE_MU_per_atom=0.00 mDebye, RMSE_MU_DERIV=0.00 mDebye / A, RMSE_ALPHA_per_atom=    0.15, RMSE_ALPHA_DERIV=    9.53
2025-07-13 08:47:02.452 INFO: Epoch 1198: head: Default, loss=0.0028, RMSE_MU_per_atom=0.00 mDebye, RMSE_MU_DERIV=0.00 mDebye / A, RMSE_ALPHA_per_atom=    0.15, RMSE_ALPHA_DERIV=    9.53
2025-07-13 08:47:32.285 INFO: Epoch 1199: head: Default, loss=0.0029, RMSE_MU_per_atom=0.00 mDebye, RMSE_MU_DERIV=0.00 mDebye / A, RMSE_ALPHA_per_atom=    0.15, RMSE_ALPHA_DERIV=    9.53
2025-07-13 08:48:02.119 INFO: Epoch 1200: head: Default, loss=0.0029, RMSE_MU_per_atom=0.00 mDebye, RMSE_MU_DERIV=0.00 mDebye / A, RMSE_ALPHA_per_atom=    0.15, RMSE_ALPHA_DERIV=    9.53
2025-07-13 08:48:31.963 INFO: Epoch 1201: head: Default, loss=0.0028, RMSE_MU_per_atom=0.00 mDebye, RMSE_MU_DERIV=0.00 mDebye / A, RMSE_ALPHA_per_atom=    0.15, RMSE_ALPHA_DERIV=    9.53
2025-07-13 08:49:01.759 INFO: Epoch 1202: head: Default, loss=0.0029, RMSE_MU_per_atom=0.00 mDebye, RMSE_MU_DERIV=0.00 mDebye / A, RMSE_ALPHA_per_atom=    0.15, RMSE_ALPHA_DERIV=    9.53
2025-07-13 08:49:31.566 INFO: Epoch 1203: head: Default, loss=0.0028, RMSE_MU_per_atom=0.00 mDebye, RMSE_MU_DERIV=0.00 mDebye / A, RMSE_ALPHA_per_atom=    0.15, RMSE_ALPHA_DERIV=    9.53
2025-07-13 08:50:01.349 INFO: Epoch 1204: head: Default, loss=0.0029, RMSE_MU_per_atom=0.00 mDebye, RMSE_MU_DERIV=0.00 mDebye / A, RMSE_ALPHA_per_atom=    0.15, RMSE_ALPHA_DERIV=    9.53
2025-07-13 08:50:31.177 INFO: Epoch 1205: head: Default, loss=0.0029, RMSE_MU_per_atom=0.00 mDebye, RMSE_MU_DERIV=0.00 mDebye / A, RMSE_ALPHA_per_atom=    0.15, RMSE_ALPHA_DERIV=    9.53
2025-07-13 08:51:01.016 INFO: Epoch 1206: head: Default, loss=0.0028, RMSE_MU_per_atom=0.00 mDebye, RMSE_MU_DERIV=0.00 mDebye / A, RMSE_ALPHA_per_atom=    0.15, RMSE_ALPHA_DERIV=    9.53
2025-07-13 08:51:30.877 INFO: Epoch 1207: head: Default, loss=0.0029, RMSE_MU_per_atom=0.00 mDebye, RMSE_MU_DERIV=0.00 mDebye / A, RMSE_ALPHA_per_atom=    0.15, RMSE_ALPHA_DERIV=    9.53
2025-07-13 08:52:00.742 INFO: Epoch 1208: head: Default, loss=0.0028, RMSE_MU_per_atom=0.00 mDebye, RMSE_MU_DERIV=0.00 mDebye / A, RMSE_ALPHA_per_atom=    0.15, RMSE_ALPHA_DERIV=    9.53
2025-07-13 08:52:30.572 INFO: Epoch 1209: head: Default, loss=0.0028, RMSE_MU_per_atom=0.00 mDebye, RMSE_MU_DERIV=0.00 mDebye / A, RMSE_ALPHA_per_atom=    0.15, RMSE_ALPHA_DERIV=    9.53
2025-07-13 08:53:00.410 INFO: Epoch 1210: head: Default, loss=0.0029, RMSE_MU_per_atom=0.00 mDebye, RMSE_MU_DERIV=0.00 mDebye / A, RMSE_ALPHA_per_atom=    0.15, RMSE_ALPHA_DERIV=    9.54
2025-07-13 08:53:30.212 INFO: Epoch 1211: head: Default, loss=0.0028, RMSE_MU_per_atom=0.00 mDebye, RMSE_MU_DERIV=0.00 mDebye / A, RMSE_ALPHA_per_atom=    0.15, RMSE_ALPHA_DERIV=    9.53
2025-07-13 08:54:00.003 INFO: Epoch 1212: head: Default, loss=0.0028, RMSE_MU_per_atom=0.00 mDebye, RMSE_MU_DERIV=0.00 mDebye / A, RMSE_ALPHA_per_atom=    0.15, RMSE_ALPHA_DERIV=    9.53
2025-07-13 08:54:29.816 INFO: Epoch 1213: head: Default, loss=0.0029, RMSE_MU_per_atom=0.00 mDebye, RMSE_MU_DERIV=0.00 mDebye / A, RMSE_ALPHA_per_atom=    0.15, RMSE_ALPHA_DERIV=    9.54
2025-07-13 08:54:59.635 INFO: Epoch 1214: head: Default, loss=0.0028, RMSE_MU_per_atom=0.00 mDebye, RMSE_MU_DERIV=0.00 mDebye / A, RMSE_ALPHA_per_atom=    0.15, RMSE_ALPHA_DERIV=    9.53
2025-07-13 08:55:29.435 INFO: Epoch 1215: head: Default, loss=0.0029, RMSE_MU_per_atom=0.00 mDebye, RMSE_MU_DERIV=0.00 mDebye / A, RMSE_ALPHA_per_atom=    0.15, RMSE_ALPHA_DERIV=    9.54
2025-07-13 08:55:59.304 INFO: Epoch 1216: head: Default, loss=0.0028, RMSE_MU_per_atom=0.00 mDebye, RMSE_MU_DERIV=0.00 mDebye / A, RMSE_ALPHA_per_atom=    0.15, RMSE_ALPHA_DERIV=    9.53
2025-07-13 08:56:29.206 INFO: Epoch 1217: head: Default, loss=0.0028, RMSE_MU_per_atom=0.00 mDebye, RMSE_MU_DERIV=0.00 mDebye / A, RMSE_ALPHA_per_atom=    0.15, RMSE_ALPHA_DERIV=    9.53
2025-07-13 08:56:59.114 INFO: Epoch 1218: head: Default, loss=0.0028, RMSE_MU_per_atom=0.00 mDebye, RMSE_MU_DERIV=0.00 mDebye / A, RMSE_ALPHA_per_atom=    0.15, RMSE_ALPHA_DERIV=    9.53
2025-07-13 08:57:28.997 INFO: Epoch 1219: head: Default, loss=0.0029, RMSE_MU_per_atom=0.00 mDebye, RMSE_MU_DERIV=0.00 mDebye / A, RMSE_ALPHA_per_atom=    0.15, RMSE_ALPHA_DERIV=    9.54
2025-07-13 08:57:58.831 INFO: Epoch 1220: head: Default, loss=0.0028, RMSE_MU_per_atom=0.00 mDebye, RMSE_MU_DERIV=0.00 mDebye / A, RMSE_ALPHA_per_atom=    0.15, RMSE_ALPHA_DERIV=    9.53
2025-07-13 08:58:28.642 INFO: Epoch 1221: head: Default, loss=0.0029, RMSE_MU_per_atom=0.00 mDebye, RMSE_MU_DERIV=0.00 mDebye / A, RMSE_ALPHA_per_atom=    0.15, RMSE_ALPHA_DERIV=    9.53
2025-07-13 08:58:58.456 INFO: Epoch 1222: head: Default, loss=0.0029, RMSE_MU_per_atom=0.00 mDebye, RMSE_MU_DERIV=0.00 mDebye / A, RMSE_ALPHA_per_atom=    0.15, RMSE_ALPHA_DERIV=    9.53
2025-07-13 08:59:28.293 INFO: Epoch 1223: head: Default, loss=0.0029, RMSE_MU_per_atom=0.00 mDebye, RMSE_MU_DERIV=0.00 mDebye / A, RMSE_ALPHA_per_atom=    0.15, RMSE_ALPHA_DERIV=    9.53
2025-07-13 08:59:58.168 INFO: Epoch 1224: head: Default, loss=0.0029, RMSE_MU_per_atom=0.00 mDebye, RMSE_MU_DERIV=0.00 mDebye / A, RMSE_ALPHA_per_atom=    0.15, RMSE_ALPHA_DERIV=    9.53
2025-07-13 09:00:28.047 INFO: Epoch 1225: head: Default, loss=0.0029, RMSE_MU_per_atom=0.00 mDebye, RMSE_MU_DERIV=0.00 mDebye / A, RMSE_ALPHA_per_atom=    0.15, RMSE_ALPHA_DERIV=    9.54
2025-07-13 09:00:57.937 INFO: Epoch 1226: head: Default, loss=0.0028, RMSE_MU_per_atom=0.00 mDebye, RMSE_MU_DERIV=0.00 mDebye / A, RMSE_ALPHA_per_atom=    0.15, RMSE_ALPHA_DERIV=    9.53
2025-07-13 09:01:27.806 INFO: Epoch 1227: head: Default, loss=0.0029, RMSE_MU_per_atom=0.00 mDebye, RMSE_MU_DERIV=0.00 mDebye / A, RMSE_ALPHA_per_atom=    0.15, RMSE_ALPHA_DERIV=    9.53
2025-07-13 09:01:57.612 INFO: Epoch 1228: head: Default, loss=0.0028, RMSE_MU_per_atom=0.00 mDebye, RMSE_MU_DERIV=0.00 mDebye / A, RMSE_ALPHA_per_atom=    0.15, RMSE_ALPHA_DERIV=    9.53
2025-07-13 09:02:27.441 INFO: Epoch 1229: head: Default, loss=0.0029, RMSE_MU_per_atom=0.00 mDebye, RMSE_MU_DERIV=0.00 mDebye / A, RMSE_ALPHA_per_atom=    0.15, RMSE_ALPHA_DERIV=    9.53
2025-07-13 09:02:57.246 INFO: Epoch 1230: head: Default, loss=0.0028, RMSE_MU_per_atom=0.00 mDebye, RMSE_MU_DERIV=0.00 mDebye / A, RMSE_ALPHA_per_atom=    0.15, RMSE_ALPHA_DERIV=    9.53
2025-07-13 09:03:27.063 INFO: Epoch 1231: head: Default, loss=0.0029, RMSE_MU_per_atom=0.00 mDebye, RMSE_MU_DERIV=0.00 mDebye / A, RMSE_ALPHA_per_atom=    0.15, RMSE_ALPHA_DERIV=    9.53
2025-07-13 09:03:56.885 INFO: Epoch 1232: head: Default, loss=0.0029, RMSE_MU_per_atom=0.00 mDebye, RMSE_MU_DERIV=0.00 mDebye / A, RMSE_ALPHA_per_atom=    0.15, RMSE_ALPHA_DERIV=    9.53
2025-07-13 09:04:26.674 INFO: Epoch 1233: head: Default, loss=0.0028, RMSE_MU_per_atom=0.00 mDebye, RMSE_MU_DERIV=0.00 mDebye / A, RMSE_ALPHA_per_atom=    0.15, RMSE_ALPHA_DERIV=    9.53
2025-07-13 09:04:56.512 INFO: Epoch 1234: head: Default, loss=0.0029, RMSE_MU_per_atom=0.00 mDebye, RMSE_MU_DERIV=0.00 mDebye / A, RMSE_ALPHA_per_atom=    0.15, RMSE_ALPHA_DERIV=    9.54
2025-07-13 09:05:26.349 INFO: Epoch 1235: head: Default, loss=0.0028, RMSE_MU_per_atom=0.00 mDebye, RMSE_MU_DERIV=0.00 mDebye / A, RMSE_ALPHA_per_atom=    0.15, RMSE_ALPHA_DERIV=    9.53
2025-07-13 09:05:56.170 INFO: Epoch 1236: head: Default, loss=0.0029, RMSE_MU_per_atom=0.00 mDebye, RMSE_MU_DERIV=0.00 mDebye / A, RMSE_ALPHA_per_atom=    0.15, RMSE_ALPHA_DERIV=    9.53
2025-07-13 09:06:25.991 INFO: Epoch 1237: head: Default, loss=0.0028, RMSE_MU_per_atom=0.00 mDebye, RMSE_MU_DERIV=0.00 mDebye / A, RMSE_ALPHA_per_atom=    0.15, RMSE_ALPHA_DERIV=    9.53
2025-07-13 09:06:55.866 INFO: Epoch 1238: head: Default, loss=0.0029, RMSE_MU_per_atom=0.00 mDebye, RMSE_MU_DERIV=0.00 mDebye / A, RMSE_ALPHA_per_atom=    0.15, RMSE_ALPHA_DERIV=    9.54
2025-07-13 09:07:25.714 INFO: Epoch 1239: head: Default, loss=0.0029, RMSE_MU_per_atom=0.00 mDebye, RMSE_MU_DERIV=0.00 mDebye / A, RMSE_ALPHA_per_atom=    0.15, RMSE_ALPHA_DERIV=    9.53
2025-07-13 09:07:55.571 INFO: Epoch 1240: head: Default, loss=0.0029, RMSE_MU_per_atom=0.00 mDebye, RMSE_MU_DERIV=0.00 mDebye / A, RMSE_ALPHA_per_atom=    0.15, RMSE_ALPHA_DERIV=    9.53
2025-07-13 09:08:25.365 INFO: Epoch 1241: head: Default, loss=0.0029, RMSE_MU_per_atom=0.00 mDebye, RMSE_MU_DERIV=0.00 mDebye / A, RMSE_ALPHA_per_atom=    0.15, RMSE_ALPHA_DERIV=    9.53
2025-07-13 09:08:55.146 INFO: Epoch 1242: head: Default, loss=0.0029, RMSE_MU_per_atom=0.00 mDebye, RMSE_MU_DERIV=0.00 mDebye / A, RMSE_ALPHA_per_atom=    0.15, RMSE_ALPHA_DERIV=    9.54
2025-07-13 09:09:24.929 INFO: Epoch 1243: head: Default, loss=0.0028, RMSE_MU_per_atom=0.00 mDebye, RMSE_MU_DERIV=0.00 mDebye / A, RMSE_ALPHA_per_atom=    0.15, RMSE_ALPHA_DERIV=    9.53
2025-07-13 09:09:54.715 INFO: Epoch 1244: head: Default, loss=0.0029, RMSE_MU_per_atom=0.00 mDebye, RMSE_MU_DERIV=0.00 mDebye / A, RMSE_ALPHA_per_atom=    0.15, RMSE_ALPHA_DERIV=    9.53
2025-07-13 09:10:24.506 INFO: Epoch 1245: head: Default, loss=0.0029, RMSE_MU_per_atom=0.00 mDebye, RMSE_MU_DERIV=0.00 mDebye / A, RMSE_ALPHA_per_atom=    0.15, RMSE_ALPHA_DERIV=    9.53
2025-07-13 09:10:54.284 INFO: Epoch 1246: head: Default, loss=0.0029, RMSE_MU_per_atom=0.00 mDebye, RMSE_MU_DERIV=0.00 mDebye / A, RMSE_ALPHA_per_atom=    0.15, RMSE_ALPHA_DERIV=    9.54
2025-07-13 09:11:24.064 INFO: Epoch 1247: head: Default, loss=0.0028, RMSE_MU_per_atom=0.00 mDebye, RMSE_MU_DERIV=0.00 mDebye / A, RMSE_ALPHA_per_atom=    0.15, RMSE_ALPHA_DERIV=    9.53
2025-07-13 09:11:53.869 INFO: Epoch 1248: head: Default, loss=0.0029, RMSE_MU_per_atom=0.00 mDebye, RMSE_MU_DERIV=0.00 mDebye / A, RMSE_ALPHA_per_atom=    0.15, RMSE_ALPHA_DERIV=    9.54
2025-07-13 09:12:23.730 INFO: Epoch 1249: head: Default, loss=0.0029, RMSE_MU_per_atom=0.00 mDebye, RMSE_MU_DERIV=0.00 mDebye / A, RMSE_ALPHA_per_atom=    0.15, RMSE_ALPHA_DERIV=    9.54
2025-07-13 09:12:53.579 INFO: Epoch 1250: head: Default, loss=0.0028, RMSE_MU_per_atom=0.00 mDebye, RMSE_MU_DERIV=0.00 mDebye / A, RMSE_ALPHA_per_atom=    0.15, RMSE_ALPHA_DERIV=    9.53
2025-07-13 09:13:23.428 INFO: Epoch 1251: head: Default, loss=0.0029, RMSE_MU_per_atom=0.00 mDebye, RMSE_MU_DERIV=0.00 mDebye / A, RMSE_ALPHA_per_atom=    0.15, RMSE_ALPHA_DERIV=    9.54
2025-07-13 09:13:53.341 INFO: Epoch 1252: head: Default, loss=0.0029, RMSE_MU_per_atom=0.00 mDebye, RMSE_MU_DERIV=0.00 mDebye / A, RMSE_ALPHA_per_atom=    0.15, RMSE_ALPHA_DERIV=    9.53
2025-07-13 09:14:23.287 INFO: Epoch 1253: head: Default, loss=0.0028, RMSE_MU_per_atom=0.00 mDebye, RMSE_MU_DERIV=0.00 mDebye / A, RMSE_ALPHA_per_atom=    0.15, RMSE_ALPHA_DERIV=    9.53
2025-07-13 09:14:53.206 INFO: Epoch 1254: head: Default, loss=0.0029, RMSE_MU_per_atom=0.00 mDebye, RMSE_MU_DERIV=0.00 mDebye / A, RMSE_ALPHA_per_atom=    0.15, RMSE_ALPHA_DERIV=    9.54
2025-07-13 09:15:23.041 INFO: Epoch 1255: head: Default, loss=0.0029, RMSE_MU_per_atom=0.00 mDebye, RMSE_MU_DERIV=0.00 mDebye / A, RMSE_ALPHA_per_atom=    0.15, RMSE_ALPHA_DERIV=    9.54
2025-07-13 09:15:52.856 INFO: Epoch 1256: head: Default, loss=0.0028, RMSE_MU_per_atom=0.00 mDebye, RMSE_MU_DERIV=0.00 mDebye / A, RMSE_ALPHA_per_atom=    0.15, RMSE_ALPHA_DERIV=    9.53
2025-07-13 09:16:22.710 INFO: Epoch 1257: head: Default, loss=0.0028, RMSE_MU_per_atom=0.00 mDebye, RMSE_MU_DERIV=0.00 mDebye / A, RMSE_ALPHA_per_atom=    0.15, RMSE_ALPHA_DERIV=    9.53
2025-07-13 09:16:52.517 INFO: Epoch 1258: head: Default, loss=0.0028, RMSE_MU_per_atom=0.00 mDebye, RMSE_MU_DERIV=0.00 mDebye / A, RMSE_ALPHA_per_atom=    0.15, RMSE_ALPHA_DERIV=    9.53
2025-07-13 09:17:22.363 INFO: Epoch 1259: head: Default, loss=0.0029, RMSE_MU_per_atom=0.00 mDebye, RMSE_MU_DERIV=0.00 mDebye / A, RMSE_ALPHA_per_atom=    0.15, RMSE_ALPHA_DERIV=    9.53
2025-07-13 09:17:52.208 INFO: Epoch 1260: head: Default, loss=0.0029, RMSE_MU_per_atom=0.00 mDebye, RMSE_MU_DERIV=0.00 mDebye / A, RMSE_ALPHA_per_atom=    0.15, RMSE_ALPHA_DERIV=    9.53
2025-07-13 09:18:22.028 INFO: Epoch 1261: head: Default, loss=0.0029, RMSE_MU_per_atom=0.00 mDebye, RMSE_MU_DERIV=0.00 mDebye / A, RMSE_ALPHA_per_atom=    0.15, RMSE_ALPHA_DERIV=    9.53
2025-07-13 09:18:51.881 INFO: Epoch 1262: head: Default, loss=0.0029, RMSE_MU_per_atom=0.00 mDebye, RMSE_MU_DERIV=0.00 mDebye / A, RMSE_ALPHA_per_atom=    0.15, RMSE_ALPHA_DERIV=    9.53
2025-07-13 09:19:21.739 INFO: Epoch 1263: head: Default, loss=0.0029, RMSE_MU_per_atom=0.00 mDebye, RMSE_MU_DERIV=0.00 mDebye / A, RMSE_ALPHA_per_atom=    0.15, RMSE_ALPHA_DERIV=    9.53
2025-07-13 09:19:51.571 INFO: Epoch 1264: head: Default, loss=0.0029, RMSE_MU_per_atom=0.00 mDebye, RMSE_MU_DERIV=0.00 mDebye / A, RMSE_ALPHA_per_atom=    0.15, RMSE_ALPHA_DERIV=    9.53
2025-07-13 09:20:21.374 INFO: Epoch 1265: head: Default, loss=0.0029, RMSE_MU_per_atom=0.00 mDebye, RMSE_MU_DERIV=0.00 mDebye / A, RMSE_ALPHA_per_atom=    0.15, RMSE_ALPHA_DERIV=    9.53
2025-07-13 09:20:51.169 INFO: Epoch 1266: head: Default, loss=0.0029, RMSE_MU_per_atom=0.00 mDebye, RMSE_MU_DERIV=0.00 mDebye / A, RMSE_ALPHA_per_atom=    0.15, RMSE_ALPHA_DERIV=    9.53
2025-07-13 09:21:20.956 INFO: Epoch 1267: head: Default, loss=0.0029, RMSE_MU_per_atom=0.00 mDebye, RMSE_MU_DERIV=0.00 mDebye / A, RMSE_ALPHA_per_atom=    0.15, RMSE_ALPHA_DERIV=    9.53
2025-07-13 09:21:50.737 INFO: Epoch 1268: head: Default, loss=0.0029, RMSE_MU_per_atom=0.00 mDebye, RMSE_MU_DERIV=0.00 mDebye / A, RMSE_ALPHA_per_atom=    0.15, RMSE_ALPHA_DERIV=    9.54
2025-07-13 09:22:20.514 INFO: Epoch 1269: head: Default, loss=0.0029, RMSE_MU_per_atom=0.00 mDebye, RMSE_MU_DERIV=0.00 mDebye / A, RMSE_ALPHA_per_atom=    0.15, RMSE_ALPHA_DERIV=    9.53
2025-07-13 09:22:50.321 INFO: Epoch 1270: head: Default, loss=0.0029, RMSE_MU_per_atom=0.00 mDebye, RMSE_MU_DERIV=0.00 mDebye / A, RMSE_ALPHA_per_atom=    0.15, RMSE_ALPHA_DERIV=    9.54
2025-07-13 09:23:20.136 INFO: Epoch 1271: head: Default, loss=0.0029, RMSE_MU_per_atom=0.00 mDebye, RMSE_MU_DERIV=0.00 mDebye / A, RMSE_ALPHA_per_atom=    0.15, RMSE_ALPHA_DERIV=    9.54
2025-07-13 09:23:49.990 INFO: Epoch 1272: head: Default, loss=0.0028, RMSE_MU_per_atom=0.00 mDebye, RMSE_MU_DERIV=0.00 mDebye / A, RMSE_ALPHA_per_atom=    0.15, RMSE_ALPHA_DERIV=    9.53
2025-07-13 09:24:19.790 INFO: Epoch 1273: head: Default, loss=0.0029, RMSE_MU_per_atom=0.00 mDebye, RMSE_MU_DERIV=0.00 mDebye / A, RMSE_ALPHA_per_atom=    0.15, RMSE_ALPHA_DERIV=    9.53
2025-07-13 09:24:49.582 INFO: Epoch 1274: head: Default, loss=0.0029, RMSE_MU_per_atom=0.00 mDebye, RMSE_MU_DERIV=0.00 mDebye / A, RMSE_ALPHA_per_atom=    0.15, RMSE_ALPHA_DERIV=    9.54
2025-07-13 09:25:19.399 INFO: Epoch 1275: head: Default, loss=0.0029, RMSE_MU_per_atom=0.00 mDebye, RMSE_MU_DERIV=0.00 mDebye / A, RMSE_ALPHA_per_atom=    0.15, RMSE_ALPHA_DERIV=    9.53
2025-07-13 09:25:49.199 INFO: Epoch 1276: head: Default, loss=0.0028, RMSE_MU_per_atom=0.00 mDebye, RMSE_MU_DERIV=0.00 mDebye / A, RMSE_ALPHA_per_atom=    0.15, RMSE_ALPHA_DERIV=    9.53
2025-07-13 09:26:18.984 INFO: Epoch 1277: head: Default, loss=0.0029, RMSE_MU_per_atom=0.00 mDebye, RMSE_MU_DERIV=0.00 mDebye / A, RMSE_ALPHA_per_atom=    0.15, RMSE_ALPHA_DERIV=    9.53
2025-07-13 09:26:48.788 INFO: Epoch 1278: head: Default, loss=0.0029, RMSE_MU_per_atom=0.00 mDebye, RMSE_MU_DERIV=0.00 mDebye / A, RMSE_ALPHA_per_atom=    0.15, RMSE_ALPHA_DERIV=    9.53
2025-07-13 09:27:18.569 INFO: Epoch 1279: head: Default, loss=0.0029, RMSE_MU_per_atom=0.00 mDebye, RMSE_MU_DERIV=0.00 mDebye / A, RMSE_ALPHA_per_atom=    0.15, RMSE_ALPHA_DERIV=    9.53
2025-07-13 09:27:48.368 INFO: Epoch 1280: head: Default, loss=0.0028, RMSE_MU_per_atom=0.00 mDebye, RMSE_MU_DERIV=0.00 mDebye / A, RMSE_ALPHA_per_atom=    0.15, RMSE_ALPHA_DERIV=    9.53
2025-07-13 09:28:18.212 INFO: Epoch 1281: head: Default, loss=0.0029, RMSE_MU_per_atom=0.00 mDebye, RMSE_MU_DERIV=0.00 mDebye / A, RMSE_ALPHA_per_atom=    0.15, RMSE_ALPHA_DERIV=    9.54
2025-07-13 09:28:48.026 INFO: Epoch 1282: head: Default, loss=0.0029, RMSE_MU_per_atom=0.00 mDebye, RMSE_MU_DERIV=0.00 mDebye / A, RMSE_ALPHA_per_atom=    0.15, RMSE_ALPHA_DERIV=    9.53
2025-07-13 09:29:17.848 INFO: Epoch 1283: head: Default, loss=0.0029, RMSE_MU_per_atom=0.00 mDebye, RMSE_MU_DERIV=0.00 mDebye / A, RMSE_ALPHA_per_atom=    0.15, RMSE_ALPHA_DERIV=    9.53
2025-07-13 09:29:47.668 INFO: Epoch 1284: head: Default, loss=0.0028, RMSE_MU_per_atom=0.00 mDebye, RMSE_MU_DERIV=0.00 mDebye / A, RMSE_ALPHA_per_atom=    0.15, RMSE_ALPHA_DERIV=    9.53
2025-07-13 09:30:17.487 INFO: Epoch 1285: head: Default, loss=0.0029, RMSE_MU_per_atom=0.00 mDebye, RMSE_MU_DERIV=0.00 mDebye / A, RMSE_ALPHA_per_atom=    0.15, RMSE_ALPHA_DERIV=    9.53
2025-07-13 09:30:47.284 INFO: Epoch 1286: head: Default, loss=0.0029, RMSE_MU_per_atom=0.00 mDebye, RMSE_MU_DERIV=0.00 mDebye / A, RMSE_ALPHA_per_atom=    0.15, RMSE_ALPHA_DERIV=    9.53
2025-07-13 09:31:17.056 INFO: Epoch 1287: head: Default, loss=0.0029, RMSE_MU_per_atom=0.00 mDebye, RMSE_MU_DERIV=0.00 mDebye / A, RMSE_ALPHA_per_atom=    0.15, RMSE_ALPHA_DERIV=    9.53
2025-07-13 09:31:46.838 INFO: Epoch 1288: head: Default, loss=0.0029, RMSE_MU_per_atom=0.00 mDebye, RMSE_MU_DERIV=0.00 mDebye / A, RMSE_ALPHA_per_atom=    0.15, RMSE_ALPHA_DERIV=    9.53
2025-07-13 09:32:16.615 INFO: Epoch 1289: head: Default, loss=0.0028, RMSE_MU_per_atom=0.00 mDebye, RMSE_MU_DERIV=0.00 mDebye / A, RMSE_ALPHA_per_atom=    0.15, RMSE_ALPHA_DERIV=    9.53
2025-07-13 09:32:46.399 INFO: Epoch 1290: head: Default, loss=0.0029, RMSE_MU_per_atom=0.00 mDebye, RMSE_MU_DERIV=0.00 mDebye / A, RMSE_ALPHA_per_atom=    0.15, RMSE_ALPHA_DERIV=    9.54
2025-07-13 09:33:16.189 INFO: Epoch 1291: head: Default, loss=0.0029, RMSE_MU_per_atom=0.00 mDebye, RMSE_MU_DERIV=0.00 mDebye / A, RMSE_ALPHA_per_atom=    0.15, RMSE_ALPHA_DERIV=    9.53
2025-07-13 09:33:45.965 INFO: Epoch 1292: head: Default, loss=0.0029, RMSE_MU_per_atom=0.00 mDebye, RMSE_MU_DERIV=0.00 mDebye / A, RMSE_ALPHA_per_atom=    0.15, RMSE_ALPHA_DERIV=    9.53
2025-07-13 09:34:15.761 INFO: Epoch 1293: head: Default, loss=0.0029, RMSE_MU_per_atom=0.00 mDebye, RMSE_MU_DERIV=0.00 mDebye / A, RMSE_ALPHA_per_atom=    0.15, RMSE_ALPHA_DERIV=    9.53
2025-07-13 09:34:45.552 INFO: Epoch 1294: head: Default, loss=0.0029, RMSE_MU_per_atom=0.00 mDebye, RMSE_MU_DERIV=0.00 mDebye / A, RMSE_ALPHA_per_atom=    0.15, RMSE_ALPHA_DERIV=    9.54
2025-07-13 09:35:15.330 INFO: Epoch 1295: head: Default, loss=0.0028, RMSE_MU_per_atom=0.00 mDebye, RMSE_MU_DERIV=0.00 mDebye / A, RMSE_ALPHA_per_atom=    0.15, RMSE_ALPHA_DERIV=    9.53
2025-07-13 09:35:45.150 INFO: Epoch 1296: head: Default, loss=0.0029, RMSE_MU_per_atom=0.00 mDebye, RMSE_MU_DERIV=0.00 mDebye / A, RMSE_ALPHA_per_atom=    0.15, RMSE_ALPHA_DERIV=    9.54
2025-07-13 09:36:14.955 INFO: Epoch 1297: head: Default, loss=0.0029, RMSE_MU_per_atom=0.00 mDebye, RMSE_MU_DERIV=0.00 mDebye / A, RMSE_ALPHA_per_atom=    0.15, RMSE_ALPHA_DERIV=    9.54
2025-07-13 09:36:44.751 INFO: Epoch 1298: head: Default, loss=0.0028, RMSE_MU_per_atom=0.00 mDebye, RMSE_MU_DERIV=0.00 mDebye / A, RMSE_ALPHA_per_atom=    0.15, RMSE_ALPHA_DERIV=    9.53
2025-07-13 09:37:14.541 INFO: Epoch 1299: head: Default, loss=0.0029, RMSE_MU_per_atom=0.00 mDebye, RMSE_MU_DERIV=0.00 mDebye / A, RMSE_ALPHA_per_atom=    0.15, RMSE_ALPHA_DERIV=    9.54
2025-07-13 09:37:44.312 INFO: Epoch 1300: head: Default, loss=0.0029, RMSE_MU_per_atom=0.00 mDebye, RMSE_MU_DERIV=0.00 mDebye / A, RMSE_ALPHA_per_atom=    0.15, RMSE_ALPHA_DERIV=    9.54
2025-07-13 09:38:14.085 INFO: Epoch 1301: head: Default, loss=0.0028, RMSE_MU_per_atom=0.00 mDebye, RMSE_MU_DERIV=0.00 mDebye / A, RMSE_ALPHA_per_atom=    0.15, RMSE_ALPHA_DERIV=    9.53
2025-07-13 09:38:43.872 INFO: Epoch 1302: head: Default, loss=0.0029, RMSE_MU_per_atom=0.00 mDebye, RMSE_MU_DERIV=0.00 mDebye / A, RMSE_ALPHA_per_atom=    0.15, RMSE_ALPHA_DERIV=    9.54
2025-07-13 09:39:13.666 INFO: Epoch 1303: head: Default, loss=0.0029, RMSE_MU_per_atom=0.00 mDebye, RMSE_MU_DERIV=0.00 mDebye / A, RMSE_ALPHA_per_atom=    0.15, RMSE_ALPHA_DERIV=    9.54
2025-07-13 09:39:43.467 INFO: Epoch 1304: head: Default, loss=0.0028, RMSE_MU_per_atom=0.00 mDebye, RMSE_MU_DERIV=0.00 mDebye / A, RMSE_ALPHA_per_atom=    0.15, RMSE_ALPHA_DERIV=    9.53
2025-07-13 09:40:13.262 INFO: Epoch 1305: head: Default, loss=0.0029, RMSE_MU_per_atom=0.00 mDebye, RMSE_MU_DERIV=0.00 mDebye / A, RMSE_ALPHA_per_atom=    0.15, RMSE_ALPHA_DERIV=    9.54
2025-07-13 09:40:43.048 INFO: Epoch 1306: head: Default, loss=0.0029, RMSE_MU_per_atom=0.00 mDebye, RMSE_MU_DERIV=0.00 mDebye / A, RMSE_ALPHA_per_atom=    0.15, RMSE_ALPHA_DERIV=    9.53
2025-07-13 09:41:12.832 INFO: Epoch 1307: head: Default, loss=0.0029, RMSE_MU_per_atom=0.00 mDebye, RMSE_MU_DERIV=0.00 mDebye / A, RMSE_ALPHA_per_atom=    0.15, RMSE_ALPHA_DERIV=    9.53
2025-07-13 09:41:42.609 INFO: Epoch 1308: head: Default, loss=0.0028, RMSE_MU_per_atom=0.00 mDebye, RMSE_MU_DERIV=0.00 mDebye / A, RMSE_ALPHA_per_atom=    0.15, RMSE_ALPHA_DERIV=    9.53
2025-07-13 09:42:12.385 INFO: Epoch 1309: head: Default, loss=0.0029, RMSE_MU_per_atom=0.00 mDebye, RMSE_MU_DERIV=0.00 mDebye / A, RMSE_ALPHA_per_atom=    0.15, RMSE_ALPHA_DERIV=    9.53
2025-07-13 09:42:42.149 INFO: Epoch 1310: head: Default, loss=0.0029, RMSE_MU_per_atom=0.00 mDebye, RMSE_MU_DERIV=0.00 mDebye / A, RMSE_ALPHA_per_atom=    0.15, RMSE_ALPHA_DERIV=    9.53
2025-07-13 09:43:11.938 INFO: Epoch 1311: head: Default, loss=0.0029, RMSE_MU_per_atom=0.00 mDebye, RMSE_MU_DERIV=0.00 mDebye / A, RMSE_ALPHA_per_atom=    0.15, RMSE_ALPHA_DERIV=    9.54
2025-07-13 09:43:41.726 INFO: Epoch 1312: head: Default, loss=0.0029, RMSE_MU_per_atom=0.00 mDebye, RMSE_MU_DERIV=0.00 mDebye / A, RMSE_ALPHA_per_atom=    0.15, RMSE_ALPHA_DERIV=    9.54
2025-07-13 09:44:11.548 INFO: Epoch 1313: head: Default, loss=0.0028, RMSE_MU_per_atom=0.00 mDebye, RMSE_MU_DERIV=0.00 mDebye / A, RMSE_ALPHA_per_atom=    0.15, RMSE_ALPHA_DERIV=    9.53
2025-07-13 09:44:41.365 INFO: Epoch 1314: head: Default, loss=0.0029, RMSE_MU_per_atom=0.00 mDebye, RMSE_MU_DERIV=0.00 mDebye / A, RMSE_ALPHA_per_atom=    0.15, RMSE_ALPHA_DERIV=    9.54
2025-07-13 09:45:11.247 INFO: Epoch 1315: head: Default, loss=0.0028, RMSE_MU_per_atom=0.00 mDebye, RMSE_MU_DERIV=0.00 mDebye / A, RMSE_ALPHA_per_atom=    0.15, RMSE_ALPHA_DERIV=    9.53
2025-07-13 09:45:41.082 INFO: Epoch 1316: head: Default, loss=0.0029, RMSE_MU_per_atom=0.00 mDebye, RMSE_MU_DERIV=0.00 mDebye / A, RMSE_ALPHA_per_atom=    0.15, RMSE_ALPHA_DERIV=    9.54
2025-07-13 09:46:10.884 INFO: Epoch 1317: head: Default, loss=0.0029, RMSE_MU_per_atom=0.00 mDebye, RMSE_MU_DERIV=0.00 mDebye / A, RMSE_ALPHA_per_atom=    0.15, RMSE_ALPHA_DERIV=    9.54
2025-07-13 09:46:40.696 INFO: Epoch 1318: head: Default, loss=0.0029, RMSE_MU_per_atom=0.00 mDebye, RMSE_MU_DERIV=0.00 mDebye / A, RMSE_ALPHA_per_atom=    0.15, RMSE_ALPHA_DERIV=    9.53
2025-07-13 09:47:10.498 INFO: Epoch 1319: head: Default, loss=0.0029, RMSE_MU_per_atom=0.00 mDebye, RMSE_MU_DERIV=0.00 mDebye / A, RMSE_ALPHA_per_atom=    0.15, RMSE_ALPHA_DERIV=    9.53
2025-07-13 09:47:40.358 INFO: Epoch 1320: head: Default, loss=0.0029, RMSE_MU_per_atom=0.00 mDebye, RMSE_MU_DERIV=0.00 mDebye / A, RMSE_ALPHA_per_atom=    0.15, RMSE_ALPHA_DERIV=    9.54
2025-07-13 09:48:10.165 INFO: Epoch 1321: head: Default, loss=0.0029, RMSE_MU_per_atom=0.00 mDebye, RMSE_MU_DERIV=0.00 mDebye / A, RMSE_ALPHA_per_atom=    0.15, RMSE_ALPHA_DERIV=    9.53
2025-07-13 09:48:39.973 INFO: Epoch 1322: head: Default, loss=0.0029, RMSE_MU_per_atom=0.00 mDebye, RMSE_MU_DERIV=0.00 mDebye / A, RMSE_ALPHA_per_atom=    0.15, RMSE_ALPHA_DERIV=    9.54
2025-07-13 09:49:09.796 INFO: Epoch 1323: head: Default, loss=0.0028, RMSE_MU_per_atom=0.00 mDebye, RMSE_MU_DERIV=0.00 mDebye / A, RMSE_ALPHA_per_atom=    0.15, RMSE_ALPHA_DERIV=    9.53
2025-07-13 09:49:39.588 INFO: Epoch 1324: head: Default, loss=0.0029, RMSE_MU_per_atom=0.00 mDebye, RMSE_MU_DERIV=0.00 mDebye / A, RMSE_ALPHA_per_atom=    0.15, RMSE_ALPHA_DERIV=    9.54
2025-07-13 09:50:09.363 INFO: Epoch 1325: head: Default, loss=0.0029, RMSE_MU_per_atom=0.00 mDebye, RMSE_MU_DERIV=0.00 mDebye / A, RMSE_ALPHA_per_atom=    0.15, RMSE_ALPHA_DERIV=    9.54
2025-07-13 09:50:39.140 INFO: Epoch 1326: head: Default, loss=0.0029, RMSE_MU_per_atom=0.00 mDebye, RMSE_MU_DERIV=0.00 mDebye / A, RMSE_ALPHA_per_atom=    0.15, RMSE_ALPHA_DERIV=    9.53
2025-07-13 09:51:08.928 INFO: Epoch 1327: head: Default, loss=0.0029, RMSE_MU_per_atom=0.00 mDebye, RMSE_MU_DERIV=0.00 mDebye / A, RMSE_ALPHA_per_atom=    0.15, RMSE_ALPHA_DERIV=    9.54
2025-07-13 09:51:38.700 INFO: Epoch 1328: head: Default, loss=0.0029, RMSE_MU_per_atom=0.00 mDebye, RMSE_MU_DERIV=0.00 mDebye / A, RMSE_ALPHA_per_atom=    0.15, RMSE_ALPHA_DERIV=    9.54
2025-07-13 09:52:08.473 INFO: Epoch 1329: head: Default, loss=0.0029, RMSE_MU_per_atom=0.00 mDebye, RMSE_MU_DERIV=0.00 mDebye / A, RMSE_ALPHA_per_atom=    0.15, RMSE_ALPHA_DERIV=    9.54
2025-07-13 09:52:38.248 INFO: Epoch 1330: head: Default, loss=0.0029, RMSE_MU_per_atom=0.00 mDebye, RMSE_MU_DERIV=0.00 mDebye / A, RMSE_ALPHA_per_atom=    0.15, RMSE_ALPHA_DERIV=    9.54
2025-07-13 09:53:08.046 INFO: Epoch 1331: head: Default, loss=0.0029, RMSE_MU_per_atom=0.00 mDebye, RMSE_MU_DERIV=0.00 mDebye / A, RMSE_ALPHA_per_atom=    0.15, RMSE_ALPHA_DERIV=    9.54
2025-07-13 09:53:37.843 INFO: Epoch 1332: head: Default, loss=0.0029, RMSE_MU_per_atom=0.00 mDebye, RMSE_MU_DERIV=0.00 mDebye / A, RMSE_ALPHA_per_atom=    0.15, RMSE_ALPHA_DERIV=    9.53
2025-07-13 09:54:07.633 INFO: Epoch 1333: head: Default, loss=0.0029, RMSE_MU_per_atom=0.00 mDebye, RMSE_MU_DERIV=0.00 mDebye / A, RMSE_ALPHA_per_atom=    0.15, RMSE_ALPHA_DERIV=    9.54
2025-07-13 09:54:37.431 INFO: Epoch 1334: head: Default, loss=0.0029, RMSE_MU_per_atom=0.00 mDebye, RMSE_MU_DERIV=0.00 mDebye / A, RMSE_ALPHA_per_atom=    0.15, RMSE_ALPHA_DERIV=    9.54
2025-07-13 09:55:07.221 INFO: Epoch 1335: head: Default, loss=0.0029, RMSE_MU_per_atom=0.00 mDebye, RMSE_MU_DERIV=0.00 mDebye / A, RMSE_ALPHA_per_atom=    0.15, RMSE_ALPHA_DERIV=    9.54
2025-07-13 09:55:37.024 INFO: Epoch 1336: head: Default, loss=0.0029, RMSE_MU_per_atom=0.00 mDebye, RMSE_MU_DERIV=0.00 mDebye / A, RMSE_ALPHA_per_atom=    0.15, RMSE_ALPHA_DERIV=    9.54
2025-07-13 09:56:06.828 INFO: Epoch 1337: head: Default, loss=0.0029, RMSE_MU_per_atom=0.00 mDebye, RMSE_MU_DERIV=0.00 mDebye / A, RMSE_ALPHA_per_atom=    0.15, RMSE_ALPHA_DERIV=    9.54
2025-07-13 09:56:36.611 INFO: Epoch 1338: head: Default, loss=0.0029, RMSE_MU_per_atom=0.00 mDebye, RMSE_MU_DERIV=0.00 mDebye / A, RMSE_ALPHA_per_atom=    0.15, RMSE_ALPHA_DERIV=    9.54
2025-07-13 09:57:06.395 INFO: Epoch 1339: head: Default, loss=0.0029, RMSE_MU_per_atom=0.00 mDebye, RMSE_MU_DERIV=0.00 mDebye / A, RMSE_ALPHA_per_atom=    0.15, RMSE_ALPHA_DERIV=    9.54
2025-07-13 09:57:36.170 INFO: Epoch 1340: head: Default, loss=0.0029, RMSE_MU_per_atom=0.00 mDebye, RMSE_MU_DERIV=0.00 mDebye / A, RMSE_ALPHA_per_atom=    0.15, RMSE_ALPHA_DERIV=    9.53
2025-07-13 09:58:05.950 INFO: Epoch 1341: head: Default, loss=0.0029, RMSE_MU_per_atom=0.00 mDebye, RMSE_MU_DERIV=0.00 mDebye / A, RMSE_ALPHA_per_atom=    0.15, RMSE_ALPHA_DERIV=    9.54
2025-07-13 09:58:35.728 INFO: Epoch 1342: head: Default, loss=0.0029, RMSE_MU_per_atom=0.00 mDebye, RMSE_MU_DERIV=0.00 mDebye / A, RMSE_ALPHA_per_atom=    0.15, RMSE_ALPHA_DERIV=    9.54
2025-07-13 09:59:05.499 INFO: Epoch 1343: head: Default, loss=0.0029, RMSE_MU_per_atom=0.00 mDebye, RMSE_MU_DERIV=0.00 mDebye / A, RMSE_ALPHA_per_atom=    0.15, RMSE_ALPHA_DERIV=    9.54
2025-07-13 09:59:35.279 INFO: Epoch 1344: head: Default, loss=0.0029, RMSE_MU_per_atom=0.00 mDebye, RMSE_MU_DERIV=0.00 mDebye / A, RMSE_ALPHA_per_atom=    0.15, RMSE_ALPHA_DERIV=    9.54
2025-07-13 10:00:05.049 INFO: Epoch 1345: head: Default, loss=0.0028, RMSE_MU_per_atom=0.00 mDebye, RMSE_MU_DERIV=0.00 mDebye / A, RMSE_ALPHA_per_atom=    0.15, RMSE_ALPHA_DERIV=    9.53
2025-07-13 10:00:34.822 INFO: Epoch 1346: head: Default, loss=0.0029, RMSE_MU_per_atom=0.00 mDebye, RMSE_MU_DERIV=0.00 mDebye / A, RMSE_ALPHA_per_atom=    0.15, RMSE_ALPHA_DERIV=    9.54
2025-07-13 10:01:04.610 INFO: Epoch 1347: head: Default, loss=0.0029, RMSE_MU_per_atom=0.00 mDebye, RMSE_MU_DERIV=0.00 mDebye / A, RMSE_ALPHA_per_atom=    0.15, RMSE_ALPHA_DERIV=    9.54
2025-07-13 10:01:34.370 INFO: Epoch 1348: head: Default, loss=0.0029, RMSE_MU_per_atom=0.00 mDebye, RMSE_MU_DERIV=0.00 mDebye / A, RMSE_ALPHA_per_atom=    0.15, RMSE_ALPHA_DERIV=    9.54
2025-07-13 10:02:04.153 INFO: Epoch 1349: head: Default, loss=0.0029, RMSE_MU_per_atom=0.00 mDebye, RMSE_MU_DERIV=0.00 mDebye / A, RMSE_ALPHA_per_atom=    0.15, RMSE_ALPHA_DERIV=    9.54
2025-07-13 10:02:33.915 INFO: Epoch 1350: head: Default, loss=0.0029, RMSE_MU_per_atom=0.00 mDebye, RMSE_MU_DERIV=0.00 mDebye / A, RMSE_ALPHA_per_atom=    0.15, RMSE_ALPHA_DERIV=    9.54
2025-07-13 10:03:03.688 INFO: Epoch 1351: head: Default, loss=0.0029, RMSE_MU_per_atom=0.00 mDebye, RMSE_MU_DERIV=0.00 mDebye / A, RMSE_ALPHA_per_atom=    0.15, RMSE_ALPHA_DERIV=    9.54
2025-07-13 10:03:33.463 INFO: Epoch 1352: head: Default, loss=0.0028, RMSE_MU_per_atom=0.00 mDebye, RMSE_MU_DERIV=0.00 mDebye / A, RMSE_ALPHA_per_atom=    0.15, RMSE_ALPHA_DERIV=    9.54
2025-07-13 10:04:03.236 INFO: Epoch 1353: head: Default, loss=0.0029, RMSE_MU_per_atom=0.00 mDebye, RMSE_MU_DERIV=0.00 mDebye / A, RMSE_ALPHA_per_atom=    0.15, RMSE_ALPHA_DERIV=    9.54
2025-07-13 10:04:33.008 INFO: Epoch 1354: head: Default, loss=0.0029, RMSE_MU_per_atom=0.00 mDebye, RMSE_MU_DERIV=0.00 mDebye / A, RMSE_ALPHA_per_atom=    0.15, RMSE_ALPHA_DERIV=    9.54
2025-07-13 10:05:02.791 INFO: Epoch 1355: head: Default, loss=0.0029, RMSE_MU_per_atom=0.00 mDebye, RMSE_MU_DERIV=0.00 mDebye / A, RMSE_ALPHA_per_atom=    0.15, RMSE_ALPHA_DERIV=    9.54
2025-07-13 10:05:32.569 INFO: Epoch 1356: head: Default, loss=0.0029, RMSE_MU_per_atom=0.00 mDebye, RMSE_MU_DERIV=0.00 mDebye / A, RMSE_ALPHA_per_atom=    0.15, RMSE_ALPHA_DERIV=    9.54
2025-07-13 10:06:02.343 INFO: Epoch 1357: head: Default, loss=0.0029, RMSE_MU_per_atom=0.00 mDebye, RMSE_MU_DERIV=0.00 mDebye / A, RMSE_ALPHA_per_atom=    0.15, RMSE_ALPHA_DERIV=    9.54
2025-07-13 10:06:32.111 INFO: Epoch 1358: head: Default, loss=0.0029, RMSE_MU_per_atom=0.00 mDebye, RMSE_MU_DERIV=0.00 mDebye / A, RMSE_ALPHA_per_atom=    0.15, RMSE_ALPHA_DERIV=    9.54
2025-07-13 10:07:01.876 INFO: Epoch 1359: head: Default, loss=0.0029, RMSE_MU_per_atom=0.00 mDebye, RMSE_MU_DERIV=0.00 mDebye / A, RMSE_ALPHA_per_atom=    0.15, RMSE_ALPHA_DERIV=    9.54
2025-07-13 10:07:31.648 INFO: Epoch 1360: head: Default, loss=0.0029, RMSE_MU_per_atom=0.00 mDebye, RMSE_MU_DERIV=0.00 mDebye / A, RMSE_ALPHA_per_atom=    0.15, RMSE_ALPHA_DERIV=    9.54
2025-07-13 10:08:01.402 INFO: Epoch 1361: head: Default, loss=0.0028, RMSE_MU_per_atom=0.00 mDebye, RMSE_MU_DERIV=0.00 mDebye / A, RMSE_ALPHA_per_atom=    0.15, RMSE_ALPHA_DERIV=    9.54
2025-07-13 10:08:31.176 INFO: Epoch 1362: head: Default, loss=0.0029, RMSE_MU_per_atom=0.00 mDebye, RMSE_MU_DERIV=0.00 mDebye / A, RMSE_ALPHA_per_atom=    0.15, RMSE_ALPHA_DERIV=    9.54
2025-07-13 10:09:00.947 INFO: Epoch 1363: head: Default, loss=0.0029, RMSE_MU_per_atom=0.00 mDebye, RMSE_MU_DERIV=0.00 mDebye / A, RMSE_ALPHA_per_atom=    0.15, RMSE_ALPHA_DERIV=    9.54
2025-07-13 10:09:30.717 INFO: Epoch 1364: head: Default, loss=0.0029, RMSE_MU_per_atom=0.00 mDebye, RMSE_MU_DERIV=0.00 mDebye / A, RMSE_ALPHA_per_atom=    0.15, RMSE_ALPHA_DERIV=    9.54
2025-07-13 10:10:00.498 INFO: Epoch 1365: head: Default, loss=0.0029, RMSE_MU_per_atom=0.00 mDebye, RMSE_MU_DERIV=0.00 mDebye / A, RMSE_ALPHA_per_atom=    0.15, RMSE_ALPHA_DERIV=    9.54
2025-07-13 10:10:30.285 INFO: Epoch 1366: head: Default, loss=0.0029, RMSE_MU_per_atom=0.00 mDebye, RMSE_MU_DERIV=0.00 mDebye / A, RMSE_ALPHA_per_atom=    0.15, RMSE_ALPHA_DERIV=    9.54
2025-07-13 10:11:00.072 INFO: Epoch 1367: head: Default, loss=0.0029, RMSE_MU_per_atom=0.00 mDebye, RMSE_MU_DERIV=0.00 mDebye / A, RMSE_ALPHA_per_atom=    0.15, RMSE_ALPHA_DERIV=    9.54
2025-07-13 10:11:29.867 INFO: Epoch 1368: head: Default, loss=0.0029, RMSE_MU_per_atom=0.00 mDebye, RMSE_MU_DERIV=0.00 mDebye / A, RMSE_ALPHA_per_atom=    0.15, RMSE_ALPHA_DERIV=    9.54
2025-07-13 10:11:59.645 INFO: Epoch 1369: head: Default, loss=0.0029, RMSE_MU_per_atom=0.00 mDebye, RMSE_MU_DERIV=0.00 mDebye / A, RMSE_ALPHA_per_atom=    0.15, RMSE_ALPHA_DERIV=    9.54
2025-07-13 10:12:29.422 INFO: Epoch 1370: head: Default, loss=0.0029, RMSE_MU_per_atom=0.00 mDebye, RMSE_MU_DERIV=0.00 mDebye / A, RMSE_ALPHA_per_atom=    0.15, RMSE_ALPHA_DERIV=    9.54
2025-07-13 10:12:59.198 INFO: Epoch 1371: head: Default, loss=0.0029, RMSE_MU_per_atom=0.00 mDebye, RMSE_MU_DERIV=0.00 mDebye / A, RMSE_ALPHA_per_atom=    0.15, RMSE_ALPHA_DERIV=    9.54
2025-07-13 10:13:28.976 INFO: Epoch 1372: head: Default, loss=0.0029, RMSE_MU_per_atom=0.00 mDebye, RMSE_MU_DERIV=0.00 mDebye / A, RMSE_ALPHA_per_atom=    0.15, RMSE_ALPHA_DERIV=    9.54
2025-07-13 10:13:58.761 INFO: Epoch 1373: head: Default, loss=0.0029, RMSE_MU_per_atom=0.00 mDebye, RMSE_MU_DERIV=0.00 mDebye / A, RMSE_ALPHA_per_atom=    0.15, RMSE_ALPHA_DERIV=    9.54
2025-07-13 10:14:28.548 INFO: Epoch 1374: head: Default, loss=0.0029, RMSE_MU_per_atom=0.00 mDebye, RMSE_MU_DERIV=0.00 mDebye / A, RMSE_ALPHA_per_atom=    0.15, RMSE_ALPHA_DERIV=    9.54
2025-07-13 10:14:58.340 INFO: Epoch 1375: head: Default, loss=0.0029, RMSE_MU_per_atom=0.00 mDebye, RMSE_MU_DERIV=0.00 mDebye / A, RMSE_ALPHA_per_atom=    0.15, RMSE_ALPHA_DERIV=    9.54
2025-07-13 10:15:28.168 INFO: Epoch 1376: head: Default, loss=0.0029, RMSE_MU_per_atom=0.00 mDebye, RMSE_MU_DERIV=0.00 mDebye / A, RMSE_ALPHA_per_atom=    0.15, RMSE_ALPHA_DERIV=    9.54
2025-07-13 10:15:57.966 INFO: Epoch 1377: head: Default, loss=0.0029, RMSE_MU_per_atom=0.00 mDebye, RMSE_MU_DERIV=0.00 mDebye / A, RMSE_ALPHA_per_atom=    0.15, RMSE_ALPHA_DERIV=    9.54
2025-07-13 10:16:27.753 INFO: Epoch 1378: head: Default, loss=0.0029, RMSE_MU_per_atom=0.00 mDebye, RMSE_MU_DERIV=0.00 mDebye / A, RMSE_ALPHA_per_atom=    0.15, RMSE_ALPHA_DERIV=    9.54
2025-07-13 10:16:57.556 INFO: Epoch 1379: head: Default, loss=0.0029, RMSE_MU_per_atom=0.00 mDebye, RMSE_MU_DERIV=0.00 mDebye / A, RMSE_ALPHA_per_atom=    0.15, RMSE_ALPHA_DERIV=    9.54
2025-07-13 10:17:27.338 INFO: Epoch 1380: head: Default, loss=0.0029, RMSE_MU_per_atom=0.00 mDebye, RMSE_MU_DERIV=0.00 mDebye / A, RMSE_ALPHA_per_atom=    0.15, RMSE_ALPHA_DERIV=    9.54
2025-07-13 10:17:57.124 INFO: Epoch 1381: head: Default, loss=0.0029, RMSE_MU_per_atom=0.00 mDebye, RMSE_MU_DERIV=0.00 mDebye / A, RMSE_ALPHA_per_atom=    0.15, RMSE_ALPHA_DERIV=    9.54
2025-07-13 10:18:26.893 INFO: Epoch 1382: head: Default, loss=0.0029, RMSE_MU_per_atom=0.00 mDebye, RMSE_MU_DERIV=0.00 mDebye / A, RMSE_ALPHA_per_atom=    0.15, RMSE_ALPHA_DERIV=    9.54
2025-07-13 10:18:56.669 INFO: Epoch 1383: head: Default, loss=0.0029, RMSE_MU_per_atom=0.00 mDebye, RMSE_MU_DERIV=0.00 mDebye / A, RMSE_ALPHA_per_atom=    0.15, RMSE_ALPHA_DERIV=    9.54
2025-07-13 10:19:26.449 INFO: Epoch 1384: head: Default, loss=0.0029, RMSE_MU_per_atom=0.00 mDebye, RMSE_MU_DERIV=0.00 mDebye / A, RMSE_ALPHA_per_atom=    0.15, RMSE_ALPHA_DERIV=    9.54
2025-07-13 10:19:56.239 INFO: Epoch 1385: head: Default, loss=0.0029, RMSE_MU_per_atom=0.00 mDebye, RMSE_MU_DERIV=0.00 mDebye / A, RMSE_ALPHA_per_atom=    0.15, RMSE_ALPHA_DERIV=    9.54
2025-07-13 10:20:26.018 INFO: Epoch 1386: head: Default, loss=0.0029, RMSE_MU_per_atom=0.00 mDebye, RMSE_MU_DERIV=0.00 mDebye / A, RMSE_ALPHA_per_atom=    0.15, RMSE_ALPHA_DERIV=    9.54
2025-07-13 10:20:55.783 INFO: Epoch 1387: head: Default, loss=0.0029, RMSE_MU_per_atom=0.00 mDebye, RMSE_MU_DERIV=0.00 mDebye / A, RMSE_ALPHA_per_atom=    0.15, RMSE_ALPHA_DERIV=    9.54
2025-07-13 10:21:25.581 INFO: Epoch 1388: head: Default, loss=0.0029, RMSE_MU_per_atom=0.00 mDebye, RMSE_MU_DERIV=0.00 mDebye / A, RMSE_ALPHA_per_atom=    0.15, RMSE_ALPHA_DERIV=    9.54
2025-07-13 10:21:55.378 INFO: Epoch 1389: head: Default, loss=0.0029, RMSE_MU_per_atom=0.00 mDebye, RMSE_MU_DERIV=0.00 mDebye / A, RMSE_ALPHA_per_atom=    0.15, RMSE_ALPHA_DERIV=    9.54
2025-07-13 10:22:25.191 INFO: Epoch 1390: head: Default, loss=0.0029, RMSE_MU_per_atom=0.00 mDebye, RMSE_MU_DERIV=0.00 mDebye / A, RMSE_ALPHA_per_atom=    0.15, RMSE_ALPHA_DERIV=    9.54
2025-07-13 10:22:54.975 INFO: Epoch 1391: head: Default, loss=0.0029, RMSE_MU_per_atom=0.00 mDebye, RMSE_MU_DERIV=0.00 mDebye / A, RMSE_ALPHA_per_atom=    0.15, RMSE_ALPHA_DERIV=    9.54
2025-07-13 10:23:24.758 INFO: Epoch 1392: head: Default, loss=0.0029, RMSE_MU_per_atom=0.00 mDebye, RMSE_MU_DERIV=0.00 mDebye / A, RMSE_ALPHA_per_atom=    0.15, RMSE_ALPHA_DERIV=    9.54
2025-07-13 10:23:54.538 INFO: Epoch 1393: head: Default, loss=0.0029, RMSE_MU_per_atom=0.00 mDebye, RMSE_MU_DERIV=0.00 mDebye / A, RMSE_ALPHA_per_atom=    0.15, RMSE_ALPHA_DERIV=    9.54
2025-07-13 10:24:24.308 INFO: Epoch 1394: head: Default, loss=0.0029, RMSE_MU_per_atom=0.00 mDebye, RMSE_MU_DERIV=0.00 mDebye / A, RMSE_ALPHA_per_atom=    0.15, RMSE_ALPHA_DERIV=    9.54
2025-07-13 10:24:54.098 INFO: Epoch 1395: head: Default, loss=0.0029, RMSE_MU_per_atom=0.00 mDebye, RMSE_MU_DERIV=0.00 mDebye / A, RMSE_ALPHA_per_atom=    0.15, RMSE_ALPHA_DERIV=    9.54
2025-07-13 10:25:23.878 INFO: Epoch 1396: head: Default, loss=0.0029, RMSE_MU_per_atom=0.00 mDebye, RMSE_MU_DERIV=0.00 mDebye / A, RMSE_ALPHA_per_atom=    0.15, RMSE_ALPHA_DERIV=    9.54
2025-07-13 10:25:53.651 INFO: Epoch 1397: head: Default, loss=0.0029, RMSE_MU_per_atom=0.00 mDebye, RMSE_MU_DERIV=0.00 mDebye / A, RMSE_ALPHA_per_atom=    0.15, RMSE_ALPHA_DERIV=    9.54
2025-07-13 10:26:23.435 INFO: Epoch 1398: head: Default, loss=0.0029, RMSE_MU_per_atom=0.00 mDebye, RMSE_MU_DERIV=0.00 mDebye / A, RMSE_ALPHA_per_atom=    0.15, RMSE_ALPHA_DERIV=    9.54
2025-07-13 10:26:53.218 INFO: Epoch 1399: head: Default, loss=0.0029, RMSE_MU_per_atom=0.00 mDebye, RMSE_MU_DERIV=0.00 mDebye / A, RMSE_ALPHA_per_atom=    0.15, RMSE_ALPHA_DERIV=    9.54
2025-07-13 10:27:23.004 INFO: Epoch 1400: head: Default, loss=0.0029, RMSE_MU_per_atom=0.00 mDebye, RMSE_MU_DERIV=0.00 mDebye / A, RMSE_ALPHA_per_atom=    0.15, RMSE_ALPHA_DERIV=    9.54
2025-07-13 10:27:52.778 INFO: Epoch 1401: head: Default, loss=0.0029, RMSE_MU_per_atom=0.00 mDebye, RMSE_MU_DERIV=0.00 mDebye / A, RMSE_ALPHA_per_atom=    0.15, RMSE_ALPHA_DERIV=    9.54
2025-07-13 10:28:22.563 INFO: Epoch 1402: head: Default, loss=0.0029, RMSE_MU_per_atom=0.00 mDebye, RMSE_MU_DERIV=0.00 mDebye / A, RMSE_ALPHA_per_atom=    0.15, RMSE_ALPHA_DERIV=    9.54
2025-07-13 10:28:52.326 INFO: Epoch 1403: head: Default, loss=0.0029, RMSE_MU_per_atom=0.00 mDebye, RMSE_MU_DERIV=0.00 mDebye / A, RMSE_ALPHA_per_atom=    0.15, RMSE_ALPHA_DERIV=    9.54
2025-07-13 10:29:22.089 INFO: Epoch 1404: head: Default, loss=0.0029, RMSE_MU_per_atom=0.00 mDebye, RMSE_MU_DERIV=0.00 mDebye / A, RMSE_ALPHA_per_atom=    0.15, RMSE_ALPHA_DERIV=    9.54
2025-07-13 10:29:51.860 INFO: Epoch 1405: head: Default, loss=0.0029, RMSE_MU_per_atom=0.00 mDebye, RMSE_MU_DERIV=0.00 mDebye / A, RMSE_ALPHA_per_atom=    0.15, RMSE_ALPHA_DERIV=    9.54
2025-07-13 10:30:21.623 INFO: Epoch 1406: head: Default, loss=0.0029, RMSE_MU_per_atom=0.00 mDebye, RMSE_MU_DERIV=0.00 mDebye / A, RMSE_ALPHA_per_atom=    0.15, RMSE_ALPHA_DERIV=    9.54
2025-07-13 10:30:51.387 INFO: Epoch 1407: head: Default, loss=0.0029, RMSE_MU_per_atom=0.00 mDebye, RMSE_MU_DERIV=0.00 mDebye / A, RMSE_ALPHA_per_atom=    0.15, RMSE_ALPHA_DERIV=    9.54
2025-07-13 10:31:21.160 INFO: Epoch 1408: head: Default, loss=0.0029, RMSE_MU_per_atom=0.00 mDebye, RMSE_MU_DERIV=0.00 mDebye / A, RMSE_ALPHA_per_atom=    0.15, RMSE_ALPHA_DERIV=    9.54
2025-07-13 10:31:50.931 INFO: Epoch 1409: head: Default, loss=0.0029, RMSE_MU_per_atom=0.00 mDebye, RMSE_MU_DERIV=0.00 mDebye / A, RMSE_ALPHA_per_atom=    0.15, RMSE_ALPHA_DERIV=    9.54
2025-07-13 10:32:20.706 INFO: Epoch 1410: head: Default, loss=0.0029, RMSE_MU_per_atom=0.00 mDebye, RMSE_MU_DERIV=0.00 mDebye / A, RMSE_ALPHA_per_atom=    0.15, RMSE_ALPHA_DERIV=    9.54
2025-07-13 10:32:50.483 INFO: Epoch 1411: head: Default, loss=0.0029, RMSE_MU_per_atom=0.00 mDebye, RMSE_MU_DERIV=0.00 mDebye / A, RMSE_ALPHA_per_atom=    0.15, RMSE_ALPHA_DERIV=    9.54
2025-07-13 10:33:20.243 INFO: Epoch 1412: head: Default, loss=0.0029, RMSE_MU_per_atom=0.00 mDebye, RMSE_MU_DERIV=0.00 mDebye / A, RMSE_ALPHA_per_atom=    0.15, RMSE_ALPHA_DERIV=    9.54
2025-07-13 10:33:50.005 INFO: Epoch 1413: head: Default, loss=0.0029, RMSE_MU_per_atom=0.00 mDebye, RMSE_MU_DERIV=0.00 mDebye / A, RMSE_ALPHA_per_atom=    0.15, RMSE_ALPHA_DERIV=    9.54
2025-07-13 10:34:19.778 INFO: Epoch 1414: head: Default, loss=0.0029, RMSE_MU_per_atom=0.00 mDebye, RMSE_MU_DERIV=0.00 mDebye / A, RMSE_ALPHA_per_atom=    0.15, RMSE_ALPHA_DERIV=    9.54
2025-07-13 10:34:49.552 INFO: Epoch 1415: head: Default, loss=0.0029, RMSE_MU_per_atom=0.00 mDebye, RMSE_MU_DERIV=0.00 mDebye / A, RMSE_ALPHA_per_atom=    0.15, RMSE_ALPHA_DERIV=    9.54
2025-07-13 10:35:19.345 INFO: Epoch 1416: head: Default, loss=0.0029, RMSE_MU_per_atom=0.00 mDebye, RMSE_MU_DERIV=0.00 mDebye / A, RMSE_ALPHA_per_atom=    0.15, RMSE_ALPHA_DERIV=    9.54
2025-07-13 10:35:49.128 INFO: Epoch 1417: head: Default, loss=0.0029, RMSE_MU_per_atom=0.00 mDebye, RMSE_MU_DERIV=0.00 mDebye / A, RMSE_ALPHA_per_atom=    0.15, RMSE_ALPHA_DERIV=    9.54
2025-07-13 10:36:18.893 INFO: Epoch 1418: head: Default, loss=0.0029, RMSE_MU_per_atom=0.00 mDebye, RMSE_MU_DERIV=0.00 mDebye / A, RMSE_ALPHA_per_atom=    0.15, RMSE_ALPHA_DERIV=    9.54
2025-07-13 10:36:48.666 INFO: Epoch 1419: head: Default, loss=0.0029, RMSE_MU_per_atom=0.00 mDebye, RMSE_MU_DERIV=0.00 mDebye / A, RMSE_ALPHA_per_atom=    0.15, RMSE_ALPHA_DERIV=    9.54
2025-07-13 10:37:18.444 INFO: Epoch 1420: head: Default, loss=0.0029, RMSE_MU_per_atom=0.00 mDebye, RMSE_MU_DERIV=0.00 mDebye / A, RMSE_ALPHA_per_atom=    0.15, RMSE_ALPHA_DERIV=    9.54
2025-07-13 10:37:48.227 INFO: Epoch 1421: head: Default, loss=0.0029, RMSE_MU_per_atom=0.00 mDebye, RMSE_MU_DERIV=0.00 mDebye / A, RMSE_ALPHA_per_atom=    0.15, RMSE_ALPHA_DERIV=    9.54
2025-07-13 10:38:18.019 INFO: Epoch 1422: head: Default, loss=0.0029, RMSE_MU_per_atom=0.00 mDebye, RMSE_MU_DERIV=0.00 mDebye / A, RMSE_ALPHA_per_atom=    0.15, RMSE_ALPHA_DERIV=    9.54
2025-07-13 10:38:47.800 INFO: Epoch 1423: head: Default, loss=0.0029, RMSE_MU_per_atom=0.00 mDebye, RMSE_MU_DERIV=0.00 mDebye / A, RMSE_ALPHA_per_atom=    0.15, RMSE_ALPHA_DERIV=    9.54
2025-07-13 10:39:17.630 INFO: Epoch 1424: head: Default, loss=0.0029, RMSE_MU_per_atom=0.00 mDebye, RMSE_MU_DERIV=0.00 mDebye / A, RMSE_ALPHA_per_atom=    0.15, RMSE_ALPHA_DERIV=    9.54
2025-07-13 10:39:47.438 INFO: Epoch 1425: head: Default, loss=0.0029, RMSE_MU_per_atom=0.00 mDebye, RMSE_MU_DERIV=0.00 mDebye / A, RMSE_ALPHA_per_atom=    0.15, RMSE_ALPHA_DERIV=    9.54
2025-07-13 10:40:17.212 INFO: Epoch 1426: head: Default, loss=0.0029, RMSE_MU_per_atom=0.00 mDebye, RMSE_MU_DERIV=0.00 mDebye / A, RMSE_ALPHA_per_atom=    0.15, RMSE_ALPHA_DERIV=    9.54
2025-07-13 10:40:47.011 INFO: Epoch 1427: head: Default, loss=0.0029, RMSE_MU_per_atom=0.00 mDebye, RMSE_MU_DERIV=0.00 mDebye / A, RMSE_ALPHA_per_atom=    0.15, RMSE_ALPHA_DERIV=    9.54
2025-07-13 10:41:16.819 INFO: Epoch 1428: head: Default, loss=0.0029, RMSE_MU_per_atom=0.00 mDebye, RMSE_MU_DERIV=0.00 mDebye / A, RMSE_ALPHA_per_atom=    0.15, RMSE_ALPHA_DERIV=    9.54
2025-07-13 10:41:46.589 INFO: Epoch 1429: head: Default, loss=0.0029, RMSE_MU_per_atom=0.00 mDebye, RMSE_MU_DERIV=0.00 mDebye / A, RMSE_ALPHA_per_atom=    0.15, RMSE_ALPHA_DERIV=    9.54
2025-07-13 10:42:16.354 INFO: Epoch 1430: head: Default, loss=0.0029, RMSE_MU_per_atom=0.00 mDebye, RMSE_MU_DERIV=0.00 mDebye / A, RMSE_ALPHA_per_atom=    0.15, RMSE_ALPHA_DERIV=    9.54
2025-07-13 10:42:46.134 INFO: Epoch 1431: head: Default, loss=0.0029, RMSE_MU_per_atom=0.00 mDebye, RMSE_MU_DERIV=0.00 mDebye / A, RMSE_ALPHA_per_atom=    0.15, RMSE_ALPHA_DERIV=    9.54
2025-07-13 10:43:15.937 INFO: Epoch 1432: head: Default, loss=0.0029, RMSE_MU_per_atom=0.00 mDebye, RMSE_MU_DERIV=0.00 mDebye / A, RMSE_ALPHA_per_atom=    0.15, RMSE_ALPHA_DERIV=    9.54
2025-07-13 10:43:45.731 INFO: Epoch 1433: head: Default, loss=0.0029, RMSE_MU_per_atom=0.00 mDebye, RMSE_MU_DERIV=0.00 mDebye / A, RMSE_ALPHA_per_atom=    0.15, RMSE_ALPHA_DERIV=    9.54
2025-07-13 10:44:15.511 INFO: Epoch 1434: head: Default, loss=0.0029, RMSE_MU_per_atom=0.00 mDebye, RMSE_MU_DERIV=0.00 mDebye / A, RMSE_ALPHA_per_atom=    0.15, RMSE_ALPHA_DERIV=    9.54
2025-07-13 10:44:45.300 INFO: Epoch 1435: head: Default, loss=0.0029, RMSE_MU_per_atom=0.00 mDebye, RMSE_MU_DERIV=0.00 mDebye / A, RMSE_ALPHA_per_atom=    0.15, RMSE_ALPHA_DERIV=    9.54
2025-07-13 10:45:15.105 INFO: Epoch 1436: head: Default, loss=0.0029, RMSE_MU_per_atom=0.00 mDebye, RMSE_MU_DERIV=0.00 mDebye / A, RMSE_ALPHA_per_atom=    0.15, RMSE_ALPHA_DERIV=    9.54
2025-07-13 10:45:44.889 INFO: Epoch 1437: head: Default, loss=0.0029, RMSE_MU_per_atom=0.00 mDebye, RMSE_MU_DERIV=0.00 mDebye / A, RMSE_ALPHA_per_atom=    0.15, RMSE_ALPHA_DERIV=    9.54
2025-07-13 10:46:14.665 INFO: Epoch 1438: head: Default, loss=0.0029, RMSE_MU_per_atom=0.00 mDebye, RMSE_MU_DERIV=0.00 mDebye / A, RMSE_ALPHA_per_atom=    0.15, RMSE_ALPHA_DERIV=    9.54
2025-07-13 10:46:44.459 INFO: Epoch 1439: head: Default, loss=0.0029, RMSE_MU_per_atom=0.00 mDebye, RMSE_MU_DERIV=0.00 mDebye / A, RMSE_ALPHA_per_atom=    0.15, RMSE_ALPHA_DERIV=    9.54
2025-07-13 10:47:14.246 INFO: Epoch 1440: head: Default, loss=0.0029, RMSE_MU_per_atom=0.00 mDebye, RMSE_MU_DERIV=0.00 mDebye / A, RMSE_ALPHA_per_atom=    0.15, RMSE_ALPHA_DERIV=    9.54
2025-07-13 10:47:44.036 INFO: Epoch 1441: head: Default, loss=0.0029, RMSE_MU_per_atom=0.00 mDebye, RMSE_MU_DERIV=0.00 mDebye / A, RMSE_ALPHA_per_atom=    0.15, RMSE_ALPHA_DERIV=    9.54
2025-07-13 10:48:13.819 INFO: Epoch 1442: head: Default, loss=0.0029, RMSE_MU_per_atom=0.00 mDebye, RMSE_MU_DERIV=0.00 mDebye / A, RMSE_ALPHA_per_atom=    0.15, RMSE_ALPHA_DERIV=    9.54
2025-07-13 10:48:43.612 INFO: Epoch 1443: head: Default, loss=0.0029, RMSE_MU_per_atom=0.00 mDebye, RMSE_MU_DERIV=0.00 mDebye / A, RMSE_ALPHA_per_atom=    0.15, RMSE_ALPHA_DERIV=    9.54
2025-07-13 10:49:13.404 INFO: Epoch 1444: head: Default, loss=0.0029, RMSE_MU_per_atom=0.00 mDebye, RMSE_MU_DERIV=0.00 mDebye / A, RMSE_ALPHA_per_atom=    0.15, RMSE_ALPHA_DERIV=    9.54
2025-07-13 10:49:43.182 INFO: Epoch 1445: head: Default, loss=0.0029, RMSE_MU_per_atom=0.00 mDebye, RMSE_MU_DERIV=0.00 mDebye / A, RMSE_ALPHA_per_atom=    0.15, RMSE_ALPHA_DERIV=    9.54
2025-07-13 10:50:12.964 INFO: Epoch 1446: head: Default, loss=0.0029, RMSE_MU_per_atom=0.00 mDebye, RMSE_MU_DERIV=0.00 mDebye / A, RMSE_ALPHA_per_atom=    0.15, RMSE_ALPHA_DERIV=    9.54
2025-07-13 10:50:42.732 INFO: Epoch 1447: head: Default, loss=0.0029, RMSE_MU_per_atom=0.00 mDebye, RMSE_MU_DERIV=0.00 mDebye / A, RMSE_ALPHA_per_atom=    0.15, RMSE_ALPHA_DERIV=    9.54
2025-07-13 10:51:12.502 INFO: Epoch 1448: head: Default, loss=0.0029, RMSE_MU_per_atom=0.00 mDebye, RMSE_MU_DERIV=0.00 mDebye / A, RMSE_ALPHA_per_atom=    0.15, RMSE_ALPHA_DERIV=    9.54
2025-07-13 10:51:42.275 INFO: Epoch 1449: head: Default, loss=0.0029, RMSE_MU_per_atom=0.00 mDebye, RMSE_MU_DERIV=0.00 mDebye / A, RMSE_ALPHA_per_atom=    0.15, RMSE_ALPHA_DERIV=    9.54
2025-07-13 10:52:12.046 INFO: Epoch 1450: head: Default, loss=0.0029, RMSE_MU_per_atom=0.00 mDebye, RMSE_MU_DERIV=0.00 mDebye / A, RMSE_ALPHA_per_atom=    0.15, RMSE_ALPHA_DERIV=    9.54
2025-07-13 10:52:41.828 INFO: Epoch 1451: head: Default, loss=0.0029, RMSE_MU_per_atom=0.00 mDebye, RMSE_MU_DERIV=0.00 mDebye / A, RMSE_ALPHA_per_atom=    0.15, RMSE_ALPHA_DERIV=    9.54
2025-07-13 10:53:11.593 INFO: Epoch 1452: head: Default, loss=0.0029, RMSE_MU_per_atom=0.00 mDebye, RMSE_MU_DERIV=0.00 mDebye / A, RMSE_ALPHA_per_atom=    0.15, RMSE_ALPHA_DERIV=    9.54
2025-07-13 10:53:41.368 INFO: Epoch 1453: head: Default, loss=0.0029, RMSE_MU_per_atom=0.00 mDebye, RMSE_MU_DERIV=0.00 mDebye / A, RMSE_ALPHA_per_atom=    0.15, RMSE_ALPHA_DERIV=    9.54
2025-07-13 10:54:11.110 INFO: Epoch 1454: head: Default, loss=0.0029, RMSE_MU_per_atom=0.00 mDebye, RMSE_MU_DERIV=0.00 mDebye / A, RMSE_ALPHA_per_atom=    0.15, RMSE_ALPHA_DERIV=    9.54
2025-07-13 10:54:40.849 INFO: Epoch 1455: head: Default, loss=0.0029, RMSE_MU_per_atom=0.00 mDebye, RMSE_MU_DERIV=0.00 mDebye / A, RMSE_ALPHA_per_atom=    0.15, RMSE_ALPHA_DERIV=    9.54
2025-07-13 10:55:10.584 INFO: Epoch 1456: head: Default, loss=0.0029, RMSE_MU_per_atom=0.00 mDebye, RMSE_MU_DERIV=0.00 mDebye / A, RMSE_ALPHA_per_atom=    0.15, RMSE_ALPHA_DERIV=    9.54
2025-07-13 10:55:40.331 INFO: Epoch 1457: head: Default, loss=0.0029, RMSE_MU_per_atom=0.00 mDebye, RMSE_MU_DERIV=0.00 mDebye / A, RMSE_ALPHA_per_atom=    0.15, RMSE_ALPHA_DERIV=    9.54
2025-07-13 10:56:10.068 INFO: Epoch 1458: head: Default, loss=0.0029, RMSE_MU_per_atom=0.00 mDebye, RMSE_MU_DERIV=0.00 mDebye / A, RMSE_ALPHA_per_atom=    0.15, RMSE_ALPHA_DERIV=    9.54
2025-07-13 10:56:39.808 INFO: Epoch 1459: head: Default, loss=0.0029, RMSE_MU_per_atom=0.00 mDebye, RMSE_MU_DERIV=0.00 mDebye / A, RMSE_ALPHA_per_atom=    0.15, RMSE_ALPHA_DERIV=    9.54
2025-07-13 10:57:09.546 INFO: Epoch 1460: head: Default, loss=0.0029, RMSE_MU_per_atom=0.00 mDebye, RMSE_MU_DERIV=0.00 mDebye / A, RMSE_ALPHA_per_atom=    0.15, RMSE_ALPHA_DERIV=    9.54
2025-07-13 10:57:39.301 INFO: Epoch 1461: head: Default, loss=0.0029, RMSE_MU_per_atom=0.00 mDebye, RMSE_MU_DERIV=0.00 mDebye / A, RMSE_ALPHA_per_atom=    0.15, RMSE_ALPHA_DERIV=    9.54
2025-07-13 10:58:09.036 INFO: Epoch 1462: head: Default, loss=0.0029, RMSE_MU_per_atom=0.00 mDebye, RMSE_MU_DERIV=0.00 mDebye / A, RMSE_ALPHA_per_atom=    0.15, RMSE_ALPHA_DERIV=    9.54
2025-07-13 10:58:38.772 INFO: Epoch 1463: head: Default, loss=0.0029, RMSE_MU_per_atom=0.00 mDebye, RMSE_MU_DERIV=0.00 mDebye / A, RMSE_ALPHA_per_atom=    0.15, RMSE_ALPHA_DERIV=    9.54
2025-07-13 10:59:08.520 INFO: Epoch 1464: head: Default, loss=0.0029, RMSE_MU_per_atom=0.00 mDebye, RMSE_MU_DERIV=0.00 mDebye / A, RMSE_ALPHA_per_atom=    0.15, RMSE_ALPHA_DERIV=    9.54
2025-07-13 10:59:38.271 INFO: Epoch 1465: head: Default, loss=0.0029, RMSE_MU_per_atom=0.00 mDebye, RMSE_MU_DERIV=0.00 mDebye / A, RMSE_ALPHA_per_atom=    0.15, RMSE_ALPHA_DERIV=    9.54
2025-07-13 11:00:08.013 INFO: Epoch 1466: head: Default, loss=0.0029, RMSE_MU_per_atom=0.00 mDebye, RMSE_MU_DERIV=0.00 mDebye / A, RMSE_ALPHA_per_atom=    0.15, RMSE_ALPHA_DERIV=    9.54
2025-07-13 11:00:37.771 INFO: Epoch 1467: head: Default, loss=0.0029, RMSE_MU_per_atom=0.00 mDebye, RMSE_MU_DERIV=0.00 mDebye / A, RMSE_ALPHA_per_atom=    0.15, RMSE_ALPHA_DERIV=    9.54
2025-07-13 11:01:07.529 INFO: Epoch 1468: head: Default, loss=0.0029, RMSE_MU_per_atom=0.00 mDebye, RMSE_MU_DERIV=0.00 mDebye / A, RMSE_ALPHA_per_atom=    0.15, RMSE_ALPHA_DERIV=    9.54
2025-07-13 11:01:37.275 INFO: Epoch 1469: head: Default, loss=0.0029, RMSE_MU_per_atom=0.00 mDebye, RMSE_MU_DERIV=0.00 mDebye / A, RMSE_ALPHA_per_atom=    0.15, RMSE_ALPHA_DERIV=    9.54
2025-07-13 11:02:07.025 INFO: Epoch 1470: head: Default, loss=0.0029, RMSE_MU_per_atom=0.00 mDebye, RMSE_MU_DERIV=0.00 mDebye / A, RMSE_ALPHA_per_atom=    0.15, RMSE_ALPHA_DERIV=    9.54
2025-07-13 11:02:36.768 INFO: Epoch 1471: head: Default, loss=0.0029, RMSE_MU_per_atom=0.00 mDebye, RMSE_MU_DERIV=0.00 mDebye / A, RMSE_ALPHA_per_atom=    0.15, RMSE_ALPHA_DERIV=    9.54
2025-07-13 11:03:06.530 INFO: Epoch 1472: head: Default, loss=0.0029, RMSE_MU_per_atom=0.00 mDebye, RMSE_MU_DERIV=0.00 mDebye / A, RMSE_ALPHA_per_atom=    0.15, RMSE_ALPHA_DERIV=    9.54
2025-07-13 11:03:36.274 INFO: Epoch 1473: head: Default, loss=0.0029, RMSE_MU_per_atom=0.00 mDebye, RMSE_MU_DERIV=0.00 mDebye / A, RMSE_ALPHA_per_atom=    0.15, RMSE_ALPHA_DERIV=    9.54
2025-07-13 11:04:06.021 INFO: Epoch 1474: head: Default, loss=0.0029, RMSE_MU_per_atom=0.00 mDebye, RMSE_MU_DERIV=0.00 mDebye / A, RMSE_ALPHA_per_atom=    0.15, RMSE_ALPHA_DERIV=    9.54
2025-07-13 11:04:35.777 INFO: Epoch 1475: head: Default, loss=0.0029, RMSE_MU_per_atom=0.00 mDebye, RMSE_MU_DERIV=0.00 mDebye / A, RMSE_ALPHA_per_atom=    0.15, RMSE_ALPHA_DERIV=    9.54
2025-07-13 11:05:05.539 INFO: Epoch 1476: head: Default, loss=0.0029, RMSE_MU_per_atom=0.00 mDebye, RMSE_MU_DERIV=0.00 mDebye / A, RMSE_ALPHA_per_atom=    0.15, RMSE_ALPHA_DERIV=    9.54
2025-07-13 11:05:35.285 INFO: Epoch 1477: head: Default, loss=0.0029, RMSE_MU_per_atom=0.00 mDebye, RMSE_MU_DERIV=0.00 mDebye / A, RMSE_ALPHA_per_atom=    0.15, RMSE_ALPHA_DERIV=    9.54
2025-07-13 11:06:05.021 INFO: Epoch 1478: head: Default, loss=0.0029, RMSE_MU_per_atom=0.00 mDebye, RMSE_MU_DERIV=0.00 mDebye / A, RMSE_ALPHA_per_atom=    0.15, RMSE_ALPHA_DERIV=    9.54
2025-07-13 11:06:34.766 INFO: Epoch 1479: head: Default, loss=0.0029, RMSE_MU_per_atom=0.00 mDebye, RMSE_MU_DERIV=0.00 mDebye / A, RMSE_ALPHA_per_atom=    0.15, RMSE_ALPHA_DERIV=    9.54
2025-07-13 11:07:04.505 INFO: Epoch 1480: head: Default, loss=0.0029, RMSE_MU_per_atom=0.00 mDebye, RMSE_MU_DERIV=0.00 mDebye / A, RMSE_ALPHA_per_atom=    0.15, RMSE_ALPHA_DERIV=    9.54
2025-07-13 11:07:34.259 INFO: Epoch 1481: head: Default, loss=0.0029, RMSE_MU_per_atom=0.00 mDebye, RMSE_MU_DERIV=0.00 mDebye / A, RMSE_ALPHA_per_atom=    0.15, RMSE_ALPHA_DERIV=    9.54
2025-07-13 11:08:04.003 INFO: Epoch 1482: head: Default, loss=0.0029, RMSE_MU_per_atom=0.00 mDebye, RMSE_MU_DERIV=0.00 mDebye / A, RMSE_ALPHA_per_atom=    0.15, RMSE_ALPHA_DERIV=    9.54
2025-07-13 11:08:33.738 INFO: Epoch 1483: head: Default, loss=0.0029, RMSE_MU_per_atom=0.00 mDebye, RMSE_MU_DERIV=0.00 mDebye / A, RMSE_ALPHA_per_atom=    0.15, RMSE_ALPHA_DERIV=    9.54
2025-07-13 11:09:03.479 INFO: Epoch 1484: head: Default, loss=0.0029, RMSE_MU_per_atom=0.00 mDebye, RMSE_MU_DERIV=0.00 mDebye / A, RMSE_ALPHA_per_atom=    0.15, RMSE_ALPHA_DERIV=    9.54
2025-07-13 11:09:33.229 INFO: Epoch 1485: head: Default, loss=0.0029, RMSE_MU_per_atom=0.00 mDebye, RMSE_MU_DERIV=0.00 mDebye / A, RMSE_ALPHA_per_atom=    0.15, RMSE_ALPHA_DERIV=    9.54
2025-07-13 11:10:02.986 INFO: Epoch 1486: head: Default, loss=0.0029, RMSE_MU_per_atom=0.00 mDebye, RMSE_MU_DERIV=0.00 mDebye / A, RMSE_ALPHA_per_atom=    0.15, RMSE_ALPHA_DERIV=    9.54
2025-07-13 11:10:32.724 INFO: Epoch 1487: head: Default, loss=0.0029, RMSE_MU_per_atom=0.00 mDebye, RMSE_MU_DERIV=0.00 mDebye / A, RMSE_ALPHA_per_atom=    0.15, RMSE_ALPHA_DERIV=    9.54
2025-07-13 11:11:02.463 INFO: Epoch 1488: head: Default, loss=0.0029, RMSE_MU_per_atom=0.00 mDebye, RMSE_MU_DERIV=0.00 mDebye / A, RMSE_ALPHA_per_atom=    0.15, RMSE_ALPHA_DERIV=    9.54
2025-07-13 11:11:32.214 INFO: Epoch 1489: head: Default, loss=0.0029, RMSE_MU_per_atom=0.00 mDebye, RMSE_MU_DERIV=0.00 mDebye / A, RMSE_ALPHA_per_atom=    0.15, RMSE_ALPHA_DERIV=    9.54
2025-07-13 11:12:01.966 INFO: Epoch 1490: head: Default, loss=0.0029, RMSE_MU_per_atom=0.00 mDebye, RMSE_MU_DERIV=0.00 mDebye / A, RMSE_ALPHA_per_atom=    0.15, RMSE_ALPHA_DERIV=    9.54
2025-07-13 11:12:31.716 INFO: Epoch 1491: head: Default, loss=0.0029, RMSE_MU_per_atom=0.00 mDebye, RMSE_MU_DERIV=0.00 mDebye / A, RMSE_ALPHA_per_atom=    0.15, RMSE_ALPHA_DERIV=    9.54
2025-07-13 11:13:01.460 INFO: Epoch 1492: head: Default, loss=0.0029, RMSE_MU_per_atom=0.00 mDebye, RMSE_MU_DERIV=0.00 mDebye / A, RMSE_ALPHA_per_atom=    0.15, RMSE_ALPHA_DERIV=    9.54
2025-07-13 11:13:31.208 INFO: Epoch 1493: head: Default, loss=0.0029, RMSE_MU_per_atom=0.00 mDebye, RMSE_MU_DERIV=0.00 mDebye / A, RMSE_ALPHA_per_atom=    0.15, RMSE_ALPHA_DERIV=    9.54
2025-07-13 11:14:00.948 INFO: Epoch 1494: head: Default, loss=0.0029, RMSE_MU_per_atom=0.00 mDebye, RMSE_MU_DERIV=0.00 mDebye / A, RMSE_ALPHA_per_atom=    0.15, RMSE_ALPHA_DERIV=    9.54
2025-07-13 11:14:30.687 INFO: Epoch 1495: head: Default, loss=0.0029, RMSE_MU_per_atom=0.00 mDebye, RMSE_MU_DERIV=0.00 mDebye / A, RMSE_ALPHA_per_atom=    0.15, RMSE_ALPHA_DERIV=    9.54
2025-07-13 11:15:00.424 INFO: Epoch 1496: head: Default, loss=0.0029, RMSE_MU_per_atom=0.00 mDebye, RMSE_MU_DERIV=0.00 mDebye / A, RMSE_ALPHA_per_atom=    0.15, RMSE_ALPHA_DERIV=    9.54
2025-07-13 11:15:30.173 INFO: Epoch 1497: head: Default, loss=0.0029, RMSE_MU_per_atom=0.00 mDebye, RMSE_MU_DERIV=0.00 mDebye / A, RMSE_ALPHA_per_atom=    0.15, RMSE_ALPHA_DERIV=    9.54
2025-07-13 11:15:59.924 INFO: Epoch 1498: head: Default, loss=0.0029, RMSE_MU_per_atom=0.00 mDebye, RMSE_MU_DERIV=0.00 mDebye / A, RMSE_ALPHA_per_atom=    0.15, RMSE_ALPHA_DERIV=    9.54
2025-07-13 11:16:29.666 INFO: Epoch 1499: head: Default, loss=0.0029, RMSE_MU_per_atom=0.00 mDebye, RMSE_MU_DERIV=0.00 mDebye / A, RMSE_ALPHA_per_atom=    0.15, RMSE_ALPHA_DERIV=    9.54
2025-07-13 11:16:59.414 INFO: Epoch 1500: head: Default, loss=0.0029, RMSE_MU_per_atom=0.00 mDebye, RMSE_MU_DERIV=0.00 mDebye / A, RMSE_ALPHA_per_atom=    0.15, RMSE_ALPHA_DERIV=    9.54
2025-07-13 11:17:29.164 INFO: Epoch 1501: head: Default, loss=0.0029, RMSE_MU_per_atom=0.00 mDebye, RMSE_MU_DERIV=0.00 mDebye / A, RMSE_ALPHA_per_atom=    0.15, RMSE_ALPHA_DERIV=    9.54
2025-07-13 11:17:58.915 INFO: Epoch 1502: head: Default, loss=0.0029, RMSE_MU_per_atom=0.00 mDebye, RMSE_MU_DERIV=0.00 mDebye / A, RMSE_ALPHA_per_atom=    0.15, RMSE_ALPHA_DERIV=    9.54
2025-07-13 11:18:28.666 INFO: Epoch 1503: head: Default, loss=0.0029, RMSE_MU_per_atom=0.00 mDebye, RMSE_MU_DERIV=0.00 mDebye / A, RMSE_ALPHA_per_atom=    0.15, RMSE_ALPHA_DERIV=    9.54
2025-07-13 11:18:58.423 INFO: Epoch 1504: head: Default, loss=0.0029, RMSE_MU_per_atom=0.00 mDebye, RMSE_MU_DERIV=0.00 mDebye / A, RMSE_ALPHA_per_atom=    0.15, RMSE_ALPHA_DERIV=    9.54
2025-07-13 11:19:28.167 INFO: Epoch 1505: head: Default, loss=0.0029, RMSE_MU_per_atom=0.00 mDebye, RMSE_MU_DERIV=0.00 mDebye / A, RMSE_ALPHA_per_atom=    0.15, RMSE_ALPHA_DERIV=    9.54
2025-07-13 11:19:57.920 INFO: Epoch 1506: head: Default, loss=0.0029, RMSE_MU_per_atom=0.00 mDebye, RMSE_MU_DERIV=0.00 mDebye / A, RMSE_ALPHA_per_atom=    0.15, RMSE_ALPHA_DERIV=    9.54
2025-07-13 11:20:27.657 INFO: Epoch 1507: head: Default, loss=0.0029, RMSE_MU_per_atom=0.00 mDebye, RMSE_MU_DERIV=0.00 mDebye / A, RMSE_ALPHA_per_atom=    0.15, RMSE_ALPHA_DERIV=    9.54
2025-07-13 11:20:57.407 INFO: Epoch 1508: head: Default, loss=0.0029, RMSE_MU_per_atom=0.00 mDebye, RMSE_MU_DERIV=0.00 mDebye / A, RMSE_ALPHA_per_atom=    0.15, RMSE_ALPHA_DERIV=    9.54
2025-07-13 11:21:27.139 INFO: Epoch 1509: head: Default, loss=0.0029, RMSE_MU_per_atom=0.00 mDebye, RMSE_MU_DERIV=0.00 mDebye / A, RMSE_ALPHA_per_atom=    0.15, RMSE_ALPHA_DERIV=    9.54
2025-07-13 11:21:56.887 INFO: Epoch 1510: head: Default, loss=0.0029, RMSE_MU_per_atom=0.00 mDebye, RMSE_MU_DERIV=0.00 mDebye / A, RMSE_ALPHA_per_atom=    0.15, RMSE_ALPHA_DERIV=    9.54
2025-07-13 11:22:26.631 INFO: Epoch 1511: head: Default, loss=0.0029, RMSE_MU_per_atom=0.00 mDebye, RMSE_MU_DERIV=0.00 mDebye / A, RMSE_ALPHA_per_atom=    0.15, RMSE_ALPHA_DERIV=    9.54
2025-07-13 11:22:56.373 INFO: Epoch 1512: head: Default, loss=0.0029, RMSE_MU_per_atom=0.00 mDebye, RMSE_MU_DERIV=0.00 mDebye / A, RMSE_ALPHA_per_atom=    0.15, RMSE_ALPHA_DERIV=    9.54
2025-07-13 11:23:26.106 INFO: Epoch 1513: head: Default, loss=0.0029, RMSE_MU_per_atom=0.00 mDebye, RMSE_MU_DERIV=0.00 mDebye / A, RMSE_ALPHA_per_atom=    0.15, RMSE_ALPHA_DERIV=    9.54
2025-07-13 11:23:55.845 INFO: Epoch 1514: head: Default, loss=0.0029, RMSE_MU_per_atom=0.00 mDebye, RMSE_MU_DERIV=0.00 mDebye / A, RMSE_ALPHA_per_atom=    0.15, RMSE_ALPHA_DERIV=    9.54
2025-07-13 11:24:25.583 INFO: Epoch 1515: head: Default, loss=0.0029, RMSE_MU_per_atom=0.00 mDebye, RMSE_MU_DERIV=0.00 mDebye / A, RMSE_ALPHA_per_atom=    0.15, RMSE_ALPHA_DERIV=    9.54
2025-07-13 11:24:55.338 INFO: Epoch 1516: head: Default, loss=0.0029, RMSE_MU_per_atom=0.00 mDebye, RMSE_MU_DERIV=0.00 mDebye / A, RMSE_ALPHA_per_atom=    0.15, RMSE_ALPHA_DERIV=    9.54
2025-07-13 11:25:25.083 INFO: Epoch 1517: head: Default, loss=0.0029, RMSE_MU_per_atom=0.00 mDebye, RMSE_MU_DERIV=0.00 mDebye / A, RMSE_ALPHA_per_atom=    0.15, RMSE_ALPHA_DERIV=    9.54
2025-07-13 11:25:54.827 INFO: Epoch 1518: head: Default, loss=0.0029, RMSE_MU_per_atom=0.00 mDebye, RMSE_MU_DERIV=0.00 mDebye / A, RMSE_ALPHA_per_atom=    0.15, RMSE_ALPHA_DERIV=    9.54
2025-07-13 11:26:24.577 INFO: Epoch 1519: head: Default, loss=0.0029, RMSE_MU_per_atom=0.00 mDebye, RMSE_MU_DERIV=0.00 mDebye / A, RMSE_ALPHA_per_atom=    0.15, RMSE_ALPHA_DERIV=    9.54
2025-07-13 11:26:54.327 INFO: Epoch 1520: head: Default, loss=0.0029, RMSE_MU_per_atom=0.00 mDebye, RMSE_MU_DERIV=0.00 mDebye / A, RMSE_ALPHA_per_atom=    0.15, RMSE_ALPHA_DERIV=    9.54
2025-07-13 11:27:24.073 INFO: Epoch 1521: head: Default, loss=0.0029, RMSE_MU_per_atom=0.00 mDebye, RMSE_MU_DERIV=0.00 mDebye / A, RMSE_ALPHA_per_atom=    0.15, RMSE_ALPHA_DERIV=    9.54
2025-07-13 11:27:53.816 INFO: Epoch 1522: head: Default, loss=0.0029, RMSE_MU_per_atom=0.00 mDebye, RMSE_MU_DERIV=0.00 mDebye / A, RMSE_ALPHA_per_atom=    0.15, RMSE_ALPHA_DERIV=    9.54
2025-07-13 11:28:23.553 INFO: Epoch 1523: head: Default, loss=0.0029, RMSE_MU_per_atom=0.00 mDebye, RMSE_MU_DERIV=0.00 mDebye / A, RMSE_ALPHA_per_atom=    0.15, RMSE_ALPHA_DERIV=    9.54
2025-07-13 11:28:53.301 INFO: Epoch 1524: head: Default, loss=0.0029, RMSE_MU_per_atom=0.00 mDebye, RMSE_MU_DERIV=0.00 mDebye / A, RMSE_ALPHA_per_atom=    0.15, RMSE_ALPHA_DERIV=    9.54
2025-07-13 11:29:23.051 INFO: Epoch 1525: head: Default, loss=0.0029, RMSE_MU_per_atom=0.00 mDebye, RMSE_MU_DERIV=0.00 mDebye / A, RMSE_ALPHA_per_atom=    0.15, RMSE_ALPHA_DERIV=    9.54
2025-07-13 11:29:52.804 INFO: Epoch 1526: head: Default, loss=0.0029, RMSE_MU_per_atom=0.00 mDebye, RMSE_MU_DERIV=0.00 mDebye / A, RMSE_ALPHA_per_atom=    0.15, RMSE_ALPHA_DERIV=    9.54
2025-07-13 11:30:22.547 INFO: Epoch 1527: head: Default, loss=0.0029, RMSE_MU_per_atom=0.00 mDebye, RMSE_MU_DERIV=0.00 mDebye / A, RMSE_ALPHA_per_atom=    0.15, RMSE_ALPHA_DERIV=    9.54
2025-07-13 11:30:52.302 INFO: Epoch 1528: head: Default, loss=0.0029, RMSE_MU_per_atom=0.00 mDebye, RMSE_MU_DERIV=0.00 mDebye / A, RMSE_ALPHA_per_atom=    0.15, RMSE_ALPHA_DERIV=    9.54
2025-07-13 11:31:22.049 INFO: Epoch 1529: head: Default, loss=0.0029, RMSE_MU_per_atom=0.00 mDebye, RMSE_MU_DERIV=0.00 mDebye / A, RMSE_ALPHA_per_atom=    0.15, RMSE_ALPHA_DERIV=    9.54
2025-07-13 11:31:51.792 INFO: Epoch 1530: head: Default, loss=0.0029, RMSE_MU_per_atom=0.00 mDebye, RMSE_MU_DERIV=0.00 mDebye / A, RMSE_ALPHA_per_atom=    0.15, RMSE_ALPHA_DERIV=    9.54
2025-07-13 11:32:21.525 INFO: Epoch 1531: head: Default, loss=0.0029, RMSE_MU_per_atom=0.00 mDebye, RMSE_MU_DERIV=0.00 mDebye / A, RMSE_ALPHA_per_atom=    0.15, RMSE_ALPHA_DERIV=    9.54
2025-07-13 11:32:51.273 INFO: Epoch 1532: head: Default, loss=0.0029, RMSE_MU_per_atom=0.00 mDebye, RMSE_MU_DERIV=0.00 mDebye / A, RMSE_ALPHA_per_atom=    0.15, RMSE_ALPHA_DERIV=    9.54
2025-07-13 11:33:21.009 INFO: Epoch 1533: head: Default, loss=0.0029, RMSE_MU_per_atom=0.00 mDebye, RMSE_MU_DERIV=0.00 mDebye / A, RMSE_ALPHA_per_atom=    0.15, RMSE_ALPHA_DERIV=    9.54
2025-07-13 11:33:50.755 INFO: Epoch 1534: head: Default, loss=0.0029, RMSE_MU_per_atom=0.00 mDebye, RMSE_MU_DERIV=0.00 mDebye / A, RMSE_ALPHA_per_atom=    0.15, RMSE_ALPHA_DERIV=    9.54
2025-07-13 11:34:20.505 INFO: Epoch 1535: head: Default, loss=0.0029, RMSE_MU_per_atom=0.00 mDebye, RMSE_MU_DERIV=0.00 mDebye / A, RMSE_ALPHA_per_atom=    0.15, RMSE_ALPHA_DERIV=    9.54
2025-07-13 11:34:50.242 INFO: Epoch 1536: head: Default, loss=0.0029, RMSE_MU_per_atom=0.00 mDebye, RMSE_MU_DERIV=0.00 mDebye / A, RMSE_ALPHA_per_atom=    0.15, RMSE_ALPHA_DERIV=    9.54
2025-07-13 11:35:19.994 INFO: Epoch 1537: head: Default, loss=0.0029, RMSE_MU_per_atom=0.00 mDebye, RMSE_MU_DERIV=0.00 mDebye / A, RMSE_ALPHA_per_atom=    0.15, RMSE_ALPHA_DERIV=    9.54
2025-07-13 11:35:49.741 INFO: Epoch 1538: head: Default, loss=0.0029, RMSE_MU_per_atom=0.00 mDebye, RMSE_MU_DERIV=0.00 mDebye / A, RMSE_ALPHA_per_atom=    0.15, RMSE_ALPHA_DERIV=    9.54
2025-07-13 11:36:19.489 INFO: Epoch 1539: head: Default, loss=0.0029, RMSE_MU_per_atom=0.00 mDebye, RMSE_MU_DERIV=0.00 mDebye / A, RMSE_ALPHA_per_atom=    0.15, RMSE_ALPHA_DERIV=    9.54
2025-07-13 11:36:49.239 INFO: Epoch 1540: head: Default, loss=0.0029, RMSE_MU_per_atom=0.00 mDebye, RMSE_MU_DERIV=0.00 mDebye / A, RMSE_ALPHA_per_atom=    0.15, RMSE_ALPHA_DERIV=    9.54
2025-07-13 11:37:18.978 INFO: Epoch 1541: head: Default, loss=0.0029, RMSE_MU_per_atom=0.00 mDebye, RMSE_MU_DERIV=0.00 mDebye / A, RMSE_ALPHA_per_atom=    0.15, RMSE_ALPHA_DERIV=    9.54
2025-07-13 11:37:48.715 INFO: Epoch 1542: head: Default, loss=0.0029, RMSE_MU_per_atom=0.00 mDebye, RMSE_MU_DERIV=0.00 mDebye / A, RMSE_ALPHA_per_atom=    0.15, RMSE_ALPHA_DERIV=    9.54
2025-07-13 11:38:18.473 INFO: Epoch 1543: head: Default, loss=0.0029, RMSE_MU_per_atom=0.00 mDebye, RMSE_MU_DERIV=0.00 mDebye / A, RMSE_ALPHA_per_atom=    0.15, RMSE_ALPHA_DERIV=    9.54
2025-07-13 11:38:48.212 INFO: Epoch 1544: head: Default, loss=0.0029, RMSE_MU_per_atom=0.00 mDebye, RMSE_MU_DERIV=0.00 mDebye / A, RMSE_ALPHA_per_atom=    0.15, RMSE_ALPHA_DERIV=    9.54
2025-07-13 11:39:17.961 INFO: Epoch 1545: head: Default, loss=0.0029, RMSE_MU_per_atom=0.00 mDebye, RMSE_MU_DERIV=0.00 mDebye / A, RMSE_ALPHA_per_atom=    0.15, RMSE_ALPHA_DERIV=    9.54
2025-07-13 11:39:47.703 INFO: Epoch 1546: head: Default, loss=0.0029, RMSE_MU_per_atom=0.00 mDebye, RMSE_MU_DERIV=0.00 mDebye / A, RMSE_ALPHA_per_atom=    0.15, RMSE_ALPHA_DERIV=    9.54
2025-07-13 11:40:17.447 INFO: Epoch 1547: head: Default, loss=0.0029, RMSE_MU_per_atom=0.00 mDebye, RMSE_MU_DERIV=0.00 mDebye / A, RMSE_ALPHA_per_atom=    0.15, RMSE_ALPHA_DERIV=    9.54
2025-07-13 11:40:47.194 INFO: Epoch 1548: head: Default, loss=0.0029, RMSE_MU_per_atom=0.00 mDebye, RMSE_MU_DERIV=0.00 mDebye / A, RMSE_ALPHA_per_atom=    0.15, RMSE_ALPHA_DERIV=    9.54
2025-07-13 11:41:16.941 INFO: Epoch 1549: head: Default, loss=0.0029, RMSE_MU_per_atom=0.00 mDebye, RMSE_MU_DERIV=0.00 mDebye / A, RMSE_ALPHA_per_atom=    0.15, RMSE_ALPHA_DERIV=    9.54
2025-07-13 11:41:46.692 INFO: Epoch 1550: head: Default, loss=0.0029, RMSE_MU_per_atom=0.00 mDebye, RMSE_MU_DERIV=0.00 mDebye / A, RMSE_ALPHA_per_atom=    0.15, RMSE_ALPHA_DERIV=    9.54
2025-07-13 11:42:16.432 INFO: Epoch 1551: head: Default, loss=0.0029, RMSE_MU_per_atom=0.00 mDebye, RMSE_MU_DERIV=0.00 mDebye / A, RMSE_ALPHA_per_atom=    0.15, RMSE_ALPHA_DERIV=    9.54
2025-07-13 11:42:46.164 INFO: Epoch 1552: head: Default, loss=0.0029, RMSE_MU_per_atom=0.00 mDebye, RMSE_MU_DERIV=0.00 mDebye / A, RMSE_ALPHA_per_atom=    0.15, RMSE_ALPHA_DERIV=    9.54
2025-07-13 11:43:15.912 INFO: Epoch 1553: head: Default, loss=0.0029, RMSE_MU_per_atom=0.00 mDebye, RMSE_MU_DERIV=0.00 mDebye / A, RMSE_ALPHA_per_atom=    0.15, RMSE_ALPHA_DERIV=    9.54
2025-07-13 11:43:45.666 INFO: Epoch 1554: head: Default, loss=0.0029, RMSE_MU_per_atom=0.00 mDebye, RMSE_MU_DERIV=0.00 mDebye / A, RMSE_ALPHA_per_atom=    0.15, RMSE_ALPHA_DERIV=    9.54
2025-07-13 11:44:15.413 INFO: Epoch 1555: head: Default, loss=0.0029, RMSE_MU_per_atom=0.00 mDebye, RMSE_MU_DERIV=0.00 mDebye / A, RMSE_ALPHA_per_atom=    0.15, RMSE_ALPHA_DERIV=    9.54
2025-07-13 11:44:45.157 INFO: Epoch 1556: head: Default, loss=0.0029, RMSE_MU_per_atom=0.00 mDebye, RMSE_MU_DERIV=0.00 mDebye / A, RMSE_ALPHA_per_atom=    0.15, RMSE_ALPHA_DERIV=    9.54
2025-07-13 11:45:14.901 INFO: Epoch 1557: head: Default, loss=0.0029, RMSE_MU_per_atom=0.00 mDebye, RMSE_MU_DERIV=0.00 mDebye / A, RMSE_ALPHA_per_atom=    0.15, RMSE_ALPHA_DERIV=    9.54
2025-07-13 11:45:44.656 INFO: Epoch 1558: head: Default, loss=0.0029, RMSE_MU_per_atom=0.00 mDebye, RMSE_MU_DERIV=0.00 mDebye / A, RMSE_ALPHA_per_atom=    0.15, RMSE_ALPHA_DERIV=    9.54
2025-07-13 11:46:14.404 INFO: Epoch 1559: head: Default, loss=0.0029, RMSE_MU_per_atom=0.00 mDebye, RMSE_MU_DERIV=0.00 mDebye / A, RMSE_ALPHA_per_atom=    0.15, RMSE_ALPHA_DERIV=    9.54
2025-07-13 11:46:44.157 INFO: Epoch 1560: head: Default, loss=0.0029, RMSE_MU_per_atom=0.00 mDebye, RMSE_MU_DERIV=0.00 mDebye / A, RMSE_ALPHA_per_atom=    0.15, RMSE_ALPHA_DERIV=    9.54
2025-07-13 11:47:13.898 INFO: Epoch 1561: head: Default, loss=0.0029, RMSE_MU_per_atom=0.00 mDebye, RMSE_MU_DERIV=0.00 mDebye / A, RMSE_ALPHA_per_atom=    0.15, RMSE_ALPHA_DERIV=    9.54
2025-07-13 11:47:43.634 INFO: Epoch 1562: head: Default, loss=0.0029, RMSE_MU_per_atom=0.00 mDebye, RMSE_MU_DERIV=0.00 mDebye / A, RMSE_ALPHA_per_atom=    0.15, RMSE_ALPHA_DERIV=    9.54
2025-07-13 11:48:13.374 INFO: Epoch 1563: head: Default, loss=0.0029, RMSE_MU_per_atom=0.00 mDebye, RMSE_MU_DERIV=0.00 mDebye / A, RMSE_ALPHA_per_atom=    0.15, RMSE_ALPHA_DERIV=    9.54
2025-07-13 11:48:43.128 INFO: Epoch 1564: head: Default, loss=0.0029, RMSE_MU_per_atom=0.00 mDebye, RMSE_MU_DERIV=0.00 mDebye / A, RMSE_ALPHA_per_atom=    0.15, RMSE_ALPHA_DERIV=    9.54
2025-07-13 11:49:12.882 INFO: Epoch 1565: head: Default, loss=0.0029, RMSE_MU_per_atom=0.00 mDebye, RMSE_MU_DERIV=0.00 mDebye / A, RMSE_ALPHA_per_atom=    0.15, RMSE_ALPHA_DERIV=    9.54
2025-07-13 11:49:42.622 INFO: Epoch 1566: head: Default, loss=0.0029, RMSE_MU_per_atom=0.00 mDebye, RMSE_MU_DERIV=0.00 mDebye / A, RMSE_ALPHA_per_atom=    0.15, RMSE_ALPHA_DERIV=    9.54
2025-07-13 11:50:12.376 INFO: Epoch 1567: head: Default, loss=0.0029, RMSE_MU_per_atom=0.00 mDebye, RMSE_MU_DERIV=0.00 mDebye / A, RMSE_ALPHA_per_atom=    0.15, RMSE_ALPHA_DERIV=    9.54
2025-07-13 11:50:42.125 INFO: Epoch 1568: head: Default, loss=0.0029, RMSE_MU_per_atom=0.00 mDebye, RMSE_MU_DERIV=0.00 mDebye / A, RMSE_ALPHA_per_atom=    0.15, RMSE_ALPHA_DERIV=    9.54
2025-07-13 11:51:11.876 INFO: Epoch 1569: head: Default, loss=0.0029, RMSE_MU_per_atom=0.00 mDebye, RMSE_MU_DERIV=0.00 mDebye / A, RMSE_ALPHA_per_atom=    0.15, RMSE_ALPHA_DERIV=    9.54
2025-07-13 11:51:41.617 INFO: Epoch 1570: head: Default, loss=0.0029, RMSE_MU_per_atom=0.00 mDebye, RMSE_MU_DERIV=0.00 mDebye / A, RMSE_ALPHA_per_atom=    0.15, RMSE_ALPHA_DERIV=    9.54
2025-07-13 11:52:11.368 INFO: Epoch 1571: head: Default, loss=0.0029, RMSE_MU_per_atom=0.00 mDebye, RMSE_MU_DERIV=0.00 mDebye / A, RMSE_ALPHA_per_atom=    0.15, RMSE_ALPHA_DERIV=    9.54
2025-07-13 11:52:41.108 INFO: Epoch 1572: head: Default, loss=0.0029, RMSE_MU_per_atom=0.00 mDebye, RMSE_MU_DERIV=0.00 mDebye / A, RMSE_ALPHA_per_atom=    0.15, RMSE_ALPHA_DERIV=    9.54
2025-07-13 11:53:10.851 INFO: Epoch 1573: head: Default, loss=0.0029, RMSE_MU_per_atom=0.00 mDebye, RMSE_MU_DERIV=0.00 mDebye / A, RMSE_ALPHA_per_atom=    0.15, RMSE_ALPHA_DERIV=    9.54
2025-07-13 11:53:40.606 INFO: Epoch 1574: head: Default, loss=0.0029, RMSE_MU_per_atom=0.00 mDebye, RMSE_MU_DERIV=0.00 mDebye / A, RMSE_ALPHA_per_atom=    0.15, RMSE_ALPHA_DERIV=    9.54
2025-07-13 11:54:10.356 INFO: Epoch 1575: head: Default, loss=0.0029, RMSE_MU_per_atom=0.00 mDebye, RMSE_MU_DERIV=0.00 mDebye / A, RMSE_ALPHA_per_atom=    0.15, RMSE_ALPHA_DERIV=    9.54
2025-07-13 11:54:40.113 INFO: Epoch 1576: head: Default, loss=0.0029, RMSE_MU_per_atom=0.00 mDebye, RMSE_MU_DERIV=0.00 mDebye / A, RMSE_ALPHA_per_atom=    0.15, RMSE_ALPHA_DERIV=    9.54
2025-07-13 11:55:09.860 INFO: Epoch 1577: head: Default, loss=0.0029, RMSE_MU_per_atom=0.00 mDebye, RMSE_MU_DERIV=0.00 mDebye / A, RMSE_ALPHA_per_atom=    0.15, RMSE_ALPHA_DERIV=    9.54
2025-07-13 11:55:39.615 INFO: Epoch 1578: head: Default, loss=0.0029, RMSE_MU_per_atom=0.00 mDebye, RMSE_MU_DERIV=0.00 mDebye / A, RMSE_ALPHA_per_atom=    0.15, RMSE_ALPHA_DERIV=    9.54
2025-07-13 11:56:09.360 INFO: Epoch 1579: head: Default, loss=0.0029, RMSE_MU_per_atom=0.00 mDebye, RMSE_MU_DERIV=0.00 mDebye / A, RMSE_ALPHA_per_atom=    0.15, RMSE_ALPHA_DERIV=    9.54
2025-07-13 11:56:39.113 INFO: Epoch 1580: head: Default, loss=0.0029, RMSE_MU_per_atom=0.00 mDebye, RMSE_MU_DERIV=0.00 mDebye / A, RMSE_ALPHA_per_atom=    0.15, RMSE_ALPHA_DERIV=    9.54
2025-07-13 11:57:08.862 INFO: Epoch 1581: head: Default, loss=0.0029, RMSE_MU_per_atom=0.00 mDebye, RMSE_MU_DERIV=0.00 mDebye / A, RMSE_ALPHA_per_atom=    0.15, RMSE_ALPHA_DERIV=    9.54
2025-07-13 11:57:38.624 INFO: Epoch 1582: head: Default, loss=0.0029, RMSE_MU_per_atom=0.00 mDebye, RMSE_MU_DERIV=0.00 mDebye / A, RMSE_ALPHA_per_atom=    0.15, RMSE_ALPHA_DERIV=    9.54
2025-07-13 11:58:08.357 INFO: Epoch 1583: head: Default, loss=0.0029, RMSE_MU_per_atom=0.00 mDebye, RMSE_MU_DERIV=0.00 mDebye / A, RMSE_ALPHA_per_atom=    0.15, RMSE_ALPHA_DERIV=    9.54
2025-07-13 11:58:38.108 INFO: Epoch 1584: head: Default, loss=0.0029, RMSE_MU_per_atom=0.00 mDebye, RMSE_MU_DERIV=0.00 mDebye / A, RMSE_ALPHA_per_atom=    0.15, RMSE_ALPHA_DERIV=    9.54
2025-07-13 11:59:07.851 INFO: Epoch 1585: head: Default, loss=0.0029, RMSE_MU_per_atom=0.00 mDebye, RMSE_MU_DERIV=0.00 mDebye / A, RMSE_ALPHA_per_atom=    0.15, RMSE_ALPHA_DERIV=    9.54
2025-07-13 11:59:37.595 INFO: Epoch 1586: head: Default, loss=0.0029, RMSE_MU_per_atom=0.00 mDebye, RMSE_MU_DERIV=0.00 mDebye / A, RMSE_ALPHA_per_atom=    0.15, RMSE_ALPHA_DERIV=    9.54
2025-07-13 12:00:07.346 INFO: Epoch 1587: head: Default, loss=0.0029, RMSE_MU_per_atom=0.00 mDebye, RMSE_MU_DERIV=0.00 mDebye / A, RMSE_ALPHA_per_atom=    0.15, RMSE_ALPHA_DERIV=    9.54
2025-07-13 12:00:37.091 INFO: Epoch 1588: head: Default, loss=0.0029, RMSE_MU_per_atom=0.00 mDebye, RMSE_MU_DERIV=0.00 mDebye / A, RMSE_ALPHA_per_atom=    0.15, RMSE_ALPHA_DERIV=    9.54
2025-07-13 12:01:06.831 INFO: Epoch 1589: head: Default, loss=0.0029, RMSE_MU_per_atom=0.00 mDebye, RMSE_MU_DERIV=0.00 mDebye / A, RMSE_ALPHA_per_atom=    0.15, RMSE_ALPHA_DERIV=    9.54
2025-07-13 12:01:36.577 INFO: Epoch 1590: head: Default, loss=0.0029, RMSE_MU_per_atom=0.00 mDebye, RMSE_MU_DERIV=0.00 mDebye / A, RMSE_ALPHA_per_atom=    0.15, RMSE_ALPHA_DERIV=    9.54
2025-07-13 12:02:06.322 INFO: Epoch 1591: head: Default, loss=0.0029, RMSE_MU_per_atom=0.00 mDebye, RMSE_MU_DERIV=0.00 mDebye / A, RMSE_ALPHA_per_atom=    0.15, RMSE_ALPHA_DERIV=    9.54
2025-07-13 12:02:36.065 INFO: Epoch 1592: head: Default, loss=0.0029, RMSE_MU_per_atom=0.00 mDebye, RMSE_MU_DERIV=0.00 mDebye / A, RMSE_ALPHA_per_atom=    0.15, RMSE_ALPHA_DERIV=    9.54
2025-07-13 12:03:05.816 INFO: Epoch 1593: head: Default, loss=0.0029, RMSE_MU_per_atom=0.00 mDebye, RMSE_MU_DERIV=0.00 mDebye / A, RMSE_ALPHA_per_atom=    0.15, RMSE_ALPHA_DERIV=    9.54
2025-07-13 12:03:35.553 INFO: Epoch 1594: head: Default, loss=0.0029, RMSE_MU_per_atom=0.00 mDebye, RMSE_MU_DERIV=0.00 mDebye / A, RMSE_ALPHA_per_atom=    0.15, RMSE_ALPHA_DERIV=    9.54
2025-07-13 12:04:05.296 INFO: Epoch 1595: head: Default, loss=0.0029, RMSE_MU_per_atom=0.00 mDebye, RMSE_MU_DERIV=0.00 mDebye / A, RMSE_ALPHA_per_atom=    0.15, RMSE_ALPHA_DERIV=    9.54
2025-07-13 12:04:35.038 INFO: Epoch 1596: head: Default, loss=0.0029, RMSE_MU_per_atom=0.00 mDebye, RMSE_MU_DERIV=0.00 mDebye / A, RMSE_ALPHA_per_atom=    0.15, RMSE_ALPHA_DERIV=    9.54
2025-07-13 12:05:04.786 INFO: Epoch 1597: head: Default, loss=0.0029, RMSE_MU_per_atom=0.00 mDebye, RMSE_MU_DERIV=0.00 mDebye / A, RMSE_ALPHA_per_atom=    0.15, RMSE_ALPHA_DERIV=    9.54
2025-07-13 12:05:34.542 INFO: Epoch 1598: head: Default, loss=0.0029, RMSE_MU_per_atom=0.00 mDebye, RMSE_MU_DERIV=0.00 mDebye / A, RMSE_ALPHA_per_atom=    0.15, RMSE_ALPHA_DERIV=    9.54
2025-07-13 12:06:04.281 INFO: Epoch 1599: head: Default, loss=0.0029, RMSE_MU_per_atom=0.00 mDebye, RMSE_MU_DERIV=0.00 mDebye / A, RMSE_ALPHA_per_atom=    0.15, RMSE_ALPHA_DERIV=    9.54
2025-07-13 12:06:34.027 INFO: Epoch 1600: head: Default, loss=0.0029, RMSE_MU_per_atom=0.00 mDebye, RMSE_MU_DERIV=0.00 mDebye / A, RMSE_ALPHA_per_atom=    0.15, RMSE_ALPHA_DERIV=    9.54
2025-07-13 12:07:03.790 INFO: Epoch 1601: head: Default, loss=0.0029, RMSE_MU_per_atom=0.00 mDebye, RMSE_MU_DERIV=0.00 mDebye / A, RMSE_ALPHA_per_atom=    0.15, RMSE_ALPHA_DERIV=    9.54
2025-07-13 12:07:33.532 INFO: Epoch 1602: head: Default, loss=0.0029, RMSE_MU_per_atom=0.00 mDebye, RMSE_MU_DERIV=0.00 mDebye / A, RMSE_ALPHA_per_atom=    0.15, RMSE_ALPHA_DERIV=    9.54
2025-07-13 12:08:03.285 INFO: Epoch 1603: head: Default, loss=0.0029, RMSE_MU_per_atom=0.00 mDebye, RMSE_MU_DERIV=0.00 mDebye / A, RMSE_ALPHA_per_atom=    0.15, RMSE_ALPHA_DERIV=    9.54
2025-07-13 12:08:33.026 INFO: Epoch 1604: head: Default, loss=0.0029, RMSE_MU_per_atom=0.00 mDebye, RMSE_MU_DERIV=0.00 mDebye / A, RMSE_ALPHA_per_atom=    0.15, RMSE_ALPHA_DERIV=    9.54
2025-07-13 12:09:02.773 INFO: Epoch 1605: head: Default, loss=0.0029, RMSE_MU_per_atom=0.00 mDebye, RMSE_MU_DERIV=0.00 mDebye / A, RMSE_ALPHA_per_atom=    0.15, RMSE_ALPHA_DERIV=    9.54
2025-07-13 12:09:32.521 INFO: Epoch 1606: head: Default, loss=0.0029, RMSE_MU_per_atom=0.00 mDebye, RMSE_MU_DERIV=0.00 mDebye / A, RMSE_ALPHA_per_atom=    0.15, RMSE_ALPHA_DERIV=    9.54
2025-07-13 12:10:02.280 INFO: Epoch 1607: head: Default, loss=0.0029, RMSE_MU_per_atom=0.00 mDebye, RMSE_MU_DERIV=0.00 mDebye / A, RMSE_ALPHA_per_atom=    0.15, RMSE_ALPHA_DERIV=    9.54
2025-07-13 12:10:32.029 INFO: Epoch 1608: head: Default, loss=0.0029, RMSE_MU_per_atom=0.00 mDebye, RMSE_MU_DERIV=0.00 mDebye / A, RMSE_ALPHA_per_atom=    0.15, RMSE_ALPHA_DERIV=    9.54
2025-07-13 12:11:01.777 INFO: Epoch 1609: head: Default, loss=0.0029, RMSE_MU_per_atom=0.00 mDebye, RMSE_MU_DERIV=0.00 mDebye / A, RMSE_ALPHA_per_atom=    0.15, RMSE_ALPHA_DERIV=    9.54
2025-07-13 12:11:31.533 INFO: Epoch 1610: head: Default, loss=0.0029, RMSE_MU_per_atom=0.00 mDebye, RMSE_MU_DERIV=0.00 mDebye / A, RMSE_ALPHA_per_atom=    0.15, RMSE_ALPHA_DERIV=    9.54
2025-07-13 12:12:01.271 INFO: Epoch 1611: head: Default, loss=0.0029, RMSE_MU_per_atom=0.00 mDebye, RMSE_MU_DERIV=0.00 mDebye / A, RMSE_ALPHA_per_atom=    0.15, RMSE_ALPHA_DERIV=    9.54
2025-07-13 12:12:31.021 INFO: Epoch 1612: head: Default, loss=0.0029, RMSE_MU_per_atom=0.00 mDebye, RMSE_MU_DERIV=0.00 mDebye / A, RMSE_ALPHA_per_atom=    0.15, RMSE_ALPHA_DERIV=    9.54
2025-07-13 12:13:00.771 INFO: Epoch 1613: head: Default, loss=0.0029, RMSE_MU_per_atom=0.00 mDebye, RMSE_MU_DERIV=0.00 mDebye / A, RMSE_ALPHA_per_atom=    0.15, RMSE_ALPHA_DERIV=    9.54
2025-07-13 12:13:30.530 INFO: Epoch 1614: head: Default, loss=0.0029, RMSE_MU_per_atom=0.00 mDebye, RMSE_MU_DERIV=0.00 mDebye / A, RMSE_ALPHA_per_atom=    0.15, RMSE_ALPHA_DERIV=    9.54
2025-07-13 12:14:00.273 INFO: Epoch 1615: head: Default, loss=0.0029, RMSE_MU_per_atom=0.00 mDebye, RMSE_MU_DERIV=0.00 mDebye / A, RMSE_ALPHA_per_atom=    0.15, RMSE_ALPHA_DERIV=    9.54
2025-07-13 12:14:30.018 INFO: Epoch 1616: head: Default, loss=0.0029, RMSE_MU_per_atom=0.00 mDebye, RMSE_MU_DERIV=0.00 mDebye / A, RMSE_ALPHA_per_atom=    0.15, RMSE_ALPHA_DERIV=    9.54
2025-07-13 12:14:59.752 INFO: Epoch 1617: head: Default, loss=0.0029, RMSE_MU_per_atom=0.00 mDebye, RMSE_MU_DERIV=0.00 mDebye / A, RMSE_ALPHA_per_atom=    0.15, RMSE_ALPHA_DERIV=    9.54
2025-07-13 12:15:29.506 INFO: Epoch 1618: head: Default, loss=0.0029, RMSE_MU_per_atom=0.00 mDebye, RMSE_MU_DERIV=0.00 mDebye / A, RMSE_ALPHA_per_atom=    0.15, RMSE_ALPHA_DERIV=    9.54
2025-07-13 12:15:59.254 INFO: Epoch 1619: head: Default, loss=0.0029, RMSE_MU_per_atom=0.00 mDebye, RMSE_MU_DERIV=0.00 mDebye / A, RMSE_ALPHA_per_atom=    0.15, RMSE_ALPHA_DERIV=    9.54
2025-07-13 12:16:28.997 INFO: Epoch 1620: head: Default, loss=0.0029, RMSE_MU_per_atom=0.00 mDebye, RMSE_MU_DERIV=0.00 mDebye / A, RMSE_ALPHA_per_atom=    0.15, RMSE_ALPHA_DERIV=    9.54
2025-07-13 12:16:58.747 INFO: Epoch 1621: head: Default, loss=0.0029, RMSE_MU_per_atom=0.00 mDebye, RMSE_MU_DERIV=0.00 mDebye / A, RMSE_ALPHA_per_atom=    0.15, RMSE_ALPHA_DERIV=    9.54
2025-07-13 12:17:28.494 INFO: Epoch 1622: head: Default, loss=0.0029, RMSE_MU_per_atom=0.00 mDebye, RMSE_MU_DERIV=0.00 mDebye / A, RMSE_ALPHA_per_atom=    0.15, RMSE_ALPHA_DERIV=    9.54
2025-07-13 12:17:58.240 INFO: Epoch 1623: head: Default, loss=0.0029, RMSE_MU_per_atom=0.00 mDebye, RMSE_MU_DERIV=0.00 mDebye / A, RMSE_ALPHA_per_atom=    0.15, RMSE_ALPHA_DERIV=    9.54
2025-07-13 12:18:27.991 INFO: Epoch 1624: head: Default, loss=0.0029, RMSE_MU_per_atom=0.00 mDebye, RMSE_MU_DERIV=0.00 mDebye / A, RMSE_ALPHA_per_atom=    0.15, RMSE_ALPHA_DERIV=    9.54
2025-07-13 12:18:57.744 INFO: Epoch 1625: head: Default, loss=0.0029, RMSE_MU_per_atom=0.00 mDebye, RMSE_MU_DERIV=0.00 mDebye / A, RMSE_ALPHA_per_atom=    0.15, RMSE_ALPHA_DERIV=    9.54
2025-07-13 12:19:27.481 INFO: Epoch 1626: head: Default, loss=0.0029, RMSE_MU_per_atom=0.00 mDebye, RMSE_MU_DERIV=0.00 mDebye / A, RMSE_ALPHA_per_atom=    0.15, RMSE_ALPHA_DERIV=    9.54
2025-07-13 12:19:57.232 INFO: Epoch 1627: head: Default, loss=0.0029, RMSE_MU_per_atom=0.00 mDebye, RMSE_MU_DERIV=0.00 mDebye / A, RMSE_ALPHA_per_atom=    0.15, RMSE_ALPHA_DERIV=    9.54
2025-07-13 12:20:26.969 INFO: Epoch 1628: head: Default, loss=0.0029, RMSE_MU_per_atom=0.00 mDebye, RMSE_MU_DERIV=0.00 mDebye / A, RMSE_ALPHA_per_atom=    0.15, RMSE_ALPHA_DERIV=    9.54
2025-07-13 12:20:56.720 INFO: Epoch 1629: head: Default, loss=0.0029, RMSE_MU_per_atom=0.00 mDebye, RMSE_MU_DERIV=0.00 mDebye / A, RMSE_ALPHA_per_atom=    0.15, RMSE_ALPHA_DERIV=    9.54
2025-07-13 12:21:26.474 INFO: Epoch 1630: head: Default, loss=0.0029, RMSE_MU_per_atom=0.00 mDebye, RMSE_MU_DERIV=0.00 mDebye / A, RMSE_ALPHA_per_atom=    0.15, RMSE_ALPHA_DERIV=    9.54
2025-07-13 12:21:56.220 INFO: Epoch 1631: head: Default, loss=0.0029, RMSE_MU_per_atom=0.00 mDebye, RMSE_MU_DERIV=0.00 mDebye / A, RMSE_ALPHA_per_atom=    0.15, RMSE_ALPHA_DERIV=    9.54
2025-07-13 12:22:25.973 INFO: Epoch 1632: head: Default, loss=0.0029, RMSE_MU_per_atom=0.00 mDebye, RMSE_MU_DERIV=0.00 mDebye / A, RMSE_ALPHA_per_atom=    0.15, RMSE_ALPHA_DERIV=    9.54
2025-07-13 12:22:55.732 INFO: Epoch 1633: head: Default, loss=0.0029, RMSE_MU_per_atom=0.00 mDebye, RMSE_MU_DERIV=0.00 mDebye / A, RMSE_ALPHA_per_atom=    0.15, RMSE_ALPHA_DERIV=    9.54
2025-07-13 12:23:25.479 INFO: Epoch 1634: head: Default, loss=0.0029, RMSE_MU_per_atom=0.00 mDebye, RMSE_MU_DERIV=0.00 mDebye / A, RMSE_ALPHA_per_atom=    0.15, RMSE_ALPHA_DERIV=    9.54
2025-07-13 12:23:55.236 INFO: Epoch 1635: head: Default, loss=0.0029, RMSE_MU_per_atom=0.00 mDebye, RMSE_MU_DERIV=0.00 mDebye / A, RMSE_ALPHA_per_atom=    0.15, RMSE_ALPHA_DERIV=    9.54
2025-07-13 12:24:24.999 INFO: Epoch 1636: head: Default, loss=0.0029, RMSE_MU_per_atom=0.00 mDebye, RMSE_MU_DERIV=0.00 mDebye / A, RMSE_ALPHA_per_atom=    0.15, RMSE_ALPHA_DERIV=    9.54
2025-07-13 12:24:54.744 INFO: Epoch 1637: head: Default, loss=0.0029, RMSE_MU_per_atom=0.00 mDebye, RMSE_MU_DERIV=0.00 mDebye / A, RMSE_ALPHA_per_atom=    0.15, RMSE_ALPHA_DERIV=    9.54
2025-07-13 12:25:24.487 INFO: Epoch 1638: head: Default, loss=0.0029, RMSE_MU_per_atom=0.00 mDebye, RMSE_MU_DERIV=0.00 mDebye / A, RMSE_ALPHA_per_atom=    0.15, RMSE_ALPHA_DERIV=    9.54
2025-07-13 12:25:54.216 INFO: Epoch 1639: head: Default, loss=0.0029, RMSE_MU_per_atom=0.00 mDebye, RMSE_MU_DERIV=0.00 mDebye / A, RMSE_ALPHA_per_atom=    0.15, RMSE_ALPHA_DERIV=    9.54
2025-07-13 12:26:23.973 INFO: Epoch 1640: head: Default, loss=0.0029, RMSE_MU_per_atom=0.00 mDebye, RMSE_MU_DERIV=0.00 mDebye / A, RMSE_ALPHA_per_atom=    0.15, RMSE_ALPHA_DERIV=    9.54
2025-07-13 12:26:53.710 INFO: Epoch 1641: head: Default, loss=0.0029, RMSE_MU_per_atom=0.00 mDebye, RMSE_MU_DERIV=0.00 mDebye / A, RMSE_ALPHA_per_atom=    0.15, RMSE_ALPHA_DERIV=    9.54
2025-07-13 12:27:23.452 INFO: Epoch 1642: head: Default, loss=0.0029, RMSE_MU_per_atom=0.00 mDebye, RMSE_MU_DERIV=0.00 mDebye / A, RMSE_ALPHA_per_atom=    0.15, RMSE_ALPHA_DERIV=    9.54
2025-07-13 12:27:53.197 INFO: Epoch 1643: head: Default, loss=0.0029, RMSE_MU_per_atom=0.00 mDebye, RMSE_MU_DERIV=0.00 mDebye / A, RMSE_ALPHA_per_atom=    0.15, RMSE_ALPHA_DERIV=    9.54
2025-07-13 12:28:22.941 INFO: Epoch 1644: head: Default, loss=0.0029, RMSE_MU_per_atom=0.00 mDebye, RMSE_MU_DERIV=0.00 mDebye / A, RMSE_ALPHA_per_atom=    0.15, RMSE_ALPHA_DERIV=    9.54
2025-07-13 12:28:52.687 INFO: Epoch 1645: head: Default, loss=0.0029, RMSE_MU_per_atom=0.00 mDebye, RMSE_MU_DERIV=0.00 mDebye / A, RMSE_ALPHA_per_atom=    0.15, RMSE_ALPHA_DERIV=    9.54
2025-07-13 12:29:22.443 INFO: Epoch 1646: head: Default, loss=0.0029, RMSE_MU_per_atom=0.00 mDebye, RMSE_MU_DERIV=0.00 mDebye / A, RMSE_ALPHA_per_atom=    0.15, RMSE_ALPHA_DERIV=    9.54
2025-07-13 12:29:52.184 INFO: Epoch 1647: head: Default, loss=0.0029, RMSE_MU_per_atom=0.00 mDebye, RMSE_MU_DERIV=0.00 mDebye / A, RMSE_ALPHA_per_atom=    0.15, RMSE_ALPHA_DERIV=    9.54
2025-07-13 12:30:21.935 INFO: Epoch 1648: head: Default, loss=0.0029, RMSE_MU_per_atom=0.00 mDebye, RMSE_MU_DERIV=0.00 mDebye / A, RMSE_ALPHA_per_atom=    0.15, RMSE_ALPHA_DERIV=    9.54
2025-07-13 12:30:51.672 INFO: Epoch 1649: head: Default, loss=0.0029, RMSE_MU_per_atom=0.00 mDebye, RMSE_MU_DERIV=0.00 mDebye / A, RMSE_ALPHA_per_atom=    0.15, RMSE_ALPHA_DERIV=    9.54
2025-07-13 12:31:21.433 INFO: Epoch 1650: head: Default, loss=0.0029, RMSE_MU_per_atom=0.00 mDebye, RMSE_MU_DERIV=0.00 mDebye / A, RMSE_ALPHA_per_atom=    0.15, RMSE_ALPHA_DERIV=    9.54
2025-07-13 12:31:51.167 INFO: Epoch 1651: head: Default, loss=0.0029, RMSE_MU_per_atom=0.00 mDebye, RMSE_MU_DERIV=0.00 mDebye / A, RMSE_ALPHA_per_atom=    0.15, RMSE_ALPHA_DERIV=    9.54
2025-07-13 12:32:20.910 INFO: Epoch 1652: head: Default, loss=0.0029, RMSE_MU_per_atom=0.00 mDebye, RMSE_MU_DERIV=0.00 mDebye / A, RMSE_ALPHA_per_atom=    0.15, RMSE_ALPHA_DERIV=    9.54
2025-07-13 12:32:50.660 INFO: Epoch 1653: head: Default, loss=0.0029, RMSE_MU_per_atom=0.00 mDebye, RMSE_MU_DERIV=0.00 mDebye / A, RMSE_ALPHA_per_atom=    0.15, RMSE_ALPHA_DERIV=    9.54
2025-07-13 12:33:20.400 INFO: Epoch 1654: head: Default, loss=0.0029, RMSE_MU_per_atom=0.00 mDebye, RMSE_MU_DERIV=0.00 mDebye / A, RMSE_ALPHA_per_atom=    0.15, RMSE_ALPHA_DERIV=    9.54
2025-07-13 12:33:50.144 INFO: Epoch 1655: head: Default, loss=0.0029, RMSE_MU_per_atom=0.00 mDebye, RMSE_MU_DERIV=0.00 mDebye / A, RMSE_ALPHA_per_atom=    0.15, RMSE_ALPHA_DERIV=    9.54
2025-07-13 12:34:19.899 INFO: Epoch 1656: head: Default, loss=0.0029, RMSE_MU_per_atom=0.00 mDebye, RMSE_MU_DERIV=0.00 mDebye / A, RMSE_ALPHA_per_atom=    0.15, RMSE_ALPHA_DERIV=    9.54
2025-07-13 12:34:49.633 INFO: Epoch 1657: head: Default, loss=0.0029, RMSE_MU_per_atom=0.00 mDebye, RMSE_MU_DERIV=0.00 mDebye / A, RMSE_ALPHA_per_atom=    0.15, RMSE_ALPHA_DERIV=    9.54
2025-07-13 12:35:19.376 INFO: Epoch 1658: head: Default, loss=0.0029, RMSE_MU_per_atom=0.00 mDebye, RMSE_MU_DERIV=0.00 mDebye / A, RMSE_ALPHA_per_atom=    0.15, RMSE_ALPHA_DERIV=    9.54
2025-07-13 12:35:49.117 INFO: Epoch 1659: head: Default, loss=0.0029, RMSE_MU_per_atom=0.00 mDebye, RMSE_MU_DERIV=0.00 mDebye / A, RMSE_ALPHA_per_atom=    0.15, RMSE_ALPHA_DERIV=    9.54
2025-07-13 12:36:18.859 INFO: Epoch 1660: head: Default, loss=0.0029, RMSE_MU_per_atom=0.00 mDebye, RMSE_MU_DERIV=0.00 mDebye / A, RMSE_ALPHA_per_atom=    0.15, RMSE_ALPHA_DERIV=    9.54
2025-07-13 12:36:48.618 INFO: Epoch 1661: head: Default, loss=0.0029, RMSE_MU_per_atom=0.00 mDebye, RMSE_MU_DERIV=0.00 mDebye / A, RMSE_ALPHA_per_atom=    0.15, RMSE_ALPHA_DERIV=    9.54
2025-07-13 12:37:18.352 INFO: Epoch 1662: head: Default, loss=0.0029, RMSE_MU_per_atom=0.00 mDebye, RMSE_MU_DERIV=0.00 mDebye / A, RMSE_ALPHA_per_atom=    0.15, RMSE_ALPHA_DERIV=    9.54
2025-07-13 12:37:48.102 INFO: Epoch 1663: head: Default, loss=0.0029, RMSE_MU_per_atom=0.00 mDebye, RMSE_MU_DERIV=0.00 mDebye / A, RMSE_ALPHA_per_atom=    0.15, RMSE_ALPHA_DERIV=    9.54
2025-07-13 12:38:17.846 INFO: Epoch 1664: head: Default, loss=0.0029, RMSE_MU_per_atom=0.00 mDebye, RMSE_MU_DERIV=0.00 mDebye / A, RMSE_ALPHA_per_atom=    0.15, RMSE_ALPHA_DERIV=    9.54
2025-07-13 12:38:47.591 INFO: Epoch 1665: head: Default, loss=0.0029, RMSE_MU_per_atom=0.00 mDebye, RMSE_MU_DERIV=0.00 mDebye / A, RMSE_ALPHA_per_atom=    0.15, RMSE_ALPHA_DERIV=    9.54
2025-07-13 12:39:17.326 INFO: Epoch 1666: head: Default, loss=0.0029, RMSE_MU_per_atom=0.00 mDebye, RMSE_MU_DERIV=0.00 mDebye / A, RMSE_ALPHA_per_atom=    0.15, RMSE_ALPHA_DERIV=    9.54
2025-07-13 12:39:47.070 INFO: Epoch 1667: head: Default, loss=0.0029, RMSE_MU_per_atom=0.00 mDebye, RMSE_MU_DERIV=0.00 mDebye / A, RMSE_ALPHA_per_atom=    0.15, RMSE_ALPHA_DERIV=    9.54
2025-07-13 12:40:16.812 INFO: Epoch 1668: head: Default, loss=0.0029, RMSE_MU_per_atom=0.00 mDebye, RMSE_MU_DERIV=0.00 mDebye / A, RMSE_ALPHA_per_atom=    0.15, RMSE_ALPHA_DERIV=    9.54
2025-07-13 12:40:46.557 INFO: Epoch 1669: head: Default, loss=0.0029, RMSE_MU_per_atom=0.00 mDebye, RMSE_MU_DERIV=0.00 mDebye / A, RMSE_ALPHA_per_atom=    0.15, RMSE_ALPHA_DERIV=    9.54
2025-07-13 12:41:16.304 INFO: Epoch 1670: head: Default, loss=0.0029, RMSE_MU_per_atom=0.00 mDebye, RMSE_MU_DERIV=0.00 mDebye / A, RMSE_ALPHA_per_atom=    0.15, RMSE_ALPHA_DERIV=    9.54
2025-07-13 12:41:46.058 INFO: Epoch 1671: head: Default, loss=0.0029, RMSE_MU_per_atom=0.00 mDebye, RMSE_MU_DERIV=0.00 mDebye / A, RMSE_ALPHA_per_atom=    0.15, RMSE_ALPHA_DERIV=    9.54
2025-07-13 12:42:15.807 INFO: Epoch 1672: head: Default, loss=0.0029, RMSE_MU_per_atom=0.00 mDebye, RMSE_MU_DERIV=0.00 mDebye / A, RMSE_ALPHA_per_atom=    0.15, RMSE_ALPHA_DERIV=    9.54
2025-07-13 12:42:45.553 INFO: Epoch 1673: head: Default, loss=0.0029, RMSE_MU_per_atom=0.00 mDebye, RMSE_MU_DERIV=0.00 mDebye / A, RMSE_ALPHA_per_atom=    0.15, RMSE_ALPHA_DERIV=    9.54
2025-07-13 12:43:15.312 INFO: Epoch 1674: head: Default, loss=0.0029, RMSE_MU_per_atom=0.00 mDebye, RMSE_MU_DERIV=0.00 mDebye / A, RMSE_ALPHA_per_atom=    0.15, RMSE_ALPHA_DERIV=    9.54
2025-07-13 12:43:45.055 INFO: Epoch 1675: head: Default, loss=0.0029, RMSE_MU_per_atom=0.00 mDebye, RMSE_MU_DERIV=0.00 mDebye / A, RMSE_ALPHA_per_atom=    0.15, RMSE_ALPHA_DERIV=    9.54
2025-07-13 12:44:14.808 INFO: Epoch 1676: head: Default, loss=0.0029, RMSE_MU_per_atom=0.00 mDebye, RMSE_MU_DERIV=0.00 mDebye / A, RMSE_ALPHA_per_atom=    0.15, RMSE_ALPHA_DERIV=    9.54
2025-07-13 12:44:44.555 INFO: Epoch 1677: head: Default, loss=0.0029, RMSE_MU_per_atom=0.00 mDebye, RMSE_MU_DERIV=0.00 mDebye / A, RMSE_ALPHA_per_atom=    0.15, RMSE_ALPHA_DERIV=    9.54
2025-07-13 12:45:14.296 INFO: Epoch 1678: head: Default, loss=0.0029, RMSE_MU_per_atom=0.00 mDebye, RMSE_MU_DERIV=0.00 mDebye / A, RMSE_ALPHA_per_atom=    0.15, RMSE_ALPHA_DERIV=    9.54
2025-07-13 12:45:44.053 INFO: Epoch 1679: head: Default, loss=0.0029, RMSE_MU_per_atom=0.00 mDebye, RMSE_MU_DERIV=0.00 mDebye / A, RMSE_ALPHA_per_atom=    0.15, RMSE_ALPHA_DERIV=    9.54
2025-07-13 12:46:13.791 INFO: Epoch 1680: head: Default, loss=0.0029, RMSE_MU_per_atom=0.00 mDebye, RMSE_MU_DERIV=0.00 mDebye / A, RMSE_ALPHA_per_atom=    0.15, RMSE_ALPHA_DERIV=    9.54
2025-07-13 12:46:43.530 INFO: Epoch 1681: head: Default, loss=0.0029, RMSE_MU_per_atom=0.00 mDebye, RMSE_MU_DERIV=0.00 mDebye / A, RMSE_ALPHA_per_atom=    0.15, RMSE_ALPHA_DERIV=    9.54
2025-07-13 12:47:13.273 INFO: Epoch 1682: head: Default, loss=0.0029, RMSE_MU_per_atom=0.00 mDebye, RMSE_MU_DERIV=0.00 mDebye / A, RMSE_ALPHA_per_atom=    0.15, RMSE_ALPHA_DERIV=    9.54
2025-07-13 12:47:43.001 INFO: Epoch 1683: head: Default, loss=0.0029, RMSE_MU_per_atom=0.00 mDebye, RMSE_MU_DERIV=0.00 mDebye / A, RMSE_ALPHA_per_atom=    0.15, RMSE_ALPHA_DERIV=    9.54
2025-07-13 12:48:12.750 INFO: Epoch 1684: head: Default, loss=0.0029, RMSE_MU_per_atom=0.00 mDebye, RMSE_MU_DERIV=0.00 mDebye / A, RMSE_ALPHA_per_atom=    0.15, RMSE_ALPHA_DERIV=    9.54
2025-07-13 12:48:42.495 INFO: Epoch 1685: head: Default, loss=0.0029, RMSE_MU_per_atom=0.00 mDebye, RMSE_MU_DERIV=0.00 mDebye / A, RMSE_ALPHA_per_atom=    0.15, RMSE_ALPHA_DERIV=    9.54
2025-07-13 12:49:12.234 INFO: Epoch 1686: head: Default, loss=0.0029, RMSE_MU_per_atom=0.00 mDebye, RMSE_MU_DERIV=0.00 mDebye / A, RMSE_ALPHA_per_atom=    0.15, RMSE_ALPHA_DERIV=    9.54
2025-07-13 12:49:41.982 INFO: Epoch 1687: head: Default, loss=0.0029, RMSE_MU_per_atom=0.00 mDebye, RMSE_MU_DERIV=0.00 mDebye / A, RMSE_ALPHA_per_atom=    0.15, RMSE_ALPHA_DERIV=    9.54
2025-07-13 12:50:11.722 INFO: Epoch 1688: head: Default, loss=0.0029, RMSE_MU_per_atom=0.00 mDebye, RMSE_MU_DERIV=0.00 mDebye / A, RMSE_ALPHA_per_atom=    0.15, RMSE_ALPHA_DERIV=    9.54
2025-07-13 12:50:41.466 INFO: Epoch 1689: head: Default, loss=0.0029, RMSE_MU_per_atom=0.00 mDebye, RMSE_MU_DERIV=0.00 mDebye / A, RMSE_ALPHA_per_atom=    0.15, RMSE_ALPHA_DERIV=    9.54
2025-07-13 12:51:11.213 INFO: Epoch 1690: head: Default, loss=0.0029, RMSE_MU_per_atom=0.00 mDebye, RMSE_MU_DERIV=0.00 mDebye / A, RMSE_ALPHA_per_atom=    0.15, RMSE_ALPHA_DERIV=    9.54
2025-07-13 12:51:40.965 INFO: Epoch 1691: head: Default, loss=0.0029, RMSE_MU_per_atom=0.00 mDebye, RMSE_MU_DERIV=0.00 mDebye / A, RMSE_ALPHA_per_atom=    0.15, RMSE_ALPHA_DERIV=    9.54
2025-07-13 12:52:10.718 INFO: Epoch 1692: head: Default, loss=0.0029, RMSE_MU_per_atom=0.00 mDebye, RMSE_MU_DERIV=0.00 mDebye / A, RMSE_ALPHA_per_atom=    0.15, RMSE_ALPHA_DERIV=    9.54
2025-07-13 12:52:40.459 INFO: Epoch 1693: head: Default, loss=0.0029, RMSE_MU_per_atom=0.00 mDebye, RMSE_MU_DERIV=0.00 mDebye / A, RMSE_ALPHA_per_atom=    0.15, RMSE_ALPHA_DERIV=    9.54
2025-07-13 12:53:10.201 INFO: Epoch 1694: head: Default, loss=0.0029, RMSE_MU_per_atom=0.00 mDebye, RMSE_MU_DERIV=0.00 mDebye / A, RMSE_ALPHA_per_atom=    0.15, RMSE_ALPHA_DERIV=    9.54
2025-07-13 12:53:39.943 INFO: Epoch 1695: head: Default, loss=0.0029, RMSE_MU_per_atom=0.00 mDebye, RMSE_MU_DERIV=0.00 mDebye / A, RMSE_ALPHA_per_atom=    0.15, RMSE_ALPHA_DERIV=    9.54
2025-07-13 12:54:09.694 INFO: Epoch 1696: head: Default, loss=0.0029, RMSE_MU_per_atom=0.00 mDebye, RMSE_MU_DERIV=0.00 mDebye / A, RMSE_ALPHA_per_atom=    0.15, RMSE_ALPHA_DERIV=    9.54
2025-07-13 12:54:39.440 INFO: Epoch 1697: head: Default, loss=0.0029, RMSE_MU_per_atom=0.00 mDebye, RMSE_MU_DERIV=0.00 mDebye / A, RMSE_ALPHA_per_atom=    0.15, RMSE_ALPHA_DERIV=    9.54
2025-07-13 12:55:09.199 INFO: Epoch 1698: head: Default, loss=0.0029, RMSE_MU_per_atom=0.00 mDebye, RMSE_MU_DERIV=0.00 mDebye / A, RMSE_ALPHA_per_atom=    0.15, RMSE_ALPHA_DERIV=    9.54
2025-07-13 12:55:38.965 INFO: Epoch 1699: head: Default, loss=0.0029, RMSE_MU_per_atom=0.00 mDebye, RMSE_MU_DERIV=0.00 mDebye / A, RMSE_ALPHA_per_atom=    0.15, RMSE_ALPHA_DERIV=    9.54
2025-07-13 12:56:08.713 INFO: Epoch 1700: head: Default, loss=0.0029, RMSE_MU_per_atom=0.00 mDebye, RMSE_MU_DERIV=0.00 mDebye / A, RMSE_ALPHA_per_atom=    0.15, RMSE_ALPHA_DERIV=    9.54
2025-07-13 12:56:38.458 INFO: Epoch 1701: head: Default, loss=0.0029, RMSE_MU_per_atom=0.00 mDebye, RMSE_MU_DERIV=0.00 mDebye / A, RMSE_ALPHA_per_atom=    0.15, RMSE_ALPHA_DERIV=    9.54
2025-07-13 12:57:08.215 INFO: Epoch 1702: head: Default, loss=0.0029, RMSE_MU_per_atom=0.00 mDebye, RMSE_MU_DERIV=0.00 mDebye / A, RMSE_ALPHA_per_atom=    0.15, RMSE_ALPHA_DERIV=    9.54
2025-07-13 12:57:37.970 INFO: Epoch 1703: head: Default, loss=0.0029, RMSE_MU_per_atom=0.00 mDebye, RMSE_MU_DERIV=0.00 mDebye / A, RMSE_ALPHA_per_atom=    0.15, RMSE_ALPHA_DERIV=    9.54
2025-07-13 12:58:07.709 INFO: Epoch 1704: head: Default, loss=0.0029, RMSE_MU_per_atom=0.00 mDebye, RMSE_MU_DERIV=0.00 mDebye / A, RMSE_ALPHA_per_atom=    0.15, RMSE_ALPHA_DERIV=    9.54
2025-07-13 12:58:37.458 INFO: Epoch 1705: head: Default, loss=0.0029, RMSE_MU_per_atom=0.00 mDebye, RMSE_MU_DERIV=0.00 mDebye / A, RMSE_ALPHA_per_atom=    0.15, RMSE_ALPHA_DERIV=    9.54
2025-07-13 12:59:07.213 INFO: Epoch 1706: head: Default, loss=0.0029, RMSE_MU_per_atom=0.00 mDebye, RMSE_MU_DERIV=0.00 mDebye / A, RMSE_ALPHA_per_atom=    0.15, RMSE_ALPHA_DERIV=    9.54
2025-07-13 12:59:36.962 INFO: Epoch 1707: head: Default, loss=0.0029, RMSE_MU_per_atom=0.00 mDebye, RMSE_MU_DERIV=0.00 mDebye / A, RMSE_ALPHA_per_atom=    0.15, RMSE_ALPHA_DERIV=    9.54
2025-07-13 13:00:06.719 INFO: Epoch 1708: head: Default, loss=0.0029, RMSE_MU_per_atom=0.00 mDebye, RMSE_MU_DERIV=0.00 mDebye / A, RMSE_ALPHA_per_atom=    0.15, RMSE_ALPHA_DERIV=    9.54
2025-07-13 13:00:36.468 INFO: Epoch 1709: head: Default, loss=0.0029, RMSE_MU_per_atom=0.00 mDebye, RMSE_MU_DERIV=0.00 mDebye / A, RMSE_ALPHA_per_atom=    0.15, RMSE_ALPHA_DERIV=    9.54
2025-07-13 13:01:06.217 INFO: Epoch 1710: head: Default, loss=0.0029, RMSE_MU_per_atom=0.00 mDebye, RMSE_MU_DERIV=0.00 mDebye / A, RMSE_ALPHA_per_atom=    0.15, RMSE_ALPHA_DERIV=    9.54
2025-07-13 13:01:35.963 INFO: Epoch 1711: head: Default, loss=0.0029, RMSE_MU_per_atom=0.00 mDebye, RMSE_MU_DERIV=0.00 mDebye / A, RMSE_ALPHA_per_atom=    0.15, RMSE_ALPHA_DERIV=    9.54
2025-07-13 13:02:05.700 INFO: Epoch 1712: head: Default, loss=0.0029, RMSE_MU_per_atom=0.00 mDebye, RMSE_MU_DERIV=0.00 mDebye / A, RMSE_ALPHA_per_atom=    0.15, RMSE_ALPHA_DERIV=    9.54
2025-07-13 13:02:35.446 INFO: Epoch 1713: head: Default, loss=0.0029, RMSE_MU_per_atom=0.00 mDebye, RMSE_MU_DERIV=0.00 mDebye / A, RMSE_ALPHA_per_atom=    0.15, RMSE_ALPHA_DERIV=    9.54
2025-07-13 13:03:05.193 INFO: Epoch 1714: head: Default, loss=0.0029, RMSE_MU_per_atom=0.00 mDebye, RMSE_MU_DERIV=0.00 mDebye / A, RMSE_ALPHA_per_atom=    0.15, RMSE_ALPHA_DERIV=    9.54
2025-07-13 13:03:34.941 INFO: Epoch 1715: head: Default, loss=0.0029, RMSE_MU_per_atom=0.00 mDebye, RMSE_MU_DERIV=0.00 mDebye / A, RMSE_ALPHA_per_atom=    0.15, RMSE_ALPHA_DERIV=    9.54
2025-07-13 13:04:04.701 INFO: Epoch 1716: head: Default, loss=0.0029, RMSE_MU_per_atom=0.00 mDebye, RMSE_MU_DERIV=0.00 mDebye / A, RMSE_ALPHA_per_atom=    0.15, RMSE_ALPHA_DERIV=    9.54
2025-07-13 13:04:34.453 INFO: Epoch 1717: head: Default, loss=0.0029, RMSE_MU_per_atom=0.00 mDebye, RMSE_MU_DERIV=0.00 mDebye / A, RMSE_ALPHA_per_atom=    0.15, RMSE_ALPHA_DERIV=    9.54
2025-07-13 13:05:04.209 INFO: Epoch 1718: head: Default, loss=0.0029, RMSE_MU_per_atom=0.00 mDebye, RMSE_MU_DERIV=0.00 mDebye / A, RMSE_ALPHA_per_atom=    0.15, RMSE_ALPHA_DERIV=    9.54
2025-07-13 13:05:33.965 INFO: Epoch 1719: head: Default, loss=0.0029, RMSE_MU_per_atom=0.00 mDebye, RMSE_MU_DERIV=0.00 mDebye / A, RMSE_ALPHA_per_atom=    0.15, RMSE_ALPHA_DERIV=    9.54
2025-07-13 13:06:03.723 INFO: Epoch 1720: head: Default, loss=0.0029, RMSE_MU_per_atom=0.00 mDebye, RMSE_MU_DERIV=0.00 mDebye / A, RMSE_ALPHA_per_atom=    0.15, RMSE_ALPHA_DERIV=    9.54
2025-07-13 13:06:33.465 INFO: Epoch 1721: head: Default, loss=0.0029, RMSE_MU_per_atom=0.00 mDebye, RMSE_MU_DERIV=0.00 mDebye / A, RMSE_ALPHA_per_atom=    0.15, RMSE_ALPHA_DERIV=    9.54
2025-07-13 13:07:03.208 INFO: Epoch 1722: head: Default, loss=0.0029, RMSE_MU_per_atom=0.00 mDebye, RMSE_MU_DERIV=0.00 mDebye / A, RMSE_ALPHA_per_atom=    0.15, RMSE_ALPHA_DERIV=    9.54
2025-07-13 13:07:32.945 INFO: Epoch 1723: head: Default, loss=0.0029, RMSE_MU_per_atom=0.00 mDebye, RMSE_MU_DERIV=0.00 mDebye / A, RMSE_ALPHA_per_atom=    0.15, RMSE_ALPHA_DERIV=    9.54
2025-07-13 13:08:02.700 INFO: Epoch 1724: head: Default, loss=0.0029, RMSE_MU_per_atom=0.00 mDebye, RMSE_MU_DERIV=0.00 mDebye / A, RMSE_ALPHA_per_atom=    0.15, RMSE_ALPHA_DERIV=    9.54
2025-07-13 13:08:32.435 INFO: Epoch 1725: head: Default, loss=0.0029, RMSE_MU_per_atom=0.00 mDebye, RMSE_MU_DERIV=0.00 mDebye / A, RMSE_ALPHA_per_atom=    0.15, RMSE_ALPHA_DERIV=    9.54
2025-07-13 13:09:02.188 INFO: Epoch 1726: head: Default, loss=0.0029, RMSE_MU_per_atom=0.00 mDebye, RMSE_MU_DERIV=0.00 mDebye / A, RMSE_ALPHA_per_atom=    0.15, RMSE_ALPHA_DERIV=    9.54
2025-07-13 13:09:31.925 INFO: Epoch 1727: head: Default, loss=0.0029, RMSE_MU_per_atom=0.00 mDebye, RMSE_MU_DERIV=0.00 mDebye / A, RMSE_ALPHA_per_atom=    0.15, RMSE_ALPHA_DERIV=    9.54
2025-07-13 13:10:01.673 INFO: Epoch 1728: head: Default, loss=0.0029, RMSE_MU_per_atom=0.00 mDebye, RMSE_MU_DERIV=0.00 mDebye / A, RMSE_ALPHA_per_atom=    0.15, RMSE_ALPHA_DERIV=    9.54
2025-07-13 13:10:31.428 INFO: Epoch 1729: head: Default, loss=0.0029, RMSE_MU_per_atom=0.00 mDebye, RMSE_MU_DERIV=0.00 mDebye / A, RMSE_ALPHA_per_atom=    0.15, RMSE_ALPHA_DERIV=    9.54
2025-07-13 13:11:01.174 INFO: Epoch 1730: head: Default, loss=0.0029, RMSE_MU_per_atom=0.00 mDebye, RMSE_MU_DERIV=0.00 mDebye / A, RMSE_ALPHA_per_atom=    0.15, RMSE_ALPHA_DERIV=    9.54
2025-07-13 13:11:30.917 INFO: Epoch 1731: head: Default, loss=0.0029, RMSE_MU_per_atom=0.00 mDebye, RMSE_MU_DERIV=0.00 mDebye / A, RMSE_ALPHA_per_atom=    0.15, RMSE_ALPHA_DERIV=    9.54
2025-07-13 13:12:00.672 INFO: Epoch 1732: head: Default, loss=0.0029, RMSE_MU_per_atom=0.00 mDebye, RMSE_MU_DERIV=0.00 mDebye / A, RMSE_ALPHA_per_atom=    0.15, RMSE_ALPHA_DERIV=    9.54
2025-07-13 13:12:30.419 INFO: Epoch 1733: head: Default, loss=0.0029, RMSE_MU_per_atom=0.00 mDebye, RMSE_MU_DERIV=0.00 mDebye / A, RMSE_ALPHA_per_atom=    0.15, RMSE_ALPHA_DERIV=    9.54
2025-07-13 13:13:00.160 INFO: Epoch 1734: head: Default, loss=0.0029, RMSE_MU_per_atom=0.00 mDebye, RMSE_MU_DERIV=0.00 mDebye / A, RMSE_ALPHA_per_atom=    0.15, RMSE_ALPHA_DERIV=    9.54
2025-07-13 13:13:29.914 INFO: Epoch 1735: head: Default, loss=0.0029, RMSE_MU_per_atom=0.00 mDebye, RMSE_MU_DERIV=0.00 mDebye / A, RMSE_ALPHA_per_atom=    0.15, RMSE_ALPHA_DERIV=    9.54
2025-07-13 13:13:59.666 INFO: Epoch 1736: head: Default, loss=0.0029, RMSE_MU_per_atom=0.00 mDebye, RMSE_MU_DERIV=0.00 mDebye / A, RMSE_ALPHA_per_atom=    0.15, RMSE_ALPHA_DERIV=    9.54
2025-07-13 13:14:29.406 INFO: Epoch 1737: head: Default, loss=0.0029, RMSE_MU_per_atom=0.00 mDebye, RMSE_MU_DERIV=0.00 mDebye / A, RMSE_ALPHA_per_atom=    0.15, RMSE_ALPHA_DERIV=    9.54
2025-07-13 13:14:59.165 INFO: Epoch 1738: head: Default, loss=0.0029, RMSE_MU_per_atom=0.00 mDebye, RMSE_MU_DERIV=0.00 mDebye / A, RMSE_ALPHA_per_atom=    0.15, RMSE_ALPHA_DERIV=    9.54
2025-07-13 13:15:28.916 INFO: Epoch 1739: head: Default, loss=0.0029, RMSE_MU_per_atom=0.00 mDebye, RMSE_MU_DERIV=0.00 mDebye / A, RMSE_ALPHA_per_atom=    0.15, RMSE_ALPHA_DERIV=    9.54
2025-07-13 13:15:58.652 INFO: Epoch 1740: head: Default, loss=0.0029, RMSE_MU_per_atom=0.00 mDebye, RMSE_MU_DERIV=0.00 mDebye / A, RMSE_ALPHA_per_atom=    0.15, RMSE_ALPHA_DERIV=    9.54
2025-07-13 13:16:28.399 INFO: Epoch 1741: head: Default, loss=0.0029, RMSE_MU_per_atom=0.00 mDebye, RMSE_MU_DERIV=0.00 mDebye / A, RMSE_ALPHA_per_atom=    0.15, RMSE_ALPHA_DERIV=    9.54
2025-07-13 13:16:58.160 INFO: Epoch 1742: head: Default, loss=0.0029, RMSE_MU_per_atom=0.00 mDebye, RMSE_MU_DERIV=0.00 mDebye / A, RMSE_ALPHA_per_atom=    0.15, RMSE_ALPHA_DERIV=    9.54
2025-07-13 13:17:27.919 INFO: Epoch 1743: head: Default, loss=0.0029, RMSE_MU_per_atom=0.00 mDebye, RMSE_MU_DERIV=0.00 mDebye / A, RMSE_ALPHA_per_atom=    0.15, RMSE_ALPHA_DERIV=    9.54
2025-07-13 13:17:57.676 INFO: Epoch 1744: head: Default, loss=0.0029, RMSE_MU_per_atom=0.00 mDebye, RMSE_MU_DERIV=0.00 mDebye / A, RMSE_ALPHA_per_atom=    0.15, RMSE_ALPHA_DERIV=    9.54
2025-07-13 13:18:27.422 INFO: Epoch 1745: head: Default, loss=0.0029, RMSE_MU_per_atom=0.00 mDebye, RMSE_MU_DERIV=0.00 mDebye / A, RMSE_ALPHA_per_atom=    0.15, RMSE_ALPHA_DERIV=    9.54
2025-07-13 13:18:57.174 INFO: Epoch 1746: head: Default, loss=0.0029, RMSE_MU_per_atom=0.00 mDebye, RMSE_MU_DERIV=0.00 mDebye / A, RMSE_ALPHA_per_atom=    0.15, RMSE_ALPHA_DERIV=    9.54
2025-07-13 13:19:26.915 INFO: Epoch 1747: head: Default, loss=0.0029, RMSE_MU_per_atom=0.00 mDebye, RMSE_MU_DERIV=0.00 mDebye / A, RMSE_ALPHA_per_atom=    0.15, RMSE_ALPHA_DERIV=    9.54
2025-07-13 13:19:56.668 INFO: Epoch 1748: head: Default, loss=0.0029, RMSE_MU_per_atom=0.00 mDebye, RMSE_MU_DERIV=0.00 mDebye / A, RMSE_ALPHA_per_atom=    0.15, RMSE_ALPHA_DERIV=    9.54
2025-07-13 13:20:26.406 INFO: Epoch 1749: head: Default, loss=0.0029, RMSE_MU_per_atom=0.00 mDebye, RMSE_MU_DERIV=0.00 mDebye / A, RMSE_ALPHA_per_atom=    0.15, RMSE_ALPHA_DERIV=    9.54
2025-07-13 13:20:56.141 INFO: Epoch 1750: head: Default, loss=0.0029, RMSE_MU_per_atom=0.00 mDebye, RMSE_MU_DERIV=0.00 mDebye / A, RMSE_ALPHA_per_atom=    0.15, RMSE_ALPHA_DERIV=    9.54
2025-07-13 13:21:25.889 INFO: Epoch 1751: head: Default, loss=0.0029, RMSE_MU_per_atom=0.00 mDebye, RMSE_MU_DERIV=0.00 mDebye / A, RMSE_ALPHA_per_atom=    0.15, RMSE_ALPHA_DERIV=    9.54
2025-07-13 13:21:55.642 INFO: Epoch 1752: head: Default, loss=0.0029, RMSE_MU_per_atom=0.00 mDebye, RMSE_MU_DERIV=0.00 mDebye / A, RMSE_ALPHA_per_atom=    0.15, RMSE_ALPHA_DERIV=    9.54
2025-07-13 13:22:25.382 INFO: Epoch 1753: head: Default, loss=0.0029, RMSE_MU_per_atom=0.00 mDebye, RMSE_MU_DERIV=0.00 mDebye / A, RMSE_ALPHA_per_atom=    0.15, RMSE_ALPHA_DERIV=    9.54
2025-07-13 13:22:55.130 INFO: Epoch 1754: head: Default, loss=0.0029, RMSE_MU_per_atom=0.00 mDebye, RMSE_MU_DERIV=0.00 mDebye / A, RMSE_ALPHA_per_atom=    0.15, RMSE_ALPHA_DERIV=    9.54
2025-07-13 13:23:24.877 INFO: Epoch 1755: head: Default, loss=0.0029, RMSE_MU_per_atom=0.00 mDebye, RMSE_MU_DERIV=0.00 mDebye / A, RMSE_ALPHA_per_atom=    0.15, RMSE_ALPHA_DERIV=    9.54
2025-07-13 13:23:54.614 INFO: Epoch 1756: head: Default, loss=0.0029, RMSE_MU_per_atom=0.00 mDebye, RMSE_MU_DERIV=0.00 mDebye / A, RMSE_ALPHA_per_atom=    0.15, RMSE_ALPHA_DERIV=    9.54
2025-07-13 13:24:24.366 INFO: Epoch 1757: head: Default, loss=0.0029, RMSE_MU_per_atom=0.00 mDebye, RMSE_MU_DERIV=0.00 mDebye / A, RMSE_ALPHA_per_atom=    0.15, RMSE_ALPHA_DERIV=    9.54
2025-07-13 13:24:54.117 INFO: Epoch 1758: head: Default, loss=0.0029, RMSE_MU_per_atom=0.00 mDebye, RMSE_MU_DERIV=0.00 mDebye / A, RMSE_ALPHA_per_atom=    0.15, RMSE_ALPHA_DERIV=    9.54
2025-07-13 13:25:23.859 INFO: Epoch 1759: head: Default, loss=0.0029, RMSE_MU_per_atom=0.00 mDebye, RMSE_MU_DERIV=0.00 mDebye / A, RMSE_ALPHA_per_atom=    0.15, RMSE_ALPHA_DERIV=    9.54
2025-07-13 13:25:53.615 INFO: Epoch 1760: head: Default, loss=0.0029, RMSE_MU_per_atom=0.00 mDebye, RMSE_MU_DERIV=0.00 mDebye / A, RMSE_ALPHA_per_atom=    0.15, RMSE_ALPHA_DERIV=    9.54
2025-07-13 13:26:23.350 INFO: Epoch 1761: head: Default, loss=0.0029, RMSE_MU_per_atom=0.00 mDebye, RMSE_MU_DERIV=0.00 mDebye / A, RMSE_ALPHA_per_atom=    0.15, RMSE_ALPHA_DERIV=    9.54
2025-07-13 13:26:53.093 INFO: Epoch 1762: head: Default, loss=0.0029, RMSE_MU_per_atom=0.00 mDebye, RMSE_MU_DERIV=0.00 mDebye / A, RMSE_ALPHA_per_atom=    0.15, RMSE_ALPHA_DERIV=    9.54
2025-07-13 13:27:22.837 INFO: Epoch 1763: head: Default, loss=0.0029, RMSE_MU_per_atom=0.00 mDebye, RMSE_MU_DERIV=0.00 mDebye / A, RMSE_ALPHA_per_atom=    0.15, RMSE_ALPHA_DERIV=    9.54
2025-07-13 13:27:52.578 INFO: Epoch 1764: head: Default, loss=0.0029, RMSE_MU_per_atom=0.00 mDebye, RMSE_MU_DERIV=0.00 mDebye / A, RMSE_ALPHA_per_atom=    0.15, RMSE_ALPHA_DERIV=    9.54
2025-07-13 13:28:22.330 INFO: Epoch 1765: head: Default, loss=0.0029, RMSE_MU_per_atom=0.00 mDebye, RMSE_MU_DERIV=0.00 mDebye / A, RMSE_ALPHA_per_atom=    0.15, RMSE_ALPHA_DERIV=    9.54
2025-07-13 13:28:52.055 INFO: Epoch 1766: head: Default, loss=0.0029, RMSE_MU_per_atom=0.00 mDebye, RMSE_MU_DERIV=0.00 mDebye / A, RMSE_ALPHA_per_atom=    0.15, RMSE_ALPHA_DERIV=    9.54
2025-07-13 13:29:21.808 INFO: Epoch 1767: head: Default, loss=0.0029, RMSE_MU_per_atom=0.00 mDebye, RMSE_MU_DERIV=0.00 mDebye / A, RMSE_ALPHA_per_atom=    0.15, RMSE_ALPHA_DERIV=    9.54
2025-07-13 13:29:51.569 INFO: Epoch 1768: head: Default, loss=0.0029, RMSE_MU_per_atom=0.00 mDebye, RMSE_MU_DERIV=0.00 mDebye / A, RMSE_ALPHA_per_atom=    0.15, RMSE_ALPHA_DERIV=    9.54
2025-07-13 13:30:21.319 INFO: Epoch 1769: head: Default, loss=0.0029, RMSE_MU_per_atom=0.00 mDebye, RMSE_MU_DERIV=0.00 mDebye / A, RMSE_ALPHA_per_atom=    0.15, RMSE_ALPHA_DERIV=    9.54
2025-07-13 13:30:51.083 INFO: Epoch 1770: head: Default, loss=0.0029, RMSE_MU_per_atom=0.00 mDebye, RMSE_MU_DERIV=0.00 mDebye / A, RMSE_ALPHA_per_atom=    0.15, RMSE_ALPHA_DERIV=    9.54
2025-07-13 13:31:20.842 INFO: Epoch 1771: head: Default, loss=0.0029, RMSE_MU_per_atom=0.00 mDebye, RMSE_MU_DERIV=0.00 mDebye / A, RMSE_ALPHA_per_atom=    0.15, RMSE_ALPHA_DERIV=    9.54
2025-07-13 13:31:50.588 INFO: Epoch 1772: head: Default, loss=0.0029, RMSE_MU_per_atom=0.00 mDebye, RMSE_MU_DERIV=0.00 mDebye / A, RMSE_ALPHA_per_atom=    0.15, RMSE_ALPHA_DERIV=    9.54
2025-07-13 13:32:20.327 INFO: Epoch 1773: head: Default, loss=0.0029, RMSE_MU_per_atom=0.00 mDebye, RMSE_MU_DERIV=0.00 mDebye / A, RMSE_ALPHA_per_atom=    0.15, RMSE_ALPHA_DERIV=    9.54
2025-07-13 13:32:50.087 INFO: Epoch 1774: head: Default, loss=0.0029, RMSE_MU_per_atom=0.00 mDebye, RMSE_MU_DERIV=0.00 mDebye / A, RMSE_ALPHA_per_atom=    0.15, RMSE_ALPHA_DERIV=    9.54
2025-07-13 13:33:19.840 INFO: Epoch 1775: head: Default, loss=0.0029, RMSE_MU_per_atom=0.00 mDebye, RMSE_MU_DERIV=0.00 mDebye / A, RMSE_ALPHA_per_atom=    0.15, RMSE_ALPHA_DERIV=    9.54
2025-07-13 13:33:49.591 INFO: Epoch 1776: head: Default, loss=0.0029, RMSE_MU_per_atom=0.00 mDebye, RMSE_MU_DERIV=0.00 mDebye / A, RMSE_ALPHA_per_atom=    0.15, RMSE_ALPHA_DERIV=    9.54
2025-07-13 13:34:19.332 INFO: Epoch 1777: head: Default, loss=0.0029, RMSE_MU_per_atom=0.00 mDebye, RMSE_MU_DERIV=0.00 mDebye / A, RMSE_ALPHA_per_atom=    0.15, RMSE_ALPHA_DERIV=    9.54
2025-07-13 13:34:49.072 INFO: Epoch 1778: head: Default, loss=0.0029, RMSE_MU_per_atom=0.00 mDebye, RMSE_MU_DERIV=0.00 mDebye / A, RMSE_ALPHA_per_atom=    0.15, RMSE_ALPHA_DERIV=    9.54
2025-07-13 13:35:18.814 INFO: Epoch 1779: head: Default, loss=0.0029, RMSE_MU_per_atom=0.00 mDebye, RMSE_MU_DERIV=0.00 mDebye / A, RMSE_ALPHA_per_atom=    0.15, RMSE_ALPHA_DERIV=    9.54
2025-07-13 13:35:48.562 INFO: Epoch 1780: head: Default, loss=0.0029, RMSE_MU_per_atom=0.00 mDebye, RMSE_MU_DERIV=0.00 mDebye / A, RMSE_ALPHA_per_atom=    0.15, RMSE_ALPHA_DERIV=    9.54
2025-07-13 13:36:18.302 INFO: Epoch 1781: head: Default, loss=0.0029, RMSE_MU_per_atom=0.00 mDebye, RMSE_MU_DERIV=0.00 mDebye / A, RMSE_ALPHA_per_atom=    0.15, RMSE_ALPHA_DERIV=    9.54
2025-07-13 13:36:48.043 INFO: Epoch 1782: head: Default, loss=0.0029, RMSE_MU_per_atom=0.00 mDebye, RMSE_MU_DERIV=0.00 mDebye / A, RMSE_ALPHA_per_atom=    0.15, RMSE_ALPHA_DERIV=    9.54
2025-07-13 13:37:17.788 INFO: Epoch 1783: head: Default, loss=0.0029, RMSE_MU_per_atom=0.00 mDebye, RMSE_MU_DERIV=0.00 mDebye / A, RMSE_ALPHA_per_atom=    0.15, RMSE_ALPHA_DERIV=    9.54
2025-07-13 13:37:47.540 INFO: Epoch 1784: head: Default, loss=0.0029, RMSE_MU_per_atom=0.00 mDebye, RMSE_MU_DERIV=0.00 mDebye / A, RMSE_ALPHA_per_atom=    0.15, RMSE_ALPHA_DERIV=    9.54
2025-07-13 13:38:17.294 INFO: Epoch 1785: head: Default, loss=0.0029, RMSE_MU_per_atom=0.00 mDebye, RMSE_MU_DERIV=0.00 mDebye / A, RMSE_ALPHA_per_atom=    0.15, RMSE_ALPHA_DERIV=    9.54
2025-07-13 13:38:47.046 INFO: Epoch 1786: head: Default, loss=0.0029, RMSE_MU_per_atom=0.00 mDebye, RMSE_MU_DERIV=0.00 mDebye / A, RMSE_ALPHA_per_atom=    0.15, RMSE_ALPHA_DERIV=    9.54
2025-07-13 13:39:16.792 INFO: Epoch 1787: head: Default, loss=0.0029, RMSE_MU_per_atom=0.00 mDebye, RMSE_MU_DERIV=0.00 mDebye / A, RMSE_ALPHA_per_atom=    0.15, RMSE_ALPHA_DERIV=    9.54
2025-07-13 13:39:46.540 INFO: Epoch 1788: head: Default, loss=0.0029, RMSE_MU_per_atom=0.00 mDebye, RMSE_MU_DERIV=0.00 mDebye / A, RMSE_ALPHA_per_atom=    0.15, RMSE_ALPHA_DERIV=    9.54
2025-07-13 13:40:16.284 INFO: Epoch 1789: head: Default, loss=0.0029, RMSE_MU_per_atom=0.00 mDebye, RMSE_MU_DERIV=0.00 mDebye / A, RMSE_ALPHA_per_atom=    0.15, RMSE_ALPHA_DERIV=    9.54
2025-07-13 13:40:46.033 INFO: Epoch 1790: head: Default, loss=0.0029, RMSE_MU_per_atom=0.00 mDebye, RMSE_MU_DERIV=0.00 mDebye / A, RMSE_ALPHA_per_atom=    0.15, RMSE_ALPHA_DERIV=    9.54
2025-07-13 13:41:15.767 INFO: Epoch 1791: head: Default, loss=0.0029, RMSE_MU_per_atom=0.00 mDebye, RMSE_MU_DERIV=0.00 mDebye / A, RMSE_ALPHA_per_atom=    0.15, RMSE_ALPHA_DERIV=    9.54
2025-07-13 13:41:45.511 INFO: Epoch 1792: head: Default, loss=0.0029, RMSE_MU_per_atom=0.00 mDebye, RMSE_MU_DERIV=0.00 mDebye / A, RMSE_ALPHA_per_atom=    0.15, RMSE_ALPHA_DERIV=    9.54
2025-07-13 13:42:15.259 INFO: Epoch 1793: head: Default, loss=0.0029, RMSE_MU_per_atom=0.00 mDebye, RMSE_MU_DERIV=0.00 mDebye / A, RMSE_ALPHA_per_atom=    0.15, RMSE_ALPHA_DERIV=    9.54
2025-07-13 13:42:45.008 INFO: Epoch 1794: head: Default, loss=0.0029, RMSE_MU_per_atom=0.00 mDebye, RMSE_MU_DERIV=0.00 mDebye / A, RMSE_ALPHA_per_atom=    0.15, RMSE_ALPHA_DERIV=    9.54
2025-07-13 13:43:14.746 INFO: Epoch 1795: head: Default, loss=0.0029, RMSE_MU_per_atom=0.00 mDebye, RMSE_MU_DERIV=0.00 mDebye / A, RMSE_ALPHA_per_atom=    0.15, RMSE_ALPHA_DERIV=    9.54
2025-07-13 13:43:44.490 INFO: Epoch 1796: head: Default, loss=0.0029, RMSE_MU_per_atom=0.00 mDebye, RMSE_MU_DERIV=0.00 mDebye / A, RMSE_ALPHA_per_atom=    0.15, RMSE_ALPHA_DERIV=    9.54
2025-07-13 13:44:14.226 INFO: Epoch 1797: head: Default, loss=0.0029, RMSE_MU_per_atom=0.00 mDebye, RMSE_MU_DERIV=0.00 mDebye / A, RMSE_ALPHA_per_atom=    0.15, RMSE_ALPHA_DERIV=    9.54
2025-07-13 13:44:43.976 INFO: Epoch 1798: head: Default, loss=0.0029, RMSE_MU_per_atom=0.00 mDebye, RMSE_MU_DERIV=0.00 mDebye / A, RMSE_ALPHA_per_atom=    0.15, RMSE_ALPHA_DERIV=    9.54
2025-07-13 13:45:13.710 INFO: Epoch 1799: head: Default, loss=0.0029, RMSE_MU_per_atom=0.00 mDebye, RMSE_MU_DERIV=0.00 mDebye / A, RMSE_ALPHA_per_atom=    0.15, RMSE_ALPHA_DERIV=    9.54
2025-07-13 13:45:43.455 INFO: Epoch 1800: head: Default, loss=0.0029, RMSE_MU_per_atom=0.00 mDebye, RMSE_MU_DERIV=0.00 mDebye / A, RMSE_ALPHA_per_atom=    0.15, RMSE_ALPHA_DERIV=    9.54
2025-07-13 13:46:13.197 INFO: Epoch 1801: head: Default, loss=0.0029, RMSE_MU_per_atom=0.00 mDebye, RMSE_MU_DERIV=0.00 mDebye / A, RMSE_ALPHA_per_atom=    0.15, RMSE_ALPHA_DERIV=    9.54
2025-07-13 13:46:42.950 INFO: Epoch 1802: head: Default, loss=0.0029, RMSE_MU_per_atom=0.00 mDebye, RMSE_MU_DERIV=0.00 mDebye / A, RMSE_ALPHA_per_atom=    0.15, RMSE_ALPHA_DERIV=    9.54
2025-07-13 13:47:12.685 INFO: Epoch 1803: head: Default, loss=0.0029, RMSE_MU_per_atom=0.00 mDebye, RMSE_MU_DERIV=0.00 mDebye / A, RMSE_ALPHA_per_atom=    0.15, RMSE_ALPHA_DERIV=    9.54
2025-07-13 13:47:42.419 INFO: Epoch 1804: head: Default, loss=0.0029, RMSE_MU_per_atom=0.00 mDebye, RMSE_MU_DERIV=0.00 mDebye / A, RMSE_ALPHA_per_atom=    0.15, RMSE_ALPHA_DERIV=    9.54
2025-07-13 13:48:12.164 INFO: Epoch 1805: head: Default, loss=0.0029, RMSE_MU_per_atom=0.00 mDebye, RMSE_MU_DERIV=0.00 mDebye / A, RMSE_ALPHA_per_atom=    0.15, RMSE_ALPHA_DERIV=    9.54
2025-07-13 13:48:41.899 INFO: Epoch 1806: head: Default, loss=0.0029, RMSE_MU_per_atom=0.00 mDebye, RMSE_MU_DERIV=0.00 mDebye / A, RMSE_ALPHA_per_atom=    0.15, RMSE_ALPHA_DERIV=    9.54
2025-07-13 13:49:11.650 INFO: Epoch 1807: head: Default, loss=0.0029, RMSE_MU_per_atom=0.00 mDebye, RMSE_MU_DERIV=0.00 mDebye / A, RMSE_ALPHA_per_atom=    0.15, RMSE_ALPHA_DERIV=    9.54
2025-07-13 13:49:41.401 INFO: Epoch 1808: head: Default, loss=0.0029, RMSE_MU_per_atom=0.00 mDebye, RMSE_MU_DERIV=0.00 mDebye / A, RMSE_ALPHA_per_atom=    0.15, RMSE_ALPHA_DERIV=    9.54
2025-07-13 13:50:11.136 INFO: Epoch 1809: head: Default, loss=0.0029, RMSE_MU_per_atom=0.00 mDebye, RMSE_MU_DERIV=0.00 mDebye / A, RMSE_ALPHA_per_atom=    0.15, RMSE_ALPHA_DERIV=    9.54
2025-07-13 13:50:40.891 INFO: Epoch 1810: head: Default, loss=0.0029, RMSE_MU_per_atom=0.00 mDebye, RMSE_MU_DERIV=0.00 mDebye / A, RMSE_ALPHA_per_atom=    0.15, RMSE_ALPHA_DERIV=    9.54
2025-07-13 13:51:10.640 INFO: Epoch 1811: head: Default, loss=0.0029, RMSE_MU_per_atom=0.00 mDebye, RMSE_MU_DERIV=0.00 mDebye / A, RMSE_ALPHA_per_atom=    0.15, RMSE_ALPHA_DERIV=    9.54
2025-07-13 13:51:40.382 INFO: Epoch 1812: head: Default, loss=0.0029, RMSE_MU_per_atom=0.00 mDebye, RMSE_MU_DERIV=0.00 mDebye / A, RMSE_ALPHA_per_atom=    0.15, RMSE_ALPHA_DERIV=    9.54
2025-07-13 13:52:10.129 INFO: Epoch 1813: head: Default, loss=0.0029, RMSE_MU_per_atom=0.00 mDebye, RMSE_MU_DERIV=0.00 mDebye / A, RMSE_ALPHA_per_atom=    0.15, RMSE_ALPHA_DERIV=    9.54
2025-07-13 13:52:39.878 INFO: Epoch 1814: head: Default, loss=0.0029, RMSE_MU_per_atom=0.00 mDebye, RMSE_MU_DERIV=0.00 mDebye / A, RMSE_ALPHA_per_atom=    0.15, RMSE_ALPHA_DERIV=    9.54
2025-07-13 13:53:09.626 INFO: Epoch 1815: head: Default, loss=0.0029, RMSE_MU_per_atom=0.00 mDebye, RMSE_MU_DERIV=0.00 mDebye / A, RMSE_ALPHA_per_atom=    0.15, RMSE_ALPHA_DERIV=    9.54
2025-07-13 13:53:39.369 INFO: Epoch 1816: head: Default, loss=0.0029, RMSE_MU_per_atom=0.00 mDebye, RMSE_MU_DERIV=0.00 mDebye / A, RMSE_ALPHA_per_atom=    0.15, RMSE_ALPHA_DERIV=    9.54
2025-07-13 13:54:09.120 INFO: Epoch 1817: head: Default, loss=0.0029, RMSE_MU_per_atom=0.00 mDebye, RMSE_MU_DERIV=0.00 mDebye / A, RMSE_ALPHA_per_atom=    0.15, RMSE_ALPHA_DERIV=    9.54
2025-07-13 13:54:38.875 INFO: Epoch 1818: head: Default, loss=0.0029, RMSE_MU_per_atom=0.00 mDebye, RMSE_MU_DERIV=0.00 mDebye / A, RMSE_ALPHA_per_atom=    0.15, RMSE_ALPHA_DERIV=    9.54
2025-07-13 13:55:08.625 INFO: Epoch 1819: head: Default, loss=0.0029, RMSE_MU_per_atom=0.00 mDebye, RMSE_MU_DERIV=0.00 mDebye / A, RMSE_ALPHA_per_atom=    0.15, RMSE_ALPHA_DERIV=    9.54
2025-07-13 13:55:38.378 INFO: Epoch 1820: head: Default, loss=0.0029, RMSE_MU_per_atom=0.00 mDebye, RMSE_MU_DERIV=0.00 mDebye / A, RMSE_ALPHA_per_atom=    0.15, RMSE_ALPHA_DERIV=    9.54
2025-07-13 13:56:08.122 INFO: Epoch 1821: head: Default, loss=0.0029, RMSE_MU_per_atom=0.00 mDebye, RMSE_MU_DERIV=0.00 mDebye / A, RMSE_ALPHA_per_atom=    0.15, RMSE_ALPHA_DERIV=    9.54
2025-07-13 13:56:37.872 INFO: Epoch 1822: head: Default, loss=0.0029, RMSE_MU_per_atom=0.00 mDebye, RMSE_MU_DERIV=0.00 mDebye / A, RMSE_ALPHA_per_atom=    0.15, RMSE_ALPHA_DERIV=    9.54
2025-07-13 13:57:07.612 INFO: Epoch 1823: head: Default, loss=0.0029, RMSE_MU_per_atom=0.00 mDebye, RMSE_MU_DERIV=0.00 mDebye / A, RMSE_ALPHA_per_atom=    0.15, RMSE_ALPHA_DERIV=    9.54
2025-07-13 13:57:37.356 INFO: Epoch 1824: head: Default, loss=0.0029, RMSE_MU_per_atom=0.00 mDebye, RMSE_MU_DERIV=0.00 mDebye / A, RMSE_ALPHA_per_atom=    0.15, RMSE_ALPHA_DERIV=    9.54
2025-07-13 13:58:07.116 INFO: Epoch 1825: head: Default, loss=0.0029, RMSE_MU_per_atom=0.00 mDebye, RMSE_MU_DERIV=0.00 mDebye / A, RMSE_ALPHA_per_atom=    0.15, RMSE_ALPHA_DERIV=    9.54
2025-07-13 13:58:36.856 INFO: Epoch 1826: head: Default, loss=0.0029, RMSE_MU_per_atom=0.00 mDebye, RMSE_MU_DERIV=0.00 mDebye / A, RMSE_ALPHA_per_atom=    0.15, RMSE_ALPHA_DERIV=    9.54
2025-07-13 13:59:06.604 INFO: Epoch 1827: head: Default, loss=0.0029, RMSE_MU_per_atom=0.00 mDebye, RMSE_MU_DERIV=0.00 mDebye / A, RMSE_ALPHA_per_atom=    0.15, RMSE_ALPHA_DERIV=    9.54
2025-07-13 13:59:36.358 INFO: Epoch 1828: head: Default, loss=0.0029, RMSE_MU_per_atom=0.00 mDebye, RMSE_MU_DERIV=0.00 mDebye / A, RMSE_ALPHA_per_atom=    0.15, RMSE_ALPHA_DERIV=    9.54
2025-07-13 14:00:06.106 INFO: Epoch 1829: head: Default, loss=0.0029, RMSE_MU_per_atom=0.00 mDebye, RMSE_MU_DERIV=0.00 mDebye / A, RMSE_ALPHA_per_atom=    0.15, RMSE_ALPHA_DERIV=    9.54
2025-07-13 14:00:35.854 INFO: Epoch 1830: head: Default, loss=0.0029, RMSE_MU_per_atom=0.00 mDebye, RMSE_MU_DERIV=0.00 mDebye / A, RMSE_ALPHA_per_atom=    0.15, RMSE_ALPHA_DERIV=    9.54
2025-07-13 14:01:05.608 INFO: Epoch 1831: head: Default, loss=0.0029, RMSE_MU_per_atom=0.00 mDebye, RMSE_MU_DERIV=0.00 mDebye / A, RMSE_ALPHA_per_atom=    0.15, RMSE_ALPHA_DERIV=    9.54
2025-07-13 14:01:35.350 INFO: Epoch 1832: head: Default, loss=0.0029, RMSE_MU_per_atom=0.00 mDebye, RMSE_MU_DERIV=0.00 mDebye / A, RMSE_ALPHA_per_atom=    0.15, RMSE_ALPHA_DERIV=    9.54
2025-07-13 14:02:05.089 INFO: Epoch 1833: head: Default, loss=0.0029, RMSE_MU_per_atom=0.00 mDebye, RMSE_MU_DERIV=0.00 mDebye / A, RMSE_ALPHA_per_atom=    0.15, RMSE_ALPHA_DERIV=    9.54
2025-07-13 14:02:34.820 INFO: Epoch 1834: head: Default, loss=0.0029, RMSE_MU_per_atom=0.00 mDebye, RMSE_MU_DERIV=0.00 mDebye / A, RMSE_ALPHA_per_atom=    0.15, RMSE_ALPHA_DERIV=    9.54
2025-07-13 14:03:04.575 INFO: Epoch 1835: head: Default, loss=0.0029, RMSE_MU_per_atom=0.00 mDebye, RMSE_MU_DERIV=0.00 mDebye / A, RMSE_ALPHA_per_atom=    0.15, RMSE_ALPHA_DERIV=    9.54
2025-07-13 14:03:34.320 INFO: Epoch 1836: head: Default, loss=0.0029, RMSE_MU_per_atom=0.00 mDebye, RMSE_MU_DERIV=0.00 mDebye / A, RMSE_ALPHA_per_atom=    0.15, RMSE_ALPHA_DERIV=    9.54
2025-07-13 14:04:04.070 INFO: Epoch 1837: head: Default, loss=0.0029, RMSE_MU_per_atom=0.00 mDebye, RMSE_MU_DERIV=0.00 mDebye / A, RMSE_ALPHA_per_atom=    0.15, RMSE_ALPHA_DERIV=    9.54
2025-07-13 14:04:33.821 INFO: Epoch 1838: head: Default, loss=0.0029, RMSE_MU_per_atom=0.00 mDebye, RMSE_MU_DERIV=0.00 mDebye / A, RMSE_ALPHA_per_atom=    0.15, RMSE_ALPHA_DERIV=    9.54
2025-07-13 14:05:03.566 INFO: Epoch 1839: head: Default, loss=0.0029, RMSE_MU_per_atom=0.00 mDebye, RMSE_MU_DERIV=0.00 mDebye / A, RMSE_ALPHA_per_atom=    0.15, RMSE_ALPHA_DERIV=    9.54
2025-07-13 14:05:33.306 INFO: Epoch 1840: head: Default, loss=0.0029, RMSE_MU_per_atom=0.00 mDebye, RMSE_MU_DERIV=0.00 mDebye / A, RMSE_ALPHA_per_atom=    0.15, RMSE_ALPHA_DERIV=    9.54
2025-07-13 14:06:03.045 INFO: Epoch 1841: head: Default, loss=0.0029, RMSE_MU_per_atom=0.00 mDebye, RMSE_MU_DERIV=0.00 mDebye / A, RMSE_ALPHA_per_atom=    0.15, RMSE_ALPHA_DERIV=    9.54
2025-07-13 14:06:32.786 INFO: Epoch 1842: head: Default, loss=0.0029, RMSE_MU_per_atom=0.00 mDebye, RMSE_MU_DERIV=0.00 mDebye / A, RMSE_ALPHA_per_atom=    0.15, RMSE_ALPHA_DERIV=    9.54
2025-07-13 14:07:02.529 INFO: Epoch 1843: head: Default, loss=0.0029, RMSE_MU_per_atom=0.00 mDebye, RMSE_MU_DERIV=0.00 mDebye / A, RMSE_ALPHA_per_atom=    0.15, RMSE_ALPHA_DERIV=    9.54
2025-07-13 14:07:32.271 INFO: Epoch 1844: head: Default, loss=0.0029, RMSE_MU_per_atom=0.00 mDebye, RMSE_MU_DERIV=0.00 mDebye / A, RMSE_ALPHA_per_atom=    0.15, RMSE_ALPHA_DERIV=    9.54
2025-07-13 14:08:02.016 INFO: Epoch 1845: head: Default, loss=0.0029, RMSE_MU_per_atom=0.00 mDebye, RMSE_MU_DERIV=0.00 mDebye / A, RMSE_ALPHA_per_atom=    0.15, RMSE_ALPHA_DERIV=    9.54
2025-07-13 14:08:31.758 INFO: Epoch 1846: head: Default, loss=0.0029, RMSE_MU_per_atom=0.00 mDebye, RMSE_MU_DERIV=0.00 mDebye / A, RMSE_ALPHA_per_atom=    0.15, RMSE_ALPHA_DERIV=    9.54
2025-07-13 14:09:01.502 INFO: Epoch 1847: head: Default, loss=0.0029, RMSE_MU_per_atom=0.00 mDebye, RMSE_MU_DERIV=0.00 mDebye / A, RMSE_ALPHA_per_atom=    0.15, RMSE_ALPHA_DERIV=    9.54
2025-07-13 14:09:31.242 INFO: Epoch 1848: head: Default, loss=0.0029, RMSE_MU_per_atom=0.00 mDebye, RMSE_MU_DERIV=0.00 mDebye / A, RMSE_ALPHA_per_atom=    0.15, RMSE_ALPHA_DERIV=    9.54
2025-07-13 14:10:00.989 INFO: Epoch 1849: head: Default, loss=0.0029, RMSE_MU_per_atom=0.00 mDebye, RMSE_MU_DERIV=0.00 mDebye / A, RMSE_ALPHA_per_atom=    0.15, RMSE_ALPHA_DERIV=    9.54
2025-07-13 14:10:30.732 INFO: Epoch 1850: head: Default, loss=0.0029, RMSE_MU_per_atom=0.00 mDebye, RMSE_MU_DERIV=0.00 mDebye / A, RMSE_ALPHA_per_atom=    0.15, RMSE_ALPHA_DERIV=    9.54
2025-07-13 14:11:00.481 INFO: Epoch 1851: head: Default, loss=0.0029, RMSE_MU_per_atom=0.00 mDebye, RMSE_MU_DERIV=0.00 mDebye / A, RMSE_ALPHA_per_atom=    0.15, RMSE_ALPHA_DERIV=    9.54
2025-07-13 14:11:30.227 INFO: Epoch 1852: head: Default, loss=0.0029, RMSE_MU_per_atom=0.00 mDebye, RMSE_MU_DERIV=0.00 mDebye / A, RMSE_ALPHA_per_atom=    0.15, RMSE_ALPHA_DERIV=    9.54
2025-07-13 14:11:59.968 INFO: Epoch 1853: head: Default, loss=0.0029, RMSE_MU_per_atom=0.00 mDebye, RMSE_MU_DERIV=0.00 mDebye / A, RMSE_ALPHA_per_atom=    0.15, RMSE_ALPHA_DERIV=    9.54
2025-07-13 14:12:29.703 INFO: Epoch 1854: head: Default, loss=0.0029, RMSE_MU_per_atom=0.00 mDebye, RMSE_MU_DERIV=0.00 mDebye / A, RMSE_ALPHA_per_atom=    0.15, RMSE_ALPHA_DERIV=    9.54
2025-07-13 14:12:59.450 INFO: Epoch 1855: head: Default, loss=0.0029, RMSE_MU_per_atom=0.00 mDebye, RMSE_MU_DERIV=0.00 mDebye / A, RMSE_ALPHA_per_atom=    0.15, RMSE_ALPHA_DERIV=    9.54
2025-07-13 14:13:29.211 INFO: Epoch 1856: head: Default, loss=0.0029, RMSE_MU_per_atom=0.00 mDebye, RMSE_MU_DERIV=0.00 mDebye / A, RMSE_ALPHA_per_atom=    0.15, RMSE_ALPHA_DERIV=    9.54
2025-07-13 14:13:58.949 INFO: Epoch 1857: head: Default, loss=0.0029, RMSE_MU_per_atom=0.00 mDebye, RMSE_MU_DERIV=0.00 mDebye / A, RMSE_ALPHA_per_atom=    0.15, RMSE_ALPHA_DERIV=    9.54
2025-07-13 14:14:28.689 INFO: Epoch 1858: head: Default, loss=0.0029, RMSE_MU_per_atom=0.00 mDebye, RMSE_MU_DERIV=0.00 mDebye / A, RMSE_ALPHA_per_atom=    0.15, RMSE_ALPHA_DERIV=    9.54
2025-07-13 14:14:58.436 INFO: Epoch 1859: head: Default, loss=0.0029, RMSE_MU_per_atom=0.00 mDebye, RMSE_MU_DERIV=0.00 mDebye / A, RMSE_ALPHA_per_atom=    0.15, RMSE_ALPHA_DERIV=    9.54
2025-07-13 14:15:28.178 INFO: Epoch 1860: head: Default, loss=0.0029, RMSE_MU_per_atom=0.00 mDebye, RMSE_MU_DERIV=0.00 mDebye / A, RMSE_ALPHA_per_atom=    0.15, RMSE_ALPHA_DERIV=    9.54
2025-07-13 14:15:57.911 INFO: Epoch 1861: head: Default, loss=0.0029, RMSE_MU_per_atom=0.00 mDebye, RMSE_MU_DERIV=0.00 mDebye / A, RMSE_ALPHA_per_atom=    0.15, RMSE_ALPHA_DERIV=    9.54
2025-07-13 14:16:27.652 INFO: Epoch 1862: head: Default, loss=0.0029, RMSE_MU_per_atom=0.00 mDebye, RMSE_MU_DERIV=0.00 mDebye / A, RMSE_ALPHA_per_atom=    0.15, RMSE_ALPHA_DERIV=    9.54
2025-07-13 14:16:57.391 INFO: Epoch 1863: head: Default, loss=0.0029, RMSE_MU_per_atom=0.00 mDebye, RMSE_MU_DERIV=0.00 mDebye / A, RMSE_ALPHA_per_atom=    0.15, RMSE_ALPHA_DERIV=    9.54
2025-07-13 14:17:27.147 INFO: Epoch 1864: head: Default, loss=0.0029, RMSE_MU_per_atom=0.00 mDebye, RMSE_MU_DERIV=0.00 mDebye / A, RMSE_ALPHA_per_atom=    0.15, RMSE_ALPHA_DERIV=    9.54
2025-07-13 14:17:56.897 INFO: Epoch 1865: head: Default, loss=0.0029, RMSE_MU_per_atom=0.00 mDebye, RMSE_MU_DERIV=0.00 mDebye / A, RMSE_ALPHA_per_atom=    0.15, RMSE_ALPHA_DERIV=    9.54
2025-07-13 14:18:26.645 INFO: Epoch 1866: head: Default, loss=0.0029, RMSE_MU_per_atom=0.00 mDebye, RMSE_MU_DERIV=0.00 mDebye / A, RMSE_ALPHA_per_atom=    0.15, RMSE_ALPHA_DERIV=    9.54
2025-07-13 14:18:56.382 INFO: Epoch 1867: head: Default, loss=0.0029, RMSE_MU_per_atom=0.00 mDebye, RMSE_MU_DERIV=0.00 mDebye / A, RMSE_ALPHA_per_atom=    0.15, RMSE_ALPHA_DERIV=    9.54
2025-07-13 14:19:26.114 INFO: Epoch 1868: head: Default, loss=0.0029, RMSE_MU_per_atom=0.00 mDebye, RMSE_MU_DERIV=0.00 mDebye / A, RMSE_ALPHA_per_atom=    0.15, RMSE_ALPHA_DERIV=    9.54
2025-07-13 14:19:55.870 INFO: Epoch 1869: head: Default, loss=0.0029, RMSE_MU_per_atom=0.00 mDebye, RMSE_MU_DERIV=0.00 mDebye / A, RMSE_ALPHA_per_atom=    0.15, RMSE_ALPHA_DERIV=    9.54
2025-07-13 14:20:25.631 INFO: Epoch 1870: head: Default, loss=0.0029, RMSE_MU_per_atom=0.00 mDebye, RMSE_MU_DERIV=0.00 mDebye / A, RMSE_ALPHA_per_atom=    0.15, RMSE_ALPHA_DERIV=    9.54
2025-07-13 14:20:55.368 INFO: Epoch 1871: head: Default, loss=0.0029, RMSE_MU_per_atom=0.00 mDebye, RMSE_MU_DERIV=0.00 mDebye / A, RMSE_ALPHA_per_atom=    0.15, RMSE_ALPHA_DERIV=    9.54
2025-07-13 14:21:25.124 INFO: Epoch 1872: head: Default, loss=0.0029, RMSE_MU_per_atom=0.00 mDebye, RMSE_MU_DERIV=0.00 mDebye / A, RMSE_ALPHA_per_atom=    0.15, RMSE_ALPHA_DERIV=    9.54
2025-07-13 14:21:54.868 INFO: Epoch 1873: head: Default, loss=0.0029, RMSE_MU_per_atom=0.00 mDebye, RMSE_MU_DERIV=0.00 mDebye / A, RMSE_ALPHA_per_atom=    0.15, RMSE_ALPHA_DERIV=    9.54
2025-07-13 14:22:24.612 INFO: Epoch 1874: head: Default, loss=0.0029, RMSE_MU_per_atom=0.00 mDebye, RMSE_MU_DERIV=0.00 mDebye / A, RMSE_ALPHA_per_atom=    0.15, RMSE_ALPHA_DERIV=    9.54
2025-07-13 14:22:54.354 INFO: Epoch 1875: head: Default, loss=0.0029, RMSE_MU_per_atom=0.00 mDebye, RMSE_MU_DERIV=0.00 mDebye / A, RMSE_ALPHA_per_atom=    0.15, RMSE_ALPHA_DERIV=    9.54
2025-07-13 14:23:24.106 INFO: Epoch 1876: head: Default, loss=0.0029, RMSE_MU_per_atom=0.00 mDebye, RMSE_MU_DERIV=0.00 mDebye / A, RMSE_ALPHA_per_atom=    0.15, RMSE_ALPHA_DERIV=    9.54
2025-07-13 14:23:53.847 INFO: Epoch 1877: head: Default, loss=0.0029, RMSE_MU_per_atom=0.00 mDebye, RMSE_MU_DERIV=0.00 mDebye / A, RMSE_ALPHA_per_atom=    0.15, RMSE_ALPHA_DERIV=    9.54
2025-07-13 14:24:23.598 INFO: Epoch 1878: head: Default, loss=0.0029, RMSE_MU_per_atom=0.00 mDebye, RMSE_MU_DERIV=0.00 mDebye / A, RMSE_ALPHA_per_atom=    0.15, RMSE_ALPHA_DERIV=    9.54
2025-07-13 14:24:53.358 INFO: Epoch 1879: head: Default, loss=0.0029, RMSE_MU_per_atom=0.00 mDebye, RMSE_MU_DERIV=0.00 mDebye / A, RMSE_ALPHA_per_atom=    0.15, RMSE_ALPHA_DERIV=    9.54
2025-07-13 14:25:23.117 INFO: Epoch 1880: head: Default, loss=0.0029, RMSE_MU_per_atom=0.00 mDebye, RMSE_MU_DERIV=0.00 mDebye / A, RMSE_ALPHA_per_atom=    0.15, RMSE_ALPHA_DERIV=    9.54
2025-07-13 14:25:52.866 INFO: Epoch 1881: head: Default, loss=0.0029, RMSE_MU_per_atom=0.00 mDebye, RMSE_MU_DERIV=0.00 mDebye / A, RMSE_ALPHA_per_atom=    0.15, RMSE_ALPHA_DERIV=    9.54
2025-07-13 14:26:22.623 INFO: Epoch 1882: head: Default, loss=0.0029, RMSE_MU_per_atom=0.00 mDebye, RMSE_MU_DERIV=0.00 mDebye / A, RMSE_ALPHA_per_atom=    0.15, RMSE_ALPHA_DERIV=    9.54
2025-07-13 14:26:52.378 INFO: Epoch 1883: head: Default, loss=0.0029, RMSE_MU_per_atom=0.00 mDebye, RMSE_MU_DERIV=0.00 mDebye / A, RMSE_ALPHA_per_atom=    0.15, RMSE_ALPHA_DERIV=    9.54
2025-07-13 14:27:22.128 INFO: Epoch 1884: head: Default, loss=0.0029, RMSE_MU_per_atom=0.00 mDebye, RMSE_MU_DERIV=0.00 mDebye / A, RMSE_ALPHA_per_atom=    0.15, RMSE_ALPHA_DERIV=    9.54
2025-07-13 14:27:51.874 INFO: Epoch 1885: head: Default, loss=0.0029, RMSE_MU_per_atom=0.00 mDebye, RMSE_MU_DERIV=0.00 mDebye / A, RMSE_ALPHA_per_atom=    0.15, RMSE_ALPHA_DERIV=    9.54
2025-07-13 14:28:21.631 INFO: Epoch 1886: head: Default, loss=0.0029, RMSE_MU_per_atom=0.00 mDebye, RMSE_MU_DERIV=0.00 mDebye / A, RMSE_ALPHA_per_atom=    0.15, RMSE_ALPHA_DERIV=    9.54
2025-07-13 14:28:51.384 INFO: Epoch 1887: head: Default, loss=0.0029, RMSE_MU_per_atom=0.00 mDebye, RMSE_MU_DERIV=0.00 mDebye / A, RMSE_ALPHA_per_atom=    0.15, RMSE_ALPHA_DERIV=    9.54
2025-07-13 14:29:21.127 INFO: Epoch 1888: head: Default, loss=0.0029, RMSE_MU_per_atom=0.00 mDebye, RMSE_MU_DERIV=0.00 mDebye / A, RMSE_ALPHA_per_atom=    0.15, RMSE_ALPHA_DERIV=    9.54
2025-07-13 14:29:50.883 INFO: Epoch 1889: head: Default, loss=0.0029, RMSE_MU_per_atom=0.00 mDebye, RMSE_MU_DERIV=0.00 mDebye / A, RMSE_ALPHA_per_atom=    0.15, RMSE_ALPHA_DERIV=    9.54
2025-07-13 14:30:20.630 INFO: Epoch 1890: head: Default, loss=0.0029, RMSE_MU_per_atom=0.00 mDebye, RMSE_MU_DERIV=0.00 mDebye / A, RMSE_ALPHA_per_atom=    0.15, RMSE_ALPHA_DERIV=    9.54
2025-07-13 14:30:50.372 INFO: Epoch 1891: head: Default, loss=0.0029, RMSE_MU_per_atom=0.00 mDebye, RMSE_MU_DERIV=0.00 mDebye / A, RMSE_ALPHA_per_atom=    0.15, RMSE_ALPHA_DERIV=    9.54
2025-07-13 14:31:20.110 INFO: Epoch 1892: head: Default, loss=0.0029, RMSE_MU_per_atom=0.00 mDebye, RMSE_MU_DERIV=0.00 mDebye / A, RMSE_ALPHA_per_atom=    0.15, RMSE_ALPHA_DERIV=    9.54
2025-07-13 14:31:49.862 INFO: Epoch 1893: head: Default, loss=0.0029, RMSE_MU_per_atom=0.00 mDebye, RMSE_MU_DERIV=0.00 mDebye / A, RMSE_ALPHA_per_atom=    0.15, RMSE_ALPHA_DERIV=    9.54
2025-07-13 14:32:19.604 INFO: Epoch 1894: head: Default, loss=0.0029, RMSE_MU_per_atom=0.00 mDebye, RMSE_MU_DERIV=0.00 mDebye / A, RMSE_ALPHA_per_atom=    0.15, RMSE_ALPHA_DERIV=    9.54
2025-07-13 14:32:49.345 INFO: Epoch 1895: head: Default, loss=0.0029, RMSE_MU_per_atom=0.00 mDebye, RMSE_MU_DERIV=0.00 mDebye / A, RMSE_ALPHA_per_atom=    0.15, RMSE_ALPHA_DERIV=    9.54
2025-07-13 14:33:19.093 INFO: Epoch 1896: head: Default, loss=0.0029, RMSE_MU_per_atom=0.00 mDebye, RMSE_MU_DERIV=0.00 mDebye / A, RMSE_ALPHA_per_atom=    0.15, RMSE_ALPHA_DERIV=    9.54
2025-07-13 14:33:48.840 INFO: Epoch 1897: head: Default, loss=0.0029, RMSE_MU_per_atom=0.00 mDebye, RMSE_MU_DERIV=0.00 mDebye / A, RMSE_ALPHA_per_atom=    0.15, RMSE_ALPHA_DERIV=    9.54
2025-07-13 14:34:18.591 INFO: Epoch 1898: head: Default, loss=0.0029, RMSE_MU_per_atom=0.00 mDebye, RMSE_MU_DERIV=0.00 mDebye / A, RMSE_ALPHA_per_atom=    0.15, RMSE_ALPHA_DERIV=    9.54
2025-07-13 14:34:48.352 INFO: Epoch 1899: head: Default, loss=0.0029, RMSE_MU_per_atom=0.00 mDebye, RMSE_MU_DERIV=0.00 mDebye / A, RMSE_ALPHA_per_atom=    0.15, RMSE_ALPHA_DERIV=    9.54
2025-07-13 14:35:18.092 INFO: Epoch 1900: head: Default, loss=0.0029, RMSE_MU_per_atom=0.00 mDebye, RMSE_MU_DERIV=0.00 mDebye / A, RMSE_ALPHA_per_atom=    0.15, RMSE_ALPHA_DERIV=    9.54
2025-07-13 14:35:47.853 INFO: Epoch 1901: head: Default, loss=0.0029, RMSE_MU_per_atom=0.00 mDebye, RMSE_MU_DERIV=0.00 mDebye / A, RMSE_ALPHA_per_atom=    0.15, RMSE_ALPHA_DERIV=    9.54
2025-07-13 14:36:17.595 INFO: Epoch 1902: head: Default, loss=0.0029, RMSE_MU_per_atom=0.00 mDebye, RMSE_MU_DERIV=0.00 mDebye / A, RMSE_ALPHA_per_atom=    0.15, RMSE_ALPHA_DERIV=    9.54
2025-07-13 14:36:47.334 INFO: Epoch 1903: head: Default, loss=0.0029, RMSE_MU_per_atom=0.00 mDebye, RMSE_MU_DERIV=0.00 mDebye / A, RMSE_ALPHA_per_atom=    0.15, RMSE_ALPHA_DERIV=    9.54
2025-07-13 14:37:17.071 INFO: Epoch 1904: head: Default, loss=0.0029, RMSE_MU_per_atom=0.00 mDebye, RMSE_MU_DERIV=0.00 mDebye / A, RMSE_ALPHA_per_atom=    0.15, RMSE_ALPHA_DERIV=    9.54
2025-07-13 14:37:46.822 INFO: Epoch 1905: head: Default, loss=0.0029, RMSE_MU_per_atom=0.00 mDebye, RMSE_MU_DERIV=0.00 mDebye / A, RMSE_ALPHA_per_atom=    0.15, RMSE_ALPHA_DERIV=    9.54
2025-07-13 14:38:16.554 INFO: Epoch 1906: head: Default, loss=0.0029, RMSE_MU_per_atom=0.00 mDebye, RMSE_MU_DERIV=0.00 mDebye / A, RMSE_ALPHA_per_atom=    0.15, RMSE_ALPHA_DERIV=    9.54
2025-07-13 14:38:46.300 INFO: Epoch 1907: head: Default, loss=0.0029, RMSE_MU_per_atom=0.00 mDebye, RMSE_MU_DERIV=0.00 mDebye / A, RMSE_ALPHA_per_atom=    0.15, RMSE_ALPHA_DERIV=    9.54
2025-07-13 14:39:16.036 INFO: Epoch 1908: head: Default, loss=0.0029, RMSE_MU_per_atom=0.00 mDebye, RMSE_MU_DERIV=0.00 mDebye / A, RMSE_ALPHA_per_atom=    0.15, RMSE_ALPHA_DERIV=    9.54
2025-07-13 14:39:45.791 INFO: Epoch 1909: head: Default, loss=0.0029, RMSE_MU_per_atom=0.00 mDebye, RMSE_MU_DERIV=0.00 mDebye / A, RMSE_ALPHA_per_atom=    0.15, RMSE_ALPHA_DERIV=    9.54
2025-07-13 14:40:15.543 INFO: Epoch 1910: head: Default, loss=0.0029, RMSE_MU_per_atom=0.00 mDebye, RMSE_MU_DERIV=0.00 mDebye / A, RMSE_ALPHA_per_atom=    0.15, RMSE_ALPHA_DERIV=    9.54
2025-07-13 14:40:45.300 INFO: Epoch 1911: head: Default, loss=0.0029, RMSE_MU_per_atom=0.00 mDebye, RMSE_MU_DERIV=0.00 mDebye / A, RMSE_ALPHA_per_atom=    0.15, RMSE_ALPHA_DERIV=    9.54
2025-07-13 14:41:15.043 INFO: Epoch 1912: head: Default, loss=0.0029, RMSE_MU_per_atom=0.00 mDebye, RMSE_MU_DERIV=0.00 mDebye / A, RMSE_ALPHA_per_atom=    0.15, RMSE_ALPHA_DERIV=    9.54
2025-07-13 14:41:44.793 INFO: Epoch 1913: head: Default, loss=0.0029, RMSE_MU_per_atom=0.00 mDebye, RMSE_MU_DERIV=0.00 mDebye / A, RMSE_ALPHA_per_atom=    0.15, RMSE_ALPHA_DERIV=    9.54
2025-07-13 14:42:14.539 INFO: Epoch 1914: head: Default, loss=0.0029, RMSE_MU_per_atom=0.00 mDebye, RMSE_MU_DERIV=0.00 mDebye / A, RMSE_ALPHA_per_atom=    0.15, RMSE_ALPHA_DERIV=    9.54
2025-07-13 14:42:44.289 INFO: Epoch 1915: head: Default, loss=0.0029, RMSE_MU_per_atom=0.00 mDebye, RMSE_MU_DERIV=0.00 mDebye / A, RMSE_ALPHA_per_atom=    0.15, RMSE_ALPHA_DERIV=    9.54
2025-07-13 14:43:14.028 INFO: Epoch 1916: head: Default, loss=0.0029, RMSE_MU_per_atom=0.00 mDebye, RMSE_MU_DERIV=0.00 mDebye / A, RMSE_ALPHA_per_atom=    0.15, RMSE_ALPHA_DERIV=    9.54
2025-07-13 14:43:43.780 INFO: Epoch 1917: head: Default, loss=0.0029, RMSE_MU_per_atom=0.00 mDebye, RMSE_MU_DERIV=0.00 mDebye / A, RMSE_ALPHA_per_atom=    0.15, RMSE_ALPHA_DERIV=    9.54
2025-07-13 14:44:13.524 INFO: Epoch 1918: head: Default, loss=0.0029, RMSE_MU_per_atom=0.00 mDebye, RMSE_MU_DERIV=0.00 mDebye / A, RMSE_ALPHA_per_atom=    0.15, RMSE_ALPHA_DERIV=    9.54
2025-07-13 14:44:43.256 INFO: Epoch 1919: head: Default, loss=0.0029, RMSE_MU_per_atom=0.00 mDebye, RMSE_MU_DERIV=0.00 mDebye / A, RMSE_ALPHA_per_atom=    0.15, RMSE_ALPHA_DERIV=    9.54
2025-07-13 14:45:13.000 INFO: Epoch 1920: head: Default, loss=0.0029, RMSE_MU_per_atom=0.00 mDebye, RMSE_MU_DERIV=0.00 mDebye / A, RMSE_ALPHA_per_atom=    0.15, RMSE_ALPHA_DERIV=    9.54
2025-07-13 14:45:42.750 INFO: Epoch 1921: head: Default, loss=0.0029, RMSE_MU_per_atom=0.00 mDebye, RMSE_MU_DERIV=0.00 mDebye / A, RMSE_ALPHA_per_atom=    0.15, RMSE_ALPHA_DERIV=    9.54
2025-07-13 14:46:12.496 INFO: Epoch 1922: head: Default, loss=0.0029, RMSE_MU_per_atom=0.00 mDebye, RMSE_MU_DERIV=0.00 mDebye / A, RMSE_ALPHA_per_atom=    0.15, RMSE_ALPHA_DERIV=    9.54
2025-07-13 14:46:42.234 INFO: Epoch 1923: head: Default, loss=0.0029, RMSE_MU_per_atom=0.00 mDebye, RMSE_MU_DERIV=0.00 mDebye / A, RMSE_ALPHA_per_atom=    0.15, RMSE_ALPHA_DERIV=    9.54
2025-07-13 14:47:11.987 INFO: Epoch 1924: head: Default, loss=0.0029, RMSE_MU_per_atom=0.00 mDebye, RMSE_MU_DERIV=0.00 mDebye / A, RMSE_ALPHA_per_atom=    0.15, RMSE_ALPHA_DERIV=    9.54
2025-07-13 14:47:41.727 INFO: Epoch 1925: head: Default, loss=0.0029, RMSE_MU_per_atom=0.00 mDebye, RMSE_MU_DERIV=0.00 mDebye / A, RMSE_ALPHA_per_atom=    0.15, RMSE_ALPHA_DERIV=    9.54
2025-07-13 14:48:11.475 INFO: Epoch 1926: head: Default, loss=0.0029, RMSE_MU_per_atom=0.00 mDebye, RMSE_MU_DERIV=0.00 mDebye / A, RMSE_ALPHA_per_atom=    0.15, RMSE_ALPHA_DERIV=    9.54
2025-07-13 14:48:41.217 INFO: Epoch 1927: head: Default, loss=0.0029, RMSE_MU_per_atom=0.00 mDebye, RMSE_MU_DERIV=0.00 mDebye / A, RMSE_ALPHA_per_atom=    0.15, RMSE_ALPHA_DERIV=    9.54
2025-07-13 14:49:10.974 INFO: Epoch 1928: head: Default, loss=0.0029, RMSE_MU_per_atom=0.00 mDebye, RMSE_MU_DERIV=0.00 mDebye / A, RMSE_ALPHA_per_atom=    0.15, RMSE_ALPHA_DERIV=    9.54
2025-07-13 14:49:40.713 INFO: Epoch 1929: head: Default, loss=0.0029, RMSE_MU_per_atom=0.00 mDebye, RMSE_MU_DERIV=0.00 mDebye / A, RMSE_ALPHA_per_atom=    0.15, RMSE_ALPHA_DERIV=    9.54
2025-07-13 14:50:10.473 INFO: Epoch 1930: head: Default, loss=0.0029, RMSE_MU_per_atom=0.00 mDebye, RMSE_MU_DERIV=0.00 mDebye / A, RMSE_ALPHA_per_atom=    0.15, RMSE_ALPHA_DERIV=    9.54
2025-07-13 14:50:40.209 INFO: Epoch 1931: head: Default, loss=0.0029, RMSE_MU_per_atom=0.00 mDebye, RMSE_MU_DERIV=0.00 mDebye / A, RMSE_ALPHA_per_atom=    0.15, RMSE_ALPHA_DERIV=    9.54
2025-07-13 14:51:09.952 INFO: Epoch 1932: head: Default, loss=0.0029, RMSE_MU_per_atom=0.00 mDebye, RMSE_MU_DERIV=0.00 mDebye / A, RMSE_ALPHA_per_atom=    0.15, RMSE_ALPHA_DERIV=    9.54
2025-07-13 14:51:39.701 INFO: Epoch 1933: head: Default, loss=0.0029, RMSE_MU_per_atom=0.00 mDebye, RMSE_MU_DERIV=0.00 mDebye / A, RMSE_ALPHA_per_atom=    0.15, RMSE_ALPHA_DERIV=    9.54
2025-07-13 14:52:09.450 INFO: Epoch 1934: head: Default, loss=0.0029, RMSE_MU_per_atom=0.00 mDebye, RMSE_MU_DERIV=0.00 mDebye / A, RMSE_ALPHA_per_atom=    0.15, RMSE_ALPHA_DERIV=    9.54
2025-07-13 14:52:39.196 INFO: Epoch 1935: head: Default, loss=0.0029, RMSE_MU_per_atom=0.00 mDebye, RMSE_MU_DERIV=0.00 mDebye / A, RMSE_ALPHA_per_atom=    0.15, RMSE_ALPHA_DERIV=    9.54
2025-07-13 14:53:08.934 INFO: Epoch 1936: head: Default, loss=0.0029, RMSE_MU_per_atom=0.00 mDebye, RMSE_MU_DERIV=0.00 mDebye / A, RMSE_ALPHA_per_atom=    0.15, RMSE_ALPHA_DERIV=    9.54
2025-07-13 14:53:38.681 INFO: Epoch 1937: head: Default, loss=0.0029, RMSE_MU_per_atom=0.00 mDebye, RMSE_MU_DERIV=0.00 mDebye / A, RMSE_ALPHA_per_atom=    0.15, RMSE_ALPHA_DERIV=    9.54
2025-07-13 14:54:08.426 INFO: Epoch 1938: head: Default, loss=0.0029, RMSE_MU_per_atom=0.00 mDebye, RMSE_MU_DERIV=0.00 mDebye / A, RMSE_ALPHA_per_atom=    0.15, RMSE_ALPHA_DERIV=    9.54
2025-07-13 14:54:38.171 INFO: Epoch 1939: head: Default, loss=0.0029, RMSE_MU_per_atom=0.00 mDebye, RMSE_MU_DERIV=0.00 mDebye / A, RMSE_ALPHA_per_atom=    0.15, RMSE_ALPHA_DERIV=    9.54
2025-07-13 14:55:07.922 INFO: Epoch 1940: head: Default, loss=0.0029, RMSE_MU_per_atom=0.00 mDebye, RMSE_MU_DERIV=0.00 mDebye / A, RMSE_ALPHA_per_atom=    0.15, RMSE_ALPHA_DERIV=    9.54
2025-07-13 14:55:37.669 INFO: Epoch 1941: head: Default, loss=0.0029, RMSE_MU_per_atom=0.00 mDebye, RMSE_MU_DERIV=0.00 mDebye / A, RMSE_ALPHA_per_atom=    0.15, RMSE_ALPHA_DERIV=    9.54
2025-07-13 14:56:07.421 INFO: Epoch 1942: head: Default, loss=0.0029, RMSE_MU_per_atom=0.00 mDebye, RMSE_MU_DERIV=0.00 mDebye / A, RMSE_ALPHA_per_atom=    0.15, RMSE_ALPHA_DERIV=    9.54
2025-07-13 14:56:37.177 INFO: Epoch 1943: head: Default, loss=0.0029, RMSE_MU_per_atom=0.00 mDebye, RMSE_MU_DERIV=0.00 mDebye / A, RMSE_ALPHA_per_atom=    0.15, RMSE_ALPHA_DERIV=    9.54
2025-07-13 14:57:06.916 INFO: Epoch 1944: head: Default, loss=0.0029, RMSE_MU_per_atom=0.00 mDebye, RMSE_MU_DERIV=0.00 mDebye / A, RMSE_ALPHA_per_atom=    0.15, RMSE_ALPHA_DERIV=    9.54
2025-07-13 14:57:36.665 INFO: Epoch 1945: head: Default, loss=0.0029, RMSE_MU_per_atom=0.00 mDebye, RMSE_MU_DERIV=0.00 mDebye / A, RMSE_ALPHA_per_atom=    0.15, RMSE_ALPHA_DERIV=    9.54
2025-07-13 14:58:06.423 INFO: Epoch 1946: head: Default, loss=0.0029, RMSE_MU_per_atom=0.00 mDebye, RMSE_MU_DERIV=0.00 mDebye / A, RMSE_ALPHA_per_atom=    0.15, RMSE_ALPHA_DERIV=    9.54
2025-07-13 14:58:36.171 INFO: Epoch 1947: head: Default, loss=0.0029, RMSE_MU_per_atom=0.00 mDebye, RMSE_MU_DERIV=0.00 mDebye / A, RMSE_ALPHA_per_atom=    0.15, RMSE_ALPHA_DERIV=    9.54
2025-07-13 14:59:05.936 INFO: Epoch 1948: head: Default, loss=0.0029, RMSE_MU_per_atom=0.00 mDebye, RMSE_MU_DERIV=0.00 mDebye / A, RMSE_ALPHA_per_atom=    0.15, RMSE_ALPHA_DERIV=    9.54
2025-07-13 14:59:35.686 INFO: Epoch 1949: head: Default, loss=0.0029, RMSE_MU_per_atom=0.00 mDebye, RMSE_MU_DERIV=0.00 mDebye / A, RMSE_ALPHA_per_atom=    0.15, RMSE_ALPHA_DERIV=    9.54
2025-07-13 15:00:05.437 INFO: Epoch 1950: head: Default, loss=0.0029, RMSE_MU_per_atom=0.00 mDebye, RMSE_MU_DERIV=0.00 mDebye / A, RMSE_ALPHA_per_atom=    0.15, RMSE_ALPHA_DERIV=    9.54
2025-07-13 15:00:35.201 INFO: Epoch 1951: head: Default, loss=0.0029, RMSE_MU_per_atom=0.00 mDebye, RMSE_MU_DERIV=0.00 mDebye / A, RMSE_ALPHA_per_atom=    0.15, RMSE_ALPHA_DERIV=    9.54
2025-07-13 15:01:04.945 INFO: Epoch 1952: head: Default, loss=0.0029, RMSE_MU_per_atom=0.00 mDebye, RMSE_MU_DERIV=0.00 mDebye / A, RMSE_ALPHA_per_atom=    0.15, RMSE_ALPHA_DERIV=    9.54
2025-07-13 15:01:34.688 INFO: Epoch 1953: head: Default, loss=0.0029, RMSE_MU_per_atom=0.00 mDebye, RMSE_MU_DERIV=0.00 mDebye / A, RMSE_ALPHA_per_atom=    0.15, RMSE_ALPHA_DERIV=    9.54
2025-07-13 15:02:04.438 INFO: Epoch 1954: head: Default, loss=0.0029, RMSE_MU_per_atom=0.00 mDebye, RMSE_MU_DERIV=0.00 mDebye / A, RMSE_ALPHA_per_atom=    0.15, RMSE_ALPHA_DERIV=    9.54
2025-07-13 15:02:34.182 INFO: Epoch 1955: head: Default, loss=0.0029, RMSE_MU_per_atom=0.00 mDebye, RMSE_MU_DERIV=0.00 mDebye / A, RMSE_ALPHA_per_atom=    0.15, RMSE_ALPHA_DERIV=    9.54
2025-07-13 15:03:03.937 INFO: Epoch 1956: head: Default, loss=0.0029, RMSE_MU_per_atom=0.00 mDebye, RMSE_MU_DERIV=0.00 mDebye / A, RMSE_ALPHA_per_atom=    0.15, RMSE_ALPHA_DERIV=    9.54
2025-07-13 15:03:33.686 INFO: Epoch 1957: head: Default, loss=0.0029, RMSE_MU_per_atom=0.00 mDebye, RMSE_MU_DERIV=0.00 mDebye / A, RMSE_ALPHA_per_atom=    0.15, RMSE_ALPHA_DERIV=    9.54
2025-07-13 15:04:03.447 INFO: Epoch 1958: head: Default, loss=0.0029, RMSE_MU_per_atom=0.00 mDebye, RMSE_MU_DERIV=0.00 mDebye / A, RMSE_ALPHA_per_atom=    0.15, RMSE_ALPHA_DERIV=    9.54
2025-07-13 15:04:33.193 INFO: Epoch 1959: head: Default, loss=0.0029, RMSE_MU_per_atom=0.00 mDebye, RMSE_MU_DERIV=0.00 mDebye / A, RMSE_ALPHA_per_atom=    0.15, RMSE_ALPHA_DERIV=    9.54
2025-07-13 15:05:02.943 INFO: Epoch 1960: head: Default, loss=0.0029, RMSE_MU_per_atom=0.00 mDebye, RMSE_MU_DERIV=0.00 mDebye / A, RMSE_ALPHA_per_atom=    0.15, RMSE_ALPHA_DERIV=    9.54
2025-07-13 15:05:32.695 INFO: Epoch 1961: head: Default, loss=0.0029, RMSE_MU_per_atom=0.00 mDebye, RMSE_MU_DERIV=0.00 mDebye / A, RMSE_ALPHA_per_atom=    0.15, RMSE_ALPHA_DERIV=    9.54
2025-07-13 15:06:02.446 INFO: Epoch 1962: head: Default, loss=0.0029, RMSE_MU_per_atom=0.00 mDebye, RMSE_MU_DERIV=0.00 mDebye / A, RMSE_ALPHA_per_atom=    0.15, RMSE_ALPHA_DERIV=    9.54
2025-07-13 15:06:32.208 INFO: Epoch 1963: head: Default, loss=0.0029, RMSE_MU_per_atom=0.00 mDebye, RMSE_MU_DERIV=0.00 mDebye / A, RMSE_ALPHA_per_atom=    0.15, RMSE_ALPHA_DERIV=    9.54
2025-07-13 15:07:01.947 INFO: Epoch 1964: head: Default, loss=0.0029, RMSE_MU_per_atom=0.00 mDebye, RMSE_MU_DERIV=0.00 mDebye / A, RMSE_ALPHA_per_atom=    0.15, RMSE_ALPHA_DERIV=    9.54
2025-07-13 15:07:31.694 INFO: Epoch 1965: head: Default, loss=0.0029, RMSE_MU_per_atom=0.00 mDebye, RMSE_MU_DERIV=0.00 mDebye / A, RMSE_ALPHA_per_atom=    0.15, RMSE_ALPHA_DERIV=    9.54
2025-07-13 15:08:01.436 INFO: Epoch 1966: head: Default, loss=0.0029, RMSE_MU_per_atom=0.00 mDebye, RMSE_MU_DERIV=0.00 mDebye / A, RMSE_ALPHA_per_atom=    0.15, RMSE_ALPHA_DERIV=    9.54
2025-07-13 15:08:31.182 INFO: Epoch 1967: head: Default, loss=0.0029, RMSE_MU_per_atom=0.00 mDebye, RMSE_MU_DERIV=0.00 mDebye / A, RMSE_ALPHA_per_atom=    0.15, RMSE_ALPHA_DERIV=    9.54
2025-07-13 15:09:00.920 INFO: Epoch 1968: head: Default, loss=0.0029, RMSE_MU_per_atom=0.00 mDebye, RMSE_MU_DERIV=0.00 mDebye / A, RMSE_ALPHA_per_atom=    0.15, RMSE_ALPHA_DERIV=    9.54
2025-07-13 15:09:30.656 INFO: Epoch 1969: head: Default, loss=0.0029, RMSE_MU_per_atom=0.00 mDebye, RMSE_MU_DERIV=0.00 mDebye / A, RMSE_ALPHA_per_atom=    0.15, RMSE_ALPHA_DERIV=    9.54
2025-07-13 15:10:00.403 INFO: Epoch 1970: head: Default, loss=0.0029, RMSE_MU_per_atom=0.00 mDebye, RMSE_MU_DERIV=0.00 mDebye / A, RMSE_ALPHA_per_atom=    0.15, RMSE_ALPHA_DERIV=    9.54
2025-07-13 15:10:30.153 INFO: Epoch 1971: head: Default, loss=0.0029, RMSE_MU_per_atom=0.00 mDebye, RMSE_MU_DERIV=0.00 mDebye / A, RMSE_ALPHA_per_atom=    0.15, RMSE_ALPHA_DERIV=    9.54
2025-07-13 15:10:59.907 INFO: Epoch 1972: head: Default, loss=0.0029, RMSE_MU_per_atom=0.00 mDebye, RMSE_MU_DERIV=0.00 mDebye / A, RMSE_ALPHA_per_atom=    0.15, RMSE_ALPHA_DERIV=    9.54
2025-07-13 15:11:29.659 INFO: Epoch 1973: head: Default, loss=0.0029, RMSE_MU_per_atom=0.00 mDebye, RMSE_MU_DERIV=0.00 mDebye / A, RMSE_ALPHA_per_atom=    0.15, RMSE_ALPHA_DERIV=    9.54
2025-07-13 15:11:59.405 INFO: Epoch 1974: head: Default, loss=0.0029, RMSE_MU_per_atom=0.00 mDebye, RMSE_MU_DERIV=0.00 mDebye / A, RMSE_ALPHA_per_atom=    0.15, RMSE_ALPHA_DERIV=    9.54
2025-07-13 15:12:29.157 INFO: Epoch 1975: head: Default, loss=0.0029, RMSE_MU_per_atom=0.00 mDebye, RMSE_MU_DERIV=0.00 mDebye / A, RMSE_ALPHA_per_atom=    0.15, RMSE_ALPHA_DERIV=    9.54
2025-07-13 15:12:58.905 INFO: Epoch 1976: head: Default, loss=0.0029, RMSE_MU_per_atom=0.00 mDebye, RMSE_MU_DERIV=0.00 mDebye / A, RMSE_ALPHA_per_atom=    0.15, RMSE_ALPHA_DERIV=    9.54
2025-07-13 15:13:28.647 INFO: Epoch 1977: head: Default, loss=0.0029, RMSE_MU_per_atom=0.00 mDebye, RMSE_MU_DERIV=0.00 mDebye / A, RMSE_ALPHA_per_atom=    0.15, RMSE_ALPHA_DERIV=    9.54
2025-07-13 15:13:58.404 INFO: Epoch 1978: head: Default, loss=0.0029, RMSE_MU_per_atom=0.00 mDebye, RMSE_MU_DERIV=0.00 mDebye / A, RMSE_ALPHA_per_atom=    0.15, RMSE_ALPHA_DERIV=    9.54
2025-07-13 15:14:28.155 INFO: Epoch 1979: head: Default, loss=0.0029, RMSE_MU_per_atom=0.00 mDebye, RMSE_MU_DERIV=0.00 mDebye / A, RMSE_ALPHA_per_atom=    0.15, RMSE_ALPHA_DERIV=    9.54
2025-07-13 15:14:57.900 INFO: Epoch 1980: head: Default, loss=0.0029, RMSE_MU_per_atom=0.00 mDebye, RMSE_MU_DERIV=0.00 mDebye / A, RMSE_ALPHA_per_atom=    0.15, RMSE_ALPHA_DERIV=    9.54
2025-07-13 15:15:27.664 INFO: Epoch 1981: head: Default, loss=0.0029, RMSE_MU_per_atom=0.00 mDebye, RMSE_MU_DERIV=0.00 mDebye / A, RMSE_ALPHA_per_atom=    0.15, RMSE_ALPHA_DERIV=    9.54
2025-07-13 15:15:57.418 INFO: Epoch 1982: head: Default, loss=0.0029, RMSE_MU_per_atom=0.00 mDebye, RMSE_MU_DERIV=0.00 mDebye / A, RMSE_ALPHA_per_atom=    0.15, RMSE_ALPHA_DERIV=    9.54
2025-07-13 15:16:27.168 INFO: Epoch 1983: head: Default, loss=0.0029, RMSE_MU_per_atom=0.00 mDebye, RMSE_MU_DERIV=0.00 mDebye / A, RMSE_ALPHA_per_atom=    0.15, RMSE_ALPHA_DERIV=    9.54
2025-07-13 15:16:56.907 INFO: Epoch 1984: head: Default, loss=0.0029, RMSE_MU_per_atom=0.00 mDebye, RMSE_MU_DERIV=0.00 mDebye / A, RMSE_ALPHA_per_atom=    0.15, RMSE_ALPHA_DERIV=    9.54
2025-07-13 15:17:26.655 INFO: Epoch 1985: head: Default, loss=0.0029, RMSE_MU_per_atom=0.00 mDebye, RMSE_MU_DERIV=0.00 mDebye / A, RMSE_ALPHA_per_atom=    0.15, RMSE_ALPHA_DERIV=    9.54
2025-07-13 15:17:56.405 INFO: Epoch 1986: head: Default, loss=0.0029, RMSE_MU_per_atom=0.00 mDebye, RMSE_MU_DERIV=0.00 mDebye / A, RMSE_ALPHA_per_atom=    0.15, RMSE_ALPHA_DERIV=    9.54
2025-07-13 15:18:26.150 INFO: Epoch 1987: head: Default, loss=0.0029, RMSE_MU_per_atom=0.00 mDebye, RMSE_MU_DERIV=0.00 mDebye / A, RMSE_ALPHA_per_atom=    0.15, RMSE_ALPHA_DERIV=    9.54
2025-07-13 15:18:55.891 INFO: Epoch 1988: head: Default, loss=0.0029, RMSE_MU_per_atom=0.00 mDebye, RMSE_MU_DERIV=0.00 mDebye / A, RMSE_ALPHA_per_atom=    0.15, RMSE_ALPHA_DERIV=    9.54
2025-07-13 15:19:25.652 INFO: Epoch 1989: head: Default, loss=0.0029, RMSE_MU_per_atom=0.00 mDebye, RMSE_MU_DERIV=0.00 mDebye / A, RMSE_ALPHA_per_atom=    0.15, RMSE_ALPHA_DERIV=    9.54
2025-07-13 15:19:55.406 INFO: Epoch 1990: head: Default, loss=0.0029, RMSE_MU_per_atom=0.00 mDebye, RMSE_MU_DERIV=0.00 mDebye / A, RMSE_ALPHA_per_atom=    0.15, RMSE_ALPHA_DERIV=    9.54
2025-07-13 15:20:25.172 INFO: Epoch 1991: head: Default, loss=0.0029, RMSE_MU_per_atom=0.00 mDebye, RMSE_MU_DERIV=0.00 mDebye / A, RMSE_ALPHA_per_atom=    0.15, RMSE_ALPHA_DERIV=    9.54
2025-07-13 15:20:54.914 INFO: Epoch 1992: head: Default, loss=0.0029, RMSE_MU_per_atom=0.00 mDebye, RMSE_MU_DERIV=0.00 mDebye / A, RMSE_ALPHA_per_atom=    0.15, RMSE_ALPHA_DERIV=    9.54
2025-07-13 15:21:24.660 INFO: Epoch 1993: head: Default, loss=0.0029, RMSE_MU_per_atom=0.00 mDebye, RMSE_MU_DERIV=0.00 mDebye / A, RMSE_ALPHA_per_atom=    0.15, RMSE_ALPHA_DERIV=    9.54
2025-07-13 15:21:54.409 INFO: Epoch 1994: head: Default, loss=0.0029, RMSE_MU_per_atom=0.00 mDebye, RMSE_MU_DERIV=0.00 mDebye / A, RMSE_ALPHA_per_atom=    0.15, RMSE_ALPHA_DERIV=    9.54
2025-07-13 15:22:24.155 INFO: Epoch 1995: head: Default, loss=0.0029, RMSE_MU_per_atom=0.00 mDebye, RMSE_MU_DERIV=0.00 mDebye / A, RMSE_ALPHA_per_atom=    0.15, RMSE_ALPHA_DERIV=    9.54
2025-07-13 15:22:53.899 INFO: Epoch 1996: head: Default, loss=0.0029, RMSE_MU_per_atom=0.00 mDebye, RMSE_MU_DERIV=0.00 mDebye / A, RMSE_ALPHA_per_atom=    0.15, RMSE_ALPHA_DERIV=    9.54
2025-07-13 15:23:23.638 INFO: Epoch 1997: head: Default, loss=0.0029, RMSE_MU_per_atom=0.00 mDebye, RMSE_MU_DERIV=0.00 mDebye / A, RMSE_ALPHA_per_atom=    0.15, RMSE_ALPHA_DERIV=    9.54
2025-07-13 15:23:53.374 INFO: Epoch 1998: head: Default, loss=0.0029, RMSE_MU_per_atom=0.00 mDebye, RMSE_MU_DERIV=0.00 mDebye / A, RMSE_ALPHA_per_atom=    0.15, RMSE_ALPHA_DERIV=    9.54
2025-07-13 15:24:23.127 INFO: Epoch 1999: head: Default, loss=0.0029, RMSE_MU_per_atom=0.00 mDebye, RMSE_MU_DERIV=0.00 mDebye / A, RMSE_ALPHA_per_atom=    0.15, RMSE_ALPHA_DERIV=    9.54
2025-07-13 15:24:23.127 INFO: Training complete
2025-07-13 15:24:23.127 INFO: 
2025-07-13 15:24:23.127 INFO: ===========RESULTS===========
2025-07-13 15:24:23.249 INFO: Loading checkpoint: ./checkpoints/MoWSSe_sus_ndata_all_subset_160_run-123_epoch-501.pt
2025-07-13 15:24:23.319 INFO: Loaded Stage one model from epoch 501 for evaluation
2025-07-13 15:24:23.320 INFO: Saving model to checkpoints/MoWSSe_sus_ndata_all_subset_160_run-123.model
2025-07-13 15:24:23.600 INFO: Compiling model, saving metadata to MoWSSe_sus_ndata_all_subset_160_compiled.model
2025-07-13 15:24:24.825 INFO: Computing metrics for training, validation, and test sets
2025-07-13 15:24:24.825 INFO: Skipping evaluation for heads: ['pt_head']
2025-07-13 15:24:24.826 INFO: Evaluating train_Default ...
2025-07-13 15:24:35.975 INFO: Evaluating valid_Default ...
2025-07-13 15:24:36.630 INFO: Error-table on TRAIN and VALID:
+---------------+-------------------------+----------------+---------------+------------+-------------------+------------------+
|  config_type  | RMSE MU / mDebye / atom | rel. MU RMSE % | RMSE MU deriv | RMSE ALPHA | rel. ALPHA RMSE % | RMSE ALPHA deriv |
+---------------+-------------------------+----------------+---------------+------------+-------------------+------------------+
| train_Default |           0.00          |      0.0       |      0.00     |    0.05    |        0.5        |       9.32       |
| valid_Default |           0.00          |      0.0       |      0.00     |    0.11    |        1.0        |       9.30       |
+---------------+-------------------------+----------------+---------------+------------+-------------------+------------------+
2025-07-13 15:24:36.630 INFO: Evaluating Default_Default ...
2025-07-13 15:24:47.976 INFO: Error-table on TEST:
+-----------------+-------------------------+----------------+---------------+------------+-------------------+------------------+
|   config_type   | RMSE MU / mDebye / atom | rel. MU RMSE % | RMSE MU deriv | RMSE ALPHA | rel. ALPHA RMSE % | RMSE ALPHA deriv |
+-----------------+-------------------------+----------------+---------------+------------+-------------------+------------------+
| Default_Default |           0.00          |      0.0       |      0.00     |    0.05    |        0.5        |       9.31       |
+-----------------+-------------------------+----------------+---------------+------------+-------------------+------------------+
2025-07-13 15:25:10.961 INFO: Done
